timestamp,node_id,algorithm,first_convergence_time_ms,elections_started,elections_completed,total_election_time_ms,messages_sent,messages_received,bytes_sent,bytes_received,leader_changes,current_leader,time_in_normal_ms,time_in_election_ms,time_in_waiting_ms,state_transitions,timeouts_detected,heartbeats_sent,heartbeats_received,current_state,am_leader,elections_won,elections_lost,msg_election_sent,msg_answer_sent,msg_coordinator_sent,msg_alive_sent,msg_election_recv,msg_answer_recv,msg_coordinator_recv,msg_alive_recv,duplicates_filtered,invalid_coordinators,coordinator_reannouncements,alive_adoptions
2741,3,bully,2741,1,1,2741,3,11,18,66,1,1,0,2741,0,2,0,0,0,NORMAL,0,3,2,2,4,3,0,11,0,0,0,0,0,0,0
3047,7,bully,3047,1,1,3047,3,18,18,108,1,1,0,3047,0,2,0,0,0,NORMAL,0,3,2,3,5,3,0,18,0,0,0,0,0,0,0
3605,6,bully,3605,1,1,3605,3,20,18,120,1,1,0,3605,0,2,0,0,0,NORMAL,0,3,2,3,5,3,0,20,0,0,0,0,0,0,0
2911,10,bully,2911,1,1,2911,3,20,18,120,1,1,0,2911,0,2,0,0,0,NORMAL,0,3,2,3,5,3,0,20,0,0,0,0,0,0,0
3490,8,bully,3490,1,1,3490,3,22,18,132,1,1,0,3490,0,2,0,0,0,NORMAL,0,3,2,3,5,3,0,22,0,0,0,0,0,0,0
3183,4,bully,3183,1,1,3183,3,22,18,132,1,1,0,3183,0,2,0,0,0,NORMAL,0,3,2,3,5,3,0,22,0,0,0,0,0,0,0
3298,2,bully,3298,1,1,3298,3,25,18,150,1,1,0,3298,0,2,0,0,0,NORMAL,0,3,2,3,3,3,0,25,0,0,0,0,0,0,0
3468,9,bully,3468,1,1,3468,3,25,18,150,1,1,0,3468,0,2,0,0,0,NORMAL,0,3,2,3,5,3,0,25,0,0,0,0,0,0,0
3320,1,bully,3320,1,1,3320,3,29,18,174,1,1,0,3320,0,2,0,0,0,LEADER,1,4,1,4,1,3,0,29,0,0,0,0,0,0,0
3626,5,bully,3626,1,1,3626,3,32,18,192,1,1,0,3626,0,2,0,0,0,NORMAL,0,3,2,4,4,3,0,32,0,0,0,0,0,0,0
5044,3,bully,2741,1,1,2741,6,35,36,210,1,1,2303,2741,0,2,0,0,0,NORMAL,0,3,1,5,4,6,0,35,0,0,0,0,0,0,0
5350,7,bully,3047,1,1,3047,6,42,36,252,1,1,2303,3047,0,2,0,0,0,NORMAL,0,3,1,6,5,6,0,42,0,0,0,0,0,0,0
5908,6,bully,3605,1,1,3605,6,44,36,264,1,1,2303,3605,0,2,0,0,0,NORMAL,0,3,1,6,5,6,0,44,0,0,0,0,0,0,0
5214,10,bully,2911,1,1,2911,6,44,36,264,1,1,2303,2911,0,2,0,0,0,NORMAL,0,3,1,6,5,6,0,44,0,0,0,0,0,0,0
5793,8,bully,3490,1,1,3490,6,46,36,276,1,1,2303,3490,0,2,0,0,0,NORMAL,0,3,1,6,5,6,0,46,0,0,0,0,0,0,0
5486,4,bully,3183,1,1,3183,6,46,36,276,1,1,2303,3183,0,2,0,0,0,NORMAL,0,3,1,6,5,6,0,46,0,0,0,0,0,0,0
5601,2,bully,3298,1,1,3298,6,49,36,294,1,1,2303,3298,0,2,0,0,0,NORMAL,0,3,1,6,3,6,0,49,0,0,0,0,0,0,0
5771,9,bully,3468,1,1,3468,6,50,36,300,1,1,2303,3468,0,2,0,0,0,NORMAL,0,3,1,6,5,6,0,50,0,0,0,0,0,0,0
5623,1,bully,3320,1,1,3320,6,53,36,318,1,1,2303,3320,0,2,0,0,0,LEADER,1,4,1,7,1,6,0,53,0,0,0,0,0,0,0
5929,5,bully,3626,1,1,3626,6,56,36,336,1,1,2303,3626,0,2,0,0,0,NORMAL,0,3,1,7,4,6,0,56,0,0,0,0,0,0,0
7347,3,bully,2741,1,1,2741,9,59,54,354,1,1,4606,2741,0,2,0,0,0,NORMAL,0,3,1,8,4,9,0,59,0,0,0,0,0,0,0
7653,7,bully,3047,1,1,3047,9,66,54,396,1,1,4606,3047,0,2,0,0,0,NORMAL,0,3,1,9,5,9,0,66,0,0,0,0,0,0,0
8211,6,bully,3605,1,1,3605,9,68,54,408,1,1,4606,3605,0,2,0,0,0,NORMAL,0,3,1,9,5,9,0,68,0,0,0,0,0,0,0
7517,10,bully,2911,1,1,2911,9,68,54,408,1,1,4606,2911,0,2,0,0,0,NORMAL,0,3,1,9,5,9,0,68,0,0,0,0,0,0,0
8096,8,bully,3490,1,1,3490,9,70,54,420,1,1,4606,3490,0,2,0,0,0,NORMAL,0,3,1,9,5,9,0,70,0,0,0,0,0,0,0
7789,4,bully,3183,1,1,3183,9,70,54,420,1,1,4606,3183,0,2,0,0,0,NORMAL,0,3,1,9,5,9,0,70,0,0,0,0,0,0,0
7904,2,bully,3298,1,1,3298,9,73,54,438,1,1,4606,3298,0,2,0,0,0,NORMAL,0,3,1,9,3,9,0,73,0,0,0,0,0,0,0
8073,9,bully,3468,1,1,3468,9,74,54,444,1,1,4605,3468,0,2,0,0,0,NORMAL,0,3,1,9,5,9,0,74,0,0,0,0,0,0,0
7926,1,bully,3320,1,1,3320,9,77,54,462,1,1,4606,3320,0,2,0,0,0,LEADER,1,4,1,10,1,9,0,77,0,0,0,0,0,0,0
8232,5,bully,3626,1,1,3626,9,80,54,480,1,1,4606,3626,0,2,0,0,0,NORMAL,0,3,1,10,4,9,0,80,0,0,0,0,0,0,0
9650,3,bully,2741,1,2,12391,12,83,72,498,1,1,6909,2741,0,3,0,0,0,NORMAL,0,3,2,4,6,12,0,83,0,0,0,0,0,0,0
9956,7,bully,3047,1,2,13003,12,90,72,540,1,1,6909,3047,0,3,0,0,0,NORMAL,0,3,2,3,8,12,0,90,0,0,0,0,0,0,0
10514,6,bully,3605,1,2,14119,12,92,72,552,1,1,6909,3605,0,3,0,0,0,NORMAL,0,3,2,3,8,12,0,92,0,0,0,0,0,0,0
9820,10,bully,2911,1,2,12731,12,92,72,552,1,1,6909,2911,0,3,0,0,0,NORMAL,0,3,2,3,9,12,0,92,0,0,0,0,0,0,0
10399,8,bully,3490,1,2,13889,12,94,72,564,1,1,6909,3490,0,3,0,0,0,NORMAL,0,3,2,3,8,12,0,94,0,0,0,0,0,0,0
10092,4,bully,3183,1,2,13275,12,94,72,564,1,1,6909,3183,0,3,0,0,0,NORMAL,0,3,2,4,7,12,0,94,0,0,0,0,0,0,0
10207,2,bully,3298,1,2,13505,12,97,72,582,1,1,6909,3298,0,3,0,0,0,NORMAL,0,3,2,4,5,12,0,97,0,0,0,0,0,0,0
10376,9,bully,3468,1,2,13844,12,98,72,588,1,1,6908,3468,0,3,0,0,0,NORMAL,0,3,2,4,7,12,0,98,0,0,0,0,0,0,0
10229,1,bully,3320,1,2,13549,12,100,72,600,1,1,6909,3320,0,3,0,0,0,LEADER,1,4,1,4,2,12,0,100,0,0,0,0,0,0,0
10535,5,bully,3626,1,2,14161,12,104,72,624,1,1,6909,3626,0,3,0,0,0,NORMAL,0,3,2,3,7,12,0,104,0,0,0,0,0,0,0
11952,3,bully,2741,1,2,12391,15,107,90,642,1,1,9211,2741,0,3,0,0,0,NORMAL,0,3,1,7,6,15,0,107,0,0,0,0,0,0,0
12259,7,bully,3047,1,2,13003,15,114,90,684,1,1,9212,3047,0,3,0,0,0,NORMAL,0,3,1,6,8,15,0,114,0,0,0,0,0,0,0
12817,6,bully,3605,1,2,14119,15,116,90,696,1,1,9212,3605,0,3,0,0,0,NORMAL,0,3,1,6,8,15,0,116,0,0,0,0,0,0,0
12123,10,bully,2911,1,2,12731,15,116,90,696,1,1,9212,2911,0,3,0,0,0,NORMAL,0,3,1,6,9,15,0,116,0,0,0,0,0,0,0
12702,8,bully,3490,1,2,13889,15,118,90,708,1,1,9212,3490,0,3,0,0,0,NORMAL,0,3,1,6,8,15,0,118,0,0,0,0,0,0,0
12395,4,bully,3183,1,2,13275,15,118,90,708,1,1,9212,3183,0,3,0,0,0,NORMAL,0,3,1,7,7,15,0,118,0,0,0,0,0,0,0
12510,2,bully,3298,1,2,13505,15,121,90,726,1,1,9212,3298,0,3,0,0,0,NORMAL,0,3,1,7,5,15,0,121,0,0,0,0,0,0,0
12679,9,bully,3468,1,2,13844,15,121,90,726,1,1,9211,3468,0,3,0,0,0,NORMAL,0,3,1,7,7,15,0,121,0,0,0,0,0,0,0
12532,1,bully,3320,1,2,13549,15,125,90,750,1,1,9212,3320,0,3,0,0,0,LEADER,1,4,1,7,2,15,0,125,0,0,0,0,0,0,0
12838,5,bully,3626,1,2,14161,15,128,90,768,1,1,9212,3626,0,3,0,0,0,NORMAL,0,3,1,6,7,15,0,128,0,0,0,0,0,0,0
14255,3,bully,2741,1,2,12391,18,131,108,786,1,1,11514,2741,0,3,0,0,0,NORMAL,0,3,1,10,6,18,0,131,0,0,0,0,0,0,0
14562,7,bully,3047,1,2,13003,18,138,108,828,1,1,11515,3047,0,3,0,0,0,NORMAL,0,3,1,9,8,18,0,138,0,0,0,0,0,0,0
15120,6,bully,3605,1,2,14119,18,140,108,840,1,1,11515,3605,0,3,0,0,0,NORMAL,0,3,1,9,8,18,0,140,0,0,0,0,0,0,0
14426,10,bully,2911,1,2,12731,18,140,108,840,1,1,11515,2911,0,3,0,0,0,NORMAL,0,3,1,9,9,18,0,140,0,0,0,0,0,0,0
15005,8,bully,3490,1,2,13889,18,142,108,852,1,1,11515,3490,0,3,0,0,0,NORMAL,0,3,1,9,8,18,0,142,0,0,0,0,0,0,0
14698,4,bully,3183,1,2,13275,18,142,108,852,1,1,11515,3183,0,3,0,0,0,NORMAL,0,3,1,10,7,18,0,142,0,0,0,0,0,0,0
14813,2,bully,3298,1,2,13505,18,145,108,870,1,1,11515,3298,0,3,0,0,0,NORMAL,0,3,1,10,5,18,0,145,0,0,0,0,0,0,0
14982,9,bully,3468,1,2,13844,18,145,108,870,1,1,11514,3468,0,3,0,0,0,NORMAL,0,3,1,10,7,18,0,145,0,0,0,0,0,0,0
14835,1,bully,3320,1,2,13549,18,148,108,888,1,1,11515,3320,0,3,0,0,0,LEADER,1,4,1,10,2,18,0,148,0,0,0,0,0,0,0
15141,5,bully,3626,1,2,14161,18,152,108,912,1,1,11515,3626,0,3,0,0,0,NORMAL,0,3,1,9,7,18,0,152,0,0,0,0,0,0,0
16558,3,bully,2741,1,3,28949,21,155,126,930,1,1,13817,2741,0,4,0,0,0,NORMAL,0,3,2,4,8,21,0,155,0,0,0,0,0,0,0
16865,7,bully,3047,1,3,29868,21,162,126,972,1,1,13818,3047,0,4,0,0,0,NORMAL,0,3,2,3,11,21,0,162,0,0,0,0,0,0,0
17423,6,bully,3605,1,3,31542,21,164,126,984,1,1,13818,3605,0,4,0,0,0,NORMAL,0,3,2,3,11,21,0,164,0,0,0,0,0,0,0
16729,10,bully,2911,1,3,29460,21,163,126,978,1,1,13818,2911,0,4,0,0,0,NORMAL,0,3,2,3,13,21,0,163,0,0,0,0,0,0,0
17308,8,bully,3490,1,3,31197,21,166,126,996,1,1,13818,3490,0,4,0,0,0,NORMAL,0,3,2,3,11,21,0,166,0,0,0,0,0,0,0
17001,4,bully,3183,1,3,30276,21,166,126,996,1,1,13818,3183,0,4,0,0,0,NORMAL,0,3,2,4,9,21,0,166,0,0,0,0,0,0,0
17116,2,bully,3298,1,3,30621,21,169,126,1014,1,1,13818,3298,0,4,0,0,0,NORMAL,0,3,2,4,7,21,0,169,0,0,0,0,0,0,0
17285,9,bully,3468,1,3,31129,21,169,126,1014,1,1,13817,3468,0,4,0,0,0,NORMAL,0,3,2,4,9,21,0,169,0,0,0,0,0,0,0
17138,1,bully,3320,1,3,30687,21,172,126,1032,1,1,13818,3320,0,4,0,0,0,LEADER,1,4,1,4,3,21,0,172,0,0,0,0,0,0,0
17444,5,bully,3626,1,3,31605,21,176,126,1056,1,1,13818,3626,0,4,0,0,0,NORMAL,0,3,2,3,10,21,0,176,0,0,0,0,0,0,0
18861,3,bully,2741,1,3,28949,24,179,144,1074,1,1,16120,2741,0,4,0,0,0,NORMAL,0,3,1,7,8,24,0,179,0,0,0,0,0,0,0
19168,7,bully,3047,1,3,29868,24,186,144,1116,1,1,16121,3047,0,4,0,0,0,NORMAL,0,3,1,6,11,24,0,186,0,0,0,0,0,0,0
19726,6,bully,3605,1,3,31542,24,188,144,1128,1,1,16121,3605,0,4,0,0,0,NORMAL,0,3,1,6,11,24,0,188,0,0,0,0,0,0,0
19032,10,bully,2911,1,3,29460,24,187,144,1122,1,1,16121,2911,0,4,0,0,0,NORMAL,0,3,1,6,13,24,0,187,0,0,0,0,0,0,0
19611,8,bully,3490,1,3,31197,24,190,144,1140,1,1,16121,3490,0,4,0,0,0,NORMAL,0,3,1,6,11,24,0,190,0,0,0,0,0,0,0
19304,4,bully,3183,1,3,30276,24,190,144,1140,1,1,16121,3183,0,4,0,0,0,NORMAL,0,3,1,7,9,24,0,190,0,0,0,0,0,0,0
19419,2,bully,3298,1,3,30621,24,193,144,1158,1,1,16121,3298,0,4,0,0,0,NORMAL,0,3,1,7,7,24,0,193,0,0,0,0,0,0,0
19588,9,bully,3468,1,3,31129,24,193,144,1158,1,1,16120,3468,0,4,0,0,0,NORMAL,0,3,1,7,9,24,0,193,0,0,0,0,0,0,0
19441,1,bully,3320,1,3,30687,24,196,144,1176,1,1,16121,3320,0,4,0,0,0,LEADER,1,4,1,7,3,24,0,196,0,0,0,0,0,0,0
19747,5,bully,3626,1,3,31605,24,200,144,1200,1,1,16121,3626,0,4,0,0,0,NORMAL,0,3,1,6,10,24,0,200,0,0,0,0,0,0,0
21164,3,bully,2741,1,3,28949,27,203,162,1218,1,1,18423,2741,0,4,0,0,0,NORMAL,0,3,1,10,8,27,0,203,0,0,0,0,0,0,0
21471,7,bully,3047,1,3,29868,27,210,162,1260,1,1,18424,3047,0,4,0,0,0,NORMAL,0,3,1,9,11,27,0,210,0,0,0,0,0,0,0
22029,6,bully,3605,1,3,31542,27,212,162,1272,1,1,18424,3605,0,4,0,0,0,NORMAL,0,3,1,9,11,27,0,212,0,0,0,0,0,0,0
21335,10,bully,2911,1,3,29460,27,211,162,1266,1,1,18424,2911,0,4,0,0,0,NORMAL,0,3,1,9,13,27,0,211,0,0,0,0,0,0,0
21914,8,bully,3490,1,3,31197,27,214,162,1284,1,1,18424,3490,0,4,0,0,0,NORMAL,0,3,1,9,11,27,0,214,0,0,0,0,0,0,0
21606,4,bully,3183,1,3,30276,27,214,162,1284,1,1,18423,3183,0,4,0,0,0,NORMAL,0,3,1,10,9,27,0,214,0,0,0,0,0,0,0
21722,2,bully,3298,1,3,30621,27,217,162,1302,1,1,18424,3298,0,4,0,0,0,NORMAL,0,3,1,10,7,27,0,217,0,0,0,0,0,0,0
21891,9,bully,3468,1,3,31129,27,218,162,1308,1,1,18423,3468,0,4,0,0,0,NORMAL,0,3,1,10,9,27,0,218,0,0,0,0,0,0,0
21744,1,bully,3320,1,3,30687,27,220,162,1320,1,1,18424,3320,0,4,0,0,0,LEADER,1,4,1,10,3,27,0,220,0,0,0,0,0,0,0
22050,5,bully,3626,1,3,31605,27,224,162,1344,1,1,18424,3626,0,4,0,0,0,NORMAL,0,3,1,9,10,27,0,224,0,0,0,0,0,0,0
23467,3,bully,2741,1,4,52416,30,227,180,1362,1,1,20726,2741,0,5,0,0,0,NORMAL,0,3,2,4,10,30,0,227,0,0,0,0,0,0,0
23774,7,bully,3047,1,4,53642,30,234,180,1404,1,1,20727,3047,0,5,0,0,0,NORMAL,0,3,2,3,14,30,0,234,0,0,0,0,0,0,0
24332,6,bully,3605,1,4,55874,30,236,180,1416,1,1,20727,3605,0,5,0,0,0,NORMAL,0,3,2,3,14,30,0,236,0,0,0,0,0,0,0
23638,10,bully,2911,1,4,53098,30,235,180,1410,1,1,20727,2911,0,5,0,0,0,NORMAL,0,3,2,3,17,30,0,235,0,0,0,0,0,0,0
24217,8,bully,3490,1,4,55414,30,238,180,1428,1,1,20727,3490,0,5,0,0,0,NORMAL,0,3,2,3,14,30,0,238,0,0,0,0,0,0,0
23909,4,bully,3183,1,4,54185,30,238,180,1428,1,1,20726,3183,0,5,0,0,0,NORMAL,0,3,2,4,11,30,0,238,0,0,0,0,0,0,0
24025,2,bully,3298,1,4,54646,30,241,180,1446,1,1,20727,3298,0,5,0,0,0,NORMAL,0,3,2,4,9,30,0,241,0,0,0,0,0,0,0
24194,9,bully,3468,1,4,55323,30,242,180,1452,1,1,20726,3468,0,5,0,0,0,NORMAL,0,3,2,4,11,30,0,242,0,0,0,0,0,0,0
24047,1,bully,3320,1,4,54734,30,245,180,1470,1,1,20727,3320,0,5,0,0,0,LEADER,1,4,1,4,4,30,0,245,0,0,0,0,0,0,0
24353,5,bully,3626,1,4,55958,30,248,180,1488,1,1,20727,3626,0,5,0,0,0,NORMAL,0,3,2,3,13,30,0,248,0,0,0,0,0,0,0
25770,3,bully,2741,1,4,52416,33,251,198,1506,1,1,23029,2741,0,5,0,0,0,NORMAL,0,3,1,7,10,33,0,251,0,0,0,0,0,0,0
26077,7,bully,3047,1,4,53642,33,258,198,1548,1,1,23030,3047,0,5,0,0,0,NORMAL,0,3,1,6,14,33,0,258,0,0,0,0,0,0,0
26635,6,bully,3605,1,4,55874,33,260,198,1560,1,1,23030,3605,0,5,0,0,0,NORMAL,0,3,1,6,14,33,0,260,0,0,0,0,0,0,0
25941,10,bully,2911,1,4,53098,33,259,198,1554,1,1,23030,2911,0,5,0,0,0,NORMAL,0,3,1,6,17,33,0,259,0,0,0,0,0,0,0
26520,8,bully,3490,1,4,55414,33,262,198,1572,1,1,23030,3490,0,5,0,0,0,NORMAL,0,3,1,6,14,33,0,262,0,0,0,0,0,0,0
26212,4,bully,3183,1,4,54185,33,262,198,1572,1,1,23029,3183,0,5,0,0,0,NORMAL,0,3,1,7,11,33,0,262,0,0,0,0,0,0,0
26328,2,bully,3298,1,4,54646,33,265,198,1590,1,1,23030,3298,0,5,0,0,0,NORMAL,0,3,1,7,9,33,0,265,0,0,0,0,0,0,0
26497,9,bully,3468,1,4,55323,33,265,198,1590,1,1,23029,3468,0,5,0,0,0,NORMAL,0,3,1,7,11,33,0,265,0,0,0,0,0,0,0
26350,1,bully,3320,1,4,54734,33,269,198,1614,1,1,23030,3320,0,5,0,0,0,LEADER,1,4,1,7,4,33,0,269,0,0,0,0,0,0,0
26656,5,bully,3626,1,4,55958,33,271,198,1626,1,1,23030,3626,0,5,0,0,0,NORMAL,0,3,1,6,13,33,0,271,0,0,0,0,0,0,0
28072,3,bully,2741,1,4,52416,36,274,216,1644,1,1,25331,2741,0,5,0,0,0,NORMAL,0,3,1,10,10,36,0,274,0,0,0,0,0,0,0
28380,7,bully,3047,1,4,53642,36,281,216,1686,1,1,25333,3047,0,5,0,0,0,NORMAL,0,3,1,9,14,36,0,281,0,0,0,0,0,0,0
28938,6,bully,3605,1,4,55874,36,283,216,1698,1,1,25333,3605,0,5,0,0,0,NORMAL,0,3,1,9,14,36,0,283,0,0,0,0,0,0,0
28244,10,bully,2911,1,4,53098,36,283,216,1698,1,1,25333,2911,0,5,0,0,0,NORMAL,0,3,1,9,17,36,0,283,0,0,0,0,0,0,0
28823,8,bully,3490,1,4,55414,36,285,216,1710,1,1,25333,3490,0,5,0,0,0,NORMAL,0,3,1,9,14,36,0,285,0,0,0,0,0,0,0
28515,4,bully,3183,1,4,54185,36,285,216,1710,1,1,25332,3183,0,5,0,0,0,NORMAL,0,3,1,10,11,36,0,285,0,0,0,0,0,0,0
28631,2,bully,3298,1,4,54646,36,288,216,1728,1,1,25333,3298,0,5,0,0,0,NORMAL,0,3,1,10,9,36,0,288,0,0,0,0,0,0,0
28800,9,bully,3468,1,4,55323,36,289,216,1734,1,1,25332,3468,0,5,0,0,0,NORMAL,0,3,1,10,11,36,0,289,0,0,0,0,0,0,0
28653,1,bully,3320,1,4,54734,36,292,216,1752,1,1,25333,3320,0,5,0,0,0,LEADER,1,4,1,10,4,36,0,292,0,0,0,0,0,0,0
28959,5,bully,3626,1,4,55958,36,295,216,1770,1,1,25333,3626,0,5,0,0,0,NORMAL,0,3,1,9,13,36,0,295,0,0,0,0,0,0,0
30375,3,bully,2741,1,5,82791,39,298,234,1788,1,1,27634,2741,0,6,0,0,0,NORMAL,0,3,2,4,12,39,0,298,0,0,0,0,0,0,0
30683,7,bully,3047,1,5,84325,39,305,234,1830,1,1,27636,3047,0,6,0,0,0,NORMAL,0,3,2,3,17,39,0,305,0,0,0,0,0,0,0
31241,6,bully,3605,1,5,87115,39,307,234,1842,1,1,27636,3605,0,6,0,0,0,NORMAL,0,3,2,3,17,39,0,307,0,0,0,0,0,0,0
30547,10,bully,2911,1,5,83645,39,307,234,1842,1,1,27636,2911,0,6,0,0,0,NORMAL,0,3,2,3,21,39,0,307,0,0,0,0,0,0,0
31126,8,bully,3490,1,5,86540,39,309,234,1854,1,1,27636,3490,0,6,0,0,0,NORMAL,0,3,2,4,16,39,0,309,0,0,0,0,0,0,0
30818,4,bully,3183,1,5,85003,39,309,234,1854,1,1,27635,3183,0,6,0,0,0,NORMAL,0,3,2,4,13,39,0,309,0,0,0,0,0,0,0
30934,2,bully,3298,1,5,85580,39,312,234,1872,1,1,27636,3298,0,6,0,0,0,NORMAL,0,3,2,4,11,39,0,312,0,0,0,0,0,0,0
31103,9,bully,3468,1,5,86426,39,313,234,1878,1,1,27635,3468,0,6,0,0,0,NORMAL,0,3,2,4,13,39,0,313,0,0,0,0,0,0,0
30956,1,bully,3320,1,5,85690,39,317,234,1902,1,1,27636,3320,0,6,0,0,0,LEADER,1,4,1,4,5,39,0,317,0,0,0,0,0,0,0
31262,5,bully,3626,1,5,87220,39,319,234,1914,1,1,27636,3626,0,6,0,0,0,NORMAL,0,3,2,3,16,39,0,319,0,0,0,0,0,0,0
32678,3,bully,2741,1,5,82791,42,322,252,1932,1,1,29937,2741,0,6,0,0,0,NORMAL,0,3,1,7,12,42,0,322,0,0,0,0,0,0,0
32986,7,bully,3047,1,5,84325,42,329,252,1974,1,1,29939,3047,0,6,0,0,0,NORMAL,0,3,1,6,17,42,0,329,0,0,0,0,0,0,0
33544,6,bully,3605,1,5,87115,42,331,252,1986,1,1,29939,3605,0,6,0,0,0,NORMAL,0,3,1,6,17,42,0,331,0,0,0,0,0,0,0
32850,10,bully,2911,1,5,83645,42,331,252,1986,1,1,29939,2911,0,6,0,0,0,NORMAL,0,3,1,6,21,42,0,331,0,0,0,0,0,0,0
33429,8,bully,3490,1,5,86540,42,333,252,1998,1,1,29939,3490,0,6,0,0,0,NORMAL,0,3,1,7,16,42,0,333,0,0,0,0,0,0,0
33121,4,bully,3183,1,5,85003,42,333,252,1998,1,1,29938,3183,0,6,0,0,0,NORMAL,0,3,1,7,13,42,0,333,0,0,0,0,0,0,0
33237,2,bully,3298,1,5,85580,42,336,252,2016,1,1,29939,3298,0,6,0,0,0,NORMAL,0,3,1,7,11,42,0,336,0,0,0,0,0,0,0
33406,9,bully,3468,1,5,86426,42,337,252,2022,1,1,29938,3468,0,6,0,0,0,NORMAL,0,3,1,7,13,42,0,337,0,0,0,0,0,0,0
33259,1,bully,3320,1,5,85690,42,340,252,2040,1,1,29939,3320,0,6,0,0,0,LEADER,1,4,1,7,5,42,0,340,0,0,0,0,0,0,0
33565,5,bully,3626,1,5,87220,42,343,252,2058,1,1,29939,3626,0,6,0,0,0,NORMAL,0,3,1,6,16,42,0,343,0,0,0,0,0,0,0
34981,3,bully,2741,1,5,82791,45,346,270,2076,1,1,32240,2741,0,6,0,0,0,NORMAL,0,3,1,10,12,45,0,346,0,0,0,0,0,0,0
35289,7,bully,3047,1,5,84325,45,353,270,2118,1,1,32242,3047,0,6,0,0,0,NORMAL,0,3,1,9,17,45,0,353,0,0,0,0,0,0,0
35847,6,bully,3605,1,5,87115,45,355,270,2130,1,1,32242,3605,0,6,0,0,0,NORMAL,0,3,1,9,17,45,0,355,0,0,0,0,0,0,0
35153,10,bully,2911,1,5,83645,45,355,270,2130,1,1,32242,2911,0,6,0,0,0,NORMAL,0,3,1,9,21,45,0,355,0,0,0,0,0,0,0
35731,8,bully,3490,1,5,86540,45,357,270,2142,1,1,32241,3490,0,6,0,0,0,NORMAL,0,3,1,10,16,45,0,357,0,0,0,0,0,0,0
35423,4,bully,3183,1,5,85003,45,357,270,2142,1,1,32240,3183,0,6,0,0,0,NORMAL,0,3,1,10,13,45,0,357,0,0,0,0,0,0,0
35540,2,bully,3298,1,5,85580,45,360,270,2160,1,1,32242,3298,0,6,0,0,0,NORMAL,0,3,1,10,11,45,0,360,0,0,0,0,0,0,0
35709,9,bully,3468,1,5,86426,45,361,270,2166,1,1,32241,3468,0,6,0,0,0,NORMAL,0,3,1,10,13,45,0,361,0,0,0,0,0,0,0
35562,1,bully,3320,1,5,85690,45,366,270,2196,1,1,32242,3320,0,6,0,0,0,LEADER,1,4,1,10,5,45,0,366,0,0,0,0,0,0,0
35868,5,bully,3626,1,5,87220,45,367,270,2202,1,1,32242,3626,0,6,0,0,0,NORMAL,0,3,1,9,16,45,0,367,0,0,0,0,0,0,0
37283,3,bully,2741,1,6,120074,48,370,288,2220,1,1,34542,2741,0,7,0,0,0,NORMAL,0,3,2,4,14,48,0,370,0,0,0,0,0,0,0
37592,7,bully,3047,1,6,121917,48,377,288,2262,1,1,34545,3047,0,7,0,0,0,NORMAL,0,3,2,3,20,48,0,377,0,0,0,0,0,0,0
38150,6,bully,3605,1,6,125265,48,379,288,2274,1,1,34545,3605,0,7,0,0,0,NORMAL,0,3,2,3,20,48,0,379,0,0,0,0,0,0,0
37456,10,bully,2911,1,6,121101,48,378,288,2268,1,1,34545,2911,0,7,0,0,0,NORMAL,0,3,2,3,25,48,0,378,0,0,0,0,0,0,0
38034,8,bully,3490,1,6,124574,48,381,288,2286,1,1,34544,3490,0,7,0,0,0,NORMAL,0,3,2,3,19,48,0,381,0,0,0,0,0,0,0
37726,4,bully,3183,1,6,122729,48,381,288,2286,1,1,34543,3183,0,7,0,0,0,NORMAL,0,3,2,4,15,48,0,381,0,0,0,0,0,0,0
37843,2,bully,3298,1,6,123423,48,384,288,2304,1,1,34545,3298,0,7,0,0,0,NORMAL,0,3,2,4,13,48,0,384,0,0,0,0,0,0,0
38012,9,bully,3468,1,6,124438,48,385,288,2310,1,1,34544,3468,0,7,0,0,0,NORMAL,0,3,2,4,15,48,0,385,0,0,0,0,0,0,0
37865,1,bully,3320,1,6,123555,48,389,288,2334,1,1,34545,3320,0,7,0,0,0,LEADER,1,4,1,4,6,48,0,389,0,0,0,0,0,0,0
38171,5,bully,3626,1,6,125391,48,390,288,2340,1,1,34545,3626,0,7,0,0,0,NORMAL,0,3,2,3,19,48,0,390,0,0,0,0,0,0,0
39586,3,bully,2741,1,6,120074,51,393,306,2358,1,1,36845,2741,0,7,0,0,0,NORMAL,0,3,1,7,14,51,0,393,0,0,0,0,0,0,0
39895,7,bully,3047,1,6,121917,51,400,306,2400,1,1,36848,3047,0,7,0,0,0,NORMAL,0,3,1,6,20,51,0,400,0,0,0,0,0,0,0
40453,6,bully,3605,1,6,125265,51,402,306,2412,1,1,36848,3605,0,7,0,0,0,NORMAL,0,3,1,6,20,51,0,402,0,0,0,0,0,0,0
39759,10,bully,2911,1,6,121101,51,402,306,2412,1,1,36848,2911,0,7,0,0,0,NORMAL,0,3,1,6,25,51,0,402,0,0,0,0,0,0,0
40337,8,bully,3490,1,6,124574,51,404,306,2424,1,1,36847,3490,0,7,0,0,0,NORMAL,0,3,1,6,19,51,0,404,0,0,0,0,0,0,0
40029,4,bully,3183,1,6,122729,51,404,306,2424,1,1,36846,3183,0,7,0,0,0,NORMAL,0,3,1,7,15,51,0,404,0,0,0,0,0,0,0
40146,2,bully,3298,1,6,123423,51,407,306,2442,1,1,36848,3298,0,7,0,0,0,NORMAL,0,3,1,7,13,51,0,407,0,0,0,0,0,0,0
40315,9,bully,3468,1,6,124438,51,409,306,2454,1,1,36847,3468,0,7,0,0,0,NORMAL,0,3,1,7,15,51,0,409,0,0,0,0,0,0,0
40168,1,bully,3320,1,6,123555,51,412,306,2472,1,1,36848,3320,0,7,0,0,0,LEADER,1,4,1,7,6,51,0,412,0,0,0,0,0,0,0
40474,5,bully,3626,1,6,125391,51,414,306,2484,1,1,36848,3626,0,7,0,0,0,NORMAL,0,3,1,6,19,51,0,414,0,0,0,0,0,0,0
41889,3,bully,2741,1,6,120074,54,417,324,2502,1,1,39148,2741,0,7,0,0,0,NORMAL,0,3,1,10,14,54,0,417,0,0,0,0,0,0,0
42198,7,bully,3047,1,6,121917,54,424,324,2544,1,1,39151,3047,0,7,0,0,0,NORMAL,0,3,1,9,20,54,0,424,0,0,0,0,0,0,0
42756,6,bully,3605,1,6,125265,54,426,324,2556,1,1,39151,3605,0,7,0,0,0,NORMAL,0,3,1,9,20,54,0,426,0,0,0,0,0,0,0
42062,10,bully,2911,1,6,121101,54,425,324,2550,1,1,39151,2911,0,7,0,0,0,NORMAL,0,3,1,9,25,54,0,425,0,0,0,0,0,0,0
42640,8,bully,3490,1,6,124574,54,428,324,2568,1,1,39150,3490,0,7,0,0,0,NORMAL,0,3,1,9,19,54,0,428,0,0,0,0,0,0,0
42332,4,bully,3183,1,6,122729,54,428,324,2568,1,1,39149,3183,0,7,0,0,0,NORMAL,0,3,1,10,15,54,0,428,0,0,0,0,0,0,0
42449,2,bully,3298,1,6,123423,54,431,324,2586,1,1,39151,3298,0,7,0,0,0,NORMAL,0,3,1,10,13,54,0,431,0,0,0,0,0,0,0
42618,9,bully,3468,1,6,124438,54,433,324,2598,1,1,39150,3468,0,7,0,0,0,NORMAL,0,3,1,10,15,54,0,433,0,0,0,0,0,0,0
42471,1,bully,3320,1,6,123555,54,437,324,2622,1,1,39151,3320,0,7,0,0,0,LEADER,1,4,1,10,6,54,0,437,0,0,0,0,0,0,0
42777,5,bully,3626,1,6,125391,54,438,324,2628,1,1,39151,3626,0,7,0,0,0,NORMAL,0,3,1,9,19,54,0,438,0,0,0,0,0,0,0
44192,3,bully,2741,1,7,164266,57,441,342,2646,1,1,41451,2741,0,8,0,0,0,NORMAL,0,3,2,4,16,57,0,441,0,0,0,0,0,0,0
44501,7,bully,3047,1,7,166418,57,448,342,2688,1,1,41454,3047,0,8,0,0,0,NORMAL,0,3,2,3,23,57,0,448,0,0,0,0,0,0,0
45059,6,bully,3605,1,7,170324,57,450,342,2700,1,1,41454,3605,0,8,0,0,0,NORMAL,0,3,2,3,23,57,0,450,0,0,0,0,0,0,0
44365,10,bully,2911,1,7,165466,57,447,342,2682,1,1,41454,2911,0,8,0,0,0,NORMAL,0,3,2,3,29,57,0,447,0,0,0,0,0,0,0
44943,8,bully,3490,1,7,169517,57,452,342,2712,1,1,41453,3490,0,8,0,0,0,NORMAL,0,3,2,3,22,57,0,452,0,0,0,0,0,0,0
44635,4,bully,3183,1,7,167364,57,452,342,2712,1,1,41452,3183,0,8,0,0,0,NORMAL,0,3,2,3,18,57,0,452,0,0,0,0,0,0,0
44752,2,bully,3298,1,7,168175,57,455,342,2730,1,1,41454,3298,0,8,0,0,0,NORMAL,0,3,2,4,15,57,0,455,0,0,0,0,0,0,0
44921,9,bully,3468,1,7,169359,57,458,342,2748,1,1,41453,3468,0,8,0,0,0,NORMAL,0,3,2,4,18,57,0,458,0,0,0,0,0,0,0
44774,1,bully,3320,1,7,168329,57,461,342,2766,1,1,41454,3320,0,8,0,0,0,LEADER,1,4,1,4,7,57,0,461,0,0,0,0,0,0,0
45080,5,bully,3626,1,7,170471,57,462,342,2772,1,1,41454,3626,0,8,0,0,0,NORMAL,0,3,2,3,22,57,0,462,0,0,0,0,0,0,0
46495,3,bully,2741,1,7,164266,60,465,360,2790,1,1,43754,2741,0,8,0,0,0,NORMAL,0,3,1,7,16,60,0,465,0,0,0,0,0,0,0
46804,7,bully,3047,1,7,166418,60,472,360,2832,1,1,43757,3047,0,8,0,0,0,NORMAL,0,3,1,6,23,60,0,472,0,0,0,0,0,0,0
47362,6,bully,3605,1,7,170324,60,474,360,2844,1,1,43757,3605,0,8,0,0,0,NORMAL,0,3,1,6,23,60,0,474,0,0,0,0,0,0,0
46668,10,bully,2911,1,7,165466,60,471,360,2826,1,1,43757,2911,0,8,0,0,0,NORMAL,0,3,1,6,29,60,0,471,0,0,0,0,0,0,0
47246,8,bully,3490,1,7,169517,60,476,360,2856,1,1,43756,3490,0,8,0,0,0,NORMAL,0,3,1,6,22,60,0,476,0,0,0,0,0,0,0
46938,4,bully,3183,1,7,167364,60,476,360,2856,1,1,43755,3183,0,8,0,0,0,NORMAL,0,3,1,6,18,60,0,476,0,0,0,0,0,0,0
47055,2,bully,3298,1,7,168175,60,479,360,2874,1,1,43757,3298,0,8,0,0,0,NORMAL,0,3,1,7,15,60,0,479,0,0,0,0,0,0,0
47224,9,bully,3468,1,7,169359,60,481,360,2886,1,1,43756,3468,0,8,0,0,0,NORMAL,0,3,1,7,18,60,0,481,0,0,0,0,0,0,0
47077,1,bully,3320,1,7,168329,60,485,360,2910,1,1,43757,3320,0,8,0,0,0,LEADER,1,4,1,7,7,60,0,485,0,0,0,0,0,0,0
47383,5,bully,3626,1,7,170471,60,485,360,2910,1,1,43757,3626,0,8,0,0,0,NORMAL,0,3,1,6,22,60,0,485,0,0,0,0,0,0,0
48798,3,bully,2741,1,7,164266,63,489,378,2934,1,1,46057,2741,0,8,0,0,0,NORMAL,0,3,1,10,16,63,0,489,0,0,0,0,0,0,0
49107,7,bully,3047,1,7,166418,63,495,378,2970,1,1,46060,3047,0,8,0,0,0,NORMAL,0,3,1,9,23,63,0,495,0,0,0,0,0,0,0
49665,6,bully,3605,1,7,170324,63,497,378,2982,1,1,46060,3605,0,8,0,0,0,NORMAL,0,3,1,9,23,63,0,497,0,0,0,0,0,0,0
48971,10,bully,2911,1,7,165466,63,494,378,2964,1,1,46060,2911,0,8,0,0,0,NORMAL,0,3,1,9,29,63,0,494,0,0,0,0,0,0,0
49549,8,bully,3490,1,7,169517,63,499,378,2994,1,1,46059,3490,0,8,0,0,0,NORMAL,0,3,1,9,22,63,0,499,0,0,0,0,0,0,0
49241,4,bully,3183,1,7,167364,63,500,378,3000,1,1,46058,3183,0,8,0,0,0,NORMAL,0,3,1,9,18,63,0,500,0,0,0,0,0,0,0
49358,2,bully,3298,1,7,168175,63,503,378,3018,1,1,46060,3298,0,8,0,0,0,NORMAL,0,3,1,10,15,63,0,503,0,0,0,0,0,0,0
49527,9,bully,3468,1,7,169359,63,504,378,3024,1,1,46059,3468,0,8,0,0,0,NORMAL,0,3,1,10,18,63,0,504,0,0,0,0,0,0,0
49380,1,bully,3320,1,7,168329,63,509,378,3054,1,1,46060,3320,0,8,0,0,0,LEADER,1,4,1,10,7,63,0,509,0,0,0,0,0,0,0
49686,5,bully,3626,1,7,170471,63,509,378,3054,1,1,46060,3626,0,8,0,0,0,NORMAL,0,3,1,9,22,63,0,509,0,0,0,0,0,0,0
51101,3,bully,2741,1,8,215367,66,513,396,3078,1,1,48360,2741,0,9,0,0,0,NORMAL,0,3,2,4,18,66,0,513,0,0,0,0,0,0,0
51410,7,bully,3047,1,8,217828,66,519,396,3114,1,1,48363,3047,0,9,0,0,0,NORMAL,0,3,2,3,26,66,0,519,0,0,0,0,0,0,0
51968,6,bully,3605,1,8,222292,66,521,396,3126,1,1,48363,3605,0,9,0,0,0,NORMAL,0,3,2,3,26,66,0,521,0,0,0,0,0,0,0
51274,10,bully,2911,1,8,216740,66,517,396,3102,1,1,48363,2911,0,9,0,0,0,NORMAL,0,3,2,3,33,66,0,517,0,0,0,0,0,0,0
51851,8,bully,3490,1,8,221368,66,523,396,3138,1,1,48361,3490,0,9,0,0,0,NORMAL,0,3,2,3,25,66,0,523,0,0,0,0,0,0,0
51544,4,bully,3183,1,8,218908,66,524,396,3144,1,1,48361,3183,0,9,0,0,0,NORMAL,0,3,2,4,20,66,0,524,0,0,0,0,0,0,0
51661,2,bully,3298,1,8,219836,66,527,396,3162,1,1,48363,3298,0,9,0,0,0,NORMAL,0,3,2,4,17,66,0,527,0,0,0,0,0,0,0
51830,9,bully,3468,1,8,221189,66,529,396,3174,1,1,48362,3468,0,9,0,0,0,NORMAL,0,3,2,4,20,66,0,529,0,0,0,0,0,0,0
51683,1,bully,3320,1,8,220012,66,533,396,3198,1,1,48363,3320,0,9,0,0,0,LEADER,1,4,1,4,8,66,0,533,0,0,0,0,0,0,0
51989,5,bully,3626,1,8,222460,66,533,396,3198,1,1,48363,3626,0,9,0,0,0,NORMAL,0,3,2,3,25,66,0,533,0,0,0,0,0,0,0
53404,3,bully,2741,1,8,215367,69,537,414,3222,1,1,50663,2741,0,9,0,0,0,NORMAL,0,3,1,7,18,69,0,537,0,0,0,0,0,0,0
53713,7,bully,3047,1,8,217828,69,543,414,3258,1,1,50666,3047,0,9,0,0,0,NORMAL,0,3,1,6,26,69,0,543,0,0,0,0,0,0,0
54271,6,bully,3605,1,8,222292,69,545,414,3270,1,1,50666,3605,0,9,0,0,0,NORMAL,0,3,1,6,26,69,0,545,0,0,0,0,0,0,0
53577,10,bully,2911,1,8,216740,69,541,414,3246,1,1,50666,2911,0,9,0,0,0,NORMAL,0,3,1,6,33,69,0,541,0,0,0,0,0,0,0
54154,8,bully,3490,1,8,221368,69,547,414,3282,1,1,50664,3490,0,9,0,0,0,NORMAL,0,3,1,6,25,69,0,547,0,0,0,0,0,0,0
53847,4,bully,3183,1,8,218908,69,548,414,3288,1,1,50664,3183,0,9,0,0,0,NORMAL,0,3,1,7,20,69,0,548,0,0,0,0,0,0,0
53964,2,bully,3298,1,8,219836,69,551,414,3306,1,1,50666,3298,0,9,0,0,0,NORMAL,0,3,1,7,17,69,0,551,0,0,0,0,0,0,0
54133,9,bully,3468,1,8,221189,69,553,414,3318,1,1,50665,3468,0,9,0,0,0,NORMAL,0,3,1,7,20,69,0,553,0,0,0,0,0,0,0
53986,1,bully,3320,1,8,220012,69,556,414,3336,1,1,50666,3320,0,9,0,0,0,LEADER,1,4,1,7,8,69,0,556,0,0,0,0,0,0,0
54292,5,bully,3626,1,8,222460,69,556,414,3336,1,1,50666,3626,0,9,0,0,0,NORMAL,0,3,1,6,25,69,0,556,0,0,0,0,0,0,0
55707,3,bully,2741,1,8,215367,72,561,432,3366,1,1,52966,2741,0,9,0,0,0,NORMAL,0,3,1,10,18,72,0,561,0,0,0,0,0,0,0
56016,7,bully,3047,1,8,217828,72,566,432,3396,1,1,52969,3047,0,9,0,0,0,NORMAL,0,3,1,9,26,72,0,566,0,0,0,0,0,0,0
56574,6,bully,3605,1,8,222292,72,568,432,3408,1,1,52969,3605,0,9,0,0,0,NORMAL,0,3,1,9,26,72,0,568,0,0,0,0,0,0,0
55880,10,bully,2911,1,8,216740,72,564,432,3384,1,1,52969,2911,0,9,0,0,0,NORMAL,0,3,1,9,33,72,0,564,0,0,0,0,0,0,0
56457,8,bully,3490,1,8,221368,72,570,432,3420,1,1,52967,3490,0,9,0,0,0,NORMAL,0,3,1,9,25,72,0,570,0,0,0,0,0,0,0
56150,4,bully,3183,1,8,218908,72,572,432,3432,1,1,52967,3183,0,9,0,0,0,NORMAL,0,3,1,10,20,72,0,572,0,0,0,0,0,0,0
56267,2,bully,3298,1,8,219836,72,575,432,3450,1,1,52969,3298,0,9,0,0,0,NORMAL,0,3,1,10,17,72,0,575,0,0,0,0,0,0,0
56436,9,bully,3468,1,8,221189,72,575,432,3450,1,1,52968,3468,0,9,0,0,0,NORMAL,0,3,1,10,20,72,0,575,0,0,0,0,0,0,0
56288,1,bully,3320,1,8,220012,72,580,432,3480,1,1,52968,3320,0,9,0,0,0,LEADER,1,4,1,10,8,72,0,580,0,0,0,0,0,0,0
56595,5,bully,3626,1,8,222460,72,580,432,3480,1,1,52969,3626,0,9,0,0,0,NORMAL,0,3,1,9,25,72,0,580,0,0,0,0,0,0,0
58010,3,bully,2741,1,9,273377,75,585,450,3510,1,1,55269,2741,0,10,0,0,0,NORMAL,0,3,2,4,20,75,0,585,0,0,0,0,0,0,0
58319,7,bully,3047,1,9,276147,75,590,450,3540,1,1,55272,3047,0,10,0,0,0,NORMAL,0,3,2,3,29,75,0,590,0,0,0,0,0,0,0
58877,6,bully,3605,1,9,281169,75,592,450,3552,1,1,55272,3605,0,10,0,0,0,NORMAL,0,3,2,3,29,75,0,592,0,0,0,0,0,0,0
58183,10,bully,2911,1,9,274923,75,588,450,3528,1,1,55272,2911,0,10,0,0,0,NORMAL,0,3,2,3,37,75,0,588,0,0,0,0,0,0,0
58760,8,bully,3490,1,9,280128,75,594,450,3564,1,1,55270,3490,0,10,0,0,0,NORMAL,0,3,2,3,28,75,0,594,0,0,0,0,0,0,0
58453,4,bully,3183,1,9,277361,75,596,450,3576,1,1,55270,3183,0,10,0,0,0,NORMAL,0,3,2,4,22,75,0,596,0,0,0,0,0,0,0
58570,2,bully,3298,1,9,278406,75,599,450,3594,1,1,55272,3298,0,10,0,0,0,NORMAL,0,3,2,4,19,75,0,599,0,0,0,0,0,0,0
58739,9,bully,3468,1,9,279928,75,599,450,3594,1,1,55271,3468,0,10,0,0,0,NORMAL,0,3,2,4,22,75,0,599,0,0,0,0,0,0,0
58591,1,bully,3320,1,9,278603,75,605,450,3630,1,1,55271,3320,0,10,0,0,0,LEADER,1,4,1,4,9,75,0,605,0,0,0,0,0,0,0
58898,5,bully,3626,1,9,281358,75,604,450,3624,1,1,55272,3626,0,10,0,0,0,NORMAL,0,3,2,3,28,75,0,604,0,0,0,0,0,0,0
60313,3,bully,2741,1,9,273377,78,609,468,3654,1,1,57572,2741,0,10,0,0,0,NORMAL,0,3,1,7,20,78,0,609,0,0,0,0,0,0,0
60622,7,bully,3047,1,9,276147,78,614,468,3684,1,1,57575,3047,0,10,0,0,0,NORMAL,0,3,1,6,29,78,0,614,0,0,0,0,0,0,0
61180,6,bully,3605,1,9,281169,78,616,468,3696,1,1,57575,3605,0,10,0,0,0,NORMAL,0,3,1,6,29,78,0,616,0,0,0,0,0,0,0
60486,10,bully,2911,1,9,274923,78,612,468,3672,1,1,57575,2911,0,10,0,0,0,NORMAL,0,3,1,6,37,78,0,612,0,0,0,0,0,0,0
61063,8,bully,3490,1,9,280128,78,618,468,3708,1,1,57573,3490,0,10,0,0,0,NORMAL,0,3,1,6,28,78,0,618,0,0,0,0,0,0,0
60756,4,bully,3183,1,9,277361,78,620,468,3720,1,1,57573,3183,0,10,0,0,0,NORMAL,0,3,1,7,22,78,0,620,0,0,0,0,0,0,0
60873,2,bully,3298,1,9,278406,78,623,468,3738,1,1,57575,3298,0,10,0,0,0,NORMAL,0,3,1,7,19,78,0,623,0,0,0,0,0,0,0
61042,9,bully,3468,1,9,279928,78,623,468,3738,1,1,57574,3468,0,10,0,0,0,NORMAL,0,3,1,7,22,78,0,623,0,0,0,0,0,0,0
60894,1,bully,3320,1,9,278603,78,629,468,3774,1,1,57574,3320,0,10,0,0,0,LEADER,1,4,1,7,9,78,0,629,0,0,0,0,0,0,0
61201,5,bully,3626,1,9,281358,78,627,468,3762,1,1,57575,3626,0,10,0,0,0,NORMAL,0,3,1,6,28,78,0,627,0,0,0,0,0,0,0
62616,3,bully,2741,1,9,273377,81,632,486,3792,1,1,59875,2741,0,10,0,0,0,NORMAL,0,3,1,10,20,81,0,632,0,0,0,0,0,0,0
62925,7,bully,3047,1,9,276147,81,637,486,3822,1,1,59878,3047,0,10,0,0,0,NORMAL,0,3,1,9,29,81,0,637,0,0,0,0,0,0,0
63483,6,bully,3605,1,9,281169,81,639,486,3834,1,1,59878,3605,0,10,0,0,0,NORMAL,0,3,1,9,29,81,0,639,0,0,0,0,0,0,0
62789,10,bully,2911,1,9,274923,81,636,486,3816,1,1,59878,2911,0,10,0,0,0,NORMAL,0,3,1,9,37,81,0,636,0,0,0,0,0,0,0
63366,8,bully,3490,1,9,280128,81,641,486,3846,1,1,59876,3490,0,10,0,0,0,NORMAL,0,3,1,9,28,81,0,641,0,0,0,0,0,0,0
63059,4,bully,3183,1,9,277361,81,643,486,3858,1,1,59876,3183,0,10,0,0,0,NORMAL,0,3,1,10,22,81,0,643,0,0,0,0,0,0,0
63176,2,bully,3298,1,9,278406,81,647,486,3882,1,1,59878,3298,0,10,0,0,0,NORMAL,0,3,1,10,19,81,0,647,0,0,0,0,0,0,0
63345,9,bully,3468,1,9,279928,81,647,486,3882,1,1,59877,3468,0,10,0,0,0,NORMAL,0,3,1,10,22,81,0,647,0,0,0,0,0,0,0
63197,1,bully,3320,1,9,278603,81,653,486,3918,1,1,59877,3320,0,10,0,0,0,LEADER,1,4,1,10,9,81,0,653,0,0,0,0,0,0,0
63504,5,bully,3626,1,9,281358,81,651,486,3906,1,1,59878,3626,0,10,0,0,0,NORMAL,0,3,1,9,28,81,0,651,0,0,0,0,0,0,0
64919,3,bully,2741,1,10,338296,84,656,504,3936,1,1,62178,2741,0,11,0,0,0,NORMAL,0,3,2,4,22,84,0,656,0,0,0,0,0,0,0
65228,7,bully,3047,1,10,341375,84,661,504,3966,1,1,62181,3047,0,11,0,0,0,NORMAL,0,3,2,3,32,84,0,661,0,0,0,0,0,0,0
65786,6,bully,3605,1,10,346955,84,663,504,3978,1,1,62181,3605,0,11,0,0,0,NORMAL,0,3,2,3,32,84,0,663,0,0,0,0,0,0,0
65092,10,bully,2911,1,10,340015,84,660,504,3960,1,1,62181,2911,0,11,0,0,0,NORMAL,0,3,2,3,41,84,0,660,0,0,0,0,0,0,0
65669,8,bully,3490,1,10,345797,84,665,504,3990,1,1,62179,3490,0,11,0,0,0,NORMAL,0,3,2,3,31,84,0,665,0,0,0,0,0,0,0
65362,4,bully,3183,1,10,342723,84,667,504,4002,1,1,62179,3183,0,11,0,0,0,NORMAL,0,3,2,4,24,84,0,667,0,0,0,0,0,0,0
65479,2,bully,3298,1,10,343885,84,671,504,4026,1,1,62181,3298,0,11,0,0,0,NORMAL,0,3,2,4,21,84,0,671,0,0,0,0,0,0,0
65648,9,bully,3468,1,10,345576,84,671,504,4026,1,1,62180,3468,0,11,0,0,0,NORMAL,0,3,2,4,24,84,0,671,0,0,0,0,0,0,0
65500,1,bully,3320,1,10,344103,84,676,504,4056,1,1,62180,3320,0,11,0,0,0,LEADER,1,4,1,4,10,84,0,676,0,0,0,0,0,0,0
65807,5,bully,3626,1,10,347165,84,675,504,4050,1,1,62181,3626,0,11,0,0,0,NORMAL,0,3,2,3,31,84,0,675,0,0,0,0,0,0,0
67222,3,bully,2741,1,10,338296,87,680,522,4080,1,1,64481,2741,0,11,0,0,0,NORMAL,0,3,1,7,22,87,0,680,0,0,0,0,0,0,0
67531,7,bully,3047,1,10,341375,87,685,522,4110,1,1,64484,3047,0,11,0,0,0,NORMAL,0,3,1,6,32,87,0,685,0,0,0,0,0,0,0
68089,6,bully,3605,1,10,346955,87,687,522,4122,1,1,64484,3605,0,11,0,0,0,NORMAL,0,3,1,6,32,87,0,687,0,0,0,0,0,0,0
67395,10,bully,2911,1,10,340015,87,684,522,4104,1,1,64484,2911,0,11,0,0,0,NORMAL,0,3,1,6,41,87,0,684,0,0,0,0,0,0,0
67972,8,bully,3490,1,10,345797,87,689,522,4134,1,1,64482,3490,0,11,0,0,0,NORMAL,0,3,1,6,31,87,0,689,0,0,0,0,0,0,0
67665,4,bully,3183,1,10,342723,87,691,522,4146,1,1,64482,3183,0,11,0,0,0,NORMAL,0,3,1,7,24,87,0,691,0,0,0,0,0,0,0
67782,2,bully,3298,1,10,343885,87,695,522,4170,1,1,64484,3298,0,11,0,0,0,NORMAL,0,3,1,7,21,87,0,695,0,0,0,0,0,0,0
67951,9,bully,3468,1,10,345576,87,695,522,4170,1,1,64483,3468,0,11,0,0,0,NORMAL,0,3,1,7,24,87,0,695,0,0,0,0,0,0,0
67803,1,bully,3320,1,10,344103,87,701,522,4206,1,1,64483,3320,0,11,0,0,0,LEADER,1,4,1,7,10,87,0,701,0,0,0,0,0,0,0
68110,5,bully,3626,1,10,347165,87,698,522,4188,1,1,64484,3626,0,11,0,0,0,NORMAL,0,3,1,6,31,87,0,698,0,0,0,0,0,0,0
69525,3,bully,2741,1,10,338296,90,704,540,4224,1,1,66784,2741,0,11,0,0,0,NORMAL,0,3,1,10,22,90,0,704,0,0,0,0,0,0,0
69834,7,bully,3047,1,10,341375,90,708,540,4248,1,1,66787,3047,0,11,0,0,0,NORMAL,0,3,1,9,32,90,0,708,0,0,0,0,0,0,0
70392,6,bully,3605,1,10,346955,90,710,540,4260,1,1,66787,3605,0,11,0,0,0,NORMAL,0,3,1,9,32,90,0,710,0,0,0,0,0,0,0
69698,10,bully,2911,1,10,340015,90,707,540,4242,1,1,66787,2911,0,11,0,0,0,NORMAL,0,3,1,9,41,90,0,707,0,0,0,0,0,0,0
70275,8,bully,3490,1,10,345797,90,712,540,4272,1,1,66785,3490,0,11,0,0,0,NORMAL,0,3,1,9,31,90,0,712,0,0,0,0,0,0,0
69968,4,bully,3183,1,10,342723,90,715,540,4290,1,1,66785,3183,0,11,0,0,0,NORMAL,0,3,1,10,24,90,0,715,0,0,0,0,0,0,0
70085,2,bully,3298,1,10,343885,90,719,540,4314,1,1,66787,3298,0,11,0,0,0,NORMAL,0,3,1,10,21,90,0,719,0,0,0,0,0,0,0
70254,9,bully,3468,1,10,345576,90,718,540,4308,1,1,66786,3468,0,11,0,0,0,NORMAL,0,3,1,10,24,90,0,718,0,0,0,0,0,0,0
70106,1,bully,3320,1,10,344103,90,726,540,4356,1,1,66786,3320,0,11,0,0,0,LEADER,1,4,1,10,10,90,0,726,0,0,0,0,0,0,0
70413,5,bully,3626,1,10,347165,90,722,540,4332,1,1,66787,3626,0,11,0,0,0,NORMAL,0,3,1,9,31,90,0,722,0,0,0,0,0,0,0
71828,3,bully,2741,1,11,410124,93,728,558,4368,1,1,69087,2741,0,12,0,0,0,NORMAL,0,3,2,4,24,93,0,728,0,0,0,0,0,0,0
72137,7,bully,3047,1,11,413512,93,732,558,4392,1,1,69090,3047,0,12,0,0,0,NORMAL,0,3,2,3,35,93,0,732,0,0,0,0,0,0,0
72695,6,bully,3605,1,11,419650,93,734,558,4404,1,1,69090,3605,0,12,0,0,0,NORMAL,0,3,2,3,35,93,0,734,0,0,0,0,0,0,0
72001,10,bully,2911,1,11,412016,93,731,558,4386,1,1,69090,2911,0,12,0,0,0,NORMAL,0,3,2,3,45,93,0,731,0,0,0,0,0,0,0
72578,8,bully,3490,1,11,418375,93,736,558,4416,1,1,69088,3490,0,12,0,0,0,NORMAL,0,3,2,3,34,93,0,736,0,0,0,0,0,0,0
72271,4,bully,3183,1,11,414994,93,739,558,4434,1,1,69088,3183,0,12,0,0,0,NORMAL,0,3,2,4,26,93,0,739,0,0,0,0,0,0,0
72388,2,bully,3298,1,11,416273,93,743,558,4458,1,1,69090,3298,0,12,0,0,0,NORMAL,0,3,2,4,23,93,0,743,0,0,0,0,0,0,0
72557,9,bully,3468,1,11,418133,93,742,558,4452,1,1,69089,3468,0,12,0,0,0,NORMAL,0,3,2,4,26,93,0,742,0,0,0,0,0,0,0
72409,1,bully,3320,1,11,416512,93,750,558,4500,1,1,69089,3320,0,12,0,0,0,LEADER,1,4,1,4,11,93,0,750,0,0,0,0,0,0,0
72716,5,bully,3626,1,11,419881,93,746,558,4476,1,1,69090,3626,0,12,0,0,0,NORMAL,0,3,2,3,34,93,0,746,0,0,0,0,0,0,0
74131,3,bully,2741,1,11,410124,96,752,576,4512,1,1,71390,2741,0,12,0,0,0,NORMAL,0,3,1,7,24,96,0,752,0,0,0,0,0,0,0
74440,7,bully,3047,1,11,413512,96,756,576,4536,1,1,71393,3047,0,12,0,0,0,NORMAL,0,3,1,6,35,96,0,756,0,0,0,0,0,0,0
74998,6,bully,3605,1,11,419650,96,758,576,4548,1,1,71393,3605,0,12,0,0,0,NORMAL,0,3,1,6,35,96,0,758,0,0,0,0,0,0,0
74304,10,bully,2911,1,11,412016,96,755,576,4530,1,1,71393,2911,0,12,0,0,0,NORMAL,0,3,1,6,45,96,0,755,0,0,0,0,0,0,0
74881,8,bully,3490,1,11,418375,96,760,576,4560,1,1,71391,3490,0,12,0,0,0,NORMAL,0,3,1,6,34,96,0,760,0,0,0,0,0,0,0
74574,4,bully,3183,1,11,414994,96,763,576,4578,1,1,71391,3183,0,12,0,0,0,NORMAL,0,3,1,7,26,96,0,763,0,0,0,0,0,0,0
74691,2,bully,3298,1,11,416273,96,767,576,4602,1,1,71393,3298,0,12,0,0,0,NORMAL,0,3,1,7,23,96,0,767,0,0,0,0,0,0,0
74859,9,bully,3468,1,11,418133,96,767,576,4602,1,1,71391,3468,0,12,0,0,0,NORMAL,0,3,1,7,26,96,0,767,0,0,0,0,0,0,0
74712,1,bully,3320,1,11,416512,96,773,576,4638,1,1,71392,3320,0,12,0,0,0,LEADER,1,4,1,7,11,96,0,773,0,0,0,0,0,0,0
75019,5,bully,3626,1,11,419881,96,770,576,4620,1,1,71393,3626,0,12,0,0,0,NORMAL,0,3,1,6,34,96,0,770,0,0,0,0,0,0,0
76434,3,bully,2741,1,11,410124,99,776,594,4656,1,1,73693,2741,0,12,0,0,0,NORMAL,0,3,1,10,24,99,0,776,0,0,0,0,0,0,0
76743,7,bully,3047,1,11,413512,99,780,594,4680,1,1,73696,3047,0,12,0,0,0,NORMAL,0,3,1,9,35,99,0,780,0,0,0,0,0,0,0
77301,6,bully,3605,1,11,419650,99,782,594,4692,1,1,73696,3605,0,12,0,0,0,NORMAL,0,3,1,9,35,99,0,782,0,0,0,0,0,0,0
76607,10,bully,2911,1,11,412016,99,779,594,4674,1,1,73696,2911,0,12,0,0,0,NORMAL,0,3,1,9,45,99,0,779,0,0,0,0,0,0,0
77184,8,bully,3490,1,11,418375,99,784,594,4704,1,1,73694,3490,0,12,0,0,0,NORMAL,0,3,1,9,34,99,0,784,0,0,0,0,0,0,0
76877,4,bully,3183,1,11,414994,99,787,594,4722,1,1,73694,3183,0,12,0,0,0,NORMAL,0,3,1,10,26,99,0,787,0,0,0,0,0,0,0
76994,2,bully,3298,1,11,416273,99,790,594,4740,1,1,73696,3298,0,12,0,0,0,NORMAL,0,3,1,10,23,99,0,790,0,0,0,0,0,0,0
77162,9,bully,3468,1,11,418133,99,789,594,4734,1,1,73694,3468,0,12,0,0,0,NORMAL,0,3,1,10,26,99,0,789,0,0,0,0,0,0,0
77014,1,bully,3320,1,11,416512,99,796,594,4776,1,1,73694,3320,0,12,0,0,0,LEADER,1,4,1,10,11,99,0,796,0,0,0,0,0,0,0
77322,5,bully,3626,1,11,419881,99,794,594,4764,1,1,73696,3626,0,12,0,0,0,NORMAL,0,3,1,9,34,99,0,794,0,0,0,0,0,0,0
78737,3,bully,2741,1,12,488861,102,800,612,4800,1,1,75996,2741,0,13,0,0,0,NORMAL,0,3,2,4,26,102,0,800,0,0,0,0,0,0,0
79046,7,bully,3047,1,12,492558,102,804,612,4824,1,1,75999,3047,0,13,0,0,0,NORMAL,0,3,2,3,38,102,0,804,0,0,0,0,0,0,0
79604,6,bully,3605,1,12,499254,102,806,612,4836,1,1,75999,3605,0,13,0,0,0,NORMAL,0,3,2,3,38,102,0,806,0,0,0,0,0,0,0
78910,10,bully,2911,1,12,490926,102,803,612,4818,1,1,75999,2911,0,13,0,0,0,NORMAL,0,3,2,3,49,102,0,803,0,0,0,0,0,0,0
79487,8,bully,3490,1,12,497862,102,808,612,4848,1,1,75997,3490,0,13,0,0,0,NORMAL,0,3,2,3,37,102,0,808,0,0,0,0,0,0,0
79180,4,bully,3183,1,12,494174,102,811,612,4866,1,1,75997,3183,0,13,0,0,0,NORMAL,0,3,2,4,28,102,0,811,0,0,0,0,0,0,0
79297,2,bully,3298,1,12,495570,102,815,612,4890,1,1,75999,3298,0,13,0,0,0,NORMAL,0,3,2,4,25,102,0,815,0,0,0,0,0,0,0
79465,9,bully,3468,1,12,497598,102,814,612,4884,1,1,75997,3468,0,13,0,0,0,NORMAL,0,3,2,4,28,102,0,814,0,0,0,0,0,0,0
79317,1,bully,3320,1,12,495829,102,820,612,4920,1,1,75997,3320,0,13,0,0,0,LEADER,1,4,1,4,12,102,0,820,0,0,0,0,0,0,0
79625,5,bully,3626,1,12,499506,102,818,612,4908,1,1,75999,3626,0,13,0,0,0,NORMAL,0,3,2,3,37,102,0,818,0,0,0,0,0,0,0
81040,3,bully,2741,1,12,488861,105,824,630,4944,1,1,78299,2741,0,13,0,0,0,NORMAL,0,3,1,7,26,105,0,824,0,0,0,0,0,0,0
81349,7,bully,3047,1,12,492558,105,828,630,4968,1,1,78302,3047,0,13,0,0,0,NORMAL,0,3,1,6,38,105,0,828,0,0,0,0,0,0,0
81907,6,bully,3605,1,12,499254,105,830,630,4980,1,1,78302,3605,0,13,0,0,0,NORMAL,0,3,1,6,38,105,0,830,0,0,0,0,0,0,0
81213,10,bully,2911,1,12,490926,105,827,630,4962,1,1,78302,2911,0,13,0,0,0,NORMAL,0,3,1,6,49,105,0,827,0,0,0,0,0,0,0
81790,8,bully,3490,1,12,497862,105,832,630,4992,1,1,78300,3490,0,13,0,0,0,NORMAL,0,3,1,6,37,105,0,832,0,0,0,0,0,0,0
81485,4,bully,3183,1,12,494174,105,835,630,5010,1,1,78302,3183,0,13,0,0,0,NORMAL,0,3,1,7,28,105,0,835,0,0,0,0,0,0,0
81600,2,bully,3298,1,12,495570,105,839,630,5034,1,1,78302,3298,0,13,0,0,0,NORMAL,0,3,1,7,25,105,0,839,0,0,0,0,0,0,0
81768,9,bully,3468,1,12,497598,105,838,630,5028,1,1,78300,3468,0,13,0,0,0,NORMAL,0,3,1,7,28,105,0,838,0,0,0,0,0,0,0
81620,1,bully,3320,1,12,495829,105,844,630,5064,1,1,78300,3320,0,13,0,0,0,LEADER,1,4,1,7,12,105,0,844,0,0,0,0,0,0,0
81928,5,bully,3626,1,12,499506,105,842,630,5052,1,1,78302,3626,0,13,0,0,0,NORMAL,0,3,1,6,37,105,0,842,0,0,0,0,0,0,0
83342,3,bully,2741,1,12,488861,108,848,648,5088,1,1,80601,2741,0,13,0,0,0,NORMAL,0,3,1,10,26,108,0,848,0,0,0,0,0,0,0
83652,7,bully,3047,1,12,492558,108,852,648,5112,1,1,80605,3047,0,13,0,0,0,NORMAL,0,3,1,9,38,108,0,852,0,0,0,0,0,0,0
84210,6,bully,3605,1,12,499254,108,854,648,5124,1,1,80605,3605,0,13,0,0,0,NORMAL,0,3,1,9,38,108,0,854,0,0,0,0,0,0,0
83516,10,bully,2911,1,12,490926,108,851,648,5106,1,1,80605,2911,0,13,0,0,0,NORMAL,0,3,1,9,49,108,0,851,0,0,0,0,0,0,0
84093,8,bully,3490,1,12,497862,108,856,648,5136,1,1,80603,3490,0,13,0,0,0,NORMAL,0,3,1,9,37,108,0,856,0,0,0,0,0,0,0
83788,4,bully,3183,1,12,494174,108,859,648,5154,1,1,80605,3183,0,13,0,0,0,NORMAL,0,3,1,10,28,108,0,859,0,0,0,0,0,0,0
83903,2,bully,3298,1,12,495570,108,863,648,5178,1,1,80605,3298,0,13,0,0,0,NORMAL,0,3,1,10,25,108,0,863,0,0,0,0,0,0,0
84071,9,bully,3468,1,12,497598,108,862,648,5172,1,1,80603,3468,0,13,0,0,0,NORMAL,0,3,1,10,28,108,0,862,0,0,0,0,0,0,0
83923,1,bully,3320,1,12,495829,108,868,648,5208,1,1,80603,3320,0,13,0,0,0,LEADER,1,4,1,10,12,108,0,868,0,0,0,0,0,0,0
84231,5,bully,3626,1,12,499506,108,866,648,5196,1,1,80605,3626,0,13,0,0,0,NORMAL,0,3,1,9,37,108,0,866,0,0,0,0,0,0,0
85645,3,bully,2741,1,13,574506,111,872,666,5232,1,1,82904,2741,0,14,0,0,0,NORMAL,0,3,2,4,28,111,0,872,0,0,0,0,0,0,0
85955,7,bully,3047,1,13,578513,111,876,666,5256,1,1,82908,3047,0,14,0,0,0,NORMAL,0,3,2,3,41,111,0,876,0,0,0,0,0,0,0
86513,6,bully,3605,1,13,585767,111,878,666,5268,1,1,82908,3605,0,14,0,0,0,NORMAL,0,3,2,3,41,111,0,878,0,0,0,0,0,0,0
85819,10,bully,2911,1,13,576745,111,875,666,5250,1,1,82908,2911,0,14,0,0,0,NORMAL,0,3,2,3,53,111,0,875,0,0,0,0,0,0,0
86396,8,bully,3490,1,13,584258,111,880,666,5280,1,1,82906,3490,0,14,0,0,0,NORMAL,0,3,2,3,40,111,0,880,0,0,0,0,0,0,0
86091,4,bully,3183,1,13,580265,111,883,666,5298,1,1,82908,3183,0,14,0,0,0,NORMAL,0,3,2,3,31,111,0,883,0,0,0,0,0,0,0
86206,2,bully,3298,1,13,581776,111,887,666,5322,1,1,82908,3298,0,14,0,0,0,NORMAL,0,3,2,4,27,111,0,887,0,0,0,0,0,0,0
86374,9,bully,3468,1,13,583972,111,886,666,5316,1,1,82906,3468,0,14,0,0,0,NORMAL,0,3,2,4,30,111,0,886,0,0,0,0,0,0,0
86226,1,bully,3320,1,13,582055,111,892,666,5352,1,1,82906,3320,0,14,0,0,0,LEADER,1,4,1,4,13,111,0,892,0,0,0,0,0,0,0
86534,5,bully,3626,1,13,586040,111,890,666,5340,1,1,82908,3626,0,14,0,0,0,NORMAL,0,3,2,3,40,111,0,890,0,0,0,0,0,0,0
87948,3,bully,2741,1,13,574506,114,896,684,5376,1,1,85207,2741,0,14,0,0,0,NORMAL,0,3,1,7,28,114,0,896,0,0,0,0,0,0,0
88258,7,bully,3047,1,13,578513,114,900,684,5400,1,1,85211,3047,0,14,0,0,0,NORMAL,0,3,1,6,41,114,0,900,0,0,0,0,0,0,0
88816,6,bully,3605,1,13,585767,114,902,684,5412,1,1,85211,3605,0,14,0,0,0,NORMAL,0,3,1,6,41,114,0,902,0,0,0,0,0,0,0
88122,10,bully,2911,1,13,576745,114,899,684,5394,1,1,85211,2911,0,14,0,0,0,NORMAL,0,3,1,6,53,114,0,899,0,0,0,0,0,0,0
88699,8,bully,3490,1,13,584258,114,904,684,5424,1,1,85209,3490,0,14,0,0,0,NORMAL,0,3,1,6,40,114,0,904,0,0,0,0,0,0,0
88394,4,bully,3183,1,13,580265,114,907,684,5442,1,1,85211,3183,0,14,0,0,0,NORMAL,0,3,1,6,31,114,0,907,0,0,0,0,0,0,0
88509,2,bully,3298,1,13,581776,114,911,684,5466,1,1,85211,3298,0,14,0,0,0,NORMAL,0,3,1,7,27,114,0,911,0,0,0,0,0,0,0
88677,9,bully,3468,1,13,583972,114,910,684,5460,1,1,85209,3468,0,14,0,0,0,NORMAL,0,3,1,7,30,114,0,910,0,0,0,0,0,0,0
88529,1,bully,3320,1,13,582055,114,917,684,5502,1,1,85209,3320,0,14,0,0,0,LEADER,1,4,1,7,13,114,0,917,0,0,0,0,0,0,0
88837,5,bully,3626,1,13,586040,114,914,684,5484,1,1,85211,3626,0,14,0,0,0,NORMAL,0,3,1,6,40,114,0,914,0,0,0,0,0,0,0
90251,3,bully,2741,1,13,574506,117,920,702,5520,1,1,87510,2741,0,14,0,0,0,NORMAL,0,3,1,10,28,117,0,920,0,0,0,0,0,0,0
90561,7,bully,3047,1,13,578513,117,924,702,5544,1,1,87514,3047,0,14,0,0,0,NORMAL,0,3,1,9,41,117,0,924,0,0,0,0,0,0,0
91119,6,bully,3605,1,13,585767,117,926,702,5556,1,1,87514,3605,0,14,0,0,0,NORMAL,0,3,1,9,41,117,0,926,0,0,0,0,0,0,0
90425,10,bully,2911,1,13,576745,117,923,702,5538,1,1,87514,2911,0,14,0,0,0,NORMAL,0,3,1,9,53,117,0,923,0,0,0,0,0,0,0
91002,8,bully,3490,1,13,584258,117,928,702,5568,1,1,87512,3490,0,14,0,0,0,NORMAL,0,3,1,9,40,117,0,928,0,0,0,0,0,0,0
90697,4,bully,3183,1,13,580265,117,931,702,5586,1,1,87514,3183,0,14,0,0,0,NORMAL,0,3,1,9,31,117,0,931,0,0,0,0,0,0,0
90812,2,bully,3298,1,13,581776,117,935,702,5610,1,1,87514,3298,0,14,0,0,0,NORMAL,0,3,1,10,27,117,0,935,0,0,0,0,0,0,0
90980,9,bully,3468,1,13,583972,117,934,702,5604,1,1,87512,3468,0,14,0,0,0,NORMAL,0,3,1,10,30,117,0,934,0,0,0,0,0,0,0
90832,1,bully,3320,1,13,582055,117,941,702,5646,1,1,87512,3320,0,14,0,0,0,LEADER,1,4,1,10,13,117,0,941,0,0,0,0,0,0,0
91140,5,bully,3626,1,13,586040,117,938,702,5628,1,1,87514,3626,0,14,0,0,0,NORMAL,0,3,1,9,40,117,0,938,0,0,0,0,0,0,0
92554,3,bully,2741,1,14,667060,120,944,720,5664,1,1,89813,2741,0,15,0,0,0,NORMAL,0,3,2,4,30,120,0,944,0,0,0,0,0,0,0
92864,7,bully,3047,1,14,671377,120,948,720,5688,1,1,89817,3047,0,15,0,0,0,NORMAL,0,3,2,3,44,120,0,948,0,0,0,0,0,0,0
93422,6,bully,3605,1,14,679189,120,950,720,5700,1,1,89817,3605,0,15,0,0,0,NORMAL,0,3,2,3,44,120,0,950,0,0,0,0,0,0,0
92728,10,bully,2911,1,14,669473,120,946,720,5676,1,1,89817,2911,0,15,0,0,0,NORMAL,0,3,2,3,57,120,0,946,0,0,0,0,0,0,0
93305,8,bully,3490,1,14,677563,120,952,720,5712,1,1,89815,3490,0,15,0,0,0,NORMAL,0,3,2,3,43,120,0,952,0,0,0,0,0,0,0
93000,4,bully,3183,1,14,673265,120,955,720,5730,1,1,89817,3183,0,15,0,0,0,NORMAL,0,3,2,4,33,120,0,955,0,0,0,0,0,0,0
93115,2,bully,3298,1,14,674891,120,959,720,5754,1,1,89817,3298,0,15,0,0,0,NORMAL,0,3,2,4,29,120,0,959,0,0,0,0,0,0,0
93283,9,bully,3468,1,14,677255,120,958,720,5748,1,1,89815,3468,0,15,0,0,0,NORMAL,0,3,2,4,32,120,0,958,0,0,0,0,0,0,0
93135,1,bully,3320,1,14,675190,120,965,720,5790,1,1,89815,3320,0,15,0,0,0,LEADER,1,4,1,4,14,120,0,965,0,0,0,0,0,0,0
93443,5,bully,3626,1,14,679483,120,962,720,5772,1,1,89817,3626,0,15,0,0,0,NORMAL,0,3,2,3,43,120,0,962,0,0,0,0,0,0,0
94857,3,bully,2741,1,14,667060,123,968,738,5808,1,1,92116,2741,0,15,0,0,0,NORMAL,0,3,1,7,30,123,0,968,0,0,0,0,0,0,0
95167,7,bully,3047,1,14,671377,123,972,738,5832,1,1,92120,3047,0,15,0,0,0,NORMAL,0,3,1,6,44,123,0,972,0,0,0,0,0,0,0
95725,6,bully,3605,1,14,679189,123,974,738,5844,1,1,92120,3605,0,15,0,0,0,NORMAL,0,3,1,6,44,123,0,974,0,0,0,0,0,0,0
95031,10,bully,2911,1,14,669473,123,970,738,5820,1,1,92120,2911,0,15,0,0,0,NORMAL,0,3,1,6,57,123,0,970,0,0,0,0,0,0,0
95608,8,bully,3490,1,14,677563,123,976,738,5856,1,1,92118,3490,0,15,0,0,0,NORMAL,0,3,1,6,43,123,0,976,0,0,0,0,0,0,0
95302,4,bully,3183,1,14,673265,123,979,738,5874,1,1,92119,3183,0,15,0,0,0,NORMAL,0,3,1,7,33,123,0,979,0,0,0,0,0,0,0
95418,2,bully,3298,1,14,674891,123,983,738,5898,1,1,92120,3298,0,15,0,0,0,NORMAL,0,3,1,7,29,123,0,983,0,0,0,0,0,0,0
95586,9,bully,3468,1,14,677255,123,982,738,5892,1,1,92118,3468,0,15,0,0,0,NORMAL,0,3,1,7,32,123,0,982,0,0,0,0,0,0,0
95438,1,bully,3320,1,14,675190,123,988,738,5928,1,1,92118,3320,0,15,0,0,0,LEADER,1,4,1,7,14,123,0,988,0,0,0,0,0,0,0
95746,5,bully,3626,1,14,679483,123,986,738,5916,1,1,92120,3626,0,15,0,0,0,NORMAL,0,3,1,6,43,123,0,986,0,0,0,0,0,0,0
97160,3,bully,2741,1,14,667060,126,992,756,5952,1,1,94419,2741,0,15,0,0,0,NORMAL,0,3,1,10,30,126,0,992,0,0,0,0,0,0,0
97470,7,bully,3047,1,14,671377,126,996,756,5976,1,1,94423,3047,0,15,0,0,0,NORMAL,0,3,1,9,44,126,0,996,0,0,0,0,0,0,0
98028,6,bully,3605,1,14,679189,126,998,756,5988,1,1,94423,3605,0,15,0,0,0,NORMAL,0,3,1,9,44,126,0,998,0,0,0,0,0,0,0
97334,10,bully,2911,1,14,669473,126,994,756,5964,1,1,94423,2911,0,15,0,0,0,NORMAL,0,3,1,9,57,126,0,994,0,0,0,0,0,0,0
97911,8,bully,3490,1,14,677563,126,1000,756,6000,1,1,94421,3490,0,15,0,0,0,NORMAL,0,3,1,9,43,126,0,1000,0,0,0,0,0,0,0
97605,4,bully,3183,1,14,673265,126,1003,756,6018,1,1,94422,3183,0,15,0,0,0,NORMAL,0,3,1,10,33,126,0,1003,0,0,0,0,0,0,0
97721,2,bully,3298,1,14,674891,126,1007,756,6042,1,1,94423,3298,0,15,0,0,0,NORMAL,0,3,1,10,29,126,0,1007,0,0,0,0,0,0,0
97889,9,bully,3468,1,14,677255,126,1006,756,6036,1,1,94421,3468,0,15,0,0,0,NORMAL,0,3,1,10,32,126,0,1006,0,0,0,0,0,0,0
97741,1,bully,3320,1,14,675190,126,1012,756,6072,1,1,94421,3320,0,15,0,0,0,LEADER,1,4,1,10,14,126,0,1012,0,0,0,0,0,0,0
98049,5,bully,3626,1,14,679483,126,1010,756,6060,1,1,94423,3626,0,15,0,0,0,NORMAL,0,3,1,9,43,126,0,1010,0,0,0,0,0,0,0
99463,3,bully,2741,1,15,766523,129,1016,774,6096,1,1,96722,2741,0,16,0,0,0,NORMAL,0,3,2,4,32,129,0,1016,0,0,0,0,0,0,0
99773,7,bully,3047,1,15,771150,129,1020,774,6120,1,1,96726,3047,0,16,0,0,0,NORMAL,0,3,2,3,47,129,0,1020,0,0,0,0,0,0,0
100331,6,bully,3605,1,15,779520,129,1022,774,6132,1,1,96726,3605,0,16,0,0,0,NORMAL,0,3,2,3,47,129,0,1022,0,0,0,0,0,0,0
99637,10,bully,2911,1,15,769110,129,1018,774,6108,1,1,96726,2911,0,16,0,0,0,NORMAL,0,3,2,3,61,129,0,1018,0,0,0,0,0,0,0
100214,8,bully,3490,1,15,777777,129,1024,774,6144,1,1,96724,3490,0,16,0,0,0,NORMAL,0,3,2,4,45,129,0,1024,0,0,0,0,0,0,0
99908,4,bully,3183,1,15,773173,129,1027,774,6162,1,1,96725,3183,0,16,0,0,0,NORMAL,0,3,2,4,35,129,0,1027,0,0,0,0,0,0,0
100024,2,bully,3298,1,15,774915,129,1031,774,6186,1,1,96726,3298,0,16,0,0,0,NORMAL,0,3,2,4,31,129,0,1031,0,0,0,0,0,0,0
100192,9,bully,3468,1,15,777447,129,1031,774,6186,1,1,96724,3468,0,16,0,0,0,NORMAL,0,3,2,4,34,129,0,1031,0,0,0,0,0,0,0
100044,1,bully,3320,1,15,775234,129,1036,774,6216,1,1,96724,3320,0,16,0,0,0,LEADER,1,4,1,4,15,129,0,1036,0,0,0,0,0,0,0
100352,5,bully,3626,1,15,779835,129,1033,774,6198,1,1,96726,3626,0,16,0,0,0,NORMAL,0,3,2,3,46,129,0,1033,0,0,0,0,0,0,0
101766,3,bully,2741,1,15,766523,132,1039,792,6234,1,1,99025,2741,0,16,0,0,0,NORMAL,0,3,1,7,32,132,0,1039,0,0,0,0,0,0,0
102076,7,bully,3047,1,15,771150,132,1042,792,6252,1,1,99029,3047,0,16,0,0,0,NORMAL,0,3,1,6,47,132,0,1042,0,0,0,0,0,0,0
102634,6,bully,3605,1,15,779520,132,1044,792,6264,1,1,99029,3605,0,16,0,0,0,NORMAL,0,3,1,6,47,132,0,1044,0,0,0,0,0,0,0
101940,10,bully,2911,1,15,769110,132,1042,792,6252,1,1,99029,2911,0,16,0,0,0,NORMAL,0,3,1,6,61,132,0,1042,0,0,0,0,0,0,0
102517,8,bully,3490,1,15,777777,132,1046,792,6276,1,1,99027,3490,0,16,0,0,0,NORMAL,0,3,1,7,45,132,0,1046,0,0,0,0,0,0,0
102211,4,bully,3183,1,15,773173,132,1049,792,6294,1,1,99028,3183,0,16,0,0,0,NORMAL,0,3,1,7,35,132,0,1049,0,0,0,0,0,0,0
102327,2,bully,3298,1,15,774915,132,1055,792,6330,1,1,99029,3298,0,16,0,0,0,NORMAL,0,3,1,7,31,132,0,1055,0,0,0,0,0,0,0
102495,9,bully,3468,1,15,777447,132,1054,792,6324,1,1,99027,3468,0,16,0,0,0,NORMAL,0,3,1,7,34,132,0,1054,0,0,0,0,0,0,0
102346,1,bully,3320,1,15,775234,132,1060,792,6360,1,1,99026,3320,0,16,0,0,0,LEADER,1,4,1,7,15,132,0,1060,0,0,0,0,0,0,0
102655,5,bully,3626,1,15,779835,132,1055,792,6330,1,1,99029,3626,0,16,0,0,0,NORMAL,0,3,1,6,46,132,0,1055,0,0,0,0,0,0,0
104067,3,bully,2741,1,15,766523,135,1061,810,6366,1,1,101326,2741,0,16,0,0,0,NORMAL,0,3,1,10,32,135,0,1061,0,0,0,0,0,0,0
104379,7,bully,3047,1,15,771150,135,1065,810,6390,1,1,101332,3047,0,16,0,0,0,NORMAL,0,3,1,9,47,135,0,1065,0,0,0,0,0,0,0
104937,6,bully,3605,1,15,779520,135,1067,810,6402,1,1,101332,3605,0,16,0,0,0,NORMAL,0,3,1,9,47,135,0,1067,0,0,0,0,0,0,0
104243,10,bully,2911,1,15,769110,135,1066,810,6396,1,1,101332,2911,0,16,0,0,0,NORMAL,0,3,1,9,61,135,0,1066,0,0,0,0,0,0,0
104820,8,bully,3490,1,15,777777,135,1069,810,6414,1,1,101330,3490,0,16,0,0,0,NORMAL,0,3,1,10,45,135,0,1069,0,0,0,0,0,0,0
104514,4,bully,3183,1,15,773173,135,1072,810,6432,1,1,101331,3183,0,16,0,0,0,NORMAL,0,3,1,10,35,135,0,1072,0,0,0,0,0,0,0
104630,2,bully,3298,1,15,774915,135,1079,810,6474,1,1,101332,3298,0,16,0,0,0,NORMAL,0,3,1,10,31,135,0,1079,0,0,0,0,0,0,0
104798,9,bully,3468,1,15,777447,135,1079,810,6474,1,1,101330,3468,0,16,0,0,0,NORMAL,0,3,1,10,34,135,0,1079,0,0,0,0,0,0,0
104649,1,bully,3320,1,15,775234,135,1084,810,6504,1,1,101329,3320,0,16,0,0,0,LEADER,1,4,1,10,15,135,0,1084,0,0,0,0,0,0,0
104958,5,bully,3626,1,15,779835,135,1079,810,6474,1,1,101332,3626,0,16,0,0,0,NORMAL,0,3,1,9,46,135,0,1079,0,0,0,0,0,0,0
106370,3,bully,2741,1,16,872893,138,1085,828,6510,1,1,103629,2741,0,17,0,0,0,NORMAL,0,3,2,4,34,138,0,1085,0,0,0,0,0,0,0
106682,7,bully,3047,1,16,877832,138,1089,828,6534,1,1,103635,3047,0,17,0,0,0,NORMAL,0,3,2,3,50,138,0,1089,0,0,0,0,0,0,0
107240,6,bully,3605,1,16,886760,138,1091,828,6546,1,1,103635,3605,0,17,0,0,0,NORMAL,0,3,2,3,50,138,0,1091,0,0,0,0,0,0,0
106546,10,bully,2911,1,16,875656,138,1090,828,6540,1,1,103635,2911,0,17,0,0,0,NORMAL,0,3,2,3,65,138,0,1090,0,0,0,0,0,0,0
107123,8,bully,3490,1,16,884900,138,1093,828,6558,1,1,103633,3490,0,17,0,0,0,NORMAL,0,3,2,4,47,138,0,1093,0,0,0,0,0,0,0
106817,4,bully,3183,1,16,879990,138,1096,828,6576,1,1,103634,3183,0,17,0,0,0,NORMAL,0,3,2,4,37,138,0,1096,0,0,0,0,0,0,0
106933,2,bully,3298,1,16,881848,138,1103,828,6618,1,1,103635,3298,0,17,0,0,0,NORMAL,0,3,2,4,33,138,0,1103,0,0,0,0,0,0,0
107101,9,bully,3468,1,16,884548,138,1102,828,6612,1,1,103633,3468,0,17,0,0,0,NORMAL,0,3,2,4,36,138,0,1102,0,0,0,0,0,0,0
106952,1,bully,3320,1,16,882186,138,1108,828,6648,1,1,103632,3320,0,17,0,0,0,LEADER,1,4,1,4,16,138,0,1108,0,0,0,0,0,0,0
107261,5,bully,3626,1,16,887096,138,1103,828,6618,1,1,103635,3626,0,17,0,0,0,NORMAL,0,3,2,3,49,138,0,1103,0,0,0,0,0,0,0
108673,3,bully,2741,1,16,872893,141,1109,846,6654,1,1,105932,2741,0,17,0,0,0,NORMAL,0,3,1,7,34,141,0,1109,0,0,0,0,0,0,0
108985,7,bully,3047,1,16,877832,141,1113,846,6678,1,1,105938,3047,0,17,0,0,0,NORMAL,0,3,1,6,50,141,0,1113,0,0,0,0,0,0,0
109543,6,bully,3605,1,16,886760,141,1115,846,6690,1,1,105938,3605,0,17,0,0,0,NORMAL,0,3,1,6,50,141,0,1115,0,0,0,0,0,0,0
108849,10,bully,2911,1,16,875656,141,1114,846,6684,1,1,105938,2911,0,17,0,0,0,NORMAL,0,3,1,6,65,141,0,1114,0,0,0,0,0,0,0
109426,8,bully,3490,1,16,884900,141,1117,846,6702,1,1,105936,3490,0,17,0,0,0,NORMAL,0,3,1,7,47,141,0,1117,0,0,0,0,0,0,0
109120,4,bully,3183,1,16,879990,141,1120,846,6720,1,1,105937,3183,0,17,0,0,0,NORMAL,0,3,1,7,37,141,0,1120,0,0,0,0,0,0,0
109236,2,bully,3298,1,16,881848,141,1127,846,6762,1,1,105938,3298,0,17,0,0,0,NORMAL,0,3,1,7,33,141,0,1127,0,0,0,0,0,0,0
109403,9,bully,3468,1,16,884548,141,1127,846,6762,1,1,105935,3468,0,17,0,0,0,NORMAL,0,3,1,7,36,141,0,1127,0,0,0,0,0,0,0
109254,1,bully,3320,1,16,882186,141,1133,846,6798,1,1,105934,3320,0,17,0,0,0,LEADER,1,4,1,7,16,141,0,1133,0,0,0,0,0,0,0
109564,5,bully,3626,1,16,887096,141,1127,846,6762,1,1,105938,3626,0,17,0,0,0,NORMAL,0,3,1,6,49,141,0,1127,0,0,0,0,0,0,0
110976,3,bully,2741,1,16,872893,144,1133,864,6798,1,1,108235,2741,0,17,0,0,0,NORMAL,0,3,1,10,34,144,0,1133,0,0,0,0,0,0,0
111288,7,bully,3047,1,16,877832,144,1137,864,6822,1,1,108241,3047,0,17,0,0,0,NORMAL,0,3,1,9,50,144,0,1137,0,0,0,0,0,0,0
111846,6,bully,3605,1,16,886760,144,1139,864,6834,1,1,108241,3605,0,17,0,0,0,NORMAL,0,3,1,9,50,144,0,1139,0,0,0,0,0,0,0
111152,10,bully,2911,1,16,875656,144,1137,864,6822,1,1,108241,2911,0,17,0,0,0,NORMAL,0,3,1,9,65,144,0,1137,0,0,0,0,0,0,0
111729,8,bully,3490,1,16,884900,144,1141,864,6846,1,1,108239,3490,0,17,0,0,0,NORMAL,0,3,1,10,47,144,0,1141,0,0,0,0,0,0,0
111423,4,bully,3183,1,16,879990,144,1144,864,6864,1,1,108240,3183,0,17,0,0,0,NORMAL,0,3,1,10,37,144,0,1144,0,0,0,0,0,0,0
111539,2,bully,3298,1,16,881848,144,1151,864,6906,1,1,108241,3298,0,17,0,0,0,NORMAL,0,3,1,10,33,144,0,1151,0,0,0,0,0,0,0
111706,9,bully,3468,1,16,884548,144,1151,864,6906,1,1,108238,3468,0,17,0,0,0,NORMAL,0,3,1,10,36,144,0,1151,0,0,0,0,0,0,0
111557,1,bully,3320,1,16,882186,144,1156,864,6936,1,1,108237,3320,0,17,0,0,0,LEADER,1,4,1,10,16,144,0,1156,0,0,0,0,0,0,0
111867,5,bully,3626,1,16,887096,144,1151,864,6906,1,1,108241,3626,0,17,0,0,0,NORMAL,0,3,1,9,49,144,0,1151,0,0,0,0,0,0,0
113279,3,bully,2741,1,17,986172,147,1157,882,6942,1,1,110538,2741,0,18,0,0,0,NORMAL,0,3,2,4,36,147,0,1157,0,0,0,0,0,0,0
113591,7,bully,3047,1,17,991423,147,1161,882,6966,1,1,110544,3047,0,18,0,0,0,NORMAL,0,3,2,3,53,147,0,1161,0,0,0,0,0,0,0
114149,6,bully,3605,1,17,1000909,147,1163,882,6978,1,1,110544,3605,0,18,0,0,0,NORMAL,0,3,2,3,53,147,0,1163,0,0,0,0,0,0,0
113455,10,bully,2911,1,17,989111,147,1161,882,6966,1,1,110544,2911,0,18,0,0,0,NORMAL,0,3,2,3,69,147,0,1161,0,0,0,0,0,0,0
114032,8,bully,3490,1,17,998932,147,1165,882,6990,1,1,110542,3490,0,18,0,0,0,NORMAL,0,3,2,3,50,147,0,1165,0,0,0,0,0,0,0
113726,4,bully,3183,1,17,993716,147,1168,882,7008,1,1,110543,3183,0,18,0,0,0,NORMAL,0,3,2,4,39,147,0,1168,0,0,0,0,0,0,0
113842,2,bully,3298,1,17,995690,147,1175,882,7050,1,1,110544,3298,0,18,0,0,0,NORMAL,0,3,2,4,35,147,0,1175,0,0,0,0,0,0,0
114009,9,bully,3468,1,17,998557,147,1175,882,7050,1,1,110541,3468,0,18,0,0,0,NORMAL,0,3,2,4,38,147,0,1175,0,0,0,0,0,0,0
113860,1,bully,3320,1,17,996046,147,1181,882,7086,1,1,110540,3320,0,18,0,0,0,LEADER,1,4,1,4,17,147,0,1181,0,0,0,0,0,0,0
114170,5,bully,3626,1,17,1001266,147,1175,882,7050,1,1,110544,3626,0,18,0,0,0,NORMAL,0,3,2,3,52,147,0,1175,0,0,0,0,0,0,0
115582,3,bully,2741,1,17,986172,150,1181,900,7086,1,1,112841,2741,0,18,0,0,0,NORMAL,0,3,1,7,36,150,0,1181,0,0,0,0,0,0,0
115894,7,bully,3047,1,17,991423,150,1185,900,7110,1,1,112847,3047,0,18,0,0,0,NORMAL,0,3,1,6,53,150,0,1185,0,0,0,0,0,0,0
116452,6,bully,3605,1,17,1000909,150,1187,900,7122,1,1,112847,3605,0,18,0,0,0,NORMAL,0,3,1,6,53,150,0,1187,0,0,0,0,0,0,0
115758,10,bully,2911,1,17,989111,150,1185,900,7110,1,1,112847,2911,0,18,0,0,0,NORMAL,0,3,1,6,69,150,0,1185,0,0,0,0,0,0,0
116335,8,bully,3490,1,17,998932,150,1189,900,7134,1,1,112845,3490,0,18,0,0,0,NORMAL,0,3,1,6,50,150,0,1189,0,0,0,0,0,0,0
116029,4,bully,3183,1,17,993716,150,1192,900,7152,1,1,112846,3183,0,18,0,0,0,NORMAL,0,3,1,7,39,150,0,1192,0,0,0,0,0,0,0
116145,2,bully,3298,1,17,995690,150,1199,900,7194,1,1,112847,3298,0,18,0,0,0,NORMAL,0,3,1,7,35,150,0,1199,0,0,0,0,0,0,0
116312,9,bully,3468,1,17,998557,150,1198,900,7188,1,1,112844,3468,0,18,0,0,0,NORMAL,0,3,1,7,38,150,0,1198,0,0,0,0,0,0,0
116163,1,bully,3320,1,17,996046,150,1204,900,7224,1,1,112843,3320,0,18,0,0,0,LEADER,1,4,1,7,17,150,0,1204,0,0,0,0,0,0,0
116473,5,bully,3626,1,17,1001266,150,1199,900,7194,1,1,112847,3626,0,18,0,0,0,NORMAL,0,3,1,6,52,150,0,1199,0,0,0,0,0,0,0
117885,3,bully,2741,1,17,986172,153,1205,918,7230,1,1,115144,2741,0,18,0,0,0,NORMAL,0,3,1,10,36,153,0,1205,0,0,0,0,0,0,0
118197,7,bully,3047,1,17,991423,153,1209,918,7254,1,1,115150,3047,0,18,0,0,0,NORMAL,0,3,1,9,53,153,0,1209,0,0,0,0,0,0,0
118755,6,bully,3605,1,17,1000909,153,1211,918,7266,1,1,115150,3605,0,18,0,0,0,NORMAL,0,3,1,9,53,153,0,1211,0,0,0,0,0,0,0
118061,10,bully,2911,1,17,989111,153,1209,918,7254,1,1,115150,2911,0,18,0,0,0,NORMAL,0,3,1,9,69,153,0,1209,0,0,0,0,0,0,0
118638,8,bully,3490,1,17,998932,153,1213,918,7278,1,1,115148,3490,0,18,0,0,0,NORMAL,0,3,1,9,50,153,0,1213,0,0,0,0,0,0,0
118332,4,bully,3183,1,17,993716,153,1216,918,7296,1,1,115149,3183,0,18,0,0,0,NORMAL,0,3,1,10,39,153,0,1216,0,0,0,0,0,0,0
118448,2,bully,3298,1,17,995690,153,1223,918,7338,1,1,115150,3298,0,18,0,0,0,NORMAL,0,3,1,10,35,153,0,1223,0,0,0,0,0,0,0
118615,9,bully,3468,1,17,998557,153,1222,918,7332,1,1,115147,3468,0,18,0,0,0,NORMAL,0,3,1,10,38,153,0,1222,0,0,0,0,0,0,0
118466,1,bully,3320,1,17,996046,153,1229,918,7374,1,1,115146,3320,0,18,0,0,0,LEADER,1,4,1,10,17,153,0,1229,0,0,0,0,0,0,0
118776,5,bully,3626,1,17,1001266,153,1223,918,7338,1,1,115150,3626,0,18,0,0,0,NORMAL,0,3,1,9,52,153,0,1223,0,0,0,0,0,0,0
120188,3,bully,2741,1,18,1106360,156,1229,936,7374,1,1,117447,2741,0,19,0,0,0,NORMAL,0,3,2,4,38,156,0,1229,0,0,0,0,0,0,0
120500,7,bully,3047,1,18,1111923,156,1233,936,7398,1,1,117453,3047,0,19,0,0,0,NORMAL,0,3,2,3,56,156,0,1233,0,0,0,0,0,0,0
121058,6,bully,3605,1,18,1121967,156,1235,936,7410,1,1,117453,3605,0,19,0,0,0,NORMAL,0,3,2,3,56,156,0,1235,0,0,0,0,0,0,0
120364,10,bully,2911,1,18,1109475,156,1233,936,7398,1,1,117453,2911,0,19,0,0,0,NORMAL,0,3,2,3,73,156,0,1233,0,0,0,0,0,0,0
120941,8,bully,3490,1,18,1119873,156,1237,936,7422,1,1,117451,3490,0,19,0,0,0,NORMAL,0,3,2,4,52,156,0,1237,0,0,0,0,0,0,0
120635,4,bully,3183,1,18,1114351,156,1240,936,7440,1,1,117452,3183,0,19,0,0,0,NORMAL,0,3,2,4,41,156,0,1240,0,0,0,0,0,0,0
120751,2,bully,3298,1,18,1116441,156,1247,936,7482,1,1,117453,3298,0,19,0,0,0,NORMAL,0,3,2,4,37,156,0,1247,0,0,0,0,0,0,0
120918,9,bully,3468,1,18,1119475,156,1247,936,7482,1,1,117450,3468,0,19,0,0,0,NORMAL,0,3,2,4,40,156,0,1247,0,0,0,0,0,0,0
120769,1,bully,3320,1,18,1116815,156,1251,936,7506,1,1,117449,3320,0,19,0,0,0,LEADER,1,4,1,4,18,156,0,1251,0,0,0,0,0,0,0
121079,5,bully,3626,1,18,1122345,156,1247,936,7482,1,1,117453,3626,0,19,0,0,0,NORMAL,0,3,2,3,55,156,0,1247,0,0,0,0,0,0,0
122491,3,bully,2741,1,18,1106360,159,1253,954,7518,1,1,119750,2741,0,19,0,0,0,NORMAL,0,3,1,7,38,159,0,1253,0,0,0,0,0,0,0
122803,7,bully,3047,1,18,1111923,159,1257,954,7542,1,1,119756,3047,0,19,0,0,0,NORMAL,0,3,1,6,56,159,0,1257,0,0,0,0,0,0,0
123361,6,bully,3605,1,18,1121967,159,1259,954,7554,1,1,119756,3605,0,19,0,0,0,NORMAL,0,3,1,6,56,159,0,1259,0,0,0,0,0,0,0
122667,10,bully,2911,1,18,1109475,159,1257,954,7542,1,1,119756,2911,0,19,0,0,0,NORMAL,0,3,1,6,73,159,0,1257,0,0,0,0,0,0,0
123244,8,bully,3490,1,18,1119873,159,1261,954,7566,1,1,119754,3490,0,19,0,0,0,NORMAL,0,3,1,7,52,159,0,1261,0,0,0,0,0,0,0
122938,4,bully,3183,1,18,1114351,159,1264,954,7584,1,1,119755,3183,0,19,0,0,0,NORMAL,0,3,1,7,41,159,0,1264,0,0,0,0,0,0,0
123054,2,bully,3298,1,18,1116441,159,1271,954,7626,1,1,119756,3298,0,19,0,0,0,NORMAL,0,3,1,7,37,159,0,1271,0,0,0,0,0,0,0
123221,9,bully,3468,1,18,1119475,159,1271,954,7626,1,1,119753,3468,0,19,0,0,0,NORMAL,0,3,1,7,40,159,0,1271,0,0,0,0,0,0,0
123072,1,bully,3320,1,18,1116815,159,1276,954,7656,1,1,119752,3320,0,19,0,0,0,LEADER,1,4,1,7,18,159,0,1276,0,0,0,0,0,0,0
123382,5,bully,3626,1,18,1122345,159,1271,954,7626,1,1,119756,3626,0,19,0,0,0,NORMAL,0,3,1,6,55,159,0,1271,0,0,0,0,0,0,0
124794,3,bully,2741,1,18,1106360,162,1277,972,7662,1,1,122053,2741,0,19,0,0,0,NORMAL,0,3,1,10,38,162,0,1277,0,0,0,0,0,0,0
125106,7,bully,3047,1,18,1111923,162,1281,972,7686,1,1,122059,3047,0,19,0,0,0,NORMAL,0,3,1,9,56,162,0,1281,0,0,0,0,0,0,0
125664,6,bully,3605,1,18,1121967,162,1283,972,7698,1,1,122059,3605,0,19,0,0,0,NORMAL,0,3,1,9,56,162,0,1283,0,0,0,0,0,0,0
124970,10,bully,2911,1,18,1109475,162,1281,972,7686,1,1,122059,2911,0,19,0,0,0,NORMAL,0,3,1,9,73,162,0,1281,0,0,0,0,0,0,0
125547,8,bully,3490,1,18,1119873,162,1285,972,7710,1,1,122057,3490,0,19,0,0,0,NORMAL,0,3,1,10,52,162,0,1285,0,0,0,0,0,0,0
125241,4,bully,3183,1,18,1114351,162,1288,972,7728,1,1,122058,3183,0,19,0,0,0,NORMAL,0,3,1,10,41,162,0,1288,0,0,0,0,0,0,0
125357,2,bully,3298,1,18,1116441,162,1295,972,7770,1,1,122059,3298,0,19,0,0,0,NORMAL,0,3,1,10,37,162,0,1295,0,0,0,0,0,0,0
125524,9,bully,3468,1,18,1119475,162,1295,972,7770,1,1,122056,3468,0,19,0,0,0,NORMAL,0,3,1,10,40,162,0,1295,0,0,0,0,0,0,0
125375,1,bully,3320,1,18,1116815,162,1301,972,7806,1,1,122055,3320,0,19,0,0,0,LEADER,1,4,1,10,18,162,0,1301,0,0,0,0,0,0,0
125685,5,bully,3626,1,18,1122345,162,1295,972,7770,1,1,122059,3626,0,19,0,0,0,NORMAL,0,3,1,9,55,162,0,1295,0,0,0,0,0,0,0
127097,3,bully,2741,1,19,1233457,165,1301,990,7806,1,1,124356,2741,0,20,0,0,0,NORMAL,0,3,2,4,40,165,0,1301,0,0,0,0,0,0,0
127409,7,bully,3047,1,19,1239332,165,1305,990,7830,1,1,124362,3047,0,20,0,0,0,NORMAL,0,3,2,3,59,165,0,1305,0,0,0,0,0,0,0
127967,6,bully,3605,1,19,1249934,165,1307,990,7842,1,1,124362,3605,0,20,0,0,0,NORMAL,0,3,2,3,59,165,0,1307,0,0,0,0,0,0,0
127273,10,bully,2911,1,19,1236748,165,1305,990,7830,1,1,124362,2911,0,20,0,0,0,NORMAL,0,3,2,3,77,165,0,1305,0,0,0,0,0,0,0
127850,8,bully,3490,1,19,1247723,165,1309,990,7854,1,1,124360,3490,0,20,0,0,0,NORMAL,0,3,2,4,54,165,0,1309,0,0,0,0,0,0,0
127544,4,bully,3183,1,19,1241895,165,1312,990,7872,1,1,124361,3183,0,20,0,0,0,NORMAL,0,3,2,4,43,165,0,1312,0,0,0,0,0,0,0
127660,2,bully,3298,1,19,1244101,165,1319,990,7914,1,1,124362,3298,0,20,0,0,0,NORMAL,0,3,2,4,39,165,0,1319,0,0,0,0,0,0,0
127826,9,bully,3468,1,19,1247301,165,1318,990,7908,1,1,124358,3468,0,20,0,0,0,NORMAL,0,3,2,4,42,165,0,1318,0,0,0,0,0,0,0
127678,1,bully,3320,1,19,1244493,165,1323,990,7938,1,1,124358,3320,0,20,0,0,0,LEADER,1,4,1,4,19,165,0,1323,0,0,0,0,0,0,0
127988,5,bully,3626,1,19,1250333,165,1319,990,7914,1,1,124362,3626,0,20,0,0,0,NORMAL,0,3,2,3,58,165,0,1319,0,0,0,0,0,0,0
129400,3,bully,2741,1,19,1233457,168,1325,1008,7950,1,1,126659,2741,0,20,0,0,0,NORMAL,0,3,1,7,40,168,0,1325,0,0,0,0,0,0,0
129712,7,bully,3047,1,19,1239332,168,1329,1008,7974,1,1,126665,3047,0,20,0,0,0,NORMAL,0,3,1,6,59,168,0,1329,0,0,0,0,0,0,0
130270,6,bully,3605,1,19,1249934,168,1331,1008,7986,1,1,126665,3605,0,20,0,0,0,NORMAL,0,3,1,6,59,168,0,1331,0,0,0,0,0,0,0
129576,10,bully,2911,1,19,1236748,168,1329,1008,7974,1,1,126665,2911,0,20,0,0,0,NORMAL,0,3,1,6,77,168,0,1329,0,0,0,0,0,0,0
130153,8,bully,3490,1,19,1247723,168,1333,1008,7998,1,1,126663,3490,0,20,0,0,0,NORMAL,0,3,1,7,54,168,0,1333,0,0,0,0,0,0,0
129847,4,bully,3183,1,19,1241895,168,1336,1008,8016,1,1,126664,3183,0,20,0,0,0,NORMAL,0,3,1,7,43,168,0,1336,0,0,0,0,0,0,0
129963,2,bully,3298,1,19,1244101,168,1343,1008,8058,1,1,126665,3298,0,20,0,0,0,NORMAL,0,3,1,7,39,168,0,1343,0,0,0,0,0,0,0
130129,9,bully,3468,1,19,1247301,168,1342,1008,8052,1,1,126661,3468,0,20,0,0,0,NORMAL,0,3,1,7,42,168,0,1342,0,0,0,0,0,0,0
129981,1,bully,3320,1,19,1244493,168,1348,1008,8088,1,1,126661,3320,0,20,0,0,0,LEADER,1,4,1,7,19,168,0,1348,0,0,0,0,0,0,0
130291,5,bully,3626,1,19,1250333,168,1343,1008,8058,1,1,126665,3626,0,20,0,0,0,NORMAL,0,3,1,6,58,168,0,1343,0,0,0,0,0,0,0
131703,3,bully,2741,1,19,1233457,171,1349,1026,8094,1,1,128962,2741,0,20,0,0,0,NORMAL,0,3,1,10,40,171,0,1349,0,0,0,0,0,0,0
132015,7,bully,3047,1,19,1239332,171,1353,1026,8118,1,1,128968,3047,0,20,0,0,0,NORMAL,0,3,1,9,59,171,0,1353,0,0,0,0,0,0,0
132573,6,bully,3605,1,19,1249934,171,1355,1026,8130,1,1,128968,3605,0,20,0,0,0,NORMAL,0,3,1,9,59,171,0,1355,0,0,0,0,0,0,0
131879,10,bully,2911,1,19,1236748,171,1353,1026,8118,1,1,128968,2911,0,20,0,0,0,NORMAL,0,3,1,9,77,171,0,1353,0,0,0,0,0,0,0
132456,8,bully,3490,1,19,1247723,171,1357,1026,8142,1,1,128966,3490,0,20,0,0,0,NORMAL,0,3,1,10,54,171,0,1357,0,0,0,0,0,0,0
132150,4,bully,3183,1,19,1241895,171,1360,1026,8160,1,1,128967,3183,0,20,0,0,0,NORMAL,0,3,1,10,43,171,0,1360,0,0,0,0,0,0,0
132266,2,bully,3298,1,19,1244101,171,1367,1026,8202,1,1,128968,3298,0,20,0,0,0,NORMAL,0,3,1,10,39,171,0,1367,0,0,0,0,0,0,0
132432,9,bully,3468,1,19,1247301,171,1366,1026,8196,1,1,128964,3468,0,20,0,0,0,NORMAL,0,3,1,10,42,171,0,1366,0,0,0,0,0,0,0
132284,1,bully,3320,1,19,1244493,171,1373,1026,8238,1,1,128964,3320,0,20,0,0,0,LEADER,1,4,1,10,19,171,0,1373,0,0,0,0,0,0,0
132594,5,bully,3626,1,19,1250333,171,1367,1026,8202,1,1,128968,3626,0,20,0,0,0,NORMAL,0,3,1,9,58,171,0,1367,0,0,0,0,0,0,0
134006,3,bully,2741,1,20,1367463,174,1373,1044,8238,1,1,131265,2741,0,21,0,0,0,NORMAL,0,3,2,4,42,174,0,1373,0,0,0,0,0,0,0
134318,7,bully,3047,1,20,1373650,174,1377,1044,8262,1,1,131271,3047,0,21,0,0,0,NORMAL,0,3,2,3,62,174,0,1377,0,0,0,0,0,0,0
134876,6,bully,3605,1,20,1384810,174,1379,1044,8274,1,1,131271,3605,0,21,0,0,0,NORMAL,0,3,2,3,62,174,0,1379,0,0,0,0,0,0,0
134182,10,bully,2911,1,20,1370930,174,1377,1044,8262,1,1,131271,2911,0,21,0,0,0,NORMAL,0,3,2,3,81,174,0,1377,0,0,0,0,0,0,0
134759,8,bully,3490,1,20,1382482,174,1381,1044,8286,1,1,131269,3490,0,21,0,0,0,NORMAL,0,3,2,4,56,174,0,1381,0,0,0,0,0,0,0
134453,4,bully,3183,1,20,1376348,174,1384,1044,8304,1,1,131270,3183,0,21,0,0,0,NORMAL,0,3,2,4,45,174,0,1384,0,0,0,0,0,0,0
134569,2,bully,3298,1,20,1378670,174,1391,1044,8346,1,1,131271,3298,0,21,0,0,0,NORMAL,0,3,2,4,41,174,0,1391,0,0,0,0,0,0,0
134735,9,bully,3468,1,20,1382036,174,1390,1044,8340,1,1,131267,3468,0,21,0,0,0,NORMAL,0,3,2,4,44,174,0,1390,0,0,0,0,0,0,0
134587,1,bully,3320,1,20,1379080,174,1396,1044,8376,1,1,131267,3320,0,21,0,0,0,LEADER,1,4,1,4,20,174,0,1396,0,0,0,0,0,0,0
134897,5,bully,3626,1,20,1385230,174,1391,1044,8346,1,1,131271,3626,0,21,0,0,0,NORMAL,0,3,2,3,61,174,0,1391,0,0,0,0,0,0,0
136309,3,bully,2741,1,20,1367463,177,1397,1062,8382,1,1,133568,2741,0,21,0,0,0,NORMAL,0,3,1,7,42,177,0,1397,0,0,0,0,0,0,0
136621,7,bully,3047,1,20,1373650,177,1401,1062,8406,1,1,133574,3047,0,21,0,0,0,NORMAL,0,3,1,6,62,177,0,1401,0,0,0,0,0,0,0
137179,6,bully,3605,1,20,1384810,177,1403,1062,8418,1,1,133574,3605,0,21,0,0,0,NORMAL,0,3,1,6,62,177,0,1403,0,0,0,0,0,0,0
136485,10,bully,2911,1,20,1370930,177,1401,1062,8406,1,1,133574,2911,0,21,0,0,0,NORMAL,0,3,1,6,81,177,0,1401,0,0,0,0,0,0,0
137062,8,bully,3490,1,20,1382482,177,1405,1062,8430,1,1,133572,3490,0,21,0,0,0,NORMAL,0,3,1,7,56,177,0,1405,0,0,0,0,0,0,0
136756,4,bully,3183,1,20,1376348,177,1408,1062,8448,1,1,133573,3183,0,21,0,0,0,NORMAL,0,3,1,7,45,177,0,1408,0,0,0,0,0,0,0
136872,2,bully,3298,1,20,1378670,177,1415,1062,8490,1,1,133574,3298,0,21,0,0,0,NORMAL,0,3,1,7,41,177,0,1415,0,0,0,0,0,0,0
137038,9,bully,3468,1,20,1382036,177,1414,1062,8484,1,1,133570,3468,0,21,0,0,0,NORMAL,0,3,1,7,44,177,0,1414,0,0,0,0,0,0,0
136890,1,bully,3320,1,20,1379080,177,1421,1062,8526,1,1,133570,3320,0,21,0,0,0,LEADER,1,4,1,7,20,177,0,1421,0,0,0,0,0,0,0
137200,5,bully,3626,1,20,1385230,177,1415,1062,8490,1,1,133574,3626,0,21,0,0,0,NORMAL,0,3,1,6,61,177,0,1415,0,0,0,0,0,0,0
138612,3,bully,2741,1,20,1367463,180,1421,1080,8526,1,1,135871,2741,0,21,0,0,0,NORMAL,0,3,1,10,42,180,0,1421,0,0,0,0,0,0,0
138924,7,bully,3047,1,20,1373650,180,1425,1080,8550,1,1,135877,3047,0,21,0,0,0,NORMAL,0,3,1,9,62,180,0,1425,0,0,0,0,0,0,0
139482,6,bully,3605,1,20,1384810,180,1427,1080,8562,1,1,135877,3605,0,21,0,0,0,NORMAL,0,3,1,9,62,180,0,1427,0,0,0,0,0,0,0
138788,10,bully,2911,1,20,1370930,180,1425,1080,8550,1,1,135877,2911,0,21,0,0,0,NORMAL,0,3,1,9,81,180,0,1425,0,0,0,0,0,0,0
139365,8,bully,3490,1,20,1382482,180,1429,1080,8574,1,1,135875,3490,0,21,0,0,0,NORMAL,0,3,1,10,56,180,0,1429,0,0,0,0,0,0,0
139059,4,bully,3183,1,20,1376348,180,1432,1080,8592,1,1,135876,3183,0,21,0,0,0,NORMAL,0,3,1,10,45,180,0,1432,0,0,0,0,0,0,0
139175,2,bully,3298,1,20,1378670,180,1439,1080,8634,1,1,135877,3298,0,21,0,0,0,NORMAL,0,3,1,10,41,180,0,1439,0,0,0,0,0,0,0
139341,9,bully,3468,1,20,1382036,180,1438,1080,8628,1,1,135873,3468,0,21,0,0,0,NORMAL,0,3,1,10,44,180,0,1438,0,0,0,0,0,0,0
139193,1,bully,3320,1,20,1379080,180,1444,1080,8664,1,1,135873,3320,0,21,0,0,0,LEADER,1,4,1,10,20,180,0,1444,0,0,0,0,0,0,0
139503,5,bully,3626,1,20,1385230,180,1438,1080,8628,1,1,135877,3626,0,21,0,0,0,NORMAL,0,3,1,9,61,180,0,1438,0,0,0,0,0,0,0
140915,3,bully,2741,1,21,1508378,183,1445,1098,8670,1,1,138174,2741,0,22,0,0,0,NORMAL,0,3,2,4,44,183,0,1445,0,0,0,0,0,0,0
141227,7,bully,3047,1,21,1514877,183,1448,1098,8688,1,1,138180,3047,0,22,0,0,0,NORMAL,0,3,2,3,65,183,0,1448,0,0,0,0,0,0,0
141785,6,bully,3605,1,21,1526595,183,1450,1098,8700,1,1,138180,3605,0,22,0,0,0,NORMAL,0,3,2,3,65,183,0,1450,0,0,0,0,0,0,0
141091,10,bully,2911,1,21,1512021,183,1448,1098,8688,1,1,138180,2911,0,22,0,0,0,NORMAL,0,3,2,3,85,183,0,1448,0,0,0,0,0,0,0
141668,8,bully,3490,1,21,1524150,183,1452,1098,8712,1,1,138178,3490,0,22,0,0,0,NORMAL,0,3,2,4,58,183,0,1452,0,0,0,0,0,0,0
141362,4,bully,3183,1,21,1517710,183,1456,1098,8736,1,1,138179,3183,0,22,0,0,0,NORMAL,0,3,2,4,47,183,0,1456,0,0,0,0,0,0,0
141478,2,bully,3298,1,21,1520148,183,1463,1098,8778,1,1,138180,3298,0,22,0,0,0,NORMAL,0,3,2,4,43,183,0,1463,0,0,0,0,0,0,0
141644,9,bully,3468,1,21,1523680,183,1462,1098,8772,1,1,138176,3468,0,22,0,0,0,NORMAL,0,3,2,4,46,183,0,1462,0,0,0,0,0,0,0
141496,1,bully,3320,1,21,1520576,183,1468,1098,8808,1,1,138176,3320,0,22,0,0,0,LEADER,1,4,1,4,21,183,0,1468,0,0,0,0,0,0,0
141806,5,bully,3626,1,21,1527036,183,1462,1098,8772,1,1,138180,3626,0,22,0,0,0,NORMAL,0,3,2,3,64,183,0,1462,0,0,0,0,0,0,0
143218,3,bully,2741,1,21,1508378,186,1469,1116,8814,1,1,140477,2741,0,22,0,0,0,NORMAL,0,3,1,7,44,186,0,1469,0,0,0,0,0,0,0
143530,7,bully,3047,1,21,1514877,186,1472,1116,8832,1,1,140483,3047,0,22,0,0,0,NORMAL,0,3,1,6,65,186,0,1472,0,0,0,0,0,0,0
144088,6,bully,3605,1,21,1526595,186,1474,1116,8844,1,1,140483,3605,0,22,0,0,0,NORMAL,0,3,1,6,65,186,0,1474,0,0,0,0,0,0,0
143394,10,bully,2911,1,21,1512021,186,1472,1116,8832,1,1,140483,2911,0,22,0,0,0,NORMAL,0,3,1,6,85,186,0,1472,0,0,0,0,0,0,0
143971,8,bully,3490,1,21,1524150,186,1476,1116,8856,1,1,140481,3490,0,22,0,0,0,NORMAL,0,3,1,7,58,186,0,1476,0,0,0,0,0,0,0
143665,4,bully,3183,1,21,1517710,186,1480,1116,8880,1,1,140482,3183,0,22,0,0,0,NORMAL,0,3,1,7,47,186,0,1480,0,0,0,0,0,0,0
143781,2,bully,3298,1,21,1520148,186,1487,1116,8922,1,1,140483,3298,0,22,0,0,0,NORMAL,0,3,1,7,43,186,0,1487,0,0,0,0,0,0,0
143947,9,bully,3468,1,21,1523680,186,1485,1116,8910,1,1,140479,3468,0,22,0,0,0,NORMAL,0,3,1,7,46,186,0,1485,0,0,0,0,0,0,0
143799,1,bully,3320,1,21,1520576,186,1492,1116,8952,1,1,140479,3320,0,22,0,0,0,LEADER,1,4,1,7,21,186,0,1492,0,0,0,0,0,0,0
144109,5,bully,3626,1,21,1527036,186,1486,1116,8916,1,1,140483,3626,0,22,0,0,0,NORMAL,0,3,1,6,64,186,0,1486,0,0,0,0,0,0,0
145521,3,bully,2741,1,21,1508378,189,1493,1134,8958,1,1,142780,2741,0,22,0,0,0,NORMAL,0,3,1,10,44,189,0,1493,0,0,0,0,0,0,0
145833,7,bully,3047,1,21,1514877,189,1496,1134,8976,1,1,142786,3047,0,22,0,0,0,NORMAL,0,3,1,9,65,189,0,1496,0,0,0,0,0,0,0
146391,6,bully,3605,1,21,1526595,189,1498,1134,8988,1,1,142786,3605,0,22,0,0,0,NORMAL,0,3,1,9,65,189,0,1498,0,0,0,0,0,0,0
145697,10,bully,2911,1,21,1512021,189,1496,1134,8976,1,1,142786,2911,0,22,0,0,0,NORMAL,0,3,1,9,85,189,0,1496,0,0,0,0,0,0,0
146274,8,bully,3490,1,21,1524150,189,1500,1134,9000,1,1,142784,3490,0,22,0,0,0,NORMAL,0,3,1,10,58,189,0,1500,0,0,0,0,0,0,0
145968,4,bully,3183,1,21,1517710,189,1504,1134,9024,1,1,142785,3183,0,22,0,0,0,NORMAL,0,3,1,10,47,189,0,1504,0,0,0,0,0,0,0
146084,2,bully,3298,1,21,1520148,189,1511,1134,9066,1,1,142786,3298,0,22,0,0,0,NORMAL,0,3,1,10,43,189,0,1511,0,0,0,0,0,0,0
146250,9,bully,3468,1,21,1523680,189,1509,1134,9054,1,1,142782,3468,0,22,0,0,0,NORMAL,0,3,1,10,46,189,0,1509,0,0,0,0,0,0,0
146102,1,bully,3320,1,21,1520576,189,1516,1134,9096,1,1,142782,3320,0,22,0,0,0,LEADER,1,4,1,10,21,189,0,1516,0,0,0,0,0,0,0
146412,5,bully,3626,1,21,1527036,189,1510,1134,9060,1,1,142786,3626,0,22,0,0,0,NORMAL,0,3,1,9,64,189,0,1510,0,0,0,0,0,0,0
147824,3,bully,2741,1,22,1656202,192,1517,1152,9102,1,1,145083,2741,0,23,0,0,0,NORMAL,0,3,2,4,46,192,0,1517,0,0,0,0,0,0,0
148136,7,bully,3047,1,22,1663013,192,1520,1152,9120,1,1,145089,3047,0,23,0,0,0,NORMAL,0,3,2,3,68,192,0,1520,0,0,0,0,0,0,0
148694,6,bully,3605,1,22,1675289,192,1522,1152,9132,1,1,145089,3605,0,23,0,0,0,NORMAL,0,3,2,3,68,192,0,1522,0,0,0,0,0,0,0
148000,10,bully,2911,1,22,1660021,192,1520,1152,9120,1,1,145089,2911,0,23,0,0,0,NORMAL,0,3,2,3,89,192,0,1520,0,0,0,0,0,0,0
148577,8,bully,3490,1,22,1672727,192,1524,1152,9144,1,1,145087,3490,0,23,0,0,0,NORMAL,0,3,2,3,61,192,0,1524,0,0,0,0,0,0,0
148270,4,bully,3183,1,22,1665980,192,1528,1152,9168,1,1,145087,3183,0,23,0,0,0,NORMAL,0,3,2,4,49,192,0,1528,0,0,0,0,0,0,0
148387,2,bully,3298,1,22,1668535,192,1535,1152,9210,1,1,145089,3298,0,23,0,0,0,NORMAL,0,3,2,4,45,192,0,1535,0,0,0,0,0,0,0
148553,9,bully,3468,1,22,1672233,192,1532,1152,9192,1,1,145085,3468,0,23,0,0,0,NORMAL,0,3,2,4,48,192,0,1532,0,0,0,0,0,0,0
148405,1,bully,3320,1,22,1668981,192,1540,1152,9240,1,1,145085,3320,0,23,0,0,0,LEADER,1,4,1,4,22,192,0,1540,0,0,0,0,0,0,0
148715,5,bully,3626,1,22,1675751,192,1534,1152,9204,1,1,145089,3626,0,23,0,0,0,NORMAL,0,3,2,3,67,192,0,1534,0,0,0,0,0,0,0
150127,3,bully,2741,1,22,1656202,195,1541,1170,9246,1,1,147386,2741,0,23,0,0,0,NORMAL,0,3,1,7,46,195,0,1541,0,0,0,0,0,0,0
150439,7,bully,3047,1,22,1663013,195,1544,1170,9264,1,1,147392,3047,0,23,0,0,0,NORMAL,0,3,1,6,68,195,0,1544,0,0,0,0,0,0,0
150997,6,bully,3605,1,22,1675289,195,1546,1170,9276,1,1,147392,3605,0,23,0,0,0,NORMAL,0,3,1,6,68,195,0,1546,0,0,0,0,0,0,0
150303,10,bully,2911,1,22,1660021,195,1543,1170,9258,1,1,147392,2911,0,23,0,0,0,NORMAL,0,3,1,6,89,195,0,1543,0,0,0,0,0,0,0
150880,8,bully,3490,1,22,1672727,195,1548,1170,9288,1,1,147390,3490,0,23,0,0,0,NORMAL,0,3,1,6,61,195,0,1548,0,0,0,0,0,0,0
150572,4,bully,3183,1,22,1665980,195,1552,1170,9312,1,1,147389,3183,0,23,0,0,0,NORMAL,0,3,1,7,49,195,0,1552,0,0,0,0,0,0,0
150690,2,bully,3298,1,22,1668535,195,1559,1170,9354,1,1,147392,3298,0,23,0,0,0,NORMAL,0,3,1,7,45,195,0,1559,0,0,0,0,0,0,0
150856,9,bully,3468,1,22,1672233,195,1557,1170,9342,1,1,147388,3468,0,23,0,0,0,NORMAL,0,3,1,7,48,195,0,1557,0,0,0,0,0,0,0
150708,1,bully,3320,1,22,1668981,195,1565,1170,9390,1,1,147388,3320,0,23,0,0,0,LEADER,1,4,1,7,22,195,0,1565,0,0,0,0,0,0,0
151018,5,bully,3626,1,22,1675751,195,1558,1170,9348,1,1,147392,3626,0,23,0,0,0,NORMAL,0,3,1,6,67,195,0,1558,0,0,0,0,0,0,0
152430,3,bully,2741,1,22,1656202,198,1565,1188,9390,1,1,149689,2741,0,23,0,0,0,NORMAL,0,3,1,10,46,198,0,1565,0,0,0,0,0,0,0
152742,7,bully,3047,1,22,1663013,198,1568,1188,9408,1,1,149695,3047,0,23,0,0,0,NORMAL,0,3,1,9,68,198,0,1568,0,0,0,0,0,0,0
153300,6,bully,3605,1,22,1675289,198,1570,1188,9420,1,1,149695,3605,0,23,0,0,0,NORMAL,0,3,1,9,68,198,0,1570,0,0,0,0,0,0,0
152606,10,bully,2911,1,22,1660021,198,1567,1188,9402,1,1,149695,2911,0,23,0,0,0,NORMAL,0,3,1,9,89,198,0,1567,0,0,0,0,0,0,0
153183,8,bully,3490,1,22,1672727,198,1572,1188,9432,1,1,149693,3490,0,23,0,0,0,NORMAL,0,3,1,9,61,198,0,1572,0,0,0,0,0,0,0
152875,4,bully,3183,1,22,1665980,198,1576,1188,9456,1,1,149692,3183,0,23,0,0,0,NORMAL,0,3,1,10,49,198,0,1576,0,0,0,0,0,0,0
152993,2,bully,3298,1,22,1668535,198,1583,1188,9498,1,1,149695,3298,0,23,0,0,0,NORMAL,0,3,1,10,45,198,0,1583,0,0,0,0,0,0,0
153159,9,bully,3468,1,22,1672233,198,1581,1188,9486,1,1,149691,3468,0,23,0,0,0,NORMAL,0,3,1,10,48,198,0,1581,0,0,0,0,0,0,0
153011,1,bully,3320,1,22,1668981,198,1589,1188,9534,1,1,149691,3320,0,23,0,0,0,LEADER,1,4,1,10,22,198,0,1589,0,0,0,0,0,0,0
153321,5,bully,3626,1,22,1675751,198,1581,1188,9486,1,1,149695,3626,0,23,0,0,0,NORMAL,0,3,1,9,67,198,0,1581,0,0,0,0,0,0,0
154732,3,bully,2741,1,23,1810934,201,1588,1206,9528,1,1,151991,2741,0,24,0,0,0,NORMAL,0,3,2,4,48,201,0,1588,0,0,0,0,0,0,0
155045,7,bully,3047,1,23,1818058,201,1591,1206,9546,1,1,151998,3047,0,24,0,0,0,NORMAL,0,3,2,3,71,201,0,1591,0,0,0,0,0,0,0
155603,6,bully,3605,1,23,1830892,201,1593,1206,9558,1,1,151998,3605,0,24,0,0,0,NORMAL,0,3,2,3,71,201,0,1593,0,0,0,0,0,0,0
154909,10,bully,2911,1,23,1814930,201,1590,1206,9540,1,1,151998,2911,0,24,0,0,0,NORMAL,0,3,2,3,93,201,0,1590,0,0,0,0,0,0,0
155486,8,bully,3490,1,23,1828213,201,1595,1206,9570,1,1,151996,3490,0,24,0,0,0,NORMAL,0,3,2,3,64,201,0,1595,0,0,0,0,0,0,0
155177,4,bully,3183,1,23,1821157,201,1599,1206,9594,1,1,151994,3183,0,24,0,0,0,NORMAL,0,3,2,4,51,201,0,1599,0,0,0,0,0,0,0
155296,2,bully,3298,1,23,1823831,201,1607,1206,9642,1,1,151998,3298,0,24,0,0,0,NORMAL,0,3,2,4,47,201,0,1607,0,0,0,0,0,0,0
155462,9,bully,3468,1,23,1827695,201,1603,1206,9618,1,1,151994,3468,0,24,0,0,0,NORMAL,0,3,2,4,50,201,0,1603,0,0,0,0,0,0,0
155313,1,bully,3320,1,23,1824294,201,1612,1206,9672,1,1,151993,3320,0,24,0,0,0,LEADER,1,4,1,4,23,201,0,1612,0,0,0,0,0,0,0
155624,5,bully,3626,1,23,1831375,201,1605,1206,9630,1,1,151998,3626,0,24,0,0,0,NORMAL,0,3,2,3,70,201,0,1605,0,0,0,0,0,0,0
157034,3,bully,2741,1,23,1810934,204,1612,1224,9672,1,1,154293,2741,0,24,0,0,0,NORMAL,0,3,1,7,48,204,0,1612,0,0,0,0,0,0,0
157348,7,bully,3047,1,23,1818058,204,1615,1224,9690,1,1,154301,3047,0,24,0,0,0,NORMAL,0,3,1,6,71,204,0,1615,0,0,0,0,0,0,0
157906,6,bully,3605,1,23,1830892,204,1617,1224,9702,1,1,154301,3605,0,24,0,0,0,NORMAL,0,3,1,6,71,204,0,1617,0,0,0,0,0,0,0
157212,10,bully,2911,1,23,1814930,204,1614,1224,9684,1,1,154301,2911,0,24,0,0,0,NORMAL,0,3,1,6,93,204,0,1614,0,0,0,0,0,0,0
157789,8,bully,3490,1,23,1828213,204,1619,1224,9714,1,1,154299,3490,0,24,0,0,0,NORMAL,0,3,1,6,64,204,0,1619,0,0,0,0,0,0,0
157480,4,bully,3183,1,23,1821157,204,1623,1224,9738,1,1,154297,3183,0,24,0,0,0,NORMAL,0,3,1,7,51,204,0,1623,0,0,0,0,0,0,0
157599,2,bully,3298,1,23,1823831,204,1631,1224,9786,1,1,154301,3298,0,24,0,0,0,NORMAL,0,3,1,7,47,204,0,1631,0,0,0,0,0,0,0
157765,9,bully,3468,1,23,1827695,204,1627,1224,9762,1,1,154297,3468,0,24,0,0,0,NORMAL,0,3,1,7,50,204,0,1627,0,0,0,0,0,0,0
157616,1,bully,3320,1,23,1824294,204,1638,1224,9828,1,1,154296,3320,0,24,0,0,0,LEADER,1,4,1,7,23,204,0,1638,0,0,0,0,0,0,0
157927,5,bully,3626,1,23,1831375,204,1629,1224,9774,1,1,154301,3626,0,24,0,0,0,NORMAL,0,3,1,6,70,204,0,1629,0,0,0,0,0,0,0
159337,3,bully,2741,1,23,1810934,207,1636,1242,9816,1,1,156596,2741,0,24,0,0,0,NORMAL,0,3,1,10,48,207,0,1636,0,0,0,0,0,0,0
159651,7,bully,3047,1,23,1818058,207,1639,1242,9834,1,1,156604,3047,0,24,0,0,0,NORMAL,0,3,1,9,71,207,0,1639,0,0,0,0,0,0,0
160209,6,bully,3605,1,23,1830892,207,1641,1242,9846,1,1,156604,3605,0,24,0,0,0,NORMAL,0,3,1,9,71,207,0,1641,0,0,0,0,0,0,0
159515,10,bully,2911,1,23,1814930,207,1638,1242,9828,1,1,156604,2911,0,24,0,0,0,NORMAL,0,3,1,9,93,207,0,1638,0,0,0,0,0,0,0
160092,8,bully,3490,1,23,1828213,207,1643,1242,9858,1,1,156602,3490,0,24,0,0,0,NORMAL,0,3,1,9,64,207,0,1643,0,0,0,0,0,0,0
159783,4,bully,3183,1,23,1821157,207,1647,1242,9882,1,1,156600,3183,0,24,0,0,0,NORMAL,0,3,1,10,51,207,0,1647,0,0,0,0,0,0,0
159902,2,bully,3298,1,23,1823831,207,1655,1242,9930,1,1,156604,3298,0,24,0,0,0,NORMAL,0,3,1,10,47,207,0,1655,0,0,0,0,0,0,0
160068,9,bully,3468,1,23,1827695,207,1652,1242,9912,1,1,156600,3468,0,24,0,0,0,NORMAL,0,3,1,10,50,207,0,1652,0,0,0,0,0,0,0
159919,1,bully,3320,1,23,1824294,207,1660,1242,9960,1,1,156599,3320,0,24,0,0,0,LEADER,1,4,1,10,23,207,0,1660,0,0,0,0,0,0,0
160230,5,bully,3626,1,23,1831375,207,1653,1242,9918,1,1,156604,3626,0,24,0,0,0,NORMAL,0,3,1,9,70,207,0,1653,0,0,0,0,0,0,0
161640,3,bully,2741,1,24,1972574,210,1660,1260,9960,1,1,158899,2741,0,25,0,0,0,NORMAL,0,3,2,4,50,210,0,1660,0,0,0,0,0,0,0
161954,7,bully,3047,1,24,1980012,210,1663,1260,9978,1,1,158907,3047,0,25,0,0,0,NORMAL,0,3,2,3,74,210,0,1663,0,0,0,0,0,0,0
162512,6,bully,3605,1,24,1993404,210,1665,1260,9990,1,1,158907,3605,0,25,0,0,0,NORMAL,0,3,2,3,74,210,0,1665,0,0,0,0,0,0,0
161818,10,bully,2911,1,24,1976748,210,1662,1260,9972,1,1,158907,2911,0,25,0,0,0,NORMAL,0,3,2,3,97,210,0,1662,0,0,0,0,0,0,0
162395,8,bully,3490,1,24,1990608,210,1667,1260,10002,1,1,158905,3490,0,25,0,0,0,NORMAL,0,3,2,3,67,210,0,1667,0,0,0,0,0,0,0
162086,4,bully,3183,1,24,1983243,210,1671,1260,10026,1,1,158903,3183,0,25,0,0,0,NORMAL,0,3,2,4,53,210,0,1671,0,0,0,0,0,0,0
162205,2,bully,3298,1,24,1986036,210,1679,1260,10074,1,1,158907,3298,0,25,0,0,0,NORMAL,0,3,2,4,49,210,0,1679,0,0,0,0,0,0,0
162371,9,bully,3468,1,24,1990066,210,1675,1260,10050,1,1,158903,3468,0,25,0,0,0,NORMAL,0,3,2,4,52,210,0,1675,0,0,0,0,0,0,0
162222,1,bully,3320,1,24,1986516,210,1684,1260,10104,1,1,158902,3320,0,25,0,0,0,LEADER,1,4,1,4,24,210,0,1684,0,0,0,0,0,0,0
162533,5,bully,3626,1,24,1993908,210,1677,1260,10062,1,1,158907,3626,0,25,0,0,0,NORMAL,0,3,2,3,73,210,0,1677,0,0,0,0,0,0,0
163943,3,bully,2741,1,24,1972574,213,1684,1278,10104,1,1,161202,2741,0,25,0,0,0,NORMAL,0,3,1,7,50,213,0,1684,0,0,0,0,0,0,0
164257,7,bully,3047,1,24,1980012,213,1687,1278,10122,1,1,161210,3047,0,25,0,0,0,NORMAL,0,3,1,6,74,213,0,1687,0,0,0,0,0,0,0
164815,6,bully,3605,1,24,1993404,213,1689,1278,10134,1,1,161210,3605,0,25,0,0,0,NORMAL,0,3,1,6,74,213,0,1689,0,0,0,0,0,0,0
164121,10,bully,2911,1,24,1976748,213,1686,1278,10116,1,1,161210,2911,0,25,0,0,0,NORMAL,0,3,1,6,97,213,0,1686,0,0,0,0,0,0,0
164698,8,bully,3490,1,24,1990608,213,1691,1278,10146,1,1,161208,3490,0,25,0,0,0,NORMAL,0,3,1,6,67,213,0,1691,0,0,0,0,0,0,0
164388,4,bully,3183,1,24,1983243,213,1695,1278,10170,1,1,161205,3183,0,25,0,0,0,NORMAL,0,3,1,7,53,213,0,1695,0,0,0,0,0,0,0
164508,2,bully,3298,1,24,1986036,213,1703,1278,10218,1,1,161210,3298,0,25,0,0,0,NORMAL,0,3,1,7,49,213,0,1703,0,0,0,0,0,0,0
164674,9,bully,3468,1,24,1990066,213,1699,1278,10194,1,1,161206,3468,0,25,0,0,0,NORMAL,0,3,1,7,52,213,0,1699,0,0,0,0,0,0,0
164525,1,bully,3320,1,24,1986516,213,1707,1278,10242,1,1,161205,3320,0,25,0,0,0,LEADER,1,4,1,7,24,213,0,1707,0,0,0,0,0,0,0
164836,5,bully,3626,1,24,1993908,213,1701,1278,10206,1,1,161210,3626,0,25,0,0,0,NORMAL,0,3,1,6,73,213,0,1701,0,0,0,0,0,0,0
166246,3,bully,2741,1,24,1972574,216,1708,1296,10248,1,1,163505,2741,0,25,0,0,0,NORMAL,0,3,1,10,50,216,0,1708,0,0,0,0,0,0,0
166560,7,bully,3047,1,24,1980012,216,1711,1296,10266,1,1,163513,3047,0,25,0,0,0,NORMAL,0,3,1,9,74,216,0,1711,0,0,0,0,0,0,0
167118,6,bully,3605,1,24,1993404,216,1713,1296,10278,1,1,163513,3605,0,25,0,0,0,NORMAL,0,3,1,9,74,216,0,1713,0,0,0,0,0,0,0
166424,10,bully,2911,1,24,1976748,216,1710,1296,10260,1,1,163513,2911,0,25,0,0,0,NORMAL,0,3,1,9,97,216,0,1710,0,0,0,0,0,0,0
167001,8,bully,3490,1,24,1990608,216,1715,1296,10290,1,1,163511,3490,0,25,0,0,0,NORMAL,0,3,1,9,67,216,0,1715,0,0,0,0,0,0,0
166691,4,bully,3183,1,24,1983243,216,1719,1296,10314,1,1,163508,3183,0,25,0,0,0,NORMAL,0,3,1,10,53,216,0,1719,0,0,0,0,0,0,0
166811,2,bully,3298,1,24,1986036,216,1727,1296,10362,1,1,163513,3298,0,25,0,0,0,NORMAL,0,3,1,10,49,216,0,1727,0,0,0,0,0,0,0
166977,9,bully,3468,1,24,1990066,216,1724,1296,10344,1,1,163509,3468,0,25,0,0,0,NORMAL,0,3,1,10,52,216,0,1724,0,0,0,0,0,0,0
166828,1,bully,3320,1,24,1986516,216,1732,1296,10392,1,1,163508,3320,0,25,0,0,0,LEADER,1,4,1,10,24,216,0,1732,0,0,0,0,0,0,0
167139,5,bully,3626,1,24,1993908,216,1725,1296,10350,1,1,163513,3626,0,25,0,0,0,NORMAL,0,3,1,9,73,216,0,1725,0,0,0,0,0,0,0
168549,3,bully,2741,1,25,2141123,219,1732,1314,10392,1,1,165808,2741,0,26,0,0,0,NORMAL,0,3,2,4,52,219,0,1732,0,0,0,0,0,0,0
168863,7,bully,3047,1,25,2148875,219,1735,1314,10410,1,1,165816,3047,0,26,0,0,0,NORMAL,0,3,2,3,77,219,0,1735,0,0,0,0,0,0,0
169421,6,bully,3605,1,25,2162825,219,1737,1314,10422,1,1,165816,3605,0,26,0,0,0,NORMAL,0,3,2,3,77,219,0,1737,0,0,0,0,0,0,0
168727,10,bully,2911,1,25,2145475,219,1734,1314,10404,1,1,165816,2911,0,26,0,0,0,NORMAL,0,3,2,3,101,219,0,1734,0,0,0,0,0,0,0
169304,8,bully,3490,1,25,2159912,219,1739,1314,10434,1,1,165814,3490,0,26,0,0,0,NORMAL,0,3,2,3,70,219,0,1739,0,0,0,0,0,0,0
168994,4,bully,3183,1,25,2152237,219,1743,1314,10458,1,1,165811,3183,0,26,0,0,0,NORMAL,0,3,2,4,55,219,0,1743,0,0,0,0,0,0,0
169114,2,bully,3298,1,25,2155150,219,1751,1314,10506,1,1,165816,3298,0,26,0,0,0,NORMAL,0,3,2,4,51,219,0,1751,0,0,0,0,0,0,0
169280,9,bully,3468,1,25,2159346,219,1747,1314,10482,1,1,165812,3468,0,26,0,0,0,NORMAL,0,3,2,4,54,219,0,1747,0,0,0,0,0,0,0
169131,1,bully,3320,1,25,2155647,219,1756,1314,10536,1,1,165811,3320,0,26,0,0,0,LEADER,1,4,1,4,25,219,0,1756,0,0,0,0,0,0,0
169442,5,bully,3626,1,25,2163350,219,1749,1314,10494,1,1,165816,3626,0,26,0,0,0,NORMAL,0,3,2,3,76,219,0,1749,0,0,0,0,0,0,0
170851,3,bully,2741,1,25,2141123,222,1756,1332,10536,1,1,168110,2741,0,26,0,0,0,NORMAL,0,3,1,7,52,222,0,1756,0,0,0,0,0,0,0
171166,7,bully,3047,1,25,2148875,222,1759,1332,10554,1,1,168119,3047,0,26,0,0,0,NORMAL,0,3,1,6,77,222,0,1759,0,0,0,0,0,0,0
171724,6,bully,3605,1,25,2162825,222,1761,1332,10566,1,1,168119,3605,0,26,0,0,0,NORMAL,0,3,1,6,77,222,0,1761,0,0,0,0,0,0,0
171030,10,bully,2911,1,25,2145475,222,1758,1332,10548,1,1,168119,2911,0,26,0,0,0,NORMAL,0,3,1,6,101,222,0,1758,0,0,0,0,0,0,0
171607,8,bully,3490,1,25,2159912,222,1763,1332,10578,1,1,168117,3490,0,26,0,0,0,NORMAL,0,3,1,6,70,222,0,1763,0,0,0,0,0,0,0
171297,4,bully,3183,1,25,2152237,222,1767,1332,10602,1,1,168114,3183,0,26,0,0,0,NORMAL,0,3,1,7,55,222,0,1767,0,0,0,0,0,0,0
171417,2,bully,3298,1,25,2155150,222,1775,1332,10650,1,1,168119,3298,0,26,0,0,0,NORMAL,0,3,1,7,51,222,0,1775,0,0,0,0,0,0,0
171583,9,bully,3468,1,25,2159346,222,1772,1332,10632,1,1,168115,3468,0,26,0,0,0,NORMAL,0,3,1,7,54,222,0,1772,0,0,0,0,0,0,0
171434,1,bully,3320,1,25,2155647,222,1781,1332,10686,1,1,168114,3320,0,26,0,0,0,LEADER,1,4,1,7,25,222,0,1781,0,0,0,0,0,0,0
171745,5,bully,3626,1,25,2163350,222,1773,1332,10638,1,1,168119,3626,0,26,0,0,0,NORMAL,0,3,1,6,76,222,0,1773,0,0,0,0,0,0,0
173154,3,bully,2741,1,25,2141123,225,1780,1350,10680,1,1,170413,2741,0,26,0,0,0,NORMAL,0,3,1,10,52,225,0,1780,0,0,0,0,0,0,0
173469,7,bully,3047,1,25,2148875,225,1783,1350,10698,1,1,170422,3047,0,26,0,0,0,NORMAL,0,3,1,9,77,225,0,1783,0,0,0,0,0,0,0
174026,6,bully,3605,1,25,2162825,225,1785,1350,10710,1,1,170421,3605,0,26,0,0,0,NORMAL,0,3,1,9,77,225,0,1785,0,0,0,0,0,0,0
173333,10,bully,2911,1,25,2145475,225,1782,1350,10692,1,1,170422,2911,0,26,0,0,0,NORMAL,0,3,1,9,101,225,0,1782,0,0,0,0,0,0,0
173910,8,bully,3490,1,25,2159912,225,1787,1350,10722,1,1,170420,3490,0,26,0,0,0,NORMAL,0,3,1,9,70,225,0,1787,0,0,0,0,0,0,0
173600,4,bully,3183,1,25,2152237,225,1791,1350,10746,1,1,170417,3183,0,26,0,0,0,NORMAL,0,3,1,10,55,225,0,1791,0,0,0,0,0,0,0
173720,2,bully,3298,1,25,2155150,225,1799,1350,10794,1,1,170422,3298,0,26,0,0,0,NORMAL,0,3,1,10,51,225,0,1799,0,0,0,0,0,0,0
173886,9,bully,3468,1,25,2159346,225,1795,1350,10770,1,1,170418,3468,0,26,0,0,0,NORMAL,0,3,1,10,54,225,0,1795,0,0,0,0,0,0,0
173737,1,bully,3320,1,25,2155647,225,1804,1350,10824,1,1,170417,3320,0,26,0,0,0,LEADER,1,4,1,10,25,225,0,1804,0,0,0,0,0,0,0
174048,5,bully,3626,1,25,2163350,225,1797,1350,10782,1,1,170422,3626,0,26,0,0,0,NORMAL,0,3,1,9,76,225,0,1797,0,0,0,0,0,0,0
175457,3,bully,2741,1,26,2316580,228,1804,1368,10824,1,1,172716,2741,0,27,0,0,0,NORMAL,0,3,2,4,54,228,0,1804,0,0,0,0,0,0,0
175772,7,bully,3047,1,26,2324647,228,1807,1368,10842,1,1,172725,3047,0,27,0,0,0,NORMAL,0,3,2,3,80,228,0,1807,0,0,0,0,0,0,0
176329,6,bully,3605,1,26,2339154,228,1809,1368,10854,1,1,172724,3605,0,27,0,0,0,NORMAL,0,3,2,3,80,228,0,1809,0,0,0,0,0,0,0
175636,10,bully,2911,1,26,2321111,228,1806,1368,10836,1,1,172725,2911,0,27,0,0,0,NORMAL,0,3,2,3,105,228,0,1806,0,0,0,0,0,0,0
176213,8,bully,3490,1,26,2336125,228,1811,1368,10866,1,1,172723,3490,0,27,0,0,0,NORMAL,0,3,2,4,72,228,0,1811,0,0,0,0,0,0,0
175903,4,bully,3183,1,26,2328140,228,1815,1368,10890,1,1,172720,3183,0,27,0,0,0,NORMAL,0,3,2,4,57,228,0,1815,0,0,0,0,0,0,0
176023,2,bully,3298,1,26,2331173,228,1823,1368,10938,1,1,172725,3298,0,27,0,0,0,NORMAL,0,3,2,4,53,228,0,1823,0,0,0,0,0,0,0
176189,9,bully,3468,1,26,2335535,228,1820,1368,10920,1,1,172721,3468,0,27,0,0,0,NORMAL,0,3,2,4,56,228,0,1820,0,0,0,0,0,0,0
176040,1,bully,3320,1,26,2331687,228,1829,1368,10974,1,1,172720,3320,0,27,0,0,0,LEADER,1,4,1,4,26,228,0,1829,0,0,0,0,0,0,0
176351,5,bully,3626,1,26,2339701,228,1821,1368,10926,1,1,172725,3626,0,27,0,0,0,NORMAL,0,3,2,3,79,228,0,1821,0,0,0,0,0,0,0
177760,3,bully,2741,1,26,2316580,231,1828,1386,10968,1,1,175019,2741,0,27,0,0,0,NORMAL,0,3,1,7,54,231,0,1828,0,0,0,0,0,0,0
178075,7,bully,3047,1,26,2324647,231,1831,1386,10986,1,1,175028,3047,0,27,0,0,0,NORMAL,0,3,1,6,80,231,0,1831,0,0,0,0,0,0,0
178632,6,bully,3605,1,26,2339154,231,1833,1386,10998,1,1,175027,3605,0,27,0,0,0,NORMAL,0,3,1,6,80,231,0,1833,0,0,0,0,0,0,0
177939,10,bully,2911,1,26,2321111,231,1830,1386,10980,1,1,175028,2911,0,27,0,0,0,NORMAL,0,3,1,6,105,231,0,1830,0,0,0,0,0,0,0
178516,8,bully,3490,1,26,2336125,231,1835,1386,11010,1,1,175026,3490,0,27,0,0,0,NORMAL,0,3,1,7,72,231,0,1835,0,0,0,0,0,0,0
178206,4,bully,3183,1,26,2328140,231,1839,1386,11034,1,1,175023,3183,0,27,0,0,0,NORMAL,0,3,1,7,57,231,0,1839,0,0,0,0,0,0,0
178326,2,bully,3298,1,26,2331173,231,1847,1386,11082,1,1,175028,3298,0,27,0,0,0,NORMAL,0,3,1,7,53,231,0,1847,0,0,0,0,0,0,0
178492,9,bully,3468,1,26,2335535,231,1844,1386,11064,1,1,175024,3468,0,27,0,0,0,NORMAL,0,3,1,7,56,231,0,1844,0,0,0,0,0,0,0
178343,1,bully,3320,1,26,2331687,231,1853,1386,11118,1,1,175023,3320,0,27,0,0,0,LEADER,1,4,1,7,26,231,0,1853,0,0,0,0,0,0,0
178654,5,bully,3626,1,26,2339701,231,1845,1386,11070,1,1,175028,3626,0,27,0,0,0,NORMAL,0,3,1,6,79,231,0,1845,0,0,0,0,0,0,0
180063,3,bully,2741,1,26,2316580,234,1852,1404,11112,1,1,177322,2741,0,27,0,0,0,NORMAL,0,3,1,10,54,234,0,1852,0,0,0,0,0,0,0
180378,7,bully,3047,1,26,2324647,234,1854,1404,11124,1,1,177331,3047,0,27,0,0,0,NORMAL,0,3,1,9,80,234,0,1854,0,0,0,0,0,0,0
180935,6,bully,3605,1,26,2339154,234,1856,1404,11136,1,1,177330,3605,0,27,0,0,0,NORMAL,0,3,1,9,80,234,0,1856,0,0,0,0,0,0,0
180242,10,bully,2911,1,26,2321111,234,1853,1404,11118,1,1,177331,2911,0,27,0,0,0,NORMAL,0,3,1,9,105,234,0,1853,0,0,0,0,0,0,0
180819,8,bully,3490,1,26,2336125,234,1858,1404,11148,1,1,177329,3490,0,27,0,0,0,NORMAL,0,3,1,10,72,234,0,1858,0,0,0,0,0,0,0
180509,4,bully,3183,1,26,2328140,234,1862,1404,11172,1,1,177326,3183,0,27,0,0,0,NORMAL,0,3,1,10,57,234,0,1862,0,0,0,0,0,0,0
180629,2,bully,3298,1,26,2331173,234,1871,1404,11226,1,1,177331,3298,0,27,0,0,0,NORMAL,0,3,1,10,53,234,0,1871,0,0,0,0,0,0,0
180795,9,bully,3468,1,26,2335535,234,1866,1404,11196,1,1,177327,3468,0,27,0,0,0,NORMAL,0,3,1,10,56,234,0,1866,0,0,0,0,0,0,0
180645,1,bully,3320,1,26,2331687,234,1876,1404,11256,1,1,177325,3320,0,27,0,0,0,LEADER,1,4,1,10,26,234,0,1876,0,0,0,0,0,0,0
180957,5,bully,3626,1,26,2339701,234,1867,1404,11202,1,1,177331,3626,0,27,0,0,0,NORMAL,0,3,1,9,79,234,0,1867,0,0,0,0,0,0,0
182366,3,bully,2741,1,27,2498946,237,1875,1422,11250,1,1,179625,2741,0,28,0,0,0,NORMAL,0,3,2,4,56,237,0,1875,0,0,0,0,0,0,0
182681,7,bully,3047,1,27,2507328,237,1877,1422,11262,1,1,179634,3047,0,28,0,0,0,NORMAL,0,3,2,3,83,237,0,1877,0,0,0,0,0,0,0
183238,6,bully,3605,1,27,2522392,237,1879,1422,11274,1,1,179633,3605,0,28,0,0,0,NORMAL,0,3,2,3,83,237,0,1879,0,0,0,0,0,0,0
182545,10,bully,2911,1,27,2503656,237,1876,1422,11256,1,1,179634,2911,0,28,0,0,0,NORMAL,0,3,2,3,109,237,0,1876,0,0,0,0,0,0,0
183122,8,bully,3490,1,27,2519247,237,1881,1422,11286,1,1,179632,3490,0,28,0,0,0,NORMAL,0,3,2,4,74,237,0,1881,0,0,0,0,0,0,0
182812,4,bully,3183,1,27,2510952,237,1885,1422,11310,1,1,179629,3183,0,28,0,0,0,NORMAL,0,3,2,4,59,237,0,1885,0,0,0,0,0,0,0
182932,2,bully,3298,1,27,2514105,237,1895,1422,11370,1,1,179634,3298,0,28,0,0,0,NORMAL,0,3,2,4,55,237,0,1895,0,0,0,0,0,0,0
183098,9,bully,3468,1,27,2518633,237,1889,1422,11334,1,1,179630,3468,0,28,0,0,0,NORMAL,0,3,2,4,58,237,0,1889,0,0,0,0,0,0,0
182948,1,bully,3320,1,27,2514635,237,1901,1422,11406,1,1,179628,3320,0,28,0,0,0,LEADER,1,4,1,4,27,237,0,1901,0,0,0,0,0,0,0
183260,5,bully,3626,1,27,2522961,237,1891,1422,11346,1,1,179634,3626,0,28,0,0,0,NORMAL,0,3,2,3,82,237,0,1891,0,0,0,0,0,0,0
184669,3,bully,2741,1,27,2498946,240,1899,1440,11394,1,1,181928,2741,0,28,0,0,0,NORMAL,0,3,1,7,56,240,0,1899,0,0,0,0,0,0,0
184984,7,bully,3047,1,27,2507328,240,1901,1440,11406,1,1,181937,3047,0,28,0,0,0,NORMAL,0,3,1,6,83,240,0,1901,0,0,0,0,0,0,0
185541,6,bully,3605,1,27,2522392,240,1903,1440,11418,1,1,181936,3605,0,28,0,0,0,NORMAL,0,3,1,6,83,240,0,1903,0,0,0,0,0,0,0
184848,10,bully,2911,1,27,2503656,240,1900,1440,11400,1,1,181937,2911,0,28,0,0,0,NORMAL,0,3,1,6,109,240,0,1900,0,0,0,0,0,0,0
185425,8,bully,3490,1,27,2519247,240,1905,1440,11430,1,1,181935,3490,0,28,0,0,0,NORMAL,0,3,1,7,74,240,0,1905,0,0,0,0,0,0,0
185115,4,bully,3183,1,27,2510952,240,1909,1440,11454,1,1,181932,3183,0,28,0,0,0,NORMAL,0,3,1,7,59,240,0,1909,0,0,0,0,0,0,0
185235,2,bully,3298,1,27,2514105,240,1919,1440,11514,1,1,181937,3298,0,28,0,0,0,NORMAL,0,3,1,7,55,240,0,1919,0,0,0,0,0,0,0
185401,9,bully,3468,1,27,2518633,240,1913,1440,11478,1,1,181933,3468,0,28,0,0,0,NORMAL,0,3,1,7,58,240,0,1913,0,0,0,0,0,0,0
185251,1,bully,3320,1,27,2514635,240,1925,1440,11550,1,1,181931,3320,0,28,0,0,0,LEADER,1,4,1,7,27,240,0,1925,0,0,0,0,0,0,0
185563,5,bully,3626,1,27,2522961,240,1915,1440,11490,1,1,181937,3626,0,28,0,0,0,NORMAL,0,3,1,6,82,240,0,1915,0,0,0,0,0,0,0
186972,3,bully,2741,1,27,2498946,243,1923,1458,11538,1,1,184231,2741,0,28,0,0,0,NORMAL,0,3,1,10,56,243,0,1923,0,0,0,0,0,0,0
187287,7,bully,3047,1,27,2507328,243,1925,1458,11550,1,1,184240,3047,0,28,0,0,0,NORMAL,0,3,1,9,83,243,0,1925,0,0,0,0,0,0,0
187844,6,bully,3605,1,27,2522392,243,1927,1458,11562,1,1,184239,3605,0,28,0,0,0,NORMAL,0,3,1,9,83,243,0,1927,0,0,0,0,0,0,0
187151,10,bully,2911,1,27,2503656,243,1924,1458,11544,1,1,184240,2911,0,28,0,0,0,NORMAL,0,3,1,9,109,243,0,1924,0,0,0,0,0,0,0
187728,8,bully,3490,1,27,2519247,243,1929,1458,11574,1,1,184238,3490,0,28,0,0,0,NORMAL,0,3,1,10,74,243,0,1929,0,0,0,0,0,0,0
187417,4,bully,3183,1,27,2510952,243,1933,1458,11598,1,1,184234,3183,0,28,0,0,0,NORMAL,0,3,1,10,59,243,0,1933,0,0,0,0,0,0,0
187538,2,bully,3298,1,27,2514105,243,1943,1458,11658,1,1,184240,3298,0,28,0,0,0,NORMAL,0,3,1,10,55,243,0,1943,0,0,0,0,0,0,0
187704,9,bully,3468,1,27,2518633,243,1938,1458,11628,1,1,184236,3468,0,28,0,0,0,NORMAL,0,3,1,10,58,243,0,1938,0,0,0,0,0,0,0
187554,1,bully,3320,1,27,2514635,243,1949,1458,11694,1,1,184234,3320,0,28,0,0,0,LEADER,1,4,1,10,27,243,0,1949,0,0,0,0,0,0,0
187866,5,bully,3626,1,27,2522961,243,1939,1458,11634,1,1,184240,3626,0,28,0,0,0,NORMAL,0,3,1,9,82,243,0,1939,0,0,0,0,0,0,0
189275,3,bully,2741,1,28,2688221,246,1947,1476,11682,1,1,186534,2741,0,29,0,0,0,NORMAL,0,3,2,4,58,246,0,1947,0,0,0,0,0,0,0
189590,7,bully,3047,1,28,2696918,246,1949,1476,11694,1,1,186543,3047,0,29,0,0,0,NORMAL,0,3,2,3,86,246,0,1949,0,0,0,0,0,0,0
190147,6,bully,3605,1,28,2712539,246,1951,1476,11706,1,1,186542,3605,0,29,0,0,0,NORMAL,0,3,2,3,86,246,0,1951,0,0,0,0,0,0,0
189454,10,bully,2911,1,28,2693110,246,1948,1476,11688,1,1,186543,2911,0,29,0,0,0,NORMAL,0,3,2,3,113,246,0,1948,0,0,0,0,0,0,0
190031,8,bully,3490,1,28,2709278,246,1953,1476,11718,1,1,186541,3490,0,29,0,0,0,NORMAL,0,3,2,4,76,246,0,1953,0,0,0,0,0,0,0
189720,4,bully,3183,1,28,2700672,246,1957,1476,11742,1,1,186537,3183,0,29,0,0,0,NORMAL,0,3,2,4,61,246,0,1957,0,0,0,0,0,0,0
189841,2,bully,3298,1,28,2703946,246,1967,1476,11802,1,1,186543,3298,0,29,0,0,0,NORMAL,0,3,2,4,57,246,0,1967,0,0,0,0,0,0,0
190007,9,bully,3468,1,28,2708640,246,1961,1476,11766,1,1,186539,3468,0,29,0,0,0,NORMAL,0,3,2,4,60,246,0,1961,0,0,0,0,0,0,0
189857,1,bully,3320,1,28,2704492,246,1972,1476,11832,1,1,186537,3320,0,29,0,0,0,LEADER,1,4,1,4,28,246,0,1972,0,0,0,0,0,0,0
190169,5,bully,3626,1,28,2713130,246,1963,1476,11778,1,1,186543,3626,0,29,0,0,0,NORMAL,0,3,2,3,85,246,0,1963,0,0,0,0,0,0,0
191578,3,bully,2741,1,28,2688221,249,1971,1494,11826,1,1,188837,2741,0,29,0,0,0,NORMAL,0,3,1,7,58,249,0,1971,0,0,0,0,0,0,0
191893,7,bully,3047,1,28,2696918,249,1973,1494,11838,1,1,188846,3047,0,29,0,0,0,NORMAL,0,3,1,6,86,249,0,1973,0,0,0,0,0,0,0
192450,6,bully,3605,1,28,2712539,249,1975,1494,11850,1,1,188845,3605,0,29,0,0,0,NORMAL,0,3,1,6,86,249,0,1975,0,0,0,0,0,0,0
191757,10,bully,2911,1,28,2693110,249,1972,1494,11832,1,1,188846,2911,0,29,0,0,0,NORMAL,0,3,1,6,113,249,0,1972,0,0,0,0,0,0,0
192334,8,bully,3490,1,28,2709278,249,1977,1494,11862,1,1,188844,3490,0,29,0,0,0,NORMAL,0,3,1,7,76,249,0,1977,0,0,0,0,0,0,0
192023,4,bully,3183,1,28,2700672,249,1981,1494,11886,1,1,188840,3183,0,29,0,0,0,NORMAL,0,3,1,7,61,249,0,1981,0,0,0,0,0,0,0
192144,2,bully,3298,1,28,2703946,249,1991,1494,11946,1,1,188846,3298,0,29,0,0,0,NORMAL,0,3,1,7,57,249,0,1991,0,0,0,0,0,0,0
192310,9,bully,3468,1,28,2708640,249,1985,1494,11910,1,1,188842,3468,0,29,0,0,0,NORMAL,0,3,1,7,60,249,0,1985,0,0,0,0,0,0,0
192160,1,bully,3320,1,28,2704492,249,1997,1494,11982,1,1,188840,3320,0,29,0,0,0,LEADER,1,4,1,7,28,249,0,1997,0,0,0,0,0,0,0
192472,5,bully,3626,1,28,2713130,249,1987,1494,11922,1,1,188846,3626,0,29,0,0,0,NORMAL,0,3,1,6,85,249,0,1987,0,0,0,0,0,0,0
193881,3,bully,2741,1,28,2688221,252,1995,1512,11970,1,1,191140,2741,0,29,0,0,0,NORMAL,0,3,1,10,58,252,0,1995,0,0,0,0,0,0,0
194196,7,bully,3047,1,28,2696918,252,1997,1512,11982,1,1,191149,3047,0,29,0,0,0,NORMAL,0,3,1,9,86,252,0,1997,0,0,0,0,0,0,0
194753,6,bully,3605,1,28,2712539,252,1999,1512,11994,1,1,191148,3605,0,29,0,0,0,NORMAL,0,3,1,9,86,252,0,1999,0,0,0,0,0,0,0
194060,10,bully,2911,1,28,2693110,252,1996,1512,11976,1,1,191149,2911,0,29,0,0,0,NORMAL,0,3,1,9,113,252,0,1996,0,0,0,0,0,0,0
194637,8,bully,3490,1,28,2709278,252,2001,1512,12006,1,1,191147,3490,0,29,0,0,0,NORMAL,0,3,1,10,76,252,0,2001,0,0,0,0,0,0,0
194326,4,bully,3183,1,28,2700672,252,2005,1512,12030,1,1,191143,3183,0,29,0,0,0,NORMAL,0,3,1,10,61,252,0,2005,0,0,0,0,0,0,0
194447,2,bully,3298,1,28,2703946,252,2015,1512,12090,1,1,191149,3298,0,29,0,0,0,NORMAL,0,3,1,10,57,252,0,2015,0,0,0,0,0,0,0
194613,9,bully,3468,1,28,2708640,252,2009,1512,12054,1,1,191145,3468,0,29,0,0,0,NORMAL,0,3,1,10,60,252,0,2009,0,0,0,0,0,0,0
194463,1,bully,3320,1,28,2704492,252,2020,1512,12120,1,1,191143,3320,0,29,0,0,0,LEADER,1,4,1,10,28,252,0,2020,0,0,0,0,0,0,0
194775,5,bully,3626,1,28,2713130,252,2011,1512,12066,1,1,191149,3626,0,29,0,0,0,NORMAL,0,3,1,9,85,252,0,2011,0,0,0,0,0,0,0
196184,3,bully,2741,1,29,2884405,255,2019,1530,12114,1,1,193443,2741,0,30,0,0,0,NORMAL,0,3,2,4,60,255,0,2019,0,0,0,0,0,0,0
196499,7,bully,3047,1,29,2893417,255,2021,1530,12126,1,1,193452,3047,0,30,0,0,0,NORMAL,0,3,2,3,89,255,0,2021,0,0,0,0,0,0,0
197056,6,bully,3605,1,29,2909595,255,2023,1530,12138,1,1,193451,3605,0,30,0,0,0,NORMAL,0,3,2,3,89,255,0,2023,0,0,0,0,0,0,0
196363,10,bully,2911,1,29,2889473,255,2020,1530,12120,1,1,193452,2911,0,30,0,0,0,NORMAL,0,3,2,3,117,255,0,2020,0,0,0,0,0,0,0
196940,8,bully,3490,1,29,2906218,255,2025,1530,12150,1,1,193450,3490,0,30,0,0,0,NORMAL,0,3,2,4,78,255,0,2025,0,0,0,0,0,0,0
196629,4,bully,3183,1,29,2897301,255,2029,1530,12174,1,1,193446,3183,0,30,0,0,0,NORMAL,0,3,2,4,63,255,0,2029,0,0,0,0,0,0,0
196750,2,bully,3298,1,29,2900696,255,2039,1530,12234,1,1,193452,3298,0,30,0,0,0,NORMAL,0,3,2,4,59,255,0,2039,0,0,0,0,0,0,0
196916,9,bully,3468,1,29,2905556,255,2033,1530,12198,1,1,193448,3468,0,30,0,0,0,NORMAL,0,3,2,4,62,255,0,2033,0,0,0,0,0,0,0
196766,1,bully,3320,1,29,2901258,255,2045,1530,12270,1,1,193446,3320,0,30,0,0,0,LEADER,1,4,1,4,29,255,0,2045,0,0,0,0,0,0,0
197078,5,bully,3626,1,29,2910208,255,2035,1530,12210,1,1,193452,3626,0,30,0,0,0,NORMAL,0,3,2,3,88,255,0,2035,0,0,0,0,0,0,0
198487,3,bully,2741,1,29,2884405,258,2043,1548,12258,1,1,195746,2741,0,30,0,0,0,NORMAL,0,3,1,7,60,258,0,2043,0,0,0,0,0,0,0
198802,7,bully,3047,1,29,2893417,258,2045,1548,12270,1,1,195755,3047,0,30,0,0,0,NORMAL,0,3,1,6,89,258,0,2045,0,0,0,0,0,0,0
199359,6,bully,3605,1,29,2909595,258,2047,1548,12282,1,1,195754,3605,0,30,0,0,0,NORMAL,0,3,1,6,89,258,0,2047,0,0,0,0,0,0,0
198666,10,bully,2911,1,29,2889473,258,2044,1548,12264,1,1,195755,2911,0,30,0,0,0,NORMAL,0,3,1,6,117,258,0,2044,0,0,0,0,0,0,0
199243,8,bully,3490,1,29,2906218,258,2049,1548,12294,1,1,195753,3490,0,30,0,0,0,NORMAL,0,3,1,7,78,258,0,2049,0,0,0,0,0,0,0
198932,4,bully,3183,1,29,2897301,258,2053,1548,12318,1,1,195749,3183,0,30,0,0,0,NORMAL,0,3,1,7,63,258,0,2053,0,0,0,0,0,0,0
199053,2,bully,3298,1,29,2900696,258,2063,1548,12378,1,1,195755,3298,0,30,0,0,0,NORMAL,0,3,1,7,59,258,0,2063,0,0,0,0,0,0,0
199218,9,bully,3468,1,29,2905556,258,2058,1548,12348,1,1,195750,3468,0,30,0,0,0,NORMAL,0,3,1,7,62,258,0,2058,0,0,0,0,0,0,0
199069,1,bully,3320,1,29,2901258,258,2069,1548,12414,1,1,195749,3320,0,30,0,0,0,LEADER,1,4,1,7,29,258,0,2069,0,0,0,0,0,0,0
199381,5,bully,3626,1,29,2910208,258,2059,1548,12354,1,1,195755,3626,0,30,0,0,0,NORMAL,0,3,1,6,88,258,0,2059,0,0,0,0,0,0,0
200790,3,bully,2741,1,29,2884405,261,2067,1566,12402,1,1,198049,2741,0,30,0,0,0,NORMAL,0,3,1,10,60,261,0,2067,0,0,0,0,0,0,0
201105,7,bully,3047,1,29,2893417,261,2068,1566,12408,1,1,198058,3047,0,30,0,0,0,NORMAL,0,3,1,9,89,261,0,2068,0,0,0,0,0,0,0
201662,6,bully,3605,1,29,2909595,261,2070,1566,12420,1,1,198057,3605,0,30,0,0,0,NORMAL,0,3,1,9,89,261,0,2070,0,0,0,0,0,0,0
200969,10,bully,2911,1,29,2889473,261,2068,1566,12408,1,1,198058,2911,0,30,0,0,0,NORMAL,0,3,1,9,117,261,0,2068,0,0,0,0,0,0,0
201546,8,bully,3490,1,29,2906218,261,2072,1566,12432,1,1,198056,3490,0,30,0,0,0,NORMAL,0,3,1,10,78,261,0,2072,0,0,0,0,0,0,0
201235,4,bully,3183,1,29,2897301,261,2076,1566,12456,1,1,198052,3183,0,30,0,0,0,NORMAL,0,3,1,10,63,261,0,2076,0,0,0,0,0,0,0
201356,2,bully,3298,1,29,2900696,261,2087,1566,12522,1,1,198058,3298,0,30,0,0,0,NORMAL,0,3,1,10,59,261,0,2087,0,0,0,0,0,0,0
201521,9,bully,3468,1,29,2905556,261,2081,1566,12486,1,1,198053,3468,0,30,0,0,0,NORMAL,0,3,1,10,62,261,0,2081,0,0,0,0,0,0,0
201372,1,bully,3320,1,29,2901258,261,2092,1566,12552,1,1,198052,3320,0,30,0,0,0,LEADER,1,4,1,10,29,261,0,2092,0,0,0,0,0,0,0
201684,5,bully,3626,1,29,2910208,261,2082,1566,12492,1,1,198058,3626,0,30,0,0,0,NORMAL,0,3,1,9,88,261,0,2082,0,0,0,0,0,0,0
203093,3,bully,2741,1,30,3087498,264,2091,1584,12546,1,1,200352,2741,0,31,0,0,0,NORMAL,0,3,2,4,62,264,0,2091,0,0,0,0,0,0,0
203408,7,bully,3047,1,30,3096825,264,2092,1584,12552,1,1,200361,3047,0,31,0,0,0,NORMAL,0,3,2,3,92,264,0,2092,0,0,0,0,0,0,0
203965,6,bully,3605,1,30,3113560,264,2094,1584,12564,1,1,200360,3605,0,31,0,0,0,NORMAL,0,3,2,3,92,264,0,2094,0,0,0,0,0,0,0
203272,10,bully,2911,1,30,3092745,264,2092,1584,12552,1,1,200361,2911,0,31,0,0,0,NORMAL,0,3,2,3,121,264,0,2092,0,0,0,0,0,0,0
203849,8,bully,3490,1,30,3110067,264,2096,1584,12576,1,1,200359,3490,0,31,0,0,0,NORMAL,0,3,2,4,80,264,0,2096,0,0,0,0,0,0,0
203538,4,bully,3183,1,30,3100839,264,2100,1584,12600,1,1,200355,3183,0,31,0,0,0,NORMAL,0,3,2,4,65,264,0,2100,0,0,0,0,0,0,0
203659,2,bully,3298,1,30,3104355,264,2111,1584,12666,1,1,200361,3298,0,31,0,0,0,NORMAL,0,3,2,4,61,264,0,2111,0,0,0,0,0,0,0
203824,9,bully,3468,1,30,3109380,264,2105,1584,12630,1,1,200356,3468,0,31,0,0,0,NORMAL,0,3,2,4,64,264,0,2105,0,0,0,0,0,0,0
203675,1,bully,3320,1,30,3104933,264,2116,1584,12696,1,1,200355,3320,0,31,0,0,0,LEADER,1,4,1,4,30,264,0,2116,0,0,0,0,0,0,0
203987,5,bully,3626,1,30,3114195,264,2106,1584,12636,1,1,200361,3626,0,31,0,0,0,NORMAL,0,3,2,3,91,264,0,2106,0,0,0,0,0,0,0
205396,3,bully,2741,1,30,3087498,267,2115,1602,12690,1,1,202655,2741,0,31,0,0,0,NORMAL,0,3,1,7,62,267,0,2115,0,0,0,0,0,0,0
205710,7,bully,3047,1,30,3096825,267,2116,1602,12696,1,1,202663,3047,0,31,0,0,0,NORMAL,0,3,1,6,92,267,0,2116,0,0,0,0,0,0,0
206268,6,bully,3605,1,30,3113560,267,2118,1602,12708,1,1,202663,3605,0,31,0,0,0,NORMAL,0,3,1,6,92,267,0,2118,0,0,0,0,0,0,0
205575,10,bully,2911,1,30,3092745,267,2116,1602,12696,1,1,202664,2911,0,31,0,0,0,NORMAL,0,3,1,6,121,267,0,2116,0,0,0,0,0,0,0
206152,8,bully,3490,1,30,3110067,267,2120,1602,12720,1,1,202662,3490,0,31,0,0,0,NORMAL,0,3,1,7,80,267,0,2120,0,0,0,0,0,0,0
205841,4,bully,3183,1,30,3100839,267,2124,1602,12744,1,1,202658,3183,0,31,0,0,0,NORMAL,0,3,1,7,65,267,0,2124,0,0,0,0,0,0,0
205962,2,bully,3298,1,30,3104355,267,2135,1602,12810,1,1,202664,3298,0,31,0,0,0,NORMAL,0,3,1,7,61,267,0,2135,0,0,0,0,0,0,0
206126,9,bully,3468,1,30,3109380,267,2129,1602,12774,1,1,202658,3468,0,31,0,0,0,NORMAL,0,3,1,7,64,267,0,2129,0,0,0,0,0,0,0
205978,1,bully,3320,1,30,3104933,267,2140,1602,12840,1,1,202658,3320,0,31,0,0,0,LEADER,1,4,1,7,30,267,0,2140,0,0,0,0,0,0,0
206290,5,bully,3626,1,30,3114195,267,2130,1602,12780,1,1,202664,3626,0,31,0,0,0,NORMAL,0,3,1,6,91,267,0,2130,0,0,0,0,0,0,0
207699,3,bully,2741,1,30,3087498,270,2139,1620,12834,1,1,204958,2741,0,31,0,0,0,NORMAL,0,3,1,10,62,270,0,2139,0,0,0,0,0,0,0
208013,7,bully,3047,1,30,3096825,270,2140,1620,12840,1,1,204966,3047,0,31,0,0,0,NORMAL,0,3,1,9,92,270,0,2140,0,0,0,0,0,0,0
208571,6,bully,3605,1,30,3113560,270,2142,1620,12852,1,1,204966,3605,0,31,0,0,0,NORMAL,0,3,1,9,92,270,0,2142,0,0,0,0,0,0,0
207878,10,bully,2911,1,30,3092745,270,2139,1620,12834,1,1,204967,2911,0,31,0,0,0,NORMAL,0,3,1,9,121,270,0,2139,0,0,0,0,0,0,0
208455,8,bully,3490,1,30,3110067,270,2144,1620,12864,1,1,204965,3490,0,31,0,0,0,NORMAL,0,3,1,10,80,270,0,2144,0,0,0,0,0,0,0
208144,4,bully,3183,1,30,3100839,270,2148,1620,12888,1,1,204961,3183,0,31,0,0,0,NORMAL,0,3,1,10,65,270,0,2148,0,0,0,0,0,0,0
208265,2,bully,3298,1,30,3104355,270,2159,1620,12954,1,1,204967,3298,0,31,0,0,0,NORMAL,0,3,1,10,61,270,0,2159,0,0,0,0,0,0,0
208428,9,bully,3468,1,30,3109380,270,2152,1620,12912,1,1,204960,3468,0,31,0,0,0,NORMAL,0,3,1,10,64,270,0,2152,0,0,0,0,0,0,0
208281,1,bully,3320,1,30,3104933,270,2164,1620,12984,1,1,204961,3320,0,31,0,0,0,LEADER,1,4,1,10,30,270,0,2164,0,0,0,0,0,0,0
208593,5,bully,3626,1,30,3114195,270,2152,1620,12912,1,1,204967,3626,0,31,0,0,0,NORMAL,0,3,1,9,91,270,0,2152,0,0,0,0,0,0,0
210002,3,bully,2741,1,31,3297500,273,2162,1638,12972,1,1,207261,2741,0,32,0,0,0,NORMAL,0,3,2,4,64,273,0,2162,0,0,0,0,0,0,0
210316,7,bully,3047,1,31,3307141,273,2162,1638,12972,1,1,207269,3047,0,32,0,0,0,NORMAL,0,3,2,3,95,273,0,2162,0,0,0,0,0,0,0
210874,6,bully,3605,1,31,3324434,273,2164,1638,12984,1,1,207269,3605,0,32,0,0,0,NORMAL,0,3,2,3,95,273,0,2164,0,0,0,0,0,0,0
210181,10,bully,2911,1,31,3302926,273,2162,1638,12972,1,1,207270,2911,0,32,0,0,0,NORMAL,0,3,2,3,125,273,0,2162,0,0,0,0,0,0,0
210758,8,bully,3490,1,31,3320825,273,2167,1638,13002,1,1,207268,3490,0,32,0,0,0,NORMAL,0,3,2,3,83,273,0,2167,0,0,0,0,0,0,0
210447,4,bully,3183,1,31,3311286,273,2171,1638,13026,1,1,207264,3183,0,32,0,0,0,NORMAL,0,3,2,4,67,273,0,2171,0,0,0,0,0,0,0
210568,2,bully,3298,1,31,3314923,273,2182,1638,13092,1,1,207270,3298,0,32,0,0,0,NORMAL,0,3,2,4,63,273,0,2182,0,0,0,0,0,0,0
210731,9,bully,3468,1,31,3320111,273,2176,1638,13056,1,1,207263,3468,0,32,0,0,0,NORMAL,0,3,2,4,66,273,0,2176,0,0,0,0,0,0,0
210584,1,bully,3320,1,31,3315517,273,2188,1638,13128,1,1,207264,3320,0,32,0,0,0,LEADER,1,4,1,4,31,273,0,2188,0,0,0,0,0,0,0
210896,5,bully,3626,1,31,3325091,273,2176,1638,13056,1,1,207270,3626,0,32,0,0,0,NORMAL,0,3,2,3,94,273,0,2176,0,0,0,0,0,0,0
212305,3,bully,2741,1,31,3297500,276,2186,1656,13116,1,1,209564,2741,0,32,0,0,0,NORMAL,0,3,1,7,64,276,0,2186,0,0,0,0,0,0,0
212619,7,bully,3047,1,31,3307141,276,2186,1656,13116,1,1,209572,3047,0,32,0,0,0,NORMAL,0,3,1,6,95,276,0,2186,0,0,0,0,0,0,0
213177,6,bully,3605,1,31,3324434,276,2188,1656,13128,1,1,209572,3605,0,32,0,0,0,NORMAL,0,3,1,6,95,276,0,2188,0,0,0,0,0,0,0
212484,10,bully,2911,1,31,3302926,276,2186,1656,13116,1,1,209573,2911,0,32,0,0,0,NORMAL,0,3,1,6,125,276,0,2186,0,0,0,0,0,0,0
213061,8,bully,3490,1,31,3320825,276,2191,1656,13146,1,1,209571,3490,0,32,0,0,0,NORMAL,0,3,1,6,83,276,0,2191,0,0,0,0,0,0,0
212750,4,bully,3183,1,31,3311286,276,2195,1656,13170,1,1,209567,3183,0,32,0,0,0,NORMAL,0,3,1,7,67,276,0,2195,0,0,0,0,0,0,0
212871,2,bully,3298,1,31,3314923,276,2206,1656,13236,1,1,209573,3298,0,32,0,0,0,NORMAL,0,3,1,7,63,276,0,2206,0,0,0,0,0,0,0
213034,9,bully,3468,1,31,3320111,276,2201,1656,13206,1,1,209566,3468,0,32,0,0,0,NORMAL,0,3,1,7,66,276,0,2201,0,0,0,0,0,0,0
212887,1,bully,3320,1,31,3315517,276,2213,1656,13278,1,1,209567,3320,0,32,0,0,0,LEADER,1,4,1,7,31,276,0,2213,0,0,0,0,0,0,0
213199,5,bully,3626,1,31,3325091,276,2200,1656,13200,1,1,209573,3626,0,32,0,0,0,NORMAL,0,3,1,6,94,276,0,2200,0,0,0,0,0,0,0
214608,3,bully,2741,1,31,3297500,279,2210,1674,13260,1,1,211867,2741,0,32,0,0,0,NORMAL,0,3,1,10,64,279,0,2210,0,0,0,0,0,0,0
214922,7,bully,3047,1,31,3307141,279,2210,1674,13260,1,1,211875,3047,0,32,0,0,0,NORMAL,0,3,1,9,95,279,0,2210,0,0,0,0,0,0,0
215480,6,bully,3605,1,31,3324434,279,2212,1674,13272,1,1,211875,3605,0,32,0,0,0,NORMAL,0,3,1,9,95,279,0,2212,0,0,0,0,0,0,0
214787,10,bully,2911,1,31,3302926,279,2210,1674,13260,1,1,211876,2911,0,32,0,0,0,NORMAL,0,3,1,9,125,279,0,2210,0,0,0,0,0,0,0
215364,8,bully,3490,1,31,3320825,279,2215,1674,13290,1,1,211874,3490,0,32,0,0,0,NORMAL,0,3,1,9,83,279,0,2215,0,0,0,0,0,0,0
215053,4,bully,3183,1,31,3311286,279,2219,1674,13314,1,1,211870,3183,0,32,0,0,0,NORMAL,0,3,1,10,67,279,0,2219,0,0,0,0,0,0,0
215174,2,bully,3298,1,31,3314923,279,2230,1674,13380,1,1,211876,3298,0,32,0,0,0,NORMAL,0,3,1,10,63,279,0,2230,0,0,0,0,0,0,0
215337,9,bully,3468,1,31,3320111,279,2225,1674,13350,1,1,211869,3468,0,32,0,0,0,NORMAL,0,3,1,10,66,279,0,2225,0,0,0,0,0,0,0
215190,1,bully,3320,1,31,3315517,279,2237,1674,13422,1,1,211870,3320,0,32,0,0,0,LEADER,1,4,1,10,31,279,0,2237,0,0,0,0,0,0,0
215502,5,bully,3626,1,31,3325091,279,2224,1674,13344,1,1,211876,3626,0,32,0,0,0,NORMAL,0,3,1,9,94,279,0,2224,0,0,0,0,0,0,0
216911,3,bully,2741,1,32,3514411,282,2234,1692,13404,1,1,214170,2741,0,33,0,0,0,NORMAL,0,3,2,4,66,282,0,2234,0,0,0,0,0,0,0
217225,7,bully,3047,1,32,3524366,282,2234,1692,13404,1,1,214178,3047,0,33,0,0,0,NORMAL,0,3,2,3,98,282,0,2234,0,0,0,0,0,0,0
217783,6,bully,3605,1,32,3542217,282,2236,1692,13416,1,1,214178,3605,0,33,0,0,0,NORMAL,0,3,2,3,98,282,0,2236,0,0,0,0,0,0,0
217090,10,bully,2911,1,32,3520016,282,2234,1692,13404,1,1,214179,2911,0,33,0,0,0,NORMAL,0,3,2,3,129,282,0,2234,0,0,0,0,0,0,0
217667,8,bully,3490,1,32,3538492,282,2239,1692,13434,1,1,214177,3490,0,33,0,0,0,NORMAL,0,3,2,4,85,282,0,2239,0,0,0,0,0,0,0
217356,4,bully,3183,1,32,3528642,282,2243,1692,13458,1,1,214173,3183,0,33,0,0,0,NORMAL,0,3,2,4,69,282,0,2243,0,0,0,0,0,0,0
217477,2,bully,3298,1,32,3532400,282,2254,1692,13524,1,1,214179,3298,0,33,0,0,0,NORMAL,0,3,2,4,65,282,0,2254,0,0,0,0,0,0,0
217640,9,bully,3468,1,32,3537751,282,2248,1692,13488,1,1,214172,3468,0,33,0,0,0,NORMAL,0,3,2,4,68,282,0,2248,0,0,0,0,0,0,0
217493,1,bully,3320,1,32,3533010,282,2261,1692,13566,1,1,214173,3320,0,33,0,0,0,LEADER,1,4,1,4,32,282,0,2261,0,0,0,0,0,0,0
217805,5,bully,3626,1,32,3542896,282,2248,1692,13488,1,1,214179,3626,0,33,0,0,0,NORMAL,0,3,2,3,97,282,0,2248,0,0,0,0,0,0,0
219214,3,bully,2741,1,32,3514411,285,2258,1710,13548,1,1,216473,2741,0,33,0,0,0,NORMAL,0,3,1,7,66,285,0,2258,0,0,0,0,0,0,0
219528,7,bully,3047,1,32,3524366,285,2258,1710,13548,1,1,216481,3047,0,33,0,0,0,NORMAL,0,3,1,6,98,285,0,2258,0,0,0,0,0,0,0
220086,6,bully,3605,1,32,3542217,285,2260,1710,13560,1,1,216481,3605,0,33,0,0,0,NORMAL,0,3,1,6,98,285,0,2260,0,0,0,0,0,0,0
219393,10,bully,2911,1,32,3520016,285,2258,1710,13548,1,1,216482,2911,0,33,0,0,0,NORMAL,0,3,1,6,129,285,0,2258,0,0,0,0,0,0,0
219970,8,bully,3490,1,32,3538492,285,2263,1710,13578,1,1,216480,3490,0,33,0,0,0,NORMAL,0,3,1,7,85,285,0,2263,0,0,0,0,0,0,0
219659,4,bully,3183,1,32,3528642,285,2267,1710,13602,1,1,216476,3183,0,33,0,0,0,NORMAL,0,3,1,7,69,285,0,2267,0,0,0,0,0,0,0
219780,2,bully,3298,1,32,3532400,285,2278,1710,13668,1,1,216482,3298,0,33,0,0,0,NORMAL,0,3,1,7,65,285,0,2278,0,0,0,0,0,0,0
219943,9,bully,3468,1,32,3537751,285,2272,1710,13632,1,1,216475,3468,0,33,0,0,0,NORMAL,0,3,1,7,68,285,0,2272,0,0,0,0,0,0,0
219796,1,bully,3320,1,32,3533010,285,2284,1710,13704,1,1,216476,3320,0,33,0,0,0,LEADER,1,4,1,7,32,285,0,2284,0,0,0,0,0,0,0
220108,5,bully,3626,1,32,3542896,285,2272,1710,13632,1,1,216482,3626,0,33,0,0,0,NORMAL,0,3,1,6,97,285,0,2272,0,0,0,0,0,0,0
221517,3,bully,2741,1,32,3514411,288,2282,1728,13692,1,1,218776,2741,0,33,0,0,0,NORMAL,0,3,1,10,66,288,0,2282,0,0,0,0,0,0,0
221831,7,bully,3047,1,32,3524366,288,2282,1728,13692,1,1,218784,3047,0,33,0,0,0,NORMAL,0,3,1,9,98,288,0,2282,0,0,0,0,0,0,0
222389,6,bully,3605,1,32,3542217,288,2284,1728,13704,1,1,218784,3605,0,33,0,0,0,NORMAL,0,3,1,9,98,288,0,2284,0,0,0,0,0,0,0
221696,10,bully,2911,1,32,3520016,288,2282,1728,13692,1,1,218785,2911,0,33,0,0,0,NORMAL,0,3,1,9,129,288,0,2282,0,0,0,0,0,0,0
222273,8,bully,3490,1,32,3538492,288,2287,1728,13722,1,1,218783,3490,0,33,0,0,0,NORMAL,0,3,1,10,85,288,0,2287,0,0,0,0,0,0,0
221962,4,bully,3183,1,32,3528642,288,2291,1728,13746,1,1,218779,3183,0,33,0,0,0,NORMAL,0,3,1,10,69,288,0,2291,0,0,0,0,0,0,0
222083,2,bully,3298,1,32,3532400,288,2302,1728,13812,1,1,218785,3298,0,33,0,0,0,NORMAL,0,3,1,10,65,288,0,2302,0,0,0,0,0,0,0
222246,9,bully,3468,1,32,3537751,288,2296,1728,13776,1,1,218778,3468,0,33,0,0,0,NORMAL,0,3,1,10,68,288,0,2296,0,0,0,0,0,0,0
222099,1,bully,3320,1,32,3533010,288,2308,1728,13848,1,1,218779,3320,0,33,0,0,0,LEADER,1,4,1,10,32,288,0,2308,0,0,0,0,0,0,0
222411,5,bully,3626,1,32,3542896,288,2294,1728,13764,1,1,218785,3626,0,33,0,0,0,NORMAL,0,3,1,9,97,288,0,2294,0,0,0,0,0,0,0
223820,3,bully,2741,1,33,3738231,291,2305,1746,13830,1,1,221079,2741,0,34,0,0,0,NORMAL,0,3,2,4,68,291,0,2305,0,0,0,0,0,0,0
224134,7,bully,3047,1,33,3748500,291,2304,1746,13824,1,1,221087,3047,0,34,0,0,0,NORMAL,0,3,2,3,101,291,0,2304,0,0,0,0,0,0,0
224692,6,bully,3605,1,33,3766909,291,2306,1746,13836,1,1,221087,3605,0,34,0,0,0,NORMAL,0,3,2,3,101,291,0,2306,0,0,0,0,0,0,0
223999,10,bully,2911,1,33,3744015,291,2305,1746,13830,1,1,221088,2911,0,34,0,0,0,NORMAL,0,3,2,3,133,291,0,2305,0,0,0,0,0,0,0
224576,8,bully,3490,1,33,3763068,291,2309,1746,13854,1,1,221086,3490,0,34,0,0,0,NORMAL,0,3,2,4,87,291,0,2309,0,0,0,0,0,0,0
224265,4,bully,3183,1,33,3752907,291,2313,1746,13878,1,1,221082,3183,0,34,0,0,0,NORMAL,0,3,2,4,71,291,0,2313,0,0,0,0,0,0,0
224386,2,bully,3298,1,33,3756786,291,2326,1746,13956,1,1,221088,3298,0,34,0,0,0,NORMAL,0,3,2,4,67,291,0,2326,0,0,0,0,0,0,0
224549,9,bully,3468,1,33,3762300,291,2319,1746,13914,1,1,221081,3468,0,34,0,0,0,NORMAL,0,3,2,4,70,291,0,2319,0,0,0,0,0,0,0
224402,1,bully,3320,1,33,3757412,291,2333,1746,13998,1,1,221082,3320,0,34,0,0,0,LEADER,1,4,1,4,33,291,0,2333,0,0,0,0,0,0,0
224714,5,bully,3626,1,33,3767610,291,2318,1746,13908,1,1,221088,3626,0,34,0,0,0,NORMAL,0,3,2,3,100,291,0,2318,0,0,0,0,0,0,0
226123,3,bully,2741,1,33,3738231,294,2329,1764,13974,1,1,223382,2741,0,34,0,0,0,NORMAL,0,3,1,7,68,294,0,2329,0,0,0,0,0,0,0
226437,7,bully,3047,1,33,3748500,294,2328,1764,13968,1,1,223390,3047,0,34,0,0,0,NORMAL,0,3,1,6,101,294,0,2328,0,0,0,0,0,0,0
226995,6,bully,3605,1,33,3766909,294,2330,1764,13980,1,1,223390,3605,0,34,0,0,0,NORMAL,0,3,1,6,101,294,0,2330,0,0,0,0,0,0,0
226302,10,bully,2911,1,33,3744015,294,2328,1764,13968,1,1,223391,2911,0,34,0,0,0,NORMAL,0,3,1,6,133,294,0,2328,0,0,0,0,0,0,0
226879,8,bully,3490,1,33,3763068,294,2333,1764,13998,1,1,223389,3490,0,34,0,0,0,NORMAL,0,3,1,7,87,294,0,2333,0,0,0,0,0,0,0
226568,4,bully,3183,1,33,3752907,294,2337,1764,14022,1,1,223385,3183,0,34,0,0,0,NORMAL,0,3,1,7,71,294,0,2337,0,0,0,0,0,0,0
226691,2,bully,3298,1,33,3756786,294,2350,1764,14100,1,1,223393,3298,0,34,0,0,0,NORMAL,0,3,1,7,67,294,0,2350,0,0,0,0,0,0,0
226852,9,bully,3468,1,33,3762300,294,2343,1764,14058,1,1,223384,3468,0,34,0,0,0,NORMAL,0,3,1,7,70,294,0,2343,0,0,0,0,0,0,0
226705,1,bully,3320,1,33,3757412,294,2356,1764,14136,1,1,223385,3320,0,34,0,0,0,LEADER,1,4,1,7,33,294,0,2356,0,0,0,0,0,0,0
227017,5,bully,3626,1,33,3767610,294,2342,1764,14052,1,1,223391,3626,0,34,0,0,0,NORMAL,0,3,1,6,100,294,0,2342,0,0,0,0,0,0,0
228426,3,bully,2741,1,33,3738231,297,2353,1782,14118,1,1,225685,2741,0,34,0,0,0,NORMAL,0,3,1,10,68,297,0,2353,0,0,0,0,0,0,0
228740,7,bully,3047,1,33,3748500,297,2352,1782,14112,1,1,225693,3047,0,34,0,0,0,NORMAL,0,3,1,9,101,297,0,2352,0,0,0,0,0,0,0
229298,6,bully,3605,1,33,3766909,297,2354,1782,14124,1,1,225693,3605,0,34,0,0,0,NORMAL,0,3,1,9,101,297,0,2354,0,0,0,0,0,0,0
228605,10,bully,2911,1,33,3744015,297,2352,1782,14112,1,1,225694,2911,0,34,0,0,0,NORMAL,0,3,1,9,133,297,0,2352,0,0,0,0,0,0,0
229182,8,bully,3490,1,33,3763068,297,2357,1782,14142,1,1,225692,3490,0,34,0,0,0,NORMAL,0,3,1,10,87,297,0,2357,0,0,0,0,0,0,0
228871,4,bully,3183,1,33,3752907,297,2361,1782,14166,1,1,225688,3183,0,34,0,0,0,NORMAL,0,3,1,10,71,297,0,2361,0,0,0,0,0,0,0
228994,2,bully,3298,1,33,3756786,297,2374,1782,14244,1,1,225696,3298,0,34,0,0,0,NORMAL,0,3,1,10,67,297,0,2374,0,0,0,0,0,0,0
229155,9,bully,3468,1,33,3762300,297,2367,1782,14202,1,1,225687,3468,0,34,0,0,0,NORMAL,0,3,1,10,70,297,0,2367,0,0,0,0,0,0,0
229008,1,bully,3320,1,33,3757412,297,2381,1782,14286,1,1,225688,3320,0,34,0,0,0,LEADER,1,4,1,10,33,297,0,2381,0,0,0,0,0,0,0
229320,5,bully,3626,1,33,3767610,297,2366,1782,14196,1,1,225694,3626,0,34,0,0,0,NORMAL,0,3,1,9,100,297,0,2366,0,0,0,0,0,0,0
230729,3,bully,2741,1,34,3968960,300,2377,1800,14262,1,1,227988,2741,0,35,0,0,0,NORMAL,0,3,2,4,70,300,0,2377,0,0,0,0,0,0,0
231043,7,bully,3047,1,34,3979543,300,2376,1800,14256,1,1,227996,3047,0,35,0,0,0,NORMAL,0,3,2,3,104,300,0,2376,0,0,0,0,0,0,0
231601,6,bully,3605,1,34,3998510,300,2378,1800,14268,1,1,227996,3605,0,35,0,0,0,NORMAL,0,3,2,3,104,300,0,2378,0,0,0,0,0,0,0
230908,10,bully,2911,1,34,3974923,300,2376,1800,14256,1,1,227997,2911,0,35,0,0,0,NORMAL,0,3,2,3,137,300,0,2376,0,0,0,0,0,0,0
231485,8,bully,3490,1,34,3994553,300,2381,1800,14286,1,1,227995,3490,0,35,0,0,0,NORMAL,0,3,2,3,90,300,0,2381,0,0,0,0,0,0,0
231174,4,bully,3183,1,34,3984081,300,2385,1800,14310,1,1,227991,3183,0,35,0,0,0,NORMAL,0,3,2,3,74,300,0,2385,0,0,0,0,0,0,0
231297,2,bully,3298,1,34,3988083,300,2398,1800,14388,1,1,227999,3298,0,35,0,0,0,NORMAL,0,3,2,4,69,300,0,2398,0,0,0,0,0,0,0
231458,9,bully,3468,1,34,3993758,300,2391,1800,14346,1,1,227990,3468,0,35,0,0,0,NORMAL,0,3,2,4,72,300,0,2391,0,0,0,0,0,0,0
231311,1,bully,3320,1,34,3988723,300,2405,1800,14430,1,1,227991,3320,0,35,0,0,0,LEADER,1,4,1,4,34,300,0,2405,0,0,0,0,0,0,0
231623,5,bully,3626,1,34,3999233,300,2390,1800,14340,1,1,227997,3626,0,35,0,0,0,NORMAL,0,3,2,3,103,300,0,2390,0,0,0,0,0,0,0
233032,3,bully,2741,1,34,3968960,303,2401,1818,14406,1,1,230291,2741,0,35,0,0,0,NORMAL,0,3,1,7,70,303,0,2401,0,0,0,0,0,0,0
233346,7,bully,3047,1,34,3979543,303,2400,1818,14400,1,1,230299,3047,0,35,0,0,0,NORMAL,0,3,1,6,104,303,0,2400,0,0,0,0,0,0,0
233904,6,bully,3605,1,34,3998510,303,2402,1818,14412,1,1,230299,3605,0,35,0,0,0,NORMAL,0,3,1,6,104,303,0,2402,0,0,0,0,0,0,0
233211,10,bully,2911,1,34,3974923,303,2400,1818,14400,1,1,230300,2911,0,35,0,0,0,NORMAL,0,3,1,6,137,303,0,2400,0,0,0,0,0,0,0
233788,8,bully,3490,1,34,3994553,303,2405,1818,14430,1,1,230298,3490,0,35,0,0,0,NORMAL,0,3,1,6,90,303,0,2405,0,0,0,0,0,0,0
233477,4,bully,3183,1,34,3984081,303,2409,1818,14454,1,1,230294,3183,0,35,0,0,0,NORMAL,0,3,1,6,74,303,0,2409,0,0,0,0,0,0,0
233600,2,bully,3298,1,34,3988083,303,2422,1818,14532,1,1,230302,3298,0,35,0,0,0,NORMAL,0,3,1,7,69,303,0,2422,0,0,0,0,0,0,0
233760,9,bully,3468,1,34,3993758,303,2415,1818,14490,1,1,230292,3468,0,35,0,0,0,NORMAL,0,3,1,7,72,303,0,2415,0,0,0,0,0,0,0
233614,1,bully,3320,1,34,3988723,303,2429,1818,14574,1,1,230294,3320,0,35,0,0,0,LEADER,1,4,1,7,34,303,0,2429,0,0,0,0,0,0,0
233926,5,bully,3626,1,34,3999233,303,2414,1818,14484,1,1,230300,3626,0,35,0,0,0,NORMAL,0,3,1,6,103,303,0,2414,0,0,0,0,0,0,0
235335,3,bully,2741,1,34,3968960,306,2425,1836,14550,1,1,232594,2741,0,35,0,0,0,NORMAL,0,3,1,10,70,306,0,2425,0,0,0,0,0,0,0
235649,7,bully,3047,1,34,3979543,306,2424,1836,14544,1,1,232602,3047,0,35,0,0,0,NORMAL,0,3,1,9,104,306,0,2424,0,0,0,0,0,0,0
236207,6,bully,3605,1,34,3998510,306,2426,1836,14556,1,1,232602,3605,0,35,0,0,0,NORMAL,0,3,1,9,104,306,0,2426,0,0,0,0,0,0,0
235514,10,bully,2911,1,34,3974923,306,2424,1836,14544,1,1,232603,2911,0,35,0,0,0,NORMAL,0,3,1,9,137,306,0,2424,0,0,0,0,0,0,0
236091,8,bully,3490,1,34,3994553,306,2429,1836,14574,1,1,232601,3490,0,35,0,0,0,NORMAL,0,3,1,9,90,306,0,2429,0,0,0,0,0,0,0
235780,4,bully,3183,1,34,3984081,306,2433,1836,14598,1,1,232597,3183,0,35,0,0,0,NORMAL,0,3,1,9,74,306,0,2433,0,0,0,0,0,0,0
235903,2,bully,3298,1,34,3988083,306,2446,1836,14676,1,1,232605,3298,0,35,0,0,0,NORMAL,0,3,1,10,69,306,0,2446,0,0,0,0,0,0,0
236062,9,bully,3468,1,34,3993758,306,2439,1836,14634,1,1,232594,3468,0,35,0,0,0,NORMAL,0,3,1,10,72,306,0,2439,0,0,0,0,0,0,0
235917,1,bully,3320,1,34,3988723,306,2452,1836,14712,1,1,232597,3320,0,35,0,0,0,LEADER,1,4,1,10,34,306,0,2452,0,0,0,0,0,0,0
236229,5,bully,3626,1,34,3999233,306,2438,1836,14628,1,1,232603,3626,0,35,0,0,0,NORMAL,0,3,1,9,103,306,0,2438,0,0,0,0,0,0,0
237638,3,bully,2741,1,35,4206598,309,2449,1854,14694,1,1,234897,2741,0,36,0,0,0,NORMAL,0,3,2,4,72,309,0,2449,0,0,0,0,0,0,0
237952,7,bully,3047,1,35,4217495,309,2448,1854,14688,1,1,234905,3047,0,36,0,0,0,NORMAL,0,3,2,3,107,309,0,2448,0,0,0,0,0,0,0
238510,6,bully,3605,1,35,4237020,309,2450,1854,14700,1,1,234905,3605,0,36,0,0,0,NORMAL,0,3,2,3,107,309,0,2450,0,0,0,0,0,0,0
237817,10,bully,2911,1,35,4212740,309,2448,1854,14688,1,1,234906,2911,0,36,0,0,0,NORMAL,0,3,2,3,141,309,0,2448,0,0,0,0,0,0,0
238394,8,bully,3490,1,35,4232947,309,2453,1854,14718,1,1,234904,3490,0,36,0,0,0,NORMAL,0,3,2,4,92,309,0,2453,0,0,0,0,0,0,0
238083,4,bully,3183,1,35,4222164,309,2457,1854,14742,1,1,234900,3183,0,36,0,0,0,NORMAL,0,3,2,4,76,309,0,2457,0,0,0,0,0,0,0
238206,2,bully,3298,1,35,4226289,309,2470,1854,14820,1,1,234908,3298,0,36,0,0,0,NORMAL,0,3,2,4,71,309,0,2470,0,0,0,0,0,0,0
238364,9,bully,3468,1,35,4232122,309,2463,1854,14778,1,1,234896,3468,0,36,0,0,0,NORMAL,0,3,2,4,74,309,0,2463,0,0,0,0,0,0,0
238220,1,bully,3320,1,35,4226943,309,2477,1854,14862,1,1,234900,3320,0,36,0,0,0,LEADER,1,4,1,4,35,309,0,2477,0,0,0,0,0,0,0
238532,5,bully,3626,1,35,4237765,309,2462,1854,14772,1,1,234906,3626,0,36,0,0,0,NORMAL,0,3,2,3,106,309,0,2462,0,0,0,0,0,0,0
239941,3,bully,2741,1,35,4206598,312,2473,1872,14838,1,1,237200,2741,0,36,0,0,0,NORMAL,0,3,1,7,72,312,0,2473,0,0,0,0,0,0,0
240255,7,bully,3047,1,35,4217495,312,2472,1872,14832,1,1,237208,3047,0,36,0,0,0,NORMAL,0,3,1,6,107,312,0,2472,0,0,0,0,0,0,0
240813,6,bully,3605,1,35,4237020,312,2474,1872,14844,1,1,237208,3605,0,36,0,0,0,NORMAL,0,3,1,6,107,312,0,2474,0,0,0,0,0,0,0
240120,10,bully,2911,1,35,4212740,312,2472,1872,14832,1,1,237209,2911,0,36,0,0,0,NORMAL,0,3,1,6,141,312,0,2472,0,0,0,0,0,0,0
240697,8,bully,3490,1,35,4232947,312,2477,1872,14862,1,1,237207,3490,0,36,0,0,0,NORMAL,0,3,1,7,92,312,0,2477,0,0,0,0,0,0,0
240386,4,bully,3183,1,35,4222164,312,2481,1872,14886,1,1,237203,3183,0,36,0,0,0,NORMAL,0,3,1,7,76,312,0,2481,0,0,0,0,0,0,0
240509,2,bully,3298,1,35,4226289,312,2494,1872,14964,1,1,237211,3298,0,36,0,0,0,NORMAL,0,3,1,7,71,312,0,2494,0,0,0,0,0,0,0
240666,9,bully,3468,1,35,4232122,312,2487,1872,14922,1,1,237198,3468,0,36,0,0,0,NORMAL,0,3,1,7,74,312,0,2487,0,0,0,0,0,0,0
240523,1,bully,3320,1,35,4226943,312,2500,1872,15000,1,1,237203,3320,0,36,0,0,0,LEADER,1,4,1,7,35,312,0,2500,0,0,0,0,0,0,0
240835,5,bully,3626,1,35,4237765,312,2485,1872,14910,1,1,237209,3626,0,36,0,0,0,NORMAL,0,3,1,6,106,312,0,2485,0,0,0,0,0,0,0
242243,3,bully,2741,1,35,4206598,315,2497,1890,14982,1,1,239502,2741,0,36,0,0,0,NORMAL,0,3,1,10,72,315,0,2497,0,0,0,0,0,0,0
242558,7,bully,3047,1,35,4217495,315,2495,1890,14970,1,1,239511,3047,0,36,0,0,0,NORMAL,0,3,1,9,107,315,0,2495,0,0,0,0,0,0,0
243116,6,bully,3605,1,35,4237020,315,2497,1890,14982,1,1,239511,3605,0,36,0,0,0,NORMAL,0,3,1,9,107,315,0,2497,0,0,0,0,0,0,0
242423,10,bully,2911,1,35,4212740,315,2495,1890,14970,1,1,239512,2911,0,36,0,0,0,NORMAL,0,3,1,9,141,315,0,2495,0,0,0,0,0,0,0
243000,8,bully,3490,1,35,4232947,315,2500,1890,15000,1,1,239510,3490,0,36,0,0,0,NORMAL,0,3,1,10,92,315,0,2500,0,0,0,0,0,0,0
242689,4,bully,3183,1,35,4222164,315,2505,1890,15030,1,1,239506,3183,0,36,0,0,0,NORMAL,0,3,1,10,76,315,0,2505,0,0,0,0,0,0,0
242812,2,bully,3298,1,35,4226289,315,2518,1890,15108,1,1,239514,3298,0,36,0,0,0,NORMAL,0,3,1,10,71,315,0,2518,0,0,0,0,0,0,0
242969,9,bully,3468,1,35,4232122,315,2510,1890,15060,1,1,239501,3468,0,36,0,0,0,NORMAL,0,3,1,10,74,315,0,2510,0,0,0,0,0,0,0
242826,1,bully,3320,1,35,4226943,315,2525,1890,15150,1,1,239506,3320,0,36,0,0,0,LEADER,1,4,1,10,35,315,0,2525,0,0,0,0,0,0,0
243138,5,bully,3626,1,35,4237765,315,2509,1890,15054,1,1,239512,3626,0,36,0,0,0,NORMAL,0,3,1,9,106,315,0,2509,0,0,0,0,0,0,0
244546,3,bully,2741,1,36,4451144,318,2521,1908,15126,1,1,241805,2741,0,37,0,0,0,NORMAL,0,3,2,4,74,318,0,2521,0,0,0,0,0,0,0
244861,7,bully,3047,1,36,4462356,318,2519,1908,15114,1,1,241814,3047,0,37,0,0,0,NORMAL,0,3,2,3,110,318,0,2519,0,0,0,0,0,0,0
245419,6,bully,3605,1,36,4482439,318,2521,1908,15126,1,1,241814,3605,0,37,0,0,0,NORMAL,0,3,2,3,110,318,0,2521,0,0,0,0,0,0,0
244726,10,bully,2911,1,36,4457466,318,2519,1908,15114,1,1,241815,2911,0,37,0,0,0,NORMAL,0,3,2,3,145,318,0,2519,0,0,0,0,0,0,0
245303,8,bully,3490,1,36,4478250,318,2524,1908,15144,1,1,241813,3490,0,37,0,0,0,NORMAL,0,3,2,4,94,318,0,2524,0,0,0,0,0,0,0
244992,4,bully,3183,1,36,4467156,318,2529,1908,15174,1,1,241809,3183,0,37,0,0,0,NORMAL,0,3,2,4,78,318,0,2529,0,0,0,0,0,0,0
245115,2,bully,3298,1,36,4471404,318,2542,1908,15252,1,1,241817,3298,0,37,0,0,0,NORMAL,0,3,2,4,73,318,0,2542,0,0,0,0,0,0,0
245271,9,bully,3468,1,36,4477393,318,2534,1908,15204,1,1,241803,3468,0,37,0,0,0,NORMAL,0,3,2,4,76,318,0,2534,0,0,0,0,0,0,0
245129,1,bully,3320,1,36,4472072,318,2549,1908,15294,1,1,241809,3320,0,37,0,0,0,LEADER,1,4,1,4,36,318,0,2549,0,0,0,0,0,0,0
245441,5,bully,3626,1,36,4483206,318,2533,1908,15198,1,1,241815,3626,0,37,0,0,0,NORMAL,0,3,2,3,109,318,0,2533,0,0,0,0,0,0,0
246849,3,bully,2741,1,36,4451144,321,2545,1926,15270,1,1,244108,2741,0,37,0,0,0,NORMAL,0,3,1,7,74,321,0,2545,0,0,0,0,0,0,0
247164,7,bully,3047,1,36,4462356,321,2543,1926,15258,1,1,244117,3047,0,37,0,0,0,NORMAL,0,3,1,6,110,321,0,2543,0,0,0,0,0,0,0
247722,6,bully,3605,1,36,4482439,321,2545,1926,15270,1,1,244117,3605,0,37,0,0,0,NORMAL,0,3,1,6,110,321,0,2545,0,0,0,0,0,0,0
247029,10,bully,2911,1,36,4457466,321,2543,1926,15258,1,1,244118,2911,0,37,0,0,0,NORMAL,0,3,1,6,145,321,0,2543,0,0,0,0,0,0,0
247606,8,bully,3490,1,36,4478250,321,2548,1926,15288,1,1,244116,3490,0,37,0,0,0,NORMAL,0,3,1,7,94,321,0,2548,0,0,0,0,0,0,0
247295,4,bully,3183,1,36,4467156,321,2553,1926,15318,1,1,244112,3183,0,37,0,0,0,NORMAL,0,3,1,7,78,321,0,2553,0,0,0,0,0,0,0
247418,2,bully,3298,1,36,4471404,321,2565,1926,15390,1,1,244120,3298,0,37,0,0,0,NORMAL,0,3,1,7,73,321,0,2565,0,0,0,0,0,0,0
247574,9,bully,3468,1,36,4477393,321,2557,1926,15342,1,1,244106,3468,0,37,0,0,0,NORMAL,0,3,1,7,76,321,0,2557,0,0,0,0,0,0,0
247432,1,bully,3320,1,36,4472072,321,2573,1926,15438,1,1,244112,3320,0,37,0,0,0,LEADER,1,4,1,7,36,321,0,2573,0,0,0,0,0,0,0
247744,5,bully,3626,1,36,4483206,321,2557,1926,15342,1,1,244118,3626,0,37,0,0,0,NORMAL,0,3,1,6,109,321,0,2557,0,0,0,0,0,0,0
249151,3,bully,2741,1,36,4451144,324,2569,1944,15414,1,1,246410,2741,0,37,0,0,0,NORMAL,0,3,1,10,74,324,0,2569,0,0,0,0,0,0,0
249467,7,bully,3047,1,36,4462356,324,2566,1944,15396,1,1,246420,3047,0,37,0,0,0,NORMAL,0,3,1,9,110,324,0,2566,0,0,0,0,0,0,0
250025,6,bully,3605,1,36,4482439,324,2568,1944,15408,1,1,246420,3605,0,37,0,0,0,NORMAL,0,3,1,9,110,324,0,2568,0,0,0,0,0,0,0
249332,10,bully,2911,1,36,4457466,324,2566,1944,15396,1,1,246421,2911,0,37,0,0,0,NORMAL,0,3,1,9,145,324,0,2566,0,0,0,0,0,0,0
249909,8,bully,3490,1,36,4478250,324,2571,1944,15426,1,1,246419,3490,0,37,0,0,0,NORMAL,0,3,1,10,94,324,0,2571,0,0,0,0,0,0,0
249598,4,bully,3183,1,36,4467156,324,2577,1944,15462,1,1,246415,3183,0,37,0,0,0,NORMAL,0,3,1,10,78,324,0,2577,0,0,0,0,0,0,0
249721,2,bully,3298,1,36,4471404,324,2590,1944,15540,1,1,246423,3298,0,37,0,0,0,NORMAL,0,3,1,10,73,324,0,2590,0,0,0,0,0,0,0
249877,9,bully,3468,1,36,4477393,324,2581,1944,15486,1,1,246409,3468,0,37,0,0,0,NORMAL,0,3,1,10,76,324,0,2581,0,0,0,0,0,0,0
249735,1,bully,3320,1,36,4472072,324,2596,1944,15576,1,1,246415,3320,0,37,0,0,0,LEADER,1,4,1,10,36,324,0,2596,0,0,0,0,0,0,0
250047,5,bully,3626,1,36,4483206,324,2580,1944,15480,1,1,246421,3626,0,37,0,0,0,NORMAL,0,3,1,9,109,324,0,2580,0,0,0,0,0,0,0
251454,3,bully,2741,1,37,4702598,327,2593,1962,15558,1,1,248713,2741,0,38,0,0,0,NORMAL,0,3,2,4,76,327,0,2593,0,0,0,0,0,0,0
251770,7,bully,3047,1,37,4714126,327,2590,1962,15540,1,1,248723,3047,0,38,0,0,0,NORMAL,0,3,2,3,113,327,0,2590,0,0,0,0,0,0,0
252328,6,bully,3605,1,37,4734767,327,2592,1962,15552,1,1,248723,3605,0,38,0,0,0,NORMAL,0,3,2,3,113,327,0,2592,0,0,0,0,0,0,0
251635,10,bully,2911,1,37,4709101,327,2590,1962,15540,1,1,248724,2911,0,38,0,0,0,NORMAL,0,3,2,3,149,327,0,2590,0,0,0,0,0,0,0
252212,8,bully,3490,1,37,4730462,327,2595,1962,15570,1,1,248722,3490,0,38,0,0,0,NORMAL,0,3,2,4,96,327,0,2595,0,0,0,0,0,0,0
251901,4,bully,3183,1,37,4719057,327,2601,1962,15606,1,1,248718,3183,0,38,0,0,0,NORMAL,0,3,2,4,80,327,0,2601,0,0,0,0,0,0,0
252024,2,bully,3298,1,37,4723428,327,2614,1962,15684,1,1,248726,3298,0,38,0,0,0,NORMAL,0,3,2,4,75,327,0,2614,0,0,0,0,0,0,0
252180,9,bully,3468,1,37,4729573,327,2605,1962,15630,1,1,248712,3468,0,38,0,0,0,NORMAL,0,3,2,4,78,327,0,2605,0,0,0,0,0,0,0
252038,1,bully,3320,1,37,4724110,327,2621,1962,15726,1,1,248718,3320,0,38,0,0,0,LEADER,1,4,1,4,37,327,0,2621,0,0,0,0,0,0,0
252350,5,bully,3626,1,37,4735556,327,2604,1962,15624,1,1,248724,3626,0,38,0,0,0,NORMAL,0,3,2,3,112,327,0,2604,0,0,0,0,0,0,0
253757,3,bully,2741,1,37,4702598,330,2617,1980,15702,1,1,251016,2741,0,38,0,0,0,NORMAL,0,3,1,7,76,330,0,2617,0,0,0,0,0,0,0
254073,7,bully,3047,1,37,4714126,330,2614,1980,15684,1,1,251026,3047,0,38,0,0,0,NORMAL,0,3,1,6,113,330,0,2614,0,0,0,0,0,0,0
254631,6,bully,3605,1,37,4734767,330,2616,1980,15696,1,1,251026,3605,0,38,0,0,0,NORMAL,0,3,1,6,113,330,0,2616,0,0,0,0,0,0,0
253938,10,bully,2911,1,37,4709101,330,2614,1980,15684,1,1,251027,2911,0,38,0,0,0,NORMAL,0,3,1,6,149,330,0,2614,0,0,0,0,0,0,0
254515,8,bully,3490,1,37,4730462,330,2619,1980,15714,1,1,251025,3490,0,38,0,0,0,NORMAL,0,3,1,7,96,330,0,2619,0,0,0,0,0,0,0
254204,4,bully,3183,1,37,4719057,330,2625,1980,15750,1,1,251021,3183,0,38,0,0,0,NORMAL,0,3,1,7,80,330,0,2625,0,0,0,0,0,0,0
254327,2,bully,3298,1,37,4723428,330,2638,1980,15828,1,1,251029,3298,0,38,0,0,0,NORMAL,0,3,1,7,75,330,0,2638,0,0,0,0,0,0,0
254483,9,bully,3468,1,37,4729573,330,2629,1980,15774,1,1,251015,3468,0,38,0,0,0,NORMAL,0,3,1,7,78,330,0,2629,0,0,0,0,0,0,0
254341,1,bully,3320,1,37,4724110,330,2645,1980,15870,1,1,251021,3320,0,38,0,0,0,LEADER,1,4,1,7,37,330,0,2645,0,0,0,0,0,0,0
254653,5,bully,3626,1,37,4735556,330,2628,1980,15768,1,1,251027,3626,0,38,0,0,0,NORMAL,0,3,1,6,112,330,0,2628,0,0,0,0,0,0,0
256060,3,bully,2741,1,37,4702598,333,2641,1998,15846,1,1,253319,2741,0,38,0,0,0,NORMAL,0,3,1,10,76,333,0,2641,0,0,0,0,0,0,0
256376,7,bully,3047,1,37,4714126,333,2638,1998,15828,1,1,253329,3047,0,38,0,0,0,NORMAL,0,3,1,9,113,333,0,2638,0,0,0,0,0,0,0
256934,6,bully,3605,1,37,4734767,333,2640,1998,15840,1,1,253329,3605,0,38,0,0,0,NORMAL,0,3,1,9,113,333,0,2640,0,0,0,0,0,0,0
256241,10,bully,2911,1,37,4709101,333,2638,1998,15828,1,1,253330,2911,0,38,0,0,0,NORMAL,0,3,1,9,149,333,0,2638,0,0,0,0,0,0,0
256818,8,bully,3490,1,37,4730462,333,2643,1998,15858,1,1,253328,3490,0,38,0,0,0,NORMAL,0,3,1,10,96,333,0,2643,0,0,0,0,0,0,0
256506,4,bully,3183,1,37,4719057,333,2649,1998,15894,1,1,253323,3183,0,38,0,0,0,NORMAL,0,3,1,10,80,333,0,2649,0,0,0,0,0,0,0
256630,2,bully,3298,1,37,4723428,333,2662,1998,15972,1,1,253332,3298,0,38,0,0,0,NORMAL,0,3,1,10,75,333,0,2662,0,0,0,0,0,0,0
256786,9,bully,3468,1,37,4729573,333,2653,1998,15918,1,1,253318,3468,0,38,0,0,0,NORMAL,0,3,1,10,78,333,0,2653,0,0,0,0,0,0,0
256644,1,bully,3320,1,37,4724110,333,2667,1998,16002,1,1,253324,3320,0,38,0,0,0,LEADER,1,4,1,10,37,333,0,2667,0,0,0,0,0,0,0
256956,5,bully,3626,1,37,4735556,333,2652,1998,15912,1,1,253330,3626,0,38,0,0,0,NORMAL,0,3,1,9,112,333,0,2652,0,0,0,0,0,0,0
258363,3,bully,2741,1,38,4960961,336,2665,2016,15990,1,1,255622,2741,0,39,0,0,0,NORMAL,0,3,2,4,78,336,0,2665,0,0,0,0,0,0,0
258679,7,bully,3047,1,38,4972805,336,2662,2016,15972,1,1,255632,3047,0,39,0,0,0,NORMAL,0,3,2,3,116,336,0,2662,0,0,0,0,0,0,0
259237,6,bully,3605,1,38,4994004,336,2664,2016,15984,1,1,255632,3605,0,39,0,0,0,NORMAL,0,3,2,3,116,336,0,2664,0,0,0,0,0,0,0
258544,10,bully,2911,1,38,4967645,336,2662,2016,15972,1,1,255633,2911,0,39,0,0,0,NORMAL,0,3,2,3,153,336,0,2662,0,0,0,0,0,0,0
259121,8,bully,3490,1,38,4989583,336,2667,2016,16002,1,1,255631,3490,0,39,0,0,0,NORMAL,0,3,2,3,99,336,0,2667,0,0,0,0,0,0,0
258809,4,bully,3183,1,38,4977866,336,2673,2016,16038,1,1,255626,3183,0,39,0,0,0,NORMAL,0,3,2,3,83,336,0,2673,0,0,0,0,0,0,0
258933,2,bully,3298,1,38,4982361,336,2686,2016,16116,1,1,255635,3298,0,39,0,0,0,NORMAL,0,3,2,3,78,336,0,2686,0,0,0,0,0,0,0
259089,9,bully,3468,1,38,4988662,336,2677,2016,16062,1,1,255621,3468,0,39,0,0,0,NORMAL,0,3,2,4,80,336,0,2677,0,0,0,0,0,0,0
258947,1,bully,3320,1,38,4983057,336,2692,2016,16152,1,1,255627,3320,0,39,0,0,0,LEADER,1,4,1,4,38,336,0,2692,0,0,0,0,0,0,0
259259,5,bully,3626,1,38,4994815,336,2676,2016,16056,1,1,255633,3626,0,39,0,0,0,NORMAL,0,3,2,3,115,336,0,2676,0,0,0,0,0,0,0
260666,3,bully,2741,1,38,4960961,339,2689,2034,16134,1,1,257925,2741,0,39,0,0,0,NORMAL,0,3,1,7,78,339,0,2689,0,0,0,0,0,0,0
260982,7,bully,3047,1,38,4972805,339,2686,2034,16116,1,1,257935,3047,0,39,0,0,0,NORMAL,0,3,1,6,116,339,0,2686,0,0,0,0,0,0,0
261540,6,bully,3605,1,38,4994004,339,2688,2034,16128,1,1,257935,3605,0,39,0,0,0,NORMAL,0,3,1,6,116,339,0,2688,0,0,0,0,0,0,0
260847,10,bully,2911,1,38,4967645,339,2686,2034,16116,1,1,257936,2911,0,39,0,0,0,NORMAL,0,3,1,6,153,339,0,2686,0,0,0,0,0,0,0
261423,8,bully,3490,1,38,4989583,339,2691,2034,16146,1,1,257933,3490,0,39,0,0,0,NORMAL,0,3,1,6,99,339,0,2691,0,0,0,0,0,0,0
261112,4,bully,3183,1,38,4977866,339,2697,2034,16182,1,1,257929,3183,0,39,0,0,0,NORMAL,0,3,1,6,83,339,0,2697,0,0,0,0,0,0,0
261236,2,bully,3298,1,38,4982361,339,2710,2034,16260,1,1,257938,3298,0,39,0,0,0,NORMAL,0,3,1,6,78,339,0,2710,0,0,0,0,0,0,0
261392,9,bully,3468,1,38,4988662,339,2701,2034,16206,1,1,257924,3468,0,39,0,0,0,NORMAL,0,3,1,7,80,339,0,2701,0,0,0,0,0,0,0
261250,1,bully,3320,1,38,4983057,339,2716,2034,16296,1,1,257930,3320,0,39,0,0,0,LEADER,1,4,1,7,38,339,0,2716,0,0,0,0,0,0,0
261562,5,bully,3626,1,38,4994815,339,2700,2034,16200,1,1,257936,3626,0,39,0,0,0,NORMAL,0,3,1,6,115,339,0,2700,0,0,0,0,0,0,0
262969,3,bully,2741,1,38,4960961,342,2713,2052,16278,1,1,260228,2741,0,39,0,0,0,NORMAL,0,3,1,10,78,342,0,2713,0,0,0,0,0,0,0
263285,7,bully,3047,1,38,4972805,342,2710,2052,16260,1,1,260238,3047,0,39,0,0,0,NORMAL,0,3,1,9,116,342,0,2710,0,0,0,0,0,0,0
263843,6,bully,3605,1,38,4994004,342,2712,2052,16272,1,1,260238,3605,0,39,0,0,0,NORMAL,0,3,1,9,116,342,0,2712,0,0,0,0,0,0,0
263150,10,bully,2911,1,38,4967645,342,2710,2052,16260,1,1,260239,2911,0,39,0,0,0,NORMAL,0,3,1,9,153,342,0,2710,0,0,0,0,0,0,0
263726,8,bully,3490,1,38,4989583,342,2715,2052,16290,1,1,260236,3490,0,39,0,0,0,NORMAL,0,3,1,9,99,342,0,2715,0,0,0,0,0,0,0
263415,4,bully,3183,1,38,4977866,342,2721,2052,16326,1,1,260232,3183,0,39,0,0,0,NORMAL,0,3,1,9,83,342,0,2721,0,0,0,0,0,0,0
263539,2,bully,3298,1,38,4982361,342,2734,2052,16404,1,1,260241,3298,0,39,0,0,0,NORMAL,0,3,1,9,78,342,0,2734,0,0,0,0,0,0,0
263695,9,bully,3468,1,38,4988662,342,2725,2052,16350,1,1,260227,3468,0,39,0,0,0,NORMAL,0,3,1,10,80,342,0,2725,0,0,0,0,0,0,0
263553,1,bully,3320,1,38,4983057,342,2740,2052,16440,1,1,260233,3320,0,39,0,0,0,LEADER,1,4,1,10,38,342,0,2740,0,0,0,0,0,0,0
263865,5,bully,3626,1,38,4994815,342,2724,2052,16344,1,1,260239,3626,0,39,0,0,0,NORMAL,0,3,1,9,115,342,0,2724,0,0,0,0,0,0,0
265272,3,bully,2741,1,39,5226233,345,2737,2070,16422,1,1,262531,2741,0,40,0,0,0,NORMAL,0,3,2,4,80,345,0,2737,0,0,0,0,0,0,0
265588,7,bully,3047,1,39,5238393,345,2734,2070,16404,1,1,262541,3047,0,40,0,0,0,NORMAL,0,3,2,3,119,345,0,2734,0,0,0,0,0,0,0
266146,6,bully,3605,1,39,5260150,345,2736,2070,16416,1,1,262541,3605,0,40,0,0,0,NORMAL,0,3,2,3,119,345,0,2736,0,0,0,0,0,0,0
265453,10,bully,2911,1,39,5233098,345,2734,2070,16404,1,1,262542,2911,0,40,0,0,0,NORMAL,0,3,2,3,157,345,0,2734,0,0,0,0,0,0,0
266029,8,bully,3490,1,39,5255612,345,2739,2070,16434,1,1,262539,3490,0,40,0,0,0,NORMAL,0,3,2,4,101,345,0,2739,0,0,0,0,0,0,0
265718,4,bully,3183,1,39,5243584,345,2745,2070,16470,1,1,262535,3183,0,40,0,0,0,NORMAL,0,3,2,4,85,345,0,2745,0,0,0,0,0,0,0
265842,2,bully,3298,1,39,5248203,345,2758,2070,16548,1,1,262544,3298,0,40,0,0,0,NORMAL,0,3,2,4,80,345,0,2758,0,0,0,0,0,0,0
265998,9,bully,3468,1,39,5254660,345,2749,2070,16494,1,1,262530,3468,0,40,0,0,0,NORMAL,0,3,2,4,82,345,0,2749,0,0,0,0,0,0,0
265856,1,bully,3320,1,39,5248913,345,2766,2070,16596,1,1,262536,3320,0,40,0,0,0,LEADER,1,4,1,4,39,345,0,2766,0,0,0,0,0,0,0
266168,5,bully,3626,1,39,5260983,345,2747,2070,16482,1,1,262542,3626,0,40,0,0,0,NORMAL,0,3,2,3,118,345,0,2747,0,0,0,0,0,0,0
267575,3,bully,2741,1,39,5226233,348,2761,2088,16566,1,1,264834,2741,0,40,0,0,0,NORMAL,0,3,1,7,80,348,0,2761,0,0,0,0,0,0,0
267891,7,bully,3047,1,39,5238393,348,2757,2088,16542,1,1,264844,3047,0,40,0,0,0,NORMAL,0,3,1,6,119,348,0,2757,0,0,0,0,0,0,0
268449,6,bully,3605,1,39,5260150,348,2759,2088,16554,1,1,264844,3605,0,40,0,0,0,NORMAL,0,3,1,6,119,348,0,2759,0,0,0,0,0,0,0
267756,10,bully,2911,1,39,5233098,348,2757,2088,16542,1,1,264845,2911,0,40,0,0,0,NORMAL,0,3,1,6,157,348,0,2757,0,0,0,0,0,0,0
268332,8,bully,3490,1,39,5255612,348,2762,2088,16572,1,1,264842,3490,0,40,0,0,0,NORMAL,0,3,1,7,101,348,0,2762,0,0,0,0,0,0,0
268021,4,bully,3183,1,39,5243584,348,2769,2088,16614,1,1,264838,3183,0,40,0,0,0,NORMAL,0,3,1,7,85,348,0,2769,0,0,0,0,0,0,0
268145,2,bully,3298,1,39,5248203,348,2782,2088,16692,1,1,264847,3298,0,40,0,0,0,NORMAL,0,3,1,7,80,348,0,2782,0,0,0,0,0,0,0
268301,9,bully,3468,1,39,5254660,348,2772,2088,16632,1,1,264833,3468,0,40,0,0,0,NORMAL,0,3,1,7,82,348,0,2772,0,0,0,0,0,0,0
268159,1,bully,3320,1,39,5248913,348,2788,2088,16728,1,1,264839,3320,0,40,0,0,0,LEADER,1,4,1,7,39,348,0,2788,0,0,0,0,0,0,0
268471,5,bully,3626,1,39,5260983,348,2770,2088,16620,1,1,264845,3626,0,40,0,0,0,NORMAL,0,3,1,6,118,348,0,2770,0,0,0,0,0,0,0
269878,3,bully,2741,1,39,5226233,351,2785,2106,16710,1,1,267137,2741,0,40,0,0,0,NORMAL,0,3,1,10,80,351,0,2785,0,0,0,0,0,0,0
270194,7,bully,3047,1,39,5238393,351,2780,2106,16680,1,1,267147,3047,0,40,0,0,0,NORMAL,0,3,1,9,119,351,0,2780,0,0,0,0,0,0,0
270752,6,bully,3605,1,39,5260150,351,2782,2106,16692,1,1,267147,3605,0,40,0,0,0,NORMAL,0,3,1,9,119,351,0,2782,0,0,0,0,0,0,0
270059,10,bully,2911,1,39,5233098,351,2780,2106,16680,1,1,267148,2911,0,40,0,0,0,NORMAL,0,3,1,9,157,351,0,2780,0,0,0,0,0,0,0
270635,8,bully,3490,1,39,5255612,351,2785,2106,16710,1,1,267145,3490,0,40,0,0,0,NORMAL,0,3,1,10,101,351,0,2785,0,0,0,0,0,0,0
270324,4,bully,3183,1,39,5243584,351,2792,2106,16752,1,1,267141,3183,0,40,0,0,0,NORMAL,0,3,1,10,85,351,0,2792,0,0,0,0,0,0,0
270448,2,bully,3298,1,39,5248203,351,2806,2106,16836,1,1,267150,3298,0,40,0,0,0,NORMAL,0,3,1,10,80,351,0,2806,0,0,0,0,0,0,0
270604,9,bully,3468,1,39,5254660,351,2795,2106,16770,1,1,267136,3468,0,40,0,0,0,NORMAL,0,3,1,10,82,351,0,2795,0,0,0,0,0,0,0
270461,1,bully,3320,1,39,5248913,351,2812,2106,16872,1,1,267141,3320,0,40,0,0,0,LEADER,1,4,1,10,39,351,0,2812,0,0,0,0,0,0,0
270774,5,bully,3626,1,39,5260983,351,2794,2106,16764,1,1,267148,3626,0,40,0,0,0,NORMAL,0,3,1,9,118,351,0,2794,0,0,0,0,0,0,0
272180,3,bully,2741,1,40,5498413,354,2809,2124,16854,1,1,269439,2741,0,41,0,0,0,NORMAL,0,3,2,4,82,354,0,2809,0,0,0,0,0,0,0
272497,7,bully,3047,1,40,5510890,354,2804,2124,16824,1,1,269450,3047,0,41,0,0,0,NORMAL,0,3,2,3,122,354,0,2804,0,0,0,0,0,0,0
273055,6,bully,3605,1,40,5533205,354,2806,2124,16836,1,1,269450,3605,0,41,0,0,0,NORMAL,0,3,2,3,122,354,0,2806,0,0,0,0,0,0,0
272362,10,bully,2911,1,40,5505460,354,2804,2124,16824,1,1,269451,2911,0,41,0,0,0,NORMAL,0,3,2,3,161,354,0,2804,0,0,0,0,0,0,0
272938,8,bully,3490,1,40,5528550,354,2809,2124,16854,1,1,269448,3490,0,41,0,0,0,NORMAL,0,3,2,3,104,354,0,2809,0,0,0,0,0,0,0
272626,4,bully,3183,1,40,5516210,354,2816,2124,16896,1,1,269443,3183,0,41,0,0,0,NORMAL,0,3,2,4,87,354,0,2816,0,0,0,0,0,0,0
272751,2,bully,3298,1,40,5520954,354,2830,2124,16980,1,1,269453,3298,0,41,0,0,0,NORMAL,0,3,2,4,82,354,0,2830,0,0,0,0,0,0,0
272907,9,bully,3468,1,40,5527567,354,2819,2124,16914,1,1,269439,3468,0,41,0,0,0,NORMAL,0,3,2,4,84,354,0,2819,0,0,0,0,0,0,0
272764,1,bully,3320,1,40,5521677,354,2838,2124,17028,1,1,269444,3320,0,41,0,0,0,LEADER,1,4,1,4,40,354,0,2838,0,0,0,0,0,0,0
273077,5,bully,3626,1,40,5534060,354,2818,2124,16908,1,1,269451,3626,0,41,0,0,0,NORMAL,0,3,2,3,121,354,0,2818,0,0,0,0,0,0,0
274483,3,bully,2741,1,40,5498413,357,2833,2142,16998,1,1,271742,2741,0,41,0,0,0,NORMAL,0,3,1,7,82,357,0,2833,0,0,0,0,0,0,0
274800,7,bully,3047,1,40,5510890,357,2828,2142,16968,1,1,271753,3047,0,41,0,0,0,NORMAL,0,3,1,6,122,357,0,2828,0,0,0,0,0,0,0
275358,6,bully,3605,1,40,5533205,357,2830,2142,16980,1,1,271753,3605,0,41,0,0,0,NORMAL,0,3,1,6,122,357,0,2830,0,0,0,0,0,0,0
274665,10,bully,2911,1,40,5505460,357,2828,2142,16968,1,1,271754,2911,0,41,0,0,0,NORMAL,0,3,1,6,161,357,0,2828,0,0,0,0,0,0,0
275241,8,bully,3490,1,40,5528550,357,2833,2142,16998,1,1,271751,3490,0,41,0,0,0,NORMAL,0,3,1,6,104,357,0,2833,0,0,0,0,0,0,0
274929,4,bully,3183,1,40,5516210,357,2840,2142,17040,1,1,271746,3183,0,41,0,0,0,NORMAL,0,3,1,7,87,357,0,2840,0,0,0,0,0,0,0
275054,2,bully,3298,1,40,5520954,357,2854,2142,17124,1,1,271756,3298,0,41,0,0,0,NORMAL,0,3,1,7,82,357,0,2854,0,0,0,0,0,0,0
275210,9,bully,3468,1,40,5527567,357,2843,2142,17058,1,1,271742,3468,0,41,0,0,0,NORMAL,0,3,1,7,84,357,0,2843,0,0,0,0,0,0,0
275067,1,bully,3320,1,40,5521677,357,2862,2142,17172,1,1,271747,3320,0,41,0,0,0,LEADER,1,4,1,7,40,357,0,2862,0,0,0,0,0,0,0
275380,5,bully,3626,1,40,5534060,357,2841,2142,17046,1,1,271754,3626,0,41,0,0,0,NORMAL,0,3,1,6,121,357,0,2841,0,0,0,0,0,0,0
276786,3,bully,2741,1,40,5498413,360,2856,2160,17136,1,1,274045,2741,0,41,0,0,0,NORMAL,0,3,1,10,82,360,0,2856,0,0,0,0,0,0,0
277103,7,bully,3047,1,40,5510890,360,2851,2160,17106,1,1,274056,3047,0,41,0,0,0,NORMAL,0,3,1,9,122,360,0,2851,0,0,0,0,0,0,0
277661,6,bully,3605,1,40,5533205,360,2853,2160,17118,1,1,274056,3605,0,41,0,0,0,NORMAL,0,3,1,9,122,360,0,2853,0,0,0,0,0,0,0
276968,10,bully,2911,1,40,5505460,360,2851,2160,17106,1,1,274057,2911,0,41,0,0,0,NORMAL,0,3,1,9,161,360,0,2851,0,0,0,0,0,0,0
277544,8,bully,3490,1,40,5528550,360,2856,2160,17136,1,1,274054,3490,0,41,0,0,0,NORMAL,0,3,1,9,104,360,0,2856,0,0,0,0,0,0,0
277232,4,bully,3183,1,40,5516210,360,2864,2160,17184,1,1,274049,3183,0,41,0,0,0,NORMAL,0,3,1,10,87,360,0,2864,0,0,0,0,0,0,0
277357,2,bully,3298,1,40,5520954,360,2878,2160,17268,1,1,274059,3298,0,41,0,0,0,NORMAL,0,3,1,10,82,360,0,2878,0,0,0,0,0,0,0
277513,9,bully,3468,1,40,5527567,360,2866,2160,17196,1,1,274045,3468,0,41,0,0,0,NORMAL,0,3,1,10,84,360,0,2866,0,0,0,0,0,0,0
277370,1,bully,3320,1,40,5521677,360,2885,2160,17310,1,1,274050,3320,0,41,0,0,0,LEADER,1,4,1,10,40,360,0,2885,0,0,0,0,0,0,0
277683,5,bully,3626,1,40,5534060,360,2865,2160,17190,1,1,274057,3626,0,41,0,0,0,NORMAL,0,3,1,9,121,360,0,2865,0,0,0,0,0,0,0
279088,3,bully,2741,1,41,5777501,363,2880,2178,17280,1,1,276347,2741,0,42,0,0,0,NORMAL,0,3,2,4,84,363,0,2880,0,0,0,0,0,0,0
279406,7,bully,3047,1,41,5790296,363,2874,2178,17244,1,1,276359,3047,0,42,0,0,0,NORMAL,0,3,2,3,125,363,0,2874,0,0,0,0,0,0,0
279964,6,bully,3605,1,41,5813169,363,2876,2178,17256,1,1,276359,3605,0,42,0,0,0,NORMAL,0,3,2,3,125,363,0,2876,0,0,0,0,0,0,0
279271,10,bully,2911,1,41,5784731,363,2874,2178,17244,1,1,276360,2911,0,42,0,0,0,NORMAL,0,3,2,3,165,363,0,2874,0,0,0,0,0,0,0
279847,8,bully,3490,1,41,5808397,363,2879,2178,17274,1,1,276357,3490,0,42,0,0,0,NORMAL,0,3,2,3,107,363,0,2879,0,0,0,0,0,0,0
279535,4,bully,3183,1,41,5795745,363,2888,2178,17328,1,1,276352,3183,0,42,0,0,0,NORMAL,0,3,2,4,89,363,0,2888,0,0,0,0,0,0,0
279660,2,bully,3298,1,41,5800614,363,2902,2178,17412,1,1,276362,3298,0,42,0,0,0,NORMAL,0,3,2,4,84,363,0,2902,0,0,0,0,0,0,0
279816,9,bully,3468,1,41,5807383,363,2889,2178,17334,1,1,276348,3468,0,42,0,0,0,NORMAL,0,3,2,4,86,363,0,2889,0,0,0,0,0,0,0
279673,1,bully,3320,1,41,5801350,363,2909,2178,17454,1,1,276353,3320,0,42,0,0,0,LEADER,1,4,1,4,41,363,0,2909,0,0,0,0,0,0,0
279986,5,bully,3626,1,41,5814046,363,2888,2178,17328,1,1,276360,3626,0,42,0,0,0,NORMAL,0,3,2,3,124,363,0,2888,0,0,0,0,0,0,0
281391,3,bully,2741,1,41,5777501,366,2904,2196,17424,1,1,278650,2741,0,42,0,0,0,NORMAL,0,3,1,7,84,366,0,2904,0,0,0,0,0,0,0
281709,7,bully,3047,1,41,5790296,366,2897,2196,17382,1,1,278662,3047,0,42,0,0,0,NORMAL,0,3,1,6,125,366,0,2897,0,0,0,0,0,0,0
282267,6,bully,3605,1,41,5813169,366,2899,2196,17394,1,1,278662,3605,0,42,0,0,0,NORMAL,0,3,1,6,125,366,0,2899,0,0,0,0,0,0,0
281574,10,bully,2911,1,41,5784731,366,2898,2196,17388,1,1,278663,2911,0,42,0,0,0,NORMAL,0,3,1,6,165,366,0,2898,0,0,0,0,0,0,0
282150,8,bully,3490,1,41,5808397,366,2902,2196,17412,1,1,278660,3490,0,42,0,0,0,NORMAL,0,3,1,6,107,366,0,2902,0,0,0,0,0,0,0
281838,4,bully,3183,1,41,5795745,366,2911,2196,17466,1,1,278655,3183,0,42,0,0,0,NORMAL,0,3,1,7,89,366,0,2911,0,0,0,0,0,0,0
281963,2,bully,3298,1,41,5800614,366,2926,2196,17556,1,1,278665,3298,0,42,0,0,0,NORMAL,0,3,1,7,84,366,0,2926,0,0,0,0,0,0,0
282119,9,bully,3468,1,41,5807383,366,2913,2196,17478,1,1,278651,3468,0,42,0,0,0,NORMAL,0,3,1,7,86,366,0,2913,0,0,0,0,0,0,0
281975,1,bully,3320,1,41,5801350,366,2932,2196,17592,1,1,278655,3320,0,42,0,0,0,LEADER,1,4,1,7,41,366,0,2932,0,0,0,0,0,0,0
282289,5,bully,3626,1,41,5814046,366,2911,2196,17466,1,1,278663,3626,0,42,0,0,0,NORMAL,0,3,1,6,124,366,0,2911,0,0,0,0,0,0,0
283694,3,bully,2741,1,41,5777501,369,2928,2214,17568,1,1,280953,2741,0,42,0,0,0,NORMAL,0,3,1,10,84,369,0,2928,0,0,0,0,0,0,0
284012,7,bully,3047,1,41,5790296,369,2921,2214,17526,1,1,280965,3047,0,42,0,0,0,NORMAL,0,3,1,9,125,369,0,2921,0,0,0,0,0,0,0
284570,6,bully,3605,1,41,5813169,369,2923,2214,17538,1,1,280965,3605,0,42,0,0,0,NORMAL,0,3,1,9,125,369,0,2923,0,0,0,0,0,0,0
283877,10,bully,2911,1,41,5784731,369,2922,2214,17532,1,1,280966,2911,0,42,0,0,0,NORMAL,0,3,1,9,165,369,0,2922,0,0,0,0,0,0,0
284453,8,bully,3490,1,41,5808397,369,2926,2214,17556,1,1,280963,3490,0,42,0,0,0,NORMAL,0,3,1,9,107,369,0,2926,0,0,0,0,0,0,0
284141,4,bully,3183,1,41,5795745,369,2935,2214,17610,1,1,280958,3183,0,42,0,0,0,NORMAL,0,3,1,10,89,369,0,2935,0,0,0,0,0,0,0
284266,2,bully,3298,1,41,5800614,369,2950,2214,17700,1,1,280968,3298,0,42,0,0,0,NORMAL,0,3,1,10,84,369,0,2950,0,0,0,0,0,0,0
284422,9,bully,3468,1,41,5807383,369,2937,2214,17622,1,1,280954,3468,0,42,0,0,0,NORMAL,0,3,1,10,86,369,0,2937,0,0,0,0,0,0,0
284278,1,bully,3320,1,41,5801350,369,2956,2214,17736,1,1,280958,3320,0,42,0,0,0,LEADER,1,4,1,10,41,369,0,2956,0,0,0,0,0,0,0
284592,5,bully,3626,1,41,5814046,369,2935,2214,17610,1,1,280966,3626,0,42,0,0,0,NORMAL,0,3,1,9,124,369,0,2935,0,0,0,0,0,0,0
285997,3,bully,2741,1,42,6063498,372,2952,2232,17712,1,1,283256,2741,0,43,0,0,0,NORMAL,0,3,2,4,86,372,0,2952,0,0,0,0,0,0,0
286315,7,bully,3047,1,42,6076611,372,2945,2232,17670,1,1,283268,3047,0,43,0,0,0,NORMAL,0,3,2,3,128,372,0,2945,0,0,0,0,0,0,0
286873,6,bully,3605,1,42,6100042,372,2947,2232,17682,1,1,283268,3605,0,43,0,0,0,NORMAL,0,3,2,3,128,372,0,2947,0,0,0,0,0,0,0
286180,10,bully,2911,1,42,6070911,372,2946,2232,17676,1,1,283269,2911,0,43,0,0,0,NORMAL,0,3,2,3,169,372,0,2946,0,0,0,0,0,0,0
286756,8,bully,3490,1,42,6095153,372,2950,2232,17700,1,1,283266,3490,0,43,0,0,0,NORMAL,0,3,2,4,109,372,0,2950,0,0,0,0,0,0,0
286444,4,bully,3183,1,42,6082189,372,2959,2232,17754,1,1,283261,3183,0,43,0,0,0,NORMAL,0,3,2,4,91,372,0,2959,0,0,0,0,0,0,0
286569,2,bully,3298,1,42,6087183,372,2974,2232,17844,1,1,283271,3298,0,43,0,0,0,NORMAL,0,3,2,4,86,372,0,2974,0,0,0,0,0,0,0
286725,9,bully,3468,1,42,6094108,372,2961,2232,17766,1,1,283257,3468,0,43,0,0,0,NORMAL,0,3,2,4,88,372,0,2961,0,0,0,0,0,0,0
286581,1,bully,3320,1,42,6087931,372,2980,2232,17880,1,1,283261,3320,0,43,0,0,0,LEADER,1,4,1,4,42,372,0,2980,0,0,0,0,0,0,0
286895,5,bully,3626,1,42,6100941,372,2959,2232,17754,1,1,283269,3626,0,43,0,0,0,NORMAL,0,3,2,3,127,372,0,2959,0,0,0,0,0,0,0
288300,3,bully,2741,1,42,6063498,375,2976,2250,17856,1,1,285559,2741,0,43,0,0,0,NORMAL,0,3,1,7,86,375,0,2976,0,0,0,0,0,0,0
288618,7,bully,3047,1,42,6076611,375,2969,2250,17814,1,1,285571,3047,0,43,0,0,0,NORMAL,0,3,1,6,128,375,0,2969,0,0,0,0,0,0,0
289176,6,bully,3605,1,42,6100042,375,2971,2250,17826,1,1,285571,3605,0,43,0,0,0,NORMAL,0,3,1,6,128,375,0,2971,0,0,0,0,0,0,0
288483,10,bully,2911,1,42,6070911,375,2970,2250,17820,1,1,285572,2911,0,43,0,0,0,NORMAL,0,3,1,6,169,375,0,2970,0,0,0,0,0,0,0
289059,8,bully,3490,1,42,6095153,375,2974,2250,17844,1,1,285569,3490,0,43,0,0,0,NORMAL,0,3,1,7,109,375,0,2974,0,0,0,0,0,0,0
288747,4,bully,3183,1,42,6082189,375,2983,2250,17898,1,1,285564,3183,0,43,0,0,0,NORMAL,0,3,1,7,91,375,0,2983,0,0,0,0,0,0,0
288872,2,bully,3298,1,42,6087183,375,2998,2250,17988,1,1,285574,3298,0,43,0,0,0,NORMAL,0,3,1,7,86,375,0,2998,0,0,0,0,0,0,0
289028,9,bully,3468,1,42,6094108,375,2985,2250,17910,1,1,285560,3468,0,43,0,0,0,NORMAL,0,3,1,7,88,375,0,2985,0,0,0,0,0,0,0
288884,1,bully,3320,1,42,6087931,375,3004,2250,18024,1,1,285564,3320,0,43,0,0,0,LEADER,1,4,1,7,42,375,0,3004,0,0,0,0,0,0,0
289198,5,bully,3626,1,42,6100941,375,2982,2250,17892,1,1,285572,3626,0,43,0,0,0,NORMAL,0,3,1,6,127,375,0,2982,0,0,0,0,0,0,0
290603,3,bully,2741,1,42,6063498,378,2999,2268,17994,1,1,287862,2741,0,43,0,0,0,NORMAL,0,3,1,10,86,378,0,2999,0,0,0,0,0,0,0
290921,7,bully,3047,1,42,6076611,378,2991,2268,17946,1,1,287874,3047,0,43,0,0,0,NORMAL,0,3,1,9,128,378,0,2991,0,0,0,0,0,0,0
291479,6,bully,3605,1,42,6100042,378,2993,2268,17958,1,1,287874,3605,0,43,0,0,0,NORMAL,0,3,1,9,128,378,0,2993,0,0,0,0,0,0,0
290786,10,bully,2911,1,42,6070911,378,2992,2268,17952,1,1,287875,2911,0,43,0,0,0,NORMAL,0,3,1,9,169,378,0,2992,0,0,0,0,0,0,0
291362,8,bully,3490,1,42,6095153,378,2996,2268,17976,1,1,287872,3490,0,43,0,0,0,NORMAL,0,3,1,10,109,378,0,2996,0,0,0,0,0,0,0
291050,4,bully,3183,1,42,6082189,378,3006,2268,18036,1,1,287867,3183,0,43,0,0,0,NORMAL,0,3,1,10,91,378,0,3006,0,0,0,0,0,0,0
291175,2,bully,3298,1,42,6087183,378,3022,2268,18132,1,1,287877,3298,0,43,0,0,0,NORMAL,0,3,1,10,86,378,0,3022,0,0,0,0,0,0,0
291331,9,bully,3468,1,42,6094108,378,3007,2268,18042,1,1,287863,3468,0,43,0,0,0,NORMAL,0,3,1,10,88,378,0,3007,0,0,0,0,0,0,0
291187,1,bully,3320,1,42,6087931,378,3030,2268,18180,1,1,287867,3320,0,43,0,0,0,LEADER,1,4,1,10,42,378,0,3030,0,0,0,0,0,0,0
291501,5,bully,3626,1,42,6100941,378,3004,2268,18024,1,1,287875,3626,0,43,0,0,0,NORMAL,0,3,1,9,127,378,0,3004,0,0,0,0,0,0,0
292906,3,bully,2741,1,43,6356404,381,3023,2286,18138,1,1,290165,2741,0,44,0,0,0,NORMAL,0,3,2,4,88,381,0,3023,0,0,0,0,0,0,0
293224,7,bully,3047,1,43,6369835,381,3014,2286,18084,1,1,290177,3047,0,44,0,0,0,NORMAL,0,3,2,3,131,381,0,3014,0,0,0,0,0,0,0
293782,6,bully,3605,1,43,6393824,381,3016,2286,18096,1,1,290177,3605,0,44,0,0,0,NORMAL,0,3,2,3,131,381,0,3016,0,0,0,0,0,0,0
293089,10,bully,2911,1,43,6364000,381,3015,2286,18090,1,1,290178,2911,0,44,0,0,0,NORMAL,0,3,2,3,173,381,0,3015,0,0,0,0,0,0,0
293665,8,bully,3490,1,43,6388818,381,3019,2286,18114,1,1,290175,3490,0,44,0,0,0,NORMAL,0,3,2,4,111,381,0,3019,0,0,0,0,0,0,0
293352,4,bully,3183,1,43,6375541,381,3029,2286,18174,1,1,290169,3183,0,44,0,0,0,NORMAL,0,3,2,4,93,381,0,3029,0,0,0,0,0,0,0
293478,2,bully,3298,1,43,6380661,381,3046,2286,18276,1,1,290180,3298,0,44,0,0,0,NORMAL,0,3,2,4,88,381,0,3046,0,0,0,0,0,0,0
293634,9,bully,3468,1,43,6387742,381,3030,2286,18180,1,1,290166,3468,0,44,0,0,0,NORMAL,0,3,2,4,90,381,0,3030,0,0,0,0,0,0,0
293490,1,bully,3320,1,43,6381421,381,3052,2286,18312,1,1,290170,3320,0,44,0,0,0,LEADER,1,4,1,4,43,381,0,3052,0,0,0,0,0,0,0
293804,5,bully,3626,1,43,6394745,381,3028,2286,18168,1,1,290178,3626,0,44,0,0,0,NORMAL,0,3,2,3,130,381,0,3028,0,0,0,0,0,0,0
295209,3,bully,2741,1,43,6356404,384,3047,2304,18282,1,1,292468,2741,0,44,0,0,0,NORMAL,0,3,1,7,88,384,0,3047,0,0,0,0,0,0,0
295527,7,bully,3047,1,43,6369835,384,3038,2304,18228,1,1,292480,3047,0,44,0,0,0,NORMAL,0,3,1,6,131,384,0,3038,0,0,0,0,0,0,0
296085,6,bully,3605,1,43,6393824,384,3040,2304,18240,1,1,292480,3605,0,44,0,0,0,NORMAL,0,3,1,6,131,384,0,3040,0,0,0,0,0,0,0
295392,10,bully,2911,1,43,6364000,384,3039,2304,18234,1,1,292481,2911,0,44,0,0,0,NORMAL,0,3,1,6,173,384,0,3039,0,0,0,0,0,0,0
295968,8,bully,3490,1,43,6388818,384,3043,2304,18258,1,1,292478,3490,0,44,0,0,0,NORMAL,0,3,1,7,111,384,0,3043,0,0,0,0,0,0,0
295655,4,bully,3183,1,43,6375541,384,3053,2304,18318,1,1,292472,3183,0,44,0,0,0,NORMAL,0,3,1,7,93,384,0,3053,0,0,0,0,0,0,0
295781,2,bully,3298,1,43,6380661,384,3070,2304,18420,1,1,292483,3298,0,44,0,0,0,NORMAL,0,3,1,7,88,384,0,3070,0,0,0,0,0,0,0
295937,9,bully,3468,1,43,6387742,384,3054,2304,18324,1,1,292469,3468,0,44,0,0,0,NORMAL,0,3,1,7,90,384,0,3054,0,0,0,0,0,0,0
295793,1,bully,3320,1,43,6381421,384,3076,2304,18456,1,1,292473,3320,0,44,0,0,0,LEADER,1,4,1,7,43,384,0,3076,0,0,0,0,0,0,0
296107,5,bully,3626,1,43,6394745,384,3052,2304,18312,1,1,292481,3626,0,44,0,0,0,NORMAL,0,3,1,6,130,384,0,3052,0,0,0,0,0,0,0
297511,3,bully,2741,1,43,6356404,387,3071,2322,18426,1,1,294770,2741,0,44,0,0,0,NORMAL,0,3,1,10,88,387,0,3071,0,0,0,0,0,0,0
297830,7,bully,3047,1,43,6369835,387,3062,2322,18372,1,1,294783,3047,0,44,0,0,0,NORMAL,0,3,1,9,131,387,0,3062,0,0,0,0,0,0,0
298388,6,bully,3605,1,43,6393824,387,3064,2322,18384,1,1,294783,3605,0,44,0,0,0,NORMAL,0,3,1,9,131,387,0,3064,0,0,0,0,0,0,0
297695,10,bully,2911,1,43,6364000,387,3063,2322,18378,1,1,294784,2911,0,44,0,0,0,NORMAL,0,3,1,9,173,387,0,3063,0,0,0,0,0,0,0
298271,8,bully,3490,1,43,6388818,387,3067,2322,18402,1,1,294781,3490,0,44,0,0,0,NORMAL,0,3,1,10,111,387,0,3067,0,0,0,0,0,0,0
297958,4,bully,3183,1,43,6375541,387,3077,2322,18462,1,1,294775,3183,0,44,0,0,0,NORMAL,0,3,1,10,93,387,0,3077,0,0,0,0,0,0,0
298084,2,bully,3298,1,43,6380661,387,3094,2322,18564,1,1,294786,3298,0,44,0,0,0,NORMAL,0,3,1,10,88,387,0,3094,0,0,0,0,0,0,0
298240,9,bully,3468,1,43,6387742,387,3078,2322,18468,1,1,294772,3468,0,44,0,0,0,NORMAL,0,3,1,10,90,387,0,3078,0,0,0,0,0,0,0
298096,1,bully,3320,1,43,6381421,387,3100,2322,18600,1,1,294776,3320,0,44,0,0,0,LEADER,1,4,1,10,43,387,0,3100,0,0,0,0,0,0,0
298410,5,bully,3626,1,43,6394745,387,3076,2322,18456,1,1,294784,3626,0,44,0,0,0,NORMAL,0,3,1,9,130,387,0,3076,0,0,0,0,0,0,0
299814,3,bully,2741,1,44,6656218,390,3095,2340,18570,1,1,297073,2741,0,45,0,0,0,NORMAL,0,3,2,4,90,390,0,3095,0,0,0,0,0,0,0
