timestamp,node_id,algorithm,first_convergence_time_ms,elections_started,elections_completed,total_election_time_ms,messages_sent,messages_received,bytes_sent,bytes_received,leader_changes,current_leader,time_in_normal_ms,time_in_election_ms,time_in_waiting_ms,state_transitions,timeouts_detected,heartbeats_sent,heartbeats_received,current_state,am_leader,elections_won,elections_lost,msg_election_sent,msg_answer_sent,msg_coordinator_sent,msg_alive_sent,msg_election_recv,msg_answer_recv,msg_coordinator_recv,msg_alive_recv,duplicates_filtered,invalid_coordinators,coordinator_reannouncements,alive_adoptions
10024,57,bully,9225,1,0,0,6,11,84,154,1,100,799,5201,0,6,2,0,0,NORMAL,0,0,6,10,2,0,4,5,1,5,12,0,0,0,0
10081,85,bully,9503,1,0,0,8,15,112,210,1,100,578,5422,0,8,2,0,0,NORMAL,0,0,8,12,4,0,5,7,2,7,16,0,0,0,0
10184,88,bully,8830,1,1,4646,9,17,126,238,1,100,1354,4646,0,9,2,0,0,NORMAL,0,1,10,12,6,0,6,8,2,8,18,0,0,0,0
10044,1,bully,6528,0,0,0,9,17,126,238,1,100,3516,4612,0,8,1,1,1,NORMAL,0,0,9,10,6,2,5,8,4,9,16,0,0,0,0
10177,41,bully,8335,0,0,0,6,11,84,154,1,100,1842,4579,0,5,2,1,1,NORMAL,0,0,6,8,2,2,4,5,2,6,10,0,0,0,0
10368,47,bully,8787,0,0,0,6,11,84,154,1,100,1581,4591,0,5,2,1,1,NORMAL,0,0,6,8,2,2,4,5,2,6,10,0,0,0,0
10014,65,bully,9204,1,0,0,8,14,112,196,1,100,810,5190,0,7,2,1,1,NORMAL,0,0,8,12,2,2,5,6,2,7,14,0,0,0,0
10192,9,bully,6787,0,0,0,8,15,112,210,1,100,3405,4632,0,7,1,1,1,NORMAL,0,0,8,10,4,2,5,7,3,8,14,0,0,0,0
10383,15,bully,7246,0,0,0,7,13,98,182,1,100,3137,4599,0,6,1,1,1,NORMAL,0,0,7,8,4,2,4,6,3,7,12,0,0,0,0
10162,73,bully,8892,1,1,4730,8,14,112,196,1,100,1270,4730,0,7,2,1,1,NORMAL,0,1,9,10,4,2,5,6,2,7,14,0,0,0,0
10668,20,bully,7601,0,0,0,7,13,98,182,1,100,3067,4538,0,6,1,1,1,NORMAL,0,0,7,8,4,2,4,6,3,7,12,0,0,0,0
10653,52,bully,8917,0,0,0,6,11,84,154,1,100,1736,4515,0,5,2,1,1,NORMAL,0,0,6,8,2,2,4,5,2,6,10,0,0,0,0
10029,33,bully,7493,0,0,0,6,11,84,154,1,100,2536,4621,0,5,1,1,1,NORMAL,0,0,6,8,2,2,4,5,2,6,10,0,0,0,0
10586,32,bully,7977,0,0,0,6,11,84,154,1,100,2609,4622,0,5,1,1,1,NORMAL,0,0,6,8,2,2,4,5,2,6,10,0,0,0,0
10096,53,bully,8351,0,0,0,6,11,84,154,1,100,1745,4519,0,5,2,1,1,NORMAL,0,0,6,8,2,2,4,5,2,6,10,0,0,0,0
10517,11,bully,6961,0,0,0,9,17,126,238,1,100,3556,4596,0,8,1,1,1,NORMAL,0,0,9,10,6,2,5,8,4,9,16,0,0,0,0
10026,76,bully,8735,0,0,0,8,15,112,210,1,100,1291,4766,0,7,2,1,1,NORMAL,0,0,8,10,4,2,5,7,3,8,14,0,0,0,0
10111,21,bully,6973,0,0,0,7,13,98,182,1,100,3138,4559,0,6,1,1,1,NORMAL,0,0,7,8,4,2,4,6,3,7,12,0,0,0,0
10217,82,bully,8808,1,1,4591,9,16,126,224,1,100,1409,4591,0,8,2,1,1,NORMAL,0,1,10,10,6,2,5,7,3,8,16,0,0,0,0
10299,70,bully,9318,0,0,0,7,13,98,182,1,100,981,5256,0,6,2,1,1,NORMAL,0,0,7,10,2,2,5,6,2,7,12,0,0,0,0
10435,35,bully,7908,0,0,0,6,11,84,154,1,100,2527,4653,0,5,1,1,1,NORMAL,0,0,6,8,2,2,4,5,2,6,10,0,0,0,0
10329,6,bully,6444,0,0,0,9,17,126,238,1,100,3885,4631,0,8,1,1,1,NORMAL,0,0,9,10,6,2,5,8,4,9,16,0,0,0,0
10094,23,bully,6991,0,0,0,7,13,98,182,1,100,3103,4615,0,6,1,1,1,NORMAL,0,0,7,8,4,2,4,6,3,7,12,0,0,0,0
10420,99,bully,8873,0,0,0,8,16,112,224,1,100,1547,4671,0,8,2,0,0,NORMAL,0,0,8,10,6,0,5,8,3,8,16,0,0,0,0
10856,69,bully,9754,0,0,0,7,13,98,182,1,100,1102,5257,0,6,2,1,1,NORMAL,0,0,7,10,2,2,5,6,2,7,12,0,0,0,0
10723,29,bully,7842,0,0,0,7,13,98,182,1,100,2881,4621,0,6,1,1,1,NORMAL,0,0,7,8,4,2,4,6,3,7,12,0,0,0,0
10314,38,bully,7766,0,0,0,6,11,84,154,1,100,2548,4584,0,5,1,1,1,NORMAL,0,0,6,8,2,2,4,5,2,6,10,0,0,0,0
11008,34,bully,8318,0,0,0,7,12,98,168,1,100,2690,4665,0,6,1,1,1,NORMAL,0,0,7,8,4,2,4,6,3,7,10,0,0,0,0
10693,93,bully,8800,0,0,0,10,19,140,266,1,100,1893,4726,0,9,2,1,1,NORMAL,0,0,10,10,8,2,5,9,5,10,18,0,0,0,0
10557,96,bully,8657,0,0,0,10,19,140,266,1,100,1900,4704,0,9,2,1,1,NORMAL,0,0,10,10,8,2,5,9,5,10,18,0,0,0,0
10247,18,bully,6641,0,0,0,8,15,112,210,1,100,3606,4558,0,7,1,1,1,NORMAL,0,0,8,8,6,2,4,7,4,8,14,0,0,0,0
10859,26,bully,7616,0,0,0,7,13,98,182,1,100,3243,4654,0,6,1,1,1,NORMAL,0,0,7,8,4,2,4,6,3,7,12,0,0,0,0
10757,74,bully,8994,0,0,0,8,15,112,210,1,100,1763,4753,0,7,2,1,1,NORMAL,0,0,8,10,4,2,5,7,3,8,14,0,0,0,0
10380,58,bully,8409,0,0,0,7,13,98,182,1,100,1971,5196,0,6,2,1,1,NORMAL,0,0,7,10,2,2,5,6,2,7,12,0,0,0,0
11280,28,bully,7953,0,0,0,7,13,98,182,1,100,3327,4598,0,6,1,1,1,NORMAL,0,0,7,8,4,2,4,6,3,7,12,0,0,0,0
10365,90,bully,8033,0,0,0,10,19,140,266,1,100,2332,4714,0,9,1,1,1,NORMAL,0,0,10,10,8,2,5,9,5,10,18,0,0,0,0
10532,81,bully,8963,0,0,0,8,15,112,210,1,100,1569,4806,0,7,2,1,1,NORMAL,0,0,8,10,4,2,5,7,3,8,14,0,0,0,0
10993,54,bully,8751,0,0,0,6,11,84,154,1,100,2242,4558,0,5,1,1,1,NORMAL,0,0,6,8,2,2,4,5,2,6,10,0,0,0,0
10502,87,bully,8831,0,0,0,10,19,140,266,1,100,1671,5465,0,9,2,1,1,NORMAL,0,0,10,12,6,2,6,9,4,10,18,0,0,0,0
10572,64,bully,8772,0,0,0,7,13,98,182,1,100,1800,5140,0,6,2,1,1,NORMAL,0,0,7,10,2,2,5,6,2,7,12,0,0,0,0
10744,49,bully,8255,0,0,0,6,11,84,154,1,100,2489,4570,0,5,1,1,1,NORMAL,0,0,6,8,2,2,4,5,2,6,10,0,0,0,0
10804,17,bully,6922,0,0,0,8,15,112,210,1,100,3882,4557,0,7,1,1,1,NORMAL,0,0,8,8,6,2,4,7,4,8,14,0,0,0,0
10790,50,bully,8314,0,0,0,6,11,84,154,1,100,2476,4579,0,5,1,1,1,NORMAL,0,0,6,8,2,2,4,5,2,6,10,0,0,0,0
10978,98,bully,8889,0,0,0,10,19,140,266,1,100,2089,4681,0,9,1,1,1,NORMAL,0,0,10,10,8,2,5,9,5,10,18,0,0,0,0
11402,43,bully,8567,0,0,0,6,11,84,154,1,100,2835,4605,0,5,1,1,1,NORMAL,0,0,6,8,2,2,4,5,2,6,10,0,0,0,0
10520,12,bully,6370,0,0,0,9,18,126,252,1,100,4150,4631,0,9,1,1,1,NORMAL,0,0,9,8,8,2,5,9,5,10,16,0,0,0,0
10708,61,bully,8632,0,0,0,7,13,98,182,1,100,2076,5091,0,6,1,1,1,NORMAL,0,0,7,10,2,2,5,6,2,7,12,0,0,0,0
11114,36,bully,8012,0,0,0,7,13,98,182,1,100,3102,4652,0,6,1,1,1,NORMAL,0,0,7,8,4,2,4,6,3,7,12,0,0,0,0
11043,67,bully,9268,0,0,0,7,13,98,182,1,100,1775,5230,0,6,2,1,1,NORMAL,0,0,7,10,2,2,5,6,2,7,12,0,0,0,0
10941,14,bully,6817,0,0,0,9,17,126,238,1,100,4124,4594,0,8,1,1,1,NORMAL,0,0,9,8,8,2,4,8,5,9,16,0,0,0,0
11362,16,bully,7334,0,0,0,9,16,126,224,1,100,4028,4575,0,8,1,1,1,NORMAL,0,0,9,8,8,2,4,8,5,9,14,0,0,0,0
10638,5,bully,6046,0,0,0,11,20,154,280,1,100,4592,4640,0,9,1,2,2,NORMAL,0,0,11,10,8,4,5,9,6,11,18,0,0,0,0
11533,62,bully,9406,0,0,0,7,13,98,182,1,100,2127,5109,0,6,1,1,1,NORMAL,0,0,7,10,2,2,5,6,2,7,12,0,0,0,0
11184,72,bully,9555,0,0,0,7,13,98,182,1,100,1629,5216,0,6,2,1,1,NORMAL,0,0,7,10,2,2,5,6,2,7,12,0,0,0,0
10775,3,bully,6053,0,0,0,11,20,154,280,1,100,4722,4598,0,9,1,2,2,NORMAL,0,0,11,10,8,4,5,9,6,11,18,0,0,0,0
11356,55,bully,8912,0,0,0,6,11,84,154,1,100,2444,4609,0,5,1,1,1,NORMAL,0,0,6,8,2,2,4,5,2,6,10,0,0,0,0
10871,37,bully,7600,0,0,0,7,13,98,182,1,100,3271,4603,0,6,1,1,1,NORMAL,0,0,7,8,4,2,4,6,3,7,12,0,0,0,0
11535,97,bully,9132,0,0,0,10,19,140,266,1,100,2403,4660,0,9,1,1,1,NORMAL,0,0,10,10,8,2,5,9,5,10,18,0,0,0,0
10911,77,bully,8784,0,0,0,8,15,112,210,1,100,2127,4780,0,7,1,1,1,NORMAL,0,0,8,10,4,2,5,7,3,8,14,0,0,0,0
11686,44,bully,8605,0,0,0,7,13,98,182,1,100,3081,4613,0,6,1,1,1,NORMAL,0,0,7,8,4,2,4,6,3,7,12,0,0,0,0
11635,10,bully,7091,0,0,0,10,19,140,266,1,100,4544,4600,0,9,1,1,1,NORMAL,0,0,10,10,8,2,5,9,5,10,18,0,0,0,0
11157,4,bully,6307,0,0,0,11,20,154,280,1,100,4850,4636,0,9,1,2,2,NORMAL,0,0,11,10,8,4,5,9,6,11,18,0,0,0,0
11387,89,bully,8500,0,0,0,10,20,140,280,1,100,2887,4698,0,10,1,1,1,NORMAL,0,0,10,10,8,2,6,10,5,11,18,0,0,0,0
11144,31,bully,7459,0,0,0,8,15,112,210,1,100,3685,4616,0,7,1,1,1,NORMAL,0,0,8,8,6,2,4,7,4,8,14,0,0,0,0
11196,83,bully,8811,0,0,0,9,17,126,238,1,100,2385,4615,0,8,1,1,1,NORMAL,0,0,9,10,6,2,5,8,4,9,16,0,0,0,0
11690,19,bully,7396,0,0,0,9,17,126,238,1,100,4294,4546,0,8,1,1,1,NORMAL,0,0,9,8,8,2,4,8,5,9,16,0,0,0,0
11265,2,bully,6214,0,0,0,11,20,154,280,1,100,5051,4617,0,9,1,2,2,NORMAL,0,0,11,10,8,4,5,9,6,11,18,0,0,0,0
11129,63,bully,8721,0,0,0,7,13,98,182,1,100,2408,5115,0,6,1,1,1,NORMAL,0,0,7,10,2,2,5,6,2,7,12,0,0,0,0
11523,92,bully,8687,0,0,0,10,19,140,266,1,100,2836,4740,0,9,1,1,1,NORMAL,0,0,10,10,8,2,5,9,5,10,18,0,0,0,0
11808,91,bully,8916,0,0,0,10,19,140,266,1,100,2892,4706,0,9,1,1,1,NORMAL,0,0,10,10,8,2,5,9,5,10,18,0,0,0,0
11164,78,bully,8839,0,0,0,8,15,112,210,1,100,2325,4805,0,7,1,1,1,NORMAL,0,0,8,10,4,2,5,7,3,8,14,0,0,0,0
11330,60,bully,8715,0,0,0,7,13,98,182,1,100,2615,5103,0,6,1,1,1,NORMAL,0,0,7,10,2,2,5,6,2,7,12,0,0,0,0
11214,46,bully,7989,0,0,0,7,13,98,182,1,100,3225,4582,0,6,1,1,1,NORMAL,0,0,7,8,4,2,4,6,3,7,12,0,0,0,0
11944,42,bully,8546,0,0,0,7,13,98,182,1,100,3398,4607,0,6,1,1,1,NORMAL,0,0,7,8,4,2,4,6,3,7,12,0,0,0,0
11741,71,bully,9675,0,0,0,7,13,98,182,1,100,2066,5225,0,6,1,1,1,NORMAL,0,0,7,10,2,2,5,6,2,7,12,0,0,0,0
11047,75,bully,8524,0,0,0,8,15,112,210,1,100,2523,4738,0,7,1,1,1,NORMAL,0,0,8,10,4,2,5,7,3,8,14,0,0,0,0
11417,79,bully,9061,0,0,0,8,15,112,210,1,100,2356,4790,0,7,1,1,1,NORMAL,0,0,8,10,4,2,5,7,3,8,14,0,0,0,0
11605,40,bully,8046,0,0,0,7,13,98,182,1,100,3559,4596,0,6,1,1,1,NORMAL,0,0,7,8,4,2,4,6,3,7,12,0,0,0,0
11974,24,bully,7771,0,0,0,9,17,126,238,1,100,4203,4625,0,8,1,1,1,NORMAL,0,0,9,8,8,2,4,8,5,9,16,0,0,0,0
11483,45,bully,8077,0,0,0,7,13,98,182,1,100,3406,4591,0,6,1,1,1,NORMAL,0,0,7,8,4,2,4,6,3,7,12,0,0,0,0
11211,51,bully,8111,0,0,0,7,13,98,182,1,100,3100,4557,0,6,1,1,1,NORMAL,0,0,7,8,4,2,4,6,3,7,12,0,0,0,0
11498,13,bully,6749,0,0,0,9,17,126,238,1,100,4749,4617,0,8,1,1,1,NORMAL,0,0,9,8,8,2,4,8,5,9,16,0,0,0,0
11864,100,bully,6475,1,1,4612,11,19,154,266,1,100,5389,4612,0,9,1,2,1,LEADER,1,4,11,10,8,4,5,9,5,10,18,0,0,0,0
11823,59,bully,8913,0,0,0,8,14,112,196,1,100,2910,5165,0,7,1,1,1,NORMAL,0,0,8,10,4,2,5,7,3,8,12,0,0,0,0
11701,27,bully,7441,0,0,0,9,17,126,238,1,100,4260,4664,0,8,1,1,1,NORMAL,0,0,9,8,8,2,4,8,5,9,16,0,0,0,0
11672,94,bully,8625,0,0,0,10,19,140,266,1,100,3047,4708,0,9,1,1,1,NORMAL,0,0,10,10,8,2,5,9,5,10,18,0,0,0,0
11332,80,bully,8811,0,0,0,8,15,112,210,1,100,2521,4799,0,7,1,1,1,NORMAL,0,0,8,10,4,2,5,7,3,8,14,0,0,0,0
11553,22,bully,7054,0,0,0,9,17,126,238,1,100,4499,4574,0,8,1,1,1,NORMAL,0,0,9,8,8,2,4,8,5,9,16,0,0,0,0
11897,95,bully,8841,0,0,0,10,19,140,266,1,100,3056,4707,0,9,1,1,1,NORMAL,0,0,10,10,8,2,5,9,5,10,18,0,0,0,0
11347,48,bully,7909,0,0,0,7,13,98,182,1,100,3438,4587,0,6,1,1,1,NORMAL,0,0,7,8,4,2,4,6,3,7,12,0,0,0,0
11941,66,bully,9289,0,0,0,7,14,98,196,1,100,2652,5218,0,7,1,1,1,NORMAL,0,0,7,10,2,2,6,7,2,8,12,0,0,0,0
11565,8,bully,6387,0,0,0,10,19,140,266,1,100,5178,4652,0,9,1,1,1,NORMAL,0,0,10,10,8,2,5,9,5,10,18,0,0,0,0
11807,68,bully,9219,0,0,0,7,13,98,182,1,100,2588,5231,0,6,1,1,1,NORMAL,0,0,7,10,2,2,5,6,2,7,12,0,0,0,0
11980,86,bully,9226,0,0,0,10,19,140,266,1,100,2754,5464,0,9,1,1,1,NORMAL,0,0,10,12,6,2,6,9,4,10,18,0,0,0,0
11771,7,bully,6367,0,0,0,10,19,140,266,1,100,5404,4626,0,9,1,1,1,NORMAL,0,0,10,10,8,2,5,9,5,10,18,0,0,0,0
11936,30,bully,7536,0,0,0,9,17,126,238,1,100,4400,4586,0,8,1,1,1,NORMAL,0,0,9,8,8,2,4,8,5,9,16,0,0,0,0
11756,39,bully,7713,0,0,0,8,15,112,210,1,100,4043,4600,0,7,1,1,1,NORMAL,0,0,8,8,6,2,4,7,4,8,14,0,0,0,0
11908,25,bully,7253,0,0,0,9,17,126,238,1,100,4655,4614,0,8,1,1,1,NORMAL,0,0,9,8,8,2,4,8,5,9,16,0,0,0,0
11776,84,bully,8574,0,0,0,9,17,126,238,1,100,3202,4597,0,8,1,1,1,NORMAL,0,0,9,10,6,2,5,8,4,9,16,0,0,0,0
11959,56,bully,8311,0,0,0,7,13,98,182,1,100,3648,4573,0,6,1,1,1,NORMAL,0,0,7,8,4,2,4,6,3,7,12,0,0,0,0
20024,57,bully,9225,1,0,0,13,21,182,294,1,100,10799,5201,0,9,2,4,4,NORMAL,0,0,13,10,8,8,4,8,8,12,18,0,0,0,0
20081,85,bully,9503,1,0,0,14,23,196,322,1,100,10578,5422,0,10,2,4,4,NORMAL,0,0,14,12,8,8,5,9,8,13,20,0,0,0,0
20184,88,bully,8830,1,1,4646,14,24,196,336,1,100,11354,4646,0,11,3,4,4,NORMAL,0,2,15,12,8,8,6,10,8,14,20,0,0,0,0
20044,1,bully,6528,0,0,0,15,24,210,336,1,100,13516,4612,0,9,1,6,6,NORMAL,0,0,15,10,8,12,5,9,10,15,18,0,0,0,0
20177,41,bully,8335,0,0,0,13,21,182,294,1,100,11842,4579,0,8,2,5,5,NORMAL,0,0,13,8,8,10,4,8,9,13,16,0,0,0,0
20368,47,bully,8787,0,0,0,13,21,182,294,1,100,11581,4591,0,8,2,5,5,NORMAL,0,0,13,8,8,10,4,8,9,13,16,0,0,0,0
20014,65,bully,9204,1,0,0,15,24,210,336,1,100,10810,5190,0,10,2,5,5,NORMAL,0,0,15,12,8,10,5,9,9,14,20,0,0,0,0
20192,9,bully,6787,0,0,0,14,23,196,322,1,100,13405,4632,0,9,1,5,5,NORMAL,0,0,14,10,8,10,5,9,9,14,18,0,0,0,0
20383,15,bully,7246,0,0,0,13,21,182,294,1,100,13137,4599,0,8,1,5,5,NORMAL,0,0,13,8,8,10,4,8,9,13,16,0,0,0,0
20162,73,bully,8892,1,1,4730,14,23,196,322,1,100,11270,4730,0,9,2,5,5,NORMAL,0,2,15,10,8,10,5,9,9,14,18,0,0,0,0
20668,20,bully,7601,0,0,0,13,21,182,294,1,100,13067,4538,0,8,1,5,5,NORMAL,0,0,13,8,8,10,4,8,9,13,16,0,0,0,0
20653,52,bully,8917,0,0,0,13,21,182,294,1,100,11736,4515,0,8,2,5,5,NORMAL,0,0,13,8,8,10,4,8,9,13,16,0,0,0,0
20029,33,bully,7493,0,0,0,13,21,182,294,1,100,12536,4621,0,8,1,5,5,NORMAL,0,0,13,8,8,10,4,8,9,13,16,0,0,0,0
20586,32,bully,7977,0,0,0,13,21,182,294,1,100,12609,4622,0,8,1,5,5,NORMAL,0,0,13,8,8,10,4,8,9,13,16,0,0,0,0
20096,53,bully,8351,0,0,0,13,21,182,294,1,100,11745,4519,0,8,2,5,5,NORMAL,0,0,13,8,8,10,4,8,9,13,16,0,0,0,0
20517,11,bully,6961,0,0,0,14,23,196,322,1,100,13556,4596,0,9,1,5,5,NORMAL,0,0,14,10,8,10,5,9,9,14,18,0,0,0,0
20026,76,bully,8735,0,0,0,14,23,196,322,1,100,11291,4766,0,9,2,5,5,NORMAL,0,0,14,10,8,10,5,9,9,14,18,0,0,0,0
20111,21,bully,6973,0,0,0,13,21,182,294,1,100,13138,4559,0,8,1,5,5,NORMAL,0,0,13,8,8,10,4,8,9,13,16,0,0,0,0
20217,82,bully,8808,1,1,4591,14,23,196,322,1,100,11409,4591,0,9,2,5,5,NORMAL,0,2,15,10,8,10,5,9,9,14,18,0,0,0,0
20299,70,bully,9318,0,0,0,14,23,196,322,1,100,10981,5256,0,9,2,5,5,NORMAL,0,0,14,10,8,10,5,9,9,14,18,0,0,0,0
20435,35,bully,7908,0,0,0,13,21,182,294,1,100,12527,4653,0,8,1,5,5,NORMAL,0,0,13,8,8,10,4,8,9,13,16,0,0,0,0
20329,6,bully,6444,0,0,0,15,24,210,336,1,100,13885,4631,0,9,1,6,6,NORMAL,0,0,15,10,8,12,5,9,10,15,18,0,0,0,0
20094,23,bully,6991,0,0,0,13,21,182,294,1,100,13103,4615,0,8,1,5,5,NORMAL,0,0,13,8,8,10,4,8,9,13,16,0,0,0,0
20420,99,bully,8873,0,0,0,13,22,182,308,1,100,11547,4671,0,9,2,4,4,NORMAL,0,0,13,10,8,8,5,9,8,13,18,0,0,0,0
20856,69,bully,9754,0,0,0,14,23,196,322,1,100,11102,5257,0,9,2,5,5,NORMAL,0,0,14,10,8,10,5,9,9,14,18,0,0,0,0
20723,29,bully,7842,0,0,0,13,21,182,294,1,100,12881,4621,0,8,1,5,5,NORMAL,0,0,13,8,8,10,4,8,9,13,16,0,0,0,0
20314,38,bully,7766,0,0,0,13,21,182,294,1,100,12548,4584,0,8,1,5,5,NORMAL,0,0,13,8,8,10,4,8,9,13,16,0,0,0,0
21008,34,bully,8318,0,0,0,13,21,182,294,1,100,12690,4665,0,8,1,5,5,NORMAL,0,0,13,8,8,10,4,8,9,13,16,0,0,0,0
20693,93,bully,8800,0,0,0,14,23,196,322,1,100,11893,4726,0,10,3,5,5,NORMAL,0,0,14,10,8,10,5,9,9,14,18,0,0,0,0
20557,96,bully,8657,0,0,0,14,23,196,322,1,100,11900,4704,0,9,2,5,5,NORMAL,0,0,14,10,8,10,5,9,9,14,18,0,0,0,0
20247,18,bully,6641,0,0,0,13,21,182,294,1,100,13606,4558,0,8,1,5,5,NORMAL,0,0,13,8,8,10,4,8,9,13,16,0,0,0,0
20859,26,bully,7616,0,0,0,13,21,182,294,1,100,13243,4654,0,8,1,5,5,NORMAL,0,0,13,8,8,10,4,8,9,13,16,0,0,0,0
20757,74,bully,8994,0,0,0,14,23,196,322,1,100,11763,4753,0,9,2,5,5,NORMAL,0,0,14,10,8,10,5,9,9,14,18,0,0,0,0
20380,58,bully,8409,0,0,0,14,23,196,322,1,100,11971,5196,0,9,2,5,5,NORMAL,0,0,14,10,8,10,5,9,9,14,18,0,0,0,0
21280,28,bully,7953,0,0,0,13,21,182,294,1,100,13327,4598,0,8,1,5,5,NORMAL,0,0,13,8,8,10,4,8,9,13,16,0,0,0,0
20365,90,bully,8033,0,0,0,14,23,196,322,1,100,12332,4714,0,10,2,5,5,NORMAL,0,0,14,10,8,10,5,9,9,14,18,0,0,0,0
20532,81,bully,8963,0,0,0,14,23,196,322,1,100,11569,4806,0,9,2,5,5,NORMAL,0,0,14,10,8,10,5,9,9,14,18,0,0,0,0
20993,54,bully,8751,0,0,0,13,21,182,294,1,100,12242,4558,0,8,1,5,5,NORMAL,0,0,13,8,8,10,4,8,9,13,16,0,0,0,0
20502,87,bully,8831,0,0,0,15,25,210,350,1,100,11671,5465,0,10,2,5,5,NORMAL,0,0,15,12,8,10,6,10,9,15,20,0,0,0,0
20572,64,bully,8772,0,0,0,14,23,196,322,1,100,11800,5140,0,9,2,5,5,NORMAL,0,0,14,10,8,10,5,9,9,14,18,0,0,0,0
20744,49,bully,8255,0,0,0,13,21,182,294,1,100,12489,4570,0,8,1,5,5,NORMAL,0,0,13,8,8,10,4,8,9,13,16,0,0,0,0
20804,17,bully,6922,0,0,0,14,22,196,308,1,100,13882,4557,0,8,1,6,6,NORMAL,0,0,14,8,8,12,4,8,10,14,16,0,0,0,0
20790,50,bully,8314,0,0,0,13,21,182,294,1,100,12476,4579,0,8,1,5,5,NORMAL,0,0,13,8,8,10,4,8,9,13,16,0,0,0,0
20978,98,bully,8889,0,0,0,14,23,196,322,1,100,12089,4681,0,9,1,5,5,NORMAL,0,0,14,10,8,10,5,9,9,14,18,0,0,0,0
21402,43,bully,8567,0,0,0,13,21,182,294,1,100,12835,4605,0,8,1,5,5,NORMAL,0,0,13,8,8,10,4,8,9,13,16,0,0,0,0
20520,12,bully,6370,0,0,0,14,23,196,322,1,100,14150,4631,0,9,1,6,6,NORMAL,0,0,14,8,8,12,5,9,10,15,16,0,0,0,0
20708,61,bully,8632,0,0,0,14,23,196,322,1,100,12076,5091,0,9,1,5,5,NORMAL,0,0,14,10,8,10,5,9,9,14,18,0,0,0,0
21114,36,bully,8012,0,0,0,13,21,182,294,1,100,13102,4652,0,8,1,5,5,NORMAL,0,0,13,8,8,10,4,8,9,13,16,0,0,0,0
21043,67,bully,9268,0,0,0,14,23,196,322,1,100,11775,5230,0,9,2,5,5,NORMAL,0,0,14,10,8,10,5,9,9,14,18,0,0,0,0
20941,14,bully,6817,0,0,0,14,22,196,308,1,100,14124,4594,0,8,1,6,6,NORMAL,0,0,14,8,8,12,4,8,10,14,16,0,0,0,0
21362,16,bully,7334,0,0,0,14,22,196,308,1,100,14028,4575,0,8,1,6,6,NORMAL,0,0,14,8,8,12,4,8,10,14,16,0,0,0,0
20638,5,bully,6046,0,0,0,16,25,224,350,1,100,14592,4640,0,9,1,7,7,NORMAL,0,0,16,10,8,14,5,9,11,16,18,0,0,0,0
21533,62,bully,9406,0,0,0,14,23,196,322,1,100,12127,5109,0,9,1,5,5,NORMAL,0,0,14,10,8,10,5,9,9,14,18,0,0,0,0
21184,72,bully,9555,0,0,0,14,23,196,322,1,100,11629,5216,0,9,2,5,5,NORMAL,0,0,14,10,8,10,5,9,9,14,18,0,0,0,0
20775,3,bully,6053,0,0,0,16,25,224,350,1,100,14722,4598,0,9,1,7,7,NORMAL,0,0,16,10,8,14,5,9,11,16,18,0,0,0,0
21356,55,bully,8912,0,0,0,13,21,182,294,1,100,12444,4609,0,8,1,5,5,NORMAL,0,0,13,8,8,10,4,8,9,13,16,0,0,0,0
20871,37,bully,7600,0,0,0,13,21,182,294,1,100,13271,4603,0,8,1,5,5,NORMAL,0,0,13,8,8,10,4,8,9,13,16,0,0,0,0
21535,97,bully,9132,0,0,0,14,23,196,322,1,100,12403,4660,0,9,1,5,5,NORMAL,0,0,14,10,8,10,5,9,9,14,18,0,0,0,0
20911,77,bully,8784,0,0,0,14,23,196,322,1,100,12127,4780,0,9,1,5,5,NORMAL,0,0,14,10,8,10,5,9,9,14,18,0,0,0,0
21686,44,bully,8605,0,0,0,13,21,182,294,1,100,13081,4613,0,8,1,5,5,NORMAL,0,0,13,8,8,10,4,8,9,13,16,0,0,0,0
21635,10,bully,7091,0,0,0,15,24,210,336,1,100,14544,4600,0,9,1,6,6,NORMAL,0,0,15,10,8,12,5,9,10,15,18,0,0,0,0
21157,4,bully,6307,0,0,0,16,25,224,350,1,100,14850,4636,0,9,1,7,7,NORMAL,0,0,16,10,8,14,5,9,11,16,18,0,0,0,0
21387,89,bully,8500,0,0,0,14,24,196,336,1,100,12887,4698,0,11,2,5,5,NORMAL,0,0,14,10,8,10,6,10,9,15,18,0,0,0,0
21144,31,bully,7459,0,0,0,14,22,196,308,1,100,13685,4616,0,8,1,6,6,NORMAL,0,0,14,8,8,12,4,8,10,14,16,0,0,0,0
21196,83,bully,8811,0,0,0,14,23,196,322,1,100,12385,4615,0,9,1,5,5,NORMAL,0,0,14,10,8,10,5,9,9,14,18,0,0,0,0
21690,19,bully,7396,0,0,0,14,22,196,308,1,100,14294,4546,0,8,1,6,6,NORMAL,0,0,14,8,8,12,4,8,10,14,16,0,0,0,0
21265,2,bully,6214,0,0,0,16,25,224,350,1,100,15051,4617,0,9,1,7,7,NORMAL,0,0,16,10,8,14,5,9,11,16,18,0,0,0,0
21129,63,bully,8721,0,0,0,14,23,196,322,1,100,12408,5115,0,9,1,5,5,NORMAL,0,0,14,10,8,10,5,9,9,14,18,0,0,0,0
21523,92,bully,8687,0,0,0,14,23,196,322,1,100,12836,4740,0,10,2,5,5,NORMAL,0,0,14,10,8,10,5,9,9,14,18,0,0,0,0
21808,91,bully,8916,0,0,0,14,23,196,322,1,100,12892,4706,0,10,2,5,5,NORMAL,0,0,14,10,8,10,5,9,9,14,18,0,0,0,0
21164,78,bully,8839,0,0,0,14,23,196,322,1,100,12325,4805,0,9,1,5,5,NORMAL,0,0,14,10,8,10,5,9,9,14,18,0,0,0,0
21330,60,bully,8715,0,0,0,14,23,196,322,1,100,12615,5103,0,9,1,5,5,NORMAL,0,0,14,10,8,10,5,9,9,14,18,0,0,0,0
21214,46,bully,7989,0,0,0,14,22,196,308,1,100,13225,4582,0,8,1,6,6,NORMAL,0,0,14,8,8,12,4,8,10,14,16,0,0,0,0
21944,42,bully,8546,0,0,0,14,22,196,308,1,100,13398,4607,0,8,1,6,6,NORMAL,0,0,14,8,8,12,4,8,10,14,16,0,0,0,0
21741,71,bully,9675,0,0,0,14,23,196,322,1,100,12066,5225,0,9,1,5,5,NORMAL,0,0,14,10,8,10,5,9,9,14,18,0,0,0,0
21047,75,bully,8524,0,0,0,14,23,196,322,1,100,12523,4738,0,9,1,5,5,NORMAL,0,0,14,10,8,10,5,9,9,14,18,0,0,0,0
21417,79,bully,9061,0,0,0,14,23,196,322,1,100,12356,4790,0,9,1,5,5,NORMAL,0,0,14,10,8,10,5,9,9,14,18,0,0,0,0
21605,40,bully,8046,0,0,0,14,22,196,308,1,100,13559,4596,0,8,1,6,6,NORMAL,0,0,14,8,8,12,4,8,10,14,16,0,0,0,0
21974,24,bully,7771,0,0,0,14,22,196,308,1,100,14203,4625,0,8,1,6,6,NORMAL,0,0,14,8,8,12,4,8,10,14,16,0,0,0,0
21483,45,bully,8077,0,0,0,14,22,196,308,1,100,13406,4591,0,8,1,6,6,NORMAL,0,0,14,8,8,12,4,8,10,14,16,0,0,0,0
21211,51,bully,8111,0,0,0,14,22,196,308,1,100,13100,4557,0,8,1,6,6,NORMAL,0,0,14,8,8,12,4,8,10,14,16,0,0,0,0
21498,13,bully,6749,0,0,0,14,22,196,308,1,100,14749,4617,0,8,1,6,6,NORMAL,0,0,14,8,8,12,4,8,10,14,16,0,0,0,0
21864,100,bully,6475,1,1,4612,16,23,224,322,1,100,15389,4612,0,9,1,7,5,LEADER,1,8,16,10,8,14,5,9,9,14,18,0,0,0,0
21823,59,bully,8913,0,0,0,14,23,196,322,1,100,12910,5165,0,9,1,5,5,NORMAL,0,0,14,10,8,10,5,9,9,14,18,0,0,0,0
21701,27,bully,7441,0,0,0,14,22,196,308,1,100,14260,4664,0,8,1,6,6,NORMAL,0,0,14,8,8,12,4,8,10,14,16,0,0,0,0
21672,94,bully,8625,0,0,0,14,23,196,322,1,100,13047,4708,0,9,1,5,5,NORMAL,0,0,14,10,8,10,5,9,9,14,18,0,0,0,0
21332,80,bully,8811,0,0,0,14,23,196,322,1,100,12521,4799,0,9,1,5,5,NORMAL,0,0,14,10,8,10,5,9,9,14,18,0,0,0,0
21553,22,bully,7054,0,0,0,14,22,196,308,1,100,14499,4574,0,8,1,6,6,NORMAL,0,0,14,8,8,12,4,8,10,14,16,0,0,0,0
21897,95,bully,8841,0,0,0,14,23,196,322,1,100,13056,4707,0,9,1,5,5,NORMAL,0,0,14,10,8,10,5,9,9,14,18,0,0,0,0
21347,48,bully,7909,0,0,0,14,22,196,308,1,100,13438,4587,0,8,1,6,6,NORMAL,0,0,14,8,8,12,4,8,10,14,16,0,0,0,0
21941,66,bully,9289,0,0,0,14,24,196,336,1,100,12652,5218,0,10,1,5,5,NORMAL,0,0,14,10,8,10,6,10,9,15,18,0,0,0,0
21565,8,bully,6387,0,0,0,15,24,210,336,1,100,15178,4652,0,9,1,6,6,NORMAL,0,0,15,10,8,12,5,9,10,15,18,0,0,0,0
21807,68,bully,9219,0,0,0,14,23,196,322,1,100,12588,5231,0,9,1,5,5,NORMAL,0,0,14,10,8,10,5,9,9,14,18,0,0,0,0
21980,86,bully,9226,0,0,0,15,25,210,350,1,100,12754,5464,0,10,1,5,5,NORMAL,0,0,15,12,8,10,6,10,9,15,20,0,0,0,0
21771,7,bully,6367,0,0,0,15,24,210,336,1,100,15404,4626,0,9,1,6,6,NORMAL,0,0,15,10,8,12,5,9,10,15,18,0,0,0,0
21936,30,bully,7536,0,0,0,14,22,196,308,1,100,14400,4586,0,8,1,6,6,NORMAL,0,0,14,8,8,12,4,8,10,14,16,0,0,0,0
21756,39,bully,7713,0,0,0,14,22,196,308,1,100,14043,4600,0,8,1,6,6,NORMAL,0,0,14,8,8,12,4,8,10,14,16,0,0,0,0
21908,25,bully,7253,0,0,0,14,22,196,308,1,100,14655,4614,0,8,1,6,6,NORMAL,0,0,14,8,8,12,4,8,10,14,16,0,0,0,0
21776,84,bully,8574,0,0,0,14,23,196,322,1,100,13202,4597,0,9,1,5,5,NORMAL,0,0,14,10,8,10,5,9,9,14,18,0,0,0,0
21959,56,bully,8311,0,0,0,14,22,196,308,1,100,13648,4573,0,8,1,6,6,NORMAL,0,0,14,8,8,12,4,8,10,14,16,0,0,0,0
30024,57,bully,9225,1,0,0,18,26,252,364,1,100,20799,5201,0,9,2,9,9,NORMAL,0,0,18,10,8,18,4,8,13,17,18,0,0,0,0
30081,85,bully,9503,1,0,0,19,28,266,392,1,100,20578,5422,0,10,2,9,9,NORMAL,0,0,19,12,8,18,5,9,13,18,20,0,0,0,0
30184,88,bully,8830,1,1,4646,19,29,266,406,1,100,21354,4646,0,11,3,9,9,NORMAL,0,2,20,12,8,18,6,10,13,19,20,0,0,0,0
30044,1,bully,6528,0,0,0,20,29,280,406,1,100,23516,4612,0,9,1,11,11,NORMAL,0,0,20,10,8,22,5,9,15,20,18,0,0,0,0
30177,41,bully,8335,0,0,0,18,26,252,364,1,100,21842,4579,0,8,2,10,10,NORMAL,0,0,18,8,8,20,4,8,14,18,16,0,0,0,0
30368,47,bully,8787,0,0,0,18,26,252,364,1,100,21581,4591,0,8,2,10,10,NORMAL,0,0,18,8,8,20,4,8,14,18,16,0,0,0,0
30014,65,bully,9204,1,0,0,19,28,266,392,1,100,20810,5190,0,10,2,9,9,NORMAL,0,0,19,12,8,18,5,9,13,18,20,0,0,0,0
30192,9,bully,6787,0,0,0,19,28,266,392,1,100,23405,4632,0,9,1,10,10,NORMAL,0,0,19,10,8,20,5,9,14,19,18,0,0,0,0
30383,15,bully,7246,0,0,0,18,26,252,364,1,100,23137,4599,0,8,1,10,10,NORMAL,0,0,18,8,8,20,4,8,14,18,16,0,0,0,0
30162,73,bully,8892,1,1,4730,18,27,252,378,1,100,21270,4730,0,9,2,9,9,NORMAL,0,2,19,10,8,18,5,9,13,18,18,0,0,0,0
30668,20,bully,7601,0,0,0,18,26,252,364,1,100,23067,4538,0,8,1,10,10,NORMAL,0,0,18,8,8,20,4,8,14,18,16,0,0,0,0
30653,52,bully,8917,0,0,0,18,26,252,364,1,100,21736,4515,0,8,2,10,10,NORMAL,0,0,18,8,8,20,4,8,14,18,16,0,0,0,0
30029,33,bully,7493,0,0,0,18,26,252,364,1,100,22536,4621,0,8,1,10,10,NORMAL,0,0,18,8,8,20,4,8,14,18,16,0,0,0,0
30586,32,bully,7977,0,0,0,18,26,252,364,1,100,22609,4622,0,8,1,10,10,NORMAL,0,0,18,8,8,20,4,8,14,18,16,0,0,0,0
30096,53,bully,8351,0,0,0,18,26,252,364,1,100,21745,4519,0,8,2,10,10,NORMAL,0,0,18,8,8,20,4,8,14,18,16,0,0,0,0
30517,11,bully,6961,0,0,0,19,28,266,392,1,100,23556,4596,0,9,1,10,10,NORMAL,0,0,19,10,8,20,5,9,14,19,18,0,0,0,0
30026,76,bully,8735,0,0,0,19,28,266,392,1,100,21291,4766,0,9,2,10,10,NORMAL,0,0,19,10,8,20,5,9,14,19,18,0,0,0,0
30111,21,bully,6973,0,0,0,18,26,252,364,1,100,23138,4559,0,8,1,10,10,NORMAL,0,0,18,8,8,20,4,8,14,18,16,0,0,0,0
30217,82,bully,8808,1,1,4591,18,27,252,378,1,100,21409,4591,0,9,2,9,9,NORMAL,0,2,19,10,8,18,5,9,13,18,18,0,0,0,0
30299,70,bully,9318,0,0,0,19,28,266,392,1,100,20981,5256,0,9,2,10,10,NORMAL,0,0,19,10,8,20,5,9,14,19,18,0,0,0,0
30435,35,bully,7908,0,0,0,18,26,252,364,1,100,22527,4653,0,8,1,10,10,NORMAL,0,0,18,8,8,20,4,8,14,18,16,0,0,0,0
30329,6,bully,6444,0,0,0,19,28,266,392,1,100,23885,4631,0,9,1,10,10,NORMAL,0,0,19,10,8,20,5,9,14,19,18,0,0,0,0
30094,23,bully,6991,0,0,0,18,26,252,364,1,100,23103,4615,0,8,1,10,10,NORMAL,0,0,18,8,8,20,4,8,14,18,16,0,0,0,0
30420,99,bully,8873,0,0,0,18,27,252,378,1,100,21547,4671,0,9,2,9,9,NORMAL,0,0,18,10,8,18,5,9,13,18,18,0,0,0,0
30856,69,bully,9754,0,0,0,19,28,266,392,1,100,21102,5257,0,9,2,10,10,NORMAL,0,0,19,10,8,20,5,9,14,19,18,0,0,0,0
30723,29,bully,7842,0,0,0,18,26,252,364,1,100,22881,4621,0,8,1,10,10,NORMAL,0,0,18,8,8,20,4,8,14,18,16,0,0,0,0
30314,38,bully,7766,0,0,0,18,26,252,364,1,100,22548,4584,0,8,1,10,10,NORMAL,0,0,18,8,8,20,4,8,14,18,16,0,0,0,0
31008,34,bully,8318,0,0,0,18,26,252,364,1,100,22690,4665,0,8,1,10,10,NORMAL,0,0,18,8,8,20,4,8,14,18,16,0,0,0,0
30693,93,bully,8800,0,0,0,18,27,252,378,1,100,21893,4726,0,10,3,9,9,NORMAL,0,0,18,10,8,18,5,9,13,18,18,0,0,0,0
30557,96,bully,8657,0,0,0,18,27,252,378,1,100,21900,4704,0,9,2,9,9,NORMAL,0,0,18,10,8,18,5,9,13,18,18,0,0,0,0
30247,18,bully,6641,0,0,0,18,26,252,364,1,100,23606,4558,0,8,1,10,10,NORMAL,0,0,18,8,8,20,4,8,14,18,16,0,0,0,0
30859,26,bully,7616,0,0,0,18,26,252,364,1,100,23243,4654,0,8,1,10,10,NORMAL,0,0,18,8,8,20,4,8,14,18,16,0,0,0,0
30757,74,bully,8994,0,0,0,19,28,266,392,1,100,21763,4753,0,9,2,10,10,NORMAL,0,0,19,10,8,20,5,9,14,19,18,0,0,0,0
30380,58,bully,8409,0,0,0,19,28,266,392,1,100,21971,5196,0,9,2,10,10,NORMAL,0,0,19,10,8,20,5,9,14,19,18,0,0,0,0
31280,28,bully,7953,0,0,0,18,26,252,364,1,100,23327,4598,0,8,1,10,10,NORMAL,0,0,18,8,8,20,4,8,14,18,16,0,0,0,0
30365,90,bully,8033,0,0,0,19,28,266,392,1,100,22332,4714,0,10,2,10,10,NORMAL,0,0,19,10,8,20,5,9,14,19,18,0,0,0,0
30532,81,bully,8963,0,0,0,19,28,266,392,1,100,21569,4806,0,9,2,10,10,NORMAL,0,0,19,10,8,20,5,9,14,19,18,0,0,0,0
30993,54,bully,8751,0,0,0,18,26,252,364,1,100,22242,4558,0,8,1,10,10,NORMAL,0,0,18,8,8,20,4,8,14,18,16,0,0,0,0
30502,87,bully,8831,0,0,0,20,30,280,420,1,100,21671,5465,0,10,2,10,10,NORMAL,0,0,20,12,8,20,6,10,14,20,20,0,0,0,0
30572,64,bully,8772,0,0,0,19,28,266,392,1,100,21800,5140,0,9,2,10,10,NORMAL,0,0,19,10,8,20,5,9,14,19,18,0,0,0,0
30744,49,bully,8255,0,0,0,18,26,252,364,1,100,22489,4570,0,8,1,10,10,NORMAL,0,0,18,8,8,20,4,8,14,18,16,0,0,0,0
30804,17,bully,6922,0,0,0,19,27,266,378,1,100,23882,4557,0,8,1,11,11,NORMAL,0,0,19,8,8,22,4,8,15,19,16,0,0,0,0
30790,50,bully,8314,0,0,0,18,26,252,364,1,100,22476,4579,0,8,1,10,10,NORMAL,0,0,18,8,8,20,4,8,14,18,16,0,0,0,0
30978,98,bully,8889,0,0,0,19,28,266,392,1,100,22089,4681,0,9,1,10,10,NORMAL,0,0,19,10,8,20,5,9,14,19,18,0,0,0,0
31402,43,bully,8567,0,0,0,18,26,252,364,1,100,22835,4605,0,8,1,10,10,NORMAL,0,0,18,8,8,20,4,8,14,18,16,0,0,0,0
30520,12,bully,6370,0,0,0,19,28,266,392,1,100,24150,4631,0,9,1,11,11,NORMAL,0,0,19,8,8,22,5,9,15,20,16,0,0,0,0
30708,61,bully,8632,0,0,0,19,28,266,392,1,100,22076,5091,0,9,1,10,10,NORMAL,0,0,19,10,8,20,5,9,14,19,18,0,0,0,0
31114,36,bully,8012,0,0,0,18,26,252,364,1,100,23102,4652,0,8,1,10,10,NORMAL,0,0,18,8,8,20,4,8,14,18,16,0,0,0,0
31043,67,bully,9268,0,0,0,19,28,266,392,1,100,21775,5230,0,9,2,10,10,NORMAL,0,0,19,10,8,20,5,9,14,19,18,0,0,0,0
30941,14,bully,6817,0,0,0,19,27,266,378,1,100,24124,4594,0,8,1,11,11,NORMAL,0,0,19,8,8,22,4,8,15,19,16,0,0,0,0
31362,16,bully,7334,0,0,0,19,27,266,378,1,100,24028,4575,0,8,1,11,11,NORMAL,0,0,19,8,8,22,4,8,15,19,16,0,0,0,0
30638,5,bully,6046,0,0,0,21,30,294,420,1,100,24592,4640,0,9,1,12,12,NORMAL,0,0,21,10,8,24,5,9,16,21,18,0,0,0,0
31533,62,bully,9406,0,0,0,19,28,266,392,1,100,22127,5109,0,9,1,10,10,NORMAL,0,0,19,10,8,20,5,9,14,19,18,0,0,0,0
31184,72,bully,9555,0,0,0,19,28,266,392,1,100,21629,5216,0,9,2,10,10,NORMAL,0,0,19,10,8,20,5,9,14,19,18,0,0,0,0
30775,3,bully,6053,0,0,0,21,30,294,420,1,100,24722,4598,0,9,1,12,12,NORMAL,0,0,21,10,8,24,5,9,16,21,18,0,0,0,0
31356,55,bully,8912,0,0,0,18,26,252,364,1,100,22444,4609,0,8,1,10,10,NORMAL,0,0,18,8,8,20,4,8,14,18,16,0,0,0,0
30871,37,bully,7600,0,0,0,19,27,266,378,1,100,23271,4603,0,8,1,11,11,NORMAL,0,0,19,8,8,22,4,8,15,19,16,0,0,0,0
31535,97,bully,9132,0,0,0,19,28,266,392,1,100,22403,4660,0,9,1,10,10,NORMAL,0,0,19,10,8,20,5,9,14,19,18,0,0,0,0
30911,77,bully,8784,0,0,0,19,28,266,392,1,100,22127,4780,0,9,1,10,10,NORMAL,0,0,19,10,8,20,5,9,14,19,18,0,0,0,0
31686,44,bully,8605,0,0,0,18,26,252,364,1,100,23081,4613,0,8,1,10,10,NORMAL,0,0,18,8,8,20,4,8,14,18,16,0,0,0,0
31635,10,bully,7091,0,0,0,20,29,280,406,1,100,24544,4600,0,9,1,11,11,NORMAL,0,0,20,10,8,22,5,9,15,20,18,0,0,0,0
31157,4,bully,6307,0,0,0,21,30,294,420,1,100,24850,4636,0,9,1,12,12,NORMAL,0,0,21,10,8,24,5,9,16,21,18,0,0,0,0
31387,89,bully,8500,0,0,0,19,29,266,406,1,100,22887,4698,0,11,2,10,10,NORMAL,0,0,19,10,8,20,6,10,14,20,18,0,0,0,0
31144,31,bully,7459,0,0,0,19,27,266,378,1,100,23685,4616,0,8,1,11,11,NORMAL,0,0,19,8,8,22,4,8,15,19,16,0,0,0,0
31196,83,bully,8811,0,0,0,19,28,266,392,1,100,22385,4615,0,9,1,10,10,NORMAL,0,0,19,10,8,20,5,9,14,19,18,0,0,0,0
31690,19,bully,7396,0,0,0,19,27,266,378,1,100,24294,4546,0,8,1,11,11,NORMAL,0,0,19,8,8,22,4,8,15,19,16,0,0,0,0
31265,2,bully,6214,0,0,0,21,30,294,420,1,100,25051,4617,0,9,1,12,12,NORMAL,0,0,21,10,8,24,5,9,16,21,18,0,0,0,0
31129,63,bully,8721,0,0,0,19,28,266,392,1,100,22408,5115,0,9,1,10,10,NORMAL,0,0,19,10,8,20,5,9,14,19,18,0,0,0,0
31523,92,bully,8687,0,0,0,19,28,266,392,1,100,22836,4740,0,10,2,10,10,NORMAL,0,0,19,10,8,20,5,9,14,19,18,0,0,0,0
31808,91,bully,8916,0,0,0,19,28,266,392,1,100,22892,4706,0,10,2,10,10,NORMAL,0,0,19,10,8,20,5,9,14,19,18,0,0,0,0
31164,78,bully,8839,0,0,0,19,28,266,392,1,100,22325,4805,0,9,1,10,10,NORMAL,0,0,19,10,8,20,5,9,14,19,18,0,0,0,0
31330,60,bully,8715,0,0,0,19,28,266,392,1,100,22615,5103,0,9,1,10,10,NORMAL,0,0,19,10,8,20,5,9,14,19,18,0,0,0,0
31214,46,bully,7989,0,0,0,19,27,266,378,1,100,23225,4582,0,8,1,11,11,NORMAL,0,0,19,8,8,22,4,8,15,19,16,0,0,0,0
31944,42,bully,8546,0,0,0,19,27,266,378,1,100,23398,4607,0,8,1,11,11,NORMAL,0,0,19,8,8,22,4,8,15,19,16,0,0,0,0
31741,71,bully,9675,0,0,0,19,28,266,392,1,100,22066,5225,0,9,1,10,10,NORMAL,0,0,19,10,8,20,5,9,14,19,18,0,0,0,0
31047,75,bully,8524,0,0,0,19,28,266,392,1,100,22523,4738,0,9,1,10,10,NORMAL,0,0,19,10,8,20,5,9,14,19,18,0,0,0,0
31417,79,bully,9061,0,0,0,19,28,266,392,1,100,22356,4790,0,9,1,10,10,NORMAL,0,0,19,10,8,20,5,9,14,19,18,0,0,0,0
31605,40,bully,8046,0,0,0,19,27,266,378,1,100,23559,4596,0,8,1,11,11,NORMAL,0,0,19,8,8,22,4,8,15,19,16,0,0,0,0
31974,24,bully,7771,0,0,0,19,27,266,378,1,100,24203,4625,0,8,1,11,11,NORMAL,0,0,19,8,8,22,4,8,15,19,16,0,0,0,0
31483,45,bully,8077,0,0,0,19,27,266,378,1,100,23406,4591,0,8,1,11,11,NORMAL,0,0,19,8,8,22,4,8,15,19,16,0,0,0,0
31211,51,bully,8111,0,0,0,19,27,266,378,1,100,23100,4557,0,8,1,11,11,NORMAL,0,0,19,8,8,22,4,8,15,19,16,0,0,0,0
31498,13,bully,6749,0,0,0,19,27,266,378,1,100,24749,4617,0,8,1,11,11,NORMAL,0,0,19,8,8,22,4,8,15,19,16,0,0,0,0
31864,100,bully,6475,1,1,4612,21,28,294,392,1,100,25389,4612,0,9,1,12,10,LEADER,1,13,21,10,8,24,5,9,14,19,18,0,0,0,0
31823,59,bully,8913,0,0,0,20,29,280,406,1,100,22910,5165,0,9,1,11,11,NORMAL,0,0,20,10,8,22,5,9,15,20,18,0,0,0,0
31701,27,bully,7441,0,0,0,19,27,266,378,1,100,24260,4664,0,8,1,11,11,NORMAL,0,0,19,8,8,22,4,8,15,19,16,0,0,0,0
31672,94,bully,8625,0,0,0,19,28,266,392,1,100,23047,4708,0,9,1,10,10,NORMAL,0,0,19,10,8,20,5,9,14,19,18,0,0,0,0
31332,80,bully,8811,0,0,0,19,28,266,392,1,100,22521,4799,0,9,1,10,10,NORMAL,0,0,19,10,8,20,5,9,14,19,18,0,0,0,0
31553,22,bully,7054,0,0,0,19,27,266,378,1,100,24499,4574,0,8,1,11,11,NORMAL,0,0,19,8,8,22,4,8,15,19,16,0,0,0,0
31897,95,bully,8841,0,0,0,19,28,266,392,1,100,23056,4707,0,9,1,10,10,NORMAL,0,0,19,10,8,20,5,9,14,19,18,0,0,0,0
31347,48,bully,7909,0,0,0,19,27,266,378,1,100,23438,4587,0,8,1,11,11,NORMAL,0,0,19,8,8,22,4,8,15,19,16,0,0,0,0
31941,66,bully,9289,0,0,0,20,30,280,420,1,100,22652,5218,0,10,1,11,11,NORMAL,0,0,20,10,8,22,6,10,15,21,18,0,0,0,0
31565,8,bully,6387,0,0,0,20,29,280,406,1,100,25178,4652,0,9,1,11,11,NORMAL,0,0,20,10,8,22,5,9,15,20,18,0,0,0,0
31807,68,bully,9219,0,0,0,20,29,280,406,1,100,22588,5231,0,9,1,11,11,NORMAL,0,0,20,10,8,22,5,9,15,20,18,0,0,0,0
31980,86,bully,9226,0,0,0,20,30,280,420,1,100,22754,5464,0,10,1,10,10,NORMAL,0,0,20,12,8,20,6,10,14,20,20,0,0,0,0
31771,7,bully,6367,0,0,0,20,29,280,406,1,100,25404,4626,0,9,1,11,11,NORMAL,0,0,20,10,8,22,5,9,15,20,18,0,0,0,0
31936,30,bully,7536,0,0,0,19,27,266,378,1,100,24400,4586,0,8,1,11,11,NORMAL,0,0,19,8,8,22,4,8,15,19,16,0,0,0,0
31756,39,bully,7713,0,0,0,19,27,266,378,1,100,24043,4600,0,8,1,11,11,NORMAL,0,0,19,8,8,22,4,8,15,19,16,0,0,0,0
31908,25,bully,7253,0,0,0,19,27,266,378,1,100,24655,4614,0,8,1,11,11,NORMAL,0,0,19,8,8,22,4,8,15,19,16,0,0,0,0
31776,84,bully,8574,0,0,0,19,28,266,392,1,100,23202,4597,0,9,1,10,10,NORMAL,0,0,19,10,8,20,5,9,14,19,18,0,0,0,0
31959,56,bully,8311,0,0,0,19,27,266,378,1,100,23648,4573,0,8,1,11,11,NORMAL,0,0,19,8,8,22,4,8,15,19,16,0,0,0,0
40024,57,bully,9225,1,0,0,23,31,322,434,1,100,30799,5201,0,9,2,14,14,NORMAL,0,0,23,10,8,28,4,8,18,22,18,0,0,0,0
40081,85,bully,9503,1,0,0,24,33,336,462,1,100,30578,5422,0,10,2,14,14,NORMAL,0,0,24,12,8,28,5,9,18,23,20,0,0,0,0
40184,88,bully,8830,1,1,4646,24,34,336,476,1,100,31354,4646,0,11,3,14,14,NORMAL,0,2,25,12,8,28,6,10,18,24,20,0,0,0,0
40044,1,bully,6528,0,0,0,25,34,350,476,1,100,33516,4612,0,9,1,16,16,NORMAL,0,0,25,10,8,32,5,9,20,25,18,0,0,0,0
40177,41,bully,8335,0,0,0,23,31,322,434,1,100,31842,4579,0,8,2,15,15,NORMAL,0,0,23,8,8,30,4,8,19,23,16,0,0,0,0
40368,47,bully,8787,0,0,0,23,31,322,434,1,100,31581,4591,0,8,2,15,15,NORMAL,0,0,23,8,8,30,4,8,19,23,16,0,0,0,0
40014,65,bully,9204,1,0,0,25,34,350,476,1,100,30810,5190,0,10,2,15,15,NORMAL,0,0,25,12,8,30,5,9,19,24,20,0,0,0,0
40192,9,bully,6787,0,0,0,24,33,336,462,1,100,33405,4632,0,9,1,15,15,NORMAL,0,0,24,10,8,30,5,9,19,24,18,0,0,0,0
40383,15,bully,7246,0,0,0,23,31,322,434,1,100,33137,4599,0,8,1,15,15,NORMAL,0,0,23,8,8,30,4,8,19,23,16,0,0,0,0
40162,73,bully,8892,1,1,4730,24,33,336,462,1,100,31270,4730,0,9,2,15,15,NORMAL,0,2,25,10,8,30,5,9,19,24,18,0,0,0,0
40668,20,bully,7601,0,0,0,23,31,322,434,1,100,33067,4538,0,8,1,15,15,NORMAL,0,0,23,8,8,30,4,8,19,23,16,0,0,0,0
40653,52,bully,8917,0,0,0,23,31,322,434,1,100,31736,4515,0,8,2,15,15,NORMAL,0,0,23,8,8,30,4,8,19,23,16,0,0,0,0
40029,33,bully,7493,0,0,0,23,31,322,434,1,100,32536,4621,0,8,1,15,15,NORMAL,0,0,23,8,8,30,4,8,19,23,16,0,0,0,0
40586,32,bully,7977,0,0,0,23,31,322,434,1,100,32609,4622,0,8,1,15,15,NORMAL,0,0,23,8,8,30,4,8,19,23,16,0,0,0,0
40096,53,bully,8351,0,0,0,23,31,322,434,1,100,31745,4519,0,8,2,15,15,NORMAL,0,0,23,8,8,30,4,8,19,23,16,0,0,0,0
40517,11,bully,6961,0,0,0,24,33,336,462,1,100,33556,4596,0,9,1,15,15,NORMAL,0,0,24,10,8,30,5,9,19,24,18,0,0,0,0
40026,76,bully,8735,0,0,0,24,33,336,462,1,100,31291,4766,0,9,2,15,15,NORMAL,0,0,24,10,8,30,5,9,19,24,18,0,0,0,0
40111,21,bully,6973,0,0,0,23,31,322,434,1,100,33138,4559,0,8,1,15,15,NORMAL,0,0,23,8,8,30,4,8,19,23,16,0,0,0,0
40217,82,bully,8808,1,1,4591,24,33,336,462,1,100,31409,4591,0,9,2,15,15,NORMAL,0,2,25,10,8,30,5,9,19,24,18,0,0,0,0
40299,70,bully,9318,0,0,0,24,33,336,462,1,100,30981,5256,0,9,2,15,15,NORMAL,0,0,24,10,8,30,5,9,19,24,18,0,0,0,0
40435,35,bully,7908,0,0,0,23,31,322,434,1,100,32527,4653,0,8,1,15,15,NORMAL,0,0,23,8,8,30,4,8,19,23,16,0,0,0,0
40329,6,bully,6444,0,0,0,25,34,350,476,1,100,33885,4631,0,9,1,16,16,NORMAL,0,0,25,10,8,32,5,9,20,25,18,0,0,0,0
40094,23,bully,6991,0,0,0,23,31,322,434,1,100,33103,4615,0,8,1,15,15,NORMAL,0,0,23,8,8,30,4,8,19,23,16,0,0,0,0
40420,99,bully,8873,0,0,0,23,32,322,448,1,100,31547,4671,0,9,2,14,14,NORMAL,0,0,23,10,8,28,5,9,18,23,18,0,0,0,0
40856,69,bully,9754,0,0,0,24,33,336,462,1,100,31102,5257,0,9,2,15,15,NORMAL,0,0,24,10,8,30,5,9,19,24,18,0,0,0,0
40723,29,bully,7842,0,0,0,23,31,322,434,1,100,32881,4621,0,8,1,15,15,NORMAL,0,0,23,8,8,30,4,8,19,23,16,0,0,0,0
40314,38,bully,7766,0,0,0,23,31,322,434,1,100,32548,4584,0,8,1,15,15,NORMAL,0,0,23,8,8,30,4,8,19,23,16,0,0,0,0
41008,34,bully,8318,0,0,0,23,31,322,434,1,100,32690,4665,0,8,1,15,15,NORMAL,0,0,23,8,8,30,4,8,19,23,16,0,0,0,0
40693,93,bully,8800,0,0,0,24,33,336,462,1,100,31893,4726,0,10,3,15,15,NORMAL,0,0,24,10,8,30,5,9,19,24,18,0,0,0,0
40557,96,bully,8657,0,0,0,24,33,336,462,1,100,31900,4704,0,9,2,15,15,NORMAL,0,0,24,10,8,30,5,9,19,24,18,0,0,0,0
40247,18,bully,6641,0,0,0,24,32,336,448,1,100,33606,4558,0,8,1,16,16,NORMAL,0,0,24,8,8,32,4,8,20,24,16,0,0,0,0
40859,26,bully,7616,0,0,0,23,31,322,434,1,100,33243,4654,0,8,1,15,15,NORMAL,0,0,23,8,8,30,4,8,19,23,16,0,0,0,0
40757,74,bully,8994,0,0,0,24,33,336,462,1,100,31763,4753,0,9,2,15,15,NORMAL,0,0,24,10,8,30,5,9,19,24,18,0,0,0,0
40380,58,bully,8409,0,0,0,24,33,336,462,1,100,31971,5196,0,9,2,15,15,NORMAL,0,0,24,10,8,30,5,9,19,24,18,0,0,0,0
41280,28,bully,7953,0,0,0,23,31,322,434,1,100,33327,4598,0,8,1,15,15,NORMAL,0,0,23,8,8,30,4,8,19,23,16,0,0,0,0
40365,90,bully,8033,0,0,0,24,33,336,462,1,100,32332,4714,0,10,2,15,15,NORMAL,0,0,24,10,8,30,5,9,19,24,18,0,0,0,0
40532,81,bully,8963,0,0,0,24,33,336,462,1,100,31569,4806,0,9,2,15,15,NORMAL,0,0,24,10,8,30,5,9,19,24,18,0,0,0,0
40993,54,bully,8751,0,0,0,23,31,322,434,1,100,32242,4558,0,8,1,15,15,NORMAL,0,0,23,8,8,30,4,8,19,23,16,0,0,0,0
40502,87,bully,8831,0,0,0,25,35,350,490,1,100,31671,5465,0,10,2,15,15,NORMAL,0,0,25,12,8,30,6,10,19,25,20,0,0,0,0
40572,64,bully,8772,0,0,0,24,33,336,462,1,100,31800,5140,0,9,2,15,15,NORMAL,0,0,24,10,8,30,5,9,19,24,18,0,0,0,0
40744,49,bully,8255,0,0,0,23,31,322,434,1,100,32489,4570,0,8,1,15,15,NORMAL,0,0,23,8,8,30,4,8,19,23,16,0,0,0,0
40804,17,bully,6922,0,0,0,24,32,336,448,1,100,33882,4557,0,8,1,16,16,NORMAL,0,0,24,8,8,32,4,8,20,24,16,0,0,0,0
40790,50,bully,8314,0,0,0,23,31,322,434,1,100,32476,4579,0,8,1,15,15,NORMAL,0,0,23,8,8,30,4,8,19,23,16,0,0,0,0
40978,98,bully,8889,0,0,0,24,33,336,462,1,100,32089,4681,0,9,1,15,15,NORMAL,0,0,24,10,8,30,5,9,19,24,18,0,0,0,0
41402,43,bully,8567,0,0,0,23,31,322,434,1,100,32835,4605,0,8,1,15,15,NORMAL,0,0,23,8,8,30,4,8,19,23,16,0,0,0,0
40520,12,bully,6370,0,0,0,24,33,336,462,1,100,34150,4631,0,9,1,16,16,NORMAL,0,0,24,8,8,32,5,9,20,25,16,0,0,0,0
40708,61,bully,8632,0,0,0,24,33,336,462,1,100,32076,5091,0,9,1,15,15,NORMAL,0,0,24,10,8,30,5,9,19,24,18,0,0,0,0
41114,36,bully,8012,0,0,0,23,31,322,434,1,100,33102,4652,0,8,1,15,15,NORMAL,0,0,23,8,8,30,4,8,19,23,16,0,0,0,0
41043,67,bully,9268,0,0,0,24,33,336,462,1,100,31775,5230,0,9,2,15,15,NORMAL,0,0,24,10,8,30,5,9,19,24,18,0,0,0,0
40941,14,bully,6817,0,0,0,24,32,336,448,1,100,34124,4594,0,8,1,16,16,NORMAL,0,0,24,8,8,32,4,8,20,24,16,0,0,0,0
41362,16,bully,7334,0,0,0,24,32,336,448,1,100,34028,4575,0,8,1,16,16,NORMAL,0,0,24,8,8,32,4,8,20,24,16,0,0,0,0
40638,5,bully,6046,0,0,0,26,35,364,490,1,100,34592,4640,0,9,1,17,17,NORMAL,0,0,26,10,8,34,5,9,21,26,18,0,0,0,0
41533,62,bully,9406,0,0,0,24,33,336,462,1,100,32127,5109,0,9,1,15,15,NORMAL,0,0,24,10,8,30,5,9,19,24,18,0,0,0,0
41184,72,bully,9555,0,0,0,24,33,336,462,1,100,31629,5216,0,9,2,15,15,NORMAL,0,0,24,10,8,30,5,9,19,24,18,0,0,0,0
40775,3,bully,6053,0,0,0,26,35,364,490,1,100,34722,4598,0,9,1,17,17,NORMAL,0,0,26,10,8,34,5,9,21,26,18,0,0,0,0
41356,55,bully,8912,0,0,0,23,31,322,434,1,100,32444,4609,0,8,1,15,15,NORMAL,0,0,23,8,8,30,4,8,19,23,16,0,0,0,0
40871,37,bully,7600,0,0,0,24,32,336,448,1,100,33271,4603,0,8,1,16,16,NORMAL,0,0,24,8,8,32,4,8,20,24,16,0,0,0,0
41535,97,bully,9132,0,0,0,24,33,336,462,1,100,32403,4660,0,9,1,15,15,NORMAL,0,0,24,10,8,30,5,9,19,24,18,0,0,0,0
40911,77,bully,8784,0,0,0,24,33,336,462,1,100,32127,4780,0,9,1,15,15,NORMAL,0,0,24,10,8,30,5,9,19,24,18,0,0,0,0
41686,44,bully,8605,0,0,0,23,31,322,434,1,100,33081,4613,0,8,1,15,15,NORMAL,0,0,23,8,8,30,4,8,19,23,16,0,0,0,0
41635,10,bully,7091,0,0,0,25,34,350,476,1,100,34544,4600,0,9,1,16,16,NORMAL,0,0,25,10,8,32,5,9,20,25,18,0,0,0,0
41157,4,bully,6307,0,0,0,26,35,364,490,1,100,34850,4636,0,9,1,17,17,NORMAL,0,0,26,10,8,34,5,9,21,26,18,0,0,0,0
41387,89,bully,8500,0,0,0,24,34,336,476,1,100,32887,4698,0,11,2,15,15,NORMAL,0,0,24,10,8,30,6,10,19,25,18,0,0,0,0
41144,31,bully,7459,0,0,0,24,32,336,448,1,100,33685,4616,0,8,1,16,16,NORMAL,0,0,24,8,8,32,4,8,20,24,16,0,0,0,0
41196,83,bully,8811,0,0,0,24,33,336,462,1,100,32385,4615,0,9,1,15,15,NORMAL,0,0,24,10,8,30,5,9,19,24,18,0,0,0,0
41690,19,bully,7396,0,0,0,24,32,336,448,1,100,34294,4546,0,8,1,16,16,NORMAL,0,0,24,8,8,32,4,8,20,24,16,0,0,0,0
41265,2,bully,6214,0,0,0,26,35,364,490,1,100,35051,4617,0,9,1,17,17,NORMAL,0,0,26,10,8,34,5,9,21,26,18,0,0,0,0
41129,63,bully,8721,0,0,0,24,33,336,462,1,100,32408,5115,0,9,1,15,15,NORMAL,0,0,24,10,8,30,5,9,19,24,18,0,0,0,0
41523,92,bully,8687,0,0,0,24,33,336,462,1,100,32836,4740,0,10,2,15,15,NORMAL,0,0,24,10,8,30,5,9,19,24,18,0,0,0,0
41808,91,bully,8916,0,0,0,24,33,336,462,1,100,32892,4706,0,10,2,15,15,NORMAL,0,0,24,10,8,30,5,9,19,24,18,0,0,0,0
41164,78,bully,8839,0,0,0,24,33,336,462,1,100,32325,4805,0,9,1,15,15,NORMAL,0,0,24,10,8,30,5,9,19,24,18,0,0,0,0
41330,60,bully,8715,0,0,0,24,33,336,462,1,100,32615,5103,0,9,1,15,15,NORMAL,0,0,24,10,8,30,5,9,19,24,18,0,0,0,0
41214,46,bully,7989,0,0,0,24,32,336,448,1,100,33225,4582,0,8,1,16,16,NORMAL,0,0,24,8,8,32,4,8,20,24,16,0,0,0,0
41944,42,bully,8546,0,0,0,24,32,336,448,1,100,33398,4607,0,8,1,16,16,NORMAL,0,0,24,8,8,32,4,8,20,24,16,0,0,0,0
41741,71,bully,9675,0,0,0,24,33,336,462,1,100,32066,5225,0,9,1,15,15,NORMAL,0,0,24,10,8,30,5,9,19,24,18,0,0,0,0
41047,75,bully,8524,0,0,0,24,33,336,462,1,100,32523,4738,0,9,1,15,15,NORMAL,0,0,24,10,8,30,5,9,19,24,18,0,0,0,0
41417,79,bully,9061,0,0,0,24,33,336,462,1,100,32356,4790,0,9,1,15,15,NORMAL,0,0,24,10,8,30,5,9,19,24,18,0,0,0,0
41605,40,bully,8046,0,0,0,24,32,336,448,1,100,33559,4596,0,8,1,16,16,NORMAL,0,0,24,8,8,32,4,8,20,24,16,0,0,0,0
41974,24,bully,7771,0,0,0,24,32,336,448,1,100,34203,4625,0,8,1,16,16,NORMAL,0,0,24,8,8,32,4,8,20,24,16,0,0,0,0
41483,45,bully,8077,0,0,0,24,32,336,448,1,100,33406,4591,0,8,1,16,16,NORMAL,0,0,24,8,8,32,4,8,20,24,16,0,0,0,0
41211,51,bully,8111,0,0,0,24,32,336,448,1,100,33100,4557,0,8,1,16,16,NORMAL,0,0,24,8,8,32,4,8,20,24,16,0,0,0,0
41498,13,bully,6749,0,0,0,24,32,336,448,1,100,34749,4617,0,8,1,16,16,NORMAL,0,0,24,8,8,32,4,8,20,24,16,0,0,0,0
41864,100,bully,6475,1,1,4612,26,33,364,462,1,100,35389,4612,0,9,1,17,15,LEADER,1,18,26,10,8,34,5,9,19,24,18,0,0,0,0
41823,59,bully,8913,0,0,0,25,34,350,476,1,100,32910,5165,0,9,1,16,16,NORMAL,0,0,25,10,8,32,5,9,20,25,18,0,0,0,0
41701,27,bully,7441,0,0,0,24,32,336,448,1,100,34260,4664,0,8,1,16,16,NORMAL,0,0,24,8,8,32,4,8,20,24,16,0,0,0,0
41672,94,bully,8625,0,0,0,24,33,336,462,1,100,33047,4708,0,9,1,15,15,NORMAL,0,0,24,10,8,30,5,9,19,24,18,0,0,0,0
41332,80,bully,8811,0,0,0,24,33,336,462,1,100,32521,4799,0,9,1,15,15,NORMAL,0,0,24,10,8,30,5,9,19,24,18,0,0,0,0
41553,22,bully,7054,0,0,0,24,32,336,448,1,100,34499,4574,0,8,1,16,16,NORMAL,0,0,24,8,8,32,4,8,20,24,16,0,0,0,0
41897,95,bully,8841,0,0,0,24,33,336,462,1,100,33056,4707,0,9,1,15,15,NORMAL,0,0,24,10,8,30,5,9,19,24,18,0,0,0,0
41347,48,bully,7909,0,0,0,24,32,336,448,1,100,33438,4587,0,8,1,16,16,NORMAL,0,0,24,8,8,32,4,8,20,24,16,0,0,0,0
41941,66,bully,9289,0,0,0,25,35,350,490,1,100,32652,5218,0,10,1,16,16,NORMAL,0,0,25,10,8,32,6,10,20,26,18,0,0,0,0
41565,8,bully,6387,0,0,0,25,34,350,476,1,100,35178,4652,0,9,1,16,16,NORMAL,0,0,25,10,8,32,5,9,20,25,18,0,0,0,0
41807,68,bully,9219,0,0,0,25,34,350,476,1,100,32588,5231,0,9,1,16,16,NORMAL,0,0,25,10,8,32,5,9,20,25,18,0,0,0,0
41980,86,bully,9226,0,0,0,25,35,350,490,1,100,32754,5464,0,10,1,15,15,NORMAL,0,0,25,12,8,30,6,10,19,25,20,0,0,0,0
41771,7,bully,6367,0,0,0,25,34,350,476,1,100,35404,4626,0,9,1,16,16,NORMAL,0,0,25,10,8,32,5,9,20,25,18,0,0,0,0
41936,30,bully,7536,0,0,0,24,32,336,448,1,100,34400,4586,0,8,1,16,16,NORMAL,0,0,24,8,8,32,4,8,20,24,16,0,0,0,0
41756,39,bully,7713,0,0,0,24,32,336,448,1,100,34043,4600,0,8,1,16,16,NORMAL,0,0,24,8,8,32,4,8,20,24,16,0,0,0,0
41908,25,bully,7253,0,0,0,24,32,336,448,1,100,34655,4614,0,8,1,16,16,NORMAL,0,0,24,8,8,32,4,8,20,24,16,0,0,0,0
41776,84,bully,8574,0,0,0,25,34,350,476,1,100,33202,4597,0,9,1,16,16,NORMAL,0,0,25,10,8,32,5,9,20,25,18,0,0,0,0
41959,56,bully,8311,0,0,0,24,32,336,448,1,100,33648,4573,0,8,1,16,16,NORMAL,0,0,24,8,8,32,4,8,20,24,16,0,0,0,0
50024,57,bully,9225,1,0,0,28,36,392,504,1,100,40799,5201,0,9,2,19,19,NORMAL,0,0,28,10,8,38,4,8,23,27,18,0,0,0,0
50081,85,bully,9503,1,0,0,29,38,406,532,1,100,40578,5422,0,10,2,19,19,NORMAL,0,0,29,12,8,38,5,9,23,28,20,0,0,0,0
50184,88,bully,8830,1,1,4646,29,39,406,546,1,100,41354,4646,0,11,3,19,19,NORMAL,0,2,30,12,8,38,6,10,23,29,20,0,0,0,0
50044,1,bully,6528,0,0,0,30,39,420,546,1,100,43516,4612,0,9,1,21,21,NORMAL,0,0,30,10,8,42,5,9,25,30,18,0,0,0,0
50177,41,bully,8335,0,0,0,28,36,392,504,1,100,41842,4579,0,8,2,20,20,NORMAL,0,0,28,8,8,40,4,8,24,28,16,0,0,0,0
50368,47,bully,8787,0,0,0,28,36,392,504,1,100,41581,4591,0,8,2,20,20,NORMAL,0,0,28,8,8,40,4,8,24,28,16,0,0,0,0
50014,65,bully,9204,1,0,0,30,39,420,546,1,100,40810,5190,0,10,2,20,20,NORMAL,0,0,30,12,8,40,5,9,24,29,20,0,0,0,0
50192,9,bully,6787,0,0,0,29,38,406,532,1,100,43405,4632,0,9,1,20,20,NORMAL,0,0,29,10,8,40,5,9,24,29,18,0,0,0,0
50383,15,bully,7246,0,0,0,28,36,392,504,1,100,43137,4599,0,8,1,20,20,NORMAL,0,0,28,8,8,40,4,8,24,28,16,0,0,0,0
50162,73,bully,8892,1,1,4730,29,38,406,532,1,100,41270,4730,0,9,2,20,20,NORMAL,0,2,30,10,8,40,5,9,24,29,18,0,0,0,0
50668,20,bully,7601,0,0,0,28,36,392,504,1,100,43067,4538,0,8,1,20,20,NORMAL,0,0,28,8,8,40,4,8,24,28,16,0,0,0,0
50653,52,bully,8917,0,0,0,28,36,392,504,1,100,41736,4515,0,8,2,20,20,NORMAL,0,0,28,8,8,40,4,8,24,28,16,0,0,0,0
50029,33,bully,7493,0,0,0,28,36,392,504,1,100,42536,4621,0,8,1,20,20,NORMAL,0,0,28,8,8,40,4,8,24,28,16,0,0,0,0
50586,32,bully,7977,0,0,0,28,36,392,504,1,100,42609,4622,0,8,1,20,20,NORMAL,0,0,28,8,8,40,4,8,24,28,16,0,0,0,0
50096,53,bully,8351,0,0,0,28,36,392,504,1,100,41745,4519,0,8,2,20,20,NORMAL,0,0,28,8,8,40,4,8,24,28,16,0,0,0,0
50517,11,bully,6961,0,0,0,29,38,406,532,1,100,43556,4596,0,9,1,20,20,NORMAL,0,0,29,10,8,40,5,9,24,29,18,0,0,0,0
50026,76,bully,8735,0,0,0,29,38,406,532,1,100,41291,4766,0,9,2,20,20,NORMAL,0,0,29,10,8,40,5,9,24,29,18,0,0,0,0
50111,21,bully,6973,0,0,0,28,36,392,504,1,100,43138,4559,0,8,1,20,20,NORMAL,0,0,28,8,8,40,4,8,24,28,16,0,0,0,0
50217,82,bully,8808,1,1,4591,29,38,406,532,1,100,41409,4591,0,9,2,20,20,NORMAL,0,2,30,10,8,40,5,9,24,29,18,0,0,0,0
50299,70,bully,9318,0,0,0,29,38,406,532,1,100,40981,5256,0,9,2,20,20,NORMAL,0,0,29,10,8,40,5,9,24,29,18,0,0,0,0
50435,35,bully,7908,0,0,0,28,36,392,504,1,100,42527,4653,0,8,1,20,20,NORMAL,0,0,28,8,8,40,4,8,24,28,16,0,0,0,0
50329,6,bully,6444,0,0,0,30,39,420,546,1,100,43885,4631,0,9,1,21,21,NORMAL,0,0,30,10,8,42,5,9,25,30,18,0,0,0,0
50094,23,bully,6991,0,0,0,28,36,392,504,1,100,43103,4615,0,8,1,20,20,NORMAL,0,0,28,8,8,40,4,8,24,28,16,0,0,0,0
50420,99,bully,8873,0,0,0,28,37,392,518,1,100,41547,4671,0,9,2,19,19,NORMAL,0,0,28,10,8,38,5,9,23,28,18,0,0,0,0
50856,69,bully,9754,0,0,0,29,38,406,532,1,100,41102,5257,0,9,2,20,20,NORMAL,0,0,29,10,8,40,5,9,24,29,18,0,0,0,0
50723,29,bully,7842,0,0,0,28,36,392,504,1,100,42881,4621,0,8,1,20,20,NORMAL,0,0,28,8,8,40,4,8,24,28,16,0,0,0,0
50314,38,bully,7766,0,0,0,28,36,392,504,1,100,42548,4584,0,8,1,20,20,NORMAL,0,0,28,8,8,40,4,8,24,28,16,0,0,0,0
51008,34,bully,8318,0,0,0,28,36,392,504,1,100,42690,4665,0,8,1,20,20,NORMAL,0,0,28,8,8,40,4,8,24,28,16,0,0,0,0
50693,93,bully,8800,0,0,0,29,38,406,532,1,100,41893,4726,0,10,3,20,20,NORMAL,0,0,29,10,8,40,5,9,24,29,18,0,0,0,0
50557,96,bully,8657,0,0,0,29,38,406,532,1,100,41900,4704,0,9,2,20,20,NORMAL,0,0,29,10,8,40,5,9,24,29,18,0,0,0,0
50247,18,bully,6641,0,0,0,29,37,406,518,1,100,43606,4558,0,8,1,21,21,NORMAL,0,0,29,8,8,42,4,8,25,29,16,0,0,0,0
50859,26,bully,7616,0,0,0,28,36,392,504,1,100,43243,4654,0,8,1,20,20,NORMAL,0,0,28,8,8,40,4,8,24,28,16,0,0,0,0
50757,74,bully,8994,0,0,0,29,38,406,532,1,100,41763,4753,0,9,2,20,20,NORMAL,0,0,29,10,8,40,5,9,24,29,18,0,0,0,0
50380,58,bully,8409,0,0,0,29,38,406,532,1,100,41971,5196,0,9,2,20,20,NORMAL,0,0,29,10,8,40,5,9,24,29,18,0,0,0,0
51280,28,bully,7953,0,0,0,28,36,392,504,1,100,43327,4598,0,8,1,20,20,NORMAL,0,0,28,8,8,40,4,8,24,28,16,0,0,0,0
50365,90,bully,8033,0,0,0,29,38,406,532,1,100,42332,4714,0,10,2,20,20,NORMAL,0,0,29,10,8,40,5,9,24,29,18,0,0,0,0
50532,81,bully,8963,0,0,0,29,38,406,532,1,100,41569,4806,0,9,2,20,20,NORMAL,0,0,29,10,8,40,5,9,24,29,18,0,0,0,0
50993,54,bully,8751,0,0,0,28,36,392,504,1,100,42242,4558,0,8,1,20,20,NORMAL,0,0,28,8,8,40,4,8,24,28,16,0,0,0,0
50502,87,bully,8831,0,0,0,30,40,420,560,1,100,41671,5465,0,10,2,20,20,NORMAL,0,0,30,12,8,40,6,10,24,30,20,0,0,0,0
50572,64,bully,8772,0,0,0,29,38,406,532,1,100,41800,5140,0,9,2,20,20,NORMAL,0,0,29,10,8,40,5,9,24,29,18,0,0,0,0
50744,49,bully,8255,0,0,0,28,36,392,504,1,100,42489,4570,0,8,1,20,20,NORMAL,0,0,28,8,8,40,4,8,24,28,16,0,0,0,0
50804,17,bully,6922,0,0,0,29,37,406,518,1,100,43882,4557,0,8,1,21,21,NORMAL,0,0,29,8,8,42,4,8,25,29,16,0,0,0,0
50790,50,bully,8314,0,0,0,28,36,392,504,1,100,42476,4579,0,8,1,20,20,NORMAL,0,0,28,8,8,40,4,8,24,28,16,0,0,0,0
50978,98,bully,8889,0,0,0,29,38,406,532,1,100,42089,4681,0,9,1,20,20,NORMAL,0,0,29,10,8,40,5,9,24,29,18,0,0,0,0
51402,43,bully,8567,0,0,0,28,36,392,504,1,100,42835,4605,0,8,1,20,20,NORMAL,0,0,28,8,8,40,4,8,24,28,16,0,0,0,0
50520,12,bully,6370,0,0,0,29,38,406,532,1,100,44150,4631,0,9,1,21,21,NORMAL,0,0,29,8,8,42,5,9,25,30,16,0,0,0,0
50708,61,bully,8632,0,0,0,29,38,406,532,1,100,42076,5091,0,9,1,20,20,NORMAL,0,0,29,10,8,40,5,9,24,29,18,0,0,0,0
51114,36,bully,8012,0,0,0,28,36,392,504,1,100,43102,4652,0,8,1,20,20,NORMAL,0,0,28,8,8,40,4,8,24,28,16,0,0,0,0
51043,67,bully,9268,0,0,0,29,38,406,532,1,100,41775,5230,0,9,2,20,20,NORMAL,0,0,29,10,8,40,5,9,24,29,18,0,0,0,0
50941,14,bully,6817,0,0,0,29,37,406,518,1,100,44124,4594,0,8,1,21,21,NORMAL,0,0,29,8,8,42,4,8,25,29,16,0,0,0,0
51362,16,bully,7334,0,0,0,29,37,406,518,1,100,44028,4575,0,8,1,21,21,NORMAL,0,0,29,8,8,42,4,8,25,29,16,0,0,0,0
50638,5,bully,6046,0,0,0,31,40,434,560,1,100,44592,4640,0,9,1,22,22,NORMAL,0,0,31,10,8,44,5,9,26,31,18,0,0,0,0
51533,62,bully,9406,0,0,0,29,38,406,532,1,100,42127,5109,0,9,1,20,20,NORMAL,0,0,29,10,8,40,5,9,24,29,18,0,0,0,0
51184,72,bully,9555,0,0,0,29,38,406,532,1,100,41629,5216,0,9,2,20,20,NORMAL,0,0,29,10,8,40,5,9,24,29,18,0,0,0,0
50775,3,bully,6053,0,0,0,31,40,434,560,1,100,44722,4598,0,9,1,22,22,NORMAL,0,0,31,10,8,44,5,9,26,31,18,0,0,0,0
51356,55,bully,8912,0,0,0,28,36,392,504,1,100,42444,4609,0,8,1,20,20,NORMAL,0,0,28,8,8,40,4,8,24,28,16,0,0,0,0
50871,37,bully,7600,0,0,0,29,37,406,518,1,100,43271,4603,0,8,1,21,21,NORMAL,0,0,29,8,8,42,4,8,25,29,16,0,0,0,0
51535,97,bully,9132,0,0,0,29,38,406,532,1,100,42403,4660,0,9,1,20,20,NORMAL,0,0,29,10,8,40,5,9,24,29,18,0,0,0,0
50911,77,bully,8784,0,0,0,29,38,406,532,1,100,42127,4780,0,9,1,20,20,NORMAL,0,0,29,10,8,40,5,9,24,29,18,0,0,0,0
51686,44,bully,8605,0,0,0,28,36,392,504,1,100,43081,4613,0,8,1,20,20,NORMAL,0,0,28,8,8,40,4,8,24,28,16,0,0,0,0
51635,10,bully,7091,0,0,0,30,39,420,546,1,100,44544,4600,0,9,1,21,21,NORMAL,0,0,30,10,8,42,5,9,25,30,18,0,0,0,0
51157,4,bully,6307,0,0,0,31,40,434,560,1,100,44850,4636,0,9,1,22,22,NORMAL,0,0,31,10,8,44,5,9,26,31,18,0,0,0,0
51387,89,bully,8500,0,0,0,29,39,406,546,1,100,42887,4698,0,11,2,20,20,NORMAL,0,0,29,10,8,40,6,10,24,30,18,0,0,0,0
51144,31,bully,7459,0,0,0,29,37,406,518,1,100,43685,4616,0,8,1,21,21,NORMAL,0,0,29,8,8,42,4,8,25,29,16,0,0,0,0
51196,83,bully,8811,0,0,0,29,38,406,532,1,100,42385,4615,0,9,1,20,20,NORMAL,0,0,29,10,8,40,5,9,24,29,18,0,0,0,0
51690,19,bully,7396,0,0,0,29,37,406,518,1,100,44294,4546,0,8,1,21,21,NORMAL,0,0,29,8,8,42,4,8,25,29,16,0,0,0,0
51265,2,bully,6214,0,0,0,31,40,434,560,1,100,45051,4617,0,9,1,22,22,NORMAL,0,0,31,10,8,44,5,9,26,31,18,0,0,0,0
51129,63,bully,8721,0,0,0,29,38,406,532,1,100,42408,5115,0,9,1,20,20,NORMAL,0,0,29,10,8,40,5,9,24,29,18,0,0,0,0
51523,92,bully,8687,0,0,0,29,38,406,532,1,100,42836,4740,0,10,2,20,20,NORMAL,0,0,29,10,8,40,5,9,24,29,18,0,0,0,0
51808,91,bully,8916,0,0,0,29,38,406,532,1,100,42892,4706,0,10,2,20,20,NORMAL,0,0,29,10,8,40,5,9,24,29,18,0,0,0,0
51164,78,bully,8839,0,0,0,29,38,406,532,1,100,42325,4805,0,9,1,20,20,NORMAL,0,0,29,10,8,40,5,9,24,29,18,0,0,0,0
51330,60,bully,8715,0,0,0,29,38,406,532,1,100,42615,5103,0,9,1,20,20,NORMAL,0,0,29,10,8,40,5,9,24,29,18,0,0,0,0
51214,46,bully,7989,0,0,0,29,37,406,518,1,100,43225,4582,0,8,1,21,21,NORMAL,0,0,29,8,8,42,4,8,25,29,16,0,0,0,0
51944,42,bully,8546,0,0,0,29,37,406,518,1,100,43398,4607,0,8,1,21,21,NORMAL,0,0,29,8,8,42,4,8,25,29,16,0,0,0,0
51741,71,bully,9675,0,0,0,29,38,406,532,1,100,42066,5225,0,9,1,20,20,NORMAL,0,0,29,10,8,40,5,9,24,29,18,0,0,0,0
51047,75,bully,8524,0,0,0,29,38,406,532,1,100,42523,4738,0,9,1,20,20,NORMAL,0,0,29,10,8,40,5,9,24,29,18,0,0,0,0
51417,79,bully,9061,0,0,0,29,38,406,532,1,100,42356,4790,0,9,1,20,20,NORMAL,0,0,29,10,8,40,5,9,24,29,18,0,0,0,0
51605,40,bully,8046,0,0,0,29,37,406,518,1,100,43559,4596,0,8,1,21,21,NORMAL,0,0,29,8,8,42,4,8,25,29,16,0,0,0,0
51974,24,bully,7771,0,0,0,29,37,406,518,1,100,44203,4625,0,8,1,21,21,NORMAL,0,0,29,8,8,42,4,8,25,29,16,0,0,0,0
51483,45,bully,8077,0,0,0,29,37,406,518,1,100,43406,4591,0,8,1,21,21,NORMAL,0,0,29,8,8,42,4,8,25,29,16,0,0,0,0
51211,51,bully,8111,0,0,0,29,37,406,518,1,100,43100,4557,0,8,1,21,21,NORMAL,0,0,29,8,8,42,4,8,25,29,16,0,0,0,0
51498,13,bully,6749,0,0,0,29,37,406,518,1,100,44749,4617,0,8,1,21,21,NORMAL,0,0,29,8,8,42,4,8,25,29,16,0,0,0,0
51864,100,bully,6475,1,1,4612,31,38,434,532,1,100,45389,4612,0,9,1,22,20,LEADER,1,23,31,10,8,44,5,9,24,29,18,0,0,0,0
51823,59,bully,8913,0,0,0,30,39,420,546,1,100,42910,5165,0,9,1,21,21,NORMAL,0,0,30,10,8,42,5,9,25,30,18,0,0,0,0
51701,27,bully,7441,0,0,0,29,37,406,518,1,100,44260,4664,0,8,1,21,21,NORMAL,0,0,29,8,8,42,4,8,25,29,16,0,0,0,0
51672,94,bully,8625,0,0,0,29,38,406,532,1,100,43047,4708,0,9,1,20,20,NORMAL,0,0,29,10,8,40,5,9,24,29,18,0,0,0,0
51332,80,bully,8811,0,0,0,29,38,406,532,1,100,42521,4799,0,9,1,20,20,NORMAL,0,0,29,10,8,40,5,9,24,29,18,0,0,0,0
51553,22,bully,7054,0,0,0,29,37,406,518,1,100,44499,4574,0,8,1,21,21,NORMAL,0,0,29,8,8,42,4,8,25,29,16,0,0,0,0
51897,95,bully,8841,0,0,0,29,38,406,532,1,100,43056,4707,0,9,1,20,20,NORMAL,0,0,29,10,8,40,5,9,24,29,18,0,0,0,0
51347,48,bully,7909,0,0,0,29,37,406,518,1,100,43438,4587,0,8,1,21,21,NORMAL,0,0,29,8,8,42,4,8,25,29,16,0,0,0,0
51941,66,bully,9289,0,0,0,30,40,420,560,1,100,42652,5218,0,10,1,21,21,NORMAL,0,0,30,10,8,42,6,10,25,31,18,0,0,0,0
51565,8,bully,6387,0,0,0,30,39,420,546,1,100,45178,4652,0,9,1,21,21,NORMAL,0,0,30,10,8,42,5,9,25,30,18,0,0,0,0
51807,68,bully,9219,0,0,0,30,39,420,546,1,100,42588,5231,0,9,1,21,21,NORMAL,0,0,30,10,8,42,5,9,25,30,18,0,0,0,0
51980,86,bully,9226,0,0,0,30,40,420,560,1,100,42754,5464,0,10,1,20,20,NORMAL,0,0,30,12,8,40,6,10,24,30,20,0,0,0,0
51771,7,bully,6367,0,0,0,30,39,420,546,1,100,45404,4626,0,9,1,21,21,NORMAL,0,0,30,10,8,42,5,9,25,30,18,0,0,0,0
51936,30,bully,7536,0,0,0,29,37,406,518,1,100,44400,4586,0,8,1,21,21,NORMAL,0,0,29,8,8,42,4,8,25,29,16,0,0,0,0
51756,39,bully,7713,0,0,0,29,37,406,518,1,100,44043,4600,0,8,1,21,21,NORMAL,0,0,29,8,8,42,4,8,25,29,16,0,0,0,0
51908,25,bully,7253,0,0,0,29,37,406,518,1,100,44655,4614,0,8,1,21,21,NORMAL,0,0,29,8,8,42,4,8,25,29,16,0,0,0,0
51776,84,bully,8574,0,0,0,30,39,420,546,1,100,43202,4597,0,9,1,21,21,NORMAL,0,0,30,10,8,42,5,9,25,30,18,0,0,0,0
51959,56,bully,8311,0,0,0,29,37,406,518,1,100,43648,4573,0,8,1,21,21,NORMAL,0,0,29,8,8,42,4,8,25,29,16,0,0,0,0
60024,57,bully,9225,1,0,0,34,42,476,588,1,100,50799,5201,0,9,2,25,25,NORMAL,0,0,34,10,8,50,4,8,29,33,18,0,0,0,0
60081,85,bully,9503,1,0,0,34,43,476,602,1,100,50578,5422,0,10,2,24,24,NORMAL,0,0,34,12,8,48,5,9,28,33,20,0,0,0,0
60184,88,bully,8830,1,1,4646,34,44,476,616,1,100,51354,4646,0,11,3,24,24,NORMAL,0,2,35,12,8,48,6,10,28,34,20,0,0,0,0
60044,1,bully,6528,0,0,0,35,44,490,616,1,100,53516,4612,0,9,1,26,26,NORMAL,0,0,35,10,8,52,5,9,30,35,18,0,0,0,0
60177,41,bully,8335,0,0,0,33,41,462,574,1,100,51842,4579,0,8,2,25,25,NORMAL,0,0,33,8,8,50,4,8,29,33,16,0,0,0,0
60368,47,bully,8787,0,0,0,33,41,462,574,1,100,51581,4591,0,8,2,25,25,NORMAL,0,0,33,8,8,50,4,8,29,33,16,0,0,0,0
60014,65,bully,9204,1,0,0,35,44,490,616,1,100,50810,5190,0,10,2,25,25,NORMAL,0,0,35,12,8,50,5,9,29,34,20,0,0,0,0
60192,9,bully,6787,0,0,0,34,43,476,602,1,100,53405,4632,0,9,1,25,25,NORMAL,0,0,34,10,8,50,5,9,29,34,18,0,0,0,0
60383,15,bully,7246,0,0,0,33,41,462,574,1,100,53137,4599,0,8,1,25,25,NORMAL,0,0,33,8,8,50,4,8,29,33,16,0,0,0,0
60162,73,bully,8892,1,1,4730,34,43,476,602,1,100,51270,4730,0,9,2,25,25,NORMAL,0,2,35,10,8,50,5,9,29,34,18,0,0,0,0
60668,20,bully,7601,0,0,0,33,41,462,574,1,100,53067,4538,0,8,1,25,25,NORMAL,0,0,33,8,8,50,4,8,29,33,16,0,0,0,0
60653,52,bully,8917,0,0,0,33,41,462,574,1,100,51736,4515,0,8,2,25,25,NORMAL,0,0,33,8,8,50,4,8,29,33,16,0,0,0,0
60029,33,bully,7493,0,0,0,33,41,462,574,1,100,52536,4621,0,8,1,25,25,NORMAL,0,0,33,8,8,50,4,8,29,33,16,0,0,0,0
60586,32,bully,7977,0,0,0,33,41,462,574,1,100,52609,4622,0,8,1,25,25,NORMAL,0,0,33,8,8,50,4,8,29,33,16,0,0,0,0
60096,53,bully,8351,0,0,0,33,41,462,574,1,100,51745,4519,0,8,2,25,25,NORMAL,0,0,33,8,8,50,4,8,29,33,16,0,0,0,0
60517,11,bully,6961,0,0,0,34,43,476,602,1,100,53556,4596,0,9,1,25,25,NORMAL,0,0,34,10,8,50,5,9,29,34,18,0,0,0,0
60026,76,bully,8735,0,0,0,34,43,476,602,1,100,51291,4766,0,9,2,25,25,NORMAL,0,0,34,10,8,50,5,9,29,34,18,0,0,0,0
60111,21,bully,6973,0,0,0,33,41,462,574,1,100,53138,4559,0,8,1,25,25,NORMAL,0,0,33,8,8,50,4,8,29,33,16,0,0,0,0
60217,82,bully,8808,1,1,4591,34,43,476,602,1,100,51409,4591,0,9,2,25,25,NORMAL,0,2,35,10,8,50,5,9,29,34,18,0,0,0,0
60299,70,bully,9318,0,0,0,34,43,476,602,1,100,50981,5256,0,9,2,25,25,NORMAL,0,0,34,10,8,50,5,9,29,34,18,0,0,0,0
60435,35,bully,7908,0,0,0,33,41,462,574,1,100,52527,4653,0,8,1,25,25,NORMAL,0,0,33,8,8,50,4,8,29,33,16,0,0,0,0
60329,6,bully,6444,0,0,0,35,44,490,616,1,100,53885,4631,0,9,1,26,26,NORMAL,0,0,35,10,8,52,5,9,30,35,18,0,0,0,0
60094,23,bully,6991,0,0,0,33,41,462,574,1,100,53103,4615,0,8,1,25,25,NORMAL,0,0,33,8,8,50,4,8,29,33,16,0,0,0,0
60420,99,bully,8873,0,0,0,33,42,462,588,1,100,51547,4671,0,9,2,24,24,NORMAL,0,0,33,10,8,48,5,9,28,33,18,0,0,0,0
60856,69,bully,9754,0,0,0,34,43,476,602,1,100,51102,5257,0,9,2,25,25,NORMAL,0,0,34,10,8,50,5,9,29,34,18,0,0,0,0
60723,29,bully,7842,0,0,0,33,41,462,574,1,100,52881,4621,0,8,1,25,25,NORMAL,0,0,33,8,8,50,4,8,29,33,16,0,0,0,0
60314,38,bully,7766,0,0,0,33,41,462,574,1,100,52548,4584,0,8,1,25,25,NORMAL,0,0,33,8,8,50,4,8,29,33,16,0,0,0,0
61008,34,bully,8318,0,0,0,33,41,462,574,1,100,52690,4665,0,8,1,25,25,NORMAL,0,0,33,8,8,50,4,8,29,33,16,0,0,0,0
60693,93,bully,8800,0,0,0,34,43,476,602,1,100,51893,4726,0,10,3,25,25,NORMAL,0,0,34,10,8,50,5,9,29,34,18,0,0,0,0
60557,96,bully,8657,0,0,0,34,43,476,602,1,100,51900,4704,0,9,2,25,25,NORMAL,0,0,34,10,8,50,5,9,29,34,18,0,0,0,0
60247,18,bully,6641,0,0,0,34,42,476,588,1,100,53606,4558,0,8,1,26,26,NORMAL,0,0,34,8,8,52,4,8,30,34,16,0,0,0,0
60859,26,bully,7616,0,0,0,33,41,462,574,1,100,53243,4654,0,8,1,25,25,NORMAL,0,0,33,8,8,50,4,8,29,33,16,0,0,0,0
60757,74,bully,8994,0,0,0,34,43,476,602,1,100,51763,4753,0,9,2,25,25,NORMAL,0,0,34,10,8,50,5,9,29,34,18,0,0,0,0
60380,58,bully,8409,0,0,0,34,43,476,602,1,100,51971,5196,0,9,2,25,25,NORMAL,0,0,34,10,8,50,5,9,29,34,18,0,0,0,0
61280,28,bully,7953,0,0,0,33,41,462,574,1,100,53327,4598,0,8,1,25,25,NORMAL,0,0,33,8,8,50,4,8,29,33,16,0,0,0,0
60365,90,bully,8033,0,0,0,34,43,476,602,1,100,52332,4714,0,10,2,25,25,NORMAL,0,0,34,10,8,50,5,9,29,34,18,0,0,0,0
60532,81,bully,8963,0,0,0,34,43,476,602,1,100,51569,4806,0,9,2,25,25,NORMAL,0,0,34,10,8,50,5,9,29,34,18,0,0,0,0
60993,54,bully,8751,0,0,0,33,41,462,574,1,100,52242,4558,0,8,1,25,25,NORMAL,0,0,33,8,8,50,4,8,29,33,16,0,0,0,0
60502,87,bully,8831,0,0,0,35,45,490,630,1,100,51671,5465,0,10,2,25,25,NORMAL,0,0,35,12,8,50,6,10,29,35,20,0,0,0,0
60572,64,bully,8772,0,0,0,34,43,476,602,1,100,51800,5140,0,9,2,25,25,NORMAL,0,0,34,10,8,50,5,9,29,34,18,0,0,0,0
60744,49,bully,8255,0,0,0,33,41,462,574,1,100,52489,4570,0,8,1,25,25,NORMAL,0,0,33,8,8,50,4,8,29,33,16,0,0,0,0
60804,17,bully,6922,0,0,0,34,42,476,588,1,100,53882,4557,0,8,1,26,26,NORMAL,0,0,34,8,8,52,4,8,30,34,16,0,0,0,0
60790,50,bully,8314,0,0,0,33,41,462,574,1,100,52476,4579,0,8,1,25,25,NORMAL,0,0,33,8,8,50,4,8,29,33,16,0,0,0,0
60978,98,bully,8889,0,0,0,34,43,476,602,1,100,52089,4681,0,9,1,25,25,NORMAL,0,0,34,10,8,50,5,9,29,34,18,0,0,0,0
61402,43,bully,8567,0,0,0,33,41,462,574,1,100,52835,4605,0,8,1,25,25,NORMAL,0,0,33,8,8,50,4,8,29,33,16,0,0,0,0
60520,12,bully,6370,0,0,0,34,43,476,602,1,100,54150,4631,0,9,1,26,26,NORMAL,0,0,34,8,8,52,5,9,30,35,16,0,0,0,0
60708,61,bully,8632,0,0,0,34,43,476,602,1,100,52076,5091,0,9,1,25,25,NORMAL,0,0,34,10,8,50,5,9,29,34,18,0,0,0,0
61114,36,bully,8012,0,0,0,33,41,462,574,1,100,53102,4652,0,8,1,25,25,NORMAL,0,0,33,8,8,50,4,8,29,33,16,0,0,0,0
61043,67,bully,9268,0,0,0,34,43,476,602,1,100,51775,5230,0,9,2,25,25,NORMAL,0,0,34,10,8,50,5,9,29,34,18,0,0,0,0
60941,14,bully,6817,0,0,0,34,42,476,588,1,100,54124,4594,0,8,1,26,26,NORMAL,0,0,34,8,8,52,4,8,30,34,16,0,0,0,0
61362,16,bully,7334,0,0,0,34,42,476,588,1,100,54028,4575,0,8,1,26,26,NORMAL,0,0,34,8,8,52,4,8,30,34,16,0,0,0,0
60638,5,bully,6046,0,0,0,36,45,504,630,1,100,54592,4640,0,9,1,27,27,NORMAL,0,0,36,10,8,54,5,9,31,36,18,0,0,0,0
61533,62,bully,9406,0,0,0,34,43,476,602,1,100,52127,5109,0,9,1,25,25,NORMAL,0,0,34,10,8,50,5,9,29,34,18,0,0,0,0
61184,72,bully,9555,0,0,0,34,43,476,602,1,100,51629,5216,0,9,2,25,25,NORMAL,0,0,34,10,8,50,5,9,29,34,18,0,0,0,0
60775,3,bully,6053,0,0,0,36,45,504,630,1,100,54722,4598,0,9,1,27,27,NORMAL,0,0,36,10,8,54,5,9,31,36,18,0,0,0,0
61356,55,bully,8912,0,0,0,33,41,462,574,1,100,52444,4609,0,8,1,25,25,NORMAL,0,0,33,8,8,50,4,8,29,33,16,0,0,0,0
60871,37,bully,7600,0,0,0,34,42,476,588,1,100,53271,4603,0,8,1,26,26,NORMAL,0,0,34,8,8,52,4,8,30,34,16,0,0,0,0
61535,97,bully,9132,0,0,0,34,43,476,602,1,100,52403,4660,0,9,1,25,25,NORMAL,0,0,34,10,8,50,5,9,29,34,18,0,0,0,0
60911,77,bully,8784,0,0,0,34,43,476,602,1,100,52127,4780,0,9,1,25,25,NORMAL,0,0,34,10,8,50,5,9,29,34,18,0,0,0,0
61686,44,bully,8605,0,0,0,33,41,462,574,1,100,53081,4613,0,8,1,25,25,NORMAL,0,0,33,8,8,50,4,8,29,33,16,0,0,0,0
61635,10,bully,7091,0,0,0,35,44,490,616,1,100,54544,4600,0,9,1,26,26,NORMAL,0,0,35,10,8,52,5,9,30,35,18,0,0,0,0
61157,4,bully,6307,0,0,0,36,45,504,630,1,100,54850,4636,0,9,1,27,27,NORMAL,0,0,36,10,8,54,5,9,31,36,18,0,0,0,0
61387,89,bully,8500,0,0,0,34,44,476,616,1,100,52887,4698,0,11,2,25,25,NORMAL,0,0,34,10,8,50,6,10,29,35,18,0,0,0,0
61144,31,bully,7459,0,0,0,34,42,476,588,1,100,53685,4616,0,8,1,26,26,NORMAL,0,0,34,8,8,52,4,8,30,34,16,0,0,0,0
61196,83,bully,8811,0,0,0,34,43,476,602,1,100,52385,4615,0,9,1,25,25,NORMAL,0,0,34,10,8,50,5,9,29,34,18,0,0,0,0
61690,19,bully,7396,0,0,0,34,42,476,588,1,100,54294,4546,0,8,1,26,26,NORMAL,0,0,34,8,8,52,4,8,30,34,16,0,0,0,0
61265,2,bully,6214,0,0,0,36,45,504,630,1,100,55051,4617,0,9,1,27,27,NORMAL,0,0,36,10,8,54,5,9,31,36,18,0,0,0,0
61129,63,bully,8721,0,0,0,34,43,476,602,1,100,52408,5115,0,9,1,25,25,NORMAL,0,0,34,10,8,50,5,9,29,34,18,0,0,0,0
61523,92,bully,8687,0,0,0,34,43,476,602,1,100,52836,4740,0,10,2,25,25,NORMAL,0,0,34,10,8,50,5,9,29,34,18,0,0,0,0
61808,91,bully,8916,0,0,0,34,43,476,602,1,100,52892,4706,0,10,2,25,25,NORMAL,0,0,34,10,8,50,5,9,29,34,18,0,0,0,0
61164,78,bully,8839,0,0,0,34,43,476,602,1,100,52325,4805,0,9,1,25,25,NORMAL,0,0,34,10,8,50,5,9,29,34,18,0,0,0,0
61330,60,bully,8715,0,0,0,34,43,476,602,1,100,52615,5103,0,9,1,25,25,NORMAL,0,0,34,10,8,50,5,9,29,34,18,0,0,0,0
61214,46,bully,7989,0,0,0,34,42,476,588,1,100,53225,4582,0,8,1,26,26,NORMAL,0,0,34,8,8,52,4,8,30,34,16,0,0,0,0
61944,42,bully,8546,0,0,0,34,42,476,588,1,100,53398,4607,0,8,1,26,26,NORMAL,0,0,34,8,8,52,4,8,30,34,16,0,0,0,0
61741,71,bully,9675,0,0,0,34,43,476,602,1,100,52066,5225,0,9,1,25,25,NORMAL,0,0,34,10,8,50,5,9,29,34,18,0,0,0,0
61047,75,bully,8524,0,0,0,34,43,476,602,1,100,52523,4738,0,9,1,25,25,NORMAL,0,0,34,10,8,50,5,9,29,34,18,0,0,0,0
61417,79,bully,9061,0,0,0,34,43,476,602,1,100,52356,4790,0,9,1,25,25,NORMAL,0,0,34,10,8,50,5,9,29,34,18,0,0,0,0
61605,40,bully,8046,0,0,0,34,42,476,588,1,100,53559,4596,0,8,1,26,26,NORMAL,0,0,34,8,8,52,4,8,30,34,16,0,0,0,0
61974,24,bully,7771,0,0,0,34,42,476,588,1,100,54203,4625,0,8,1,26,26,NORMAL,0,0,34,8,8,52,4,8,30,34,16,0,0,0,0
61483,45,bully,8077,0,0,0,34,42,476,588,1,100,53406,4591,0,8,1,26,26,NORMAL,0,0,34,8,8,52,4,8,30,34,16,0,0,0,0
61211,51,bully,8111,0,0,0,34,42,476,588,1,100,53100,4557,0,8,1,26,26,NORMAL,0,0,34,8,8,52,4,8,30,34,16,0,0,0,0
61498,13,bully,6749,0,0,0,34,42,476,588,1,100,54749,4617,0,8,1,26,26,NORMAL,0,0,34,8,8,52,4,8,30,34,16,0,0,0,0
61864,100,bully,6475,1,1,4612,36,43,504,602,1,100,55389,4612,0,9,1,27,25,LEADER,1,28,36,10,8,54,5,9,29,34,18,0,0,0,0
61823,59,bully,8913,0,0,0,35,44,490,616,1,100,52910,5165,0,9,1,26,26,NORMAL,0,0,35,10,8,52,5,9,30,35,18,0,0,0,0
61701,27,bully,7441,0,0,0,34,42,476,588,1,100,54260,4664,0,8,1,26,26,NORMAL,0,0,34,8,8,52,4,8,30,34,16,0,0,0,0
61672,94,bully,8625,0,0,0,34,43,476,602,1,100,53047,4708,0,9,1,25,25,NORMAL,0,0,34,10,8,50,5,9,29,34,18,0,0,0,0
61332,80,bully,8811,0,0,0,34,43,476,602,1,100,52521,4799,0,9,1,25,25,NORMAL,0,0,34,10,8,50,5,9,29,34,18,0,0,0,0
61553,22,bully,7054,0,0,0,34,42,476,588,1,100,54499,4574,0,8,1,26,26,NORMAL,0,0,34,8,8,52,4,8,30,34,16,0,0,0,0
61897,95,bully,8841,0,0,0,34,43,476,602,1,100,53056,4707,0,9,1,25,25,NORMAL,0,0,34,10,8,50,5,9,29,34,18,0,0,0,0
61347,48,bully,7909,0,0,0,34,42,476,588,1,100,53438,4587,0,8,1,26,26,NORMAL,0,0,34,8,8,52,4,8,30,34,16,0,0,0,0
61941,66,bully,9289,0,0,0,35,45,490,630,1,100,52652,5218,0,10,1,26,26,NORMAL,0,0,35,10,8,52,6,10,30,36,18,0,0,0,0
61565,8,bully,6387,0,0,0,35,44,490,616,1,100,55178,4652,0,9,1,26,26,NORMAL,0,0,35,10,8,52,5,9,30,35,18,0,0,0,0
61807,68,bully,9219,0,0,0,35,44,490,616,1,100,52588,5231,0,9,1,26,26,NORMAL,0,0,35,10,8,52,5,9,30,35,18,0,0,0,0
61980,86,bully,9226,0,0,0,35,45,490,630,1,100,52754,5464,0,10,1,25,25,NORMAL,0,0,35,12,8,50,6,10,29,35,20,0,0,0,0
61771,7,bully,6367,0,0,0,35,44,490,616,1,100,55404,4626,0,9,1,26,26,NORMAL,0,0,35,10,8,52,5,9,30,35,18,0,0,0,0
61936,30,bully,7536,0,0,0,34,42,476,588,1,100,54400,4586,0,8,1,26,26,NORMAL,0,0,34,8,8,52,4,8,30,34,16,0,0,0,0
61756,39,bully,7713,0,0,0,34,42,476,588,1,100,54043,4600,0,8,1,26,26,NORMAL,0,0,34,8,8,52,4,8,30,34,16,0,0,0,0
61908,25,bully,7253,0,0,0,34,42,476,588,1,100,54655,4614,0,8,1,26,26,NORMAL,0,0,34,8,8,52,4,8,30,34,16,0,0,0,0
61779,84,bully,8574,0,0,0,35,44,490,616,1,100,53205,4597,0,9,1,26,26,NORMAL,0,0,35,10,8,52,5,9,30,35,18,0,0,0,0
61959,56,bully,8311,0,0,0,34,42,476,588,1,100,53648,4573,0,8,1,26,26,NORMAL,0,0,34,8,8,52,4,8,30,34,16,0,0,0,0
70024,57,bully,9225,1,0,0,38,46,532,644,1,100,60799,5201,0,9,2,29,29,NORMAL,0,0,38,10,8,58,4,8,33,37,18,0,0,0,0
70081,85,bully,9503,1,0,0,39,48,546,672,1,100,60578,5422,0,10,2,29,29,NORMAL,0,0,39,12,8,58,5,9,33,38,20,0,0,0,0
70184,88,bully,8830,1,1,4646,39,49,546,686,1,100,61354,4646,0,11,3,29,29,NORMAL,0,2,40,12,8,58,6,10,33,39,20,0,0,0,0
70044,1,bully,6528,0,0,0,40,49,560,686,1,100,63516,4612,0,9,1,31,31,NORMAL,0,0,40,10,8,62,5,9,35,40,18,0,0,0,0
70177,41,bully,8335,0,0,0,38,46,532,644,1,100,61842,4579,0,8,2,30,30,NORMAL,0,0,38,8,8,60,4,8,34,38,16,0,0,0,0
70368,47,bully,8787,0,0,0,38,46,532,644,1,100,61581,4591,0,8,2,30,30,NORMAL,0,0,38,8,8,60,4,8,34,38,16,0,0,0,0
70014,65,bully,9204,1,0,0,39,48,546,672,1,100,60810,5190,0,10,2,29,29,NORMAL,0,0,39,12,8,58,5,9,33,38,20,0,0,0,0
70192,9,bully,6787,0,0,0,39,48,546,672,1,100,63405,4632,0,9,1,30,30,NORMAL,0,0,39,10,8,60,5,9,34,39,18,0,0,0,0
70383,15,bully,7246,0,0,0,38,46,532,644,1,100,63137,4599,0,8,1,30,30,NORMAL,0,0,38,8,8,60,4,8,34,38,16,0,0,0,0
70162,73,bully,8892,1,1,4730,39,48,546,672,1,100,61270,4730,0,9,2,30,30,NORMAL,0,2,40,10,8,60,5,9,34,39,18,0,0,0,0
70668,20,bully,7601,0,0,0,38,46,532,644,1,100,63067,4538,0,8,1,30,30,NORMAL,0,0,38,8,8,60,4,8,34,38,16,0,0,0,0
70653,52,bully,8917,0,0,0,38,46,532,644,1,100,61736,4515,0,8,2,30,30,NORMAL,0,0,38,8,8,60,4,8,34,38,16,0,0,0,0
70029,33,bully,7493,0,0,0,38,46,532,644,1,100,62536,4621,0,8,1,30,30,NORMAL,0,0,38,8,8,60,4,8,34,38,16,0,0,0,0
70586,32,bully,7977,0,0,0,38,46,532,644,1,100,62609,4622,0,8,1,30,30,NORMAL,0,0,38,8,8,60,4,8,34,38,16,0,0,0,0
70096,53,bully,8351,0,0,0,38,46,532,644,1,100,61745,4519,0,8,2,30,30,NORMAL,0,0,38,8,8,60,4,8,34,38,16,0,0,0,0
70517,11,bully,6961,0,0,0,39,48,546,672,1,100,63556,4596,0,9,1,30,30,NORMAL,0,0,39,10,8,60,5,9,34,39,18,0,0,0,0
70026,76,bully,8735,0,0,0,39,48,546,672,1,100,61291,4766,0,9,2,30,30,NORMAL,0,0,39,10,8,60,5,9,34,39,18,0,0,0,0
70111,21,bully,6973,0,0,0,38,46,532,644,1,100,63138,4559,0,8,1,30,30,NORMAL,0,0,38,8,8,60,4,8,34,38,16,0,0,0,0
70217,82,bully,8808,1,1,4591,38,47,532,658,1,100,61409,4591,0,9,2,29,29,NORMAL,0,2,39,10,8,58,5,9,33,38,18,0,0,0,0
70299,70,bully,9318,0,0,0,39,48,546,672,1,100,60981,5256,0,9,2,30,30,NORMAL,0,0,39,10,8,60,5,9,34,39,18,0,0,0,0
70435,35,bully,7908,0,0,0,38,46,532,644,1,100,62527,4653,0,8,1,30,30,NORMAL,0,0,38,8,8,60,4,8,34,38,16,0,0,0,0
70329,6,bully,6444,0,0,0,40,49,560,686,1,100,63885,4631,0,9,1,31,31,NORMAL,0,0,40,10,8,62,5,9,35,40,18,0,0,0,0
70094,23,bully,6991,0,0,0,38,46,532,644,1,100,63103,4615,0,8,1,30,30,NORMAL,0,0,38,8,8,60,4,8,34,38,16,0,0,0,0
70420,99,bully,8873,0,0,0,38,47,532,658,1,100,61547,4671,0,9,2,29,29,NORMAL,0,0,38,10,8,58,5,9,33,38,18,0,0,0,0
70856,69,bully,9754,0,0,0,39,48,546,672,1,100,61102,5257,0,9,2,30,30,NORMAL,0,0,39,10,8,60,5,9,34,39,18,0,0,0,0
70723,29,bully,7842,0,0,0,38,46,532,644,1,100,62881,4621,0,8,1,30,30,NORMAL,0,0,38,8,8,60,4,8,34,38,16,0,0,0,0
70314,38,bully,7766,0,0,0,38,46,532,644,1,100,62548,4584,0,8,1,30,30,NORMAL,0,0,38,8,8,60,4,8,34,38,16,0,0,0,0
71008,34,bully,8318,0,0,0,38,46,532,644,1,100,62690,4665,0,8,1,30,30,NORMAL,0,0,38,8,8,60,4,8,34,38,16,0,0,0,0
70693,93,bully,8800,0,0,0,38,47,532,658,1,100,61893,4726,0,10,3,29,29,NORMAL,0,0,38,10,8,58,5,9,33,38,18,0,0,0,0
70557,96,bully,8657,0,0,0,39,48,546,672,1,100,61900,4704,0,9,2,30,30,NORMAL,0,0,39,10,8,60,5,9,34,39,18,0,0,0,0
70247,18,bully,6641,0,0,0,38,46,532,644,1,100,63606,4558,0,8,1,30,30,NORMAL,0,0,38,8,8,60,4,8,34,38,16,0,0,0,0
70859,26,bully,7616,0,0,0,38,46,532,644,1,100,63243,4654,0,8,1,30,30,NORMAL,0,0,38,8,8,60,4,8,34,38,16,0,0,0,0
70757,74,bully,8994,0,0,0,39,48,546,672,1,100,61763,4753,0,9,2,30,30,NORMAL,0,0,39,10,8,60,5,9,34,39,18,0,0,0,0
70380,58,bully,8409,0,0,0,39,48,546,672,1,100,61971,5196,0,9,2,30,30,NORMAL,0,0,39,10,8,60,5,9,34,39,18,0,0,0,0
71280,28,bully,7953,0,0,0,38,46,532,644,1,100,63327,4598,0,8,1,30,30,NORMAL,0,0,38,8,8,60,4,8,34,38,16,0,0,0,0
70365,90,bully,8033,0,0,0,39,48,546,672,1,100,62332,4714,0,10,2,30,30,NORMAL,0,0,39,10,8,60,5,9,34,39,18,0,0,0,0
70532,81,bully,8963,0,0,0,39,48,546,672,1,100,61569,4806,0,9,2,30,30,NORMAL,0,0,39,10,8,60,5,9,34,39,18,0,0,0,0
70993,54,bully,8751,0,0,0,38,46,532,644,1,100,62242,4558,0,8,1,30,30,NORMAL,0,0,38,8,8,60,4,8,34,38,16,0,0,0,0
70502,87,bully,8831,0,0,0,40,50,560,700,1,100,61671,5465,0,10,2,30,30,NORMAL,0,0,40,12,8,60,6,10,34,40,20,0,0,0,0
70572,64,bully,8772,0,0,0,39,48,546,672,1,100,61800,5140,0,9,2,30,30,NORMAL,0,0,39,10,8,60,5,9,34,39,18,0,0,0,0
70744,49,bully,8255,0,0,0,38,46,532,644,1,100,62489,4570,0,8,1,30,30,NORMAL,0,0,38,8,8,60,4,8,34,38,16,0,0,0,0
70804,17,bully,6922,0,0,0,39,47,546,658,1,100,63882,4557,0,8,1,31,31,NORMAL,0,0,39,8,8,62,4,8,35,39,16,0,0,0,0
70790,50,bully,8314,0,0,0,38,46,532,644,1,100,62476,4579,0,8,1,30,30,NORMAL,0,0,38,8,8,60,4,8,34,38,16,0,0,0,0
70978,98,bully,8889,0,0,0,39,48,546,672,1,100,62089,4681,0,9,1,30,30,NORMAL,0,0,39,10,8,60,5,9,34,39,18,0,0,0,0
71402,43,bully,8567,0,0,0,38,46,532,644,1,100,62835,4605,0,8,1,30,30,NORMAL,0,0,38,8,8,60,4,8,34,38,16,0,0,0,0
70520,12,bully,6370,0,0,0,39,48,546,672,1,100,64150,4631,0,9,1,31,31,NORMAL,0,0,39,8,8,62,5,9,35,40,16,0,0,0,0
70708,61,bully,8632,0,0,0,39,48,546,672,1,100,62076,5091,0,9,1,30,30,NORMAL,0,0,39,10,8,60,5,9,34,39,18,0,0,0,0
71114,36,bully,8012,0,0,0,38,46,532,644,1,100,63102,4652,0,8,1,30,30,NORMAL,0,0,38,8,8,60,4,8,34,38,16,0,0,0,0
71043,67,bully,9268,0,0,0,39,48,546,672,1,100,61775,5230,0,9,2,30,30,NORMAL,0,0,39,10,8,60,5,9,34,39,18,0,0,0,0
70941,14,bully,6817,0,0,0,39,47,546,658,1,100,64124,4594,0,8,1,31,31,NORMAL,0,0,39,8,8,62,4,8,35,39,16,0,0,0,0
71362,16,bully,7334,0,0,0,39,47,546,658,1,100,64028,4575,0,8,1,31,31,NORMAL,0,0,39,8,8,62,4,8,35,39,16,0,0,0,0
70638,5,bully,6046,0,0,0,41,50,574,700,1,100,64592,4640,0,9,1,32,32,NORMAL,0,0,41,10,8,64,5,9,36,41,18,0,0,0,0
71533,62,bully,9406,0,0,0,39,48,546,672,1,100,62127,5109,0,9,1,30,30,NORMAL,0,0,39,10,8,60,5,9,34,39,18,0,0,0,0
71184,72,bully,9555,0,0,0,39,48,546,672,1,100,61629,5216,0,9,2,30,30,NORMAL,0,0,39,10,8,60,5,9,34,39,18,0,0,0,0
70775,3,bully,6053,0,0,0,41,50,574,700,1,100,64722,4598,0,9,1,32,32,NORMAL,0,0,41,10,8,64,5,9,36,41,18,0,0,0,0
71356,55,bully,8912,0,0,0,38,46,532,644,1,100,62444,4609,0,8,1,30,30,NORMAL,0,0,38,8,8,60,4,8,34,38,16,0,0,0,0
70871,37,bully,7600,0,0,0,39,47,546,658,1,100,63271,4603,0,8,1,31,31,NORMAL,0,0,39,8,8,62,4,8,35,39,16,0,0,0,0
71535,97,bully,9132,0,0,0,39,48,546,672,1,100,62403,4660,0,9,1,30,30,NORMAL,0,0,39,10,8,60,5,9,34,39,18,0,0,0,0
70911,77,bully,8784,0,0,0,39,48,546,672,1,100,62127,4780,0,9,1,30,30,NORMAL,0,0,39,10,8,60,5,9,34,39,18,0,0,0,0
71686,44,bully,8605,0,0,0,38,46,532,644,1,100,63081,4613,0,8,1,30,30,NORMAL,0,0,38,8,8,60,4,8,34,38,16,0,0,0,0
71635,10,bully,7091,0,0,0,40,49,560,686,1,100,64544,4600,0,9,1,31,31,NORMAL,0,0,40,10,8,62,5,9,35,40,18,0,0,0,0
71157,4,bully,6307,0,0,0,41,50,574,700,1,100,64850,4636,0,9,1,32,32,NORMAL,0,0,41,10,8,64,5,9,36,41,18,0,0,0,0
71387,89,bully,8500,0,0,0,39,49,546,686,1,100,62887,4698,0,11,2,30,30,NORMAL,0,0,39,10,8,60,6,10,34,40,18,0,0,0,0
71144,31,bully,7459,0,0,0,39,47,546,658,1,100,63685,4616,0,8,1,31,31,NORMAL,0,0,39,8,8,62,4,8,35,39,16,0,0,0,0
71196,83,bully,8811,0,0,0,39,48,546,672,1,100,62385,4615,0,9,1,30,30,NORMAL,0,0,39,10,8,60,5,9,34,39,18,0,0,0,0
71690,19,bully,7396,0,0,0,39,47,546,658,1,100,64294,4546,0,8,1,31,31,NORMAL,0,0,39,8,8,62,4,8,35,39,16,0,0,0,0
71265,2,bully,6214,0,0,0,41,50,574,700,1,100,65051,4617,0,9,1,32,32,NORMAL,0,0,41,10,8,64,5,9,36,41,18,0,0,0,0
71129,63,bully,8721,0,0,0,39,48,546,672,1,100,62408,5115,0,9,1,30,30,NORMAL,0,0,39,10,8,60,5,9,34,39,18,0,0,0,0
71523,92,bully,8687,0,0,0,39,48,546,672,1,100,62836,4740,0,10,2,30,30,NORMAL,0,0,39,10,8,60,5,9,34,39,18,0,0,0,0
71808,91,bully,8916,0,0,0,39,48,546,672,1,100,62892,4706,0,10,2,30,30,NORMAL,0,0,39,10,8,60,5,9,34,39,18,0,0,0,0
71164,78,bully,8839,0,0,0,39,48,546,672,1,100,62325,4805,0,9,1,30,30,NORMAL,0,0,39,10,8,60,5,9,34,39,18,0,0,0,0
71330,60,bully,8715,0,0,0,39,48,546,672,1,100,62615,5103,0,9,1,30,30,NORMAL,0,0,39,10,8,60,5,9,34,39,18,0,0,0,0
71214,46,bully,7989,0,0,0,39,47,546,658,1,100,63225,4582,0,8,1,31,31,NORMAL,0,0,39,8,8,62,4,8,35,39,16,0,0,0,0
71944,42,bully,8546,0,0,0,39,47,546,658,1,100,63398,4607,0,8,1,31,31,NORMAL,0,0,39,8,8,62,4,8,35,39,16,0,0,0,0
71741,71,bully,9675,0,0,0,39,48,546,672,1,100,62066,5225,0,9,1,30,30,NORMAL,0,0,39,10,8,60,5,9,34,39,18,0,0,0,0
71047,75,bully,8524,0,0,0,39,48,546,672,1,100,62523,4738,0,9,1,30,30,NORMAL,0,0,39,10,8,60,5,9,34,39,18,0,0,0,0
71417,79,bully,9061,0,0,0,39,48,546,672,1,100,62356,4790,0,9,1,30,30,NORMAL,0,0,39,10,8,60,5,9,34,39,18,0,0,0,0
71605,40,bully,8046,0,0,0,39,47,546,658,1,100,63559,4596,0,8,1,31,31,NORMAL,0,0,39,8,8,62,4,8,35,39,16,0,0,0,0
71974,24,bully,7771,0,0,0,39,47,546,658,1,100,64203,4625,0,8,1,31,31,NORMAL,0,0,39,8,8,62,4,8,35,39,16,0,0,0,0
71483,45,bully,8077,0,0,0,39,47,546,658,1,100,63406,4591,0,8,1,31,31,NORMAL,0,0,39,8,8,62,4,8,35,39,16,0,0,0,0
71211,51,bully,8111,0,0,0,39,47,546,658,1,100,63100,4557,0,8,1,31,31,NORMAL,0,0,39,8,8,62,4,8,35,39,16,0,0,0,0
71498,13,bully,6749,0,0,0,39,47,546,658,1,100,64749,4617,0,8,1,31,31,NORMAL,0,0,39,8,8,62,4,8,35,39,16,0,0,0,0
71864,100,bully,6475,1,1,4612,41,48,574,672,1,100,65389,4612,0,9,1,32,30,LEADER,1,33,41,10,8,64,5,9,34,39,18,0,0,0,0
71823,59,bully,8913,0,0,0,40,49,560,686,1,100,62910,5165,0,9,1,31,31,NORMAL,0,0,40,10,8,62,5,9,35,40,18,0,0,0,0
71701,27,bully,7441,0,0,0,39,47,546,658,1,100,64260,4664,0,8,1,31,31,NORMAL,0,0,39,8,8,62,4,8,35,39,16,0,0,0,0
71672,94,bully,8625,0,0,0,39,48,546,672,1,100,63047,4708,0,9,1,30,30,NORMAL,0,0,39,10,8,60,5,9,34,39,18,0,0,0,0
71332,80,bully,8811,0,0,0,39,48,546,672,1,100,62521,4799,0,9,1,30,30,NORMAL,0,0,39,10,8,60,5,9,34,39,18,0,0,0,0
71553,22,bully,7054,0,0,0,39,47,546,658,1,100,64499,4574,0,8,1,31,31,NORMAL,0,0,39,8,8,62,4,8,35,39,16,0,0,0,0
71897,95,bully,8841,0,0,0,39,48,546,672,1,100,63056,4707,0,9,1,30,30,NORMAL,0,0,39,10,8,60,5,9,34,39,18,0,0,0,0
71347,48,bully,7909,0,0,0,39,47,546,658,1,100,63438,4587,0,8,1,31,31,NORMAL,0,0,39,8,8,62,4,8,35,39,16,0,0,0,0
71941,66,bully,9289,0,0,0,40,50,560,700,1,100,62652,5218,0,10,1,31,31,NORMAL,0,0,40,10,8,62,6,10,35,41,18,0,0,0,0
71565,8,bully,6387,0,0,0,40,49,560,686,1,100,65178,4652,0,9,1,31,31,NORMAL,0,0,40,10,8,62,5,9,35,40,18,0,0,0,0
71807,68,bully,9219,0,0,0,40,49,560,686,1,100,62588,5231,0,9,1,31,31,NORMAL,0,0,40,10,8,62,5,9,35,40,18,0,0,0,0
71980,86,bully,9226,0,0,0,40,50,560,700,1,100,62754,5464,0,10,1,30,30,NORMAL,0,0,40,12,8,60,6,10,34,40,20,0,0,0,0
71771,7,bully,6367,0,0,0,40,49,560,686,1,100,65404,4626,0,9,1,31,31,NORMAL,0,0,40,10,8,62,5,9,35,40,18,0,0,0,0
71936,30,bully,7536,0,0,0,39,47,546,658,1,100,64400,4586,0,8,1,31,31,NORMAL,0,0,39,8,8,62,4,8,35,39,16,0,0,0,0
71756,39,bully,7713,0,0,0,39,47,546,658,1,100,64043,4600,0,8,1,31,31,NORMAL,0,0,39,8,8,62,4,8,35,39,16,0,0,0,0
71908,25,bully,7253,0,0,0,39,47,546,658,1,100,64655,4614,0,8,1,31,31,NORMAL,0,0,39,8,8,62,4,8,35,39,16,0,0,0,0
71776,84,bully,8574,0,0,0,40,49,560,686,1,100,63202,4597,0,9,1,31,31,NORMAL,0,0,40,10,8,62,5,9,35,40,18,0,0,0,0
71959,56,bully,8311,0,0,0,39,47,546,658,1,100,63648,4573,0,8,1,31,31,NORMAL,0,0,39,8,8,62,4,8,35,39,16,0,0,0,0
80024,57,bully,9225,1,0,0,43,51,602,714,1,100,70799,5201,0,9,2,34,34,NORMAL,0,0,43,10,8,68,4,8,38,42,18,0,0,0,0
80081,85,bully,9503,1,0,0,44,53,616,742,1,100,70578,5422,0,10,2,34,34,NORMAL,0,0,44,12,8,68,5,9,38,43,20,0,0,0,0
80184,88,bully,8830,1,1,4646,44,54,616,756,1,100,71354,4646,0,11,3,34,34,NORMAL,0,2,45,12,8,68,6,10,38,44,20,0,0,0,0
80044,1,bully,6528,0,0,0,45,54,630,756,1,100,73516,4612,0,9,1,36,36,NORMAL,0,0,45,10,8,72,5,9,40,45,18,0,0,0,0
80177,41,bully,8335,0,0,0,43,51,602,714,1,100,71842,4579,0,8,2,35,35,NORMAL,0,0,43,8,8,70,4,8,39,43,16,0,0,0,0
80368,47,bully,8787,0,0,0,43,51,602,714,1,100,71581,4591,0,8,2,35,35,NORMAL,0,0,43,8,8,70,4,8,39,43,16,0,0,0,0
80014,65,bully,9204,1,0,0,45,54,630,756,1,100,70810,5190,0,10,2,35,35,NORMAL,0,0,45,12,8,70,5,9,39,44,20,0,0,0,0
80192,9,bully,6787,0,0,0,44,53,616,742,1,100,73405,4632,0,9,1,35,35,NORMAL,0,0,44,10,8,70,5,9,39,44,18,0,0,0,0
80383,15,bully,7246,0,0,0,43,51,602,714,1,100,73137,4599,0,8,1,35,35,NORMAL,0,0,43,8,8,70,4,8,39,43,16,0,0,0,0
80162,73,bully,8892,1,1,4730,44,53,616,742,1,100,71270,4730,0,9,2,35,35,NORMAL,0,2,45,10,8,70,5,9,39,44,18,0,0,0,0
80668,20,bully,7601,0,0,0,43,51,602,714,1,100,73067,4538,0,8,1,35,35,NORMAL,0,0,43,8,8,70,4,8,39,43,16,0,0,0,0
80653,52,bully,8917,0,0,0,43,51,602,714,1,100,71736,4515,0,8,2,35,35,NORMAL,0,0,43,8,8,70,4,8,39,43,16,0,0,0,0
80029,33,bully,7493,0,0,0,43,51,602,714,1,100,72536,4621,0,8,1,35,35,NORMAL,0,0,43,8,8,70,4,8,39,43,16,0,0,0,0
80586,32,bully,7977,0,0,0,43,51,602,714,1,100,72609,4622,0,8,1,35,35,NORMAL,0,0,43,8,8,70,4,8,39,43,16,0,0,0,0
80096,53,bully,8351,0,0,0,43,51,602,714,1,100,71745,4519,0,8,2,35,35,NORMAL,0,0,43,8,8,70,4,8,39,43,16,0,0,0,0
80517,11,bully,6961,0,0,0,44,53,616,742,1,100,73556,4596,0,9,1,35,35,NORMAL,0,0,44,10,8,70,5,9,39,44,18,0,0,0,0
80026,76,bully,8735,0,0,0,44,53,616,742,1,100,71291,4766,0,9,2,35,35,NORMAL,0,0,44,10,8,70,5,9,39,44,18,0,0,0,0
80111,21,bully,6973,0,0,0,43,51,602,714,1,100,73138,4559,0,8,1,35,35,NORMAL,0,0,43,8,8,70,4,8,39,43,16,0,0,0,0
80217,82,bully,8808,1,1,4591,44,53,616,742,1,100,71409,4591,0,9,2,35,35,NORMAL,0,2,45,10,8,70,5,9,39,44,18,0,0,0,0
80299,70,bully,9318,0,0,0,44,53,616,742,1,100,70981,5256,0,9,2,35,35,NORMAL,0,0,44,10,8,70,5,9,39,44,18,0,0,0,0
80435,35,bully,7908,0,0,0,43,51,602,714,1,100,72527,4653,0,8,1,35,35,NORMAL,0,0,43,8,8,70,4,8,39,43,16,0,0,0,0
80329,6,bully,6444,0,0,0,44,53,616,742,1,100,73885,4631,0,9,1,35,35,NORMAL,0,0,44,10,8,70,5,9,39,44,18,0,0,0,0
80094,23,bully,6991,0,0,0,43,51,602,714,1,100,73103,4615,0,8,1,35,35,NORMAL,0,0,43,8,8,70,4,8,39,43,16,0,0,0,0
80420,99,bully,8873,0,0,0,43,52,602,728,1,100,71547,4671,0,9,2,34,34,NORMAL,0,0,43,10,8,68,5,9,38,43,18,0,0,0,0
80856,69,bully,9754,0,0,0,44,53,616,742,1,100,71102,5257,0,9,2,35,35,NORMAL,0,0,44,10,8,70,5,9,39,44,18,0,0,0,0
80723,29,bully,7842,0,0,0,43,51,602,714,1,100,72881,4621,0,8,1,35,35,NORMAL,0,0,43,8,8,70,4,8,39,43,16,0,0,0,0
80314,38,bully,7766,0,0,0,43,51,602,714,1,100,72548,4584,0,8,1,35,35,NORMAL,0,0,43,8,8,70,4,8,39,43,16,0,0,0,0
81008,34,bully,8318,0,0,0,43,51,602,714,1,100,72690,4665,0,8,1,35,35,NORMAL,0,0,43,8,8,70,4,8,39,43,16,0,0,0,0
80693,93,bully,8800,0,0,0,44,53,616,742,1,100,71893,4726,0,10,3,35,35,NORMAL,0,0,44,10,8,70,5,9,39,44,18,0,0,0,0
80557,96,bully,8657,0,0,0,44,53,616,742,1,100,71900,4704,0,9,2,35,35,NORMAL,0,0,44,10,8,70,5,9,39,44,18,0,0,0,0
80247,18,bully,6641,0,0,0,43,51,602,714,1,100,73606,4558,0,8,1,35,35,NORMAL,0,0,43,8,8,70,4,8,39,43,16,0,0,0,0
80859,26,bully,7616,0,0,0,43,51,602,714,1,100,73243,4654,0,8,1,35,35,NORMAL,0,0,43,8,8,70,4,8,39,43,16,0,0,0,0
80757,74,bully,8994,0,0,0,44,53,616,742,1,100,71763,4753,0,9,2,35,35,NORMAL,0,0,44,10,8,70,5,9,39,44,18,0,0,0,0
80380,58,bully,8409,0,0,0,44,53,616,742,1,100,71971,5196,0,9,2,35,35,NORMAL,0,0,44,10,8,70,5,9,39,44,18,0,0,0,0
81280,28,bully,7953,0,0,0,43,51,602,714,1,100,73327,4598,0,8,1,35,35,NORMAL,0,0,43,8,8,70,4,8,39,43,16,0,0,0,0
80365,90,bully,8033,0,0,0,44,53,616,742,1,100,72332,4714,0,10,2,35,35,NORMAL,0,0,44,10,8,70,5,9,39,44,18,0,0,0,0
80532,81,bully,8963,0,0,0,44,53,616,742,1,100,71569,4806,0,9,2,35,35,NORMAL,0,0,44,10,8,70,5,9,39,44,18,0,0,0,0
80993,54,bully,8751,0,0,0,43,51,602,714,1,100,72242,4558,0,8,1,35,35,NORMAL,0,0,43,8,8,70,4,8,39,43,16,0,0,0,0
80502,87,bully,8831,0,0,0,45,55,630,770,1,100,71671,5465,0,10,2,35,35,NORMAL,0,0,45,12,8,70,6,10,39,45,20,0,0,0,0
80572,64,bully,8772,0,0,0,44,53,616,742,1,100,71800,5140,0,9,2,35,35,NORMAL,0,0,44,10,8,70,5,9,39,44,18,0,0,0,0
80744,49,bully,8255,0,0,0,43,51,602,714,1,100,72489,4570,0,8,1,35,35,NORMAL,0,0,43,8,8,70,4,8,39,43,16,0,0,0,0
80804,17,bully,6922,0,0,0,44,52,616,728,1,100,73882,4557,0,8,1,36,36,NORMAL,0,0,44,8,8,72,4,8,40,44,16,0,0,0,0
80790,50,bully,8314,0,0,0,43,51,602,714,1,100,72476,4579,0,8,1,35,35,NORMAL,0,0,43,8,8,70,4,8,39,43,16,0,0,0,0
80978,98,bully,8889,0,0,0,44,53,616,742,1,100,72089,4681,0,9,1,35,35,NORMAL,0,0,44,10,8,70,5,9,39,44,18,0,0,0,0
81402,43,bully,8567,0,0,0,43,51,602,714,1,100,72835,4605,0,8,1,35,35,NORMAL,0,0,43,8,8,70,4,8,39,43,16,0,0,0,0
80520,12,bully,6370,0,0,0,44,53,616,742,1,100,74150,4631,0,9,1,36,36,NORMAL,0,0,44,8,8,72,5,9,40,45,16,0,0,0,0
80708,61,bully,8632,0,0,0,44,53,616,742,1,100,72076,5091,0,9,1,35,35,NORMAL,0,0,44,10,8,70,5,9,39,44,18,0,0,0,0
81114,36,bully,8012,0,0,0,43,51,602,714,1,100,73102,4652,0,8,1,35,35,NORMAL,0,0,43,8,8,70,4,8,39,43,16,0,0,0,0
81043,67,bully,9268,0,0,0,44,53,616,742,1,100,71775,5230,0,9,2,35,35,NORMAL,0,0,44,10,8,70,5,9,39,44,18,0,0,0,0
80941,14,bully,6817,0,0,0,44,52,616,728,1,100,74124,4594,0,8,1,36,36,NORMAL,0,0,44,8,8,72,4,8,40,44,16,0,0,0,0
81362,16,bully,7334,0,0,0,44,52,616,728,1,100,74028,4575,0,8,1,36,36,NORMAL,0,0,44,8,8,72,4,8,40,44,16,0,0,0,0
80638,5,bully,6046,0,0,0,46,55,644,770,1,100,74592,4640,0,9,1,37,37,NORMAL,0,0,46,10,8,74,5,9,41,46,18,0,0,0,0
81533,62,bully,9406,0,0,0,44,53,616,742,1,100,72127,5109,0,9,1,35,35,NORMAL,0,0,44,10,8,70,5,9,39,44,18,0,0,0,0
81184,72,bully,9555,0,0,0,44,53,616,742,1,100,71629,5216,0,9,2,35,35,NORMAL,0,0,44,10,8,70,5,9,39,44,18,0,0,0,0
80775,3,bully,6053,0,0,0,46,55,644,770,1,100,74722,4598,0,9,1,37,37,NORMAL,0,0,46,10,8,74,5,9,41,46,18,0,0,0,0
81356,55,bully,8912,0,0,0,43,51,602,714,1,100,72444,4609,0,8,1,35,35,NORMAL,0,0,43,8,8,70,4,8,39,43,16,0,0,0,0
80871,37,bully,7600,0,0,0,44,52,616,728,1,100,73271,4603,0,8,1,36,36,NORMAL,0,0,44,8,8,72,4,8,40,44,16,0,0,0,0
81535,97,bully,9132,0,0,0,44,53,616,742,1,100,72403,4660,0,9,1,35,35,NORMAL,0,0,44,10,8,70,5,9,39,44,18,0,0,0,0
80911,77,bully,8784,0,0,0,44,53,616,742,1,100,72127,4780,0,9,1,35,35,NORMAL,0,0,44,10,8,70,5,9,39,44,18,0,0,0,0
81686,44,bully,8605,0,0,0,43,51,602,714,1,100,73081,4613,0,8,1,35,35,NORMAL,0,0,43,8,8,70,4,8,39,43,16,0,0,0,0
81635,10,bully,7091,0,0,0,45,54,630,756,1,100,74544,4600,0,9,1,36,36,NORMAL,0,0,45,10,8,72,5,9,40,45,18,0,0,0,0
81157,4,bully,6307,0,0,0,46,55,644,770,1,100,74850,4636,0,9,1,37,37,NORMAL,0,0,46,10,8,74,5,9,41,46,18,0,0,0,0
81387,89,bully,8500,0,0,0,44,54,616,756,1,100,72887,4698,0,11,2,35,35,NORMAL,0,0,44,10,8,70,6,10,39,45,18,0,0,0,0
81144,31,bully,7459,0,0,0,44,52,616,728,1,100,73685,4616,0,8,1,36,36,NORMAL,0,0,44,8,8,72,4,8,40,44,16,0,0,0,0
81196,83,bully,8811,0,0,0,44,53,616,742,1,100,72385,4615,0,9,1,35,35,NORMAL,0,0,44,10,8,70,5,9,39,44,18,0,0,0,0
81690,19,bully,7396,0,0,0,44,52,616,728,1,100,74294,4546,0,8,1,36,36,NORMAL,0,0,44,8,8,72,4,8,40,44,16,0,0,0,0
81265,2,bully,6214,0,0,0,46,55,644,770,1,100,75051,4617,0,9,1,37,37,NORMAL,0,0,46,10,8,74,5,9,41,46,18,0,0,0,0
81129,63,bully,8721,0,0,0,44,53,616,742,1,100,72408,5115,0,9,1,35,35,NORMAL,0,0,44,10,8,70,5,9,39,44,18,0,0,0,0
81523,92,bully,8687,0,0,0,44,53,616,742,1,100,72836,4740,0,10,2,35,35,NORMAL,0,0,44,10,8,70,5,9,39,44,18,0,0,0,0
81808,91,bully,8916,0,0,0,44,53,616,742,1,100,72892,4706,0,10,2,35,35,NORMAL,0,0,44,10,8,70,5,9,39,44,18,0,0,0,0
81164,78,bully,8839,0,0,0,44,53,616,742,1,100,72325,4805,0,9,1,35,35,NORMAL,0,0,44,10,8,70,5,9,39,44,18,0,0,0,0
81330,60,bully,8715,0,0,0,44,53,616,742,1,100,72615,5103,0,9,1,35,35,NORMAL,0,0,44,10,8,70,5,9,39,44,18,0,0,0,0
81214,46,bully,7989,0,0,0,44,52,616,728,1,100,73225,4582,0,8,1,36,36,NORMAL,0,0,44,8,8,72,4,8,40,44,16,0,0,0,0
81944,42,bully,8546,0,0,0,44,52,616,728,1,100,73398,4607,0,8,1,36,36,NORMAL,0,0,44,8,8,72,4,8,40,44,16,0,0,0,0
81741,71,bully,9675,0,0,0,44,53,616,742,1,100,72066,5225,0,9,1,35,35,NORMAL,0,0,44,10,8,70,5,9,39,44,18,0,0,0,0
81047,75,bully,8524,0,0,0,44,53,616,742,1,100,72523,4738,0,9,1,35,35,NORMAL,0,0,44,10,8,70,5,9,39,44,18,0,0,0,0
81417,79,bully,9061,0,0,0,44,53,616,742,1,100,72356,4790,0,9,1,35,35,NORMAL,0,0,44,10,8,70,5,9,39,44,18,0,0,0,0
81605,40,bully,8046,0,0,0,44,52,616,728,1,100,73559,4596,0,8,1,36,36,NORMAL,0,0,44,8,8,72,4,8,40,44,16,0,0,0,0
81974,24,bully,7771,0,0,0,44,52,616,728,1,100,74203,4625,0,8,1,36,36,NORMAL,0,0,44,8,8,72,4,8,40,44,16,0,0,0,0
81483,45,bully,8077,0,0,0,44,52,616,728,1,100,73406,4591,0,8,1,36,36,NORMAL,0,0,44,8,8,72,4,8,40,44,16,0,0,0,0
81211,51,bully,8111,0,0,0,44,52,616,728,1,100,73100,4557,0,8,1,36,36,NORMAL,0,0,44,8,8,72,4,8,40,44,16,0,0,0,0
81498,13,bully,6749,0,0,0,44,52,616,728,1,100,74749,4617,0,8,1,36,36,NORMAL,0,0,44,8,8,72,4,8,40,44,16,0,0,0,0
81864,100,bully,6475,1,1,4612,46,53,644,742,1,100,75389,4612,0,9,1,37,35,LEADER,1,38,46,10,8,74,5,9,39,44,18,0,0,0,0
81823,59,bully,8913,0,0,0,45,54,630,756,1,100,72910,5165,0,9,1,36,36,NORMAL,0,0,45,10,8,72,5,9,40,45,18,0,0,0,0
81701,27,bully,7441,0,0,0,44,52,616,728,1,100,74260,4664,0,8,1,36,36,NORMAL,0,0,44,8,8,72,4,8,40,44,16,0,0,0,0
81672,94,bully,8625,0,0,0,44,53,616,742,1,100,73047,4708,0,9,1,35,35,NORMAL,0,0,44,10,8,70,5,9,39,44,18,0,0,0,0
81332,80,bully,8811,0,0,0,44,53,616,742,1,100,72521,4799,0,9,1,35,35,NORMAL,0,0,44,10,8,70,5,9,39,44,18,0,0,0,0
81553,22,bully,7054,0,0,0,44,52,616,728,1,100,74499,4574,0,8,1,36,36,NORMAL,0,0,44,8,8,72,4,8,40,44,16,0,0,0,0
81897,95,bully,8841,0,0,0,44,53,616,742,1,100,73056,4707,0,9,1,35,35,NORMAL,0,0,44,10,8,70,5,9,39,44,18,0,0,0,0
81347,48,bully,7909,0,0,0,44,52,616,728,1,100,73438,4587,0,8,1,36,36,NORMAL,0,0,44,8,8,72,4,8,40,44,16,0,0,0,0
81941,66,bully,9289,0,0,0,45,55,630,770,1,100,72652,5218,0,10,1,36,36,NORMAL,0,0,45,10,8,72,6,10,40,46,18,0,0,0,0
81565,8,bully,6387,0,0,0,45,54,630,756,1,100,75178,4652,0,9,1,36,36,NORMAL,0,0,45,10,8,72,5,9,40,45,18,0,0,0,0
81807,68,bully,9219,0,0,0,45,54,630,756,1,100,72588,5231,0,9,1,36,36,NORMAL,0,0,45,10,8,72,5,9,40,45,18,0,0,0,0
81980,86,bully,9226,0,0,0,45,55,630,770,1,100,72754,5464,0,10,1,35,35,NORMAL,0,0,45,12,8,70,6,10,39,45,20,0,0,0,0
81771,7,bully,6367,0,0,0,45,54,630,756,1,100,75404,4626,0,9,1,36,36,NORMAL,0,0,45,10,8,72,5,9,40,45,18,0,0,0,0
81936,30,bully,7536,0,0,0,44,52,616,728,1,100,74400,4586,0,8,1,36,36,NORMAL,0,0,44,8,8,72,4,8,40,44,16,0,0,0,0
81756,39,bully,7713,0,0,0,44,52,616,728,1,100,74043,4600,0,8,1,36,36,NORMAL,0,0,44,8,8,72,4,8,40,44,16,0,0,0,0
81908,25,bully,7253,0,0,0,44,52,616,728,1,100,74655,4614,0,8,1,36,36,NORMAL,0,0,44,8,8,72,4,8,40,44,16,0,0,0,0
81776,84,bully,8574,0,0,0,45,54,630,756,1,100,73202,4597,0,9,1,36,36,NORMAL,0,0,45,10,8,72,5,9,40,45,18,0,0,0,0
81959,56,bully,8311,0,0,0,44,52,616,728,1,100,73648,4573,0,8,1,36,36,NORMAL,0,0,44,8,8,72,4,8,40,44,16,0,0,0,0
90024,57,bully,9225,1,0,0,49,57,686,798,1,100,80799,5201,0,9,2,40,40,NORMAL,0,0,49,10,8,80,4,8,44,48,18,0,0,0,0
90081,85,bully,9503,1,0,0,49,58,686,812,1,100,80578,5422,0,10,2,39,39,NORMAL,0,0,49,12,8,78,5,9,43,48,20,0,0,0,0
90184,88,bully,8830,1,1,4646,49,59,686,826,1,100,81354,4646,0,11,3,39,39,NORMAL,0,2,50,12,8,78,6,10,43,49,20,0,0,0,0
90044,1,bully,6528,0,0,0,50,59,700,826,1,100,83516,4612,0,9,1,41,41,NORMAL,0,0,50,10,8,82,5,9,45,50,18,0,0,0,0
90177,41,bully,8335,0,0,0,48,56,672,784,1,100,81842,4579,0,8,2,40,40,NORMAL,0,0,48,8,8,80,4,8,44,48,16,0,0,0,0
90368,47,bully,8787,0,0,0,48,56,672,784,1,100,81581,4591,0,8,2,40,40,NORMAL,0,0,48,8,8,80,4,8,44,48,16,0,0,0,0
90014,65,bully,9204,1,0,0,50,59,700,826,1,100,80810,5190,0,10,2,40,40,NORMAL,0,0,50,12,8,80,5,9,44,49,20,0,0,0,0
90192,9,bully,6787,0,0,0,49,58,686,812,1,100,83405,4632,0,9,1,40,40,NORMAL,0,0,49,10,8,80,5,9,44,49,18,0,0,0,0
90383,15,bully,7246,0,0,0,48,56,672,784,1,100,83137,4599,0,8,1,40,40,NORMAL,0,0,48,8,8,80,4,8,44,48,16,0,0,0,0
90162,73,bully,8892,1,1,4730,49,58,686,812,1,100,81270,4730,0,9,2,40,40,NORMAL,0,2,50,10,8,80,5,9,44,49,18,0,0,0,0
90668,20,bully,7601,0,0,0,48,56,672,784,1,100,83067,4538,0,8,1,40,40,NORMAL,0,0,48,8,8,80,4,8,44,48,16,0,0,0,0
90653,52,bully,8917,0,0,0,48,56,672,784,1,100,81736,4515,0,8,2,40,40,NORMAL,0,0,48,8,8,80,4,8,44,48,16,0,0,0,0
90029,33,bully,7493,0,0,0,48,56,672,784,1,100,82536,4621,0,8,1,40,40,NORMAL,0,0,48,8,8,80,4,8,44,48,16,0,0,0,0
90586,32,bully,7977,0,0,0,48,56,672,784,1,100,82609,4622,0,8,1,40,40,NORMAL,0,0,48,8,8,80,4,8,44,48,16,0,0,0,0
90096,53,bully,8351,0,0,0,48,56,672,784,1,100,81745,4519,0,8,2,40,40,NORMAL,0,0,48,8,8,80,4,8,44,48,16,0,0,0,0
90517,11,bully,6961,0,0,0,49,58,686,812,1,100,83556,4596,0,9,1,40,40,NORMAL,0,0,49,10,8,80,5,9,44,49,18,0,0,0,0
90026,76,bully,8735,0,0,0,49,58,686,812,1,100,81291,4766,0,9,2,40,40,NORMAL,0,0,49,10,8,80,5,9,44,49,18,0,0,0,0
90111,21,bully,6973,0,0,0,48,56,672,784,1,100,83138,4559,0,8,1,40,40,NORMAL,0,0,48,8,8,80,4,8,44,48,16,0,0,0,0
90217,82,bully,8808,1,1,4591,49,58,686,812,1,100,81409,4591,0,9,2,40,40,NORMAL,0,2,50,10,8,80,5,9,44,49,18,0,0,0,0
90299,70,bully,9318,0,0,0,49,58,686,812,1,100,80981,5256,0,9,2,40,40,NORMAL,0,0,49,10,8,80,5,9,44,49,18,0,0,0,0
90435,35,bully,7908,0,0,0,48,56,672,784,1,100,82527,4653,0,8,1,40,40,NORMAL,0,0,48,8,8,80,4,8,44,48,16,0,0,0,0
90329,6,bully,6444,0,0,0,49,58,686,812,1,100,83885,4631,0,9,1,40,40,NORMAL,0,0,49,10,8,80,5,9,44,49,18,0,0,0,0
90094,23,bully,6991,0,0,0,48,56,672,784,1,100,83103,4615,0,8,1,40,40,NORMAL,0,0,48,8,8,80,4,8,44,48,16,0,0,0,0
90420,99,bully,8873,0,0,0,48,57,672,798,1,100,81547,4671,0,9,2,39,39,NORMAL,0,0,48,10,8,78,5,9,43,48,18,0,0,0,0
90856,69,bully,9754,0,0,0,49,58,686,812,1,100,81102,5257,0,9,2,40,40,NORMAL,0,0,49,10,8,80,5,9,44,49,18,0,0,0,0
90723,29,bully,7842,0,0,0,48,56,672,784,1,100,82881,4621,0,8,1,40,40,NORMAL,0,0,48,8,8,80,4,8,44,48,16,0,0,0,0
90314,38,bully,7766,0,0,0,48,56,672,784,1,100,82548,4584,0,8,1,40,40,NORMAL,0,0,48,8,8,80,4,8,44,48,16,0,0,0,0
91008,34,bully,8318,0,0,0,48,56,672,784,1,100,82690,4665,0,8,1,40,40,NORMAL,0,0,48,8,8,80,4,8,44,48,16,0,0,0,0
90693,93,bully,8800,0,0,0,49,58,686,812,1,100,81893,4726,0,10,3,40,40,NORMAL,0,0,49,10,8,80,5,9,44,49,18,0,0,0,0
90557,96,bully,8657,0,0,0,49,58,686,812,1,100,81900,4704,0,9,2,40,40,NORMAL,0,0,49,10,8,80,5,9,44,49,18,0,0,0,0
90247,18,bully,6641,0,0,0,49,57,686,798,1,100,83606,4558,0,8,1,41,41,NORMAL,0,0,49,8,8,82,4,8,45,49,16,0,0,0,0
90859,26,bully,7616,0,0,0,48,56,672,784,1,100,83243,4654,0,8,1,40,40,NORMAL,0,0,48,8,8,80,4,8,44,48,16,0,0,0,0
90757,74,bully,8994,0,0,0,49,58,686,812,1,100,81763,4753,0,9,2,40,40,NORMAL,0,0,49,10,8,80,5,9,44,49,18,0,0,0,0
90380,58,bully,8409,0,0,0,49,58,686,812,1,100,81971,5196,0,9,2,40,40,NORMAL,0,0,49,10,8,80,5,9,44,49,18,0,0,0,0
91280,28,bully,7953,0,0,0,48,56,672,784,1,100,83327,4598,0,8,1,40,40,NORMAL,0,0,48,8,8,80,4,8,44,48,16,0,0,0,0
90365,90,bully,8033,0,0,0,49,58,686,812,1,100,82332,4714,0,10,2,40,40,NORMAL,0,0,49,10,8,80,5,9,44,49,18,0,0,0,0
90532,81,bully,8963,0,0,0,49,58,686,812,1,100,81569,4806,0,9,2,40,40,NORMAL,0,0,49,10,8,80,5,9,44,49,18,0,0,0,0
90993,54,bully,8751,0,0,0,48,56,672,784,1,100,82242,4558,0,8,1,40,40,NORMAL,0,0,48,8,8,80,4,8,44,48,16,0,0,0,0
90502,87,bully,8831,0,0,0,50,60,700,840,1,100,81671,5465,0,10,2,40,40,NORMAL,0,0,50,12,8,80,6,10,44,50,20,0,0,0,0
90572,64,bully,8772,0,0,0,49,58,686,812,1,100,81800,5140,0,9,2,40,40,NORMAL,0,0,49,10,8,80,5,9,44,49,18,0,0,0,0
90744,49,bully,8255,0,0,0,48,56,672,784,1,100,82489,4570,0,8,1,40,40,NORMAL,0,0,48,8,8,80,4,8,44,48,16,0,0,0,0
90804,17,bully,6922,0,0,0,49,57,686,798,1,100,83882,4557,0,8,1,41,41,NORMAL,0,0,49,8,8,82,4,8,45,49,16,0,0,0,0
90790,50,bully,8314,0,0,0,48,56,672,784,1,100,82476,4579,0,8,1,40,40,NORMAL,0,0,48,8,8,80,4,8,44,48,16,0,0,0,0
90978,98,bully,8889,0,0,0,49,58,686,812,1,100,82089,4681,0,9,1,40,40,NORMAL,0,0,49,10,8,80,5,9,44,49,18,0,0,0,0
91402,43,bully,8567,0,0,0,48,56,672,784,1,100,82835,4605,0,8,1,40,40,NORMAL,0,0,48,8,8,80,4,8,44,48,16,0,0,0,0
90520,12,bully,6370,0,0,0,49,58,686,812,1,100,84150,4631,0,9,1,41,41,NORMAL,0,0,49,8,8,82,5,9,45,50,16,0,0,0,0
90708,61,bully,8632,0,0,0,49,58,686,812,1,100,82076,5091,0,9,1,40,40,NORMAL,0,0,49,10,8,80,5,9,44,49,18,0,0,0,0
91114,36,bully,8012,0,0,0,48,56,672,784,1,100,83102,4652,0,8,1,40,40,NORMAL,0,0,48,8,8,80,4,8,44,48,16,0,0,0,0
91043,67,bully,9268,0,0,0,49,58,686,812,1,100,81775,5230,0,9,2,40,40,NORMAL,0,0,49,10,8,80,5,9,44,49,18,0,0,0,0
90941,14,bully,6817,0,0,0,49,57,686,798,1,100,84124,4594,0,8,1,41,41,NORMAL,0,0,49,8,8,82,4,8,45,49,16,0,0,0,0
91362,16,bully,7334,0,0,0,49,57,686,798,1,100,84028,4575,0,8,1,41,41,NORMAL,0,0,49,8,8,82,4,8,45,49,16,0,0,0,0
90638,5,bully,6046,0,0,0,51,60,714,840,1,100,84592,4640,0,9,1,42,42,NORMAL,0,0,51,10,8,84,5,9,46,51,18,0,0,0,0
91533,62,bully,9406,0,0,0,49,58,686,812,1,100,82127,5109,0,9,1,40,40,NORMAL,0,0,49,10,8,80,5,9,44,49,18,0,0,0,0
91184,72,bully,9555,0,0,0,49,58,686,812,1,100,81629,5216,0,9,2,40,40,NORMAL,0,0,49,10,8,80,5,9,44,49,18,0,0,0,0
90775,3,bully,6053,0,0,0,51,60,714,840,1,100,84722,4598,0,9,1,42,42,NORMAL,0,0,51,10,8,84,5,9,46,51,18,0,0,0,0
91356,55,bully,8912,0,0,0,48,56,672,784,1,100,82444,4609,0,8,1,40,40,NORMAL,0,0,48,8,8,80,4,8,44,48,16,0,0,0,0
90871,37,bully,7600,0,0,0,49,57,686,798,1,100,83271,4603,0,8,1,41,41,NORMAL,0,0,49,8,8,82,4,8,45,49,16,0,0,0,0
91535,97,bully,9132,0,0,0,49,58,686,812,1,100,82403,4660,0,9,1,40,40,NORMAL,0,0,49,10,8,80,5,9,44,49,18,0,0,0,0
90911,77,bully,8784,0,0,0,49,58,686,812,1,100,82127,4780,0,9,1,40,40,NORMAL,0,0,49,10,8,80,5,9,44,49,18,0,0,0,0
91686,44,bully,8605,0,0,0,48,56,672,784,1,100,83081,4613,0,8,1,40,40,NORMAL,0,0,48,8,8,80,4,8,44,48,16,0,0,0,0
91635,10,bully,7091,0,0,0,50,59,700,826,1,100,84544,4600,0,9,1,41,41,NORMAL,0,0,50,10,8,82,5,9,45,50,18,0,0,0,0
91157,4,bully,6307,0,0,0,51,60,714,840,1,100,84850,4636,0,9,1,42,42,NORMAL,0,0,51,10,8,84,5,9,46,51,18,0,0,0,0
91387,89,bully,8500,0,0,0,49,59,686,826,1,100,82887,4698,0,11,2,40,40,NORMAL,0,0,49,10,8,80,6,10,44,50,18,0,0,0,0
91144,31,bully,7459,0,0,0,49,57,686,798,1,100,83685,4616,0,8,1,41,41,NORMAL,0,0,49,8,8,82,4,8,45,49,16,0,0,0,0
91196,83,bully,8811,0,0,0,49,58,686,812,1,100,82385,4615,0,9,1,40,40,NORMAL,0,0,49,10,8,80,5,9,44,49,18,0,0,0,0
91690,19,bully,7396,0,0,0,49,57,686,798,1,100,84294,4546,0,8,1,41,41,NORMAL,0,0,49,8,8,82,4,8,45,49,16,0,0,0,0
91265,2,bully,6214,0,0,0,51,60,714,840,1,100,85051,4617,0,9,1,42,42,NORMAL,0,0,51,10,8,84,5,9,46,51,18,0,0,0,0
91129,63,bully,8721,0,0,0,49,58,686,812,1,100,82408,5115,0,9,1,40,40,NORMAL,0,0,49,10,8,80,5,9,44,49,18,0,0,0,0
91523,92,bully,8687,0,0,0,49,58,686,812,1,100,82836,4740,0,10,2,40,40,NORMAL,0,0,49,10,8,80,5,9,44,49,18,0,0,0,0
91808,91,bully,8916,0,0,0,49,58,686,812,1,100,82892,4706,0,10,2,40,40,NORMAL,0,0,49,10,8,80,5,9,44,49,18,0,0,0,0
91164,78,bully,8839,0,0,0,49,58,686,812,1,100,82325,4805,0,9,1,40,40,NORMAL,0,0,49,10,8,80,5,9,44,49,18,0,0,0,0
91330,60,bully,8715,0,0,0,49,58,686,812,1,100,82615,5103,0,9,1,40,40,NORMAL,0,0,49,10,8,80,5,9,44,49,18,0,0,0,0
91214,46,bully,7989,0,0,0,49,57,686,798,1,100,83225,4582,0,8,1,41,41,NORMAL,0,0,49,8,8,82,4,8,45,49,16,0,0,0,0
91944,42,bully,8546,0,0,0,49,57,686,798,1,100,83398,4607,0,8,1,41,41,NORMAL,0,0,49,8,8,82,4,8,45,49,16,0,0,0,0
91741,71,bully,9675,0,0,0,49,58,686,812,1,100,82066,5225,0,9,1,40,40,NORMAL,0,0,49,10,8,80,5,9,44,49,18,0,0,0,0
91047,75,bully,8524,0,0,0,49,58,686,812,1,100,82523,4738,0,9,1,40,40,NORMAL,0,0,49,10,8,80,5,9,44,49,18,0,0,0,0
91417,79,bully,9061,0,0,0,49,58,686,812,1,100,82356,4790,0,9,1,40,40,NORMAL,0,0,49,10,8,80,5,9,44,49,18,0,0,0,0
91605,40,bully,8046,0,0,0,49,57,686,798,1,100,83559,4596,0,8,1,41,41,NORMAL,0,0,49,8,8,82,4,8,45,49,16,0,0,0,0
91974,24,bully,7771,0,0,0,49,57,686,798,1,100,84203,4625,0,8,1,41,41,NORMAL,0,0,49,8,8,82,4,8,45,49,16,0,0,0,0
91483,45,bully,8077,0,0,0,49,57,686,798,1,100,83406,4591,0,8,1,41,41,NORMAL,0,0,49,8,8,82,4,8,45,49,16,0,0,0,0
91211,51,bully,8111,0,0,0,49,57,686,798,1,100,83100,4557,0,8,1,41,41,NORMAL,0,0,49,8,8,82,4,8,45,49,16,0,0,0,0
91498,13,bully,6749,0,0,0,49,57,686,798,1,100,84749,4617,0,8,1,41,41,NORMAL,0,0,49,8,8,82,4,8,45,49,16,0,0,0,0
91864,100,bully,6475,1,1,4612,51,58,714,812,1,100,85389,4612,0,9,1,42,40,LEADER,1,43,51,10,8,84,5,9,44,49,18,0,0,0,0
91823,59,bully,8913,0,0,0,50,59,700,826,1,100,82910,5165,0,9,1,41,41,NORMAL,0,0,50,10,8,82,5,9,45,50,18,0,0,0,0
91701,27,bully,7441,0,0,0,49,57,686,798,1,100,84260,4664,0,8,1,41,41,NORMAL,0,0,49,8,8,82,4,8,45,49,16,0,0,0,0
91672,94,bully,8625,0,0,0,49,58,686,812,1,100,83047,4708,0,9,1,40,40,NORMAL,0,0,49,10,8,80,5,9,44,49,18,0,0,0,0
91332,80,bully,8811,0,0,0,49,58,686,812,1,100,82521,4799,0,9,1,40,40,NORMAL,0,0,49,10,8,80,5,9,44,49,18,0,0,0,0
91553,22,bully,7054,0,0,0,49,57,686,798,1,100,84499,4574,0,8,1,41,41,NORMAL,0,0,49,8,8,82,4,8,45,49,16,0,0,0,0
91897,95,bully,8841,0,0,0,49,58,686,812,1,100,83056,4707,0,9,1,40,40,NORMAL,0,0,49,10,8,80,5,9,44,49,18,0,0,0,0
91347,48,bully,7909,0,0,0,49,57,686,798,1,100,83438,4587,0,8,1,41,41,NORMAL,0,0,49,8,8,82,4,8,45,49,16,0,0,0,0
91941,66,bully,9289,0,0,0,49,59,686,826,1,100,82652,5218,0,10,1,40,40,NORMAL,0,0,49,10,8,80,6,10,44,50,18,0,0,0,0
91565,8,bully,6387,0,0,0,50,59,700,826,1,100,85178,4652,0,9,1,41,41,NORMAL,0,0,50,10,8,82,5,9,45,50,18,0,0,0,0
91807,68,bully,9219,0,0,0,49,58,686,812,1,100,82588,5231,0,9,1,40,40,NORMAL,0,0,49,10,8,80,5,9,44,49,18,0,0,0,0
91980,86,bully,9226,0,0,0,50,60,700,840,1,100,82754,5464,0,10,1,40,40,NORMAL,0,0,50,12,8,80,6,10,44,50,20,0,0,0,0
91771,7,bully,6367,0,0,0,50,59,700,826,1,100,85404,4626,0,9,1,41,41,NORMAL,0,0,50,10,8,82,5,9,45,50,18,0,0,0,0
91936,30,bully,7536,0,0,0,49,57,686,798,1,100,84400,4586,0,8,1,41,41,NORMAL,0,0,49,8,8,82,4,8,45,49,16,0,0,0,0
91756,39,bully,7713,0,0,0,49,57,686,798,1,100,84043,4600,0,8,1,41,41,NORMAL,0,0,49,8,8,82,4,8,45,49,16,0,0,0,0
91908,25,bully,7253,0,0,0,49,57,686,798,1,100,84655,4614,0,8,1,41,41,NORMAL,0,0,49,8,8,82,4,8,45,49,16,0,0,0,0
91776,84,bully,8574,0,0,0,49,58,686,812,1,100,83202,4597,0,9,1,40,40,NORMAL,0,0,49,10,8,80,5,9,44,49,18,0,0,0,0
91959,56,bully,8311,0,0,0,49,57,686,798,1,100,83648,4573,0,8,1,41,41,NORMAL,0,0,49,8,8,82,4,8,45,49,16,0,0,0,0
100024,57,bully,9225,1,0,0,54,62,756,868,1,100,90799,5201,0,9,2,45,45,NORMAL,0,0,54,10,8,90,4,8,49,53,18,0,0,0,0
100081,85,bully,9503,1,0,0,54,63,756,882,1,100,90578,5422,0,10,2,44,44,NORMAL,0,0,54,12,8,88,5,9,48,53,20,0,0,0,0
100184,88,bully,8830,1,1,4646,54,64,756,896,1,100,91354,4646,0,11,3,44,44,NORMAL,0,2,55,12,8,88,6,10,48,54,20,0,0,0,0
100044,1,bully,6528,0,0,0,55,64,770,896,1,100,93516,4612,0,9,1,46,46,NORMAL,0,0,55,10,8,92,5,9,50,55,18,0,0,0,0
100177,41,bully,8335,0,0,0,53,61,742,854,1,100,91842,4579,0,8,2,45,45,NORMAL,0,0,53,8,8,90,4,8,49,53,16,0,0,0,0
100368,47,bully,8787,0,0,0,53,61,742,854,1,100,91581,4591,0,8,2,45,45,NORMAL,0,0,53,8,8,90,4,8,49,53,16,0,0,0,0
100014,65,bully,9204,1,0,0,55,64,770,896,1,100,90810,5190,0,10,2,45,45,NORMAL,0,0,55,12,8,90,5,9,49,54,20,0,0,0,0
100192,9,bully,6787,0,0,0,54,63,756,882,1,100,93405,4632,0,9,1,45,45,NORMAL,0,0,54,10,8,90,5,9,49,54,18,0,0,0,0
100383,15,bully,7246,0,0,0,53,61,742,854,1,100,93137,4599,0,8,1,45,45,NORMAL,0,0,53,8,8,90,4,8,49,53,16,0,0,0,0
100162,73,bully,8892,1,1,4730,54,63,756,882,1,100,91270,4730,0,9,2,45,45,NORMAL,0,2,55,10,8,90,5,9,49,54,18,0,0,0,0
100668,20,bully,7601,0,0,0,53,61,742,854,1,100,93067,4538,0,8,1,45,45,NORMAL,0,0,53,8,8,90,4,8,49,53,16,0,0,0,0
100653,52,bully,8917,0,0,0,53,61,742,854,1,100,91736,4515,0,8,2,45,45,NORMAL,0,0,53,8,8,90,4,8,49,53,16,0,0,0,0
100029,33,bully,7493,0,0,0,53,61,742,854,1,100,92536,4621,0,8,1,45,45,NORMAL,0,0,53,8,8,90,4,8,49,53,16,0,0,0,0
100586,32,bully,7977,0,0,0,53,61,742,854,1,100,92609,4622,0,8,1,45,45,NORMAL,0,0,53,8,8,90,4,8,49,53,16,0,0,0,0
100096,53,bully,8351,0,0,0,53,61,742,854,1,100,91745,4519,0,8,2,45,45,NORMAL,0,0,53,8,8,90,4,8,49,53,16,0,0,0,0
100517,11,bully,6961,0,0,0,54,63,756,882,1,100,93556,4596,0,9,1,45,45,NORMAL,0,0,54,10,8,90,5,9,49,54,18,0,0,0,0
100026,76,bully,8735,0,0,0,54,63,756,882,1,100,91291,4766,0,9,2,45,45,NORMAL,0,0,54,10,8,90,5,9,49,54,18,0,0,0,0
100111,21,bully,6973,0,0,0,53,61,742,854,1,100,93138,4559,0,8,1,45,45,NORMAL,0,0,53,8,8,90,4,8,49,53,16,0,0,0,0
100217,82,bully,8808,1,1,4591,54,63,756,882,1,100,91409,4591,0,9,2,45,45,NORMAL,0,2,55,10,8,90,5,9,49,54,18,0,0,0,0
100299,70,bully,9318,0,0,0,54,63,756,882,1,100,90981,5256,0,9,2,45,45,NORMAL,0,0,54,10,8,90,5,9,49,54,18,0,0,0,0
100435,35,bully,7908,0,0,0,53,61,742,854,1,100,92527,4653,0,8,1,45,45,NORMAL,0,0,53,8,8,90,4,8,49,53,16,0,0,0,0
100329,6,bully,6444,0,0,0,55,64,770,896,1,100,93885,4631,0,9,1,46,46,NORMAL,0,0,55,10,8,92,5,9,50,55,18,0,0,0,0
100094,23,bully,6991,0,0,0,53,61,742,854,1,100,93103,4615,0,8,1,45,45,NORMAL,0,0,53,8,8,90,4,8,49,53,16,0,0,0,0
100420,99,bully,8873,0,0,0,54,63,756,882,1,100,91547,4671,0,9,2,45,45,NORMAL,0,0,54,10,8,90,5,9,49,54,18,0,0,0,0
100856,69,bully,9754,0,0,0,54,63,756,882,1,100,91102,5257,0,9,2,45,45,NORMAL,0,0,54,10,8,90,5,9,49,54,18,0,0,0,0
100723,29,bully,7842,0,0,0,53,61,742,854,1,100,92881,4621,0,8,1,45,45,NORMAL,0,0,53,8,8,90,4,8,49,53,16,0,0,0,0
100314,38,bully,7766,0,0,0,53,61,742,854,1,100,92548,4584,0,8,1,45,45,NORMAL,0,0,53,8,8,90,4,8,49,53,16,0,0,0,0
101008,34,bully,8318,0,0,0,53,61,742,854,1,100,92690,4665,0,8,1,45,45,NORMAL,0,0,53,8,8,90,4,8,49,53,16,0,0,0,0
100693,93,bully,8800,0,0,0,54,63,756,882,1,100,91893,4726,0,10,3,45,45,NORMAL,0,0,54,10,8,90,5,9,49,54,18,0,0,0,0
100557,96,bully,8657,0,0,0,54,63,756,882,1,100,91900,4704,0,9,2,45,45,NORMAL,0,0,54,10,8,90,5,9,49,54,18,0,0,0,0
100247,18,bully,6641,0,0,0,54,62,756,868,1,100,93606,4558,0,8,1,46,46,NORMAL,0,0,54,8,8,92,4,8,50,54,16,0,0,0,0
100859,26,bully,7616,0,0,0,53,61,742,854,1,100,93243,4654,0,8,1,45,45,NORMAL,0,0,53,8,8,90,4,8,49,53,16,0,0,0,0
100757,74,bully,8994,0,0,0,54,63,756,882,1,100,91763,4753,0,9,2,45,45,NORMAL,0,0,54,10,8,90,5,9,49,54,18,0,0,0,0
100380,58,bully,8409,0,0,0,54,63,756,882,1,100,91971,5196,0,9,2,45,45,NORMAL,0,0,54,10,8,90,5,9,49,54,18,0,0,0,0
101280,28,bully,7953,0,0,0,53,61,742,854,1,100,93327,4598,0,8,1,45,45,NORMAL,0,0,53,8,8,90,4,8,49,53,16,0,0,0,0
100365,90,bully,8033,0,0,0,54,63,756,882,1,100,92332,4714,0,10,2,45,45,NORMAL,0,0,54,10,8,90,5,9,49,54,18,0,0,0,0
100532,81,bully,8963,0,0,0,54,63,756,882,1,100,91569,4806,0,9,2,45,45,NORMAL,0,0,54,10,8,90,5,9,49,54,18,0,0,0,0
100993,54,bully,8751,0,0,0,53,61,742,854,1,100,92242,4558,0,8,1,45,45,NORMAL,0,0,53,8,8,90,4,8,49,53,16,0,0,0,0
100502,87,bully,8831,0,0,0,55,65,770,910,1,100,91671,5465,0,10,2,45,45,NORMAL,0,0,55,12,8,90,6,10,49,55,20,0,0,0,0
100572,64,bully,8772,0,0,0,54,63,756,882,1,100,91800,5140,0,9,2,45,45,NORMAL,0,0,54,10,8,90,5,9,49,54,18,0,0,0,0
100744,49,bully,8255,0,0,0,53,61,742,854,1,100,92489,4570,0,8,1,45,45,NORMAL,0,0,53,8,8,90,4,8,49,53,16,0,0,0,0
100804,17,bully,6922,0,0,0,54,62,756,868,1,100,93882,4557,0,8,1,46,46,NORMAL,0,0,54,8,8,92,4,8,50,54,16,0,0,0,0
100790,50,bully,8314,0,0,0,53,61,742,854,1,100,92476,4579,0,8,1,45,45,NORMAL,0,0,53,8,8,90,4,8,49,53,16,0,0,0,0
100978,98,bully,8889,0,0,0,54,63,756,882,1,100,92089,4681,0,9,1,45,45,NORMAL,0,0,54,10,8,90,5,9,49,54,18,0,0,0,0
101402,43,bully,8567,0,0,0,53,61,742,854,1,100,92835,4605,0,8,1,45,45,NORMAL,0,0,53,8,8,90,4,8,49,53,16,0,0,0,0
100520,12,bully,6370,0,0,0,54,63,756,882,1,100,94150,4631,0,9,1,46,46,NORMAL,0,0,54,8,8,92,5,9,50,55,16,0,0,0,0
100708,61,bully,8632,0,0,0,54,63,756,882,1,100,92076,5091,0,9,1,45,45,NORMAL,0,0,54,10,8,90,5,9,49,54,18,0,0,0,0
101114,36,bully,8012,0,0,0,53,61,742,854,1,100,93102,4652,0,8,1,45,45,NORMAL,0,0,53,8,8,90,4,8,49,53,16,0,0,0,0
101043,67,bully,9268,0,0,0,54,63,756,882,1,100,91775,5230,0,9,2,45,45,NORMAL,0,0,54,10,8,90,5,9,49,54,18,0,0,0,0
100941,14,bully,6817,0,0,0,54,62,756,868,1,100,94124,4594,0,8,1,46,46,NORMAL,0,0,54,8,8,92,4,8,50,54,16,0,0,0,0
101362,16,bully,7334,0,0,0,54,62,756,868,1,100,94028,4575,0,8,1,46,46,NORMAL,0,0,54,8,8,92,4,8,50,54,16,0,0,0,0
100638,5,bully,6046,0,0,0,56,65,784,910,1,100,94592,4640,0,9,1,47,47,NORMAL,0,0,56,10,8,94,5,9,51,56,18,0,0,0,0
101533,62,bully,9406,0,0,0,54,63,756,882,1,100,92127,5109,0,9,1,45,45,NORMAL,0,0,54,10,8,90,5,9,49,54,18,0,0,0,0
101184,72,bully,9555,0,0,0,54,63,756,882,1,100,91629,5216,0,9,2,45,45,NORMAL,0,0,54,10,8,90,5,9,49,54,18,0,0,0,0
100775,3,bully,6053,0,0,0,56,65,784,910,1,100,94722,4598,0,9,1,47,47,NORMAL,0,0,56,10,8,94,5,9,51,56,18,0,0,0,0
101356,55,bully,8912,0,0,0,53,61,742,854,1,100,92444,4609,0,8,1,45,45,NORMAL,0,0,53,8,8,90,4,8,49,53,16,0,0,0,0
100871,37,bully,7600,0,0,0,54,62,756,868,1,100,93271,4603,0,8,1,46,46,NORMAL,0,0,54,8,8,92,4,8,50,54,16,0,0,0,0
101535,97,bully,9132,0,0,0,54,63,756,882,1,100,92403,4660,0,9,1,45,45,NORMAL,0,0,54,10,8,90,5,9,49,54,18,0,0,0,0
100911,77,bully,8784,0,0,0,54,63,756,882,1,100,92127,4780,0,9,1,45,45,NORMAL,0,0,54,10,8,90,5,9,49,54,18,0,0,0,0
101686,44,bully,8605,0,0,0,53,61,742,854,1,100,93081,4613,0,8,1,45,45,NORMAL,0,0,53,8,8,90,4,8,49,53,16,0,0,0,0
101635,10,bully,7091,0,0,0,55,64,770,896,1,100,94544,4600,0,9,1,46,46,NORMAL,0,0,55,10,8,92,5,9,50,55,18,0,0,0,0
101157,4,bully,6307,0,0,0,56,65,784,910,1,100,94850,4636,0,9,1,47,47,NORMAL,0,0,56,10,8,94,5,9,51,56,18,0,0,0,0
101387,89,bully,8500,0,0,0,54,64,756,896,1,100,92887,4698,0,11,2,45,45,NORMAL,0,0,54,10,8,90,6,10,49,55,18,0,0,0,0
101144,31,bully,7459,0,0,0,54,62,756,868,1,100,93685,4616,0,8,1,46,46,NORMAL,0,0,54,8,8,92,4,8,50,54,16,0,0,0,0
101196,83,bully,8811,0,0,0,54,63,756,882,1,100,92385,4615,0,9,1,45,45,NORMAL,0,0,54,10,8,90,5,9,49,54,18,0,0,0,0
101690,19,bully,7396,0,0,0,54,62,756,868,1,100,94294,4546,0,8,1,46,46,NORMAL,0,0,54,8,8,92,4,8,50,54,16,0,0,0,0
101265,2,bully,6214,0,0,0,56,65,784,910,1,100,95051,4617,0,9,1,47,47,NORMAL,0,0,56,10,8,94,5,9,51,56,18,0,0,0,0
101129,63,bully,8721,0,0,0,54,63,756,882,1,100,92408,5115,0,9,1,45,45,NORMAL,0,0,54,10,8,90,5,9,49,54,18,0,0,0,0
101523,92,bully,8687,0,0,0,54,63,756,882,1,100,92836,4740,0,10,2,45,45,NORMAL,0,0,54,10,8,90,5,9,49,54,18,0,0,0,0
101808,91,bully,8916,0,0,0,54,63,756,882,1,100,92892,4706,0,10,2,45,45,NORMAL,0,0,54,10,8,90,5,9,49,54,18,0,0,0,0
101164,78,bully,8839,0,0,0,54,63,756,882,1,100,92325,4805,0,9,1,45,45,NORMAL,0,0,54,10,8,90,5,9,49,54,18,0,0,0,0
101330,60,bully,8715,0,0,0,54,63,756,882,1,100,92615,5103,0,9,1,45,45,NORMAL,0,0,54,10,8,90,5,9,49,54,18,0,0,0,0
101214,46,bully,7989,0,0,0,54,62,756,868,1,100,93225,4582,0,8,1,46,46,NORMAL,0,0,54,8,8,92,4,8,50,54,16,0,0,0,0
101944,42,bully,8546,0,0,0,54,62,756,868,1,100,93398,4607,0,8,1,46,46,NORMAL,0,0,54,8,8,92,4,8,50,54,16,0,0,0,0
101741,71,bully,9675,0,0,0,54,63,756,882,1,100,92066,5225,0,9,1,45,45,NORMAL,0,0,54,10,8,90,5,9,49,54,18,0,0,0,0
101047,75,bully,8524,0,0,0,54,63,756,882,1,100,92523,4738,0,9,1,45,45,NORMAL,0,0,54,10,8,90,5,9,49,54,18,0,0,0,0
101417,79,bully,9061,0,0,0,54,63,756,882,1,100,92356,4790,0,9,1,45,45,NORMAL,0,0,54,10,8,90,5,9,49,54,18,0,0,0,0
101605,40,bully,8046,0,0,0,54,62,756,868,1,100,93559,4596,0,8,1,46,46,NORMAL,0,0,54,8,8,92,4,8,50,54,16,0,0,0,0
101974,24,bully,7771,0,0,0,54,62,756,868,1,100,94203,4625,0,8,1,46,46,NORMAL,0,0,54,8,8,92,4,8,50,54,16,0,0,0,0
101483,45,bully,8077,0,0,0,54,62,756,868,1,100,93406,4591,0,8,1,46,46,NORMAL,0,0,54,8,8,92,4,8,50,54,16,0,0,0,0
101211,51,bully,8111,0,0,0,54,62,756,868,1,100,93100,4557,0,8,1,46,46,NORMAL,0,0,54,8,8,92,4,8,50,54,16,0,0,0,0
101498,13,bully,6749,0,0,0,54,62,756,868,1,100,94749,4617,0,8,1,46,46,NORMAL,0,0,54,8,8,92,4,8,50,54,16,0,0,0,0
101864,100,bully,6475,1,1,4612,56,63,784,882,1,100,95389,4612,0,9,1,47,45,LEADER,1,48,56,10,8,94,5,9,49,54,18,0,0,0,0
101823,59,bully,8913,0,0,0,55,64,770,896,1,100,92910,5165,0,9,1,46,46,NORMAL,0,0,55,10,8,92,5,9,50,55,18,0,0,0,0
101701,27,bully,7441,0,0,0,54,62,756,868,1,100,94260,4664,0,8,1,46,46,NORMAL,0,0,54,8,8,92,4,8,50,54,16,0,0,0,0
101672,94,bully,8625,0,0,0,54,63,756,882,1,100,93047,4708,0,9,1,45,45,NORMAL,0,0,54,10,8,90,5,9,49,54,18,0,0,0,0
101332,80,bully,8811,0,0,0,54,63,756,882,1,100,92521,4799,0,9,1,45,45,NORMAL,0,0,54,10,8,90,5,9,49,54,18,0,0,0,0
101553,22,bully,7054,0,0,0,54,62,756,868,1,100,94499,4574,0,8,1,46,46,NORMAL,0,0,54,8,8,92,4,8,50,54,16,0,0,0,0
101897,95,bully,8841,0,0,0,54,63,756,882,1,100,93056,4707,0,9,1,45,45,NORMAL,0,0,54,10,8,90,5,9,49,54,18,0,0,0,0
101347,48,bully,7909,0,0,0,54,62,756,868,1,100,93438,4587,0,8,1,46,46,NORMAL,0,0,54,8,8,92,4,8,50,54,16,0,0,0,0
101941,66,bully,9289,0,0,0,55,65,770,910,1,100,92652,5218,0,10,1,46,46,NORMAL,0,0,55,10,8,92,6,10,50,56,18,0,0,0,0
101565,8,bully,6387,0,0,0,55,64,770,896,1,100,95178,4652,0,9,1,46,46,NORMAL,0,0,55,10,8,92,5,9,50,55,18,0,0,0,0
101807,68,bully,9219,0,0,0,55,64,770,896,1,100,92588,5231,0,9,1,46,46,NORMAL,0,0,55,10,8,92,5,9,50,55,18,0,0,0,0
101980,86,bully,9226,0,0,0,55,65,770,910,1,100,92754,5464,0,10,1,45,45,NORMAL,0,0,55,12,8,90,6,10,49,55,20,0,0,0,0
101771,7,bully,6367,0,0,0,55,64,770,896,1,100,95404,4626,0,9,1,46,46,NORMAL,0,0,55,10,8,92,5,9,50,55,18,0,0,0,0
101936,30,bully,7536,0,0,0,54,62,756,868,1,100,94400,4586,0,8,1,46,46,NORMAL,0,0,54,8,8,92,4,8,50,54,16,0,0,0,0
101756,39,bully,7713,0,0,0,54,62,756,868,1,100,94043,4600,0,8,1,46,46,NORMAL,0,0,54,8,8,92,4,8,50,54,16,0,0,0,0
101908,25,bully,7253,0,0,0,54,62,756,868,1,100,94655,4614,0,8,1,46,46,NORMAL,0,0,54,8,8,92,4,8,50,54,16,0,0,0,0
101776,84,bully,8574,0,0,0,54,63,756,882,1,100,93202,4597,0,9,1,45,45,NORMAL,0,0,54,10,8,90,5,9,49,54,18,0,0,0,0
101959,56,bully,8311,0,0,0,54,62,756,868,1,100,93648,4573,0,8,1,46,46,NORMAL,0,0,54,8,8,92,4,8,50,54,16,0,0,0,0
110024,57,bully,9225,1,0,0,58,66,812,924,1,100,100799,5201,0,9,2,49,49,NORMAL,0,0,58,10,8,98,4,8,53,57,18,0,0,0,0
110081,85,bully,9503,1,0,0,59,68,826,952,1,100,100578,5422,0,10,2,49,49,NORMAL,0,0,59,12,8,98,5,9,53,58,20,0,0,0,0
110184,88,bully,8830,1,1,4646,59,69,826,966,1,100,101354,4646,0,11,3,49,49,NORMAL,0,2,60,12,8,98,6,10,53,59,20,0,0,0,0
110044,1,bully,6528,0,0,0,60,69,840,966,1,100,103516,4612,0,9,1,51,51,NORMAL,0,0,60,10,8,102,5,9,55,60,18,0,0,0,0
110177,41,bully,8335,0,0,0,58,66,812,924,1,100,101842,4579,0,8,2,50,50,NORMAL,0,0,58,8,8,100,4,8,54,58,16,0,0,0,0
110368,47,bully,8787,0,0,0,58,66,812,924,1,100,101581,4591,0,8,2,50,50,NORMAL,0,0,58,8,8,100,4,8,54,58,16,0,0,0,0
110014,65,bully,9204,1,0,0,60,69,840,966,1,100,100810,5190,0,10,2,50,50,NORMAL,0,0,60,12,8,100,5,9,54,59,20,0,0,0,0
110192,9,bully,6787,0,0,0,59,68,826,952,1,100,103405,4632,0,9,1,50,50,NORMAL,0,0,59,10,8,100,5,9,54,59,18,0,0,0,0
110383,15,bully,7246,0,0,0,58,66,812,924,1,100,103137,4599,0,8,1,50,50,NORMAL,0,0,58,8,8,100,4,8,54,58,16,0,0,0,0
110162,73,bully,8892,1,1,4730,59,68,826,952,1,100,101270,4730,0,9,2,50,50,NORMAL,0,2,60,10,8,100,5,9,54,59,18,0,0,0,0
110668,20,bully,7601,0,0,0,58,66,812,924,1,100,103067,4538,0,8,1,50,50,NORMAL,0,0,58,8,8,100,4,8,54,58,16,0,0,0,0
110653,52,bully,8917,0,0,0,58,66,812,924,1,100,101736,4515,0,8,2,50,50,NORMAL,0,0,58,8,8,100,4,8,54,58,16,0,0,0,0
110029,33,bully,7493,0,0,0,58,66,812,924,1,100,102536,4621,0,8,1,50,50,NORMAL,0,0,58,8,8,100,4,8,54,58,16,0,0,0,0
110586,32,bully,7977,0,0,0,58,66,812,924,1,100,102609,4622,0,8,1,50,50,NORMAL,0,0,58,8,8,100,4,8,54,58,16,0,0,0,0
110096,53,bully,8351,0,0,0,58,66,812,924,1,100,101745,4519,0,8,2,50,50,NORMAL,0,0,58,8,8,100,4,8,54,58,16,0,0,0,0
110517,11,bully,6961,0,0,0,59,68,826,952,1,100,103556,4596,0,9,1,50,50,NORMAL,0,0,59,10,8,100,5,9,54,59,18,0,0,0,0
110026,76,bully,8735,0,0,0,59,68,826,952,1,100,101291,4766,0,9,2,50,50,NORMAL,0,0,59,10,8,100,5,9,54,59,18,0,0,0,0
110111,21,bully,6973,0,0,0,58,66,812,924,1,100,103138,4559,0,8,1,50,50,NORMAL,0,0,58,8,8,100,4,8,54,58,16,0,0,0,0
110217,82,bully,8808,1,1,4591,59,68,826,952,1,100,101409,4591,0,9,2,50,50,NORMAL,0,2,60,10,8,100,5,9,54,59,18,0,0,0,0
110299,70,bully,9318,0,0,0,59,68,826,952,1,100,100981,5256,0,9,2,50,50,NORMAL,0,0,59,10,8,100,5,9,54,59,18,0,0,0,0
110435,35,bully,7908,0,0,0,58,66,812,924,1,100,102527,4653,0,8,1,50,50,NORMAL,0,0,58,8,8,100,4,8,54,58,16,0,0,0,0
110329,6,bully,6444,0,0,0,59,68,826,952,1,100,103885,4631,0,9,1,50,50,NORMAL,0,0,59,10,8,100,5,9,54,59,18,0,0,0,0
110094,23,bully,6991,0,0,0,58,66,812,924,1,100,103103,4615,0,8,1,50,50,NORMAL,0,0,58,8,8,100,4,8,54,58,16,0,0,0,0
110420,99,bully,8873,0,0,0,58,67,812,938,1,100,101547,4671,0,9,2,49,49,NORMAL,0,0,58,10,8,98,5,9,53,58,18,0,0,0,0
110856,69,bully,9754,0,0,0,59,68,826,952,1,100,101102,5257,0,9,2,50,50,NORMAL,0,0,59,10,8,100,5,9,54,59,18,0,0,0,0
110723,29,bully,7842,0,0,0,58,66,812,924,1,100,102881,4621,0,8,1,50,50,NORMAL,0,0,58,8,8,100,4,8,54,58,16,0,0,0,0
110314,38,bully,7766,0,0,0,58,66,812,924,1,100,102548,4584,0,8,1,50,50,NORMAL,0,0,58,8,8,100,4,8,54,58,16,0,0,0,0
111008,34,bully,8318,0,0,0,58,66,812,924,1,100,102690,4665,0,8,1,50,50,NORMAL,0,0,58,8,8,100,4,8,54,58,16,0,0,0,0
110693,93,bully,8800,0,0,0,59,68,826,952,1,100,101893,4726,0,10,3,50,50,NORMAL,0,0,59,10,8,100,5,9,54,59,18,0,0,0,0
110557,96,bully,8657,0,0,0,59,68,826,952,1,100,101900,4704,0,9,2,50,50,NORMAL,0,0,59,10,8,100,5,9,54,59,18,0,0,0,0
110247,18,bully,6641,0,0,0,58,66,812,924,1,100,103606,4558,0,8,1,50,50,NORMAL,0,0,58,8,8,100,4,8,54,58,16,0,0,0,0
110859,26,bully,7616,0,0,0,58,66,812,924,1,100,103243,4654,0,8,1,50,50,NORMAL,0,0,58,8,8,100,4,8,54,58,16,0,0,0,0
110757,74,bully,8994,0,0,0,59,68,826,952,1,100,101763,4753,0,9,2,50,50,NORMAL,0,0,59,10,8,100,5,9,54,59,18,0,0,0,0
110380,58,bully,8409,0,0,0,59,68,826,952,1,100,101971,5196,0,9,2,50,50,NORMAL,0,0,59,10,8,100,5,9,54,59,18,0,0,0,0
111280,28,bully,7953,0,0,0,58,66,812,924,1,100,103327,4598,0,8,1,50,50,NORMAL,0,0,58,8,8,100,4,8,54,58,16,0,0,0,0
110365,90,bully,8033,0,0,0,59,68,826,952,1,100,102332,4714,0,10,2,50,50,NORMAL,0,0,59,10,8,100,5,9,54,59,18,0,0,0,0
110532,81,bully,8963,0,0,0,59,68,826,952,1,100,101569,4806,0,9,2,50,50,NORMAL,0,0,59,10,8,100,5,9,54,59,18,0,0,0,0
110993,54,bully,8751,0,0,0,58,66,812,924,1,100,102242,4558,0,8,1,50,50,NORMAL,0,0,58,8,8,100,4,8,54,58,16,0,0,0,0
110502,87,bully,8831,0,0,0,60,70,840,980,1,100,101671,5465,0,10,2,50,50,NORMAL,0,0,60,12,8,100,6,10,54,60,20,0,0,0,0
110572,64,bully,8772,0,0,0,59,68,826,952,1,100,101800,5140,0,9,2,50,50,NORMAL,0,0,59,10,8,100,5,9,54,59,18,0,0,0,0
110744,49,bully,8255,0,0,0,58,66,812,924,1,100,102489,4570,0,8,1,50,50,NORMAL,0,0,58,8,8,100,4,8,54,58,16,0,0,0,0
110804,17,bully,6922,0,0,0,59,67,826,938,1,100,103882,4557,0,8,1,51,51,NORMAL,0,0,59,8,8,102,4,8,55,59,16,0,0,0,0
110790,50,bully,8314,0,0,0,58,66,812,924,1,100,102476,4579,0,8,1,50,50,NORMAL,0,0,58,8,8,100,4,8,54,58,16,0,0,0,0
110978,98,bully,8889,0,0,0,59,68,826,952,1,100,102089,4681,0,9,1,50,50,NORMAL,0,0,59,10,8,100,5,9,54,59,18,0,0,0,0
111402,43,bully,8567,0,0,0,58,66,812,924,1,100,102835,4605,0,8,1,50,50,NORMAL,0,0,58,8,8,100,4,8,54,58,16,0,0,0,0
110520,12,bully,6370,0,0,0,59,68,826,952,1,100,104150,4631,0,9,1,51,51,NORMAL,0,0,59,8,8,102,5,9,55,60,16,0,0,0,0
110708,61,bully,8632,0,0,0,59,68,826,952,1,100,102076,5091,0,9,1,50,50,NORMAL,0,0,59,10,8,100,5,9,54,59,18,0,0,0,0
111114,36,bully,8012,0,0,0,58,66,812,924,1,100,103102,4652,0,8,1,50,50,NORMAL,0,0,58,8,8,100,4,8,54,58,16,0,0,0,0
111043,67,bully,9268,0,0,0,59,68,826,952,1,100,101775,5230,0,9,2,50,50,NORMAL,0,0,59,10,8,100,5,9,54,59,18,0,0,0,0
110941,14,bully,6817,0,0,0,59,67,826,938,1,100,104124,4594,0,8,1,51,51,NORMAL,0,0,59,8,8,102,4,8,55,59,16,0,0,0,0
111362,16,bully,7334,0,0,0,59,67,826,938,1,100,104028,4575,0,8,1,51,51,NORMAL,0,0,59,8,8,102,4,8,55,59,16,0,0,0,0
110638,5,bully,6046,0,0,0,61,70,854,980,1,100,104592,4640,0,9,1,52,52,NORMAL,0,0,61,10,8,104,5,9,56,61,18,0,0,0,0
111533,62,bully,9406,0,0,0,59,68,826,952,1,100,102127,5109,0,9,1,50,50,NORMAL,0,0,59,10,8,100,5,9,54,59,18,0,0,0,0
110775,3,bully,6053,0,0,0,61,70,854,980,1,100,104722,4598,0,9,1,52,52,NORMAL,0,0,61,10,8,104,5,9,56,61,18,0,0,0,0
111184,72,bully,9555,0,0,0,59,68,826,952,1,100,101629,5216,0,9,2,50,50,NORMAL,0,0,59,10,8,100,5,9,54,59,18,0,0,0,0
111356,55,bully,8912,0,0,0,58,66,812,924,1,100,102444,4609,0,8,1,50,50,NORMAL,0,0,58,8,8,100,4,8,54,58,16,0,0,0,0
110871,37,bully,7600,0,0,0,58,66,812,924,1,100,103271,4603,0,8,1,50,50,NORMAL,0,0,58,8,8,100,4,8,54,58,16,0,0,0,0
111535,97,bully,9132,0,0,0,59,68,826,952,1,100,102403,4660,0,9,1,50,50,NORMAL,0,0,59,10,8,100,5,9,54,59,18,0,0,0,0
110911,77,bully,8784,0,0,0,59,68,826,952,1,100,102127,4780,0,9,1,50,50,NORMAL,0,0,59,10,8,100,5,9,54,59,18,0,0,0,0
111686,44,bully,8605,0,0,0,58,66,812,924,1,100,103081,4613,0,8,1,50,50,NORMAL,0,0,58,8,8,100,4,8,54,58,16,0,0,0,0
111635,10,bully,7091,0,0,0,60,69,840,966,1,100,104544,4600,0,9,1,51,51,NORMAL,0,0,60,10,8,102,5,9,55,60,18,0,0,0,0
111157,4,bully,6307,0,0,0,61,70,854,980,1,100,104850,4636,0,9,1,52,52,NORMAL,0,0,61,10,8,104,5,9,56,61,18,0,0,0,0
111387,89,bully,8500,0,0,0,59,69,826,966,1,100,102887,4698,0,11,2,50,50,NORMAL,0,0,59,10,8,100,6,10,54,60,18,0,0,0,0
111144,31,bully,7459,0,0,0,59,67,826,938,1,100,103685,4616,0,8,1,51,51,NORMAL,0,0,59,8,8,102,4,8,55,59,16,0,0,0,0
111196,83,bully,8811,0,0,0,59,68,826,952,1,100,102385,4615,0,9,1,50,50,NORMAL,0,0,59,10,8,100,5,9,54,59,18,0,0,0,0
111690,19,bully,7396,0,0,0,59,67,826,938,1,100,104294,4546,0,8,1,51,51,NORMAL,0,0,59,8,8,102,4,8,55,59,16,0,0,0,0
111265,2,bully,6214,0,0,0,61,70,854,980,1,100,105051,4617,0,9,1,52,52,NORMAL,0,0,61,10,8,104,5,9,56,61,18,0,0,0,0
111129,63,bully,8721,0,0,0,59,68,826,952,1,100,102408,5115,0,9,1,50,50,NORMAL,0,0,59,10,8,100,5,9,54,59,18,0,0,0,0
111523,92,bully,8687,0,0,0,59,68,826,952,1,100,102836,4740,0,10,2,50,50,NORMAL,0,0,59,10,8,100,5,9,54,59,18,0,0,0,0
111808,91,bully,8916,0,0,0,59,68,826,952,1,100,102892,4706,0,10,2,50,50,NORMAL,0,0,59,10,8,100,5,9,54,59,18,0,0,0,0
111164,78,bully,8839,0,0,0,59,68,826,952,1,100,102325,4805,0,9,1,50,50,NORMAL,0,0,59,10,8,100,5,9,54,59,18,0,0,0,0
111330,60,bully,8715,0,0,0,59,68,826,952,1,100,102615,5103,0,9,1,50,50,NORMAL,0,0,59,10,8,100,5,9,54,59,18,0,0,0,0
111214,46,bully,7989,0,0,0,58,66,812,924,1,100,103225,4582,0,8,1,50,50,NORMAL,0,0,58,8,8,100,4,8,54,58,16,0,0,0,0
111944,42,bully,8546,0,0,0,59,67,826,938,1,100,103398,4607,0,8,1,51,51,NORMAL,0,0,59,8,8,102,4,8,55,59,16,0,0,0,0
111741,71,bully,9675,0,0,0,59,68,826,952,1,100,102066,5225,0,9,1,50,50,NORMAL,0,0,59,10,8,100,5,9,54,59,18,0,0,0,0
111047,75,bully,8524,0,0,0,59,68,826,952,1,100,102523,4738,0,9,1,50,50,NORMAL,0,0,59,10,8,100,5,9,54,59,18,0,0,0,0
111417,79,bully,9061,0,0,0,59,68,826,952,1,100,102356,4790,0,9,1,50,50,NORMAL,0,0,59,10,8,100,5,9,54,59,18,0,0,0,0
111605,40,bully,8046,0,0,0,59,67,826,938,1,100,103559,4596,0,8,1,51,51,NORMAL,0,0,59,8,8,102,4,8,55,59,16,0,0,0,0
111974,24,bully,7771,0,0,0,59,67,826,938,1,100,104203,4625,0,8,1,51,51,NORMAL,0,0,59,8,8,102,4,8,55,59,16,0,0,0,0
111211,51,bully,8111,0,0,0,58,66,812,924,1,100,103100,4557,0,8,1,50,50,NORMAL,0,0,58,8,8,100,4,8,54,58,16,0,0,0,0
111483,45,bully,8077,0,0,0,59,67,826,938,1,100,103406,4591,0,8,1,51,51,NORMAL,0,0,59,8,8,102,4,8,55,59,16,0,0,0,0
111498,13,bully,6749,0,0,0,59,67,826,938,1,100,104749,4617,0,8,1,51,51,NORMAL,0,0,59,8,8,102,4,8,55,59,16,0,0,0,0
111864,100,bully,6475,1,1,4612,61,68,854,952,1,100,105389,4612,0,9,1,52,50,LEADER,1,53,61,10,8,104,5,9,54,59,18,0,0,0,0
111823,59,bully,8913,0,0,0,60,69,840,966,1,100,102910,5165,0,9,1,51,51,NORMAL,0,0,60,10,8,102,5,9,55,60,18,0,0,0,0
111701,27,bully,7441,0,0,0,59,67,826,938,1,100,104260,4664,0,8,1,51,51,NORMAL,0,0,59,8,8,102,4,8,55,59,16,0,0,0,0
111672,94,bully,8625,0,0,0,59,68,826,952,1,100,103047,4708,0,9,1,50,50,NORMAL,0,0,59,10,8,100,5,9,54,59,18,0,0,0,0
111332,80,bully,8811,0,0,0,59,68,826,952,1,100,102521,4799,0,9,1,50,50,NORMAL,0,0,59,10,8,100,5,9,54,59,18,0,0,0,0
111553,22,bully,7054,0,0,0,59,67,826,938,1,100,104499,4574,0,8,1,51,51,NORMAL,0,0,59,8,8,102,4,8,55,59,16,0,0,0,0
111897,95,bully,8841,0,0,0,59,68,826,952,1,100,103056,4707,0,9,1,50,50,NORMAL,0,0,59,10,8,100,5,9,54,59,18,0,0,0,0
111347,48,bully,7909,0,0,0,59,67,826,938,1,100,103438,4587,0,8,1,51,51,NORMAL,0,0,59,8,8,102,4,8,55,59,16,0,0,0,0
111941,66,bully,9289,0,0,0,59,69,826,966,1,100,102652,5218,0,10,1,50,50,NORMAL,0,0,59,10,8,100,6,10,54,60,18,0,0,0,0
111565,8,bully,6387,0,0,0,60,69,840,966,1,100,105178,4652,0,9,1,51,51,NORMAL,0,0,60,10,8,102,5,9,55,60,18,0,0,0,0
111807,68,bully,9219,0,0,0,59,68,826,952,1,100,102588,5231,0,9,1,50,50,NORMAL,0,0,59,10,8,100,5,9,54,59,18,0,0,0,0
111980,86,bully,9226,0,0,0,60,70,840,980,1,100,102754,5464,0,10,1,50,50,NORMAL,0,0,60,12,8,100,6,10,54,60,20,0,0,0,0
111771,7,bully,6367,0,0,0,60,69,840,966,1,100,105404,4626,0,9,1,51,51,NORMAL,0,0,60,10,8,102,5,9,55,60,18,0,0,0,0
111936,30,bully,7536,0,0,0,59,67,826,938,1,100,104400,4586,0,8,1,51,51,NORMAL,0,0,59,8,8,102,4,8,55,59,16,0,0,0,0
111756,39,bully,7713,0,0,0,59,67,826,938,1,100,104043,4600,0,8,1,51,51,NORMAL,0,0,59,8,8,102,4,8,55,59,16,0,0,0,0
111908,25,bully,7253,0,0,0,59,67,826,938,1,100,104655,4614,0,8,1,51,51,NORMAL,0,0,59,8,8,102,4,8,55,59,16,0,0,0,0
111776,84,bully,8574,0,0,0,59,68,826,952,1,100,103202,4597,0,9,1,50,50,NORMAL,0,0,59,10,8,100,5,9,54,59,18,0,0,0,0
111959,56,bully,8311,0,0,0,59,67,826,938,1,100,103648,4573,0,8,1,51,51,NORMAL,0,0,59,8,8,102,4,8,55,59,16,0,0,0,0
120024,57,bully,9225,1,0,0,63,71,882,994,1,100,110799,5201,0,9,2,54,54,NORMAL,0,0,63,10,8,108,4,8,58,62,18,0,0,0,0
120081,85,bully,9503,1,0,0,64,73,896,1022,1,100,110578,5422,0,10,2,54,54,NORMAL,0,0,64,12,8,108,5,9,58,63,20,0,0,0,0
120184,88,bully,8830,1,1,4646,64,74,896,1036,1,100,111354,4646,0,11,3,54,54,NORMAL,0,2,65,12,8,108,6,10,58,64,20,0,0,0,0
120044,1,bully,6528,0,0,0,65,74,910,1036,1,100,113516,4612,0,9,1,56,56,NORMAL,0,0,65,10,8,112,5,9,60,65,18,0,0,0,0
120177,41,bully,8335,0,0,0,63,71,882,994,1,100,111842,4579,0,8,2,55,55,NORMAL,0,0,63,8,8,110,4,8,59,63,16,0,0,0,0
120368,47,bully,8787,0,0,0,63,71,882,994,1,100,111581,4591,0,8,2,55,55,NORMAL,0,0,63,8,8,110,4,8,59,63,16,0,0,0,0
120014,65,bully,9204,1,0,0,64,73,896,1022,1,100,110810,5190,0,10,2,54,54,NORMAL,0,0,64,12,8,108,5,9,58,63,20,0,0,0,0
120192,9,bully,6787,0,0,0,64,73,896,1022,1,100,113405,4632,0,9,1,55,55,NORMAL,0,0,64,10,8,110,5,9,59,64,18,0,0,0,0
120383,15,bully,7246,0,0,0,63,71,882,994,1,100,113137,4599,0,8,1,55,55,NORMAL,0,0,63,8,8,110,4,8,59,63,16,0,0,0,0
120162,73,bully,8892,1,1,4730,63,72,882,1008,1,100,111270,4730,0,9,2,54,54,NORMAL,0,2,64,10,8,108,5,9,58,63,18,0,0,0,0
120668,20,bully,7601,0,0,0,63,71,882,994,1,100,113067,4538,0,8,1,55,55,NORMAL,0,0,63,8,8,110,4,8,59,63,16,0,0,0,0
120653,52,bully,8917,0,0,0,63,71,882,994,1,100,111736,4515,0,8,2,55,55,NORMAL,0,0,63,8,8,110,4,8,59,63,16,0,0,0,0
120029,33,bully,7493,0,0,0,63,71,882,994,1,100,112536,4621,0,8,1,55,55,NORMAL,0,0,63,8,8,110,4,8,59,63,16,0,0,0,0
120586,32,bully,7977,0,0,0,63,71,882,994,1,100,112609,4622,0,8,1,55,55,NORMAL,0,0,63,8,8,110,4,8,59,63,16,0,0,0,0
120096,53,bully,8351,0,0,0,63,71,882,994,1,100,111745,4519,0,8,2,55,55,NORMAL,0,0,63,8,8,110,4,8,59,63,16,0,0,0,0
120517,11,bully,6961,0,0,0,64,73,896,1022,1,100,113556,4596,0,9,1,55,55,NORMAL,0,0,64,10,8,110,5,9,59,64,18,0,0,0,0
120026,76,bully,8735,0,0,0,64,73,896,1022,1,100,111291,4766,0,9,2,55,55,NORMAL,0,0,64,10,8,110,5,9,59,64,18,0,0,0,0
120111,21,bully,6973,0,0,0,63,71,882,994,1,100,113138,4559,0,8,1,55,55,NORMAL,0,0,63,8,8,110,4,8,59,63,16,0,0,0,0
120217,82,bully,8808,1,1,4591,63,72,882,1008,1,100,111409,4591,0,9,2,54,54,NORMAL,0,2,64,10,8,108,5,9,58,63,18,0,0,0,0
120299,70,bully,9318,0,0,0,64,73,896,1022,1,100,110981,5256,0,9,2,55,55,NORMAL,0,0,64,10,8,110,5,9,59,64,18,0,0,0,0
120435,35,bully,7908,0,0,0,63,71,882,994,1,100,112527,4653,0,8,1,55,55,NORMAL,0,0,63,8,8,110,4,8,59,63,16,0,0,0,0
120329,6,bully,6444,0,0,0,65,74,910,1036,1,100,113885,4631,0,9,1,56,56,NORMAL,0,0,65,10,8,112,5,9,60,65,18,0,0,0,0
120094,23,bully,6991,0,0,0,63,71,882,994,1,100,113103,4615,0,8,1,55,55,NORMAL,0,0,63,8,8,110,4,8,59,63,16,0,0,0,0
120420,99,bully,8873,0,0,0,63,72,882,1008,1,100,111547,4671,0,9,2,54,54,NORMAL,0,0,63,10,8,108,5,9,58,63,18,0,0,0,0
120856,69,bully,9754,0,0,0,64,73,896,1022,1,100,111102,5257,0,9,2,55,55,NORMAL,0,0,64,10,8,110,5,9,59,64,18,0,0,0,0
120723,29,bully,7842,0,0,0,63,71,882,994,1,100,112881,4621,0,8,1,55,55,NORMAL,0,0,63,8,8,110,4,8,59,63,16,0,0,0,0
120314,38,bully,7766,0,0,0,63,71,882,994,1,100,112548,4584,0,8,1,55,55,NORMAL,0,0,63,8,8,110,4,8,59,63,16,0,0,0,0
121008,34,bully,8318,0,0,0,63,71,882,994,1,100,112690,4665,0,8,1,55,55,NORMAL,0,0,63,8,8,110,4,8,59,63,16,0,0,0,0
120693,93,bully,8800,0,0,0,63,72,882,1008,1,100,111893,4726,0,10,3,54,54,NORMAL,0,0,63,10,8,108,5,9,58,63,18,0,0,0,0
120557,96,bully,8657,0,0,0,63,72,882,1008,1,100,111900,4704,0,9,2,54,54,NORMAL,0,0,63,10,8,108,5,9,58,63,18,0,0,0,0
120247,18,bully,6641,0,0,0,64,72,896,1008,1,100,113606,4558,0,8,1,56,56,NORMAL,0,0,64,8,8,112,4,8,60,64,16,0,0,0,0
120859,26,bully,7616,0,0,0,63,71,882,994,1,100,113243,4654,0,8,1,55,55,NORMAL,0,0,63,8,8,110,4,8,59,63,16,0,0,0,0
120757,74,bully,8994,0,0,0,64,73,896,1022,1,100,111763,4753,0,9,2,55,55,NORMAL,0,0,64,10,8,110,5,9,59,64,18,0,0,0,0
120380,58,bully,8409,0,0,0,64,73,896,1022,1,100,111971,5196,0,9,2,55,55,NORMAL,0,0,64,10,8,110,5,9,59,64,18,0,0,0,0
121280,28,bully,7953,0,0,0,63,71,882,994,1,100,113327,4598,0,8,1,55,55,NORMAL,0,0,63,8,8,110,4,8,59,63,16,0,0,0,0
120365,90,bully,8033,0,0,0,64,73,896,1022,1,100,112332,4714,0,10,2,55,55,NORMAL,0,0,64,10,8,110,5,9,59,64,18,0,0,0,0
120532,81,bully,8963,0,0,0,64,73,896,1022,1,100,111569,4806,0,9,2,55,55,NORMAL,0,0,64,10,8,110,5,9,59,64,18,0,0,0,0
120993,54,bully,8751,0,0,0,63,71,882,994,1,100,112242,4558,0,8,1,55,55,NORMAL,0,0,63,8,8,110,4,8,59,63,16,0,0,0,0
120502,87,bully,8831,0,0,0,65,75,910,1050,1,100,111671,5465,0,10,2,55,55,NORMAL,0,0,65,12,8,110,6,10,59,65,20,0,0,0,0
120572,64,bully,8772,0,0,0,64,73,896,1022,1,100,111800,5140,0,9,2,55,55,NORMAL,0,0,64,10,8,110,5,9,59,64,18,0,0,0,0
120744,49,bully,8255,0,0,0,63,71,882,994,1,100,112489,4570,0,8,1,55,55,NORMAL,0,0,63,8,8,110,4,8,59,63,16,0,0,0,0
120804,17,bully,6922,0,0,0,64,72,896,1008,1,100,113882,4557,0,8,1,56,56,NORMAL,0,0,64,8,8,112,4,8,60,64,16,0,0,0,0
120790,50,bully,8314,0,0,0,63,71,882,994,1,100,112476,4579,0,8,1,55,55,NORMAL,0,0,63,8,8,110,4,8,59,63,16,0,0,0,0
120978,98,bully,8889,0,0,0,64,73,896,1022,1,100,112089,4681,0,9,1,55,55,NORMAL,0,0,64,10,8,110,5,9,59,64,18,0,0,0,0
121402,43,bully,8567,0,0,0,63,71,882,994,1,100,112835,4605,0,8,1,55,55,NORMAL,0,0,63,8,8,110,4,8,59,63,16,0,0,0,0
120520,12,bully,6370,0,0,0,64,73,896,1022,1,100,114150,4631,0,9,1,56,56,NORMAL,0,0,64,8,8,112,5,9,60,65,16,0,0,0,0
120708,61,bully,8632,0,0,0,64,73,896,1022,1,100,112076,5091,0,9,1,55,55,NORMAL,0,0,64,10,8,110,5,9,59,64,18,0,0,0,0
121114,36,bully,8012,0,0,0,63,71,882,994,1,100,113102,4652,0,8,1,55,55,NORMAL,0,0,63,8,8,110,4,8,59,63,16,0,0,0,0
121043,67,bully,9268,0,0,0,64,73,896,1022,1,100,111775,5230,0,9,2,55,55,NORMAL,0,0,64,10,8,110,5,9,59,64,18,0,0,0,0
120941,14,bully,6817,0,0,0,64,72,896,1008,1,100,114124,4594,0,8,1,56,56,NORMAL,0,0,64,8,8,112,4,8,60,64,16,0,0,0,0
121362,16,bully,7334,0,0,0,64,72,896,1008,1,100,114028,4575,0,8,1,56,56,NORMAL,0,0,64,8,8,112,4,8,60,64,16,0,0,0,0
120638,5,bully,6046,0,0,0,66,75,924,1050,1,100,114592,4640,0,9,1,57,57,NORMAL,0,0,66,10,8,114,5,9,61,66,18,0,0,0,0
121533,62,bully,9406,0,0,0,64,73,896,1022,1,100,112127,5109,0,9,1,55,55,NORMAL,0,0,64,10,8,110,5,9,59,64,18,0,0,0,0
121184,72,bully,9555,0,0,0,64,73,896,1022,1,100,111629,5216,0,9,2,55,55,NORMAL,0,0,64,10,8,110,5,9,59,64,18,0,0,0,0
120775,3,bully,6053,0,0,0,66,75,924,1050,1,100,114722,4598,0,9,1,57,57,NORMAL,0,0,66,10,8,114,5,9,61,66,18,0,0,0,0
121356,55,bully,8912,0,0,0,63,71,882,994,1,100,112444,4609,0,8,1,55,55,NORMAL,0,0,63,8,8,110,4,8,59,63,16,0,0,0,0
120871,37,bully,7600,0,0,0,64,72,896,1008,1,100,113271,4603,0,8,1,56,56,NORMAL,0,0,64,8,8,112,4,8,60,64,16,0,0,0,0
121535,97,bully,9132,0,0,0,64,73,896,1022,1,100,112403,4660,0,9,1,55,55,NORMAL,0,0,64,10,8,110,5,9,59,64,18,0,0,0,0
120911,77,bully,8784,0,0,0,64,73,896,1022,1,100,112127,4780,0,9,1,55,55,NORMAL,0,0,64,10,8,110,5,9,59,64,18,0,0,0,0
121686,44,bully,8605,0,0,0,63,71,882,994,1,100,113081,4613,0,8,1,55,55,NORMAL,0,0,63,8,8,110,4,8,59,63,16,0,0,0,0
121635,10,bully,7091,0,0,0,65,74,910,1036,1,100,114544,4600,0,9,1,56,56,NORMAL,0,0,65,10,8,112,5,9,60,65,18,0,0,0,0
121157,4,bully,6307,0,0,0,66,75,924,1050,1,100,114850,4636,0,9,1,57,57,NORMAL,0,0,66,10,8,114,5,9,61,66,18,0,0,0,0
121387,89,bully,8500,0,0,0,64,74,896,1036,1,100,112887,4698,0,11,2,55,55,NORMAL,0,0,64,10,8,110,6,10,59,65,18,0,0,0,0
121144,31,bully,7459,0,0,0,64,72,896,1008,1,100,113685,4616,0,8,1,56,56,NORMAL,0,0,64,8,8,112,4,8,60,64,16,0,0,0,0
121196,83,bully,8811,0,0,0,64,73,896,1022,1,100,112385,4615,0,9,1,55,55,NORMAL,0,0,64,10,8,110,5,9,59,64,18,0,0,0,0
121690,19,bully,7396,0,0,0,64,72,896,1008,1,100,114294,4546,0,8,1,56,56,NORMAL,0,0,64,8,8,112,4,8,60,64,16,0,0,0,0
121265,2,bully,6214,0,0,0,66,75,924,1050,1,100,115051,4617,0,9,1,57,57,NORMAL,0,0,66,10,8,114,5,9,61,66,18,0,0,0,0
121129,63,bully,8721,0,0,0,64,73,896,1022,1,100,112408,5115,0,9,1,55,55,NORMAL,0,0,64,10,8,110,5,9,59,64,18,0,0,0,0
121523,92,bully,8687,0,0,0,64,73,896,1022,1,100,112836,4740,0,10,2,55,55,NORMAL,0,0,64,10,8,110,5,9,59,64,18,0,0,0,0
121808,91,bully,8916,0,0,0,64,73,896,1022,1,100,112892,4706,0,10,2,55,55,NORMAL,0,0,64,10,8,110,5,9,59,64,18,0,0,0,0
121164,78,bully,8839,0,0,0,64,73,896,1022,1,100,112325,4805,0,9,1,55,55,NORMAL,0,0,64,10,8,110,5,9,59,64,18,0,0,0,0
121330,60,bully,8715,0,0,0,64,73,896,1022,1,100,112615,5103,0,9,1,55,55,NORMAL,0,0,64,10,8,110,5,9,59,64,18,0,0,0,0
121214,46,bully,7989,0,0,0,64,72,896,1008,1,100,113225,4582,0,8,1,56,56,NORMAL,0,0,64,8,8,112,4,8,60,64,16,0,0,0,0
121944,42,bully,8546,0,0,0,64,72,896,1008,1,100,113398,4607,0,8,1,56,56,NORMAL,0,0,64,8,8,112,4,8,60,64,16,0,0,0,0
121741,71,bully,9675,0,0,0,64,73,896,1022,1,100,112066,5225,0,9,1,55,55,NORMAL,0,0,64,10,8,110,5,9,59,64,18,0,0,0,0
121047,75,bully,8524,0,0,0,64,73,896,1022,1,100,112523,4738,0,9,1,55,55,NORMAL,0,0,64,10,8,110,5,9,59,64,18,0,0,0,0
121417,79,bully,9061,0,0,0,64,73,896,1022,1,100,112356,4790,0,9,1,55,55,NORMAL,0,0,64,10,8,110,5,9,59,64,18,0,0,0,0
121605,40,bully,8046,0,0,0,64,72,896,1008,1,100,113559,4596,0,8,1,56,56,NORMAL,0,0,64,8,8,112,4,8,60,64,16,0,0,0,0
121974,24,bully,7771,0,0,0,64,72,896,1008,1,100,114203,4625,0,8,1,56,56,NORMAL,0,0,64,8,8,112,4,8,60,64,16,0,0,0,0
121483,45,bully,8077,0,0,0,64,72,896,1008,1,100,113406,4591,0,8,1,56,56,NORMAL,0,0,64,8,8,112,4,8,60,64,16,0,0,0,0
121211,51,bully,8111,0,0,0,64,72,896,1008,1,100,113100,4557,0,8,1,56,56,NORMAL,0,0,64,8,8,112,4,8,60,64,16,0,0,0,0
121498,13,bully,6749,0,0,0,64,72,896,1008,1,100,114749,4617,0,8,1,56,56,NORMAL,0,0,64,8,8,112,4,8,60,64,16,0,0,0,0
121864,100,bully,6475,1,1,4612,66,73,924,1022,1,100,115389,4612,0,9,1,57,55,LEADER,1,58,66,10,8,114,5,9,59,64,18,0,0,0,0
121823,59,bully,8913,0,0,0,65,74,910,1036,1,100,112910,5165,0,9,1,56,56,NORMAL,0,0,65,10,8,112,5,9,60,65,18,0,0,0,0
121701,27,bully,7441,0,0,0,64,72,896,1008,1,100,114260,4664,0,8,1,56,56,NORMAL,0,0,64,8,8,112,4,8,60,64,16,0,0,0,0
121672,94,bully,8625,0,0,0,64,73,896,1022,1,100,113047,4708,0,9,1,55,55,NORMAL,0,0,64,10,8,110,5,9,59,64,18,0,0,0,0
121332,80,bully,8811,0,0,0,64,73,896,1022,1,100,112521,4799,0,9,1,55,55,NORMAL,0,0,64,10,8,110,5,9,59,64,18,0,0,0,0
121553,22,bully,7054,0,0,0,64,72,896,1008,1,100,114499,4574,0,8,1,56,56,NORMAL,0,0,64,8,8,112,4,8,60,64,16,0,0,0,0
121897,95,bully,8841,0,0,0,64,73,896,1022,1,100,113056,4707,0,9,1,55,55,NORMAL,0,0,64,10,8,110,5,9,59,64,18,0,0,0,0
121347,48,bully,7909,0,0,0,64,72,896,1008,1,100,113438,4587,0,8,1,56,56,NORMAL,0,0,64,8,8,112,4,8,60,64,16,0,0,0,0
121941,66,bully,9289,0,0,0,64,74,896,1036,1,100,112652,5218,0,10,1,55,55,NORMAL,0,0,64,10,8,110,6,10,59,65,18,0,0,0,0
121565,8,bully,6387,0,0,0,65,74,910,1036,1,100,115178,4652,0,9,1,56,56,NORMAL,0,0,65,10,8,112,5,9,60,65,18,0,0,0,0
121807,68,bully,9219,0,0,0,64,73,896,1022,1,100,112588,5231,0,9,1,55,55,NORMAL,0,0,64,10,8,110,5,9,59,64,18,0,0,0,0
121980,86,bully,9226,0,0,0,65,75,910,1050,1,100,112754,5464,0,10,1,55,55,NORMAL,0,0,65,12,8,110,6,10,59,65,20,0,0,0,0
121771,7,bully,6367,0,0,0,65,74,910,1036,1,100,115404,4626,0,9,1,56,56,NORMAL,0,0,65,10,8,112,5,9,60,65,18,0,0,0,0
121936,30,bully,7536,0,0,0,64,72,896,1008,1,100,114400,4586,0,8,1,56,56,NORMAL,0,0,64,8,8,112,4,8,60,64,16,0,0,0,0
121756,39,bully,7713,0,0,0,64,72,896,1008,1,100,114043,4600,0,8,1,56,56,NORMAL,0,0,64,8,8,112,4,8,60,64,16,0,0,0,0
121908,25,bully,7253,0,0,0,64,72,896,1008,1,100,114655,4614,0,8,1,56,56,NORMAL,0,0,64,8,8,112,4,8,60,64,16,0,0,0,0
121776,84,bully,8574,0,0,0,64,73,896,1022,1,100,113202,4597,0,9,1,55,55,NORMAL,0,0,64,10,8,110,5,9,59,64,18,0,0,0,0
121959,56,bully,8311,0,0,0,64,72,896,1008,1,100,113648,4573,0,8,1,56,56,NORMAL,0,0,64,8,8,112,4,8,60,64,16,0,0,0,0
130024,57,bully,9225,1,0,0,69,77,966,1078,1,100,120799,5201,0,9,2,60,60,NORMAL,0,0,69,10,8,120,4,8,64,68,18,0,0,0,0
130081,85,bully,9503,1,0,0,69,78,966,1092,1,100,120578,5422,0,10,2,59,59,NORMAL,0,0,69,12,8,118,5,9,63,68,20,0,0,0,0
130184,88,bully,8830,1,1,4646,69,79,966,1106,1,100,121354,4646,0,11,3,59,59,NORMAL,0,2,70,12,8,118,6,10,63,69,20,0,0,0,0
130044,1,bully,6528,0,0,0,70,79,980,1106,1,100,123516,4612,0,9,1,61,61,NORMAL,0,0,70,10,8,122,5,9,65,70,18,0,0,0,0
130177,41,bully,8335,0,0,0,68,76,952,1064,1,100,121842,4579,0,8,2,60,60,NORMAL,0,0,68,8,8,120,4,8,64,68,16,0,0,0,0
130368,47,bully,8787,0,0,0,68,76,952,1064,1,100,121581,4591,0,8,2,60,60,NORMAL,0,0,68,8,8,120,4,8,64,68,16,0,0,0,0
130014,65,bully,9204,1,0,0,70,79,980,1106,1,100,120810,5190,0,10,2,60,60,NORMAL,0,0,70,12,8,120,5,9,64,69,20,0,0,0,0
130192,9,bully,6787,0,0,0,69,78,966,1092,1,100,123405,4632,0,9,1,60,60,NORMAL,0,0,69,10,8,120,5,9,64,69,18,0,0,0,0
130383,15,bully,7246,0,0,0,68,76,952,1064,1,100,123137,4599,0,8,1,60,60,NORMAL,0,0,68,8,8,120,4,8,64,68,16,0,0,0,0
130162,73,bully,8892,1,1,4730,69,78,966,1092,1,100,121270,4730,0,9,2,60,60,NORMAL,0,2,70,10,8,120,5,9,64,69,18,0,0,0,0
130668,20,bully,7601,0,0,0,68,76,952,1064,1,100,123067,4538,0,8,1,60,60,NORMAL,0,0,68,8,8,120,4,8,64,68,16,0,0,0,0
130653,52,bully,8917,0,0,0,68,76,952,1064,1,100,121736,4515,0,8,2,60,60,NORMAL,0,0,68,8,8,120,4,8,64,68,16,0,0,0,0
130029,33,bully,7493,0,0,0,68,76,952,1064,1,100,122536,4621,0,8,1,60,60,NORMAL,0,0,68,8,8,120,4,8,64,68,16,0,0,0,0
130586,32,bully,7977,0,0,0,68,76,952,1064,1,100,122609,4622,0,8,1,60,60,NORMAL,0,0,68,8,8,120,4,8,64,68,16,0,0,0,0
130096,53,bully,8351,0,0,0,68,76,952,1064,1,100,121745,4519,0,8,2,60,60,NORMAL,0,0,68,8,8,120,4,8,64,68,16,0,0,0,0
130517,11,bully,6961,0,0,0,69,78,966,1092,1,100,123556,4596,0,9,1,60,60,NORMAL,0,0,69,10,8,120,5,9,64,69,18,0,0,0,0
130026,76,bully,8735,0,0,0,69,78,966,1092,1,100,121291,4766,0,9,2,60,60,NORMAL,0,0,69,10,8,120,5,9,64,69,18,0,0,0,0
130111,21,bully,6973,0,0,0,68,76,952,1064,1,100,123138,4559,0,8,1,60,60,NORMAL,0,0,68,8,8,120,4,8,64,68,16,0,0,0,0
130217,82,bully,8808,1,1,4591,69,78,966,1092,1,100,121409,4591,0,9,2,60,60,NORMAL,0,2,70,10,8,120,5,9,64,69,18,0,0,0,0
130299,70,bully,9318,0,0,0,69,78,966,1092,1,100,120981,5256,0,9,2,60,60,NORMAL,0,0,69,10,8,120,5,9,64,69,18,0,0,0,0
130435,35,bully,7908,0,0,0,68,76,952,1064,1,100,122527,4653,0,8,1,60,60,NORMAL,0,0,68,8,8,120,4,8,64,68,16,0,0,0,0
130329,6,bully,6444,0,0,0,70,79,980,1106,1,100,123885,4631,0,9,1,61,61,NORMAL,0,0,70,10,8,122,5,9,65,70,18,0,0,0,0
130094,23,bully,6991,0,0,0,68,76,952,1064,1,100,123103,4615,0,8,1,60,60,NORMAL,0,0,68,8,8,120,4,8,64,68,16,0,0,0,0
130420,99,bully,8873,0,0,0,68,77,952,1078,1,100,121547,4671,0,9,2,59,59,NORMAL,0,0,68,10,8,118,5,9,63,68,18,0,0,0,0
130856,69,bully,9754,0,0,0,69,78,966,1092,1,100,121102,5257,0,9,2,60,60,NORMAL,0,0,69,10,8,120,5,9,64,69,18,0,0,0,0
130723,29,bully,7842,0,0,0,68,76,952,1064,1,100,122881,4621,0,8,1,60,60,NORMAL,0,0,68,8,8,120,4,8,64,68,16,0,0,0,0
130314,38,bully,7766,0,0,0,68,76,952,1064,1,100,122548,4584,0,8,1,60,60,NORMAL,0,0,68,8,8,120,4,8,64,68,16,0,0,0,0
131008,34,bully,8318,0,0,0,68,76,952,1064,1,100,122690,4665,0,8,1,60,60,NORMAL,0,0,68,8,8,120,4,8,64,68,16,0,0,0,0
130693,93,bully,8800,0,0,0,69,78,966,1092,1,100,121893,4726,0,10,3,60,60,NORMAL,0,0,69,10,8,120,5,9,64,69,18,0,0,0,0
130557,96,bully,8657,0,0,0,69,78,966,1092,1,100,121900,4704,0,9,2,60,60,NORMAL,0,0,69,10,8,120,5,9,64,69,18,0,0,0,0
130247,18,bully,6641,0,0,0,69,77,966,1078,1,100,123606,4558,0,8,1,61,61,NORMAL,0,0,69,8,8,122,4,8,65,69,16,0,0,0,0
130859,26,bully,7616,0,0,0,68,76,952,1064,1,100,123243,4654,0,8,1,60,60,NORMAL,0,0,68,8,8,120,4,8,64,68,16,0,0,0,0
130757,74,bully,8994,0,0,0,69,78,966,1092,1,100,121763,4753,0,9,2,60,60,NORMAL,0,0,69,10,8,120,5,9,64,69,18,0,0,0,0
130380,58,bully,8409,0,0,0,69,78,966,1092,1,100,121971,5196,0,9,2,60,60,NORMAL,0,0,69,10,8,120,5,9,64,69,18,0,0,0,0
131280,28,bully,7953,0,0,0,68,76,952,1064,1,100,123327,4598,0,8,1,60,60,NORMAL,0,0,68,8,8,120,4,8,64,68,16,0,0,0,0
130365,90,bully,8033,0,0,0,69,78,966,1092,1,100,122332,4714,0,10,2,60,60,NORMAL,0,0,69,10,8,120,5,9,64,69,18,0,0,0,0
130532,81,bully,8963,0,0,0,69,78,966,1092,1,100,121569,4806,0,9,2,60,60,NORMAL,0,0,69,10,8,120,5,9,64,69,18,0,0,0,0
130993,54,bully,8751,0,0,0,68,76,952,1064,1,100,122242,4558,0,8,1,60,60,NORMAL,0,0,68,8,8,120,4,8,64,68,16,0,0,0,0
130502,87,bully,8831,0,0,0,70,80,980,1120,1,100,121671,5465,0,10,2,60,60,NORMAL,0,0,70,12,8,120,6,10,64,70,20,0,0,0,0
130572,64,bully,8772,0,0,0,69,78,966,1092,1,100,121800,5140,0,9,2,60,60,NORMAL,0,0,69,10,8,120,5,9,64,69,18,0,0,0,0
130744,49,bully,8255,0,0,0,68,76,952,1064,1,100,122489,4570,0,8,1,60,60,NORMAL,0,0,68,8,8,120,4,8,64,68,16,0,0,0,0
130804,17,bully,6922,0,0,0,69,77,966,1078,1,100,123882,4557,0,8,1,61,61,NORMAL,0,0,69,8,8,122,4,8,65,69,16,0,0,0,0
130790,50,bully,8314,0,0,0,68,76,952,1064,1,100,122476,4579,0,8,1,60,60,NORMAL,0,0,68,8,8,120,4,8,64,68,16,0,0,0,0
130978,98,bully,8889,0,0,0,69,78,966,1092,1,100,122089,4681,0,9,1,60,60,NORMAL,0,0,69,10,8,120,5,9,64,69,18,0,0,0,0
131402,43,bully,8567,0,0,0,68,76,952,1064,1,100,122835,4605,0,8,1,60,60,NORMAL,0,0,68,8,8,120,4,8,64,68,16,0,0,0,0
130520,12,bully,6370,0,0,0,69,78,966,1092,1,100,124150,4631,0,9,1,61,61,NORMAL,0,0,69,8,8,122,5,9,65,70,16,0,0,0,0
130708,61,bully,8632,0,0,0,69,78,966,1092,1,100,122076,5091,0,9,1,60,60,NORMAL,0,0,69,10,8,120,5,9,64,69,18,0,0,0,0
131114,36,bully,8012,0,0,0,68,76,952,1064,1,100,123102,4652,0,8,1,60,60,NORMAL,0,0,68,8,8,120,4,8,64,68,16,0,0,0,0
131043,67,bully,9268,0,0,0,69,78,966,1092,1,100,121775,5230,0,9,2,60,60,NORMAL,0,0,69,10,8,120,5,9,64,69,18,0,0,0,0
130941,14,bully,6817,0,0,0,69,77,966,1078,1,100,124124,4594,0,8,1,61,61,NORMAL,0,0,69,8,8,122,4,8,65,69,16,0,0,0,0
131362,16,bully,7334,0,0,0,69,77,966,1078,1,100,124028,4575,0,8,1,61,61,NORMAL,0,0,69,8,8,122,4,8,65,69,16,0,0,0,0
130638,5,bully,6046,0,0,0,71,80,994,1120,1,100,124592,4640,0,9,1,62,62,NORMAL,0,0,71,10,8,124,5,9,66,71,18,0,0,0,0
131533,62,bully,9406,0,0,0,69,78,966,1092,1,100,122127,5109,0,9,1,60,60,NORMAL,0,0,69,10,8,120,5,9,64,69,18,0,0,0,0
131184,72,bully,9555,0,0,0,69,78,966,1092,1,100,121629,5216,0,9,2,60,60,NORMAL,0,0,69,10,8,120,5,9,64,69,18,0,0,0,0
130775,3,bully,6053,0,0,0,71,80,994,1120,1,100,124722,4598,0,9,1,62,62,NORMAL,0,0,71,10,8,124,5,9,66,71,18,0,0,0,0
131356,55,bully,8912,0,0,0,68,76,952,1064,1,100,122444,4609,0,8,1,60,60,NORMAL,0,0,68,8,8,120,4,8,64,68,16,0,0,0,0
130871,37,bully,7600,0,0,0,69,77,966,1078,1,100,123271,4603,0,8,1,61,61,NORMAL,0,0,69,8,8,122,4,8,65,69,16,0,0,0,0
131535,97,bully,9132,0,0,0,69,78,966,1092,1,100,122403,4660,0,9,1,60,60,NORMAL,0,0,69,10,8,120,5,9,64,69,18,0,0,0,0
130911,77,bully,8784,0,0,0,69,78,966,1092,1,100,122127,4780,0,9,1,60,60,NORMAL,0,0,69,10,8,120,5,9,64,69,18,0,0,0,0
131686,44,bully,8605,0,0,0,68,76,952,1064,1,100,123081,4613,0,8,1,60,60,NORMAL,0,0,68,8,8,120,4,8,64,68,16,0,0,0,0
131635,10,bully,7091,0,0,0,70,79,980,1106,1,100,124544,4600,0,9,1,61,61,NORMAL,0,0,70,10,8,122,5,9,65,70,18,0,0,0,0
131157,4,bully,6307,0,0,0,71,80,994,1120,1,100,124850,4636,0,9,1,62,62,NORMAL,0,0,71,10,8,124,5,9,66,71,18,0,0,0,0
131387,89,bully,8500,0,0,0,69,79,966,1106,1,100,122887,4698,0,11,2,60,60,NORMAL,0,0,69,10,8,120,6,10,64,70,18,0,0,0,0
131144,31,bully,7459,0,0,0,69,77,966,1078,1,100,123685,4616,0,8,1,61,61,NORMAL,0,0,69,8,8,122,4,8,65,69,16,0,0,0,0
131196,83,bully,8811,0,0,0,69,78,966,1092,1,100,122385,4615,0,9,1,60,60,NORMAL,0,0,69,10,8,120,5,9,64,69,18,0,0,0,0
131690,19,bully,7396,0,0,0,69,77,966,1078,1,100,124294,4546,0,8,1,61,61,NORMAL,0,0,69,8,8,122,4,8,65,69,16,0,0,0,0
131265,2,bully,6214,0,0,0,71,80,994,1120,1,100,125051,4617,0,9,1,62,62,NORMAL,0,0,71,10,8,124,5,9,66,71,18,0,0,0,0
131129,63,bully,8721,0,0,0,69,78,966,1092,1,100,122408,5115,0,9,1,60,60,NORMAL,0,0,69,10,8,120,5,9,64,69,18,0,0,0,0
131523,92,bully,8687,0,0,0,69,78,966,1092,1,100,122836,4740,0,10,2,60,60,NORMAL,0,0,69,10,8,120,5,9,64,69,18,0,0,0,0
131808,91,bully,8916,0,0,0,69,78,966,1092,1,100,122892,4706,0,10,2,60,60,NORMAL,0,0,69,10,8,120,5,9,64,69,18,0,0,0,0
131164,78,bully,8839,0,0,0,69,78,966,1092,1,100,122325,4805,0,9,1,60,60,NORMAL,0,0,69,10,8,120,5,9,64,69,18,0,0,0,0
131330,60,bully,8715,0,0,0,69,78,966,1092,1,100,122615,5103,0,9,1,60,60,NORMAL,0,0,69,10,8,120,5,9,64,69,18,0,0,0,0
131214,46,bully,7989,0,0,0,69,77,966,1078,1,100,123225,4582,0,8,1,61,61,NORMAL,0,0,69,8,8,122,4,8,65,69,16,0,0,0,0
131944,42,bully,8546,0,0,0,69,77,966,1078,1,100,123398,4607,0,8,1,61,61,NORMAL,0,0,69,8,8,122,4,8,65,69,16,0,0,0,0
131741,71,bully,9675,0,0,0,69,78,966,1092,1,100,122066,5225,0,9,1,60,60,NORMAL,0,0,69,10,8,120,5,9,64,69,18,0,0,0,0
131047,75,bully,8524,0,0,0,69,78,966,1092,1,100,122523,4738,0,9,1,60,60,NORMAL,0,0,69,10,8,120,5,9,64,69,18,0,0,0,0
131417,79,bully,9061,0,0,0,69,78,966,1092,1,100,122356,4790,0,9,1,60,60,NORMAL,0,0,69,10,8,120,5,9,64,69,18,0,0,0,0
131605,40,bully,8046,0,0,0,69,77,966,1078,1,100,123559,4596,0,8,1,61,61,NORMAL,0,0,69,8,8,122,4,8,65,69,16,0,0,0,0
131974,24,bully,7771,0,0,0,69,77,966,1078,1,100,124203,4625,0,8,1,61,61,NORMAL,0,0,69,8,8,122,4,8,65,69,16,0,0,0,0
131483,45,bully,8077,0,0,0,69,77,966,1078,1,100,123406,4591,0,8,1,61,61,NORMAL,0,0,69,8,8,122,4,8,65,69,16,0,0,0,0
131211,51,bully,8111,0,0,0,69,77,966,1078,1,100,123100,4557,0,8,1,61,61,NORMAL,0,0,69,8,8,122,4,8,65,69,16,0,0,0,0
131498,13,bully,6749,0,0,0,69,77,966,1078,1,100,124749,4617,0,8,1,61,61,NORMAL,0,0,69,8,8,122,4,8,65,69,16,0,0,0,0
131864,100,bully,6475,1,1,4612,71,78,994,1092,1,100,125389,4612,0,9,1,62,60,LEADER,1,63,71,10,8,124,5,9,64,69,18,0,0,0,0
131823,59,bully,8913,0,0,0,70,79,980,1106,1,100,122910,5165,0,9,1,61,61,NORMAL,0,0,70,10,8,122,5,9,65,70,18,0,0,0,0
131701,27,bully,7441,0,0,0,69,77,966,1078,1,100,124260,4664,0,8,1,61,61,NORMAL,0,0,69,8,8,122,4,8,65,69,16,0,0,0,0
131672,94,bully,8625,0,0,0,69,78,966,1092,1,100,123047,4708,0,9,1,60,60,NORMAL,0,0,69,10,8,120,5,9,64,69,18,0,0,0,0
131332,80,bully,8811,0,0,0,69,78,966,1092,1,100,122521,4799,0,9,1,60,60,NORMAL,0,0,69,10,8,120,5,9,64,69,18,0,0,0,0
131553,22,bully,7054,0,0,0,69,77,966,1078,1,100,124499,4574,0,8,1,61,61,NORMAL,0,0,69,8,8,122,4,8,65,69,16,0,0,0,0
131897,95,bully,8841,0,0,0,69,78,966,1092,1,100,123056,4707,0,9,1,60,60,NORMAL,0,0,69,10,8,120,5,9,64,69,18,0,0,0,0
131347,48,bully,7909,0,0,0,69,77,966,1078,1,100,123438,4587,0,8,1,61,61,NORMAL,0,0,69,8,8,122,4,8,65,69,16,0,0,0,0
131941,66,bully,9289,0,0,0,69,79,966,1106,1,100,122652,5218,0,10,1,60,60,NORMAL,0,0,69,10,8,120,6,10,64,70,18,0,0,0,0
131565,8,bully,6387,0,0,0,70,79,980,1106,1,100,125178,4652,0,9,1,61,61,NORMAL,0,0,70,10,8,122,5,9,65,70,18,0,0,0,0
131807,68,bully,9219,0,0,0,69,78,966,1092,1,100,122588,5231,0,9,1,60,60,NORMAL,0,0,69,10,8,120,5,9,64,69,18,0,0,0,0
131980,86,bully,9226,0,0,0,70,80,980,1120,1,100,122754,5464,0,10,1,60,60,NORMAL,0,0,70,12,8,120,6,10,64,70,20,0,0,0,0
131771,7,bully,6367,0,0,0,70,79,980,1106,1,100,125404,4626,0,9,1,61,61,NORMAL,0,0,70,10,8,122,5,9,65,70,18,0,0,0,0
131936,30,bully,7536,0,0,0,69,77,966,1078,1,100,124400,4586,0,8,1,61,61,NORMAL,0,0,69,8,8,122,4,8,65,69,16,0,0,0,0
131756,39,bully,7713,0,0,0,69,77,966,1078,1,100,124043,4600,0,8,1,61,61,NORMAL,0,0,69,8,8,122,4,8,65,69,16,0,0,0,0
131908,25,bully,7253,0,0,0,69,77,966,1078,1,100,124655,4614,0,8,1,61,61,NORMAL,0,0,69,8,8,122,4,8,65,69,16,0,0,0,0
131776,84,bully,8574,0,0,0,69,78,966,1092,1,100,123202,4597,0,9,1,60,60,NORMAL,0,0,69,10,8,120,5,9,64,69,18,0,0,0,0
131959,56,bully,8311,0,0,0,69,77,966,1078,1,100,123648,4573,0,8,1,61,61,NORMAL,0,0,69,8,8,122,4,8,65,69,16,0,0,0,0
140024,57,bully,9225,1,0,0,73,81,1022,1134,1,100,130799,5201,0,9,2,64,64,NORMAL,0,0,73,10,8,128,4,8,68,72,18,0,0,0,0
140081,85,bully,9503,1,0,0,74,83,1036,1162,1,100,130578,5422,0,10,2,64,64,NORMAL,0,0,74,12,8,128,5,9,68,73,20,0,0,0,0
140184,88,bully,8830,1,1,4646,74,84,1036,1176,1,100,131354,4646,0,11,3,64,64,NORMAL,0,2,75,12,8,128,6,10,68,74,20,0,0,0,0
140044,1,bully,6528,0,0,0,75,84,1050,1176,1,100,133516,4612,0,9,1,66,66,NORMAL,0,0,75,10,8,132,5,9,70,75,18,0,0,0,0
140177,41,bully,8335,0,0,0,73,81,1022,1134,1,100,131842,4579,0,8,2,65,65,NORMAL,0,0,73,8,8,130,4,8,69,73,16,0,0,0,0
140368,47,bully,8787,0,0,0,73,81,1022,1134,1,100,131581,4591,0,8,2,65,65,NORMAL,0,0,73,8,8,130,4,8,69,73,16,0,0,0,0
140014,65,bully,9204,1,0,0,75,84,1050,1176,1,100,130810,5190,0,10,2,65,65,NORMAL,0,0,75,12,8,130,5,9,69,74,20,0,0,0,0
140192,9,bully,6787,0,0,0,74,83,1036,1162,1,100,133405,4632,0,9,1,65,65,NORMAL,0,0,74,10,8,130,5,9,69,74,18,0,0,0,0
140383,15,bully,7246,0,0,0,73,81,1022,1134,1,100,133137,4599,0,8,1,65,65,NORMAL,0,0,73,8,8,130,4,8,69,73,16,0,0,0,0
140162,73,bully,8892,1,1,4730,74,83,1036,1162,1,100,131270,4730,0,9,2,65,65,NORMAL,0,2,75,10,8,130,5,9,69,74,18,0,0,0,0
140668,20,bully,7601,0,0,0,73,81,1022,1134,1,100,133067,4538,0,8,1,65,65,NORMAL,0,0,73,8,8,130,4,8,69,73,16,0,0,0,0
140653,52,bully,8917,0,0,0,73,81,1022,1134,1,100,131736,4515,0,8,2,65,65,NORMAL,0,0,73,8,8,130,4,8,69,73,16,0,0,0,0
140029,33,bully,7493,0,0,0,73,81,1022,1134,1,100,132536,4621,0,8,1,65,65,NORMAL,0,0,73,8,8,130,4,8,69,73,16,0,0,0,0
140586,32,bully,7977,0,0,0,73,81,1022,1134,1,100,132609,4622,0,8,1,65,65,NORMAL,0,0,73,8,8,130,4,8,69,73,16,0,0,0,0
140096,53,bully,8351,0,0,0,73,81,1022,1134,1,100,131745,4519,0,8,2,65,65,NORMAL,0,0,73,8,8,130,4,8,69,73,16,0,0,0,0
140517,11,bully,6961,0,0,0,74,83,1036,1162,1,100,133556,4596,0,9,1,65,65,NORMAL,0,0,74,10,8,130,5,9,69,74,18,0,0,0,0
140026,76,bully,8735,0,0,0,74,83,1036,1162,1,100,131291,4766,0,9,2,65,65,NORMAL,0,0,74,10,8,130,5,9,69,74,18,0,0,0,0
140111,21,bully,6973,0,0,0,73,81,1022,1134,1,100,133138,4559,0,8,1,65,65,NORMAL,0,0,73,8,8,130,4,8,69,73,16,0,0,0,0
140217,82,bully,8808,1,1,4591,74,83,1036,1162,1,100,131409,4591,0,9,2,65,65,NORMAL,0,2,75,10,8,130,5,9,69,74,18,0,0,0,0
140299,70,bully,9318,0,0,0,74,83,1036,1162,1,100,130981,5256,0,9,2,65,65,NORMAL,0,0,74,10,8,130,5,9,69,74,18,0,0,0,0
140435,35,bully,7908,0,0,0,73,81,1022,1134,1,100,132527,4653,0,8,1,65,65,NORMAL,0,0,73,8,8,130,4,8,69,73,16,0,0,0,0
140329,6,bully,6444,0,0,0,75,84,1050,1176,1,100,133885,4631,0,9,1,66,66,NORMAL,0,0,75,10,8,132,5,9,70,75,18,0,0,0,0
140094,23,bully,6991,0,0,0,73,81,1022,1134,1,100,133103,4615,0,8,1,65,65,NORMAL,0,0,73,8,8,130,4,8,69,73,16,0,0,0,0
140420,99,bully,8873,0,0,0,73,82,1022,1148,1,100,131547,4671,0,9,2,64,64,NORMAL,0,0,73,10,8,128,5,9,68,73,18,0,0,0,0
140856,69,bully,9754,0,0,0,74,83,1036,1162,1,100,131102,5257,0,9,2,65,65,NORMAL,0,0,74,10,8,130,5,9,69,74,18,0,0,0,0
140723,29,bully,7842,0,0,0,73,81,1022,1134,1,100,132881,4621,0,8,1,65,65,NORMAL,0,0,73,8,8,130,4,8,69,73,16,0,0,0,0
140314,38,bully,7766,0,0,0,73,81,1022,1134,1,100,132548,4584,0,8,1,65,65,NORMAL,0,0,73,8,8,130,4,8,69,73,16,0,0,0,0
141008,34,bully,8318,0,0,0,73,81,1022,1134,1,100,132690,4665,0,8,1,65,65,NORMAL,0,0,73,8,8,130,4,8,69,73,16,0,0,0,0
140693,93,bully,8800,0,0,0,74,83,1036,1162,1,100,131893,4726,0,10,3,65,65,NORMAL,0,0,74,10,8,130,5,9,69,74,18,0,0,0,0
140557,96,bully,8657,0,0,0,74,83,1036,1162,1,100,131900,4704,0,9,2,65,65,NORMAL,0,0,74,10,8,130,5,9,69,74,18,0,0,0,0
140247,18,bully,6641,0,0,0,74,82,1036,1148,1,100,133606,4558,0,8,1,66,66,NORMAL,0,0,74,8,8,132,4,8,70,74,16,0,0,0,0
140859,26,bully,7616,0,0,0,73,81,1022,1134,1,100,133243,4654,0,8,1,65,65,NORMAL,0,0,73,8,8,130,4,8,69,73,16,0,0,0,0
140757,74,bully,8994,0,0,0,74,83,1036,1162,1,100,131763,4753,0,9,2,65,65,NORMAL,0,0,74,10,8,130,5,9,69,74,18,0,0,0,0
140380,58,bully,8409,0,0,0,74,83,1036,1162,1,100,131971,5196,0,9,2,65,65,NORMAL,0,0,74,10,8,130,5,9,69,74,18,0,0,0,0
141280,28,bully,7953,0,0,0,73,81,1022,1134,1,100,133327,4598,0,8,1,65,65,NORMAL,0,0,73,8,8,130,4,8,69,73,16,0,0,0,0
140365,90,bully,8033,0,0,0,74,83,1036,1162,1,100,132332,4714,0,10,2,65,65,NORMAL,0,0,74,10,8,130,5,9,69,74,18,0,0,0,0
140532,81,bully,8963,0,0,0,74,83,1036,1162,1,100,131569,4806,0,9,2,65,65,NORMAL,0,0,74,10,8,130,5,9,69,74,18,0,0,0,0
140993,54,bully,8751,0,0,0,73,81,1022,1134,1,100,132242,4558,0,8,1,65,65,NORMAL,0,0,73,8,8,130,4,8,69,73,16,0,0,0,0
140502,87,bully,8831,0,0,0,75,85,1050,1190,1,100,131671,5465,0,10,2,65,65,NORMAL,0,0,75,12,8,130,6,10,69,75,20,0,0,0,0
140572,64,bully,8772,0,0,0,74,83,1036,1162,1,100,131800,5140,0,9,2,65,65,NORMAL,0,0,74,10,8,130,5,9,69,74,18,0,0,0,0
140744,49,bully,8255,0,0,0,73,81,1022,1134,1,100,132489,4570,0,8,1,65,65,NORMAL,0,0,73,8,8,130,4,8,69,73,16,0,0,0,0
140804,17,bully,6922,0,0,0,74,82,1036,1148,1,100,133882,4557,0,8,1,66,66,NORMAL,0,0,74,8,8,132,4,8,70,74,16,0,0,0,0
140790,50,bully,8314,0,0,0,73,81,1022,1134,1,100,132476,4579,0,8,1,65,65,NORMAL,0,0,73,8,8,130,4,8,69,73,16,0,0,0,0
140978,98,bully,8889,0,0,0,74,83,1036,1162,1,100,132089,4681,0,9,1,65,65,NORMAL,0,0,74,10,8,130,5,9,69,74,18,0,0,0,0
141402,43,bully,8567,0,0,0,73,81,1022,1134,1,100,132835,4605,0,8,1,65,65,NORMAL,0,0,73,8,8,130,4,8,69,73,16,0,0,0,0
140520,12,bully,6370,0,0,0,74,83,1036,1162,1,100,134150,4631,0,9,1,66,66,NORMAL,0,0,74,8,8,132,5,9,70,75,16,0,0,0,0
140708,61,bully,8632,0,0,0,74,83,1036,1162,1,100,132076,5091,0,9,1,65,65,NORMAL,0,0,74,10,8,130,5,9,69,74,18,0,0,0,0
141114,36,bully,8012,0,0,0,73,81,1022,1134,1,100,133102,4652,0,8,1,65,65,NORMAL,0,0,73,8,8,130,4,8,69,73,16,0,0,0,0
141043,67,bully,9268,0,0,0,74,83,1036,1162,1,100,131775,5230,0,9,2,65,65,NORMAL,0,0,74,10,8,130,5,9,69,74,18,0,0,0,0
140941,14,bully,6817,0,0,0,74,82,1036,1148,1,100,134124,4594,0,8,1,66,66,NORMAL,0,0,74,8,8,132,4,8,70,74,16,0,0,0,0
141362,16,bully,7334,0,0,0,74,82,1036,1148,1,100,134028,4575,0,8,1,66,66,NORMAL,0,0,74,8,8,132,4,8,70,74,16,0,0,0,0
140638,5,bully,6046,0,0,0,76,85,1064,1190,1,100,134592,4640,0,9,1,67,67,NORMAL,0,0,76,10,8,134,5,9,71,76,18,0,0,0,0
141533,62,bully,9406,0,0,0,74,83,1036,1162,1,100,132127,5109,0,9,1,65,65,NORMAL,0,0,74,10,8,130,5,9,69,74,18,0,0,0,0
141184,72,bully,9555,0,0,0,74,83,1036,1162,1,100,131629,5216,0,9,2,65,65,NORMAL,0,0,74,10,8,130,5,9,69,74,18,0,0,0,0
140775,3,bully,6053,0,0,0,76,85,1064,1190,1,100,134722,4598,0,9,1,67,67,NORMAL,0,0,76,10,8,134,5,9,71,76,18,0,0,0,0
141356,55,bully,8912,0,0,0,73,81,1022,1134,1,100,132444,4609,0,8,1,65,65,NORMAL,0,0,73,8,8,130,4,8,69,73,16,0,0,0,0
140871,37,bully,7600,0,0,0,74,82,1036,1148,1,100,133271,4603,0,8,1,66,66,NORMAL,0,0,74,8,8,132,4,8,70,74,16,0,0,0,0
141535,97,bully,9132,0,0,0,74,83,1036,1162,1,100,132403,4660,0,9,1,65,65,NORMAL,0,0,74,10,8,130,5,9,69,74,18,0,0,0,0
140911,77,bully,8784,0,0,0,74,83,1036,1162,1,100,132127,4780,0,9,1,65,65,NORMAL,0,0,74,10,8,130,5,9,69,74,18,0,0,0,0
141686,44,bully,8605,0,0,0,73,81,1022,1134,1,100,133081,4613,0,8,1,65,65,NORMAL,0,0,73,8,8,130,4,8,69,73,16,0,0,0,0
141635,10,bully,7091,0,0,0,75,84,1050,1176,1,100,134544,4600,0,9,1,66,66,NORMAL,0,0,75,10,8,132,5,9,70,75,18,0,0,0,0
141157,4,bully,6307,0,0,0,76,85,1064,1190,1,100,134850,4636,0,9,1,67,67,NORMAL,0,0,76,10,8,134,5,9,71,76,18,0,0,0,0
141387,89,bully,8500,0,0,0,74,84,1036,1176,1,100,132887,4698,0,11,2,65,65,NORMAL,0,0,74,10,8,130,6,10,69,75,18,0,0,0,0
141144,31,bully,7459,0,0,0,74,82,1036,1148,1,100,133685,4616,0,8,1,66,66,NORMAL,0,0,74,8,8,132,4,8,70,74,16,0,0,0,0
141196,83,bully,8811,0,0,0,74,83,1036,1162,1,100,132385,4615,0,9,1,65,65,NORMAL,0,0,74,10,8,130,5,9,69,74,18,0,0,0,0
141690,19,bully,7396,0,0,0,74,82,1036,1148,1,100,134294,4546,0,8,1,66,66,NORMAL,0,0,74,8,8,132,4,8,70,74,16,0,0,0,0
141265,2,bully,6214,0,0,0,76,85,1064,1190,1,100,135051,4617,0,9,1,67,67,NORMAL,0,0,76,10,8,134,5,9,71,76,18,0,0,0,0
141129,63,bully,8721,0,0,0,74,83,1036,1162,1,100,132408,5115,0,9,1,65,65,NORMAL,0,0,74,10,8,130,5,9,69,74,18,0,0,0,0
141523,92,bully,8687,0,0,0,74,83,1036,1162,1,100,132836,4740,0,10,2,65,65,NORMAL,0,0,74,10,8,130,5,9,69,74,18,0,0,0,0
141808,91,bully,8916,0,0,0,74,83,1036,1162,1,100,132892,4706,0,10,2,65,65,NORMAL,0,0,74,10,8,130,5,9,69,74,18,0,0,0,0
141164,78,bully,8839,0,0,0,74,83,1036,1162,1,100,132325,4805,0,9,1,65,65,NORMAL,0,0,74,10,8,130,5,9,69,74,18,0,0,0,0
141330,60,bully,8715,0,0,0,74,83,1036,1162,1,100,132615,5103,0,9,1,65,65,NORMAL,0,0,74,10,8,130,5,9,69,74,18,0,0,0,0
141214,46,bully,7989,0,0,0,74,82,1036,1148,1,100,133225,4582,0,8,1,66,66,NORMAL,0,0,74,8,8,132,4,8,70,74,16,0,0,0,0
141944,42,bully,8546,0,0,0,74,82,1036,1148,1,100,133398,4607,0,8,1,66,66,NORMAL,0,0,74,8,8,132,4,8,70,74,16,0,0,0,0
141741,71,bully,9675,0,0,0,74,83,1036,1162,1,100,132066,5225,0,9,1,65,65,NORMAL,0,0,74,10,8,130,5,9,69,74,18,0,0,0,0
141047,75,bully,8524,0,0,0,74,83,1036,1162,1,100,132523,4738,0,9,1,65,65,NORMAL,0,0,74,10,8,130,5,9,69,74,18,0,0,0,0
141417,79,bully,9061,0,0,0,74,83,1036,1162,1,100,132356,4790,0,9,1,65,65,NORMAL,0,0,74,10,8,130,5,9,69,74,18,0,0,0,0
141605,40,bully,8046,0,0,0,74,82,1036,1148,1,100,133559,4596,0,8,1,66,66,NORMAL,0,0,74,8,8,132,4,8,70,74,16,0,0,0,0
141974,24,bully,7771,0,0,0,74,82,1036,1148,1,100,134203,4625,0,8,1,66,66,NORMAL,0,0,74,8,8,132,4,8,70,74,16,0,0,0,0
141483,45,bully,8077,0,0,0,74,82,1036,1148,1,100,133406,4591,0,8,1,66,66,NORMAL,0,0,74,8,8,132,4,8,70,74,16,0,0,0,0
141211,51,bully,8111,0,0,0,74,82,1036,1148,1,100,133100,4557,0,8,1,66,66,NORMAL,0,0,74,8,8,132,4,8,70,74,16,0,0,0,0
141498,13,bully,6749,0,0,0,74,82,1036,1148,1,100,134749,4617,0,8,1,66,66,NORMAL,0,0,74,8,8,132,4,8,70,74,16,0,0,0,0
141864,100,bully,6475,1,1,4612,76,83,1064,1162,1,100,135389,4612,0,9,1,67,65,LEADER,1,68,76,10,8,134,5,9,69,74,18,0,0,0,0
141823,59,bully,8913,0,0,0,75,84,1050,1176,1,100,132910,5165,0,9,1,66,66,NORMAL,0,0,75,10,8,132,5,9,70,75,18,0,0,0,0
141701,27,bully,7441,0,0,0,74,82,1036,1148,1,100,134260,4664,0,8,1,66,66,NORMAL,0,0,74,8,8,132,4,8,70,74,16,0,0,0,0
141672,94,bully,8625,0,0,0,74,83,1036,1162,1,100,133047,4708,0,9,1,65,65,NORMAL,0,0,74,10,8,130,5,9,69,74,18,0,0,0,0
141332,80,bully,8811,0,0,0,74,83,1036,1162,1,100,132521,4799,0,9,1,65,65,NORMAL,0,0,74,10,8,130,5,9,69,74,18,0,0,0,0
141553,22,bully,7054,0,0,0,74,82,1036,1148,1,100,134499,4574,0,8,1,66,66,NORMAL,0,0,74,8,8,132,4,8,70,74,16,0,0,0,0
141897,95,bully,8841,0,0,0,74,83,1036,1162,1,100,133056,4707,0,9,1,65,65,NORMAL,0,0,74,10,8,130,5,9,69,74,18,0,0,0,0
141347,48,bully,7909,0,0,0,74,82,1036,1148,1,100,133438,4587,0,8,1,66,66,NORMAL,0,0,74,8,8,132,4,8,70,74,16,0,0,0,0
141941,66,bully,9289,0,0,0,74,84,1036,1176,1,100,132652,5218,0,10,1,65,65,NORMAL,0,0,74,10,8,130,6,10,69,75,18,0,0,0,0
141565,8,bully,6387,0,0,0,75,84,1050,1176,1,100,135178,4652,0,9,1,66,66,NORMAL,0,0,75,10,8,132,5,9,70,75,18,0,0,0,0
141807,68,bully,9219,0,0,0,74,83,1036,1162,1,100,132588,5231,0,9,1,65,65,NORMAL,0,0,74,10,8,130,5,9,69,74,18,0,0,0,0
141980,86,bully,9226,0,0,0,75,85,1050,1190,1,100,132754,5464,0,10,1,65,65,NORMAL,0,0,75,12,8,130,6,10,69,75,20,0,0,0,0
141771,7,bully,6367,0,0,0,75,84,1050,1176,1,100,135404,4626,0,9,1,66,66,NORMAL,0,0,75,10,8,132,5,9,70,75,18,0,0,0,0
141936,30,bully,7536,0,0,0,74,82,1036,1148,1,100,134400,4586,0,8,1,66,66,NORMAL,0,0,74,8,8,132,4,8,70,74,16,0,0,0,0
141756,39,bully,7713,0,0,0,74,82,1036,1148,1,100,134043,4600,0,8,1,66,66,NORMAL,0,0,74,8,8,132,4,8,70,74,16,0,0,0,0
141908,25,bully,7253,0,0,0,74,82,1036,1148,1,100,134655,4614,0,8,1,66,66,NORMAL,0,0,74,8,8,132,4,8,70,74,16,0,0,0,0
141776,84,bully,8574,0,0,0,74,83,1036,1162,1,100,133202,4597,0,9,1,65,65,NORMAL,0,0,74,10,8,130,5,9,69,74,18,0,0,0,0
141959,56,bully,8311,0,0,0,74,82,1036,1148,1,100,133648,4573,0,8,1,66,66,NORMAL,0,0,74,8,8,132,4,8,70,74,16,0,0,0,0
150024,57,bully,9225,1,0,0,79,87,1106,1218,1,100,140799,5201,0,9,2,70,70,NORMAL,0,0,79,10,8,140,4,8,74,78,18,0,0,0,0
150081,85,bully,9503,1,0,0,79,88,1106,1232,1,100,140578,5422,0,10,2,69,69,NORMAL,0,0,79,12,8,138,5,9,73,78,20,0,0,0,0
150184,88,bully,8830,1,1,4646,79,89,1106,1246,1,100,141354,4646,0,11,3,69,69,NORMAL,0,2,80,12,8,138,6,10,73,79,20,0,0,0,0
150044,1,bully,6528,0,0,0,80,89,1120,1246,1,100,143516,4612,0,9,1,71,71,NORMAL,0,0,80,10,8,142,5,9,75,80,18,0,0,0,0
150177,41,bully,8335,0,0,0,78,86,1092,1204,1,100,141842,4579,0,8,2,70,70,NORMAL,0,0,78,8,8,140,4,8,74,78,16,0,0,0,0
150368,47,bully,8787,0,0,0,78,86,1092,1204,1,100,141581,4591,0,8,2,70,70,NORMAL,0,0,78,8,8,140,4,8,74,78,16,0,0,0,0
150014,65,bully,9204,1,0,0,80,89,1120,1246,1,100,140810,5190,0,10,2,70,70,NORMAL,0,0,80,12,8,140,5,9,74,79,20,0,0,0,0
150192,9,bully,6787,0,0,0,79,88,1106,1232,1,100,143405,4632,0,9,1,70,70,NORMAL,0,0,79,10,8,140,5,9,74,79,18,0,0,0,0
150383,15,bully,7246,0,0,0,78,86,1092,1204,1,100,143137,4599,0,8,1,70,70,NORMAL,0,0,78,8,8,140,4,8,74,78,16,0,0,0,0
150162,73,bully,8892,1,1,4730,79,88,1106,1232,1,100,141270,4730,0,9,2,70,70,NORMAL,0,2,80,10,8,140,5,9,74,79,18,0,0,0,0
150668,20,bully,7601,0,0,0,78,86,1092,1204,1,100,143067,4538,0,8,1,70,70,NORMAL,0,0,78,8,8,140,4,8,74,78,16,0,0,0,0
150653,52,bully,8917,0,0,0,78,86,1092,1204,1,100,141736,4515,0,8,2,70,70,NORMAL,0,0,78,8,8,140,4,8,74,78,16,0,0,0,0
150029,33,bully,7493,0,0,0,78,86,1092,1204,1,100,142536,4621,0,8,1,70,70,NORMAL,0,0,78,8,8,140,4,8,74,78,16,0,0,0,0
150586,32,bully,7977,0,0,0,78,86,1092,1204,1,100,142609,4622,0,8,1,70,70,NORMAL,0,0,78,8,8,140,4,8,74,78,16,0,0,0,0
150096,53,bully,8351,0,0,0,78,86,1092,1204,1,100,141745,4519,0,8,2,70,70,NORMAL,0,0,78,8,8,140,4,8,74,78,16,0,0,0,0
150517,11,bully,6961,0,0,0,79,88,1106,1232,1,100,143556,4596,0,9,1,70,70,NORMAL,0,0,79,10,8,140,5,9,74,79,18,0,0,0,0
150026,76,bully,8735,0,0,0,79,88,1106,1232,1,100,141291,4766,0,9,2,70,70,NORMAL,0,0,79,10,8,140,5,9,74,79,18,0,0,0,0
150111,21,bully,6973,0,0,0,78,86,1092,1204,1,100,143138,4559,0,8,1,70,70,NORMAL,0,0,78,8,8,140,4,8,74,78,16,0,0,0,0
150217,82,bully,8808,1,1,4591,79,88,1106,1232,1,100,141409,4591,0,9,2,70,70,NORMAL,0,2,80,10,8,140,5,9,74,79,18,0,0,0,0
150299,70,bully,9318,0,0,0,79,88,1106,1232,1,100,140981,5256,0,9,2,70,70,NORMAL,0,0,79,10,8,140,5,9,74,79,18,0,0,0,0
150435,35,bully,7908,0,0,0,78,86,1092,1204,1,100,142527,4653,0,8,1,70,70,NORMAL,0,0,78,8,8,140,4,8,74,78,16,0,0,0,0
150330,6,bully,6444,0,0,0,80,89,1120,1246,1,100,143886,4631,0,9,1,71,71,NORMAL,0,0,80,10,8,142,5,9,75,80,18,0,0,0,0
150094,23,bully,6991,0,0,0,78,86,1092,1204,1,100,143103,4615,0,8,1,70,70,NORMAL,0,0,78,8,8,140,4,8,74,78,16,0,0,0,0
150420,99,bully,8873,0,0,0,78,87,1092,1218,1,100,141547,4671,0,9,2,69,69,NORMAL,0,0,78,10,8,138,5,9,73,78,18,0,0,0,0
150856,69,bully,9754,0,0,0,79,88,1106,1232,1,100,141102,5257,0,9,2,70,70,NORMAL,0,0,79,10,8,140,5,9,74,79,18,0,0,0,0
150723,29,bully,7842,0,0,0,78,86,1092,1204,1,100,142881,4621,0,8,1,70,70,NORMAL,0,0,78,8,8,140,4,8,74,78,16,0,0,0,0
150314,38,bully,7766,0,0,0,78,86,1092,1204,1,100,142548,4584,0,8,1,70,70,NORMAL,0,0,78,8,8,140,4,8,74,78,16,0,0,0,0
151008,34,bully,8318,0,0,0,78,86,1092,1204,1,100,142690,4665,0,8,1,70,70,NORMAL,0,0,78,8,8,140,4,8,74,78,16,0,0,0,0
150693,93,bully,8800,0,0,0,79,88,1106,1232,1,100,141893,4726,0,10,3,70,70,NORMAL,0,0,79,10,8,140,5,9,74,79,18,0,0,0,0
150557,96,bully,8657,0,0,0,79,88,1106,1232,1,100,141900,4704,0,9,2,70,70,NORMAL,0,0,79,10,8,140,5,9,74,79,18,0,0,0,0
150247,18,bully,6641,0,0,0,79,87,1106,1218,1,100,143606,4558,0,8,1,71,71,NORMAL,0,0,79,8,8,142,4,8,75,79,16,0,0,0,0
150859,26,bully,7616,0,0,0,78,86,1092,1204,1,100,143243,4654,0,8,1,70,70,NORMAL,0,0,78,8,8,140,4,8,74,78,16,0,0,0,0
150757,74,bully,8994,0,0,0,79,88,1106,1232,1,100,141763,4753,0,9,2,70,70,NORMAL,0,0,79,10,8,140,5,9,74,79,18,0,0,0,0
150380,58,bully,8409,0,0,0,79,88,1106,1232,1,100,141971,5196,0,9,2,70,70,NORMAL,0,0,79,10,8,140,5,9,74,79,18,0,0,0,0
151280,28,bully,7953,0,0,0,78,86,1092,1204,1,100,143327,4598,0,8,1,70,70,NORMAL,0,0,78,8,8,140,4,8,74,78,16,0,0,0,0
150365,90,bully,8033,0,0,0,79,88,1106,1232,1,100,142332,4714,0,10,2,70,70,NORMAL,0,0,79,10,8,140,5,9,74,79,18,0,0,0,0
150532,81,bully,8963,0,0,0,79,88,1106,1232,1,100,141569,4806,0,9,2,70,70,NORMAL,0,0,79,10,8,140,5,9,74,79,18,0,0,0,0
150993,54,bully,8751,0,0,0,78,86,1092,1204,1,100,142242,4558,0,8,1,70,70,NORMAL,0,0,78,8,8,140,4,8,74,78,16,0,0,0,0
150502,87,bully,8831,0,0,0,80,90,1120,1260,1,100,141671,5465,0,10,2,70,70,NORMAL,0,0,80,12,8,140,6,10,74,80,20,0,0,0,0
150572,64,bully,8772,0,0,0,79,88,1106,1232,1,100,141800,5140,0,9,2,70,70,NORMAL,0,0,79,10,8,140,5,9,74,79,18,0,0,0,0
150744,49,bully,8255,0,0,0,78,86,1092,1204,1,100,142489,4570,0,8,1,70,70,NORMAL,0,0,78,8,8,140,4,8,74,78,16,0,0,0,0
150804,17,bully,6922,0,0,0,79,87,1106,1218,1,100,143882,4557,0,8,1,71,71,NORMAL,0,0,79,8,8,142,4,8,75,79,16,0,0,0,0
150790,50,bully,8314,0,0,0,78,86,1092,1204,1,100,142476,4579,0,8,1,70,70,NORMAL,0,0,78,8,8,140,4,8,74,78,16,0,0,0,0
150978,98,bully,8889,0,0,0,79,88,1106,1232,1,100,142089,4681,0,9,1,70,70,NORMAL,0,0,79,10,8,140,5,9,74,79,18,0,0,0,0
151402,43,bully,8567,0,0,0,78,86,1092,1204,1,100,142835,4605,0,8,1,70,70,NORMAL,0,0,78,8,8,140,4,8,74,78,16,0,0,0,0
150520,12,bully,6370,0,0,0,79,88,1106,1232,1,100,144150,4631,0,9,1,71,71,NORMAL,0,0,79,8,8,142,5,9,75,80,16,0,0,0,0
150708,61,bully,8632,0,0,0,79,88,1106,1232,1,100,142076,5091,0,9,1,70,70,NORMAL,0,0,79,10,8,140,5,9,74,79,18,0,0,0,0
151114,36,bully,8012,0,0,0,78,86,1092,1204,1,100,143102,4652,0,8,1,70,70,NORMAL,0,0,78,8,8,140,4,8,74,78,16,0,0,0,0
151043,67,bully,9268,0,0,0,79,88,1106,1232,1,100,141775,5230,0,9,2,70,70,NORMAL,0,0,79,10,8,140,5,9,74,79,18,0,0,0,0
150941,14,bully,6817,0,0,0,79,87,1106,1218,1,100,144124,4594,0,8,1,71,71,NORMAL,0,0,79,8,8,142,4,8,75,79,16,0,0,0,0
151362,16,bully,7334,0,0,0,79,87,1106,1218,1,100,144028,4575,0,8,1,71,71,NORMAL,0,0,79,8,8,142,4,8,75,79,16,0,0,0,0
150638,5,bully,6046,0,0,0,81,90,1134,1260,1,100,144592,4640,0,9,1,72,72,NORMAL,0,0,81,10,8,144,5,9,76,81,18,0,0,0,0
151533,62,bully,9406,0,0,0,79,88,1106,1232,1,100,142127,5109,0,9,1,70,70,NORMAL,0,0,79,10,8,140,5,9,74,79,18,0,0,0,0
151184,72,bully,9555,0,0,0,79,88,1106,1232,1,100,141629,5216,0,9,2,70,70,NORMAL,0,0,79,10,8,140,5,9,74,79,18,0,0,0,0
150775,3,bully,6053,0,0,0,81,90,1134,1260,1,100,144722,4598,0,9,1,72,72,NORMAL,0,0,81,10,8,144,5,9,76,81,18,0,0,0,0
151356,55,bully,8912,0,0,0,78,86,1092,1204,1,100,142444,4609,0,8,1,70,70,NORMAL,0,0,78,8,8,140,4,8,74,78,16,0,0,0,0
150871,37,bully,7600,0,0,0,79,87,1106,1218,1,100,143271,4603,0,8,1,71,71,NORMAL,0,0,79,8,8,142,4,8,75,79,16,0,0,0,0
151535,97,bully,9132,0,0,0,79,88,1106,1232,1,100,142403,4660,0,9,1,70,70,NORMAL,0,0,79,10,8,140,5,9,74,79,18,0,0,0,0
150911,77,bully,8784,0,0,0,79,88,1106,1232,1,100,142127,4780,0,9,1,70,70,NORMAL,0,0,79,10,8,140,5,9,74,79,18,0,0,0,0
151686,44,bully,8605,0,0,0,78,86,1092,1204,1,100,143081,4613,0,8,1,70,70,NORMAL,0,0,78,8,8,140,4,8,74,78,16,0,0,0,0
151635,10,bully,7091,0,0,0,80,89,1120,1246,1,100,144544,4600,0,9,1,71,71,NORMAL,0,0,80,10,8,142,5,9,75,80,18,0,0,0,0
151157,4,bully,6307,0,0,0,81,90,1134,1260,1,100,144850,4636,0,9,1,72,72,NORMAL,0,0,81,10,8,144,5,9,76,81,18,0,0,0,0
151387,89,bully,8500,0,0,0,79,89,1106,1246,1,100,142887,4698,0,11,2,70,70,NORMAL,0,0,79,10,8,140,6,10,74,80,18,0,0,0,0
151144,31,bully,7459,0,0,0,79,87,1106,1218,1,100,143685,4616,0,8,1,71,71,NORMAL,0,0,79,8,8,142,4,8,75,79,16,0,0,0,0
151196,83,bully,8811,0,0,0,79,88,1106,1232,1,100,142385,4615,0,9,1,70,70,NORMAL,0,0,79,10,8,140,5,9,74,79,18,0,0,0,0
151690,19,bully,7396,0,0,0,79,87,1106,1218,1,100,144294,4546,0,8,1,71,71,NORMAL,0,0,79,8,8,142,4,8,75,79,16,0,0,0,0
151265,2,bully,6214,0,0,0,81,90,1134,1260,1,100,145051,4617,0,9,1,72,72,NORMAL,0,0,81,10,8,144,5,9,76,81,18,0,0,0,0
151129,63,bully,8721,0,0,0,79,88,1106,1232,1,100,142408,5115,0,9,1,70,70,NORMAL,0,0,79,10,8,140,5,9,74,79,18,0,0,0,0
151523,92,bully,8687,0,0,0,79,88,1106,1232,1,100,142836,4740,0,10,2,70,70,NORMAL,0,0,79,10,8,140,5,9,74,79,18,0,0,0,0
151808,91,bully,8916,0,0,0,79,88,1106,1232,1,100,142892,4706,0,10,2,70,70,NORMAL,0,0,79,10,8,140,5,9,74,79,18,0,0,0,0
151164,78,bully,8839,0,0,0,79,88,1106,1232,1,100,142325,4805,0,9,1,70,70,NORMAL,0,0,79,10,8,140,5,9,74,79,18,0,0,0,0
151330,60,bully,8715,0,0,0,79,88,1106,1232,1,100,142615,5103,0,9,1,70,70,NORMAL,0,0,79,10,8,140,5,9,74,79,18,0,0,0,0
151214,46,bully,7989,0,0,0,79,87,1106,1218,1,100,143225,4582,0,8,1,71,71,NORMAL,0,0,79,8,8,142,4,8,75,79,16,0,0,0,0
151944,42,bully,8546,0,0,0,79,87,1106,1218,1,100,143398,4607,0,8,1,71,71,NORMAL,0,0,79,8,8,142,4,8,75,79,16,0,0,0,0
151741,71,bully,9675,0,0,0,79,88,1106,1232,1,100,142066,5225,0,9,1,70,70,NORMAL,0,0,79,10,8,140,5,9,74,79,18,0,0,0,0
151047,75,bully,8524,0,0,0,79,88,1106,1232,1,100,142523,4738,0,9,1,70,70,NORMAL,0,0,79,10,8,140,5,9,74,79,18,0,0,0,0
151417,79,bully,9061,0,0,0,79,88,1106,1232,1,100,142356,4790,0,9,1,70,70,NORMAL,0,0,79,10,8,140,5,9,74,79,18,0,0,0,0
151605,40,bully,8046,0,0,0,79,87,1106,1218,1,100,143559,4596,0,8,1,71,71,NORMAL,0,0,79,8,8,142,4,8,75,79,16,0,0,0,0
151974,24,bully,7771,0,0,0,79,87,1106,1218,1,100,144203,4625,0,8,1,71,71,NORMAL,0,0,79,8,8,142,4,8,75,79,16,0,0,0,0
151483,45,bully,8077,0,0,0,79,87,1106,1218,1,100,143406,4591,0,8,1,71,71,NORMAL,0,0,79,8,8,142,4,8,75,79,16,0,0,0,0
151211,51,bully,8111,0,0,0,79,87,1106,1218,1,100,143100,4557,0,8,1,71,71,NORMAL,0,0,79,8,8,142,4,8,75,79,16,0,0,0,0
151498,13,bully,6749,0,0,0,79,87,1106,1218,1,100,144749,4617,0,8,1,71,71,NORMAL,0,0,79,8,8,142,4,8,75,79,16,0,0,0,0
151864,100,bully,6475,1,1,4612,81,88,1134,1232,1,100,145389,4612,0,9,1,72,70,LEADER,1,73,81,10,8,144,5,9,74,79,18,0,0,0,0
151823,59,bully,8913,0,0,0,80,89,1120,1246,1,100,142910,5165,0,9,1,71,71,NORMAL,0,0,80,10,8,142,5,9,75,80,18,0,0,0,0
151701,27,bully,7441,0,0,0,79,87,1106,1218,1,100,144260,4664,0,8,1,71,71,NORMAL,0,0,79,8,8,142,4,8,75,79,16,0,0,0,0
151672,94,bully,8625,0,0,0,79,88,1106,1232,1,100,143047,4708,0,9,1,70,70,NORMAL,0,0,79,10,8,140,5,9,74,79,18,0,0,0,0
151332,80,bully,8811,0,0,0,79,88,1106,1232,1,100,142521,4799,0,9,1,70,70,NORMAL,0,0,79,10,8,140,5,9,74,79,18,0,0,0,0
151553,22,bully,7054,0,0,0,79,87,1106,1218,1,100,144499,4574,0,8,1,71,71,NORMAL,0,0,79,8,8,142,4,8,75,79,16,0,0,0,0
151897,95,bully,8841,0,0,0,79,88,1106,1232,1,100,143056,4707,0,9,1,70,70,NORMAL,0,0,79,10,8,140,5,9,74,79,18,0,0,0,0
151347,48,bully,7909,0,0,0,79,87,1106,1218,1,100,143438,4587,0,8,1,71,71,NORMAL,0,0,79,8,8,142,4,8,75,79,16,0,0,0,0
151941,66,bully,9289,0,0,0,80,90,1120,1260,1,100,142652,5218,0,10,1,71,71,NORMAL,0,0,80,10,8,142,6,10,75,81,18,0,0,0,0
151565,8,bully,6387,0,0,0,80,89,1120,1246,1,100,145178,4652,0,9,1,71,71,NORMAL,0,0,80,10,8,142,5,9,75,80,18,0,0,0,0
151807,68,bully,9219,0,0,0,80,89,1120,1246,1,100,142588,5231,0,9,1,71,71,NORMAL,0,0,80,10,8,142,5,9,75,80,18,0,0,0,0
151980,86,bully,9226,0,0,0,80,90,1120,1260,1,100,142754,5464,0,10,1,70,70,NORMAL,0,0,80,12,8,140,6,10,74,80,20,0,0,0,0
151771,7,bully,6367,0,0,0,80,89,1120,1246,1,100,145404,4626,0,9,1,71,71,NORMAL,0,0,80,10,8,142,5,9,75,80,18,0,0,0,0
151936,30,bully,7536,0,0,0,79,87,1106,1218,1,100,144400,4586,0,8,1,71,71,NORMAL,0,0,79,8,8,142,4,8,75,79,16,0,0,0,0
151756,39,bully,7713,0,0,0,79,87,1106,1218,1,100,144043,4600,0,8,1,71,71,NORMAL,0,0,79,8,8,142,4,8,75,79,16,0,0,0,0
151908,25,bully,7253,0,0,0,79,87,1106,1218,1,100,144655,4614,0,8,1,71,71,NORMAL,0,0,79,8,8,142,4,8,75,79,16,0,0,0,0
151776,84,bully,8574,0,0,0,79,88,1106,1232,1,100,143202,4597,0,9,1,70,70,NORMAL,0,0,79,10,8,140,5,9,74,79,18,0,0,0,0
151959,56,bully,8311,0,0,0,79,87,1106,1218,1,100,143648,4573,0,8,1,71,71,NORMAL,0,0,79,8,8,142,4,8,75,79,16,0,0,0,0
160024,57,bully,9225,1,0,0,83,91,1162,1274,1,100,150799,5201,0,9,2,74,74,NORMAL,0,0,83,10,8,148,4,8,78,82,18,0,0,0,0
160081,85,bully,9503,1,0,0,84,93,1176,1302,1,100,150578,5422,0,10,2,74,74,NORMAL,0,0,84,12,8,148,5,9,78,83,20,0,0,0,0
160184,88,bully,8830,1,1,4646,84,94,1176,1316,1,100,151354,4646,0,11,3,74,74,NORMAL,0,2,85,12,8,148,6,10,78,84,20,0,0,0,0
160044,1,bully,6528,0,0,0,85,94,1190,1316,1,100,153516,4612,0,9,1,76,76,NORMAL,0,0,85,10,8,152,5,9,80,85,18,0,0,0,0
160177,41,bully,8335,0,0,0,83,91,1162,1274,1,100,151842,4579,0,8,2,75,75,NORMAL,0,0,83,8,8,150,4,8,79,83,16,0,0,0,0
160368,47,bully,8787,0,0,0,83,91,1162,1274,1,100,151581,4591,0,8,2,75,75,NORMAL,0,0,83,8,8,150,4,8,79,83,16,0,0,0,0
160014,65,bully,9204,1,0,0,85,94,1190,1316,1,100,150810,5190,0,10,2,75,75,NORMAL,0,0,85,12,8,150,5,9,79,84,20,0,0,0,0
160192,9,bully,6787,0,0,0,84,93,1176,1302,1,100,153405,4632,0,9,1,75,75,NORMAL,0,0,84,10,8,150,5,9,79,84,18,0,0,0,0
160383,15,bully,7246,0,0,0,83,91,1162,1274,1,100,153137,4599,0,8,1,75,75,NORMAL,0,0,83,8,8,150,4,8,79,83,16,0,0,0,0
160162,73,bully,8892,1,1,4730,84,93,1176,1302,1,100,151270,4730,0,9,2,75,75,NORMAL,0,2,85,10,8,150,5,9,79,84,18,0,0,0,0
160668,20,bully,7601,0,0,0,83,91,1162,1274,1,100,153067,4538,0,8,1,75,75,NORMAL,0,0,83,8,8,150,4,8,79,83,16,0,0,0,0
160653,52,bully,8917,0,0,0,83,91,1162,1274,1,100,151736,4515,0,8,2,75,75,NORMAL,0,0,83,8,8,150,4,8,79,83,16,0,0,0,0
160029,33,bully,7493,0,0,0,83,91,1162,1274,1,100,152536,4621,0,8,1,75,75,NORMAL,0,0,83,8,8,150,4,8,79,83,16,0,0,0,0
160586,32,bully,7977,0,0,0,83,91,1162,1274,1,100,152609,4622,0,8,1,75,75,NORMAL,0,0,83,8,8,150,4,8,79,83,16,0,0,0,0
160096,53,bully,8351,0,0,0,83,91,1162,1274,1,100,151745,4519,0,8,2,75,75,NORMAL,0,0,83,8,8,150,4,8,79,83,16,0,0,0,0
160517,11,bully,6961,0,0,0,84,93,1176,1302,1,100,153556,4596,0,9,1,75,75,NORMAL,0,0,84,10,8,150,5,9,79,84,18,0,0,0,0
160026,76,bully,8735,0,0,0,84,93,1176,1302,1,100,151291,4766,0,9,2,75,75,NORMAL,0,0,84,10,8,150,5,9,79,84,18,0,0,0,0
160111,21,bully,6973,0,0,0,83,91,1162,1274,1,100,153138,4559,0,8,1,75,75,NORMAL,0,0,83,8,8,150,4,8,79,83,16,0,0,0,0
160217,82,bully,8808,1,1,4591,84,93,1176,1302,1,100,151409,4591,0,9,2,75,75,NORMAL,0,2,85,10,8,150,5,9,79,84,18,0,0,0,0
160299,70,bully,9318,0,0,0,84,93,1176,1302,1,100,150981,5256,0,9,2,75,75,NORMAL,0,0,84,10,8,150,5,9,79,84,18,0,0,0,0
160435,35,bully,7908,0,0,0,83,91,1162,1274,1,100,152527,4653,0,8,1,75,75,NORMAL,0,0,83,8,8,150,4,8,79,83,16,0,0,0,0
160331,6,bully,6444,0,0,0,85,94,1190,1316,1,100,153887,4631,0,9,1,76,76,NORMAL,0,0,85,10,8,152,5,9,80,85,18,0,0,0,0
160094,23,bully,6991,0,0,0,83,91,1162,1274,1,100,153103,4615,0,8,1,75,75,NORMAL,0,0,83,8,8,150,4,8,79,83,16,0,0,0,0
160420,99,bully,8873,0,0,0,83,92,1162,1288,1,100,151547,4671,0,9,2,74,74,NORMAL,0,0,83,10,8,148,5,9,78,83,18,0,0,0,0
160856,69,bully,9754,0,0,0,84,93,1176,1302,1,100,151102,5257,0,9,2,75,75,NORMAL,0,0,84,10,8,150,5,9,79,84,18,0,0,0,0
160723,29,bully,7842,0,0,0,83,91,1162,1274,1,100,152881,4621,0,8,1,75,75,NORMAL,0,0,83,8,8,150,4,8,79,83,16,0,0,0,0
160314,38,bully,7766,0,0,0,83,91,1162,1274,1,100,152548,4584,0,8,1,75,75,NORMAL,0,0,83,8,8,150,4,8,79,83,16,0,0,0,0
161008,34,bully,8318,0,0,0,83,91,1162,1274,1,100,152690,4665,0,8,1,75,75,NORMAL,0,0,83,8,8,150,4,8,79,83,16,0,0,0,0
160693,93,bully,8800,0,0,0,83,92,1162,1288,1,100,151893,4726,0,10,3,74,74,NORMAL,0,0,83,10,8,148,5,9,78,83,18,0,0,0,0
160557,96,bully,8657,0,0,0,84,93,1176,1302,1,100,151900,4704,0,9,2,75,75,NORMAL,0,0,84,10,8,150,5,9,79,84,18,0,0,0,0
160247,18,bully,6641,0,0,0,83,91,1162,1274,1,100,153606,4558,0,8,1,75,75,NORMAL,0,0,83,8,8,150,4,8,79,83,16,0,0,0,0
160859,26,bully,7616,0,0,0,83,91,1162,1274,1,100,153243,4654,0,8,1,75,75,NORMAL,0,0,83,8,8,150,4,8,79,83,16,0,0,0,0
160757,74,bully,8994,0,0,0,84,93,1176,1302,1,100,151763,4753,0,9,2,75,75,NORMAL,0,0,84,10,8,150,5,9,79,84,18,0,0,0,0
160380,58,bully,8409,0,0,0,84,93,1176,1302,1,100,151971,5196,0,9,2,75,75,NORMAL,0,0,84,10,8,150,5,9,79,84,18,0,0,0,0
161280,28,bully,7953,0,0,0,83,91,1162,1274,1,100,153327,4598,0,8,1,75,75,NORMAL,0,0,83,8,8,150,4,8,79,83,16,0,0,0,0
160365,90,bully,8033,0,0,0,84,93,1176,1302,1,100,152332,4714,0,10,2,75,75,NORMAL,0,0,84,10,8,150,5,9,79,84,18,0,0,0,0
160532,81,bully,8963,0,0,0,84,93,1176,1302,1,100,151569,4806,0,9,2,75,75,NORMAL,0,0,84,10,8,150,5,9,79,84,18,0,0,0,0
160993,54,bully,8751,0,0,0,83,91,1162,1274,1,100,152242,4558,0,8,1,75,75,NORMAL,0,0,83,8,8,150,4,8,79,83,16,0,0,0,0
160502,87,bully,8831,0,0,0,85,95,1190,1330,1,100,151671,5465,0,10,2,75,75,NORMAL,0,0,85,12,8,150,6,10,79,85,20,0,0,0,0
160572,64,bully,8772,0,0,0,84,93,1176,1302,1,100,151800,5140,0,9,2,75,75,NORMAL,0,0,84,10,8,150,5,9,79,84,18,0,0,0,0
160744,49,bully,8255,0,0,0,83,91,1162,1274,1,100,152489,4570,0,8,1,75,75,NORMAL,0,0,83,8,8,150,4,8,79,83,16,0,0,0,0
160804,17,bully,6922,0,0,0,84,92,1176,1288,1,100,153882,4557,0,8,1,76,76,NORMAL,0,0,84,8,8,152,4,8,80,84,16,0,0,0,0
160790,50,bully,8314,0,0,0,83,91,1162,1274,1,100,152476,4579,0,8,1,75,75,NORMAL,0,0,83,8,8,150,4,8,79,83,16,0,0,0,0
160978,98,bully,8889,0,0,0,84,93,1176,1302,1,100,152089,4681,0,9,1,75,75,NORMAL,0,0,84,10,8,150,5,9,79,84,18,0,0,0,0
161402,43,bully,8567,0,0,0,83,91,1162,1274,1,100,152835,4605,0,8,1,75,75,NORMAL,0,0,83,8,8,150,4,8,79,83,16,0,0,0,0
160520,12,bully,6370,0,0,0,84,93,1176,1302,1,100,154150,4631,0,9,1,76,76,NORMAL,0,0,84,8,8,152,5,9,80,85,16,0,0,0,0
160708,61,bully,8632,0,0,0,84,93,1176,1302,1,100,152076,5091,0,9,1,75,75,NORMAL,0,0,84,10,8,150,5,9,79,84,18,0,0,0,0
161114,36,bully,8012,0,0,0,83,91,1162,1274,1,100,153102,4652,0,8,1,75,75,NORMAL,0,0,83,8,8,150,4,8,79,83,16,0,0,0,0
161043,67,bully,9268,0,0,0,84,93,1176,1302,1,100,151775,5230,0,9,2,75,75,NORMAL,0,0,84,10,8,150,5,9,79,84,18,0,0,0,0
160941,14,bully,6817,0,0,0,84,92,1176,1288,1,100,154124,4594,0,8,1,76,76,NORMAL,0,0,84,8,8,152,4,8,80,84,16,0,0,0,0
161362,16,bully,7334,0,0,0,84,92,1176,1288,1,100,154028,4575,0,8,1,76,76,NORMAL,0,0,84,8,8,152,4,8,80,84,16,0,0,0,0
160638,5,bully,6046,0,0,0,86,95,1204,1330,1,100,154592,4640,0,9,1,77,77,NORMAL,0,0,86,10,8,154,5,9,81,86,18,0,0,0,0
161533,62,bully,9406,0,0,0,84,93,1176,1302,1,100,152127,5109,0,9,1,75,75,NORMAL,0,0,84,10,8,150,5,9,79,84,18,0,0,0,0
161184,72,bully,9555,0,0,0,84,93,1176,1302,1,100,151629,5216,0,9,2,75,75,NORMAL,0,0,84,10,8,150,5,9,79,84,18,0,0,0,0
160775,3,bully,6053,0,0,0,86,95,1204,1330,1,100,154722,4598,0,9,1,77,77,NORMAL,0,0,86,10,8,154,5,9,81,86,18,0,0,0,0
161356,55,bully,8912,0,0,0,83,91,1162,1274,1,100,152444,4609,0,8,1,75,75,NORMAL,0,0,83,8,8,150,4,8,79,83,16,0,0,0,0
160871,37,bully,7600,0,0,0,83,91,1162,1274,1,100,153271,4603,0,8,1,75,75,NORMAL,0,0,83,8,8,150,4,8,79,83,16,0,0,0,0
161535,97,bully,9132,0,0,0,84,93,1176,1302,1,100,152403,4660,0,9,1,75,75,NORMAL,0,0,84,10,8,150,5,9,79,84,18,0,0,0,0
160911,77,bully,8784,0,0,0,84,93,1176,1302,1,100,152127,4780,0,9,1,75,75,NORMAL,0,0,84,10,8,150,5,9,79,84,18,0,0,0,0
161686,44,bully,8605,0,0,0,83,91,1162,1274,1,100,153081,4613,0,8,1,75,75,NORMAL,0,0,83,8,8,150,4,8,79,83,16,0,0,0,0
161635,10,bully,7091,0,0,0,85,94,1190,1316,1,100,154544,4600,0,9,1,76,76,NORMAL,0,0,85,10,8,152,5,9,80,85,18,0,0,0,0
161157,4,bully,6307,0,0,0,86,95,1204,1330,1,100,154850,4636,0,9,1,77,77,NORMAL,0,0,86,10,8,154,5,9,81,86,18,0,0,0,0
161387,89,bully,8500,0,0,0,84,94,1176,1316,1,100,152887,4698,0,11,2,75,75,NORMAL,0,0,84,10,8,150,6,10,79,85,18,0,0,0,0
161144,31,bully,7459,0,0,0,84,92,1176,1288,1,100,153685,4616,0,8,1,76,76,NORMAL,0,0,84,8,8,152,4,8,80,84,16,0,0,0,0
161196,83,bully,8811,0,0,0,84,93,1176,1302,1,100,152385,4615,0,9,1,75,75,NORMAL,0,0,84,10,8,150,5,9,79,84,18,0,0,0,0
161690,19,bully,7396,0,0,0,84,92,1176,1288,1,100,154294,4546,0,8,1,76,76,NORMAL,0,0,84,8,8,152,4,8,80,84,16,0,0,0,0
161265,2,bully,6214,0,0,0,86,95,1204,1330,1,100,155051,4617,0,9,1,77,77,NORMAL,0,0,86,10,8,154,5,9,81,86,18,0,0,0,0
161129,63,bully,8721,0,0,0,84,93,1176,1302,1,100,152408,5115,0,9,1,75,75,NORMAL,0,0,84,10,8,150,5,9,79,84,18,0,0,0,0
161523,92,bully,8687,0,0,0,84,93,1176,1302,1,100,152836,4740,0,10,2,75,75,NORMAL,0,0,84,10,8,150,5,9,79,84,18,0,0,0,0
161808,91,bully,8916,0,0,0,84,93,1176,1302,1,100,152892,4706,0,10,2,75,75,NORMAL,0,0,84,10,8,150,5,9,79,84,18,0,0,0,0
161164,78,bully,8839,0,0,0,84,93,1176,1302,1,100,152325,4805,0,9,1,75,75,NORMAL,0,0,84,10,8,150,5,9,79,84,18,0,0,0,0
161330,60,bully,8715,0,0,0,84,93,1176,1302,1,100,152615,5103,0,9,1,75,75,NORMAL,0,0,84,10,8,150,5,9,79,84,18,0,0,0,0
161214,46,bully,7989,0,0,0,84,92,1176,1288,1,100,153225,4582,0,8,1,76,76,NORMAL,0,0,84,8,8,152,4,8,80,84,16,0,0,0,0
161944,42,bully,8546,0,0,0,84,92,1176,1288,1,100,153398,4607,0,8,1,76,76,NORMAL,0,0,84,8,8,152,4,8,80,84,16,0,0,0,0
161741,71,bully,9675,0,0,0,84,93,1176,1302,1,100,152066,5225,0,9,1,75,75,NORMAL,0,0,84,10,8,150,5,9,79,84,18,0,0,0,0
161047,75,bully,8524,0,0,0,84,93,1176,1302,1,100,152523,4738,0,9,1,75,75,NORMAL,0,0,84,10,8,150,5,9,79,84,18,0,0,0,0
161417,79,bully,9061,0,0,0,84,93,1176,1302,1,100,152356,4790,0,9,1,75,75,NORMAL,0,0,84,10,8,150,5,9,79,84,18,0,0,0,0
161605,40,bully,8046,0,0,0,84,92,1176,1288,1,100,153559,4596,0,8,1,76,76,NORMAL,0,0,84,8,8,152,4,8,80,84,16,0,0,0,0
161974,24,bully,7771,0,0,0,84,92,1176,1288,1,100,154203,4625,0,8,1,76,76,NORMAL,0,0,84,8,8,152,4,8,80,84,16,0,0,0,0
161483,45,bully,8077,0,0,0,84,92,1176,1288,1,100,153406,4591,0,8,1,76,76,NORMAL,0,0,84,8,8,152,4,8,80,84,16,0,0,0,0
161211,51,bully,8111,0,0,0,84,92,1176,1288,1,100,153100,4557,0,8,1,76,76,NORMAL,0,0,84,8,8,152,4,8,80,84,16,0,0,0,0
161498,13,bully,6749,0,0,0,84,92,1176,1288,1,100,154749,4617,0,8,1,76,76,NORMAL,0,0,84,8,8,152,4,8,80,84,16,0,0,0,0
161864,100,bully,6475,1,1,4612,86,93,1204,1302,1,100,155389,4612,0,9,1,77,75,LEADER,1,78,86,10,8,154,5,9,79,84,18,0,0,0,0
161823,59,bully,8913,0,0,0,85,94,1190,1316,1,100,152910,5165,0,9,1,76,76,NORMAL,0,0,85,10,8,152,5,9,80,85,18,0,0,0,0
161701,27,bully,7441,0,0,0,84,92,1176,1288,1,100,154260,4664,0,8,1,76,76,NORMAL,0,0,84,8,8,152,4,8,80,84,16,0,0,0,0
161672,94,bully,8625,0,0,0,84,93,1176,1302,1,100,153047,4708,0,9,1,75,75,NORMAL,0,0,84,10,8,150,5,9,79,84,18,0,0,0,0
161332,80,bully,8811,0,0,0,84,93,1176,1302,1,100,152521,4799,0,9,1,75,75,NORMAL,0,0,84,10,8,150,5,9,79,84,18,0,0,0,0
161553,22,bully,7054,0,0,0,84,92,1176,1288,1,100,154499,4574,0,8,1,76,76,NORMAL,0,0,84,8,8,152,4,8,80,84,16,0,0,0,0
161897,95,bully,8841,0,0,0,84,93,1176,1302,1,100,153056,4707,0,9,1,75,75,NORMAL,0,0,84,10,8,150,5,9,79,84,18,0,0,0,0
161347,48,bully,7909,0,0,0,84,92,1176,1288,1,100,153438,4587,0,8,1,76,76,NORMAL,0,0,84,8,8,152,4,8,80,84,16,0,0,0,0
161941,66,bully,9289,0,0,0,85,95,1190,1330,1,100,152652,5218,0,10,1,76,76,NORMAL,0,0,85,10,8,152,6,10,80,86,18,0,0,0,0
161565,8,bully,6387,0,0,0,85,94,1190,1316,1,100,155178,4652,0,9,1,76,76,NORMAL,0,0,85,10,8,152,5,9,80,85,18,0,0,0,0
161807,68,bully,9219,0,0,0,84,93,1176,1302,1,100,152588,5231,0,9,1,75,75,NORMAL,0,0,84,10,8,150,5,9,79,84,18,0,0,0,0
161980,86,bully,9226,0,0,0,85,95,1190,1330,1,100,152754,5464,0,10,1,75,75,NORMAL,0,0,85,12,8,150,6,10,79,85,20,0,0,0,0
161771,7,bully,6367,0,0,0,85,94,1190,1316,1,100,155404,4626,0,9,1,76,76,NORMAL,0,0,85,10,8,152,5,9,80,85,18,0,0,0,0
161936,30,bully,7536,0,0,0,84,92,1176,1288,1,100,154400,4586,0,8,1,76,76,NORMAL,0,0,84,8,8,152,4,8,80,84,16,0,0,0,0
161756,39,bully,7713,0,0,0,84,92,1176,1288,1,100,154043,4600,0,8,1,76,76,NORMAL,0,0,84,8,8,152,4,8,80,84,16,0,0,0,0
161908,25,bully,7253,0,0,0,84,92,1176,1288,1,100,154655,4614,0,8,1,76,76,NORMAL,0,0,84,8,8,152,4,8,80,84,16,0,0,0,0
161776,84,bully,8574,0,0,0,84,93,1176,1302,1,100,153202,4597,0,9,1,75,75,NORMAL,0,0,84,10,8,150,5,9,79,84,18,0,0,0,0
161959,56,bully,8311,0,0,0,84,92,1176,1288,1,100,153648,4573,0,8,1,76,76,NORMAL,0,0,84,8,8,152,4,8,80,84,16,0,0,0,0
170024,57,bully,9225,1,0,0,89,97,1246,1358,1,100,160799,5201,0,9,2,80,80,NORMAL,0,0,89,10,8,160,4,8,84,88,18,0,0,0,0
170081,85,bully,9503,1,0,0,89,98,1246,1372,1,100,160578,5422,0,10,2,79,79,NORMAL,0,0,89,12,8,158,5,9,83,88,20,0,0,0,0
170184,88,bully,8830,1,1,4646,89,99,1246,1386,1,100,161354,4646,0,11,3,79,79,NORMAL,0,2,90,12,8,158,6,10,83,89,20,0,0,0,0
170044,1,bully,6528,0,0,0,90,99,1260,1386,1,100,163516,4612,0,9,1,81,81,NORMAL,0,0,90,10,8,162,5,9,85,90,18,0,0,0,0
170177,41,bully,8335,0,0,0,88,96,1232,1344,1,100,161842,4579,0,8,2,80,80,NORMAL,0,0,88,8,8,160,4,8,84,88,16,0,0,0,0
170368,47,bully,8787,0,0,0,88,96,1232,1344,1,100,161581,4591,0,8,2,80,80,NORMAL,0,0,88,8,8,160,4,8,84,88,16,0,0,0,0
170014,65,bully,9204,1,0,0,90,99,1260,1386,1,100,160810,5190,0,10,2,80,80,NORMAL,0,0,90,12,8,160,5,9,84,89,20,0,0,0,0
170192,9,bully,6787,0,0,0,89,98,1246,1372,1,100,163405,4632,0,9,1,80,80,NORMAL,0,0,89,10,8,160,5,9,84,89,18,0,0,0,0
170383,15,bully,7246,0,0,0,88,96,1232,1344,1,100,163137,4599,0,8,1,80,80,NORMAL,0,0,88,8,8,160,4,8,84,88,16,0,0,0,0
170162,73,bully,8892,1,1,4730,89,98,1246,1372,1,100,161270,4730,0,9,2,80,80,NORMAL,0,2,90,10,8,160,5,9,84,89,18,0,0,0,0
170668,20,bully,7601,0,0,0,88,96,1232,1344,1,100,163067,4538,0,8,1,80,80,NORMAL,0,0,88,8,8,160,4,8,84,88,16,0,0,0,0
170653,52,bully,8917,0,0,0,88,96,1232,1344,1,100,161736,4515,0,8,2,80,80,NORMAL,0,0,88,8,8,160,4,8,84,88,16,0,0,0,0
170029,33,bully,7493,0,0,0,88,96,1232,1344,1,100,162536,4621,0,8,1,80,80,NORMAL,0,0,88,8,8,160,4,8,84,88,16,0,0,0,0
170586,32,bully,7977,0,0,0,88,96,1232,1344,1,100,162609,4622,0,8,1,80,80,NORMAL,0,0,88,8,8,160,4,8,84,88,16,0,0,0,0
170096,53,bully,8351,0,0,0,88,96,1232,1344,1,100,161745,4519,0,8,2,80,80,NORMAL,0,0,88,8,8,160,4,8,84,88,16,0,0,0,0
170517,11,bully,6961,0,0,0,89,98,1246,1372,1,100,163556,4596,0,9,1,80,80,NORMAL,0,0,89,10,8,160,5,9,84,89,18,0,0,0,0
170026,76,bully,8735,0,0,0,89,98,1246,1372,1,100,161291,4766,0,9,2,80,80,NORMAL,0,0,89,10,8,160,5,9,84,89,18,0,0,0,0
170111,21,bully,6973,0,0,0,88,96,1232,1344,1,100,163138,4559,0,8,1,80,80,NORMAL,0,0,88,8,8,160,4,8,84,88,16,0,0,0,0
170217,82,bully,8808,1,1,4591,89,98,1246,1372,1,100,161409,4591,0,9,2,80,80,NORMAL,0,2,90,10,8,160,5,9,84,89,18,0,0,0,0
170299,70,bully,9318,0,0,0,89,98,1246,1372,1,100,160981,5256,0,9,2,80,80,NORMAL,0,0,89,10,8,160,5,9,84,89,18,0,0,0,0
170435,35,bully,7908,0,0,0,88,96,1232,1344,1,100,162527,4653,0,8,1,80,80,NORMAL,0,0,88,8,8,160,4,8,84,88,16,0,0,0,0
170329,6,bully,6444,0,0,0,89,98,1246,1372,1,100,163885,4631,0,9,1,80,80,NORMAL,0,0,89,10,8,160,5,9,84,89,18,0,0,0,0
170094,23,bully,6991,0,0,0,88,96,1232,1344,1,100,163103,4615,0,8,1,80,80,NORMAL,0,0,88,8,8,160,4,8,84,88,16,0,0,0,0
170420,99,bully,8873,0,0,0,88,97,1232,1358,1,100,161547,4671,0,9,2,79,79,NORMAL,0,0,88,10,8,158,5,9,83,88,18,0,0,0,0
170856,69,bully,9754,0,0,0,89,98,1246,1372,1,100,161102,5257,0,9,2,80,80,NORMAL,0,0,89,10,8,160,5,9,84,89,18,0,0,0,0
170723,29,bully,7842,0,0,0,88,96,1232,1344,1,100,162881,4621,0,8,1,80,80,NORMAL,0,0,88,8,8,160,4,8,84,88,16,0,0,0,0
170314,38,bully,7766,0,0,0,88,96,1232,1344,1,100,162548,4584,0,8,1,80,80,NORMAL,0,0,88,8,8,160,4,8,84,88,16,0,0,0,0
171008,34,bully,8318,0,0,0,88,96,1232,1344,1,100,162690,4665,0,8,1,80,80,NORMAL,0,0,88,8,8,160,4,8,84,88,16,0,0,0,0
170693,93,bully,8800,0,0,0,89,98,1246,1372,1,100,161893,4726,0,10,3,80,80,NORMAL,0,0,89,10,8,160,5,9,84,89,18,0,0,0,0
170557,96,bully,8657,0,0,0,89,98,1246,1372,1,100,161900,4704,0,9,2,80,80,NORMAL,0,0,89,10,8,160,5,9,84,89,18,0,0,0,0
170247,18,bully,6641,0,0,0,88,96,1232,1344,1,100,163606,4558,0,8,1,80,80,NORMAL,0,0,88,8,8,160,4,8,84,88,16,0,0,0,0
170859,26,bully,7616,0,0,0,88,96,1232,1344,1,100,163243,4654,0,8,1,80,80,NORMAL,0,0,88,8,8,160,4,8,84,88,16,0,0,0,0
170757,74,bully,8994,0,0,0,89,98,1246,1372,1,100,161763,4753,0,9,2,80,80,NORMAL,0,0,89,10,8,160,5,9,84,89,18,0,0,0,0
170380,58,bully,8409,0,0,0,89,98,1246,1372,1,100,161971,5196,0,9,2,80,80,NORMAL,0,0,89,10,8,160,5,9,84,89,18,0,0,0,0
171280,28,bully,7953,0,0,0,88,96,1232,1344,1,100,163327,4598,0,8,1,80,80,NORMAL,0,0,88,8,8,160,4,8,84,88,16,0,0,0,0
170365,90,bully,8033,0,0,0,89,98,1246,1372,1,100,162332,4714,0,10,2,80,80,NORMAL,0,0,89,10,8,160,5,9,84,89,18,0,0,0,0
170532,81,bully,8963,0,0,0,89,98,1246,1372,1,100,161569,4806,0,9,2,80,80,NORMAL,0,0,89,10,8,160,5,9,84,89,18,0,0,0,0
170993,54,bully,8751,0,0,0,88,96,1232,1344,1,100,162242,4558,0,8,1,80,80,NORMAL,0,0,88,8,8,160,4,8,84,88,16,0,0,0,0
170502,87,bully,8831,0,0,0,90,100,1260,1400,1,100,161671,5465,0,10,2,80,80,NORMAL,0,0,90,12,8,160,6,10,84,90,20,0,0,0,0
170572,64,bully,8772,0,0,0,89,98,1246,1372,1,100,161800,5140,0,9,2,80,80,NORMAL,0,0,89,10,8,160,5,9,84,89,18,0,0,0,0
170744,49,bully,8255,0,0,0,88,96,1232,1344,1,100,162489,4570,0,8,1,80,80,NORMAL,0,0,88,8,8,160,4,8,84,88,16,0,0,0,0
170804,17,bully,6922,0,0,0,89,97,1246,1358,1,100,163882,4557,0,8,1,81,81,NORMAL,0,0,89,8,8,162,4,8,85,89,16,0,0,0,0
170790,50,bully,8314,0,0,0,88,96,1232,1344,1,100,162476,4579,0,8,1,80,80,NORMAL,0,0,88,8,8,160,4,8,84,88,16,0,0,0,0
170978,98,bully,8889,0,0,0,89,98,1246,1372,1,100,162089,4681,0,9,1,80,80,NORMAL,0,0,89,10,8,160,5,9,84,89,18,0,0,0,0
171402,43,bully,8567,0,0,0,88,96,1232,1344,1,100,162835,4605,0,8,1,80,80,NORMAL,0,0,88,8,8,160,4,8,84,88,16,0,0,0,0
170520,12,bully,6370,0,0,0,89,98,1246,1372,1,100,164150,4631,0,9,1,81,81,NORMAL,0,0,89,8,8,162,5,9,85,90,16,0,0,0,0
170708,61,bully,8632,0,0,0,89,98,1246,1372,1,100,162076,5091,0,9,1,80,80,NORMAL,0,0,89,10,8,160,5,9,84,89,18,0,0,0,0
171114,36,bully,8012,0,0,0,88,96,1232,1344,1,100,163102,4652,0,8,1,80,80,NORMAL,0,0,88,8,8,160,4,8,84,88,16,0,0,0,0
171043,67,bully,9268,0,0,0,89,98,1246,1372,1,100,161775,5230,0,9,2,80,80,NORMAL,0,0,89,10,8,160,5,9,84,89,18,0,0,0,0
170941,14,bully,6817,0,0,0,89,97,1246,1358,1,100,164124,4594,0,8,1,81,81,NORMAL,0,0,89,8,8,162,4,8,85,89,16,0,0,0,0
171362,16,bully,7334,0,0,0,89,97,1246,1358,1,100,164028,4575,0,8,1,81,81,NORMAL,0,0,89,8,8,162,4,8,85,89,16,0,0,0,0
170638,5,bully,6046,0,0,0,91,100,1274,1400,1,100,164592,4640,0,9,1,82,82,NORMAL,0,0,91,10,8,164,5,9,86,91,18,0,0,0,0
171533,62,bully,9406,0,0,0,89,98,1246,1372,1,100,162127,5109,0,9,1,80,80,NORMAL,0,0,89,10,8,160,5,9,84,89,18,0,0,0,0
171184,72,bully,9555,0,0,0,89,98,1246,1372,1,100,161629,5216,0,9,2,80,80,NORMAL,0,0,89,10,8,160,5,9,84,89,18,0,0,0,0
170775,3,bully,6053,0,0,0,91,100,1274,1400,1,100,164722,4598,0,9,1,82,82,NORMAL,0,0,91,10,8,164,5,9,86,91,18,0,0,0,0
171356,55,bully,8912,0,0,0,88,96,1232,1344,1,100,162444,4609,0,8,1,80,80,NORMAL,0,0,88,8,8,160,4,8,84,88,16,0,0,0,0
170871,37,bully,7600,0,0,0,89,97,1246,1358,1,100,163271,4603,0,8,1,81,81,NORMAL,0,0,89,8,8,162,4,8,85,89,16,0,0,0,0
171535,97,bully,9132,0,0,0,89,98,1246,1372,1,100,162403,4660,0,9,1,80,80,NORMAL,0,0,89,10,8,160,5,9,84,89,18,0,0,0,0
170911,77,bully,8784,0,0,0,89,98,1246,1372,1,100,162127,4780,0,9,1,80,80,NORMAL,0,0,89,10,8,160,5,9,84,89,18,0,0,0,0
171686,44,bully,8605,0,0,0,88,96,1232,1344,1,100,163081,4613,0,8,1,80,80,NORMAL,0,0,88,8,8,160,4,8,84,88,16,0,0,0,0
171635,10,bully,7091,0,0,0,90,99,1260,1386,1,100,164544,4600,0,9,1,81,81,NORMAL,0,0,90,10,8,162,5,9,85,90,18,0,0,0,0
171157,4,bully,6307,0,0,0,91,100,1274,1400,1,100,164850,4636,0,9,1,82,82,NORMAL,0,0,91,10,8,164,5,9,86,91,18,0,0,0,0
171387,89,bully,8500,0,0,0,89,99,1246,1386,1,100,162887,4698,0,11,2,80,80,NORMAL,0,0,89,10,8,160,6,10,84,90,18,0,0,0,0
171144,31,bully,7459,0,0,0,89,97,1246,1358,1,100,163685,4616,0,8,1,81,81,NORMAL,0,0,89,8,8,162,4,8,85,89,16,0,0,0,0
171196,83,bully,8811,0,0,0,89,98,1246,1372,1,100,162385,4615,0,9,1,80,80,NORMAL,0,0,89,10,8,160,5,9,84,89,18,0,0,0,0
171690,19,bully,7396,0,0,0,89,97,1246,1358,1,100,164294,4546,0,8,1,81,81,NORMAL,0,0,89,8,8,162,4,8,85,89,16,0,0,0,0
171265,2,bully,6214,0,0,0,91,100,1274,1400,1,100,165051,4617,0,9,1,82,82,NORMAL,0,0,91,10,8,164,5,9,86,91,18,0,0,0,0
171129,63,bully,8721,0,0,0,89,98,1246,1372,1,100,162408,5115,0,9,1,80,80,NORMAL,0,0,89,10,8,160,5,9,84,89,18,0,0,0,0
171523,92,bully,8687,0,0,0,89,98,1246,1372,1,100,162836,4740,0,10,2,80,80,NORMAL,0,0,89,10,8,160,5,9,84,89,18,0,0,0,0
171808,91,bully,8916,0,0,0,89,98,1246,1372,1,100,162892,4706,0,10,2,80,80,NORMAL,0,0,89,10,8,160,5,9,84,89,18,0,0,0,0
171164,78,bully,8839,0,0,0,89,98,1246,1372,1,100,162325,4805,0,9,1,80,80,NORMAL,0,0,89,10,8,160,5,9,84,89,18,0,0,0,0
171330,60,bully,8715,0,0,0,89,98,1246,1372,1,100,162615,5103,0,9,1,80,80,NORMAL,0,0,89,10,8,160,5,9,84,89,18,0,0,0,0
171214,46,bully,7989,0,0,0,89,97,1246,1358,1,100,163225,4582,0,8,1,81,81,NORMAL,0,0,89,8,8,162,4,8,85,89,16,0,0,0,0
171944,42,bully,8546,0,0,0,89,97,1246,1358,1,100,163398,4607,0,8,1,81,81,NORMAL,0,0,89,8,8,162,4,8,85,89,16,0,0,0,0
171741,71,bully,9675,0,0,0,89,98,1246,1372,1,100,162066,5225,0,9,1,80,80,NORMAL,0,0,89,10,8,160,5,9,84,89,18,0,0,0,0
171047,75,bully,8524,0,0,0,89,98,1246,1372,1,100,162523,4738,0,9,1,80,80,NORMAL,0,0,89,10,8,160,5,9,84,89,18,0,0,0,0
171417,79,bully,9061,0,0,0,89,98,1246,1372,1,100,162356,4790,0,9,1,80,80,NORMAL,0,0,89,10,8,160,5,9,84,89,18,0,0,0,0
171605,40,bully,8046,0,0,0,89,97,1246,1358,1,100,163559,4596,0,8,1,81,81,NORMAL,0,0,89,8,8,162,4,8,85,89,16,0,0,0,0
171974,24,bully,7771,0,0,0,89,97,1246,1358,1,100,164203,4625,0,8,1,81,81,NORMAL,0,0,89,8,8,162,4,8,85,89,16,0,0,0,0
171483,45,bully,8077,0,0,0,89,97,1246,1358,1,100,163406,4591,0,8,1,81,81,NORMAL,0,0,89,8,8,162,4,8,85,89,16,0,0,0,0
171211,51,bully,8111,0,0,0,89,97,1246,1358,1,100,163100,4557,0,8,1,81,81,NORMAL,0,0,89,8,8,162,4,8,85,89,16,0,0,0,0
171498,13,bully,6749,0,0,0,89,97,1246,1358,1,100,164749,4617,0,8,1,81,81,NORMAL,0,0,89,8,8,162,4,8,85,89,16,0,0,0,0
171864,100,bully,6475,1,1,4612,91,98,1274,1372,1,100,165389,4612,0,9,1,82,80,LEADER,1,83,91,10,8,164,5,9,84,89,18,0,0,0,0
171823,59,bully,8913,0,0,0,90,99,1260,1386,1,100,162910,5165,0,9,1,81,81,NORMAL,0,0,90,10,8,162,5,9,85,90,18,0,0,0,0
171701,27,bully,7441,0,0,0,89,97,1246,1358,1,100,164260,4664,0,8,1,81,81,NORMAL,0,0,89,8,8,162,4,8,85,89,16,0,0,0,0
171672,94,bully,8625,0,0,0,89,98,1246,1372,1,100,163047,4708,0,9,1,80,80,NORMAL,0,0,89,10,8,160,5,9,84,89,18,0,0,0,0
171332,80,bully,8811,0,0,0,89,98,1246,1372,1,100,162521,4799,0,9,1,80,80,NORMAL,0,0,89,10,8,160,5,9,84,89,18,0,0,0,0
171553,22,bully,7054,0,0,0,89,97,1246,1358,1,100,164499,4574,0,8,1,81,81,NORMAL,0,0,89,8,8,162,4,8,85,89,16,0,0,0,0
171897,95,bully,8841,0,0,0,89,98,1246,1372,1,100,163056,4707,0,9,1,80,80,NORMAL,0,0,89,10,8,160,5,9,84,89,18,0,0,0,0
171347,48,bully,7909,0,0,0,89,97,1246,1358,1,100,163438,4587,0,8,1,81,81,NORMAL,0,0,89,8,8,162,4,8,85,89,16,0,0,0,0
171941,66,bully,9289,0,0,0,90,100,1260,1400,1,100,162652,5218,0,10,1,81,81,NORMAL,0,0,90,10,8,162,6,10,85,91,18,0,0,0,0
171565,8,bully,6387,0,0,0,90,99,1260,1386,1,100,165178,4652,0,9,1,81,81,NORMAL,0,0,90,10,8,162,5,9,85,90,18,0,0,0,0
171807,68,bully,9219,0,0,0,90,99,1260,1386,1,100,162588,5231,0,9,1,81,81,NORMAL,0,0,90,10,8,162,5,9,85,90,18,0,0,0,0
171980,86,bully,9226,0,0,0,90,100,1260,1400,1,100,162754,5464,0,10,1,80,80,NORMAL,0,0,90,12,8,160,6,10,84,90,20,0,0,0,0
171771,7,bully,6367,0,0,0,90,99,1260,1386,1,100,165404,4626,0,9,1,81,81,NORMAL,0,0,90,10,8,162,5,9,85,90,18,0,0,0,0
171936,30,bully,7536,0,0,0,89,97,1246,1358,1,100,164400,4586,0,8,1,81,81,NORMAL,0,0,89,8,8,162,4,8,85,89,16,0,0,0,0
171756,39,bully,7713,0,0,0,89,97,1246,1358,1,100,164043,4600,0,8,1,81,81,NORMAL,0,0,89,8,8,162,4,8,85,89,16,0,0,0,0
171908,25,bully,7253,0,0,0,89,97,1246,1358,1,100,164655,4614,0,8,1,81,81,NORMAL,0,0,89,8,8,162,4,8,85,89,16,0,0,0,0
171776,84,bully,8574,0,0,0,90,99,1260,1386,1,100,163202,4597,0,9,1,81,81,NORMAL,0,0,90,10,8,162,5,9,85,90,18,0,0,0,0
171959,56,bully,8311,0,0,0,89,97,1246,1358,1,100,163648,4573,0,8,1,81,81,NORMAL,0,0,89,8,8,162,4,8,85,89,16,0,0,0,0
180024,57,bully,9225,1,0,0,94,102,1316,1428,1,100,170799,5201,0,9,2,85,85,NORMAL,0,0,94,10,8,170,4,8,89,93,18,0,0,0,0
180081,85,bully,9503,1,0,0,94,103,1316,1442,1,100,170578,5422,0,10,2,84,84,NORMAL,0,0,94,12,8,168,5,9,88,93,20,0,0,0,0
180184,88,bully,8830,1,1,4646,94,104,1316,1456,1,100,171354,4646,0,11,3,84,84,NORMAL,0,2,95,12,8,168,6,10,88,94,20,0,0,0,0
180044,1,bully,6528,0,0,0,95,104,1330,1456,1,100,173516,4612,0,9,1,86,86,NORMAL,0,0,95,10,8,172,5,9,90,95,18,0,0,0,0
180177,41,bully,8335,0,0,0,93,101,1302,1414,1,100,171842,4579,0,8,2,85,85,NORMAL,0,0,93,8,8,170,4,8,89,93,16,0,0,0,0
180368,47,bully,8787,0,0,0,93,101,1302,1414,1,100,171581,4591,0,8,2,85,85,NORMAL,0,0,93,8,8,170,4,8,89,93,16,0,0,0,0
180014,65,bully,9204,1,0,0,95,104,1330,1456,1,100,170810,5190,0,10,2,85,85,NORMAL,0,0,95,12,8,170,5,9,89,94,20,0,0,0,0
180192,9,bully,6787,0,0,0,94,103,1316,1442,1,100,173405,4632,0,9,1,85,85,NORMAL,0,0,94,10,8,170,5,9,89,94,18,0,0,0,0
180383,15,bully,7246,0,0,0,93,101,1302,1414,1,100,173137,4599,0,8,1,85,85,NORMAL,0,0,93,8,8,170,4,8,89,93,16,0,0,0,0
180162,73,bully,8892,1,1,4730,94,103,1316,1442,1,100,171270,4730,0,9,2,85,85,NORMAL,0,2,95,10,8,170,5,9,89,94,18,0,0,0,0
180668,20,bully,7601,0,0,0,93,101,1302,1414,1,100,173067,4538,0,8,1,85,85,NORMAL,0,0,93,8,8,170,4,8,89,93,16,0,0,0,0
180653,52,bully,8917,0,0,0,93,101,1302,1414,1,100,171736,4515,0,8,2,85,85,NORMAL,0,0,93,8,8,170,4,8,89,93,16,0,0,0,0
180029,33,bully,7493,0,0,0,93,101,1302,1414,1,100,172536,4621,0,8,1,85,85,NORMAL,0,0,93,8,8,170,4,8,89,93,16,0,0,0,0
180586,32,bully,7977,0,0,0,93,101,1302,1414,1,100,172609,4622,0,8,1,85,85,NORMAL,0,0,93,8,8,170,4,8,89,93,16,0,0,0,0
180096,53,bully,8351,0,0,0,93,101,1302,1414,1,100,171745,4519,0,8,2,85,85,NORMAL,0,0,93,8,8,170,4,8,89,93,16,0,0,0,0
180517,11,bully,6961,0,0,0,94,103,1316,1442,1,100,173556,4596,0,9,1,85,85,NORMAL,0,0,94,10,8,170,5,9,89,94,18,0,0,0,0
180026,76,bully,8735,0,0,0,94,103,1316,1442,1,100,171291,4766,0,9,2,85,85,NORMAL,0,0,94,10,8,170,5,9,89,94,18,0,0,0,0
180111,21,bully,6973,0,0,0,93,101,1302,1414,1,100,173138,4559,0,8,1,85,85,NORMAL,0,0,93,8,8,170,4,8,89,93,16,0,0,0,0
180217,82,bully,8808,1,1,4591,94,103,1316,1442,1,100,171409,4591,0,9,2,85,85,NORMAL,0,2,95,10,8,170,5,9,89,94,18,0,0,0,0
180299,70,bully,9318,0,0,0,94,103,1316,1442,1,100,170981,5256,0,9,2,85,85,NORMAL,0,0,94,10,8,170,5,9,89,94,18,0,0,0,0
180435,35,bully,7908,0,0,0,93,101,1302,1414,1,100,172527,4653,0,8,1,85,85,NORMAL,0,0,93,8,8,170,4,8,89,93,16,0,0,0,0
180329,6,bully,6444,0,0,0,94,103,1316,1442,1,100,173885,4631,0,9,1,85,85,NORMAL,0,0,94,10,8,170,5,9,89,94,18,0,0,0,0
180094,23,bully,6991,0,0,0,93,101,1302,1414,1,100,173103,4615,0,8,1,85,85,NORMAL,0,0,93,8,8,170,4,8,89,93,16,0,0,0,0
180420,99,bully,8873,0,0,0,93,102,1302,1428,1,100,171547,4671,0,9,2,84,84,NORMAL,0,0,93,10,8,168,5,9,88,93,18,0,0,0,0
180856,69,bully,9754,0,0,0,94,103,1316,1442,1,100,171102,5257,0,9,2,85,85,NORMAL,0,0,94,10,8,170,5,9,89,94,18,0,0,0,0
180723,29,bully,7842,0,0,0,93,101,1302,1414,1,100,172881,4621,0,8,1,85,85,NORMAL,0,0,93,8,8,170,4,8,89,93,16,0,0,0,0
180314,38,bully,7766,0,0,0,93,101,1302,1414,1,100,172548,4584,0,8,1,85,85,NORMAL,0,0,93,8,8,170,4,8,89,93,16,0,0,0,0
181008,34,bully,8318,0,0,0,93,101,1302,1414,1,100,172690,4665,0,8,1,85,85,NORMAL,0,0,93,8,8,170,4,8,89,93,16,0,0,0,0
180693,93,bully,8800,0,0,0,94,103,1316,1442,1,100,171893,4726,0,10,3,85,85,NORMAL,0,0,94,10,8,170,5,9,89,94,18,0,0,0,0
180557,96,bully,8657,0,0,0,94,103,1316,1442,1,100,171900,4704,0,9,2,85,85,NORMAL,0,0,94,10,8,170,5,9,89,94,18,0,0,0,0
180247,18,bully,6641,0,0,0,93,101,1302,1414,1,100,173606,4558,0,8,1,85,85,NORMAL,0,0,93,8,8,170,4,8,89,93,16,0,0,0,0
180859,26,bully,7616,0,0,0,93,101,1302,1414,1,100,173243,4654,0,8,1,85,85,NORMAL,0,0,93,8,8,170,4,8,89,93,16,0,0,0,0
180757,74,bully,8994,0,0,0,94,103,1316,1442,1,100,171763,4753,0,9,2,85,85,NORMAL,0,0,94,10,8,170,5,9,89,94,18,0,0,0,0
180380,58,bully,8409,0,0,0,94,103,1316,1442,1,100,171971,5196,0,9,2,85,85,NORMAL,0,0,94,10,8,170,5,9,89,94,18,0,0,0,0
181280,28,bully,7953,0,0,0,93,101,1302,1414,1,100,173327,4598,0,8,1,85,85,NORMAL,0,0,93,8,8,170,4,8,89,93,16,0,0,0,0
180365,90,bully,8033,0,0,0,94,103,1316,1442,1,100,172332,4714,0,10,2,85,85,NORMAL,0,0,94,10,8,170,5,9,89,94,18,0,0,0,0
180532,81,bully,8963,0,0,0,94,103,1316,1442,1,100,171569,4806,0,9,2,85,85,NORMAL,0,0,94,10,8,170,5,9,89,94,18,0,0,0,0
180993,54,bully,8751,0,0,0,93,101,1302,1414,1,100,172242,4558,0,8,1,85,85,NORMAL,0,0,93,8,8,170,4,8,89,93,16,0,0,0,0
180502,87,bully,8831,0,0,0,95,105,1330,1470,1,100,171671,5465,0,10,2,85,85,NORMAL,0,0,95,12,8,170,6,10,89,95,20,0,0,0,0
180572,64,bully,8772,0,0,0,94,103,1316,1442,1,100,171800,5140,0,9,2,85,85,NORMAL,0,0,94,10,8,170,5,9,89,94,18,0,0,0,0
180744,49,bully,8255,0,0,0,93,101,1302,1414,1,100,172489,4570,0,8,1,85,85,NORMAL,0,0,93,8,8,170,4,8,89,93,16,0,0,0,0
180804,17,bully,6922,0,0,0,94,102,1316,1428,1,100,173882,4557,0,8,1,86,86,NORMAL,0,0,94,8,8,172,4,8,90,94,16,0,0,0,0
180790,50,bully,8314,0,0,0,93,101,1302,1414,1,100,172476,4579,0,8,1,85,85,NORMAL,0,0,93,8,8,170,4,8,89,93,16,0,0,0,0
180978,98,bully,8889,0,0,0,94,103,1316,1442,1,100,172089,4681,0,9,1,85,85,NORMAL,0,0,94,10,8,170,5,9,89,94,18,0,0,0,0
181402,43,bully,8567,0,0,0,93,101,1302,1414,1,100,172835,4605,0,8,1,85,85,NORMAL,0,0,93,8,8,170,4,8,89,93,16,0,0,0,0
180520,12,bully,6370,0,0,0,94,103,1316,1442,1,100,174150,4631,0,9,1,86,86,NORMAL,0,0,94,8,8,172,5,9,90,95,16,0,0,0,0
180708,61,bully,8632,0,0,0,94,103,1316,1442,1,100,172076,5091,0,9,1,85,85,NORMAL,0,0,94,10,8,170,5,9,89,94,18,0,0,0,0
181114,36,bully,8012,0,0,0,93,101,1302,1414,1,100,173102,4652,0,8,1,85,85,NORMAL,0,0,93,8,8,170,4,8,89,93,16,0,0,0,0
181043,67,bully,9268,0,0,0,94,103,1316,1442,1,100,171775,5230,0,9,2,85,85,NORMAL,0,0,94,10,8,170,5,9,89,94,18,0,0,0,0
180941,14,bully,6817,0,0,0,94,102,1316,1428,1,100,174124,4594,0,8,1,86,86,NORMAL,0,0,94,8,8,172,4,8,90,94,16,0,0,0,0
181362,16,bully,7334,0,0,0,94,102,1316,1428,1,100,174028,4575,0,8,1,86,86,NORMAL,0,0,94,8,8,172,4,8,90,94,16,0,0,0,0
180638,5,bully,6046,0,0,0,96,105,1344,1470,1,100,174592,4640,0,9,1,87,87,NORMAL,0,0,96,10,8,174,5,9,91,96,18,0,0,0,0
181533,62,bully,9406,0,0,0,94,103,1316,1442,1,100,172127,5109,0,9,1,85,85,NORMAL,0,0,94,10,8,170,5,9,89,94,18,0,0,0,0
181184,72,bully,9555,0,0,0,94,103,1316,1442,1,100,171629,5216,0,9,2,85,85,NORMAL,0,0,94,10,8,170,5,9,89,94,18,0,0,0,0
180775,3,bully,6053,0,0,0,96,105,1344,1470,1,100,174722,4598,0,9,1,87,87,NORMAL,0,0,96,10,8,174,5,9,91,96,18,0,0,0,0
181356,55,bully,8912,0,0,0,93,101,1302,1414,1,100,172444,4609,0,8,1,85,85,NORMAL,0,0,93,8,8,170,4,8,89,93,16,0,0,0,0
180871,37,bully,7600,0,0,0,94,102,1316,1428,1,100,173271,4603,0,8,1,86,86,NORMAL,0,0,94,8,8,172,4,8,90,94,16,0,0,0,0
181535,97,bully,9132,0,0,0,94,103,1316,1442,1,100,172403,4660,0,9,1,85,85,NORMAL,0,0,94,10,8,170,5,9,89,94,18,0,0,0,0
180911,77,bully,8784,0,0,0,94,103,1316,1442,1,100,172127,4780,0,9,1,85,85,NORMAL,0,0,94,10,8,170,5,9,89,94,18,0,0,0,0
181686,44,bully,8605,0,0,0,93,101,1302,1414,1,100,173081,4613,0,8,1,85,85,NORMAL,0,0,93,8,8,170,4,8,89,93,16,0,0,0,0
181635,10,bully,7091,0,0,0,95,104,1330,1456,1,100,174544,4600,0,9,1,86,86,NORMAL,0,0,95,10,8,172,5,9,90,95,18,0,0,0,0
181157,4,bully,6307,0,0,0,96,105,1344,1470,1,100,174850,4636,0,9,1,87,87,NORMAL,0,0,96,10,8,174,5,9,91,96,18,0,0,0,0
181387,89,bully,8500,0,0,0,94,104,1316,1456,1,100,172887,4698,0,11,2,85,85,NORMAL,0,0,94,10,8,170,6,10,89,95,18,0,0,0,0
181144,31,bully,7459,0,0,0,94,102,1316,1428,1,100,173685,4616,0,8,1,86,86,NORMAL,0,0,94,8,8,172,4,8,90,94,16,0,0,0,0
181196,83,bully,8811,0,0,0,94,103,1316,1442,1,100,172385,4615,0,9,1,85,85,NORMAL,0,0,94,10,8,170,5,9,89,94,18,0,0,0,0
181690,19,bully,7396,0,0,0,94,102,1316,1428,1,100,174294,4546,0,8,1,86,86,NORMAL,0,0,94,8,8,172,4,8,90,94,16,0,0,0,0
181265,2,bully,6214,0,0,0,96,105,1344,1470,1,100,175051,4617,0,9,1,87,87,NORMAL,0,0,96,10,8,174,5,9,91,96,18,0,0,0,0
181129,63,bully,8721,0,0,0,94,103,1316,1442,1,100,172408,5115,0,9,1,85,85,NORMAL,0,0,94,10,8,170,5,9,89,94,18,0,0,0,0
181523,92,bully,8687,0,0,0,94,103,1316,1442,1,100,172836,4740,0,10,2,85,85,NORMAL,0,0,94,10,8,170,5,9,89,94,18,0,0,0,0
181808,91,bully,8916,0,0,0,94,103,1316,1442,1,100,172892,4706,0,10,2,85,85,NORMAL,0,0,94,10,8,170,5,9,89,94,18,0,0,0,0
181164,78,bully,8839,0,0,0,94,103,1316,1442,1,100,172325,4805,0,9,1,85,85,NORMAL,0,0,94,10,8,170,5,9,89,94,18,0,0,0,0
181330,60,bully,8715,0,0,0,94,103,1316,1442,1,100,172615,5103,0,9,1,85,85,NORMAL,0,0,94,10,8,170,5,9,89,94,18,0,0,0,0
181214,46,bully,7989,0,0,0,94,102,1316,1428,1,100,173225,4582,0,8,1,86,86,NORMAL,0,0,94,8,8,172,4,8,90,94,16,0,0,0,0
181944,42,bully,8546,0,0,0,94,102,1316,1428,1,100,173398,4607,0,8,1,86,86,NORMAL,0,0,94,8,8,172,4,8,90,94,16,0,0,0,0
181741,71,bully,9675,0,0,0,94,103,1316,1442,1,100,172066,5225,0,9,1,85,85,NORMAL,0,0,94,10,8,170,5,9,89,94,18,0,0,0,0
181047,75,bully,8524,0,0,0,94,103,1316,1442,1,100,172523,4738,0,9,1,85,85,NORMAL,0,0,94,10,8,170,5,9,89,94,18,0,0,0,0
181417,79,bully,9061,0,0,0,94,103,1316,1442,1,100,172356,4790,0,9,1,85,85,NORMAL,0,0,94,10,8,170,5,9,89,94,18,0,0,0,0
181605,40,bully,8046,0,0,0,94,102,1316,1428,1,100,173559,4596,0,8,1,86,86,NORMAL,0,0,94,8,8,172,4,8,90,94,16,0,0,0,0
181974,24,bully,7771,0,0,0,94,102,1316,1428,1,100,174203,4625,0,8,1,86,86,NORMAL,0,0,94,8,8,172,4,8,90,94,16,0,0,0,0
181483,45,bully,8077,0,0,0,94,102,1316,1428,1,100,173406,4591,0,8,1,86,86,NORMAL,0,0,94,8,8,172,4,8,90,94,16,0,0,0,0
181211,51,bully,8111,0,0,0,94,102,1316,1428,1,100,173100,4557,0,8,1,86,86,NORMAL,0,0,94,8,8,172,4,8,90,94,16,0,0,0,0
181498,13,bully,6749,0,0,0,94,102,1316,1428,1,100,174749,4617,0,8,1,86,86,NORMAL,0,0,94,8,8,172,4,8,90,94,16,0,0,0,0
181864,100,bully,6475,1,1,4612,96,103,1344,1442,1,100,175389,4612,0,9,1,87,85,LEADER,1,88,96,10,8,174,5,9,89,94,18,0,0,0,0
181823,59,bully,8913,0,0,0,95,104,1330,1456,1,100,172910,5165,0,9,1,86,86,NORMAL,0,0,95,10,8,172,5,9,90,95,18,0,0,0,0
181701,27,bully,7441,0,0,0,94,102,1316,1428,1,100,174260,4664,0,8,1,86,86,NORMAL,0,0,94,8,8,172,4,8,90,94,16,0,0,0,0
181672,94,bully,8625,0,0,0,94,103,1316,1442,1,100,173047,4708,0,9,1,85,85,NORMAL,0,0,94,10,8,170,5,9,89,94,18,0,0,0,0
181332,80,bully,8811,0,0,0,94,103,1316,1442,1,100,172521,4799,0,9,1,85,85,NORMAL,0,0,94,10,8,170,5,9,89,94,18,0,0,0,0
181553,22,bully,7054,0,0,0,94,102,1316,1428,1,100,174499,4574,0,8,1,86,86,NORMAL,0,0,94,8,8,172,4,8,90,94,16,0,0,0,0
181897,95,bully,8841,0,0,0,94,103,1316,1442,1,100,173056,4707,0,9,1,85,85,NORMAL,0,0,94,10,8,170,5,9,89,94,18,0,0,0,0
181347,48,bully,7909,0,0,0,94,102,1316,1428,1,100,173438,4587,0,8,1,86,86,NORMAL,0,0,94,8,8,172,4,8,90,94,16,0,0,0,0
181941,66,bully,9289,0,0,0,94,104,1316,1456,1,100,172652,5218,0,10,1,85,85,NORMAL,0,0,94,10,8,170,6,10,89,95,18,0,0,0,0
181565,8,bully,6387,0,0,0,95,104,1330,1456,1,100,175178,4652,0,9,1,86,86,NORMAL,0,0,95,10,8,172,5,9,90,95,18,0,0,0,0
181807,68,bully,9219,0,0,0,94,103,1316,1442,1,100,172588,5231,0,9,1,85,85,NORMAL,0,0,94,10,8,170,5,9,89,94,18,0,0,0,0
181980,86,bully,9226,0,0,0,95,105,1330,1470,1,100,172754,5464,0,10,1,85,85,NORMAL,0,0,95,12,8,170,6,10,89,95,20,0,0,0,0
181771,7,bully,6367,0,0,0,95,104,1330,1456,1,100,175404,4626,0,9,1,86,86,NORMAL,0,0,95,10,8,172,5,9,90,95,18,0,0,0,0
181936,30,bully,7536,0,0,0,94,102,1316,1428,1,100,174400,4586,0,8,1,86,86,NORMAL,0,0,94,8,8,172,4,8,90,94,16,0,0,0,0
181756,39,bully,7713,0,0,0,94,102,1316,1428,1,100,174043,4600,0,8,1,86,86,NORMAL,0,0,94,8,8,172,4,8,90,94,16,0,0,0,0
181908,25,bully,7253,0,0,0,94,102,1316,1428,1,100,174655,4614,0,8,1,86,86,NORMAL,0,0,94,8,8,172,4,8,90,94,16,0,0,0,0
181776,84,bully,8574,0,0,0,94,103,1316,1442,1,100,173202,4597,0,9,1,85,85,NORMAL,0,0,94,10,8,170,5,9,89,94,18,0,0,0,0
181959,56,bully,8311,0,0,0,94,102,1316,1428,1,100,173648,4573,0,8,1,86,86,NORMAL,0,0,94,8,8,172,4,8,90,94,16,0,0,0,0
190024,57,bully,9225,1,0,0,98,106,1372,1484,1,100,180799,5201,0,9,2,89,89,NORMAL,0,0,98,10,8,178,4,8,93,97,18,0,0,0,0
190081,85,bully,9503,1,0,0,99,108,1386,1512,1,100,180578,5422,0,10,2,89,89,NORMAL,0,0,99,12,8,178,5,9,93,98,20,0,0,0,0
190184,88,bully,8830,1,1,4646,99,109,1386,1526,1,100,181354,4646,0,11,3,89,89,NORMAL,0,2,100,12,8,178,6,10,93,99,20,0,0,0,0
190044,1,bully,6528,0,0,0,100,109,1400,1526,1,100,183516,4612,0,9,1,91,91,NORMAL,0,0,100,10,8,182,5,9,95,100,18,0,0,0,0
190177,41,bully,8335,0,0,0,98,106,1372,1484,1,100,181842,4579,0,8,2,90,90,NORMAL,0,0,98,8,8,180,4,8,94,98,16,0,0,0,0
190368,47,bully,8787,0,0,0,98,106,1372,1484,1,100,181581,4591,0,8,2,90,90,NORMAL,0,0,98,8,8,180,4,8,94,98,16,0,0,0,0
190014,65,bully,9204,1,0,0,100,109,1400,1526,1,100,180810,5190,0,10,2,90,90,NORMAL,0,0,100,12,8,180,5,9,94,99,20,0,0,0,0
190192,9,bully,6787,0,0,0,99,108,1386,1512,1,100,183405,4632,0,9,1,90,90,NORMAL,0,0,99,10,8,180,5,9,94,99,18,0,0,0,0
190383,15,bully,7246,0,0,0,98,106,1372,1484,1,100,183137,4599,0,8,1,90,90,NORMAL,0,0,98,8,8,180,4,8,94,98,16,0,0,0,0
190162,73,bully,8892,1,1,4730,99,108,1386,1512,1,100,181270,4730,0,9,2,90,90,NORMAL,0,2,100,10,8,180,5,9,94,99,18,0,0,0,0
190668,20,bully,7601,0,0,0,98,106,1372,1484,1,100,183067,4538,0,8,1,90,90,NORMAL,0,0,98,8,8,180,4,8,94,98,16,0,0,0,0
190653,52,bully,8917,0,0,0,98,106,1372,1484,1,100,181736,4515,0,8,2,90,90,NORMAL,0,0,98,8,8,180,4,8,94,98,16,0,0,0,0
190029,33,bully,7493,0,0,0,98,106,1372,1484,1,100,182536,4621,0,8,1,90,90,NORMAL,0,0,98,8,8,180,4,8,94,98,16,0,0,0,0
190586,32,bully,7977,0,0,0,98,106,1372,1484,1,100,182609,4622,0,8,1,90,90,NORMAL,0,0,98,8,8,180,4,8,94,98,16,0,0,0,0
190096,53,bully,8351,0,0,0,98,106,1372,1484,1,100,181745,4519,0,8,2,90,90,NORMAL,0,0,98,8,8,180,4,8,94,98,16,0,0,0,0
190517,11,bully,6961,0,0,0,99,108,1386,1512,1,100,183556,4596,0,9,1,90,90,NORMAL,0,0,99,10,8,180,5,9,94,99,18,0,0,0,0
190026,76,bully,8735,0,0,0,99,108,1386,1512,1,100,181291,4766,0,9,2,90,90,NORMAL,0,0,99,10,8,180,5,9,94,99,18,0,0,0,0
190111,21,bully,6973,0,0,0,98,106,1372,1484,1,100,183138,4559,0,8,1,90,90,NORMAL,0,0,98,8,8,180,4,8,94,98,16,0,0,0,0
190217,82,bully,8808,1,1,4591,99,108,1386,1512,1,100,181409,4591,0,9,2,90,90,NORMAL,0,2,100,10,8,180,5,9,94,99,18,0,0,0,0
190299,70,bully,9318,0,0,0,99,108,1386,1512,1,100,180981,5256,0,9,2,90,90,NORMAL,0,0,99,10,8,180,5,9,94,99,18,0,0,0,0
190435,35,bully,7908,0,0,0,98,106,1372,1484,1,100,182527,4653,0,8,1,90,90,NORMAL,0,0,98,8,8,180,4,8,94,98,16,0,0,0,0
190329,6,bully,6444,0,0,0,99,108,1386,1512,1,100,183885,4631,0,9,1,90,90,NORMAL,0,0,99,10,8,180,5,9,94,99,18,0,0,0,0
190094,23,bully,6991,0,0,0,98,106,1372,1484,1,100,183103,4615,0,8,1,90,90,NORMAL,0,0,98,8,8,180,4,8,94,98,16,0,0,0,0
190420,99,bully,8873,0,0,0,98,107,1372,1498,1,100,181547,4671,0,9,2,89,89,NORMAL,0,0,98,10,8,178,5,9,93,98,18,0,0,0,0
190856,69,bully,9754,0,0,0,99,108,1386,1512,1,100,181102,5257,0,9,2,90,90,NORMAL,0,0,99,10,8,180,5,9,94,99,18,0,0,0,0
190723,29,bully,7842,0,0,0,98,106,1372,1484,1,100,182881,4621,0,8,1,90,90,NORMAL,0,0,98,8,8,180,4,8,94,98,16,0,0,0,0
190314,38,bully,7766,0,0,0,98,106,1372,1484,1,100,182548,4584,0,8,1,90,90,NORMAL,0,0,98,8,8,180,4,8,94,98,16,0,0,0,0
191008,34,bully,8318,0,0,0,98,106,1372,1484,1,100,182690,4665,0,8,1,90,90,NORMAL,0,0,98,8,8,180,4,8,94,98,16,0,0,0,0
190693,93,bully,8800,0,0,0,99,108,1386,1512,1,100,181893,4726,0,10,3,90,90,NORMAL,0,0,99,10,8,180,5,9,94,99,18,0,0,0,0
190557,96,bully,8657,0,0,0,99,108,1386,1512,1,100,181900,4704,0,9,2,90,90,NORMAL,0,0,99,10,8,180,5,9,94,99,18,0,0,0,0
190247,18,bully,6641,0,0,0,98,106,1372,1484,1,100,183606,4558,0,8,1,90,90,NORMAL,0,0,98,8,8,180,4,8,94,98,16,0,0,0,0
190859,26,bully,7616,0,0,0,98,106,1372,1484,1,100,183243,4654,0,8,1,90,90,NORMAL,0,0,98,8,8,180,4,8,94,98,16,0,0,0,0
190757,74,bully,8994,0,0,0,99,108,1386,1512,1,100,181763,4753,0,9,2,90,90,NORMAL,0,0,99,10,8,180,5,9,94,99,18,0,0,0,0
190380,58,bully,8409,0,0,0,99,108,1386,1512,1,100,181971,5196,0,9,2,90,90,NORMAL,0,0,99,10,8,180,5,9,94,99,18,0,0,0,0
191280,28,bully,7953,0,0,0,98,106,1372,1484,1,100,183327,4598,0,8,1,90,90,NORMAL,0,0,98,8,8,180,4,8,94,98,16,0,0,0,0
190365,90,bully,8033,0,0,0,99,108,1386,1512,1,100,182332,4714,0,10,2,90,90,NORMAL,0,0,99,10,8,180,5,9,94,99,18,0,0,0,0
190532,81,bully,8963,0,0,0,99,108,1386,1512,1,100,181569,4806,0,9,2,90,90,NORMAL,0,0,99,10,8,180,5,9,94,99,18,0,0,0,0
190993,54,bully,8751,0,0,0,98,106,1372,1484,1,100,182242,4558,0,8,1,90,90,NORMAL,0,0,98,8,8,180,4,8,94,98,16,0,0,0,0
190502,87,bully,8831,0,0,0,100,110,1400,1540,1,100,181671,5465,0,10,2,90,90,NORMAL,0,0,100,12,8,180,6,10,94,100,20,0,0,0,0
190572,64,bully,8772,0,0,0,99,108,1386,1512,1,100,181800,5140,0,9,2,90,90,NORMAL,0,0,99,10,8,180,5,9,94,99,18,0,0,0,0
190744,49,bully,8255,0,0,0,98,106,1372,1484,1,100,182489,4570,0,8,1,90,90,NORMAL,0,0,98,8,8,180,4,8,94,98,16,0,0,0,0
190804,17,bully,6922,0,0,0,99,107,1386,1498,1,100,183882,4557,0,8,1,91,91,NORMAL,0,0,99,8,8,182,4,8,95,99,16,0,0,0,0
190790,50,bully,8314,0,0,0,98,106,1372,1484,1,100,182476,4579,0,8,1,90,90,NORMAL,0,0,98,8,8,180,4,8,94,98,16,0,0,0,0
190978,98,bully,8889,0,0,0,99,108,1386,1512,1,100,182089,4681,0,9,1,90,90,NORMAL,0,0,99,10,8,180,5,9,94,99,18,0,0,0,0
191402,43,bully,8567,0,0,0,98,106,1372,1484,1,100,182835,4605,0,8,1,90,90,NORMAL,0,0,98,8,8,180,4,8,94,98,16,0,0,0,0
190520,12,bully,6370,0,0,0,99,108,1386,1512,1,100,184150,4631,0,9,1,91,91,NORMAL,0,0,99,8,8,182,5,9,95,100,16,0,0,0,0
190708,61,bully,8632,0,0,0,99,108,1386,1512,1,100,182076,5091,0,9,1,90,90,NORMAL,0,0,99,10,8,180,5,9,94,99,18,0,0,0,0
191114,36,bully,8012,0,0,0,98,106,1372,1484,1,100,183102,4652,0,8,1,90,90,NORMAL,0,0,98,8,8,180,4,8,94,98,16,0,0,0,0
191043,67,bully,9268,0,0,0,99,108,1386,1512,1,100,181775,5230,0,9,2,90,90,NORMAL,0,0,99,10,8,180,5,9,94,99,18,0,0,0,0
190941,14,bully,6817,0,0,0,99,107,1386,1498,1,100,184124,4594,0,8,1,91,91,NORMAL,0,0,99,8,8,182,4,8,95,99,16,0,0,0,0
191362,16,bully,7334,0,0,0,99,107,1386,1498,1,100,184028,4575,0,8,1,91,91,NORMAL,0,0,99,8,8,182,4,8,95,99,16,0,0,0,0
190638,5,bully,6046,0,0,0,101,110,1414,1540,1,100,184592,4640,0,9,1,92,92,NORMAL,0,0,101,10,8,184,5,9,96,101,18,0,0,0,0
191533,62,bully,9406,0,0,0,99,108,1386,1512,1,100,182127,5109,0,9,1,90,90,NORMAL,0,0,99,10,8,180,5,9,94,99,18,0,0,0,0
191184,72,bully,9555,0,0,0,99,108,1386,1512,1,100,181629,5216,0,9,2,90,90,NORMAL,0,0,99,10,8,180,5,9,94,99,18,0,0,0,0
190775,3,bully,6053,0,0,0,101,110,1414,1540,1,100,184722,4598,0,9,1,92,92,NORMAL,0,0,101,10,8,184,5,9,96,101,18,0,0,0,0
191356,55,bully,8912,0,0,0,98,106,1372,1484,1,100,182444,4609,0,8,1,90,90,NORMAL,0,0,98,8,8,180,4,8,94,98,16,0,0,0,0
190871,37,bully,7600,0,0,0,98,106,1372,1484,1,100,183271,4603,0,8,1,90,90,NORMAL,0,0,98,8,8,180,4,8,94,98,16,0,0,0,0
191535,97,bully,9132,0,0,0,99,108,1386,1512,1,100,182403,4660,0,9,1,90,90,NORMAL,0,0,99,10,8,180,5,9,94,99,18,0,0,0,0
190911,77,bully,8784,0,0,0,99,108,1386,1512,1,100,182127,4780,0,9,1,90,90,NORMAL,0,0,99,10,8,180,5,9,94,99,18,0,0,0,0
191686,44,bully,8605,0,0,0,98,106,1372,1484,1,100,183081,4613,0,8,1,90,90,NORMAL,0,0,98,8,8,180,4,8,94,98,16,0,0,0,0
191635,10,bully,7091,0,0,0,100,109,1400,1526,1,100,184544,4600,0,9,1,91,91,NORMAL,0,0,100,10,8,182,5,9,95,100,18,0,0,0,0
191157,4,bully,6307,0,0,0,101,110,1414,1540,1,100,184850,4636,0,9,1,92,92,NORMAL,0,0,101,10,8,184,5,9,96,101,18,0,0,0,0
191387,89,bully,8500,0,0,0,99,109,1386,1526,1,100,182887,4698,0,11,2,90,90,NORMAL,0,0,99,10,8,180,6,10,94,100,18,0,0,0,0
191144,31,bully,7459,0,0,0,99,107,1386,1498,1,100,183685,4616,0,8,1,91,91,NORMAL,0,0,99,8,8,182,4,8,95,99,16,0,0,0,0
191196,83,bully,8811,0,0,0,99,108,1386,1512,1,100,182385,4615,0,9,1,90,90,NORMAL,0,0,99,10,8,180,5,9,94,99,18,0,0,0,0
191690,19,bully,7396,0,0,0,99,107,1386,1498,1,100,184294,4546,0,8,1,91,91,NORMAL,0,0,99,8,8,182,4,8,95,99,16,0,0,0,0
191265,2,bully,6214,0,0,0,101,110,1414,1540,1,100,185051,4617,0,9,1,92,92,NORMAL,0,0,101,10,8,184,5,9,96,101,18,0,0,0,0
191129,63,bully,8721,0,0,0,99,108,1386,1512,1,100,182408,5115,0,9,1,90,90,NORMAL,0,0,99,10,8,180,5,9,94,99,18,0,0,0,0
191523,92,bully,8687,0,0,0,99,108,1386,1512,1,100,182836,4740,0,10,2,90,90,NORMAL,0,0,99,10,8,180,5,9,94,99,18,0,0,0,0
191808,91,bully,8916,0,0,0,99,108,1386,1512,1,100,182892,4706,0,10,2,90,90,NORMAL,0,0,99,10,8,180,5,9,94,99,18,0,0,0,0
191164,78,bully,8839,0,0,0,99,108,1386,1512,1,100,182325,4805,0,9,1,90,90,NORMAL,0,0,99,10,8,180,5,9,94,99,18,0,0,0,0
191330,60,bully,8715,0,0,0,99,108,1386,1512,1,100,182615,5103,0,9,1,90,90,NORMAL,0,0,99,10,8,180,5,9,94,99,18,0,0,0,0
191214,46,bully,7989,0,0,0,98,106,1372,1484,1,100,183225,4582,0,8,1,90,90,NORMAL,0,0,98,8,8,180,4,8,94,98,16,0,0,0,0
191944,42,bully,8546,0,0,0,99,107,1386,1498,1,100,183398,4607,0,8,1,91,91,NORMAL,0,0,99,8,8,182,4,8,95,99,16,0,0,0,0
191741,71,bully,9675,0,0,0,99,108,1386,1512,1,100,182066,5225,0,9,1,90,90,NORMAL,0,0,99,10,8,180,5,9,94,99,18,0,0,0,0
191047,75,bully,8524,0,0,0,99,108,1386,1512,1,100,182523,4738,0,9,1,90,90,NORMAL,0,0,99,10,8,180,5,9,94,99,18,0,0,0,0
191417,79,bully,9061,0,0,0,99,108,1386,1512,1,100,182356,4790,0,9,1,90,90,NORMAL,0,0,99,10,8,180,5,9,94,99,18,0,0,0,0
191605,40,bully,8046,0,0,0,99,107,1386,1498,1,100,183559,4596,0,8,1,91,91,NORMAL,0,0,99,8,8,182,4,8,95,99,16,0,0,0,0
191974,24,bully,7771,0,0,0,99,107,1386,1498,1,100,184203,4625,0,8,1,91,91,NORMAL,0,0,99,8,8,182,4,8,95,99,16,0,0,0,0
191211,51,bully,8111,0,0,0,98,106,1372,1484,1,100,183100,4557,0,8,1,90,90,NORMAL,0,0,98,8,8,180,4,8,94,98,16,0,0,0,0
191483,45,bully,8077,0,0,0,99,107,1386,1498,1,100,183406,4591,0,8,1,91,91,NORMAL,0,0,99,8,8,182,4,8,95,99,16,0,0,0,0
191498,13,bully,6749,0,0,0,99,107,1386,1498,1,100,184749,4617,0,8,1,91,91,NORMAL,0,0,99,8,8,182,4,8,95,99,16,0,0,0,0
191864,100,bully,6475,1,1,4612,101,108,1414,1512,1,100,185389,4612,0,9,1,92,90,LEADER,1,93,101,10,8,184,5,9,94,99,18,0,0,0,0
191823,59,bully,8913,0,0,0,99,108,1386,1512,1,100,182910,5165,0,9,1,90,90,NORMAL,0,0,99,10,8,180,5,9,94,99,18,0,0,0,0
191701,27,bully,7441,0,0,0,99,107,1386,1498,1,100,184260,4664,0,8,1,91,91,NORMAL,0,0,99,8,8,182,4,8,95,99,16,0,0,0,0
191672,94,bully,8625,0,0,0,99,108,1386,1512,1,100,183047,4708,0,9,1,90,90,NORMAL,0,0,99,10,8,180,5,9,94,99,18,0,0,0,0
191332,80,bully,8811,0,0,0,99,108,1386,1512,1,100,182521,4799,0,9,1,90,90,NORMAL,0,0,99,10,8,180,5,9,94,99,18,0,0,0,0
191553,22,bully,7054,0,0,0,99,107,1386,1498,1,100,184499,4574,0,8,1,91,91,NORMAL,0,0,99,8,8,182,4,8,95,99,16,0,0,0,0
191897,95,bully,8841,0,0,0,99,108,1386,1512,1,100,183056,4707,0,9,1,90,90,NORMAL,0,0,99,10,8,180,5,9,94,99,18,0,0,0,0
191347,48,bully,7909,0,0,0,99,107,1386,1498,1,100,183438,4587,0,8,1,91,91,NORMAL,0,0,99,8,8,182,4,8,95,99,16,0,0,0,0
191941,66,bully,9289,0,0,0,99,109,1386,1526,1,100,182652,5218,0,10,1,90,90,NORMAL,0,0,99,10,8,180,6,10,94,100,18,0,0,0,0
191565,8,bully,6387,0,0,0,100,109,1400,1526,1,100,185178,4652,0,9,1,91,91,NORMAL,0,0,100,10,8,182,5,9,95,100,18,0,0,0,0
191807,68,bully,9219,0,0,0,99,108,1386,1512,1,100,182588,5231,0,9,1,90,90,NORMAL,0,0,99,10,8,180,5,9,94,99,18,0,0,0,0
191980,86,bully,9226,0,0,0,100,110,1400,1540,1,100,182754,5464,0,10,1,90,90,NORMAL,0,0,100,12,8,180,6,10,94,100,20,0,0,0,0
191771,7,bully,6367,0,0,0,100,109,1400,1526,1,100,185404,4626,0,9,1,91,91,NORMAL,0,0,100,10,8,182,5,9,95,100,18,0,0,0,0
191936,30,bully,7536,0,0,0,99,107,1386,1498,1,100,184400,4586,0,8,1,91,91,NORMAL,0,0,99,8,8,182,4,8,95,99,16,0,0,0,0
191756,39,bully,7713,0,0,0,99,107,1386,1498,1,100,184043,4600,0,8,1,91,91,NORMAL,0,0,99,8,8,182,4,8,95,99,16,0,0,0,0
191908,25,bully,7253,0,0,0,99,107,1386,1498,1,100,184655,4614,0,8,1,91,91,NORMAL,0,0,99,8,8,182,4,8,95,99,16,0,0,0,0
191776,84,bully,8574,0,0,0,99,108,1386,1512,1,100,183202,4597,0,9,1,90,90,NORMAL,0,0,99,10,8,180,5,9,94,99,18,0,0,0,0
191959,56,bully,8311,0,0,0,99,107,1386,1498,1,100,183648,4573,0,8,1,91,91,NORMAL,0,0,99,8,8,182,4,8,95,99,16,0,0,0,0
200024,57,bully,9225,1,0,0,103,111,1442,1554,1,100,190799,5201,0,9,2,94,94,NORMAL,0,0,103,10,8,188,4,8,98,102,18,0,0,0,0
200081,85,bully,9503,1,0,0,104,113,1456,1582,1,100,190578,5422,0,10,2,94,94,NORMAL,0,0,104,12,8,188,5,9,98,103,20,0,0,0,0
200184,88,bully,8830,1,1,4646,104,114,1456,1596,1,100,191354,4646,0,11,3,94,94,NORMAL,0,2,105,12,8,188,6,10,98,104,20,0,0,0,0
200044,1,bully,6528,0,0,0,105,114,1470,1596,1,100,193516,4612,0,9,1,96,96,NORMAL,0,0,105,10,8,192,5,9,100,105,18,0,0,0,0
200177,41,bully,8335,0,0,0,103,111,1442,1554,1,100,191842,4579,0,8,2,95,95,NORMAL,0,0,103,8,8,190,4,8,99,103,16,0,0,0,0
200368,47,bully,8787,0,0,0,103,111,1442,1554,1,100,191581,4591,0,8,2,95,95,NORMAL,0,0,103,8,8,190,4,8,99,103,16,0,0,0,0
200014,65,bully,9204,1,0,0,105,114,1470,1596,1,100,190810,5190,0,10,2,95,95,NORMAL,0,0,105,12,8,190,5,9,99,104,20,0,0,0,0
200192,9,bully,6787,0,0,0,104,113,1456,1582,1,100,193405,4632,0,9,1,95,95,NORMAL,0,0,104,10,8,190,5,9,99,104,18,0,0,0,0
200383,15,bully,7246,0,0,0,103,111,1442,1554,1,100,193137,4599,0,8,1,95,95,NORMAL,0,0,103,8,8,190,4,8,99,103,16,0,0,0,0
200162,73,bully,8892,1,1,4730,104,113,1456,1582,1,100,191270,4730,0,9,2,95,95,NORMAL,0,2,105,10,8,190,5,9,99,104,18,0,0,0,0
200668,20,bully,7601,0,0,0,103,111,1442,1554,1,100,193067,4538,0,8,1,95,95,NORMAL,0,0,103,8,8,190,4,8,99,103,16,0,0,0,0
200653,52,bully,8917,0,0,0,103,111,1442,1554,1,100,191736,4515,0,8,2,95,95,NORMAL,0,0,103,8,8,190,4,8,99,103,16,0,0,0,0
200029,33,bully,7493,0,0,0,103,111,1442,1554,1,100,192536,4621,0,8,1,95,95,NORMAL,0,0,103,8,8,190,4,8,99,103,16,0,0,0,0
200586,32,bully,7977,0,0,0,103,111,1442,1554,1,100,192609,4622,0,8,1,95,95,NORMAL,0,0,103,8,8,190,4,8,99,103,16,0,0,0,0
200096,53,bully,8351,0,0,0,103,111,1442,1554,1,100,191745,4519,0,8,2,95,95,NORMAL,0,0,103,8,8,190,4,8,99,103,16,0,0,0,0
200517,11,bully,6961,0,0,0,104,113,1456,1582,1,100,193556,4596,0,9,1,95,95,NORMAL,0,0,104,10,8,190,5,9,99,104,18,0,0,0,0
200026,76,bully,8735,0,0,0,104,113,1456,1582,1,100,191291,4766,0,9,2,95,95,NORMAL,0,0,104,10,8,190,5,9,99,104,18,0,0,0,0
200111,21,bully,6973,0,0,0,103,111,1442,1554,1,100,193138,4559,0,8,1,95,95,NORMAL,0,0,103,8,8,190,4,8,99,103,16,0,0,0,0
200217,82,bully,8808,1,1,4591,104,113,1456,1582,1,100,191409,4591,0,9,2,95,95,NORMAL,0,2,105,10,8,190,5,9,99,104,18,0,0,0,0
200299,70,bully,9318,0,0,0,104,113,1456,1582,1,100,190981,5256,0,9,2,95,95,NORMAL,0,0,104,10,8,190,5,9,99,104,18,0,0,0,0
200435,35,bully,7908,0,0,0,103,111,1442,1554,1,100,192527,4653,0,8,1,95,95,NORMAL,0,0,103,8,8,190,4,8,99,103,16,0,0,0,0
200329,6,bully,6444,0,0,0,105,114,1470,1596,1,100,193885,4631,0,9,1,96,96,NORMAL,0,0,105,10,8,192,5,9,100,105,18,0,0,0,0
200094,23,bully,6991,0,0,0,103,111,1442,1554,1,100,193103,4615,0,8,1,95,95,NORMAL,0,0,103,8,8,190,4,8,99,103,16,0,0,0,0
200420,99,bully,8873,0,0,0,103,112,1442,1568,1,100,191547,4671,0,9,2,94,94,NORMAL,0,0,103,10,8,188,5,9,98,103,18,0,0,0,0
200856,69,bully,9754,0,0,0,104,113,1456,1582,1,100,191102,5257,0,9,2,95,95,NORMAL,0,0,104,10,8,190,5,9,99,104,18,0,0,0,0
200723,29,bully,7842,0,0,0,103,111,1442,1554,1,100,192881,4621,0,8,1,95,95,NORMAL,0,0,103,8,8,190,4,8,99,103,16,0,0,0,0
200314,38,bully,7766,0,0,0,103,111,1442,1554,1,100,192548,4584,0,8,1,95,95,NORMAL,0,0,103,8,8,190,4,8,99,103,16,0,0,0,0
201008,34,bully,8318,0,0,0,103,111,1442,1554,1,100,192690,4665,0,8,1,95,95,NORMAL,0,0,103,8,8,190,4,8,99,103,16,0,0,0,0
200693,93,bully,8800,0,0,0,104,113,1456,1582,1,100,191893,4726,0,10,3,95,95,NORMAL,0,0,104,10,8,190,5,9,99,104,18,0,0,0,0
200557,96,bully,8657,0,0,0,104,113,1456,1582,1,100,191900,4704,0,9,2,95,95,NORMAL,0,0,104,10,8,190,5,9,99,104,18,0,0,0,0
200247,18,bully,6641,0,0,0,104,112,1456,1568,1,100,193606,4558,0,8,1,96,96,NORMAL,0,0,104,8,8,192,4,8,100,104,16,0,0,0,0
200859,26,bully,7616,0,0,0,103,111,1442,1554,1,100,193243,4654,0,8,1,95,95,NORMAL,0,0,103,8,8,190,4,8,99,103,16,0,0,0,0
200757,74,bully,8994,0,0,0,104,113,1456,1582,1,100,191763,4753,0,9,2,95,95,NORMAL,0,0,104,10,8,190,5,9,99,104,18,0,0,0,0
200380,58,bully,8409,0,0,0,104,113,1456,1582,1,100,191971,5196,0,9,2,95,95,NORMAL,0,0,104,10,8,190,5,9,99,104,18,0,0,0,0
201280,28,bully,7953,0,0,0,103,111,1442,1554,1,100,193327,4598,0,8,1,95,95,NORMAL,0,0,103,8,8,190,4,8,99,103,16,0,0,0,0
200365,90,bully,8033,0,0,0,104,113,1456,1582,1,100,192332,4714,0,10,2,95,95,NORMAL,0,0,104,10,8,190,5,9,99,104,18,0,0,0,0
200532,81,bully,8963,0,0,0,104,113,1456,1582,1,100,191569,4806,0,9,2,95,95,NORMAL,0,0,104,10,8,190,5,9,99,104,18,0,0,0,0
200993,54,bully,8751,0,0,0,103,111,1442,1554,1,100,192242,4558,0,8,1,95,95,NORMAL,0,0,103,8,8,190,4,8,99,103,16,0,0,0,0
200502,87,bully,8831,0,0,0,105,115,1470,1610,1,100,191671,5465,0,10,2,95,95,NORMAL,0,0,105,12,8,190,6,10,99,105,20,0,0,0,0
200572,64,bully,8772,0,0,0,104,113,1456,1582,1,100,191800,5140,0,9,2,95,95,NORMAL,0,0,104,10,8,190,5,9,99,104,18,0,0,0,0
200744,49,bully,8255,0,0,0,103,111,1442,1554,1,100,192489,4570,0,8,1,95,95,NORMAL,0,0,103,8,8,190,4,8,99,103,16,0,0,0,0
200804,17,bully,6922,0,0,0,104,112,1456,1568,1,100,193882,4557,0,8,1,96,96,NORMAL,0,0,104,8,8,192,4,8,100,104,16,0,0,0,0
200790,50,bully,8314,0,0,0,103,111,1442,1554,1,100,192476,4579,0,8,1,95,95,NORMAL,0,0,103,8,8,190,4,8,99,103,16,0,0,0,0
200978,98,bully,8889,0,0,0,104,113,1456,1582,1,100,192089,4681,0,9,1,95,95,NORMAL,0,0,104,10,8,190,5,9,99,104,18,0,0,0,0
201402,43,bully,8567,0,0,0,103,111,1442,1554,1,100,192835,4605,0,8,1,95,95,NORMAL,0,0,103,8,8,190,4,8,99,103,16,0,0,0,0
200520,12,bully,6370,0,0,0,104,113,1456,1582,1,100,194150,4631,0,9,1,96,96,NORMAL,0,0,104,8,8,192,5,9,100,105,16,0,0,0,0
200708,61,bully,8632,0,0,0,104,113,1456,1582,1,100,192076,5091,0,9,1,95,95,NORMAL,0,0,104,10,8,190,5,9,99,104,18,0,0,0,0
201114,36,bully,8012,0,0,0,103,111,1442,1554,1,100,193102,4652,0,8,1,95,95,NORMAL,0,0,103,8,8,190,4,8,99,103,16,0,0,0,0
201043,67,bully,9268,0,0,0,104,113,1456,1582,1,100,191775,5230,0,9,2,95,95,NORMAL,0,0,104,10,8,190,5,9,99,104,18,0,0,0,0
200941,14,bully,6817,0,0,0,104,112,1456,1568,1,100,194124,4594,0,8,1,96,96,NORMAL,0,0,104,8,8,192,4,8,100,104,16,0,0,0,0
201362,16,bully,7334,0,0,0,104,112,1456,1568,1,100,194028,4575,0,8,1,96,96,NORMAL,0,0,104,8,8,192,4,8,100,104,16,0,0,0,0
200638,5,bully,6046,0,0,0,106,115,1484,1610,1,100,194592,4640,0,9,1,97,97,NORMAL,0,0,106,10,8,194,5,9,101,106,18,0,0,0,0
201533,62,bully,9406,0,0,0,104,113,1456,1582,1,100,192127,5109,0,9,1,95,95,NORMAL,0,0,104,10,8,190,5,9,99,104,18,0,0,0,0
201184,72,bully,9555,0,0,0,104,113,1456,1582,1,100,191629,5216,0,9,2,95,95,NORMAL,0,0,104,10,8,190,5,9,99,104,18,0,0,0,0
200775,3,bully,6053,0,0,0,106,115,1484,1610,1,100,194722,4598,0,9,1,97,97,NORMAL,0,0,106,10,8,194,5,9,101,106,18,0,0,0,0
201356,55,bully,8912,0,0,0,103,111,1442,1554,1,100,192444,4609,0,8,1,95,95,NORMAL,0,0,103,8,8,190,4,8,99,103,16,0,0,0,0
200871,37,bully,7600,0,0,0,104,112,1456,1568,1,100,193271,4603,0,8,1,96,96,NORMAL,0,0,104,8,8,192,4,8,100,104,16,0,0,0,0
201535,97,bully,9132,0,0,0,104,113,1456,1582,1,100,192403,4660,0,9,1,95,95,NORMAL,0,0,104,10,8,190,5,9,99,104,18,0,0,0,0
200911,77,bully,8784,0,0,0,104,113,1456,1582,1,100,192127,4780,0,9,1,95,95,NORMAL,0,0,104,10,8,190,5,9,99,104,18,0,0,0,0
201689,44,bully,8605,0,0,0,104,112,1456,1568,1,100,193084,4613,0,8,1,96,96,NORMAL,0,0,104,8,8,192,4,8,100,104,16,0,0,0,0
201635,10,bully,7091,0,0,0,105,114,1470,1596,1,100,194544,4600,0,9,1,96,96,NORMAL,0,0,105,10,8,192,5,9,100,105,18,0,0,0,0
201157,4,bully,6307,0,0,0,106,115,1484,1610,1,100,194850,4636,0,9,1,97,97,NORMAL,0,0,106,10,8,194,5,9,101,106,18,0,0,0,0
201387,89,bully,8500,0,0,0,104,114,1456,1596,1,100,192887,4698,0,11,2,95,95,NORMAL,0,0,104,10,8,190,6,10,99,105,18,0,0,0,0
201144,31,bully,7459,0,0,0,104,112,1456,1568,1,100,193685,4616,0,8,1,96,96,NORMAL,0,0,104,8,8,192,4,8,100,104,16,0,0,0,0
201196,83,bully,8811,0,0,0,104,113,1456,1582,1,100,192385,4615,0,9,1,95,95,NORMAL,0,0,104,10,8,190,5,9,99,104,18,0,0,0,0
201690,19,bully,7396,0,0,0,104,112,1456,1568,1,100,194294,4546,0,8,1,96,96,NORMAL,0,0,104,8,8,192,4,8,100,104,16,0,0,0,0
201265,2,bully,6214,0,0,0,106,115,1484,1610,1,100,195051,4617,0,9,1,97,97,NORMAL,0,0,106,10,8,194,5,9,101,106,18,0,0,0,0
201129,63,bully,8721,0,0,0,104,113,1456,1582,1,100,192408,5115,0,9,1,95,95,NORMAL,0,0,104,10,8,190,5,9,99,104,18,0,0,0,0
201523,92,bully,8687,0,0,0,104,113,1456,1582,1,100,192836,4740,0,10,2,95,95,NORMAL,0,0,104,10,8,190,5,9,99,104,18,0,0,0,0
201808,91,bully,8916,0,0,0,104,113,1456,1582,1,100,192892,4706,0,10,2,95,95,NORMAL,0,0,104,10,8,190,5,9,99,104,18,0,0,0,0
201164,78,bully,8839,0,0,0,104,113,1456,1582,1,100,192325,4805,0,9,1,95,95,NORMAL,0,0,104,10,8,190,5,9,99,104,18,0,0,0,0
201330,60,bully,8715,0,0,0,104,113,1456,1582,1,100,192615,5103,0,9,1,95,95,NORMAL,0,0,104,10,8,190,5,9,99,104,18,0,0,0,0
201214,46,bully,7989,0,0,0,104,112,1456,1568,1,100,193225,4582,0,8,1,96,96,NORMAL,0,0,104,8,8,192,4,8,100,104,16,0,0,0,0
201944,42,bully,8546,0,0,0,104,112,1456,1568,1,100,193398,4607,0,8,1,96,96,NORMAL,0,0,104,8,8,192,4,8,100,104,16,0,0,0,0
201741,71,bully,9675,0,0,0,104,113,1456,1582,1,100,192066,5225,0,9,1,95,95,NORMAL,0,0,104,10,8,190,5,9,99,104,18,0,0,0,0
201047,75,bully,8524,0,0,0,104,113,1456,1582,1,100,192523,4738,0,9,1,95,95,NORMAL,0,0,104,10,8,190,5,9,99,104,18,0,0,0,0
201417,79,bully,9061,0,0,0,104,113,1456,1582,1,100,192356,4790,0,9,1,95,95,NORMAL,0,0,104,10,8,190,5,9,99,104,18,0,0,0,0
201605,40,bully,8046,0,0,0,104,112,1456,1568,1,100,193559,4596,0,8,1,96,96,NORMAL,0,0,104,8,8,192,4,8,100,104,16,0,0,0,0
201974,24,bully,7771,0,0,0,104,112,1456,1568,1,100,194203,4625,0,8,1,96,96,NORMAL,0,0,104,8,8,192,4,8,100,104,16,0,0,0,0
201483,45,bully,8077,0,0,0,104,112,1456,1568,1,100,193406,4591,0,8,1,96,96,NORMAL,0,0,104,8,8,192,4,8,100,104,16,0,0,0,0
201211,51,bully,8111,0,0,0,104,112,1456,1568,1,100,193100,4557,0,8,1,96,96,NORMAL,0,0,104,8,8,192,4,8,100,104,16,0,0,0,0
201498,13,bully,6749,0,0,0,104,112,1456,1568,1,100,194749,4617,0,8,1,96,96,NORMAL,0,0,104,8,8,192,4,8,100,104,16,0,0,0,0
201864,100,bully,6475,1,1,4612,106,113,1484,1582,1,100,195389,4612,0,9,1,97,95,LEADER,1,98,106,10,8,194,5,9,99,104,18,0,0,0,0
201823,59,bully,8913,0,0,0,105,114,1470,1596,1,100,192910,5165,0,9,1,96,96,NORMAL,0,0,105,10,8,192,5,9,100,105,18,0,0,0,0
201701,27,bully,7441,0,0,0,104,112,1456,1568,1,100,194260,4664,0,8,1,96,96,NORMAL,0,0,104,8,8,192,4,8,100,104,16,0,0,0,0
201672,94,bully,8625,0,0,0,104,113,1456,1582,1,100,193047,4708,0,9,1,95,95,NORMAL,0,0,104,10,8,190,5,9,99,104,18,0,0,0,0
201332,80,bully,8811,0,0,0,104,113,1456,1582,1,100,192521,4799,0,9,1,95,95,NORMAL,0,0,104,10,8,190,5,9,99,104,18,0,0,0,0
201553,22,bully,7054,0,0,0,104,112,1456,1568,1,100,194499,4574,0,8,1,96,96,NORMAL,0,0,104,8,8,192,4,8,100,104,16,0,0,0,0
201897,95,bully,8841,0,0,0,104,113,1456,1582,1,100,193056,4707,0,9,1,95,95,NORMAL,0,0,104,10,8,190,5,9,99,104,18,0,0,0,0
201347,48,bully,7909,0,0,0,104,112,1456,1568,1,100,193438,4587,0,8,1,96,96,NORMAL,0,0,104,8,8,192,4,8,100,104,16,0,0,0,0
201941,66,bully,9289,0,0,0,105,115,1470,1610,1,100,192652,5218,0,10,1,96,96,NORMAL,0,0,105,10,8,192,6,10,100,106,18,0,0,0,0
201565,8,bully,6387,0,0,0,105,114,1470,1596,1,100,195178,4652,0,9,1,96,96,NORMAL,0,0,105,10,8,192,5,9,100,105,18,0,0,0,0
201807,68,bully,9219,0,0,0,105,114,1470,1596,1,100,192588,5231,0,9,1,96,96,NORMAL,0,0,105,10,8,192,5,9,100,105,18,0,0,0,0
201980,86,bully,9226,0,0,0,105,115,1470,1610,1,100,192754,5464,0,10,1,95,95,NORMAL,0,0,105,12,8,190,6,10,99,105,20,0,0,0,0
201771,7,bully,6367,0,0,0,105,114,1470,1596,1,100,195404,4626,0,9,1,96,96,NORMAL,0,0,105,10,8,192,5,9,100,105,18,0,0,0,0
201936,30,bully,7536,0,0,0,104,112,1456,1568,1,100,194400,4586,0,8,1,96,96,NORMAL,0,0,104,8,8,192,4,8,100,104,16,0,0,0,0
201756,39,bully,7713,0,0,0,104,112,1456,1568,1,100,194043,4600,0,8,1,96,96,NORMAL,0,0,104,8,8,192,4,8,100,104,16,0,0,0,0
201908,25,bully,7253,0,0,0,104,112,1456,1568,1,100,194655,4614,0,8,1,96,96,NORMAL,0,0,104,8,8,192,4,8,100,104,16,0,0,0,0
201776,84,bully,8574,0,0,0,105,114,1470,1596,1,100,193202,4597,0,9,1,96,96,NORMAL,0,0,105,10,8,192,5,9,100,105,18,0,0,0,0
201959,56,bully,8311,0,0,0,104,112,1456,1568,1,100,193648,4573,0,8,1,96,96,NORMAL,0,0,104,8,8,192,4,8,100,104,16,0,0,0,0
210024,57,bully,9225,1,0,0,109,117,1526,1638,1,100,200799,5201,0,9,2,100,100,NORMAL,0,0,109,10,8,200,4,8,104,108,18,0,0,0,0
210081,85,bully,9503,1,0,0,109,118,1526,1652,1,100,200578,5422,0,10,2,99,99,NORMAL,0,0,109,12,8,198,5,9,103,108,20,0,0,0,0
210184,88,bully,8830,1,1,4646,109,119,1526,1666,1,100,201354,4646,0,11,3,99,99,NORMAL,0,2,110,12,8,198,6,10,103,109,20,0,0,0,0
210044,1,bully,6528,0,0,0,110,119,1540,1666,1,100,203516,4612,0,9,1,101,101,NORMAL,0,0,110,10,8,202,5,9,105,110,18,0,0,0,0
210177,41,bully,8335,0,0,0,108,116,1512,1624,1,100,201842,4579,0,8,2,100,100,NORMAL,0,0,108,8,8,200,4,8,104,108,16,0,0,0,0
210368,47,bully,8787,0,0,0,108,116,1512,1624,1,100,201581,4591,0,8,2,100,100,NORMAL,0,0,108,8,8,200,4,8,104,108,16,0,0,0,0
210014,65,bully,9204,1,0,0,110,119,1540,1666,1,100,200810,5190,0,10,2,100,100,NORMAL,0,0,110,12,8,200,5,9,104,109,20,0,0,0,0
210192,9,bully,6787,0,0,0,109,118,1526,1652,1,100,203405,4632,0,9,1,100,100,NORMAL,0,0,109,10,8,200,5,9,104,109,18,0,0,0,0
210383,15,bully,7246,0,0,0,108,116,1512,1624,1,100,203137,4599,0,8,1,100,100,NORMAL,0,0,108,8,8,200,4,8,104,108,16,0,0,0,0
210162,73,bully,8892,1,1,4730,109,118,1526,1652,1,100,201270,4730,0,9,2,100,100,NORMAL,0,2,110,10,8,200,5,9,104,109,18,0,0,0,0
210668,20,bully,7601,0,0,0,108,116,1512,1624,1,100,203067,4538,0,8,1,100,100,NORMAL,0,0,108,8,8,200,4,8,104,108,16,0,0,0,0
210653,52,bully,8917,0,0,0,108,116,1512,1624,1,100,201736,4515,0,8,2,100,100,NORMAL,0,0,108,8,8,200,4,8,104,108,16,0,0,0,0
210029,33,bully,7493,0,0,0,108,116,1512,1624,1,100,202536,4621,0,8,1,100,100,NORMAL,0,0,108,8,8,200,4,8,104,108,16,0,0,0,0
210586,32,bully,7977,0,0,0,108,116,1512,1624,1,100,202609,4622,0,8,1,100,100,NORMAL,0,0,108,8,8,200,4,8,104,108,16,0,0,0,0
210096,53,bully,8351,0,0,0,108,116,1512,1624,1,100,201745,4519,0,8,2,100,100,NORMAL,0,0,108,8,8,200,4,8,104,108,16,0,0,0,0
210517,11,bully,6961,0,0,0,109,118,1526,1652,1,100,203556,4596,0,9,1,100,100,NORMAL,0,0,109,10,8,200,5,9,104,109,18,0,0,0,0
210026,76,bully,8735,0,0,0,109,118,1526,1652,1,100,201291,4766,0,9,2,100,100,NORMAL,0,0,109,10,8,200,5,9,104,109,18,0,0,0,0
210111,21,bully,6973,0,0,0,108,116,1512,1624,1,100,203138,4559,0,8,1,100,100,NORMAL,0,0,108,8,8,200,4,8,104,108,16,0,0,0,0
210217,82,bully,8808,1,1,4591,109,118,1526,1652,1,100,201409,4591,0,9,2,100,100,NORMAL,0,2,110,10,8,200,5,9,104,109,18,0,0,0,0
210299,70,bully,9318,0,0,0,109,118,1526,1652,1,100,200981,5256,0,9,2,100,100,NORMAL,0,0,109,10,8,200,5,9,104,109,18,0,0,0,0
210435,35,bully,7908,0,0,0,108,116,1512,1624,1,100,202527,4653,0,8,1,100,100,NORMAL,0,0,108,8,8,200,4,8,104,108,16,0,0,0,0
210329,6,bully,6444,0,0,0,110,119,1540,1666,1,100,203885,4631,0,9,1,101,101,NORMAL,0,0,110,10,8,202,5,9,105,110,18,0,0,0,0
210094,23,bully,6991,0,0,0,108,116,1512,1624,1,100,203103,4615,0,8,1,100,100,NORMAL,0,0,108,8,8,200,4,8,104,108,16,0,0,0,0
210420,99,bully,8873,0,0,0,109,118,1526,1652,1,100,201547,4671,0,9,2,100,100,NORMAL,0,0,109,10,8,200,5,9,104,109,18,0,0,0,0
210856,69,bully,9754,0,0,0,109,118,1526,1652,1,100,201102,5257,0,9,2,100,100,NORMAL,0,0,109,10,8,200,5,9,104,109,18,0,0,0,0
210723,29,bully,7842,0,0,0,108,116,1512,1624,1,100,202881,4621,0,8,1,100,100,NORMAL,0,0,108,8,8,200,4,8,104,108,16,0,0,0,0
210314,38,bully,7766,0,0,0,108,116,1512,1624,1,100,202548,4584,0,8,1,100,100,NORMAL,0,0,108,8,8,200,4,8,104,108,16,0,0,0,0
211008,34,bully,8318,0,0,0,108,116,1512,1624,1,100,202690,4665,0,8,1,100,100,NORMAL,0,0,108,8,8,200,4,8,104,108,16,0,0,0,0
210693,93,bully,8800,0,0,0,109,118,1526,1652,1,100,201893,4726,0,10,3,100,100,NORMAL,0,0,109,10,8,200,5,9,104,109,18,0,0,0,0
210557,96,bully,8657,0,0,0,109,118,1526,1652,1,100,201900,4704,0,9,2,100,100,NORMAL,0,0,109,10,8,200,5,9,104,109,18,0,0,0,0
210247,18,bully,6641,0,0,0,109,117,1526,1638,1,100,203606,4558,0,8,1,101,101,NORMAL,0,0,109,8,8,202,4,8,105,109,16,0,0,0,0
210859,26,bully,7616,0,0,0,108,116,1512,1624,1,100,203243,4654,0,8,1,100,100,NORMAL,0,0,108,8,8,200,4,8,104,108,16,0,0,0,0
210757,74,bully,8994,0,0,0,109,118,1526,1652,1,100,201763,4753,0,9,2,100,100,NORMAL,0,0,109,10,8,200,5,9,104,109,18,0,0,0,0
210380,58,bully,8409,0,0,0,109,118,1526,1652,1,100,201971,5196,0,9,2,100,100,NORMAL,0,0,109,10,8,200,5,9,104,109,18,0,0,0,0
211280,28,bully,7953,0,0,0,109,117,1526,1638,1,100,203327,4598,0,8,1,101,101,NORMAL,0,0,109,8,8,202,4,8,105,109,16,0,0,0,0
210365,90,bully,8033,0,0,0,109,118,1526,1652,1,100,202332,4714,0,10,2,100,100,NORMAL,0,0,109,10,8,200,5,9,104,109,18,0,0,0,0
210532,81,bully,8963,0,0,0,109,118,1526,1652,1,100,201569,4806,0,9,2,100,100,NORMAL,0,0,109,10,8,200,5,9,104,109,18,0,0,0,0
210993,54,bully,8751,0,0,0,108,116,1512,1624,1,100,202242,4558,0,8,1,100,100,NORMAL,0,0,108,8,8,200,4,8,104,108,16,0,0,0,0
210502,87,bully,8831,0,0,0,110,120,1540,1680,1,100,201671,5465,0,10,2,100,100,NORMAL,0,0,110,12,8,200,6,10,104,110,20,0,0,0,0
210572,64,bully,8772,0,0,0,109,118,1526,1652,1,100,201800,5140,0,9,2,100,100,NORMAL,0,0,109,10,8,200,5,9,104,109,18,0,0,0,0
210744,49,bully,8255,0,0,0,108,116,1512,1624,1,100,202489,4570,0,8,1,100,100,NORMAL,0,0,108,8,8,200,4,8,104,108,16,0,0,0,0
210804,17,bully,6922,0,0,0,109,117,1526,1638,1,100,203882,4557,0,8,1,101,101,NORMAL,0,0,109,8,8,202,4,8,105,109,16,0,0,0,0
210790,50,bully,8314,0,0,0,108,116,1512,1624,1,100,202476,4579,0,8,1,100,100,NORMAL,0,0,108,8,8,200,4,8,104,108,16,0,0,0,0
210978,98,bully,8889,0,0,0,109,118,1526,1652,1,100,202089,4681,0,9,1,100,100,NORMAL,0,0,109,10,8,200,5,9,104,109,18,0,0,0,0
211402,43,bully,8567,0,0,0,108,116,1512,1624,1,100,202835,4605,0,8,1,100,100,NORMAL,0,0,108,8,8,200,4,8,104,108,16,0,0,0,0
210520,12,bully,6370,0,0,0,109,118,1526,1652,1,100,204150,4631,0,9,1,101,101,NORMAL,0,0,109,8,8,202,5,9,105,110,16,0,0,0,0
210708,61,bully,8632,0,0,0,109,118,1526,1652,1,100,202076,5091,0,9,1,100,100,NORMAL,0,0,109,10,8,200,5,9,104,109,18,0,0,0,0
211114,36,bully,8012,0,0,0,108,116,1512,1624,1,100,203102,4652,0,8,1,100,100,NORMAL,0,0,108,8,8,200,4,8,104,108,16,0,0,0,0
211043,67,bully,9268,0,0,0,109,118,1526,1652,1,100,201775,5230,0,9,2,100,100,NORMAL,0,0,109,10,8,200,5,9,104,109,18,0,0,0,0
210941,14,bully,6817,0,0,0,109,117,1526,1638,1,100,204124,4594,0,8,1,101,101,NORMAL,0,0,109,8,8,202,4,8,105,109,16,0,0,0,0
211362,16,bully,7334,0,0,0,109,117,1526,1638,1,100,204028,4575,0,8,1,101,101,NORMAL,0,0,109,8,8,202,4,8,105,109,16,0,0,0,0
210638,5,bully,6046,0,0,0,111,120,1554,1680,1,100,204592,4640,0,9,1,102,102,NORMAL,0,0,111,10,8,204,5,9,106,111,18,0,0,0,0
211533,62,bully,9406,0,0,0,109,118,1526,1652,1,100,202127,5109,0,9,1,100,100,NORMAL,0,0,109,10,8,200,5,9,104,109,18,0,0,0,0
211184,72,bully,9555,0,0,0,109,118,1526,1652,1,100,201629,5216,0,9,2,100,100,NORMAL,0,0,109,10,8,200,5,9,104,109,18,0,0,0,0
210775,3,bully,6053,0,0,0,111,120,1554,1680,1,100,204722,4598,0,9,1,102,102,NORMAL,0,0,111,10,8,204,5,9,106,111,18,0,0,0,0
211356,55,bully,8912,0,0,0,108,116,1512,1624,1,100,202444,4609,0,8,1,100,100,NORMAL,0,0,108,8,8,200,4,8,104,108,16,0,0,0,0
210871,37,bully,7600,0,0,0,109,117,1526,1638,1,100,203271,4603,0,8,1,101,101,NORMAL,0,0,109,8,8,202,4,8,105,109,16,0,0,0,0
211535,97,bully,9132,0,0,0,109,118,1526,1652,1,100,202403,4660,0,9,1,100,100,NORMAL,0,0,109,10,8,200,5,9,104,109,18,0,0,0,0
210911,77,bully,8784,0,0,0,109,118,1526,1652,1,100,202127,4780,0,9,1,100,100,NORMAL,0,0,109,10,8,200,5,9,104,109,18,0,0,0,0
211686,44,bully,8605,0,0,0,108,116,1512,1624,1,100,203081,4613,0,8,1,100,100,NORMAL,0,0,108,8,8,200,4,8,104,108,16,0,0,0,0
211635,10,bully,7091,0,0,0,110,119,1540,1666,1,100,204544,4600,0,9,1,101,101,NORMAL,0,0,110,10,8,202,5,9,105,110,18,0,0,0,0
211157,4,bully,6307,0,0,0,111,120,1554,1680,1,100,204850,4636,0,9,1,102,102,NORMAL,0,0,111,10,8,204,5,9,106,111,18,0,0,0,0
211387,89,bully,8500,0,0,0,109,119,1526,1666,1,100,202887,4698,0,11,2,100,100,NORMAL,0,0,109,10,8,200,6,10,104,110,18,0,0,0,0
211144,31,bully,7459,0,0,0,109,117,1526,1638,1,100,203685,4616,0,8,1,101,101,NORMAL,0,0,109,8,8,202,4,8,105,109,16,0,0,0,0
211196,83,bully,8811,0,0,0,109,118,1526,1652,1,100,202385,4615,0,9,1,100,100,NORMAL,0,0,109,10,8,200,5,9,104,109,18,0,0,0,0
211690,19,bully,7396,0,0,0,109,117,1526,1638,1,100,204294,4546,0,8,1,101,101,NORMAL,0,0,109,8,8,202,4,8,105,109,16,0,0,0,0
211265,2,bully,6214,0,0,0,111,120,1554,1680,1,100,205051,4617,0,9,1,102,102,NORMAL,0,0,111,10,8,204,5,9,106,111,18,0,0,0,0
211129,63,bully,8721,0,0,0,109,118,1526,1652,1,100,202408,5115,0,9,1,100,100,NORMAL,0,0,109,10,8,200,5,9,104,109,18,0,0,0,0
211523,92,bully,8687,0,0,0,109,118,1526,1652,1,100,202836,4740,0,10,2,100,100,NORMAL,0,0,109,10,8,200,5,9,104,109,18,0,0,0,0
211808,91,bully,8916,0,0,0,109,118,1526,1652,1,100,202892,4706,0,10,2,100,100,NORMAL,0,0,109,10,8,200,5,9,104,109,18,0,0,0,0
211164,78,bully,8839,0,0,0,109,118,1526,1652,1,100,202325,4805,0,9,1,100,100,NORMAL,0,0,109,10,8,200,5,9,104,109,18,0,0,0,0
211330,60,bully,8715,0,0,0,109,118,1526,1652,1,100,202615,5103,0,9,1,100,100,NORMAL,0,0,109,10,8,200,5,9,104,109,18,0,0,0,0
211214,46,bully,7989,0,0,0,109,117,1526,1638,1,100,203225,4582,0,8,1,101,101,NORMAL,0,0,109,8,8,202,4,8,105,109,16,0,0,0,0
211944,42,bully,8546,0,0,0,109,117,1526,1638,1,100,203398,4607,0,8,1,101,101,NORMAL,0,0,109,8,8,202,4,8,105,109,16,0,0,0,0
211741,71,bully,9675,0,0,0,109,118,1526,1652,1,100,202066,5225,0,9,1,100,100,NORMAL,0,0,109,10,8,200,5,9,104,109,18,0,0,0,0
211047,75,bully,8524,0,0,0,109,118,1526,1652,1,100,202523,4738,0,9,1,100,100,NORMAL,0,0,109,10,8,200,5,9,104,109,18,0,0,0,0
211417,79,bully,9061,0,0,0,109,118,1526,1652,1,100,202356,4790,0,9,1,100,100,NORMAL,0,0,109,10,8,200,5,9,104,109,18,0,0,0,0
211605,40,bully,8046,0,0,0,109,117,1526,1638,1,100,203559,4596,0,8,1,101,101,NORMAL,0,0,109,8,8,202,4,8,105,109,16,0,0,0,0
211974,24,bully,7771,0,0,0,109,117,1526,1638,1,100,204203,4625,0,8,1,101,101,NORMAL,0,0,109,8,8,202,4,8,105,109,16,0,0,0,0
211483,45,bully,8077,0,0,0,109,117,1526,1638,1,100,203406,4591,0,8,1,101,101,NORMAL,0,0,109,8,8,202,4,8,105,109,16,0,0,0,0
211211,51,bully,8111,0,0,0,109,117,1526,1638,1,100,203100,4557,0,8,1,101,101,NORMAL,0,0,109,8,8,202,4,8,105,109,16,0,0,0,0
211498,13,bully,6749,0,0,0,109,117,1526,1638,1,100,204749,4617,0,8,1,101,101,NORMAL,0,0,109,8,8,202,4,8,105,109,16,0,0,0,0
211864,100,bully,6475,1,1,4612,111,118,1554,1652,1,100,205389,4612,0,9,1,102,100,LEADER,1,103,111,10,8,204,5,9,104,109,18,0,0,0,0
211823,59,bully,8913,0,0,0,110,119,1540,1666,1,100,202910,5165,0,9,1,101,101,NORMAL,0,0,110,10,8,202,5,9,105,110,18,0,0,0,0
211701,27,bully,7441,0,0,0,109,117,1526,1638,1,100,204260,4664,0,8,1,101,101,NORMAL,0,0,109,8,8,202,4,8,105,109,16,0,0,0,0
211672,94,bully,8625,0,0,0,109,118,1526,1652,1,100,203047,4708,0,9,1,100,100,NORMAL,0,0,109,10,8,200,5,9,104,109,18,0,0,0,0
211332,80,bully,8811,0,0,0,109,118,1526,1652,1,100,202521,4799,0,9,1,100,100,NORMAL,0,0,109,10,8,200,5,9,104,109,18,0,0,0,0
211553,22,bully,7054,0,0,0,109,117,1526,1638,1,100,204499,4574,0,8,1,101,101,NORMAL,0,0,109,8,8,202,4,8,105,109,16,0,0,0,0
211897,95,bully,8841,0,0,0,109,118,1526,1652,1,100,203056,4707,0,9,1,100,100,NORMAL,0,0,109,10,8,200,5,9,104,109,18,0,0,0,0
211347,48,bully,7909,0,0,0,109,117,1526,1638,1,100,203438,4587,0,8,1,101,101,NORMAL,0,0,109,8,8,202,4,8,105,109,16,0,0,0,0
211941,66,bully,9289,0,0,0,110,120,1540,1680,1,100,202652,5218,0,10,1,101,101,NORMAL,0,0,110,10,8,202,6,10,105,111,18,0,0,0,0
211565,8,bully,6387,0,0,0,110,119,1540,1666,1,100,205178,4652,0,9,1,101,101,NORMAL,0,0,110,10,8,202,5,9,105,110,18,0,0,0,0
211807,68,bully,9219,0,0,0,109,118,1526,1652,1,100,202588,5231,0,9,1,100,100,NORMAL,0,0,109,10,8,200,5,9,104,109,18,0,0,0,0
211980,86,bully,9226,0,0,0,110,120,1540,1680,1,100,202754,5464,0,10,1,100,100,NORMAL,0,0,110,12,8,200,6,10,104,110,20,0,0,0,0
211771,7,bully,6367,0,0,0,110,119,1540,1666,1,100,205404,4626,0,9,1,101,101,NORMAL,0,0,110,10,8,202,5,9,105,110,18,0,0,0,0
211936,30,bully,7536,0,0,0,109,117,1526,1638,1,100,204400,4586,0,8,1,101,101,NORMAL,0,0,109,8,8,202,4,8,105,109,16,0,0,0,0
211756,39,bully,7713,0,0,0,109,117,1526,1638,1,100,204043,4600,0,8,1,101,101,NORMAL,0,0,109,8,8,202,4,8,105,109,16,0,0,0,0
211908,25,bully,7253,0,0,0,109,117,1526,1638,1,100,204655,4614,0,8,1,101,101,NORMAL,0,0,109,8,8,202,4,8,105,109,16,0,0,0,0
211776,84,bully,8574,0,0,0,110,119,1540,1666,1,100,203202,4597,0,9,1,101,101,NORMAL,0,0,110,10,8,202,5,9,105,110,18,0,0,0,0
211959,56,bully,8311,0,0,0,109,117,1526,1638,1,100,203648,4573,0,8,1,101,101,NORMAL,0,0,109,8,8,202,4,8,105,109,16,0,0,0,0
220024,57,bully,9225,1,0,0,113,121,1582,1694,1,100,210799,5201,0,9,2,104,104,NORMAL,0,0,113,10,8,208,4,8,108,112,18,0,0,0,0
220081,85,bully,9503,1,0,0,114,123,1596,1722,1,100,210578,5422,0,10,2,104,104,NORMAL,0,0,114,12,8,208,5,9,108,113,20,0,0,0,0
220184,88,bully,8830,1,1,4646,114,124,1596,1736,1,100,211354,4646,0,11,3,104,104,NORMAL,0,2,115,12,8,208,6,10,108,114,20,0,0,0,0
220044,1,bully,6528,0,0,0,115,124,1610,1736,1,100,213516,4612,0,9,1,106,106,NORMAL,0,0,115,10,8,212,5,9,110,115,18,0,0,0,0
220177,41,bully,8335,0,0,0,113,121,1582,1694,1,100,211842,4579,0,8,2,105,105,NORMAL,0,0,113,8,8,210,4,8,109,113,16,0,0,0,0
220368,47,bully,8787,0,0,0,113,121,1582,1694,1,100,211581,4591,0,8,2,105,105,NORMAL,0,0,113,8,8,210,4,8,109,113,16,0,0,0,0
220014,65,bully,9204,1,0,0,115,124,1610,1736,1,100,210810,5190,0,10,2,105,105,NORMAL,0,0,115,12,8,210,5,9,109,114,20,0,0,0,0
220192,9,bully,6787,0,0,0,114,123,1596,1722,1,100,213405,4632,0,9,1,105,105,NORMAL,0,0,114,10,8,210,5,9,109,114,18,0,0,0,0
220383,15,bully,7246,0,0,0,113,121,1582,1694,1,100,213137,4599,0,8,1,105,105,NORMAL,0,0,113,8,8,210,4,8,109,113,16,0,0,0,0
220162,73,bully,8892,1,1,4730,114,123,1596,1722,1,100,211270,4730,0,9,2,105,105,NORMAL,0,2,115,10,8,210,5,9,109,114,18,0,0,0,0
220668,20,bully,7601,0,0,0,113,121,1582,1694,1,100,213067,4538,0,8,1,105,105,NORMAL,0,0,113,8,8,210,4,8,109,113,16,0,0,0,0
220653,52,bully,8917,0,0,0,113,121,1582,1694,1,100,211736,4515,0,8,2,105,105,NORMAL,0,0,113,8,8,210,4,8,109,113,16,0,0,0,0
220029,33,bully,7493,0,0,0,113,121,1582,1694,1,100,212536,4621,0,8,1,105,105,NORMAL,0,0,113,8,8,210,4,8,109,113,16,0,0,0,0
220586,32,bully,7977,0,0,0,113,121,1582,1694,1,100,212609,4622,0,8,1,105,105,NORMAL,0,0,113,8,8,210,4,8,109,113,16,0,0,0,0
220096,53,bully,8351,0,0,0,113,121,1582,1694,1,100,211745,4519,0,8,2,105,105,NORMAL,0,0,113,8,8,210,4,8,109,113,16,0,0,0,0
220517,11,bully,6961,0,0,0,114,123,1596,1722,1,100,213556,4596,0,9,1,105,105,NORMAL,0,0,114,10,8,210,5,9,109,114,18,0,0,0,0
220026,76,bully,8735,0,0,0,114,123,1596,1722,1,100,211291,4766,0,9,2,105,105,NORMAL,0,0,114,10,8,210,5,9,109,114,18,0,0,0,0
220111,21,bully,6973,0,0,0,113,121,1582,1694,1,100,213138,4559,0,8,1,105,105,NORMAL,0,0,113,8,8,210,4,8,109,113,16,0,0,0,0
220217,82,bully,8808,1,1,4591,114,123,1596,1722,1,100,211409,4591,0,9,2,105,105,NORMAL,0,2,115,10,8,210,5,9,109,114,18,0,0,0,0
220299,70,bully,9318,0,0,0,114,123,1596,1722,1,100,210981,5256,0,9,2,105,105,NORMAL,0,0,114,10,8,210,5,9,109,114,18,0,0,0,0
220435,35,bully,7908,0,0,0,113,121,1582,1694,1,100,212527,4653,0,8,1,105,105,NORMAL,0,0,113,8,8,210,4,8,109,113,16,0,0,0,0
220331,6,bully,6444,0,0,0,115,124,1610,1736,1,100,213887,4631,0,9,1,106,106,NORMAL,0,0,115,10,8,212,5,9,110,115,18,0,0,0,0
220094,23,bully,6991,0,0,0,113,121,1582,1694,1,100,213103,4615,0,8,1,105,105,NORMAL,0,0,113,8,8,210,4,8,109,113,16,0,0,0,0
220420,99,bully,8873,0,0,0,113,122,1582,1708,1,100,211547,4671,0,9,2,104,104,NORMAL,0,0,113,10,8,208,5,9,108,113,18,0,0,0,0
220856,69,bully,9754,0,0,0,114,123,1596,1722,1,100,211102,5257,0,9,2,105,105,NORMAL,0,0,114,10,8,210,5,9,109,114,18,0,0,0,0
220723,29,bully,7842,0,0,0,113,121,1582,1694,1,100,212881,4621,0,8,1,105,105,NORMAL,0,0,113,8,8,210,4,8,109,113,16,0,0,0,0
220314,38,bully,7766,0,0,0,113,121,1582,1694,1,100,212548,4584,0,8,1,105,105,NORMAL,0,0,113,8,8,210,4,8,109,113,16,0,0,0,0
221008,34,bully,8318,0,0,0,113,121,1582,1694,1,100,212690,4665,0,8,1,105,105,NORMAL,0,0,113,8,8,210,4,8,109,113,16,0,0,0,0
220693,93,bully,8800,0,0,0,114,123,1596,1722,1,100,211893,4726,0,10,3,105,105,NORMAL,0,0,114,10,8,210,5,9,109,114,18,0,0,0,0
220557,96,bully,8657,0,0,0,114,123,1596,1722,1,100,211900,4704,0,9,2,105,105,NORMAL,0,0,114,10,8,210,5,9,109,114,18,0,0,0,0
220247,18,bully,6641,0,0,0,114,122,1596,1708,1,100,213606,4558,0,8,1,106,106,NORMAL,0,0,114,8,8,212,4,8,110,114,16,0,0,0,0
220859,26,bully,7616,0,0,0,113,121,1582,1694,1,100,213243,4654,0,8,1,105,105,NORMAL,0,0,113,8,8,210,4,8,109,113,16,0,0,0,0
220757,74,bully,8994,0,0,0,114,123,1596,1722,1,100,211763,4753,0,9,2,105,105,NORMAL,0,0,114,10,8,210,5,9,109,114,18,0,0,0,0
220380,58,bully,8409,0,0,0,114,123,1596,1722,1,100,211971,5196,0,9,2,105,105,NORMAL,0,0,114,10,8,210,5,9,109,114,18,0,0,0,0
221280,28,bully,7953,0,0,0,113,121,1582,1694,1,100,213327,4598,0,8,1,105,105,NORMAL,0,0,113,8,8,210,4,8,109,113,16,0,0,0,0
220365,90,bully,8033,0,0,0,114,123,1596,1722,1,100,212332,4714,0,10,2,105,105,NORMAL,0,0,114,10,8,210,5,9,109,114,18,0,0,0,0
220532,81,bully,8963,0,0,0,114,123,1596,1722,1,100,211569,4806,0,9,2,105,105,NORMAL,0,0,114,10,8,210,5,9,109,114,18,0,0,0,0
220993,54,bully,8751,0,0,0,113,121,1582,1694,1,100,212242,4558,0,8,1,105,105,NORMAL,0,0,113,8,8,210,4,8,109,113,16,0,0,0,0
220502,87,bully,8831,0,0,0,115,125,1610,1750,1,100,211671,5465,0,10,2,105,105,NORMAL,0,0,115,12,8,210,6,10,109,115,20,0,0,0,0
220572,64,bully,8772,0,0,0,114,123,1596,1722,1,100,211800,5140,0,9,2,105,105,NORMAL,0,0,114,10,8,210,5,9,109,114,18,0,0,0,0
220744,49,bully,8255,0,0,0,113,121,1582,1694,1,100,212489,4570,0,8,1,105,105,NORMAL,0,0,113,8,8,210,4,8,109,113,16,0,0,0,0
220804,17,bully,6922,0,0,0,114,122,1596,1708,1,100,213882,4557,0,8,1,106,106,NORMAL,0,0,114,8,8,212,4,8,110,114,16,0,0,0,0
220790,50,bully,8314,0,0,0,113,121,1582,1694,1,100,212476,4579,0,8,1,105,105,NORMAL,0,0,113,8,8,210,4,8,109,113,16,0,0,0,0
220978,98,bully,8889,0,0,0,114,123,1596,1722,1,100,212089,4681,0,9,1,105,105,NORMAL,0,0,114,10,8,210,5,9,109,114,18,0,0,0,0
221402,43,bully,8567,0,0,0,113,121,1582,1694,1,100,212835,4605,0,8,1,105,105,NORMAL,0,0,113,8,8,210,4,8,109,113,16,0,0,0,0
220520,12,bully,6370,0,0,0,114,123,1596,1722,1,100,214150,4631,0,9,1,106,106,NORMAL,0,0,114,8,8,212,5,9,110,115,16,0,0,0,0
220708,61,bully,8632,0,0,0,114,123,1596,1722,1,100,212076,5091,0,9,1,105,105,NORMAL,0,0,114,10,8,210,5,9,109,114,18,0,0,0,0
221114,36,bully,8012,0,0,0,113,121,1582,1694,1,100,213102,4652,0,8,1,105,105,NORMAL,0,0,113,8,8,210,4,8,109,113,16,0,0,0,0
221043,67,bully,9268,0,0,0,114,123,1596,1722,1,100,211775,5230,0,9,2,105,105,NORMAL,0,0,114,10,8,210,5,9,109,114,18,0,0,0,0
220941,14,bully,6817,0,0,0,114,122,1596,1708,1,100,214124,4594,0,8,1,106,106,NORMAL,0,0,114,8,8,212,4,8,110,114,16,0,0,0,0
221362,16,bully,7334,0,0,0,114,122,1596,1708,1,100,214028,4575,0,8,1,106,106,NORMAL,0,0,114,8,8,212,4,8,110,114,16,0,0,0,0
220638,5,bully,6046,0,0,0,116,125,1624,1750,1,100,214592,4640,0,9,1,107,107,NORMAL,0,0,116,10,8,214,5,9,111,116,18,0,0,0,0
221533,62,bully,9406,0,0,0,114,123,1596,1722,1,100,212127,5109,0,9,1,105,105,NORMAL,0,0,114,10,8,210,5,9,109,114,18,0,0,0,0
221184,72,bully,9555,0,0,0,114,123,1596,1722,1,100,211629,5216,0,9,2,105,105,NORMAL,0,0,114,10,8,210,5,9,109,114,18,0,0,0,0
220775,3,bully,6053,0,0,0,116,125,1624,1750,1,100,214722,4598,0,9,1,107,107,NORMAL,0,0,116,10,8,214,5,9,111,116,18,0,0,0,0
221356,55,bully,8912,0,0,0,113,121,1582,1694,1,100,212444,4609,0,8,1,105,105,NORMAL,0,0,113,8,8,210,4,8,109,113,16,0,0,0,0
220871,37,bully,7600,0,0,0,114,122,1596,1708,1,100,213271,4603,0,8,1,106,106,NORMAL,0,0,114,8,8,212,4,8,110,114,16,0,0,0,0
221535,97,bully,9132,0,0,0,114,123,1596,1722,1,100,212403,4660,0,9,1,105,105,NORMAL,0,0,114,10,8,210,5,9,109,114,18,0,0,0,0
220911,77,bully,8784,0,0,0,114,123,1596,1722,1,100,212127,4780,0,9,1,105,105,NORMAL,0,0,114,10,8,210,5,9,109,114,18,0,0,0,0
221686,44,bully,8605,0,0,0,113,121,1582,1694,1,100,213081,4613,0,8,1,105,105,NORMAL,0,0,113,8,8,210,4,8,109,113,16,0,0,0,0
221635,10,bully,7091,0,0,0,115,124,1610,1736,1,100,214544,4600,0,9,1,106,106,NORMAL,0,0,115,10,8,212,5,9,110,115,18,0,0,0,0
221157,4,bully,6307,0,0,0,116,125,1624,1750,1,100,214850,4636,0,9,1,107,107,NORMAL,0,0,116,10,8,214,5,9,111,116,18,0,0,0,0
221387,89,bully,8500,0,0,0,114,124,1596,1736,1,100,212887,4698,0,11,2,105,105,NORMAL,0,0,114,10,8,210,6,10,109,115,18,0,0,0,0
221144,31,bully,7459,0,0,0,114,122,1596,1708,1,100,213685,4616,0,8,1,106,106,NORMAL,0,0,114,8,8,212,4,8,110,114,16,0,0,0,0
221196,83,bully,8811,0,0,0,114,123,1596,1722,1,100,212385,4615,0,9,1,105,105,NORMAL,0,0,114,10,8,210,5,9,109,114,18,0,0,0,0
221690,19,bully,7396,0,0,0,114,122,1596,1708,1,100,214294,4546,0,8,1,106,106,NORMAL,0,0,114,8,8,212,4,8,110,114,16,0,0,0,0
221265,2,bully,6214,0,0,0,116,125,1624,1750,1,100,215051,4617,0,9,1,107,107,NORMAL,0,0,116,10,8,214,5,9,111,116,18,0,0,0,0
221129,63,bully,8721,0,0,0,114,123,1596,1722,1,100,212408,5115,0,9,1,105,105,NORMAL,0,0,114,10,8,210,5,9,109,114,18,0,0,0,0
221523,92,bully,8687,0,0,0,114,123,1596,1722,1,100,212836,4740,0,10,2,105,105,NORMAL,0,0,114,10,8,210,5,9,109,114,18,0,0,0,0
221808,91,bully,8916,0,0,0,114,123,1596,1722,1,100,212892,4706,0,10,2,105,105,NORMAL,0,0,114,10,8,210,5,9,109,114,18,0,0,0,0
221164,78,bully,8839,0,0,0,114,123,1596,1722,1,100,212325,4805,0,9,1,105,105,NORMAL,0,0,114,10,8,210,5,9,109,114,18,0,0,0,0
221330,60,bully,8715,0,0,0,114,123,1596,1722,1,100,212615,5103,0,9,1,105,105,NORMAL,0,0,114,10,8,210,5,9,109,114,18,0,0,0,0
221214,46,bully,7989,0,0,0,114,122,1596,1708,1,100,213225,4582,0,8,1,106,106,NORMAL,0,0,114,8,8,212,4,8,110,114,16,0,0,0,0
221944,42,bully,8546,0,0,0,114,122,1596,1708,1,100,213398,4607,0,8,1,106,106,NORMAL,0,0,114,8,8,212,4,8,110,114,16,0,0,0,0
221741,71,bully,9675,0,0,0,114,123,1596,1722,1,100,212066,5225,0,9,1,105,105,NORMAL,0,0,114,10,8,210,5,9,109,114,18,0,0,0,0
221047,75,bully,8524,0,0,0,114,123,1596,1722,1,100,212523,4738,0,9,1,105,105,NORMAL,0,0,114,10,8,210,5,9,109,114,18,0,0,0,0
221417,79,bully,9061,0,0,0,114,123,1596,1722,1,100,212356,4790,0,9,1,105,105,NORMAL,0,0,114,10,8,210,5,9,109,114,18,0,0,0,0
221605,40,bully,8046,0,0,0,114,122,1596,1708,1,100,213559,4596,0,8,1,106,106,NORMAL,0,0,114,8,8,212,4,8,110,114,16,0,0,0,0
221974,24,bully,7771,0,0,0,114,122,1596,1708,1,100,214203,4625,0,8,1,106,106,NORMAL,0,0,114,8,8,212,4,8,110,114,16,0,0,0,0
221483,45,bully,8077,0,0,0,114,122,1596,1708,1,100,213406,4591,0,8,1,106,106,NORMAL,0,0,114,8,8,212,4,8,110,114,16,0,0,0,0
221211,51,bully,8111,0,0,0,114,122,1596,1708,1,100,213100,4557,0,8,1,106,106,NORMAL,0,0,114,8,8,212,4,8,110,114,16,0,0,0,0
221498,13,bully,6749,0,0,0,114,122,1596,1708,1,100,214749,4617,0,8,1,106,106,NORMAL,0,0,114,8,8,212,4,8,110,114,16,0,0,0,0
221864,100,bully,6475,1,1,4612,116,123,1624,1722,1,100,215389,4612,0,9,1,107,105,LEADER,1,108,116,10,8,214,5,9,109,114,18,0,0,0,0
221823,59,bully,8913,0,0,0,114,123,1596,1722,1,100,212910,5165,0,9,1,105,105,NORMAL,0,0,114,10,8,210,5,9,109,114,18,0,0,0,0
221701,27,bully,7441,0,0,0,114,122,1596,1708,1,100,214260,4664,0,8,1,106,106,NORMAL,0,0,114,8,8,212,4,8,110,114,16,0,0,0,0
221672,94,bully,8625,0,0,0,114,123,1596,1722,1,100,213047,4708,0,9,1,105,105,NORMAL,0,0,114,10,8,210,5,9,109,114,18,0,0,0,0
221332,80,bully,8811,0,0,0,114,123,1596,1722,1,100,212521,4799,0,9,1,105,105,NORMAL,0,0,114,10,8,210,5,9,109,114,18,0,0,0,0
221553,22,bully,7054,0,0,0,114,122,1596,1708,1,100,214499,4574,0,8,1,106,106,NORMAL,0,0,114,8,8,212,4,8,110,114,16,0,0,0,0
221897,95,bully,8841,0,0,0,114,123,1596,1722,1,100,213056,4707,0,9,1,105,105,NORMAL,0,0,114,10,8,210,5,9,109,114,18,0,0,0,0
221347,48,bully,7909,0,0,0,114,122,1596,1708,1,100,213438,4587,0,8,1,106,106,NORMAL,0,0,114,8,8,212,4,8,110,114,16,0,0,0,0
221941,66,bully,9289,0,0,0,114,124,1596,1736,1,100,212652,5218,0,10,1,105,105,NORMAL,0,0,114,10,8,210,6,10,109,115,18,0,0,0,0
221565,8,bully,6387,0,0,0,115,124,1610,1736,1,100,215178,4652,0,9,1,106,106,NORMAL,0,0,115,10,8,212,5,9,110,115,18,0,0,0,0
221807,68,bully,9219,0,0,0,114,123,1596,1722,1,100,212588,5231,0,9,1,105,105,NORMAL,0,0,114,10,8,210,5,9,109,114,18,0,0,0,0
221980,86,bully,9226,0,0,0,115,125,1610,1750,1,100,212754,5464,0,10,1,105,105,NORMAL,0,0,115,12,8,210,6,10,109,115,20,0,0,0,0
221771,7,bully,6367,0,0,0,115,124,1610,1736,1,100,215404,4626,0,9,1,106,106,NORMAL,0,0,115,10,8,212,5,9,110,115,18,0,0,0,0
221936,30,bully,7536,0,0,0,114,122,1596,1708,1,100,214400,4586,0,8,1,106,106,NORMAL,0,0,114,8,8,212,4,8,110,114,16,0,0,0,0
221756,39,bully,7713,0,0,0,114,122,1596,1708,1,100,214043,4600,0,8,1,106,106,NORMAL,0,0,114,8,8,212,4,8,110,114,16,0,0,0,0
221908,25,bully,7253,0,0,0,114,122,1596,1708,1,100,214655,4614,0,8,1,106,106,NORMAL,0,0,114,8,8,212,4,8,110,114,16,0,0,0,0
221776,84,bully,8574,0,0,0,114,123,1596,1722,1,100,213202,4597,0,9,1,105,105,NORMAL,0,0,114,10,8,210,5,9,109,114,18,0,0,0,0
221959,56,bully,8311,0,0,0,114,122,1596,1708,1,100,213648,4573,0,8,1,106,106,NORMAL,0,0,114,8,8,212,4,8,110,114,16,0,0,0,0
230024,57,bully,9225,1,0,0,118,126,1652,1764,1,100,220799,5201,0,9,2,109,109,NORMAL,0,0,118,10,8,218,4,8,113,117,18,0,0,0,0
230081,85,bully,9503,1,0,0,119,128,1666,1792,1,100,220578,5422,0,10,2,109,109,NORMAL,0,0,119,12,8,218,5,9,113,118,20,0,0,0,0
230184,88,bully,8830,1,1,4646,119,129,1666,1806,1,100,221354,4646,0,11,3,109,109,NORMAL,0,2,120,12,8,218,6,10,113,119,20,0,0,0,0
230044,1,bully,6528,0,0,0,120,129,1680,1806,1,100,223516,4612,0,9,1,111,111,NORMAL,0,0,120,10,8,222,5,9,115,120,18,0,0,0,0
230177,41,bully,8335,0,0,0,118,126,1652,1764,1,100,221842,4579,0,8,2,110,110,NORMAL,0,0,118,8,8,220,4,8,114,118,16,0,0,0,0
230368,47,bully,8787,0,0,0,118,126,1652,1764,1,100,221581,4591,0,8,2,110,110,NORMAL,0,0,118,8,8,220,4,8,114,118,16,0,0,0,0
230014,65,bully,9204,1,0,0,120,129,1680,1806,1,100,220810,5190,0,10,2,110,110,NORMAL,0,0,120,12,8,220,5,9,114,119,20,0,0,0,0
230192,9,bully,6787,0,0,0,119,128,1666,1792,1,100,223405,4632,0,9,1,110,110,NORMAL,0,0,119,10,8,220,5,9,114,119,18,0,0,0,0
230383,15,bully,7246,0,0,0,118,126,1652,1764,1,100,223137,4599,0,8,1,110,110,NORMAL,0,0,118,8,8,220,4,8,114,118,16,0,0,0,0
230162,73,bully,8892,1,1,4730,119,128,1666,1792,1,100,221270,4730,0,9,2,110,110,NORMAL,0,2,120,10,8,220,5,9,114,119,18,0,0,0,0
230668,20,bully,7601,0,0,0,118,126,1652,1764,1,100,223067,4538,0,8,1,110,110,NORMAL,0,0,118,8,8,220,4,8,114,118,16,0,0,0,0
230653,52,bully,8917,0,0,0,118,126,1652,1764,1,100,221736,4515,0,8,2,110,110,NORMAL,0,0,118,8,8,220,4,8,114,118,16,0,0,0,0
230029,33,bully,7493,0,0,0,118,126,1652,1764,1,100,222536,4621,0,8,1,110,110,NORMAL,0,0,118,8,8,220,4,8,114,118,16,0,0,0,0
230586,32,bully,7977,0,0,0,118,126,1652,1764,1,100,222609,4622,0,8,1,110,110,NORMAL,0,0,118,8,8,220,4,8,114,118,16,0,0,0,0
230096,53,bully,8351,0,0,0,118,126,1652,1764,1,100,221745,4519,0,8,2,110,110,NORMAL,0,0,118,8,8,220,4,8,114,118,16,0,0,0,0
230517,11,bully,6961,0,0,0,119,128,1666,1792,1,100,223556,4596,0,9,1,110,110,NORMAL,0,0,119,10,8,220,5,9,114,119,18,0,0,0,0
230026,76,bully,8735,0,0,0,119,128,1666,1792,1,100,221291,4766,0,9,2,110,110,NORMAL,0,0,119,10,8,220,5,9,114,119,18,0,0,0,0
230111,21,bully,6973,0,0,0,118,126,1652,1764,1,100,223138,4559,0,8,1,110,110,NORMAL,0,0,118,8,8,220,4,8,114,118,16,0,0,0,0
230217,82,bully,8808,1,1,4591,119,128,1666,1792,1,100,221409,4591,0,9,2,110,110,NORMAL,0,2,120,10,8,220,5,9,114,119,18,0,0,0,0
230299,70,bully,9318,0,0,0,119,128,1666,1792,1,100,220981,5256,0,9,2,110,110,NORMAL,0,0,119,10,8,220,5,9,114,119,18,0,0,0,0
230435,35,bully,7908,0,0,0,118,126,1652,1764,1,100,222527,4653,0,8,1,110,110,NORMAL,0,0,118,8,8,220,4,8,114,118,16,0,0,0,0
230329,6,bully,6444,0,0,0,120,129,1680,1806,1,100,223885,4631,0,9,1,111,111,NORMAL,0,0,120,10,8,222,5,9,115,120,18,0,0,0,0
230094,23,bully,6991,0,0,0,118,126,1652,1764,1,100,223103,4615,0,8,1,110,110,NORMAL,0,0,118,8,8,220,4,8,114,118,16,0,0,0,0
230420,99,bully,8873,0,0,0,118,127,1652,1778,1,100,221547,4671,0,9,2,109,109,NORMAL,0,0,118,10,8,218,5,9,113,118,18,0,0,0,0
230856,69,bully,9754,0,0,0,119,128,1666,1792,1,100,221102,5257,0,9,2,110,110,NORMAL,0,0,119,10,8,220,5,9,114,119,18,0,0,0,0
230723,29,bully,7842,0,0,0,118,126,1652,1764,1,100,222881,4621,0,8,1,110,110,NORMAL,0,0,118,8,8,220,4,8,114,118,16,0,0,0,0
230314,38,bully,7766,0,0,0,118,126,1652,1764,1,100,222548,4584,0,8,1,110,110,NORMAL,0,0,118,8,8,220,4,8,114,118,16,0,0,0,0
231008,34,bully,8318,0,0,0,118,126,1652,1764,1,100,222690,4665,0,8,1,110,110,NORMAL,0,0,118,8,8,220,4,8,114,118,16,0,0,0,0
230693,93,bully,8800,0,0,0,118,127,1652,1778,1,100,221893,4726,0,10,3,109,109,NORMAL,0,0,118,10,8,218,5,9,113,118,18,0,0,0,0
230559,96,bully,8657,0,0,0,119,128,1666,1792,1,100,221902,4704,0,9,2,110,110,NORMAL,0,0,119,10,8,220,5,9,114,119,18,0,0,0,0
230247,18,bully,6641,0,0,0,118,126,1652,1764,1,100,223606,4558,0,8,1,110,110,NORMAL,0,0,118,8,8,220,4,8,114,118,16,0,0,0,0
230859,26,bully,7616,0,0,0,118,126,1652,1764,1,100,223243,4654,0,8,1,110,110,NORMAL,0,0,118,8,8,220,4,8,114,118,16,0,0,0,0
230757,74,bully,8994,0,0,0,119,128,1666,1792,1,100,221763,4753,0,9,2,110,110,NORMAL,0,0,119,10,8,220,5,9,114,119,18,0,0,0,0
230380,58,bully,8409,0,0,0,119,128,1666,1792,1,100,221971,5196,0,9,2,110,110,NORMAL,0,0,119,10,8,220,5,9,114,119,18,0,0,0,0
231280,28,bully,7953,0,0,0,118,126,1652,1764,1,100,223327,4598,0,8,1,110,110,NORMAL,0,0,118,8,8,220,4,8,114,118,16,0,0,0,0
230365,90,bully,8033,0,0,0,119,128,1666,1792,1,100,222332,4714,0,10,2,110,110,NORMAL,0,0,119,10,8,220,5,9,114,119,18,0,0,0,0
230532,81,bully,8963,0,0,0,119,128,1666,1792,1,100,221569,4806,0,9,2,110,110,NORMAL,0,0,119,10,8,220,5,9,114,119,18,0,0,0,0
230993,54,bully,8751,0,0,0,118,126,1652,1764,1,100,222242,4558,0,8,1,110,110,NORMAL,0,0,118,8,8,220,4,8,114,118,16,0,0,0,0
230502,87,bully,8831,0,0,0,120,130,1680,1820,1,100,221671,5465,0,10,2,110,110,NORMAL,0,0,120,12,8,220,6,10,114,120,20,0,0,0,0
230572,64,bully,8772,0,0,0,119,128,1666,1792,1,100,221800,5140,0,9,2,110,110,NORMAL,0,0,119,10,8,220,5,9,114,119,18,0,0,0,0
230744,49,bully,8255,0,0,0,118,126,1652,1764,1,100,222489,4570,0,8,1,110,110,NORMAL,0,0,118,8,8,220,4,8,114,118,16,0,0,0,0
230804,17,bully,6922,0,0,0,119,127,1666,1778,1,100,223882,4557,0,8,1,111,111,NORMAL,0,0,119,8,8,222,4,8,115,119,16,0,0,0,0
230790,50,bully,8314,0,0,0,118,126,1652,1764,1,100,222476,4579,0,8,1,110,110,NORMAL,0,0,118,8,8,220,4,8,114,118,16,0,0,0,0
230978,98,bully,8889,0,0,0,119,128,1666,1792,1,100,222089,4681,0,9,1,110,110,NORMAL,0,0,119,10,8,220,5,9,114,119,18,0,0,0,0
231402,43,bully,8567,0,0,0,118,126,1652,1764,1,100,222835,4605,0,8,1,110,110,NORMAL,0,0,118,8,8,220,4,8,114,118,16,0,0,0,0
230520,12,bully,6370,0,0,0,119,128,1666,1792,1,100,224150,4631,0,9,1,111,111,NORMAL,0,0,119,8,8,222,5,9,115,120,16,0,0,0,0
230708,61,bully,8632,0,0,0,119,128,1666,1792,1,100,222076,5091,0,9,1,110,110,NORMAL,0,0,119,10,8,220,5,9,114,119,18,0,0,0,0
231114,36,bully,8012,0,0,0,118,126,1652,1764,1,100,223102,4652,0,8,1,110,110,NORMAL,0,0,118,8,8,220,4,8,114,118,16,0,0,0,0
231043,67,bully,9268,0,0,0,119,128,1666,1792,1,100,221775,5230,0,9,2,110,110,NORMAL,0,0,119,10,8,220,5,9,114,119,18,0,0,0,0
230941,14,bully,6817,0,0,0,119,127,1666,1778,1,100,224124,4594,0,8,1,111,111,NORMAL,0,0,119,8,8,222,4,8,115,119,16,0,0,0,0
231362,16,bully,7334,0,0,0,119,127,1666,1778,1,100,224028,4575,0,8,1,111,111,NORMAL,0,0,119,8,8,222,4,8,115,119,16,0,0,0,0
230638,5,bully,6046,0,0,0,121,130,1694,1820,1,100,224592,4640,0,9,1,112,112,NORMAL,0,0,121,10,8,224,5,9,116,121,18,0,0,0,0
231533,62,bully,9406,0,0,0,119,128,1666,1792,1,100,222127,5109,0,9,1,110,110,NORMAL,0,0,119,10,8,220,5,9,114,119,18,0,0,0,0
231184,72,bully,9555,0,0,0,119,128,1666,1792,1,100,221629,5216,0,9,2,110,110,NORMAL,0,0,119,10,8,220,5,9,114,119,18,0,0,0,0
230775,3,bully,6053,0,0,0,121,130,1694,1820,1,100,224722,4598,0,9,1,112,112,NORMAL,0,0,121,10,8,224,5,9,116,121,18,0,0,0,0
231356,55,bully,8912,0,0,0,118,126,1652,1764,1,100,222444,4609,0,8,1,110,110,NORMAL,0,0,118,8,8,220,4,8,114,118,16,0,0,0,0
230871,37,bully,7600,0,0,0,119,127,1666,1778,1,100,223271,4603,0,8,1,111,111,NORMAL,0,0,119,8,8,222,4,8,115,119,16,0,0,0,0
231535,97,bully,9132,0,0,0,119,128,1666,1792,1,100,222403,4660,0,9,1,110,110,NORMAL,0,0,119,10,8,220,5,9,114,119,18,0,0,0,0
230911,77,bully,8784,0,0,0,119,128,1666,1792,1,100,222127,4780,0,9,1,110,110,NORMAL,0,0,119,10,8,220,5,9,114,119,18,0,0,0,0
231686,44,bully,8605,0,0,0,118,126,1652,1764,1,100,223081,4613,0,8,1,110,110,NORMAL,0,0,118,8,8,220,4,8,114,118,16,0,0,0,0
231635,10,bully,7091,0,0,0,120,129,1680,1806,1,100,224544,4600,0,9,1,111,111,NORMAL,0,0,120,10,8,222,5,9,115,120,18,0,0,0,0
231157,4,bully,6307,0,0,0,121,130,1694,1820,1,100,224850,4636,0,9,1,112,112,NORMAL,0,0,121,10,8,224,5,9,116,121,18,0,0,0,0
231387,89,bully,8500,0,0,0,119,129,1666,1806,1,100,222887,4698,0,11,2,110,110,NORMAL,0,0,119,10,8,220,6,10,114,120,18,0,0,0,0
231144,31,bully,7459,0,0,0,119,127,1666,1778,1,100,223685,4616,0,8,1,111,111,NORMAL,0,0,119,8,8,222,4,8,115,119,16,0,0,0,0
231196,83,bully,8811,0,0,0,119,128,1666,1792,1,100,222385,4615,0,9,1,110,110,NORMAL,0,0,119,10,8,220,5,9,114,119,18,0,0,0,0
231690,19,bully,7396,0,0,0,119,127,1666,1778,1,100,224294,4546,0,8,1,111,111,NORMAL,0,0,119,8,8,222,4,8,115,119,16,0,0,0,0
231265,2,bully,6214,0,0,0,121,130,1694,1820,1,100,225051,4617,0,9,1,112,112,NORMAL,0,0,121,10,8,224,5,9,116,121,18,0,0,0,0
231129,63,bully,8721,0,0,0,119,128,1666,1792,1,100,222408,5115,0,9,1,110,110,NORMAL,0,0,119,10,8,220,5,9,114,119,18,0,0,0,0
231523,92,bully,8687,0,0,0,119,128,1666,1792,1,100,222836,4740,0,10,2,110,110,NORMAL,0,0,119,10,8,220,5,9,114,119,18,0,0,0,0
231808,91,bully,8916,0,0,0,119,128,1666,1792,1,100,222892,4706,0,10,2,110,110,NORMAL,0,0,119,10,8,220,5,9,114,119,18,0,0,0,0
231164,78,bully,8839,0,0,0,119,128,1666,1792,1,100,222325,4805,0,9,1,110,110,NORMAL,0,0,119,10,8,220,5,9,114,119,18,0,0,0,0
231330,60,bully,8715,0,0,0,119,128,1666,1792,1,100,222615,5103,0,9,1,110,110,NORMAL,0,0,119,10,8,220,5,9,114,119,18,0,0,0,0
231214,46,bully,7989,0,0,0,119,127,1666,1778,1,100,223225,4582,0,8,1,111,111,NORMAL,0,0,119,8,8,222,4,8,115,119,16,0,0,0,0
231944,42,bully,8546,0,0,0,119,127,1666,1778,1,100,223398,4607,0,8,1,111,111,NORMAL,0,0,119,8,8,222,4,8,115,119,16,0,0,0,0
231741,71,bully,9675,0,0,0,119,128,1666,1792,1,100,222066,5225,0,9,1,110,110,NORMAL,0,0,119,10,8,220,5,9,114,119,18,0,0,0,0
231047,75,bully,8524,0,0,0,119,128,1666,1792,1,100,222523,4738,0,9,1,110,110,NORMAL,0,0,119,10,8,220,5,9,114,119,18,0,0,0,0
231417,79,bully,9061,0,0,0,119,128,1666,1792,1,100,222356,4790,0,9,1,110,110,NORMAL,0,0,119,10,8,220,5,9,114,119,18,0,0,0,0
231605,40,bully,8046,0,0,0,119,127,1666,1778,1,100,223559,4596,0,8,1,111,111,NORMAL,0,0,119,8,8,222,4,8,115,119,16,0,0,0,0
231974,24,bully,7771,0,0,0,119,127,1666,1778,1,100,224203,4625,0,8,1,111,111,NORMAL,0,0,119,8,8,222,4,8,115,119,16,0,0,0,0
231483,45,bully,8077,0,0,0,119,127,1666,1778,1,100,223406,4591,0,8,1,111,111,NORMAL,0,0,119,8,8,222,4,8,115,119,16,0,0,0,0
231211,51,bully,8111,0,0,0,119,127,1666,1778,1,100,223100,4557,0,8,1,111,111,NORMAL,0,0,119,8,8,222,4,8,115,119,16,0,0,0,0
231498,13,bully,6749,0,0,0,119,127,1666,1778,1,100,224749,4617,0,8,1,111,111,NORMAL,0,0,119,8,8,222,4,8,115,119,16,0,0,0,0
231864,100,bully,6475,1,1,4612,121,128,1694,1792,1,100,225389,4612,0,9,1,112,110,LEADER,1,113,121,10,8,224,5,9,114,119,18,0,0,0,0
231823,59,bully,8913,0,0,0,120,129,1680,1806,1,100,222910,5165,0,9,1,111,111,NORMAL,0,0,120,10,8,222,5,9,115,120,18,0,0,0,0
231701,27,bully,7441,0,0,0,119,127,1666,1778,1,100,224260,4664,0,8,1,111,111,NORMAL,0,0,119,8,8,222,4,8,115,119,16,0,0,0,0
231672,94,bully,8625,0,0,0,119,128,1666,1792,1,100,223047,4708,0,9,1,110,110,NORMAL,0,0,119,10,8,220,5,9,114,119,18,0,0,0,0
231332,80,bully,8811,0,0,0,119,128,1666,1792,1,100,222521,4799,0,9,1,110,110,NORMAL,0,0,119,10,8,220,5,9,114,119,18,0,0,0,0
231553,22,bully,7054,0,0,0,119,127,1666,1778,1,100,224499,4574,0,8,1,111,111,NORMAL,0,0,119,8,8,222,4,8,115,119,16,0,0,0,0
231897,95,bully,8841,0,0,0,119,128,1666,1792,1,100,223056,4707,0,9,1,110,110,NORMAL,0,0,119,10,8,220,5,9,114,119,18,0,0,0,0
231347,48,bully,7909,0,0,0,119,127,1666,1778,1,100,223438,4587,0,8,1,111,111,NORMAL,0,0,119,8,8,222,4,8,115,119,16,0,0,0,0
231941,66,bully,9289,0,0,0,119,129,1666,1806,1,100,222652,5218,0,10,1,110,110,NORMAL,0,0,119,10,8,220,6,10,114,120,18,0,0,0,0
231565,8,bully,6387,0,0,0,120,129,1680,1806,1,100,225178,4652,0,9,1,111,111,NORMAL,0,0,120,10,8,222,5,9,115,120,18,0,0,0,0
231807,68,bully,9219,0,0,0,119,128,1666,1792,1,100,222588,5231,0,9,1,110,110,NORMAL,0,0,119,10,8,220,5,9,114,119,18,0,0,0,0
231980,86,bully,9226,0,0,0,120,130,1680,1820,1,100,222754,5464,0,10,1,110,110,NORMAL,0,0,120,12,8,220,6,10,114,120,20,0,0,0,0
231771,7,bully,6367,0,0,0,120,129,1680,1806,1,100,225404,4626,0,9,1,111,111,NORMAL,0,0,120,10,8,222,5,9,115,120,18,0,0,0,0
231936,30,bully,7536,0,0,0,119,127,1666,1778,1,100,224400,4586,0,8,1,111,111,NORMAL,0,0,119,8,8,222,4,8,115,119,16,0,0,0,0
231756,39,bully,7713,0,0,0,119,127,1666,1778,1,100,224043,4600,0,8,1,111,111,NORMAL,0,0,119,8,8,222,4,8,115,119,16,0,0,0,0
231908,25,bully,7253,0,0,0,119,127,1666,1778,1,100,224655,4614,0,8,1,111,111,NORMAL,0,0,119,8,8,222,4,8,115,119,16,0,0,0,0
231776,84,bully,8574,0,0,0,119,128,1666,1792,1,100,223202,4597,0,9,1,110,110,NORMAL,0,0,119,10,8,220,5,9,114,119,18,0,0,0,0
231959,56,bully,8311,0,0,0,119,127,1666,1778,1,100,223648,4573,0,8,1,111,111,NORMAL,0,0,119,8,8,222,4,8,115,119,16,0,0,0,0
240024,57,bully,9225,1,0,0,123,131,1722,1834,1,100,230799,5201,0,9,2,114,114,NORMAL,0,0,123,10,8,228,4,8,118,122,18,0,0,0,0
240081,85,bully,9503,1,0,0,124,133,1736,1862,1,100,230578,5422,0,10,2,114,114,NORMAL,0,0,124,12,8,228,5,9,118,123,20,0,0,0,0
240184,88,bully,8830,1,1,4646,124,134,1736,1876,1,100,231354,4646,0,11,3,114,114,NORMAL,0,2,125,12,8,228,6,10,118,124,20,0,0,0,0
240044,1,bully,6528,0,0,0,125,134,1750,1876,1,100,233516,4612,0,9,1,116,116,NORMAL,0,0,125,10,8,232,5,9,120,125,18,0,0,0,0
240177,41,bully,8335,0,0,0,123,131,1722,1834,1,100,231842,4579,0,8,2,115,115,NORMAL,0,0,123,8,8,230,4,8,119,123,16,0,0,0,0
240368,47,bully,8787,0,0,0,123,131,1722,1834,1,100,231581,4591,0,8,2,115,115,NORMAL,0,0,123,8,8,230,4,8,119,123,16,0,0,0,0
240014,65,bully,9204,1,0,0,125,134,1750,1876,1,100,230810,5190,0,10,2,115,115,NORMAL,0,0,125,12,8,230,5,9,119,124,20,0,0,0,0
240192,9,bully,6787,0,0,0,124,133,1736,1862,1,100,233405,4632,0,9,1,115,115,NORMAL,0,0,124,10,8,230,5,9,119,124,18,0,0,0,0
240383,15,bully,7246,0,0,0,123,131,1722,1834,1,100,233137,4599,0,8,1,115,115,NORMAL,0,0,123,8,8,230,4,8,119,123,16,0,0,0,0
240162,73,bully,8892,1,1,4730,124,133,1736,1862,1,100,231270,4730,0,9,2,115,115,NORMAL,0,2,125,10,8,230,5,9,119,124,18,0,0,0,0
240668,20,bully,7601,0,0,0,123,131,1722,1834,1,100,233067,4538,0,8,1,115,115,NORMAL,0,0,123,8,8,230,4,8,119,123,16,0,0,0,0
240653,52,bully,8917,0,0,0,123,131,1722,1834,1,100,231736,4515,0,8,2,115,115,NORMAL,0,0,123,8,8,230,4,8,119,123,16,0,0,0,0
240029,33,bully,7493,0,0,0,123,131,1722,1834,1,100,232536,4621,0,8,1,115,115,NORMAL,0,0,123,8,8,230,4,8,119,123,16,0,0,0,0
240586,32,bully,7977,0,0,0,123,131,1722,1834,1,100,232609,4622,0,8,1,115,115,NORMAL,0,0,123,8,8,230,4,8,119,123,16,0,0,0,0
240096,53,bully,8351,0,0,0,123,131,1722,1834,1,100,231745,4519,0,8,2,115,115,NORMAL,0,0,123,8,8,230,4,8,119,123,16,0,0,0,0
240517,11,bully,6961,0,0,0,124,133,1736,1862,1,100,233556,4596,0,9,1,115,115,NORMAL,0,0,124,10,8,230,5,9,119,124,18,0,0,0,0
240026,76,bully,8735,0,0,0,124,133,1736,1862,1,100,231291,4766,0,9,2,115,115,NORMAL,0,0,124,10,8,230,5,9,119,124,18,0,0,0,0
240111,21,bully,6973,0,0,0,123,131,1722,1834,1,100,233138,4559,0,8,1,115,115,NORMAL,0,0,123,8,8,230,4,8,119,123,16,0,0,0,0
240217,82,bully,8808,1,1,4591,124,133,1736,1862,1,100,231409,4591,0,9,2,115,115,NORMAL,0,2,125,10,8,230,5,9,119,124,18,0,0,0,0
240299,70,bully,9318,0,0,0,124,133,1736,1862,1,100,230981,5256,0,9,2,115,115,NORMAL,0,0,124,10,8,230,5,9,119,124,18,0,0,0,0
240435,35,bully,7908,0,0,0,123,131,1722,1834,1,100,232527,4653,0,8,1,115,115,NORMAL,0,0,123,8,8,230,4,8,119,123,16,0,0,0,0
240329,6,bully,6444,0,0,0,125,134,1750,1876,1,100,233885,4631,0,9,1,116,116,NORMAL,0,0,125,10,8,232,5,9,120,125,18,0,0,0,0
240094,23,bully,6991,0,0,0,123,131,1722,1834,1,100,233103,4615,0,8,1,115,115,NORMAL,0,0,123,8,8,230,4,8,119,123,16,0,0,0,0
240420,99,bully,8873,0,0,0,123,132,1722,1848,1,100,231547,4671,0,9,2,114,114,NORMAL,0,0,123,10,8,228,5,9,118,123,18,0,0,0,0
240856,69,bully,9754,0,0,0,124,133,1736,1862,1,100,231102,5257,0,9,2,115,115,NORMAL,0,0,124,10,8,230,5,9,119,124,18,0,0,0,0
240723,29,bully,7842,0,0,0,123,131,1722,1834,1,100,232881,4621,0,8,1,115,115,NORMAL,0,0,123,8,8,230,4,8,119,123,16,0,0,0,0
240314,38,bully,7766,0,0,0,123,131,1722,1834,1,100,232548,4584,0,8,1,115,115,NORMAL,0,0,123,8,8,230,4,8,119,123,16,0,0,0,0
241008,34,bully,8318,0,0,0,123,131,1722,1834,1,100,232690,4665,0,8,1,115,115,NORMAL,0,0,123,8,8,230,4,8,119,123,16,0,0,0,0
240693,93,bully,8800,0,0,0,124,133,1736,1862,1,100,231893,4726,0,10,3,115,115,NORMAL,0,0,124,10,8,230,5,9,119,124,18,0,0,0,0
240557,96,bully,8657,0,0,0,124,133,1736,1862,1,100,231900,4704,0,9,2,115,115,NORMAL,0,0,124,10,8,230,5,9,119,124,18,0,0,0,0
240247,18,bully,6641,0,0,0,123,131,1722,1834,1,100,233606,4558,0,8,1,115,115,NORMAL,0,0,123,8,8,230,4,8,119,123,16,0,0,0,0
240859,26,bully,7616,0,0,0,123,131,1722,1834,1,100,233243,4654,0,8,1,115,115,NORMAL,0,0,123,8,8,230,4,8,119,123,16,0,0,0,0
240757,74,bully,8994,0,0,0,124,133,1736,1862,1,100,231763,4753,0,9,2,115,115,NORMAL,0,0,124,10,8,230,5,9,119,124,18,0,0,0,0
240380,58,bully,8409,0,0,0,124,133,1736,1862,1,100,231971,5196,0,9,2,115,115,NORMAL,0,0,124,10,8,230,5,9,119,124,18,0,0,0,0
241280,28,bully,7953,0,0,0,123,131,1722,1834,1,100,233327,4598,0,8,1,115,115,NORMAL,0,0,123,8,8,230,4,8,119,123,16,0,0,0,0
240365,90,bully,8033,0,0,0,124,133,1736,1862,1,100,232332,4714,0,10,2,115,115,NORMAL,0,0,124,10,8,230,5,9,119,124,18,0,0,0,0
240532,81,bully,8963,0,0,0,124,133,1736,1862,1,100,231569,4806,0,9,2,115,115,NORMAL,0,0,124,10,8,230,5,9,119,124,18,0,0,0,0
240993,54,bully,8751,0,0,0,123,131,1722,1834,1,100,232242,4558,0,8,1,115,115,NORMAL,0,0,123,8,8,230,4,8,119,123,16,0,0,0,0
240502,87,bully,8831,0,0,0,125,135,1750,1890,1,100,231671,5465,0,10,2,115,115,NORMAL,0,0,125,12,8,230,6,10,119,125,20,0,0,0,0
240572,64,bully,8772,0,0,0,124,133,1736,1862,1,100,231800,5140,0,9,2,115,115,NORMAL,0,0,124,10,8,230,5,9,119,124,18,0,0,0,0
240744,49,bully,8255,0,0,0,123,131,1722,1834,1,100,232489,4570,0,8,1,115,115,NORMAL,0,0,123,8,8,230,4,8,119,123,16,0,0,0,0
240804,17,bully,6922,0,0,0,124,132,1736,1848,1,100,233882,4557,0,8,1,116,116,NORMAL,0,0,124,8,8,232,4,8,120,124,16,0,0,0,0
240790,50,bully,8314,0,0,0,123,131,1722,1834,1,100,232476,4579,0,8,1,115,115,NORMAL,0,0,123,8,8,230,4,8,119,123,16,0,0,0,0
240978,98,bully,8889,0,0,0,124,133,1736,1862,1,100,232089,4681,0,9,1,115,115,NORMAL,0,0,124,10,8,230,5,9,119,124,18,0,0,0,0
241402,43,bully,8567,0,0,0,123,131,1722,1834,1,100,232835,4605,0,8,1,115,115,NORMAL,0,0,123,8,8,230,4,8,119,123,16,0,0,0,0
240520,12,bully,6370,0,0,0,124,133,1736,1862,1,100,234150,4631,0,9,1,116,116,NORMAL,0,0,124,8,8,232,5,9,120,125,16,0,0,0,0
240708,61,bully,8632,0,0,0,124,133,1736,1862,1,100,232076,5091,0,9,1,115,115,NORMAL,0,0,124,10,8,230,5,9,119,124,18,0,0,0,0
241114,36,bully,8012,0,0,0,123,131,1722,1834,1,100,233102,4652,0,8,1,115,115,NORMAL,0,0,123,8,8,230,4,8,119,123,16,0,0,0,0
241043,67,bully,9268,0,0,0,124,133,1736,1862,1,100,231775,5230,0,9,2,115,115,NORMAL,0,0,124,10,8,230,5,9,119,124,18,0,0,0,0
240941,14,bully,6817,0,0,0,124,132,1736,1848,1,100,234124,4594,0,8,1,116,116,NORMAL,0,0,124,8,8,232,4,8,120,124,16,0,0,0,0
241362,16,bully,7334,0,0,0,124,132,1736,1848,1,100,234028,4575,0,8,1,116,116,NORMAL,0,0,124,8,8,232,4,8,120,124,16,0,0,0,0
240638,5,bully,6046,0,0,0,126,135,1764,1890,1,100,234592,4640,0,9,1,117,117,NORMAL,0,0,126,10,8,234,5,9,121,126,18,0,0,0,0
241533,62,bully,9406,0,0,0,124,133,1736,1862,1,100,232127,5109,0,9,1,115,115,NORMAL,0,0,124,10,8,230,5,9,119,124,18,0,0,0,0
240775,3,bully,6053,0,0,0,126,135,1764,1890,1,100,234722,4598,0,9,1,117,117,NORMAL,0,0,126,10,8,234,5,9,121,126,18,0,0,0,0
241184,72,bully,9555,0,0,0,124,133,1736,1862,1,100,231629,5216,0,9,2,115,115,NORMAL,0,0,124,10,8,230,5,9,119,124,18,0,0,0,0
241356,55,bully,8912,0,0,0,123,131,1722,1834,1,100,232444,4609,0,8,1,115,115,NORMAL,0,0,123,8,8,230,4,8,119,123,16,0,0,0,0
240873,37,bully,7600,0,0,0,124,132,1736,1848,1,100,233273,4603,0,8,1,116,116,NORMAL,0,0,124,8,8,232,4,8,120,124,16,0,0,0,0
241535,97,bully,9132,0,0,0,124,133,1736,1862,1,100,232403,4660,0,9,1,115,115,NORMAL,0,0,124,10,8,230,5,9,119,124,18,0,0,0,0
240911,77,bully,8784,0,0,0,124,133,1736,1862,1,100,232127,4780,0,9,1,115,115,NORMAL,0,0,124,10,8,230,5,9,119,124,18,0,0,0,0
241686,44,bully,8605,0,0,0,123,131,1722,1834,1,100,233081,4613,0,8,1,115,115,NORMAL,0,0,123,8,8,230,4,8,119,123,16,0,0,0,0
241635,10,bully,7091,0,0,0,125,134,1750,1876,1,100,234544,4600,0,9,1,116,116,NORMAL,0,0,125,10,8,232,5,9,120,125,18,0,0,0,0
241157,4,bully,6307,0,0,0,126,135,1764,1890,1,100,234850,4636,0,9,1,117,117,NORMAL,0,0,126,10,8,234,5,9,121,126,18,0,0,0,0
241387,89,bully,8500,0,0,0,124,134,1736,1876,1,100,232887,4698,0,11,2,115,115,NORMAL,0,0,124,10,8,230,6,10,119,125,18,0,0,0,0
241144,31,bully,7459,0,0,0,124,132,1736,1848,1,100,233685,4616,0,8,1,116,116,NORMAL,0,0,124,8,8,232,4,8,120,124,16,0,0,0,0
241196,83,bully,8811,0,0,0,124,133,1736,1862,1,100,232385,4615,0,9,1,115,115,NORMAL,0,0,124,10,8,230,5,9,119,124,18,0,0,0,0
241690,19,bully,7396,0,0,0,124,132,1736,1848,1,100,234294,4546,0,8,1,116,116,NORMAL,0,0,124,8,8,232,4,8,120,124,16,0,0,0,0
241265,2,bully,6214,0,0,0,126,135,1764,1890,1,100,235051,4617,0,9,1,117,117,NORMAL,0,0,126,10,8,234,5,9,121,126,18,0,0,0,0
241129,63,bully,8721,0,0,0,124,133,1736,1862,1,100,232408,5115,0,9,1,115,115,NORMAL,0,0,124,10,8,230,5,9,119,124,18,0,0,0,0
241523,92,bully,8687,0,0,0,124,133,1736,1862,1,100,232836,4740,0,10,2,115,115,NORMAL,0,0,124,10,8,230,5,9,119,124,18,0,0,0,0
241808,91,bully,8916,0,0,0,124,133,1736,1862,1,100,232892,4706,0,10,2,115,115,NORMAL,0,0,124,10,8,230,5,9,119,124,18,0,0,0,0
241164,78,bully,8839,0,0,0,124,133,1736,1862,1,100,232325,4805,0,9,1,115,115,NORMAL,0,0,124,10,8,230,5,9,119,124,18,0,0,0,0
241330,60,bully,8715,0,0,0,124,133,1736,1862,1,100,232615,5103,0,9,1,115,115,NORMAL,0,0,124,10,8,230,5,9,119,124,18,0,0,0,0
241214,46,bully,7989,0,0,0,124,132,1736,1848,1,100,233225,4582,0,8,1,116,116,NORMAL,0,0,124,8,8,232,4,8,120,124,16,0,0,0,0
241944,42,bully,8546,0,0,0,124,132,1736,1848,1,100,233398,4607,0,8,1,116,116,NORMAL,0,0,124,8,8,232,4,8,120,124,16,0,0,0,0
241741,71,bully,9675,0,0,0,124,133,1736,1862,1,100,232066,5225,0,9,1,115,115,NORMAL,0,0,124,10,8,230,5,9,119,124,18,0,0,0,0
241047,75,bully,8524,0,0,0,124,133,1736,1862,1,100,232523,4738,0,9,1,115,115,NORMAL,0,0,124,10,8,230,5,9,119,124,18,0,0,0,0
241417,79,bully,9061,0,0,0,124,133,1736,1862,1,100,232356,4790,0,9,1,115,115,NORMAL,0,0,124,10,8,230,5,9,119,124,18,0,0,0,0
241605,40,bully,8046,0,0,0,124,132,1736,1848,1,100,233559,4596,0,8,1,116,116,NORMAL,0,0,124,8,8,232,4,8,120,124,16,0,0,0,0
241974,24,bully,7771,0,0,0,124,132,1736,1848,1,100,234203,4625,0,8,1,116,116,NORMAL,0,0,124,8,8,232,4,8,120,124,16,0,0,0,0
241483,45,bully,8077,0,0,0,124,132,1736,1848,1,100,233406,4591,0,8,1,116,116,NORMAL,0,0,124,8,8,232,4,8,120,124,16,0,0,0,0
241211,51,bully,8111,0,0,0,124,132,1736,1848,1,100,233100,4557,0,8,1,116,116,NORMAL,0,0,124,8,8,232,4,8,120,124,16,0,0,0,0
241498,13,bully,6749,0,0,0,124,132,1736,1848,1,100,234749,4617,0,8,1,116,116,NORMAL,0,0,124,8,8,232,4,8,120,124,16,0,0,0,0
241864,100,bully,6475,1,1,4612,126,133,1764,1862,1,100,235389,4612,0,9,1,117,115,LEADER,1,118,126,10,8,234,5,9,119,124,18,0,0,0,0
241823,59,bully,8913,0,0,0,125,134,1750,1876,1,100,232910,5165,0,9,1,116,116,NORMAL,0,0,125,10,8,232,5,9,120,125,18,0,0,0,0
241701,27,bully,7441,0,0,0,124,132,1736,1848,1,100,234260,4664,0,8,1,116,116,NORMAL,0,0,124,8,8,232,4,8,120,124,16,0,0,0,0
241672,94,bully,8625,0,0,0,124,133,1736,1862,1,100,233047,4708,0,9,1,115,115,NORMAL,0,0,124,10,8,230,5,9,119,124,18,0,0,0,0
241332,80,bully,8811,0,0,0,124,133,1736,1862,1,100,232521,4799,0,9,1,115,115,NORMAL,0,0,124,10,8,230,5,9,119,124,18,0,0,0,0
241553,22,bully,7054,0,0,0,124,132,1736,1848,1,100,234499,4574,0,8,1,116,116,NORMAL,0,0,124,8,8,232,4,8,120,124,16,0,0,0,0
241897,95,bully,8841,0,0,0,124,133,1736,1862,1,100,233056,4707,0,9,1,115,115,NORMAL,0,0,124,10,8,230,5,9,119,124,18,0,0,0,0
241347,48,bully,7909,0,0,0,124,132,1736,1848,1,100,233438,4587,0,8,1,116,116,NORMAL,0,0,124,8,8,232,4,8,120,124,16,0,0,0,0
241941,66,bully,9289,0,0,0,125,135,1750,1890,1,100,232652,5218,0,10,1,116,116,NORMAL,0,0,125,10,8,232,6,10,120,126,18,0,0,0,0
241565,8,bully,6387,0,0,0,125,134,1750,1876,1,100,235178,4652,0,9,1,116,116,NORMAL,0,0,125,10,8,232,5,9,120,125,18,0,0,0,0
241807,68,bully,9219,0,0,0,125,134,1750,1876,1,100,232588,5231,0,9,1,116,116,NORMAL,0,0,125,10,8,232,5,9,120,125,18,0,0,0,0
241980,86,bully,9226,0,0,0,125,135,1750,1890,1,100,232754,5464,0,10,1,115,115,NORMAL,0,0,125,12,8,230,6,10,119,125,20,0,0,0,0
241771,7,bully,6367,0,0,0,125,134,1750,1876,1,100,235404,4626,0,9,1,116,116,NORMAL,0,0,125,10,8,232,5,9,120,125,18,0,0,0,0
241936,30,bully,7536,0,0,0,124,132,1736,1848,1,100,234400,4586,0,8,1,116,116,NORMAL,0,0,124,8,8,232,4,8,120,124,16,0,0,0,0
241756,39,bully,7713,0,0,0,124,132,1736,1848,1,100,234043,4600,0,8,1,116,116,NORMAL,0,0,124,8,8,232,4,8,120,124,16,0,0,0,0
241908,25,bully,7253,0,0,0,124,132,1736,1848,1,100,234655,4614,0,8,1,116,116,NORMAL,0,0,124,8,8,232,4,8,120,124,16,0,0,0,0
241776,84,bully,8574,0,0,0,124,133,1736,1862,1,100,233202,4597,0,9,1,115,115,NORMAL,0,0,124,10,8,230,5,9,119,124,18,0,0,0,0
241959,56,bully,8311,0,0,0,124,132,1736,1848,1,100,233648,4573,0,8,1,116,116,NORMAL,0,0,124,8,8,232,4,8,120,124,16,0,0,0,0
250024,57,bully,9225,1,0,0,129,137,1806,1918,1,100,240799,5201,0,9,2,120,120,NORMAL,0,0,129,10,8,240,4,8,124,128,18,0,0,0,0
250081,85,bully,9503,1,0,0,129,138,1806,1932,1,100,240578,5422,0,10,2,119,119,NORMAL,0,0,129,12,8,238,5,9,123,128,20,0,0,0,0
250184,88,bully,8830,1,1,4646,129,139,1806,1946,1,100,241354,4646,0,11,3,119,119,NORMAL,0,2,130,12,8,238,6,10,123,129,20,0,0,0,0
250044,1,bully,6528,0,0,0,130,139,1820,1946,1,100,243516,4612,0,9,1,121,121,NORMAL,0,0,130,10,8,242,5,9,125,130,18,0,0,0,0
250177,41,bully,8335,0,0,0,128,136,1792,1904,1,100,241842,4579,0,8,2,120,120,NORMAL,0,0,128,8,8,240,4,8,124,128,16,0,0,0,0
250368,47,bully,8787,0,0,0,128,136,1792,1904,1,100,241581,4591,0,8,2,120,120,NORMAL,0,0,128,8,8,240,4,8,124,128,16,0,0,0,0
250014,65,bully,9204,1,0,0,130,139,1820,1946,1,100,240810,5190,0,10,2,120,120,NORMAL,0,0,130,12,8,240,5,9,124,129,20,0,0,0,0
250192,9,bully,6787,0,0,0,129,138,1806,1932,1,100,243405,4632,0,9,1,120,120,NORMAL,0,0,129,10,8,240,5,9,124,129,18,0,0,0,0
250383,15,bully,7246,0,0,0,128,136,1792,1904,1,100,243137,4599,0,8,1,120,120,NORMAL,0,0,128,8,8,240,4,8,124,128,16,0,0,0,0
250162,73,bully,8892,1,1,4730,129,138,1806,1932,1,100,241270,4730,0,9,2,120,120,NORMAL,0,2,130,10,8,240,5,9,124,129,18,0,0,0,0
250668,20,bully,7601,0,0,0,128,136,1792,1904,1,100,243067,4538,0,8,1,120,120,NORMAL,0,0,128,8,8,240,4,8,124,128,16,0,0,0,0
250653,52,bully,8917,0,0,0,128,136,1792,1904,1,100,241736,4515,0,8,2,120,120,NORMAL,0,0,128,8,8,240,4,8,124,128,16,0,0,0,0
250029,33,bully,7493,0,0,0,128,136,1792,1904,1,100,242536,4621,0,8,1,120,120,NORMAL,0,0,128,8,8,240,4,8,124,128,16,0,0,0,0
250586,32,bully,7977,0,0,0,128,136,1792,1904,1,100,242609,4622,0,8,1,120,120,NORMAL,0,0,128,8,8,240,4,8,124,128,16,0,0,0,0
250096,53,bully,8351,0,0,0,128,136,1792,1904,1,100,241745,4519,0,8,2,120,120,NORMAL,0,0,128,8,8,240,4,8,124,128,16,0,0,0,0
250517,11,bully,6961,0,0,0,129,138,1806,1932,1,100,243556,4596,0,9,1,120,120,NORMAL,0,0,129,10,8,240,5,9,124,129,18,0,0,0,0
250026,76,bully,8735,0,0,0,129,138,1806,1932,1,100,241291,4766,0,9,2,120,120,NORMAL,0,0,129,10,8,240,5,9,124,129,18,0,0,0,0
250111,21,bully,6973,0,0,0,128,136,1792,1904,1,100,243138,4559,0,8,1,120,120,NORMAL,0,0,128,8,8,240,4,8,124,128,16,0,0,0,0
250217,82,bully,8808,1,1,4591,129,138,1806,1932,1,100,241409,4591,0,9,2,120,120,NORMAL,0,2,130,10,8,240,5,9,124,129,18,0,0,0,0
250299,70,bully,9318,0,0,0,129,138,1806,1932,1,100,240981,5256,0,9,2,120,120,NORMAL,0,0,129,10,8,240,5,9,124,129,18,0,0,0,0
250435,35,bully,7908,0,0,0,128,136,1792,1904,1,100,242527,4653,0,8,1,120,120,NORMAL,0,0,128,8,8,240,4,8,124,128,16,0,0,0,0
250329,6,bully,6444,0,0,0,129,138,1806,1932,1,100,243885,4631,0,9,1,120,120,NORMAL,0,0,129,10,8,240,5,9,124,129,18,0,0,0,0
250094,23,bully,6991,0,0,0,128,136,1792,1904,1,100,243103,4615,0,8,1,120,120,NORMAL,0,0,128,8,8,240,4,8,124,128,16,0,0,0,0
250420,99,bully,8873,0,0,0,129,138,1806,1932,1,100,241547,4671,0,9,2,120,120,NORMAL,0,0,129,10,8,240,5,9,124,129,18,0,0,0,0
250856,69,bully,9754,0,0,0,129,138,1806,1932,1,100,241102,5257,0,9,2,120,120,NORMAL,0,0,129,10,8,240,5,9,124,129,18,0,0,0,0
250723,29,bully,7842,0,0,0,128,136,1792,1904,1,100,242881,4621,0,8,1,120,120,NORMAL,0,0,128,8,8,240,4,8,124,128,16,0,0,0,0
250314,38,bully,7766,0,0,0,128,136,1792,1904,1,100,242548,4584,0,8,1,120,120,NORMAL,0,0,128,8,8,240,4,8,124,128,16,0,0,0,0
251008,34,bully,8318,0,0,0,128,136,1792,1904,1,100,242690,4665,0,8,1,120,120,NORMAL,0,0,128,8,8,240,4,8,124,128,16,0,0,0,0
250693,93,bully,8800,0,0,0,129,138,1806,1932,1,100,241893,4726,0,10,3,120,120,NORMAL,0,0,129,10,8,240,5,9,124,129,18,0,0,0,0
250557,96,bully,8657,0,0,0,129,138,1806,1932,1,100,241900,4704,0,9,2,120,120,NORMAL,0,0,129,10,8,240,5,9,124,129,18,0,0,0,0
250247,18,bully,6641,0,0,0,129,137,1806,1918,1,100,243606,4558,0,8,1,121,121,NORMAL,0,0,129,8,8,242,4,8,125,129,16,0,0,0,0
250859,26,bully,7616,0,0,0,128,136,1792,1904,1,100,243243,4654,0,8,1,120,120,NORMAL,0,0,128,8,8,240,4,8,124,128,16,0,0,0,0
250757,74,bully,8994,0,0,0,129,138,1806,1932,1,100,241763,4753,0,9,2,120,120,NORMAL,0,0,129,10,8,240,5,9,124,129,18,0,0,0,0
250380,58,bully,8409,0,0,0,129,138,1806,1932,1,100,241971,5196,0,9,2,120,120,NORMAL,0,0,129,10,8,240,5,9,124,129,18,0,0,0,0
251280,28,bully,7953,0,0,0,128,136,1792,1904,1,100,243327,4598,0,8,1,120,120,NORMAL,0,0,128,8,8,240,4,8,124,128,16,0,0,0,0
250365,90,bully,8033,0,0,0,129,138,1806,1932,1,100,242332,4714,0,10,2,120,120,NORMAL,0,0,129,10,8,240,5,9,124,129,18,0,0,0,0
250532,81,bully,8963,0,0,0,129,138,1806,1932,1,100,241569,4806,0,9,2,120,120,NORMAL,0,0,129,10,8,240,5,9,124,129,18,0,0,0,0
250993,54,bully,8751,0,0,0,128,136,1792,1904,1,100,242242,4558,0,8,1,120,120,NORMAL,0,0,128,8,8,240,4,8,124,128,16,0,0,0,0
250502,87,bully,8831,0,0,0,130,140,1820,1960,1,100,241671,5465,0,10,2,120,120,NORMAL,0,0,130,12,8,240,6,10,124,130,20,0,0,0,0
250572,64,bully,8772,0,0,0,129,138,1806,1932,1,100,241800,5140,0,9,2,120,120,NORMAL,0,0,129,10,8,240,5,9,124,129,18,0,0,0,0
250744,49,bully,8255,0,0,0,128,136,1792,1904,1,100,242489,4570,0,8,1,120,120,NORMAL,0,0,128,8,8,240,4,8,124,128,16,0,0,0,0
250804,17,bully,6922,0,0,0,129,137,1806,1918,1,100,243882,4557,0,8,1,121,121,NORMAL,0,0,129,8,8,242,4,8,125,129,16,0,0,0,0
250790,50,bully,8314,0,0,0,128,136,1792,1904,1,100,242476,4579,0,8,1,120,120,NORMAL,0,0,128,8,8,240,4,8,124,128,16,0,0,0,0
250978,98,bully,8889,0,0,0,129,138,1806,1932,1,100,242089,4681,0,9,1,120,120,NORMAL,0,0,129,10,8,240,5,9,124,129,18,0,0,0,0
251402,43,bully,8567,0,0,0,128,136,1792,1904,1,100,242835,4605,0,8,1,120,120,NORMAL,0,0,128,8,8,240,4,8,124,128,16,0,0,0,0
250520,12,bully,6370,0,0,0,129,138,1806,1932,1,100,244150,4631,0,9,1,121,121,NORMAL,0,0,129,8,8,242,5,9,125,130,16,0,0,0,0
250708,61,bully,8632,0,0,0,129,138,1806,1932,1,100,242076,5091,0,9,1,120,120,NORMAL,0,0,129,10,8,240,5,9,124,129,18,0,0,0,0
251114,36,bully,8012,0,0,0,128,136,1792,1904,1,100,243102,4652,0,8,1,120,120,NORMAL,0,0,128,8,8,240,4,8,124,128,16,0,0,0,0
251043,67,bully,9268,0,0,0,129,138,1806,1932,1,100,241775,5230,0,9,2,120,120,NORMAL,0,0,129,10,8,240,5,9,124,129,18,0,0,0,0
250941,14,bully,6817,0,0,0,129,137,1806,1918,1,100,244124,4594,0,8,1,121,121,NORMAL,0,0,129,8,8,242,4,8,125,129,16,0,0,0,0
251362,16,bully,7334,0,0,0,129,137,1806,1918,1,100,244028,4575,0,8,1,121,121,NORMAL,0,0,129,8,8,242,4,8,125,129,16,0,0,0,0
250638,5,bully,6046,0,0,0,131,140,1834,1960,1,100,244592,4640,0,9,1,122,122,NORMAL,0,0,131,10,8,244,5,9,126,131,18,0,0,0,0
251533,62,bully,9406,0,0,0,129,138,1806,1932,1,100,242127,5109,0,9,1,120,120,NORMAL,0,0,129,10,8,240,5,9,124,129,18,0,0,0,0
251184,72,bully,9555,0,0,0,129,138,1806,1932,1,100,241629,5216,0,9,2,120,120,NORMAL,0,0,129,10,8,240,5,9,124,129,18,0,0,0,0
250775,3,bully,6053,0,0,0,131,140,1834,1960,1,100,244722,4598,0,9,1,122,122,NORMAL,0,0,131,10,8,244,5,9,126,131,18,0,0,0,0
251356,55,bully,8912,0,0,0,128,136,1792,1904,1,100,242444,4609,0,8,1,120,120,NORMAL,0,0,128,8,8,240,4,8,124,128,16,0,0,0,0
250871,37,bully,7600,0,0,0,129,137,1806,1918,1,100,243271,4603,0,8,1,121,121,NORMAL,0,0,129,8,8,242,4,8,125,129,16,0,0,0,0
251535,97,bully,9132,0,0,0,129,138,1806,1932,1,100,242403,4660,0,9,1,120,120,NORMAL,0,0,129,10,8,240,5,9,124,129,18,0,0,0,0
250911,77,bully,8784,0,0,0,129,138,1806,1932,1,100,242127,4780,0,9,1,120,120,NORMAL,0,0,129,10,8,240,5,9,124,129,18,0,0,0,0
251686,44,bully,8605,0,0,0,128,136,1792,1904,1,100,243081,4613,0,8,1,120,120,NORMAL,0,0,128,8,8,240,4,8,124,128,16,0,0,0,0
251635,10,bully,7091,0,0,0,130,139,1820,1946,1,100,244544,4600,0,9,1,121,121,NORMAL,0,0,130,10,8,242,5,9,125,130,18,0,0,0,0
251157,4,bully,6307,0,0,0,131,140,1834,1960,1,100,244850,4636,0,9,1,122,122,NORMAL,0,0,131,10,8,244,5,9,126,131,18,0,0,0,0
251387,89,bully,8500,0,0,0,129,139,1806,1946,1,100,242887,4698,0,11,2,120,120,NORMAL,0,0,129,10,8,240,6,10,124,130,18,0,0,0,0
251144,31,bully,7459,0,0,0,129,137,1806,1918,1,100,243685,4616,0,8,1,121,121,NORMAL,0,0,129,8,8,242,4,8,125,129,16,0,0,0,0
251196,83,bully,8811,0,0,0,129,138,1806,1932,1,100,242385,4615,0,9,1,120,120,NORMAL,0,0,129,10,8,240,5,9,124,129,18,0,0,0,0
251690,19,bully,7396,0,0,0,129,137,1806,1918,1,100,244294,4546,0,8,1,121,121,NORMAL,0,0,129,8,8,242,4,8,125,129,16,0,0,0,0
251265,2,bully,6214,0,0,0,131,140,1834,1960,1,100,245051,4617,0,9,1,122,122,NORMAL,0,0,131,10,8,244,5,9,126,131,18,0,0,0,0
251129,63,bully,8721,0,0,0,129,138,1806,1932,1,100,242408,5115,0,9,1,120,120,NORMAL,0,0,129,10,8,240,5,9,124,129,18,0,0,0,0
251523,92,bully,8687,0,0,0,129,138,1806,1932,1,100,242836,4740,0,10,2,120,120,NORMAL,0,0,129,10,8,240,5,9,124,129,18,0,0,0,0
251808,91,bully,8916,0,0,0,129,138,1806,1932,1,100,242892,4706,0,10,2,120,120,NORMAL,0,0,129,10,8,240,5,9,124,129,18,0,0,0,0
251164,78,bully,8839,0,0,0,129,138,1806,1932,1,100,242325,4805,0,9,1,120,120,NORMAL,0,0,129,10,8,240,5,9,124,129,18,0,0,0,0
251330,60,bully,8715,0,0,0,129,138,1806,1932,1,100,242615,5103,0,9,1,120,120,NORMAL,0,0,129,10,8,240,5,9,124,129,18,0,0,0,0
251214,46,bully,7989,0,0,0,129,137,1806,1918,1,100,243225,4582,0,8,1,121,121,NORMAL,0,0,129,8,8,242,4,8,125,129,16,0,0,0,0
251944,42,bully,8546,0,0,0,129,137,1806,1918,1,100,243398,4607,0,8,1,121,121,NORMAL,0,0,129,8,8,242,4,8,125,129,16,0,0,0,0
251741,71,bully,9675,0,0,0,129,138,1806,1932,1,100,242066,5225,0,9,1,120,120,NORMAL,0,0,129,10,8,240,5,9,124,129,18,0,0,0,0
251047,75,bully,8524,0,0,0,129,138,1806,1932,1,100,242523,4738,0,9,1,120,120,NORMAL,0,0,129,10,8,240,5,9,124,129,18,0,0,0,0
251417,79,bully,9061,0,0,0,129,138,1806,1932,1,100,242356,4790,0,9,1,120,120,NORMAL,0,0,129,10,8,240,5,9,124,129,18,0,0,0,0
251605,40,bully,8046,0,0,0,129,137,1806,1918,1,100,243559,4596,0,8,1,121,121,NORMAL,0,0,129,8,8,242,4,8,125,129,16,0,0,0,0
251974,24,bully,7771,0,0,0,129,137,1806,1918,1,100,244203,4625,0,8,1,121,121,NORMAL,0,0,129,8,8,242,4,8,125,129,16,0,0,0,0
251483,45,bully,8077,0,0,0,129,137,1806,1918,1,100,243406,4591,0,8,1,121,121,NORMAL,0,0,129,8,8,242,4,8,125,129,16,0,0,0,0
251211,51,bully,8111,0,0,0,129,137,1806,1918,1,100,243100,4557,0,8,1,121,121,NORMAL,0,0,129,8,8,242,4,8,125,129,16,0,0,0,0
251498,13,bully,6749,0,0,0,129,137,1806,1918,1,100,244749,4617,0,8,1,121,121,NORMAL,0,0,129,8,8,242,4,8,125,129,16,0,0,0,0
251864,100,bully,6475,1,1,4612,131,138,1834,1932,1,100,245389,4612,0,9,1,122,120,LEADER,1,123,131,10,8,244,5,9,124,129,18,0,0,0,0
251823,59,bully,8913,0,0,0,130,139,1820,1946,1,100,242910,5165,0,9,1,121,121,NORMAL,0,0,130,10,8,242,5,9,125,130,18,0,0,0,0
251701,27,bully,7441,0,0,0,129,137,1806,1918,1,100,244260,4664,0,8,1,121,121,NORMAL,0,0,129,8,8,242,4,8,125,129,16,0,0,0,0
251672,94,bully,8625,0,0,0,129,138,1806,1932,1,100,243047,4708,0,9,1,120,120,NORMAL,0,0,129,10,8,240,5,9,124,129,18,0,0,0,0
251332,80,bully,8811,0,0,0,129,138,1806,1932,1,100,242521,4799,0,9,1,120,120,NORMAL,0,0,129,10,8,240,5,9,124,129,18,0,0,0,0
251553,22,bully,7054,0,0,0,129,137,1806,1918,1,100,244499,4574,0,8,1,121,121,NORMAL,0,0,129,8,8,242,4,8,125,129,16,0,0,0,0
251897,95,bully,8841,0,0,0,129,138,1806,1932,1,100,243056,4707,0,9,1,120,120,NORMAL,0,0,129,10,8,240,5,9,124,129,18,0,0,0,0
251347,48,bully,7909,0,0,0,129,137,1806,1918,1,100,243438,4587,0,8,1,121,121,NORMAL,0,0,129,8,8,242,4,8,125,129,16,0,0,0,0
251941,66,bully,9289,0,0,0,129,139,1806,1946,1,100,242652,5218,0,10,1,120,120,NORMAL,0,0,129,10,8,240,6,10,124,130,18,0,0,0,0
251565,8,bully,6387,0,0,0,130,139,1820,1946,1,100,245178,4652,0,9,1,121,121,NORMAL,0,0,130,10,8,242,5,9,125,130,18,0,0,0,0
251807,68,bully,9219,0,0,0,129,138,1806,1932,1,100,242588,5231,0,9,1,120,120,NORMAL,0,0,129,10,8,240,5,9,124,129,18,0,0,0,0
251980,86,bully,9226,0,0,0,130,140,1820,1960,1,100,242754,5464,0,10,1,120,120,NORMAL,0,0,130,12,8,240,6,10,124,130,20,0,0,0,0
251771,7,bully,6367,0,0,0,130,139,1820,1946,1,100,245404,4626,0,9,1,121,121,NORMAL,0,0,130,10,8,242,5,9,125,130,18,0,0,0,0
251936,30,bully,7536,0,0,0,129,137,1806,1918,1,100,244400,4586,0,8,1,121,121,NORMAL,0,0,129,8,8,242,4,8,125,129,16,0,0,0,0
251756,39,bully,7713,0,0,0,129,137,1806,1918,1,100,244043,4600,0,8,1,121,121,NORMAL,0,0,129,8,8,242,4,8,125,129,16,0,0,0,0
251908,25,bully,7253,0,0,0,129,137,1806,1918,1,100,244655,4614,0,8,1,121,121,NORMAL,0,0,129,8,8,242,4,8,125,129,16,0,0,0,0
251776,84,bully,8574,0,0,0,129,138,1806,1932,1,100,243202,4597,0,9,1,120,120,NORMAL,0,0,129,10,8,240,5,9,124,129,18,0,0,0,0
251959,56,bully,8311,0,0,0,129,137,1806,1918,1,100,243648,4573,0,8,1,121,121,NORMAL,0,0,129,8,8,242,4,8,125,129,16,0,0,0,0
260024,57,bully,9225,1,0,0,133,141,1862,1974,1,100,250799,5201,0,9,2,124,124,NORMAL,0,0,133,10,8,248,4,8,128,132,18,0,0,0,0
260081,85,bully,9503,1,0,0,134,143,1876,2002,1,100,250578,5422,0,10,2,124,124,NORMAL,0,0,134,12,8,248,5,9,128,133,20,0,0,0,0
260184,88,bully,8830,1,1,4646,134,144,1876,2016,1,100,251354,4646,0,11,3,124,124,NORMAL,0,2,135,12,8,248,6,10,128,134,20,0,0,0,0
260044,1,bully,6528,0,0,0,135,144,1890,2016,1,100,253516,4612,0,9,1,126,126,NORMAL,0,0,135,10,8,252,5,9,130,135,18,0,0,0,0
260177,41,bully,8335,0,0,0,133,141,1862,1974,1,100,251842,4579,0,8,2,125,125,NORMAL,0,0,133,8,8,250,4,8,129,133,16,0,0,0,0
260368,47,bully,8787,0,0,0,133,141,1862,1974,1,100,251581,4591,0,8,2,125,125,NORMAL,0,0,133,8,8,250,4,8,129,133,16,0,0,0,0
260014,65,bully,9204,1,0,0,135,144,1890,2016,1,100,250810,5190,0,10,2,125,125,NORMAL,0,0,135,12,8,250,5,9,129,134,20,0,0,0,0
260192,9,bully,6787,0,0,0,134,143,1876,2002,1,100,253405,4632,0,9,1,125,125,NORMAL,0,0,134,10,8,250,5,9,129,134,18,0,0,0,0
260383,15,bully,7246,0,0,0,133,141,1862,1974,1,100,253137,4599,0,8,1,125,125,NORMAL,0,0,133,8,8,250,4,8,129,133,16,0,0,0,0
260162,73,bully,8892,1,1,4730,134,143,1876,2002,1,100,251270,4730,0,9,2,125,125,NORMAL,0,2,135,10,8,250,5,9,129,134,18,0,0,0,0
260668,20,bully,7601,0,0,0,133,141,1862,1974,1,100,253067,4538,0,8,1,125,125,NORMAL,0,0,133,8,8,250,4,8,129,133,16,0,0,0,0
260653,52,bully,8917,0,0,0,133,141,1862,1974,1,100,251736,4515,0,8,2,125,125,NORMAL,0,0,133,8,8,250,4,8,129,133,16,0,0,0,0
260029,33,bully,7493,0,0,0,133,141,1862,1974,1,100,252536,4621,0,8,1,125,125,NORMAL,0,0,133,8,8,250,4,8,129,133,16,0,0,0,0
260586,32,bully,7977,0,0,0,133,141,1862,1974,1,100,252609,4622,0,8,1,125,125,NORMAL,0,0,133,8,8,250,4,8,129,133,16,0,0,0,0
260096,53,bully,8351,0,0,0,133,141,1862,1974,1,100,251745,4519,0,8,2,125,125,NORMAL,0,0,133,8,8,250,4,8,129,133,16,0,0,0,0
260517,11,bully,6961,0,0,0,134,143,1876,2002,1,100,253556,4596,0,9,1,125,125,NORMAL,0,0,134,10,8,250,5,9,129,134,18,0,0,0,0
260026,76,bully,8735,0,0,0,134,143,1876,2002,1,100,251291,4766,0,9,2,125,125,NORMAL,0,0,134,10,8,250,5,9,129,134,18,0,0,0,0
260111,21,bully,6973,0,0,0,133,141,1862,1974,1,100,253138,4559,0,8,1,125,125,NORMAL,0,0,133,8,8,250,4,8,129,133,16,0,0,0,0
260217,82,bully,8808,1,1,4591,134,143,1876,2002,1,100,251409,4591,0,9,2,125,125,NORMAL,0,2,135,10,8,250,5,9,129,134,18,0,0,0,0
260299,70,bully,9318,0,0,0,134,143,1876,2002,1,100,250981,5256,0,9,2,125,125,NORMAL,0,0,134,10,8,250,5,9,129,134,18,0,0,0,0
260435,35,bully,7908,0,0,0,133,141,1862,1974,1,100,252527,4653,0,8,1,125,125,NORMAL,0,0,133,8,8,250,4,8,129,133,16,0,0,0,0
260329,6,bully,6444,0,0,0,135,144,1890,2016,1,100,253885,4631,0,9,1,126,126,NORMAL,0,0,135,10,8,252,5,9,130,135,18,0,0,0,0
260094,23,bully,6991,0,0,0,133,141,1862,1974,1,100,253103,4615,0,8,1,125,125,NORMAL,0,0,133,8,8,250,4,8,129,133,16,0,0,0,0
260420,99,bully,8873,0,0,0,133,142,1862,1988,1,100,251547,4671,0,9,2,124,124,NORMAL,0,0,133,10,8,248,5,9,128,133,18,0,0,0,0
260856,69,bully,9754,0,0,0,134,143,1876,2002,1,100,251102,5257,0,9,2,125,125,NORMAL,0,0,134,10,8,250,5,9,129,134,18,0,0,0,0
260723,29,bully,7842,0,0,0,133,141,1862,1974,1,100,252881,4621,0,8,1,125,125,NORMAL,0,0,133,8,8,250,4,8,129,133,16,0,0,0,0
260314,38,bully,7766,0,0,0,133,141,1862,1974,1,100,252548,4584,0,8,1,125,125,NORMAL,0,0,133,8,8,250,4,8,129,133,16,0,0,0,0
261008,34,bully,8318,0,0,0,133,141,1862,1974,1,100,252690,4665,0,8,1,125,125,NORMAL,0,0,133,8,8,250,4,8,129,133,16,0,0,0,0
260693,93,bully,8800,0,0,0,134,143,1876,2002,1,100,251893,4726,0,10,3,125,125,NORMAL,0,0,134,10,8,250,5,9,129,134,18,0,0,0,0
260557,96,bully,8657,0,0,0,134,143,1876,2002,1,100,251900,4704,0,9,2,125,125,NORMAL,0,0,134,10,8,250,5,9,129,134,18,0,0,0,0
260250,18,bully,6641,0,0,0,134,142,1876,1988,1,100,253609,4558,0,8,1,126,126,NORMAL,0,0,134,8,8,252,4,8,130,134,16,0,0,0,0
260859,26,bully,7616,0,0,0,133,141,1862,1974,1,100,253243,4654,0,8,1,125,125,NORMAL,0,0,133,8,8,250,4,8,129,133,16,0,0,0,0
260757,74,bully,8994,0,0,0,134,143,1876,2002,1,100,251763,4753,0,9,2,125,125,NORMAL,0,0,134,10,8,250,5,9,129,134,18,0,0,0,0
260380,58,bully,8409,0,0,0,134,143,1876,2002,1,100,251971,5196,0,9,2,125,125,NORMAL,0,0,134,10,8,250,5,9,129,134,18,0,0,0,0
261280,28,bully,7953,0,0,0,133,141,1862,1974,1,100,253327,4598,0,8,1,125,125,NORMAL,0,0,133,8,8,250,4,8,129,133,16,0,0,0,0
260365,90,bully,8033,0,0,0,134,143,1876,2002,1,100,252332,4714,0,10,2,125,125,NORMAL,0,0,134,10,8,250,5,9,129,134,18,0,0,0,0
260532,81,bully,8963,0,0,0,134,143,1876,2002,1,100,251569,4806,0,9,2,125,125,NORMAL,0,0,134,10,8,250,5,9,129,134,18,0,0,0,0
260993,54,bully,8751,0,0,0,133,141,1862,1974,1,100,252242,4558,0,8,1,125,125,NORMAL,0,0,133,8,8,250,4,8,129,133,16,0,0,0,0
260502,87,bully,8831,0,0,0,135,145,1890,2030,1,100,251671,5465,0,10,2,125,125,NORMAL,0,0,135,12,8,250,6,10,129,135,20,0,0,0,0
260572,64,bully,8772,0,0,0,134,143,1876,2002,1,100,251800,5140,0,9,2,125,125,NORMAL,0,0,134,10,8,250,5,9,129,134,18,0,0,0,0
260744,49,bully,8255,0,0,0,133,141,1862,1974,1,100,252489,4570,0,8,1,125,125,NORMAL,0,0,133,8,8,250,4,8,129,133,16,0,0,0,0
260804,17,bully,6922,0,0,0,134,142,1876,1988,1,100,253882,4557,0,8,1,126,126,NORMAL,0,0,134,8,8,252,4,8,130,134,16,0,0,0,0
260790,50,bully,8314,0,0,0,133,141,1862,1974,1,100,252476,4579,0,8,1,125,125,NORMAL,0,0,133,8,8,250,4,8,129,133,16,0,0,0,0
260978,98,bully,8889,0,0,0,134,143,1876,2002,1,100,252089,4681,0,9,1,125,125,NORMAL,0,0,134,10,8,250,5,9,129,134,18,0,0,0,0
261402,43,bully,8567,0,0,0,133,141,1862,1974,1,100,252835,4605,0,8,1,125,125,NORMAL,0,0,133,8,8,250,4,8,129,133,16,0,0,0,0
260520,12,bully,6370,0,0,0,134,143,1876,2002,1,100,254150,4631,0,9,1,126,126,NORMAL,0,0,134,8,8,252,5,9,130,135,16,0,0,0,0
260708,61,bully,8632,0,0,0,134,143,1876,2002,1,100,252076,5091,0,9,1,125,125,NORMAL,0,0,134,10,8,250,5,9,129,134,18,0,0,0,0
261114,36,bully,8012,0,0,0,133,141,1862,1974,1,100,253102,4652,0,8,1,125,125,NORMAL,0,0,133,8,8,250,4,8,129,133,16,0,0,0,0
261043,67,bully,9268,0,0,0,134,143,1876,2002,1,100,251775,5230,0,9,2,125,125,NORMAL,0,0,134,10,8,250,5,9,129,134,18,0,0,0,0
260941,14,bully,6817,0,0,0,134,142,1876,1988,1,100,254124,4594,0,8,1,126,126,NORMAL,0,0,134,8,8,252,4,8,130,134,16,0,0,0,0
261362,16,bully,7334,0,0,0,134,142,1876,1988,1,100,254028,4575,0,8,1,126,126,NORMAL,0,0,134,8,8,252,4,8,130,134,16,0,0,0,0
260638,5,bully,6046,0,0,0,136,145,1904,2030,1,100,254592,4640,0,9,1,127,127,NORMAL,0,0,136,10,8,254,5,9,131,136,18,0,0,0,0
261533,62,bully,9406,0,0,0,134,143,1876,2002,1,100,252127,5109,0,9,1,125,125,NORMAL,0,0,134,10,8,250,5,9,129,134,18,0,0,0,0
261184,72,bully,9555,0,0,0,134,143,1876,2002,1,100,251629,5216,0,9,2,125,125,NORMAL,0,0,134,10,8,250,5,9,129,134,18,0,0,0,0
260775,3,bully,6053,0,0,0,136,145,1904,2030,1,100,254722,4598,0,9,1,127,127,NORMAL,0,0,136,10,8,254,5,9,131,136,18,0,0,0,0
261356,55,bully,8912,0,0,0,133,141,1862,1974,1,100,252444,4609,0,8,1,125,125,NORMAL,0,0,133,8,8,250,4,8,129,133,16,0,0,0,0
260871,37,bully,7600,0,0,0,134,142,1876,1988,1,100,253271,4603,0,8,1,126,126,NORMAL,0,0,134,8,8,252,4,8,130,134,16,0,0,0,0
261535,97,bully,9132,0,0,0,134,143,1876,2002,1,100,252403,4660,0,9,1,125,125,NORMAL,0,0,134,10,8,250,5,9,129,134,18,0,0,0,0
260911,77,bully,8784,0,0,0,134,143,1876,2002,1,100,252127,4780,0,9,1,125,125,NORMAL,0,0,134,10,8,250,5,9,129,134,18,0,0,0,0
261686,44,bully,8605,0,0,0,133,141,1862,1974,1,100,253081,4613,0,8,1,125,125,NORMAL,0,0,133,8,8,250,4,8,129,133,16,0,0,0,0
261635,10,bully,7091,0,0,0,135,144,1890,2016,1,100,254544,4600,0,9,1,126,126,NORMAL,0,0,135,10,8,252,5,9,130,135,18,0,0,0,0
261157,4,bully,6307,0,0,0,136,145,1904,2030,1,100,254850,4636,0,9,1,127,127,NORMAL,0,0,136,10,8,254,5,9,131,136,18,0,0,0,0
261387,89,bully,8500,0,0,0,134,144,1876,2016,1,100,252887,4698,0,11,2,125,125,NORMAL,0,0,134,10,8,250,6,10,129,135,18,0,0,0,0
261144,31,bully,7459,0,0,0,134,142,1876,1988,1,100,253685,4616,0,8,1,126,126,NORMAL,0,0,134,8,8,252,4,8,130,134,16,0,0,0,0
261196,83,bully,8811,0,0,0,134,143,1876,2002,1,100,252385,4615,0,9,1,125,125,NORMAL,0,0,134,10,8,250,5,9,129,134,18,0,0,0,0
261690,19,bully,7396,0,0,0,134,142,1876,1988,1,100,254294,4546,0,8,1,126,126,NORMAL,0,0,134,8,8,252,4,8,130,134,16,0,0,0,0
261265,2,bully,6214,0,0,0,136,145,1904,2030,1,100,255051,4617,0,9,1,127,127,NORMAL,0,0,136,10,8,254,5,9,131,136,18,0,0,0,0
261129,63,bully,8721,0,0,0,134,143,1876,2002,1,100,252408,5115,0,9,1,125,125,NORMAL,0,0,134,10,8,250,5,9,129,134,18,0,0,0,0
261523,92,bully,8687,0,0,0,134,143,1876,2002,1,100,252836,4740,0,10,2,125,125,NORMAL,0,0,134,10,8,250,5,9,129,134,18,0,0,0,0
261808,91,bully,8916,0,0,0,134,143,1876,2002,1,100,252892,4706,0,10,2,125,125,NORMAL,0,0,134,10,8,250,5,9,129,134,18,0,0,0,0
261164,78,bully,8839,0,0,0,134,143,1876,2002,1,100,252325,4805,0,9,1,125,125,NORMAL,0,0,134,10,8,250,5,9,129,134,18,0,0,0,0
261330,60,bully,8715,0,0,0,134,143,1876,2002,1,100,252615,5103,0,9,1,125,125,NORMAL,0,0,134,10,8,250,5,9,129,134,18,0,0,0,0
261214,46,bully,7989,0,0,0,134,142,1876,1988,1,100,253225,4582,0,8,1,126,126,NORMAL,0,0,134,8,8,252,4,8,130,134,16,0,0,0,0
261944,42,bully,8546,0,0,0,134,142,1876,1988,1,100,253398,4607,0,8,1,126,126,NORMAL,0,0,134,8,8,252,4,8,130,134,16,0,0,0,0
261741,71,bully,9675,0,0,0,134,143,1876,2002,1,100,252066,5225,0,9,1,125,125,NORMAL,0,0,134,10,8,250,5,9,129,134,18,0,0,0,0
261047,75,bully,8524,0,0,0,134,143,1876,2002,1,100,252523,4738,0,9,1,125,125,NORMAL,0,0,134,10,8,250,5,9,129,134,18,0,0,0,0
261417,79,bully,9061,0,0,0,134,143,1876,2002,1,100,252356,4790,0,9,1,125,125,NORMAL,0,0,134,10,8,250,5,9,129,134,18,0,0,0,0
261605,40,bully,8046,0,0,0,134,142,1876,1988,1,100,253559,4596,0,8,1,126,126,NORMAL,0,0,134,8,8,252,4,8,130,134,16,0,0,0,0
261974,24,bully,7771,0,0,0,134,142,1876,1988,1,100,254203,4625,0,8,1,126,126,NORMAL,0,0,134,8,8,252,4,8,130,134,16,0,0,0,0
261483,45,bully,8077,0,0,0,134,142,1876,1988,1,100,253406,4591,0,8,1,126,126,NORMAL,0,0,134,8,8,252,4,8,130,134,16,0,0,0,0
261211,51,bully,8111,0,0,0,134,142,1876,1988,1,100,253100,4557,0,8,1,126,126,NORMAL,0,0,134,8,8,252,4,8,130,134,16,0,0,0,0
261498,13,bully,6749,0,0,0,134,142,1876,1988,1,100,254749,4617,0,8,1,126,126,NORMAL,0,0,134,8,8,252,4,8,130,134,16,0,0,0,0
261864,100,bully,6475,1,1,4612,136,143,1904,2002,1,100,255389,4612,0,9,1,127,125,LEADER,1,128,136,10,8,254,5,9,129,134,18,0,0,0,0
261823,59,bully,8913,0,0,0,135,144,1890,2016,1,100,252910,5165,0,9,1,126,126,NORMAL,0,0,135,10,8,252,5,9,130,135,18,0,0,0,0
261701,27,bully,7441,0,0,0,134,142,1876,1988,1,100,254260,4664,0,8,1,126,126,NORMAL,0,0,134,8,8,252,4,8,130,134,16,0,0,0,0
261672,94,bully,8625,0,0,0,134,143,1876,2002,1,100,253047,4708,0,9,1,125,125,NORMAL,0,0,134,10,8,250,5,9,129,134,18,0,0,0,0
261332,80,bully,8811,0,0,0,134,143,1876,2002,1,100,252521,4799,0,9,1,125,125,NORMAL,0,0,134,10,8,250,5,9,129,134,18,0,0,0,0
261553,22,bully,7054,0,0,0,134,142,1876,1988,1,100,254499,4574,0,8,1,126,126,NORMAL,0,0,134,8,8,252,4,8,130,134,16,0,0,0,0
261897,95,bully,8841,0,0,0,134,143,1876,2002,1,100,253056,4707,0,9,1,125,125,NORMAL,0,0,134,10,8,250,5,9,129,134,18,0,0,0,0
261347,48,bully,7909,0,0,0,134,142,1876,1988,1,100,253438,4587,0,8,1,126,126,NORMAL,0,0,134,8,8,252,4,8,130,134,16,0,0,0,0
261941,66,bully,9289,0,0,0,135,145,1890,2030,1,100,252652,5218,0,10,1,126,126,NORMAL,0,0,135,10,8,252,6,10,130,136,18,0,0,0,0
261565,8,bully,6387,0,0,0,135,144,1890,2016,1,100,255178,4652,0,9,1,126,126,NORMAL,0,0,135,10,8,252,5,9,130,135,18,0,0,0,0
261807,68,bully,9219,0,0,0,135,144,1890,2016,1,100,252588,5231,0,9,1,126,126,NORMAL,0,0,135,10,8,252,5,9,130,135,18,0,0,0,0
261980,86,bully,9226,0,0,0,135,145,1890,2030,1,100,252754,5464,0,10,1,125,125,NORMAL,0,0,135,12,8,250,6,10,129,135,20,0,0,0,0
261771,7,bully,6367,0,0,0,135,144,1890,2016,1,100,255404,4626,0,9,1,126,126,NORMAL,0,0,135,10,8,252,5,9,130,135,18,0,0,0,0
261936,30,bully,7536,0,0,0,134,142,1876,1988,1,100,254400,4586,0,8,1,126,126,NORMAL,0,0,134,8,8,252,4,8,130,134,16,0,0,0,0
261756,39,bully,7713,0,0,0,134,142,1876,1988,1,100,254043,4600,0,8,1,126,126,NORMAL,0,0,134,8,8,252,4,8,130,134,16,0,0,0,0
261908,25,bully,7253,0,0,0,134,142,1876,1988,1,100,254655,4614,0,8,1,126,126,NORMAL,0,0,134,8,8,252,4,8,130,134,16,0,0,0,0
261776,84,bully,8574,0,0,0,135,144,1890,2016,1,100,253202,4597,0,9,1,126,126,NORMAL,0,0,135,10,8,252,5,9,130,135,18,0,0,0,0
261959,56,bully,8311,0,0,0,134,142,1876,1988,1,100,253648,4573,0,8,1,126,126,NORMAL,0,0,134,8,8,252,4,8,130,134,16,0,0,0,0
270024,57,bully,9225,1,0,0,139,147,1946,2058,1,100,260799,5201,0,9,2,130,130,NORMAL,0,0,139,10,8,260,4,8,134,138,18,0,0,0,0
270081,85,bully,9503,1,0,0,139,148,1946,2072,1,100,260578,5422,0,10,2,129,129,NORMAL,0,0,139,12,8,258,5,9,133,138,20,0,0,0,0
270184,88,bully,8830,1,1,4646,139,149,1946,2086,1,100,261354,4646,0,11,3,129,129,NORMAL,0,2,140,12,8,258,6,10,133,139,20,0,0,0,0
270044,1,bully,6528,0,0,0,140,149,1960,2086,1,100,263516,4612,0,9,1,131,131,NORMAL,0,0,140,10,8,262,5,9,135,140,18,0,0,0,0
270177,41,bully,8335,0,0,0,138,146,1932,2044,1,100,261842,4579,0,8,2,130,130,NORMAL,0,0,138,8,8,260,4,8,134,138,16,0,0,0,0
270368,47,bully,8787,0,0,0,138,146,1932,2044,1,100,261581,4591,0,8,2,130,130,NORMAL,0,0,138,8,8,260,4,8,134,138,16,0,0,0,0
270014,65,bully,9204,1,0,0,140,149,1960,2086,1,100,260810,5190,0,10,2,130,130,NORMAL,0,0,140,12,8,260,5,9,134,139,20,0,0,0,0
270192,9,bully,6787,0,0,0,139,148,1946,2072,1,100,263405,4632,0,9,1,130,130,NORMAL,0,0,139,10,8,260,5,9,134,139,18,0,0,0,0
270383,15,bully,7246,0,0,0,138,146,1932,2044,1,100,263137,4599,0,8,1,130,130,NORMAL,0,0,138,8,8,260,4,8,134,138,16,0,0,0,0
270162,73,bully,8892,1,1,4730,139,148,1946,2072,1,100,261270,4730,0,9,2,130,130,NORMAL,0,2,140,10,8,260,5,9,134,139,18,0,0,0,0
270668,20,bully,7601,0,0,0,138,146,1932,2044,1,100,263067,4538,0,8,1,130,130,NORMAL,0,0,138,8,8,260,4,8,134,138,16,0,0,0,0
270653,52,bully,8917,0,0,0,138,146,1932,2044,1,100,261736,4515,0,8,2,130,130,NORMAL,0,0,138,8,8,260,4,8,134,138,16,0,0,0,0
270029,33,bully,7493,0,0,0,138,146,1932,2044,1,100,262536,4621,0,8,1,130,130,NORMAL,0,0,138,8,8,260,4,8,134,138,16,0,0,0,0
270586,32,bully,7977,0,0,0,138,146,1932,2044,1,100,262609,4622,0,8,1,130,130,NORMAL,0,0,138,8,8,260,4,8,134,138,16,0,0,0,0
270096,53,bully,8351,0,0,0,138,146,1932,2044,1,100,261745,4519,0,8,2,130,130,NORMAL,0,0,138,8,8,260,4,8,134,138,16,0,0,0,0
270517,11,bully,6961,0,0,0,139,148,1946,2072,1,100,263556,4596,0,9,1,130,130,NORMAL,0,0,139,10,8,260,5,9,134,139,18,0,0,0,0
270026,76,bully,8735,0,0,0,139,148,1946,2072,1,100,261291,4766,0,9,2,130,130,NORMAL,0,0,139,10,8,260,5,9,134,139,18,0,0,0,0
270111,21,bully,6973,0,0,0,138,146,1932,2044,1,100,263138,4559,0,8,1,130,130,NORMAL,0,0,138,8,8,260,4,8,134,138,16,0,0,0,0
270217,82,bully,8808,1,1,4591,139,148,1946,2072,1,100,261409,4591,0,9,2,130,130,NORMAL,0,2,140,10,8,260,5,9,134,139,18,0,0,0,0
270299,70,bully,9318,0,0,0,139,148,1946,2072,1,100,260981,5256,0,9,2,130,130,NORMAL,0,0,139,10,8,260,5,9,134,139,18,0,0,0,0
270435,35,bully,7908,0,0,0,138,146,1932,2044,1,100,262527,4653,0,8,1,130,130,NORMAL,0,0,138,8,8,260,4,8,134,138,16,0,0,0,0
270329,6,bully,6444,0,0,0,139,148,1946,2072,1,100,263885,4631,0,9,1,130,130,NORMAL,0,0,139,10,8,260,5,9,134,139,18,0,0,0,0
270094,23,bully,6991,0,0,0,138,146,1932,2044,1,100,263103,4615,0,8,1,130,130,NORMAL,0,0,138,8,8,260,4,8,134,138,16,0,0,0,0
270420,99,bully,8873,0,0,0,138,147,1932,2058,1,100,261547,4671,0,9,2,129,129,NORMAL,0,0,138,10,8,258,5,9,133,138,18,0,0,0,0
270856,69,bully,9754,0,0,0,139,148,1946,2072,1,100,261102,5257,0,9,2,130,130,NORMAL,0,0,139,10,8,260,5,9,134,139,18,0,0,0,0
270723,29,bully,7842,0,0,0,138,146,1932,2044,1,100,262881,4621,0,8,1,130,130,NORMAL,0,0,138,8,8,260,4,8,134,138,16,0,0,0,0
270314,38,bully,7766,0,0,0,138,146,1932,2044,1,100,262548,4584,0,8,1,130,130,NORMAL,0,0,138,8,8,260,4,8,134,138,16,0,0,0,0
271008,34,bully,8318,0,0,0,138,146,1932,2044,1,100,262690,4665,0,8,1,130,130,NORMAL,0,0,138,8,8,260,4,8,134,138,16,0,0,0,0
270693,93,bully,8800,0,0,0,139,148,1946,2072,1,100,261893,4726,0,10,3,130,130,NORMAL,0,0,139,10,8,260,5,9,134,139,18,0,0,0,0
270557,96,bully,8657,0,0,0,139,148,1946,2072,1,100,261900,4704,0,9,2,130,130,NORMAL,0,0,139,10,8,260,5,9,134,139,18,0,0,0,0
270247,18,bully,6641,0,0,0,138,146,1932,2044,1,100,263606,4558,0,8,1,130,130,NORMAL,0,0,138,8,8,260,4,8,134,138,16,0,0,0,0
270859,26,bully,7616,0,0,0,138,146,1932,2044,1,100,263243,4654,0,8,1,130,130,NORMAL,0,0,138,8,8,260,4,8,134,138,16,0,0,0,0
270757,74,bully,8994,0,0,0,139,148,1946,2072,1,100,261763,4753,0,9,2,130,130,NORMAL,0,0,139,10,8,260,5,9,134,139,18,0,0,0,0
270380,58,bully,8409,0,0,0,139,148,1946,2072,1,100,261971,5196,0,9,2,130,130,NORMAL,0,0,139,10,8,260,5,9,134,139,18,0,0,0,0
271280,28,bully,7953,0,0,0,138,146,1932,2044,1,100,263327,4598,0,8,1,130,130,NORMAL,0,0,138,8,8,260,4,8,134,138,16,0,0,0,0
270365,90,bully,8033,0,0,0,139,148,1946,2072,1,100,262332,4714,0,10,2,130,130,NORMAL,0,0,139,10,8,260,5,9,134,139,18,0,0,0,0
270532,81,bully,8963,0,0,0,139,148,1946,2072,1,100,261569,4806,0,9,2,130,130,NORMAL,0,0,139,10,8,260,5,9,134,139,18,0,0,0,0
270993,54,bully,8751,0,0,0,138,146,1932,2044,1,100,262242,4558,0,8,1,130,130,NORMAL,0,0,138,8,8,260,4,8,134,138,16,0,0,0,0
270502,87,bully,8831,0,0,0,140,150,1960,2100,1,100,261671,5465,0,10,2,130,130,NORMAL,0,0,140,12,8,260,6,10,134,140,20,0,0,0,0
270572,64,bully,8772,0,0,0,139,148,1946,2072,1,100,261800,5140,0,9,2,130,130,NORMAL,0,0,139,10,8,260,5,9,134,139,18,0,0,0,0
270744,49,bully,8255,0,0,0,138,146,1932,2044,1,100,262489,4570,0,8,1,130,130,NORMAL,0,0,138,8,8,260,4,8,134,138,16,0,0,0,0
270804,17,bully,6922,0,0,0,139,147,1946,2058,1,100,263882,4557,0,8,1,131,131,NORMAL,0,0,139,8,8,262,4,8,135,139,16,0,0,0,0
270790,50,bully,8314,0,0,0,138,146,1932,2044,1,100,262476,4579,0,8,1,130,130,NORMAL,0,0,138,8,8,260,4,8,134,138,16,0,0,0,0
270978,98,bully,8889,0,0,0,139,148,1946,2072,1,100,262089,4681,0,9,1,130,130,NORMAL,0,0,139,10,8,260,5,9,134,139,18,0,0,0,0
271402,43,bully,8567,0,0,0,138,146,1932,2044,1,100,262835,4605,0,8,1,130,130,NORMAL,0,0,138,8,8,260,4,8,134,138,16,0,0,0,0
270520,12,bully,6370,0,0,0,139,148,1946,2072,1,100,264150,4631,0,9,1,131,131,NORMAL,0,0,139,8,8,262,5,9,135,140,16,0,0,0,0
270708,61,bully,8632,0,0,0,139,148,1946,2072,1,100,262076,5091,0,9,1,130,130,NORMAL,0,0,139,10,8,260,5,9,134,139,18,0,0,0,0
271114,36,bully,8012,0,0,0,138,146,1932,2044,1,100,263102,4652,0,8,1,130,130,NORMAL,0,0,138,8,8,260,4,8,134,138,16,0,0,0,0
271043,67,bully,9268,0,0,0,139,148,1946,2072,1,100,261775,5230,0,9,2,130,130,NORMAL,0,0,139,10,8,260,5,9,134,139,18,0,0,0,0
270941,14,bully,6817,0,0,0,139,147,1946,2058,1,100,264124,4594,0,8,1,131,131,NORMAL,0,0,139,8,8,262,4,8,135,139,16,0,0,0,0
271362,16,bully,7334,0,0,0,139,147,1946,2058,1,100,264028,4575,0,8,1,131,131,NORMAL,0,0,139,8,8,262,4,8,135,139,16,0,0,0,0
270638,5,bully,6046,0,0,0,141,150,1974,2100,1,100,264592,4640,0,9,1,132,132,NORMAL,0,0,141,10,8,264,5,9,136,141,18,0,0,0,0
271533,62,bully,9406,0,0,0,139,148,1946,2072,1,100,262127,5109,0,9,1,130,130,NORMAL,0,0,139,10,8,260,5,9,134,139,18,0,0,0,0
271184,72,bully,9555,0,0,0,139,148,1946,2072,1,100,261629,5216,0,9,2,130,130,NORMAL,0,0,139,10,8,260,5,9,134,139,18,0,0,0,0
270775,3,bully,6053,0,0,0,141,150,1974,2100,1,100,264722,4598,0,9,1,132,132,NORMAL,0,0,141,10,8,264,5,9,136,141,18,0,0,0,0
271356,55,bully,8912,0,0,0,138,146,1932,2044,1,100,262444,4609,0,8,1,130,130,NORMAL,0,0,138,8,8,260,4,8,134,138,16,0,0,0,0
270871,37,bully,7600,0,0,0,138,146,1932,2044,1,100,263271,4603,0,8,1,130,130,NORMAL,0,0,138,8,8,260,4,8,134,138,16,0,0,0,0
271535,97,bully,9132,0,0,0,139,148,1946,2072,1,100,262403,4660,0,9,1,130,130,NORMAL,0,0,139,10,8,260,5,9,134,139,18,0,0,0,0
270911,77,bully,8784,0,0,0,139,148,1946,2072,1,100,262127,4780,0,9,1,130,130,NORMAL,0,0,139,10,8,260,5,9,134,139,18,0,0,0,0
271686,44,bully,8605,0,0,0,138,146,1932,2044,1,100,263081,4613,0,8,1,130,130,NORMAL,0,0,138,8,8,260,4,8,134,138,16,0,0,0,0
271635,10,bully,7091,0,0,0,140,149,1960,2086,1,100,264544,4600,0,9,1,131,131,NORMAL,0,0,140,10,8,262,5,9,135,140,18,0,0,0,0
271157,4,bully,6307,0,0,0,141,150,1974,2100,1,100,264850,4636,0,9,1,132,132,NORMAL,0,0,141,10,8,264,5,9,136,141,18,0,0,0,0
271387,89,bully,8500,0,0,0,139,149,1946,2086,1,100,262887,4698,0,11,2,130,130,NORMAL,0,0,139,10,8,260,6,10,134,140,18,0,0,0,0
271144,31,bully,7459,0,0,0,139,147,1946,2058,1,100,263685,4616,0,8,1,131,131,NORMAL,0,0,139,8,8,262,4,8,135,139,16,0,0,0,0
271196,83,bully,8811,0,0,0,139,148,1946,2072,1,100,262385,4615,0,9,1,130,130,NORMAL,0,0,139,10,8,260,5,9,134,139,18,0,0,0,0
271690,19,bully,7396,0,0,0,139,147,1946,2058,1,100,264294,4546,0,8,1,131,131,NORMAL,0,0,139,8,8,262,4,8,135,139,16,0,0,0,0
271265,2,bully,6214,0,0,0,141,150,1974,2100,1,100,265051,4617,0,9,1,132,132,NORMAL,0,0,141,10,8,264,5,9,136,141,18,0,0,0,0
271129,63,bully,8721,0,0,0,139,148,1946,2072,1,100,262408,5115,0,9,1,130,130,NORMAL,0,0,139,10,8,260,5,9,134,139,18,0,0,0,0
271523,92,bully,8687,0,0,0,139,148,1946,2072,1,100,262836,4740,0,10,2,130,130,NORMAL,0,0,139,10,8,260,5,9,134,139,18,0,0,0,0
271808,91,bully,8916,0,0,0,139,148,1946,2072,1,100,262892,4706,0,10,2,130,130,NORMAL,0,0,139,10,8,260,5,9,134,139,18,0,0,0,0
271164,78,bully,8839,0,0,0,139,148,1946,2072,1,100,262325,4805,0,9,1,130,130,NORMAL,0,0,139,10,8,260,5,9,134,139,18,0,0,0,0
271330,60,bully,8715,0,0,0,139,148,1946,2072,1,100,262615,5103,0,9,1,130,130,NORMAL,0,0,139,10,8,260,5,9,134,139,18,0,0,0,0
271214,46,bully,7989,0,0,0,138,146,1932,2044,1,100,263225,4582,0,8,1,130,130,NORMAL,0,0,138,8,8,260,4,8,134,138,16,0,0,0,0
271944,42,bully,8546,0,0,0,139,147,1946,2058,1,100,263398,4607,0,8,1,131,131,NORMAL,0,0,139,8,8,262,4,8,135,139,16,0,0,0,0
271741,71,bully,9675,0,0,0,139,148,1946,2072,1,100,262066,5225,0,9,1,130,130,NORMAL,0,0,139,10,8,260,5,9,134,139,18,0,0,0,0
271047,75,bully,8524,0,0,0,139,148,1946,2072,1,100,262523,4738,0,9,1,130,130,NORMAL,0,0,139,10,8,260,5,9,134,139,18,0,0,0,0
271417,79,bully,9061,0,0,0,139,148,1946,2072,1,100,262356,4790,0,9,1,130,130,NORMAL,0,0,139,10,8,260,5,9,134,139,18,0,0,0,0
271605,40,bully,8046,0,0,0,139,147,1946,2058,1,100,263559,4596,0,8,1,131,131,NORMAL,0,0,139,8,8,262,4,8,135,139,16,0,0,0,0
271974,24,bully,7771,0,0,0,139,147,1946,2058,1,100,264203,4625,0,8,1,131,131,NORMAL,0,0,139,8,8,262,4,8,135,139,16,0,0,0,0
271211,51,bully,8111,0,0,0,138,146,1932,2044,1,100,263100,4557,0,8,1,130,130,NORMAL,0,0,138,8,8,260,4,8,134,138,16,0,0,0,0
271483,45,bully,8077,0,0,0,139,147,1946,2058,1,100,263406,4591,0,8,1,131,131,NORMAL,0,0,139,8,8,262,4,8,135,139,16,0,0,0,0
271498,13,bully,6749,0,0,0,139,147,1946,2058,1,100,264749,4617,0,8,1,131,131,NORMAL,0,0,139,8,8,262,4,8,135,139,16,0,0,0,0
271864,100,bully,6475,1,1,4612,141,148,1974,2072,1,100,265389,4612,0,9,1,132,130,LEADER,1,133,141,10,8,264,5,9,134,139,18,0,0,0,0
271823,59,bully,8913,0,0,0,139,148,1946,2072,1,100,262910,5165,0,9,1,130,130,NORMAL,0,0,139,10,8,260,5,9,134,139,18,0,0,0,0
271701,27,bully,7441,0,0,0,139,147,1946,2058,1,100,264260,4664,0,8,1,131,131,NORMAL,0,0,139,8,8,262,4,8,135,139,16,0,0,0,0
271672,94,bully,8625,0,0,0,139,148,1946,2072,1,100,263047,4708,0,9,1,130,130,NORMAL,0,0,139,10,8,260,5,9,134,139,18,0,0,0,0
271332,80,bully,8811,0,0,0,139,148,1946,2072,1,100,262521,4799,0,9,1,130,130,NORMAL,0,0,139,10,8,260,5,9,134,139,18,0,0,0,0
271553,22,bully,7054,0,0,0,139,147,1946,2058,1,100,264499,4574,0,8,1,131,131,NORMAL,0,0,139,8,8,262,4,8,135,139,16,0,0,0,0
271897,95,bully,8841,0,0,0,139,148,1946,2072,1,100,263056,4707,0,9,1,130,130,NORMAL,0,0,139,10,8,260,5,9,134,139,18,0,0,0,0
271347,48,bully,7909,0,0,0,139,147,1946,2058,1,100,263438,4587,0,8,1,131,131,NORMAL,0,0,139,8,8,262,4,8,135,139,16,0,0,0,0
271941,66,bully,9289,0,0,0,139,149,1946,2086,1,100,262652,5218,0,10,1,130,130,NORMAL,0,0,139,10,8,260,6,10,134,140,18,0,0,0,0
271565,8,bully,6387,0,0,0,140,149,1960,2086,1,100,265178,4652,0,9,1,131,131,NORMAL,0,0,140,10,8,262,5,9,135,140,18,0,0,0,0
271807,68,bully,9219,0,0,0,139,148,1946,2072,1,100,262588,5231,0,9,1,130,130,NORMAL,0,0,139,10,8,260,5,9,134,139,18,0,0,0,0
271980,86,bully,9226,0,0,0,140,150,1960,2100,1,100,262754,5464,0,10,1,130,130,NORMAL,0,0,140,12,8,260,6,10,134,140,20,0,0,0,0
271771,7,bully,6367,0,0,0,140,149,1960,2086,1,100,265404,4626,0,9,1,131,131,NORMAL,0,0,140,10,8,262,5,9,135,140,18,0,0,0,0
271936,30,bully,7536,0,0,0,139,147,1946,2058,1,100,264400,4586,0,8,1,131,131,NORMAL,0,0,139,8,8,262,4,8,135,139,16,0,0,0,0
271756,39,bully,7713,0,0,0,139,147,1946,2058,1,100,264043,4600,0,8,1,131,131,NORMAL,0,0,139,8,8,262,4,8,135,139,16,0,0,0,0
271908,25,bully,7253,0,0,0,139,147,1946,2058,1,100,264655,4614,0,8,1,131,131,NORMAL,0,0,139,8,8,262,4,8,135,139,16,0,0,0,0
271776,84,bully,8574,0,0,0,139,148,1946,2072,1,100,263202,4597,0,9,1,130,130,NORMAL,0,0,139,10,8,260,5,9,134,139,18,0,0,0,0
271959,56,bully,8311,0,0,0,139,147,1946,2058,1,100,263648,4573,0,8,1,131,131,NORMAL,0,0,139,8,8,262,4,8,135,139,16,0,0,0,0
280024,57,bully,9225,1,0,0,143,151,2002,2114,1,100,270799,5201,0,9,2,134,134,NORMAL,0,0,143,10,8,268,4,8,138,142,18,0,0,0,0
280081,85,bully,9503,1,0,0,144,153,2016,2142,1,100,270578,5422,0,10,2,134,134,NORMAL,0,0,144,12,8,268,5,9,138,143,20,0,0,0,0
280184,88,bully,8830,1,1,4646,144,154,2016,2156,1,100,271354,4646,0,11,3,134,134,NORMAL,0,2,145,12,8,268,6,10,138,144,20,0,0,0,0
280044,1,bully,6528,0,0,0,145,154,2030,2156,1,100,273516,4612,0,9,1,136,136,NORMAL,0,0,145,10,8,272,5,9,140,145,18,0,0,0,0
280177,41,bully,8335,0,0,0,143,151,2002,2114,1,100,271842,4579,0,8,2,135,135,NORMAL,0,0,143,8,8,270,4,8,139,143,16,0,0,0,0
280368,47,bully,8787,0,0,0,143,151,2002,2114,1,100,271581,4591,0,8,2,135,135,NORMAL,0,0,143,8,8,270,4,8,139,143,16,0,0,0,0
280014,65,bully,9204,1,0,0,145,154,2030,2156,1,100,270810,5190,0,10,2,135,135,NORMAL,0,0,145,12,8,270,5,9,139,144,20,0,0,0,0
280192,9,bully,6787,0,0,0,144,153,2016,2142,1,100,273405,4632,0,9,1,135,135,NORMAL,0,0,144,10,8,270,5,9,139,144,18,0,0,0,0
280383,15,bully,7246,0,0,0,143,151,2002,2114,1,100,273137,4599,0,8,1,135,135,NORMAL,0,0,143,8,8,270,4,8,139,143,16,0,0,0,0
280162,73,bully,8892,1,1,4730,144,153,2016,2142,1,100,271270,4730,0,9,2,135,135,NORMAL,0,2,145,10,8,270,5,9,139,144,18,0,0,0,0
280668,20,bully,7601,0,0,0,143,151,2002,2114,1,100,273067,4538,0,8,1,135,135,NORMAL,0,0,143,8,8,270,4,8,139,143,16,0,0,0,0
280653,52,bully,8917,0,0,0,143,151,2002,2114,1,100,271736,4515,0,8,2,135,135,NORMAL,0,0,143,8,8,270,4,8,139,143,16,0,0,0,0
280029,33,bully,7493,0,0,0,143,151,2002,2114,1,100,272536,4621,0,8,1,135,135,NORMAL,0,0,143,8,8,270,4,8,139,143,16,0,0,0,0
280586,32,bully,7977,0,0,0,143,151,2002,2114,1,100,272609,4622,0,8,1,135,135,NORMAL,0,0,143,8,8,270,4,8,139,143,16,0,0,0,0
280096,53,bully,8351,0,0,0,143,151,2002,2114,1,100,271745,4519,0,8,2,135,135,NORMAL,0,0,143,8,8,270,4,8,139,143,16,0,0,0,0
280517,11,bully,6961,0,0,0,144,153,2016,2142,1,100,273556,4596,0,9,1,135,135,NORMAL,0,0,144,10,8,270,5,9,139,144,18,0,0,0,0
280026,76,bully,8735,0,0,0,144,153,2016,2142,1,100,271291,4766,0,9,2,135,135,NORMAL,0,0,144,10,8,270,5,9,139,144,18,0,0,0,0
280111,21,bully,6973,0,0,0,143,151,2002,2114,1,100,273138,4559,0,8,1,135,135,NORMAL,0,0,143,8,8,270,4,8,139,143,16,0,0,0,0
280217,82,bully,8808,1,1,4591,144,153,2016,2142,1,100,271409,4591,0,9,2,135,135,NORMAL,0,2,145,10,8,270,5,9,139,144,18,0,0,0,0
280299,70,bully,9318,0,0,0,144,153,2016,2142,1,100,270981,5256,0,9,2,135,135,NORMAL,0,0,144,10,8,270,5,9,139,144,18,0,0,0,0
280435,35,bully,7908,0,0,0,143,151,2002,2114,1,100,272527,4653,0,8,1,135,135,NORMAL,0,0,143,8,8,270,4,8,139,143,16,0,0,0,0
280329,6,bully,6444,0,0,0,145,154,2030,2156,1,100,273885,4631,0,9,1,136,136,NORMAL,0,0,145,10,8,272,5,9,140,145,18,0,0,0,0
280094,23,bully,6991,0,0,0,143,151,2002,2114,1,100,273103,4615,0,8,1,135,135,NORMAL,0,0,143,8,8,270,4,8,139,143,16,0,0,0,0
280420,99,bully,8873,0,0,0,143,152,2002,2128,1,100,271547,4671,0,9,2,134,134,NORMAL,0,0,143,10,8,268,5,9,138,143,18,0,0,0,0
280856,69,bully,9754,0,0,0,144,153,2016,2142,1,100,271102,5257,0,9,2,135,135,NORMAL,0,0,144,10,8,270,5,9,139,144,18,0,0,0,0
280723,29,bully,7842,0,0,0,143,151,2002,2114,1,100,272881,4621,0,8,1,135,135,NORMAL,0,0,143,8,8,270,4,8,139,143,16,0,0,0,0
280314,38,bully,7766,0,0,0,143,151,2002,2114,1,100,272548,4584,0,8,1,135,135,NORMAL,0,0,143,8,8,270,4,8,139,143,16,0,0,0,0
281008,34,bully,8318,0,0,0,143,151,2002,2114,1,100,272690,4665,0,8,1,135,135,NORMAL,0,0,143,8,8,270,4,8,139,143,16,0,0,0,0
280693,93,bully,8800,0,0,0,144,153,2016,2142,1,100,271893,4726,0,10,3,135,135,NORMAL,0,0,144,10,8,270,5,9,139,144,18,0,0,0,0
280557,96,bully,8657,0,0,0,144,153,2016,2142,1,100,271900,4704,0,9,2,135,135,NORMAL,0,0,144,10,8,270,5,9,139,144,18,0,0,0,0
280247,18,bully,6641,0,0,0,143,151,2002,2114,1,100,273606,4558,0,8,1,135,135,NORMAL,0,0,143,8,8,270,4,8,139,143,16,0,0,0,0
280859,26,bully,7616,0,0,0,143,151,2002,2114,1,100,273243,4654,0,8,1,135,135,NORMAL,0,0,143,8,8,270,4,8,139,143,16,0,0,0,0
280757,74,bully,8994,0,0,0,144,153,2016,2142,1,100,271763,4753,0,9,2,135,135,NORMAL,0,0,144,10,8,270,5,9,139,144,18,0,0,0,0
280380,58,bully,8409,0,0,0,144,153,2016,2142,1,100,271971,5196,0,9,2,135,135,NORMAL,0,0,144,10,8,270,5,9,139,144,18,0,0,0,0
281280,28,bully,7953,0,0,0,143,151,2002,2114,1,100,273327,4598,0,8,1,135,135,NORMAL,0,0,143,8,8,270,4,8,139,143,16,0,0,0,0
280365,90,bully,8033,0,0,0,144,153,2016,2142,1,100,272332,4714,0,10,2,135,135,NORMAL,0,0,144,10,8,270,5,9,139,144,18,0,0,0,0
280532,81,bully,8963,0,0,0,144,153,2016,2142,1,100,271569,4806,0,9,2,135,135,NORMAL,0,0,144,10,8,270,5,9,139,144,18,0,0,0,0
280993,54,bully,8751,0,0,0,143,151,2002,2114,1,100,272242,4558,0,8,1,135,135,NORMAL,0,0,143,8,8,270,4,8,139,143,16,0,0,0,0
280502,87,bully,8831,0,0,0,145,155,2030,2170,1,100,271671,5465,0,10,2,135,135,NORMAL,0,0,145,12,8,270,6,10,139,145,20,0,0,0,0
280572,64,bully,8772,0,0,0,144,153,2016,2142,1,100,271800,5140,0,9,2,135,135,NORMAL,0,0,144,10,8,270,5,9,139,144,18,0,0,0,0
280744,49,bully,8255,0,0,0,143,151,2002,2114,1,100,272489,4570,0,8,1,135,135,NORMAL,0,0,143,8,8,270,4,8,139,143,16,0,0,0,0
280804,17,bully,6922,0,0,0,144,152,2016,2128,1,100,273882,4557,0,8,1,136,136,NORMAL,0,0,144,8,8,272,4,8,140,144,16,0,0,0,0
280790,50,bully,8314,0,0,0,143,151,2002,2114,1,100,272476,4579,0,8,1,135,135,NORMAL,0,0,143,8,8,270,4,8,139,143,16,0,0,0,0
280978,98,bully,8889,0,0,0,144,153,2016,2142,1,100,272089,4681,0,9,1,135,135,NORMAL,0,0,144,10,8,270,5,9,139,144,18,0,0,0,0
281402,43,bully,8567,0,0,0,143,151,2002,2114,1,100,272835,4605,0,8,1,135,135,NORMAL,0,0,143,8,8,270,4,8,139,143,16,0,0,0,0
280520,12,bully,6370,0,0,0,144,153,2016,2142,1,100,274150,4631,0,9,1,136,136,NORMAL,0,0,144,8,8,272,5,9,140,145,16,0,0,0,0
280708,61,bully,8632,0,0,0,144,153,2016,2142,1,100,272076,5091,0,9,1,135,135,NORMAL,0,0,144,10,8,270,5,9,139,144,18,0,0,0,0
281114,36,bully,8012,0,0,0,143,151,2002,2114,1,100,273102,4652,0,8,1,135,135,NORMAL,0,0,143,8,8,270,4,8,139,143,16,0,0,0,0
281043,67,bully,9268,0,0,0,144,153,2016,2142,1,100,271775,5230,0,9,2,135,135,NORMAL,0,0,144,10,8,270,5,9,139,144,18,0,0,0,0
280941,14,bully,6817,0,0,0,144,152,2016,2128,1,100,274124,4594,0,8,1,136,136,NORMAL,0,0,144,8,8,272,4,8,140,144,16,0,0,0,0
281362,16,bully,7334,0,0,0,144,152,2016,2128,1,100,274028,4575,0,8,1,136,136,NORMAL,0,0,144,8,8,272,4,8,140,144,16,0,0,0,0
280638,5,bully,6046,0,0,0,146,155,2044,2170,1,100,274592,4640,0,9,1,137,137,NORMAL,0,0,146,10,8,274,5,9,141,146,18,0,0,0,0
281533,62,bully,9406,0,0,0,144,153,2016,2142,1,100,272127,5109,0,9,1,135,135,NORMAL,0,0,144,10,8,270,5,9,139,144,18,0,0,0,0
281184,72,bully,9555,0,0,0,144,153,2016,2142,1,100,271629,5216,0,9,2,135,135,NORMAL,0,0,144,10,8,270,5,9,139,144,18,0,0,0,0
280775,3,bully,6053,0,0,0,146,155,2044,2170,1,100,274722,4598,0,9,1,137,137,NORMAL,0,0,146,10,8,274,5,9,141,146,18,0,0,0,0
281356,55,bully,8912,0,0,0,143,151,2002,2114,1,100,272444,4609,0,8,1,135,135,NORMAL,0,0,143,8,8,270,4,8,139,143,16,0,0,0,0
280871,37,bully,7600,0,0,0,144,152,2016,2128,1,100,273271,4603,0,8,1,136,136,NORMAL,0,0,144,8,8,272,4,8,140,144,16,0,0,0,0
281535,97,bully,9132,0,0,0,144,153,2016,2142,1,100,272403,4660,0,9,1,135,135,NORMAL,0,0,144,10,8,270,5,9,139,144,18,0,0,0,0
280911,77,bully,8784,0,0,0,144,153,2016,2142,1,100,272127,4780,0,9,1,135,135,NORMAL,0,0,144,10,8,270,5,9,139,144,18,0,0,0,0
281686,44,bully,8605,0,0,0,143,151,2002,2114,1,100,273081,4613,0,8,1,135,135,NORMAL,0,0,143,8,8,270,4,8,139,143,16,0,0,0,0
281635,10,bully,7091,0,0,0,145,154,2030,2156,1,100,274544,4600,0,9,1,136,136,NORMAL,0,0,145,10,8,272,5,9,140,145,18,0,0,0,0
281157,4,bully,6307,0,0,0,146,155,2044,2170,1,100,274850,4636,0,9,1,137,137,NORMAL,0,0,146,10,8,274,5,9,141,146,18,0,0,0,0
281387,89,bully,8500,0,0,0,144,154,2016,2156,1,100,272887,4698,0,11,2,135,135,NORMAL,0,0,144,10,8,270,6,10,139,145,18,0,0,0,0
281144,31,bully,7459,0,0,0,144,152,2016,2128,1,100,273685,4616,0,8,1,136,136,NORMAL,0,0,144,8,8,272,4,8,140,144,16,0,0,0,0
281196,83,bully,8811,0,0,0,144,153,2016,2142,1,100,272385,4615,0,9,1,135,135,NORMAL,0,0,144,10,8,270,5,9,139,144,18,0,0,0,0
281690,19,bully,7396,0,0,0,144,152,2016,2128,1,100,274294,4546,0,8,1,136,136,NORMAL,0,0,144,8,8,272,4,8,140,144,16,0,0,0,0
281265,2,bully,6214,0,0,0,146,155,2044,2170,1,100,275051,4617,0,9,1,137,137,NORMAL,0,0,146,10,8,274,5,9,141,146,18,0,0,0,0
281129,63,bully,8721,0,0,0,144,153,2016,2142,1,100,272408,5115,0,9,1,135,135,NORMAL,0,0,144,10,8,270,5,9,139,144,18,0,0,0,0
281523,92,bully,8687,0,0,0,144,153,2016,2142,1,100,272836,4740,0,10,2,135,135,NORMAL,0,0,144,10,8,270,5,9,139,144,18,0,0,0,0
281808,91,bully,8916,0,0,0,144,153,2016,2142,1,100,272892,4706,0,10,2,135,135,NORMAL,0,0,144,10,8,270,5,9,139,144,18,0,0,0,0
281164,78,bully,8839,0,0,0,144,153,2016,2142,1,100,272325,4805,0,9,1,135,135,NORMAL,0,0,144,10,8,270,5,9,139,144,18,0,0,0,0
281330,60,bully,8715,0,0,0,144,153,2016,2142,1,100,272615,5103,0,9,1,135,135,NORMAL,0,0,144,10,8,270,5,9,139,144,18,0,0,0,0
281214,46,bully,7989,0,0,0,144,152,2016,2128,1,100,273225,4582,0,8,1,136,136,NORMAL,0,0,144,8,8,272,4,8,140,144,16,0,0,0,0
281944,42,bully,8546,0,0,0,144,152,2016,2128,1,100,273398,4607,0,8,1,136,136,NORMAL,0,0,144,8,8,272,4,8,140,144,16,0,0,0,0
281741,71,bully,9675,0,0,0,144,153,2016,2142,1,100,272066,5225,0,9,1,135,135,NORMAL,0,0,144,10,8,270,5,9,139,144,18,0,0,0,0
281047,75,bully,8524,0,0,0,144,153,2016,2142,1,100,272523,4738,0,9,1,135,135,NORMAL,0,0,144,10,8,270,5,9,139,144,18,0,0,0,0
281417,79,bully,9061,0,0,0,144,153,2016,2142,1,100,272356,4790,0,9,1,135,135,NORMAL,0,0,144,10,8,270,5,9,139,144,18,0,0,0,0
281605,40,bully,8046,0,0,0,144,152,2016,2128,1,100,273559,4596,0,8,1,136,136,NORMAL,0,0,144,8,8,272,4,8,140,144,16,0,0,0,0
281974,24,bully,7771,0,0,0,144,152,2016,2128,1,100,274203,4625,0,8,1,136,136,NORMAL,0,0,144,8,8,272,4,8,140,144,16,0,0,0,0
281483,45,bully,8077,0,0,0,144,152,2016,2128,1,100,273406,4591,0,8,1,136,136,NORMAL,0,0,144,8,8,272,4,8,140,144,16,0,0,0,0
281211,51,bully,8111,0,0,0,144,152,2016,2128,1,100,273100,4557,0,8,1,136,136,NORMAL,0,0,144,8,8,272,4,8,140,144,16,0,0,0,0
281498,13,bully,6749,0,0,0,144,152,2016,2128,1,100,274749,4617,0,8,1,136,136,NORMAL,0,0,144,8,8,272,4,8,140,144,16,0,0,0,0
281864,100,bully,6475,1,1,4612,146,153,2044,2142,1,100,275389,4612,0,9,1,137,135,LEADER,1,138,146,10,8,274,5,9,139,144,18,0,0,0,0
281823,59,bully,8913,0,0,0,145,154,2030,2156,1,100,272910,5165,0,9,1,136,136,NORMAL,0,0,145,10,8,272,5,9,140,145,18,0,0,0,0
281701,27,bully,7441,0,0,0,144,152,2016,2128,1,100,274260,4664,0,8,1,136,136,NORMAL,0,0,144,8,8,272,4,8,140,144,16,0,0,0,0
281672,94,bully,8625,0,0,0,144,153,2016,2142,1,100,273047,4708,0,9,1,135,135,NORMAL,0,0,144,10,8,270,5,9,139,144,18,0,0,0,0
281332,80,bully,8811,0,0,0,144,153,2016,2142,1,100,272521,4799,0,9,1,135,135,NORMAL,0,0,144,10,8,270,5,9,139,144,18,0,0,0,0
281553,22,bully,7054,0,0,0,144,152,2016,2128,1,100,274499,4574,0,8,1,136,136,NORMAL,0,0,144,8,8,272,4,8,140,144,16,0,0,0,0
281897,95,bully,8841,0,0,0,144,153,2016,2142,1,100,273056,4707,0,9,1,135,135,NORMAL,0,0,144,10,8,270,5,9,139,144,18,0,0,0,0
281347,48,bully,7909,0,0,0,144,152,2016,2128,1,100,273438,4587,0,8,1,136,136,NORMAL,0,0,144,8,8,272,4,8,140,144,16,0,0,0,0
281941,66,bully,9289,0,0,0,144,154,2016,2156,1,100,272652,5218,0,10,1,135,135,NORMAL,0,0,144,10,8,270,6,10,139,145,18,0,0,0,0
281565,8,bully,6387,0,0,0,145,154,2030,2156,1,100,275178,4652,0,9,1,136,136,NORMAL,0,0,145,10,8,272,5,9,140,145,18,0,0,0,0
281807,68,bully,9219,0,0,0,144,153,2016,2142,1,100,272588,5231,0,9,1,135,135,NORMAL,0,0,144,10,8,270,5,9,139,144,18,0,0,0,0
281980,86,bully,9226,0,0,0,145,155,2030,2170,1,100,272754,5464,0,10,1,135,135,NORMAL,0,0,145,12,8,270,6,10,139,145,20,0,0,0,0
281771,7,bully,6367,0,0,0,145,154,2030,2156,1,100,275404,4626,0,9,1,136,136,NORMAL,0,0,145,10,8,272,5,9,140,145,18,0,0,0,0
281936,30,bully,7536,0,0,0,144,152,2016,2128,1,100,274400,4586,0,8,1,136,136,NORMAL,0,0,144,8,8,272,4,8,140,144,16,0,0,0,0
281756,39,bully,7713,0,0,0,144,152,2016,2128,1,100,274043,4600,0,8,1,136,136,NORMAL,0,0,144,8,8,272,4,8,140,144,16,0,0,0,0
281908,25,bully,7253,0,0,0,144,152,2016,2128,1,100,274655,4614,0,8,1,136,136,NORMAL,0,0,144,8,8,272,4,8,140,144,16,0,0,0,0
281776,84,bully,8574,0,0,0,144,153,2016,2142,1,100,273202,4597,0,9,1,135,135,NORMAL,0,0,144,10,8,270,5,9,139,144,18,0,0,0,0
281959,56,bully,8311,0,0,0,144,152,2016,2128,1,100,273648,4573,0,8,1,136,136,NORMAL,0,0,144,8,8,272,4,8,140,144,16,0,0,0,0
290024,57,bully,9225,1,0,0,148,156,2072,2184,1,100,280799,5201,0,9,2,139,139,NORMAL,0,0,148,10,8,278,4,8,143,147,18,0,0,0,0
290081,85,bully,9503,1,0,0,149,158,2086,2212,1,100,280578,5422,0,10,2,139,139,NORMAL,0,0,149,12,8,278,5,9,143,148,20,0,0,0,0
290184,88,bully,8830,1,1,4646,149,159,2086,2226,1,100,281354,4646,0,11,3,139,139,NORMAL,0,2,150,12,8,278,6,10,143,149,20,0,0,0,0
290044,1,bully,6528,0,0,0,150,159,2100,2226,1,100,283516,4612,0,9,1,141,141,NORMAL,0,0,150,10,8,282,5,9,145,150,18,0,0,0,0
290177,41,bully,8335,0,0,0,148,156,2072,2184,1,100,281842,4579,0,8,2,140,140,NORMAL,0,0,148,8,8,280,4,8,144,148,16,0,0,0,0
290368,47,bully,8787,0,0,0,148,156,2072,2184,1,100,281581,4591,0,8,2,140,140,NORMAL,0,0,148,8,8,280,4,8,144,148,16,0,0,0,0
290014,65,bully,9204,1,0,0,150,159,2100,2226,1,100,280810,5190,0,10,2,140,140,NORMAL,0,0,150,12,8,280,5,9,144,149,20,0,0,0,0
290192,9,bully,6787,0,0,0,149,158,2086,2212,1,100,283405,4632,0,9,1,140,140,NORMAL,0,0,149,10,8,280,5,9,144,149,18,0,0,0,0
290383,15,bully,7246,0,0,0,148,156,2072,2184,1,100,283137,4599,0,8,1,140,140,NORMAL,0,0,148,8,8,280,4,8,144,148,16,0,0,0,0
290162,73,bully,8892,1,1,4730,149,158,2086,2212,1,100,281270,4730,0,9,2,140,140,NORMAL,0,2,150,10,8,280,5,9,144,149,18,0,0,0,0
290668,20,bully,7601,0,0,0,148,156,2072,2184,1,100,283067,4538,0,8,1,140,140,NORMAL,0,0,148,8,8,280,4,8,144,148,16,0,0,0,0
290653,52,bully,8917,0,0,0,148,156,2072,2184,1,100,281736,4515,0,8,2,140,140,NORMAL,0,0,148,8,8,280,4,8,144,148,16,0,0,0,0
290029,33,bully,7493,0,0,0,148,156,2072,2184,1,100,282536,4621,0,8,1,140,140,NORMAL,0,0,148,8,8,280,4,8,144,148,16,0,0,0,0
290586,32,bully,7977,0,0,0,148,156,2072,2184,1,100,282609,4622,0,8,1,140,140,NORMAL,0,0,148,8,8,280,4,8,144,148,16,0,0,0,0
290096,53,bully,8351,0,0,0,148,156,2072,2184,1,100,281745,4519,0,8,2,140,140,NORMAL,0,0,148,8,8,280,4,8,144,148,16,0,0,0,0
290517,11,bully,6961,0,0,0,149,158,2086,2212,1,100,283556,4596,0,9,1,140,140,NORMAL,0,0,149,10,8,280,5,9,144,149,18,0,0,0,0
290026,76,bully,8735,0,0,0,149,158,2086,2212,1,100,281291,4766,0,9,2,140,140,NORMAL,0,0,149,10,8,280,5,9,144,149,18,0,0,0,0
290111,21,bully,6973,0,0,0,148,156,2072,2184,1,100,283138,4559,0,8,1,140,140,NORMAL,0,0,148,8,8,280,4,8,144,148,16,0,0,0,0
290217,82,bully,8808,1,1,4591,149,158,2086,2212,1,100,281409,4591,0,9,2,140,140,NORMAL,0,2,150,10,8,280,5,9,144,149,18,0,0,0,0
290299,70,bully,9318,0,0,0,149,158,2086,2212,1,100,280981,5256,0,9,2,140,140,NORMAL,0,0,149,10,8,280,5,9,144,149,18,0,0,0,0
290435,35,bully,7908,0,0,0,148,156,2072,2184,1,100,282527,4653,0,8,1,140,140,NORMAL,0,0,148,8,8,280,4,8,144,148,16,0,0,0,0
290329,6,bully,6444,0,0,0,150,159,2100,2226,1,100,283885,4631,0,9,1,141,141,NORMAL,0,0,150,10,8,282,5,9,145,150,18,0,0,0,0
290094,23,bully,6991,0,0,0,148,156,2072,2184,1,100,283103,4615,0,8,1,140,140,NORMAL,0,0,148,8,8,280,4,8,144,148,16,0,0,0,0
290420,99,bully,8873,0,0,0,148,157,2072,2198,1,100,281547,4671,0,9,2,139,139,NORMAL,0,0,148,10,8,278,5,9,143,148,18,0,0,0,0
290856,69,bully,9754,0,0,0,149,158,2086,2212,1,100,281102,5257,0,9,2,140,140,NORMAL,0,0,149,10,8,280,5,9,144,149,18,0,0,0,0
290723,29,bully,7842,0,0,0,148,156,2072,2184,1,100,282881,4621,0,8,1,140,140,NORMAL,0,0,148,8,8,280,4,8,144,148,16,0,0,0,0
290314,38,bully,7766,0,0,0,148,156,2072,2184,1,100,282548,4584,0,8,1,140,140,NORMAL,0,0,148,8,8,280,4,8,144,148,16,0,0,0,0
291008,34,bully,8318,0,0,0,148,156,2072,2184,1,100,282690,4665,0,8,1,140,140,NORMAL,0,0,148,8,8,280,4,8,144,148,16,0,0,0,0
290693,93,bully,8800,0,0,0,149,158,2086,2212,1,100,281893,4726,0,10,3,140,140,NORMAL,0,0,149,10,8,280,5,9,144,149,18,0,0,0,0
290557,96,bully,8657,0,0,0,149,158,2086,2212,1,100,281900,4704,0,9,2,140,140,NORMAL,0,0,149,10,8,280,5,9,144,149,18,0,0,0,0
290247,18,bully,6641,0,0,0,149,157,2086,2198,1,100,283606,4558,0,8,1,141,141,NORMAL,0,0,149,8,8,282,4,8,145,149,16,0,0,0,0
290859,26,bully,7616,0,0,0,148,156,2072,2184,1,100,283243,4654,0,8,1,140,140,NORMAL,0,0,148,8,8,280,4,8,144,148,16,0,0,0,0
290757,74,bully,8994,0,0,0,149,158,2086,2212,1,100,281763,4753,0,9,2,140,140,NORMAL,0,0,149,10,8,280,5,9,144,149,18,0,0,0,0
290380,58,bully,8409,0,0,0,149,158,2086,2212,1,100,281971,5196,0,9,2,140,140,NORMAL,0,0,149,10,8,280,5,9,144,149,18,0,0,0,0
291280,28,bully,7953,0,0,0,149,157,2086,2198,1,100,283327,4598,0,8,1,141,141,NORMAL,0,0,149,8,8,282,4,8,145,149,16,0,0,0,0
290365,90,bully,8033,0,0,0,149,158,2086,2212,1,100,282332,4714,0,10,2,140,140,NORMAL,0,0,149,10,8,280,5,9,144,149,18,0,0,0,0
290532,81,bully,8963,0,0,0,149,158,2086,2212,1,100,281569,4806,0,9,2,140,140,NORMAL,0,0,149,10,8,280,5,9,144,149,18,0,0,0,0
290993,54,bully,8751,0,0,0,148,156,2072,2184,1,100,282242,4558,0,8,1,140,140,NORMAL,0,0,148,8,8,280,4,8,144,148,16,0,0,0,0
290502,87,bully,8831,0,0,0,150,160,2100,2240,1,100,281671,5465,0,10,2,140,140,NORMAL,0,0,150,12,8,280,6,10,144,150,20,0,0,0,0
290572,64,bully,8772,0,0,0,149,158,2086,2212,1,100,281800,5140,0,9,2,140,140,NORMAL,0,0,149,10,8,280,5,9,144,149,18,0,0,0,0
290744,49,bully,8255,0,0,0,148,156,2072,2184,1,100,282489,4570,0,8,1,140,140,NORMAL,0,0,148,8,8,280,4,8,144,148,16,0,0,0,0
290804,17,bully,6922,0,0,0,149,157,2086,2198,1,100,283882,4557,0,8,1,141,141,NORMAL,0,0,149,8,8,282,4,8,145,149,16,0,0,0,0
290790,50,bully,8314,0,0,0,148,156,2072,2184,1,100,282476,4579,0,8,1,140,140,NORMAL,0,0,148,8,8,280,4,8,144,148,16,0,0,0,0
290978,98,bully,8889,0,0,0,149,158,2086,2212,1,100,282089,4681,0,9,1,140,140,NORMAL,0,0,149,10,8,280,5,9,144,149,18,0,0,0,0
291402,43,bully,8567,0,0,0,148,156,2072,2184,1,100,282835,4605,0,8,1,140,140,NORMAL,0,0,148,8,8,280,4,8,144,148,16,0,0,0,0
290520,12,bully,6370,0,0,0,149,158,2086,2212,1,100,284150,4631,0,9,1,141,141,NORMAL,0,0,149,8,8,282,5,9,145,150,16,0,0,0,0
290708,61,bully,8632,0,0,0,149,158,2086,2212,1,100,282076,5091,0,9,1,140,140,NORMAL,0,0,149,10,8,280,5,9,144,149,18,0,0,0,0
291114,36,bully,8012,0,0,0,149,157,2086,2198,1,100,283102,4652,0,8,1,141,141,NORMAL,0,0,149,8,8,282,4,8,145,149,16,0,0,0,0
291043,67,bully,9268,0,0,0,149,158,2086,2212,1,100,281775,5230,0,9,2,140,140,NORMAL,0,0,149,10,8,280,5,9,144,149,18,0,0,0,0
290941,14,bully,6817,0,0,0,149,157,2086,2198,1,100,284124,4594,0,8,1,141,141,NORMAL,0,0,149,8,8,282,4,8,145,149,16,0,0,0,0
291362,16,bully,7334,0,0,0,149,157,2086,2198,1,100,284028,4575,0,8,1,141,141,NORMAL,0,0,149,8,8,282,4,8,145,149,16,0,0,0,0
290638,5,bully,6046,0,0,0,151,160,2114,2240,1,100,284592,4640,0,9,1,142,142,NORMAL,0,0,151,10,8,284,5,9,146,151,18,0,0,0,0
291533,62,bully,9406,0,0,0,149,158,2086,2212,1,100,282127,5109,0,9,1,140,140,NORMAL,0,0,149,10,8,280,5,9,144,149,18,0,0,0,0
291184,72,bully,9555,0,0,0,149,158,2086,2212,1,100,281629,5216,0,9,2,140,140,NORMAL,0,0,149,10,8,280,5,9,144,149,18,0,0,0,0
290775,3,bully,6053,0,0,0,151,160,2114,2240,1,100,284722,4598,0,9,1,142,142,NORMAL,0,0,151,10,8,284,5,9,146,151,18,0,0,0,0
291356,55,bully,8912,0,0,0,148,156,2072,2184,1,100,282444,4609,0,8,1,140,140,NORMAL,0,0,148,8,8,280,4,8,144,148,16,0,0,0,0
290871,37,bully,7600,0,0,0,149,157,2086,2198,1,100,283271,4603,0,8,1,141,141,NORMAL,0,0,149,8,8,282,4,8,145,149,16,0,0,0,0
291535,97,bully,9132,0,0,0,149,158,2086,2212,1,100,282403,4660,0,9,1,140,140,NORMAL,0,0,149,10,8,280,5,9,144,149,18,0,0,0,0
290911,77,bully,8784,0,0,0,149,158,2086,2212,1,100,282127,4780,0,9,1,140,140,NORMAL,0,0,149,10,8,280,5,9,144,149,18,0,0,0,0
291686,44,bully,8605,0,0,0,149,157,2086,2198,1,100,283081,4613,0,8,1,141,141,NORMAL,0,0,149,8,8,282,4,8,145,149,16,0,0,0,0
291635,10,bully,7091,0,0,0,150,159,2100,2226,1,100,284544,4600,0,9,1,141,141,NORMAL,0,0,150,10,8,282,5,9,145,150,18,0,0,0,0
291157,4,bully,6307,0,0,0,151,160,2114,2240,1,100,284850,4636,0,9,1,142,142,NORMAL,0,0,151,10,8,284,5,9,146,151,18,0,0,0,0
291387,89,bully,8500,0,0,0,149,159,2086,2226,1,100,282887,4698,0,11,2,140,140,NORMAL,0,0,149,10,8,280,6,10,144,150,18,0,0,0,0
291144,31,bully,7459,0,0,0,149,157,2086,2198,1,100,283685,4616,0,8,1,141,141,NORMAL,0,0,149,8,8,282,4,8,145,149,16,0,0,0,0
291196,83,bully,8811,0,0,0,149,158,2086,2212,1,100,282385,4615,0,9,1,140,140,NORMAL,0,0,149,10,8,280,5,9,144,149,18,0,0,0,0
291690,19,bully,7396,0,0,0,149,157,2086,2198,1,100,284294,4546,0,8,1,141,141,NORMAL,0,0,149,8,8,282,4,8,145,149,16,0,0,0,0
291265,2,bully,6214,0,0,0,151,160,2114,2240,1,100,285051,4617,0,9,1,142,142,NORMAL,0,0,151,10,8,284,5,9,146,151,18,0,0,0,0
291129,63,bully,8721,0,0,0,149,158,2086,2212,1,100,282408,5115,0,9,1,140,140,NORMAL,0,0,149,10,8,280,5,9,144,149,18,0,0,0,0
291523,92,bully,8687,0,0,0,149,158,2086,2212,1,100,282836,4740,0,10,2,140,140,NORMAL,0,0,149,10,8,280,5,9,144,149,18,0,0,0,0
291808,91,bully,8916,0,0,0,149,158,2086,2212,1,100,282892,4706,0,10,2,140,140,NORMAL,0,0,149,10,8,280,5,9,144,149,18,0,0,0,0
291164,78,bully,8839,0,0,0,149,158,2086,2212,1,100,282325,4805,0,9,1,140,140,NORMAL,0,0,149,10,8,280,5,9,144,149,18,0,0,0,0
291330,60,bully,8715,0,0,0,149,158,2086,2212,1,100,282615,5103,0,9,1,140,140,NORMAL,0,0,149,10,8,280,5,9,144,149,18,0,0,0,0
291214,46,bully,7989,0,0,0,149,157,2086,2198,1,100,283225,4582,0,8,1,141,141,NORMAL,0,0,149,8,8,282,4,8,145,149,16,0,0,0,0
291944,42,bully,8546,0,0,0,149,157,2086,2198,1,100,283398,4607,0,8,1,141,141,NORMAL,0,0,149,8,8,282,4,8,145,149,16,0,0,0,0
291741,71,bully,9675,0,0,0,149,158,2086,2212,1,100,282066,5225,0,9,1,140,140,NORMAL,0,0,149,10,8,280,5,9,144,149,18,0,0,0,0
291047,75,bully,8524,0,0,0,149,158,2086,2212,1,100,282523,4738,0,9,1,140,140,NORMAL,0,0,149,10,8,280,5,9,144,149,18,0,0,0,0
291417,79,bully,9061,0,0,0,149,158,2086,2212,1,100,282356,4790,0,9,1,140,140,NORMAL,0,0,149,10,8,280,5,9,144,149,18,0,0,0,0
291605,40,bully,8046,0,0,0,149,157,2086,2198,1,100,283559,4596,0,8,1,141,141,NORMAL,0,0,149,8,8,282,4,8,145,149,16,0,0,0,0
291974,24,bully,7771,0,0,0,149,157,2086,2198,1,100,284203,4625,0,8,1,141,141,NORMAL,0,0,149,8,8,282,4,8,145,149,16,0,0,0,0
291483,45,bully,8077,0,0,0,149,157,2086,2198,1,100,283406,4591,0,8,1,141,141,NORMAL,0,0,149,8,8,282,4,8,145,149,16,0,0,0,0
291211,51,bully,8111,0,0,0,149,157,2086,2198,1,100,283100,4557,0,8,1,141,141,NORMAL,0,0,149,8,8,282,4,8,145,149,16,0,0,0,0
291498,13,bully,6749,0,0,0,149,157,2086,2198,1,100,284749,4617,0,8,1,141,141,NORMAL,0,0,149,8,8,282,4,8,145,149,16,0,0,0,0
291864,100,bully,6475,1,1,4612,151,158,2114,2212,1,100,285389,4612,0,9,1,142,140,LEADER,1,143,151,10,8,284,5,9,144,149,18,0,0,0,0
291823,59,bully,8913,0,0,0,150,159,2100,2226,1,100,282910,5165,0,9,1,141,141,NORMAL,0,0,150,10,8,282,5,9,145,150,18,0,0,0,0
291701,27,bully,7441,0,0,0,149,157,2086,2198,1,100,284260,4664,0,8,1,141,141,NORMAL,0,0,149,8,8,282,4,8,145,149,16,0,0,0,0
291672,94,bully,8625,0,0,0,149,158,2086,2212,1,100,283047,4708,0,9,1,140,140,NORMAL,0,0,149,10,8,280,5,9,144,149,18,0,0,0,0
291332,80,bully,8811,0,0,0,149,158,2086,2212,1,100,282521,4799,0,9,1,140,140,NORMAL,0,0,149,10,8,280,5,9,144,149,18,0,0,0,0
291553,22,bully,7054,0,0,0,149,157,2086,2198,1,100,284499,4574,0,8,1,141,141,NORMAL,0,0,149,8,8,282,4,8,145,149,16,0,0,0,0
291897,95,bully,8841,0,0,0,149,158,2086,2212,1,100,283056,4707,0,9,1,140,140,NORMAL,0,0,149,10,8,280,5,9,144,149,18,0,0,0,0
291347,48,bully,7909,0,0,0,149,157,2086,2198,1,100,283438,4587,0,8,1,141,141,NORMAL,0,0,149,8,8,282,4,8,145,149,16,0,0,0,0
291941,66,bully,9289,0,0,0,150,160,2100,2240,1,100,282652,5218,0,10,1,141,141,NORMAL,0,0,150,10,8,282,6,10,145,151,18,0,0,0,0
291565,8,bully,6387,0,0,0,150,159,2100,2226,1,100,285178,4652,0,9,1,141,141,NORMAL,0,0,150,10,8,282,5,9,145,150,18,0,0,0,0
291807,68,bully,9219,0,0,0,150,159,2100,2226,1,100,282588,5231,0,9,1,141,141,NORMAL,0,0,150,10,8,282,5,9,145,150,18,0,0,0,0
291980,86,bully,9226,0,0,0,150,160,2100,2240,1,100,282754,5464,0,10,1,140,140,NORMAL,0,0,150,12,8,280,6,10,144,150,20,0,0,0,0
291771,7,bully,6367,0,0,0,150,159,2100,2226,1,100,285404,4626,0,9,1,141,141,NORMAL,0,0,150,10,8,282,5,9,145,150,18,0,0,0,0
291936,30,bully,7536,0,0,0,149,157,2086,2198,1,100,284400,4586,0,8,1,141,141,NORMAL,0,0,149,8,8,282,4,8,145,149,16,0,0,0,0
291756,39,bully,7713,0,0,0,149,157,2086,2198,1,100,284043,4600,0,8,1,141,141,NORMAL,0,0,149,8,8,282,4,8,145,149,16,0,0,0,0
291908,25,bully,7253,0,0,0,149,157,2086,2198,1,100,284655,4614,0,8,1,141,141,NORMAL,0,0,149,8,8,282,4,8,145,149,16,0,0,0,0
291776,84,bully,8574,0,0,0,150,159,2100,2226,1,100,283202,4597,0,9,1,141,141,NORMAL,0,0,150,10,8,282,5,9,145,150,18,0,0,0,0
291959,56,bully,8311,0,0,0,149,157,2086,2198,1,100,283648,4573,0,8,1,141,141,NORMAL,0,0,149,8,8,282,4,8,145,149,16,0,0,0,0
