timestamp,node_id,algorithm,first_convergence_time_ms,elections_started,elections_completed,total_election_time_ms,messages_sent,messages_received,bytes_sent,bytes_received,leader_changes,current_leader,time_in_normal_ms,time_in_election_ms,time_in_waiting_ms,state_transitions,timeouts_detected,heartbeats_sent,heartbeats_received,current_state,am_leader,ring_completions,forwards,msg_election_sent,msg_coordinator_sent,msg_alive_sent,msg_election_recv,msg_coordinator_recv,msg_alive_recv,acks_sent,acks_received,retries,nodes_marked_unreachable,nodes_recovered,ring_reconfigs
10260,24,ring,0,0,0,0,4,8,56,112,0,0,0,8319,0,4,2,0,0,ELECTION,0,0,4,8,0,0,8,0,0,4,4,0,0,0,0
10230,88,ring,9045,1,2,10059,5,9,70,126,1,100,1185,4815,0,5,2,0,0,NORMAL,0,2,5,6,4,0,8,0,0,4,5,0,0,0,0
10109,80,ring,0,1,0,0,4,7,56,98,0,0,0,6000,0,4,2,0,0,ELECTION,0,0,4,8,0,0,6,0,0,3,4,0,0,0,0
10042,39,ring,0,0,0,0,4,8,56,112,0,0,0,7783,0,4,2,0,0,ELECTION,0,0,4,8,0,0,8,0,0,4,4,0,0,0,0
10330,1,ring,9717,0,0,0,6,12,84,168,1,100,613,8986,0,6,2,0,0,NORMAL,0,0,6,8,4,0,8,4,0,6,6,0,0,0,0
10315,33,ring,0,0,0,0,4,8,56,112,0,0,0,8040,0,4,2,0,0,ELECTION,0,0,4,8,0,0,8,0,0,4,4,0,0,0,0
10312,76,ring,0,0,0,0,3,6,42,84,0,0,0,6141,0,3,2,0,0,ELECTION,0,0,3,6,0,0,6,0,0,3,3,0,0,0,0
10327,44,ring,0,0,0,0,4,8,56,112,0,0,0,7604,0,4,2,0,0,ELECTION,0,0,4,8,0,0,8,0,0,4,4,0,0,0,0
10518,50,ring,0,0,0,0,4,8,56,112,0,0,0,7331,0,4,2,0,0,ELECTION,0,0,4,8,0,0,8,0,0,4,4,0,0,0,0
10057,47,ring,0,0,0,0,4,8,56,112,0,0,0,7529,0,4,2,0,0,ELECTION,0,0,4,8,0,0,8,0,0,4,4,0,0,0,0
10463,41,ring,0,0,0,0,4,8,56,112,0,0,0,7866,0,4,2,0,0,ELECTION,0,0,4,8,0,0,8,0,0,4,4,0,0,0,0
10651,11,ring,10243,0,0,0,5,10,70,140,1,100,408,8945,0,5,2,0,0,NORMAL,0,0,5,8,2,0,8,2,0,5,5,0,0,0,0
10478,9,ring,9912,0,0,0,6,12,84,168,1,100,566,8918,0,6,2,0,0,NORMAL,0,0,6,8,4,0,8,4,0,6,6,0,0,0,0
10381,27,ring,0,0,0,0,4,8,56,112,0,0,0,8569,0,4,2,0,0,ELECTION,0,0,4,8,0,0,8,0,0,4,4,0,0,0,0
10193,4,ring,9316,0,0,0,6,12,84,168,1,100,877,8954,0,6,2,0,0,NORMAL,0,0,6,8,4,0,8,4,0,6,6,0,0,0,0
10599,38,ring,0,0,0,0,4,8,56,112,0,0,0,8220,0,4,2,0,0,ELECTION,0,0,4,8,0,0,8,0,0,4,4,0,0,0,0
10150,100,ring,9083,1,0,0,7,11,98,154,1,100,1067,8935,0,6,2,1,0,LEADER,1,0,7,8,4,2,6,4,0,5,6,0,0,0,0
10503,82,ring,0,0,0,0,4,8,56,112,0,0,0,6426,0,4,2,0,0,ELECTION,0,0,4,8,0,0,8,0,0,4,4,0,0,0,0
10511,46,ring,0,0,0,0,4,8,56,112,0,0,0,7899,0,4,2,0,0,ELECTION,0,0,4,8,0,0,8,0,0,4,4,0,0,0,0
10614,6,ring,9713,0,0,0,6,12,84,168,1,100,901,8943,0,6,2,0,0,NORMAL,0,0,6,8,4,0,8,4,0,6,6,0,0,0,0
10027,71,ring,0,0,0,0,3,6,42,84,0,0,0,6826,0,3,2,0,0,ELECTION,0,0,3,6,0,0,6,0,0,3,3,1,0,0,0
10094,91,ring,8497,0,0,0,5,10,70,140,1,100,1597,4839,0,5,2,0,0,NORMAL,0,0,5,6,4,0,6,4,0,5,5,0,0,0,0
10245,56,ring,0,0,0,0,4,8,56,112,0,0,0,7507,0,4,2,0,0,ELECTION,0,0,4,8,0,0,8,0,0,4,4,0,0,0,0
10366,79,ring,0,0,0,0,3,6,42,84,0,0,0,6570,0,3,2,0,0,ELECTION,0,0,3,6,0,0,6,0,0,3,3,0,0,0,0
10688,13,ring,9991,0,0,0,6,12,84,168,1,100,697,8963,0,6,2,0,0,NORMAL,0,0,6,8,4,0,8,4,0,6,6,0,0,0,0
10300,65,ring,0,0,0,0,4,8,56,112,0,0,0,7297,0,4,2,0,0,ELECTION,0,0,4,8,0,0,8,0,0,4,4,0,0,0,0
10275,98,ring,8834,0,0,0,5,10,70,140,1,100,1441,4788,0,5,2,0,0,NORMAL,0,0,5,6,4,0,6,4,0,5,5,0,0,0,0
10842,96,ring,9289,0,0,0,5,10,70,140,1,100,1553,4791,0,5,2,0,0,NORMAL,0,0,5,6,4,0,6,4,0,5,5,0,0,0,0
10163,68,ring,0,0,0,0,4,8,56,112,0,0,0,7191,0,4,2,0,0,ELECTION,0,0,4,8,0,0,8,0,0,4,4,0,0,0,0
10178,36,ring,0,0,0,0,4,8,56,112,0,0,0,8650,0,4,2,0,0,ELECTION,0,0,4,8,0,0,8,0,0,4,4,0,0,0,0
10706,99,ring,9247,0,0,0,5,10,70,140,1,100,1459,4842,0,5,2,0,0,NORMAL,0,0,5,6,4,0,6,4,0,5,5,0,0,0,0
10805,81,ring,0,0,0,0,4,8,56,112,0,0,0,6808,0,4,2,0,0,ELECTION,0,0,4,8,0,0,8,0,0,4,4,0,0,0,0
10850,53,ring,0,0,0,0,4,8,56,112,0,0,0,7855,0,4,2,0,0,ELECTION,0,0,4,8,0,0,8,0,0,4,4,0,0,0,0
10533,51,ring,0,0,0,0,4,8,56,112,0,0,0,7972,0,4,2,0,0,ELECTION,0,0,4,8,0,0,8,0,0,4,4,0,0,0,0
10351,15,ring,9558,0,0,0,7,13,98,182,1,100,793,8932,0,6,2,1,1,NORMAL,0,0,7,8,4,2,8,4,2,6,6,0,0,0,0
10448,73,ring,0,0,0,0,3,6,42,84,0,0,0,7050,0,3,2,0,0,ELECTION,0,0,3,6,0,0,6,0,0,3,3,0,0,0,0
10751,3,ring,9326,0,0,0,7,13,98,182,1,100,1425,8957,0,6,2,1,1,NORMAL,0,0,7,8,4,2,8,4,2,6,6,0,0,0,0
10536,5,ring,9143,0,0,0,7,13,98,182,1,100,1393,8985,0,6,2,1,1,NORMAL,0,0,7,8,4,2,8,4,2,6,6,0,0,0,0
10736,35,ring,10687,0,0,0,5,9,70,126,1,100,49,8862,0,5,2,0,0,NORMAL,0,0,5,8,2,0,8,2,0,5,4,0,0,0,0
11013,66,ring,0,0,0,0,4,8,56,112,0,0,0,7569,0,4,2,0,0,ELECTION,0,0,4,8,0,0,8,0,0,4,4,0,0,0,0
10396,21,ring,9761,0,0,0,7,13,98,182,1,100,635,8925,0,6,2,1,1,NORMAL,0,0,7,8,4,2,8,4,2,6,6,0,0,0,0
11145,26,ring,10661,0,0,0,5,10,70,140,1,100,484,8839,0,5,2,0,0,NORMAL,0,0,5,8,2,0,8,2,0,5,5,0,0,0,0
10924,84,ring,0,0,0,0,4,8,56,112,0,0,0,6923,0,4,2,0,0,ELECTION,0,0,4,8,0,0,8,0,0,4,4,0,0,0,0
10721,67,ring,0,0,0,0,4,8,56,112,0,0,0,7545,0,4,2,0,0,ELECTION,0,0,4,8,0,0,8,0,0,4,4,0,0,0,0
11308,2,ring,9731,0,0,0,7,13,98,182,1,100,1577,8995,0,6,2,1,1,NORMAL,0,0,7,8,4,2,8,4,2,6,6,0,0,0,0
10584,70,ring,0,0,0,0,3,7,42,98,0,0,0,7405,0,4,2,0,0,ELECTION,0,0,3,6,0,0,8,0,0,4,3,1,0,0,0
11460,90,ring,9248,0,0,0,5,10,70,140,1,100,2212,4825,0,5,1,0,0,NORMAL,0,0,5,6,4,0,6,4,0,5,5,0,0,0,0
10817,23,ring,10092,0,0,0,6,11,84,154,1,100,725,8836,0,6,2,0,0,NORMAL,0,0,6,8,4,0,8,4,0,6,5,0,0,0,0
10669,55,ring,0,0,0,0,4,8,56,112,0,0,0,8074,0,4,2,0,0,ELECTION,0,0,4,8,0,0,8,0,0,4,4,0,0,0,0
11300,59,ring,0,0,0,0,4,8,56,112,0,0,0,8008,0,4,2,0,0,ELECTION,0,0,4,8,0,0,8,0,0,4,4,0,0,0,0
11157,37,ring,11070,0,0,0,5,9,70,126,1,100,87,8924,0,5,2,0,0,NORMAL,0,0,5,8,2,0,8,2,0,5,4,0,0,0,0
10787,87,ring,0,0,0,0,4,8,56,112,0,0,0,6927,0,4,2,0,0,ELECTION,0,0,4,8,0,0,8,0,0,4,4,0,0,0,0
10666,58,ring,0,0,0,0,4,8,56,112,0,0,0,8046,0,4,2,0,0,ELECTION,0,0,4,8,0,0,8,0,0,4,4,0,0,0,0
10872,32,ring,10452,0,0,0,5,10,70,140,1,100,420,8783,0,5,2,0,0,NORMAL,0,0,5,8,2,0,8,2,0,5,5,0,0,0,0
11009,29,ring,10457,0,0,0,5,10,70,140,1,100,552,8802,0,5,2,0,0,NORMAL,0,0,5,8,2,0,8,2,0,5,5,0,0,0,0
11212,25,ring,10524,0,0,0,6,12,84,168,1,100,688,8839,0,6,2,0,0,NORMAL,0,0,6,8,4,0,8,4,0,6,6,0,0,0,0
11278,12,ring,9924,0,0,0,7,13,98,182,1,100,1354,8939,0,6,2,1,1,NORMAL,0,0,7,8,4,2,8,4,2,6,6,0,0,0,0
11173,97,ring,9067,0,0,0,5,10,70,140,1,100,2106,4783,0,5,1,0,0,NORMAL,0,0,5,6,4,0,6,4,0,5,5,0,0,0,0
11227,14,ring,9918,0,0,0,7,13,98,182,1,100,1309,8975,0,6,2,1,1,NORMAL,0,0,7,8,4,2,8,4,2,6,6,0,0,0,0
10857,64,ring,0,0,0,0,4,8,56,112,0,0,0,8000,0,4,2,0,0,ELECTION,0,0,4,8,0,0,8,0,0,4,4,0,0,0,0
11142,69,ring,0,0,0,0,4,8,56,112,0,0,0,7763,0,4,2,0,0,ELECTION,0,0,4,8,0,0,8,0,0,4,4,0,0,0,0
11536,40,ring,11337,0,0,0,5,10,70,140,1,100,199,8900,0,5,2,0,0,NORMAL,0,0,5,8,2,0,8,2,0,5,5,0,0,0,0
11090,17,ring,9801,0,0,0,7,13,98,182,1,100,1289,8891,0,6,2,1,1,NORMAL,0,0,7,8,4,2,8,4,2,6,6,0,0,0,0
11499,8,ring,9783,0,0,0,7,13,98,182,1,100,1716,8933,0,6,2,1,1,NORMAL,0,0,7,8,4,2,8,4,2,6,6,0,0,0,0
11333,75,ring,0,0,0,0,3,6,42,84,0,0,0,7541,0,3,2,0,0,ELECTION,0,0,3,6,0,0,6,0,0,3,3,0,0,0,0
11400,95,ring,9055,0,0,0,4,9,56,126,1,100,2345,4776,0,5,1,0,0,NORMAL,0,0,4,4,4,0,6,4,0,5,4,1,0,0,0
11754,77,ring,0,0,0,0,3,6,42,84,0,0,0,7477,0,3,2,0,0,ELECTION,0,0,3,6,0,0,6,0,0,3,3,0,0,0,0
11633,48,ring,0,0,0,0,4,8,56,112,0,0,0,8769,0,4,2,0,0,ELECTION,0,0,4,8,0,0,8,0,0,4,4,0,0,0,0
11824,54,ring,0,0,0,0,4,8,56,112,0,0,0,8450,0,4,2,0,0,ELECTION,0,0,4,8,0,0,8,0,0,4,4,0,0,0,0
10939,52,ring,0,0,0,0,4,8,56,112,0,0,0,8600,0,4,2,0,0,ELECTION,0,0,4,8,0,0,8,0,0,4,4,0,0,0,0
10954,20,ring,9739,0,0,0,7,13,98,182,1,100,1215,8904,0,6,2,1,1,NORMAL,0,0,7,8,4,2,8,4,2,6,6,0,0,0,0
11664,92,ring,9097,0,0,0,5,10,70,140,1,100,2567,4832,0,5,1,0,0,NORMAL,0,0,5,6,4,0,6,4,0,5,5,0,0,0,0
10979,93,ring,8442,0,0,0,5,10,70,140,1,100,2537,4831,0,5,1,0,0,NORMAL,0,0,5,6,4,0,6,4,0,5,5,0,0,0,0
11648,16,ring,10146,0,0,0,7,13,98,182,1,100,1502,8889,0,6,2,1,1,NORMAL,0,0,7,8,4,2,8,4,2,6,6,0,0,0,0
11415,63,ring,0,0,0,0,4,8,56,112,0,0,0,8277,0,4,2,0,0,ELECTION,0,0,4,8,0,0,8,0,0,4,4,0,0,0,0
11481,83,ring,0,0,0,0,4,8,56,112,0,0,0,7527,0,4,2,0,0,ELECTION,0,0,4,8,0,0,8,0,0,4,4,0,0,0,0
11197,78,ring,0,0,0,0,3,6,42,84,0,0,0,7580,0,3,2,0,0,ELECTION,0,0,3,6,0,0,6,0,0,3,3,0,0,0,0
11075,49,ring,0,0,0,0,4,8,56,112,0,0,0,8855,0,4,2,0,0,ELECTION,0,0,4,8,0,0,8,0,0,4,4,0,0,0,0
11975,19,ring,10571,0,0,0,7,13,98,182,1,100,1404,8878,0,6,2,1,1,NORMAL,0,0,7,8,4,2,8,4,2,6,6,0,0,0,0
11890,74,ring,0,0,0,0,3,6,42,84,0,0,0,7789,0,3,2,0,0,ELECTION,0,0,3,6,0,0,6,0,0,3,3,0,0,0,0
11957,94,ring,9393,0,0,0,5,10,70,140,1,100,2564,4815,0,5,1,0,0,NORMAL,0,0,5,6,4,0,6,4,0,5,5,0,0,0,0
11535,7,ring,9558,0,0,0,7,13,98,182,1,100,1977,8971,0,6,2,1,1,NORMAL,0,0,7,8,4,2,8,4,2,6,6,0,0,0,0
11263,57,ring,0,0,0,0,4,8,56,112,0,0,0,8565,0,4,2,0,0,ELECTION,0,0,4,8,0,0,8,0,0,4,4,0,0,0,0
11217,86,ring,0,0,0,0,4,8,56,112,0,0,0,7475,0,4,2,0,0,ELECTION,0,0,4,8,0,0,8,0,0,4,4,0,0,0,0
11551,60,ring,0,0,0,0,4,8,56,112,0,0,0,8589,0,4,2,0,0,ELECTION,0,0,4,8,0,0,8,0,0,4,4,0,0,0,0
11293,34,ring,10398,0,0,0,6,12,84,168,1,100,895,8801,0,6,2,0,0,NORMAL,0,0,6,8,4,0,8,4,0,6,6,0,0,0,0
11348,43,ring,10950,0,0,0,5,10,70,140,1,100,398,8956,0,5,2,0,0,NORMAL,0,0,5,8,2,0,8,2,0,5,5,0,0,0,0
11268,61,ring,0,0,0,0,4,8,56,112,0,0,0,8605,0,4,2,0,0,ELECTION,0,0,4,8,0,0,8,0,0,4,4,0,0,0,0
11972,62,ring,0,0,0,0,4,8,56,112,0,0,0,8599,0,4,2,0,0,ELECTION,0,0,4,8,0,0,8,0,0,4,4,0,0,0,0
11821,28,ring,10463,0,0,0,7,14,98,196,1,100,1358,8788,0,7,2,0,0,NORMAL,0,0,7,8,6,0,8,6,0,7,7,0,0,0,0
11656,18,ring,9856,0,0,0,7,13,98,182,1,100,1800,8846,0,6,2,1,1,NORMAL,0,0,7,8,4,2,8,4,2,6,6,0,0,0,0
11430,31,ring,10200,0,0,0,7,14,98,196,1,100,1230,8809,0,7,2,0,0,NORMAL,0,0,7,8,6,0,8,6,0,7,7,0,0,0,0
11987,30,ring,10677,0,0,0,7,14,98,196,1,100,1310,8802,0,7,2,0,0,NORMAL,0,0,7,8,6,0,8,6,0,7,7,0,0,0,0
11769,45,ring,11204,0,0,0,5,10,70,140,1,100,565,8937,0,5,2,0,0,NORMAL,0,0,5,8,2,0,8,2,0,5,5,0,0,0,0
11469,72,ring,0,0,0,0,3,7,42,98,0,0,0,8318,0,4,2,0,0,ELECTION,0,0,3,6,0,0,8,0,0,4,3,0,0,0,0
11905,42,ring,11106,0,0,0,6,12,84,168,1,100,799,8910,0,6,2,0,0,NORMAL,0,0,6,8,4,0,8,4,0,6,6,0,0,0,0
11672,89,ring,8347,0,0,0,5,10,70,140,1,100,3325,4864,0,5,1,0,0,NORMAL,0,0,5,6,4,0,6,4,0,5,5,0,0,0,0
11950,85,ring,0,0,0,0,4,8,56,112,0,0,0,8046,0,4,2,0,0,ELECTION,0,0,4,8,0,0,8,0,0,4,4,0,0,0,0
11920,10,ring,9428,0,0,0,7,13,98,182,1,100,2492,8948,0,6,1,1,1,NORMAL,0,0,7,8,4,2,8,4,2,6,6,0,0,0,0
11839,22,ring,9849,0,0,0,7,13,98,182,1,100,1990,8883,0,6,2,1,1,NORMAL,0,0,7,8,4,2,8,4,2,6,6,0,0,0,0
20260,24,ring,10790,0,0,0,15,26,210,364,1,100,4605,13714,0,11,2,4,4,ELECTION,0,0,15,16,6,8,16,6,8,11,11,0,0,0,0
20230,88,ring,9045,3,2,10059,10,19,140,266,1,100,10291,5709,0,11,4,1,1,NORMAL,0,4,10,14,4,2,12,6,2,9,9,0,0,0,0
20109,80,ring,13321,1,0,0,11,19,154,266,1,100,6165,9835,0,10,4,2,2,NORMAL,0,0,11,12,6,4,10,6,4,8,9,0,0,0,0
20042,39,ring,11199,0,0,0,14,24,196,336,1,100,4627,13156,0,10,2,4,4,ELECTION,0,0,14,14,6,8,14,6,8,10,10,0,0,0,0
20330,1,ring,9717,0,0,0,17,34,238,476,1,100,10498,9101,0,17,2,5,5,NORMAL,0,0,17,18,6,10,18,16,10,12,12,0,0,0,0
20315,33,ring,11055,0,0,0,14,24,196,336,1,100,4756,13284,0,10,2,4,4,ELECTION,0,0,14,14,6,8,14,6,8,10,10,0,0,0,0
20312,76,ring,13247,0,0,0,10,18,140,252,1,100,6419,9722,0,9,4,2,2,NORMAL,0,0,10,10,6,4,10,6,4,8,8,0,0,0,0
20327,44,ring,11658,0,0,0,14,24,196,336,1,100,4603,13001,0,10,2,4,4,ELECTION,0,0,14,14,6,8,14,6,8,10,10,0,0,0,0
20518,50,ring,12125,0,0,0,14,24,196,336,1,100,4675,12656,0,10,2,4,4,ELECTION,0,0,14,14,6,8,14,6,8,10,10,0,0,0,0
20057,47,ring,11466,0,0,0,14,24,196,336,1,100,4609,12920,0,10,2,4,4,ELECTION,0,0,14,14,6,8,14,6,8,10,10,0,0,0,0
20463,41,ring,11516,0,0,0,14,24,196,336,1,100,4627,13239,0,10,2,4,4,ELECTION,0,0,14,14,6,8,14,6,8,10,10,0,0,0,0
20651,11,ring,10243,0,0,0,17,29,238,406,1,100,4691,14662,0,12,2,5,5,ELECTION,0,0,17,18,6,10,18,6,10,12,12,0,0,0,0
20478,9,ring,9912,0,0,0,17,29,238,406,1,100,4754,14730,0,12,2,5,5,ELECTION,0,0,17,18,6,10,18,6,10,12,12,0,0,0,0
20381,27,ring,10604,0,0,0,15,26,210,364,1,100,4681,13888,0,11,2,4,4,ELECTION,0,0,15,16,6,8,16,6,8,11,11,0,0,0,0
20193,4,ring,9316,0,0,0,17,29,238,406,1,100,4797,15034,0,12,2,5,5,ELECTION,0,0,17,18,6,10,18,6,10,12,12,0,0,0,0
20599,38,ring,11336,0,0,0,15,25,210,350,1,100,4622,13598,0,11,2,4,4,ELECTION,0,0,15,16,6,8,16,6,8,11,10,0,0,0,0
20150,100,ring,9083,1,0,0,23,24,322,336,1,100,4701,15301,0,12,2,6,1,ELECTION,0,1,23,18,16,12,16,6,2,11,12,0,0,0,0
20503,82,ring,13334,0,0,0,10,19,140,266,1,100,6596,9830,0,10,4,1,1,NORMAL,0,0,10,12,6,2,12,6,2,9,9,0,0,0,0
20511,46,ring,11555,0,0,0,14,24,196,336,1,100,4617,13282,0,10,2,4,4,ELECTION,0,0,14,14,6,8,14,6,8,10,10,0,0,0,0
20614,6,ring,9713,0,0,0,17,29,238,406,1,100,4780,15064,0,12,2,5,5,ELECTION,0,0,17,18,6,10,18,6,10,12,12,0,0,0,0
20027,71,ring,12294,0,0,0,11,19,154,266,1,100,7005,9821,0,9,4,3,3,NORMAL,0,0,11,10,6,6,10,6,6,8,8,1,0,0,0
20094,91,ring,8497,0,0,0,10,20,140,280,1,100,6192,10244,0,11,4,1,1,NORMAL,0,0,10,14,4,2,16,4,2,10,9,1,0,0,0
20245,56,ring,11650,0,0,0,14,24,196,336,1,100,4842,12665,0,10,2,4,4,ELECTION,0,0,14,14,6,8,14,6,8,10,10,0,0,0,0
20366,79,ring,12844,0,0,0,11,19,154,266,1,100,6879,9691,0,9,4,3,3,NORMAL,0,0,11,10,6,6,10,6,6,8,8,0,0,0,0
20688,13,ring,9991,0,0,0,17,29,238,406,1,100,4772,14888,0,12,2,5,5,ELECTION,0,0,17,18,6,10,18,6,10,12,12,0,0,0,0
20300,65,ring,12115,0,0,0,12,21,168,294,1,100,7315,9982,0,10,3,3,3,NORMAL,0,0,12,12,6,6,12,6,6,9,9,0,0,0,0
20275,98,ring,8834,0,0,0,11,21,154,294,1,100,5985,10244,0,11,4,1,1,NORMAL,0,0,11,16,4,2,16,4,2,10,10,0,0,0,0
20842,96,ring,9289,1,0,0,11,21,154,294,1,100,6154,10190,0,12,4,1,1,NORMAL,0,0,11,16,4,2,16,4,2,10,10,0,0,0,0
20163,68,ring,12032,0,0,0,12,21,168,294,1,100,7277,9914,0,10,3,3,3,NORMAL,0,0,12,12,6,6,12,6,6,9,9,0,0,0,0
20179,36,ring,10395,0,0,0,16,27,224,378,1,100,4677,13974,0,12,2,4,4,NORMAL,0,0,16,16,8,8,16,8,8,12,11,0,0,0,0
20706,99,ring,9247,1,1,5231,12,22,168,308,1,100,4772,11529,0,11,4,1,1,ELECTION,0,1,12,16,6,2,16,4,2,10,11,0,0,0,0
20805,81,ring,13233,0,0,0,11,20,154,280,1,100,6992,9816,0,10,4,2,2,NORMAL,0,0,11,12,6,4,12,6,4,9,9,0,0,0,0
20850,53,ring,11911,0,0,0,14,24,196,336,1,100,4786,13069,0,10,2,4,4,ELECTION,0,0,14,14,6,8,14,6,8,10,10,0,0,0,0
20533,51,ring,11500,0,0,0,14,24,196,336,1,100,4728,13244,0,10,2,4,4,ELECTION,0,0,14,14,6,8,14,6,8,10,10,0,0,0,0
20351,15,ring,9558,0,0,0,17,29,238,406,1,100,4815,14910,0,12,2,5,5,ELECTION,0,0,17,18,6,10,18,6,10,12,12,0,0,0,0
20448,73,ring,12479,0,0,0,11,19,154,266,1,100,7239,9811,0,9,4,3,3,NORMAL,0,0,11,10,6,6,10,6,6,8,8,0,0,0,0
20751,3,ring,9326,0,0,0,18,30,252,420,1,100,4744,15638,0,12,2,6,6,ELECTION,0,0,18,18,6,12,18,6,12,12,12,0,0,0,0
20536,5,ring,9143,0,0,0,18,30,252,420,1,100,4788,15590,0,12,2,6,6,ELECTION,0,0,18,18,6,12,18,6,12,12,12,0,0,0,0
20736,35,ring,10687,0,0,0,17,30,238,420,1,100,4810,14101,0,13,2,4,4,ELECTION,0,0,17,18,8,8,18,8,8,13,13,0,0,0,0
21013,66,ring,12559,0,0,0,12,21,168,294,1,100,7598,9971,0,10,3,3,3,NORMAL,0,0,12,12,6,6,12,6,6,9,9,0,0,0,0
20396,21,ring,9761,0,0,0,18,30,252,420,1,100,4768,14792,0,12,2,6,6,ELECTION,0,0,18,18,6,12,18,6,12,12,12,0,0,0,0
21145,26,ring,10661,0,0,0,17,30,238,420,1,100,4841,14482,0,13,2,4,4,ELECTION,0,0,17,18,8,8,18,8,8,13,13,0,0,0,0
20924,84,ring,13242,0,0,0,11,20,154,280,1,100,7067,9856,0,10,4,2,2,NORMAL,0,0,11,12,6,4,12,6,4,9,9,0,0,0,0
20721,67,ring,12281,0,0,0,12,21,168,294,1,100,7593,9952,0,10,3,3,3,NORMAL,0,0,12,12,6,6,12,6,6,9,9,0,0,0,0
21308,2,ring,9731,0,0,0,18,30,252,420,1,100,4735,15837,0,12,2,6,6,ELECTION,0,0,18,18,6,12,18,6,12,12,12,0,0,0,0
20584,70,ring,12243,0,0,0,11,20,154,280,1,100,7552,9853,0,10,3,3,3,NORMAL,0,0,11,10,6,6,12,6,6,9,7,1,0,0,0
21460,90,ring,9248,0,0,0,12,22,168,308,1,100,6759,10278,0,11,3,2,2,NORMAL,0,0,12,16,4,4,16,4,4,10,10,0,0,0,0
20817,23,ring,10092,0,0,0,17,29,238,406,1,100,4814,14747,0,12,2,5,5,ELECTION,0,0,17,18,6,10,18,6,10,12,12,1,0,0,0
20669,55,ring,11447,0,0,0,14,24,196,336,1,100,4862,13212,0,10,2,4,4,ELECTION,0,0,14,14,6,8,14,6,8,10,10,0,0,0,0
21300,59,ring,12323,0,0,0,14,24,196,336,1,100,4808,13200,0,10,2,4,4,ELECTION,0,0,14,14,6,8,14,6,8,10,10,0,0,0,0
21157,37,ring,11070,0,0,0,17,30,238,420,1,100,4827,14184,0,13,2,4,4,ELECTION,0,0,17,18,8,8,18,8,8,13,13,0,0,0,0
20787,87,ring,13119,0,0,0,11,20,154,280,1,100,7149,9778,0,10,4,2,2,NORMAL,0,0,11,12,6,4,12,6,4,9,9,0,0,0,0
20666,58,ring,11596,0,0,0,14,24,196,336,1,100,4818,13228,0,10,2,4,4,ELECTION,0,0,14,14,6,8,14,6,8,10,10,0,0,0,0
20872,32,ring,10452,0,0,0,18,31,252,434,1,100,4877,14326,0,13,2,5,5,ELECTION,0,0,18,18,8,10,18,8,10,13,13,0,0,0,0
21009,29,ring,10457,0,0,0,18,31,252,434,1,100,4888,14466,0,13,2,5,5,ELECTION,0,0,18,18,8,10,18,8,10,13,13,0,0,0,0
21212,25,ring,10524,0,0,0,18,31,252,434,1,100,4806,14721,0,13,2,5,5,ELECTION,0,0,18,18,8,10,18,8,10,13,13,0,0,0,0
21278,12,ring,9924,0,0,0,18,30,252,420,1,100,4703,15590,0,12,2,6,6,ELECTION,0,0,18,18,6,12,18,6,12,12,12,0,0,0,0
21173,97,ring,9067,0,0,0,12,22,168,308,1,100,6668,10221,0,11,3,2,2,NORMAL,0,0,12,16,4,4,16,4,4,10,10,0,0,0,0
21227,14,ring,9918,0,0,0,18,30,252,420,1,100,4818,15466,0,12,2,6,6,ELECTION,0,0,18,18,6,12,18,6,12,12,12,0,0,0,0
20857,64,ring,11981,0,0,0,12,21,168,294,1,100,7992,10008,0,10,3,3,3,NORMAL,0,0,12,12,6,6,12,6,6,9,9,0,0,0,0
21142,69,ring,12445,0,0,0,12,21,168,294,1,100,7894,9869,0,10,3,3,3,NORMAL,0,0,12,12,6,6,12,6,6,9,8,0,0,0,0
21537,40,ring,11337,0,0,0,18,31,252,434,1,100,4880,14220,0,13,2,5,5,ELECTION,0,0,18,18,8,10,18,8,10,13,13,0,0,0,0
21090,17,ring,9801,0,0,0,18,30,252,420,1,100,4807,15373,0,12,2,6,6,ELECTION,0,0,18,18,6,12,18,6,12,12,12,0,0,0,0
21499,8,ring,9783,0,0,0,18,30,252,420,1,100,4746,15903,0,12,2,6,6,ELECTION,0,0,18,18,6,12,18,6,12,12,12,0,0,0,0
21333,75,ring,12849,0,0,0,11,19,154,266,1,100,7832,9709,0,9,3,3,3,NORMAL,0,0,11,10,6,6,10,6,6,8,8,0,0,0,0
21400,95,ring,9055,0,0,0,11,21,154,294,1,100,6945,10176,0,11,3,2,2,NORMAL,0,0,11,14,4,4,16,4,4,10,9,1,0,0,0
21754,77,ring,13364,0,0,0,11,19,154,266,1,100,7712,9765,0,9,3,3,3,NORMAL,0,0,11,10,6,6,10,6,6,8,8,0,0,0,0
21633,48,ring,11819,0,0,0,16,28,224,392,1,100,4693,14076,0,12,2,4,4,NORMAL,0,0,16,16,8,8,16,8,8,12,12,0,0,0,0
21824,54,ring,12243,0,0,0,15,26,210,364,1,100,4810,13640,0,11,2,4,4,ELECTION,0,0,15,16,6,8,16,6,8,11,11,0,0,0,0
20939,52,ring,11289,0,0,0,15,26,210,364,1,100,4748,13852,0,11,2,4,4,ELECTION,0,0,15,16,6,8,16,6,8,11,11,0,0,0,0
20954,20,ring,9739,0,0,0,18,30,252,420,1,100,4772,15347,0,12,2,6,6,ELECTION,0,0,18,18,6,12,18,6,12,12,12,0,0,0,0
21664,92,ring,9097,1,0,0,12,21,168,294,1,100,7144,10255,0,11,3,2,2,NORMAL,0,0,12,16,4,4,14,4,4,9,10,0,0,0,0
20979,93,ring,8442,1,0,0,12,22,168,308,1,100,7055,10313,0,12,3,2,2,NORMAL,0,0,12,16,4,4,16,4,4,10,10,0,0,0,0
21648,16,ring,10146,0,0,0,18,30,252,420,1,100,4777,15614,0,12,2,6,6,ELECTION,0,0,18,18,6,12,18,6,12,12,12,0,0,0,0
21415,63,ring,12229,0,0,0,12,21,168,294,1,100,8290,9987,0,10,3,3,3,NORMAL,0,0,12,12,6,6,12,6,6,9,9,0,0,0,0
21481,83,ring,13185,0,0,0,11,20,154,280,1,100,7732,9795,0,10,3,2,2,NORMAL,0,0,11,12,6,4,12,6,4,9,9,0,0,0,0
21197,78,ring,12690,0,0,0,11,19,154,266,1,100,7872,9708,0,9,3,3,3,NORMAL,0,0,11,10,6,6,10,6,6,8,8,0,0,0,0
21075,49,ring,11201,0,0,0,16,28,224,392,1,100,4749,14106,0,12,2,4,4,NORMAL,0,0,16,16,8,8,16,8,8,12,12,0,0,0,0
21975,19,ring,10571,0,0,0,18,30,252,420,1,100,4793,15489,0,12,2,6,6,ELECTION,0,0,18,18,6,12,18,6,12,12,12,0,0,0,0
21890,74,ring,13168,0,0,0,11,19,154,266,1,100,8016,9773,0,9,3,3,3,NORMAL,0,0,11,10,6,6,10,6,6,8,8,0,0,0,0
21957,94,ring,9393,0,0,0,12,22,168,308,1,100,7105,10274,0,11,3,2,2,NORMAL,0,0,12,16,4,4,16,4,4,10,10,0,0,0,0
21535,7,ring,9558,0,0,0,18,30,252,420,1,100,4748,16200,0,12,2,6,6,ELECTION,0,0,18,18,6,12,18,6,12,12,12,0,0,0,0
21263,57,ring,11629,0,0,0,15,26,210,364,1,100,4845,13720,0,11,2,4,4,ELECTION,0,0,15,16,6,8,16,6,8,11,11,0,0,0,0
21217,86,ring,12952,1,0,0,11,20,154,280,1,100,7762,9713,0,11,3,2,2,NORMAL,0,0,11,12,6,4,12,6,4,9,9,0,0,0,0
21551,60,ring,12027,0,0,0,15,26,210,364,1,100,4834,13755,0,11,2,4,4,ELECTION,0,0,15,16,6,8,16,6,8,11,11,0,0,0,0
21293,34,ring,10398,0,0,0,18,31,252,434,1,100,4888,14808,0,13,2,5,5,ELECTION,0,0,18,18,8,10,18,8,10,13,13,0,0,0,0
21348,43,ring,10950,0,0,0,18,31,252,434,1,100,4817,14537,0,13,2,5,5,ELECTION,0,0,18,18,8,10,18,8,10,13,13,0,0,0,0
21268,61,ring,11714,0,0,0,15,26,210,364,1,100,4824,13781,0,11,2,4,4,ELECTION,0,0,15,16,6,8,16,6,8,11,11,0,0,0,0
21972,62,ring,12464,0,0,0,12,23,168,322,1,100,8399,10200,0,12,3,3,3,ELECTION,0,0,12,12,6,6,16,6,6,11,9,1,0,0,0
21821,28,ring,10463,0,0,0,18,31,252,434,1,100,4883,15263,0,13,2,5,5,ELECTION,0,0,18,18,8,10,18,8,10,13,13,0,0,0,0
21656,18,ring,9856,0,0,0,18,30,252,420,1,100,4838,15808,0,12,2,6,6,ELECTION,0,0,18,18,6,12,18,6,12,12,12,0,0,0,0
21430,31,ring,10200,0,0,0,18,31,252,434,1,100,4886,15153,0,13,2,5,5,ELECTION,0,0,18,18,8,10,18,8,10,13,13,0,0,0,0
21987,30,ring,10677,0,0,0,18,31,252,434,1,100,4884,15228,0,13,2,5,5,ELECTION,0,0,18,18,8,10,18,8,10,13,13,0,0,0,0
21769,45,ring,11204,0,0,0,18,31,252,434,1,100,4840,14662,0,13,2,5,5,ELECTION,0,0,18,18,8,10,18,8,10,13,13,0,0,0,0
21469,72,ring,12248,0,0,0,11,20,154,280,1,100,8507,9811,0,10,3,3,3,NORMAL,0,0,11,10,6,6,12,6,6,9,8,0,0,0,0
21905,42,ring,11106,0,0,0,18,31,252,434,1,100,4833,14876,0,13,2,5,5,ELECTION,0,0,18,18,8,10,18,8,10,13,13,0,0,0,0
21672,89,ring,8347,1,0,0,12,21,168,294,1,100,7900,10289,0,11,3,2,2,NORMAL,0,0,12,16,4,4,14,4,4,9,10,0,0,0,0
21950,85,ring,13127,0,0,0,11,20,154,280,1,100,8271,9775,0,10,3,2,2,NORMAL,0,0,11,12,6,4,12,6,4,9,9,0,0,0,0
21920,10,ring,9428,0,0,0,17,29,238,406,1,100,4738,16702,0,12,1,6,6,ELECTION,0,0,17,16,6,12,18,6,12,12,11,1,0,0,0
21839,22,ring,9849,0,0,0,18,30,252,420,1,100,4781,16092,0,12,2,6,6,ELECTION,0,0,18,18,6,12,18,6,12,12,12,0,0,0,0
30260,24,ring,10790,0,0,0,23,38,322,532,1,100,10275,18044,0,15,2,8,8,NORMAL,0,0,23,18,12,16,18,12,16,15,15,0,0,0,0
30230,88,ring,9045,3,3,14852,17,30,238,420,1,100,20291,5709,0,14,4,5,5,NORMAL,0,6,17,14,10,10,14,12,10,13,12,0,0,0,0
30109,80,ring,13321,1,0,0,20,33,280,462,1,100,11795,14205,0,15,4,6,6,NORMAL,0,0,20,16,12,12,14,12,12,13,14,0,0,0,0
30042,39,ring,11199,0,0,0,23,38,322,532,1,100,9655,18128,0,15,2,8,8,NORMAL,0,0,23,18,12,16,18,12,16,15,15,0,0,0,0
30330,1,ring,9717,0,0,0,24,43,336,602,1,100,20498,9101,0,19,2,10,10,NORMAL,0,0,24,18,10,20,18,20,20,14,14,0,0,0,0
30315,33,ring,11055,0,0,0,23,38,322,532,1,100,10037,18003,0,15,2,8,8,NORMAL,0,0,23,18,12,16,18,12,16,15,15,0,0,0,0
30312,76,ring,13247,0,0,0,19,32,266,448,1,100,12117,14024,0,14,4,6,6,NORMAL,0,0,19,14,12,12,14,12,12,13,13,0,0,0,0
30327,44,ring,11658,0,0,0,23,38,322,532,1,100,9528,18076,0,15,2,8,8,NORMAL,0,0,23,18,12,16,18,12,16,15,15,0,0,0,0
30518,50,ring,12125,0,0,0,23,38,322,532,1,100,9344,17987,0,15,2,8,8,NORMAL,0,0,23,18,12,16,18,12,16,15,15,0,0,0,0
30057,47,ring,11466,0,0,0,23,38,322,532,1,100,9436,18093,0,15,2,8,8,NORMAL,0,0,23,18,12,16,18,12,16,15,15,0,0,0,0
30463,41,ring,11516,0,0,0,23,38,322,532,1,100,9777,18089,0,15,2,8,8,NORMAL,0,0,23,18,12,16,18,12,16,15,15,0,0,0,0
30651,11,ring,10243,0,0,0,24,38,336,532,1,100,11125,18228,0,14,2,10,10,NORMAL,0,0,24,18,10,20,18,10,20,14,14,0,0,0,0
30478,9,ring,9912,0,0,0,24,38,336,532,1,100,11302,18182,0,14,2,10,10,NORMAL,0,0,24,18,10,20,18,10,20,14,14,0,0,0,0
30381,27,ring,10604,0,0,0,23,38,322,532,1,100,10609,17960,0,15,2,8,8,NORMAL,0,0,23,18,12,16,18,12,16,15,15,0,0,0,0
30193,4,ring,9316,0,0,0,24,38,336,532,1,100,11689,18142,0,14,2,10,10,NORMAL,0,0,24,18,10,20,18,10,20,14,14,0,0,0,0
30599,38,ring,11336,0,0,0,23,38,322,532,1,100,10085,18135,0,15,2,8,8,NORMAL,0,0,23,18,12,16,18,12,16,15,15,0,0,0,0
30150,100,ring,9083,1,0,0,30,31,420,434,1,100,11769,18233,0,14,2,11,4,LEADER,1,4,30,18,20,22,16,10,8,13,14,0,0,0,0
30503,82,ring,13334,0,0,0,20,34,280,476,1,100,12234,14192,0,15,4,6,6,NORMAL,0,0,20,16,12,12,16,12,12,14,14,0,0,0,0
30511,46,ring,11555,0,0,0,23,38,322,532,1,100,9829,18070,0,15,2,8,8,NORMAL,0,0,23,18,12,16,18,12,16,15,15,0,0,0,0
30614,6,ring,9713,0,0,0,24,38,336,532,1,100,11688,18156,0,14,2,10,10,NORMAL,0,0,24,18,10,20,18,10,20,14,14,0,0,0,0
30027,71,ring,12294,0,0,0,20,33,280,462,1,100,12640,14186,0,14,4,7,7,NORMAL,0,0,20,14,12,14,14,12,14,13,13,1,0,0,0
30094,91,ring,8497,0,0,0,16,29,224,406,1,100,16192,10244,0,14,4,4,4,NORMAL,0,0,16,14,10,8,16,10,8,13,12,1,0,0,0
30245,56,ring,11650,0,0,0,23,38,322,532,1,100,9602,17905,0,15,2,8,8,NORMAL,0,0,23,18,12,16,18,12,16,15,15,0,0,0,0
30366,79,ring,12844,0,0,0,20,33,280,462,1,100,12511,14059,0,14,4,7,7,NORMAL,0,0,20,14,12,14,14,12,14,13,13,0,0,0,0
30688,13,ring,9991,0,0,0,24,38,336,532,1,100,11473,18187,0,14,2,10,10,NORMAL,0,0,24,18,10,20,18,10,20,14,14,0,0,0,0
30300,65,ring,12115,0,0,0,21,35,294,490,1,100,12942,14355,0,15,3,7,7,NORMAL,0,0,21,16,12,14,16,12,14,14,14,0,0,0,0
30275,98,ring,8834,0,0,0,17,30,238,420,1,100,15985,10244,0,14,4,4,4,NORMAL,0,0,17,16,10,8,16,10,8,13,13,0,0,0,0
30842,96,ring,9289,1,0,0,17,30,238,420,1,100,16154,10190,0,15,4,4,4,NORMAL,0,0,17,16,10,8,16,10,8,13,13,0,0,0,0
30163,68,ring,12032,0,0,0,21,35,294,490,1,100,12906,14285,0,15,3,7,7,NORMAL,0,0,21,16,12,14,16,12,14,14,14,0,0,0,0
30178,36,ring,10395,0,0,0,23,38,322,532,1,100,10522,18128,0,15,2,8,8,NORMAL,0,0,23,18,12,16,18,12,16,15,15,0,0,0,0
30706,99,ring,9247,1,1,5231,17,30,238,420,1,100,12249,14052,0,13,4,4,4,NORMAL,0,2,17,16,10,8,16,10,8,13,13,0,0,0,0
30805,81,ring,13233,0,0,0,20,34,280,476,1,100,12611,14197,0,15,4,6,6,NORMAL,0,0,20,16,12,12,16,12,12,14,14,0,0,0,0
30850,53,ring,11911,0,0,0,23,38,322,532,1,100,9999,17856,0,15,2,8,8,NORMAL,0,0,23,18,12,16,18,12,16,15,15,0,0,0,0
30533,51,ring,11500,0,0,0,23,38,322,532,1,100,10035,17937,0,15,2,8,8,NORMAL,0,0,23,18,12,16,18,12,16,15,15,0,0,0,0
30351,15,ring,9558,0,0,0,24,38,336,532,1,100,11597,18128,0,14,2,10,10,NORMAL,0,0,24,18,10,20,18,10,20,14,14,0,0,0,0
30448,73,ring,12479,0,0,0,20,33,280,462,1,100,12891,14159,0,14,4,7,7,NORMAL,0,0,20,14,12,14,14,12,14,13,13,0,0,0,0
30751,3,ring,9326,0,0,0,25,39,350,546,1,100,12197,18185,0,14,2,11,11,NORMAL,0,0,25,18,10,22,18,10,22,14,14,0,0,0,0
30536,5,ring,9143,0,0,0,25,39,350,546,1,100,12210,18168,0,14,2,11,11,NORMAL,0,0,25,18,10,22,18,10,22,14,14,0,0,0,0
30736,35,ring,10687,0,0,0,23,38,322,532,1,100,10778,18133,0,15,2,8,8,NORMAL,0,0,23,18,12,16,18,12,16,15,15,0,0,0,0
31013,66,ring,12559,0,0,0,21,35,294,490,1,100,13222,14347,0,15,3,7,7,NORMAL,0,0,21,16,12,14,16,12,14,14,14,0,0,0,0
30396,21,ring,9761,0,0,0,24,38,336,532,1,100,11451,18109,0,14,2,10,10,NORMAL,0,0,24,18,10,20,18,10,20,14,14,0,0,0,0
31145,26,ring,10661,0,0,0,23,38,322,532,1,100,11329,17994,0,15,2,8,8,NORMAL,0,0,23,18,12,16,18,12,16,15,15,0,0,0,0
30924,84,ring,13242,0,0,0,20,34,280,476,1,100,12697,14226,0,15,4,6,6,NORMAL,0,0,20,16,12,12,16,12,12,14,14,0,0,0,0
30721,67,ring,12281,0,0,0,21,35,294,490,1,100,13196,14349,0,15,3,7,7,NORMAL,0,0,21,16,12,14,16,12,14,14,14,0,0,0,0
31308,2,ring,9731,0,0,0,25,39,350,546,1,100,12383,18189,0,14,2,11,11,NORMAL,0,0,25,18,10,22,18,10,22,14,14,0,0,0,0
30584,70,ring,12243,0,0,0,20,34,280,476,1,100,13175,14230,0,15,3,7,7,NORMAL,0,0,20,14,12,14,16,12,14,14,12,1,0,0,0
31460,90,ring,9248,0,0,0,18,31,252,434,1,100,16759,10278,0,14,3,5,5,NORMAL,0,0,18,16,10,10,16,10,10,13,13,0,0,0,0
30817,23,ring,10092,0,0,0,23,37,322,518,1,100,11550,18011,0,14,2,9,9,NORMAL,0,0,23,18,10,18,18,10,18,14,14,1,0,0,0
30669,55,ring,11447,0,0,0,23,38,322,532,1,100,10239,17835,0,15,2,8,8,NORMAL,0,0,23,18,12,16,18,12,16,15,15,0,0,0,0
31300,59,ring,12323,0,0,0,23,38,322,532,1,100,10017,17991,0,15,2,8,8,NORMAL,0,0,23,18,12,16,18,12,16,15,15,0,0,0,0
31157,37,ring,11070,0,0,0,23,38,322,532,1,100,10875,18136,0,15,2,8,8,NORMAL,0,0,23,18,12,16,18,12,16,15,15,0,0,0,0
30787,87,ring,13119,0,0,0,19,32,266,448,1,100,16629,10298,0,14,4,6,6,NORMAL,0,0,19,14,12,12,14,12,12,13,13,0,0,0,0
30666,58,ring,11596,0,0,0,23,38,322,532,1,100,10095,17951,0,15,2,8,8,NORMAL,0,0,23,18,12,16,18,12,16,15,15,0,0,0,0
30872,32,ring,10452,0,0,0,23,38,322,532,1,100,11182,18021,0,15,2,8,8,NORMAL,0,0,23,18,12,16,18,12,16,15,15,0,0,0,0
31009,29,ring,10457,0,0,0,24,39,336,546,1,100,11356,17998,0,15,2,9,9,NORMAL,0,0,24,18,12,18,18,12,18,15,15,0,0,0,0
31212,25,ring,10524,0,0,0,24,39,336,546,1,100,11498,18029,0,15,2,9,9,NORMAL,0,0,24,18,12,18,18,12,18,15,15,0,0,0,0
31278,12,ring,9924,0,0,0,25,39,350,546,1,100,12062,18231,0,14,2,11,11,NORMAL,0,0,25,18,10,22,18,10,22,14,14,0,0,0,0
31173,97,ring,9067,0,0,0,18,31,252,434,1,100,16668,10221,0,14,3,5,5,NORMAL,0,0,18,16,10,10,16,10,10,13,13,0,0,0,0
31227,14,ring,9918,0,0,0,25,39,350,546,1,100,12107,18177,0,14,2,11,11,NORMAL,0,0,25,18,10,22,18,10,22,14,14,0,0,0,0
30857,64,ring,11981,0,0,0,21,35,294,490,1,100,13596,14404,0,15,3,7,7,NORMAL,0,0,21,16,12,14,16,12,14,14,14,0,0,0,0
31142,69,ring,12445,0,0,0,21,35,294,490,1,100,13515,14248,0,15,3,7,7,NORMAL,0,0,21,16,12,14,16,12,14,14,13,0,0,0,0
31536,40,ring,11337,0,0,0,23,38,322,532,1,100,11029,18070,0,15,2,8,8,NORMAL,0,0,23,18,12,16,18,12,16,15,15,0,0,0,0
31090,17,ring,9801,0,0,0,24,38,336,532,1,100,12116,18064,0,14,2,10,10,NORMAL,0,0,24,18,10,20,18,10,20,14,14,0,0,0,0
31499,8,ring,9783,0,0,0,25,39,350,546,1,100,12470,18179,0,14,2,11,11,NORMAL,0,0,25,18,10,22,18,10,22,14,14,0,0,0,0
31333,75,ring,12849,0,0,0,20,33,280,462,1,100,13542,13999,0,14,3,7,7,NORMAL,0,0,20,14,12,14,14,12,14,13,13,0,0,0,0
31400,95,ring,9055,0,0,0,17,30,238,420,1,100,16945,10176,0,14,3,5,5,NORMAL,0,0,17,14,10,10,16,10,10,13,12,1,0,0,0
31754,77,ring,13364,0,0,0,20,33,280,462,1,100,13365,14112,0,14,3,7,7,NORMAL,0,0,20,14,12,14,14,12,14,13,13,0,0,0,0
31633,48,ring,11819,0,0,0,23,38,322,532,1,100,10670,18099,0,15,2,8,8,NORMAL,0,0,23,18,12,16,18,12,16,15,15,0,0,0,0
31824,54,ring,12243,0,0,0,23,38,322,532,1,100,10613,17837,0,15,2,8,8,NORMAL,0,0,23,18,12,16,18,12,16,15,15,0,0,0,0
30939,52,ring,11289,0,0,0,23,38,322,532,1,100,10669,17931,0,15,2,8,8,NORMAL,0,0,23,18,12,16,18,12,16,15,15,0,0,0,0
30954,20,ring,9739,0,0,0,24,38,336,532,1,100,12008,18111,0,14,2,10,10,NORMAL,0,0,24,18,10,20,18,10,20,14,14,0,0,0,0
31664,92,ring,9097,1,0,0,18,30,252,420,1,100,17144,10255,0,14,3,5,5,NORMAL,0,0,18,16,10,10,14,10,10,12,13,0,0,0,0
30979,93,ring,8442,1,0,0,18,31,252,434,1,100,17055,10313,0,15,3,5,5,NORMAL,0,0,18,16,10,10,16,10,10,13,13,0,0,0,0
31648,16,ring,10146,0,0,0,24,38,336,532,1,100,12266,18125,0,14,2,10,10,NORMAL,0,0,24,18,10,20,18,10,20,14,14,0,0,0,0
31415,63,ring,12229,0,0,0,21,35,294,490,1,100,13883,14394,0,15,3,7,7,NORMAL,0,0,21,16,12,14,16,12,14,14,14,0,0,0,0
31481,83,ring,13185,0,0,0,20,34,280,476,1,100,13369,14158,0,15,3,6,6,NORMAL,0,0,20,16,12,12,16,12,12,14,14,0,0,0,0
31197,78,ring,12690,0,0,0,20,33,280,462,1,100,13516,14064,0,14,3,7,7,NORMAL,0,0,20,14,12,14,14,12,14,13,13,0,0,0,0
31075,49,ring,11201,0,0,0,23,38,322,532,1,100,10765,18090,0,15,2,8,8,NORMAL,0,0,23,18,12,16,18,12,16,15,15,0,0,0,0
31975,19,ring,10571,0,0,0,24,38,336,532,1,100,12212,18070,0,14,2,10,10,NORMAL,0,0,24,18,10,20,18,10,20,14,14,0,0,0,0
31890,74,ring,13168,0,0,0,20,33,280,462,1,100,13735,14054,0,14,3,7,7,NORMAL,0,0,20,14,12,14,14,12,14,13,13,0,0,0,0
31957,94,ring,9393,0,0,0,18,31,252,434,1,100,17105,10274,0,14,3,5,5,NORMAL,0,0,18,16,10,10,16,10,10,13,13,0,0,0,0
31535,7,ring,9558,0,0,0,25,39,350,546,1,100,12753,18195,0,14,2,11,11,NORMAL,0,0,25,18,10,22,18,10,22,14,14,0,0,0,0
31263,57,ring,11629,0,0,0,23,38,322,532,1,100,10643,17922,0,15,2,8,8,NORMAL,0,0,23,18,12,16,18,12,16,15,15,0,0,0,0
31217,86,ring,12952,1,1,4787,19,33,266,462,1,100,17243,10232,0,15,3,6,6,NORMAL,0,2,19,14,12,12,16,12,12,14,13,0,0,0,0
31551,60,ring,12027,0,0,0,23,38,322,532,1,100,10613,17976,0,15,2,8,8,NORMAL,0,0,23,18,12,16,18,12,16,15,15,0,0,0,0
31293,34,ring,10398,0,0,0,24,39,336,546,1,100,11664,18032,0,15,2,9,9,NORMAL,0,0,24,18,12,18,18,12,18,15,15,0,0,0,0
31348,43,ring,10950,0,0,0,24,39,336,546,1,100,11200,18154,0,15,2,9,9,NORMAL,0,0,24,18,12,18,18,12,18,15,15,0,0,0,0
31268,61,ring,11714,0,0,0,23,38,322,532,1,100,10635,17970,0,15,2,8,8,NORMAL,0,0,23,18,12,16,18,12,16,15,15,0,0,0,0
31972,62,ring,12464,0,0,0,20,35,280,490,1,100,14212,14387,0,16,3,7,7,NORMAL,0,0,20,14,12,14,18,12,14,15,13,1,0,0,0
31821,28,ring,10463,0,0,0,24,39,336,546,1,100,12175,17971,0,15,2,9,9,NORMAL,0,0,24,18,12,18,18,12,18,15,15,0,0,0,0
31656,18,ring,9856,0,0,0,24,38,336,532,1,100,12639,18007,0,14,2,10,10,NORMAL,0,0,24,18,10,20,18,10,20,14,14,0,0,0,0
31430,31,ring,10200,0,0,0,24,39,336,546,1,100,12029,18010,0,15,2,9,9,NORMAL,0,0,24,18,12,18,18,12,18,15,15,0,0,0,0
31987,30,ring,10677,0,0,0,24,39,336,546,1,100,12108,18004,0,15,2,9,9,NORMAL,0,0,24,18,12,18,18,12,18,15,15,0,0,0,0
31769,45,ring,11204,0,0,0,24,39,336,546,1,100,11425,18077,0,15,2,9,9,NORMAL,0,0,24,18,12,18,18,12,18,15,15,0,0,0,0
31469,72,ring,12248,0,0,0,20,34,280,476,1,100,14143,14175,0,15,3,7,7,NORMAL,0,0,20,14,12,14,16,12,14,14,13,0,0,0,0
31905,42,ring,11106,0,0,0,24,39,336,546,1,100,11595,18114,0,15,2,9,9,NORMAL,0,0,24,18,12,18,18,12,18,15,15,0,0,0,0
31672,89,ring,8347,1,0,0,18,30,252,420,1,100,17900,10289,0,14,3,5,5,NORMAL,0,0,18,16,10,10,14,10,10,12,13,0,0,0,0
31950,85,ring,13127,0,0,0,20,34,280,476,1,100,13879,14167,0,15,3,6,6,NORMAL,0,0,20,16,12,12,16,12,12,14,14,0,0,0,0
31920,10,ring,9428,0,0,0,24,38,336,532,1,100,13210,18230,0,14,1,11,11,NORMAL,0,0,24,16,10,22,18,10,22,14,13,1,0,0,0
31839,22,ring,9849,0,0,0,24,38,336,532,1,100,12801,18072,0,14,2,10,10,NORMAL,0,0,24,18,10,20,18,10,20,14,14,0,0,0,0
40260,24,ring,10790,0,0,0,28,43,392,602,1,100,20275,18044,0,15,2,13,13,NORMAL,0,0,28,18,12,26,18,12,26,15,15,0,0,0,0
40230,88,ring,9045,3,3,14852,22,35,308,490,1,100,30291,5709,0,14,4,10,10,NORMAL,0,6,22,14,10,20,14,12,20,13,12,0,0,0,0
40109,80,ring,13321,1,0,0,25,38,350,532,1,100,21795,14205,0,15,4,11,11,NORMAL,0,0,25,16,12,22,14,12,22,13,14,0,0,0,0
40042,39,ring,11199,0,0,0,28,43,392,602,1,100,19655,18128,0,15,2,13,13,NORMAL,0,0,28,18,12,26,18,12,26,15,15,0,0,0,0
40330,1,ring,9717,0,0,0,29,48,406,672,1,100,30498,9101,0,19,2,15,15,NORMAL,0,0,29,18,10,30,18,20,30,14,14,0,0,0,0
40315,33,ring,11055,0,0,0,28,43,392,602,1,100,20037,18003,0,15,2,13,13,NORMAL,0,0,28,18,12,26,18,12,26,15,15,0,0,0,0
40312,76,ring,13247,0,0,0,25,38,350,532,1,100,22117,14024,0,14,4,12,12,NORMAL,0,0,25,14,12,24,14,12,24,13,13,0,0,0,0
40327,44,ring,11658,0,0,0,28,43,392,602,1,100,19528,18076,0,15,2,13,13,NORMAL,0,0,28,18,12,26,18,12,26,15,15,0,0,0,0
40518,50,ring,12125,0,0,0,28,43,392,602,1,100,19344,17987,0,15,2,13,13,NORMAL,0,0,28,18,12,26,18,12,26,15,15,0,0,0,0
40057,47,ring,11466,0,0,0,28,43,392,602,1,100,19436,18093,0,15,2,13,13,NORMAL,0,0,28,18,12,26,18,12,26,15,15,0,0,0,0
40463,41,ring,11516,0,0,0,28,43,392,602,1,100,19777,18089,0,15,2,13,13,NORMAL,0,0,28,18,12,26,18,12,26,15,15,0,0,0,0
40651,11,ring,10243,0,0,0,29,43,406,602,1,100,21125,18228,0,14,2,15,15,NORMAL,0,0,29,18,10,30,18,10,30,14,14,0,0,0,0
40478,9,ring,9912,0,0,0,29,43,406,602,1,100,21302,18182,0,14,2,15,15,NORMAL,0,0,29,18,10,30,18,10,30,14,14,0,0,0,0
40381,27,ring,10604,0,0,0,28,43,392,602,1,100,20609,17960,0,15,2,13,13,NORMAL,0,0,28,18,12,26,18,12,26,15,15,0,0,0,0
40193,4,ring,9316,0,0,0,29,43,406,602,1,100,21689,18142,0,14,2,15,15,NORMAL,0,0,29,18,10,30,18,10,30,14,14,0,0,0,0
40599,38,ring,11336,0,0,0,28,43,392,602,1,100,20085,18135,0,15,2,13,13,NORMAL,0,0,28,18,12,26,18,12,26,15,15,0,0,0,0
40150,100,ring,9083,1,0,0,35,36,490,504,1,100,21769,18233,0,14,2,16,9,LEADER,1,9,35,18,20,32,16,10,18,13,14,0,0,0,0
40503,82,ring,13334,0,0,0,25,39,350,546,1,100,22234,14192,0,15,4,11,11,NORMAL,0,0,25,16,12,22,16,12,22,14,14,0,0,0,0
40511,46,ring,11555,0,0,0,28,43,392,602,1,100,19829,18070,0,15,2,13,13,NORMAL,0,0,28,18,12,26,18,12,26,15,15,0,0,0,0
40614,6,ring,9713,0,0,0,29,43,406,602,1,100,21688,18156,0,14,2,15,15,NORMAL,0,0,29,18,10,30,18,10,30,14,14,0,0,0,0
40027,71,ring,12294,0,0,0,25,38,350,532,1,100,22640,14186,0,14,4,12,12,NORMAL,0,0,25,14,12,24,14,12,24,13,13,1,0,0,0
40094,91,ring,8497,0,0,0,22,35,308,490,1,100,26192,10244,0,14,4,10,10,NORMAL,0,0,22,14,10,20,16,10,20,13,12,1,0,0,0
40245,56,ring,11650,0,0,0,28,43,392,602,1,100,19602,17905,0,15,2,13,13,NORMAL,0,0,28,18,12,26,18,12,26,15,15,0,0,0,0
40366,79,ring,12844,0,0,0,25,38,350,532,1,100,22511,14059,0,14,4,12,12,NORMAL,0,0,25,14,12,24,14,12,24,13,13,0,0,0,0
40688,13,ring,9991,0,0,0,29,43,406,602,1,100,21473,18187,0,14,2,15,15,NORMAL,0,0,29,18,10,30,18,10,30,14,14,0,0,0,0
40300,65,ring,12115,0,0,0,26,40,364,560,1,100,22942,14355,0,15,3,12,12,NORMAL,0,0,26,16,12,24,16,12,24,14,14,0,0,0,0
40275,98,ring,8834,0,0,0,23,36,322,504,1,100,25985,10244,0,14,4,10,10,NORMAL,0,0,23,16,10,20,16,10,20,13,13,0,0,0,0
40842,96,ring,9289,1,0,0,23,36,322,504,1,100,26154,10190,0,15,4,10,10,NORMAL,0,0,23,16,10,20,16,10,20,13,13,0,0,0,0
40163,68,ring,12032,0,0,0,26,40,364,560,1,100,22906,14285,0,15,3,12,12,NORMAL,0,0,26,16,12,24,16,12,24,14,14,0,0,0,0
40178,36,ring,10395,0,0,0,28,43,392,602,1,100,20522,18128,0,15,2,13,13,NORMAL,0,0,28,18,12,26,18,12,26,15,15,0,0,0,0
40706,99,ring,9247,1,1,5231,23,36,322,504,1,100,22249,14052,0,13,4,10,10,NORMAL,0,2,23,16,10,20,16,10,20,13,13,0,0,0,0
40805,81,ring,13233,0,0,0,25,39,350,546,1,100,22611,14197,0,15,4,11,11,NORMAL,0,0,25,16,12,22,16,12,22,14,14,0,0,0,0
40850,53,ring,11911,0,0,0,28,43,392,602,1,100,19999,17856,0,15,2,13,13,NORMAL,0,0,28,18,12,26,18,12,26,15,15,0,0,0,0
40533,51,ring,11500,0,0,0,28,43,392,602,1,100,20035,17937,0,15,2,13,13,NORMAL,0,0,28,18,12,26,18,12,26,15,15,0,0,0,0
40351,15,ring,9558,0,0,0,29,43,406,602,1,100,21597,18128,0,14,2,15,15,NORMAL,0,0,29,18,10,30,18,10,30,14,14,0,0,0,0
40448,73,ring,12479,0,0,0,25,38,350,532,1,100,22891,14159,0,14,4,12,12,NORMAL,0,0,25,14,12,24,14,12,24,13,13,0,0,0,0
40751,3,ring,9326,0,0,0,30,44,420,616,1,100,22197,18185,0,14,2,16,16,NORMAL,0,0,30,18,10,32,18,10,32,14,14,0,0,0,0
40536,5,ring,9143,0,0,0,30,44,420,616,1,100,22210,18168,0,14,2,16,16,NORMAL,0,0,30,18,10,32,18,10,32,14,14,0,0,0,0
40736,35,ring,10687,0,0,0,28,43,392,602,1,100,20778,18133,0,15,2,13,13,NORMAL,0,0,28,18,12,26,18,12,26,15,15,0,0,0,0
41013,66,ring,12559,0,0,0,26,40,364,560,1,100,23222,14347,0,15,3,12,12,NORMAL,0,0,26,16,12,24,16,12,24,14,14,0,0,0,0
40396,21,ring,9761,0,0,0,29,43,406,602,1,100,21451,18109,0,14,2,15,15,NORMAL,0,0,29,18,10,30,18,10,30,14,14,0,0,0,0
41145,26,ring,10661,0,0,0,28,43,392,602,1,100,21329,17994,0,15,2,13,13,NORMAL,0,0,28,18,12,26,18,12,26,15,15,0,0,0,0
40924,84,ring,13242,0,0,0,25,39,350,546,1,100,22697,14226,0,15,4,11,11,NORMAL,0,0,25,16,12,22,16,12,22,14,14,0,0,0,0
40721,67,ring,12281,0,0,0,26,40,364,560,1,100,23196,14349,0,15,3,12,12,NORMAL,0,0,26,16,12,24,16,12,24,14,14,0,0,0,0
41308,2,ring,9731,0,0,0,30,44,420,616,1,100,22383,18189,0,14,2,16,16,NORMAL,0,0,30,18,10,32,18,10,32,14,14,0,0,0,0
40584,70,ring,12243,0,0,0,25,39,350,546,1,100,23175,14230,0,15,3,12,12,NORMAL,0,0,25,14,12,24,16,12,24,14,12,1,0,0,0
41460,90,ring,9248,0,0,0,23,36,322,504,1,100,26759,10278,0,14,3,10,10,NORMAL,0,0,23,16,10,20,16,10,20,13,13,0,0,0,0
40817,23,ring,10092,0,0,0,28,42,392,588,1,100,21550,18011,0,14,2,14,14,NORMAL,0,0,28,18,10,28,18,10,28,14,14,1,0,0,0
40669,55,ring,11447,0,0,0,28,43,392,602,1,100,20239,17835,0,15,2,13,13,NORMAL,0,0,28,18,12,26,18,12,26,15,15,0,0,0,0
41300,59,ring,12323,0,0,0,28,43,392,602,1,100,20017,17991,0,15,2,13,13,NORMAL,0,0,28,18,12,26,18,12,26,15,15,0,0,0,0
41157,37,ring,11070,0,0,0,28,43,392,602,1,100,20875,18136,0,15,2,13,13,NORMAL,0,0,28,18,12,26,18,12,26,15,15,0,0,0,0
40787,87,ring,13119,0,0,0,24,37,336,518,1,100,26629,10298,0,14,4,11,11,NORMAL,0,0,24,14,12,22,14,12,22,13,13,0,0,0,0
40666,58,ring,11596,0,0,0,28,43,392,602,1,100,20095,17951,0,15,2,13,13,NORMAL,0,0,28,18,12,26,18,12,26,15,15,0,0,0,0
40872,32,ring,10452,0,0,0,29,44,406,616,1,100,21182,18021,0,15,2,14,14,NORMAL,0,0,29,18,12,28,18,12,28,15,15,0,0,0,0
41009,29,ring,10457,0,0,0,29,44,406,616,1,100,21356,17998,0,15,2,14,14,NORMAL,0,0,29,18,12,28,18,12,28,15,15,0,0,0,0
41212,25,ring,10524,0,0,0,29,44,406,616,1,100,21498,18029,0,15,2,14,14,NORMAL,0,0,29,18,12,28,18,12,28,15,15,0,0,0,0
41278,12,ring,9924,0,0,0,30,44,420,616,1,100,22062,18231,0,14,2,16,16,NORMAL,0,0,30,18,10,32,18,10,32,14,14,0,0,0,0
41173,97,ring,9067,0,0,0,23,36,322,504,1,100,26668,10221,0,14,3,10,10,NORMAL,0,0,23,16,10,20,16,10,20,13,13,0,0,0,0
41227,14,ring,9918,0,0,0,30,44,420,616,1,100,22107,18177,0,14,2,16,16,NORMAL,0,0,30,18,10,32,18,10,32,14,14,0,0,0,0
40857,64,ring,11981,0,0,0,26,40,364,560,1,100,23596,14404,0,15,3,12,12,NORMAL,0,0,26,16,12,24,16,12,24,14,14,0,0,0,0
41142,69,ring,12445,0,0,0,26,40,364,560,1,100,23515,14248,0,15,3,12,12,NORMAL,0,0,26,16,12,24,16,12,24,14,13,0,0,0,0
41536,40,ring,11337,0,0,0,29,44,406,616,1,100,21029,18070,0,15,2,14,14,NORMAL,0,0,29,18,12,28,18,12,28,15,15,0,0,0,0
41090,17,ring,9801,0,0,0,29,43,406,602,1,100,22116,18064,0,14,2,15,15,NORMAL,0,0,29,18,10,30,18,10,30,14,14,0,0,0,0
41499,8,ring,9783,0,0,0,30,44,420,616,1,100,22470,18179,0,14,2,16,16,NORMAL,0,0,30,18,10,32,18,10,32,14,14,0,0,0,0
41333,75,ring,12849,0,0,0,25,38,350,532,1,100,23542,13999,0,14,3,12,12,NORMAL,0,0,25,14,12,24,14,12,24,13,13,0,0,0,0
41400,95,ring,9055,0,0,0,22,35,308,490,1,100,26945,10176,0,14,3,10,10,NORMAL,0,0,22,14,10,20,16,10,20,13,12,1,0,0,0
41754,77,ring,13364,0,0,0,25,38,350,532,1,100,23365,14112,0,14,3,12,12,NORMAL,0,0,25,14,12,24,14,12,24,13,13,0,0,0,0
41633,48,ring,11819,0,0,0,28,43,392,602,1,100,20670,18099,0,15,2,13,13,NORMAL,0,0,28,18,12,26,18,12,26,15,15,0,0,0,0
41824,54,ring,12243,0,0,0,28,43,392,602,1,100,20613,17837,0,15,2,13,13,NORMAL,0,0,28,18,12,26,18,12,26,15,15,0,0,0,0
40939,52,ring,11289,0,0,0,28,43,392,602,1,100,20669,17931,0,15,2,13,13,NORMAL,0,0,28,18,12,26,18,12,26,15,15,0,0,0,0
40954,20,ring,9739,0,0,0,29,43,406,602,1,100,22008,18111,0,14,2,15,15,NORMAL,0,0,29,18,10,30,18,10,30,14,14,0,0,0,0
41664,92,ring,9097,1,0,0,23,35,322,490,1,100,27144,10255,0,14,3,10,10,NORMAL,0,0,23,16,10,20,14,10,20,12,13,0,0,0,0
40979,93,ring,8442,1,0,0,23,36,322,504,1,100,27055,10313,0,15,3,10,10,NORMAL,0,0,23,16,10,20,16,10,20,13,13,0,0,0,0
41648,16,ring,10146,0,0,0,29,43,406,602,1,100,22266,18125,0,14,2,15,15,NORMAL,0,0,29,18,10,30,18,10,30,14,14,0,0,0,0
41415,63,ring,12229,0,0,0,26,40,364,560,1,100,23883,14394,0,15,3,12,12,NORMAL,0,0,26,16,12,24,16,12,24,14,14,0,0,0,0
41481,83,ring,13185,0,0,0,25,39,350,546,1,100,23369,14158,0,15,3,11,11,NORMAL,0,0,25,16,12,22,16,12,22,14,14,0,0,0,0
41197,78,ring,12690,0,0,0,25,38,350,532,1,100,23516,14064,0,14,3,12,12,NORMAL,0,0,25,14,12,24,14,12,24,13,13,0,0,0,0
41075,49,ring,11201,0,0,0,29,44,406,616,1,100,20765,18090,0,15,2,14,14,NORMAL,0,0,29,18,12,28,18,12,28,15,15,0,0,0,0
41975,19,ring,10571,0,0,0,29,43,406,602,1,100,22212,18070,0,14,2,15,15,NORMAL,0,0,29,18,10,30,18,10,30,14,14,0,0,0,0
41890,74,ring,13168,0,0,0,25,38,350,532,1,100,23735,14054,0,14,3,12,12,NORMAL,0,0,25,14,12,24,14,12,24,13,13,0,0,0,0
41957,94,ring,9393,0,0,0,23,36,322,504,1,100,27105,10274,0,14,3,10,10,NORMAL,0,0,23,16,10,20,16,10,20,13,13,0,0,0,0
41535,7,ring,9558,0,0,0,30,44,420,616,1,100,22753,18195,0,14,2,16,16,NORMAL,0,0,30,18,10,32,18,10,32,14,14,0,0,0,0
41263,57,ring,11629,0,0,0,28,43,392,602,1,100,20643,17922,0,15,2,13,13,NORMAL,0,0,28,18,12,26,18,12,26,15,15,0,0,0,0
41217,86,ring,12952,1,1,4787,24,38,336,532,1,100,27243,10232,0,15,3,11,11,NORMAL,0,2,24,14,12,22,16,12,22,14,13,0,0,0,0
41551,60,ring,12027,0,0,0,28,43,392,602,1,100,20613,17976,0,15,2,13,13,NORMAL,0,0,28,18,12,26,18,12,26,15,15,0,0,0,0
41293,34,ring,10398,0,0,0,29,44,406,616,1,100,21664,18032,0,15,2,14,14,NORMAL,0,0,29,18,12,28,18,12,28,15,15,0,0,0,0
41348,43,ring,10950,0,0,0,29,44,406,616,1,100,21200,18154,0,15,2,14,14,NORMAL,0,0,29,18,12,28,18,12,28,15,15,0,0,0,0
41268,61,ring,11714,0,0,0,28,43,392,602,1,100,20635,17970,0,15,2,13,13,NORMAL,0,0,28,18,12,26,18,12,26,15,15,0,0,0,0
41972,62,ring,12464,0,0,0,25,40,350,560,1,100,24212,14387,0,16,3,12,12,NORMAL,0,0,25,14,12,24,18,12,24,15,13,1,0,0,0
41821,28,ring,10463,0,0,0,29,44,406,616,1,100,22175,17971,0,15,2,14,14,NORMAL,0,0,29,18,12,28,18,12,28,15,15,0,0,0,0
41656,18,ring,9856,0,0,0,29,43,406,602,1,100,22639,18007,0,14,2,15,15,NORMAL,0,0,29,18,10,30,18,10,30,14,14,0,0,0,0
41430,31,ring,10200,0,0,0,29,44,406,616,1,100,22029,18010,0,15,2,14,14,NORMAL,0,0,29,18,12,28,18,12,28,15,15,0,0,0,0
41987,30,ring,10677,0,0,0,29,44,406,616,1,100,22108,18004,0,15,2,14,14,NORMAL,0,0,29,18,12,28,18,12,28,15,15,0,0,0,0
41769,45,ring,11204,0,0,0,29,44,406,616,1,100,21425,18077,0,15,2,14,14,NORMAL,0,0,29,18,12,28,18,12,28,15,15,0,0,0,0
41469,72,ring,12248,0,0,0,26,40,364,560,1,100,24143,14175,0,15,3,13,13,NORMAL,0,0,26,14,12,26,16,12,26,14,13,0,0,0,0
41905,42,ring,11106,0,0,0,29,44,406,616,1,100,21595,18114,0,15,2,14,14,NORMAL,0,0,29,18,12,28,18,12,28,15,15,0,0,0,0
41672,89,ring,8347,1,0,0,23,35,322,490,1,100,27900,10289,0,14,3,10,10,NORMAL,0,0,23,16,10,20,14,10,20,12,13,0,0,0,0
41950,85,ring,13127,0,0,0,25,39,350,546,1,100,23879,14167,0,15,3,11,11,NORMAL,0,0,25,16,12,22,16,12,22,14,14,0,0,0,0
41920,10,ring,9428,0,0,0,29,43,406,602,1,100,23210,18230,0,14,1,16,16,NORMAL,0,0,29,16,10,32,18,10,32,14,13,1,0,0,0
41839,22,ring,9849,0,0,0,29,43,406,602,1,100,22801,18072,0,14,2,15,15,NORMAL,0,0,29,18,10,30,18,10,30,14,14,0,0,0,0
50260,24,ring,10790,0,0,0,33,48,462,672,1,100,30275,18044,0,15,2,18,18,NORMAL,0,0,33,18,12,36,18,12,36,15,15,0,0,0,0
50230,88,ring,9045,3,3,14852,27,40,378,560,1,100,40291,5709,0,14,4,15,15,NORMAL,0,6,27,14,10,30,14,12,30,13,12,0,0,0,0
50109,80,ring,13321,1,0,0,30,43,420,602,1,100,31795,14205,0,15,4,16,16,NORMAL,0,0,30,16,12,32,14,12,32,13,14,0,0,0,0
50042,39,ring,11199,0,0,0,33,48,462,672,1,100,29655,18128,0,15,2,18,18,NORMAL,0,0,33,18,12,36,18,12,36,15,15,0,0,0,0
50330,1,ring,9717,0,0,0,34,53,476,742,1,100,40498,9101,0,19,2,20,20,NORMAL,0,0,34,18,10,40,18,20,40,14,14,0,0,0,0
50315,33,ring,11055,0,0,0,33,48,462,672,1,100,30037,18003,0,15,2,18,18,NORMAL,0,0,33,18,12,36,18,12,36,15,15,0,0,0,0
50312,76,ring,13247,0,0,0,29,42,406,588,1,100,32117,14024,0,14,4,16,16,NORMAL,0,0,29,14,12,32,14,12,32,13,13,0,0,0,0
50327,44,ring,11658,0,0,0,33,48,462,672,1,100,29528,18076,0,15,2,18,18,NORMAL,0,0,33,18,12,36,18,12,36,15,15,0,0,0,0
50518,50,ring,12125,0,0,0,33,48,462,672,1,100,29344,17987,0,15,2,18,18,NORMAL,0,0,33,18,12,36,18,12,36,15,15,0,0,0,0
50057,47,ring,11466,0,0,0,33,48,462,672,1,100,29436,18093,0,15,2,18,18,NORMAL,0,0,33,18,12,36,18,12,36,15,15,0,0,0,0
50463,41,ring,11516,0,0,0,33,48,462,672,1,100,29777,18089,0,15,2,18,18,NORMAL,0,0,33,18,12,36,18,12,36,15,15,0,0,0,0
50651,11,ring,10243,0,0,0,34,48,476,672,1,100,31125,18228,0,14,2,20,20,NORMAL,0,0,34,18,10,40,18,10,40,14,14,0,0,0,0
50478,9,ring,9912,0,0,0,34,48,476,672,1,100,31302,18182,0,14,2,20,20,NORMAL,0,0,34,18,10,40,18,10,40,14,14,0,0,0,0
50381,27,ring,10604,0,0,0,33,48,462,672,1,100,30609,17960,0,15,2,18,18,NORMAL,0,0,33,18,12,36,18,12,36,15,15,0,0,0,0
50193,4,ring,9316,0,0,0,34,48,476,672,1,100,31689,18142,0,14,2,20,20,NORMAL,0,0,34,18,10,40,18,10,40,14,14,0,0,0,0
50599,38,ring,11336,0,0,0,33,48,462,672,1,100,30085,18135,0,15,2,18,18,NORMAL,0,0,33,18,12,36,18,12,36,15,15,0,0,0,0
50150,100,ring,9083,1,0,0,40,41,560,574,1,100,31769,18233,0,14,2,21,14,LEADER,1,14,40,18,20,42,16,10,28,13,14,0,0,0,0
50503,82,ring,13334,0,0,0,30,44,420,616,1,100,32234,14192,0,15,4,16,16,NORMAL,0,0,30,16,12,32,16,12,32,14,14,0,0,0,0
50511,46,ring,11555,0,0,0,33,48,462,672,1,100,29829,18070,0,15,2,18,18,NORMAL,0,0,33,18,12,36,18,12,36,15,15,0,0,0,0
50614,6,ring,9713,0,0,0,34,48,476,672,1,100,31688,18156,0,14,2,20,20,NORMAL,0,0,34,18,10,40,18,10,40,14,14,0,0,0,0
50027,71,ring,12294,0,0,0,30,43,420,602,1,100,32640,14186,0,14,4,17,17,NORMAL,0,0,30,14,12,34,14,12,34,13,13,1,0,0,0
50094,91,ring,8497,0,0,0,26,39,364,546,1,100,36192,10244,0,14,4,14,14,NORMAL,0,0,26,14,10,28,16,10,28,13,12,1,0,0,0
50245,56,ring,11650,0,0,0,33,48,462,672,1,100,29602,17905,0,15,2,18,18,NORMAL,0,0,33,18,12,36,18,12,36,15,15,0,0,0,0
50366,79,ring,12844,0,0,0,30,43,420,602,1,100,32511,14059,0,14,4,17,17,NORMAL,0,0,30,14,12,34,14,12,34,13,13,0,0,0,0
50688,13,ring,9991,0,0,0,34,48,476,672,1,100,31473,18187,0,14,2,20,20,NORMAL,0,0,34,18,10,40,18,10,40,14,14,0,0,0,0
50300,65,ring,12115,0,0,0,31,45,434,630,1,100,32942,14355,0,15,3,17,17,NORMAL,0,0,31,16,12,34,16,12,34,14,14,0,0,0,0
50275,98,ring,8834,0,0,0,27,40,378,560,1,100,35985,10244,0,14,4,14,14,NORMAL,0,0,27,16,10,28,16,10,28,13,13,0,0,0,0
50842,96,ring,9289,1,0,0,27,40,378,560,1,100,36154,10190,0,15,4,14,14,NORMAL,0,0,27,16,10,28,16,10,28,13,13,0,0,0,0
50163,68,ring,12032,0,0,0,31,45,434,630,1,100,32906,14285,0,15,3,17,17,NORMAL,0,0,31,16,12,34,16,12,34,14,14,0,0,0,0
50178,36,ring,10395,0,0,0,33,48,462,672,1,100,30522,18128,0,15,2,18,18,NORMAL,0,0,33,18,12,36,18,12,36,15,15,0,0,0,0
50706,99,ring,9247,1,1,5231,27,40,378,560,1,100,32249,14052,0,13,4,14,14,NORMAL,0,2,27,16,10,28,16,10,28,13,13,0,0,0,0
50805,81,ring,13233,0,0,0,30,44,420,616,1,100,32611,14197,0,15,4,16,16,NORMAL,0,0,30,16,12,32,16,12,32,14,14,0,0,0,0
50850,53,ring,11911,0,0,0,33,48,462,672,1,100,29999,17856,0,15,2,18,18,NORMAL,0,0,33,18,12,36,18,12,36,15,15,0,0,0,0
50533,51,ring,11500,0,0,0,33,48,462,672,1,100,30035,17937,0,15,2,18,18,NORMAL,0,0,33,18,12,36,18,12,36,15,15,0,0,0,0
50351,15,ring,9558,0,0,0,33,47,462,658,1,100,31597,18128,0,14,2,19,19,NORMAL,0,0,33,18,10,38,18,10,38,14,14,0,0,0,0
50448,73,ring,12479,0,0,0,30,43,420,602,1,100,32891,14159,0,14,4,17,17,NORMAL,0,0,30,14,12,34,14,12,34,13,13,0,0,0,0
50751,3,ring,9326,0,0,0,35,49,490,686,1,100,32197,18185,0,14,2,21,21,NORMAL,0,0,35,18,10,42,18,10,42,14,14,0,0,0,0
50536,5,ring,9143,0,0,0,35,49,490,686,1,100,32210,18168,0,14,2,21,21,NORMAL,0,0,35,18,10,42,18,10,42,14,14,0,0,0,0
50736,35,ring,10687,0,0,0,33,48,462,672,1,100,30778,18133,0,15,2,18,18,NORMAL,0,0,33,18,12,36,18,12,36,15,15,0,0,0,0
51013,66,ring,12559,0,0,0,31,45,434,630,1,100,33222,14347,0,15,3,17,17,NORMAL,0,0,31,16,12,34,16,12,34,14,14,0,0,0,0
50396,21,ring,9761,0,0,0,34,48,476,672,1,100,31451,18109,0,14,2,20,20,NORMAL,0,0,34,18,10,40,18,10,40,14,14,0,0,0,0
51145,26,ring,10661,0,0,0,33,48,462,672,1,100,31329,17994,0,15,2,18,18,NORMAL,0,0,33,18,12,36,18,12,36,15,15,0,0,0,0
50924,84,ring,13242,0,0,0,30,44,420,616,1,100,32697,14226,0,15,4,16,16,NORMAL,0,0,30,16,12,32,16,12,32,14,14,0,0,0,0
50721,67,ring,12281,0,0,0,31,45,434,630,1,100,33196,14349,0,15,3,17,17,NORMAL,0,0,31,16,12,34,16,12,34,14,14,0,0,0,0
51308,2,ring,9731,0,0,0,35,49,490,686,1,100,32383,18189,0,14,2,21,21,NORMAL,0,0,35,18,10,42,18,10,42,14,14,0,0,0,0
50584,70,ring,12243,0,0,0,30,44,420,616,1,100,33175,14230,0,15,3,17,17,NORMAL,0,0,30,14,12,34,16,12,34,14,12,1,0,0,0
51460,90,ring,9248,0,0,0,28,41,392,574,1,100,36759,10278,0,14,3,15,15,NORMAL,0,0,28,16,10,30,16,10,30,13,13,0,0,0,0
50817,23,ring,10092,0,0,0,33,47,462,658,1,100,31550,18011,0,14,2,19,19,NORMAL,0,0,33,18,10,38,18,10,38,14,14,1,0,0,0
50669,55,ring,11447,0,0,0,33,48,462,672,1,100,30239,17835,0,15,2,18,18,NORMAL,0,0,33,18,12,36,18,12,36,15,15,0,0,0,0
51300,59,ring,12323,0,0,0,33,48,462,672,1,100,30017,17991,0,15,2,18,18,NORMAL,0,0,33,18,12,36,18,12,36,15,15,0,0,0,0
51157,37,ring,11070,0,0,0,33,48,462,672,1,100,30875,18136,0,15,2,18,18,NORMAL,0,0,33,18,12,36,18,12,36,15,15,0,0,0,0
50787,87,ring,13119,0,0,0,29,42,406,588,1,100,36629,10298,0,14,4,16,16,NORMAL,0,0,29,14,12,32,14,12,32,13,13,0,0,0,0
50666,58,ring,11596,0,0,0,33,48,462,672,1,100,30095,17951,0,15,2,18,18,NORMAL,0,0,33,18,12,36,18,12,36,15,15,0,0,0,0
50872,32,ring,10452,0,0,0,33,48,462,672,1,100,31182,18021,0,15,2,18,18,NORMAL,0,0,33,18,12,36,18,12,36,15,15,0,0,0,0
51009,29,ring,10457,0,0,0,33,48,462,672,1,100,31356,17998,0,15,2,18,18,NORMAL,0,0,33,18,12,36,18,12,36,15,15,0,0,0,0
51212,25,ring,10524,0,0,0,34,49,476,686,1,100,31498,18029,0,15,2,19,19,NORMAL,0,0,34,18,12,38,18,12,38,15,15,0,0,0,0
51278,12,ring,9924,0,0,0,35,49,490,686,1,100,32062,18231,0,14,2,21,21,NORMAL,0,0,35,18,10,42,18,10,42,14,14,0,0,0,0
51173,97,ring,9067,0,0,0,28,41,392,574,1,100,36668,10221,0,14,3,15,15,NORMAL,0,0,28,16,10,30,16,10,30,13,13,0,0,0,0
51227,14,ring,9918,0,0,0,35,49,490,686,1,100,32107,18177,0,14,2,21,21,NORMAL,0,0,35,18,10,42,18,10,42,14,14,0,0,0,0
50857,64,ring,11981,0,0,0,31,45,434,630,1,100,33596,14404,0,15,3,17,17,NORMAL,0,0,31,16,12,34,16,12,34,14,14,0,0,0,0
51142,69,ring,12445,0,0,0,31,45,434,630,1,100,33515,14248,0,15,3,17,17,NORMAL,0,0,31,16,12,34,16,12,34,14,13,0,0,0,0
51536,40,ring,11337,0,0,0,33,48,462,672,1,100,31029,18070,0,15,2,18,18,NORMAL,0,0,33,18,12,36,18,12,36,15,15,0,0,0,0
51090,17,ring,9801,0,0,0,34,48,476,672,1,100,32116,18064,0,14,2,20,20,NORMAL,0,0,34,18,10,40,18,10,40,14,14,0,0,0,0
51499,8,ring,9783,0,0,0,35,49,490,686,1,100,32470,18179,0,14,2,21,21,NORMAL,0,0,35,18,10,42,18,10,42,14,14,0,0,0,0
51333,75,ring,12849,0,0,0,30,43,420,602,1,100,33542,13999,0,14,3,17,17,NORMAL,0,0,30,14,12,34,14,12,34,13,13,0,0,0,0
51400,95,ring,9055,0,0,0,27,40,378,560,1,100,36945,10176,0,14,3,15,15,NORMAL,0,0,27,14,10,30,16,10,30,13,12,1,0,0,0
51754,77,ring,13364,0,0,0,30,43,420,602,1,100,33365,14112,0,14,3,17,17,NORMAL,0,0,30,14,12,34,14,12,34,13,13,0,0,0,0
51633,48,ring,11819,0,0,0,33,48,462,672,1,100,30670,18099,0,15,2,18,18,NORMAL,0,0,33,18,12,36,18,12,36,15,15,0,0,0,0
51824,54,ring,12243,0,0,0,33,48,462,672,1,100,30613,17837,0,15,2,18,18,NORMAL,0,0,33,18,12,36,18,12,36,15,15,0,0,0,0
50939,52,ring,11289,0,0,0,33,48,462,672,1,100,30669,17931,0,15,2,18,18,NORMAL,0,0,33,18,12,36,18,12,36,15,15,0,0,0,0
50954,20,ring,9739,0,0,0,34,48,476,672,1,100,32008,18111,0,14,2,20,20,NORMAL,0,0,34,18,10,40,18,10,40,14,14,0,0,0,0
51664,92,ring,9097,1,0,0,28,40,392,560,1,100,37144,10255,0,14,3,15,15,NORMAL,0,0,28,16,10,30,14,10,30,12,13,0,0,0,0
50979,93,ring,8442,1,0,0,28,41,392,574,1,100,37055,10313,0,15,3,15,15,NORMAL,0,0,28,16,10,30,16,10,30,13,13,0,0,0,0
51648,16,ring,10146,0,0,0,34,48,476,672,1,100,32266,18125,0,14,2,20,20,NORMAL,0,0,34,18,10,40,18,10,40,14,14,0,0,0,0
51415,63,ring,12229,0,0,0,31,45,434,630,1,100,33883,14394,0,15,3,17,17,NORMAL,0,0,31,16,12,34,16,12,34,14,14,0,0,0,0
51481,83,ring,13185,0,0,0,30,44,420,616,1,100,33369,14158,0,15,3,16,16,NORMAL,0,0,30,16,12,32,16,12,32,14,14,0,0,0,0
51197,78,ring,12690,0,0,0,30,43,420,602,1,100,33516,14064,0,14,3,17,17,NORMAL,0,0,30,14,12,34,14,12,34,13,13,0,0,0,0
51075,49,ring,11201,0,0,0,33,48,462,672,1,100,30765,18090,0,15,2,18,18,NORMAL,0,0,33,18,12,36,18,12,36,15,15,0,0,0,0
51975,19,ring,10571,0,0,0,34,48,476,672,1,100,32212,18070,0,14,2,20,20,NORMAL,0,0,34,18,10,40,18,10,40,14,14,0,0,0,0
51890,74,ring,13168,0,0,0,30,43,420,602,1,100,33735,14054,0,14,3,17,17,NORMAL,0,0,30,14,12,34,14,12,34,13,13,0,0,0,0
51957,94,ring,9393,0,0,0,28,41,392,574,1,100,37105,10274,0,14,3,15,15,NORMAL,0,0,28,16,10,30,16,10,30,13,13,0,0,0,0
51535,7,ring,9558,0,0,0,35,49,490,686,1,100,32753,18195,0,14,2,21,21,NORMAL,0,0,35,18,10,42,18,10,42,14,14,0,0,0,0
51263,57,ring,11629,0,0,0,33,48,462,672,1,100,30643,17922,0,15,2,18,18,NORMAL,0,0,33,18,12,36,18,12,36,15,15,0,0,0,0
51217,86,ring,12952,1,1,4787,29,43,406,602,1,100,37243,10232,0,15,3,16,16,NORMAL,0,2,29,14,12,32,16,12,32,14,13,0,0,0,0
51551,60,ring,12027,0,0,0,33,48,462,672,1,100,30613,17976,0,15,2,18,18,NORMAL,0,0,33,18,12,36,18,12,36,15,15,0,0,0,0
51293,34,ring,10398,0,0,0,34,49,476,686,1,100,31664,18032,0,15,2,19,19,NORMAL,0,0,34,18,12,38,18,12,38,15,15,0,0,0,0
51348,43,ring,10950,0,0,0,34,49,476,686,1,100,31200,18154,0,15,2,19,19,NORMAL,0,0,34,18,12,38,18,12,38,15,15,0,0,0,0
51268,61,ring,11714,0,0,0,33,48,462,672,1,100,30635,17970,0,15,2,18,18,NORMAL,0,0,33,18,12,36,18,12,36,15,15,0,0,0,0
51972,62,ring,12464,0,0,0,30,45,420,630,1,100,34212,14387,0,16,3,17,17,NORMAL,0,0,30,14,12,34,18,12,34,15,13,1,0,0,0
51821,28,ring,10463,0,0,0,34,49,476,686,1,100,32175,17971,0,15,2,19,19,NORMAL,0,0,34,18,12,38,18,12,38,15,15,0,0,0,0
51656,18,ring,9856,0,0,0,34,48,476,672,1,100,32639,18007,0,14,2,20,20,NORMAL,0,0,34,18,10,40,18,10,40,14,14,0,0,0,0
51430,31,ring,10200,0,0,0,34,49,476,686,1,100,32029,18010,0,15,2,19,19,NORMAL,0,0,34,18,12,38,18,12,38,15,15,0,0,0,0
51987,30,ring,10677,0,0,0,34,49,476,686,1,100,32108,18004,0,15,2,19,19,NORMAL,0,0,34,18,12,38,18,12,38,15,15,0,0,0,0
51769,45,ring,11204,0,0,0,34,49,476,686,1,100,31425,18077,0,15,2,19,19,NORMAL,0,0,34,18,12,38,18,12,38,15,15,0,0,0,0
51469,72,ring,12248,0,0,0,30,44,420,616,1,100,34143,14175,0,15,3,17,17,NORMAL,0,0,30,14,12,34,16,12,34,14,13,0,0,0,0
51905,42,ring,11106,0,0,0,34,49,476,686,1,100,31595,18114,0,15,2,19,19,NORMAL,0,0,34,18,12,38,18,12,38,15,15,0,0,0,0
51672,89,ring,8347,1,0,0,28,40,392,560,1,100,37900,10289,0,14,3,15,15,NORMAL,0,0,28,16,10,30,14,10,30,12,13,0,0,0,0
51950,85,ring,13127,0,0,0,30,44,420,616,1,100,33879,14167,0,15,3,16,16,NORMAL,0,0,30,16,12,32,16,12,32,14,14,0,0,0,0
51920,10,ring,9428,0,0,0,34,48,476,672,1,100,33210,18230,0,14,1,21,21,NORMAL,0,0,34,16,10,42,18,10,42,14,13,1,0,0,0
51839,22,ring,9849,0,0,0,34,48,476,672,1,100,32801,18072,0,14,2,20,20,NORMAL,0,0,34,18,10,40,18,10,40,14,14,0,0,0,0
60260,24,ring,10790,0,0,0,38,53,532,742,1,100,40275,18044,0,15,2,23,23,NORMAL,0,0,38,18,12,46,18,12,46,15,15,0,0,0,0
60230,88,ring,9045,3,3,14852,32,45,448,630,1,100,50291,5709,0,14,4,20,20,NORMAL,0,6,32,14,10,40,14,12,40,13,12,0,0,0,0
60109,80,ring,13321,1,0,0,35,48,490,672,1,100,41795,14205,0,15,4,21,21,NORMAL,0,0,35,16,12,42,14,12,42,13,14,0,0,0,0
60042,39,ring,11199,0,0,0,38,53,532,742,1,100,39655,18128,0,15,2,23,23,NORMAL,0,0,38,18,12,46,18,12,46,15,15,0,0,0,0
60330,1,ring,9717,0,0,0,39,58,546,812,1,100,50498,9101,0,19,2,25,25,NORMAL,0,0,39,18,10,50,18,20,50,14,14,0,0,0,0
60315,33,ring,11055,0,0,0,38,53,532,742,1,100,40037,18003,0,15,2,23,23,NORMAL,0,0,38,18,12,46,18,12,46,15,15,0,0,0,0
60312,76,ring,13247,0,0,0,34,47,476,658,1,100,42117,14024,0,14,4,21,21,NORMAL,0,0,34,14,12,42,14,12,42,13,13,0,0,0,0
60327,44,ring,11658,0,0,0,38,53,532,742,1,100,39528,18076,0,15,2,23,23,NORMAL,0,0,38,18,12,46,18,12,46,15,15,0,0,0,0
60518,50,ring,12125,0,0,0,38,53,532,742,1,100,39344,17987,0,15,2,23,23,NORMAL,0,0,38,18,12,46,18,12,46,15,15,0,0,0,0
60057,47,ring,11466,0,0,0,38,53,532,742,1,100,39436,18093,0,15,2,23,23,NORMAL,0,0,38,18,12,46,18,12,46,15,15,0,0,0,0
60463,41,ring,11516,0,0,0,38,53,532,742,1,100,39777,18089,0,15,2,23,23,NORMAL,0,0,38,18,12,46,18,12,46,15,15,0,0,0,0
60651,11,ring,10243,0,0,0,39,53,546,742,1,100,41125,18228,0,14,2,25,25,NORMAL,0,0,39,18,10,50,18,10,50,14,14,0,0,0,0
60478,9,ring,9912,0,0,0,39,53,546,742,1,100,41302,18182,0,14,2,25,25,NORMAL,0,0,39,18,10,50,18,10,50,14,14,0,0,0,0
60381,27,ring,10604,0,0,0,38,53,532,742,1,100,40609,17960,0,15,2,23,23,NORMAL,0,0,38,18,12,46,18,12,46,15,15,0,0,0,0
60193,4,ring,9316,0,0,0,39,53,546,742,1,100,41689,18142,0,14,2,25,25,NORMAL,0,0,39,18,10,50,18,10,50,14,14,0,0,0,0
60599,38,ring,11336,0,0,0,38,53,532,742,1,100,40085,18135,0,15,2,23,23,NORMAL,0,0,38,18,12,46,18,12,46,15,15,0,0,0,0
60150,100,ring,9083,1,0,0,45,46,630,644,1,100,41769,18233,0,14,2,26,19,LEADER,1,19,45,18,20,52,16,10,38,13,14,0,0,0,0
60503,82,ring,13334,0,0,0,35,49,490,686,1,100,42234,14192,0,15,4,21,21,NORMAL,0,0,35,16,12,42,16,12,42,14,14,0,0,0,0
60511,46,ring,11555,0,0,0,38,53,532,742,1,100,39829,18070,0,15,2,23,23,NORMAL,0,0,38,18,12,46,18,12,46,15,15,0,0,0,0
60614,6,ring,9713,0,0,0,39,53,546,742,1,100,41688,18156,0,14,2,25,25,NORMAL,0,0,39,18,10,50,18,10,50,14,14,0,0,0,0
60027,71,ring,12294,0,0,0,35,48,490,672,1,100,42640,14186,0,14,4,22,22,NORMAL,0,0,35,14,12,44,14,12,44,13,13,1,0,0,0
60094,91,ring,8497,0,0,0,31,44,434,616,1,100,46192,10244,0,14,4,19,19,NORMAL,0,0,31,14,10,38,16,10,38,13,12,1,0,0,0
60245,56,ring,11650,0,0,0,38,53,532,742,1,100,39602,17905,0,15,2,23,23,NORMAL,0,0,38,18,12,46,18,12,46,15,15,0,0,0,0
60366,79,ring,12844,0,0,0,35,48,490,672,1,100,42511,14059,0,14,4,22,22,NORMAL,0,0,35,14,12,44,14,12,44,13,13,0,0,0,0
60688,13,ring,9991,0,0,0,39,53,546,742,1,100,41473,18187,0,14,2,25,25,NORMAL,0,0,39,18,10,50,18,10,50,14,14,0,0,0,0
60300,65,ring,12115,0,0,0,36,50,504,700,1,100,42942,14355,0,15,3,22,22,NORMAL,0,0,36,16,12,44,16,12,44,14,14,0,0,0,0
60275,98,ring,8834,0,0,0,32,45,448,630,1,100,45985,10244,0,14,4,19,19,NORMAL,0,0,32,16,10,38,16,10,38,13,13,0,0,0,0
60842,96,ring,9289,1,0,0,33,46,462,644,1,100,46154,10190,0,15,4,20,20,NORMAL,0,0,33,16,10,40,16,10,40,13,13,0,0,0,0
60163,68,ring,12032,0,0,0,36,50,504,700,1,100,42906,14285,0,15,3,22,22,NORMAL,0,0,36,16,12,44,16,12,44,14,14,0,0,0,0
60178,36,ring,10395,0,0,0,38,53,532,742,1,100,40522,18128,0,15,2,23,23,NORMAL,0,0,38,18,12,46,18,12,46,15,15,0,0,0,0
60706,99,ring,9247,1,1,5231,33,46,462,644,1,100,42249,14052,0,13,4,20,20,NORMAL,0,2,33,16,10,40,16,10,40,13,13,0,0,0,0
60805,81,ring,13233,0,0,0,35,49,490,686,1,100,42611,14197,0,15,4,21,21,NORMAL,0,0,35,16,12,42,16,12,42,14,14,0,0,0,0
60850,53,ring,11911,0,0,0,38,53,532,742,1,100,39999,17856,0,15,2,23,23,NORMAL,0,0,38,18,12,46,18,12,46,15,15,0,0,0,0
60533,51,ring,11500,0,0,0,38,53,532,742,1,100,40035,17937,0,15,2,23,23,NORMAL,0,0,38,18,12,46,18,12,46,15,15,0,0,0,0
60351,15,ring,9558,0,0,0,38,52,532,728,1,100,41597,18128,0,14,2,24,24,NORMAL,0,0,38,18,10,48,18,10,48,14,14,0,0,0,0
60448,73,ring,12479,0,0,0,35,48,490,672,1,100,42891,14159,0,14,4,22,22,NORMAL,0,0,35,14,12,44,14,12,44,13,13,0,0,0,0
60751,3,ring,9326,0,0,0,40,54,560,756,1,100,42197,18185,0,14,2,26,26,NORMAL,0,0,40,18,10,52,18,10,52,14,14,0,0,0,0
60536,5,ring,9143,0,0,0,40,54,560,756,1,100,42210,18168,0,14,2,26,26,NORMAL,0,0,40,18,10,52,18,10,52,14,14,0,0,0,0
60736,35,ring,10687,0,0,0,38,53,532,742,1,100,40778,18133,0,15,2,23,23,NORMAL,0,0,38,18,12,46,18,12,46,15,15,0,0,0,0
61013,66,ring,12559,0,0,0,36,50,504,700,1,100,43222,14347,0,15,3,22,22,NORMAL,0,0,36,16,12,44,16,12,44,14,14,0,0,0,0
60396,21,ring,9761,0,0,0,39,53,546,742,1,100,41451,18109,0,14,2,25,25,NORMAL,0,0,39,18,10,50,18,10,50,14,14,0,0,0,0
61145,26,ring,10661,0,0,0,38,53,532,742,1,100,41329,17994,0,15,2,23,23,NORMAL,0,0,38,18,12,46,18,12,46,15,15,0,0,0,0
60924,84,ring,13242,0,0,0,35,49,490,686,1,100,42697,14226,0,15,4,21,21,NORMAL,0,0,35,16,12,42,16,12,42,14,14,0,0,0,0
60721,67,ring,12281,0,0,0,36,50,504,700,1,100,43196,14349,0,15,3,22,22,NORMAL,0,0,36,16,12,44,16,12,44,14,14,0,0,0,0
61308,2,ring,9731,0,0,0,40,54,560,756,1,100,42383,18189,0,14,2,26,26,NORMAL,0,0,40,18,10,52,18,10,52,14,14,0,0,0,0
60584,70,ring,12243,0,0,0,35,49,490,686,1,100,43175,14230,0,15,3,22,22,NORMAL,0,0,35,14,12,44,16,12,44,14,12,1,0,0,0
61460,90,ring,9248,0,0,0,33,46,462,644,1,100,46759,10278,0,14,3,20,20,NORMAL,0,0,33,16,10,40,16,10,40,13,13,0,0,0,0
60817,23,ring,10092,0,0,0,38,52,532,728,1,100,41550,18011,0,14,2,24,24,NORMAL,0,0,38,18,10,48,18,10,48,14,14,1,0,0,0
60669,55,ring,11447,0,0,0,38,53,532,742,1,100,40239,17835,0,15,2,23,23,NORMAL,0,0,38,18,12,46,18,12,46,15,15,0,0,0,0
61300,59,ring,12323,0,0,0,38,53,532,742,1,100,40017,17991,0,15,2,23,23,NORMAL,0,0,38,18,12,46,18,12,46,15,15,0,0,0,0
61157,37,ring,11070,0,0,0,38,53,532,742,1,100,40875,18136,0,15,2,23,23,NORMAL,0,0,38,18,12,46,18,12,46,15,15,0,0,0,0
60787,87,ring,13119,0,0,0,34,47,476,658,1,100,46629,10298,0,14,4,21,21,NORMAL,0,0,34,14,12,42,14,12,42,13,13,0,0,0,0
60666,58,ring,11596,0,0,0,38,53,532,742,1,100,40095,17951,0,15,2,23,23,NORMAL,0,0,38,18,12,46,18,12,46,15,15,0,0,0,0
60872,32,ring,10452,0,0,0,39,54,546,756,1,100,41182,18021,0,15,2,24,24,NORMAL,0,0,39,18,12,48,18,12,48,15,15,0,0,0,0
61009,29,ring,10457,0,0,0,39,54,546,756,1,100,41356,17998,0,15,2,24,24,NORMAL,0,0,39,18,12,48,18,12,48,15,15,0,0,0,0
61212,25,ring,10524,0,0,0,39,54,546,756,1,100,41498,18029,0,15,2,24,24,NORMAL,0,0,39,18,12,48,18,12,48,15,15,0,0,0,0
61278,12,ring,9924,0,0,0,40,54,560,756,1,100,42062,18231,0,14,2,26,26,NORMAL,0,0,40,18,10,52,18,10,52,14,14,0,0,0,0
61173,97,ring,9067,0,0,0,33,46,462,644,1,100,46668,10221,0,14,3,20,20,NORMAL,0,0,33,16,10,40,16,10,40,13,13,0,0,0,0
61227,14,ring,9918,0,0,0,40,54,560,756,1,100,42107,18177,0,14,2,26,26,NORMAL,0,0,40,18,10,52,18,10,52,14,14,0,0,0,0
60857,64,ring,11981,0,0,0,36,50,504,700,1,100,43596,14404,0,15,3,22,22,NORMAL,0,0,36,16,12,44,16,12,44,14,14,0,0,0,0
61142,69,ring,12445,0,0,0,36,50,504,700,1,100,43515,14248,0,15,3,22,22,NORMAL,0,0,36,16,12,44,16,12,44,14,13,0,0,0,0
61536,40,ring,11337,0,0,0,38,53,532,742,1,100,41029,18070,0,15,2,23,23,NORMAL,0,0,38,18,12,46,18,12,46,15,15,0,0,0,0
61090,17,ring,9801,0,0,0,39,53,546,742,1,100,42116,18064,0,14,2,25,25,NORMAL,0,0,39,18,10,50,18,10,50,14,14,0,0,0,0
61499,8,ring,9783,0,0,0,40,54,560,756,1,100,42470,18179,0,14,2,26,26,NORMAL,0,0,40,18,10,52,18,10,52,14,14,0,0,0,0
61333,75,ring,12849,0,0,0,35,48,490,672,1,100,43542,13999,0,14,3,22,22,NORMAL,0,0,35,14,12,44,14,12,44,13,13,0,0,0,0
61400,95,ring,9055,0,0,0,32,45,448,630,1,100,46945,10176,0,14,3,20,20,NORMAL,0,0,32,14,10,40,16,10,40,13,12,1,0,0,0
61754,77,ring,13364,0,0,0,35,48,490,672,1,100,43365,14112,0,14,3,22,22,NORMAL,0,0,35,14,12,44,14,12,44,13,13,0,0,0,0
61633,48,ring,11819,0,0,0,38,53,532,742,1,100,40670,18099,0,15,2,23,23,NORMAL,0,0,38,18,12,46,18,12,46,15,15,0,0,0,0
61824,54,ring,12243,0,0,0,38,53,532,742,1,100,40613,17837,0,15,2,23,23,NORMAL,0,0,38,18,12,46,18,12,46,15,15,0,0,0,0
60939,52,ring,11289,0,0,0,38,53,532,742,1,100,40669,17931,0,15,2,23,23,NORMAL,0,0,38,18,12,46,18,12,46,15,15,0,0,0,0
60954,20,ring,9739,0,0,0,39,53,546,742,1,100,42008,18111,0,14,2,25,25,NORMAL,0,0,39,18,10,50,18,10,50,14,14,0,0,0,0
61664,92,ring,9097,1,0,0,33,45,462,630,1,100,47144,10255,0,14,3,20,20,NORMAL,0,0,33,16,10,40,14,10,40,12,13,0,0,0,0
60979,93,ring,8442,1,0,0,33,46,462,644,1,100,47055,10313,0,15,3,20,20,NORMAL,0,0,33,16,10,40,16,10,40,13,13,0,0,0,0
61648,16,ring,10146,0,0,0,39,53,546,742,1,100,42266,18125,0,14,2,25,25,NORMAL,0,0,39,18,10,50,18,10,50,14,14,0,0,0,0
61415,63,ring,12229,0,0,0,36,50,504,700,1,100,43883,14394,0,15,3,22,22,NORMAL,0,0,36,16,12,44,16,12,44,14,14,0,0,0,0
61481,83,ring,13185,0,0,0,35,49,490,686,1,100,43369,14158,0,15,3,21,21,NORMAL,0,0,35,16,12,42,16,12,42,14,14,0,0,0,0
61197,78,ring,12690,0,0,0,35,48,490,672,1,100,43516,14064,0,14,3,22,22,NORMAL,0,0,35,14,12,44,14,12,44,13,13,0,0,0,0
61075,49,ring,11201,0,0,0,38,53,532,742,1,100,40765,18090,0,15,2,23,23,NORMAL,0,0,38,18,12,46,18,12,46,15,15,0,0,0,0
61975,19,ring,10571,0,0,0,39,53,546,742,1,100,42212,18070,0,14,2,25,25,NORMAL,0,0,39,18,10,50,18,10,50,14,14,0,0,0,0
61890,74,ring,13168,0,0,0,35,48,490,672,1,100,43735,14054,0,14,3,22,22,NORMAL,0,0,35,14,12,44,14,12,44,13,13,0,0,0,0
61957,94,ring,9393,0,0,0,33,46,462,644,1,100,47105,10274,0,14,3,20,20,NORMAL,0,0,33,16,10,40,16,10,40,13,13,0,0,0,0
61535,7,ring,9558,0,0,0,40,54,560,756,1,100,42753,18195,0,14,2,26,26,NORMAL,0,0,40,18,10,52,18,10,52,14,14,0,0,0,0
61263,57,ring,11629,0,0,0,38,53,532,742,1,100,40643,17922,0,15,2,23,23,NORMAL,0,0,38,18,12,46,18,12,46,15,15,0,0,0,0
61217,86,ring,12952,1,1,4787,34,48,476,672,1,100,47243,10232,0,15,3,21,21,NORMAL,0,2,34,14,12,42,16,12,42,14,13,0,0,0,0
61551,60,ring,12027,0,0,0,38,53,532,742,1,100,40613,17976,0,15,2,23,23,NORMAL,0,0,38,18,12,46,18,12,46,15,15,0,0,0,0
61293,34,ring,10398,0,0,0,39,54,546,756,1,100,41664,18032,0,15,2,24,24,NORMAL,0,0,39,18,12,48,18,12,48,15,15,0,0,0,0
61348,43,ring,10950,0,0,0,39,54,546,756,1,100,41200,18154,0,15,2,24,24,NORMAL,0,0,39,18,12,48,18,12,48,15,15,0,0,0,0
61268,61,ring,11714,0,0,0,38,53,532,742,1,100,40635,17970,0,15,2,23,23,NORMAL,0,0,38,18,12,46,18,12,46,15,15,0,0,0,0
61972,62,ring,12464,0,0,0,35,50,490,700,1,100,44212,14387,0,16,3,22,22,NORMAL,0,0,35,14,12,44,18,12,44,15,13,1,0,0,0
61821,28,ring,10463,0,0,0,39,54,546,756,1,100,42175,17971,0,15,2,24,24,NORMAL,0,0,39,18,12,48,18,12,48,15,15,0,0,0,0
61656,18,ring,9856,0,0,0,39,53,546,742,1,100,42639,18007,0,14,2,25,25,NORMAL,0,0,39,18,10,50,18,10,50,14,14,0,0,0,0
61430,31,ring,10200,0,0,0,39,54,546,756,1,100,42029,18010,0,15,2,24,24,NORMAL,0,0,39,18,12,48,18,12,48,15,15,0,0,0,0
61987,30,ring,10677,0,0,0,39,54,546,756,1,100,42108,18004,0,15,2,24,24,NORMAL,0,0,39,18,12,48,18,12,48,15,15,0,0,0,0
61769,45,ring,11204,0,0,0,39,54,546,756,1,100,41425,18077,0,15,2,24,24,NORMAL,0,0,39,18,12,48,18,12,48,15,15,0,0,0,0
61469,72,ring,12248,0,0,0,35,49,490,686,1,100,44143,14175,0,15,3,22,22,NORMAL,0,0,35,14,12,44,16,12,44,14,13,0,0,0,0
61905,42,ring,11106,0,0,0,39,54,546,756,1,100,41595,18114,0,15,2,24,24,NORMAL,0,0,39,18,12,48,18,12,48,15,15,0,0,0,0
61672,89,ring,8347,1,0,0,33,45,462,630,1,100,47900,10289,0,14,3,20,20,NORMAL,0,0,33,16,10,40,14,10,40,12,13,0,0,0,0
61950,85,ring,13127,0,0,0,35,49,490,686,1,100,43879,14167,0,15,3,21,21,NORMAL,0,0,35,16,12,42,16,12,42,14,14,0,0,0,0
61920,10,ring,9428,0,0,0,39,53,546,742,1,100,43210,18230,0,14,1,26,26,NORMAL,0,0,39,16,10,52,18,10,52,14,13,1,0,0,0
61839,22,ring,9849,0,0,0,39,53,546,742,1,100,42801,18072,0,14,2,25,25,NORMAL,0,0,39,18,10,50,18,10,50,14,14,0,0,0,0
70260,24,ring,10790,0,0,0,43,58,602,812,1,100,50275,18044,0,15,2,28,28,NORMAL,0,0,43,18,12,56,18,12,56,15,15,0,0,0,0
70230,88,ring,9045,3,3,14852,37,50,518,700,1,100,60291,5709,0,14,4,25,25,NORMAL,0,6,37,14,10,50,14,12,50,13,12,0,0,0,0
70109,80,ring,13321,1,0,0,40,53,560,742,1,100,51795,14205,0,15,4,26,26,NORMAL,0,0,40,16,12,52,14,12,52,13,14,0,0,0,0
70042,39,ring,11199,0,0,0,43,58,602,812,1,100,49655,18128,0,15,2,28,28,NORMAL,0,0,43,18,12,56,18,12,56,15,15,0,0,0,0
70330,1,ring,9717,0,0,0,44,63,616,882,1,100,60498,9101,0,19,2,30,30,NORMAL,0,0,44,18,10,60,18,20,60,14,14,0,0,0,0
70315,33,ring,11055,0,0,0,43,58,602,812,1,100,50037,18003,0,15,2,28,28,NORMAL,0,0,43,18,12,56,18,12,56,15,15,0,0,0,0
70312,76,ring,13247,0,0,0,39,52,546,728,1,100,52117,14024,0,14,4,26,26,NORMAL,0,0,39,14,12,52,14,12,52,13,13,0,0,0,0
70327,44,ring,11658,0,0,0,43,58,602,812,1,100,49528,18076,0,15,2,28,28,NORMAL,0,0,43,18,12,56,18,12,56,15,15,0,0,0,0
70518,50,ring,12125,0,0,0,43,58,602,812,1,100,49344,17987,0,15,2,28,28,NORMAL,0,0,43,18,12,56,18,12,56,15,15,0,0,0,0
70057,47,ring,11466,0,0,0,43,58,602,812,1,100,49436,18093,0,15,2,28,28,NORMAL,0,0,43,18,12,56,18,12,56,15,15,0,0,0,0
70463,41,ring,11516,0,0,0,43,58,602,812,1,100,49777,18089,0,15,2,28,28,NORMAL,0,0,43,18,12,56,18,12,56,15,15,0,0,0,0
70651,11,ring,10243,0,0,0,44,58,616,812,1,100,51125,18228,0,14,2,30,30,NORMAL,0,0,44,18,10,60,18,10,60,14,14,0,0,0,0
70478,9,ring,9912,0,0,0,44,58,616,812,1,100,51302,18182,0,14,2,30,30,NORMAL,0,0,44,18,10,60,18,10,60,14,14,0,0,0,0
70381,27,ring,10604,0,0,0,43,58,602,812,1,100,50609,17960,0,15,2,28,28,NORMAL,0,0,43,18,12,56,18,12,56,15,15,0,0,0,0
70193,4,ring,9316,0,0,0,44,58,616,812,1,100,51689,18142,0,14,2,30,30,NORMAL,0,0,44,18,10,60,18,10,60,14,14,0,0,0,0
70599,38,ring,11336,0,0,0,43,58,602,812,1,100,50085,18135,0,15,2,28,28,NORMAL,0,0,43,18,12,56,18,12,56,15,15,0,0,0,0
70150,100,ring,9083,1,0,0,50,51,700,714,1,100,51769,18233,0,14,2,31,24,LEADER,1,24,50,18,20,62,16,10,48,13,14,0,0,0,0
70503,82,ring,13334,0,0,0,39,53,546,742,1,100,52234,14192,0,15,4,25,25,NORMAL,0,0,39,16,12,50,16,12,50,14,14,0,0,0,0
70511,46,ring,11555,0,0,0,43,58,602,812,1,100,49829,18070,0,15,2,28,28,NORMAL,0,0,43,18,12,56,18,12,56,15,15,0,0,0,0
70614,6,ring,9713,0,0,0,44,58,616,812,1,100,51688,18156,0,14,2,30,30,NORMAL,0,0,44,18,10,60,18,10,60,14,14,0,0,0,0
70027,71,ring,12294,0,0,0,40,53,560,742,1,100,52640,14186,0,14,4,27,27,NORMAL,0,0,40,14,12,54,14,12,54,13,13,1,0,0,0
70094,91,ring,8497,0,0,0,36,49,504,686,1,100,56192,10244,0,14,4,24,24,NORMAL,0,0,36,14,10,48,16,10,48,13,12,1,0,0,0
70245,56,ring,11650,0,0,0,43,58,602,812,1,100,49602,17905,0,15,2,28,28,NORMAL,0,0,43,18,12,56,18,12,56,15,15,0,0,0,0
70366,79,ring,12844,0,0,0,40,53,560,742,1,100,52511,14059,0,14,4,27,27,NORMAL,0,0,40,14,12,54,14,12,54,13,13,0,0,0,0
70688,13,ring,9991,0,0,0,44,58,616,812,1,100,51473,18187,0,14,2,30,30,NORMAL,0,0,44,18,10,60,18,10,60,14,14,0,0,0,0
70300,65,ring,12115,0,0,0,41,55,574,770,1,100,52942,14355,0,15,3,27,27,NORMAL,0,0,41,16,12,54,16,12,54,14,14,0,0,0,0
70275,98,ring,8834,0,0,0,37,50,518,700,1,100,55985,10244,0,14,4,24,24,NORMAL,0,0,37,16,10,48,16,10,48,13,13,0,0,0,0
70842,96,ring,9289,1,0,0,37,50,518,700,1,100,56154,10190,0,15,4,24,24,NORMAL,0,0,37,16,10,48,16,10,48,13,13,0,0,0,0
70163,68,ring,12032,0,0,0,41,55,574,770,1,100,52906,14285,0,15,3,27,27,NORMAL,0,0,41,16,12,54,16,12,54,14,14,0,0,0,0
70178,36,ring,10395,0,0,0,43,58,602,812,1,100,50522,18128,0,15,2,28,28,NORMAL,0,0,43,18,12,56,18,12,56,15,15,0,0,0,0
70706,99,ring,9247,1,1,5231,37,50,518,700,1,100,52249,14052,0,13,4,24,24,NORMAL,0,2,37,16,10,48,16,10,48,13,13,0,0,0,0
70805,81,ring,13233,0,0,0,40,54,560,756,1,100,52611,14197,0,15,4,26,26,NORMAL,0,0,40,16,12,52,16,12,52,14,14,0,0,0,0
70850,53,ring,11911,0,0,0,43,58,602,812,1,100,49999,17856,0,15,2,28,28,NORMAL,0,0,43,18,12,56,18,12,56,15,15,0,0,0,0
70533,51,ring,11500,0,0,0,43,58,602,812,1,100,50035,17937,0,15,2,28,28,NORMAL,0,0,43,18,12,56,18,12,56,15,15,0,0,0,0
70351,15,ring,9558,0,0,0,44,58,616,812,1,100,51597,18128,0,14,2,30,30,NORMAL,0,0,44,18,10,60,18,10,60,14,14,0,0,0,0
70448,73,ring,12479,0,0,0,40,53,560,742,1,100,52891,14159,0,14,4,27,27,NORMAL,0,0,40,14,12,54,14,12,54,13,13,0,0,0,0
70751,3,ring,9326,0,0,0,45,59,630,826,1,100,52197,18185,0,14,2,31,31,NORMAL,0,0,45,18,10,62,18,10,62,14,14,0,0,0,0
70536,5,ring,9143,0,0,0,45,59,630,826,1,100,52210,18168,0,14,2,31,31,NORMAL,0,0,45,18,10,62,18,10,62,14,14,0,0,0,0
70736,35,ring,10687,0,0,0,43,58,602,812,1,100,50778,18133,0,15,2,28,28,NORMAL,0,0,43,18,12,56,18,12,56,15,15,0,0,0,0
71013,66,ring,12559,0,0,0,41,55,574,770,1,100,53222,14347,0,15,3,27,27,NORMAL,0,0,41,16,12,54,16,12,54,14,14,0,0,0,0
70396,21,ring,9761,0,0,0,44,58,616,812,1,100,51451,18109,0,14,2,30,30,NORMAL,0,0,44,18,10,60,18,10,60,14,14,0,0,0,0
71148,26,ring,10661,0,0,0,44,59,616,826,1,100,51332,17994,0,15,2,29,29,NORMAL,0,0,44,18,12,58,18,12,58,15,15,0,0,0,0
70924,84,ring,13242,0,0,0,40,54,560,756,1,100,52697,14226,0,15,4,26,26,NORMAL,0,0,40,16,12,52,16,12,52,14,14,0,0,0,0
70721,67,ring,12281,0,0,0,41,55,574,770,1,100,53196,14349,0,15,3,27,27,NORMAL,0,0,41,16,12,54,16,12,54,14,14,0,0,0,0
71308,2,ring,9731,0,0,0,45,59,630,826,1,100,52383,18189,0,14,2,31,31,NORMAL,0,0,45,18,10,62,18,10,62,14,14,0,0,0,0
70584,70,ring,12243,0,0,0,40,54,560,756,1,100,53175,14230,0,15,3,27,27,NORMAL,0,0,40,14,12,54,16,12,54,14,12,1,0,0,0
71460,90,ring,9248,0,0,0,38,51,532,714,1,100,56759,10278,0,14,3,25,25,NORMAL,0,0,38,16,10,50,16,10,50,13,13,0,0,0,0
70817,23,ring,10092,0,0,0,43,57,602,798,1,100,51550,18011,0,14,2,29,29,NORMAL,0,0,43,18,10,58,18,10,58,14,14,1,0,0,0
70669,55,ring,11447,0,0,0,43,58,602,812,1,100,50239,17835,0,15,2,28,28,NORMAL,0,0,43,18,12,56,18,12,56,15,15,0,0,0,0
71300,59,ring,12323,0,0,0,43,58,602,812,1,100,50017,17991,0,15,2,28,28,NORMAL,0,0,43,18,12,56,18,12,56,15,15,0,0,0,0
71157,37,ring,11070,0,0,0,43,58,602,812,1,100,50875,18136,0,15,2,28,28,NORMAL,0,0,43,18,12,56,18,12,56,15,15,0,0,0,0
70787,87,ring,13119,0,0,0,39,52,546,728,1,100,56629,10298,0,14,4,26,26,NORMAL,0,0,39,14,12,52,14,12,52,13,13,0,0,0,0
70666,58,ring,11596,0,0,0,43,58,602,812,1,100,50095,17951,0,15,2,28,28,NORMAL,0,0,43,18,12,56,18,12,56,15,15,0,0,0,0
70872,32,ring,10452,0,0,0,44,59,616,826,1,100,51182,18021,0,15,2,29,29,NORMAL,0,0,44,18,12,58,18,12,58,15,15,0,0,0,0
71009,29,ring,10457,0,0,0,44,59,616,826,1,100,51356,17998,0,15,2,29,29,NORMAL,0,0,44,18,12,58,18,12,58,15,15,0,0,0,0
71212,25,ring,10524,0,0,0,44,59,616,826,1,100,51498,18029,0,15,2,29,29,NORMAL,0,0,44,18,12,58,18,12,58,15,15,0,0,0,0
71278,12,ring,9924,0,0,0,45,59,630,826,1,100,52062,18231,0,14,2,31,31,NORMAL,0,0,45,18,10,62,18,10,62,14,14,0,0,0,0
71173,97,ring,9067,0,0,0,38,51,532,714,1,100,56668,10221,0,14,3,25,25,NORMAL,0,0,38,16,10,50,16,10,50,13,13,0,0,0,0
71227,14,ring,9918,0,0,0,45,59,630,826,1,100,52107,18177,0,14,2,31,31,NORMAL,0,0,45,18,10,62,18,10,62,14,14,0,0,0,0
70857,64,ring,11981,0,0,0,41,55,574,770,1,100,53596,14404,0,15,3,27,27,NORMAL,0,0,41,16,12,54,16,12,54,14,14,0,0,0,0
71142,69,ring,12445,0,0,0,41,55,574,770,1,100,53515,14248,0,15,3,27,27,NORMAL,0,0,41,16,12,54,16,12,54,14,13,0,0,0,0
71536,40,ring,11337,0,0,0,43,58,602,812,1,100,51029,18070,0,15,2,28,28,NORMAL,0,0,43,18,12,56,18,12,56,15,15,0,0,0,0
71090,17,ring,9801,0,0,0,44,58,616,812,1,100,52116,18064,0,14,2,30,30,NORMAL,0,0,44,18,10,60,18,10,60,14,14,0,0,0,0
71499,8,ring,9783,0,0,0,45,59,630,826,1,100,52470,18179,0,14,2,31,31,NORMAL,0,0,45,18,10,62,18,10,62,14,14,0,0,0,0
71333,75,ring,12849,0,0,0,40,53,560,742,1,100,53542,13999,0,14,3,27,27,NORMAL,0,0,40,14,12,54,14,12,54,13,13,0,0,0,0
71400,95,ring,9055,0,0,0,37,50,518,700,1,100,56945,10176,0,14,3,25,25,NORMAL,0,0,37,14,10,50,16,10,50,13,12,1,0,0,0
71754,77,ring,13364,0,0,0,40,53,560,742,1,100,53365,14112,0,14,3,27,27,NORMAL,0,0,40,14,12,54,14,12,54,13,13,0,0,0,0
71633,48,ring,11819,0,0,0,43,58,602,812,1,100,50670,18099,0,15,2,28,28,NORMAL,0,0,43,18,12,56,18,12,56,15,15,0,0,0,0
71824,54,ring,12243,0,0,0,43,58,602,812,1,100,50613,17837,0,15,2,28,28,NORMAL,0,0,43,18,12,56,18,12,56,15,15,0,0,0,0
70939,52,ring,11289,0,0,0,43,58,602,812,1,100,50669,17931,0,15,2,28,28,NORMAL,0,0,43,18,12,56,18,12,56,15,15,0,0,0,0
70954,20,ring,9739,0,0,0,44,58,616,812,1,100,52008,18111,0,14,2,30,30,NORMAL,0,0,44,18,10,60,18,10,60,14,14,0,0,0,0
71664,92,ring,9097,1,0,0,38,50,532,700,1,100,57144,10255,0,14,3,25,25,NORMAL,0,0,38,16,10,50,14,10,50,12,13,0,0,0,0
70979,93,ring,8442,1,0,0,38,51,532,714,1,100,57055,10313,0,15,3,25,25,NORMAL,0,0,38,16,10,50,16,10,50,13,13,0,0,0,0
71648,16,ring,10146,0,0,0,44,58,616,812,1,100,52266,18125,0,14,2,30,30,NORMAL,0,0,44,18,10,60,18,10,60,14,14,0,0,0,0
71415,63,ring,12229,0,0,0,41,55,574,770,1,100,53883,14394,0,15,3,27,27,NORMAL,0,0,41,16,12,54,16,12,54,14,14,0,0,0,0
71481,83,ring,13185,0,0,0,40,54,560,756,1,100,53369,14158,0,15,3,26,26,NORMAL,0,0,40,16,12,52,16,12,52,14,14,0,0,0,0
71197,78,ring,12690,0,0,0,40,53,560,742,1,100,53516,14064,0,14,3,27,27,NORMAL,0,0,40,14,12,54,14,12,54,13,13,0,0,0,0
71075,49,ring,11201,0,0,0,43,58,602,812,1,100,50765,18090,0,15,2,28,28,NORMAL,0,0,43,18,12,56,18,12,56,15,15,0,0,0,0
71975,19,ring,10571,0,0,0,44,58,616,812,1,100,52212,18070,0,14,2,30,30,NORMAL,0,0,44,18,10,60,18,10,60,14,14,0,0,0,0
71890,74,ring,13168,0,0,0,40,53,560,742,1,100,53735,14054,0,14,3,27,27,NORMAL,0,0,40,14,12,54,14,12,54,13,13,0,0,0,0
71957,94,ring,9393,0,0,0,38,51,532,714,1,100,57105,10274,0,14,3,25,25,NORMAL,0,0,38,16,10,50,16,10,50,13,13,0,0,0,0
71535,7,ring,9558,0,0,0,45,59,630,826,1,100,52753,18195,0,14,2,31,31,NORMAL,0,0,45,18,10,62,18,10,62,14,14,0,0,0,0
71263,57,ring,11629,0,0,0,43,58,602,812,1,100,50643,17922,0,15,2,28,28,NORMAL,0,0,43,18,12,56,18,12,56,15,15,0,0,0,0
71217,86,ring,12952,1,1,4787,39,53,546,742,1,100,57243,10232,0,15,3,26,26,NORMAL,0,2,39,14,12,52,16,12,52,14,13,0,0,0,0
71551,60,ring,12027,0,0,0,43,58,602,812,1,100,50613,17976,0,15,2,28,28,NORMAL,0,0,43,18,12,56,18,12,56,15,15,0,0,0,0
71293,34,ring,10398,0,0,0,44,59,616,826,1,100,51664,18032,0,15,2,29,29,NORMAL,0,0,44,18,12,58,18,12,58,15,15,0,0,0,0
71348,43,ring,10950,0,0,0,44,59,616,826,1,100,51200,18154,0,15,2,29,29,NORMAL,0,0,44,18,12,58,18,12,58,15,15,0,0,0,0
71268,61,ring,11714,0,0,0,43,58,602,812,1,100,50635,17970,0,15,2,28,28,NORMAL,0,0,43,18,12,56,18,12,56,15,15,0,0,0,0
71972,62,ring,12464,0,0,0,40,55,560,770,1,100,54212,14387,0,16,3,27,27,NORMAL,0,0,40,14,12,54,18,12,54,15,13,1,0,0,0
71821,28,ring,10463,0,0,0,44,59,616,826,1,100,52175,17971,0,15,2,29,29,NORMAL,0,0,44,18,12,58,18,12,58,15,15,0,0,0,0
71656,18,ring,9856,0,0,0,44,58,616,812,1,100,52639,18007,0,14,2,30,30,NORMAL,0,0,44,18,10,60,18,10,60,14,14,0,0,0,0
71430,31,ring,10200,0,0,0,44,59,616,826,1,100,52029,18010,0,15,2,29,29,NORMAL,0,0,44,18,12,58,18,12,58,15,15,0,0,0,0
71987,30,ring,10677,0,0,0,44,59,616,826,1,100,52108,18004,0,15,2,29,29,NORMAL,0,0,44,18,12,58,18,12,58,15,15,0,0,0,0
71769,45,ring,11204,0,0,0,44,59,616,826,1,100,51425,18077,0,15,2,29,29,NORMAL,0,0,44,18,12,58,18,12,58,15,15,0,0,0,0
71469,72,ring,12248,0,0,0,40,54,560,756,1,100,54143,14175,0,15,3,27,27,NORMAL,0,0,40,14,12,54,16,12,54,14,13,0,0,0,0
71905,42,ring,11106,0,0,0,44,59,616,826,1,100,51595,18114,0,15,2,29,29,NORMAL,0,0,44,18,12,58,18,12,58,15,15,0,0,0,0
71672,89,ring,8347,1,0,0,38,50,532,700,1,100,57900,10289,0,14,3,25,25,NORMAL,0,0,38,16,10,50,14,10,50,12,13,0,0,0,0
71950,85,ring,13127,0,0,0,40,54,560,756,1,100,53879,14167,0,15,3,26,26,NORMAL,0,0,40,16,12,52,16,12,52,14,14,0,0,0,0
71920,10,ring,9428,0,0,0,44,58,616,812,1,100,53210,18230,0,14,1,31,31,NORMAL,0,0,44,16,10,62,18,10,62,14,13,1,0,0,0
71839,22,ring,9849,0,0,0,44,58,616,812,1,100,52801,18072,0,14,2,30,30,NORMAL,0,0,44,18,10,60,18,10,60,14,14,0,0,0,0
80260,24,ring,10790,0,0,0,48,63,672,882,1,100,60275,18044,0,15,2,33,33,NORMAL,0,0,48,18,12,66,18,12,66,15,15,0,0,0,0
80230,88,ring,9045,3,3,14852,42,55,588,770,1,100,70291,5709,0,14,4,30,30,NORMAL,0,6,42,14,10,60,14,12,60,13,12,0,0,0,0
80109,80,ring,13321,1,0,0,45,58,630,812,1,100,61795,14205,0,15,4,31,31,NORMAL,0,0,45,16,12,62,14,12,62,13,14,0,0,0,0
80042,39,ring,11199,0,0,0,48,63,672,882,1,100,59655,18128,0,15,2,33,33,NORMAL,0,0,48,18,12,66,18,12,66,15,15,0,0,0,0
80330,1,ring,9717,0,0,0,49,68,686,952,1,100,70498,9101,0,19,2,35,35,NORMAL,0,0,49,18,10,70,18,20,70,14,14,0,0,0,0
80315,33,ring,11055,0,0,0,48,63,672,882,1,100,60037,18003,0,15,2,33,33,NORMAL,0,0,48,18,12,66,18,12,66,15,15,0,0,0,0
80312,76,ring,13247,0,0,0,44,57,616,798,1,100,62117,14024,0,14,4,31,31,NORMAL,0,0,44,14,12,62,14,12,62,13,13,0,0,0,0
80327,44,ring,11658,0,0,0,48,63,672,882,1,100,59528,18076,0,15,2,33,33,NORMAL,0,0,48,18,12,66,18,12,66,15,15,0,0,0,0
80518,50,ring,12125,0,0,0,48,63,672,882,1,100,59344,17987,0,15,2,33,33,NORMAL,0,0,48,18,12,66,18,12,66,15,15,0,0,0,0
80057,47,ring,11466,0,0,0,48,63,672,882,1,100,59436,18093,0,15,2,33,33,NORMAL,0,0,48,18,12,66,18,12,66,15,15,0,0,0,0
80463,41,ring,11516,0,0,0,48,63,672,882,1,100,59777,18089,0,15,2,33,33,NORMAL,0,0,48,18,12,66,18,12,66,15,15,0,0,0,0
80651,11,ring,10243,0,0,0,49,63,686,882,1,100,61125,18228,0,14,2,35,35,NORMAL,0,0,49,18,10,70,18,10,70,14,14,0,0,0,0
80478,9,ring,9912,0,0,0,49,63,686,882,1,100,61302,18182,0,14,2,35,35,NORMAL,0,0,49,18,10,70,18,10,70,14,14,0,0,0,0
80381,27,ring,10604,0,0,0,48,63,672,882,1,100,60609,17960,0,15,2,33,33,NORMAL,0,0,48,18,12,66,18,12,66,15,15,0,0,0,0
80193,4,ring,9316,0,0,0,49,63,686,882,1,100,61689,18142,0,14,2,35,35,NORMAL,0,0,49,18,10,70,18,10,70,14,14,0,0,0,0
80599,38,ring,11336,0,0,0,48,63,672,882,1,100,60085,18135,0,15,2,33,33,NORMAL,0,0,48,18,12,66,18,12,66,15,15,0,0,0,0
80150,100,ring,9083,1,0,0,55,56,770,784,1,100,61769,18233,0,14,2,36,29,LEADER,1,29,55,18,20,72,16,10,58,13,14,0,0,0,0
80503,82,ring,13334,0,0,0,45,59,630,826,1,100,62234,14192,0,15,4,31,31,NORMAL,0,0,45,16,12,62,16,12,62,14,14,0,0,0,0
80511,46,ring,11555,0,0,0,48,63,672,882,1,100,59829,18070,0,15,2,33,33,NORMAL,0,0,48,18,12,66,18,12,66,15,15,0,0,0,0
80614,6,ring,9713,0,0,0,49,63,686,882,1,100,61688,18156,0,14,2,35,35,NORMAL,0,0,49,18,10,70,18,10,70,14,14,0,0,0,0
80027,71,ring,12294,0,0,0,45,58,630,812,1,100,62640,14186,0,14,4,32,32,NORMAL,0,0,45,14,12,64,14,12,64,13,13,1,0,0,0
80094,91,ring,8497,0,0,0,41,54,574,756,1,100,66192,10244,0,14,4,29,29,NORMAL,0,0,41,14,10,58,16,10,58,13,12,1,0,0,0
80245,56,ring,11650,0,0,0,48,63,672,882,1,100,59602,17905,0,15,2,33,33,NORMAL,0,0,48,18,12,66,18,12,66,15,15,0,0,0,0
80366,79,ring,12844,0,0,0,45,58,630,812,1,100,62511,14059,0,14,4,32,32,NORMAL,0,0,45,14,12,64,14,12,64,13,13,0,0,0,0
80688,13,ring,9991,0,0,0,49,63,686,882,1,100,61473,18187,0,14,2,35,35,NORMAL,0,0,49,18,10,70,18,10,70,14,14,0,0,0,0
80300,65,ring,12115,0,0,0,46,60,644,840,1,100,62942,14355,0,15,3,32,32,NORMAL,0,0,46,16,12,64,16,12,64,14,14,0,0,0,0
80275,98,ring,8834,0,0,0,42,55,588,770,1,100,65985,10244,0,14,4,29,29,NORMAL,0,0,42,16,10,58,16,10,58,13,13,0,0,0,0
80842,96,ring,9289,1,0,0,43,56,602,784,1,100,66154,10190,0,15,4,30,30,NORMAL,0,0,43,16,10,60,16,10,60,13,13,0,0,0,0
80163,68,ring,12032,0,0,0,46,60,644,840,1,100,62906,14285,0,15,3,32,32,NORMAL,0,0,46,16,12,64,16,12,64,14,14,0,0,0,0
80178,36,ring,10395,0,0,0,48,63,672,882,1,100,60522,18128,0,15,2,33,33,NORMAL,0,0,48,18,12,66,18,12,66,15,15,0,0,0,0
80706,99,ring,9247,1,1,5231,42,55,588,770,1,100,62249,14052,0,13,4,29,29,NORMAL,0,2,42,16,10,58,16,10,58,13,13,0,0,0,0
80805,81,ring,13233,0,0,0,45,59,630,826,1,100,62611,14197,0,15,4,31,31,NORMAL,0,0,45,16,12,62,16,12,62,14,14,0,0,0,0
80850,53,ring,11911,0,0,0,48,63,672,882,1,100,59999,17856,0,15,2,33,33,NORMAL,0,0,48,18,12,66,18,12,66,15,15,0,0,0,0
80533,51,ring,11500,0,0,0,48,63,672,882,1,100,60035,17937,0,15,2,33,33,NORMAL,0,0,48,18,12,66,18,12,66,15,15,0,0,0,0
80351,15,ring,9558,0,0,0,49,63,686,882,1,100,61597,18128,0,14,2,35,35,NORMAL,0,0,49,18,10,70,18,10,70,14,14,0,0,0,0
80448,73,ring,12479,0,0,0,45,58,630,812,1,100,62891,14159,0,14,4,32,32,NORMAL,0,0,45,14,12,64,14,12,64,13,13,0,0,0,0
80751,3,ring,9326,0,0,0,50,64,700,896,1,100,62197,18185,0,14,2,36,36,NORMAL,0,0,50,18,10,72,18,10,72,14,14,0,0,0,0
80536,5,ring,9143,0,0,0,50,64,700,896,1,100,62210,18168,0,14,2,36,36,NORMAL,0,0,50,18,10,72,18,10,72,14,14,0,0,0,0
80736,35,ring,10687,0,0,0,48,63,672,882,1,100,60778,18133,0,15,2,33,33,NORMAL,0,0,48,18,12,66,18,12,66,15,15,0,0,0,0
81013,66,ring,12559,0,0,0,46,60,644,840,1,100,63222,14347,0,15,3,32,32,NORMAL,0,0,46,16,12,64,16,12,64,14,14,0,0,0,0
80396,21,ring,9761,0,0,0,49,63,686,882,1,100,61451,18109,0,14,2,35,35,NORMAL,0,0,49,18,10,70,18,10,70,14,14,0,0,0,0
81145,26,ring,10661,0,0,0,49,64,686,896,1,100,61329,17994,0,15,2,34,34,NORMAL,0,0,49,18,12,68,18,12,68,15,15,0,0,0,0
80924,84,ring,13242,0,0,0,45,59,630,826,1,100,62697,14226,0,15,4,31,31,NORMAL,0,0,45,16,12,62,16,12,62,14,14,0,0,0,0
80721,67,ring,12281,0,0,0,46,60,644,840,1,100,63196,14349,0,15,3,32,32,NORMAL,0,0,46,16,12,64,16,12,64,14,14,0,0,0,0
81308,2,ring,9731,0,0,0,50,64,700,896,1,100,62383,18189,0,14,2,36,36,NORMAL,0,0,50,18,10,72,18,10,72,14,14,0,0,0,0
80584,70,ring,12243,0,0,0,45,59,630,826,1,100,63175,14230,0,15,3,32,32,NORMAL,0,0,45,14,12,64,16,12,64,14,12,1,0,0,0
81460,90,ring,9248,0,0,0,43,56,602,784,1,100,66759,10278,0,14,3,30,30,NORMAL,0,0,43,16,10,60,16,10,60,13,13,0,0,0,0
80817,23,ring,10092,0,0,0,48,62,672,868,1,100,61550,18011,0,14,2,34,34,NORMAL,0,0,48,18,10,68,18,10,68,14,14,1,0,0,0
80669,55,ring,11447,0,0,0,48,63,672,882,1,100,60239,17835,0,15,2,33,33,NORMAL,0,0,48,18,12,66,18,12,66,15,15,0,0,0,0
81300,59,ring,12323,0,0,0,48,63,672,882,1,100,60017,17991,0,15,2,33,33,NORMAL,0,0,48,18,12,66,18,12,66,15,15,0,0,0,0
81157,37,ring,11070,0,0,0,48,63,672,882,1,100,60875,18136,0,15,2,33,33,NORMAL,0,0,48,18,12,66,18,12,66,15,15,0,0,0,0
80787,87,ring,13119,0,0,0,44,57,616,798,1,100,66629,10298,0,14,4,31,31,NORMAL,0,0,44,14,12,62,14,12,62,13,13,0,0,0,0
80666,58,ring,11596,0,0,0,48,63,672,882,1,100,60095,17951,0,15,2,33,33,NORMAL,0,0,48,18,12,66,18,12,66,15,15,0,0,0,0
80872,32,ring,10452,0,0,0,49,64,686,896,1,100,61182,18021,0,15,2,34,34,NORMAL,0,0,49,18,12,68,18,12,68,15,15,0,0,0,0
81009,29,ring,10457,0,0,0,49,64,686,896,1,100,61356,17998,0,15,2,34,34,NORMAL,0,0,49,18,12,68,18,12,68,15,15,0,0,0,0
81212,25,ring,10524,0,0,0,49,64,686,896,1,100,61498,18029,0,15,2,34,34,NORMAL,0,0,49,18,12,68,18,12,68,15,15,0,0,0,0
81278,12,ring,9924,0,0,0,50,64,700,896,1,100,62062,18231,0,14,2,36,36,NORMAL,0,0,50,18,10,72,18,10,72,14,14,0,0,0,0
81173,97,ring,9067,0,0,0,43,56,602,784,1,100,66668,10221,0,14,3,30,30,NORMAL,0,0,43,16,10,60,16,10,60,13,13,0,0,0,0
81227,14,ring,9918,0,0,0,50,64,700,896,1,100,62107,18177,0,14,2,36,36,NORMAL,0,0,50,18,10,72,18,10,72,14,14,0,0,0,0
80857,64,ring,11981,0,0,0,46,60,644,840,1,100,63596,14404,0,15,3,32,32,NORMAL,0,0,46,16,12,64,16,12,64,14,14,0,0,0,0
81142,69,ring,12445,0,0,0,46,60,644,840,1,100,63515,14248,0,15,3,32,32,NORMAL,0,0,46,16,12,64,16,12,64,14,13,0,0,0,0
81536,40,ring,11337,0,0,0,49,64,686,896,1,100,61029,18070,0,15,2,34,34,NORMAL,0,0,49,18,12,68,18,12,68,15,15,0,0,0,0
81090,17,ring,9801,0,0,0,49,63,686,882,1,100,62116,18064,0,14,2,35,35,NORMAL,0,0,49,18,10,70,18,10,70,14,14,0,0,0,0
81499,8,ring,9783,0,0,0,50,64,700,896,1,100,62470,18179,0,14,2,36,36,NORMAL,0,0,50,18,10,72,18,10,72,14,14,0,0,0,0
81333,75,ring,12849,0,0,0,45,58,630,812,1,100,63542,13999,0,14,3,32,32,NORMAL,0,0,45,14,12,64,14,12,64,13,13,0,0,0,0
81400,95,ring,9055,0,0,0,42,55,588,770,1,100,66945,10176,0,14,3,30,30,NORMAL,0,0,42,14,10,60,16,10,60,13,12,1,0,0,0
81754,77,ring,13364,0,0,0,45,58,630,812,1,100,63365,14112,0,14,3,32,32,NORMAL,0,0,45,14,12,64,14,12,64,13,13,0,0,0,0
81633,48,ring,11819,0,0,0,48,63,672,882,1,100,60670,18099,0,15,2,33,33,NORMAL,0,0,48,18,12,66,18,12,66,15,15,0,0,0,0
81824,54,ring,12243,0,0,0,48,63,672,882,1,100,60613,17837,0,15,2,33,33,NORMAL,0,0,48,18,12,66,18,12,66,15,15,0,0,0,0
80939,52,ring,11289,0,0,0,48,63,672,882,1,100,60669,17931,0,15,2,33,33,NORMAL,0,0,48,18,12,66,18,12,66,15,15,0,0,0,0
80954,20,ring,9739,0,0,0,49,63,686,882,1,100,62008,18111,0,14,2,35,35,NORMAL,0,0,49,18,10,70,18,10,70,14,14,0,0,0,0
81664,92,ring,9097,1,0,0,43,55,602,770,1,100,67144,10255,0,14,3,30,30,NORMAL,0,0,43,16,10,60,14,10,60,12,13,0,0,0,0
80979,93,ring,8442,1,0,0,43,56,602,784,1,100,67055,10313,0,15,3,30,30,NORMAL,0,0,43,16,10,60,16,10,60,13,13,0,0,0,0
81648,16,ring,10146,0,0,0,49,63,686,882,1,100,62266,18125,0,14,2,35,35,NORMAL,0,0,49,18,10,70,18,10,70,14,14,0,0,0,0
81415,63,ring,12229,0,0,0,46,60,644,840,1,100,63883,14394,0,15,3,32,32,NORMAL,0,0,46,16,12,64,16,12,64,14,14,0,0,0,0
81481,83,ring,13185,0,0,0,45,59,630,826,1,100,63369,14158,0,15,3,31,31,NORMAL,0,0,45,16,12,62,16,12,62,14,14,0,0,0,0
81197,78,ring,12690,0,0,0,45,58,630,812,1,100,63516,14064,0,14,3,32,32,NORMAL,0,0,45,14,12,64,14,12,64,13,13,0,0,0,0
81075,49,ring,11201,0,0,0,49,64,686,896,1,100,60765,18090,0,15,2,34,34,NORMAL,0,0,49,18,12,68,18,12,68,15,15,0,0,0,0
81975,19,ring,10571,0,0,0,49,63,686,882,1,100,62212,18070,0,14,2,35,35,NORMAL,0,0,49,18,10,70,18,10,70,14,14,0,0,0,0
81890,74,ring,13168,0,0,0,45,58,630,812,1,100,63735,14054,0,14,3,32,32,NORMAL,0,0,45,14,12,64,14,12,64,13,13,0,0,0,0
81957,94,ring,9393,0,0,0,43,56,602,784,1,100,67105,10274,0,14,3,30,30,NORMAL,0,0,43,16,10,60,16,10,60,13,13,0,0,0,0
81535,7,ring,9558,0,0,0,50,64,700,896,1,100,62753,18195,0,14,2,36,36,NORMAL,0,0,50,18,10,72,18,10,72,14,14,0,0,0,0
81263,57,ring,11629,0,0,0,49,64,686,896,1,100,60643,17922,0,15,2,34,34,NORMAL,0,0,49,18,12,68,18,12,68,15,15,0,0,0,0
81217,86,ring,12952,1,1,4787,44,58,616,812,1,100,67243,10232,0,15,3,31,31,NORMAL,0,2,44,14,12,62,16,12,62,14,13,0,0,0,0
81551,60,ring,12027,0,0,0,49,64,686,896,1,100,60613,17976,0,15,2,34,34,NORMAL,0,0,49,18,12,68,18,12,68,15,15,0,0,0,0
81293,34,ring,10398,0,0,0,49,64,686,896,1,100,61664,18032,0,15,2,34,34,NORMAL,0,0,49,18,12,68,18,12,68,15,15,0,0,0,0
81348,43,ring,10950,0,0,0,49,64,686,896,1,100,61200,18154,0,15,2,34,34,NORMAL,0,0,49,18,12,68,18,12,68,15,15,0,0,0,0
81268,61,ring,11714,0,0,0,49,64,686,896,1,100,60635,17970,0,15,2,34,34,NORMAL,0,0,49,18,12,68,18,12,68,15,15,0,0,0,0
81972,62,ring,12464,0,0,0,46,61,644,854,1,100,64212,14387,0,16,3,33,33,NORMAL,0,0,46,14,12,66,18,12,66,15,13,1,0,0,0
81821,28,ring,10463,0,0,0,49,64,686,896,1,100,62175,17971,0,15,2,34,34,NORMAL,0,0,49,18,12,68,18,12,68,15,15,0,0,0,0
81656,18,ring,9856,0,0,0,49,63,686,882,1,100,62639,18007,0,14,2,35,35,NORMAL,0,0,49,18,10,70,18,10,70,14,14,0,0,0,0
81430,31,ring,10200,0,0,0,49,64,686,896,1,100,62029,18010,0,15,2,34,34,NORMAL,0,0,49,18,12,68,18,12,68,15,15,0,0,0,0
81987,30,ring,10677,0,0,0,49,64,686,896,1,100,62108,18004,0,15,2,34,34,NORMAL,0,0,49,18,12,68,18,12,68,15,15,0,0,0,0
81769,45,ring,11204,0,0,0,49,64,686,896,1,100,61425,18077,0,15,2,34,34,NORMAL,0,0,49,18,12,68,18,12,68,15,15,0,0,0,0
81469,72,ring,12248,0,0,0,46,60,644,840,1,100,64143,14175,0,15,3,33,33,NORMAL,0,0,46,14,12,66,16,12,66,14,13,0,0,0,0
81905,42,ring,11106,0,0,0,49,64,686,896,1,100,61595,18114,0,15,2,34,34,NORMAL,0,0,49,18,12,68,18,12,68,15,15,0,0,0,0
81672,89,ring,8347,1,0,0,43,55,602,770,1,100,67900,10289,0,14,3,30,30,NORMAL,0,0,43,16,10,60,14,10,60,12,13,0,0,0,0
81950,85,ring,13127,0,0,0,45,59,630,826,1,100,63879,14167,0,15,3,31,31,NORMAL,0,0,45,16,12,62,16,12,62,14,14,0,0,0,0
81920,10,ring,9428,0,0,0,49,63,686,882,1,100,63210,18230,0,14,1,36,36,NORMAL,0,0,49,16,10,72,18,10,72,14,13,1,0,0,0
81839,22,ring,9849,0,0,0,49,63,686,882,1,100,62801,18072,0,14,2,35,35,NORMAL,0,0,49,18,10,70,18,10,70,14,14,0,0,0,0
90260,24,ring,10790,0,0,0,53,68,742,952,1,100,70275,18044,0,15,2,38,38,NORMAL,0,0,53,18,12,76,18,12,76,15,15,0,0,0,0
90230,88,ring,9045,3,3,14852,47,60,658,840,1,100,80291,5709,0,14,4,35,35,NORMAL,0,6,47,14,10,70,14,12,70,13,12,0,0,0,0
90109,80,ring,13321,1,0,0,50,63,700,882,1,100,71795,14205,0,15,4,36,36,NORMAL,0,0,50,16,12,72,14,12,72,13,14,0,0,0,0
90042,39,ring,11199,0,0,0,53,68,742,952,1,100,69655,18128,0,15,2,38,38,NORMAL,0,0,53,18,12,76,18,12,76,15,15,0,0,0,0
90330,1,ring,9717,0,0,0,54,73,756,1022,1,100,80498,9101,0,19,2,40,40,NORMAL,0,0,54,18,10,80,18,20,80,14,14,0,0,0,0
90315,33,ring,11055,0,0,0,53,68,742,952,1,100,70037,18003,0,15,2,38,38,NORMAL,0,0,53,18,12,76,18,12,76,15,15,0,0,0,0
90312,76,ring,13247,0,0,0,49,62,686,868,1,100,72117,14024,0,14,4,36,36,NORMAL,0,0,49,14,12,72,14,12,72,13,13,0,0,0,0
90327,44,ring,11658,0,0,0,53,68,742,952,1,100,69528,18076,0,15,2,38,38,NORMAL,0,0,53,18,12,76,18,12,76,15,15,0,0,0,0
90518,50,ring,12125,0,0,0,53,68,742,952,1,100,69344,17987,0,15,2,38,38,NORMAL,0,0,53,18,12,76,18,12,76,15,15,0,0,0,0
90057,47,ring,11466,0,0,0,53,68,742,952,1,100,69436,18093,0,15,2,38,38,NORMAL,0,0,53,18,12,76,18,12,76,15,15,0,0,0,0
90463,41,ring,11516,0,0,0,53,68,742,952,1,100,69777,18089,0,15,2,38,38,NORMAL,0,0,53,18,12,76,18,12,76,15,15,0,0,0,0
90651,11,ring,10243,0,0,0,54,68,756,952,1,100,71125,18228,0,14,2,40,40,NORMAL,0,0,54,18,10,80,18,10,80,14,14,0,0,0,0
90478,9,ring,9912,0,0,0,54,68,756,952,1,100,71302,18182,0,14,2,40,40,NORMAL,0,0,54,18,10,80,18,10,80,14,14,0,0,0,0
90381,27,ring,10604,0,0,0,53,68,742,952,1,100,70609,17960,0,15,2,38,38,NORMAL,0,0,53,18,12,76,18,12,76,15,15,0,0,0,0
90193,4,ring,9316,0,0,0,54,68,756,952,1,100,71689,18142,0,14,2,40,40,NORMAL,0,0,54,18,10,80,18,10,80,14,14,0,0,0,0
90599,38,ring,11336,0,0,0,53,68,742,952,1,100,70085,18135,0,15,2,38,38,NORMAL,0,0,53,18,12,76,18,12,76,15,15,0,0,0,0
90150,100,ring,9083,1,0,0,60,61,840,854,1,100,71769,18233,0,14,2,41,34,LEADER,1,34,60,18,20,82,16,10,68,13,14,0,0,0,0
90503,82,ring,13334,0,0,0,49,63,686,882,1,100,72234,14192,0,15,4,35,35,NORMAL,0,0,49,16,12,70,16,12,70,14,14,0,0,0,0
90511,46,ring,11555,0,0,0,53,68,742,952,1,100,69829,18070,0,15,2,38,38,NORMAL,0,0,53,18,12,76,18,12,76,15,15,0,0,0,0
90614,6,ring,9713,0,0,0,54,68,756,952,1,100,71688,18156,0,14,2,40,40,NORMAL,0,0,54,18,10,80,18,10,80,14,14,0,0,0,0
90027,71,ring,12294,0,0,0,50,63,700,882,1,100,72640,14186,0,14,4,37,37,NORMAL,0,0,50,14,12,74,14,12,74,13,13,1,0,0,0
90094,91,ring,8497,0,0,0,46,59,644,826,1,100,76192,10244,0,14,4,34,34,NORMAL,0,0,46,14,10,68,16,10,68,13,12,1,0,0,0
90245,56,ring,11650,0,0,0,53,68,742,952,1,100,69602,17905,0,15,2,38,38,NORMAL,0,0,53,18,12,76,18,12,76,15,15,0,0,0,0
90366,79,ring,12844,0,0,0,50,63,700,882,1,100,72511,14059,0,14,4,37,37,NORMAL,0,0,50,14,12,74,14,12,74,13,13,0,0,0,0
90688,13,ring,9991,0,0,0,54,68,756,952,1,100,71473,18187,0,14,2,40,40,NORMAL,0,0,54,18,10,80,18,10,80,14,14,0,0,0,0
90300,65,ring,12115,0,0,0,51,65,714,910,1,100,72942,14355,0,15,3,37,37,NORMAL,0,0,51,16,12,74,16,12,74,14,14,0,0,0,0
90275,98,ring,8834,0,0,0,47,60,658,840,1,100,75985,10244,0,14,4,34,34,NORMAL,0,0,47,16,10,68,16,10,68,13,13,0,0,0,0
90842,96,ring,9289,1,0,0,47,60,658,840,1,100,76154,10190,0,15,4,34,34,NORMAL,0,0,47,16,10,68,16,10,68,13,13,0,0,0,0
90163,68,ring,12032,0,0,0,51,65,714,910,1,100,72906,14285,0,15,3,37,37,NORMAL,0,0,51,16,12,74,16,12,74,14,14,0,0,0,0
90178,36,ring,10395,0,0,0,53,68,742,952,1,100,70522,18128,0,15,2,38,38,NORMAL,0,0,53,18,12,76,18,12,76,15,15,0,0,0,0
90706,99,ring,9247,1,1,5231,47,60,658,840,1,100,72249,14052,0,13,4,34,34,NORMAL,0,2,47,16,10,68,16,10,68,13,13,0,0,0,0
90805,81,ring,13233,0,0,0,50,64,700,896,1,100,72611,14197,0,15,4,36,36,NORMAL,0,0,50,16,12,72,16,12,72,14,14,0,0,0,0
90850,53,ring,11911,0,0,0,53,68,742,952,1,100,69999,17856,0,15,2,38,38,NORMAL,0,0,53,18,12,76,18,12,76,15,15,0,0,0,0
90533,51,ring,11500,0,0,0,53,68,742,952,1,100,70035,17937,0,15,2,38,38,NORMAL,0,0,53,18,12,76,18,12,76,15,15,0,0,0,0
90351,15,ring,9558,0,0,0,54,68,756,952,1,100,71597,18128,0,14,2,40,40,NORMAL,0,0,54,18,10,80,18,10,80,14,14,0,0,0,0
90448,73,ring,12479,0,0,0,50,63,700,882,1,100,72891,14159,0,14,4,37,37,NORMAL,0,0,50,14,12,74,14,12,74,13,13,0,0,0,0
90751,3,ring,9326,0,0,0,55,69,770,966,1,100,72197,18185,0,14,2,41,41,NORMAL,0,0,55,18,10,82,18,10,82,14,14,0,0,0,0
90536,5,ring,9143,0,0,0,55,69,770,966,1,100,72210,18168,0,14,2,41,41,NORMAL,0,0,55,18,10,82,18,10,82,14,14,0,0,0,0
90736,35,ring,10687,0,0,0,53,68,742,952,1,100,70778,18133,0,15,2,38,38,NORMAL,0,0,53,18,12,76,18,12,76,15,15,0,0,0,0
91013,66,ring,12559,0,0,0,51,65,714,910,1,100,73222,14347,0,15,3,37,37,NORMAL,0,0,51,16,12,74,16,12,74,14,14,0,0,0,0
90396,21,ring,9761,0,0,0,54,68,756,952,1,100,71451,18109,0,14,2,40,40,NORMAL,0,0,54,18,10,80,18,10,80,14,14,0,0,0,0
91145,26,ring,10661,0,0,0,53,68,742,952,1,100,71329,17994,0,15,2,38,38,NORMAL,0,0,53,18,12,76,18,12,76,15,15,0,0,0,0
90924,84,ring,13242,0,0,0,50,64,700,896,1,100,72697,14226,0,15,4,36,36,NORMAL,0,0,50,16,12,72,16,12,72,14,14,0,0,0,0
90721,67,ring,12281,0,0,0,51,65,714,910,1,100,73196,14349,0,15,3,37,37,NORMAL,0,0,51,16,12,74,16,12,74,14,14,0,0,0,0
91308,2,ring,9731,0,0,0,55,69,770,966,1,100,72383,18189,0,14,2,41,41,NORMAL,0,0,55,18,10,82,18,10,82,14,14,0,0,0,0
90584,70,ring,12243,0,0,0,50,64,700,896,1,100,73175,14230,0,15,3,37,37,NORMAL,0,0,50,14,12,74,16,12,74,14,12,1,0,0,0
91460,90,ring,9248,0,0,0,48,61,672,854,1,100,76759,10278,0,14,3,35,35,NORMAL,0,0,48,16,10,70,16,10,70,13,13,0,0,0,0
90817,23,ring,10092,0,0,0,53,67,742,938,1,100,71550,18011,0,14,2,39,39,NORMAL,0,0,53,18,10,78,18,10,78,14,14,1,0,0,0
90669,55,ring,11447,0,0,0,53,68,742,952,1,100,70239,17835,0,15,2,38,38,NORMAL,0,0,53,18,12,76,18,12,76,15,15,0,0,0,0
91300,59,ring,12323,0,0,0,53,68,742,952,1,100,70017,17991,0,15,2,38,38,NORMAL,0,0,53,18,12,76,18,12,76,15,15,0,0,0,0
91157,37,ring,11070,0,0,0,53,68,742,952,1,100,70875,18136,0,15,2,38,38,NORMAL,0,0,53,18,12,76,18,12,76,15,15,0,0,0,0
90787,87,ring,13119,0,0,0,49,62,686,868,1,100,76629,10298,0,14,4,36,36,NORMAL,0,0,49,14,12,72,14,12,72,13,13,0,0,0,0
90666,58,ring,11596,0,0,0,53,68,742,952,1,100,70095,17951,0,15,2,38,38,NORMAL,0,0,53,18,12,76,18,12,76,15,15,0,0,0,0
90872,32,ring,10452,0,0,0,53,68,742,952,1,100,71182,18021,0,15,2,38,38,NORMAL,0,0,53,18,12,76,18,12,76,15,15,0,0,0,0
91009,29,ring,10457,0,0,0,54,69,756,966,1,100,71356,17998,0,15,2,39,39,NORMAL,0,0,54,18,12,78,18,12,78,15,15,0,0,0,0
91212,25,ring,10524,0,0,0,54,69,756,966,1,100,71498,18029,0,15,2,39,39,NORMAL,0,0,54,18,12,78,18,12,78,15,15,0,0,0,0
91278,12,ring,9924,0,0,0,55,69,770,966,1,100,72062,18231,0,14,2,41,41,NORMAL,0,0,55,18,10,82,18,10,82,14,14,0,0,0,0
91173,97,ring,9067,0,0,0,48,61,672,854,1,100,76668,10221,0,14,3,35,35,NORMAL,0,0,48,16,10,70,16,10,70,13,13,0,0,0,0
91227,14,ring,9918,0,0,0,55,69,770,966,1,100,72107,18177,0,14,2,41,41,NORMAL,0,0,55,18,10,82,18,10,82,14,14,0,0,0,0
90857,64,ring,11981,0,0,0,51,65,714,910,1,100,73596,14404,0,15,3,37,37,NORMAL,0,0,51,16,12,74,16,12,74,14,14,0,0,0,0
91142,69,ring,12445,0,0,0,51,65,714,910,1,100,73515,14248,0,15,3,37,37,NORMAL,0,0,51,16,12,74,16,12,74,14,13,0,0,0,0
91536,40,ring,11337,0,0,0,53,68,742,952,1,100,71029,18070,0,15,2,38,38,NORMAL,0,0,53,18,12,76,18,12,76,15,15,0,0,0,0
91090,17,ring,9801,0,0,0,54,68,756,952,1,100,72116,18064,0,14,2,40,40,NORMAL,0,0,54,18,10,80,18,10,80,14,14,0,0,0,0
91499,8,ring,9783,0,0,0,55,69,770,966,1,100,72470,18179,0,14,2,41,41,NORMAL,0,0,55,18,10,82,18,10,82,14,14,0,0,0,0
91333,75,ring,12849,0,0,0,50,63,700,882,1,100,73542,13999,0,14,3,37,37,NORMAL,0,0,50,14,12,74,14,12,74,13,13,0,0,0,0
91400,95,ring,9055,0,0,0,47,60,658,840,1,100,76945,10176,0,14,3,35,35,NORMAL,0,0,47,14,10,70,16,10,70,13,12,1,0,0,0
91754,77,ring,13364,0,0,0,50,63,700,882,1,100,73365,14112,0,14,3,37,37,NORMAL,0,0,50,14,12,74,14,12,74,13,13,0,0,0,0
91633,48,ring,11819,0,0,0,53,68,742,952,1,100,70670,18099,0,15,2,38,38,NORMAL,0,0,53,18,12,76,18,12,76,15,15,0,0,0,0
91824,54,ring,12243,0,0,0,53,68,742,952,1,100,70613,17837,0,15,2,38,38,NORMAL,0,0,53,18,12,76,18,12,76,15,15,0,0,0,0
90939,52,ring,11289,0,0,0,53,68,742,952,1,100,70669,17931,0,15,2,38,38,NORMAL,0,0,53,18,12,76,18,12,76,15,15,0,0,0,0
90954,20,ring,9739,0,0,0,54,68,756,952,1,100,72008,18111,0,14,2,40,40,NORMAL,0,0,54,18,10,80,18,10,80,14,14,0,0,0,0
91664,92,ring,9097,1,0,0,48,60,672,840,1,100,77144,10255,0,14,3,35,35,NORMAL,0,0,48,16,10,70,14,10,70,12,13,0,0,0,0
90979,93,ring,8442,1,0,0,48,61,672,854,1,100,77055,10313,0,15,3,35,35,NORMAL,0,0,48,16,10,70,16,10,70,13,13,0,0,0,0
91648,16,ring,10146,0,0,0,54,68,756,952,1,100,72266,18125,0,14,2,40,40,NORMAL,0,0,54,18,10,80,18,10,80,14,14,0,0,0,0
91415,63,ring,12229,0,0,0,51,65,714,910,1,100,73883,14394,0,15,3,37,37,NORMAL,0,0,51,16,12,74,16,12,74,14,14,0,0,0,0
91481,83,ring,13185,0,0,0,50,64,700,896,1,100,73369,14158,0,15,3,36,36,NORMAL,0,0,50,16,12,72,16,12,72,14,14,0,0,0,0
91197,78,ring,12690,0,0,0,50,63,700,882,1,100,73516,14064,0,14,3,37,37,NORMAL,0,0,50,14,12,74,14,12,74,13,13,0,0,0,0
91075,49,ring,11201,0,0,0,53,68,742,952,1,100,70765,18090,0,15,2,38,38,NORMAL,0,0,53,18,12,76,18,12,76,15,15,0,0,0,0
91975,19,ring,10571,0,0,0,54,68,756,952,1,100,72212,18070,0,14,2,40,40,NORMAL,0,0,54,18,10,80,18,10,80,14,14,0,0,0,0
91890,74,ring,13168,0,0,0,50,63,700,882,1,100,73735,14054,0,14,3,37,37,NORMAL,0,0,50,14,12,74,14,12,74,13,13,0,0,0,0
91957,94,ring,9393,0,0,0,48,61,672,854,1,100,77105,10274,0,14,3,35,35,NORMAL,0,0,48,16,10,70,16,10,70,13,13,0,0,0,0
91535,7,ring,9558,0,0,0,55,69,770,966,1,100,72753,18195,0,14,2,41,41,NORMAL,0,0,55,18,10,82,18,10,82,14,14,0,0,0,0
91263,57,ring,11629,0,0,0,53,68,742,952,1,100,70643,17922,0,15,2,38,38,NORMAL,0,0,53,18,12,76,18,12,76,15,15,0,0,0,0
91217,86,ring,12952,1,1,4787,49,63,686,882,1,100,77243,10232,0,15,3,36,36,NORMAL,0,2,49,14,12,72,16,12,72,14,13,0,0,0,0
91551,60,ring,12027,0,0,0,53,68,742,952,1,100,70613,17976,0,15,2,38,38,NORMAL,0,0,53,18,12,76,18,12,76,15,15,0,0,0,0
91293,34,ring,10398,0,0,0,54,69,756,966,1,100,71664,18032,0,15,2,39,39,NORMAL,0,0,54,18,12,78,18,12,78,15,15,0,0,0,0
91348,43,ring,10950,0,0,0,54,69,756,966,1,100,71200,18154,0,15,2,39,39,NORMAL,0,0,54,18,12,78,18,12,78,15,15,0,0,0,0
91268,61,ring,11714,0,0,0,53,68,742,952,1,100,70635,17970,0,15,2,38,38,NORMAL,0,0,53,18,12,76,18,12,76,15,15,0,0,0,0
91972,62,ring,12464,0,0,0,50,65,700,910,1,100,74212,14387,0,16,3,37,37,NORMAL,0,0,50,14,12,74,18,12,74,15,13,1,0,0,0
91821,28,ring,10463,0,0,0,54,69,756,966,1,100,72175,17971,0,15,2,39,39,NORMAL,0,0,54,18,12,78,18,12,78,15,15,0,0,0,0
91656,18,ring,9856,0,0,0,54,68,756,952,1,100,72639,18007,0,14,2,40,40,NORMAL,0,0,54,18,10,80,18,10,80,14,14,0,0,0,0
91430,31,ring,10200,0,0,0,54,69,756,966,1,100,72029,18010,0,15,2,39,39,NORMAL,0,0,54,18,12,78,18,12,78,15,15,0,0,0,0
91987,30,ring,10677,0,0,0,54,69,756,966,1,100,72108,18004,0,15,2,39,39,NORMAL,0,0,54,18,12,78,18,12,78,15,15,0,0,0,0
91769,45,ring,11204,0,0,0,54,69,756,966,1,100,71425,18077,0,15,2,39,39,NORMAL,0,0,54,18,12,78,18,12,78,15,15,0,0,0,0
91469,72,ring,12248,0,0,0,50,64,700,896,1,100,74143,14175,0,15,3,37,37,NORMAL,0,0,50,14,12,74,16,12,74,14,13,0,0,0,0
91905,42,ring,11106,0,0,0,54,69,756,966,1,100,71595,18114,0,15,2,39,39,NORMAL,0,0,54,18,12,78,18,12,78,15,15,0,0,0,0
91672,89,ring,8347,1,0,0,48,60,672,840,1,100,77900,10289,0,14,3,35,35,NORMAL,0,0,48,16,10,70,14,10,70,12,13,0,0,0,0
91950,85,ring,13127,0,0,0,50,64,700,896,1,100,73879,14167,0,15,3,36,36,NORMAL,0,0,50,16,12,72,16,12,72,14,14,0,0,0,0
91920,10,ring,9428,0,0,0,54,68,756,952,1,100,73210,18230,0,14,1,41,41,NORMAL,0,0,54,16,10,82,18,10,82,14,13,1,0,0,0
91839,22,ring,9849,0,0,0,54,68,756,952,1,100,72801,18072,0,14,2,40,40,NORMAL,0,0,54,18,10,80,18,10,80,14,14,0,0,0,0
100260,24,ring,10790,0,0,0,58,73,812,1022,1,100,80275,18044,0,15,2,43,43,NORMAL,0,0,58,18,12,86,18,12,86,15,15,0,0,0,0
100230,88,ring,9045,3,3,14852,52,65,728,910,1,100,90291,5709,0,14,4,40,40,NORMAL,0,6,52,14,10,80,14,12,80,13,12,0,0,0,0
100109,80,ring,13321,1,0,0,55,68,770,952,1,100,81795,14205,0,15,4,41,41,NORMAL,0,0,55,16,12,82,14,12,82,13,14,0,0,0,0
100042,39,ring,11199,0,0,0,58,73,812,1022,1,100,79655,18128,0,15,2,43,43,NORMAL,0,0,58,18,12,86,18,12,86,15,15,0,0,0,0
100330,1,ring,9717,0,0,0,59,78,826,1092,1,100,90498,9101,0,19,2,45,45,NORMAL,0,0,59,18,10,90,18,20,90,14,14,0,0,0,0
100315,33,ring,11055,0,0,0,58,73,812,1022,1,100,80037,18003,0,15,2,43,43,NORMAL,0,0,58,18,12,86,18,12,86,15,15,0,0,0,0
100312,76,ring,13247,0,0,0,54,67,756,938,1,100,82117,14024,0,14,4,41,41,NORMAL,0,0,54,14,12,82,14,12,82,13,13,0,0,0,0
100327,44,ring,11658,0,0,0,58,73,812,1022,1,100,79528,18076,0,15,2,43,43,NORMAL,0,0,58,18,12,86,18,12,86,15,15,0,0,0,0
100518,50,ring,12125,0,0,0,58,73,812,1022,1,100,79344,17987,0,15,2,43,43,NORMAL,0,0,58,18,12,86,18,12,86,15,15,0,0,0,0
100057,47,ring,11466,0,0,0,58,73,812,1022,1,100,79436,18093,0,15,2,43,43,NORMAL,0,0,58,18,12,86,18,12,86,15,15,0,0,0,0
100463,41,ring,11516,0,0,0,58,73,812,1022,1,100,79777,18089,0,15,2,43,43,NORMAL,0,0,58,18,12,86,18,12,86,15,15,0,0,0,0
100651,11,ring,10243,0,0,0,59,73,826,1022,1,100,81125,18228,0,14,2,45,45,NORMAL,0,0,59,18,10,90,18,10,90,14,14,0,0,0,0
100478,9,ring,9912,0,0,0,59,73,826,1022,1,100,81302,18182,0,14,2,45,45,NORMAL,0,0,59,18,10,90,18,10,90,14,14,0,0,0,0
100381,27,ring,10604,0,0,0,58,73,812,1022,1,100,80609,17960,0,15,2,43,43,NORMAL,0,0,58,18,12,86,18,12,86,15,15,0,0,0,0
100193,4,ring,9316,0,0,0,59,73,826,1022,1,100,81689,18142,0,14,2,45,45,NORMAL,0,0,59,18,10,90,18,10,90,14,14,0,0,0,0
100599,38,ring,11336,0,0,0,58,73,812,1022,1,100,80085,18135,0,15,2,43,43,NORMAL,0,0,58,18,12,86,18,12,86,15,15,0,0,0,0
100150,100,ring,9083,1,0,0,65,66,910,924,1,100,81769,18233,0,14,2,46,39,LEADER,1,39,65,18,20,92,16,10,78,13,14,0,0,0,0
100503,82,ring,13334,0,0,0,55,69,770,966,1,100,82234,14192,0,15,4,41,41,NORMAL,0,0,55,16,12,82,16,12,82,14,14,0,0,0,0
100511,46,ring,11555,0,0,0,58,73,812,1022,1,100,79829,18070,0,15,2,43,43,NORMAL,0,0,58,18,12,86,18,12,86,15,15,0,0,0,0
100614,6,ring,9713,0,0,0,59,73,826,1022,1,100,81688,18156,0,14,2,45,45,NORMAL,0,0,59,18,10,90,18,10,90,14,14,0,0,0,0
100027,71,ring,12294,0,0,0,55,68,770,952,1,100,82640,14186,0,14,4,42,42,NORMAL,0,0,55,14,12,84,14,12,84,13,13,1,0,0,0
100094,91,ring,8497,0,0,0,52,65,728,910,1,100,86192,10244,0,14,4,40,40,NORMAL,0,0,52,14,10,80,16,10,80,13,12,1,0,0,0
100245,56,ring,11650,0,0,0,58,73,812,1022,1,100,79602,17905,0,15,2,43,43,NORMAL,0,0,58,18,12,86,18,12,86,15,15,0,0,0,0
100366,79,ring,12844,0,0,0,55,68,770,952,1,100,82511,14059,0,14,4,42,42,NORMAL,0,0,55,14,12,84,14,12,84,13,13,0,0,0,0
100688,13,ring,9991,0,0,0,59,73,826,1022,1,100,81473,18187,0,14,2,45,45,NORMAL,0,0,59,18,10,90,18,10,90,14,14,0,0,0,0
100300,65,ring,12115,0,0,0,56,70,784,980,1,100,82942,14355,0,15,3,42,42,NORMAL,0,0,56,16,12,84,16,12,84,14,14,0,0,0,0
100275,98,ring,8834,0,0,0,53,66,742,924,1,100,85985,10244,0,14,4,40,40,NORMAL,0,0,53,16,10,80,16,10,80,13,13,0,0,0,0
100842,96,ring,9289,1,0,0,53,66,742,924,1,100,86154,10190,0,15,4,40,40,NORMAL,0,0,53,16,10,80,16,10,80,13,13,0,0,0,0
100163,68,ring,12032,0,0,0,56,70,784,980,1,100,82906,14285,0,15,3,42,42,NORMAL,0,0,56,16,12,84,16,12,84,14,14,0,0,0,0
100178,36,ring,10395,0,0,0,58,73,812,1022,1,100,80522,18128,0,15,2,43,43,NORMAL,0,0,58,18,12,86,18,12,86,15,15,0,0,0,0
100706,99,ring,9247,1,1,5231,53,66,742,924,1,100,82249,14052,0,13,4,40,40,NORMAL,0,2,53,16,10,80,16,10,80,13,13,0,0,0,0
100805,81,ring,13233,0,0,0,55,69,770,966,1,100,82611,14197,0,15,4,41,41,NORMAL,0,0,55,16,12,82,16,12,82,14,14,0,0,0,0
100850,53,ring,11911,0,0,0,58,73,812,1022,1,100,79999,17856,0,15,2,43,43,NORMAL,0,0,58,18,12,86,18,12,86,15,15,0,0,0,0
100533,51,ring,11500,0,0,0,58,73,812,1022,1,100,80035,17937,0,15,2,43,43,NORMAL,0,0,58,18,12,86,18,12,86,15,15,0,0,0,0
100351,15,ring,9558,0,0,0,59,73,826,1022,1,100,81597,18128,0,14,2,45,45,NORMAL,0,0,59,18,10,90,18,10,90,14,14,0,0,0,0
100448,73,ring,12479,0,0,0,55,68,770,952,1,100,82891,14159,0,14,4,42,42,NORMAL,0,0,55,14,12,84,14,12,84,13,13,0,0,0,0
100751,3,ring,9326,0,0,0,60,74,840,1036,1,100,82197,18185,0,14,2,46,46,NORMAL,0,0,60,18,10,92,18,10,92,14,14,0,0,0,0
100536,5,ring,9143,0,0,0,60,74,840,1036,1,100,82210,18168,0,14,2,46,46,NORMAL,0,0,60,18,10,92,18,10,92,14,14,0,0,0,0
100736,35,ring,10687,0,0,0,58,73,812,1022,1,100,80778,18133,0,15,2,43,43,NORMAL,0,0,58,18,12,86,18,12,86,15,15,0,0,0,0
101013,66,ring,12559,0,0,0,56,70,784,980,1,100,83222,14347,0,15,3,42,42,NORMAL,0,0,56,16,12,84,16,12,84,14,14,0,0,0,0
100396,21,ring,9761,0,0,0,59,73,826,1022,1,100,81451,18109,0,14,2,45,45,NORMAL,0,0,59,18,10,90,18,10,90,14,14,0,0,0,0
101145,26,ring,10661,0,0,0,58,73,812,1022,1,100,81329,17994,0,15,2,43,43,NORMAL,0,0,58,18,12,86,18,12,86,15,15,0,0,0,0
100924,84,ring,13242,0,0,0,55,69,770,966,1,100,82697,14226,0,15,4,41,41,NORMAL,0,0,55,16,12,82,16,12,82,14,14,0,0,0,0
100721,67,ring,12281,0,0,0,56,70,784,980,1,100,83196,14349,0,15,3,42,42,NORMAL,0,0,56,16,12,84,16,12,84,14,14,0,0,0,0
101308,2,ring,9731,0,0,0,60,74,840,1036,1,100,82383,18189,0,14,2,46,46,NORMAL,0,0,60,18,10,92,18,10,92,14,14,0,0,0,0
100584,70,ring,12243,0,0,0,55,69,770,966,1,100,83175,14230,0,15,3,42,42,NORMAL,0,0,55,14,12,84,16,12,84,14,12,1,0,0,0
101460,90,ring,9248,0,0,0,53,66,742,924,1,100,86759,10278,0,14,3,40,40,NORMAL,0,0,53,16,10,80,16,10,80,13,13,0,0,0,0
100817,23,ring,10092,0,0,0,58,72,812,1008,1,100,81550,18011,0,14,2,44,44,NORMAL,0,0,58,18,10,88,18,10,88,14,14,1,0,0,0
100669,55,ring,11447,0,0,0,58,73,812,1022,1,100,80239,17835,0,15,2,43,43,NORMAL,0,0,58,18,12,86,18,12,86,15,15,0,0,0,0
101300,59,ring,12323,0,0,0,58,73,812,1022,1,100,80017,17991,0,15,2,43,43,NORMAL,0,0,58,18,12,86,18,12,86,15,15,0,0,0,0
101157,37,ring,11070,0,0,0,58,73,812,1022,1,100,80875,18136,0,15,2,43,43,NORMAL,0,0,58,18,12,86,18,12,86,15,15,0,0,0,0
100787,87,ring,13119,0,0,0,54,67,756,938,1,100,86629,10298,0,14,4,41,41,NORMAL,0,0,54,14,12,82,14,12,82,13,13,0,0,0,0
100666,58,ring,11596,0,0,0,58,73,812,1022,1,100,80095,17951,0,15,2,43,43,NORMAL,0,0,58,18,12,86,18,12,86,15,15,0,0,0,0
100872,32,ring,10452,0,0,0,59,74,826,1036,1,100,81182,18021,0,15,2,44,44,NORMAL,0,0,59,18,12,88,18,12,88,15,15,0,0,0,0
101009,29,ring,10457,0,0,0,59,74,826,1036,1,100,81356,17998,0,15,2,44,44,NORMAL,0,0,59,18,12,88,18,12,88,15,15,0,0,0,0
101212,25,ring,10524,0,0,0,59,74,826,1036,1,100,81498,18029,0,15,2,44,44,NORMAL,0,0,59,18,12,88,18,12,88,15,15,0,0,0,0
101278,12,ring,9924,0,0,0,60,74,840,1036,1,100,82062,18231,0,14,2,46,46,NORMAL,0,0,60,18,10,92,18,10,92,14,14,0,0,0,0
101173,97,ring,9067,0,0,0,53,66,742,924,1,100,86668,10221,0,14,3,40,40,NORMAL,0,0,53,16,10,80,16,10,80,13,13,0,0,0,0
101227,14,ring,9918,0,0,0,60,74,840,1036,1,100,82107,18177,0,14,2,46,46,NORMAL,0,0,60,18,10,92,18,10,92,14,14,0,0,0,0
100857,64,ring,11981,0,0,0,56,70,784,980,1,100,83596,14404,0,15,3,42,42,NORMAL,0,0,56,16,12,84,16,12,84,14,14,0,0,0,0
101142,69,ring,12445,0,0,0,56,70,784,980,1,100,83515,14248,0,15,3,42,42,NORMAL,0,0,56,16,12,84,16,12,84,14,13,0,0,0,0
101536,40,ring,11337,0,0,0,59,74,826,1036,1,100,81029,18070,0,15,2,44,44,NORMAL,0,0,59,18,12,88,18,12,88,15,15,0,0,0,0
101090,17,ring,9801,0,0,0,59,73,826,1022,1,100,82116,18064,0,14,2,45,45,NORMAL,0,0,59,18,10,90,18,10,90,14,14,0,0,0,0
101499,8,ring,9783,0,0,0,60,74,840,1036,1,100,82470,18179,0,14,2,46,46,NORMAL,0,0,60,18,10,92,18,10,92,14,14,0,0,0,0
101333,75,ring,12849,0,0,0,55,68,770,952,1,100,83542,13999,0,14,3,42,42,NORMAL,0,0,55,14,12,84,14,12,84,13,13,0,0,0,0
101400,95,ring,9055,0,0,0,52,65,728,910,1,100,86945,10176,0,14,3,40,40,NORMAL,0,0,52,14,10,80,16,10,80,13,12,1,0,0,0
101754,77,ring,13364,0,0,0,55,68,770,952,1,100,83365,14112,0,14,3,42,42,NORMAL,0,0,55,14,12,84,14,12,84,13,13,0,0,0,0
101633,48,ring,11819,0,0,0,58,73,812,1022,1,100,80670,18099,0,15,2,43,43,NORMAL,0,0,58,18,12,86,18,12,86,15,15,0,0,0,0
101824,54,ring,12243,0,0,0,58,73,812,1022,1,100,80613,17837,0,15,2,43,43,NORMAL,0,0,58,18,12,86,18,12,86,15,15,0,0,0,0
100939,52,ring,11289,0,0,0,58,73,812,1022,1,100,80669,17931,0,15,2,43,43,NORMAL,0,0,58,18,12,86,18,12,86,15,15,0,0,0,0
100954,20,ring,9739,0,0,0,59,73,826,1022,1,100,82008,18111,0,14,2,45,45,NORMAL,0,0,59,18,10,90,18,10,90,14,14,0,0,0,0
101664,92,ring,9097,1,0,0,53,65,742,910,1,100,87144,10255,0,14,3,40,40,NORMAL,0,0,53,16,10,80,14,10,80,12,13,0,0,0,0
100979,93,ring,8442,1,0,0,53,66,742,924,1,100,87055,10313,0,15,3,40,40,NORMAL,0,0,53,16,10,80,16,10,80,13,13,0,0,0,0
101648,16,ring,10146,0,0,0,59,73,826,1022,1,100,82266,18125,0,14,2,45,45,NORMAL,0,0,59,18,10,90,18,10,90,14,14,0,0,0,0
101415,63,ring,12229,0,0,0,56,70,784,980,1,100,83883,14394,0,15,3,42,42,NORMAL,0,0,56,16,12,84,16,12,84,14,14,0,0,0,0
101481,83,ring,13185,0,0,0,55,69,770,966,1,100,83369,14158,0,15,3,41,41,NORMAL,0,0,55,16,12,82,16,12,82,14,14,0,0,0,0
101197,78,ring,12690,0,0,0,55,68,770,952,1,100,83516,14064,0,14,3,42,42,NORMAL,0,0,55,14,12,84,14,12,84,13,13,0,0,0,0
101075,49,ring,11201,0,0,0,59,74,826,1036,1,100,80765,18090,0,15,2,44,44,NORMAL,0,0,59,18,12,88,18,12,88,15,15,0,0,0,0
101975,19,ring,10571,0,0,0,59,73,826,1022,1,100,82212,18070,0,14,2,45,45,NORMAL,0,0,59,18,10,90,18,10,90,14,14,0,0,0,0
101890,74,ring,13168,0,0,0,55,68,770,952,1,100,83735,14054,0,14,3,42,42,NORMAL,0,0,55,14,12,84,14,12,84,13,13,0,0,0,0
101957,94,ring,9393,0,0,0,53,66,742,924,1,100,87105,10274,0,14,3,40,40,NORMAL,0,0,53,16,10,80,16,10,80,13,13,0,0,0,0
101535,7,ring,9558,0,0,0,60,74,840,1036,1,100,82753,18195,0,14,2,46,46,NORMAL,0,0,60,18,10,92,18,10,92,14,14,0,0,0,0
101263,57,ring,11629,0,0,0,59,74,826,1036,1,100,80643,17922,0,15,2,44,44,NORMAL,0,0,59,18,12,88,18,12,88,15,15,0,0,0,0
101217,86,ring,12952,1,1,4787,54,68,756,952,1,100,87243,10232,0,15,3,41,41,NORMAL,0,2,54,14,12,82,16,12,82,14,13,0,0,0,0
101551,60,ring,12027,0,0,0,59,74,826,1036,1,100,80613,17976,0,15,2,44,44,NORMAL,0,0,59,18,12,88,18,12,88,15,15,0,0,0,0
101293,34,ring,10398,0,0,0,59,74,826,1036,1,100,81664,18032,0,15,2,44,44,NORMAL,0,0,59,18,12,88,18,12,88,15,15,0,0,0,0
101348,43,ring,10950,0,0,0,59,74,826,1036,1,100,81200,18154,0,15,2,44,44,NORMAL,0,0,59,18,12,88,18,12,88,15,15,0,0,0,0
101268,61,ring,11714,0,0,0,59,74,826,1036,1,100,80635,17970,0,15,2,44,44,NORMAL,0,0,59,18,12,88,18,12,88,15,15,0,0,0,0
101972,62,ring,12464,0,0,0,56,71,784,994,1,100,84212,14387,0,16,3,43,43,NORMAL,0,0,56,14,12,86,18,12,86,15,13,1,0,0,0
101821,28,ring,10463,0,0,0,59,74,826,1036,1,100,82175,17971,0,15,2,44,44,NORMAL,0,0,59,18,12,88,18,12,88,15,15,0,0,0,0
101656,18,ring,9856,0,0,0,59,73,826,1022,1,100,82639,18007,0,14,2,45,45,NORMAL,0,0,59,18,10,90,18,10,90,14,14,0,0,0,0
101430,31,ring,10200,0,0,0,59,74,826,1036,1,100,82029,18010,0,15,2,44,44,NORMAL,0,0,59,18,12,88,18,12,88,15,15,0,0,0,0
101987,30,ring,10677,0,0,0,59,74,826,1036,1,100,82108,18004,0,15,2,44,44,NORMAL,0,0,59,18,12,88,18,12,88,15,15,0,0,0,0
101769,45,ring,11204,0,0,0,59,74,826,1036,1,100,81425,18077,0,15,2,44,44,NORMAL,0,0,59,18,12,88,18,12,88,15,15,0,0,0,0
101469,72,ring,12248,0,0,0,56,70,784,980,1,100,84143,14175,0,15,3,43,43,NORMAL,0,0,56,14,12,86,16,12,86,14,13,0,0,0,0
101905,42,ring,11106,0,0,0,59,74,826,1036,1,100,81595,18114,0,15,2,44,44,NORMAL,0,0,59,18,12,88,18,12,88,15,15,0,0,0,0
101672,89,ring,8347,1,0,0,53,65,742,910,1,100,87900,10289,0,14,3,40,40,NORMAL,0,0,53,16,10,80,14,10,80,12,13,0,0,0,0
101950,85,ring,13127,0,0,0,55,69,770,966,1,100,83879,14167,0,15,3,41,41,NORMAL,0,0,55,16,12,82,16,12,82,14,14,0,0,0,0
101920,10,ring,9428,0,0,0,59,73,826,1022,1,100,83210,18230,0,14,1,46,46,NORMAL,0,0,59,16,10,92,18,10,92,14,13,1,0,0,0
101839,22,ring,9849,0,0,0,59,73,826,1022,1,100,82801,18072,0,14,2,45,45,NORMAL,0,0,59,18,10,90,18,10,90,14,14,0,0,0,0
110260,24,ring,10790,0,0,0,63,78,882,1092,1,100,90275,18044,0,15,2,48,48,NORMAL,0,0,63,18,12,96,18,12,96,15,15,0,0,0,0
110230,88,ring,9045,3,3,14852,57,70,798,980,1,100,100291,5709,0,14,4,45,45,NORMAL,0,6,57,14,10,90,14,12,90,13,12,0,0,0,0
110109,80,ring,13321,1,0,0,60,73,840,1022,1,100,91795,14205,0,15,4,46,46,NORMAL,0,0,60,16,12,92,14,12,92,13,14,0,0,0,0
110042,39,ring,11199,0,0,0,63,78,882,1092,1,100,89655,18128,0,15,2,48,48,NORMAL,0,0,63,18,12,96,18,12,96,15,15,0,0,0,0
110330,1,ring,9717,0,0,0,64,83,896,1162,1,100,100498,9101,0,19,2,50,50,NORMAL,0,0,64,18,10,100,18,20,100,14,14,0,0,0,0
110315,33,ring,11055,0,0,0,63,78,882,1092,1,100,90037,18003,0,15,2,48,48,NORMAL,0,0,63,18,12,96,18,12,96,15,15,0,0,0,0
110312,76,ring,13247,0,0,0,59,72,826,1008,1,100,92117,14024,0,14,4,46,46,NORMAL,0,0,59,14,12,92,14,12,92,13,13,0,0,0,0
110327,44,ring,11658,0,0,0,63,78,882,1092,1,100,89528,18076,0,15,2,48,48,NORMAL,0,0,63,18,12,96,18,12,96,15,15,0,0,0,0
110518,50,ring,12125,0,0,0,63,78,882,1092,1,100,89344,17987,0,15,2,48,48,NORMAL,0,0,63,18,12,96,18,12,96,15,15,0,0,0,0
110057,47,ring,11466,0,0,0,63,78,882,1092,1,100,89436,18093,0,15,2,48,48,NORMAL,0,0,63,18,12,96,18,12,96,15,15,0,0,0,0
110463,41,ring,11516,0,0,0,63,78,882,1092,1,100,89777,18089,0,15,2,48,48,NORMAL,0,0,63,18,12,96,18,12,96,15,15,0,0,0,0
110651,11,ring,10243,0,0,0,64,78,896,1092,1,100,91125,18228,0,14,2,50,50,NORMAL,0,0,64,18,10,100,18,10,100,14,14,0,0,0,0
110478,9,ring,9912,0,0,0,64,78,896,1092,1,100,91302,18182,0,14,2,50,50,NORMAL,0,0,64,18,10,100,18,10,100,14,14,0,0,0,0
110381,27,ring,10604,0,0,0,63,78,882,1092,1,100,90609,17960,0,15,2,48,48,NORMAL,0,0,63,18,12,96,18,12,96,15,15,0,0,0,0
110193,4,ring,9316,0,0,0,64,78,896,1092,1,100,91689,18142,0,14,2,50,50,NORMAL,0,0,64,18,10,100,18,10,100,14,14,0,0,0,0
110599,38,ring,11336,0,0,0,63,78,882,1092,1,100,90085,18135,0,15,2,48,48,NORMAL,0,0,63,18,12,96,18,12,96,15,15,0,0,0,0
110150,100,ring,9083,1,0,0,70,71,980,994,1,100,91769,18233,0,14,2,51,44,LEADER,1,44,70,18,20,102,16,10,88,13,14,0,0,0,0
110503,82,ring,13334,0,0,0,59,73,826,1022,1,100,92234,14192,0,15,4,45,45,NORMAL,0,0,59,16,12,90,16,12,90,14,14,0,0,0,0
110511,46,ring,11555,0,0,0,63,78,882,1092,1,100,89829,18070,0,15,2,48,48,NORMAL,0,0,63,18,12,96,18,12,96,15,15,0,0,0,0
110614,6,ring,9713,0,0,0,64,78,896,1092,1,100,91688,18156,0,14,2,50,50,NORMAL,0,0,64,18,10,100,18,10,100,14,14,0,0,0,0
110027,71,ring,12294,0,0,0,60,73,840,1022,1,100,92640,14186,0,14,4,47,47,NORMAL,0,0,60,14,12,94,14,12,94,13,13,1,0,0,0
110094,91,ring,8497,0,0,0,56,69,784,966,1,100,96192,10244,0,14,4,44,44,NORMAL,0,0,56,14,10,88,16,10,88,13,12,1,0,0,0
110245,56,ring,11650,0,0,0,63,78,882,1092,1,100,89602,17905,0,15,2,48,48,NORMAL,0,0,63,18,12,96,18,12,96,15,15,0,0,0,0
110366,79,ring,12844,0,0,0,60,73,840,1022,1,100,92511,14059,0,14,4,47,47,NORMAL,0,0,60,14,12,94,14,12,94,13,13,0,0,0,0
110688,13,ring,9991,0,0,0,64,78,896,1092,1,100,91473,18187,0,14,2,50,50,NORMAL,0,0,64,18,10,100,18,10,100,14,14,0,0,0,0
110300,65,ring,12115,0,0,0,61,75,854,1050,1,100,92942,14355,0,15,3,47,47,NORMAL,0,0,61,16,12,94,16,12,94,14,14,0,0,0,0
110275,98,ring,8834,0,0,0,57,70,798,980,1,100,95985,10244,0,14,4,44,44,NORMAL,0,0,57,16,10,88,16,10,88,13,13,0,0,0,0
110842,96,ring,9289,1,0,0,57,70,798,980,1,100,96154,10190,0,15,4,44,44,NORMAL,0,0,57,16,10,88,16,10,88,13,13,0,0,0,0
110163,68,ring,12032,0,0,0,61,75,854,1050,1,100,92906,14285,0,15,3,47,47,NORMAL,0,0,61,16,12,94,16,12,94,14,14,0,0,0,0
110178,36,ring,10395,0,0,0,63,78,882,1092,1,100,90522,18128,0,15,2,48,48,NORMAL,0,0,63,18,12,96,18,12,96,15,15,0,0,0,0
110706,99,ring,9247,1,1,5231,57,70,798,980,1,100,92249,14052,0,13,4,44,44,NORMAL,0,2,57,16,10,88,16,10,88,13,13,0,0,0,0
110805,81,ring,13233,0,0,0,60,74,840,1036,1,100,92611,14197,0,15,4,46,46,NORMAL,0,0,60,16,12,92,16,12,92,14,14,0,0,0,0
110850,53,ring,11911,0,0,0,63,78,882,1092,1,100,89999,17856,0,15,2,48,48,NORMAL,0,0,63,18,12,96,18,12,96,15,15,0,0,0,0
110533,51,ring,11500,0,0,0,63,78,882,1092,1,100,90035,17937,0,15,2,48,48,NORMAL,0,0,63,18,12,96,18,12,96,15,15,0,0,0,0
110351,15,ring,9558,0,0,0,63,77,882,1078,1,100,91597,18128,0,14,2,49,49,NORMAL,0,0,63,18,10,98,18,10,98,14,14,0,0,0,0
110448,73,ring,12479,0,0,0,60,73,840,1022,1,100,92891,14159,0,14,4,47,47,NORMAL,0,0,60,14,12,94,14,12,94,13,13,0,0,0,0
110751,3,ring,9326,0,0,0,65,79,910,1106,1,100,92197,18185,0,14,2,51,51,NORMAL,0,0,65,18,10,102,18,10,102,14,14,0,0,0,0
110536,5,ring,9143,0,0,0,65,79,910,1106,1,100,92210,18168,0,14,2,51,51,NORMAL,0,0,65,18,10,102,18,10,102,14,14,0,0,0,0
110736,35,ring,10687,0,0,0,63,78,882,1092,1,100,90778,18133,0,15,2,48,48,NORMAL,0,0,63,18,12,96,18,12,96,15,15,0,0,0,0
111013,66,ring,12559,0,0,0,61,75,854,1050,1,100,93222,14347,0,15,3,47,47,NORMAL,0,0,61,16,12,94,16,12,94,14,14,0,0,0,0
110396,21,ring,9761,0,0,0,63,77,882,1078,1,100,91451,18109,0,14,2,49,49,NORMAL,0,0,63,18,10,98,18,10,98,14,14,0,0,0,0
111145,26,ring,10661,0,0,0,63,78,882,1092,1,100,91329,17994,0,15,2,48,48,NORMAL,0,0,63,18,12,96,18,12,96,15,15,0,0,0,0
110924,84,ring,13242,0,0,0,60,74,840,1036,1,100,92697,14226,0,15,4,46,46,NORMAL,0,0,60,16,12,92,16,12,92,14,14,0,0,0,0
110721,67,ring,12281,0,0,0,61,75,854,1050,1,100,93196,14349,0,15,3,47,47,NORMAL,0,0,61,16,12,94,16,12,94,14,14,0,0,0,0
111308,2,ring,9731,0,0,0,65,79,910,1106,1,100,92383,18189,0,14,2,51,51,NORMAL,0,0,65,18,10,102,18,10,102,14,14,0,0,0,0
110584,70,ring,12243,0,0,0,60,74,840,1036,1,100,93175,14230,0,15,3,47,47,NORMAL,0,0,60,14,12,94,16,12,94,14,12,1,0,0,0
111460,90,ring,9248,0,0,0,58,71,812,994,1,100,96759,10278,0,14,3,45,45,NORMAL,0,0,58,16,10,90,16,10,90,13,13,0,0,0,0
110817,23,ring,10092,0,0,0,63,77,882,1078,1,100,91550,18011,0,14,2,49,49,NORMAL,0,0,63,18,10,98,18,10,98,14,14,1,0,0,0
110669,55,ring,11447,0,0,0,63,78,882,1092,1,100,90239,17835,0,15,2,48,48,NORMAL,0,0,63,18,12,96,18,12,96,15,15,0,0,0,0
111300,59,ring,12323,0,0,0,63,78,882,1092,1,100,90017,17991,0,15,2,48,48,NORMAL,0,0,63,18,12,96,18,12,96,15,15,0,0,0,0
111157,37,ring,11070,0,0,0,63,78,882,1092,1,100,90875,18136,0,15,2,48,48,NORMAL,0,0,63,18,12,96,18,12,96,15,15,0,0,0,0
110787,87,ring,13119,0,0,0,59,72,826,1008,1,100,96629,10298,0,14,4,46,46,NORMAL,0,0,59,14,12,92,14,12,92,13,13,0,0,0,0
110666,58,ring,11596,0,0,0,63,78,882,1092,1,100,90095,17951,0,15,2,48,48,NORMAL,0,0,63,18,12,96,18,12,96,15,15,0,0,0,0
110872,32,ring,10452,0,0,0,63,78,882,1092,1,100,91182,18021,0,15,2,48,48,NORMAL,0,0,63,18,12,96,18,12,96,15,15,0,0,0,0
111009,29,ring,10457,0,0,0,63,78,882,1092,1,100,91356,17998,0,15,2,48,48,NORMAL,0,0,63,18,12,96,18,12,96,15,15,0,0,0,0
111212,25,ring,10524,0,0,0,64,79,896,1106,1,100,91498,18029,0,15,2,49,49,NORMAL,0,0,64,18,12,98,18,12,98,15,15,0,0,0,0
111278,12,ring,9924,0,0,0,65,79,910,1106,1,100,92062,18231,0,14,2,51,51,NORMAL,0,0,65,18,10,102,18,10,102,14,14,0,0,0,0
111173,97,ring,9067,0,0,0,58,71,812,994,1,100,96668,10221,0,14,3,45,45,NORMAL,0,0,58,16,10,90,16,10,90,13,13,0,0,0,0
111227,14,ring,9918,0,0,0,65,79,910,1106,1,100,92107,18177,0,14,2,51,51,NORMAL,0,0,65,18,10,102,18,10,102,14,14,0,0,0,0
110857,64,ring,11981,0,0,0,61,75,854,1050,1,100,93596,14404,0,15,3,47,47,NORMAL,0,0,61,16,12,94,16,12,94,14,14,0,0,0,0
111142,69,ring,12445,0,0,0,61,75,854,1050,1,100,93515,14248,0,15,3,47,47,NORMAL,0,0,61,16,12,94,16,12,94,14,13,0,0,0,0
111536,40,ring,11337,0,0,0,63,78,882,1092,1,100,91029,18070,0,15,2,48,48,NORMAL,0,0,63,18,12,96,18,12,96,15,15,0,0,0,0
111090,17,ring,9801,0,0,0,64,78,896,1092,1,100,92116,18064,0,14,2,50,50,NORMAL,0,0,64,18,10,100,18,10,100,14,14,0,0,0,0
111499,8,ring,9783,0,0,0,65,79,910,1106,1,100,92470,18179,0,14,2,51,51,NORMAL,0,0,65,18,10,102,18,10,102,14,14,0,0,0,0
111333,75,ring,12849,0,0,0,60,73,840,1022,1,100,93542,13999,0,14,3,47,47,NORMAL,0,0,60,14,12,94,14,12,94,13,13,0,0,0,0
111400,95,ring,9055,0,0,0,57,70,798,980,1,100,96945,10176,0,14,3,45,45,NORMAL,0,0,57,14,10,90,16,10,90,13,12,1,0,0,0
111754,77,ring,13364,0,0,0,60,73,840,1022,1,100,93365,14112,0,14,3,47,47,NORMAL,0,0,60,14,12,94,14,12,94,13,13,0,0,0,0
111633,48,ring,11819,0,0,0,63,78,882,1092,1,100,90670,18099,0,15,2,48,48,NORMAL,0,0,63,18,12,96,18,12,96,15,15,0,0,0,0
111824,54,ring,12243,0,0,0,63,78,882,1092,1,100,90613,17837,0,15,2,48,48,NORMAL,0,0,63,18,12,96,18,12,96,15,15,0,0,0,0
110939,52,ring,11289,0,0,0,63,78,882,1092,1,100,90669,17931,0,15,2,48,48,NORMAL,0,0,63,18,12,96,18,12,96,15,15,0,0,0,0
110954,20,ring,9739,0,0,0,64,78,896,1092,1,100,92008,18111,0,14,2,50,50,NORMAL,0,0,64,18,10,100,18,10,100,14,14,0,0,0,0
111664,92,ring,9097,1,0,0,58,70,812,980,1,100,97144,10255,0,14,3,45,45,NORMAL,0,0,58,16,10,90,14,10,90,12,13,0,0,0,0
110979,93,ring,8442,1,0,0,58,71,812,994,1,100,97055,10313,0,15,3,45,45,NORMAL,0,0,58,16,10,90,16,10,90,13,13,0,0,0,0
111648,16,ring,10146,0,0,0,64,78,896,1092,1,100,92266,18125,0,14,2,50,50,NORMAL,0,0,64,18,10,100,18,10,100,14,14,0,0,0,0
111415,63,ring,12229,0,0,0,61,75,854,1050,1,100,93883,14394,0,15,3,47,47,NORMAL,0,0,61,16,12,94,16,12,94,14,14,0,0,0,0
111481,83,ring,13185,0,0,0,60,74,840,1036,1,100,93369,14158,0,15,3,46,46,NORMAL,0,0,60,16,12,92,16,12,92,14,14,0,0,0,0
111197,78,ring,12690,0,0,0,60,73,840,1022,1,100,93516,14064,0,14,3,47,47,NORMAL,0,0,60,14,12,94,14,12,94,13,13,0,0,0,0
111075,49,ring,11201,0,0,0,63,78,882,1092,1,100,90765,18090,0,15,2,48,48,NORMAL,0,0,63,18,12,96,18,12,96,15,15,0,0,0,0
111975,19,ring,10571,0,0,0,64,78,896,1092,1,100,92212,18070,0,14,2,50,50,NORMAL,0,0,64,18,10,100,18,10,100,14,14,0,0,0,0
111890,74,ring,13168,0,0,0,60,73,840,1022,1,100,93735,14054,0,14,3,47,47,NORMAL,0,0,60,14,12,94,14,12,94,13,13,0,0,0,0
111957,94,ring,9393,0,0,0,58,71,812,994,1,100,97105,10274,0,14,3,45,45,NORMAL,0,0,58,16,10,90,16,10,90,13,13,0,0,0,0
111535,7,ring,9558,0,0,0,65,79,910,1106,1,100,92753,18195,0,14,2,51,51,NORMAL,0,0,65,18,10,102,18,10,102,14,14,0,0,0,0
111263,57,ring,11629,0,0,0,63,78,882,1092,1,100,90643,17922,0,15,2,48,48,NORMAL,0,0,63,18,12,96,18,12,96,15,15,0,0,0,0
111217,86,ring,12952,1,1,4787,59,73,826,1022,1,100,97243,10232,0,15,3,46,46,NORMAL,0,2,59,14,12,92,16,12,92,14,13,0,0,0,0
111551,60,ring,12027,0,0,0,63,78,882,1092,1,100,90613,17976,0,15,2,48,48,NORMAL,0,0,63,18,12,96,18,12,96,15,15,0,0,0,0
111293,34,ring,10398,0,0,0,64,79,896,1106,1,100,91664,18032,0,15,2,49,49,NORMAL,0,0,64,18,12,98,18,12,98,15,15,0,0,0,0
111348,43,ring,10950,0,0,0,64,79,896,1106,1,100,91200,18154,0,15,2,49,49,NORMAL,0,0,64,18,12,98,18,12,98,15,15,0,0,0,0
111268,61,ring,11714,0,0,0,63,78,882,1092,1,100,90635,17970,0,15,2,48,48,NORMAL,0,0,63,18,12,96,18,12,96,15,15,0,0,0,0
111972,62,ring,12464,0,0,0,60,75,840,1050,1,100,94212,14387,0,16,3,47,47,NORMAL,0,0,60,14,12,94,18,12,94,15,13,1,0,0,0
111821,28,ring,10463,0,0,0,64,79,896,1106,1,100,92175,17971,0,15,2,49,49,NORMAL,0,0,64,18,12,98,18,12,98,15,15,0,0,0,0
111656,18,ring,9856,0,0,0,64,78,896,1092,1,100,92639,18007,0,14,2,50,50,NORMAL,0,0,64,18,10,100,18,10,100,14,14,0,0,0,0
111430,31,ring,10200,0,0,0,64,79,896,1106,1,100,92029,18010,0,15,2,49,49,NORMAL,0,0,64,18,12,98,18,12,98,15,15,0,0,0,0
111987,30,ring,10677,0,0,0,64,79,896,1106,1,100,92108,18004,0,15,2,49,49,NORMAL,0,0,64,18,12,98,18,12,98,15,15,0,0,0,0
111769,45,ring,11204,0,0,0,64,79,896,1106,1,100,91425,18077,0,15,2,49,49,NORMAL,0,0,64,18,12,98,18,12,98,15,15,0,0,0,0
111469,72,ring,12248,0,0,0,60,74,840,1036,1,100,94143,14175,0,15,3,47,47,NORMAL,0,0,60,14,12,94,16,12,94,14,13,0,0,0,0
111905,42,ring,11106,0,0,0,64,79,896,1106,1,100,91595,18114,0,15,2,49,49,NORMAL,0,0,64,18,12,98,18,12,98,15,15,0,0,0,0
111672,89,ring,8347,1,0,0,58,70,812,980,1,100,97900,10289,0,14,3,45,45,NORMAL,0,0,58,16,10,90,14,10,90,12,13,0,0,0,0
111950,85,ring,13127,0,0,0,60,74,840,1036,1,100,93879,14167,0,15,3,46,46,NORMAL,0,0,60,16,12,92,16,12,92,14,14,0,0,0,0
111920,10,ring,9428,0,0,0,64,78,896,1092,1,100,93210,18230,0,14,1,51,51,NORMAL,0,0,64,16,10,102,18,10,102,14,13,1,0,0,0
111839,22,ring,9849,0,0,0,64,78,896,1092,1,100,92801,18072,0,14,2,50,50,NORMAL,0,0,64,18,10,100,18,10,100,14,14,0,0,0,0
120260,24,ring,10790,0,0,0,68,83,952,1162,1,100,100275,18044,0,15,2,53,53,NORMAL,0,0,68,18,12,106,18,12,106,15,15,0,0,0,0
120230,88,ring,9045,3,3,14852,62,75,868,1050,1,100,110291,5709,0,14,4,50,50,NORMAL,0,6,62,14,10,100,14,12,100,13,12,0,0,0,0
120109,80,ring,13321,1,0,0,65,78,910,1092,1,100,101795,14205,0,15,4,51,51,NORMAL,0,0,65,16,12,102,14,12,102,13,14,0,0,0,0
120042,39,ring,11199,0,0,0,68,83,952,1162,1,100,99655,18128,0,15,2,53,53,NORMAL,0,0,68,18,12,106,18,12,106,15,15,0,0,0,0
120330,1,ring,9717,0,0,0,69,88,966,1232,1,100,110498,9101,0,19,2,55,55,NORMAL,0,0,69,18,10,110,18,20,110,14,14,0,0,0,0
120315,33,ring,11055,0,0,0,68,83,952,1162,1,100,100037,18003,0,15,2,53,53,NORMAL,0,0,68,18,12,106,18,12,106,15,15,0,0,0,0
120312,76,ring,13247,0,0,0,64,77,896,1078,1,100,102117,14024,0,14,4,51,51,NORMAL,0,0,64,14,12,102,14,12,102,13,13,0,0,0,0
120327,44,ring,11658,0,0,0,68,83,952,1162,1,100,99528,18076,0,15,2,53,53,NORMAL,0,0,68,18,12,106,18,12,106,15,15,0,0,0,0
120518,50,ring,12125,0,0,0,68,83,952,1162,1,100,99344,17987,0,15,2,53,53,NORMAL,0,0,68,18,12,106,18,12,106,15,15,0,0,0,0
120057,47,ring,11466,0,0,0,68,83,952,1162,1,100,99436,18093,0,15,2,53,53,NORMAL,0,0,68,18,12,106,18,12,106,15,15,0,0,0,0
120463,41,ring,11516,0,0,0,68,83,952,1162,1,100,99777,18089,0,15,2,53,53,NORMAL,0,0,68,18,12,106,18,12,106,15,15,0,0,0,0
120651,11,ring,10243,0,0,0,69,83,966,1162,1,100,101125,18228,0,14,2,55,55,NORMAL,0,0,69,18,10,110,18,10,110,14,14,0,0,0,0
120478,9,ring,9912,0,0,0,69,83,966,1162,1,100,101302,18182,0,14,2,55,55,NORMAL,0,0,69,18,10,110,18,10,110,14,14,0,0,0,0
120381,27,ring,10604,0,0,0,68,83,952,1162,1,100,100609,17960,0,15,2,53,53,NORMAL,0,0,68,18,12,106,18,12,106,15,15,0,0,0,0
120193,4,ring,9316,0,0,0,69,83,966,1162,1,100,101689,18142,0,14,2,55,55,NORMAL,0,0,69,18,10,110,18,10,110,14,14,0,0,0,0
120599,38,ring,11336,0,0,0,68,83,952,1162,1,100,100085,18135,0,15,2,53,53,NORMAL,0,0,68,18,12,106,18,12,106,15,15,0,0,0,0
120150,100,ring,9083,1,0,0,75,76,1050,1064,1,100,101769,18233,0,14,2,56,49,LEADER,1,49,75,18,20,112,16,10,98,13,14,0,0,0,0
120503,82,ring,13334,0,0,0,65,79,910,1106,1,100,102234,14192,0,15,4,51,51,NORMAL,0,0,65,16,12,102,16,12,102,14,14,0,0,0,0
120511,46,ring,11555,0,0,0,68,83,952,1162,1,100,99829,18070,0,15,2,53,53,NORMAL,0,0,68,18,12,106,18,12,106,15,15,0,0,0,0
120614,6,ring,9713,0,0,0,69,83,966,1162,1,100,101688,18156,0,14,2,55,55,NORMAL,0,0,69,18,10,110,18,10,110,14,14,0,0,0,0
120027,71,ring,12294,0,0,0,65,78,910,1092,1,100,102640,14186,0,14,4,52,52,NORMAL,0,0,65,14,12,104,14,12,104,13,13,1,0,0,0
120094,91,ring,8497,0,0,0,62,75,868,1050,1,100,106192,10244,0,14,4,50,50,NORMAL,0,0,62,14,10,100,16,10,100,13,12,1,0,0,0
120245,56,ring,11650,0,0,0,68,83,952,1162,1,100,99602,17905,0,15,2,53,53,NORMAL,0,0,68,18,12,106,18,12,106,15,15,0,0,0,0
120366,79,ring,12844,0,0,0,65,78,910,1092,1,100,102511,14059,0,14,4,52,52,NORMAL,0,0,65,14,12,104,14,12,104,13,13,0,0,0,0
120688,13,ring,9991,0,0,0,69,83,966,1162,1,100,101473,18187,0,14,2,55,55,NORMAL,0,0,69,18,10,110,18,10,110,14,14,0,0,0,0
120300,65,ring,12115,0,0,0,66,80,924,1120,1,100,102942,14355,0,15,3,52,52,NORMAL,0,0,66,16,12,104,16,12,104,14,14,0,0,0,0
120275,98,ring,8834,0,0,0,63,76,882,1064,1,100,105985,10244,0,14,4,50,50,NORMAL,0,0,63,16,10,100,16,10,100,13,13,0,0,0,0
120842,96,ring,9289,1,0,0,63,76,882,1064,1,100,106154,10190,0,15,4,50,50,NORMAL,0,0,63,16,10,100,16,10,100,13,13,0,0,0,0
120163,68,ring,12032,0,0,0,66,80,924,1120,1,100,102906,14285,0,15,3,52,52,NORMAL,0,0,66,16,12,104,16,12,104,14,14,0,0,0,0
120178,36,ring,10395,0,0,0,68,83,952,1162,1,100,100522,18128,0,15,2,53,53,NORMAL,0,0,68,18,12,106,18,12,106,15,15,0,0,0,0
120706,99,ring,9247,1,1,5231,63,76,882,1064,1,100,102249,14052,0,13,4,50,50,NORMAL,0,2,63,16,10,100,16,10,100,13,13,0,0,0,0
120805,81,ring,13233,0,0,0,65,79,910,1106,1,100,102611,14197,0,15,4,51,51,NORMAL,0,0,65,16,12,102,16,12,102,14,14,0,0,0,0
120850,53,ring,11911,0,0,0,68,83,952,1162,1,100,99999,17856,0,15,2,53,53,NORMAL,0,0,68,18,12,106,18,12,106,15,15,0,0,0,0
120533,51,ring,11500,0,0,0,68,83,952,1162,1,100,100035,17937,0,15,2,53,53,NORMAL,0,0,68,18,12,106,18,12,106,15,15,0,0,0,0
120351,15,ring,9558,0,0,0,69,83,966,1162,1,100,101597,18128,0,14,2,55,55,NORMAL,0,0,69,18,10,110,18,10,110,14,14,0,0,0,0
120448,73,ring,12479,0,0,0,65,78,910,1092,1,100,102891,14159,0,14,4,52,52,NORMAL,0,0,65,14,12,104,14,12,104,13,13,0,0,0,0
120751,3,ring,9326,0,0,0,70,84,980,1176,1,100,102197,18185,0,14,2,56,56,NORMAL,0,0,70,18,10,112,18,10,112,14,14,0,0,0,0
120536,5,ring,9143,0,0,0,70,84,980,1176,1,100,102210,18168,0,14,2,56,56,NORMAL,0,0,70,18,10,112,18,10,112,14,14,0,0,0,0
120736,35,ring,10687,0,0,0,68,83,952,1162,1,100,100778,18133,0,15,2,53,53,NORMAL,0,0,68,18,12,106,18,12,106,15,15,0,0,0,0
121013,66,ring,12559,0,0,0,66,80,924,1120,1,100,103222,14347,0,15,3,52,52,NORMAL,0,0,66,16,12,104,16,12,104,14,14,0,0,0,0
120396,21,ring,9761,0,0,0,69,83,966,1162,1,100,101451,18109,0,14,2,55,55,NORMAL,0,0,69,18,10,110,18,10,110,14,14,0,0,0,0
121145,26,ring,10661,0,0,0,69,84,966,1176,1,100,101329,17994,0,15,2,54,54,NORMAL,0,0,69,18,12,108,18,12,108,15,15,0,0,0,0
120924,84,ring,13242,0,0,0,65,79,910,1106,1,100,102697,14226,0,15,4,51,51,NORMAL,0,0,65,16,12,102,16,12,102,14,14,0,0,0,0
120721,67,ring,12281,0,0,0,66,80,924,1120,1,100,103196,14349,0,15,3,52,52,NORMAL,0,0,66,16,12,104,16,12,104,14,14,0,0,0,0
121308,2,ring,9731,0,0,0,70,84,980,1176,1,100,102383,18189,0,14,2,56,56,NORMAL,0,0,70,18,10,112,18,10,112,14,14,0,0,0,0
120584,70,ring,12243,0,0,0,65,79,910,1106,1,100,103175,14230,0,15,3,52,52,NORMAL,0,0,65,14,12,104,16,12,104,14,12,1,0,0,0
121460,90,ring,9248,0,0,0,63,76,882,1064,1,100,106759,10278,0,14,3,50,50,NORMAL,0,0,63,16,10,100,16,10,100,13,13,0,0,0,0
120817,23,ring,10092,0,0,0,68,82,952,1148,1,100,101550,18011,0,14,2,54,54,NORMAL,0,0,68,18,10,108,18,10,108,14,14,1,0,0,0
120669,55,ring,11447,0,0,0,68,83,952,1162,1,100,100239,17835,0,15,2,53,53,NORMAL,0,0,68,18,12,106,18,12,106,15,15,0,0,0,0
121300,59,ring,12323,0,0,0,68,83,952,1162,1,100,100017,17991,0,15,2,53,53,NORMAL,0,0,68,18,12,106,18,12,106,15,15,0,0,0,0
121157,37,ring,11070,0,0,0,68,83,952,1162,1,100,100875,18136,0,15,2,53,53,NORMAL,0,0,68,18,12,106,18,12,106,15,15,0,0,0,0
120787,87,ring,13119,0,0,0,64,77,896,1078,1,100,106629,10298,0,14,4,51,51,NORMAL,0,0,64,14,12,102,14,12,102,13,13,0,0,0,0
120666,58,ring,11596,0,0,0,68,83,952,1162,1,100,100095,17951,0,15,2,53,53,NORMAL,0,0,68,18,12,106,18,12,106,15,15,0,0,0,0
120872,32,ring,10452,0,0,0,69,84,966,1176,1,100,101182,18021,0,15,2,54,54,NORMAL,0,0,69,18,12,108,18,12,108,15,15,0,0,0,0
121009,29,ring,10457,0,0,0,69,84,966,1176,1,100,101356,17998,0,15,2,54,54,NORMAL,0,0,69,18,12,108,18,12,108,15,15,0,0,0,0
121212,25,ring,10524,0,0,0,69,84,966,1176,1,100,101498,18029,0,15,2,54,54,NORMAL,0,0,69,18,12,108,18,12,108,15,15,0,0,0,0
121278,12,ring,9924,0,0,0,70,84,980,1176,1,100,102062,18231,0,14,2,56,56,NORMAL,0,0,70,18,10,112,18,10,112,14,14,0,0,0,0
121173,97,ring,9067,0,0,0,63,76,882,1064,1,100,106668,10221,0,14,3,50,50,NORMAL,0,0,63,16,10,100,16,10,100,13,13,0,0,0,0
121227,14,ring,9918,0,0,0,70,84,980,1176,1,100,102107,18177,0,14,2,56,56,NORMAL,0,0,70,18,10,112,18,10,112,14,14,0,0,0,0
120857,64,ring,11981,0,0,0,66,80,924,1120,1,100,103596,14404,0,15,3,52,52,NORMAL,0,0,66,16,12,104,16,12,104,14,14,0,0,0,0
121142,69,ring,12445,0,0,0,66,80,924,1120,1,100,103515,14248,0,15,3,52,52,NORMAL,0,0,66,16,12,104,16,12,104,14,13,0,0,0,0
121536,40,ring,11337,0,0,0,69,84,966,1176,1,100,101029,18070,0,15,2,54,54,NORMAL,0,0,69,18,12,108,18,12,108,15,15,0,0,0,0
121090,17,ring,9801,0,0,0,69,83,966,1162,1,100,102116,18064,0,14,2,55,55,NORMAL,0,0,69,18,10,110,18,10,110,14,14,0,0,0,0
121499,8,ring,9783,0,0,0,70,84,980,1176,1,100,102470,18179,0,14,2,56,56,NORMAL,0,0,70,18,10,112,18,10,112,14,14,0,0,0,0
121333,75,ring,12849,0,0,0,65,78,910,1092,1,100,103542,13999,0,14,3,52,52,NORMAL,0,0,65,14,12,104,14,12,104,13,13,0,0,0,0
121400,95,ring,9055,0,0,0,62,75,868,1050,1,100,106945,10176,0,14,3,50,50,NORMAL,0,0,62,14,10,100,16,10,100,13,12,1,0,0,0
121754,77,ring,13364,0,0,0,65,78,910,1092,1,100,103365,14112,0,14,3,52,52,NORMAL,0,0,65,14,12,104,14,12,104,13,13,0,0,0,0
121633,48,ring,11819,0,0,0,68,83,952,1162,1,100,100670,18099,0,15,2,53,53,NORMAL,0,0,68,18,12,106,18,12,106,15,15,0,0,0,0
121824,54,ring,12243,0,0,0,68,83,952,1162,1,100,100613,17837,0,15,2,53,53,NORMAL,0,0,68,18,12,106,18,12,106,15,15,0,0,0,0
120939,52,ring,11289,0,0,0,68,83,952,1162,1,100,100669,17931,0,15,2,53,53,NORMAL,0,0,68,18,12,106,18,12,106,15,15,0,0,0,0
120954,20,ring,9739,0,0,0,69,83,966,1162,1,100,102008,18111,0,14,2,55,55,NORMAL,0,0,69,18,10,110,18,10,110,14,14,0,0,0,0
121664,92,ring,9097,1,0,0,63,75,882,1050,1,100,107144,10255,0,14,3,50,50,NORMAL,0,0,63,16,10,100,14,10,100,12,13,0,0,0,0
120979,93,ring,8442,1,0,0,63,76,882,1064,1,100,107055,10313,0,15,3,50,50,NORMAL,0,0,63,16,10,100,16,10,100,13,13,0,0,0,0
121648,16,ring,10146,0,0,0,69,83,966,1162,1,100,102266,18125,0,14,2,55,55,NORMAL,0,0,69,18,10,110,18,10,110,14,14,0,0,0,0
121415,63,ring,12229,0,0,0,66,80,924,1120,1,100,103883,14394,0,15,3,52,52,NORMAL,0,0,66,16,12,104,16,12,104,14,14,0,0,0,0
121481,83,ring,13185,0,0,0,65,79,910,1106,1,100,103369,14158,0,15,3,51,51,NORMAL,0,0,65,16,12,102,16,12,102,14,14,0,0,0,0
121197,78,ring,12690,0,0,0,65,78,910,1092,1,100,103516,14064,0,14,3,52,52,NORMAL,0,0,65,14,12,104,14,12,104,13,13,0,0,0,0
121075,49,ring,11201,0,0,0,69,84,966,1176,1,100,100765,18090,0,15,2,54,54,NORMAL,0,0,69,18,12,108,18,12,108,15,15,0,0,0,0
121975,19,ring,10571,0,0,0,69,83,966,1162,1,100,102212,18070,0,14,2,55,55,NORMAL,0,0,69,18,10,110,18,10,110,14,14,0,0,0,0
121890,74,ring,13168,0,0,0,65,78,910,1092,1,100,103735,14054,0,14,3,52,52,NORMAL,0,0,65,14,12,104,14,12,104,13,13,0,0,0,0
121957,94,ring,9393,0,0,0,63,76,882,1064,1,100,107105,10274,0,14,3,50,50,NORMAL,0,0,63,16,10,100,16,10,100,13,13,0,0,0,0
121535,7,ring,9558,0,0,0,70,84,980,1176,1,100,102753,18195,0,14,2,56,56,NORMAL,0,0,70,18,10,112,18,10,112,14,14,0,0,0,0
121263,57,ring,11629,0,0,0,68,83,952,1162,1,100,100643,17922,0,15,2,53,53,NORMAL,0,0,68,18,12,106,18,12,106,15,15,0,0,0,0
121217,86,ring,12952,1,1,4787,64,78,896,1092,1,100,107243,10232,0,15,3,51,51,NORMAL,0,2,64,14,12,102,16,12,102,14,13,0,0,0,0
121551,60,ring,12027,0,0,0,69,84,966,1176,1,100,100613,17976,0,15,2,54,54,NORMAL,0,0,69,18,12,108,18,12,108,15,15,0,0,0,0
121293,34,ring,10398,0,0,0,69,84,966,1176,1,100,101664,18032,0,15,2,54,54,NORMAL,0,0,69,18,12,108,18,12,108,15,15,0,0,0,0
121348,43,ring,10950,0,0,0,69,84,966,1176,1,100,101200,18154,0,15,2,54,54,NORMAL,0,0,69,18,12,108,18,12,108,15,15,0,0,0,0
121268,61,ring,11714,0,0,0,69,84,966,1176,1,100,100635,17970,0,15,2,54,54,NORMAL,0,0,69,18,12,108,18,12,108,15,15,0,0,0,0
121972,62,ring,12464,0,0,0,66,81,924,1134,1,100,104212,14387,0,16,3,53,53,NORMAL,0,0,66,14,12,106,18,12,106,15,13,1,0,0,0
121821,28,ring,10463,0,0,0,69,84,966,1176,1,100,102175,17971,0,15,2,54,54,NORMAL,0,0,69,18,12,108,18,12,108,15,15,0,0,0,0
121656,18,ring,9856,0,0,0,69,83,966,1162,1,100,102639,18007,0,14,2,55,55,NORMAL,0,0,69,18,10,110,18,10,110,14,14,0,0,0,0
121430,31,ring,10200,0,0,0,69,84,966,1176,1,100,102029,18010,0,15,2,54,54,NORMAL,0,0,69,18,12,108,18,12,108,15,15,0,0,0,0
121987,30,ring,10677,0,0,0,69,84,966,1176,1,100,102108,18004,0,15,2,54,54,NORMAL,0,0,69,18,12,108,18,12,108,15,15,0,0,0,0
121769,45,ring,11204,0,0,0,69,84,966,1176,1,100,101425,18077,0,15,2,54,54,NORMAL,0,0,69,18,12,108,18,12,108,15,15,0,0,0,0
121469,72,ring,12248,0,0,0,65,79,910,1106,1,100,104143,14175,0,15,3,52,52,NORMAL,0,0,65,14,12,104,16,12,104,14,13,0,0,0,0
121905,42,ring,11106,0,0,0,69,84,966,1176,1,100,101595,18114,0,15,2,54,54,NORMAL,0,0,69,18,12,108,18,12,108,15,15,0,0,0,0
121672,89,ring,8347,1,0,0,63,75,882,1050,1,100,107900,10289,0,14,3,50,50,NORMAL,0,0,63,16,10,100,14,10,100,12,13,0,0,0,0
121950,85,ring,13127,0,0,0,65,79,910,1106,1,100,103879,14167,0,15,3,51,51,NORMAL,0,0,65,16,12,102,16,12,102,14,14,0,0,0,0
121920,10,ring,9428,0,0,0,69,83,966,1162,1,100,103210,18230,0,14,1,56,56,NORMAL,0,0,69,16,10,112,18,10,112,14,13,1,0,0,0
121839,22,ring,9849,0,0,0,69,83,966,1162,1,100,102801,18072,0,14,2,55,55,NORMAL,0,0,69,18,10,110,18,10,110,14,14,0,0,0,0
130260,24,ring,10790,0,0,0,73,88,1022,1232,1,100,110275,18044,0,15,2,58,58,NORMAL,0,0,73,18,12,116,18,12,116,15,15,0,0,0,0
130230,88,ring,9045,3,3,14852,67,80,938,1120,1,100,120291,5709,0,14,4,55,55,NORMAL,0,6,67,14,10,110,14,12,110,13,12,0,0,0,0
130109,80,ring,13321,1,0,0,70,83,980,1162,1,100,111795,14205,0,15,4,56,56,NORMAL,0,0,70,16,12,112,14,12,112,13,14,0,0,0,0
130042,39,ring,11199,0,0,0,73,88,1022,1232,1,100,109655,18128,0,15,2,58,58,NORMAL,0,0,73,18,12,116,18,12,116,15,15,0,0,0,0
130330,1,ring,9717,0,0,0,74,93,1036,1302,1,100,120498,9101,0,19,2,60,60,NORMAL,0,0,74,18,10,120,18,20,120,14,14,0,0,0,0
130315,33,ring,11055,0,0,0,73,88,1022,1232,1,100,110037,18003,0,15,2,58,58,NORMAL,0,0,73,18,12,116,18,12,116,15,15,0,0,0,0
130312,76,ring,13247,0,0,0,69,82,966,1148,1,100,112117,14024,0,14,4,56,56,NORMAL,0,0,69,14,12,112,14,12,112,13,13,0,0,0,0
130327,44,ring,11658,0,0,0,73,88,1022,1232,1,100,109528,18076,0,15,2,58,58,NORMAL,0,0,73,18,12,116,18,12,116,15,15,0,0,0,0
130518,50,ring,12125,0,0,0,73,88,1022,1232,1,100,109344,17987,0,15,2,58,58,NORMAL,0,0,73,18,12,116,18,12,116,15,15,0,0,0,0
130057,47,ring,11466,0,0,0,73,88,1022,1232,1,100,109436,18093,0,15,2,58,58,NORMAL,0,0,73,18,12,116,18,12,116,15,15,0,0,0,0
130463,41,ring,11516,0,0,0,73,88,1022,1232,1,100,109777,18089,0,15,2,58,58,NORMAL,0,0,73,18,12,116,18,12,116,15,15,0,0,0,0
130651,11,ring,10243,0,0,0,74,88,1036,1232,1,100,111125,18228,0,14,2,60,60,NORMAL,0,0,74,18,10,120,18,10,120,14,14,0,0,0,0
130478,9,ring,9912,0,0,0,74,88,1036,1232,1,100,111302,18182,0,14,2,60,60,NORMAL,0,0,74,18,10,120,18,10,120,14,14,0,0,0,0
130381,27,ring,10604,0,0,0,73,88,1022,1232,1,100,110609,17960,0,15,2,58,58,NORMAL,0,0,73,18,12,116,18,12,116,15,15,0,0,0,0
130193,4,ring,9316,0,0,0,74,88,1036,1232,1,100,111689,18142,0,14,2,60,60,NORMAL,0,0,74,18,10,120,18,10,120,14,14,0,0,0,0
130599,38,ring,11336,0,0,0,73,88,1022,1232,1,100,110085,18135,0,15,2,58,58,NORMAL,0,0,73,18,12,116,18,12,116,15,15,0,0,0,0
130150,100,ring,9083,1,0,0,80,81,1120,1134,1,100,111769,18233,0,14,2,61,54,LEADER,1,54,80,18,20,122,16,10,108,13,14,0,0,0,0
130503,82,ring,13334,0,0,0,70,84,980,1176,1,100,112234,14192,0,15,4,56,56,NORMAL,0,0,70,16,12,112,16,12,112,14,14,0,0,0,0
130511,46,ring,11555,0,0,0,73,88,1022,1232,1,100,109829,18070,0,15,2,58,58,NORMAL,0,0,73,18,12,116,18,12,116,15,15,0,0,0,0
130614,6,ring,9713,0,0,0,74,88,1036,1232,1,100,111688,18156,0,14,2,60,60,NORMAL,0,0,74,18,10,120,18,10,120,14,14,0,0,0,0
130027,71,ring,12294,0,0,0,70,83,980,1162,1,100,112640,14186,0,14,4,57,57,NORMAL,0,0,70,14,12,114,14,12,114,13,13,1,0,0,0
130094,91,ring,8497,0,0,0,66,79,924,1106,1,100,116192,10244,0,14,4,54,54,NORMAL,0,0,66,14,10,108,16,10,108,13,12,1,0,0,0
130245,56,ring,11650,0,0,0,73,88,1022,1232,1,100,109602,17905,0,15,2,58,58,NORMAL,0,0,73,18,12,116,18,12,116,15,15,0,0,0,0
130366,79,ring,12844,0,0,0,70,83,980,1162,1,100,112511,14059,0,14,4,57,57,NORMAL,0,0,70,14,12,114,14,12,114,13,13,0,0,0,0
130688,13,ring,9991,0,0,0,74,88,1036,1232,1,100,111473,18187,0,14,2,60,60,NORMAL,0,0,74,18,10,120,18,10,120,14,14,0,0,0,0
130300,65,ring,12115,0,0,0,71,85,994,1190,1,100,112942,14355,0,15,3,57,57,NORMAL,0,0,71,16,12,114,16,12,114,14,14,0,0,0,0
130275,98,ring,8834,0,0,0,67,80,938,1120,1,100,115985,10244,0,14,4,54,54,NORMAL,0,0,67,16,10,108,16,10,108,13,13,0,0,0,0
130842,96,ring,9289,1,0,0,68,81,952,1134,1,100,116154,10190,0,15,4,55,55,NORMAL,0,0,68,16,10,110,16,10,110,13,13,0,0,0,0
130163,68,ring,12032,0,0,0,71,85,994,1190,1,100,112906,14285,0,15,3,57,57,NORMAL,0,0,71,16,12,114,16,12,114,14,14,0,0,0,0
130178,36,ring,10395,0,0,0,73,88,1022,1232,1,100,110522,18128,0,15,2,58,58,NORMAL,0,0,73,18,12,116,18,12,116,15,15,0,0,0,0
130706,99,ring,9247,1,1,5231,68,81,952,1134,1,100,112249,14052,0,13,4,55,55,NORMAL,0,2,68,16,10,110,16,10,110,13,13,0,0,0,0
130805,81,ring,13233,0,0,0,70,84,980,1176,1,100,112611,14197,0,15,4,56,56,NORMAL,0,0,70,16,12,112,16,12,112,14,14,0,0,0,0
130850,53,ring,11911,0,0,0,73,88,1022,1232,1,100,109999,17856,0,15,2,58,58,NORMAL,0,0,73,18,12,116,18,12,116,15,15,0,0,0,0
130533,51,ring,11500,0,0,0,73,88,1022,1232,1,100,110035,17937,0,15,2,58,58,NORMAL,0,0,73,18,12,116,18,12,116,15,15,0,0,0,0
130351,15,ring,9558,0,0,0,74,88,1036,1232,1,100,111597,18128,0,14,2,60,60,NORMAL,0,0,74,18,10,120,18,10,120,14,14,0,0,0,0
130448,73,ring,12479,0,0,0,70,83,980,1162,1,100,112891,14159,0,14,4,57,57,NORMAL,0,0,70,14,12,114,14,12,114,13,13,0,0,0,0
130751,3,ring,9326,0,0,0,75,89,1050,1246,1,100,112197,18185,0,14,2,61,61,NORMAL,0,0,75,18,10,122,18,10,122,14,14,0,0,0,0
130536,5,ring,9143,0,0,0,75,89,1050,1246,1,100,112210,18168,0,14,2,61,61,NORMAL,0,0,75,18,10,122,18,10,122,14,14,0,0,0,0
130736,35,ring,10687,0,0,0,73,88,1022,1232,1,100,110778,18133,0,15,2,58,58,NORMAL,0,0,73,18,12,116,18,12,116,15,15,0,0,0,0
131013,66,ring,12559,0,0,0,71,85,994,1190,1,100,113222,14347,0,15,3,57,57,NORMAL,0,0,71,16,12,114,16,12,114,14,14,0,0,0,0
130396,21,ring,9761,0,0,0,74,88,1036,1232,1,100,111451,18109,0,14,2,60,60,NORMAL,0,0,74,18,10,120,18,10,120,14,14,0,0,0,0
131145,26,ring,10661,0,0,0,74,89,1036,1246,1,100,111329,17994,0,15,2,59,59,NORMAL,0,0,74,18,12,118,18,12,118,15,15,0,0,0,0
130924,84,ring,13242,0,0,0,70,84,980,1176,1,100,112697,14226,0,15,4,56,56,NORMAL,0,0,70,16,12,112,16,12,112,14,14,0,0,0,0
130721,67,ring,12281,0,0,0,71,85,994,1190,1,100,113196,14349,0,15,3,57,57,NORMAL,0,0,71,16,12,114,16,12,114,14,14,0,0,0,0
131308,2,ring,9731,0,0,0,75,89,1050,1246,1,100,112383,18189,0,14,2,61,61,NORMAL,0,0,75,18,10,122,18,10,122,14,14,0,0,0,0
130584,70,ring,12243,0,0,0,70,84,980,1176,1,100,113175,14230,0,15,3,57,57,NORMAL,0,0,70,14,12,114,16,12,114,14,12,1,0,0,0
131460,90,ring,9248,0,0,0,68,81,952,1134,1,100,116759,10278,0,14,3,55,55,NORMAL,0,0,68,16,10,110,16,10,110,13,13,0,0,0,0
130817,23,ring,10092,0,0,0,73,87,1022,1218,1,100,111550,18011,0,14,2,59,59,NORMAL,0,0,73,18,10,118,18,10,118,14,14,1,0,0,0
130669,55,ring,11447,0,0,0,73,88,1022,1232,1,100,110239,17835,0,15,2,58,58,NORMAL,0,0,73,18,12,116,18,12,116,15,15,0,0,0,0
131300,59,ring,12323,0,0,0,73,88,1022,1232,1,100,110017,17991,0,15,2,58,58,NORMAL,0,0,73,18,12,116,18,12,116,15,15,0,0,0,0
131157,37,ring,11070,0,0,0,73,88,1022,1232,1,100,110875,18136,0,15,2,58,58,NORMAL,0,0,73,18,12,116,18,12,116,15,15,0,0,0,0
130787,87,ring,13119,0,0,0,69,82,966,1148,1,100,116629,10298,0,14,4,56,56,NORMAL,0,0,69,14,12,112,14,12,112,13,13,0,0,0,0
130666,58,ring,11596,0,0,0,73,88,1022,1232,1,100,110095,17951,0,15,2,58,58,NORMAL,0,0,73,18,12,116,18,12,116,15,15,0,0,0,0
130872,32,ring,10452,0,0,0,74,89,1036,1246,1,100,111182,18021,0,15,2,59,59,NORMAL,0,0,74,18,12,118,18,12,118,15,15,0,0,0,0
131009,29,ring,10457,0,0,0,74,89,1036,1246,1,100,111356,17998,0,15,2,59,59,NORMAL,0,0,74,18,12,118,18,12,118,15,15,0,0,0,0
131212,25,ring,10524,0,0,0,74,89,1036,1246,1,100,111498,18029,0,15,2,59,59,NORMAL,0,0,74,18,12,118,18,12,118,15,15,0,0,0,0
131278,12,ring,9924,0,0,0,75,89,1050,1246,1,100,112062,18231,0,14,2,61,61,NORMAL,0,0,75,18,10,122,18,10,122,14,14,0,0,0,0
131173,97,ring,9067,0,0,0,68,81,952,1134,1,100,116668,10221,0,14,3,55,55,NORMAL,0,0,68,16,10,110,16,10,110,13,13,0,0,0,0
131227,14,ring,9918,0,0,0,75,89,1050,1246,1,100,112107,18177,0,14,2,61,61,NORMAL,0,0,75,18,10,122,18,10,122,14,14,0,0,0,0
130857,64,ring,11981,0,0,0,71,85,994,1190,1,100,113596,14404,0,15,3,57,57,NORMAL,0,0,71,16,12,114,16,12,114,14,14,0,0,0,0
131142,69,ring,12445,0,0,0,71,85,994,1190,1,100,113515,14248,0,15,3,57,57,NORMAL,0,0,71,16,12,114,16,12,114,14,13,0,0,0,0
131536,40,ring,11337,0,0,0,74,89,1036,1246,1,100,111029,18070,0,15,2,59,59,NORMAL,0,0,74,18,12,118,18,12,118,15,15,0,0,0,0
131090,17,ring,9801,0,0,0,74,88,1036,1232,1,100,112116,18064,0,14,2,60,60,NORMAL,0,0,74,18,10,120,18,10,120,14,14,0,0,0,0
131499,8,ring,9783,0,0,0,75,89,1050,1246,1,100,112470,18179,0,14,2,61,61,NORMAL,0,0,75,18,10,122,18,10,122,14,14,0,0,0,0
131333,75,ring,12849,0,0,0,70,83,980,1162,1,100,113542,13999,0,14,3,57,57,NORMAL,0,0,70,14,12,114,14,12,114,13,13,0,0,0,0
131400,95,ring,9055,0,0,0,67,80,938,1120,1,100,116945,10176,0,14,3,55,55,NORMAL,0,0,67,14,10,110,16,10,110,13,12,1,0,0,0
131754,77,ring,13364,0,0,0,70,83,980,1162,1,100,113365,14112,0,14,3,57,57,NORMAL,0,0,70,14,12,114,14,12,114,13,13,0,0,0,0
131633,48,ring,11819,0,0,0,73,88,1022,1232,1,100,110670,18099,0,15,2,58,58,NORMAL,0,0,73,18,12,116,18,12,116,15,15,0,0,0,0
131824,54,ring,12243,0,0,0,73,88,1022,1232,1,100,110613,17837,0,15,2,58,58,NORMAL,0,0,73,18,12,116,18,12,116,15,15,0,0,0,0
130939,52,ring,11289,0,0,0,73,88,1022,1232,1,100,110669,17931,0,15,2,58,58,NORMAL,0,0,73,18,12,116,18,12,116,15,15,0,0,0,0
130954,20,ring,9739,0,0,0,74,88,1036,1232,1,100,112008,18111,0,14,2,60,60,NORMAL,0,0,74,18,10,120,18,10,120,14,14,0,0,0,0
131664,92,ring,9097,1,0,0,68,80,952,1120,1,100,117144,10255,0,14,3,55,55,NORMAL,0,0,68,16,10,110,14,10,110,12,13,0,0,0,0
130979,93,ring,8442,1,0,0,68,81,952,1134,1,100,117055,10313,0,15,3,55,55,NORMAL,0,0,68,16,10,110,16,10,110,13,13,0,0,0,0
131648,16,ring,10146,0,0,0,74,88,1036,1232,1,100,112266,18125,0,14,2,60,60,NORMAL,0,0,74,18,10,120,18,10,120,14,14,0,0,0,0
131415,63,ring,12229,0,0,0,71,85,994,1190,1,100,113883,14394,0,15,3,57,57,NORMAL,0,0,71,16,12,114,16,12,114,14,14,0,0,0,0
131481,83,ring,13185,0,0,0,70,84,980,1176,1,100,113369,14158,0,15,3,56,56,NORMAL,0,0,70,16,12,112,16,12,112,14,14,0,0,0,0
131197,78,ring,12690,0,0,0,70,83,980,1162,1,100,113516,14064,0,14,3,57,57,NORMAL,0,0,70,14,12,114,14,12,114,13,13,0,0,0,0
131075,49,ring,11201,0,0,0,74,89,1036,1246,1,100,110765,18090,0,15,2,59,59,NORMAL,0,0,74,18,12,118,18,12,118,15,15,0,0,0,0
131975,19,ring,10571,0,0,0,74,88,1036,1232,1,100,112212,18070,0,14,2,60,60,NORMAL,0,0,74,18,10,120,18,10,120,14,14,0,0,0,0
131890,74,ring,13168,0,0,0,70,83,980,1162,1,100,113735,14054,0,14,3,57,57,NORMAL,0,0,70,14,12,114,14,12,114,13,13,0,0,0,0
131957,94,ring,9393,0,0,0,68,81,952,1134,1,100,117105,10274,0,14,3,55,55,NORMAL,0,0,68,16,10,110,16,10,110,13,13,0,0,0,0
131535,7,ring,9558,0,0,0,75,89,1050,1246,1,100,112753,18195,0,14,2,61,61,NORMAL,0,0,75,18,10,122,18,10,122,14,14,0,0,0,0
131263,57,ring,11629,0,0,0,73,88,1022,1232,1,100,110643,17922,0,15,2,58,58,NORMAL,0,0,73,18,12,116,18,12,116,15,15,0,0,0,0
131217,86,ring,12952,1,1,4787,69,83,966,1162,1,100,117243,10232,0,15,3,56,56,NORMAL,0,2,69,14,12,112,16,12,112,14,13,0,0,0,0
131551,60,ring,12027,0,0,0,73,88,1022,1232,1,100,110613,17976,0,15,2,58,58,NORMAL,0,0,73,18,12,116,18,12,116,15,15,0,0,0,0
131293,34,ring,10398,0,0,0,74,89,1036,1246,1,100,111664,18032,0,15,2,59,59,NORMAL,0,0,74,18,12,118,18,12,118,15,15,0,0,0,0
131348,43,ring,10950,0,0,0,74,89,1036,1246,1,100,111200,18154,0,15,2,59,59,NORMAL,0,0,74,18,12,118,18,12,118,15,15,0,0,0,0
131268,61,ring,11714,0,0,0,74,89,1036,1246,1,100,110635,17970,0,15,2,59,59,NORMAL,0,0,74,18,12,118,18,12,118,15,15,0,0,0,0
131972,62,ring,12464,0,0,0,71,86,994,1204,1,100,114212,14387,0,16,3,58,58,NORMAL,0,0,71,14,12,116,18,12,116,15,13,1,0,0,0
131821,28,ring,10463,0,0,0,74,89,1036,1246,1,100,112175,17971,0,15,2,59,59,NORMAL,0,0,74,18,12,118,18,12,118,15,15,0,0,0,0
131656,18,ring,9856,0,0,0,74,88,1036,1232,1,100,112639,18007,0,14,2,60,60,NORMAL,0,0,74,18,10,120,18,10,120,14,14,0,0,0,0
131430,31,ring,10200,0,0,0,74,89,1036,1246,1,100,112029,18010,0,15,2,59,59,NORMAL,0,0,74,18,12,118,18,12,118,15,15,0,0,0,0
131987,30,ring,10677,0,0,0,74,89,1036,1246,1,100,112108,18004,0,15,2,59,59,NORMAL,0,0,74,18,12,118,18,12,118,15,15,0,0,0,0
131769,45,ring,11204,0,0,0,74,89,1036,1246,1,100,111425,18077,0,15,2,59,59,NORMAL,0,0,74,18,12,118,18,12,118,15,15,0,0,0,0
131469,72,ring,12248,0,0,0,71,85,994,1190,1,100,114143,14175,0,15,3,58,58,NORMAL,0,0,71,14,12,116,16,12,116,14,13,0,0,0,0
131905,42,ring,11106,0,0,0,74,89,1036,1246,1,100,111595,18114,0,15,2,59,59,NORMAL,0,0,74,18,12,118,18,12,118,15,15,0,0,0,0
131672,89,ring,8347,1,0,0,68,80,952,1120,1,100,117900,10289,0,14,3,55,55,NORMAL,0,0,68,16,10,110,14,10,110,12,13,0,0,0,0
131950,85,ring,13127,0,0,0,70,84,980,1176,1,100,113879,14167,0,15,3,56,56,NORMAL,0,0,70,16,12,112,16,12,112,14,14,0,0,0,0
131920,10,ring,9428,0,0,0,74,88,1036,1232,1,100,113210,18230,0,14,1,61,61,NORMAL,0,0,74,16,10,122,18,10,122,14,13,1,0,0,0
131839,22,ring,9849,0,0,0,74,88,1036,1232,1,100,112801,18072,0,14,2,60,60,NORMAL,0,0,74,18,10,120,18,10,120,14,14,0,0,0,0
140260,24,ring,10790,0,0,0,78,93,1092,1302,1,100,120275,18044,0,15,2,63,63,NORMAL,0,0,78,18,12,126,18,12,126,15,15,0,0,0,0
140230,88,ring,9045,3,3,14852,72,85,1008,1190,1,100,130291,5709,0,14,4,60,60,NORMAL,0,6,72,14,10,120,14,12,120,13,12,0,0,0,0
140109,80,ring,13321,1,0,0,75,88,1050,1232,1,100,121795,14205,0,15,4,61,61,NORMAL,0,0,75,16,12,122,14,12,122,13,14,0,0,0,0
140042,39,ring,11199,0,0,0,78,93,1092,1302,1,100,119655,18128,0,15,2,63,63,NORMAL,0,0,78,18,12,126,18,12,126,15,15,0,0,0,0
140330,1,ring,9717,0,0,0,79,98,1106,1372,1,100,130498,9101,0,19,2,65,65,NORMAL,0,0,79,18,10,130,18,20,130,14,14,0,0,0,0
140315,33,ring,11055,0,0,0,78,93,1092,1302,1,100,120037,18003,0,15,2,63,63,NORMAL,0,0,78,18,12,126,18,12,126,15,15,0,0,0,0
140312,76,ring,13247,0,0,0,74,87,1036,1218,1,100,122117,14024,0,14,4,61,61,NORMAL,0,0,74,14,12,122,14,12,122,13,13,0,0,0,0
140327,44,ring,11658,0,0,0,78,93,1092,1302,1,100,119528,18076,0,15,2,63,63,NORMAL,0,0,78,18,12,126,18,12,126,15,15,0,0,0,0
140518,50,ring,12125,0,0,0,78,93,1092,1302,1,100,119344,17987,0,15,2,63,63,NORMAL,0,0,78,18,12,126,18,12,126,15,15,0,0,0,0
140057,47,ring,11466,0,0,0,78,93,1092,1302,1,100,119436,18093,0,15,2,63,63,NORMAL,0,0,78,18,12,126,18,12,126,15,15,0,0,0,0
140463,41,ring,11516,0,0,0,78,93,1092,1302,1,100,119777,18089,0,15,2,63,63,NORMAL,0,0,78,18,12,126,18,12,126,15,15,0,0,0,0
140651,11,ring,10243,0,0,0,79,93,1106,1302,1,100,121125,18228,0,14,2,65,65,NORMAL,0,0,79,18,10,130,18,10,130,14,14,0,0,0,0
140478,9,ring,9912,0,0,0,79,93,1106,1302,1,100,121302,18182,0,14,2,65,65,NORMAL,0,0,79,18,10,130,18,10,130,14,14,0,0,0,0
140381,27,ring,10604,0,0,0,78,93,1092,1302,1,100,120609,17960,0,15,2,63,63,NORMAL,0,0,78,18,12,126,18,12,126,15,15,0,0,0,0
140193,4,ring,9316,0,0,0,79,93,1106,1302,1,100,121689,18142,0,14,2,65,65,NORMAL,0,0,79,18,10,130,18,10,130,14,14,0,0,0,0
140599,38,ring,11336,0,0,0,78,93,1092,1302,1,100,120085,18135,0,15,2,63,63,NORMAL,0,0,78,18,12,126,18,12,126,15,15,0,0,0,0
140150,100,ring,9083,1,0,0,85,86,1190,1204,1,100,121769,18233,0,14,2,66,59,LEADER,1,59,85,18,20,132,16,10,118,13,14,0,0,0,0
140503,82,ring,13334,0,0,0,75,89,1050,1246,1,100,122234,14192,0,15,4,61,61,NORMAL,0,0,75,16,12,122,16,12,122,14,14,0,0,0,0
140511,46,ring,11555,0,0,0,78,93,1092,1302,1,100,119829,18070,0,15,2,63,63,NORMAL,0,0,78,18,12,126,18,12,126,15,15,0,0,0,0
140614,6,ring,9713,0,0,0,79,93,1106,1302,1,100,121688,18156,0,14,2,65,65,NORMAL,0,0,79,18,10,130,18,10,130,14,14,0,0,0,0
140027,71,ring,12294,0,0,0,75,88,1050,1232,1,100,122640,14186,0,14,4,62,62,NORMAL,0,0,75,14,12,124,14,12,124,13,13,1,0,0,0
140094,91,ring,8497,0,0,0,71,84,994,1176,1,100,126192,10244,0,14,4,59,59,NORMAL,0,0,71,14,10,118,16,10,118,13,12,1,0,0,0
140245,56,ring,11650,0,0,0,78,93,1092,1302,1,100,119602,17905,0,15,2,63,63,NORMAL,0,0,78,18,12,126,18,12,126,15,15,0,0,0,0
140366,79,ring,12844,0,0,0,75,88,1050,1232,1,100,122511,14059,0,14,4,62,62,NORMAL,0,0,75,14,12,124,14,12,124,13,13,0,0,0,0
140688,13,ring,9991,0,0,0,79,93,1106,1302,1,100,121473,18187,0,14,2,65,65,NORMAL,0,0,79,18,10,130,18,10,130,14,14,0,0,0,0
140300,65,ring,12115,0,0,0,76,90,1064,1260,1,100,122942,14355,0,15,3,62,62,NORMAL,0,0,76,16,12,124,16,12,124,14,14,0,0,0,0
140275,98,ring,8834,0,0,0,73,86,1022,1204,1,100,125985,10244,0,14,4,60,60,NORMAL,0,0,73,16,10,120,16,10,120,13,13,0,0,0,0
140842,96,ring,9289,1,0,0,73,86,1022,1204,1,100,126154,10190,0,15,4,60,60,NORMAL,0,0,73,16,10,120,16,10,120,13,13,0,0,0,0
140163,68,ring,12032,0,0,0,76,90,1064,1260,1,100,122906,14285,0,15,3,62,62,NORMAL,0,0,76,16,12,124,16,12,124,14,14,0,0,0,0
140178,36,ring,10395,0,0,0,78,93,1092,1302,1,100,120522,18128,0,15,2,63,63,NORMAL,0,0,78,18,12,126,18,12,126,15,15,0,0,0,0
140706,99,ring,9247,1,1,5231,73,86,1022,1204,1,100,122249,14052,0,13,4,60,60,NORMAL,0,2,73,16,10,120,16,10,120,13,13,0,0,0,0
140805,81,ring,13233,0,0,0,75,89,1050,1246,1,100,122611,14197,0,15,4,61,61,NORMAL,0,0,75,16,12,122,16,12,122,14,14,0,0,0,0
140850,53,ring,11911,0,0,0,78,93,1092,1302,1,100,119999,17856,0,15,2,63,63,NORMAL,0,0,78,18,12,126,18,12,126,15,15,0,0,0,0
140533,51,ring,11500,0,0,0,78,93,1092,1302,1,100,120035,17937,0,15,2,63,63,NORMAL,0,0,78,18,12,126,18,12,126,15,15,0,0,0,0
140351,15,ring,9558,0,0,0,79,93,1106,1302,1,100,121597,18128,0,14,2,65,65,NORMAL,0,0,79,18,10,130,18,10,130,14,14,0,0,0,0
140448,73,ring,12479,0,0,0,75,88,1050,1232,1,100,122891,14159,0,14,4,62,62,NORMAL,0,0,75,14,12,124,14,12,124,13,13,0,0,0,0
140751,3,ring,9326,0,0,0,80,94,1120,1316,1,100,122197,18185,0,14,2,66,66,NORMAL,0,0,80,18,10,132,18,10,132,14,14,0,0,0,0
140536,5,ring,9143,0,0,0,80,94,1120,1316,1,100,122210,18168,0,14,2,66,66,NORMAL,0,0,80,18,10,132,18,10,132,14,14,0,0,0,0
140736,35,ring,10687,0,0,0,78,93,1092,1302,1,100,120778,18133,0,15,2,63,63,NORMAL,0,0,78,18,12,126,18,12,126,15,15,0,0,0,0
141013,66,ring,12559,0,0,0,76,90,1064,1260,1,100,123222,14347,0,15,3,62,62,NORMAL,0,0,76,16,12,124,16,12,124,14,14,0,0,0,0
140396,21,ring,9761,0,0,0,79,93,1106,1302,1,100,121451,18109,0,14,2,65,65,NORMAL,0,0,79,18,10,130,18,10,130,14,14,0,0,0,0
141145,26,ring,10661,0,0,0,78,93,1092,1302,1,100,121329,17994,0,15,2,63,63,NORMAL,0,0,78,18,12,126,18,12,126,15,15,0,0,0,0
140924,84,ring,13242,0,0,0,75,89,1050,1246,1,100,122697,14226,0,15,4,61,61,NORMAL,0,0,75,16,12,122,16,12,122,14,14,0,0,0,0
140721,67,ring,12281,0,0,0,76,90,1064,1260,1,100,123196,14349,0,15,3,62,62,NORMAL,0,0,76,16,12,124,16,12,124,14,14,0,0,0,0
141308,2,ring,9731,0,0,0,80,94,1120,1316,1,100,122383,18189,0,14,2,66,66,NORMAL,0,0,80,18,10,132,18,10,132,14,14,0,0,0,0
140584,70,ring,12243,0,0,0,75,89,1050,1246,1,100,123175,14230,0,15,3,62,62,NORMAL,0,0,75,14,12,124,16,12,124,14,12,1,0,0,0
141460,90,ring,9248,0,0,0,73,86,1022,1204,1,100,126759,10278,0,14,3,60,60,NORMAL,0,0,73,16,10,120,16,10,120,13,13,0,0,0,0
140817,23,ring,10092,0,0,0,78,92,1092,1288,1,100,121550,18011,0,14,2,64,64,NORMAL,0,0,78,18,10,128,18,10,128,14,14,1,0,0,0
140669,55,ring,11447,0,0,0,78,93,1092,1302,1,100,120239,17835,0,15,2,63,63,NORMAL,0,0,78,18,12,126,18,12,126,15,15,0,0,0,0
141300,59,ring,12323,0,0,0,78,93,1092,1302,1,100,120017,17991,0,15,2,63,63,NORMAL,0,0,78,18,12,126,18,12,126,15,15,0,0,0,0
141157,37,ring,11070,0,0,0,78,93,1092,1302,1,100,120875,18136,0,15,2,63,63,NORMAL,0,0,78,18,12,126,18,12,126,15,15,0,0,0,0
140787,87,ring,13119,0,0,0,74,87,1036,1218,1,100,126629,10298,0,14,4,61,61,NORMAL,0,0,74,14,12,122,14,12,122,13,13,0,0,0,0
140666,58,ring,11596,0,0,0,78,93,1092,1302,1,100,120095,17951,0,15,2,63,63,NORMAL,0,0,78,18,12,126,18,12,126,15,15,0,0,0,0
140872,32,ring,10452,0,0,0,79,94,1106,1316,1,100,121182,18021,0,15,2,64,64,NORMAL,0,0,79,18,12,128,18,12,128,15,15,0,0,0,0
141009,29,ring,10457,0,0,0,79,94,1106,1316,1,100,121356,17998,0,15,2,64,64,NORMAL,0,0,79,18,12,128,18,12,128,15,15,0,0,0,0
141212,25,ring,10524,0,0,0,79,94,1106,1316,1,100,121498,18029,0,15,2,64,64,NORMAL,0,0,79,18,12,128,18,12,128,15,15,0,0,0,0
141278,12,ring,9924,0,0,0,80,94,1120,1316,1,100,122062,18231,0,14,2,66,66,NORMAL,0,0,80,18,10,132,18,10,132,14,14,0,0,0,0
141173,97,ring,9067,0,0,0,73,86,1022,1204,1,100,126668,10221,0,14,3,60,60,NORMAL,0,0,73,16,10,120,16,10,120,13,13,0,0,0,0
141227,14,ring,9918,0,0,0,80,94,1120,1316,1,100,122107,18177,0,14,2,66,66,NORMAL,0,0,80,18,10,132,18,10,132,14,14,0,0,0,0
140857,64,ring,11981,0,0,0,76,90,1064,1260,1,100,123596,14404,0,15,3,62,62,NORMAL,0,0,76,16,12,124,16,12,124,14,14,0,0,0,0
141142,69,ring,12445,0,0,0,76,90,1064,1260,1,100,123515,14248,0,15,3,62,62,NORMAL,0,0,76,16,12,124,16,12,124,14,13,0,0,0,0
141536,40,ring,11337,0,0,0,79,94,1106,1316,1,100,121029,18070,0,15,2,64,64,NORMAL,0,0,79,18,12,128,18,12,128,15,15,0,0,0,0
141090,17,ring,9801,0,0,0,79,93,1106,1302,1,100,122116,18064,0,14,2,65,65,NORMAL,0,0,79,18,10,130,18,10,130,14,14,0,0,0,0
141499,8,ring,9783,0,0,0,80,94,1120,1316,1,100,122470,18179,0,14,2,66,66,NORMAL,0,0,80,18,10,132,18,10,132,14,14,0,0,0,0
141333,75,ring,12849,0,0,0,75,88,1050,1232,1,100,123542,13999,0,14,3,62,62,NORMAL,0,0,75,14,12,124,14,12,124,13,13,0,0,0,0
141400,95,ring,9055,0,0,0,72,85,1008,1190,1,100,126945,10176,0,14,3,60,60,NORMAL,0,0,72,14,10,120,16,10,120,13,12,1,0,0,0
141754,77,ring,13364,0,0,0,75,88,1050,1232,1,100,123365,14112,0,14,3,62,62,NORMAL,0,0,75,14,12,124,14,12,124,13,13,0,0,0,0
141633,48,ring,11819,0,0,0,78,93,1092,1302,1,100,120670,18099,0,15,2,63,63,NORMAL,0,0,78,18,12,126,18,12,126,15,15,0,0,0,0
141824,54,ring,12243,0,0,0,78,93,1092,1302,1,100,120613,17837,0,15,2,63,63,NORMAL,0,0,78,18,12,126,18,12,126,15,15,0,0,0,0
140939,52,ring,11289,0,0,0,78,93,1092,1302,1,100,120669,17931,0,15,2,63,63,NORMAL,0,0,78,18,12,126,18,12,126,15,15,0,0,0,0
140954,20,ring,9739,0,0,0,79,93,1106,1302,1,100,122008,18111,0,14,2,65,65,NORMAL,0,0,79,18,10,130,18,10,130,14,14,0,0,0,0
141664,92,ring,9097,1,0,0,73,85,1022,1190,1,100,127144,10255,0,14,3,60,60,NORMAL,0,0,73,16,10,120,14,10,120,12,13,0,0,0,0
140979,93,ring,8442,1,0,0,73,86,1022,1204,1,100,127055,10313,0,15,3,60,60,NORMAL,0,0,73,16,10,120,16,10,120,13,13,0,0,0,0
141648,16,ring,10146,0,0,0,79,93,1106,1302,1,100,122266,18125,0,14,2,65,65,NORMAL,0,0,79,18,10,130,18,10,130,14,14,0,0,0,0
141415,63,ring,12229,0,0,0,76,90,1064,1260,1,100,123883,14394,0,15,3,62,62,NORMAL,0,0,76,16,12,124,16,12,124,14,14,0,0,0,0
141481,83,ring,13185,0,0,0,75,89,1050,1246,1,100,123369,14158,0,15,3,61,61,NORMAL,0,0,75,16,12,122,16,12,122,14,14,0,0,0,0
141197,78,ring,12690,0,0,0,75,88,1050,1232,1,100,123516,14064,0,14,3,62,62,NORMAL,0,0,75,14,12,124,14,12,124,13,13,0,0,0,0
141075,49,ring,11201,0,0,0,78,93,1092,1302,1,100,120765,18090,0,15,2,63,63,NORMAL,0,0,78,18,12,126,18,12,126,15,15,0,0,0,0
141975,19,ring,10571,0,0,0,79,93,1106,1302,1,100,122212,18070,0,14,2,65,65,NORMAL,0,0,79,18,10,130,18,10,130,14,14,0,0,0,0
141890,74,ring,13168,0,0,0,75,88,1050,1232,1,100,123735,14054,0,14,3,62,62,NORMAL,0,0,75,14,12,124,14,12,124,13,13,0,0,0,0
141957,94,ring,9393,0,0,0,73,86,1022,1204,1,100,127105,10274,0,14,3,60,60,NORMAL,0,0,73,16,10,120,16,10,120,13,13,0,0,0,0
141535,7,ring,9558,0,0,0,80,94,1120,1316,1,100,122753,18195,0,14,2,66,66,NORMAL,0,0,80,18,10,132,18,10,132,14,14,0,0,0,0
141263,57,ring,11629,0,0,0,78,93,1092,1302,1,100,120643,17922,0,15,2,63,63,NORMAL,0,0,78,18,12,126,18,12,126,15,15,0,0,0,0
141217,86,ring,12952,1,1,4787,74,88,1036,1232,1,100,127243,10232,0,15,3,61,61,NORMAL,0,2,74,14,12,122,16,12,122,14,13,0,0,0,0
141551,60,ring,12027,0,0,0,78,93,1092,1302,1,100,120613,17976,0,15,2,63,63,NORMAL,0,0,78,18,12,126,18,12,126,15,15,0,0,0,0
141293,34,ring,10398,0,0,0,79,94,1106,1316,1,100,121664,18032,0,15,2,64,64,NORMAL,0,0,79,18,12,128,18,12,128,15,15,0,0,0,0
141348,43,ring,10950,0,0,0,79,94,1106,1316,1,100,121200,18154,0,15,2,64,64,NORMAL,0,0,79,18,12,128,18,12,128,15,15,0,0,0,0
141268,61,ring,11714,0,0,0,78,93,1092,1302,1,100,120635,17970,0,15,2,63,63,NORMAL,0,0,78,18,12,126,18,12,126,15,15,0,0,0,0
141972,62,ring,12464,0,0,0,75,90,1050,1260,1,100,124212,14387,0,16,3,62,62,NORMAL,0,0,75,14,12,124,18,12,124,15,13,1,0,0,0
141821,28,ring,10463,0,0,0,79,94,1106,1316,1,100,122175,17971,0,15,2,64,64,NORMAL,0,0,79,18,12,128,18,12,128,15,15,0,0,0,0
141656,18,ring,9856,0,0,0,79,93,1106,1302,1,100,122639,18007,0,14,2,65,65,NORMAL,0,0,79,18,10,130,18,10,130,14,14,0,0,0,0
141430,31,ring,10200,0,0,0,79,94,1106,1316,1,100,122029,18010,0,15,2,64,64,NORMAL,0,0,79,18,12,128,18,12,128,15,15,0,0,0,0
141987,30,ring,10677,0,0,0,79,94,1106,1316,1,100,122108,18004,0,15,2,64,64,NORMAL,0,0,79,18,12,128,18,12,128,15,15,0,0,0,0
141769,45,ring,11204,0,0,0,79,94,1106,1316,1,100,121425,18077,0,15,2,64,64,NORMAL,0,0,79,18,12,128,18,12,128,15,15,0,0,0,0
141469,72,ring,12248,0,0,0,75,89,1050,1246,1,100,124143,14175,0,15,3,62,62,NORMAL,0,0,75,14,12,124,16,12,124,14,13,0,0,0,0
141905,42,ring,11106,0,0,0,79,94,1106,1316,1,100,121595,18114,0,15,2,64,64,NORMAL,0,0,79,18,12,128,18,12,128,15,15,0,0,0,0
141672,89,ring,8347,1,0,0,73,85,1022,1190,1,100,127900,10289,0,14,3,60,60,NORMAL,0,0,73,16,10,120,14,10,120,12,13,0,0,0,0
141950,85,ring,13127,0,0,0,75,89,1050,1246,1,100,123879,14167,0,15,3,61,61,NORMAL,0,0,75,16,12,122,16,12,122,14,14,0,0,0,0
141920,10,ring,9428,0,0,0,79,93,1106,1302,1,100,123210,18230,0,14,1,66,66,NORMAL,0,0,79,16,10,132,18,10,132,14,13,1,0,0,0
141839,22,ring,9849,0,0,0,79,93,1106,1302,1,100,122801,18072,0,14,2,65,65,NORMAL,0,0,79,18,10,130,18,10,130,14,14,0,0,0,0
150260,24,ring,10790,0,0,0,83,98,1162,1372,1,100,130275,18044,0,15,2,68,68,NORMAL,0,0,83,18,12,136,18,12,136,15,15,0,0,0,0
150230,88,ring,9045,3,3,14852,77,90,1078,1260,1,100,140291,5709,0,14,4,65,65,NORMAL,0,6,77,14,10,130,14,12,130,13,12,0,0,0,0
150109,80,ring,13321,1,0,0,80,93,1120,1302,1,100,131795,14205,0,15,4,66,66,NORMAL,0,0,80,16,12,132,14,12,132,13,14,0,0,0,0
150042,39,ring,11199,0,0,0,83,98,1162,1372,1,100,129655,18128,0,15,2,68,68,NORMAL,0,0,83,18,12,136,18,12,136,15,15,0,0,0,0
150330,1,ring,9717,0,0,0,84,103,1176,1442,1,100,140498,9101,0,19,2,70,70,NORMAL,0,0,84,18,10,140,18,20,140,14,14,0,0,0,0
150315,33,ring,11055,0,0,0,83,98,1162,1372,1,100,130037,18003,0,15,2,68,68,NORMAL,0,0,83,18,12,136,18,12,136,15,15,0,0,0,0
150312,76,ring,13247,0,0,0,79,92,1106,1288,1,100,132117,14024,0,14,4,66,66,NORMAL,0,0,79,14,12,132,14,12,132,13,13,0,0,0,0
150327,44,ring,11658,0,0,0,83,98,1162,1372,1,100,129528,18076,0,15,2,68,68,NORMAL,0,0,83,18,12,136,18,12,136,15,15,0,0,0,0
150518,50,ring,12125,0,0,0,83,98,1162,1372,1,100,129344,17987,0,15,2,68,68,NORMAL,0,0,83,18,12,136,18,12,136,15,15,0,0,0,0
150057,47,ring,11466,0,0,0,83,98,1162,1372,1,100,129436,18093,0,15,2,68,68,NORMAL,0,0,83,18,12,136,18,12,136,15,15,0,0,0,0
150463,41,ring,11516,0,0,0,83,98,1162,1372,1,100,129777,18089,0,15,2,68,68,NORMAL,0,0,83,18,12,136,18,12,136,15,15,0,0,0,0
150651,11,ring,10243,0,0,0,84,98,1176,1372,1,100,131125,18228,0,14,2,70,70,NORMAL,0,0,84,18,10,140,18,10,140,14,14,0,0,0,0
150478,9,ring,9912,0,0,0,84,98,1176,1372,1,100,131302,18182,0,14,2,70,70,NORMAL,0,0,84,18,10,140,18,10,140,14,14,0,0,0,0
150381,27,ring,10604,0,0,0,83,98,1162,1372,1,100,130609,17960,0,15,2,68,68,NORMAL,0,0,83,18,12,136,18,12,136,15,15,0,0,0,0
150193,4,ring,9316,0,0,0,84,98,1176,1372,1,100,131689,18142,0,14,2,70,70,NORMAL,0,0,84,18,10,140,18,10,140,14,14,0,0,0,0
150599,38,ring,11336,0,0,0,83,98,1162,1372,1,100,130085,18135,0,15,2,68,68,NORMAL,0,0,83,18,12,136,18,12,136,15,15,0,0,0,0
150150,100,ring,9083,1,0,0,90,91,1260,1274,1,100,131769,18233,0,14,2,71,64,LEADER,1,64,90,18,20,142,16,10,128,13,14,0,0,0,0
150503,82,ring,13334,0,0,0,79,93,1106,1302,1,100,132234,14192,0,15,4,65,65,NORMAL,0,0,79,16,12,130,16,12,130,14,14,0,0,0,0
150511,46,ring,11555,0,0,0,83,98,1162,1372,1,100,129829,18070,0,15,2,68,68,NORMAL,0,0,83,18,12,136,18,12,136,15,15,0,0,0,0
150614,6,ring,9713,0,0,0,84,98,1176,1372,1,100,131688,18156,0,14,2,70,70,NORMAL,0,0,84,18,10,140,18,10,140,14,14,0,0,0,0
150027,71,ring,12294,0,0,0,80,93,1120,1302,1,100,132640,14186,0,14,4,67,67,NORMAL,0,0,80,14,12,134,14,12,134,13,13,1,0,0,0
150094,91,ring,8497,0,0,0,76,89,1064,1246,1,100,136192,10244,0,14,4,64,64,NORMAL,0,0,76,14,10,128,16,10,128,13,12,1,0,0,0
150245,56,ring,11650,0,0,0,83,98,1162,1372,1,100,129602,17905,0,15,2,68,68,NORMAL,0,0,83,18,12,136,18,12,136,15,15,0,0,0,0
150366,79,ring,12844,0,0,0,80,93,1120,1302,1,100,132511,14059,0,14,4,67,67,NORMAL,0,0,80,14,12,134,14,12,134,13,13,0,0,0,0
150688,13,ring,9991,0,0,0,84,98,1176,1372,1,100,131473,18187,0,14,2,70,70,NORMAL,0,0,84,18,10,140,18,10,140,14,14,0,0,0,0
150300,65,ring,12115,0,0,0,81,95,1134,1330,1,100,132942,14355,0,15,3,67,67,NORMAL,0,0,81,16,12,134,16,12,134,14,14,0,0,0,0
150275,98,ring,8834,0,0,0,77,90,1078,1260,1,100,135985,10244,0,14,4,64,64,NORMAL,0,0,77,16,10,128,16,10,128,13,13,0,0,0,0
150842,96,ring,9289,1,0,0,77,90,1078,1260,1,100,136154,10190,0,15,4,64,64,NORMAL,0,0,77,16,10,128,16,10,128,13,13,0,0,0,0
150163,68,ring,12032,0,0,0,81,95,1134,1330,1,100,132906,14285,0,15,3,67,67,NORMAL,0,0,81,16,12,134,16,12,134,14,14,0,0,0,0
150178,36,ring,10395,0,0,0,83,98,1162,1372,1,100,130522,18128,0,15,2,68,68,NORMAL,0,0,83,18,12,136,18,12,136,15,15,0,0,0,0
150706,99,ring,9247,1,1,5231,77,90,1078,1260,1,100,132249,14052,0,13,4,64,64,NORMAL,0,2,77,16,10,128,16,10,128,13,13,0,0,0,0
150805,81,ring,13233,0,0,0,80,94,1120,1316,1,100,132611,14197,0,15,4,66,66,NORMAL,0,0,80,16,12,132,16,12,132,14,14,0,0,0,0
150850,53,ring,11911,0,0,0,83,98,1162,1372,1,100,129999,17856,0,15,2,68,68,NORMAL,0,0,83,18,12,136,18,12,136,15,15,0,0,0,0
150533,51,ring,11500,0,0,0,83,98,1162,1372,1,100,130035,17937,0,15,2,68,68,NORMAL,0,0,83,18,12,136,18,12,136,15,15,0,0,0,0
150351,15,ring,9558,0,0,0,84,98,1176,1372,1,100,131597,18128,0,14,2,70,70,NORMAL,0,0,84,18,10,140,18,10,140,14,14,0,0,0,0
150448,73,ring,12479,0,0,0,80,93,1120,1302,1,100,132891,14159,0,14,4,67,67,NORMAL,0,0,80,14,12,134,14,12,134,13,13,0,0,0,0
150751,3,ring,9326,0,0,0,85,99,1190,1386,1,100,132197,18185,0,14,2,71,71,NORMAL,0,0,85,18,10,142,18,10,142,14,14,0,0,0,0
150536,5,ring,9143,0,0,0,85,99,1190,1386,1,100,132210,18168,0,14,2,71,71,NORMAL,0,0,85,18,10,142,18,10,142,14,14,0,0,0,0
150736,35,ring,10687,0,0,0,83,98,1162,1372,1,100,130778,18133,0,15,2,68,68,NORMAL,0,0,83,18,12,136,18,12,136,15,15,0,0,0,0
151013,66,ring,12559,0,0,0,81,95,1134,1330,1,100,133222,14347,0,15,3,67,67,NORMAL,0,0,81,16,12,134,16,12,134,14,14,0,0,0,0
150396,21,ring,9761,0,0,0,84,98,1176,1372,1,100,131451,18109,0,14,2,70,70,NORMAL,0,0,84,18,10,140,18,10,140,14,14,0,0,0,0
151145,26,ring,10661,0,0,0,83,98,1162,1372,1,100,131329,17994,0,15,2,68,68,NORMAL,0,0,83,18,12,136,18,12,136,15,15,0,0,0,0
150924,84,ring,13242,0,0,0,80,94,1120,1316,1,100,132697,14226,0,15,4,66,66,NORMAL,0,0,80,16,12,132,16,12,132,14,14,0,0,0,0
150721,67,ring,12281,0,0,0,81,95,1134,1330,1,100,133196,14349,0,15,3,67,67,NORMAL,0,0,81,16,12,134,16,12,134,14,14,0,0,0,0
151308,2,ring,9731,0,0,0,85,99,1190,1386,1,100,132383,18189,0,14,2,71,71,NORMAL,0,0,85,18,10,142,18,10,142,14,14,0,0,0,0
150584,70,ring,12243,0,0,0,80,94,1120,1316,1,100,133175,14230,0,15,3,67,67,NORMAL,0,0,80,14,12,134,16,12,134,14,12,1,0,0,0
151460,90,ring,9248,0,0,0,78,91,1092,1274,1,100,136759,10278,0,14,3,65,65,NORMAL,0,0,78,16,10,130,16,10,130,13,13,0,0,0,0
150817,23,ring,10092,0,0,0,83,97,1162,1358,1,100,131550,18011,0,14,2,69,69,NORMAL,0,0,83,18,10,138,18,10,138,14,14,1,0,0,0
150669,55,ring,11447,0,0,0,83,98,1162,1372,1,100,130239,17835,0,15,2,68,68,NORMAL,0,0,83,18,12,136,18,12,136,15,15,0,0,0,0
151300,59,ring,12323,0,0,0,83,98,1162,1372,1,100,130017,17991,0,15,2,68,68,NORMAL,0,0,83,18,12,136,18,12,136,15,15,0,0,0,0
151157,37,ring,11070,0,0,0,83,98,1162,1372,1,100,130875,18136,0,15,2,68,68,NORMAL,0,0,83,18,12,136,18,12,136,15,15,0,0,0,0
150787,87,ring,13119,0,0,0,79,92,1106,1288,1,100,136629,10298,0,14,4,66,66,NORMAL,0,0,79,14,12,132,14,12,132,13,13,0,0,0,0
150666,58,ring,11596,0,0,0,83,98,1162,1372,1,100,130095,17951,0,15,2,68,68,NORMAL,0,0,83,18,12,136,18,12,136,15,15,0,0,0,0
150872,32,ring,10452,0,0,0,84,99,1176,1386,1,100,131182,18021,0,15,2,69,69,NORMAL,0,0,84,18,12,138,18,12,138,15,15,0,0,0,0
151009,29,ring,10457,0,0,0,84,99,1176,1386,1,100,131356,17998,0,15,2,69,69,NORMAL,0,0,84,18,12,138,18,12,138,15,15,0,0,0,0
151212,25,ring,10524,0,0,0,84,99,1176,1386,1,100,131498,18029,0,15,2,69,69,NORMAL,0,0,84,18,12,138,18,12,138,15,15,0,0,0,0
151278,12,ring,9924,0,0,0,85,99,1190,1386,1,100,132062,18231,0,14,2,71,71,NORMAL,0,0,85,18,10,142,18,10,142,14,14,0,0,0,0
151173,97,ring,9067,0,0,0,78,91,1092,1274,1,100,136668,10221,0,14,3,65,65,NORMAL,0,0,78,16,10,130,16,10,130,13,13,0,0,0,0
151227,14,ring,9918,0,0,0,85,99,1190,1386,1,100,132107,18177,0,14,2,71,71,NORMAL,0,0,85,18,10,142,18,10,142,14,14,0,0,0,0
150857,64,ring,11981,0,0,0,81,95,1134,1330,1,100,133596,14404,0,15,3,67,67,NORMAL,0,0,81,16,12,134,16,12,134,14,14,0,0,0,0
151142,69,ring,12445,0,0,0,81,95,1134,1330,1,100,133515,14248,0,15,3,67,67,NORMAL,0,0,81,16,12,134,16,12,134,14,13,0,0,0,0
151536,40,ring,11337,0,0,0,84,99,1176,1386,1,100,131029,18070,0,15,2,69,69,NORMAL,0,0,84,18,12,138,18,12,138,15,15,0,0,0,0
151090,17,ring,9801,0,0,0,84,98,1176,1372,1,100,132116,18064,0,14,2,70,70,NORMAL,0,0,84,18,10,140,18,10,140,14,14,0,0,0,0
151499,8,ring,9783,0,0,0,85,99,1190,1386,1,100,132470,18179,0,14,2,71,71,NORMAL,0,0,85,18,10,142,18,10,142,14,14,0,0,0,0
151333,75,ring,12849,0,0,0,80,93,1120,1302,1,100,133542,13999,0,14,3,67,67,NORMAL,0,0,80,14,12,134,14,12,134,13,13,0,0,0,0
151400,95,ring,9055,0,0,0,77,90,1078,1260,1,100,136945,10176,0,14,3,65,65,NORMAL,0,0,77,14,10,130,16,10,130,13,12,1,0,0,0
151754,77,ring,13364,0,0,0,80,93,1120,1302,1,100,133365,14112,0,14,3,67,67,NORMAL,0,0,80,14,12,134,14,12,134,13,13,0,0,0,0
151633,48,ring,11819,0,0,0,83,98,1162,1372,1,100,130670,18099,0,15,2,68,68,NORMAL,0,0,83,18,12,136,18,12,136,15,15,0,0,0,0
151824,54,ring,12243,0,0,0,83,98,1162,1372,1,100,130613,17837,0,15,2,68,68,NORMAL,0,0,83,18,12,136,18,12,136,15,15,0,0,0,0
150939,52,ring,11289,0,0,0,83,98,1162,1372,1,100,130669,17931,0,15,2,68,68,NORMAL,0,0,83,18,12,136,18,12,136,15,15,0,0,0,0
150954,20,ring,9739,0,0,0,84,98,1176,1372,1,100,132008,18111,0,14,2,70,70,NORMAL,0,0,84,18,10,140,18,10,140,14,14,0,0,0,0
151664,92,ring,9097,1,0,0,78,90,1092,1260,1,100,137144,10255,0,14,3,65,65,NORMAL,0,0,78,16,10,130,14,10,130,12,13,0,0,0,0
150979,93,ring,8442,1,0,0,78,91,1092,1274,1,100,137055,10313,0,15,3,65,65,NORMAL,0,0,78,16,10,130,16,10,130,13,13,0,0,0,0
151648,16,ring,10146,0,0,0,84,98,1176,1372,1,100,132266,18125,0,14,2,70,70,NORMAL,0,0,84,18,10,140,18,10,140,14,14,0,0,0,0
151415,63,ring,12229,0,0,0,81,95,1134,1330,1,100,133883,14394,0,15,3,67,67,NORMAL,0,0,81,16,12,134,16,12,134,14,14,0,0,0,0
151481,83,ring,13185,0,0,0,80,94,1120,1316,1,100,133369,14158,0,15,3,66,66,NORMAL,0,0,80,16,12,132,16,12,132,14,14,0,0,0,0
151197,78,ring,12690,0,0,0,80,93,1120,1302,1,100,133516,14064,0,14,3,67,67,NORMAL,0,0,80,14,12,134,14,12,134,13,13,0,0,0,0
151075,49,ring,11201,0,0,0,83,98,1162,1372,1,100,130765,18090,0,15,2,68,68,NORMAL,0,0,83,18,12,136,18,12,136,15,15,0,0,0,0
151975,19,ring,10571,0,0,0,84,98,1176,1372,1,100,132212,18070,0,14,2,70,70,NORMAL,0,0,84,18,10,140,18,10,140,14,14,0,0,0,0
151890,74,ring,13168,0,0,0,80,93,1120,1302,1,100,133735,14054,0,14,3,67,67,NORMAL,0,0,80,14,12,134,14,12,134,13,13,0,0,0,0
151957,94,ring,9393,0,0,0,78,91,1092,1274,1,100,137105,10274,0,14,3,65,65,NORMAL,0,0,78,16,10,130,16,10,130,13,13,0,0,0,0
151535,7,ring,9558,0,0,0,85,99,1190,1386,1,100,132753,18195,0,14,2,71,71,NORMAL,0,0,85,18,10,142,18,10,142,14,14,0,0,0,0
151263,57,ring,11629,0,0,0,83,98,1162,1372,1,100,130643,17922,0,15,2,68,68,NORMAL,0,0,83,18,12,136,18,12,136,15,15,0,0,0,0
151217,86,ring,12952,1,1,4787,79,93,1106,1302,1,100,137243,10232,0,15,3,66,66,NORMAL,0,2,79,14,12,132,16,12,132,14,13,0,0,0,0
151551,60,ring,12027,0,0,0,83,98,1162,1372,1,100,130613,17976,0,15,2,68,68,NORMAL,0,0,83,18,12,136,18,12,136,15,15,0,0,0,0
151293,34,ring,10398,0,0,0,84,99,1176,1386,1,100,131664,18032,0,15,2,69,69,NORMAL,0,0,84,18,12,138,18,12,138,15,15,0,0,0,0
151348,43,ring,10950,0,0,0,84,99,1176,1386,1,100,131200,18154,0,15,2,69,69,NORMAL,0,0,84,18,12,138,18,12,138,15,15,0,0,0,0
151268,61,ring,11714,0,0,0,83,98,1162,1372,1,100,130635,17970,0,15,2,68,68,NORMAL,0,0,83,18,12,136,18,12,136,15,15,0,0,0,0
151972,62,ring,12464,0,0,0,80,95,1120,1330,1,100,134212,14387,0,16,3,67,67,NORMAL,0,0,80,14,12,134,18,12,134,15,13,1,0,0,0
151821,28,ring,10463,0,0,0,84,99,1176,1386,1,100,132175,17971,0,15,2,69,69,NORMAL,0,0,84,18,12,138,18,12,138,15,15,0,0,0,0
151656,18,ring,9856,0,0,0,84,98,1176,1372,1,100,132639,18007,0,14,2,70,70,NORMAL,0,0,84,18,10,140,18,10,140,14,14,0,0,0,0
151430,31,ring,10200,0,0,0,84,99,1176,1386,1,100,132029,18010,0,15,2,69,69,NORMAL,0,0,84,18,12,138,18,12,138,15,15,0,0,0,0
151987,30,ring,10677,0,0,0,84,99,1176,1386,1,100,132108,18004,0,15,2,69,69,NORMAL,0,0,84,18,12,138,18,12,138,15,15,0,0,0,0
151769,45,ring,11204,0,0,0,84,99,1176,1386,1,100,131425,18077,0,15,2,69,69,NORMAL,0,0,84,18,12,138,18,12,138,15,15,0,0,0,0
151469,72,ring,12248,0,0,0,80,94,1120,1316,1,100,134143,14175,0,15,3,67,67,NORMAL,0,0,80,14,12,134,16,12,134,14,13,0,0,0,0
151905,42,ring,11106,0,0,0,84,99,1176,1386,1,100,131595,18114,0,15,2,69,69,NORMAL,0,0,84,18,12,138,18,12,138,15,15,0,0,0,0
151672,89,ring,8347,1,0,0,78,90,1092,1260,1,100,137900,10289,0,14,3,65,65,NORMAL,0,0,78,16,10,130,14,10,130,12,13,0,0,0,0
151950,85,ring,13127,0,0,0,80,94,1120,1316,1,100,133879,14167,0,15,3,66,66,NORMAL,0,0,80,16,12,132,16,12,132,14,14,0,0,0,0
151920,10,ring,9428,0,0,0,84,98,1176,1372,1,100,133210,18230,0,14,1,71,71,NORMAL,0,0,84,16,10,142,18,10,142,14,13,1,0,0,0
151839,22,ring,9849,0,0,0,84,98,1176,1372,1,100,132801,18072,0,14,2,70,70,NORMAL,0,0,84,18,10,140,18,10,140,14,14,0,0,0,0
160260,24,ring,10790,0,0,0,88,103,1232,1442,1,100,140275,18044,0,15,2,73,73,NORMAL,0,0,88,18,12,146,18,12,146,15,15,0,0,0,0
160230,88,ring,9045,3,3,14852,82,95,1148,1330,1,100,150291,5709,0,14,4,70,70,NORMAL,0,6,82,14,10,140,14,12,140,13,12,0,0,0,0
160109,80,ring,13321,1,0,0,85,98,1190,1372,1,100,141795,14205,0,15,4,71,71,NORMAL,0,0,85,16,12,142,14,12,142,13,14,0,0,0,0
160042,39,ring,11199,0,0,0,88,103,1232,1442,1,100,139655,18128,0,15,2,73,73,NORMAL,0,0,88,18,12,146,18,12,146,15,15,0,0,0,0
160330,1,ring,9717,0,0,0,89,108,1246,1512,1,100,150498,9101,0,19,2,75,75,NORMAL,0,0,89,18,10,150,18,20,150,14,14,0,0,0,0
160315,33,ring,11055,0,0,0,88,103,1232,1442,1,100,140037,18003,0,15,2,73,73,NORMAL,0,0,88,18,12,146,18,12,146,15,15,0,0,0,0
160312,76,ring,13247,0,0,0,84,97,1176,1358,1,100,142117,14024,0,14,4,71,71,NORMAL,0,0,84,14,12,142,14,12,142,13,13,0,0,0,0
160327,44,ring,11658,0,0,0,88,103,1232,1442,1,100,139528,18076,0,15,2,73,73,NORMAL,0,0,88,18,12,146,18,12,146,15,15,0,0,0,0
160518,50,ring,12125,0,0,0,88,103,1232,1442,1,100,139344,17987,0,15,2,73,73,NORMAL,0,0,88,18,12,146,18,12,146,15,15,0,0,0,0
160057,47,ring,11466,0,0,0,88,103,1232,1442,1,100,139436,18093,0,15,2,73,73,NORMAL,0,0,88,18,12,146,18,12,146,15,15,0,0,0,0
160463,41,ring,11516,0,0,0,88,103,1232,1442,1,100,139777,18089,0,15,2,73,73,NORMAL,0,0,88,18,12,146,18,12,146,15,15,0,0,0,0
160651,11,ring,10243,0,0,0,89,103,1246,1442,1,100,141125,18228,0,14,2,75,75,NORMAL,0,0,89,18,10,150,18,10,150,14,14,0,0,0,0
160478,9,ring,9912,0,0,0,89,103,1246,1442,1,100,141302,18182,0,14,2,75,75,NORMAL,0,0,89,18,10,150,18,10,150,14,14,0,0,0,0
160381,27,ring,10604,0,0,0,88,103,1232,1442,1,100,140609,17960,0,15,2,73,73,NORMAL,0,0,88,18,12,146,18,12,146,15,15,0,0,0,0
160193,4,ring,9316,0,0,0,89,103,1246,1442,1,100,141689,18142,0,14,2,75,75,NORMAL,0,0,89,18,10,150,18,10,150,14,14,0,0,0,0
160599,38,ring,11336,0,0,0,88,103,1232,1442,1,100,140085,18135,0,15,2,73,73,NORMAL,0,0,88,18,12,146,18,12,146,15,15,0,0,0,0
160150,100,ring,9083,1,0,0,95,96,1330,1344,1,100,141769,18233,0,14,2,76,69,LEADER,1,69,95,18,20,152,16,10,138,13,14,0,0,0,0
160503,82,ring,13334,0,0,0,84,98,1176,1372,1,100,142234,14192,0,15,4,70,70,NORMAL,0,0,84,16,12,140,16,12,140,14,14,0,0,0,0
160511,46,ring,11555,0,0,0,88,103,1232,1442,1,100,139829,18070,0,15,2,73,73,NORMAL,0,0,88,18,12,146,18,12,146,15,15,0,0,0,0
160614,6,ring,9713,0,0,0,89,103,1246,1442,1,100,141688,18156,0,14,2,75,75,NORMAL,0,0,89,18,10,150,18,10,150,14,14,0,0,0,0
160027,71,ring,12294,0,0,0,85,98,1190,1372,1,100,142640,14186,0,14,4,72,72,NORMAL,0,0,85,14,12,144,14,12,144,13,13,1,0,0,0
160094,91,ring,8497,0,0,0,81,94,1134,1316,1,100,146192,10244,0,14,4,69,69,NORMAL,0,0,81,14,10,138,16,10,138,13,12,1,0,0,0
160245,56,ring,11650,0,0,0,88,103,1232,1442,1,100,139602,17905,0,15,2,73,73,NORMAL,0,0,88,18,12,146,18,12,146,15,15,0,0,0,0
160366,79,ring,12844,0,0,0,85,98,1190,1372,1,100,142511,14059,0,14,4,72,72,NORMAL,0,0,85,14,12,144,14,12,144,13,13,0,0,0,0
160688,13,ring,9991,0,0,0,89,103,1246,1442,1,100,141473,18187,0,14,2,75,75,NORMAL,0,0,89,18,10,150,18,10,150,14,14,0,0,0,0
160300,65,ring,12115,0,0,0,86,100,1204,1400,1,100,142942,14355,0,15,3,72,72,NORMAL,0,0,86,16,12,144,16,12,144,14,14,0,0,0,0
160275,98,ring,8834,0,0,0,82,95,1148,1330,1,100,145985,10244,0,14,4,69,69,NORMAL,0,0,82,16,10,138,16,10,138,13,13,0,0,0,0
160842,96,ring,9289,1,0,0,82,95,1148,1330,1,100,146154,10190,0,15,4,69,69,NORMAL,0,0,82,16,10,138,16,10,138,13,13,0,0,0,0
160163,68,ring,12032,0,0,0,86,100,1204,1400,1,100,142906,14285,0,15,3,72,72,NORMAL,0,0,86,16,12,144,16,12,144,14,14,0,0,0,0
160178,36,ring,10395,0,0,0,88,103,1232,1442,1,100,140522,18128,0,15,2,73,73,NORMAL,0,0,88,18,12,146,18,12,146,15,15,0,0,0,0
160706,99,ring,9247,1,1,5231,82,95,1148,1330,1,100,142249,14052,0,13,4,69,69,NORMAL,0,2,82,16,10,138,16,10,138,13,13,0,0,0,0
160805,81,ring,13233,0,0,0,85,99,1190,1386,1,100,142611,14197,0,15,4,71,71,NORMAL,0,0,85,16,12,142,16,12,142,14,14,0,0,0,0
160850,53,ring,11911,0,0,0,88,103,1232,1442,1,100,139999,17856,0,15,2,73,73,NORMAL,0,0,88,18,12,146,18,12,146,15,15,0,0,0,0
160533,51,ring,11500,0,0,0,88,103,1232,1442,1,100,140035,17937,0,15,2,73,73,NORMAL,0,0,88,18,12,146,18,12,146,15,15,0,0,0,0
160351,15,ring,9558,0,0,0,88,102,1232,1428,1,100,141597,18128,0,14,2,74,74,NORMAL,0,0,88,18,10,148,18,10,148,14,14,0,0,0,0
160448,73,ring,12479,0,0,0,85,98,1190,1372,1,100,142891,14159,0,14,4,72,72,NORMAL,0,0,85,14,12,144,14,12,144,13,13,0,0,0,0
160751,3,ring,9326,0,0,0,90,104,1260,1456,1,100,142197,18185,0,14,2,76,76,NORMAL,0,0,90,18,10,152,18,10,152,14,14,0,0,0,0
160536,5,ring,9143,0,0,0,90,104,1260,1456,1,100,142210,18168,0,14,2,76,76,NORMAL,0,0,90,18,10,152,18,10,152,14,14,0,0,0,0
160736,35,ring,10687,0,0,0,88,103,1232,1442,1,100,140778,18133,0,15,2,73,73,NORMAL,0,0,88,18,12,146,18,12,146,15,15,0,0,0,0
161013,66,ring,12559,0,0,0,86,100,1204,1400,1,100,143222,14347,0,15,3,72,72,NORMAL,0,0,86,16,12,144,16,12,144,14,14,0,0,0,0
160396,21,ring,9761,0,0,0,89,103,1246,1442,1,100,141451,18109,0,14,2,75,75,NORMAL,0,0,89,18,10,150,18,10,150,14,14,0,0,0,0
161145,26,ring,10661,0,0,0,88,103,1232,1442,1,100,141329,17994,0,15,2,73,73,NORMAL,0,0,88,18,12,146,18,12,146,15,15,0,0,0,0
160924,84,ring,13242,0,0,0,85,99,1190,1386,1,100,142697,14226,0,15,4,71,71,NORMAL,0,0,85,16,12,142,16,12,142,14,14,0,0,0,0
160721,67,ring,12281,0,0,0,86,100,1204,1400,1,100,143196,14349,0,15,3,72,72,NORMAL,0,0,86,16,12,144,16,12,144,14,14,0,0,0,0
161308,2,ring,9731,0,0,0,90,104,1260,1456,1,100,142383,18189,0,14,2,76,76,NORMAL,0,0,90,18,10,152,18,10,152,14,14,0,0,0,0
160584,70,ring,12243,0,0,0,85,99,1190,1386,1,100,143175,14230,0,15,3,72,72,NORMAL,0,0,85,14,12,144,16,12,144,14,12,1,0,0,0
161460,90,ring,9248,0,0,0,83,96,1162,1344,1,100,146759,10278,0,14,3,70,70,NORMAL,0,0,83,16,10,140,16,10,140,13,13,0,0,0,0
160817,23,ring,10092,0,0,0,88,102,1232,1428,1,100,141550,18011,0,14,2,74,74,NORMAL,0,0,88,18,10,148,18,10,148,14,14,1,0,0,0
160669,55,ring,11447,0,0,0,88,103,1232,1442,1,100,140239,17835,0,15,2,73,73,NORMAL,0,0,88,18,12,146,18,12,146,15,15,0,0,0,0
161300,59,ring,12323,0,0,0,88,103,1232,1442,1,100,140017,17991,0,15,2,73,73,NORMAL,0,0,88,18,12,146,18,12,146,15,15,0,0,0,0
161157,37,ring,11070,0,0,0,88,103,1232,1442,1,100,140875,18136,0,15,2,73,73,NORMAL,0,0,88,18,12,146,18,12,146,15,15,0,0,0,0
160787,87,ring,13119,0,0,0,84,97,1176,1358,1,100,146629,10298,0,14,4,71,71,NORMAL,0,0,84,14,12,142,14,12,142,13,13,0,0,0,0
160666,58,ring,11596,0,0,0,88,103,1232,1442,1,100,140095,17951,0,15,2,73,73,NORMAL,0,0,88,18,12,146,18,12,146,15,15,0,0,0,0
160872,32,ring,10452,0,0,0,88,103,1232,1442,1,100,141182,18021,0,15,2,73,73,NORMAL,0,0,88,18,12,146,18,12,146,15,15,0,0,0,0
161009,29,ring,10457,0,0,0,89,104,1246,1456,1,100,141356,17998,0,15,2,74,74,NORMAL,0,0,89,18,12,148,18,12,148,15,15,0,0,0,0
161212,25,ring,10524,0,0,0,89,104,1246,1456,1,100,141498,18029,0,15,2,74,74,NORMAL,0,0,89,18,12,148,18,12,148,15,15,0,0,0,0
161278,12,ring,9924,0,0,0,90,104,1260,1456,1,100,142062,18231,0,14,2,76,76,NORMAL,0,0,90,18,10,152,18,10,152,14,14,0,0,0,0
161173,97,ring,9067,0,0,0,83,96,1162,1344,1,100,146668,10221,0,14,3,70,70,NORMAL,0,0,83,16,10,140,16,10,140,13,13,0,0,0,0
161227,14,ring,9918,0,0,0,90,104,1260,1456,1,100,142107,18177,0,14,2,76,76,NORMAL,0,0,90,18,10,152,18,10,152,14,14,0,0,0,0
160857,64,ring,11981,0,0,0,86,100,1204,1400,1,100,143596,14404,0,15,3,72,72,NORMAL,0,0,86,16,12,144,16,12,144,14,14,0,0,0,0
161142,69,ring,12445,0,0,0,86,100,1204,1400,1,100,143515,14248,0,15,3,72,72,NORMAL,0,0,86,16,12,144,16,12,144,14,13,0,0,0,0
161536,40,ring,11337,0,0,0,88,103,1232,1442,1,100,141029,18070,0,15,2,73,73,NORMAL,0,0,88,18,12,146,18,12,146,15,15,0,0,0,0
161090,17,ring,9801,0,0,0,89,103,1246,1442,1,100,142116,18064,0,14,2,75,75,NORMAL,0,0,89,18,10,150,18,10,150,14,14,0,0,0,0
161499,8,ring,9783,0,0,0,90,104,1260,1456,1,100,142470,18179,0,14,2,76,76,NORMAL,0,0,90,18,10,152,18,10,152,14,14,0,0,0,0
161333,75,ring,12849,0,0,0,85,98,1190,1372,1,100,143542,13999,0,14,3,72,72,NORMAL,0,0,85,14,12,144,14,12,144,13,13,0,0,0,0
161400,95,ring,9055,0,0,0,82,95,1148,1330,1,100,146945,10176,0,14,3,70,70,NORMAL,0,0,82,14,10,140,16,10,140,13,12,1,0,0,0
161754,77,ring,13364,0,0,0,85,98,1190,1372,1,100,143365,14112,0,14,3,72,72,NORMAL,0,0,85,14,12,144,14,12,144,13,13,0,0,0,0
161633,48,ring,11819,0,0,0,88,103,1232,1442,1,100,140670,18099,0,15,2,73,73,NORMAL,0,0,88,18,12,146,18,12,146,15,15,0,0,0,0
161824,54,ring,12243,0,0,0,88,103,1232,1442,1,100,140613,17837,0,15,2,73,73,NORMAL,0,0,88,18,12,146,18,12,146,15,15,0,0,0,0
160939,52,ring,11289,0,0,0,88,103,1232,1442,1,100,140669,17931,0,15,2,73,73,NORMAL,0,0,88,18,12,146,18,12,146,15,15,0,0,0,0
160954,20,ring,9739,0,0,0,89,103,1246,1442,1,100,142008,18111,0,14,2,75,75,NORMAL,0,0,89,18,10,150,18,10,150,14,14,0,0,0,0
161664,92,ring,9097,1,0,0,83,95,1162,1330,1,100,147144,10255,0,14,3,70,70,NORMAL,0,0,83,16,10,140,14,10,140,12,13,0,0,0,0
160979,93,ring,8442,1,0,0,83,96,1162,1344,1,100,147055,10313,0,15,3,70,70,NORMAL,0,0,83,16,10,140,16,10,140,13,13,0,0,0,0
161648,16,ring,10146,0,0,0,89,103,1246,1442,1,100,142266,18125,0,14,2,75,75,NORMAL,0,0,89,18,10,150,18,10,150,14,14,0,0,0,0
161415,63,ring,12229,0,0,0,86,100,1204,1400,1,100,143883,14394,0,15,3,72,72,NORMAL,0,0,86,16,12,144,16,12,144,14,14,0,0,0,0
161481,83,ring,13185,0,0,0,85,99,1190,1386,1,100,143369,14158,0,15,3,71,71,NORMAL,0,0,85,16,12,142,16,12,142,14,14,0,0,0,0
161197,78,ring,12690,0,0,0,85,98,1190,1372,1,100,143516,14064,0,14,3,72,72,NORMAL,0,0,85,14,12,144,14,12,144,13,13,0,0,0,0
161075,49,ring,11201,0,0,0,88,103,1232,1442,1,100,140765,18090,0,15,2,73,73,NORMAL,0,0,88,18,12,146,18,12,146,15,15,0,0,0,0
161975,19,ring,10571,0,0,0,89,103,1246,1442,1,100,142212,18070,0,14,2,75,75,NORMAL,0,0,89,18,10,150,18,10,150,14,14,0,0,0,0
161890,74,ring,13168,0,0,0,85,98,1190,1372,1,100,143735,14054,0,14,3,72,72,NORMAL,0,0,85,14,12,144,14,12,144,13,13,0,0,0,0
161957,94,ring,9393,0,0,0,83,96,1162,1344,1,100,147105,10274,0,14,3,70,70,NORMAL,0,0,83,16,10,140,16,10,140,13,13,0,0,0,0
161535,7,ring,9558,0,0,0,90,104,1260,1456,1,100,142753,18195,0,14,2,76,76,NORMAL,0,0,90,18,10,152,18,10,152,14,14,0,0,0,0
161263,57,ring,11629,0,0,0,88,103,1232,1442,1,100,140643,17922,0,15,2,73,73,NORMAL,0,0,88,18,12,146,18,12,146,15,15,0,0,0,0
161217,86,ring,12952,1,1,4787,84,98,1176,1372,1,100,147243,10232,0,15,3,71,71,NORMAL,0,2,84,14,12,142,16,12,142,14,13,0,0,0,0
161551,60,ring,12027,0,0,0,88,103,1232,1442,1,100,140613,17976,0,15,2,73,73,NORMAL,0,0,88,18,12,146,18,12,146,15,15,0,0,0,0
161293,34,ring,10398,0,0,0,89,104,1246,1456,1,100,141664,18032,0,15,2,74,74,NORMAL,0,0,89,18,12,148,18,12,148,15,15,0,0,0,0
161348,43,ring,10950,0,0,0,89,104,1246,1456,1,100,141200,18154,0,15,2,74,74,NORMAL,0,0,89,18,12,148,18,12,148,15,15,0,0,0,0
161268,61,ring,11714,0,0,0,88,103,1232,1442,1,100,140635,17970,0,15,2,73,73,NORMAL,0,0,88,18,12,146,18,12,146,15,15,0,0,0,0
161972,62,ring,12464,0,0,0,85,100,1190,1400,1,100,144212,14387,0,16,3,72,72,NORMAL,0,0,85,14,12,144,18,12,144,15,13,1,0,0,0
161821,28,ring,10463,0,0,0,89,104,1246,1456,1,100,142175,17971,0,15,2,74,74,NORMAL,0,0,89,18,12,148,18,12,148,15,15,0,0,0,0
161656,18,ring,9856,0,0,0,89,103,1246,1442,1,100,142639,18007,0,14,2,75,75,NORMAL,0,0,89,18,10,150,18,10,150,14,14,0,0,0,0
161430,31,ring,10200,0,0,0,89,104,1246,1456,1,100,142029,18010,0,15,2,74,74,NORMAL,0,0,89,18,12,148,18,12,148,15,15,0,0,0,0
161987,30,ring,10677,0,0,0,89,104,1246,1456,1,100,142108,18004,0,15,2,74,74,NORMAL,0,0,89,18,12,148,18,12,148,15,15,0,0,0,0
161769,45,ring,11204,0,0,0,89,104,1246,1456,1,100,141425,18077,0,15,2,74,74,NORMAL,0,0,89,18,12,148,18,12,148,15,15,0,0,0,0
161469,72,ring,12248,0,0,0,85,99,1190,1386,1,100,144143,14175,0,15,3,72,72,NORMAL,0,0,85,14,12,144,16,12,144,14,13,0,0,0,0
161905,42,ring,11106,0,0,0,89,104,1246,1456,1,100,141595,18114,0,15,2,74,74,NORMAL,0,0,89,18,12,148,18,12,148,15,15,0,0,0,0
161672,89,ring,8347,1,0,0,83,95,1162,1330,1,100,147900,10289,0,14,3,70,70,NORMAL,0,0,83,16,10,140,14,10,140,12,13,0,0,0,0
161950,85,ring,13127,0,0,0,85,99,1190,1386,1,100,143879,14167,0,15,3,71,71,NORMAL,0,0,85,16,12,142,16,12,142,14,14,0,0,0,0
161920,10,ring,9428,0,0,0,89,103,1246,1442,1,100,143210,18230,0,14,1,76,76,NORMAL,0,0,89,16,10,152,18,10,152,14,13,1,0,0,0
161839,22,ring,9849,0,0,0,89,103,1246,1442,1,100,142801,18072,0,14,2,75,75,NORMAL,0,0,89,18,10,150,18,10,150,14,14,0,0,0,0
170260,24,ring,10790,0,0,0,93,108,1302,1512,1,100,150275,18044,0,15,2,78,78,NORMAL,0,0,93,18,12,156,18,12,156,15,15,0,0,0,0
170230,88,ring,9045,3,3,14852,87,100,1218,1400,1,100,160291,5709,0,14,4,75,75,NORMAL,0,6,87,14,10,150,14,12,150,13,12,0,0,0,0
170109,80,ring,13321,1,0,0,90,103,1260,1442,1,100,151795,14205,0,15,4,76,76,NORMAL,0,0,90,16,12,152,14,12,152,13,14,0,0,0,0
170042,39,ring,11199,0,0,0,93,108,1302,1512,1,100,149655,18128,0,15,2,78,78,NORMAL,0,0,93,18,12,156,18,12,156,15,15,0,0,0,0
170330,1,ring,9717,0,0,0,94,113,1316,1582,1,100,160498,9101,0,19,2,80,80,NORMAL,0,0,94,18,10,160,18,20,160,14,14,0,0,0,0
170315,33,ring,11055,0,0,0,93,108,1302,1512,1,100,150037,18003,0,15,2,78,78,NORMAL,0,0,93,18,12,156,18,12,156,15,15,0,0,0,0
170312,76,ring,13247,0,0,0,89,102,1246,1428,1,100,152117,14024,0,14,4,76,76,NORMAL,0,0,89,14,12,152,14,12,152,13,13,0,0,0,0
170327,44,ring,11658,0,0,0,93,108,1302,1512,1,100,149528,18076,0,15,2,78,78,NORMAL,0,0,93,18,12,156,18,12,156,15,15,0,0,0,0
170518,50,ring,12125,0,0,0,93,108,1302,1512,1,100,149344,17987,0,15,2,78,78,NORMAL,0,0,93,18,12,156,18,12,156,15,15,0,0,0,0
170057,47,ring,11466,0,0,0,93,108,1302,1512,1,100,149436,18093,0,15,2,78,78,NORMAL,0,0,93,18,12,156,18,12,156,15,15,0,0,0,0
170463,41,ring,11516,0,0,0,93,108,1302,1512,1,100,149777,18089,0,15,2,78,78,NORMAL,0,0,93,18,12,156,18,12,156,15,15,0,0,0,0
170651,11,ring,10243,0,0,0,94,108,1316,1512,1,100,151125,18228,0,14,2,80,80,NORMAL,0,0,94,18,10,160,18,10,160,14,14,0,0,0,0
170478,9,ring,9912,0,0,0,94,108,1316,1512,1,100,151302,18182,0,14,2,80,80,NORMAL,0,0,94,18,10,160,18,10,160,14,14,0,0,0,0
170381,27,ring,10604,0,0,0,93,108,1302,1512,1,100,150609,17960,0,15,2,78,78,NORMAL,0,0,93,18,12,156,18,12,156,15,15,0,0,0,0
170193,4,ring,9316,0,0,0,94,108,1316,1512,1,100,151689,18142,0,14,2,80,80,NORMAL,0,0,94,18,10,160,18,10,160,14,14,0,0,0,0
170599,38,ring,11336,0,0,0,93,108,1302,1512,1,100,150085,18135,0,15,2,78,78,NORMAL,0,0,93,18,12,156,18,12,156,15,15,0,0,0,0
170150,100,ring,9083,1,0,0,100,101,1400,1414,1,100,151769,18233,0,14,2,81,74,LEADER,1,74,100,18,20,162,16,10,148,13,14,0,0,0,0
170503,82,ring,13334,0,0,0,89,103,1246,1442,1,100,152234,14192,0,15,4,75,75,NORMAL,0,0,89,16,12,150,16,12,150,14,14,0,0,0,0
170511,46,ring,11555,0,0,0,93,108,1302,1512,1,100,149829,18070,0,15,2,78,78,NORMAL,0,0,93,18,12,156,18,12,156,15,15,0,0,0,0
170614,6,ring,9713,0,0,0,94,108,1316,1512,1,100,151688,18156,0,14,2,80,80,NORMAL,0,0,94,18,10,160,18,10,160,14,14,0,0,0,0
170027,71,ring,12294,0,0,0,90,103,1260,1442,1,100,152640,14186,0,14,4,77,77,NORMAL,0,0,90,14,12,154,14,12,154,13,13,1,0,0,0
170094,91,ring,8497,0,0,0,86,99,1204,1386,1,100,156192,10244,0,14,4,74,74,NORMAL,0,0,86,14,10,148,16,10,148,13,12,1,0,0,0
170245,56,ring,11650,0,0,0,93,108,1302,1512,1,100,149602,17905,0,15,2,78,78,NORMAL,0,0,93,18,12,156,18,12,156,15,15,0,0,0,0
170366,79,ring,12844,0,0,0,90,103,1260,1442,1,100,152511,14059,0,14,4,77,77,NORMAL,0,0,90,14,12,154,14,12,154,13,13,0,0,0,0
170688,13,ring,9991,0,0,0,94,108,1316,1512,1,100,151473,18187,0,14,2,80,80,NORMAL,0,0,94,18,10,160,18,10,160,14,14,0,0,0,0
170300,65,ring,12115,0,0,0,91,105,1274,1470,1,100,152942,14355,0,15,3,77,77,NORMAL,0,0,91,16,12,154,16,12,154,14,14,0,0,0,0
170275,98,ring,8834,0,0,0,87,100,1218,1400,1,100,155985,10244,0,14,4,74,74,NORMAL,0,0,87,16,10,148,16,10,148,13,13,0,0,0,0
170842,96,ring,9289,1,0,0,87,100,1218,1400,1,100,156154,10190,0,15,4,74,74,NORMAL,0,0,87,16,10,148,16,10,148,13,13,0,0,0,0
170163,68,ring,12032,0,0,0,91,105,1274,1470,1,100,152906,14285,0,15,3,77,77,NORMAL,0,0,91,16,12,154,16,12,154,14,14,0,0,0,0
170178,36,ring,10395,0,0,0,93,108,1302,1512,1,100,150522,18128,0,15,2,78,78,NORMAL,0,0,93,18,12,156,18,12,156,15,15,0,0,0,0
170706,99,ring,9247,1,1,5231,87,100,1218,1400,1,100,152249,14052,0,13,4,74,74,NORMAL,0,2,87,16,10,148,16,10,148,13,13,0,0,0,0
170805,81,ring,13233,0,0,0,90,104,1260,1456,1,100,152611,14197,0,15,4,76,76,NORMAL,0,0,90,16,12,152,16,12,152,14,14,0,0,0,0
170850,53,ring,11911,0,0,0,93,108,1302,1512,1,100,149999,17856,0,15,2,78,78,NORMAL,0,0,93,18,12,156,18,12,156,15,15,0,0,0,0
170533,51,ring,11500,0,0,0,93,108,1302,1512,1,100,150035,17937,0,15,2,78,78,NORMAL,0,0,93,18,12,156,18,12,156,15,15,0,0,0,0
170353,15,ring,9558,0,0,0,94,108,1316,1512,1,100,151599,18128,0,14,2,80,80,NORMAL,0,0,94,18,10,160,18,10,160,14,14,0,0,0,0
170448,73,ring,12479,0,0,0,90,103,1260,1442,1,100,152891,14159,0,14,4,77,77,NORMAL,0,0,90,14,12,154,14,12,154,13,13,0,0,0,0
170751,3,ring,9326,0,0,0,95,109,1330,1526,1,100,152197,18185,0,14,2,81,81,NORMAL,0,0,95,18,10,162,18,10,162,14,14,0,0,0,0
170536,5,ring,9143,0,0,0,95,109,1330,1526,1,100,152210,18168,0,14,2,81,81,NORMAL,0,0,95,18,10,162,18,10,162,14,14,0,0,0,0
170736,35,ring,10687,0,0,0,93,108,1302,1512,1,100,150778,18133,0,15,2,78,78,NORMAL,0,0,93,18,12,156,18,12,156,15,15,0,0,0,0
171013,66,ring,12559,0,0,0,91,105,1274,1470,1,100,153222,14347,0,15,3,77,77,NORMAL,0,0,91,16,12,154,16,12,154,14,14,0,0,0,0
170396,21,ring,9761,0,0,0,94,108,1316,1512,1,100,151451,18109,0,14,2,80,80,NORMAL,0,0,94,18,10,160,18,10,160,14,14,0,0,0,0
171145,26,ring,10661,0,0,0,93,108,1302,1512,1,100,151329,17994,0,15,2,78,78,NORMAL,0,0,93,18,12,156,18,12,156,15,15,0,0,0,0
170924,84,ring,13242,0,0,0,90,104,1260,1456,1,100,152697,14226,0,15,4,76,76,NORMAL,0,0,90,16,12,152,16,12,152,14,14,0,0,0,0
170721,67,ring,12281,0,0,0,91,105,1274,1470,1,100,153196,14349,0,15,3,77,77,NORMAL,0,0,91,16,12,154,16,12,154,14,14,0,0,0,0
171308,2,ring,9731,0,0,0,95,109,1330,1526,1,100,152383,18189,0,14,2,81,81,NORMAL,0,0,95,18,10,162,18,10,162,14,14,0,0,0,0
170584,70,ring,12243,0,0,0,90,104,1260,1456,1,100,153175,14230,0,15,3,77,77,NORMAL,0,0,90,14,12,154,16,12,154,14,12,1,0,0,0
171460,90,ring,9248,0,0,0,88,101,1232,1414,1,100,156759,10278,0,14,3,75,75,NORMAL,0,0,88,16,10,150,16,10,150,13,13,0,0,0,0
170817,23,ring,10092,0,0,0,93,107,1302,1498,1,100,151550,18011,0,14,2,79,79,NORMAL,0,0,93,18,10,158,18,10,158,14,14,1,0,0,0
170669,55,ring,11447,0,0,0,93,108,1302,1512,1,100,150239,17835,0,15,2,78,78,NORMAL,0,0,93,18,12,156,18,12,156,15,15,0,0,0,0
171300,59,ring,12323,0,0,0,93,108,1302,1512,1,100,150017,17991,0,15,2,78,78,NORMAL,0,0,93,18,12,156,18,12,156,15,15,0,0,0,0
171157,37,ring,11070,0,0,0,93,108,1302,1512,1,100,150875,18136,0,15,2,78,78,NORMAL,0,0,93,18,12,156,18,12,156,15,15,0,0,0,0
170787,87,ring,13119,0,0,0,89,102,1246,1428,1,100,156629,10298,0,14,4,76,76,NORMAL,0,0,89,14,12,152,14,12,152,13,13,0,0,0,0
170666,58,ring,11596,0,0,0,93,108,1302,1512,1,100,150095,17951,0,15,2,78,78,NORMAL,0,0,93,18,12,156,18,12,156,15,15,0,0,0,0
170872,32,ring,10452,0,0,0,93,108,1302,1512,1,100,151182,18021,0,15,2,78,78,NORMAL,0,0,93,18,12,156,18,12,156,15,15,0,0,0,0
171009,29,ring,10457,0,0,0,94,109,1316,1526,1,100,151356,17998,0,15,2,79,79,NORMAL,0,0,94,18,12,158,18,12,158,15,15,0,0,0,0
171212,25,ring,10524,0,0,0,94,109,1316,1526,1,100,151498,18029,0,15,2,79,79,NORMAL,0,0,94,18,12,158,18,12,158,15,15,0,0,0,0
171278,12,ring,9924,0,0,0,95,109,1330,1526,1,100,152062,18231,0,14,2,81,81,NORMAL,0,0,95,18,10,162,18,10,162,14,14,0,0,0,0
171173,97,ring,9067,0,0,0,88,101,1232,1414,1,100,156668,10221,0,14,3,75,75,NORMAL,0,0,88,16,10,150,16,10,150,13,13,0,0,0,0
171227,14,ring,9918,0,0,0,95,109,1330,1526,1,100,152107,18177,0,14,2,81,81,NORMAL,0,0,95,18,10,162,18,10,162,14,14,0,0,0,0
170857,64,ring,11981,0,0,0,91,105,1274,1470,1,100,153596,14404,0,15,3,77,77,NORMAL,0,0,91,16,12,154,16,12,154,14,14,0,0,0,0
171142,69,ring,12445,0,0,0,91,105,1274,1470,1,100,153515,14248,0,15,3,77,77,NORMAL,0,0,91,16,12,154,16,12,154,14,13,0,0,0,0
171536,40,ring,11337,0,0,0,93,108,1302,1512,1,100,151029,18070,0,15,2,78,78,NORMAL,0,0,93,18,12,156,18,12,156,15,15,0,0,0,0
171090,17,ring,9801,0,0,0,94,108,1316,1512,1,100,152116,18064,0,14,2,80,80,NORMAL,0,0,94,18,10,160,18,10,160,14,14,0,0,0,0
171499,8,ring,9783,0,0,0,95,109,1330,1526,1,100,152470,18179,0,14,2,81,81,NORMAL,0,0,95,18,10,162,18,10,162,14,14,0,0,0,0
171333,75,ring,12849,0,0,0,90,103,1260,1442,1,100,153542,13999,0,14,3,77,77,NORMAL,0,0,90,14,12,154,14,12,154,13,13,0,0,0,0
171400,95,ring,9055,0,0,0,87,100,1218,1400,1,100,156945,10176,0,14,3,75,75,NORMAL,0,0,87,14,10,150,16,10,150,13,12,1,0,0,0
171754,77,ring,13364,0,0,0,90,103,1260,1442,1,100,153365,14112,0,14,3,77,77,NORMAL,0,0,90,14,12,154,14,12,154,13,13,0,0,0,0
171633,48,ring,11819,0,0,0,93,108,1302,1512,1,100,150670,18099,0,15,2,78,78,NORMAL,0,0,93,18,12,156,18,12,156,15,15,0,0,0,0
171824,54,ring,12243,0,0,0,93,108,1302,1512,1,100,150613,17837,0,15,2,78,78,NORMAL,0,0,93,18,12,156,18,12,156,15,15,0,0,0,0
170939,52,ring,11289,0,0,0,93,108,1302,1512,1,100,150669,17931,0,15,2,78,78,NORMAL,0,0,93,18,12,156,18,12,156,15,15,0,0,0,0
170954,20,ring,9739,0,0,0,94,108,1316,1512,1,100,152008,18111,0,14,2,80,80,NORMAL,0,0,94,18,10,160,18,10,160,14,14,0,0,0,0
171664,92,ring,9097,1,0,0,88,100,1232,1400,1,100,157144,10255,0,14,3,75,75,NORMAL,0,0,88,16,10,150,14,10,150,12,13,0,0,0,0
170979,93,ring,8442,1,0,0,88,101,1232,1414,1,100,157055,10313,0,15,3,75,75,NORMAL,0,0,88,16,10,150,16,10,150,13,13,0,0,0,0
171648,16,ring,10146,0,0,0,94,108,1316,1512,1,100,152266,18125,0,14,2,80,80,NORMAL,0,0,94,18,10,160,18,10,160,14,14,0,0,0,0
171415,63,ring,12229,0,0,0,91,105,1274,1470,1,100,153883,14394,0,15,3,77,77,NORMAL,0,0,91,16,12,154,16,12,154,14,14,0,0,0,0
171481,83,ring,13185,0,0,0,90,104,1260,1456,1,100,153369,14158,0,15,3,76,76,NORMAL,0,0,90,16,12,152,16,12,152,14,14,0,0,0,0
171197,78,ring,12690,0,0,0,90,103,1260,1442,1,100,153516,14064,0,14,3,77,77,NORMAL,0,0,90,14,12,154,14,12,154,13,13,0,0,0,0
171075,49,ring,11201,0,0,0,93,108,1302,1512,1,100,150765,18090,0,15,2,78,78,NORMAL,0,0,93,18,12,156,18,12,156,15,15,0,0,0,0
171975,19,ring,10571,0,0,0,94,108,1316,1512,1,100,152212,18070,0,14,2,80,80,NORMAL,0,0,94,18,10,160,18,10,160,14,14,0,0,0,0
171890,74,ring,13168,0,0,0,90,103,1260,1442,1,100,153735,14054,0,14,3,77,77,NORMAL,0,0,90,14,12,154,14,12,154,13,13,0,0,0,0
171957,94,ring,9393,0,0,0,88,101,1232,1414,1,100,157105,10274,0,14,3,75,75,NORMAL,0,0,88,16,10,150,16,10,150,13,13,0,0,0,0
171535,7,ring,9558,0,0,0,95,109,1330,1526,1,100,152753,18195,0,14,2,81,81,NORMAL,0,0,95,18,10,162,18,10,162,14,14,0,0,0,0
171263,57,ring,11629,0,0,0,93,108,1302,1512,1,100,150643,17922,0,15,2,78,78,NORMAL,0,0,93,18,12,156,18,12,156,15,15,0,0,0,0
171217,86,ring,12952,1,1,4787,89,103,1246,1442,1,100,157243,10232,0,15,3,76,76,NORMAL,0,2,89,14,12,152,16,12,152,14,13,0,0,0,0
171551,60,ring,12027,0,0,0,93,108,1302,1512,1,100,150613,17976,0,15,2,78,78,NORMAL,0,0,93,18,12,156,18,12,156,15,15,0,0,0,0
171293,34,ring,10398,0,0,0,94,109,1316,1526,1,100,151664,18032,0,15,2,79,79,NORMAL,0,0,94,18,12,158,18,12,158,15,15,0,0,0,0
171348,43,ring,10950,0,0,0,94,109,1316,1526,1,100,151200,18154,0,15,2,79,79,NORMAL,0,0,94,18,12,158,18,12,158,15,15,0,0,0,0
171268,61,ring,11714,0,0,0,93,108,1302,1512,1,100,150635,17970,0,15,2,78,78,NORMAL,0,0,93,18,12,156,18,12,156,15,15,0,0,0,0
171972,62,ring,12464,0,0,0,90,105,1260,1470,1,100,154212,14387,0,16,3,77,77,NORMAL,0,0,90,14,12,154,18,12,154,15,13,1,0,0,0
171821,28,ring,10463,0,0,0,94,109,1316,1526,1,100,152175,17971,0,15,2,79,79,NORMAL,0,0,94,18,12,158,18,12,158,15,15,0,0,0,0
171656,18,ring,9856,0,0,0,94,108,1316,1512,1,100,152639,18007,0,14,2,80,80,NORMAL,0,0,94,18,10,160,18,10,160,14,14,0,0,0,0
171430,31,ring,10200,0,0,0,94,109,1316,1526,1,100,152029,18010,0,15,2,79,79,NORMAL,0,0,94,18,12,158,18,12,158,15,15,0,0,0,0
171987,30,ring,10677,0,0,0,94,109,1316,1526,1,100,152108,18004,0,15,2,79,79,NORMAL,0,0,94,18,12,158,18,12,158,15,15,0,0,0,0
171769,45,ring,11204,0,0,0,94,109,1316,1526,1,100,151425,18077,0,15,2,79,79,NORMAL,0,0,94,18,12,158,18,12,158,15,15,0,0,0,0
171469,72,ring,12248,0,0,0,90,104,1260,1456,1,100,154143,14175,0,15,3,77,77,NORMAL,0,0,90,14,12,154,16,12,154,14,13,0,0,0,0
171905,42,ring,11106,0,0,0,94,109,1316,1526,1,100,151595,18114,0,15,2,79,79,NORMAL,0,0,94,18,12,158,18,12,158,15,15,0,0,0,0
171672,89,ring,8347,1,0,0,88,100,1232,1400,1,100,157900,10289,0,14,3,75,75,NORMAL,0,0,88,16,10,150,14,10,150,12,13,0,0,0,0
171950,85,ring,13127,0,0,0,90,104,1260,1456,1,100,153879,14167,0,15,3,76,76,NORMAL,0,0,90,16,12,152,16,12,152,14,14,0,0,0,0
171920,10,ring,9428,0,0,0,94,108,1316,1512,1,100,153210,18230,0,14,1,81,81,NORMAL,0,0,94,16,10,162,18,10,162,14,13,1,0,0,0
171839,22,ring,9849,0,0,0,94,108,1316,1512,1,100,152801,18072,0,14,2,80,80,NORMAL,0,0,94,18,10,160,18,10,160,14,14,0,0,0,0
180260,24,ring,10790,0,0,0,98,113,1372,1582,1,100,160275,18044,0,15,2,83,83,NORMAL,0,0,98,18,12,166,18,12,166,15,15,0,0,0,0
180230,88,ring,9045,3,3,14852,92,105,1288,1470,1,100,170291,5709,0,14,4,80,80,NORMAL,0,6,92,14,10,160,14,12,160,13,12,0,0,0,0
180109,80,ring,13321,1,0,0,95,108,1330,1512,1,100,161795,14205,0,15,4,81,81,NORMAL,0,0,95,16,12,162,14,12,162,13,14,0,0,0,0
180042,39,ring,11199,0,0,0,98,113,1372,1582,1,100,159655,18128,0,15,2,83,83,NORMAL,0,0,98,18,12,166,18,12,166,15,15,0,0,0,0
180330,1,ring,9717,0,0,0,99,118,1386,1652,1,100,170498,9101,0,19,2,85,85,NORMAL,0,0,99,18,10,170,18,20,170,14,14,0,0,0,0
180315,33,ring,11055,0,0,0,98,113,1372,1582,1,100,160037,18003,0,15,2,83,83,NORMAL,0,0,98,18,12,166,18,12,166,15,15,0,0,0,0
180312,76,ring,13247,0,0,0,94,107,1316,1498,1,100,162117,14024,0,14,4,81,81,NORMAL,0,0,94,14,12,162,14,12,162,13,13,0,0,0,0
180327,44,ring,11658,0,0,0,98,113,1372,1582,1,100,159528,18076,0,15,2,83,83,NORMAL,0,0,98,18,12,166,18,12,166,15,15,0,0,0,0
180518,50,ring,12125,0,0,0,98,113,1372,1582,1,100,159344,17987,0,15,2,83,83,NORMAL,0,0,98,18,12,166,18,12,166,15,15,0,0,0,0
180057,47,ring,11466,0,0,0,98,113,1372,1582,1,100,159436,18093,0,15,2,83,83,NORMAL,0,0,98,18,12,166,18,12,166,15,15,0,0,0,0
180463,41,ring,11516,0,0,0,98,113,1372,1582,1,100,159777,18089,0,15,2,83,83,NORMAL,0,0,98,18,12,166,18,12,166,15,15,0,0,0,0
180651,11,ring,10243,0,0,0,99,113,1386,1582,1,100,161125,18228,0,14,2,85,85,NORMAL,0,0,99,18,10,170,18,10,170,14,14,0,0,0,0
180478,9,ring,9912,0,0,0,99,113,1386,1582,1,100,161302,18182,0,14,2,85,85,NORMAL,0,0,99,18,10,170,18,10,170,14,14,0,0,0,0
180381,27,ring,10604,0,0,0,98,113,1372,1582,1,100,160609,17960,0,15,2,83,83,NORMAL,0,0,98,18,12,166,18,12,166,15,15,0,0,0,0
180193,4,ring,9316,0,0,0,99,113,1386,1582,1,100,161689,18142,0,14,2,85,85,NORMAL,0,0,99,18,10,170,18,10,170,14,14,0,0,0,0
180599,38,ring,11336,0,0,0,98,113,1372,1582,1,100,160085,18135,0,15,2,83,83,NORMAL,0,0,98,18,12,166,18,12,166,15,15,0,0,0,0
180150,100,ring,9083,1,0,0,105,106,1470,1484,1,100,161769,18233,0,14,2,86,79,LEADER,1,79,105,18,20,172,16,10,158,13,14,0,0,0,0
180503,82,ring,13334,0,0,0,95,109,1330,1526,1,100,162234,14192,0,15,4,81,81,NORMAL,0,0,95,16,12,162,16,12,162,14,14,0,0,0,0
180511,46,ring,11555,0,0,0,98,113,1372,1582,1,100,159829,18070,0,15,2,83,83,NORMAL,0,0,98,18,12,166,18,12,166,15,15,0,0,0,0
180614,6,ring,9713,0,0,0,99,113,1386,1582,1,100,161688,18156,0,14,2,85,85,NORMAL,0,0,99,18,10,170,18,10,170,14,14,0,0,0,0
180027,71,ring,12294,0,0,0,95,108,1330,1512,1,100,162640,14186,0,14,4,82,82,NORMAL,0,0,95,14,12,164,14,12,164,13,13,1,0,0,0
180094,91,ring,8497,0,0,0,92,105,1288,1470,1,100,166192,10244,0,14,4,80,80,NORMAL,0,0,92,14,10,160,16,10,160,13,12,1,0,0,0
180245,56,ring,11650,0,0,0,98,113,1372,1582,1,100,159602,17905,0,15,2,83,83,NORMAL,0,0,98,18,12,166,18,12,166,15,15,0,0,0,0
180366,79,ring,12844,0,0,0,95,108,1330,1512,1,100,162511,14059,0,14,4,82,82,NORMAL,0,0,95,14,12,164,14,12,164,13,13,0,0,0,0
180688,13,ring,9991,0,0,0,99,113,1386,1582,1,100,161473,18187,0,14,2,85,85,NORMAL,0,0,99,18,10,170,18,10,170,14,14,0,0,0,0
180300,65,ring,12115,0,0,0,96,110,1344,1540,1,100,162942,14355,0,15,3,82,82,NORMAL,0,0,96,16,12,164,16,12,164,14,14,0,0,0,0
180275,98,ring,8834,0,0,0,93,106,1302,1484,1,100,165985,10244,0,14,4,80,80,NORMAL,0,0,93,16,10,160,16,10,160,13,13,0,0,0,0
180842,96,ring,9289,1,0,0,93,106,1302,1484,1,100,166154,10190,0,15,4,80,80,NORMAL,0,0,93,16,10,160,16,10,160,13,13,0,0,0,0
180163,68,ring,12032,0,0,0,96,110,1344,1540,1,100,162906,14285,0,15,3,82,82,NORMAL,0,0,96,16,12,164,16,12,164,14,14,0,0,0,0
180178,36,ring,10395,0,0,0,98,113,1372,1582,1,100,160522,18128,0,15,2,83,83,NORMAL,0,0,98,18,12,166,18,12,166,15,15,0,0,0,0
180706,99,ring,9247,1,1,5231,93,106,1302,1484,1,100,162249,14052,0,13,4,80,80,NORMAL,0,2,93,16,10,160,16,10,160,13,13,0,0,0,0
180805,81,ring,13233,0,0,0,95,109,1330,1526,1,100,162611,14197,0,15,4,81,81,NORMAL,0,0,95,16,12,162,16,12,162,14,14,0,0,0,0
180850,53,ring,11911,0,0,0,98,113,1372,1582,1,100,159999,17856,0,15,2,83,83,NORMAL,0,0,98,18,12,166,18,12,166,15,15,0,0,0,0
180533,51,ring,11500,0,0,0,98,113,1372,1582,1,100,160035,17937,0,15,2,83,83,NORMAL,0,0,98,18,12,166,18,12,166,15,15,0,0,0,0
180351,15,ring,9558,0,0,0,99,113,1386,1582,1,100,161597,18128,0,14,2,85,85,NORMAL,0,0,99,18,10,170,18,10,170,14,14,0,0,0,0
180448,73,ring,12479,0,0,0,95,108,1330,1512,1,100,162891,14159,0,14,4,82,82,NORMAL,0,0,95,14,12,164,14,12,164,13,13,0,0,0,0
180751,3,ring,9326,0,0,0,100,114,1400,1596,1,100,162197,18185,0,14,2,86,86,NORMAL,0,0,100,18,10,172,18,10,172,14,14,0,0,0,0
180536,5,ring,9143,0,0,0,100,114,1400,1596,1,100,162210,18168,0,14,2,86,86,NORMAL,0,0,100,18,10,172,18,10,172,14,14,0,0,0,0
180736,35,ring,10687,0,0,0,98,113,1372,1582,1,100,160778,18133,0,15,2,83,83,NORMAL,0,0,98,18,12,166,18,12,166,15,15,0,0,0,0
181013,66,ring,12559,0,0,0,96,110,1344,1540,1,100,163222,14347,0,15,3,82,82,NORMAL,0,0,96,16,12,164,16,12,164,14,14,0,0,0,0
180396,21,ring,9761,0,0,0,99,113,1386,1582,1,100,161451,18109,0,14,2,85,85,NORMAL,0,0,99,18,10,170,18,10,170,14,14,0,0,0,0
181145,26,ring,10661,0,0,0,99,114,1386,1596,1,100,161329,17994,0,15,2,84,84,NORMAL,0,0,99,18,12,168,18,12,168,15,15,0,0,0,0
180924,84,ring,13242,0,0,0,95,109,1330,1526,1,100,162697,14226,0,15,4,81,81,NORMAL,0,0,95,16,12,162,16,12,162,14,14,0,0,0,0
180721,67,ring,12281,0,0,0,96,110,1344,1540,1,100,163196,14349,0,15,3,82,82,NORMAL,0,0,96,16,12,164,16,12,164,14,14,0,0,0,0
181308,2,ring,9731,0,0,0,100,114,1400,1596,1,100,162383,18189,0,14,2,86,86,NORMAL,0,0,100,18,10,172,18,10,172,14,14,0,0,0,0
180584,70,ring,12243,0,0,0,95,109,1330,1526,1,100,163175,14230,0,15,3,82,82,NORMAL,0,0,95,14,12,164,16,12,164,14,12,1,0,0,0
181460,90,ring,9248,0,0,0,93,106,1302,1484,1,100,166759,10278,0,14,3,80,80,NORMAL,0,0,93,16,10,160,16,10,160,13,13,0,0,0,0
180817,23,ring,10092,0,0,0,98,112,1372,1568,1,100,161550,18011,0,14,2,84,84,NORMAL,0,0,98,18,10,168,18,10,168,14,14,1,0,0,0
180669,55,ring,11447,0,0,0,98,113,1372,1582,1,100,160239,17835,0,15,2,83,83,NORMAL,0,0,98,18,12,166,18,12,166,15,15,0,0,0,0
181300,59,ring,12323,0,0,0,98,113,1372,1582,1,100,160017,17991,0,15,2,83,83,NORMAL,0,0,98,18,12,166,18,12,166,15,15,0,0,0,0
181157,37,ring,11070,0,0,0,98,113,1372,1582,1,100,160875,18136,0,15,2,83,83,NORMAL,0,0,98,18,12,166,18,12,166,15,15,0,0,0,0
180787,87,ring,13119,0,0,0,94,107,1316,1498,1,100,166629,10298,0,14,4,81,81,NORMAL,0,0,94,14,12,162,14,12,162,13,13,0,0,0,0
180666,58,ring,11596,0,0,0,98,113,1372,1582,1,100,160095,17951,0,15,2,83,83,NORMAL,0,0,98,18,12,166,18,12,166,15,15,0,0,0,0
180872,32,ring,10452,0,0,0,99,114,1386,1596,1,100,161182,18021,0,15,2,84,84,NORMAL,0,0,99,18,12,168,18,12,168,15,15,0,0,0,0
181009,29,ring,10457,0,0,0,99,114,1386,1596,1,100,161356,17998,0,15,2,84,84,NORMAL,0,0,99,18,12,168,18,12,168,15,15,0,0,0,0
181212,25,ring,10524,0,0,0,99,114,1386,1596,1,100,161498,18029,0,15,2,84,84,NORMAL,0,0,99,18,12,168,18,12,168,15,15,0,0,0,0
181278,12,ring,9924,0,0,0,100,114,1400,1596,1,100,162062,18231,0,14,2,86,86,NORMAL,0,0,100,18,10,172,18,10,172,14,14,0,0,0,0
181173,97,ring,9067,0,0,0,93,106,1302,1484,1,100,166668,10221,0,14,3,80,80,NORMAL,0,0,93,16,10,160,16,10,160,13,13,0,0,0,0
181227,14,ring,9918,0,0,0,100,114,1400,1596,1,100,162107,18177,0,14,2,86,86,NORMAL,0,0,100,18,10,172,18,10,172,14,14,0,0,0,0
180857,64,ring,11981,0,0,0,96,110,1344,1540,1,100,163596,14404,0,15,3,82,82,NORMAL,0,0,96,16,12,164,16,12,164,14,14,0,0,0,0
181142,69,ring,12445,0,0,0,96,110,1344,1540,1,100,163515,14248,0,15,3,82,82,NORMAL,0,0,96,16,12,164,16,12,164,14,13,0,0,0,0
181536,40,ring,11337,0,0,0,99,114,1386,1596,1,100,161029,18070,0,15,2,84,84,NORMAL,0,0,99,18,12,168,18,12,168,15,15,0,0,0,0
181090,17,ring,9801,0,0,0,99,113,1386,1582,1,100,162116,18064,0,14,2,85,85,NORMAL,0,0,99,18,10,170,18,10,170,14,14,0,0,0,0
181499,8,ring,9783,0,0,0,100,114,1400,1596,1,100,162470,18179,0,14,2,86,86,NORMAL,0,0,100,18,10,172,18,10,172,14,14,0,0,0,0
181333,75,ring,12849,0,0,0,95,108,1330,1512,1,100,163542,13999,0,14,3,82,82,NORMAL,0,0,95,14,12,164,14,12,164,13,13,0,0,0,0
181400,95,ring,9055,0,0,0,92,105,1288,1470,1,100,166945,10176,0,14,3,80,80,NORMAL,0,0,92,14,10,160,16,10,160,13,12,1,0,0,0
181754,77,ring,13364,0,0,0,95,108,1330,1512,1,100,163365,14112,0,14,3,82,82,NORMAL,0,0,95,14,12,164,14,12,164,13,13,0,0,0,0
181633,48,ring,11819,0,0,0,98,113,1372,1582,1,100,160670,18099,0,15,2,83,83,NORMAL,0,0,98,18,12,166,18,12,166,15,15,0,0,0,0
181824,54,ring,12243,0,0,0,98,113,1372,1582,1,100,160613,17837,0,15,2,83,83,NORMAL,0,0,98,18,12,166,18,12,166,15,15,0,0,0,0
180939,52,ring,11289,0,0,0,98,113,1372,1582,1,100,160669,17931,0,15,2,83,83,NORMAL,0,0,98,18,12,166,18,12,166,15,15,0,0,0,0
180954,20,ring,9739,0,0,0,99,113,1386,1582,1,100,162008,18111,0,14,2,85,85,NORMAL,0,0,99,18,10,170,18,10,170,14,14,0,0,0,0
181664,92,ring,9097,1,0,0,93,105,1302,1470,1,100,167144,10255,0,14,3,80,80,NORMAL,0,0,93,16,10,160,14,10,160,12,13,0,0,0,0
180979,93,ring,8442,1,0,0,93,106,1302,1484,1,100,167055,10313,0,15,3,80,80,NORMAL,0,0,93,16,10,160,16,10,160,13,13,0,0,0,0
181648,16,ring,10146,0,0,0,99,113,1386,1582,1,100,162266,18125,0,14,2,85,85,NORMAL,0,0,99,18,10,170,18,10,170,14,14,0,0,0,0
181415,63,ring,12229,0,0,0,96,110,1344,1540,1,100,163883,14394,0,15,3,82,82,NORMAL,0,0,96,16,12,164,16,12,164,14,14,0,0,0,0
181481,83,ring,13185,0,0,0,95,109,1330,1526,1,100,163369,14158,0,15,3,81,81,NORMAL,0,0,95,16,12,162,16,12,162,14,14,0,0,0,0
181197,78,ring,12690,0,0,0,95,108,1330,1512,1,100,163516,14064,0,14,3,82,82,NORMAL,0,0,95,14,12,164,14,12,164,13,13,0,0,0,0
181075,49,ring,11201,0,0,0,99,114,1386,1596,1,100,160765,18090,0,15,2,84,84,NORMAL,0,0,99,18,12,168,18,12,168,15,15,0,0,0,0
181975,19,ring,10571,0,0,0,99,113,1386,1582,1,100,162212,18070,0,14,2,85,85,NORMAL,0,0,99,18,10,170,18,10,170,14,14,0,0,0,0
181890,74,ring,13168,0,0,0,95,108,1330,1512,1,100,163735,14054,0,14,3,82,82,NORMAL,0,0,95,14,12,164,14,12,164,13,13,0,0,0,0
181957,94,ring,9393,0,0,0,93,106,1302,1484,1,100,167105,10274,0,14,3,80,80,NORMAL,0,0,93,16,10,160,16,10,160,13,13,0,0,0,0
181535,7,ring,9558,0,0,0,100,114,1400,1596,1,100,162753,18195,0,14,2,86,86,NORMAL,0,0,100,18,10,172,18,10,172,14,14,0,0,0,0
181263,57,ring,11629,0,0,0,98,113,1372,1582,1,100,160643,17922,0,15,2,83,83,NORMAL,0,0,98,18,12,166,18,12,166,15,15,0,0,0,0
181217,86,ring,12952,1,1,4787,94,108,1316,1512,1,100,167243,10232,0,15,3,81,81,NORMAL,0,2,94,14,12,162,16,12,162,14,13,0,0,0,0
181551,60,ring,12027,0,0,0,98,113,1372,1582,1,100,160613,17976,0,15,2,83,83,NORMAL,0,0,98,18,12,166,18,12,166,15,15,0,0,0,0
181293,34,ring,10398,0,0,0,99,114,1386,1596,1,100,161664,18032,0,15,2,84,84,NORMAL,0,0,99,18,12,168,18,12,168,15,15,0,0,0,0
181348,43,ring,10950,0,0,0,99,114,1386,1596,1,100,161200,18154,0,15,2,84,84,NORMAL,0,0,99,18,12,168,18,12,168,15,15,0,0,0,0
181271,61,ring,11714,0,0,0,99,114,1386,1596,1,100,160638,17970,0,15,2,84,84,NORMAL,0,0,99,18,12,168,18,12,168,15,15,0,0,0,0
181972,62,ring,12464,0,0,0,96,111,1344,1554,1,100,164212,14387,0,16,3,83,83,NORMAL,0,0,96,14,12,166,18,12,166,15,13,1,0,0,0
181821,28,ring,10463,0,0,0,99,114,1386,1596,1,100,162175,17971,0,15,2,84,84,NORMAL,0,0,99,18,12,168,18,12,168,15,15,0,0,0,0
181656,18,ring,9856,0,0,0,99,113,1386,1582,1,100,162639,18007,0,14,2,85,85,NORMAL,0,0,99,18,10,170,18,10,170,14,14,0,0,0,0
181430,31,ring,10200,0,0,0,99,114,1386,1596,1,100,162029,18010,0,15,2,84,84,NORMAL,0,0,99,18,12,168,18,12,168,15,15,0,0,0,0
181987,30,ring,10677,0,0,0,99,114,1386,1596,1,100,162108,18004,0,15,2,84,84,NORMAL,0,0,99,18,12,168,18,12,168,15,15,0,0,0,0
181769,45,ring,11204,0,0,0,99,114,1386,1596,1,100,161425,18077,0,15,2,84,84,NORMAL,0,0,99,18,12,168,18,12,168,15,15,0,0,0,0
181469,72,ring,12248,0,0,0,95,109,1330,1526,1,100,164143,14175,0,15,3,82,82,NORMAL,0,0,95,14,12,164,16,12,164,14,13,0,0,0,0
181905,42,ring,11106,0,0,0,99,114,1386,1596,1,100,161595,18114,0,15,2,84,84,NORMAL,0,0,99,18,12,168,18,12,168,15,15,0,0,0,0
181672,89,ring,8347,1,0,0,93,105,1302,1470,1,100,167900,10289,0,14,3,80,80,NORMAL,0,0,93,16,10,160,14,10,160,12,13,0,0,0,0
181950,85,ring,13127,0,0,0,95,109,1330,1526,1,100,163879,14167,0,15,3,81,81,NORMAL,0,0,95,16,12,162,16,12,162,14,14,0,0,0,0
181920,10,ring,9428,0,0,0,99,113,1386,1582,1,100,163210,18230,0,14,1,86,86,NORMAL,0,0,99,16,10,172,18,10,172,14,13,1,0,0,0
181839,22,ring,9849,0,0,0,99,113,1386,1582,1,100,162801,18072,0,14,2,85,85,NORMAL,0,0,99,18,10,170,18,10,170,14,14,0,0,0,0
190260,24,ring,10790,0,0,0,103,118,1442,1652,1,100,170275,18044,0,15,2,88,88,NORMAL,0,0,103,18,12,176,18,12,176,15,15,0,0,0,0
190230,88,ring,9045,3,3,14852,97,110,1358,1540,1,100,180291,5709,0,14,4,85,85,NORMAL,0,6,97,14,10,170,14,12,170,13,12,0,0,0,0
190109,80,ring,13321,1,0,0,100,113,1400,1582,1,100,171795,14205,0,15,4,86,86,NORMAL,0,0,100,16,12,172,14,12,172,13,14,0,0,0,0
190042,39,ring,11199,0,0,0,103,118,1442,1652,1,100,169655,18128,0,15,2,88,88,NORMAL,0,0,103,18,12,176,18,12,176,15,15,0,0,0,0
190330,1,ring,9717,0,0,0,104,123,1456,1722,1,100,180498,9101,0,19,2,90,90,NORMAL,0,0,104,18,10,180,18,20,180,14,14,0,0,0,0
190315,33,ring,11055,0,0,0,103,118,1442,1652,1,100,170037,18003,0,15,2,88,88,NORMAL,0,0,103,18,12,176,18,12,176,15,15,0,0,0,0
190312,76,ring,13247,0,0,0,99,112,1386,1568,1,100,172117,14024,0,14,4,86,86,NORMAL,0,0,99,14,12,172,14,12,172,13,13,0,0,0,0
190327,44,ring,11658,0,0,0,103,118,1442,1652,1,100,169528,18076,0,15,2,88,88,NORMAL,0,0,103,18,12,176,18,12,176,15,15,0,0,0,0
190518,50,ring,12125,0,0,0,103,118,1442,1652,1,100,169344,17987,0,15,2,88,88,NORMAL,0,0,103,18,12,176,18,12,176,15,15,0,0,0,0
190057,47,ring,11466,0,0,0,103,118,1442,1652,1,100,169436,18093,0,15,2,88,88,NORMAL,0,0,103,18,12,176,18,12,176,15,15,0,0,0,0
190463,41,ring,11516,0,0,0,103,118,1442,1652,1,100,169777,18089,0,15,2,88,88,NORMAL,0,0,103,18,12,176,18,12,176,15,15,0,0,0,0
190651,11,ring,10243,0,0,0,104,118,1456,1652,1,100,171125,18228,0,14,2,90,90,NORMAL,0,0,104,18,10,180,18,10,180,14,14,0,0,0,0
190478,9,ring,9912,0,0,0,104,118,1456,1652,1,100,171302,18182,0,14,2,90,90,NORMAL,0,0,104,18,10,180,18,10,180,14,14,0,0,0,0
190381,27,ring,10604,0,0,0,103,118,1442,1652,1,100,170609,17960,0,15,2,88,88,NORMAL,0,0,103,18,12,176,18,12,176,15,15,0,0,0,0
190193,4,ring,9316,0,0,0,104,118,1456,1652,1,100,171689,18142,0,14,2,90,90,NORMAL,0,0,104,18,10,180,18,10,180,14,14,0,0,0,0
190599,38,ring,11336,0,0,0,103,118,1442,1652,1,100,170085,18135,0,15,2,88,88,NORMAL,0,0,103,18,12,176,18,12,176,15,15,0,0,0,0
190150,100,ring,9083,1,0,0,110,111,1540,1554,1,100,171769,18233,0,14,2,91,84,LEADER,1,84,110,18,20,182,16,10,168,13,14,0,0,0,0
190503,82,ring,13334,0,0,0,100,114,1400,1596,1,100,172234,14192,0,15,4,86,86,NORMAL,0,0,100,16,12,172,16,12,172,14,14,0,0,0,0
190511,46,ring,11555,0,0,0,103,118,1442,1652,1,100,169829,18070,0,15,2,88,88,NORMAL,0,0,103,18,12,176,18,12,176,15,15,0,0,0,0
190614,6,ring,9713,0,0,0,104,118,1456,1652,1,100,171688,18156,0,14,2,90,90,NORMAL,0,0,104,18,10,180,18,10,180,14,14,0,0,0,0
190027,71,ring,12294,0,0,0,100,113,1400,1582,1,100,172640,14186,0,14,4,87,87,NORMAL,0,0,100,14,12,174,14,12,174,13,13,1,0,0,0
190094,91,ring,8497,0,0,0,96,109,1344,1526,1,100,176192,10244,0,14,4,84,84,NORMAL,0,0,96,14,10,168,16,10,168,13,12,1,0,0,0
190245,56,ring,11650,0,0,0,103,118,1442,1652,1,100,169602,17905,0,15,2,88,88,NORMAL,0,0,103,18,12,176,18,12,176,15,15,0,0,0,0
190366,79,ring,12844,0,0,0,100,113,1400,1582,1,100,172511,14059,0,14,4,87,87,NORMAL,0,0,100,14,12,174,14,12,174,13,13,0,0,0,0
190688,13,ring,9991,0,0,0,104,118,1456,1652,1,100,171473,18187,0,14,2,90,90,NORMAL,0,0,104,18,10,180,18,10,180,14,14,0,0,0,0
190300,65,ring,12115,0,0,0,101,115,1414,1610,1,100,172942,14355,0,15,3,87,87,NORMAL,0,0,101,16,12,174,16,12,174,14,14,0,0,0,0
190275,98,ring,8834,0,0,0,97,110,1358,1540,1,100,175985,10244,0,14,4,84,84,NORMAL,0,0,97,16,10,168,16,10,168,13,13,0,0,0,0
190842,96,ring,9289,1,0,0,98,111,1372,1554,1,100,176154,10190,0,15,4,85,85,NORMAL,0,0,98,16,10,170,16,10,170,13,13,0,0,0,0
190163,68,ring,12032,0,0,0,101,115,1414,1610,1,100,172906,14285,0,15,3,87,87,NORMAL,0,0,101,16,12,174,16,12,174,14,14,0,0,0,0
190178,36,ring,10395,0,0,0,103,118,1442,1652,1,100,170522,18128,0,15,2,88,88,NORMAL,0,0,103,18,12,176,18,12,176,15,15,0,0,0,0
190706,99,ring,9247,1,1,5231,98,111,1372,1554,1,100,172249,14052,0,13,4,85,85,NORMAL,0,2,98,16,10,170,16,10,170,13,13,0,0,0,0
190805,81,ring,13233,0,0,0,100,114,1400,1596,1,100,172611,14197,0,15,4,86,86,NORMAL,0,0,100,16,12,172,16,12,172,14,14,0,0,0,0
190850,53,ring,11911,0,0,0,103,118,1442,1652,1,100,169999,17856,0,15,2,88,88,NORMAL,0,0,103,18,12,176,18,12,176,15,15,0,0,0,0
190533,51,ring,11500,0,0,0,103,118,1442,1652,1,100,170035,17937,0,15,2,88,88,NORMAL,0,0,103,18,12,176,18,12,176,15,15,0,0,0,0
190351,15,ring,9558,0,0,0,104,118,1456,1652,1,100,171597,18128,0,14,2,90,90,NORMAL,0,0,104,18,10,180,18,10,180,14,14,0,0,0,0
190448,73,ring,12479,0,0,0,100,113,1400,1582,1,100,172891,14159,0,14,4,87,87,NORMAL,0,0,100,14,12,174,14,12,174,13,13,0,0,0,0
190751,3,ring,9326,0,0,0,105,119,1470,1666,1,100,172197,18185,0,14,2,91,91,NORMAL,0,0,105,18,10,182,18,10,182,14,14,0,0,0,0
190536,5,ring,9143,0,0,0,105,119,1470,1666,1,100,172210,18168,0,14,2,91,91,NORMAL,0,0,105,18,10,182,18,10,182,14,14,0,0,0,0
190736,35,ring,10687,0,0,0,103,118,1442,1652,1,100,170778,18133,0,15,2,88,88,NORMAL,0,0,103,18,12,176,18,12,176,15,15,0,0,0,0
191013,66,ring,12559,0,0,0,101,115,1414,1610,1,100,173222,14347,0,15,3,87,87,NORMAL,0,0,101,16,12,174,16,12,174,14,14,0,0,0,0
190396,21,ring,9761,0,0,0,104,118,1456,1652,1,100,171451,18109,0,14,2,90,90,NORMAL,0,0,104,18,10,180,18,10,180,14,14,0,0,0,0
191145,26,ring,10661,0,0,0,103,118,1442,1652,1,100,171329,17994,0,15,2,88,88,NORMAL,0,0,103,18,12,176,18,12,176,15,15,0,0,0,0
190924,84,ring,13242,0,0,0,100,114,1400,1596,1,100,172697,14226,0,15,4,86,86,NORMAL,0,0,100,16,12,172,16,12,172,14,14,0,0,0,0
190721,67,ring,12281,0,0,0,101,115,1414,1610,1,100,173196,14349,0,15,3,87,87,NORMAL,0,0,101,16,12,174,16,12,174,14,14,0,0,0,0
191308,2,ring,9731,0,0,0,105,119,1470,1666,1,100,172383,18189,0,14,2,91,91,NORMAL,0,0,105,18,10,182,18,10,182,14,14,0,0,0,0
190584,70,ring,12243,0,0,0,100,114,1400,1596,1,100,173175,14230,0,15,3,87,87,NORMAL,0,0,100,14,12,174,16,12,174,14,12,1,0,0,0
191460,90,ring,9248,0,0,0,98,111,1372,1554,1,100,176759,10278,0,14,3,85,85,NORMAL,0,0,98,16,10,170,16,10,170,13,13,0,0,0,0
190817,23,ring,10092,0,0,0,103,117,1442,1638,1,100,171550,18011,0,14,2,89,89,NORMAL,0,0,103,18,10,178,18,10,178,14,14,1,0,0,0
190669,55,ring,11447,0,0,0,103,118,1442,1652,1,100,170239,17835,0,15,2,88,88,NORMAL,0,0,103,18,12,176,18,12,176,15,15,0,0,0,0
191300,59,ring,12323,0,0,0,103,118,1442,1652,1,100,170017,17991,0,15,2,88,88,NORMAL,0,0,103,18,12,176,18,12,176,15,15,0,0,0,0
191157,37,ring,11070,0,0,0,103,118,1442,1652,1,100,170875,18136,0,15,2,88,88,NORMAL,0,0,103,18,12,176,18,12,176,15,15,0,0,0,0
190787,87,ring,13119,0,0,0,99,112,1386,1568,1,100,176629,10298,0,14,4,86,86,NORMAL,0,0,99,14,12,172,14,12,172,13,13,0,0,0,0
190666,58,ring,11596,0,0,0,103,118,1442,1652,1,100,170095,17951,0,15,2,88,88,NORMAL,0,0,103,18,12,176,18,12,176,15,15,0,0,0,0
190872,32,ring,10452,0,0,0,104,119,1456,1666,1,100,171182,18021,0,15,2,89,89,NORMAL,0,0,104,18,12,178,18,12,178,15,15,0,0,0,0
191009,29,ring,10457,0,0,0,104,119,1456,1666,1,100,171356,17998,0,15,2,89,89,NORMAL,0,0,104,18,12,178,18,12,178,15,15,0,0,0,0
191212,25,ring,10524,0,0,0,104,119,1456,1666,1,100,171498,18029,0,15,2,89,89,NORMAL,0,0,104,18,12,178,18,12,178,15,15,0,0,0,0
191278,12,ring,9924,0,0,0,105,119,1470,1666,1,100,172062,18231,0,14,2,91,91,NORMAL,0,0,105,18,10,182,18,10,182,14,14,0,0,0,0
191173,97,ring,9067,0,0,0,98,111,1372,1554,1,100,176668,10221,0,14,3,85,85,NORMAL,0,0,98,16,10,170,16,10,170,13,13,0,0,0,0
191227,14,ring,9918,0,0,0,105,119,1470,1666,1,100,172107,18177,0,14,2,91,91,NORMAL,0,0,105,18,10,182,18,10,182,14,14,0,0,0,0
190857,64,ring,11981,0,0,0,101,115,1414,1610,1,100,173596,14404,0,15,3,87,87,NORMAL,0,0,101,16,12,174,16,12,174,14,14,0,0,0,0
191142,69,ring,12445,0,0,0,101,115,1414,1610,1,100,173515,14248,0,15,3,87,87,NORMAL,0,0,101,16,12,174,16,12,174,14,13,0,0,0,0
191536,40,ring,11337,0,0,0,104,119,1456,1666,1,100,171029,18070,0,15,2,89,89,NORMAL,0,0,104,18,12,178,18,12,178,15,15,0,0,0,0
191090,17,ring,9801,0,0,0,104,118,1456,1652,1,100,172116,18064,0,14,2,90,90,NORMAL,0,0,104,18,10,180,18,10,180,14,14,0,0,0,0
191499,8,ring,9783,0,0,0,105,119,1470,1666,1,100,172470,18179,0,14,2,91,91,NORMAL,0,0,105,18,10,182,18,10,182,14,14,0,0,0,0
191333,75,ring,12849,0,0,0,100,113,1400,1582,1,100,173542,13999,0,14,3,87,87,NORMAL,0,0,100,14,12,174,14,12,174,13,13,0,0,0,0
191400,95,ring,9055,0,0,0,97,110,1358,1540,1,100,176945,10176,0,14,3,85,85,NORMAL,0,0,97,14,10,170,16,10,170,13,12,1,0,0,0
191754,77,ring,13364,0,0,0,100,113,1400,1582,1,100,173365,14112,0,14,3,87,87,NORMAL,0,0,100,14,12,174,14,12,174,13,13,0,0,0,0
191633,48,ring,11819,0,0,0,103,118,1442,1652,1,100,170670,18099,0,15,2,88,88,NORMAL,0,0,103,18,12,176,18,12,176,15,15,0,0,0,0
191824,54,ring,12243,0,0,0,103,118,1442,1652,1,100,170613,17837,0,15,2,88,88,NORMAL,0,0,103,18,12,176,18,12,176,15,15,0,0,0,0
190939,52,ring,11289,0,0,0,103,118,1442,1652,1,100,170669,17931,0,15,2,88,88,NORMAL,0,0,103,18,12,176,18,12,176,15,15,0,0,0,0
190954,20,ring,9739,0,0,0,104,118,1456,1652,1,100,172008,18111,0,14,2,90,90,NORMAL,0,0,104,18,10,180,18,10,180,14,14,0,0,0,0
191664,92,ring,9097,1,0,0,98,110,1372,1540,1,100,177144,10255,0,14,3,85,85,NORMAL,0,0,98,16,10,170,14,10,170,12,13,0,0,0,0
190979,93,ring,8442,1,0,0,98,111,1372,1554,1,100,177055,10313,0,15,3,85,85,NORMAL,0,0,98,16,10,170,16,10,170,13,13,0,0,0,0
191648,16,ring,10146,0,0,0,104,118,1456,1652,1,100,172266,18125,0,14,2,90,90,NORMAL,0,0,104,18,10,180,18,10,180,14,14,0,0,0,0
191415,63,ring,12229,0,0,0,101,115,1414,1610,1,100,173883,14394,0,15,3,87,87,NORMAL,0,0,101,16,12,174,16,12,174,14,14,0,0,0,0
191481,83,ring,13185,0,0,0,100,114,1400,1596,1,100,173369,14158,0,15,3,86,86,NORMAL,0,0,100,16,12,172,16,12,172,14,14,0,0,0,0
191197,78,ring,12690,0,0,0,100,113,1400,1582,1,100,173516,14064,0,14,3,87,87,NORMAL,0,0,100,14,12,174,14,12,174,13,13,0,0,0,0
191075,49,ring,11201,0,0,0,104,119,1456,1666,1,100,170765,18090,0,15,2,89,89,NORMAL,0,0,104,18,12,178,18,12,178,15,15,0,0,0,0
191975,19,ring,10571,0,0,0,104,118,1456,1652,1,100,172212,18070,0,14,2,90,90,NORMAL,0,0,104,18,10,180,18,10,180,14,14,0,0,0,0
191890,74,ring,13168,0,0,0,100,113,1400,1582,1,100,173735,14054,0,14,3,87,87,NORMAL,0,0,100,14,12,174,14,12,174,13,13,0,0,0,0
191957,94,ring,9393,0,0,0,98,111,1372,1554,1,100,177105,10274,0,14,3,85,85,NORMAL,0,0,98,16,10,170,16,10,170,13,13,0,0,0,0
191535,7,ring,9558,0,0,0,105,119,1470,1666,1,100,172753,18195,0,14,2,91,91,NORMAL,0,0,105,18,10,182,18,10,182,14,14,0,0,0,0
191263,57,ring,11629,0,0,0,103,118,1442,1652,1,100,170643,17922,0,15,2,88,88,NORMAL,0,0,103,18,12,176,18,12,176,15,15,0,0,0,0
191217,86,ring,12952,1,1,4787,99,113,1386,1582,1,100,177243,10232,0,15,3,86,86,NORMAL,0,2,99,14,12,172,16,12,172,14,13,0,0,0,0
191551,60,ring,12027,0,0,0,103,118,1442,1652,1,100,170613,17976,0,15,2,88,88,NORMAL,0,0,103,18,12,176,18,12,176,15,15,0,0,0,0
191293,34,ring,10398,0,0,0,104,119,1456,1666,1,100,171664,18032,0,15,2,89,89,NORMAL,0,0,104,18,12,178,18,12,178,15,15,0,0,0,0
191348,43,ring,10950,0,0,0,104,119,1456,1666,1,100,171200,18154,0,15,2,89,89,NORMAL,0,0,104,18,12,178,18,12,178,15,15,0,0,0,0
191268,61,ring,11714,0,0,0,103,118,1442,1652,1,100,170635,17970,0,15,2,88,88,NORMAL,0,0,103,18,12,176,18,12,176,15,15,0,0,0,0
191972,62,ring,12464,0,0,0,100,115,1400,1610,1,100,174212,14387,0,16,3,87,87,NORMAL,0,0,100,14,12,174,18,12,174,15,13,1,0,0,0
191821,28,ring,10463,0,0,0,104,119,1456,1666,1,100,172175,17971,0,15,2,89,89,NORMAL,0,0,104,18,12,178,18,12,178,15,15,0,0,0,0
191656,18,ring,9856,0,0,0,104,118,1456,1652,1,100,172639,18007,0,14,2,90,90,NORMAL,0,0,104,18,10,180,18,10,180,14,14,0,0,0,0
191430,31,ring,10200,0,0,0,104,119,1456,1666,1,100,172029,18010,0,15,2,89,89,NORMAL,0,0,104,18,12,178,18,12,178,15,15,0,0,0,0
191987,30,ring,10677,0,0,0,104,119,1456,1666,1,100,172108,18004,0,15,2,89,89,NORMAL,0,0,104,18,12,178,18,12,178,15,15,0,0,0,0
191769,45,ring,11204,0,0,0,104,119,1456,1666,1,100,171425,18077,0,15,2,89,89,NORMAL,0,0,104,18,12,178,18,12,178,15,15,0,0,0,0
191469,72,ring,12248,0,0,0,100,114,1400,1596,1,100,174143,14175,0,15,3,87,87,NORMAL,0,0,100,14,12,174,16,12,174,14,13,0,0,0,0
191905,42,ring,11106,0,0,0,104,119,1456,1666,1,100,171595,18114,0,15,2,89,89,NORMAL,0,0,104,18,12,178,18,12,178,15,15,0,0,0,0
191672,89,ring,8347,1,0,0,98,110,1372,1540,1,100,177900,10289,0,14,3,85,85,NORMAL,0,0,98,16,10,170,14,10,170,12,13,0,0,0,0
191950,85,ring,13127,0,0,0,100,114,1400,1596,1,100,173879,14167,0,15,3,86,86,NORMAL,0,0,100,16,12,172,16,12,172,14,14,0,0,0,0
191920,10,ring,9428,0,0,0,104,118,1456,1652,1,100,173210,18230,0,14,1,91,91,NORMAL,0,0,104,16,10,182,18,10,182,14,13,1,0,0,0
191839,22,ring,9849,0,0,0,104,118,1456,1652,1,100,172801,18072,0,14,2,90,90,NORMAL,0,0,104,18,10,180,18,10,180,14,14,0,0,0,0
200260,24,ring,10790,0,0,0,108,123,1512,1722,1,100,180275,18044,0,15,2,93,93,NORMAL,0,0,108,18,12,186,18,12,186,15,15,0,0,0,0
200230,88,ring,9045,3,3,14852,102,115,1428,1610,1,100,190291,5709,0,14,4,90,90,NORMAL,0,6,102,14,10,180,14,12,180,13,12,0,0,0,0
200109,80,ring,13321,1,0,0,105,118,1470,1652,1,100,181795,14205,0,15,4,91,91,NORMAL,0,0,105,16,12,182,14,12,182,13,14,0,0,0,0
200042,39,ring,11199,0,0,0,108,123,1512,1722,1,100,179655,18128,0,15,2,93,93,NORMAL,0,0,108,18,12,186,18,12,186,15,15,0,0,0,0
200330,1,ring,9717,0,0,0,109,128,1526,1792,1,100,190498,9101,0,19,2,95,95,NORMAL,0,0,109,18,10,190,18,20,190,14,14,0,0,0,0
200315,33,ring,11055,0,0,0,108,123,1512,1722,1,100,180037,18003,0,15,2,93,93,NORMAL,0,0,108,18,12,186,18,12,186,15,15,0,0,0,0
200312,76,ring,13247,0,0,0,104,117,1456,1638,1,100,182117,14024,0,14,4,91,91,NORMAL,0,0,104,14,12,182,14,12,182,13,13,0,0,0,0
200327,44,ring,11658,0,0,0,108,123,1512,1722,1,100,179528,18076,0,15,2,93,93,NORMAL,0,0,108,18,12,186,18,12,186,15,15,0,0,0,0
200518,50,ring,12125,0,0,0,108,123,1512,1722,1,100,179344,17987,0,15,2,93,93,NORMAL,0,0,108,18,12,186,18,12,186,15,15,0,0,0,0
200057,47,ring,11466,0,0,0,108,123,1512,1722,1,100,179436,18093,0,15,2,93,93,NORMAL,0,0,108,18,12,186,18,12,186,15,15,0,0,0,0
200463,41,ring,11516,0,0,0,108,123,1512,1722,1,100,179777,18089,0,15,2,93,93,NORMAL,0,0,108,18,12,186,18,12,186,15,15,0,0,0,0
200651,11,ring,10243,0,0,0,109,123,1526,1722,1,100,181125,18228,0,14,2,95,95,NORMAL,0,0,109,18,10,190,18,10,190,14,14,0,0,0,0
200478,9,ring,9912,0,0,0,109,123,1526,1722,1,100,181302,18182,0,14,2,95,95,NORMAL,0,0,109,18,10,190,18,10,190,14,14,0,0,0,0
200381,27,ring,10604,0,0,0,108,123,1512,1722,1,100,180609,17960,0,15,2,93,93,NORMAL,0,0,108,18,12,186,18,12,186,15,15,0,0,0,0
200193,4,ring,9316,0,0,0,109,123,1526,1722,1,100,181689,18142,0,14,2,95,95,NORMAL,0,0,109,18,10,190,18,10,190,14,14,0,0,0,0
200599,38,ring,11336,0,0,0,108,123,1512,1722,1,100,180085,18135,0,15,2,93,93,NORMAL,0,0,108,18,12,186,18,12,186,15,15,0,0,0,0
200150,100,ring,9083,1,0,0,115,116,1610,1624,1,100,181769,18233,0,14,2,96,89,LEADER,1,89,115,18,20,192,16,10,178,13,14,0,0,0,0
200503,82,ring,13334,0,0,0,104,118,1456,1652,1,100,182234,14192,0,15,4,90,90,NORMAL,0,0,104,16,12,180,16,12,180,14,14,0,0,0,0
200511,46,ring,11555,0,0,0,108,123,1512,1722,1,100,179829,18070,0,15,2,93,93,NORMAL,0,0,108,18,12,186,18,12,186,15,15,0,0,0,0
200614,6,ring,9713,0,0,0,109,123,1526,1722,1,100,181688,18156,0,14,2,95,95,NORMAL,0,0,109,18,10,190,18,10,190,14,14,0,0,0,0
200027,71,ring,12294,0,0,0,105,118,1470,1652,1,100,182640,14186,0,14,4,92,92,NORMAL,0,0,105,14,12,184,14,12,184,13,13,1,0,0,0
200094,91,ring,8497,0,0,0,101,114,1414,1596,1,100,186192,10244,0,14,4,89,89,NORMAL,0,0,101,14,10,178,16,10,178,13,12,1,0,0,0
200245,56,ring,11650,0,0,0,108,123,1512,1722,1,100,179602,17905,0,15,2,93,93,NORMAL,0,0,108,18,12,186,18,12,186,15,15,0,0,0,0
200366,79,ring,12844,0,0,0,105,118,1470,1652,1,100,182511,14059,0,14,4,92,92,NORMAL,0,0,105,14,12,184,14,12,184,13,13,0,0,0,0
200688,13,ring,9991,0,0,0,109,123,1526,1722,1,100,181473,18187,0,14,2,95,95,NORMAL,0,0,109,18,10,190,18,10,190,14,14,0,0,0,0
200300,65,ring,12115,0,0,0,106,120,1484,1680,1,100,182942,14355,0,15,3,92,92,NORMAL,0,0,106,16,12,184,16,12,184,14,14,0,0,0,0
200275,98,ring,8834,0,0,0,102,115,1428,1610,1,100,185985,10244,0,14,4,89,89,NORMAL,0,0,102,16,10,178,16,10,178,13,13,0,0,0,0
200842,96,ring,9289,1,0,0,102,115,1428,1610,1,100,186154,10190,0,15,4,89,89,NORMAL,0,0,102,16,10,178,16,10,178,13,13,0,0,0,0
200163,68,ring,12032,0,0,0,106,120,1484,1680,1,100,182906,14285,0,15,3,92,92,NORMAL,0,0,106,16,12,184,16,12,184,14,14,0,0,0,0
200178,36,ring,10395,0,0,0,108,123,1512,1722,1,100,180522,18128,0,15,2,93,93,NORMAL,0,0,108,18,12,186,18,12,186,15,15,0,0,0,0
200706,99,ring,9247,1,1,5231,102,115,1428,1610,1,100,182249,14052,0,13,4,89,89,NORMAL,0,2,102,16,10,178,16,10,178,13,13,0,0,0,0
200805,81,ring,13233,0,0,0,105,119,1470,1666,1,100,182611,14197,0,15,4,91,91,NORMAL,0,0,105,16,12,182,16,12,182,14,14,0,0,0,0
200850,53,ring,11911,0,0,0,108,123,1512,1722,1,100,179999,17856,0,15,2,93,93,NORMAL,0,0,108,18,12,186,18,12,186,15,15,0,0,0,0
200533,51,ring,11500,0,0,0,108,123,1512,1722,1,100,180035,17937,0,15,2,93,93,NORMAL,0,0,108,18,12,186,18,12,186,15,15,0,0,0,0
200351,15,ring,9558,0,0,0,109,123,1526,1722,1,100,181597,18128,0,14,2,95,95,NORMAL,0,0,109,18,10,190,18,10,190,14,14,0,0,0,0
200448,73,ring,12479,0,0,0,105,118,1470,1652,1,100,182891,14159,0,14,4,92,92,NORMAL,0,0,105,14,12,184,14,12,184,13,13,0,0,0,0
200751,3,ring,9326,0,0,0,110,124,1540,1736,1,100,182197,18185,0,14,2,96,96,NORMAL,0,0,110,18,10,192,18,10,192,14,14,0,0,0,0
200536,5,ring,9143,0,0,0,110,124,1540,1736,1,100,182210,18168,0,14,2,96,96,NORMAL,0,0,110,18,10,192,18,10,192,14,14,0,0,0,0
200736,35,ring,10687,0,0,0,108,123,1512,1722,1,100,180778,18133,0,15,2,93,93,NORMAL,0,0,108,18,12,186,18,12,186,15,15,0,0,0,0
201013,66,ring,12559,0,0,0,106,120,1484,1680,1,100,183222,14347,0,15,3,92,92,NORMAL,0,0,106,16,12,184,16,12,184,14,14,0,0,0,0
200396,21,ring,9761,0,0,0,109,123,1526,1722,1,100,181451,18109,0,14,2,95,95,NORMAL,0,0,109,18,10,190,18,10,190,14,14,0,0,0,0
201145,26,ring,10661,0,0,0,108,123,1512,1722,1,100,181329,17994,0,15,2,93,93,NORMAL,0,0,108,18,12,186,18,12,186,15,15,0,0,0,0
200924,84,ring,13242,0,0,0,105,119,1470,1666,1,100,182697,14226,0,15,4,91,91,NORMAL,0,0,105,16,12,182,16,12,182,14,14,0,0,0,0
200721,67,ring,12281,0,0,0,106,120,1484,1680,1,100,183196,14349,0,15,3,92,92,NORMAL,0,0,106,16,12,184,16,12,184,14,14,0,0,0,0
201308,2,ring,9731,0,0,0,110,124,1540,1736,1,100,182383,18189,0,14,2,96,96,NORMAL,0,0,110,18,10,192,18,10,192,14,14,0,0,0,0
200584,70,ring,12243,0,0,0,105,119,1470,1666,1,100,183175,14230,0,15,3,92,92,NORMAL,0,0,105,14,12,184,16,12,184,14,12,1,0,0,0
201460,90,ring,9248,0,0,0,103,116,1442,1624,1,100,186759,10278,0,14,3,90,90,NORMAL,0,0,103,16,10,180,16,10,180,13,13,0,0,0,0
200817,23,ring,10092,0,0,0,108,122,1512,1708,1,100,181550,18011,0,14,2,94,94,NORMAL,0,0,108,18,10,188,18,10,188,14,14,1,0,0,0
200669,55,ring,11447,0,0,0,108,123,1512,1722,1,100,180239,17835,0,15,2,93,93,NORMAL,0,0,108,18,12,186,18,12,186,15,15,0,0,0,0
201300,59,ring,12323,0,0,0,108,123,1512,1722,1,100,180017,17991,0,15,2,93,93,NORMAL,0,0,108,18,12,186,18,12,186,15,15,0,0,0,0
201157,37,ring,11070,0,0,0,108,123,1512,1722,1,100,180875,18136,0,15,2,93,93,NORMAL,0,0,108,18,12,186,18,12,186,15,15,0,0,0,0
200787,87,ring,13119,0,0,0,104,117,1456,1638,1,100,186629,10298,0,14,4,91,91,NORMAL,0,0,104,14,12,182,14,12,182,13,13,0,0,0,0
200666,58,ring,11596,0,0,0,108,123,1512,1722,1,100,180095,17951,0,15,2,93,93,NORMAL,0,0,108,18,12,186,18,12,186,15,15,0,0,0,0
200872,32,ring,10452,0,0,0,108,123,1512,1722,1,100,181182,18021,0,15,2,93,93,NORMAL,0,0,108,18,12,186,18,12,186,15,15,0,0,0,0
201010,29,ring,10457,0,0,0,109,124,1526,1736,1,100,181357,17998,0,15,2,94,94,NORMAL,0,0,109,18,12,188,18,12,188,15,15,0,0,0,0
201212,25,ring,10524,0,0,0,109,124,1526,1736,1,100,181498,18029,0,15,2,94,94,NORMAL,0,0,109,18,12,188,18,12,188,15,15,0,0,0,0
201278,12,ring,9924,0,0,0,110,124,1540,1736,1,100,182062,18231,0,14,2,96,96,NORMAL,0,0,110,18,10,192,18,10,192,14,14,0,0,0,0
201173,97,ring,9067,0,0,0,103,116,1442,1624,1,100,186668,10221,0,14,3,90,90,NORMAL,0,0,103,16,10,180,16,10,180,13,13,0,0,0,0
201227,14,ring,9918,0,0,0,110,124,1540,1736,1,100,182107,18177,0,14,2,96,96,NORMAL,0,0,110,18,10,192,18,10,192,14,14,0,0,0,0
200857,64,ring,11981,0,0,0,106,120,1484,1680,1,100,183596,14404,0,15,3,92,92,NORMAL,0,0,106,16,12,184,16,12,184,14,14,0,0,0,0
201142,69,ring,12445,0,0,0,106,120,1484,1680,1,100,183515,14248,0,15,3,92,92,NORMAL,0,0,106,16,12,184,16,12,184,14,13,0,0,0,0
201536,40,ring,11337,0,0,0,108,123,1512,1722,1,100,181029,18070,0,15,2,93,93,NORMAL,0,0,108,18,12,186,18,12,186,15,15,0,0,0,0
201090,17,ring,9801,0,0,0,109,123,1526,1722,1,100,182116,18064,0,14,2,95,95,NORMAL,0,0,109,18,10,190,18,10,190,14,14,0,0,0,0
201499,8,ring,9783,0,0,0,110,124,1540,1736,1,100,182470,18179,0,14,2,96,96,NORMAL,0,0,110,18,10,192,18,10,192,14,14,0,0,0,0
201333,75,ring,12849,0,0,0,105,118,1470,1652,1,100,183542,13999,0,14,3,92,92,NORMAL,0,0,105,14,12,184,14,12,184,13,13,0,0,0,0
201400,95,ring,9055,0,0,0,102,115,1428,1610,1,100,186945,10176,0,14,3,90,90,NORMAL,0,0,102,14,10,180,16,10,180,13,12,1,0,0,0
201754,77,ring,13364,0,0,0,105,118,1470,1652,1,100,183365,14112,0,14,3,92,92,NORMAL,0,0,105,14,12,184,14,12,184,13,13,0,0,0,0
201633,48,ring,11819,0,0,0,108,123,1512,1722,1,100,180670,18099,0,15,2,93,93,NORMAL,0,0,108,18,12,186,18,12,186,15,15,0,0,0,0
201824,54,ring,12243,0,0,0,108,123,1512,1722,1,100,180613,17837,0,15,2,93,93,NORMAL,0,0,108,18,12,186,18,12,186,15,15,0,0,0,0
200939,52,ring,11289,0,0,0,108,123,1512,1722,1,100,180669,17931,0,15,2,93,93,NORMAL,0,0,108,18,12,186,18,12,186,15,15,0,0,0,0
200954,20,ring,9739,0,0,0,109,123,1526,1722,1,100,182008,18111,0,14,2,95,95,NORMAL,0,0,109,18,10,190,18,10,190,14,14,0,0,0,0
201664,92,ring,9097,1,0,0,103,115,1442,1610,1,100,187144,10255,0,14,3,90,90,NORMAL,0,0,103,16,10,180,14,10,180,12,13,0,0,0,0
200979,93,ring,8442,1,0,0,103,116,1442,1624,1,100,187055,10313,0,15,3,90,90,NORMAL,0,0,103,16,10,180,16,10,180,13,13,0,0,0,0
201648,16,ring,10146,0,0,0,109,123,1526,1722,1,100,182266,18125,0,14,2,95,95,NORMAL,0,0,109,18,10,190,18,10,190,14,14,0,0,0,0
201415,63,ring,12229,0,0,0,106,120,1484,1680,1,100,183883,14394,0,15,3,92,92,NORMAL,0,0,106,16,12,184,16,12,184,14,14,0,0,0,0
201481,83,ring,13185,0,0,0,105,119,1470,1666,1,100,183369,14158,0,15,3,91,91,NORMAL,0,0,105,16,12,182,16,12,182,14,14,0,0,0,0
201197,78,ring,12690,0,0,0,105,118,1470,1652,1,100,183516,14064,0,14,3,92,92,NORMAL,0,0,105,14,12,184,14,12,184,13,13,0,0,0,0
201075,49,ring,11201,0,0,0,108,123,1512,1722,1,100,180765,18090,0,15,2,93,93,NORMAL,0,0,108,18,12,186,18,12,186,15,15,0,0,0,0
201975,19,ring,10571,0,0,0,109,123,1526,1722,1,100,182212,18070,0,14,2,95,95,NORMAL,0,0,109,18,10,190,18,10,190,14,14,0,0,0,0
201890,74,ring,13168,0,0,0,105,118,1470,1652,1,100,183735,14054,0,14,3,92,92,NORMAL,0,0,105,14,12,184,14,12,184,13,13,0,0,0,0
201957,94,ring,9393,0,0,0,103,116,1442,1624,1,100,187105,10274,0,14,3,90,90,NORMAL,0,0,103,16,10,180,16,10,180,13,13,0,0,0,0
201535,7,ring,9558,0,0,0,110,124,1540,1736,1,100,182753,18195,0,14,2,96,96,NORMAL,0,0,110,18,10,192,18,10,192,14,14,0,0,0,0
201263,57,ring,11629,0,0,0,108,123,1512,1722,1,100,180643,17922,0,15,2,93,93,NORMAL,0,0,108,18,12,186,18,12,186,15,15,0,0,0,0
201217,86,ring,12952,1,1,4787,104,118,1456,1652,1,100,187243,10232,0,15,3,91,91,NORMAL,0,2,104,14,12,182,16,12,182,14,13,0,0,0,0
201551,60,ring,12027,0,0,0,108,123,1512,1722,1,100,180613,17976,0,15,2,93,93,NORMAL,0,0,108,18,12,186,18,12,186,15,15,0,0,0,0
201293,34,ring,10398,0,0,0,109,124,1526,1736,1,100,181664,18032,0,15,2,94,94,NORMAL,0,0,109,18,12,188,18,12,188,15,15,0,0,0,0
201348,43,ring,10950,0,0,0,109,124,1526,1736,1,100,181200,18154,0,15,2,94,94,NORMAL,0,0,109,18,12,188,18,12,188,15,15,0,0,0,0
201268,61,ring,11714,0,0,0,108,123,1512,1722,1,100,180635,17970,0,15,2,93,93,NORMAL,0,0,108,18,12,186,18,12,186,15,15,0,0,0,0
201972,62,ring,12464,0,0,0,105,120,1470,1680,1,100,184212,14387,0,16,3,92,92,NORMAL,0,0,105,14,12,184,18,12,184,15,13,1,0,0,0
201821,28,ring,10463,0,0,0,109,124,1526,1736,1,100,182175,17971,0,15,2,94,94,NORMAL,0,0,109,18,12,188,18,12,188,15,15,0,0,0,0
201656,18,ring,9856,0,0,0,109,123,1526,1722,1,100,182639,18007,0,14,2,95,95,NORMAL,0,0,109,18,10,190,18,10,190,14,14,0,0,0,0
201430,31,ring,10200,0,0,0,109,124,1526,1736,1,100,182029,18010,0,15,2,94,94,NORMAL,0,0,109,18,12,188,18,12,188,15,15,0,0,0,0
201987,30,ring,10677,0,0,0,109,124,1526,1736,1,100,182108,18004,0,15,2,94,94,NORMAL,0,0,109,18,12,188,18,12,188,15,15,0,0,0,0
201769,45,ring,11204,0,0,0,109,124,1526,1736,1,100,181425,18077,0,15,2,94,94,NORMAL,0,0,109,18,12,188,18,12,188,15,15,0,0,0,0
201469,72,ring,12248,0,0,0,106,120,1484,1680,1,100,184143,14175,0,15,3,93,93,NORMAL,0,0,106,14,12,186,16,12,186,14,13,0,0,0,0
201905,42,ring,11106,0,0,0,109,124,1526,1736,1,100,181595,18114,0,15,2,94,94,NORMAL,0,0,109,18,12,188,18,12,188,15,15,0,0,0,0
201672,89,ring,8347,1,0,0,103,115,1442,1610,1,100,187900,10289,0,14,3,90,90,NORMAL,0,0,103,16,10,180,14,10,180,12,13,0,0,0,0
201950,85,ring,13127,0,0,0,105,119,1470,1666,1,100,183879,14167,0,15,3,91,91,NORMAL,0,0,105,16,12,182,16,12,182,14,14,0,0,0,0
201920,10,ring,9428,0,0,0,109,123,1526,1722,1,100,183210,18230,0,14,1,96,96,NORMAL,0,0,109,16,10,192,18,10,192,14,13,1,0,0,0
201839,22,ring,9849,0,0,0,109,123,1526,1722,1,100,182801,18072,0,14,2,95,95,NORMAL,0,0,109,18,10,190,18,10,190,14,14,0,0,0,0
210260,24,ring,10790,0,0,0,113,128,1582,1792,1,100,190275,18044,0,15,2,98,98,NORMAL,0,0,113,18,12,196,18,12,196,15,15,0,0,0,0
210230,88,ring,9045,3,3,14852,107,120,1498,1680,1,100,200291,5709,0,14,4,95,95,NORMAL,0,6,107,14,10,190,14,12,190,13,12,0,0,0,0
210109,80,ring,13321,1,0,0,110,123,1540,1722,1,100,191795,14205,0,15,4,96,96,NORMAL,0,0,110,16,12,192,14,12,192,13,14,0,0,0,0
210042,39,ring,11199,0,0,0,113,128,1582,1792,1,100,189655,18128,0,15,2,98,98,NORMAL,0,0,113,18,12,196,18,12,196,15,15,0,0,0,0
210330,1,ring,9717,0,0,0,114,133,1596,1862,1,100,200498,9101,0,19,2,100,100,NORMAL,0,0,114,18,10,200,18,20,200,14,14,0,0,0,0
210315,33,ring,11055,0,0,0,113,128,1582,1792,1,100,190037,18003,0,15,2,98,98,NORMAL,0,0,113,18,12,196,18,12,196,15,15,0,0,0,0
210312,76,ring,13247,0,0,0,109,122,1526,1708,1,100,192117,14024,0,14,4,96,96,NORMAL,0,0,109,14,12,192,14,12,192,13,13,0,0,0,0
210327,44,ring,11658,0,0,0,113,128,1582,1792,1,100,189528,18076,0,15,2,98,98,NORMAL,0,0,113,18,12,196,18,12,196,15,15,0,0,0,0
210518,50,ring,12125,0,0,0,113,128,1582,1792,1,100,189344,17987,0,15,2,98,98,NORMAL,0,0,113,18,12,196,18,12,196,15,15,0,0,0,0
210057,47,ring,11466,0,0,0,113,128,1582,1792,1,100,189436,18093,0,15,2,98,98,NORMAL,0,0,113,18,12,196,18,12,196,15,15,0,0,0,0
210463,41,ring,11516,0,0,0,113,128,1582,1792,1,100,189777,18089,0,15,2,98,98,NORMAL,0,0,113,18,12,196,18,12,196,15,15,0,0,0,0
210651,11,ring,10243,0,0,0,114,128,1596,1792,1,100,191125,18228,0,14,2,100,100,NORMAL,0,0,114,18,10,200,18,10,200,14,14,0,0,0,0
210478,9,ring,9912,0,0,0,114,128,1596,1792,1,100,191302,18182,0,14,2,100,100,NORMAL,0,0,114,18,10,200,18,10,200,14,14,0,0,0,0
210381,27,ring,10604,0,0,0,113,128,1582,1792,1,100,190609,17960,0,15,2,98,98,NORMAL,0,0,113,18,12,196,18,12,196,15,15,0,0,0,0
210193,4,ring,9316,0,0,0,114,128,1596,1792,1,100,191689,18142,0,14,2,100,100,NORMAL,0,0,114,18,10,200,18,10,200,14,14,0,0,0,0
210599,38,ring,11336,0,0,0,113,128,1582,1792,1,100,190085,18135,0,15,2,98,98,NORMAL,0,0,113,18,12,196,18,12,196,15,15,0,0,0,0
210150,100,ring,9083,1,0,0,120,121,1680,1694,1,100,191769,18233,0,14,2,101,94,LEADER,1,94,120,18,20,202,16,10,188,13,14,0,0,0,0
210503,82,ring,13334,0,0,0,110,124,1540,1736,1,100,192234,14192,0,15,4,96,96,NORMAL,0,0,110,16,12,192,16,12,192,14,14,0,0,0,0
210511,46,ring,11555,0,0,0,113,128,1582,1792,1,100,189829,18070,0,15,2,98,98,NORMAL,0,0,113,18,12,196,18,12,196,15,15,0,0,0,0
210614,6,ring,9713,0,0,0,114,128,1596,1792,1,100,191688,18156,0,14,2,100,100,NORMAL,0,0,114,18,10,200,18,10,200,14,14,0,0,0,0
210027,71,ring,12294,0,0,0,110,123,1540,1722,1,100,192640,14186,0,14,4,97,97,NORMAL,0,0,110,14,12,194,14,12,194,13,13,1,0,0,0
210094,91,ring,8497,0,0,0,107,120,1498,1680,1,100,196192,10244,0,14,4,95,95,NORMAL,0,0,107,14,10,190,16,10,190,13,12,1,0,0,0
210245,56,ring,11650,0,0,0,113,128,1582,1792,1,100,189602,17905,0,15,2,98,98,NORMAL,0,0,113,18,12,196,18,12,196,15,15,0,0,0,0
210366,79,ring,12844,0,0,0,110,123,1540,1722,1,100,192511,14059,0,14,4,97,97,NORMAL,0,0,110,14,12,194,14,12,194,13,13,0,0,0,0
210688,13,ring,9991,0,0,0,114,128,1596,1792,1,100,191473,18187,0,14,2,100,100,NORMAL,0,0,114,18,10,200,18,10,200,14,14,0,0,0,0
210300,65,ring,12115,0,0,0,111,125,1554,1750,1,100,192942,14355,0,15,3,97,97,NORMAL,0,0,111,16,12,194,16,12,194,14,14,0,0,0,0
210275,98,ring,8834,0,0,0,108,121,1512,1694,1,100,195985,10244,0,14,4,95,95,NORMAL,0,0,108,16,10,190,16,10,190,13,13,0,0,0,0
210842,96,ring,9289,1,0,0,108,121,1512,1694,1,100,196154,10190,0,15,4,95,95,NORMAL,0,0,108,16,10,190,16,10,190,13,13,0,0,0,0
210163,68,ring,12032,0,0,0,111,125,1554,1750,1,100,192906,14285,0,15,3,97,97,NORMAL,0,0,111,16,12,194,16,12,194,14,14,0,0,0,0
210178,36,ring,10395,0,0,0,113,128,1582,1792,1,100,190522,18128,0,15,2,98,98,NORMAL,0,0,113,18,12,196,18,12,196,15,15,0,0,0,0
210706,99,ring,9247,1,1,5231,108,121,1512,1694,1,100,192249,14052,0,13,4,95,95,NORMAL,0,2,108,16,10,190,16,10,190,13,13,0,0,0,0
210805,81,ring,13233,0,0,0,110,124,1540,1736,1,100,192611,14197,0,15,4,96,96,NORMAL,0,0,110,16,12,192,16,12,192,14,14,0,0,0,0
210850,53,ring,11911,0,0,0,113,128,1582,1792,1,100,189999,17856,0,15,2,98,98,NORMAL,0,0,113,18,12,196,18,12,196,15,15,0,0,0,0
210533,51,ring,11500,0,0,0,113,128,1582,1792,1,100,190035,17937,0,15,2,98,98,NORMAL,0,0,113,18,12,196,18,12,196,15,15,0,0,0,0
210354,15,ring,9558,0,0,0,114,128,1596,1792,1,100,191600,18128,0,14,2,100,100,NORMAL,0,0,114,18,10,200,18,10,200,14,14,0,0,0,0
210448,73,ring,12479,0,0,0,110,123,1540,1722,1,100,192891,14159,0,14,4,97,97,NORMAL,0,0,110,14,12,194,14,12,194,13,13,0,0,0,0
210751,3,ring,9326,0,0,0,115,129,1610,1806,1,100,192197,18185,0,14,2,101,101,NORMAL,0,0,115,18,10,202,18,10,202,14,14,0,0,0,0
210536,5,ring,9143,0,0,0,115,129,1610,1806,1,100,192210,18168,0,14,2,101,101,NORMAL,0,0,115,18,10,202,18,10,202,14,14,0,0,0,0
210736,35,ring,10687,0,0,0,113,128,1582,1792,1,100,190778,18133,0,15,2,98,98,NORMAL,0,0,113,18,12,196,18,12,196,15,15,0,0,0,0
211013,66,ring,12559,0,0,0,111,125,1554,1750,1,100,193222,14347,0,15,3,97,97,NORMAL,0,0,111,16,12,194,16,12,194,14,14,0,0,0,0
210396,21,ring,9761,0,0,0,114,128,1596,1792,1,100,191451,18109,0,14,2,100,100,NORMAL,0,0,114,18,10,200,18,10,200,14,14,0,0,0,0
211145,26,ring,10661,0,0,0,113,128,1582,1792,1,100,191329,17994,0,15,2,98,98,NORMAL,0,0,113,18,12,196,18,12,196,15,15,0,0,0,0
210924,84,ring,13242,0,0,0,110,124,1540,1736,1,100,192697,14226,0,15,4,96,96,NORMAL,0,0,110,16,12,192,16,12,192,14,14,0,0,0,0
210721,67,ring,12281,0,0,0,111,125,1554,1750,1,100,193196,14349,0,15,3,97,97,NORMAL,0,0,111,16,12,194,16,12,194,14,14,0,0,0,0
211308,2,ring,9731,0,0,0,115,129,1610,1806,1,100,192383,18189,0,14,2,101,101,NORMAL,0,0,115,18,10,202,18,10,202,14,14,0,0,0,0
210584,70,ring,12243,0,0,0,110,124,1540,1736,1,100,193175,14230,0,15,3,97,97,NORMAL,0,0,110,14,12,194,16,12,194,14,12,1,0,0,0
211460,90,ring,9248,0,0,0,108,121,1512,1694,1,100,196759,10278,0,14,3,95,95,NORMAL,0,0,108,16,10,190,16,10,190,13,13,0,0,0,0
210817,23,ring,10092,0,0,0,113,127,1582,1778,1,100,191550,18011,0,14,2,99,99,NORMAL,0,0,113,18,10,198,18,10,198,14,14,1,0,0,0
210669,55,ring,11447,0,0,0,113,128,1582,1792,1,100,190239,17835,0,15,2,98,98,NORMAL,0,0,113,18,12,196,18,12,196,15,15,0,0,0,0
211300,59,ring,12323,0,0,0,113,128,1582,1792,1,100,190017,17991,0,15,2,98,98,NORMAL,0,0,113,18,12,196,18,12,196,15,15,0,0,0,0
211157,37,ring,11070,0,0,0,113,128,1582,1792,1,100,190875,18136,0,15,2,98,98,NORMAL,0,0,113,18,12,196,18,12,196,15,15,0,0,0,0
210787,87,ring,13119,0,0,0,109,122,1526,1708,1,100,196629,10298,0,14,4,96,96,NORMAL,0,0,109,14,12,192,14,12,192,13,13,0,0,0,0
210666,58,ring,11596,0,0,0,113,128,1582,1792,1,100,190095,17951,0,15,2,98,98,NORMAL,0,0,113,18,12,196,18,12,196,15,15,0,0,0,0
210872,32,ring,10452,0,0,0,113,128,1582,1792,1,100,191182,18021,0,15,2,98,98,NORMAL,0,0,113,18,12,196,18,12,196,15,15,0,0,0,0
211009,29,ring,10457,0,0,0,114,129,1596,1806,1,100,191356,17998,0,15,2,99,99,NORMAL,0,0,114,18,12,198,18,12,198,15,15,0,0,0,0
211212,25,ring,10524,0,0,0,114,129,1596,1806,1,100,191498,18029,0,15,2,99,99,NORMAL,0,0,114,18,12,198,18,12,198,15,15,0,0,0,0
211278,12,ring,9924,0,0,0,115,129,1610,1806,1,100,192062,18231,0,14,2,101,101,NORMAL,0,0,115,18,10,202,18,10,202,14,14,0,0,0,0
211173,97,ring,9067,0,0,0,108,121,1512,1694,1,100,196668,10221,0,14,3,95,95,NORMAL,0,0,108,16,10,190,16,10,190,13,13,0,0,0,0
211227,14,ring,9918,0,0,0,115,129,1610,1806,1,100,192107,18177,0,14,2,101,101,NORMAL,0,0,115,18,10,202,18,10,202,14,14,0,0,0,0
210857,64,ring,11981,0,0,0,111,125,1554,1750,1,100,193596,14404,0,15,3,97,97,NORMAL,0,0,111,16,12,194,16,12,194,14,14,0,0,0,0
211142,69,ring,12445,0,0,0,111,125,1554,1750,1,100,193515,14248,0,15,3,97,97,NORMAL,0,0,111,16,12,194,16,12,194,14,13,0,0,0,0
211536,40,ring,11337,0,0,0,114,129,1596,1806,1,100,191029,18070,0,15,2,99,99,NORMAL,0,0,114,18,12,198,18,12,198,15,15,0,0,0,0
211090,17,ring,9801,0,0,0,114,128,1596,1792,1,100,192116,18064,0,14,2,100,100,NORMAL,0,0,114,18,10,200,18,10,200,14,14,0,0,0,0
211499,8,ring,9783,0,0,0,115,129,1610,1806,1,100,192470,18179,0,14,2,101,101,NORMAL,0,0,115,18,10,202,18,10,202,14,14,0,0,0,0
211333,75,ring,12849,0,0,0,110,123,1540,1722,1,100,193542,13999,0,14,3,97,97,NORMAL,0,0,110,14,12,194,14,12,194,13,13,0,0,0,0
211400,95,ring,9055,0,0,0,107,120,1498,1680,1,100,196945,10176,0,14,3,95,95,NORMAL,0,0,107,14,10,190,16,10,190,13,12,1,0,0,0
211754,77,ring,13364,0,0,0,110,123,1540,1722,1,100,193365,14112,0,14,3,97,97,NORMAL,0,0,110,14,12,194,14,12,194,13,13,0,0,0,0
211633,48,ring,11819,0,0,0,113,128,1582,1792,1,100,190670,18099,0,15,2,98,98,NORMAL,0,0,113,18,12,196,18,12,196,15,15,0,0,0,0
211824,54,ring,12243,0,0,0,113,128,1582,1792,1,100,190613,17837,0,15,2,98,98,NORMAL,0,0,113,18,12,196,18,12,196,15,15,0,0,0,0
210939,52,ring,11289,0,0,0,113,128,1582,1792,1,100,190669,17931,0,15,2,98,98,NORMAL,0,0,113,18,12,196,18,12,196,15,15,0,0,0,0
210954,20,ring,9739,0,0,0,114,128,1596,1792,1,100,192008,18111,0,14,2,100,100,NORMAL,0,0,114,18,10,200,18,10,200,14,14,0,0,0,0
211664,92,ring,9097,1,0,0,108,120,1512,1680,1,100,197144,10255,0,14,3,95,95,NORMAL,0,0,108,16,10,190,14,10,190,12,13,0,0,0,0
210979,93,ring,8442,1,0,0,108,121,1512,1694,1,100,197055,10313,0,15,3,95,95,NORMAL,0,0,108,16,10,190,16,10,190,13,13,0,0,0,0
211648,16,ring,10146,0,0,0,114,128,1596,1792,1,100,192266,18125,0,14,2,100,100,NORMAL,0,0,114,18,10,200,18,10,200,14,14,0,0,0,0
211415,63,ring,12229,0,0,0,111,125,1554,1750,1,100,193883,14394,0,15,3,97,97,NORMAL,0,0,111,16,12,194,16,12,194,14,14,0,0,0,0
211481,83,ring,13185,0,0,0,110,124,1540,1736,1,100,193369,14158,0,15,3,96,96,NORMAL,0,0,110,16,12,192,16,12,192,14,14,0,0,0,0
211197,78,ring,12690,0,0,0,110,123,1540,1722,1,100,193516,14064,0,14,3,97,97,NORMAL,0,0,110,14,12,194,14,12,194,13,13,0,0,0,0
211075,49,ring,11201,0,0,0,113,128,1582,1792,1,100,190765,18090,0,15,2,98,98,NORMAL,0,0,113,18,12,196,18,12,196,15,15,0,0,0,0
211975,19,ring,10571,0,0,0,114,128,1596,1792,1,100,192212,18070,0,14,2,100,100,NORMAL,0,0,114,18,10,200,18,10,200,14,14,0,0,0,0
211890,74,ring,13168,0,0,0,110,123,1540,1722,1,100,193735,14054,0,14,3,97,97,NORMAL,0,0,110,14,12,194,14,12,194,13,13,0,0,0,0
211957,94,ring,9393,0,0,0,108,121,1512,1694,1,100,197105,10274,0,14,3,95,95,NORMAL,0,0,108,16,10,190,16,10,190,13,13,0,0,0,0
211535,7,ring,9558,0,0,0,115,129,1610,1806,1,100,192753,18195,0,14,2,101,101,NORMAL,0,0,115,18,10,202,18,10,202,14,14,0,0,0,0
211263,57,ring,11629,0,0,0,113,128,1582,1792,1,100,190643,17922,0,15,2,98,98,NORMAL,0,0,113,18,12,196,18,12,196,15,15,0,0,0,0
211217,86,ring,12952,1,1,4787,109,123,1526,1722,1,100,197243,10232,0,15,3,96,96,NORMAL,0,2,109,14,12,192,16,12,192,14,13,0,0,0,0
211551,60,ring,12027,0,0,0,113,128,1582,1792,1,100,190613,17976,0,15,2,98,98,NORMAL,0,0,113,18,12,196,18,12,196,15,15,0,0,0,0
211293,34,ring,10398,0,0,0,114,129,1596,1806,1,100,191664,18032,0,15,2,99,99,NORMAL,0,0,114,18,12,198,18,12,198,15,15,0,0,0,0
211348,43,ring,10950,0,0,0,114,129,1596,1806,1,100,191200,18154,0,15,2,99,99,NORMAL,0,0,114,18,12,198,18,12,198,15,15,0,0,0,0
211268,61,ring,11714,0,0,0,113,128,1582,1792,1,100,190635,17970,0,15,2,98,98,NORMAL,0,0,113,18,12,196,18,12,196,15,15,0,0,0,0
211972,62,ring,12464,0,0,0,110,125,1540,1750,1,100,194212,14387,0,16,3,97,97,NORMAL,0,0,110,14,12,194,18,12,194,15,13,1,0,0,0
211821,28,ring,10463,0,0,0,114,129,1596,1806,1,100,192175,17971,0,15,2,99,99,NORMAL,0,0,114,18,12,198,18,12,198,15,15,0,0,0,0
211656,18,ring,9856,0,0,0,114,128,1596,1792,1,100,192639,18007,0,14,2,100,100,NORMAL,0,0,114,18,10,200,18,10,200,14,14,0,0,0,0
211430,31,ring,10200,0,0,0,114,129,1596,1806,1,100,192029,18010,0,15,2,99,99,NORMAL,0,0,114,18,12,198,18,12,198,15,15,0,0,0,0
211987,30,ring,10677,0,0,0,114,129,1596,1806,1,100,192108,18004,0,15,2,99,99,NORMAL,0,0,114,18,12,198,18,12,198,15,15,0,0,0,0
211769,45,ring,11204,0,0,0,114,129,1596,1806,1,100,191425,18077,0,15,2,99,99,NORMAL,0,0,114,18,12,198,18,12,198,15,15,0,0,0,0
211469,72,ring,12248,0,0,0,110,124,1540,1736,1,100,194143,14175,0,15,3,97,97,NORMAL,0,0,110,14,12,194,16,12,194,14,13,0,0,0,0
211905,42,ring,11106,0,0,0,114,129,1596,1806,1,100,191595,18114,0,15,2,99,99,NORMAL,0,0,114,18,12,198,18,12,198,15,15,0,0,0,0
211672,89,ring,8347,1,0,0,108,120,1512,1680,1,100,197900,10289,0,14,3,95,95,NORMAL,0,0,108,16,10,190,14,10,190,12,13,0,0,0,0
211950,85,ring,13127,0,0,0,110,124,1540,1736,1,100,193879,14167,0,15,3,96,96,NORMAL,0,0,110,16,12,192,16,12,192,14,14,0,0,0,0
211920,10,ring,9428,0,0,0,114,128,1596,1792,1,100,193210,18230,0,14,1,101,101,NORMAL,0,0,114,16,10,202,18,10,202,14,13,1,0,0,0
211839,22,ring,9849,0,0,0,114,128,1596,1792,1,100,192801,18072,0,14,2,100,100,NORMAL,0,0,114,18,10,200,18,10,200,14,14,0,0,0,0
220260,24,ring,10790,0,0,0,118,133,1652,1862,1,100,200275,18044,0,15,2,103,103,NORMAL,0,0,118,18,12,206,18,12,206,15,15,0,0,0,0
220230,88,ring,9045,3,3,14852,112,125,1568,1750,1,100,210291,5709,0,14,4,100,100,NORMAL,0,6,112,14,10,200,14,12,200,13,12,0,0,0,0
220109,80,ring,13321,1,0,0,115,128,1610,1792,1,100,201795,14205,0,15,4,101,101,NORMAL,0,0,115,16,12,202,14,12,202,13,14,0,0,0,0
220042,39,ring,11199,0,0,0,118,133,1652,1862,1,100,199655,18128,0,15,2,103,103,NORMAL,0,0,118,18,12,206,18,12,206,15,15,0,0,0,0
220330,1,ring,9717,0,0,0,119,138,1666,1932,1,100,210498,9101,0,19,2,105,105,NORMAL,0,0,119,18,10,210,18,20,210,14,14,0,0,0,0
220315,33,ring,11055,0,0,0,118,133,1652,1862,1,100,200037,18003,0,15,2,103,103,NORMAL,0,0,118,18,12,206,18,12,206,15,15,0,0,0,0
220312,76,ring,13247,0,0,0,115,128,1610,1792,1,100,202117,14024,0,14,4,102,102,NORMAL,0,0,115,14,12,204,14,12,204,13,13,0,0,0,0
220327,44,ring,11658,0,0,0,118,133,1652,1862,1,100,199528,18076,0,15,2,103,103,NORMAL,0,0,118,18,12,206,18,12,206,15,15,0,0,0,0
220518,50,ring,12125,0,0,0,118,133,1652,1862,1,100,199344,17987,0,15,2,103,103,NORMAL,0,0,118,18,12,206,18,12,206,15,15,0,0,0,0
220057,47,ring,11466,0,0,0,118,133,1652,1862,1,100,199436,18093,0,15,2,103,103,NORMAL,0,0,118,18,12,206,18,12,206,15,15,0,0,0,0
220463,41,ring,11516,0,0,0,118,133,1652,1862,1,100,199777,18089,0,15,2,103,103,NORMAL,0,0,118,18,12,206,18,12,206,15,15,0,0,0,0
220651,11,ring,10243,0,0,0,119,133,1666,1862,1,100,201125,18228,0,14,2,105,105,NORMAL,0,0,119,18,10,210,18,10,210,14,14,0,0,0,0
220478,9,ring,9912,0,0,0,119,133,1666,1862,1,100,201302,18182,0,14,2,105,105,NORMAL,0,0,119,18,10,210,18,10,210,14,14,0,0,0,0
220381,27,ring,10604,0,0,0,118,133,1652,1862,1,100,200609,17960,0,15,2,103,103,NORMAL,0,0,118,18,12,206,18,12,206,15,15,0,0,0,0
220193,4,ring,9316,0,0,0,119,133,1666,1862,1,100,201689,18142,0,14,2,105,105,NORMAL,0,0,119,18,10,210,18,10,210,14,14,0,0,0,0
220599,38,ring,11336,0,0,0,118,133,1652,1862,1,100,200085,18135,0,15,2,103,103,NORMAL,0,0,118,18,12,206,18,12,206,15,15,0,0,0,0
220150,100,ring,9083,1,0,0,125,126,1750,1764,1,100,201769,18233,0,14,2,106,99,LEADER,1,99,125,18,20,212,16,10,198,13,14,0,0,0,0
220503,82,ring,13334,0,0,0,115,129,1610,1806,1,100,202234,14192,0,15,4,101,101,NORMAL,0,0,115,16,12,202,16,12,202,14,14,0,0,0,0
220511,46,ring,11555,0,0,0,118,133,1652,1862,1,100,199829,18070,0,15,2,103,103,NORMAL,0,0,118,18,12,206,18,12,206,15,15,0,0,0,0
220614,6,ring,9713,0,0,0,119,133,1666,1862,1,100,201688,18156,0,14,2,105,105,NORMAL,0,0,119,18,10,210,18,10,210,14,14,0,0,0,0
220027,71,ring,12294,0,0,0,115,128,1610,1792,1,100,202640,14186,0,14,4,102,102,NORMAL,0,0,115,14,12,204,14,12,204,13,13,1,0,0,0
220094,91,ring,8497,0,0,0,112,125,1568,1750,1,100,206192,10244,0,14,4,100,100,NORMAL,0,0,112,14,10,200,16,10,200,13,12,1,0,0,0
220245,56,ring,11650,0,0,0,118,133,1652,1862,1,100,199602,17905,0,15,2,103,103,NORMAL,0,0,118,18,12,206,18,12,206,15,15,0,0,0,0
220366,79,ring,12844,0,0,0,115,128,1610,1792,1,100,202511,14059,0,14,4,102,102,NORMAL,0,0,115,14,12,204,14,12,204,13,13,0,0,0,0
220688,13,ring,9991,0,0,0,119,133,1666,1862,1,100,201473,18187,0,14,2,105,105,NORMAL,0,0,119,18,10,210,18,10,210,14,14,0,0,0,0
220300,65,ring,12115,0,0,0,116,130,1624,1820,1,100,202942,14355,0,15,3,102,102,NORMAL,0,0,116,16,12,204,16,12,204,14,14,0,0,0,0
220275,98,ring,8834,0,0,0,113,126,1582,1764,1,100,205985,10244,0,14,4,100,100,NORMAL,0,0,113,16,10,200,16,10,200,13,13,0,0,0,0
220842,96,ring,9289,1,0,0,113,126,1582,1764,1,100,206154,10190,0,15,4,100,100,NORMAL,0,0,113,16,10,200,16,10,200,13,13,0,0,0,0
220163,68,ring,12032,0,0,0,116,130,1624,1820,1,100,202906,14285,0,15,3,102,102,NORMAL,0,0,116,16,12,204,16,12,204,14,14,0,0,0,0
220178,36,ring,10395,0,0,0,118,133,1652,1862,1,100,200522,18128,0,15,2,103,103,NORMAL,0,0,118,18,12,206,18,12,206,15,15,0,0,0,0
220706,99,ring,9247,1,1,5231,113,126,1582,1764,1,100,202249,14052,0,13,4,100,100,NORMAL,0,2,113,16,10,200,16,10,200,13,13,0,0,0,0
220805,81,ring,13233,0,0,0,115,129,1610,1806,1,100,202611,14197,0,15,4,101,101,NORMAL,0,0,115,16,12,202,16,12,202,14,14,0,0,0,0
220850,53,ring,11911,0,0,0,118,133,1652,1862,1,100,199999,17856,0,15,2,103,103,NORMAL,0,0,118,18,12,206,18,12,206,15,15,0,0,0,0
220533,51,ring,11500,0,0,0,118,133,1652,1862,1,100,200035,17937,0,15,2,103,103,NORMAL,0,0,118,18,12,206,18,12,206,15,15,0,0,0,0
220351,15,ring,9558,0,0,0,119,133,1666,1862,1,100,201597,18128,0,14,2,105,105,NORMAL,0,0,119,18,10,210,18,10,210,14,14,0,0,0,0
220448,73,ring,12479,0,0,0,115,128,1610,1792,1,100,202891,14159,0,14,4,102,102,NORMAL,0,0,115,14,12,204,14,12,204,13,13,0,0,0,0
220751,3,ring,9326,0,0,0,120,134,1680,1876,1,100,202197,18185,0,14,2,106,106,NORMAL,0,0,120,18,10,212,18,10,212,14,14,0,0,0,0
220536,5,ring,9143,0,0,0,120,134,1680,1876,1,100,202210,18168,0,14,2,106,106,NORMAL,0,0,120,18,10,212,18,10,212,14,14,0,0,0,0
220736,35,ring,10687,0,0,0,118,133,1652,1862,1,100,200778,18133,0,15,2,103,103,NORMAL,0,0,118,18,12,206,18,12,206,15,15,0,0,0,0
221013,66,ring,12559,0,0,0,116,130,1624,1820,1,100,203222,14347,0,15,3,102,102,NORMAL,0,0,116,16,12,204,16,12,204,14,14,0,0,0,0
220396,21,ring,9761,0,0,0,119,133,1666,1862,1,100,201451,18109,0,14,2,105,105,NORMAL,0,0,119,18,10,210,18,10,210,14,14,0,0,0,0
221145,26,ring,10661,0,0,0,118,133,1652,1862,1,100,201329,17994,0,15,2,103,103,NORMAL,0,0,118,18,12,206,18,12,206,15,15,0,0,0,0
220924,84,ring,13242,0,0,0,115,129,1610,1806,1,100,202697,14226,0,15,4,101,101,NORMAL,0,0,115,16,12,202,16,12,202,14,14,0,0,0,0
220721,67,ring,12281,0,0,0,116,130,1624,1820,1,100,203196,14349,0,15,3,102,102,NORMAL,0,0,116,16,12,204,16,12,204,14,14,0,0,0,0
221308,2,ring,9731,0,0,0,120,134,1680,1876,1,100,202383,18189,0,14,2,106,106,NORMAL,0,0,120,18,10,212,18,10,212,14,14,0,0,0,0
220584,70,ring,12243,0,0,0,115,129,1610,1806,1,100,203175,14230,0,15,3,102,102,NORMAL,0,0,115,14,12,204,16,12,204,14,12,1,0,0,0
221460,90,ring,9248,0,0,0,113,126,1582,1764,1,100,206759,10278,0,14,3,100,100,NORMAL,0,0,113,16,10,200,16,10,200,13,13,0,0,0,0
220817,23,ring,10092,0,0,0,118,132,1652,1848,1,100,201550,18011,0,14,2,104,104,NORMAL,0,0,118,18,10,208,18,10,208,14,14,1,0,0,0
220669,55,ring,11447,0,0,0,118,133,1652,1862,1,100,200239,17835,0,15,2,103,103,NORMAL,0,0,118,18,12,206,18,12,206,15,15,0,0,0,0
221300,59,ring,12323,0,0,0,118,133,1652,1862,1,100,200017,17991,0,15,2,103,103,NORMAL,0,0,118,18,12,206,18,12,206,15,15,0,0,0,0
221157,37,ring,11070,0,0,0,118,133,1652,1862,1,100,200875,18136,0,15,2,103,103,NORMAL,0,0,118,18,12,206,18,12,206,15,15,0,0,0,0
220787,87,ring,13119,0,0,0,114,127,1596,1778,1,100,206629,10298,0,14,4,101,101,NORMAL,0,0,114,14,12,202,14,12,202,13,13,0,0,0,0
220666,58,ring,11596,0,0,0,118,133,1652,1862,1,100,200095,17951,0,15,2,103,103,NORMAL,0,0,118,18,12,206,18,12,206,15,15,0,0,0,0
220872,32,ring,10452,0,0,0,118,133,1652,1862,1,100,201182,18021,0,15,2,103,103,NORMAL,0,0,118,18,12,206,18,12,206,15,15,0,0,0,0
221212,25,ring,10524,0,0,0,119,134,1666,1876,1,100,201498,18029,0,15,2,104,104,NORMAL,0,0,119,18,12,208,18,12,208,15,15,0,0,0,0
221012,29,ring,10457,0,0,0,119,134,1666,1876,1,100,201359,17998,0,15,2,104,104,NORMAL,0,0,119,18,12,208,18,12,208,15,15,0,0,0,0
221278,12,ring,9924,0,0,0,120,134,1680,1876,1,100,202062,18231,0,14,2,106,106,NORMAL,0,0,120,18,10,212,18,10,212,14,14,0,0,0,0
221173,97,ring,9067,0,0,0,113,126,1582,1764,1,100,206668,10221,0,14,3,100,100,NORMAL,0,0,113,16,10,200,16,10,200,13,13,0,0,0,0
221227,14,ring,9918,0,0,0,120,134,1680,1876,1,100,202107,18177,0,14,2,106,106,NORMAL,0,0,120,18,10,212,18,10,212,14,14,0,0,0,0
220857,64,ring,11981,0,0,0,116,130,1624,1820,1,100,203596,14404,0,15,3,102,102,NORMAL,0,0,116,16,12,204,16,12,204,14,14,0,0,0,0
221142,69,ring,12445,0,0,0,116,130,1624,1820,1,100,203515,14248,0,15,3,102,102,NORMAL,0,0,116,16,12,204,16,12,204,14,13,0,0,0,0
221536,40,ring,11337,0,0,0,118,133,1652,1862,1,100,201029,18070,0,15,2,103,103,NORMAL,0,0,118,18,12,206,18,12,206,15,15,0,0,0,0
221090,17,ring,9801,0,0,0,119,133,1666,1862,1,100,202116,18064,0,14,2,105,105,NORMAL,0,0,119,18,10,210,18,10,210,14,14,0,0,0,0
221499,8,ring,9783,0,0,0,120,134,1680,1876,1,100,202470,18179,0,14,2,106,106,NORMAL,0,0,120,18,10,212,18,10,212,14,14,0,0,0,0
221333,75,ring,12849,0,0,0,115,128,1610,1792,1,100,203542,13999,0,14,3,102,102,NORMAL,0,0,115,14,12,204,14,12,204,13,13,0,0,0,0
221400,95,ring,9055,0,0,0,112,125,1568,1750,1,100,206945,10176,0,14,3,100,100,NORMAL,0,0,112,14,10,200,16,10,200,13,12,1,0,0,0
221754,77,ring,13364,0,0,0,115,128,1610,1792,1,100,203365,14112,0,14,3,102,102,NORMAL,0,0,115,14,12,204,14,12,204,13,13,0,0,0,0
221633,48,ring,11819,0,0,0,118,133,1652,1862,1,100,200670,18099,0,15,2,103,103,NORMAL,0,0,118,18,12,206,18,12,206,15,15,0,0,0,0
221824,54,ring,12243,0,0,0,118,133,1652,1862,1,100,200613,17837,0,15,2,103,103,NORMAL,0,0,118,18,12,206,18,12,206,15,15,0,0,0,0
220939,52,ring,11289,0,0,0,118,133,1652,1862,1,100,200669,17931,0,15,2,103,103,NORMAL,0,0,118,18,12,206,18,12,206,15,15,0,0,0,0
220954,20,ring,9739,0,0,0,119,133,1666,1862,1,100,202008,18111,0,14,2,105,105,NORMAL,0,0,119,18,10,210,18,10,210,14,14,0,0,0,0
221664,92,ring,9097,1,0,0,113,125,1582,1750,1,100,207144,10255,0,14,3,100,100,NORMAL,0,0,113,16,10,200,14,10,200,12,13,0,0,0,0
220979,93,ring,8442,1,0,0,113,126,1582,1764,1,100,207055,10313,0,15,3,100,100,NORMAL,0,0,113,16,10,200,16,10,200,13,13,0,0,0,0
221648,16,ring,10146,0,0,0,119,133,1666,1862,1,100,202266,18125,0,14,2,105,105,NORMAL,0,0,119,18,10,210,18,10,210,14,14,0,0,0,0
221415,63,ring,12229,0,0,0,116,130,1624,1820,1,100,203883,14394,0,15,3,102,102,NORMAL,0,0,116,16,12,204,16,12,204,14,14,0,0,0,0
221481,83,ring,13185,0,0,0,115,129,1610,1806,1,100,203369,14158,0,15,3,101,101,NORMAL,0,0,115,16,12,202,16,12,202,14,14,0,0,0,0
221197,78,ring,12690,0,0,0,115,128,1610,1792,1,100,203516,14064,0,14,3,102,102,NORMAL,0,0,115,14,12,204,14,12,204,13,13,0,0,0,0
221075,49,ring,11201,0,0,0,118,133,1652,1862,1,100,200765,18090,0,15,2,103,103,NORMAL,0,0,118,18,12,206,18,12,206,15,15,0,0,0,0
221975,19,ring,10571,0,0,0,119,133,1666,1862,1,100,202212,18070,0,14,2,105,105,NORMAL,0,0,119,18,10,210,18,10,210,14,14,0,0,0,0
221890,74,ring,13168,0,0,0,115,128,1610,1792,1,100,203735,14054,0,14,3,102,102,NORMAL,0,0,115,14,12,204,14,12,204,13,13,0,0,0,0
221957,94,ring,9393,0,0,0,113,126,1582,1764,1,100,207105,10274,0,14,3,100,100,NORMAL,0,0,113,16,10,200,16,10,200,13,13,0,0,0,0
221535,7,ring,9558,0,0,0,120,134,1680,1876,1,100,202753,18195,0,14,2,106,106,NORMAL,0,0,120,18,10,212,18,10,212,14,14,0,0,0,0
221263,57,ring,11629,0,0,0,118,133,1652,1862,1,100,200643,17922,0,15,2,103,103,NORMAL,0,0,118,18,12,206,18,12,206,15,15,0,0,0,0
221217,86,ring,12952,1,1,4787,114,128,1596,1792,1,100,207243,10232,0,15,3,101,101,NORMAL,0,2,114,14,12,202,16,12,202,14,13,0,0,0,0
221551,60,ring,12027,0,0,0,118,133,1652,1862,1,100,200613,17976,0,15,2,103,103,NORMAL,0,0,118,18,12,206,18,12,206,15,15,0,0,0,0
221293,34,ring,10398,0,0,0,119,134,1666,1876,1,100,201664,18032,0,15,2,104,104,NORMAL,0,0,119,18,12,208,18,12,208,15,15,0,0,0,0
221348,43,ring,10950,0,0,0,119,134,1666,1876,1,100,201200,18154,0,15,2,104,104,NORMAL,0,0,119,18,12,208,18,12,208,15,15,0,0,0,0
221268,61,ring,11714,0,0,0,118,133,1652,1862,1,100,200635,17970,0,15,2,103,103,NORMAL,0,0,118,18,12,206,18,12,206,15,15,0,0,0,0
221972,62,ring,12464,0,0,0,115,130,1610,1820,1,100,204212,14387,0,16,3,102,102,NORMAL,0,0,115,14,12,204,18,12,204,15,13,1,0,0,0
221821,28,ring,10463,0,0,0,119,134,1666,1876,1,100,202175,17971,0,15,2,104,104,NORMAL,0,0,119,18,12,208,18,12,208,15,15,0,0,0,0
221656,18,ring,9856,0,0,0,119,133,1666,1862,1,100,202639,18007,0,14,2,105,105,NORMAL,0,0,119,18,10,210,18,10,210,14,14,0,0,0,0
221430,31,ring,10200,0,0,0,119,134,1666,1876,1,100,202029,18010,0,15,2,104,104,NORMAL,0,0,119,18,12,208,18,12,208,15,15,0,0,0,0
221987,30,ring,10677,0,0,0,119,134,1666,1876,1,100,202108,18004,0,15,2,104,104,NORMAL,0,0,119,18,12,208,18,12,208,15,15,0,0,0,0
221769,45,ring,11204,0,0,0,119,134,1666,1876,1,100,201425,18077,0,15,2,104,104,NORMAL,0,0,119,18,12,208,18,12,208,15,15,0,0,0,0
221469,72,ring,12248,0,0,0,115,129,1610,1806,1,100,204143,14175,0,15,3,102,102,NORMAL,0,0,115,14,12,204,16,12,204,14,13,0,0,0,0
221905,42,ring,11106,0,0,0,119,134,1666,1876,1,100,201595,18114,0,15,2,104,104,NORMAL,0,0,119,18,12,208,18,12,208,15,15,0,0,0,0
221672,89,ring,8347,1,0,0,113,125,1582,1750,1,100,207900,10289,0,14,3,100,100,NORMAL,0,0,113,16,10,200,14,10,200,12,13,0,0,0,0
221950,85,ring,13127,0,0,0,115,129,1610,1806,1,100,203879,14167,0,15,3,101,101,NORMAL,0,0,115,16,12,202,16,12,202,14,14,0,0,0,0
221920,10,ring,9428,0,0,0,119,133,1666,1862,1,100,203210,18230,0,14,1,106,106,NORMAL,0,0,119,16,10,212,18,10,212,14,13,1,0,0,0
221839,22,ring,9849,0,0,0,119,133,1666,1862,1,100,202801,18072,0,14,2,105,105,NORMAL,0,0,119,18,10,210,18,10,210,14,14,0,0,0,0
230260,24,ring,10790,0,0,0,123,138,1722,1932,1,100,210275,18044,0,15,2,108,108,NORMAL,0,0,123,18,12,216,18,12,216,15,15,0,0,0,0
230230,88,ring,9045,3,3,14852,117,130,1638,1820,1,100,220291,5709,0,14,4,105,105,NORMAL,0,6,117,14,10,210,14,12,210,13,12,0,0,0,0
230109,80,ring,13321,1,0,0,120,133,1680,1862,1,100,211795,14205,0,15,4,106,106,NORMAL,0,0,120,16,12,212,14,12,212,13,14,0,0,0,0
230042,39,ring,11199,0,0,0,123,138,1722,1932,1,100,209655,18128,0,15,2,108,108,NORMAL,0,0,123,18,12,216,18,12,216,15,15,0,0,0,0
230330,1,ring,9717,0,0,0,124,143,1736,2002,1,100,220498,9101,0,19,2,110,110,NORMAL,0,0,124,18,10,220,18,20,220,14,14,0,0,0,0
230315,33,ring,11055,0,0,0,123,138,1722,1932,1,100,210037,18003,0,15,2,108,108,NORMAL,0,0,123,18,12,216,18,12,216,15,15,0,0,0,0
230312,76,ring,13247,0,0,0,119,132,1666,1848,1,100,212117,14024,0,14,4,106,106,NORMAL,0,0,119,14,12,212,14,12,212,13,13,0,0,0,0
230327,44,ring,11658,0,0,0,123,138,1722,1932,1,100,209528,18076,0,15,2,108,108,NORMAL,0,0,123,18,12,216,18,12,216,15,15,0,0,0,0
230518,50,ring,12125,0,0,0,123,138,1722,1932,1,100,209344,17987,0,15,2,108,108,NORMAL,0,0,123,18,12,216,18,12,216,15,15,0,0,0,0
230057,47,ring,11466,0,0,0,123,138,1722,1932,1,100,209436,18093,0,15,2,108,108,NORMAL,0,0,123,18,12,216,18,12,216,15,15,0,0,0,0
230463,41,ring,11516,0,0,0,123,138,1722,1932,1,100,209777,18089,0,15,2,108,108,NORMAL,0,0,123,18,12,216,18,12,216,15,15,0,0,0,0
230651,11,ring,10243,0,0,0,124,138,1736,1932,1,100,211125,18228,0,14,2,110,110,NORMAL,0,0,124,18,10,220,18,10,220,14,14,0,0,0,0
230478,9,ring,9912,0,0,0,124,138,1736,1932,1,100,211302,18182,0,14,2,110,110,NORMAL,0,0,124,18,10,220,18,10,220,14,14,0,0,0,0
230381,27,ring,10604,0,0,0,123,138,1722,1932,1,100,210609,17960,0,15,2,108,108,NORMAL,0,0,123,18,12,216,18,12,216,15,15,0,0,0,0
230193,4,ring,9316,0,0,0,124,138,1736,1932,1,100,211689,18142,0,14,2,110,110,NORMAL,0,0,124,18,10,220,18,10,220,14,14,0,0,0,0
230599,38,ring,11336,0,0,0,123,138,1722,1932,1,100,210085,18135,0,15,2,108,108,NORMAL,0,0,123,18,12,216,18,12,216,15,15,0,0,0,0
230150,100,ring,9083,1,0,0,130,131,1820,1834,1,100,211769,18233,0,14,2,111,104,LEADER,1,104,130,18,20,222,16,10,208,13,14,0,0,0,0
230503,82,ring,13334,0,0,0,120,134,1680,1876,1,100,212234,14192,0,15,4,106,106,NORMAL,0,0,120,16,12,212,16,12,212,14,14,0,0,0,0
230511,46,ring,11555,0,0,0,123,138,1722,1932,1,100,209829,18070,0,15,2,108,108,NORMAL,0,0,123,18,12,216,18,12,216,15,15,0,0,0,0
230614,6,ring,9713,0,0,0,124,138,1736,1932,1,100,211688,18156,0,14,2,110,110,NORMAL,0,0,124,18,10,220,18,10,220,14,14,0,0,0,0
230027,71,ring,12294,0,0,0,120,133,1680,1862,1,100,212640,14186,0,14,4,107,107,NORMAL,0,0,120,14,12,214,14,12,214,13,13,1,0,0,0
230094,91,ring,8497,0,0,0,117,130,1638,1820,1,100,216192,10244,0,14,4,105,105,NORMAL,0,0,117,14,10,210,16,10,210,13,12,1,0,0,0
230245,56,ring,11650,0,0,0,123,138,1722,1932,1,100,209602,17905,0,15,2,108,108,NORMAL,0,0,123,18,12,216,18,12,216,15,15,0,0,0,0
230366,79,ring,12844,0,0,0,120,133,1680,1862,1,100,212511,14059,0,14,4,107,107,NORMAL,0,0,120,14,12,214,14,12,214,13,13,0,0,0,0
230688,13,ring,9991,0,0,0,124,138,1736,1932,1,100,211473,18187,0,14,2,110,110,NORMAL,0,0,124,18,10,220,18,10,220,14,14,0,0,0,0
230300,65,ring,12115,0,0,0,121,135,1694,1890,1,100,212942,14355,0,15,3,107,107,NORMAL,0,0,121,16,12,214,16,12,214,14,14,0,0,0,0
230275,98,ring,8834,0,0,0,118,131,1652,1834,1,100,215985,10244,0,14,4,105,105,NORMAL,0,0,118,16,10,210,16,10,210,13,13,0,0,0,0
230842,96,ring,9289,1,0,0,118,131,1652,1834,1,100,216154,10190,0,15,4,105,105,NORMAL,0,0,118,16,10,210,16,10,210,13,13,0,0,0,0
230163,68,ring,12032,0,0,0,121,135,1694,1890,1,100,212906,14285,0,15,3,107,107,NORMAL,0,0,121,16,12,214,16,12,214,14,14,0,0,0,0
230178,36,ring,10395,0,0,0,123,138,1722,1932,1,100,210522,18128,0,15,2,108,108,NORMAL,0,0,123,18,12,216,18,12,216,15,15,0,0,0,0
230706,99,ring,9247,1,1,5231,118,131,1652,1834,1,100,212249,14052,0,13,4,105,105,NORMAL,0,2,118,16,10,210,16,10,210,13,13,0,0,0,0
230805,81,ring,13233,0,0,0,120,134,1680,1876,1,100,212611,14197,0,15,4,106,106,NORMAL,0,0,120,16,12,212,16,12,212,14,14,0,0,0,0
230850,53,ring,11911,0,0,0,123,138,1722,1932,1,100,209999,17856,0,15,2,108,108,NORMAL,0,0,123,18,12,216,18,12,216,15,15,0,0,0,0
230533,51,ring,11500,0,0,0,123,138,1722,1932,1,100,210035,17937,0,15,2,108,108,NORMAL,0,0,123,18,12,216,18,12,216,15,15,0,0,0,0
230351,15,ring,9558,0,0,0,124,138,1736,1932,1,100,211597,18128,0,14,2,110,110,NORMAL,0,0,124,18,10,220,18,10,220,14,14,0,0,0,0
230448,73,ring,12479,0,0,0,120,133,1680,1862,1,100,212891,14159,0,14,4,107,107,NORMAL,0,0,120,14,12,214,14,12,214,13,13,0,0,0,0
230751,3,ring,9326,0,0,0,125,139,1750,1946,1,100,212197,18185,0,14,2,111,111,NORMAL,0,0,125,18,10,222,18,10,222,14,14,0,0,0,0
230536,5,ring,9143,0,0,0,125,139,1750,1946,1,100,212210,18168,0,14,2,111,111,NORMAL,0,0,125,18,10,222,18,10,222,14,14,0,0,0,0
230736,35,ring,10687,0,0,0,123,138,1722,1932,1,100,210778,18133,0,15,2,108,108,NORMAL,0,0,123,18,12,216,18,12,216,15,15,0,0,0,0
231013,66,ring,12559,0,0,0,121,135,1694,1890,1,100,213222,14347,0,15,3,107,107,NORMAL,0,0,121,16,12,214,16,12,214,14,14,0,0,0,0
230396,21,ring,9761,0,0,0,124,138,1736,1932,1,100,211451,18109,0,14,2,110,110,NORMAL,0,0,124,18,10,220,18,10,220,14,14,0,0,0,0
231145,26,ring,10661,0,0,0,124,139,1736,1946,1,100,211329,17994,0,15,2,109,109,NORMAL,0,0,124,18,12,218,18,12,218,15,15,0,0,0,0
230924,84,ring,13242,0,0,0,120,134,1680,1876,1,100,212697,14226,0,15,4,106,106,NORMAL,0,0,120,16,12,212,16,12,212,14,14,0,0,0,0
230721,67,ring,12281,0,0,0,121,135,1694,1890,1,100,213196,14349,0,15,3,107,107,NORMAL,0,0,121,16,12,214,16,12,214,14,14,0,0,0,0
231308,2,ring,9731,0,0,0,125,139,1750,1946,1,100,212383,18189,0,14,2,111,111,NORMAL,0,0,125,18,10,222,18,10,222,14,14,0,0,0,0
230584,70,ring,12243,0,0,0,120,134,1680,1876,1,100,213175,14230,0,15,3,107,107,NORMAL,0,0,120,14,12,214,16,12,214,14,12,1,0,0,0
231460,90,ring,9248,0,0,0,118,131,1652,1834,1,100,216759,10278,0,14,3,105,105,NORMAL,0,0,118,16,10,210,16,10,210,13,13,0,0,0,0
230817,23,ring,10092,0,0,0,123,137,1722,1918,1,100,211550,18011,0,14,2,109,109,NORMAL,0,0,123,18,10,218,18,10,218,14,14,1,0,0,0
230669,55,ring,11447,0,0,0,123,138,1722,1932,1,100,210239,17835,0,15,2,108,108,NORMAL,0,0,123,18,12,216,18,12,216,15,15,0,0,0,0
231300,59,ring,12323,0,0,0,123,138,1722,1932,1,100,210017,17991,0,15,2,108,108,NORMAL,0,0,123,18,12,216,18,12,216,15,15,0,0,0,0
231157,37,ring,11070,0,0,0,123,138,1722,1932,1,100,210875,18136,0,15,2,108,108,NORMAL,0,0,123,18,12,216,18,12,216,15,15,0,0,0,0
230787,87,ring,13119,0,0,0,119,132,1666,1848,1,100,216629,10298,0,14,4,106,106,NORMAL,0,0,119,14,12,212,14,12,212,13,13,0,0,0,0
230666,58,ring,11596,0,0,0,123,138,1722,1932,1,100,210095,17951,0,15,2,108,108,NORMAL,0,0,123,18,12,216,18,12,216,15,15,0,0,0,0
230872,32,ring,10452,0,0,0,124,139,1736,1946,1,100,211182,18021,0,15,2,109,109,NORMAL,0,0,124,18,12,218,18,12,218,15,15,0,0,0,0
231009,29,ring,10457,0,0,0,124,139,1736,1946,1,100,211356,17998,0,15,2,109,109,NORMAL,0,0,124,18,12,218,18,12,218,15,15,0,0,0,0
231212,25,ring,10524,0,0,0,124,139,1736,1946,1,100,211498,18029,0,15,2,109,109,NORMAL,0,0,124,18,12,218,18,12,218,15,15,0,0,0,0
231278,12,ring,9924,0,0,0,125,139,1750,1946,1,100,212062,18231,0,14,2,111,111,NORMAL,0,0,125,18,10,222,18,10,222,14,14,0,0,0,0
231173,97,ring,9067,0,0,0,118,131,1652,1834,1,100,216668,10221,0,14,3,105,105,NORMAL,0,0,118,16,10,210,16,10,210,13,13,0,0,0,0
231227,14,ring,9918,0,0,0,125,139,1750,1946,1,100,212107,18177,0,14,2,111,111,NORMAL,0,0,125,18,10,222,18,10,222,14,14,0,0,0,0
230857,64,ring,11981,0,0,0,121,135,1694,1890,1,100,213596,14404,0,15,3,107,107,NORMAL,0,0,121,16,12,214,16,12,214,14,14,0,0,0,0
231142,69,ring,12445,0,0,0,121,135,1694,1890,1,100,213515,14248,0,15,3,107,107,NORMAL,0,0,121,16,12,214,16,12,214,14,13,0,0,0,0
231536,40,ring,11337,0,0,0,124,139,1736,1946,1,100,211029,18070,0,15,2,109,109,NORMAL,0,0,124,18,12,218,18,12,218,15,15,0,0,0,0
231090,17,ring,9801,0,0,0,124,138,1736,1932,1,100,212116,18064,0,14,2,110,110,NORMAL,0,0,124,18,10,220,18,10,220,14,14,0,0,0,0
231499,8,ring,9783,0,0,0,125,139,1750,1946,1,100,212470,18179,0,14,2,111,111,NORMAL,0,0,125,18,10,222,18,10,222,14,14,0,0,0,0
231333,75,ring,12849,0,0,0,120,133,1680,1862,1,100,213542,13999,0,14,3,107,107,NORMAL,0,0,120,14,12,214,14,12,214,13,13,0,0,0,0
231400,95,ring,9055,0,0,0,117,130,1638,1820,1,100,216945,10176,0,14,3,105,105,NORMAL,0,0,117,14,10,210,16,10,210,13,12,1,0,0,0
231754,77,ring,13364,0,0,0,120,133,1680,1862,1,100,213365,14112,0,14,3,107,107,NORMAL,0,0,120,14,12,214,14,12,214,13,13,0,0,0,0
231633,48,ring,11819,0,0,0,123,138,1722,1932,1,100,210670,18099,0,15,2,108,108,NORMAL,0,0,123,18,12,216,18,12,216,15,15,0,0,0,0
231824,54,ring,12243,0,0,0,123,138,1722,1932,1,100,210613,17837,0,15,2,108,108,NORMAL,0,0,123,18,12,216,18,12,216,15,15,0,0,0,0
230939,52,ring,11289,0,0,0,123,138,1722,1932,1,100,210669,17931,0,15,2,108,108,NORMAL,0,0,123,18,12,216,18,12,216,15,15,0,0,0,0
230954,20,ring,9739,0,0,0,124,138,1736,1932,1,100,212008,18111,0,14,2,110,110,NORMAL,0,0,124,18,10,220,18,10,220,14,14,0,0,0,0
231664,92,ring,9097,1,0,0,118,130,1652,1820,1,100,217144,10255,0,14,3,105,105,NORMAL,0,0,118,16,10,210,14,10,210,12,13,0,0,0,0
230979,93,ring,8442,1,0,0,118,131,1652,1834,1,100,217055,10313,0,15,3,105,105,NORMAL,0,0,118,16,10,210,16,10,210,13,13,0,0,0,0
231648,16,ring,10146,0,0,0,124,138,1736,1932,1,100,212266,18125,0,14,2,110,110,NORMAL,0,0,124,18,10,220,18,10,220,14,14,0,0,0,0
231415,63,ring,12229,0,0,0,121,135,1694,1890,1,100,213883,14394,0,15,3,107,107,NORMAL,0,0,121,16,12,214,16,12,214,14,14,0,0,0,0
231481,83,ring,13185,0,0,0,120,134,1680,1876,1,100,213369,14158,0,15,3,106,106,NORMAL,0,0,120,16,12,212,16,12,212,14,14,0,0,0,0
231197,78,ring,12690,0,0,0,120,133,1680,1862,1,100,213516,14064,0,14,3,107,107,NORMAL,0,0,120,14,12,214,14,12,214,13,13,0,0,0,0
231075,49,ring,11201,0,0,0,124,139,1736,1946,1,100,210765,18090,0,15,2,109,109,NORMAL,0,0,124,18,12,218,18,12,218,15,15,0,0,0,0
231975,19,ring,10571,0,0,0,124,138,1736,1932,1,100,212212,18070,0,14,2,110,110,NORMAL,0,0,124,18,10,220,18,10,220,14,14,0,0,0,0
231890,74,ring,13168,0,0,0,120,133,1680,1862,1,100,213735,14054,0,14,3,107,107,NORMAL,0,0,120,14,12,214,14,12,214,13,13,0,0,0,0
231957,94,ring,9393,0,0,0,118,131,1652,1834,1,100,217105,10274,0,14,3,105,105,NORMAL,0,0,118,16,10,210,16,10,210,13,13,0,0,0,0
231535,7,ring,9558,0,0,0,125,139,1750,1946,1,100,212753,18195,0,14,2,111,111,NORMAL,0,0,125,18,10,222,18,10,222,14,14,0,0,0,0
231263,57,ring,11629,0,0,0,123,138,1722,1932,1,100,210643,17922,0,15,2,108,108,NORMAL,0,0,123,18,12,216,18,12,216,15,15,0,0,0,0
231217,86,ring,12952,1,1,4787,119,133,1666,1862,1,100,217243,10232,0,15,3,106,106,NORMAL,0,2,119,14,12,212,16,12,212,14,13,0,0,0,0
231551,60,ring,12027,0,0,0,123,138,1722,1932,1,100,210613,17976,0,15,2,108,108,NORMAL,0,0,123,18,12,216,18,12,216,15,15,0,0,0,0
231293,34,ring,10398,0,0,0,124,139,1736,1946,1,100,211664,18032,0,15,2,109,109,NORMAL,0,0,124,18,12,218,18,12,218,15,15,0,0,0,0
231348,43,ring,10950,0,0,0,124,139,1736,1946,1,100,211200,18154,0,15,2,109,109,NORMAL,0,0,124,18,12,218,18,12,218,15,15,0,0,0,0
231268,61,ring,11714,0,0,0,124,139,1736,1946,1,100,210635,17970,0,15,2,109,109,NORMAL,0,0,124,18,12,218,18,12,218,15,15,0,0,0,0
231972,62,ring,12464,0,0,0,121,136,1694,1904,1,100,214212,14387,0,16,3,108,108,NORMAL,0,0,121,14,12,216,18,12,216,15,13,1,0,0,0
231821,28,ring,10463,0,0,0,124,139,1736,1946,1,100,212175,17971,0,15,2,109,109,NORMAL,0,0,124,18,12,218,18,12,218,15,15,0,0,0,0
231656,18,ring,9856,0,0,0,124,138,1736,1932,1,100,212639,18007,0,14,2,110,110,NORMAL,0,0,124,18,10,220,18,10,220,14,14,0,0,0,0
231430,31,ring,10200,0,0,0,124,139,1736,1946,1,100,212029,18010,0,15,2,109,109,NORMAL,0,0,124,18,12,218,18,12,218,15,15,0,0,0,0
231987,30,ring,10677,0,0,0,124,139,1736,1946,1,100,212108,18004,0,15,2,109,109,NORMAL,0,0,124,18,12,218,18,12,218,15,15,0,0,0,0
231769,45,ring,11204,0,0,0,124,139,1736,1946,1,100,211425,18077,0,15,2,109,109,NORMAL,0,0,124,18,12,218,18,12,218,15,15,0,0,0,0
231469,72,ring,12248,0,0,0,121,135,1694,1890,1,100,214143,14175,0,15,3,108,108,NORMAL,0,0,121,14,12,216,16,12,216,14,13,0,0,0,0
231905,42,ring,11106,0,0,0,124,139,1736,1946,1,100,211595,18114,0,15,2,109,109,NORMAL,0,0,124,18,12,218,18,12,218,15,15,0,0,0,0
231672,89,ring,8347,1,0,0,118,130,1652,1820,1,100,217900,10289,0,14,3,105,105,NORMAL,0,0,118,16,10,210,14,10,210,12,13,0,0,0,0
231950,85,ring,13127,0,0,0,120,134,1680,1876,1,100,213879,14167,0,15,3,106,106,NORMAL,0,0,120,16,12,212,16,12,212,14,14,0,0,0,0
231920,10,ring,9428,0,0,0,124,138,1736,1932,1,100,213210,18230,0,14,1,111,111,NORMAL,0,0,124,16,10,222,18,10,222,14,13,1,0,0,0
231839,22,ring,9849,0,0,0,124,138,1736,1932,1,100,212801,18072,0,14,2,110,110,NORMAL,0,0,124,18,10,220,18,10,220,14,14,0,0,0,0
240260,24,ring,10790,0,0,0,128,143,1792,2002,1,100,220275,18044,0,15,2,113,113,NORMAL,0,0,128,18,12,226,18,12,226,15,15,0,0,0,0
240230,88,ring,9045,3,3,14852,122,135,1708,1890,1,100,230291,5709,0,14,4,110,110,NORMAL,0,6,122,14,10,220,14,12,220,13,12,0,0,0,0
240109,80,ring,13321,1,0,0,125,138,1750,1932,1,100,221795,14205,0,15,4,111,111,NORMAL,0,0,125,16,12,222,14,12,222,13,14,0,0,0,0
240042,39,ring,11199,0,0,0,128,143,1792,2002,1,100,219655,18128,0,15,2,113,113,NORMAL,0,0,128,18,12,226,18,12,226,15,15,0,0,0,0
240330,1,ring,9717,0,0,0,129,148,1806,2072,1,100,230498,9101,0,19,2,115,115,NORMAL,0,0,129,18,10,230,18,20,230,14,14,0,0,0,0
240315,33,ring,11055,0,0,0,128,143,1792,2002,1,100,220037,18003,0,15,2,113,113,NORMAL,0,0,128,18,12,226,18,12,226,15,15,0,0,0,0
240312,76,ring,13247,0,0,0,124,137,1736,1918,1,100,222117,14024,0,14,4,111,111,NORMAL,0,0,124,14,12,222,14,12,222,13,13,0,0,0,0
240327,44,ring,11658,0,0,0,128,143,1792,2002,1,100,219528,18076,0,15,2,113,113,NORMAL,0,0,128,18,12,226,18,12,226,15,15,0,0,0,0
240518,50,ring,12125,0,0,0,128,143,1792,2002,1,100,219344,17987,0,15,2,113,113,NORMAL,0,0,128,18,12,226,18,12,226,15,15,0,0,0,0
240057,47,ring,11466,0,0,0,128,143,1792,2002,1,100,219436,18093,0,15,2,113,113,NORMAL,0,0,128,18,12,226,18,12,226,15,15,0,0,0,0
240463,41,ring,11516,0,0,0,128,143,1792,2002,1,100,219777,18089,0,15,2,113,113,NORMAL,0,0,128,18,12,226,18,12,226,15,15,0,0,0,0
240651,11,ring,10243,0,0,0,129,143,1806,2002,1,100,221125,18228,0,14,2,115,115,NORMAL,0,0,129,18,10,230,18,10,230,14,14,0,0,0,0
240478,9,ring,9912,0,0,0,129,143,1806,2002,1,100,221302,18182,0,14,2,115,115,NORMAL,0,0,129,18,10,230,18,10,230,14,14,0,0,0,0
240381,27,ring,10604,0,0,0,128,143,1792,2002,1,100,220609,17960,0,15,2,113,113,NORMAL,0,0,128,18,12,226,18,12,226,15,15,0,0,0,0
240193,4,ring,9316,0,0,0,129,143,1806,2002,1,100,221689,18142,0,14,2,115,115,NORMAL,0,0,129,18,10,230,18,10,230,14,14,0,0,0,0
240599,38,ring,11336,0,0,0,128,143,1792,2002,1,100,220085,18135,0,15,2,113,113,NORMAL,0,0,128,18,12,226,18,12,226,15,15,0,0,0,0
240150,100,ring,9083,1,0,0,135,136,1890,1904,1,100,221769,18233,0,14,2,116,109,LEADER,1,109,135,18,20,232,16,10,218,13,14,0,0,0,0
240503,82,ring,13334,0,0,0,124,138,1736,1932,1,100,222234,14192,0,15,4,110,110,NORMAL,0,0,124,16,12,220,16,12,220,14,14,0,0,0,0
240511,46,ring,11555,0,0,0,128,143,1792,2002,1,100,219829,18070,0,15,2,113,113,NORMAL,0,0,128,18,12,226,18,12,226,15,15,0,0,0,0
240614,6,ring,9713,0,0,0,129,143,1806,2002,1,100,221688,18156,0,14,2,115,115,NORMAL,0,0,129,18,10,230,18,10,230,14,14,0,0,0,0
240027,71,ring,12294,0,0,0,125,138,1750,1932,1,100,222640,14186,0,14,4,112,112,NORMAL,0,0,125,14,12,224,14,12,224,13,13,1,0,0,0
240094,91,ring,8497,0,0,0,121,134,1694,1876,1,100,226192,10244,0,14,4,109,109,NORMAL,0,0,121,14,10,218,16,10,218,13,12,1,0,0,0
240245,56,ring,11650,0,0,0,128,143,1792,2002,1,100,219602,17905,0,15,2,113,113,NORMAL,0,0,128,18,12,226,18,12,226,15,15,0,0,0,0
240366,79,ring,12844,0,0,0,125,138,1750,1932,1,100,222511,14059,0,14,4,112,112,NORMAL,0,0,125,14,12,224,14,12,224,13,13,0,0,0,0
240688,13,ring,9991,0,0,0,129,143,1806,2002,1,100,221473,18187,0,14,2,115,115,NORMAL,0,0,129,18,10,230,18,10,230,14,14,0,0,0,0
240300,65,ring,12115,0,0,0,126,140,1764,1960,1,100,222942,14355,0,15,3,112,112,NORMAL,0,0,126,16,12,224,16,12,224,14,14,0,0,0,0
240275,98,ring,8834,0,0,0,122,135,1708,1890,1,100,225985,10244,0,14,4,109,109,NORMAL,0,0,122,16,10,218,16,10,218,13,13,0,0,0,0
240842,96,ring,9289,1,0,0,122,135,1708,1890,1,100,226154,10190,0,15,4,109,109,NORMAL,0,0,122,16,10,218,16,10,218,13,13,0,0,0,0
240163,68,ring,12032,0,0,0,126,140,1764,1960,1,100,222906,14285,0,15,3,112,112,NORMAL,0,0,126,16,12,224,16,12,224,14,14,0,0,0,0
240178,36,ring,10395,0,0,0,128,143,1792,2002,1,100,220522,18128,0,15,2,113,113,NORMAL,0,0,128,18,12,226,18,12,226,15,15,0,0,0,0
240706,99,ring,9247,1,1,5231,122,135,1708,1890,1,100,222249,14052,0,13,4,109,109,NORMAL,0,2,122,16,10,218,16,10,218,13,13,0,0,0,0
240805,81,ring,13233,0,0,0,125,139,1750,1946,1,100,222611,14197,0,15,4,111,111,NORMAL,0,0,125,16,12,222,16,12,222,14,14,0,0,0,0
240850,53,ring,11911,0,0,0,128,143,1792,2002,1,100,219999,17856,0,15,2,113,113,NORMAL,0,0,128,18,12,226,18,12,226,15,15,0,0,0,0
240533,51,ring,11500,0,0,0,128,143,1792,2002,1,100,220035,17937,0,15,2,113,113,NORMAL,0,0,128,18,12,226,18,12,226,15,15,0,0,0,0
240351,15,ring,9558,0,0,0,129,143,1806,2002,1,100,221597,18128,0,14,2,115,115,NORMAL,0,0,129,18,10,230,18,10,230,14,14,0,0,0,0
240448,73,ring,12479,0,0,0,125,138,1750,1932,1,100,222891,14159,0,14,4,112,112,NORMAL,0,0,125,14,12,224,14,12,224,13,13,0,0,0,0
240751,3,ring,9326,0,0,0,130,144,1820,2016,1,100,222197,18185,0,14,2,116,116,NORMAL,0,0,130,18,10,232,18,10,232,14,14,0,0,0,0
240536,5,ring,9143,0,0,0,130,144,1820,2016,1,100,222210,18168,0,14,2,116,116,NORMAL,0,0,130,18,10,232,18,10,232,14,14,0,0,0,0
240736,35,ring,10687,0,0,0,128,143,1792,2002,1,100,220778,18133,0,15,2,113,113,NORMAL,0,0,128,18,12,226,18,12,226,15,15,0,0,0,0
241013,66,ring,12559,0,0,0,126,140,1764,1960,1,100,223222,14347,0,15,3,112,112,NORMAL,0,0,126,16,12,224,16,12,224,14,14,0,0,0,0
240396,21,ring,9761,0,0,0,129,143,1806,2002,1,100,221451,18109,0,14,2,115,115,NORMAL,0,0,129,18,10,230,18,10,230,14,14,0,0,0,0
241145,26,ring,10661,0,0,0,129,144,1806,2016,1,100,221329,17994,0,15,2,114,114,NORMAL,0,0,129,18,12,228,18,12,228,15,15,0,0,0,0
240924,84,ring,13242,0,0,0,125,139,1750,1946,1,100,222697,14226,0,15,4,111,111,NORMAL,0,0,125,16,12,222,16,12,222,14,14,0,0,0,0
240721,67,ring,12281,0,0,0,126,140,1764,1960,1,100,223196,14349,0,15,3,112,112,NORMAL,0,0,126,16,12,224,16,12,224,14,14,0,0,0,0
241308,2,ring,9731,0,0,0,130,144,1820,2016,1,100,222383,18189,0,14,2,116,116,NORMAL,0,0,130,18,10,232,18,10,232,14,14,0,0,0,0
240584,70,ring,12243,0,0,0,125,139,1750,1946,1,100,223175,14230,0,15,3,112,112,NORMAL,0,0,125,14,12,224,16,12,224,14,12,1,0,0,0
241460,90,ring,9248,0,0,0,123,136,1722,1904,1,100,226759,10278,0,14,3,110,110,NORMAL,0,0,123,16,10,220,16,10,220,13,13,0,0,0,0
240817,23,ring,10092,0,0,0,128,142,1792,1988,1,100,221550,18011,0,14,2,114,114,NORMAL,0,0,128,18,10,228,18,10,228,14,14,1,0,0,0
240669,55,ring,11447,0,0,0,128,143,1792,2002,1,100,220239,17835,0,15,2,113,113,NORMAL,0,0,128,18,12,226,18,12,226,15,15,0,0,0,0
241300,59,ring,12323,0,0,0,128,143,1792,2002,1,100,220017,17991,0,15,2,113,113,NORMAL,0,0,128,18,12,226,18,12,226,15,15,0,0,0,0
241157,37,ring,11070,0,0,0,128,143,1792,2002,1,100,220875,18136,0,15,2,113,113,NORMAL,0,0,128,18,12,226,18,12,226,15,15,0,0,0,0
240787,87,ring,13119,0,0,0,124,137,1736,1918,1,100,226629,10298,0,14,4,111,111,NORMAL,0,0,124,14,12,222,14,12,222,13,13,0,0,0,0
240666,58,ring,11596,0,0,0,128,143,1792,2002,1,100,220095,17951,0,15,2,113,113,NORMAL,0,0,128,18,12,226,18,12,226,15,15,0,0,0,0
240872,32,ring,10452,0,0,0,129,144,1806,2016,1,100,221182,18021,0,15,2,114,114,NORMAL,0,0,129,18,12,228,18,12,228,15,15,0,0,0,0
241009,29,ring,10457,0,0,0,129,144,1806,2016,1,100,221356,17998,0,15,2,114,114,NORMAL,0,0,129,18,12,228,18,12,228,15,15,0,0,0,0
241212,25,ring,10524,0,0,0,129,144,1806,2016,1,100,221498,18029,0,15,2,114,114,NORMAL,0,0,129,18,12,228,18,12,228,15,15,0,0,0,0
241278,12,ring,9924,0,0,0,130,144,1820,2016,1,100,222062,18231,0,14,2,116,116,NORMAL,0,0,130,18,10,232,18,10,232,14,14,0,0,0,0
241173,97,ring,9067,0,0,0,123,136,1722,1904,1,100,226668,10221,0,14,3,110,110,NORMAL,0,0,123,16,10,220,16,10,220,13,13,0,0,0,0
241227,14,ring,9918,0,0,0,130,144,1820,2016,1,100,222107,18177,0,14,2,116,116,NORMAL,0,0,130,18,10,232,18,10,232,14,14,0,0,0,0
240857,64,ring,11981,0,0,0,126,140,1764,1960,1,100,223596,14404,0,15,3,112,112,NORMAL,0,0,126,16,12,224,16,12,224,14,14,0,0,0,0
241142,69,ring,12445,0,0,0,126,140,1764,1960,1,100,223515,14248,0,15,3,112,112,NORMAL,0,0,126,16,12,224,16,12,224,14,13,0,0,0,0
241536,40,ring,11337,0,0,0,129,144,1806,2016,1,100,221029,18070,0,15,2,114,114,NORMAL,0,0,129,18,12,228,18,12,228,15,15,0,0,0,0
241090,17,ring,9801,0,0,0,129,143,1806,2002,1,100,222116,18064,0,14,2,115,115,NORMAL,0,0,129,18,10,230,18,10,230,14,14,0,0,0,0
241499,8,ring,9783,0,0,0,130,144,1820,2016,1,100,222470,18179,0,14,2,116,116,NORMAL,0,0,130,18,10,232,18,10,232,14,14,0,0,0,0
241333,75,ring,12849,0,0,0,125,138,1750,1932,1,100,223542,13999,0,14,3,112,112,NORMAL,0,0,125,14,12,224,14,12,224,13,13,0,0,0,0
241400,95,ring,9055,0,0,0,122,135,1708,1890,1,100,226945,10176,0,14,3,110,110,NORMAL,0,0,122,14,10,220,16,10,220,13,12,1,0,0,0
241754,77,ring,13364,0,0,0,125,138,1750,1932,1,100,223365,14112,0,14,3,112,112,NORMAL,0,0,125,14,12,224,14,12,224,13,13,0,0,0,0
241633,48,ring,11819,0,0,0,129,144,1806,2016,1,100,220670,18099,0,15,2,114,114,NORMAL,0,0,129,18,12,228,18,12,228,15,15,0,0,0,0
241824,54,ring,12243,0,0,0,128,143,1792,2002,1,100,220613,17837,0,15,2,113,113,NORMAL,0,0,128,18,12,226,18,12,226,15,15,0,0,0,0
240939,52,ring,11289,0,0,0,128,143,1792,2002,1,100,220669,17931,0,15,2,113,113,NORMAL,0,0,128,18,12,226,18,12,226,15,15,0,0,0,0
240954,20,ring,9739,0,0,0,129,143,1806,2002,1,100,222008,18111,0,14,2,115,115,NORMAL,0,0,129,18,10,230,18,10,230,14,14,0,0,0,0
241664,92,ring,9097,1,0,0,123,135,1722,1890,1,100,227144,10255,0,14,3,110,110,NORMAL,0,0,123,16,10,220,14,10,220,12,13,0,0,0,0
240979,93,ring,8442,1,0,0,123,136,1722,1904,1,100,227055,10313,0,15,3,110,110,NORMAL,0,0,123,16,10,220,16,10,220,13,13,0,0,0,0
241648,16,ring,10146,0,0,0,129,143,1806,2002,1,100,222266,18125,0,14,2,115,115,NORMAL,0,0,129,18,10,230,18,10,230,14,14,0,0,0,0
241415,63,ring,12229,0,0,0,126,140,1764,1960,1,100,223883,14394,0,15,3,112,112,NORMAL,0,0,126,16,12,224,16,12,224,14,14,0,0,0,0
241481,83,ring,13185,0,0,0,125,139,1750,1946,1,100,223369,14158,0,15,3,111,111,NORMAL,0,0,125,16,12,222,16,12,222,14,14,0,0,0,0
241197,78,ring,12690,0,0,0,125,138,1750,1932,1,100,223516,14064,0,14,3,112,112,NORMAL,0,0,125,14,12,224,14,12,224,13,13,0,0,0,0
241075,49,ring,11201,0,0,0,129,144,1806,2016,1,100,220765,18090,0,15,2,114,114,NORMAL,0,0,129,18,12,228,18,12,228,15,15,0,0,0,0
241975,19,ring,10571,0,0,0,129,143,1806,2002,1,100,222212,18070,0,14,2,115,115,NORMAL,0,0,129,18,10,230,18,10,230,14,14,0,0,0,0
241890,74,ring,13168,0,0,0,125,138,1750,1932,1,100,223735,14054,0,14,3,112,112,NORMAL,0,0,125,14,12,224,14,12,224,13,13,0,0,0,0
241957,94,ring,9393,0,0,0,123,136,1722,1904,1,100,227105,10274,0,14,3,110,110,NORMAL,0,0,123,16,10,220,16,10,220,13,13,0,0,0,0
241535,7,ring,9558,0,0,0,130,144,1820,2016,1,100,222753,18195,0,14,2,116,116,NORMAL,0,0,130,18,10,232,18,10,232,14,14,0,0,0,0
241263,57,ring,11629,0,0,0,129,144,1806,2016,1,100,220643,17922,0,15,2,114,114,NORMAL,0,0,129,18,12,228,18,12,228,15,15,0,0,0,0
241217,86,ring,12952,1,1,4787,124,138,1736,1932,1,100,227243,10232,0,15,3,111,111,NORMAL,0,2,124,14,12,222,16,12,222,14,13,0,0,0,0
241553,60,ring,12027,0,0,0,129,144,1806,2016,1,100,220615,17976,0,15,2,114,114,NORMAL,0,0,129,18,12,228,18,12,228,15,15,0,0,0,0
241293,34,ring,10398,0,0,0,129,144,1806,2016,1,100,221664,18032,0,15,2,114,114,NORMAL,0,0,129,18,12,228,18,12,228,15,15,0,0,0,0
241348,43,ring,10950,0,0,0,129,144,1806,2016,1,100,221200,18154,0,15,2,114,114,NORMAL,0,0,129,18,12,228,18,12,228,15,15,0,0,0,0
241268,61,ring,11714,0,0,0,129,144,1806,2016,1,100,220635,17970,0,15,2,114,114,NORMAL,0,0,129,18,12,228,18,12,228,15,15,0,0,0,0
241972,62,ring,12464,0,0,0,126,141,1764,1974,1,100,224212,14387,0,16,3,113,113,NORMAL,0,0,126,14,12,226,18,12,226,15,13,1,0,0,0
241821,28,ring,10463,0,0,0,129,144,1806,2016,1,100,222175,17971,0,15,2,114,114,NORMAL,0,0,129,18,12,228,18,12,228,15,15,0,0,0,0
241656,18,ring,9856,0,0,0,129,143,1806,2002,1,100,222639,18007,0,14,2,115,115,NORMAL,0,0,129,18,10,230,18,10,230,14,14,0,0,0,0
241430,31,ring,10200,0,0,0,129,144,1806,2016,1,100,222029,18010,0,15,2,114,114,NORMAL,0,0,129,18,12,228,18,12,228,15,15,0,0,0,0
241987,30,ring,10677,0,0,0,129,144,1806,2016,1,100,222108,18004,0,15,2,114,114,NORMAL,0,0,129,18,12,228,18,12,228,15,15,0,0,0,0
241769,45,ring,11204,0,0,0,129,144,1806,2016,1,100,221425,18077,0,15,2,114,114,NORMAL,0,0,129,18,12,228,18,12,228,15,15,0,0,0,0
241469,72,ring,12248,0,0,0,126,140,1764,1960,1,100,224143,14175,0,15,3,113,113,NORMAL,0,0,126,14,12,226,16,12,226,14,13,0,0,0,0
241905,42,ring,11106,0,0,0,129,144,1806,2016,1,100,221595,18114,0,15,2,114,114,NORMAL,0,0,129,18,12,228,18,12,228,15,15,0,0,0,0
241672,89,ring,8347,1,0,0,123,135,1722,1890,1,100,227900,10289,0,14,3,110,110,NORMAL,0,0,123,16,10,220,14,10,220,12,13,0,0,0,0
241950,85,ring,13127,0,0,0,125,139,1750,1946,1,100,223879,14167,0,15,3,111,111,NORMAL,0,0,125,16,12,222,16,12,222,14,14,0,0,0,0
241920,10,ring,9428,0,0,0,129,143,1806,2002,1,100,223210,18230,0,14,1,116,116,NORMAL,0,0,129,16,10,232,18,10,232,14,13,1,0,0,0
241839,22,ring,9849,0,0,0,129,143,1806,2002,1,100,222801,18072,0,14,2,115,115,NORMAL,0,0,129,18,10,230,18,10,230,14,14,0,0,0,0
250260,24,ring,10790,0,0,0,133,148,1862,2072,1,100,230275,18044,0,15,2,118,118,NORMAL,0,0,133,18,12,236,18,12,236,15,15,0,0,0,0
250230,88,ring,9045,3,3,14852,127,140,1778,1960,1,100,240291,5709,0,14,4,115,115,NORMAL,0,6,127,14,10,230,14,12,230,13,12,0,0,0,0
250109,80,ring,13321,1,0,0,130,143,1820,2002,1,100,231795,14205,0,15,4,116,116,NORMAL,0,0,130,16,12,232,14,12,232,13,14,0,0,0,0
250042,39,ring,11199,0,0,0,133,148,1862,2072,1,100,229655,18128,0,15,2,118,118,NORMAL,0,0,133,18,12,236,18,12,236,15,15,0,0,0,0
250330,1,ring,9717,0,0,0,134,153,1876,2142,1,100,240498,9101,0,19,2,120,120,NORMAL,0,0,134,18,10,240,18,20,240,14,14,0,0,0,0
250315,33,ring,11055,0,0,0,133,148,1862,2072,1,100,230037,18003,0,15,2,118,118,NORMAL,0,0,133,18,12,236,18,12,236,15,15,0,0,0,0
250312,76,ring,13247,0,0,0,129,142,1806,1988,1,100,232117,14024,0,14,4,116,116,NORMAL,0,0,129,14,12,232,14,12,232,13,13,0,0,0,0
250327,44,ring,11658,0,0,0,133,148,1862,2072,1,100,229528,18076,0,15,2,118,118,NORMAL,0,0,133,18,12,236,18,12,236,15,15,0,0,0,0
250518,50,ring,12125,0,0,0,133,148,1862,2072,1,100,229344,17987,0,15,2,118,118,NORMAL,0,0,133,18,12,236,18,12,236,15,15,0,0,0,0
250057,47,ring,11466,0,0,0,133,148,1862,2072,1,100,229436,18093,0,15,2,118,118,NORMAL,0,0,133,18,12,236,18,12,236,15,15,0,0,0,0
250463,41,ring,11516,0,0,0,133,148,1862,2072,1,100,229777,18089,0,15,2,118,118,NORMAL,0,0,133,18,12,236,18,12,236,15,15,0,0,0,0
250651,11,ring,10243,0,0,0,134,148,1876,2072,1,100,231125,18228,0,14,2,120,120,NORMAL,0,0,134,18,10,240,18,10,240,14,14,0,0,0,0
250478,9,ring,9912,0,0,0,134,148,1876,2072,1,100,231302,18182,0,14,2,120,120,NORMAL,0,0,134,18,10,240,18,10,240,14,14,0,0,0,0
250381,27,ring,10604,0,0,0,133,148,1862,2072,1,100,230609,17960,0,15,2,118,118,NORMAL,0,0,133,18,12,236,18,12,236,15,15,0,0,0,0
250193,4,ring,9316,0,0,0,134,148,1876,2072,1,100,231689,18142,0,14,2,120,120,NORMAL,0,0,134,18,10,240,18,10,240,14,14,0,0,0,0
250599,38,ring,11336,0,0,0,133,148,1862,2072,1,100,230085,18135,0,15,2,118,118,NORMAL,0,0,133,18,12,236,18,12,236,15,15,0,0,0,0
250150,100,ring,9083,1,0,0,140,141,1960,1974,1,100,231769,18233,0,14,2,121,114,LEADER,1,114,140,18,20,242,16,10,228,13,14,0,0,0,0
250503,82,ring,13334,0,0,0,130,144,1820,2016,1,100,232234,14192,0,15,4,116,116,NORMAL,0,0,130,16,12,232,16,12,232,14,14,0,0,0,0
250511,46,ring,11555,0,0,0,133,148,1862,2072,1,100,229829,18070,0,15,2,118,118,NORMAL,0,0,133,18,12,236,18,12,236,15,15,0,0,0,0
250614,6,ring,9713,0,0,0,134,148,1876,2072,1,100,231688,18156,0,14,2,120,120,NORMAL,0,0,134,18,10,240,18,10,240,14,14,0,0,0,0
250027,71,ring,12294,0,0,0,130,143,1820,2002,1,100,232640,14186,0,14,4,117,117,NORMAL,0,0,130,14,12,234,14,12,234,13,13,1,0,0,0
250094,91,ring,8497,0,0,0,126,139,1764,1946,1,100,236192,10244,0,14,4,114,114,NORMAL,0,0,126,14,10,228,16,10,228,13,12,1,0,0,0
250245,56,ring,11650,0,0,0,133,148,1862,2072,1,100,229602,17905,0,15,2,118,118,NORMAL,0,0,133,18,12,236,18,12,236,15,15,0,0,0,0
250366,79,ring,12844,0,0,0,130,143,1820,2002,1,100,232511,14059,0,14,4,117,117,NORMAL,0,0,130,14,12,234,14,12,234,13,13,0,0,0,0
250688,13,ring,9991,0,0,0,134,148,1876,2072,1,100,231473,18187,0,14,2,120,120,NORMAL,0,0,134,18,10,240,18,10,240,14,14,0,0,0,0
250300,65,ring,12115,0,0,0,131,145,1834,2030,1,100,232942,14355,0,15,3,117,117,NORMAL,0,0,131,16,12,234,16,12,234,14,14,0,0,0,0
250275,98,ring,8834,0,0,0,127,140,1778,1960,1,100,235985,10244,0,14,4,114,114,NORMAL,0,0,127,16,10,228,16,10,228,13,13,0,0,0,0
250842,96,ring,9289,1,0,0,127,140,1778,1960,1,100,236154,10190,0,15,4,114,114,NORMAL,0,0,127,16,10,228,16,10,228,13,13,0,0,0,0
250163,68,ring,12032,0,0,0,131,145,1834,2030,1,100,232906,14285,0,15,3,117,117,NORMAL,0,0,131,16,12,234,16,12,234,14,14,0,0,0,0
250178,36,ring,10395,0,0,0,133,148,1862,2072,1,100,230522,18128,0,15,2,118,118,NORMAL,0,0,133,18,12,236,18,12,236,15,15,0,0,0,0
250706,99,ring,9247,1,1,5231,127,140,1778,1960,1,100,232249,14052,0,13,4,114,114,NORMAL,0,2,127,16,10,228,16,10,228,13,13,0,0,0,0
250805,81,ring,13233,0,0,0,130,144,1820,2016,1,100,232611,14197,0,15,4,116,116,NORMAL,0,0,130,16,12,232,16,12,232,14,14,0,0,0,0
250850,53,ring,11911,0,0,0,133,148,1862,2072,1,100,229999,17856,0,15,2,118,118,NORMAL,0,0,133,18,12,236,18,12,236,15,15,0,0,0,0
250533,51,ring,11500,0,0,0,133,148,1862,2072,1,100,230035,17937,0,15,2,118,118,NORMAL,0,0,133,18,12,236,18,12,236,15,15,0,0,0,0
250351,15,ring,9558,0,0,0,134,148,1876,2072,1,100,231597,18128,0,14,2,120,120,NORMAL,0,0,134,18,10,240,18,10,240,14,14,0,0,0,0
250448,73,ring,12479,0,0,0,130,143,1820,2002,1,100,232891,14159,0,14,4,117,117,NORMAL,0,0,130,14,12,234,14,12,234,13,13,0,0,0,0
250751,3,ring,9326,0,0,0,135,149,1890,2086,1,100,232197,18185,0,14,2,121,121,NORMAL,0,0,135,18,10,242,18,10,242,14,14,0,0,0,0
250536,5,ring,9143,0,0,0,135,149,1890,2086,1,100,232210,18168,0,14,2,121,121,NORMAL,0,0,135,18,10,242,18,10,242,14,14,0,0,0,0
250736,35,ring,10687,0,0,0,133,148,1862,2072,1,100,230778,18133,0,15,2,118,118,NORMAL,0,0,133,18,12,236,18,12,236,15,15,0,0,0,0
251013,66,ring,12559,0,0,0,131,145,1834,2030,1,100,233222,14347,0,15,3,117,117,NORMAL,0,0,131,16,12,234,16,12,234,14,14,0,0,0,0
250396,21,ring,9761,0,0,0,134,148,1876,2072,1,100,231451,18109,0,14,2,120,120,NORMAL,0,0,134,18,10,240,18,10,240,14,14,0,0,0,0
251145,26,ring,10661,0,0,0,133,148,1862,2072,1,100,231329,17994,0,15,2,118,118,NORMAL,0,0,133,18,12,236,18,12,236,15,15,0,0,0,0
250924,84,ring,13242,0,0,0,130,144,1820,2016,1,100,232697,14226,0,15,4,116,116,NORMAL,0,0,130,16,12,232,16,12,232,14,14,0,0,0,0
250721,67,ring,12281,0,0,0,131,145,1834,2030,1,100,233196,14349,0,15,3,117,117,NORMAL,0,0,131,16,12,234,16,12,234,14,14,0,0,0,0
251308,2,ring,9731,0,0,0,135,149,1890,2086,1,100,232383,18189,0,14,2,121,121,NORMAL,0,0,135,18,10,242,18,10,242,14,14,0,0,0,0
250584,70,ring,12243,0,0,0,130,144,1820,2016,1,100,233175,14230,0,15,3,117,117,NORMAL,0,0,130,14,12,234,16,12,234,14,12,1,0,0,0
251460,90,ring,9248,0,0,0,128,141,1792,1974,1,100,236759,10278,0,14,3,115,115,NORMAL,0,0,128,16,10,230,16,10,230,13,13,0,0,0,0
250817,23,ring,10092,0,0,0,133,147,1862,2058,1,100,231550,18011,0,14,2,119,119,NORMAL,0,0,133,18,10,238,18,10,238,14,14,1,0,0,0
250669,55,ring,11447,0,0,0,133,148,1862,2072,1,100,230239,17835,0,15,2,118,118,NORMAL,0,0,133,18,12,236,18,12,236,15,15,0,0,0,0
251300,59,ring,12323,0,0,0,133,148,1862,2072,1,100,230017,17991,0,15,2,118,118,NORMAL,0,0,133,18,12,236,18,12,236,15,15,0,0,0,0
251157,37,ring,11070,0,0,0,133,148,1862,2072,1,100,230875,18136,0,15,2,118,118,NORMAL,0,0,133,18,12,236,18,12,236,15,15,0,0,0,0
250787,87,ring,13119,0,0,0,129,142,1806,1988,1,100,236629,10298,0,14,4,116,116,NORMAL,0,0,129,14,12,232,14,12,232,13,13,0,0,0,0
250666,58,ring,11596,0,0,0,133,148,1862,2072,1,100,230095,17951,0,15,2,118,118,NORMAL,0,0,133,18,12,236,18,12,236,15,15,0,0,0,0
250872,32,ring,10452,0,0,0,133,148,1862,2072,1,100,231182,18021,0,15,2,118,118,NORMAL,0,0,133,18,12,236,18,12,236,15,15,0,0,0,0
251009,29,ring,10457,0,0,0,134,149,1876,2086,1,100,231356,17998,0,15,2,119,119,NORMAL,0,0,134,18,12,238,18,12,238,15,15,0,0,0,0
251212,25,ring,10524,0,0,0,134,149,1876,2086,1,100,231498,18029,0,15,2,119,119,NORMAL,0,0,134,18,12,238,18,12,238,15,15,0,0,0,0
251278,12,ring,9924,0,0,0,135,149,1890,2086,1,100,232062,18231,0,14,2,121,121,NORMAL,0,0,135,18,10,242,18,10,242,14,14,0,0,0,0
251173,97,ring,9067,0,0,0,128,141,1792,1974,1,100,236668,10221,0,14,3,115,115,NORMAL,0,0,128,16,10,230,16,10,230,13,13,0,0,0,0
251227,14,ring,9918,0,0,0,135,149,1890,2086,1,100,232107,18177,0,14,2,121,121,NORMAL,0,0,135,18,10,242,18,10,242,14,14,0,0,0,0
250857,64,ring,11981,0,0,0,131,145,1834,2030,1,100,233596,14404,0,15,3,117,117,NORMAL,0,0,131,16,12,234,16,12,234,14,14,0,0,0,0
251142,69,ring,12445,0,0,0,131,145,1834,2030,1,100,233515,14248,0,15,3,117,117,NORMAL,0,0,131,16,12,234,16,12,234,14,13,0,0,0,0
251536,40,ring,11337,0,0,0,134,149,1876,2086,1,100,231029,18070,0,15,2,119,119,NORMAL,0,0,134,18,12,238,18,12,238,15,15,0,0,0,0
251090,17,ring,9801,0,0,0,134,148,1876,2072,1,100,232116,18064,0,14,2,120,120,NORMAL,0,0,134,18,10,240,18,10,240,14,14,0,0,0,0
251499,8,ring,9783,0,0,0,135,149,1890,2086,1,100,232470,18179,0,14,2,121,121,NORMAL,0,0,135,18,10,242,18,10,242,14,14,0,0,0,0
251333,75,ring,12849,0,0,0,130,143,1820,2002,1,100,233542,13999,0,14,3,117,117,NORMAL,0,0,130,14,12,234,14,12,234,13,13,0,0,0,0
251400,95,ring,9055,0,0,0,127,140,1778,1960,1,100,236945,10176,0,14,3,115,115,NORMAL,0,0,127,14,10,230,16,10,230,13,12,1,0,0,0
251754,77,ring,13364,0,0,0,130,143,1820,2002,1,100,233365,14112,0,14,3,117,117,NORMAL,0,0,130,14,12,234,14,12,234,13,13,0,0,0,0
251633,48,ring,11819,0,0,0,133,148,1862,2072,1,100,230670,18099,0,15,2,118,118,NORMAL,0,0,133,18,12,236,18,12,236,15,15,0,0,0,0
251824,54,ring,12243,0,0,0,133,148,1862,2072,1,100,230613,17837,0,15,2,118,118,NORMAL,0,0,133,18,12,236,18,12,236,15,15,0,0,0,0
250939,52,ring,11289,0,0,0,133,148,1862,2072,1,100,230669,17931,0,15,2,118,118,NORMAL,0,0,133,18,12,236,18,12,236,15,15,0,0,0,0
250954,20,ring,9739,0,0,0,134,148,1876,2072,1,100,232008,18111,0,14,2,120,120,NORMAL,0,0,134,18,10,240,18,10,240,14,14,0,0,0,0
251664,92,ring,9097,1,0,0,128,140,1792,1960,1,100,237144,10255,0,14,3,115,115,NORMAL,0,0,128,16,10,230,14,10,230,12,13,0,0,0,0
250979,93,ring,8442,1,0,0,128,141,1792,1974,1,100,237055,10313,0,15,3,115,115,NORMAL,0,0,128,16,10,230,16,10,230,13,13,0,0,0,0
251648,16,ring,10146,0,0,0,134,148,1876,2072,1,100,232266,18125,0,14,2,120,120,NORMAL,0,0,134,18,10,240,18,10,240,14,14,0,0,0,0
251415,63,ring,12229,0,0,0,131,145,1834,2030,1,100,233883,14394,0,15,3,117,117,NORMAL,0,0,131,16,12,234,16,12,234,14,14,0,0,0,0
251481,83,ring,13185,0,0,0,130,144,1820,2016,1,100,233369,14158,0,15,3,116,116,NORMAL,0,0,130,16,12,232,16,12,232,14,14,0,0,0,0
251197,78,ring,12690,0,0,0,130,143,1820,2002,1,100,233516,14064,0,14,3,117,117,NORMAL,0,0,130,14,12,234,14,12,234,13,13,0,0,0,0
251075,49,ring,11201,0,0,0,134,149,1876,2086,1,100,230765,18090,0,15,2,119,119,NORMAL,0,0,134,18,12,238,18,12,238,15,15,0,0,0,0
251975,19,ring,10571,0,0,0,134,148,1876,2072,1,100,232212,18070,0,14,2,120,120,NORMAL,0,0,134,18,10,240,18,10,240,14,14,0,0,0,0
251890,74,ring,13168,0,0,0,130,143,1820,2002,1,100,233735,14054,0,14,3,117,117,NORMAL,0,0,130,14,12,234,14,12,234,13,13,0,0,0,0
251957,94,ring,9393,0,0,0,128,141,1792,1974,1,100,237105,10274,0,14,3,115,115,NORMAL,0,0,128,16,10,230,16,10,230,13,13,0,0,0,0
251535,7,ring,9558,0,0,0,135,149,1890,2086,1,100,232753,18195,0,14,2,121,121,NORMAL,0,0,135,18,10,242,18,10,242,14,14,0,0,0,0
251263,57,ring,11629,0,0,0,133,148,1862,2072,1,100,230643,17922,0,15,2,118,118,NORMAL,0,0,133,18,12,236,18,12,236,15,15,0,0,0,0
251217,86,ring,12952,1,1,4787,129,143,1806,2002,1,100,237243,10232,0,15,3,116,116,NORMAL,0,2,129,14,12,232,16,12,232,14,13,0,0,0,0
251551,60,ring,12027,0,0,0,133,148,1862,2072,1,100,230613,17976,0,15,2,118,118,NORMAL,0,0,133,18,12,236,18,12,236,15,15,0,0,0,0
251293,34,ring,10398,0,0,0,134,149,1876,2086,1,100,231664,18032,0,15,2,119,119,NORMAL,0,0,134,18,12,238,18,12,238,15,15,0,0,0,0
251348,43,ring,10950,0,0,0,134,149,1876,2086,1,100,231200,18154,0,15,2,119,119,NORMAL,0,0,134,18,12,238,18,12,238,15,15,0,0,0,0
251268,61,ring,11714,0,0,0,134,149,1876,2086,1,100,230635,17970,0,15,2,119,119,NORMAL,0,0,134,18,12,238,18,12,238,15,15,0,0,0,0
251972,62,ring,12464,0,0,0,131,146,1834,2044,1,100,234212,14387,0,16,3,118,118,NORMAL,0,0,131,14,12,236,18,12,236,15,13,1,0,0,0
251821,28,ring,10463,0,0,0,134,149,1876,2086,1,100,232175,17971,0,15,2,119,119,NORMAL,0,0,134,18,12,238,18,12,238,15,15,0,0,0,0
251656,18,ring,9856,0,0,0,134,148,1876,2072,1,100,232639,18007,0,14,2,120,120,NORMAL,0,0,134,18,10,240,18,10,240,14,14,0,0,0,0
251430,31,ring,10200,0,0,0,134,149,1876,2086,1,100,232029,18010,0,15,2,119,119,NORMAL,0,0,134,18,12,238,18,12,238,15,15,0,0,0,0
251987,30,ring,10677,0,0,0,134,149,1876,2086,1,100,232108,18004,0,15,2,119,119,NORMAL,0,0,134,18,12,238,18,12,238,15,15,0,0,0,0
251769,45,ring,11204,0,0,0,134,149,1876,2086,1,100,231425,18077,0,15,2,119,119,NORMAL,0,0,134,18,12,238,18,12,238,15,15,0,0,0,0
251469,72,ring,12248,0,0,0,130,144,1820,2016,1,100,234143,14175,0,15,3,117,117,NORMAL,0,0,130,14,12,234,16,12,234,14,13,0,0,0,0
251905,42,ring,11106,0,0,0,134,149,1876,2086,1,100,231595,18114,0,15,2,119,119,NORMAL,0,0,134,18,12,238,18,12,238,15,15,0,0,0,0
251672,89,ring,8347,1,0,0,128,140,1792,1960,1,100,237900,10289,0,14,3,115,115,NORMAL,0,0,128,16,10,230,14,10,230,12,13,0,0,0,0
251950,85,ring,13127,0,0,0,130,144,1820,2016,1,100,233879,14167,0,15,3,116,116,NORMAL,0,0,130,16,12,232,16,12,232,14,14,0,0,0,0
251920,10,ring,9428,0,0,0,134,148,1876,2072,1,100,233210,18230,0,14,1,121,121,NORMAL,0,0,134,16,10,242,18,10,242,14,13,1,0,0,0
251839,22,ring,9849,0,0,0,134,148,1876,2072,1,100,232801,18072,0,14,2,120,120,NORMAL,0,0,134,18,10,240,18,10,240,14,14,0,0,0,0
260260,24,ring,10790,0,0,0,138,153,1932,2142,1,100,240275,18044,0,15,2,123,123,NORMAL,0,0,138,18,12,246,18,12,246,15,15,0,0,0,0
260230,88,ring,9045,3,3,14852,132,145,1848,2030,1,100,250291,5709,0,14,4,120,120,NORMAL,0,6,132,14,10,240,14,12,240,13,12,0,0,0,0
260109,80,ring,13321,1,0,0,135,148,1890,2072,1,100,241795,14205,0,15,4,121,121,NORMAL,0,0,135,16,12,242,14,12,242,13,14,0,0,0,0
260042,39,ring,11199,0,0,0,138,153,1932,2142,1,100,239655,18128,0,15,2,123,123,NORMAL,0,0,138,18,12,246,18,12,246,15,15,0,0,0,0
260330,1,ring,9717,0,0,0,139,158,1946,2212,1,100,250498,9101,0,19,2,125,125,NORMAL,0,0,139,18,10,250,18,20,250,14,14,0,0,0,0
260315,33,ring,11055,0,0,0,138,153,1932,2142,1,100,240037,18003,0,15,2,123,123,NORMAL,0,0,138,18,12,246,18,12,246,15,15,0,0,0,0
260312,76,ring,13247,0,0,0,134,147,1876,2058,1,100,242117,14024,0,14,4,121,121,NORMAL,0,0,134,14,12,242,14,12,242,13,13,0,0,0,0
260327,44,ring,11658,0,0,0,138,153,1932,2142,1,100,239528,18076,0,15,2,123,123,NORMAL,0,0,138,18,12,246,18,12,246,15,15,0,0,0,0
260518,50,ring,12125,0,0,0,138,153,1932,2142,1,100,239344,17987,0,15,2,123,123,NORMAL,0,0,138,18,12,246,18,12,246,15,15,0,0,0,0
260057,47,ring,11466,0,0,0,138,153,1932,2142,1,100,239436,18093,0,15,2,123,123,NORMAL,0,0,138,18,12,246,18,12,246,15,15,0,0,0,0
260463,41,ring,11516,0,0,0,138,153,1932,2142,1,100,239777,18089,0,15,2,123,123,NORMAL,0,0,138,18,12,246,18,12,246,15,15,0,0,0,0
260651,11,ring,10243,0,0,0,139,153,1946,2142,1,100,241125,18228,0,14,2,125,125,NORMAL,0,0,139,18,10,250,18,10,250,14,14,0,0,0,0
260478,9,ring,9912,0,0,0,139,153,1946,2142,1,100,241302,18182,0,14,2,125,125,NORMAL,0,0,139,18,10,250,18,10,250,14,14,0,0,0,0
260381,27,ring,10604,0,0,0,138,153,1932,2142,1,100,240609,17960,0,15,2,123,123,NORMAL,0,0,138,18,12,246,18,12,246,15,15,0,0,0,0
260193,4,ring,9316,0,0,0,139,153,1946,2142,1,100,241689,18142,0,14,2,125,125,NORMAL,0,0,139,18,10,250,18,10,250,14,14,0,0,0,0
260599,38,ring,11336,0,0,0,138,153,1932,2142,1,100,240085,18135,0,15,2,123,123,NORMAL,0,0,138,18,12,246,18,12,246,15,15,0,0,0,0
260150,100,ring,9083,1,0,0,145,146,2030,2044,1,100,241769,18233,0,14,2,126,119,LEADER,1,119,145,18,20,252,16,10,238,13,14,0,0,0,0
260503,82,ring,13334,0,0,0,134,148,1876,2072,1,100,242234,14192,0,15,4,120,120,NORMAL,0,0,134,16,12,240,16,12,240,14,14,0,0,0,0
260511,46,ring,11555,0,0,0,138,153,1932,2142,1,100,239829,18070,0,15,2,123,123,NORMAL,0,0,138,18,12,246,18,12,246,15,15,0,0,0,0
260614,6,ring,9713,0,0,0,139,153,1946,2142,1,100,241688,18156,0,14,2,125,125,NORMAL,0,0,139,18,10,250,18,10,250,14,14,0,0,0,0
260027,71,ring,12294,0,0,0,135,148,1890,2072,1,100,242640,14186,0,14,4,122,122,NORMAL,0,0,135,14,12,244,14,12,244,13,13,1,0,0,0
260094,91,ring,8497,0,0,0,131,144,1834,2016,1,100,246192,10244,0,14,4,119,119,NORMAL,0,0,131,14,10,238,16,10,238,13,12,1,0,0,0
260245,56,ring,11650,0,0,0,138,153,1932,2142,1,100,239602,17905,0,15,2,123,123,NORMAL,0,0,138,18,12,246,18,12,246,15,15,0,0,0,0
260366,79,ring,12844,0,0,0,135,148,1890,2072,1,100,242511,14059,0,14,4,122,122,NORMAL,0,0,135,14,12,244,14,12,244,13,13,0,0,0,0
260688,13,ring,9991,0,0,0,139,153,1946,2142,1,100,241473,18187,0,14,2,125,125,NORMAL,0,0,139,18,10,250,18,10,250,14,14,0,0,0,0
260300,65,ring,12115,0,0,0,136,150,1904,2100,1,100,242942,14355,0,15,3,122,122,NORMAL,0,0,136,16,12,244,16,12,244,14,14,0,0,0,0
260275,98,ring,8834,0,0,0,132,145,1848,2030,1,100,245985,10244,0,14,4,119,119,NORMAL,0,0,132,16,10,238,16,10,238,13,13,0,0,0,0
260842,96,ring,9289,1,0,0,132,145,1848,2030,1,100,246154,10190,0,15,4,119,119,NORMAL,0,0,132,16,10,238,16,10,238,13,13,0,0,0,0
260163,68,ring,12032,0,0,0,136,150,1904,2100,1,100,242906,14285,0,15,3,122,122,NORMAL,0,0,136,16,12,244,16,12,244,14,14,0,0,0,0
260178,36,ring,10395,0,0,0,138,153,1932,2142,1,100,240522,18128,0,15,2,123,123,NORMAL,0,0,138,18,12,246,18,12,246,15,15,0,0,0,0
260706,99,ring,9247,1,1,5231,132,145,1848,2030,1,100,242249,14052,0,13,4,119,119,NORMAL,0,2,132,16,10,238,16,10,238,13,13,0,0,0,0
260805,81,ring,13233,0,0,0,135,149,1890,2086,1,100,242611,14197,0,15,4,121,121,NORMAL,0,0,135,16,12,242,16,12,242,14,14,0,0,0,0
260850,53,ring,11911,0,0,0,138,153,1932,2142,1,100,239999,17856,0,15,2,123,123,NORMAL,0,0,138,18,12,246,18,12,246,15,15,0,0,0,0
260533,51,ring,11500,0,0,0,138,153,1932,2142,1,100,240035,17937,0,15,2,123,123,NORMAL,0,0,138,18,12,246,18,12,246,15,15,0,0,0,0
260351,15,ring,9558,0,0,0,139,153,1946,2142,1,100,241597,18128,0,14,2,125,125,NORMAL,0,0,139,18,10,250,18,10,250,14,14,0,0,0,0
260448,73,ring,12479,0,0,0,135,148,1890,2072,1,100,242891,14159,0,14,4,122,122,NORMAL,0,0,135,14,12,244,14,12,244,13,13,0,0,0,0
260751,3,ring,9326,0,0,0,140,154,1960,2156,1,100,242197,18185,0,14,2,126,126,NORMAL,0,0,140,18,10,252,18,10,252,14,14,0,0,0,0
260536,5,ring,9143,0,0,0,140,154,1960,2156,1,100,242210,18168,0,14,2,126,126,NORMAL,0,0,140,18,10,252,18,10,252,14,14,0,0,0,0
260736,35,ring,10687,0,0,0,138,153,1932,2142,1,100,240778,18133,0,15,2,123,123,NORMAL,0,0,138,18,12,246,18,12,246,15,15,0,0,0,0
261013,66,ring,12559,0,0,0,136,150,1904,2100,1,100,243222,14347,0,15,3,122,122,NORMAL,0,0,136,16,12,244,16,12,244,14,14,0,0,0,0
260396,21,ring,9761,0,0,0,139,153,1946,2142,1,100,241451,18109,0,14,2,125,125,NORMAL,0,0,139,18,10,250,18,10,250,14,14,0,0,0,0
261145,26,ring,10661,0,0,0,139,154,1946,2156,1,100,241329,17994,0,15,2,124,124,NORMAL,0,0,139,18,12,248,18,12,248,15,15,0,0,0,0
260924,84,ring,13242,0,0,0,135,149,1890,2086,1,100,242697,14226,0,15,4,121,121,NORMAL,0,0,135,16,12,242,16,12,242,14,14,0,0,0,0
260721,67,ring,12281,0,0,0,136,150,1904,2100,1,100,243196,14349,0,15,3,122,122,NORMAL,0,0,136,16,12,244,16,12,244,14,14,0,0,0,0
261308,2,ring,9731,0,0,0,140,154,1960,2156,1,100,242383,18189,0,14,2,126,126,NORMAL,0,0,140,18,10,252,18,10,252,14,14,0,0,0,0
260584,70,ring,12243,0,0,0,135,149,1890,2086,1,100,243175,14230,0,15,3,122,122,NORMAL,0,0,135,14,12,244,16,12,244,14,12,1,0,0,0
261460,90,ring,9248,0,0,0,133,146,1862,2044,1,100,246759,10278,0,14,3,120,120,NORMAL,0,0,133,16,10,240,16,10,240,13,13,0,0,0,0
260817,23,ring,10092,0,0,0,138,152,1932,2128,1,100,241550,18011,0,14,2,124,124,NORMAL,0,0,138,18,10,248,18,10,248,14,14,1,0,0,0
260669,55,ring,11447,0,0,0,138,153,1932,2142,1,100,240239,17835,0,15,2,123,123,NORMAL,0,0,138,18,12,246,18,12,246,15,15,0,0,0,0
261300,59,ring,12323,0,0,0,138,153,1932,2142,1,100,240017,17991,0,15,2,123,123,NORMAL,0,0,138,18,12,246,18,12,246,15,15,0,0,0,0
261157,37,ring,11070,0,0,0,138,153,1932,2142,1,100,240875,18136,0,15,2,123,123,NORMAL,0,0,138,18,12,246,18,12,246,15,15,0,0,0,0
260787,87,ring,13119,0,0,0,134,147,1876,2058,1,100,246629,10298,0,14,4,121,121,NORMAL,0,0,134,14,12,242,14,12,242,13,13,0,0,0,0
260666,58,ring,11596,0,0,0,138,153,1932,2142,1,100,240095,17951,0,15,2,123,123,NORMAL,0,0,138,18,12,246,18,12,246,15,15,0,0,0,0
260872,32,ring,10452,0,0,0,139,154,1946,2156,1,100,241182,18021,0,15,2,124,124,NORMAL,0,0,139,18,12,248,18,12,248,15,15,0,0,0,0
261009,29,ring,10457,0,0,0,139,154,1946,2156,1,100,241356,17998,0,15,2,124,124,NORMAL,0,0,139,18,12,248,18,12,248,15,15,0,0,0,0
261212,25,ring,10524,0,0,0,139,154,1946,2156,1,100,241498,18029,0,15,2,124,124,NORMAL,0,0,139,18,12,248,18,12,248,15,15,0,0,0,0
261278,12,ring,9924,0,0,0,140,154,1960,2156,1,100,242062,18231,0,14,2,126,126,NORMAL,0,0,140,18,10,252,18,10,252,14,14,0,0,0,0
261173,97,ring,9067,0,0,0,133,146,1862,2044,1,100,246668,10221,0,14,3,120,120,NORMAL,0,0,133,16,10,240,16,10,240,13,13,0,0,0,0
261227,14,ring,9918,0,0,0,140,154,1960,2156,1,100,242107,18177,0,14,2,126,126,NORMAL,0,0,140,18,10,252,18,10,252,14,14,0,0,0,0
260857,64,ring,11981,0,0,0,136,150,1904,2100,1,100,243596,14404,0,15,3,122,122,NORMAL,0,0,136,16,12,244,16,12,244,14,14,0,0,0,0
261142,69,ring,12445,0,0,0,136,150,1904,2100,1,100,243515,14248,0,15,3,122,122,NORMAL,0,0,136,16,12,244,16,12,244,14,13,0,0,0,0
261536,40,ring,11337,0,0,0,139,154,1946,2156,1,100,241029,18070,0,15,2,124,124,NORMAL,0,0,139,18,12,248,18,12,248,15,15,0,0,0,0
261090,17,ring,9801,0,0,0,139,153,1946,2142,1,100,242116,18064,0,14,2,125,125,NORMAL,0,0,139,18,10,250,18,10,250,14,14,0,0,0,0
261499,8,ring,9783,0,0,0,140,154,1960,2156,1,100,242470,18179,0,14,2,126,126,NORMAL,0,0,140,18,10,252,18,10,252,14,14,0,0,0,0
261333,75,ring,12849,0,0,0,135,148,1890,2072,1,100,243542,13999,0,14,3,122,122,NORMAL,0,0,135,14,12,244,14,12,244,13,13,0,0,0,0
261400,95,ring,9055,0,0,0,132,145,1848,2030,1,100,246945,10176,0,14,3,120,120,NORMAL,0,0,132,14,10,240,16,10,240,13,12,1,0,0,0
261754,77,ring,13364,0,0,0,135,148,1890,2072,1,100,243365,14112,0,14,3,122,122,NORMAL,0,0,135,14,12,244,14,12,244,13,13,0,0,0,0
261633,48,ring,11819,0,0,0,139,154,1946,2156,1,100,240670,18099,0,15,2,124,124,NORMAL,0,0,139,18,12,248,18,12,248,15,15,0,0,0,0
261824,54,ring,12243,0,0,0,138,153,1932,2142,1,100,240613,17837,0,15,2,123,123,NORMAL,0,0,138,18,12,246,18,12,246,15,15,0,0,0,0
260939,52,ring,11289,0,0,0,138,153,1932,2142,1,100,240669,17931,0,15,2,123,123,NORMAL,0,0,138,18,12,246,18,12,246,15,15,0,0,0,0
260954,20,ring,9739,0,0,0,139,153,1946,2142,1,100,242008,18111,0,14,2,125,125,NORMAL,0,0,139,18,10,250,18,10,250,14,14,0,0,0,0
261664,92,ring,9097,1,0,0,133,145,1862,2030,1,100,247144,10255,0,14,3,120,120,NORMAL,0,0,133,16,10,240,14,10,240,12,13,0,0,0,0
260979,93,ring,8442,1,0,0,133,146,1862,2044,1,100,247055,10313,0,15,3,120,120,NORMAL,0,0,133,16,10,240,16,10,240,13,13,0,0,0,0
261648,16,ring,10146,0,0,0,139,153,1946,2142,1,100,242266,18125,0,14,2,125,125,NORMAL,0,0,139,18,10,250,18,10,250,14,14,0,0,0,0
261415,63,ring,12229,0,0,0,136,150,1904,2100,1,100,243883,14394,0,15,3,122,122,NORMAL,0,0,136,16,12,244,16,12,244,14,14,0,0,0,0
261481,83,ring,13185,0,0,0,135,149,1890,2086,1,100,243369,14158,0,15,3,121,121,NORMAL,0,0,135,16,12,242,16,12,242,14,14,0,0,0,0
261197,78,ring,12690,0,0,0,135,148,1890,2072,1,100,243516,14064,0,14,3,122,122,NORMAL,0,0,135,14,12,244,14,12,244,13,13,0,0,0,0
261075,49,ring,11201,0,0,0,139,154,1946,2156,1,100,240765,18090,0,15,2,124,124,NORMAL,0,0,139,18,12,248,18,12,248,15,15,0,0,0,0
261975,19,ring,10571,0,0,0,139,153,1946,2142,1,100,242212,18070,0,14,2,125,125,NORMAL,0,0,139,18,10,250,18,10,250,14,14,0,0,0,0
261890,74,ring,13168,0,0,0,135,148,1890,2072,1,100,243735,14054,0,14,3,122,122,NORMAL,0,0,135,14,12,244,14,12,244,13,13,0,0,0,0
261957,94,ring,9393,0,0,0,133,146,1862,2044,1,100,247105,10274,0,14,3,120,120,NORMAL,0,0,133,16,10,240,16,10,240,13,13,0,0,0,0
261535,7,ring,9558,0,0,0,140,154,1960,2156,1,100,242753,18195,0,14,2,126,126,NORMAL,0,0,140,18,10,252,18,10,252,14,14,0,0,0,0
261263,57,ring,11629,0,0,0,139,154,1946,2156,1,100,240643,17922,0,15,2,124,124,NORMAL,0,0,139,18,12,248,18,12,248,15,15,0,0,0,0
261217,86,ring,12952,1,1,4787,134,148,1876,2072,1,100,247243,10232,0,15,3,121,121,NORMAL,0,2,134,14,12,242,16,12,242,14,13,0,0,0,0
261551,60,ring,12027,0,0,0,139,154,1946,2156,1,100,240613,17976,0,15,2,124,124,NORMAL,0,0,139,18,12,248,18,12,248,15,15,0,0,0,0
261293,34,ring,10398,0,0,0,139,154,1946,2156,1,100,241664,18032,0,15,2,124,124,NORMAL,0,0,139,18,12,248,18,12,248,15,15,0,0,0,0
261348,43,ring,10950,0,0,0,139,154,1946,2156,1,100,241200,18154,0,15,2,124,124,NORMAL,0,0,139,18,12,248,18,12,248,15,15,0,0,0,0
261268,61,ring,11714,0,0,0,139,154,1946,2156,1,100,240635,17970,0,15,2,124,124,NORMAL,0,0,139,18,12,248,18,12,248,15,15,0,0,0,0
261972,62,ring,12464,0,0,0,136,151,1904,2114,1,100,244212,14387,0,16,3,123,123,NORMAL,0,0,136,14,12,246,18,12,246,15,13,1,0,0,0
261821,28,ring,10463,0,0,0,139,154,1946,2156,1,100,242175,17971,0,15,2,124,124,NORMAL,0,0,139,18,12,248,18,12,248,15,15,0,0,0,0
261656,18,ring,9856,0,0,0,139,153,1946,2142,1,100,242639,18007,0,14,2,125,125,NORMAL,0,0,139,18,10,250,18,10,250,14,14,0,0,0,0
261430,31,ring,10200,0,0,0,139,154,1946,2156,1,100,242029,18010,0,15,2,124,124,NORMAL,0,0,139,18,12,248,18,12,248,15,15,0,0,0,0
261987,30,ring,10677,0,0,0,139,154,1946,2156,1,100,242108,18004,0,15,2,124,124,NORMAL,0,0,139,18,12,248,18,12,248,15,15,0,0,0,0
261769,45,ring,11204,0,0,0,139,154,1946,2156,1,100,241425,18077,0,15,2,124,124,NORMAL,0,0,139,18,12,248,18,12,248,15,15,0,0,0,0
261469,72,ring,12248,0,0,0,136,150,1904,2100,1,100,244143,14175,0,15,3,123,123,NORMAL,0,0,136,14,12,246,16,12,246,14,13,0,0,0,0
261905,42,ring,11106,0,0,0,139,154,1946,2156,1,100,241595,18114,0,15,2,124,124,NORMAL,0,0,139,18,12,248,18,12,248,15,15,0,0,0,0
261672,89,ring,8347,1,0,0,133,145,1862,2030,1,100,247900,10289,0,14,3,120,120,NORMAL,0,0,133,16,10,240,14,10,240,12,13,0,0,0,0
261950,85,ring,13127,0,0,0,136,150,1904,2100,1,100,243879,14167,0,15,3,122,122,NORMAL,0,0,136,16,12,244,16,12,244,14,14,0,0,0,0
261920,10,ring,9428,0,0,0,139,153,1946,2142,1,100,243210,18230,0,14,1,126,126,NORMAL,0,0,139,16,10,252,18,10,252,14,13,1,0,0,0
261839,22,ring,9849,0,0,0,139,153,1946,2142,1,100,242801,18072,0,14,2,125,125,NORMAL,0,0,139,18,10,250,18,10,250,14,14,0,0,0,0
270260,24,ring,10790,0,0,0,143,158,2002,2212,1,100,250275,18044,0,15,2,128,128,NORMAL,0,0,143,18,12,256,18,12,256,15,15,0,0,0,0
270230,88,ring,9045,3,3,14852,137,150,1918,2100,1,100,260291,5709,0,14,4,125,125,NORMAL,0,6,137,14,10,250,14,12,250,13,12,0,0,0,0
270109,80,ring,13321,1,0,0,140,153,1960,2142,1,100,251795,14205,0,15,4,126,126,NORMAL,0,0,140,16,12,252,14,12,252,13,14,0,0,0,0
270042,39,ring,11199,0,0,0,143,158,2002,2212,1,100,249655,18128,0,15,2,128,128,NORMAL,0,0,143,18,12,256,18,12,256,15,15,0,0,0,0
270330,1,ring,9717,0,0,0,144,163,2016,2282,1,100,260498,9101,0,19,2,130,130,NORMAL,0,0,144,18,10,260,18,20,260,14,14,0,0,0,0
270315,33,ring,11055,0,0,0,143,158,2002,2212,1,100,250037,18003,0,15,2,128,128,NORMAL,0,0,143,18,12,256,18,12,256,15,15,0,0,0,0
270312,76,ring,13247,0,0,0,139,152,1946,2128,1,100,252117,14024,0,14,4,126,126,NORMAL,0,0,139,14,12,252,14,12,252,13,13,0,0,0,0
270327,44,ring,11658,0,0,0,143,158,2002,2212,1,100,249528,18076,0,15,2,128,128,NORMAL,0,0,143,18,12,256,18,12,256,15,15,0,0,0,0
270518,50,ring,12125,0,0,0,143,158,2002,2212,1,100,249344,17987,0,15,2,128,128,NORMAL,0,0,143,18,12,256,18,12,256,15,15,0,0,0,0
270057,47,ring,11466,0,0,0,143,158,2002,2212,1,100,249436,18093,0,15,2,128,128,NORMAL,0,0,143,18,12,256,18,12,256,15,15,0,0,0,0
270463,41,ring,11516,0,0,0,143,158,2002,2212,1,100,249777,18089,0,15,2,128,128,NORMAL,0,0,143,18,12,256,18,12,256,15,15,0,0,0,0
270651,11,ring,10243,0,0,0,144,158,2016,2212,1,100,251125,18228,0,14,2,130,130,NORMAL,0,0,144,18,10,260,18,10,260,14,14,0,0,0,0
270478,9,ring,9912,0,0,0,144,158,2016,2212,1,100,251302,18182,0,14,2,130,130,NORMAL,0,0,144,18,10,260,18,10,260,14,14,0,0,0,0
270381,27,ring,10604,0,0,0,143,158,2002,2212,1,100,250609,17960,0,15,2,128,128,NORMAL,0,0,143,18,12,256,18,12,256,15,15,0,0,0,0
270193,4,ring,9316,0,0,0,144,158,2016,2212,1,100,251689,18142,0,14,2,130,130,NORMAL,0,0,144,18,10,260,18,10,260,14,14,0,0,0,0
270599,38,ring,11336,0,0,0,143,158,2002,2212,1,100,250085,18135,0,15,2,128,128,NORMAL,0,0,143,18,12,256,18,12,256,15,15,0,0,0,0
270150,100,ring,9083,1,0,0,150,151,2100,2114,1,100,251769,18233,0,14,2,131,124,LEADER,1,124,150,18,20,262,16,10,248,13,14,0,0,0,0
270503,82,ring,13334,0,0,0,140,154,1960,2156,1,100,252234,14192,0,15,4,126,126,NORMAL,0,0,140,16,12,252,16,12,252,14,14,0,0,0,0
270511,46,ring,11555,0,0,0,143,158,2002,2212,1,100,249829,18070,0,15,2,128,128,NORMAL,0,0,143,18,12,256,18,12,256,15,15,0,0,0,0
270614,6,ring,9713,0,0,0,144,158,2016,2212,1,100,251688,18156,0,14,2,130,130,NORMAL,0,0,144,18,10,260,18,10,260,14,14,0,0,0,0
270027,71,ring,12294,0,0,0,140,153,1960,2142,1,100,252640,14186,0,14,4,127,127,NORMAL,0,0,140,14,12,254,14,12,254,13,13,1,0,0,0
270094,91,ring,8497,0,0,0,136,149,1904,2086,1,100,256192,10244,0,14,4,124,124,NORMAL,0,0,136,14,10,248,16,10,248,13,12,1,0,0,0
270245,56,ring,11650,0,0,0,143,158,2002,2212,1,100,249602,17905,0,15,2,128,128,NORMAL,0,0,143,18,12,256,18,12,256,15,15,0,0,0,0
270366,79,ring,12844,0,0,0,140,153,1960,2142,1,100,252511,14059,0,14,4,127,127,NORMAL,0,0,140,14,12,254,14,12,254,13,13,0,0,0,0
270688,13,ring,9991,0,0,0,144,158,2016,2212,1,100,251473,18187,0,14,2,130,130,NORMAL,0,0,144,18,10,260,18,10,260,14,14,0,0,0,0
270300,65,ring,12115,0,0,0,141,155,1974,2170,1,100,252942,14355,0,15,3,127,127,NORMAL,0,0,141,16,12,254,16,12,254,14,14,0,0,0,0
270275,98,ring,8834,0,0,0,137,150,1918,2100,1,100,255985,10244,0,14,4,124,124,NORMAL,0,0,137,16,10,248,16,10,248,13,13,0,0,0,0
270842,96,ring,9289,1,0,0,137,150,1918,2100,1,100,256154,10190,0,15,4,124,124,NORMAL,0,0,137,16,10,248,16,10,248,13,13,0,0,0,0
270163,68,ring,12032,0,0,0,141,155,1974,2170,1,100,252906,14285,0,15,3,127,127,NORMAL,0,0,141,16,12,254,16,12,254,14,14,0,0,0,0
270178,36,ring,10395,0,0,0,143,158,2002,2212,1,100,250522,18128,0,15,2,128,128,NORMAL,0,0,143,18,12,256,18,12,256,15,15,0,0,0,0
270706,99,ring,9247,1,1,5231,137,150,1918,2100,1,100,252249,14052,0,13,4,124,124,NORMAL,0,2,137,16,10,248,16,10,248,13,13,0,0,0,0
270805,81,ring,13233,0,0,0,140,154,1960,2156,1,100,252611,14197,0,15,4,126,126,NORMAL,0,0,140,16,12,252,16,12,252,14,14,0,0,0,0
270850,53,ring,11911,0,0,0,143,158,2002,2212,1,100,249999,17856,0,15,2,128,128,NORMAL,0,0,143,18,12,256,18,12,256,15,15,0,0,0,0
270533,51,ring,11500,0,0,0,143,158,2002,2212,1,100,250035,17937,0,15,2,128,128,NORMAL,0,0,143,18,12,256,18,12,256,15,15,0,0,0,0
270351,15,ring,9558,0,0,0,144,158,2016,2212,1,100,251597,18128,0,14,2,130,130,NORMAL,0,0,144,18,10,260,18,10,260,14,14,0,0,0,0
270448,73,ring,12479,0,0,0,140,153,1960,2142,1,100,252891,14159,0,14,4,127,127,NORMAL,0,0,140,14,12,254,14,12,254,13,13,0,0,0,0
270751,3,ring,9326,0,0,0,145,159,2030,2226,1,100,252197,18185,0,14,2,131,131,NORMAL,0,0,145,18,10,262,18,10,262,14,14,0,0,0,0
270536,5,ring,9143,0,0,0,145,159,2030,2226,1,100,252210,18168,0,14,2,131,131,NORMAL,0,0,145,18,10,262,18,10,262,14,14,0,0,0,0
270736,35,ring,10687,0,0,0,143,158,2002,2212,1,100,250778,18133,0,15,2,128,128,NORMAL,0,0,143,18,12,256,18,12,256,15,15,0,0,0,0
271013,66,ring,12559,0,0,0,141,155,1974,2170,1,100,253222,14347,0,15,3,127,127,NORMAL,0,0,141,16,12,254,16,12,254,14,14,0,0,0,0
270396,21,ring,9761,0,0,0,144,158,2016,2212,1,100,251451,18109,0,14,2,130,130,NORMAL,0,0,144,18,10,260,18,10,260,14,14,0,0,0,0
271145,26,ring,10661,0,0,0,144,159,2016,2226,1,100,251329,17994,0,15,2,129,129,NORMAL,0,0,144,18,12,258,18,12,258,15,15,0,0,0,0
270924,84,ring,13242,0,0,0,140,154,1960,2156,1,100,252697,14226,0,15,4,126,126,NORMAL,0,0,140,16,12,252,16,12,252,14,14,0,0,0,0
270721,67,ring,12281,0,0,0,141,155,1974,2170,1,100,253196,14349,0,15,3,127,127,NORMAL,0,0,141,16,12,254,16,12,254,14,14,0,0,0,0
271308,2,ring,9731,0,0,0,145,159,2030,2226,1,100,252383,18189,0,14,2,131,131,NORMAL,0,0,145,18,10,262,18,10,262,14,14,0,0,0,0
270584,70,ring,12243,0,0,0,140,154,1960,2156,1,100,253175,14230,0,15,3,127,127,NORMAL,0,0,140,14,12,254,16,12,254,14,12,1,0,0,0
271460,90,ring,9248,0,0,0,138,151,1932,2114,1,100,256759,10278,0,14,3,125,125,NORMAL,0,0,138,16,10,250,16,10,250,13,13,0,0,0,0
270817,23,ring,10092,0,0,0,143,157,2002,2198,1,100,251550,18011,0,14,2,129,129,NORMAL,0,0,143,18,10,258,18,10,258,14,14,1,0,0,0
270669,55,ring,11447,0,0,0,143,158,2002,2212,1,100,250239,17835,0,15,2,128,128,NORMAL,0,0,143,18,12,256,18,12,256,15,15,0,0,0,0
271300,59,ring,12323,0,0,0,143,158,2002,2212,1,100,250017,17991,0,15,2,128,128,NORMAL,0,0,143,18,12,256,18,12,256,15,15,0,0,0,0
271157,37,ring,11070,0,0,0,143,158,2002,2212,1,100,250875,18136,0,15,2,128,128,NORMAL,0,0,143,18,12,256,18,12,256,15,15,0,0,0,0
270787,87,ring,13119,0,0,0,139,152,1946,2128,1,100,256629,10298,0,14,4,126,126,NORMAL,0,0,139,14,12,252,14,12,252,13,13,0,0,0,0
270666,58,ring,11596,0,0,0,143,158,2002,2212,1,100,250095,17951,0,15,2,128,128,NORMAL,0,0,143,18,12,256,18,12,256,15,15,0,0,0,0
270872,32,ring,10452,0,0,0,144,159,2016,2226,1,100,251182,18021,0,15,2,129,129,NORMAL,0,0,144,18,12,258,18,12,258,15,15,0,0,0,0
271009,29,ring,10457,0,0,0,144,159,2016,2226,1,100,251356,17998,0,15,2,129,129,NORMAL,0,0,144,18,12,258,18,12,258,15,15,0,0,0,0
271212,25,ring,10524,0,0,0,144,159,2016,2226,1,100,251498,18029,0,15,2,129,129,NORMAL,0,0,144,18,12,258,18,12,258,15,15,0,0,0,0
271278,12,ring,9924,0,0,0,145,159,2030,2226,1,100,252062,18231,0,14,2,131,131,NORMAL,0,0,145,18,10,262,18,10,262,14,14,0,0,0,0
271173,97,ring,9067,0,0,0,138,151,1932,2114,1,100,256668,10221,0,14,3,125,125,NORMAL,0,0,138,16,10,250,16,10,250,13,13,0,0,0,0
271227,14,ring,9918,0,0,0,145,159,2030,2226,1,100,252107,18177,0,14,2,131,131,NORMAL,0,0,145,18,10,262,18,10,262,14,14,0,0,0,0
270857,64,ring,11981,0,0,0,141,155,1974,2170,1,100,253596,14404,0,15,3,127,127,NORMAL,0,0,141,16,12,254,16,12,254,14,14,0,0,0,0
271142,69,ring,12445,0,0,0,141,155,1974,2170,1,100,253515,14248,0,15,3,127,127,NORMAL,0,0,141,16,12,254,16,12,254,14,13,0,0,0,0
271536,40,ring,11337,0,0,0,144,159,2016,2226,1,100,251029,18070,0,15,2,129,129,NORMAL,0,0,144,18,12,258,18,12,258,15,15,0,0,0,0
271090,17,ring,9801,0,0,0,144,158,2016,2212,1,100,252116,18064,0,14,2,130,130,NORMAL,0,0,144,18,10,260,18,10,260,14,14,0,0,0,0
271499,8,ring,9783,0,0,0,145,159,2030,2226,1,100,252470,18179,0,14,2,131,131,NORMAL,0,0,145,18,10,262,18,10,262,14,14,0,0,0,0
271333,75,ring,12849,0,0,0,140,153,1960,2142,1,100,253542,13999,0,14,3,127,127,NORMAL,0,0,140,14,12,254,14,12,254,13,13,0,0,0,0
271400,95,ring,9055,0,0,0,137,150,1918,2100,1,100,256945,10176,0,14,3,125,125,NORMAL,0,0,137,14,10,250,16,10,250,13,12,1,0,0,0
271754,77,ring,13364,0,0,0,140,153,1960,2142,1,100,253365,14112,0,14,3,127,127,NORMAL,0,0,140,14,12,254,14,12,254,13,13,0,0,0,0
271633,48,ring,11819,0,0,0,143,158,2002,2212,1,100,250670,18099,0,15,2,128,128,NORMAL,0,0,143,18,12,256,18,12,256,15,15,0,0,0,0
271824,54,ring,12243,0,0,0,143,158,2002,2212,1,100,250613,17837,0,15,2,128,128,NORMAL,0,0,143,18,12,256,18,12,256,15,15,0,0,0,0
270939,52,ring,11289,0,0,0,143,158,2002,2212,1,100,250669,17931,0,15,2,128,128,NORMAL,0,0,143,18,12,256,18,12,256,15,15,0,0,0,0
270954,20,ring,9739,0,0,0,144,158,2016,2212,1,100,252008,18111,0,14,2,130,130,NORMAL,0,0,144,18,10,260,18,10,260,14,14,0,0,0,0
271664,92,ring,9097,1,0,0,138,150,1932,2100,1,100,257144,10255,0,14,3,125,125,NORMAL,0,0,138,16,10,250,14,10,250,12,13,0,0,0,0
270979,93,ring,8442,1,0,0,138,151,1932,2114,1,100,257055,10313,0,15,3,125,125,NORMAL,0,0,138,16,10,250,16,10,250,13,13,0,0,0,0
271648,16,ring,10146,0,0,0,144,158,2016,2212,1,100,252266,18125,0,14,2,130,130,NORMAL,0,0,144,18,10,260,18,10,260,14,14,0,0,0,0
271415,63,ring,12229,0,0,0,141,155,1974,2170,1,100,253883,14394,0,15,3,127,127,NORMAL,0,0,141,16,12,254,16,12,254,14,14,0,0,0,0
271481,83,ring,13185,0,0,0,140,154,1960,2156,1,100,253369,14158,0,15,3,126,126,NORMAL,0,0,140,16,12,252,16,12,252,14,14,0,0,0,0
271197,78,ring,12690,0,0,0,140,153,1960,2142,1,100,253516,14064,0,14,3,127,127,NORMAL,0,0,140,14,12,254,14,12,254,13,13,0,0,0,0
271075,49,ring,11201,0,0,0,144,159,2016,2226,1,100,250765,18090,0,15,2,129,129,NORMAL,0,0,144,18,12,258,18,12,258,15,15,0,0,0,0
271975,19,ring,10571,0,0,0,144,158,2016,2212,1,100,252212,18070,0,14,2,130,130,NORMAL,0,0,144,18,10,260,18,10,260,14,14,0,0,0,0
271890,74,ring,13168,0,0,0,140,153,1960,2142,1,100,253735,14054,0,14,3,127,127,NORMAL,0,0,140,14,12,254,14,12,254,13,13,0,0,0,0
271957,94,ring,9393,0,0,0,138,151,1932,2114,1,100,257105,10274,0,14,3,125,125,NORMAL,0,0,138,16,10,250,16,10,250,13,13,0,0,0,0
271535,7,ring,9558,0,0,0,145,159,2030,2226,1,100,252753,18195,0,14,2,131,131,NORMAL,0,0,145,18,10,262,18,10,262,14,14,0,0,0,0
271263,57,ring,11629,0,0,0,144,159,2016,2226,1,100,250643,17922,0,15,2,129,129,NORMAL,0,0,144,18,12,258,18,12,258,15,15,0,0,0,0
271217,86,ring,12952,1,1,4787,139,153,1946,2142,1,100,257243,10232,0,15,3,126,126,NORMAL,0,2,139,14,12,252,16,12,252,14,13,0,0,0,0
271551,60,ring,12027,0,0,0,143,158,2002,2212,1,100,250613,17976,0,15,2,128,128,NORMAL,0,0,143,18,12,256,18,12,256,15,15,0,0,0,0
271293,34,ring,10398,0,0,0,144,159,2016,2226,1,100,251664,18032,0,15,2,129,129,NORMAL,0,0,144,18,12,258,18,12,258,15,15,0,0,0,0
271348,43,ring,10950,0,0,0,144,159,2016,2226,1,100,251200,18154,0,15,2,129,129,NORMAL,0,0,144,18,12,258,18,12,258,15,15,0,0,0,0
271268,61,ring,11714,0,0,0,144,159,2016,2226,1,100,250635,17970,0,15,2,129,129,NORMAL,0,0,144,18,12,258,18,12,258,15,15,0,0,0,0
271972,62,ring,12464,0,0,0,141,156,1974,2184,1,100,254212,14387,0,16,3,128,128,NORMAL,0,0,141,14,12,256,18,12,256,15,13,1,0,0,0
271821,28,ring,10463,0,0,0,144,159,2016,2226,1,100,252175,17971,0,15,2,129,129,NORMAL,0,0,144,18,12,258,18,12,258,15,15,0,0,0,0
271656,18,ring,9856,0,0,0,144,158,2016,2212,1,100,252639,18007,0,14,2,130,130,NORMAL,0,0,144,18,10,260,18,10,260,14,14,0,0,0,0
271430,31,ring,10200,0,0,0,144,159,2016,2226,1,100,252029,18010,0,15,2,129,129,NORMAL,0,0,144,18,12,258,18,12,258,15,15,0,0,0,0
271987,30,ring,10677,0,0,0,144,159,2016,2226,1,100,252108,18004,0,15,2,129,129,NORMAL,0,0,144,18,12,258,18,12,258,15,15,0,0,0,0
271769,45,ring,11204,0,0,0,144,159,2016,2226,1,100,251425,18077,0,15,2,129,129,NORMAL,0,0,144,18,12,258,18,12,258,15,15,0,0,0,0
271469,72,ring,12248,0,0,0,141,155,1974,2170,1,100,254143,14175,0,15,3,128,128,NORMAL,0,0,141,14,12,256,16,12,256,14,13,0,0,0,0
271905,42,ring,11106,0,0,0,144,159,2016,2226,1,100,251595,18114,0,15,2,129,129,NORMAL,0,0,144,18,12,258,18,12,258,15,15,0,0,0,0
271672,89,ring,8347,1,0,0,138,150,1932,2100,1,100,257900,10289,0,14,3,125,125,NORMAL,0,0,138,16,10,250,14,10,250,12,13,0,0,0,0
271950,85,ring,13127,0,0,0,140,154,1960,2156,1,100,253879,14167,0,15,3,126,126,NORMAL,0,0,140,16,12,252,16,12,252,14,14,0,0,0,0
271920,10,ring,9428,0,0,0,144,158,2016,2212,1,100,253210,18230,0,14,1,131,131,NORMAL,0,0,144,16,10,262,18,10,262,14,13,1,0,0,0
271839,22,ring,9849,0,0,0,144,158,2016,2212,1,100,252801,18072,0,14,2,130,130,NORMAL,0,0,144,18,10,260,18,10,260,14,14,0,0,0,0
280260,24,ring,10790,0,0,0,148,163,2072,2282,1,100,260275,18044,0,15,2,133,133,NORMAL,0,0,148,18,12,266,18,12,266,15,15,0,0,0,0
280230,88,ring,9045,3,3,14852,142,155,1988,2170,1,100,270291,5709,0,14,4,130,130,NORMAL,0,6,142,14,10,260,14,12,260,13,12,0,0,0,0
280109,80,ring,13321,1,0,0,145,158,2030,2212,1,100,261795,14205,0,15,4,131,131,NORMAL,0,0,145,16,12,262,14,12,262,13,14,0,0,0,0
280042,39,ring,11199,0,0,0,148,163,2072,2282,1,100,259655,18128,0,15,2,133,133,NORMAL,0,0,148,18,12,266,18,12,266,15,15,0,0,0,0
280330,1,ring,9717,0,0,0,149,168,2086,2352,1,100,270498,9101,0,19,2,135,135,NORMAL,0,0,149,18,10,270,18,20,270,14,14,0,0,0,0
280315,33,ring,11055,0,0,0,148,163,2072,2282,1,100,260037,18003,0,15,2,133,133,NORMAL,0,0,148,18,12,266,18,12,266,15,15,0,0,0,0
280312,76,ring,13247,0,0,0,144,157,2016,2198,1,100,262117,14024,0,14,4,131,131,NORMAL,0,0,144,14,12,262,14,12,262,13,13,0,0,0,0
280327,44,ring,11658,0,0,0,148,163,2072,2282,1,100,259528,18076,0,15,2,133,133,NORMAL,0,0,148,18,12,266,18,12,266,15,15,0,0,0,0
280518,50,ring,12125,0,0,0,148,163,2072,2282,1,100,259344,17987,0,15,2,133,133,NORMAL,0,0,148,18,12,266,18,12,266,15,15,0,0,0,0
280057,47,ring,11466,0,0,0,148,163,2072,2282,1,100,259436,18093,0,15,2,133,133,NORMAL,0,0,148,18,12,266,18,12,266,15,15,0,0,0,0
280463,41,ring,11516,0,0,0,148,163,2072,2282,1,100,259777,18089,0,15,2,133,133,NORMAL,0,0,148,18,12,266,18,12,266,15,15,0,0,0,0
280651,11,ring,10243,0,0,0,149,163,2086,2282,1,100,261125,18228,0,14,2,135,135,NORMAL,0,0,149,18,10,270,18,10,270,14,14,0,0,0,0
280478,9,ring,9912,0,0,0,149,163,2086,2282,1,100,261302,18182,0,14,2,135,135,NORMAL,0,0,149,18,10,270,18,10,270,14,14,0,0,0,0
280381,27,ring,10604,0,0,0,148,163,2072,2282,1,100,260609,17960,0,15,2,133,133,NORMAL,0,0,148,18,12,266,18,12,266,15,15,0,0,0,0
280193,4,ring,9316,0,0,0,149,163,2086,2282,1,100,261689,18142,0,14,2,135,135,NORMAL,0,0,149,18,10,270,18,10,270,14,14,0,0,0,0
280599,38,ring,11336,0,0,0,148,163,2072,2282,1,100,260085,18135,0,15,2,133,133,NORMAL,0,0,148,18,12,266,18,12,266,15,15,0,0,0,0
280150,100,ring,9083,1,0,0,155,156,2170,2184,1,100,261769,18233,0,14,2,136,129,LEADER,1,129,155,18,20,272,16,10,258,13,14,0,0,0,0
280503,82,ring,13334,0,0,0,144,158,2016,2212,1,100,262234,14192,0,15,4,130,130,NORMAL,0,0,144,16,12,260,16,12,260,14,14,0,0,0,0
280511,46,ring,11555,0,0,0,148,163,2072,2282,1,100,259829,18070,0,15,2,133,133,NORMAL,0,0,148,18,12,266,18,12,266,15,15,0,0,0,0
280614,6,ring,9713,0,0,0,149,163,2086,2282,1,100,261688,18156,0,14,2,135,135,NORMAL,0,0,149,18,10,270,18,10,270,14,14,0,0,0,0
280027,71,ring,12294,0,0,0,145,158,2030,2212,1,100,262640,14186,0,14,4,132,132,NORMAL,0,0,145,14,12,264,14,12,264,13,13,1,0,0,0
280094,91,ring,8497,0,0,0,141,154,1974,2156,1,100,266192,10244,0,14,4,129,129,NORMAL,0,0,141,14,10,258,16,10,258,13,12,1,0,0,0
280245,56,ring,11650,0,0,0,148,163,2072,2282,1,100,259602,17905,0,15,2,133,133,NORMAL,0,0,148,18,12,266,18,12,266,15,15,0,0,0,0
280366,79,ring,12844,0,0,0,145,158,2030,2212,1,100,262511,14059,0,14,4,132,132,NORMAL,0,0,145,14,12,264,14,12,264,13,13,0,0,0,0
280688,13,ring,9991,0,0,0,149,163,2086,2282,1,100,261473,18187,0,14,2,135,135,NORMAL,0,0,149,18,10,270,18,10,270,14,14,0,0,0,0
280300,65,ring,12115,0,0,0,146,160,2044,2240,1,100,262942,14355,0,15,3,132,132,NORMAL,0,0,146,16,12,264,16,12,264,14,14,0,0,0,0
280275,98,ring,8834,0,0,0,142,155,1988,2170,1,100,265985,10244,0,14,4,129,129,NORMAL,0,0,142,16,10,258,16,10,258,13,13,0,0,0,0
280842,96,ring,9289,1,0,0,142,155,1988,2170,1,100,266154,10190,0,15,4,129,129,NORMAL,0,0,142,16,10,258,16,10,258,13,13,0,0,0,0
280163,68,ring,12032,0,0,0,146,160,2044,2240,1,100,262906,14285,0,15,3,132,132,NORMAL,0,0,146,16,12,264,16,12,264,14,14,0,0,0,0
280178,36,ring,10395,0,0,0,148,163,2072,2282,1,100,260522,18128,0,15,2,133,133,NORMAL,0,0,148,18,12,266,18,12,266,15,15,0,0,0,0
280706,99,ring,9247,1,1,5231,142,155,1988,2170,1,100,262249,14052,0,13,4,129,129,NORMAL,0,2,142,16,10,258,16,10,258,13,13,0,0,0,0
280805,81,ring,13233,0,0,0,145,159,2030,2226,1,100,262611,14197,0,15,4,131,131,NORMAL,0,0,145,16,12,262,16,12,262,14,14,0,0,0,0
280850,53,ring,11911,0,0,0,148,163,2072,2282,1,100,259999,17856,0,15,2,133,133,NORMAL,0,0,148,18,12,266,18,12,266,15,15,0,0,0,0
280533,51,ring,11500,0,0,0,148,163,2072,2282,1,100,260035,17937,0,15,2,133,133,NORMAL,0,0,148,18,12,266,18,12,266,15,15,0,0,0,0
280351,15,ring,9558,0,0,0,149,163,2086,2282,1,100,261597,18128,0,14,2,135,135,NORMAL,0,0,149,18,10,270,18,10,270,14,14,0,0,0,0
280448,73,ring,12479,0,0,0,145,158,2030,2212,1,100,262891,14159,0,14,4,132,132,NORMAL,0,0,145,14,12,264,14,12,264,13,13,0,0,0,0
280751,3,ring,9326,0,0,0,150,164,2100,2296,1,100,262197,18185,0,14,2,136,136,NORMAL,0,0,150,18,10,272,18,10,272,14,14,0,0,0,0
280536,5,ring,9143,0,0,0,150,164,2100,2296,1,100,262210,18168,0,14,2,136,136,NORMAL,0,0,150,18,10,272,18,10,272,14,14,0,0,0,0
280736,35,ring,10687,0,0,0,148,163,2072,2282,1,100,260778,18133,0,15,2,133,133,NORMAL,0,0,148,18,12,266,18,12,266,15,15,0,0,0,0
281013,66,ring,12559,0,0,0,146,160,2044,2240,1,100,263222,14347,0,15,3,132,132,NORMAL,0,0,146,16,12,264,16,12,264,14,14,0,0,0,0
280396,21,ring,9761,0,0,0,149,163,2086,2282,1,100,261451,18109,0,14,2,135,135,NORMAL,0,0,149,18,10,270,18,10,270,14,14,0,0,0,0
281145,26,ring,10661,0,0,0,148,163,2072,2282,1,100,261329,17994,0,15,2,133,133,NORMAL,0,0,148,18,12,266,18,12,266,15,15,0,0,0,0
280924,84,ring,13242,0,0,0,145,159,2030,2226,1,100,262697,14226,0,15,4,131,131,NORMAL,0,0,145,16,12,262,16,12,262,14,14,0,0,0,0
280721,67,ring,12281,0,0,0,146,160,2044,2240,1,100,263196,14349,0,15,3,132,132,NORMAL,0,0,146,16,12,264,16,12,264,14,14,0,0,0,0
281308,2,ring,9731,0,0,0,150,164,2100,2296,1,100,262383,18189,0,14,2,136,136,NORMAL,0,0,150,18,10,272,18,10,272,14,14,0,0,0,0
280584,70,ring,12243,0,0,0,145,159,2030,2226,1,100,263175,14230,0,15,3,132,132,NORMAL,0,0,145,14,12,264,16,12,264,14,12,1,0,0,0
281460,90,ring,9248,0,0,0,143,156,2002,2184,1,100,266759,10278,0,14,3,130,130,NORMAL,0,0,143,16,10,260,16,10,260,13,13,0,0,0,0
280817,23,ring,10092,0,0,0,148,162,2072,2268,1,100,261550,18011,0,14,2,134,134,NORMAL,0,0,148,18,10,268,18,10,268,14,14,1,0,0,0
280669,55,ring,11447,0,0,0,148,163,2072,2282,1,100,260239,17835,0,15,2,133,133,NORMAL,0,0,148,18,12,266,18,12,266,15,15,0,0,0,0
281300,59,ring,12323,0,0,0,148,163,2072,2282,1,100,260017,17991,0,15,2,133,133,NORMAL,0,0,148,18,12,266,18,12,266,15,15,0,0,0,0
281157,37,ring,11070,0,0,0,148,163,2072,2282,1,100,260875,18136,0,15,2,133,133,NORMAL,0,0,148,18,12,266,18,12,266,15,15,0,0,0,0
280787,87,ring,13119,0,0,0,144,157,2016,2198,1,100,266629,10298,0,14,4,131,131,NORMAL,0,0,144,14,12,262,14,12,262,13,13,0,0,0,0
280666,58,ring,11596,0,0,0,148,163,2072,2282,1,100,260095,17951,0,15,2,133,133,NORMAL,0,0,148,18,12,266,18,12,266,15,15,0,0,0,0
280872,32,ring,10452,0,0,0,148,163,2072,2282,1,100,261182,18021,0,15,2,133,133,NORMAL,0,0,148,18,12,266,18,12,266,15,15,0,0,0,0
281009,29,ring,10457,0,0,0,149,164,2086,2296,1,100,261356,17998,0,15,2,134,134,NORMAL,0,0,149,18,12,268,18,12,268,15,15,0,0,0,0
281212,25,ring,10524,0,0,0,149,164,2086,2296,1,100,261498,18029,0,15,2,134,134,NORMAL,0,0,149,18,12,268,18,12,268,15,15,0,0,0,0
281278,12,ring,9924,0,0,0,150,164,2100,2296,1,100,262062,18231,0,14,2,136,136,NORMAL,0,0,150,18,10,272,18,10,272,14,14,0,0,0,0
281173,97,ring,9067,0,0,0,143,156,2002,2184,1,100,266668,10221,0,14,3,130,130,NORMAL,0,0,143,16,10,260,16,10,260,13,13,0,0,0,0
281227,14,ring,9918,0,0,0,150,164,2100,2296,1,100,262107,18177,0,14,2,136,136,NORMAL,0,0,150,18,10,272,18,10,272,14,14,0,0,0,0
280857,64,ring,11981,0,0,0,146,160,2044,2240,1,100,263596,14404,0,15,3,132,132,NORMAL,0,0,146,16,12,264,16,12,264,14,14,0,0,0,0
281142,69,ring,12445,0,0,0,146,160,2044,2240,1,100,263515,14248,0,15,3,132,132,NORMAL,0,0,146,16,12,264,16,12,264,14,13,0,0,0,0
281536,40,ring,11337,0,0,0,148,163,2072,2282,1,100,261029,18070,0,15,2,133,133,NORMAL,0,0,148,18,12,266,18,12,266,15,15,0,0,0,0
281090,17,ring,9801,0,0,0,149,163,2086,2282,1,100,262116,18064,0,14,2,135,135,NORMAL,0,0,149,18,10,270,18,10,270,14,14,0,0,0,0
281499,8,ring,9783,0,0,0,150,164,2100,2296,1,100,262470,18179,0,14,2,136,136,NORMAL,0,0,150,18,10,272,18,10,272,14,14,0,0,0,0
281333,75,ring,12849,0,0,0,145,158,2030,2212,1,100,263542,13999,0,14,3,132,132,NORMAL,0,0,145,14,12,264,14,12,264,13,13,0,0,0,0
281400,95,ring,9055,0,0,0,142,155,1988,2170,1,100,266945,10176,0,14,3,130,130,NORMAL,0,0,142,14,10,260,16,10,260,13,12,1,0,0,0
281754,77,ring,13364,0,0,0,145,158,2030,2212,1,100,263365,14112,0,14,3,132,132,NORMAL,0,0,145,14,12,264,14,12,264,13,13,0,0,0,0
281633,48,ring,11819,0,0,0,148,163,2072,2282,1,100,260670,18099,0,15,2,133,133,NORMAL,0,0,148,18,12,266,18,12,266,15,15,0,0,0,0
281824,54,ring,12243,0,0,0,148,163,2072,2282,1,100,260613,17837,0,15,2,133,133,NORMAL,0,0,148,18,12,266,18,12,266,15,15,0,0,0,0
280939,52,ring,11289,0,0,0,148,163,2072,2282,1,100,260669,17931,0,15,2,133,133,NORMAL,0,0,148,18,12,266,18,12,266,15,15,0,0,0,0
280954,20,ring,9739,0,0,0,149,163,2086,2282,1,100,262008,18111,0,14,2,135,135,NORMAL,0,0,149,18,10,270,18,10,270,14,14,0,0,0,0
281664,92,ring,9097,1,0,0,143,155,2002,2170,1,100,267144,10255,0,14,3,130,130,NORMAL,0,0,143,16,10,260,14,10,260,12,13,0,0,0,0
280979,93,ring,8442,1,0,0,143,156,2002,2184,1,100,267055,10313,0,15,3,130,130,NORMAL,0,0,143,16,10,260,16,10,260,13,13,0,0,0,0
281648,16,ring,10146,0,0,0,149,163,2086,2282,1,100,262266,18125,0,14,2,135,135,NORMAL,0,0,149,18,10,270,18,10,270,14,14,0,0,0,0
281415,63,ring,12229,0,0,0,146,160,2044,2240,1,100,263883,14394,0,15,3,132,132,NORMAL,0,0,146,16,12,264,16,12,264,14,14,0,0,0,0
281481,83,ring,13185,0,0,0,145,159,2030,2226,1,100,263369,14158,0,15,3,131,131,NORMAL,0,0,145,16,12,262,16,12,262,14,14,0,0,0,0
281197,78,ring,12690,0,0,0,145,158,2030,2212,1,100,263516,14064,0,14,3,132,132,NORMAL,0,0,145,14,12,264,14,12,264,13,13,0,0,0,0
281075,49,ring,11201,0,0,0,148,163,2072,2282,1,100,260765,18090,0,15,2,133,133,NORMAL,0,0,148,18,12,266,18,12,266,15,15,0,0,0,0
281975,19,ring,10571,0,0,0,149,163,2086,2282,1,100,262212,18070,0,14,2,135,135,NORMAL,0,0,149,18,10,270,18,10,270,14,14,0,0,0,0
281890,74,ring,13168,0,0,0,145,158,2030,2212,1,100,263735,14054,0,14,3,132,132,NORMAL,0,0,145,14,12,264,14,12,264,13,13,0,0,0,0
281957,94,ring,9393,0,0,0,143,156,2002,2184,1,100,267105,10274,0,14,3,130,130,NORMAL,0,0,143,16,10,260,16,10,260,13,13,0,0,0,0
281535,7,ring,9558,0,0,0,150,164,2100,2296,1,100,262753,18195,0,14,2,136,136,NORMAL,0,0,150,18,10,272,18,10,272,14,14,0,0,0,0
281263,57,ring,11629,0,0,0,148,163,2072,2282,1,100,260643,17922,0,15,2,133,133,NORMAL,0,0,148,18,12,266,18,12,266,15,15,0,0,0,0
281217,86,ring,12952,1,1,4787,144,158,2016,2212,1,100,267243,10232,0,15,3,131,131,NORMAL,0,2,144,14,12,262,16,12,262,14,13,0,0,0,0
281551,60,ring,12027,0,0,0,148,163,2072,2282,1,100,260613,17976,0,15,2,133,133,NORMAL,0,0,148,18,12,266,18,12,266,15,15,0,0,0,0
281293,34,ring,10398,0,0,0,149,164,2086,2296,1,100,261664,18032,0,15,2,134,134,NORMAL,0,0,149,18,12,268,18,12,268,15,15,0,0,0,0
281348,43,ring,10950,0,0,0,149,164,2086,2296,1,100,261200,18154,0,15,2,134,134,NORMAL,0,0,149,18,12,268,18,12,268,15,15,0,0,0,0
281268,61,ring,11714,0,0,0,148,163,2072,2282,1,100,260635,17970,0,15,2,133,133,NORMAL,0,0,148,18,12,266,18,12,266,15,15,0,0,0,0
281972,62,ring,12464,0,0,0,145,160,2030,2240,1,100,264212,14387,0,16,3,132,132,NORMAL,0,0,145,14,12,264,18,12,264,15,13,1,0,0,0
281821,28,ring,10463,0,0,0,149,164,2086,2296,1,100,262175,17971,0,15,2,134,134,NORMAL,0,0,149,18,12,268,18,12,268,15,15,0,0,0,0
281656,18,ring,9856,0,0,0,149,163,2086,2282,1,100,262639,18007,0,14,2,135,135,NORMAL,0,0,149,18,10,270,18,10,270,14,14,0,0,0,0
281430,31,ring,10200,0,0,0,149,164,2086,2296,1,100,262029,18010,0,15,2,134,134,NORMAL,0,0,149,18,12,268,18,12,268,15,15,0,0,0,0
281987,30,ring,10677,0,0,0,149,164,2086,2296,1,100,262108,18004,0,15,2,134,134,NORMAL,0,0,149,18,12,268,18,12,268,15,15,0,0,0,0
281769,45,ring,11204,0,0,0,149,164,2086,2296,1,100,261425,18077,0,15,2,134,134,NORMAL,0,0,149,18,12,268,18,12,268,15,15,0,0,0,0
281469,72,ring,12248,0,0,0,145,159,2030,2226,1,100,264143,14175,0,15,3,132,132,NORMAL,0,0,145,14,12,264,16,12,264,14,13,0,0,0,0
281905,42,ring,11106,0,0,0,149,164,2086,2296,1,100,261595,18114,0,15,2,134,134,NORMAL,0,0,149,18,12,268,18,12,268,15,15,0,0,0,0
281672,89,ring,8347,1,0,0,143,155,2002,2170,1,100,267900,10289,0,14,3,130,130,NORMAL,0,0,143,16,10,260,14,10,260,12,13,0,0,0,0
281950,85,ring,13127,0,0,0,145,159,2030,2226,1,100,263879,14167,0,15,3,131,131,NORMAL,0,0,145,16,12,262,16,12,262,14,14,0,0,0,0
281920,10,ring,9428,0,0,0,149,163,2086,2282,1,100,263210,18230,0,14,1,136,136,NORMAL,0,0,149,16,10,272,18,10,272,14,13,1,0,0,0
281839,22,ring,9849,0,0,0,149,163,2086,2282,1,100,262801,18072,0,14,2,135,135,NORMAL,0,0,149,18,10,270,18,10,270,14,14,0,0,0,0
290260,24,ring,10790,0,0,0,153,168,2142,2352,1,100,270275,18044,0,15,2,138,138,NORMAL,0,0,153,18,12,276,18,12,276,15,15,0,0,0,0
290230,88,ring,9045,3,3,14852,147,160,2058,2240,1,100,280291,5709,0,14,4,135,135,NORMAL,0,6,147,14,10,270,14,12,270,13,12,0,0,0,0
290109,80,ring,13321,1,0,0,150,163,2100,2282,1,100,271795,14205,0,15,4,136,136,NORMAL,0,0,150,16,12,272,14,12,272,13,14,0,0,0,0
290042,39,ring,11199,0,0,0,153,168,2142,2352,1,100,269655,18128,0,15,2,138,138,NORMAL,0,0,153,18,12,276,18,12,276,15,15,0,0,0,0
290330,1,ring,9717,0,0,0,154,173,2156,2422,1,100,280498,9101,0,19,2,140,140,NORMAL,0,0,154,18,10,280,18,20,280,14,14,0,0,0,0
290315,33,ring,11055,0,0,0,153,168,2142,2352,1,100,270037,18003,0,15,2,138,138,NORMAL,0,0,153,18,12,276,18,12,276,15,15,0,0,0,0
290312,76,ring,13247,0,0,0,149,162,2086,2268,1,100,272117,14024,0,14,4,136,136,NORMAL,0,0,149,14,12,272,14,12,272,13,13,0,0,0,0
290327,44,ring,11658,0,0,0,153,168,2142,2352,1,100,269528,18076,0,15,2,138,138,NORMAL,0,0,153,18,12,276,18,12,276,15,15,0,0,0,0
290518,50,ring,12125,0,0,0,153,168,2142,2352,1,100,269344,17987,0,15,2,138,138,NORMAL,0,0,153,18,12,276,18,12,276,15,15,0,0,0,0
290057,47,ring,11466,0,0,0,153,168,2142,2352,1,100,269436,18093,0,15,2,138,138,NORMAL,0,0,153,18,12,276,18,12,276,15,15,0,0,0,0
290463,41,ring,11516,0,0,0,153,168,2142,2352,1,100,269777,18089,0,15,2,138,138,NORMAL,0,0,153,18,12,276,18,12,276,15,15,0,0,0,0
290651,11,ring,10243,0,0,0,154,168,2156,2352,1,100,271125,18228,0,14,2,140,140,NORMAL,0,0,154,18,10,280,18,10,280,14,14,0,0,0,0
290478,9,ring,9912,0,0,0,154,168,2156,2352,1,100,271302,18182,0,14,2,140,140,NORMAL,0,0,154,18,10,280,18,10,280,14,14,0,0,0,0
290381,27,ring,10604,0,0,0,153,168,2142,2352,1,100,270609,17960,0,15,2,138,138,NORMAL,0,0,153,18,12,276,18,12,276,15,15,0,0,0,0
290193,4,ring,9316,0,0,0,154,168,2156,2352,1,100,271689,18142,0,14,2,140,140,NORMAL,0,0,154,18,10,280,18,10,280,14,14,0,0,0,0
290599,38,ring,11336,0,0,0,153,168,2142,2352,1,100,270085,18135,0,15,2,138,138,NORMAL,0,0,153,18,12,276,18,12,276,15,15,0,0,0,0
290150,100,ring,9083,1,0,0,160,161,2240,2254,1,100,271769,18233,0,14,2,141,134,LEADER,1,134,160,18,20,282,16,10,268,13,14,0,0,0,0
290503,82,ring,13334,0,0,0,150,164,2100,2296,1,100,272234,14192,0,15,4,136,136,NORMAL,0,0,150,16,12,272,16,12,272,14,14,0,0,0,0
290511,46,ring,11555,0,0,0,153,168,2142,2352,1,100,269829,18070,0,15,2,138,138,NORMAL,0,0,153,18,12,276,18,12,276,15,15,0,0,0,0
290614,6,ring,9713,0,0,0,154,168,2156,2352,1,100,271688,18156,0,14,2,140,140,NORMAL,0,0,154,18,10,280,18,10,280,14,14,0,0,0,0
290027,71,ring,12294,0,0,0,150,163,2100,2282,1,100,272640,14186,0,14,4,137,137,NORMAL,0,0,150,14,12,274,14,12,274,13,13,1,0,0,0
290094,91,ring,8497,0,0,0,146,159,2044,2226,1,100,276192,10244,0,14,4,134,134,NORMAL,0,0,146,14,10,268,16,10,268,13,12,1,0,0,0
290245,56,ring,11650,0,0,0,153,168,2142,2352,1,100,269602,17905,0,15,2,138,138,NORMAL,0,0,153,18,12,276,18,12,276,15,15,0,0,0,0
290366,79,ring,12844,0,0,0,150,163,2100,2282,1,100,272511,14059,0,14,4,137,137,NORMAL,0,0,150,14,12,274,14,12,274,13,13,0,0,0,0
290688,13,ring,9991,0,0,0,154,168,2156,2352,1,100,271473,18187,0,14,2,140,140,NORMAL,0,0,154,18,10,280,18,10,280,14,14,0,0,0,0
290300,65,ring,12115,0,0,0,151,165,2114,2310,1,100,272942,14355,0,15,3,137,137,NORMAL,0,0,151,16,12,274,16,12,274,14,14,0,0,0,0
290275,98,ring,8834,0,0,0,147,160,2058,2240,1,100,275985,10244,0,14,4,134,134,NORMAL,0,0,147,16,10,268,16,10,268,13,13,0,0,0,0
290842,96,ring,9289,1,0,0,148,161,2072,2254,1,100,276154,10190,0,15,4,135,135,NORMAL,0,0,148,16,10,270,16,10,270,13,13,0,0,0,0
290163,68,ring,12032,0,0,0,151,165,2114,2310,1,100,272906,14285,0,15,3,137,137,NORMAL,0,0,151,16,12,274,16,12,274,14,14,0,0,0,0
290178,36,ring,10395,0,0,0,153,168,2142,2352,1,100,270522,18128,0,15,2,138,138,NORMAL,0,0,153,18,12,276,18,12,276,15,15,0,0,0,0
290706,99,ring,9247,1,1,5231,148,161,2072,2254,1,100,272249,14052,0,13,4,135,135,NORMAL,0,2,148,16,10,270,16,10,270,13,13,0,0,0,0
290805,81,ring,13233,0,0,0,150,164,2100,2296,1,100,272611,14197,0,15,4,136,136,NORMAL,0,0,150,16,12,272,16,12,272,14,14,0,0,0,0
290850,53,ring,11911,0,0,0,153,168,2142,2352,1,100,269999,17856,0,15,2,138,138,NORMAL,0,0,153,18,12,276,18,12,276,15,15,0,0,0,0
290533,51,ring,11500,0,0,0,153,168,2142,2352,1,100,270035,17937,0,15,2,138,138,NORMAL,0,0,153,18,12,276,18,12,276,15,15,0,0,0,0
290351,15,ring,9558,0,0,0,154,168,2156,2352,1,100,271597,18128,0,14,2,140,140,NORMAL,0,0,154,18,10,280,18,10,280,14,14,0,0,0,0
290448,73,ring,12479,0,0,0,150,163,2100,2282,1,100,272891,14159,0,14,4,137,137,NORMAL,0,0,150,14,12,274,14,12,274,13,13,0,0,0,0
290751,3,ring,9326,0,0,0,155,169,2170,2366,1,100,272197,18185,0,14,2,141,141,NORMAL,0,0,155,18,10,282,18,10,282,14,14,0,0,0,0
290536,5,ring,9143,0,0,0,155,169,2170,2366,1,100,272210,18168,0,14,2,141,141,NORMAL,0,0,155,18,10,282,18,10,282,14,14,0,0,0,0
290736,35,ring,10687,0,0,0,153,168,2142,2352,1,100,270778,18133,0,15,2,138,138,NORMAL,0,0,153,18,12,276,18,12,276,15,15,0,0,0,0
291013,66,ring,12559,0,0,0,151,165,2114,2310,1,100,273222,14347,0,15,3,137,137,NORMAL,0,0,151,16,12,274,16,12,274,14,14,0,0,0,0
290396,21,ring,9761,0,0,0,154,168,2156,2352,1,100,271451,18109,0,14,2,140,140,NORMAL,0,0,154,18,10,280,18,10,280,14,14,0,0,0,0
291145,26,ring,10661,0,0,0,153,168,2142,2352,1,100,271329,17994,0,15,2,138,138,NORMAL,0,0,153,18,12,276,18,12,276,15,15,0,0,0,0
290924,84,ring,13242,0,0,0,150,164,2100,2296,1,100,272697,14226,0,15,4,136,136,NORMAL,0,0,150,16,12,272,16,12,272,14,14,0,0,0,0
290721,67,ring,12281,0,0,0,151,165,2114,2310,1,100,273196,14349,0,15,3,137,137,NORMAL,0,0,151,16,12,274,16,12,274,14,14,0,0,0,0
291308,2,ring,9731,0,0,0,155,169,2170,2366,1,100,272383,18189,0,14,2,141,141,NORMAL,0,0,155,18,10,282,18,10,282,14,14,0,0,0,0
290584,70,ring,12243,0,0,0,150,164,2100,2296,1,100,273175,14230,0,15,3,137,137,NORMAL,0,0,150,14,12,274,16,12,274,14,12,1,0,0,0
291460,90,ring,9248,0,0,0,148,161,2072,2254,1,100,276759,10278,0,14,3,135,135,NORMAL,0,0,148,16,10,270,16,10,270,13,13,0,0,0,0
290817,23,ring,10092,0,0,0,153,167,2142,2338,1,100,271550,18011,0,14,2,139,139,NORMAL,0,0,153,18,10,278,18,10,278,14,14,1,0,0,0
290669,55,ring,11447,0,0,0,153,168,2142,2352,1,100,270239,17835,0,15,2,138,138,NORMAL,0,0,153,18,12,276,18,12,276,15,15,0,0,0,0
291300,59,ring,12323,0,0,0,153,168,2142,2352,1,100,270017,17991,0,15,2,138,138,NORMAL,0,0,153,18,12,276,18,12,276,15,15,0,0,0,0
291157,37,ring,11070,0,0,0,153,168,2142,2352,1,100,270875,18136,0,15,2,138,138,NORMAL,0,0,153,18,12,276,18,12,276,15,15,0,0,0,0
290787,87,ring,13119,0,0,0,149,162,2086,2268,1,100,276629,10298,0,14,4,136,136,NORMAL,0,0,149,14,12,272,14,12,272,13,13,0,0,0,0
290666,58,ring,11596,0,0,0,153,168,2142,2352,1,100,270095,17951,0,15,2,138,138,NORMAL,0,0,153,18,12,276,18,12,276,15,15,0,0,0,0
290875,32,ring,10452,0,0,0,154,169,2156,2366,1,100,271185,18021,0,15,2,139,139,NORMAL,0,0,154,18,12,278,18,12,278,15,15,0,0,0,0
291009,29,ring,10457,0,0,0,154,169,2156,2366,1,100,271356,17998,0,15,2,139,139,NORMAL,0,0,154,18,12,278,18,12,278,15,15,0,0,0,0
291212,25,ring,10524,0,0,0,154,169,2156,2366,1,100,271498,18029,0,15,2,139,139,NORMAL,0,0,154,18,12,278,18,12,278,15,15,0,0,0,0
291278,12,ring,9924,0,0,0,155,169,2170,2366,1,100,272062,18231,0,14,2,141,141,NORMAL,0,0,155,18,10,282,18,10,282,14,14,0,0,0,0
291173,97,ring,9067,0,0,0,148,161,2072,2254,1,100,276668,10221,0,14,3,135,135,NORMAL,0,0,148,16,10,270,16,10,270,13,13,0,0,0,0
291227,14,ring,9918,0,0,0,155,169,2170,2366,1,100,272107,18177,0,14,2,141,141,NORMAL,0,0,155,18,10,282,18,10,282,14,14,0,0,0,0
290857,64,ring,11981,0,0,0,151,165,2114,2310,1,100,273596,14404,0,15,3,137,137,NORMAL,0,0,151,16,12,274,16,12,274,14,14,0,0,0,0
291142,69,ring,12445,0,0,0,151,165,2114,2310,1,100,273515,14248,0,15,3,137,137,NORMAL,0,0,151,16,12,274,16,12,274,14,13,0,0,0,0
291536,40,ring,11337,0,0,0,154,169,2156,2366,1,100,271029,18070,0,15,2,139,139,NORMAL,0,0,154,18,12,278,18,12,278,15,15,0,0,0,0
291090,17,ring,9801,0,0,0,154,168,2156,2352,1,100,272116,18064,0,14,2,140,140,NORMAL,0,0,154,18,10,280,18,10,280,14,14,0,0,0,0
291499,8,ring,9783,0,0,0,155,169,2170,2366,1,100,272470,18179,0,14,2,141,141,NORMAL,0,0,155,18,10,282,18,10,282,14,14,0,0,0,0
291333,75,ring,12849,0,0,0,150,163,2100,2282,1,100,273542,13999,0,14,3,137,137,NORMAL,0,0,150,14,12,274,14,12,274,13,13,0,0,0,0
291400,95,ring,9055,0,0,0,147,160,2058,2240,1,100,276945,10176,0,14,3,135,135,NORMAL,0,0,147,14,10,270,16,10,270,13,12,1,0,0,0
291754,77,ring,13364,0,0,0,150,163,2100,2282,1,100,273365,14112,0,14,3,137,137,NORMAL,0,0,150,14,12,274,14,12,274,13,13,0,0,0,0
291633,48,ring,11819,0,0,0,153,168,2142,2352,1,100,270670,18099,0,15,2,138,138,NORMAL,0,0,153,18,12,276,18,12,276,15,15,0,0,0,0
291824,54,ring,12243,0,0,0,153,168,2142,2352,1,100,270613,17837,0,15,2,138,138,NORMAL,0,0,153,18,12,276,18,12,276,15,15,0,0,0,0
290939,52,ring,11289,0,0,0,153,168,2142,2352,1,100,270669,17931,0,15,2,138,138,NORMAL,0,0,153,18,12,276,18,12,276,15,15,0,0,0,0
290954,20,ring,9739,0,0,0,154,168,2156,2352,1,100,272008,18111,0,14,2,140,140,NORMAL,0,0,154,18,10,280,18,10,280,14,14,0,0,0,0
291664,92,ring,9097,1,0,0,148,160,2072,2240,1,100,277144,10255,0,14,3,135,135,NORMAL,0,0,148,16,10,270,14,10,270,12,13,0,0,0,0
290979,93,ring,8442,1,0,0,148,161,2072,2254,1,100,277055,10313,0,15,3,135,135,NORMAL,0,0,148,16,10,270,16,10,270,13,13,0,0,0,0
291648,16,ring,10146,0,0,0,154,168,2156,2352,1,100,272266,18125,0,14,2,140,140,NORMAL,0,0,154,18,10,280,18,10,280,14,14,0,0,0,0
291415,63,ring,12229,0,0,0,151,165,2114,2310,1,100,273883,14394,0,15,3,137,137,NORMAL,0,0,151,16,12,274,16,12,274,14,14,0,0,0,0
291481,83,ring,13185,0,0,0,150,164,2100,2296,1,100,273369,14158,0,15,3,136,136,NORMAL,0,0,150,16,12,272,16,12,272,14,14,0,0,0,0
291197,78,ring,12690,0,0,0,150,163,2100,2282,1,100,273516,14064,0,14,3,137,137,NORMAL,0,0,150,14,12,274,14,12,274,13,13,0,0,0,0
291075,49,ring,11201,0,0,0,154,169,2156,2366,1,100,270765,18090,0,15,2,139,139,NORMAL,0,0,154,18,12,278,18,12,278,15,15,0,0,0,0
291975,19,ring,10571,0,0,0,154,168,2156,2352,1,100,272212,18070,0,14,2,140,140,NORMAL,0,0,154,18,10,280,18,10,280,14,14,0,0,0,0
291890,74,ring,13168,0,0,0,150,163,2100,2282,1,100,273735,14054,0,14,3,137,137,NORMAL,0,0,150,14,12,274,14,12,274,13,13,0,0,0,0
291957,94,ring,9393,0,0,0,148,161,2072,2254,1,100,277105,10274,0,14,3,135,135,NORMAL,0,0,148,16,10,270,16,10,270,13,13,0,0,0,0
291535,7,ring,9558,0,0,0,155,169,2170,2366,1,100,272753,18195,0,14,2,141,141,NORMAL,0,0,155,18,10,282,18,10,282,14,14,0,0,0,0
291263,57,ring,11629,0,0,0,153,168,2142,2352,1,100,270643,17922,0,15,2,138,138,NORMAL,0,0,153,18,12,276,18,12,276,15,15,0,0,0,0
291217,86,ring,12952,1,1,4787,149,163,2086,2282,1,100,277243,10232,0,15,3,136,136,NORMAL,0,2,149,14,12,272,16,12,272,14,13,0,0,0,0
291551,60,ring,12027,0,0,0,153,168,2142,2352,1,100,270613,17976,0,15,2,138,138,NORMAL,0,0,153,18,12,276,18,12,276,15,15,0,0,0,0
291293,34,ring,10398,0,0,0,154,169,2156,2366,1,100,271664,18032,0,15,2,139,139,NORMAL,0,0,154,18,12,278,18,12,278,15,15,0,0,0,0
291348,43,ring,10950,0,0,0,154,169,2156,2366,1,100,271200,18154,0,15,2,139,139,NORMAL,0,0,154,18,12,278,18,12,278,15,15,0,0,0,0
291268,61,ring,11714,0,0,0,153,168,2142,2352,1,100,270635,17970,0,15,2,138,138,NORMAL,0,0,153,18,12,276,18,12,276,15,15,0,0,0,0
291972,62,ring,12464,0,0,0,150,165,2100,2310,1,100,274212,14387,0,16,3,137,137,NORMAL,0,0,150,14,12,274,18,12,274,15,13,1,0,0,0
291821,28,ring,10463,0,0,0,154,169,2156,2366,1,100,272175,17971,0,15,2,139,139,NORMAL,0,0,154,18,12,278,18,12,278,15,15,0,0,0,0
291656,18,ring,9856,0,0,0,154,168,2156,2352,1,100,272639,18007,0,14,2,140,140,NORMAL,0,0,154,18,10,280,18,10,280,14,14,0,0,0,0
291430,31,ring,10200,0,0,0,154,169,2156,2366,1,100,272029,18010,0,15,2,139,139,NORMAL,0,0,154,18,12,278,18,12,278,15,15,0,0,0,0
291987,30,ring,10677,0,0,0,154,169,2156,2366,1,100,272108,18004,0,15,2,139,139,NORMAL,0,0,154,18,12,278,18,12,278,15,15,0,0,0,0
291769,45,ring,11204,0,0,0,154,169,2156,2366,1,100,271425,18077,0,15,2,139,139,NORMAL,0,0,154,18,12,278,18,12,278,15,15,0,0,0,0
291469,72,ring,12248,0,0,0,150,164,2100,2296,1,100,274143,14175,0,15,3,137,137,NORMAL,0,0,150,14,12,274,16,12,274,14,13,0,0,0,0
291905,42,ring,11106,0,0,0,154,169,2156,2366,1,100,271595,18114,0,15,2,139,139,NORMAL,0,0,154,18,12,278,18,12,278,15,15,0,0,0,0
291672,89,ring,8347,1,0,0,148,160,2072,2240,1,100,277900,10289,0,14,3,135,135,NORMAL,0,0,148,16,10,270,14,10,270,12,13,0,0,0,0
291950,85,ring,13127,0,0,0,150,164,2100,2296,1,100,273879,14167,0,15,3,136,136,NORMAL,0,0,150,16,12,272,16,12,272,14,14,0,0,0,0
291920,10,ring,9428,0,0,0,154,168,2156,2352,1,100,273210,18230,0,14,1,141,141,NORMAL,0,0,154,16,10,282,18,10,282,14,13,1,0,0,0
291839,22,ring,9849,0,0,0,154,168,2156,2352,1,100,272801,18072,0,14,2,140,140,NORMAL,0,0,154,18,10,280,18,10,280,14,14,0,0,0,0
