timestamp,node_id,algorithm,first_convergence_time_ms,elections_started,elections_completed,total_election_time_ms,messages_sent,messages_received,bytes_sent,bytes_received,leader_changes,current_leader,time_in_normal_ms,time_in_election_ms,time_in_waiting_ms,state_transitions,timeouts_detected,heartbeats_sent,heartbeats_received,current_state,am_leader,rounds_completed,current_round,min_value,value_updates,broadcasts
1504,2,adaptive-prasle,1504,1,0,0,1,3,14,42,1,2,0,1504,0,2,0,0,0,LEADER,1,0,0,0,0,1
1492,34,adaptive-prasle,1492,1,0,0,2,3,28,42,1,2,0,1492,0,2,0,0,0,NORMAL,0,0,0,0,0,2
1573,10,adaptive-prasle,1573,1,0,0,2,6,28,84,1,1,0,1573,0,2,0,0,0,NORMAL,0,0,0,0,0,2
1459,45,adaptive-prasle,1459,1,0,0,2,6,28,84,1,1,0,1459,0,2,0,0,0,NORMAL,0,0,0,0,0,2
1741,39,adaptive-prasle,1741,1,0,0,2,6,28,84,1,1,0,1741,0,2,0,0,0,NORMAL,0,0,0,0,0,2
1775,16,adaptive-prasle,1775,1,0,0,2,7,28,98,1,1,0,1775,0,2,0,0,0,NORMAL,0,0,0,0,0,2
1741,32,adaptive-prasle,1741,1,0,0,2,7,28,98,1,1,0,1741,0,2,0,0,0,NORMAL,0,0,0,0,0,2
1867,4,adaptive-prasle,1867,1,0,0,2,7,28,98,1,1,0,1867,0,2,0,0,0,NORMAL,0,0,0,0,0,2
1488,44,adaptive-prasle,1488,1,0,0,2,9,28,126,1,1,0,1488,0,2,0,0,0,NORMAL,0,0,0,0,0,2
1939,9,adaptive-prasle,1939,1,0,0,2,9,28,126,1,1,0,1939,0,2,0,0,0,NORMAL,0,0,0,0,0,2
2088,33,adaptive-prasle,2088,1,0,0,2,9,28,126,1,1,0,2088,0,2,0,0,0,NORMAL,0,0,0,0,0,2
1934,26,adaptive-prasle,1934,1,0,0,2,9,28,126,1,1,0,1934,0,2,0,0,0,NORMAL,0,0,0,0,0,2
1581,3,adaptive-prasle,1581,1,0,0,2,11,28,154,1,1,0,1581,0,2,0,0,0,NORMAL,0,0,0,0,0,2
2111,20,adaptive-prasle,2111,1,0,0,2,10,28,140,1,1,0,2111,0,2,0,0,0,NORMAL,0,0,0,0,0,2
1922,14,adaptive-prasle,1922,1,0,0,2,10,28,140,1,1,0,1922,0,2,0,0,0,NORMAL,0,0,0,0,0,2
1845,17,adaptive-prasle,1845,1,0,0,2,10,28,140,1,1,0,1845,0,2,0,0,0,NORMAL,0,0,0,0,0,2
1862,48,adaptive-prasle,1862,1,0,0,2,10,28,140,1,1,0,1862,0,2,0,0,0,NORMAL,0,0,0,0,0,2
1603,12,adaptive-prasle,1603,1,0,0,2,10,28,140,1,1,0,1603,0,2,0,0,0,NORMAL,0,0,0,0,0,2
2224,18,adaptive-prasle,2224,1,0,0,2,10,28,140,1,1,0,2224,0,2,0,0,0,NORMAL,0,0,0,0,0,2
2119,21,adaptive-prasle,2119,1,0,0,2,10,28,140,1,1,0,2119,0,2,0,0,0,NORMAL,0,0,0,0,0,2
1745,29,adaptive-prasle,1745,1,0,0,2,11,28,154,1,1,0,1745,0,2,0,0,0,NORMAL,0,0,0,0,0,2
2190,50,adaptive-prasle,2190,1,0,0,2,11,28,154,1,1,0,2190,0,2,0,0,0,NORMAL,0,0,0,0,0,2
1522,22,adaptive-prasle,1522,1,0,0,2,11,28,154,1,1,0,1522,0,2,0,0,0,NORMAL,0,0,0,0,0,2
1851,6,adaptive-prasle,1851,1,0,0,2,11,28,154,1,1,0,1851,0,2,0,0,0,NORMAL,0,0,0,0,0,2
2047,43,adaptive-prasle,2047,1,0,0,2,11,28,154,1,1,0,2047,0,2,0,0,0,NORMAL,0,0,0,0,0,2
2081,24,adaptive-prasle,2081,1,0,0,2,12,28,168,1,1,0,2081,0,2,0,0,0,NORMAL,0,0,0,0,0,2
1933,23,adaptive-prasle,1933,1,0,0,1,12,14,168,1,1,0,1933,0,2,0,0,0,NORMAL,0,0,0,0,0,1
1583,42,adaptive-prasle,1583,1,0,0,1,12,14,168,1,1,0,1583,0,2,0,0,0,NORMAL,0,0,0,0,0,1
2040,11,adaptive-prasle,2040,1,0,0,1,12,14,168,1,1,0,2040,0,2,0,0,0,NORMAL,0,0,0,0,0,1
1858,46,adaptive-prasle,1858,1,0,0,1,12,14,168,1,1,0,1858,0,2,0,0,0,NORMAL,0,0,0,0,0,1
1804,7,adaptive-prasle,1804,1,0,0,2,12,28,168,1,1,0,1804,0,2,0,0,0,NORMAL,0,0,0,0,0,2
2110,1,adaptive-prasle,2110,1,0,0,1,13,14,182,1,1,0,2110,0,2,0,0,0,LEADER,1,0,0,0,0,1
2424,34,adaptive-prasle,1492,1,0,0,3,12,42,168,1,2,932,1492,0,2,0,0,0,NORMAL,0,0,0,0,0,3
1782,49,adaptive-prasle,1782,1,0,0,1,12,14,168,1,1,0,1782,0,2,0,0,0,NORMAL,0,0,0,0,0,1
2237,31,adaptive-prasle,2237,1,0,0,2,12,28,168,1,1,0,2237,0,2,0,0,0,NORMAL,0,0,0,0,0,2
2073,13,adaptive-prasle,2073,1,0,0,2,13,28,182,1,1,0,2073,0,2,0,0,0,NORMAL,0,0,0,0,0,2
2542,2,adaptive-prasle,1504,1,0,0,2,13,28,182,1,2,1038,1504,0,2,0,0,0,LEADER,1,0,0,0,0,2
1901,36,adaptive-prasle,1901,1,0,0,1,13,14,182,1,1,0,1901,0,2,0,0,0,NORMAL,0,0,0,0,0,1
1766,19,adaptive-prasle,1766,1,0,0,1,12,14,168,1,1,0,1766,0,2,0,0,0,NORMAL,0,0,0,0,0,1
2390,38,adaptive-prasle,2390,1,0,0,1,13,14,182,1,1,0,2390,0,2,0,0,0,NORMAL,0,0,0,0,0,1
2295,8,adaptive-prasle,2295,1,0,0,1,14,14,196,1,1,0,2295,0,2,0,0,0,NORMAL,0,0,0,0,0,1
2290,15,adaptive-prasle,2290,1,0,0,1,13,14,182,1,1,0,2290,0,2,0,0,0,NORMAL,0,0,0,0,0,1
2536,10,adaptive-prasle,1573,1,0,0,2,13,28,182,1,1,963,1573,0,2,0,0,0,NORMAL,0,0,0,0,0,2
1977,47,adaptive-prasle,1977,1,0,0,1,13,14,182,1,1,0,1977,0,2,0,0,0,NORMAL,0,0,0,0,0,1
2718,16,adaptive-prasle,1775,1,0,0,2,13,28,182,1,1,943,1775,0,2,0,0,0,NORMAL,0,0,0,0,0,2
2537,45,adaptive-prasle,1459,1,0,0,2,13,28,182,1,1,1078,1459,0,2,0,0,0,NORMAL,0,0,0,0,0,2
2899,4,adaptive-prasle,1867,1,0,0,2,13,28,182,1,1,1032,1867,0,2,0,0,0,NORMAL,0,0,0,0,0,2
2141,40,adaptive-prasle,2141,1,0,0,1,13,14,182,1,1,0,2141,0,2,0,0,0,NORMAL,0,0,0,0,0,1
2449,25,adaptive-prasle,2449,1,0,0,1,13,14,182,1,1,0,2449,0,2,0,0,0,NORMAL,0,0,0,0,0,1
2850,39,adaptive-prasle,1741,1,0,0,2,13,28,182,1,1,1109,1741,0,2,0,0,0,NORMAL,0,0,0,0,0,2
2580,44,adaptive-prasle,1488,1,0,0,2,13,28,182,1,1,1092,1488,0,2,0,0,0,NORMAL,0,0,0,0,0,2
2252,28,adaptive-prasle,2252,1,0,0,1,13,14,182,1,1,0,2252,0,2,0,0,0,NORMAL,0,0,0,0,0,1
2258,30,adaptive-prasle,2258,1,0,0,1,13,14,182,1,1,0,2258,0,2,0,0,0,NORMAL,0,0,0,0,0,1
3110,33,adaptive-prasle,2088,1,0,0,2,13,28,182,1,1,1022,2088,0,2,0,0,0,NORMAL,0,0,0,0,0,2
2441,37,adaptive-prasle,2441,1,0,0,1,13,14,182,1,1,0,2441,0,2,0,0,0,NORMAL,0,0,0,0,0,1
2318,27,adaptive-prasle,2318,1,0,0,1,13,14,182,1,1,0,2318,0,2,0,0,0,NORMAL,0,0,0,0,0,1
3067,20,adaptive-prasle,2111,1,0,0,2,13,28,182,1,1,956,2111,0,2,0,0,0,NORMAL,0,0,0,0,0,2
2884,14,adaptive-prasle,1922,1,0,0,2,13,28,182,1,1,962,1922,0,2,0,0,0,NORMAL,0,0,0,0,0,2
3030,26,adaptive-prasle,1934,1,0,0,2,13,28,182,1,1,1096,1934,0,2,0,0,0,NORMAL,0,0,0,0,0,2
2316,5,adaptive-prasle,2316,1,0,0,1,13,14,182,1,1,0,2316,0,2,0,0,0,NORMAL,0,0,0,0,0,1
2867,17,adaptive-prasle,1845,1,0,0,2,13,28,182,1,1,1022,1845,0,2,0,0,0,NORMAL,0,0,0,0,0,2
3219,18,adaptive-prasle,2224,1,0,0,2,13,28,182,1,1,995,2224,0,2,0,0,0,NORMAL,0,0,0,0,0,2
2400,22,adaptive-prasle,1522,1,0,0,2,13,28,182,1,1,878,1522,0,2,0,0,0,NORMAL,0,0,0,0,0,2
2935,48,adaptive-prasle,1862,1,0,0,2,13,28,182,1,1,1073,1862,0,2,0,0,0,NORMAL,0,0,0,0,0,2
2409,41,adaptive-prasle,2409,1,0,0,1,13,14,182,1,1,0,2409,0,2,0,0,0,NORMAL,0,0,0,0,0,1
2766,23,adaptive-prasle,1933,1,0,0,1,13,14,182,1,1,833,1933,0,2,0,0,0,NORMAL,0,0,0,0,0,1
3123,21,adaptive-prasle,2119,1,0,0,2,13,28,182,1,1,1004,2119,0,2,0,0,0,NORMAL,0,0,0,0,0,2
2728,3,adaptive-prasle,1581,1,0,0,2,13,28,182,1,1,1147,1581,0,2,0,0,0,NORMAL,0,0,0,0,0,2
2961,43,adaptive-prasle,2047,1,0,0,2,13,28,182,1,1,914,2047,0,2,0,0,0,NORMAL,0,0,0,0,0,2
2416,35,adaptive-prasle,2416,1,0,0,1,12,14,168,1,1,0,2416,0,2,0,0,0,NORMAL,0,0,0,0,0,1
2727,46,adaptive-prasle,1858,1,0,0,1,13,14,182,1,1,869,1858,0,2,0,0,0,NORMAL,0,0,0,0,0,1
2785,29,adaptive-prasle,1745,1,0,0,2,13,28,182,1,1,1040,1745,0,2,0,0,0,NORMAL,0,0,0,0,0,2
2494,42,adaptive-prasle,1583,1,0,0,1,13,14,182,1,1,911,1583,0,2,0,0,0,NORMAL,0,0,0,0,0,1
2951,11,adaptive-prasle,2040,1,0,0,1,13,14,182,1,1,911,2040,0,2,0,0,0,NORMAL,0,0,0,0,0,1
3275,50,adaptive-prasle,2190,1,0,0,2,13,28,182,1,1,1085,2190,0,2,0,0,0,NORMAL,0,0,0,0,0,2
2833,12,adaptive-prasle,1603,1,0,0,2,13,28,182,1,1,1230,1603,0,2,0,0,0,NORMAL,0,0,0,0,0,2
3350,34,adaptive-prasle,1492,1,0,0,3,13,42,182,1,2,1858,1492,0,2,0,0,0,NORMAL,0,0,0,0,0,3
3280,32,adaptive-prasle,1741,1,0,0,2,13,28,182,1,1,1539,1741,0,2,0,0,0,NORMAL,0,0,0,0,0,2
2741,49,adaptive-prasle,1782,1,0,0,1,13,14,182,1,1,959,1782,0,2,0,0,0,NORMAL,0,0,0,0,0,1
3166,24,adaptive-prasle,2081,1,0,0,2,13,28,182,1,1,1085,2081,0,2,0,0,0,NORMAL,0,0,0,0,0,2
3044,6,adaptive-prasle,1851,1,0,0,2,13,28,182,1,1,1193,1851,0,2,0,0,0,NORMAL,0,0,0,0,0,2
3180,1,adaptive-prasle,2110,1,0,0,1,14,14,196,1,1,1070,2110,0,2,0,0,0,LEADER,1,0,0,0,0,1
2884,36,adaptive-prasle,1901,1,0,0,1,13,14,182,1,1,983,1901,0,2,0,0,0,NORMAL,0,0,0,0,0,1
3561,2,adaptive-prasle,1504,1,0,0,2,13,28,182,1,2,2057,1504,0,2,0,0,0,LEADER,1,0,0,0,0,2
3120,15,adaptive-prasle,2290,1,0,0,1,13,14,182,1,1,830,2290,0,2,0,0,0,NORMAL,0,0,0,0,0,1
3227,13,adaptive-prasle,2073,1,0,0,2,13,28,182,1,1,1154,2073,0,2,0,0,0,NORMAL,0,0,0,0,0,2
2873,47,adaptive-prasle,1977,1,0,0,1,13,14,182,1,1,896,1977,0,2,0,0,0,NORMAL,0,0,0,0,0,1
3430,31,adaptive-prasle,2237,1,0,0,2,13,28,182,1,1,1193,2237,0,2,0,0,0,NORMAL,0,0,0,0,0,2
3078,7,adaptive-prasle,1804,1,0,0,2,13,28,182,1,1,1274,1804,0,2,0,0,0,NORMAL,0,0,0,0,0,2
3723,9,adaptive-prasle,1939,1,0,0,2,13,28,182,1,1,1784,1939,0,2,0,0,0,NORMAL,0,0,0,0,0,2
2851,19,adaptive-prasle,1766,1,0,0,1,12,14,168,1,1,1085,1766,0,2,0,0,0,NORMAL,0,0,0,0,0,1
3475,38,adaptive-prasle,2390,1,0,0,1,13,14,182,1,1,1085,2390,0,2,0,0,0,NORMAL,0,0,0,0,0,1
3686,16,adaptive-prasle,1775,1,0,0,2,13,28,182,1,1,1911,1775,0,2,0,0,0,NORMAL,0,0,0,0,0,2
3389,8,adaptive-prasle,2295,1,0,0,1,14,14,196,1,1,1094,2295,0,2,0,0,0,NORMAL,0,0,0,0,0,1
2989,40,adaptive-prasle,2141,1,0,0,1,13,14,182,1,1,848,2141,0,2,0,0,0,NORMAL,0,0,0,0,0,1
3564,10,adaptive-prasle,1573,1,0,0,2,13,28,182,1,1,1991,1573,0,2,0,0,0,NORMAL,0,0,0,0,0,2
3182,28,adaptive-prasle,2252,1,0,0,2,14,28,196,1,1,930,2252,0,2,0,0,0,NORMAL,0,0,0,0,0,2
3469,25,adaptive-prasle,2449,1,0,0,2,14,28,196,1,1,1020,2449,0,2,0,0,0,NORMAL,0,0,0,0,0,2
3994,4,adaptive-prasle,1867,1,0,0,3,15,42,210,1,1,2127,1867,0,2,0,0,0,NORMAL,0,0,0,0,0,3
4024,20,adaptive-prasle,2111,1,0,0,3,15,42,210,1,1,1913,2111,0,2,0,0,0,NORMAL,0,0,0,0,0,3
4114,33,adaptive-prasle,2088,1,0,0,3,15,42,210,1,1,2026,2088,0,2,0,0,0,NORMAL,0,0,0,0,0,3
3683,45,adaptive-prasle,1459,1,0,0,3,15,42,210,1,1,2224,1459,0,2,0,0,0,NORMAL,0,0,0,0,0,3
3599,23,adaptive-prasle,1933,1,0,0,2,15,28,210,1,1,1666,1933,0,2,0,0,0,NORMAL,0,0,0,0,0,2
3314,27,adaptive-prasle,2318,1,0,0,2,15,28,210,1,1,996,2318,0,2,0,0,0,NORMAL,0,0,0,0,0,2
3846,14,adaptive-prasle,1922,1,0,0,3,15,42,210,1,1,1924,1922,0,2,0,0,0,NORMAL,0,0,0,0,0,3
3237,5,adaptive-prasle,2316,1,0,0,2,15,28,210,1,1,921,2316,0,2,0,0,0,NORMAL,0,0,0,0,0,2
3279,22,adaptive-prasle,1522,1,0,0,3,15,42,210,1,1,1757,1522,0,2,0,0,0,NORMAL,0,0,0,0,0,3
4026,39,adaptive-prasle,1741,1,0,0,3,18,42,252,1,1,2285,1741,0,2,0,0,0,NORMAL,0,0,0,0,0,3
3368,30,adaptive-prasle,2258,1,0,0,2,18,28,252,1,1,1110,2258,0,2,0,0,0,NORMAL,0,0,0,0,0,2
3597,46,adaptive-prasle,1858,1,0,0,2,18,28,252,1,1,1739,1858,0,2,0,0,0,NORMAL,0,0,0,0,0,2
4215,18,adaptive-prasle,2224,1,0,0,3,18,42,252,1,1,1991,2224,0,2,0,0,0,NORMAL,0,0,0,0,0,3
3746,44,adaptive-prasle,1488,1,0,0,3,18,42,252,1,1,2258,1488,0,2,0,0,0,NORMAL,0,0,0,0,0,3
3875,43,adaptive-prasle,2047,1,0,0,3,18,42,252,1,1,1828,2047,0,2,0,0,0,NORMAL,0,0,0,0,0,3
3572,37,adaptive-prasle,2441,1,0,0,2,18,28,252,1,1,1131,2441,0,2,0,0,0,NORMAL,0,0,0,0,0,2
3890,17,adaptive-prasle,1845,1,0,0,3,18,42,252,1,1,2045,1845,0,2,0,0,0,NORMAL,0,0,0,0,0,3
3406,42,adaptive-prasle,1583,1,0,0,2,18,28,252,1,1,1823,1583,0,2,0,0,0,NORMAL,0,0,0,0,0,2
3863,11,adaptive-prasle,2040,1,0,0,2,18,28,252,1,1,1823,2040,0,2,0,0,0,NORMAL,0,0,0,0,0,2
4128,21,adaptive-prasle,2119,1,0,0,3,18,42,252,1,1,2009,2119,0,2,0,0,0,NORMAL,0,0,0,0,0,3
4134,26,adaptive-prasle,1934,1,0,0,3,19,42,266,1,1,2200,1934,0,2,0,0,0,NORMAL,0,0,0,0,0,3
3441,41,adaptive-prasle,2409,1,0,0,2,20,28,280,1,1,1032,2409,0,2,0,0,0,NORMAL,0,0,0,0,0,2
4008,48,adaptive-prasle,1862,1,0,0,3,20,42,280,1,1,2146,1862,0,2,0,0,0,NORMAL,0,0,0,0,0,3
3795,29,adaptive-prasle,1745,1,0,0,3,20,42,280,1,1,2050,1745,0,2,0,0,0,NORMAL,0,0,0,0,0,3
3877,3,adaptive-prasle,1581,1,0,0,3,21,42,294,1,1,2296,1581,0,2,0,0,0,NORMAL,0,0,0,0,0,3
4369,50,adaptive-prasle,2190,1,0,0,3,21,42,294,1,1,2179,2190,0,2,0,0,0,NORMAL,0,0,0,0,0,3
3730,49,adaptive-prasle,1782,1,0,0,2,21,28,294,1,1,1948,1782,0,2,0,0,0,NORMAL,0,0,0,0,0,2
4427,34,adaptive-prasle,1492,1,0,0,5,21,70,294,1,2,2935,1492,0,3,0,0,0,NORMAL,0,0,0,0,0,5
4027,15,adaptive-prasle,2290,1,0,0,2,21,28,294,1,1,1737,2290,0,2,0,0,0,NORMAL,0,0,0,0,0,2
4216,24,adaptive-prasle,2081,1,0,0,3,21,42,294,1,1,2135,2081,0,2,0,0,0,NORMAL,0,0,0,0,0,3
3867,36,adaptive-prasle,1901,1,0,0,2,21,28,294,1,1,1966,1901,0,2,0,0,0,NORMAL,0,0,0,0,0,2
3751,47,adaptive-prasle,1977,1,0,0,2,21,28,294,1,1,1774,1977,0,2,0,0,0,NORMAL,0,0,0,0,0,2
4022,12,adaptive-prasle,1603,1,0,0,3,21,42,294,1,1,2419,1603,0,2,0,0,0,NORMAL,0,0,0,0,0,3
4253,1,adaptive-prasle,2110,1,0,0,2,23,28,322,1,1,2143,2110,0,2,0,0,0,LEADER,1,0,0,0,0,2
4628,2,adaptive-prasle,1504,1,0,0,3,22,42,308,1,2,3124,1504,0,3,0,0,0,LEADER,1,0,0,0,0,3
4251,6,adaptive-prasle,1851,1,0,0,3,23,42,322,1,1,2400,1851,0,2,0,0,0,NORMAL,0,0,0,0,0,3
4647,16,adaptive-prasle,1775,1,0,0,3,23,42,322,2,2,2872,1775,0,3,0,0,0,NORMAL,0,0,0,0,0,3
3957,40,adaptive-prasle,2141,1,0,0,2,23,28,322,1,1,1816,2141,0,2,0,0,0,NORMAL,0,0,0,0,0,2
3975,19,adaptive-prasle,1766,1,0,0,2,22,28,308,1,1,2209,1766,0,2,0,0,0,NORMAL,0,0,0,0,0,2
4599,38,adaptive-prasle,2390,1,0,0,2,23,28,322,1,1,2209,2390,0,2,0,0,0,NORMAL,0,0,0,0,0,2
4071,28,adaptive-prasle,2252,1,0,0,2,23,28,322,1,1,1819,2252,0,2,0,0,0,NORMAL,0,0,0,0,0,2
4410,13,adaptive-prasle,2073,1,0,0,3,23,42,322,1,1,2337,2073,0,2,0,0,0,NORMAL,0,0,0,0,0,3
4684,10,adaptive-prasle,1573,1,0,0,4,24,56,336,1,1,3111,1573,0,3,0,0,0,NORMAL,0,0,0,0,0,4
4555,8,adaptive-prasle,2295,1,0,0,3,25,42,350,1,1,2260,2295,0,2,0,0,0,NORMAL,0,0,0,0,0,3
4700,31,adaptive-prasle,2237,1,0,0,4,24,56,336,1,1,2463,2237,0,2,0,0,0,NORMAL,0,0,0,0,0,4
4816,32,adaptive-prasle,1741,1,0,0,4,24,56,336,1,1,3075,1741,0,2,0,0,0,NORMAL,0,0,0,0,0,4
4471,25,adaptive-prasle,2449,1,0,0,3,24,42,336,1,1,2022,2449,0,2,0,0,0,NORMAL,0,0,0,0,0,3
4358,7,adaptive-prasle,1804,1,0,0,4,24,56,336,1,1,2554,1804,0,2,0,0,0,NORMAL,0,0,0,0,0,4
4543,23,adaptive-prasle,1933,1,0,0,4,26,56,364,1,1,2610,1933,0,3,0,0,0,NORMAL,0,0,0,0,0,4
5050,20,adaptive-prasle,2111,1,0,0,5,27,70,378,1,1,2939,2111,0,3,0,0,0,NORMAL,0,0,0,0,0,5
4541,46,adaptive-prasle,1858,1,0,0,4,27,56,378,1,1,2683,1858,0,3,0,0,0,NORMAL,0,0,0,0,0,4
5190,33,adaptive-prasle,2088,1,0,0,5,29,70,406,1,1,3102,2088,0,3,0,0,0,NORMAL,0,0,0,0,0,5
4374,27,adaptive-prasle,2318,1,0,0,3,29,42,406,1,1,2056,2318,0,2,0,0,0,NORMAL,0,0,0,0,0,3
4322,22,adaptive-prasle,1522,1,0,0,5,29,70,406,1,1,2800,1522,0,3,0,0,0,NORMAL,0,0,0,0,0,5
4320,42,adaptive-prasle,1583,1,0,0,4,29,56,406,1,1,2737,1583,0,3,0,0,0,NORMAL,0,0,0,0,0,4
4776,11,adaptive-prasle,2040,1,0,0,4,29,56,406,1,1,2736,2040,0,3,0,0,0,NORMAL,0,0,0,0,0,4
4843,43,adaptive-prasle,2047,1,0,0,5,29,70,406,1,1,2796,2047,0,3,0,0,0,NORMAL,0,0,0,0,0,5
5193,18,adaptive-prasle,2224,1,0,0,5,29,70,406,1,1,2969,2224,0,3,0,0,0,NORMAL,0,0,0,0,0,5
4964,14,adaptive-prasle,1922,1,0,0,5,29,70,406,1,1,3042,1922,0,3,0,0,0,NORMAL,0,0,0,0,0,5
4426,30,adaptive-prasle,2258,1,0,0,3,29,42,406,1,1,2168,2258,0,2,0,0,0,NORMAL,0,0,0,0,0,3
4927,17,adaptive-prasle,1845,1,0,0,5,29,70,406,1,1,3082,1845,0,3,0,0,0,NORMAL,0,0,0,0,0,5
5211,4,adaptive-prasle,1867,1,0,0,5,28,70,392,1,1,3344,1867,0,3,0,0,0,NORMAL,0,0,0,0,0,5
5160,39,adaptive-prasle,1741,1,0,0,5,29,70,406,1,1,3419,1741,0,3,0,0,0,NORMAL,0,0,0,0,0,5
4839,44,adaptive-prasle,1488,1,0,0,5,29,70,406,1,1,3351,1488,0,3,0,0,0,NORMAL,0,0,0,0,0,5
4655,37,adaptive-prasle,2441,1,0,0,3,29,42,406,1,1,2214,2441,0,2,0,0,0,NORMAL,0,0,0,0,0,3
4783,29,adaptive-prasle,1745,1,0,0,5,29,70,406,1,1,3038,1745,0,3,0,0,0,NORMAL,0,0,0,0,0,5
4953,45,adaptive-prasle,1459,1,0,0,5,30,70,420,1,1,3494,1459,0,3,0,0,0,NORMAL,0,0,0,0,0,5
5291,26,adaptive-prasle,1934,1,0,0,5,32,70,448,1,1,3357,1934,0,3,0,0,0,NORMAL,0,0,0,0,0,5
4619,41,adaptive-prasle,2409,1,0,0,3,32,42,448,1,1,2210,2409,0,2,0,0,0,NORMAL,0,0,0,0,0,3
4775,36,adaptive-prasle,1901,1,0,0,4,32,56,448,1,1,2874,1901,0,3,0,0,0,NORMAL,0,0,0,0,0,4
5178,48,adaptive-prasle,1862,1,0,0,5,32,70,448,1,1,3316,1862,0,3,0,0,0,NORMAL,0,0,0,0,0,5
5357,21,adaptive-prasle,2119,1,0,0,5,32,70,448,1,1,3238,2119,0,3,0,0,0,NORMAL,0,0,0,0,0,5
4675,47,adaptive-prasle,1977,1,0,0,4,32,56,448,1,1,2698,1977,0,3,0,0,0,NORMAL,0,0,0,0,0,4
5511,9,adaptive-prasle,1939,1,0,0,4,32,56,448,1,1,3572,1939,0,2,0,0,0,NORMAL,0,0,0,0,0,4
5189,24,adaptive-prasle,2081,1,0,0,5,32,70,448,1,1,3108,2081,0,3,0,0,0,NORMAL,0,0,0,0,0,5
5081,15,adaptive-prasle,2290,1,0,0,4,32,56,448,1,1,2791,2290,0,3,0,0,0,NORMAL,0,0,0,0,0,4
5509,50,adaptive-prasle,2190,1,0,0,5,32,70,448,1,1,3319,2190,0,3,0,0,0,NORMAL,0,0,0,0,0,5
5058,3,adaptive-prasle,1581,1,0,0,5,31,70,434,1,1,3477,1581,0,3,0,0,0,NORMAL,0,0,0,0,0,5
5244,1,adaptive-prasle,2110,1,0,0,3,33,42,462,1,1,3134,2110,0,3,0,0,0,LEADER,1,0,0,0,0,3
4889,49,adaptive-prasle,1782,1,0,0,4,32,56,448,1,1,3107,1782,0,3,0,0,0,NORMAL,0,0,0,0,0,4
4983,28,adaptive-prasle,2252,1,0,0,3,32,42,448,1,1,2731,2252,0,3,0,0,0,NORMAL,0,0,0,0,0,3
4889,35,adaptive-prasle,2416,1,0,0,2,31,28,434,1,1,2473,2416,0,2,0,0,0,NORMAL,0,0,0,0,0,2
4956,40,adaptive-prasle,2141,1,0,0,3,32,42,448,1,1,2815,2141,0,3,0,0,0,NORMAL,0,0,0,0,0,3
5694,16,adaptive-prasle,1775,1,0,0,4,32,56,448,2,2,3919,1775,0,3,0,0,0,NORMAL,0,0,0,0,0,4
5290,12,adaptive-prasle,1603,1,0,0,5,32,70,448,1,1,3687,1603,0,3,0,0,0,NORMAL,0,0,0,0,0,5
5816,34,adaptive-prasle,1492,1,0,0,6,32,84,448,1,2,4324,1492,0,3,0,0,0,NORMAL,0,0,0,0,0,6
5911,2,adaptive-prasle,1504,1,0,0,4,32,56,448,1,2,4407,1504,0,3,0,0,0,LEADER,1,0,0,0,0,4
5468,6,adaptive-prasle,1851,1,0,0,4,32,56,448,1,1,3617,1851,0,3,0,0,0,NORMAL,0,0,0,0,0,4
5482,25,adaptive-prasle,2449,1,0,0,4,32,56,448,1,1,3033,2449,0,3,0,0,0,NORMAL,0,0,0,0,0,4
5616,8,adaptive-prasle,2295,1,0,0,4,32,56,448,1,1,3321,2295,0,3,0,0,0,NORMAL,0,0,0,0,0,4
5205,19,adaptive-prasle,1766,1,0,0,3,32,42,448,1,1,3439,1766,0,3,0,0,0,NORMAL,0,0,0,0,0,3
5829,38,adaptive-prasle,2390,1,0,0,3,33,42,462,1,1,3439,2390,0,3,0,0,0,NORMAL,0,0,0,0,0,3
5619,13,adaptive-prasle,2073,1,0,0,4,33,56,462,1,1,3546,2073,0,3,0,0,0,NORMAL,0,0,0,0,0,4
5817,10,adaptive-prasle,1573,1,0,0,4,33,56,462,1,1,4244,1573,0,3,0,0,0,NORMAL,0,0,0,0,0,4
5613,23,adaptive-prasle,1933,1,0,0,4,33,56,462,1,1,3680,1933,0,3,0,0,0,NORMAL,0,0,0,0,0,4
6130,20,adaptive-prasle,2111,1,0,0,5,33,70,462,1,1,4019,2111,0,3,0,0,0,NORMAL,0,0,0,0,0,5
5850,17,adaptive-prasle,1845,1,0,0,5,33,70,462,1,1,4005,1845,0,3,0,0,0,NORMAL,0,0,0,0,0,5
5834,11,adaptive-prasle,2040,1,0,0,4,33,56,462,1,1,3794,2040,0,3,0,0,0,NORMAL,0,0,0,0,0,4
5388,42,adaptive-prasle,1583,1,0,0,4,33,56,462,1,1,3805,1583,0,3,0,0,0,NORMAL,0,0,0,0,0,4
5476,30,adaptive-prasle,2258,1,0,0,4,33,56,462,1,1,3218,2258,0,3,0,0,0,NORMAL,0,0,0,0,0,4
5760,29,adaptive-prasle,1745,1,0,0,5,33,70,462,1,1,4015,1745,0,3,0,0,0,NORMAL,0,0,0,0,0,5
6021,31,adaptive-prasle,2237,1,0,0,5,33,70,462,1,1,3784,2237,0,3,0,0,0,NORMAL,0,0,0,0,0,5
5670,37,adaptive-prasle,2441,1,0,0,4,33,56,462,1,1,3229,2441,0,3,0,0,0,NORMAL,0,0,0,0,0,4
5892,44,adaptive-prasle,1488,1,0,0,5,33,70,462,1,1,4404,1488,0,3,0,0,0,NORMAL,0,0,0,0,0,5
6365,18,adaptive-prasle,2224,1,0,0,5,33,70,462,1,1,4141,2224,0,3,0,0,0,NORMAL,0,0,0,0,0,5
6226,39,adaptive-prasle,1741,1,0,0,5,33,70,462,1,1,4485,1741,0,3,0,0,0,NORMAL,0,0,0,0,0,5
5719,7,adaptive-prasle,1804,1,0,0,5,33,70,462,1,1,3915,1804,0,3,0,0,0,NORMAL,0,0,0,0,0,5
6077,43,adaptive-prasle,2047,1,0,0,5,33,70,462,1,1,4030,2047,0,3,0,0,0,NORMAL,0,0,0,0,0,5
5833,46,adaptive-prasle,1858,1,0,0,4,33,56,462,1,1,3975,1858,0,3,0,0,0,NORMAL,0,0,0,0,0,4
5682,27,adaptive-prasle,2318,1,0,0,4,33,56,462,1,1,3364,2318,0,3,0,0,0,NORMAL,0,0,0,0,0,4
6215,14,adaptive-prasle,1922,1,0,0,5,33,70,462,1,1,4293,1922,0,3,0,0,0,NORMAL,0,0,0,0,0,5
6323,32,adaptive-prasle,1741,1,0,0,5,33,70,462,1,1,4582,1741,0,3,0,0,0,NORMAL,0,0,0,0,0,5
6539,33,adaptive-prasle,2088,1,0,0,5,33,70,462,1,1,4451,2088,0,3,0,0,0,NORMAL,0,0,0,0,0,5
5674,22,adaptive-prasle,1522,1,0,0,5,33,70,462,1,1,4152,1522,0,3,0,0,0,NORMAL,0,0,0,0,0,5
6191,1,adaptive-prasle,2110,1,0,0,3,35,42,490,1,1,4081,2110,0,3,0,0,0,LEADER,1,0,0,0,0,3
5763,47,adaptive-prasle,1977,1,0,0,4,33,56,462,1,1,3786,1977,0,3,0,0,0,NORMAL,0,0,0,0,0,4
6481,26,adaptive-prasle,1934,1,0,0,5,33,70,462,1,1,4547,1934,0,3,0,0,0,NORMAL,0,0,0,0,0,5
6633,4,adaptive-prasle,1867,1,0,0,5,33,70,462,1,1,4766,1867,0,3,0,0,0,NORMAL,0,0,0,0,0,5
5992,36,adaptive-prasle,1901,1,0,0,4,33,56,462,1,1,4091,1901,0,3,0,0,0,NORMAL,0,0,0,0,0,4
5915,28,adaptive-prasle,2252,1,0,0,3,33,42,462,1,1,3663,2252,0,3,0,0,0,NORMAL,0,0,0,0,0,3
6418,24,adaptive-prasle,2081,1,0,0,5,33,70,462,1,1,4337,2081,0,3,0,0,0,NORMAL,0,0,0,0,0,5
6265,15,adaptive-prasle,2290,1,0,0,4,33,56,462,1,1,3975,2290,0,3,0,0,0,NORMAL,0,0,0,0,0,4
5939,40,adaptive-prasle,2141,1,0,0,3,33,42,462,1,1,3798,2141,0,3,0,0,0,NORMAL,0,0,0,0,0,3
6649,21,adaptive-prasle,2119,1,0,0,5,33,70,462,1,1,4530,2119,0,3,0,0,0,NORMAL,0,0,0,0,0,5
6500,48,adaptive-prasle,1862,1,0,0,5,33,70,462,1,1,4638,1862,0,3,0,0,0,NORMAL,0,0,0,0,0,5
6428,45,adaptive-prasle,1459,1,0,0,5,33,70,462,1,1,4969,1459,0,3,0,0,0,NORMAL,0,0,0,0,0,5
6037,41,adaptive-prasle,2409,1,0,0,5,33,70,462,1,1,3628,2409,0,3,0,0,0,NORMAL,0,0,0,0,0,5
6785,16,adaptive-prasle,1775,1,0,0,4,33,56,462,2,2,5010,1775,0,3,0,0,0,NORMAL,0,0,0,0,0,4
6873,50,adaptive-prasle,2190,1,0,0,5,33,70,462,1,1,4683,2190,0,3,0,0,0,NORMAL,0,0,0,0,0,5
6271,49,adaptive-prasle,1782,1,0,0,4,33,56,462,1,1,4489,1782,0,3,0,0,0,NORMAL,0,0,0,0,0,4
6501,25,adaptive-prasle,2449,1,0,0,4,33,56,462,1,1,4052,2449,0,3,0,0,0,NORMAL,0,0,0,0,0,4
6608,8,adaptive-prasle,2295,1,0,0,4,35,56,490,1,1,4313,2295,0,3,0,0,0,NORMAL,0,0,0,0,0,4
6494,3,adaptive-prasle,1581,1,0,0,5,34,70,476,1,1,4913,1581,0,3,0,0,0,NORMAL,0,0,0,0,0,5
6743,17,adaptive-prasle,1845,1,0,0,5,33,70,462,1,1,4898,1845,0,3,0,0,0,NORMAL,0,0,0,0,0,5
6676,6,adaptive-prasle,1851,1,0,0,4,35,56,490,1,1,4825,1851,0,3,0,0,0,NORMAL,0,0,0,0,0,4
6719,23,adaptive-prasle,1933,1,0,0,4,33,56,462,1,1,4786,1933,0,3,0,0,0,NORMAL,0,0,0,0,0,4
6636,12,adaptive-prasle,1603,1,0,0,5,33,70,462,1,1,5033,1603,0,3,0,0,0,NORMAL,0,0,0,0,0,5
6935,10,adaptive-prasle,1573,1,0,0,4,33,56,462,1,1,5362,1573,0,3,0,0,0,NORMAL,0,0,0,0,0,4
7221,20,adaptive-prasle,2111,1,0,0,5,33,70,462,1,1,5110,2111,0,3,0,0,0,NORMAL,0,0,0,0,0,5
6737,29,adaptive-prasle,1745,1,0,0,5,33,70,462,1,1,4992,1745,0,3,0,0,0,NORMAL,0,0,0,0,0,5
7228,34,adaptive-prasle,1492,1,0,0,6,33,84,462,1,2,5736,1492,0,3,0,0,0,NORMAL,0,0,0,0,0,6
7254,2,adaptive-prasle,1504,1,0,0,4,35,56,490,1,2,5750,1504,0,3,0,0,0,LEADER,1,0,0,0,0,4
6851,13,adaptive-prasle,2073,1,0,0,4,33,56,462,1,1,4778,2073,0,3,0,0,0,NORMAL,0,0,0,0,0,4
7355,9,adaptive-prasle,1939,1,0,0,6,33,84,462,1,1,5416,1939,0,3,0,0,0,NORMAL,0,0,0,0,0,6
6976,11,adaptive-prasle,2040,1,0,0,4,33,56,462,1,1,4936,2040,0,3,0,0,0,NORMAL,0,0,0,0,0,4
6545,42,adaptive-prasle,1583,1,0,0,4,33,56,462,1,1,4962,1583,0,3,0,0,0,NORMAL,0,0,0,0,0,4
6944,44,adaptive-prasle,1488,1,0,0,5,33,70,462,1,1,5456,1488,0,3,0,0,0,NORMAL,0,0,0,0,0,5
7278,39,adaptive-prasle,1741,1,0,0,5,33,70,462,1,1,5537,1741,0,3,0,0,0,NORMAL,0,0,0,0,0,5
6611,19,adaptive-prasle,1766,1,0,0,3,32,42,448,1,1,4845,1766,0,3,0,0,0,NORMAL,0,0,0,0,0,3
7235,38,adaptive-prasle,2390,1,0,0,3,33,42,462,1,1,4845,2390,0,3,0,0,0,NORMAL,0,0,0,0,0,3
7138,1,adaptive-prasle,2110,1,0,0,3,36,42,504,1,1,5028,2110,0,3,0,0,0,LEADER,1,0,0,0,0,3
7612,18,adaptive-prasle,2224,1,0,0,5,33,70,462,1,1,5388,2224,0,3,0,0,0,NORMAL,0,0,0,0,0,5
6847,28,adaptive-prasle,2252,1,0,0,3,33,42,462,1,1,4595,2252,0,3,0,0,0,NORMAL,0,0,0,0,0,3
7349,31,adaptive-prasle,2237,1,0,0,5,33,70,462,1,1,5112,2237,0,3,0,0,0,NORMAL,0,0,0,0,0,5
6851,47,adaptive-prasle,1977,1,0,0,4,33,56,462,1,1,4874,1977,0,3,0,0,0,NORMAL,0,0,0,0,0,4
7381,43,adaptive-prasle,2047,1,0,0,5,33,70,462,1,1,5334,2047,0,3,0,0,0,NORMAL,0,0,0,0,0,5
7495,14,adaptive-prasle,1922,1,0,0,5,33,70,462,1,1,5573,1922,0,3,0,0,0,NORMAL,0,0,0,0,0,5
6922,40,adaptive-prasle,2141,1,0,0,3,33,42,462,1,1,4781,2141,0,3,0,0,0,NORMAL,0,0,0,0,0,3
7119,7,adaptive-prasle,1804,1,0,0,5,34,70,476,1,1,5315,1804,0,3,0,0,0,NORMAL,0,0,0,0,0,5
7191,46,adaptive-prasle,1858,1,0,0,4,33,56,462,1,1,5333,1858,0,3,0,0,0,NORMAL,0,0,0,0,0,4
7671,26,adaptive-prasle,1934,1,0,0,5,35,70,490,1,1,5737,1934,0,3,0,0,0,NORMAL,0,0,0,0,0,5
7209,36,adaptive-prasle,1901,1,0,0,4,35,56,490,1,1,5308,1901,0,3,0,0,0,NORMAL,0,0,0,0,0,4
7449,15,adaptive-prasle,2290,1,0,0,4,35,56,490,1,1,5159,2290,0,3,0,0,0,NORMAL,0,0,0,0,0,4
7638,17,adaptive-prasle,1845,1,0,0,7,35,98,490,1,1,5793,1845,0,4,0,0,0,NORMAL,0,0,0,0,0,7
8008,33,adaptive-prasle,2088,1,0,0,5,35,70,490,1,1,5920,2088,0,3,0,0,0,NORMAL,0,0,0,0,0,5
7140,22,adaptive-prasle,1522,1,0,0,5,35,70,490,1,1,5618,1522,0,3,0,0,0,NORMAL,0,0,0,0,0,5
7647,24,adaptive-prasle,2081,1,0,0,5,35,70,490,1,1,5566,2081,0,3,0,0,0,NORMAL,0,0,0,0,0,5
7878,16,adaptive-prasle,1775,1,0,0,6,35,84,490,3,1,6103,1775,0,4,0,0,0,NORMAL,0,0,0,0,0,6
7600,8,adaptive-prasle,2295,1,0,0,4,37,56,518,1,1,5305,2295,0,3,0,0,0,NORMAL,0,0,0,0,0,4
7520,25,adaptive-prasle,2449,1,0,0,4,35,56,490,1,1,5071,2449,0,3,0,0,0,NORMAL,0,0,0,0,0,4
7994,4,adaptive-prasle,1867,1,0,0,5,36,70,504,1,1,6127,1867,0,3,0,0,0,NORMAL,0,0,0,0,0,5
7941,21,adaptive-prasle,2119,1,0,0,5,35,70,490,1,1,5822,2119,0,3,0,0,0,NORMAL,0,0,0,0,0,5
7822,48,adaptive-prasle,1862,1,0,0,5,35,70,490,1,1,5960,1862,0,3,0,0,0,NORMAL,0,0,0,0,0,5
7906,45,adaptive-prasle,1459,1,0,0,5,37,70,518,1,1,6447,1459,0,3,0,0,0,NORMAL,0,0,0,0,0,5
8237,50,adaptive-prasle,2190,1,0,0,5,37,70,518,1,1,6047,2190,0,3,0,0,0,NORMAL,0,0,0,0,0,5
8244,39,adaptive-prasle,1741,1,0,0,7,37,98,518,1,1,6503,1741,0,4,0,0,0,NORMAL,0,0,0,0,0,7
7922,44,adaptive-prasle,1488,1,0,0,7,37,98,518,1,1,6434,1488,0,4,0,0,0,NORMAL,0,0,0,0,0,7
7884,6,adaptive-prasle,1851,1,0,0,4,39,56,546,1,1,6033,1851,0,3,0,0,0,NORMAL,0,0,0,0,0,4
7653,49,adaptive-prasle,1782,1,0,0,4,37,56,518,1,1,5871,1782,0,3,0,0,0,NORMAL,0,0,0,0,0,4
7910,29,adaptive-prasle,1745,1,0,0,7,37,98,518,1,1,6165,1745,0,4,0,0,0,NORMAL,0,0,0,0,0,7
8058,11,adaptive-prasle,2040,1,0,0,6,37,84,518,1,1,6018,2040,0,4,0,0,0,NORMAL,0,0,0,0,0,6
7930,3,adaptive-prasle,1581,1,0,0,5,39,70,546,1,1,6349,1581,0,3,0,0,0,NORMAL,0,0,0,0,0,5
8450,20,adaptive-prasle,2111,1,0,0,7,38,98,532,1,1,6339,2111,0,4,0,0,0,NORMAL,0,0,0,0,0,7
8032,23,adaptive-prasle,1933,1,0,0,6,38,84,532,1,1,6099,1933,0,4,0,0,0,NORMAL,0,0,0,0,0,6
8244,10,adaptive-prasle,1573,1,0,0,6,38,84,532,1,1,6671,1573,0,4,0,0,0,NORMAL,0,0,0,0,0,6
8152,1,adaptive-prasle,2110,1,0,0,4,40,56,560,1,1,6042,2110,0,4,0,0,0,LEADER,1,0,0,0,0,4
7689,42,adaptive-prasle,1583,1,0,0,6,38,84,532,1,1,6106,1583,0,4,0,0,0,NORMAL,0,0,0,0,0,6
8470,34,adaptive-prasle,1492,1,0,0,8,38,112,532,2,1,6978,1492,0,4,0,0,0,NORMAL,0,0,0,0,0,8
8083,13,adaptive-prasle,2073,1,0,0,4,38,56,532,1,1,6010,2073,0,3,0,0,0,NORMAL,0,0,0,0,0,4
7982,12,adaptive-prasle,1603,1,0,0,5,38,70,532,1,1,6379,1603,0,3,0,0,0,NORMAL,0,0,0,0,0,5
8548,2,adaptive-prasle,1504,1,0,0,6,38,84,532,2,1,7044,1504,0,4,0,0,0,NORMAL,0,0,0,0,0,6
8180,37,adaptive-prasle,2441,1,0,0,4,39,56,546,1,1,5739,2441,0,3,0,0,0,NORMAL,0,0,0,0,0,4
8019,40,adaptive-prasle,2141,1,0,0,4,39,56,546,1,1,5878,2141,0,4,0,0,0,NORMAL,0,0,0,0,0,4
8082,28,adaptive-prasle,2252,1,0,0,4,39,56,546,1,1,5830,2252,0,4,0,0,0,NORMAL,0,0,0,0,0,4
8017,19,adaptive-prasle,1766,1,0,0,3,38,42,532,1,1,6251,1766,0,3,0,0,0,NORMAL,0,0,0,0,0,3
8641,38,adaptive-prasle,2390,1,0,0,3,39,42,546,1,1,6251,2390,0,3,0,0,0,NORMAL,0,0,0,0,0,3
8759,26,adaptive-prasle,1934,1,0,0,7,39,98,546,1,1,6825,1934,0,4,0,0,0,NORMAL,0,0,0,0,0,7
8074,47,adaptive-prasle,1977,1,0,0,5,39,70,546,1,1,6097,1977,0,4,0,0,0,NORMAL,0,0,0,0,0,5
8677,31,adaptive-prasle,2237,1,0,0,5,40,70,560,1,1,6440,2237,0,3,0,0,0,NORMAL,0,0,0,0,0,5
8661,43,adaptive-prasle,2047,1,0,0,6,40,84,560,1,1,6614,2047,0,4,0,0,0,NORMAL,0,0,0,0,0,6
8740,14,adaptive-prasle,1922,1,0,0,6,40,84,560,1,1,6818,1922,0,4,0,0,0,NORMAL,0,0,0,0,0,6
9028,18,adaptive-prasle,2224,1,0,0,6,40,84,560,1,1,6804,2224,0,4,0,0,0,NORMAL,0,0,0,0,0,6
8498,46,adaptive-prasle,1858,1,0,0,5,40,70,560,1,1,6640,1858,0,4,0,0,0,NORMAL,0,0,0,0,0,5
8298,30,adaptive-prasle,2258,1,0,0,4,40,56,560,1,1,6040,2258,0,3,0,0,0,NORMAL,0,0,0,0,0,4
8413,36,adaptive-prasle,1901,1,0,0,5,40,70,560,1,1,6512,1901,0,4,0,0,0,NORMAL,0,0,0,0,0,5
8605,25,adaptive-prasle,2449,1,0,0,5,40,70,560,1,1,6156,2449,0,4,0,0,0,NORMAL,0,0,0,0,0,5
8705,8,adaptive-prasle,2295,1,0,0,5,41,70,574,1,1,6410,2295,0,4,0,0,0,NORMAL,0,0,0,0,0,5
8654,15,adaptive-prasle,2290,1,0,0,5,40,70,560,1,1,6364,2290,0,4,0,0,0,NORMAL,0,0,0,0,0,5
8519,7,adaptive-prasle,1804,1,0,0,5,41,70,574,1,1,6715,1804,0,3,0,0,0,NORMAL,0,0,0,0,0,5
8889,24,adaptive-prasle,2081,1,0,0,6,40,84,560,1,1,6808,2081,0,4,0,0,0,NORMAL,0,0,0,0,0,6
9332,33,adaptive-prasle,2088,1,0,0,6,40,84,560,1,1,7244,2088,0,4,0,0,0,NORMAL,0,0,0,0,0,6
8461,22,adaptive-prasle,1522,1,0,0,6,40,84,560,1,1,6939,1522,0,4,0,0,0,NORMAL,0,0,0,0,0,6
9192,21,adaptive-prasle,2119,1,0,0,6,40,84,560,1,1,7073,2119,0,4,0,0,0,NORMAL,0,0,0,0,0,6
9134,11,adaptive-prasle,2040,1,0,0,6,40,84,560,1,1,7094,2040,0,4,0,0,0,NORMAL,0,0,0,0,0,6
9434,39,adaptive-prasle,1741,1,0,0,7,40,98,560,1,1,7693,1741,0,4,0,0,0,NORMAL,0,0,0,0,0,7
9115,44,adaptive-prasle,1488,1,0,0,7,40,98,560,1,1,7627,1488,0,4,0,0,0,NORMAL,0,0,0,0,0,7
8706,5,adaptive-prasle,2316,1,0,0,3,42,42,588,1,1,6390,2316,0,2,0,0,0,NORMAL,0,0,0,0,0,3
9198,1,adaptive-prasle,2110,1,0,0,4,43,56,602,1,1,7088,2110,0,4,0,0,0,LEADER,1,0,0,0,0,4
9266,48,adaptive-prasle,1862,1,0,0,6,41,84,574,1,1,7404,1862,0,4,0,0,0,NORMAL,0,0,0,0,0,6
9553,4,adaptive-prasle,1867,1,0,0,6,41,84,574,1,1,7686,1867,0,4,0,0,0,NORMAL,0,0,0,0,0,6
9561,34,adaptive-prasle,1492,1,0,0,8,41,112,574,2,1,8069,1492,0,4,0,0,0,NORMAL,0,0,0,0,0,8
8795,42,adaptive-prasle,1583,1,0,0,6,41,84,574,1,1,7212,1583,0,4,0,0,0,NORMAL,0,0,0,0,0,6
9208,6,adaptive-prasle,1851,1,0,0,5,42,70,588,1,1,7357,1851,0,4,0,0,0,NORMAL,0,0,0,0,0,5
8969,27,adaptive-prasle,2318,1,0,0,4,41,56,574,1,1,6651,2318,0,3,0,0,0,NORMAL,0,0,0,0,0,4
9686,50,adaptive-prasle,2190,1,0,0,6,41,84,574,1,1,7496,2190,0,4,0,0,0,NORMAL,0,0,0,0,0,6
9045,49,adaptive-prasle,1782,1,0,0,5,41,70,574,1,1,7263,1782,0,4,0,0,0,NORMAL,0,0,0,0,0,5
9741,2,adaptive-prasle,1504,1,0,0,6,41,84,574,2,1,8237,1504,0,4,0,0,0,NORMAL,0,0,0,0,0,6
9326,13,adaptive-prasle,2073,1,0,0,5,41,70,574,1,1,7253,2073,0,4,0,0,0,NORMAL,0,0,0,0,0,5
9404,45,adaptive-prasle,1459,1,0,0,6,41,84,574,1,1,7945,1459,0,4,0,0,0,NORMAL,0,0,0,0,0,6
9329,12,adaptive-prasle,1603,1,0,0,6,41,84,574,1,1,7726,1603,0,4,0,0,0,NORMAL,0,0,0,0,0,6
9367,3,adaptive-prasle,1581,1,0,0,6,41,84,574,1,1,7786,1581,0,4,0,0,0,NORMAL,0,0,0,0,0,6
9871,32,adaptive-prasle,1741,1,0,0,5,41,70,574,1,1,8130,1741,0,3,0,0,0,NORMAL,0,0,0,0,0,5
9912,14,adaptive-prasle,1922,1,0,0,6,41,84,574,1,1,7990,1922,0,4,0,0,0,NORMAL,0,0,0,0,0,6
9341,40,adaptive-prasle,2141,1,0,0,4,41,56,574,1,1,7200,2141,0,4,0,0,0,NORMAL,0,0,0,0,0,4
9890,43,adaptive-prasle,2047,1,0,0,6,41,84,574,1,1,7843,2047,0,4,0,0,0,NORMAL,0,0,0,0,0,6
9973,17,adaptive-prasle,1845,1,0,0,7,41,98,574,1,1,8128,1845,0,4,0,0,0,NORMAL,0,0,0,0,0,7
9609,36,adaptive-prasle,1901,1,0,0,5,41,70,574,1,1,7708,1901,0,4,0,0,0,NORMAL,0,0,0,0,0,5
9819,25,adaptive-prasle,2449,1,0,0,5,41,70,574,1,1,7370,2449,0,4,0,0,0,NORMAL,0,0,0,0,0,5
9778,46,adaptive-prasle,1858,1,0,0,5,41,70,574,1,1,7920,1858,0,4,0,0,0,NORMAL,0,0,0,0,0,5
9868,15,adaptive-prasle,2290,1,0,0,5,41,70,574,1,1,7578,2290,0,4,0,0,0,NORMAL,0,0,0,0,0,5
10333,20,adaptive-prasle,2111,1,0,0,7,41,98,574,1,1,8222,2111,0,4,0,0,0,NORMAL,0,0,0,0,0,7
9564,47,adaptive-prasle,1977,1,0,0,5,41,70,574,1,1,7587,1977,0,4,0,0,0,NORMAL,0,0,0,0,0,5
10279,26,adaptive-prasle,1934,1,0,0,7,41,98,574,1,1,8345,1934,0,4,0,0,0,NORMAL,0,0,0,0,0,7
9601,41,adaptive-prasle,2409,1,0,0,5,41,70,574,1,1,7192,2409,0,3,0,0,0,NORMAL,0,0,0,0,0,5
10162,31,adaptive-prasle,2237,1,0,0,7,41,98,574,2,7,7925,2237,0,4,0,0,0,NORMAL,0,0,0,0,0,7
10033,8,adaptive-prasle,2295,1,0,0,5,42,70,588,1,1,7738,2295,0,4,0,0,0,NORMAL,0,0,0,0,0,5
9589,19,adaptive-prasle,1766,1,0,0,4,40,56,560,1,1,7823,1766,0,4,0,0,0,NORMAL,0,0,0,0,0,4
10213,38,adaptive-prasle,2390,1,0,0,4,41,56,574,1,1,7823,2390,0,4,0,0,0,NORMAL,0,0,0,0,0,4
10154,24,adaptive-prasle,2081,1,0,0,6,41,84,574,1,1,8073,2081,0,4,0,0,0,NORMAL,0,0,0,0,0,6
9708,22,adaptive-prasle,1522,1,0,0,6,41,84,574,1,1,8186,1522,0,4,0,0,0,NORMAL,0,0,0,0,0,6
10582,33,adaptive-prasle,2088,1,0,0,6,41,84,574,1,1,8494,2088,0,4,0,0,0,NORMAL,0,0,0,0,0,6
10421,21,adaptive-prasle,2119,1,0,0,6,41,84,574,1,1,8302,2119,0,4,0,0,0,NORMAL,0,0,0,0,0,6
9920,7,adaptive-prasle,1804,1,0,0,6,41,84,574,2,7,8116,1804,0,4,0,0,0,LEADER,1,0,0,0,0,6
10210,11,adaptive-prasle,2040,1,0,0,6,41,84,574,1,1,8170,2040,0,4,0,0,0,NORMAL,0,0,0,0,0,6
10244,1,adaptive-prasle,2110,1,0,0,4,43,56,602,1,1,8134,2110,0,4,0,0,0,LEADER,1,0,0,0,0,4
10132,29,adaptive-prasle,1745,1,0,0,7,41,98,574,1,1,8387,1745,0,4,0,0,0,NORMAL,0,0,0,0,0,7
10400,10,adaptive-prasle,1573,1,0,0,6,41,84,574,1,1,8827,1573,0,4,0,0,0,NORMAL,0,0,0,0,0,6
9920,28,adaptive-prasle,2252,1,0,0,4,41,56,574,1,1,7668,2252,0,4,0,0,0,NORMAL,0,0,0,0,0,4
9835,35,adaptive-prasle,2416,1,0,0,2,40,28,560,1,1,7419,2416,0,2,0,0,0,NORMAL,0,0,0,0,0,2
10652,34,adaptive-prasle,1492,1,0,0,8,41,112,574,2,1,9160,1492,0,4,0,0,0,NORMAL,0,0,0,0,0,8
9901,42,adaptive-prasle,1583,1,0,0,6,41,84,574,1,1,8318,1583,0,4,0,0,0,NORMAL,0,0,0,0,0,6
10260,23,adaptive-prasle,1933,1,0,0,6,41,84,574,1,1,8327,1933,0,4,0,0,0,NORMAL,0,0,0,0,0,6
10624,39,adaptive-prasle,1741,1,0,0,7,41,98,574,1,1,8883,1741,0,4,0,0,0,NORMAL,0,0,0,0,0,7
10779,18,adaptive-prasle,2224,1,0,0,6,41,84,574,1,1,8555,2224,0,4,0,0,0,NORMAL,0,0,0,0,0,6
10308,44,adaptive-prasle,1488,1,0,0,7,41,98,574,1,1,8820,1488,0,4,0,0,0,NORMAL,0,0,0,0,0,7
10712,16,adaptive-prasle,1775,1,0,0,6,41,84,574,3,1,8937,1775,0,4,0,0,0,NORMAL,0,0,0,0,0,6
10934,2,adaptive-prasle,1504,1,0,0,6,43,84,602,2,1,9430,1504,0,4,0,0,0,NORMAL,0,0,0,0,0,6
10573,13,adaptive-prasle,2073,1,0,0,5,43,70,602,1,1,8500,2073,0,4,0,0,0,NORMAL,0,0,0,0,0,5
10454,49,adaptive-prasle,1782,1,0,0,5,43,70,602,1,1,8672,1782,0,4,0,0,0,NORMAL,0,0,0,0,0,5
10951,48,adaptive-prasle,1862,1,0,0,6,44,84,616,1,1,9089,1862,0,4,0,0,0,NORMAL,0,0,0,0,0,6
11176,50,adaptive-prasle,2190,1,0,0,6,44,84,616,1,1,8986,2190,0,4,0,0,0,NORMAL,0,0,0,0,0,6
10761,6,adaptive-prasle,1851,1,0,0,5,45,70,630,1,1,8910,1851,0,4,0,0,0,NORMAL,0,0,0,0,0,5
10912,45,adaptive-prasle,1459,1,0,0,6,44,84,616,1,1,9453,1459,0,4,0,0,0,NORMAL,0,0,0,0,0,6
10690,37,adaptive-prasle,2441,1,0,0,4,45,56,630,1,1,8249,2441,0,3,0,0,0,NORMAL,0,0,0,0,0,4
11084,14,adaptive-prasle,1922,1,0,0,6,45,84,630,1,1,9162,1922,0,4,0,0,0,NORMAL,0,0,0,0,0,6
11119,43,adaptive-prasle,2047,1,0,0,6,45,84,630,1,1,9072,2047,0,4,0,0,0,NORMAL,0,0,0,0,0,6
10663,40,adaptive-prasle,2141,1,0,0,4,45,56,630,1,1,8522,2141,0,4,0,0,0,NORMAL,0,0,0,0,0,4
10805,36,adaptive-prasle,1901,1,0,0,5,45,70,630,1,1,8904,1901,0,4,0,0,0,NORMAL,0,0,0,0,0,5
11033,25,adaptive-prasle,2449,1,0,0,5,45,70,630,1,1,8584,2449,0,4,0,0,0,NORMAL,0,0,0,0,0,5
11191,1,adaptive-prasle,2110,1,0,0,5,46,70,644,1,1,9081,2110,0,5,0,0,0,LEADER,1,0,0,0,0,5
11505,4,adaptive-prasle,1867,1,0,0,6,45,84,630,1,1,9638,1867,0,4,0,0,0,NORMAL,0,0,0,0,0,6
11082,15,adaptive-prasle,2290,1,0,0,5,45,70,630,1,1,8792,2290,0,4,0,0,0,NORMAL,0,0,0,0,0,5
11604,9,adaptive-prasle,1939,1,0,0,6,45,84,630,1,1,9665,1939,0,3,0,0,0,NORMAL,0,0,0,0,0,6
11058,46,adaptive-prasle,1858,1,0,0,5,45,70,630,1,1,9200,1858,0,4,0,0,0,NORMAL,0,0,0,0,0,5
11419,24,adaptive-prasle,2081,1,0,0,6,45,84,630,1,1,9338,2081,0,4,0,0,0,NORMAL,0,0,0,0,0,6
11370,11,adaptive-prasle,2040,1,0,0,8,45,112,630,1,1,9330,2040,0,5,0,0,0,NORMAL,0,0,0,0,0,8
11361,8,adaptive-prasle,2295,1,0,0,5,46,70,644,1,1,9066,2295,0,4,0,0,0,NORMAL,0,0,0,0,0,5
10955,22,adaptive-prasle,1522,1,0,0,6,45,84,630,1,1,9433,1522,0,4,0,0,0,NORMAL,0,0,0,0,0,6
11650,21,adaptive-prasle,2119,1,0,0,6,45,84,630,1,1,9531,2119,0,4,0,0,0,NORMAL,0,0,0,0,0,6
11832,33,adaptive-prasle,2088,1,0,0,6,45,84,630,1,1,9744,2088,0,4,0,0,0,NORMAL,0,0,0,0,0,6
11054,47,adaptive-prasle,1977,1,0,0,5,45,70,630,1,1,9077,1977,0,4,0,0,0,NORMAL,0,0,0,0,0,5
11120,30,adaptive-prasle,2258,1,0,0,4,45,56,630,1,1,8862,2258,0,3,0,0,0,NORMAL,0,0,0,0,0,4
11087,42,adaptive-prasle,1583,1,0,0,7,45,98,630,1,1,9504,1583,0,5,0,0,0,NORMAL,0,0,0,0,0,7
11799,26,adaptive-prasle,1934,1,0,0,7,45,98,630,1,1,9865,1934,0,4,0,0,0,NORMAL,0,0,0,0,0,7
11891,34,adaptive-prasle,1492,1,0,0,9,45,126,630,2,1,10399,1492,0,5,0,0,0,NORMAL,0,0,0,0,0,9
11523,44,adaptive-prasle,1488,1,0,0,8,45,112,630,1,1,10035,1488,0,5,0,0,0,NORMAL,0,0,0,0,0,8
11853,39,adaptive-prasle,1741,1,0,0,8,45,112,630,1,1,10112,1741,0,5,0,0,0,NORMAL,0,0,0,0,0,8
12128,2,adaptive-prasle,1504,1,0,0,7,44,98,616,2,1,10624,1504,0,5,0,0,0,NORMAL,0,0,0,0,0,7
12216,20,adaptive-prasle,2111,1,0,0,7,46,98,644,1,1,10105,2111,0,4,0,0,0,NORMAL,0,0,0,0,0,7
11820,13,adaptive-prasle,2073,1,0,0,5,46,70,644,1,1,9747,2073,0,4,0,0,0,NORMAL,0,0,0,0,0,5
11490,19,adaptive-prasle,1766,1,0,0,4,45,56,630,1,1,9724,1766,0,4,0,0,0,NORMAL,0,0,0,0,0,4
12114,38,adaptive-prasle,2390,1,0,0,4,46,56,644,1,1,9724,2390,0,4,0,0,0,NORMAL,0,0,0,0,0,4
12087,1,adaptive-prasle,2110,1,0,0,5,47,70,658,1,1,9977,2110,0,5,0,0,0,LEADER,1,0,0,0,0,5
12258,14,adaptive-prasle,1922,1,0,0,8,46,112,644,2,8,10336,1922,0,5,0,0,0,NORMAL,0,0,0,0,0,8
12530,18,adaptive-prasle,2224,1,0,0,6,46,84,644,1,1,10306,2224,0,4,0,0,0,NORMAL,0,0,0,0,0,6
11758,28,adaptive-prasle,2252,1,0,0,4,46,56,644,1,1,9506,2252,0,4,0,0,0,NORMAL,0,0,0,0,0,4
11863,49,adaptive-prasle,1782,1,0,0,5,46,70,644,1,1,10081,1782,0,4,0,0,0,NORMAL,0,0,0,0,0,5
12303,17,adaptive-prasle,1845,1,0,0,7,46,98,644,1,1,10458,1845,0,4,0,0,0,NORMAL,0,0,0,0,0,7
12666,50,adaptive-prasle,2190,1,0,0,6,46,84,644,1,1,10476,2190,0,4,0,0,0,NORMAL,0,0,0,0,0,6
12314,6,adaptive-prasle,1851,1,0,0,5,47,70,658,1,1,10463,1851,0,4,0,0,0,NORMAL,0,0,0,0,0,5
12420,45,adaptive-prasle,1459,1,0,0,6,46,84,644,1,1,10961,1459,0,4,0,0,0,NORMAL,0,0,0,0,0,6
12556,10,adaptive-prasle,1573,1,0,0,6,46,84,644,1,1,10983,1573,0,4,0,0,0,NORMAL,0,0,0,0,0,6
12354,29,adaptive-prasle,1745,1,0,0,7,46,98,644,1,1,10609,1745,0,4,0,0,0,NORMAL,0,0,0,0,0,7
12755,21,adaptive-prasle,2119,1,0,0,8,46,112,644,2,8,10636,2119,0,5,0,0,0,NORMAL,0,0,0,0,0,8
12604,24,adaptive-prasle,2081,1,0,0,8,46,112,644,2,8,10523,2081,0,5,0,0,0,NORMAL,0,0,0,0,0,8
12636,48,adaptive-prasle,1862,1,0,0,6,46,84,644,1,1,10774,1862,0,4,0,0,0,NORMAL,0,0,0,0,0,6
12130,22,adaptive-prasle,1522,1,0,0,8,46,112,644,2,8,10608,1522,0,5,0,0,0,NORMAL,0,0,0,0,0,8
12488,23,adaptive-prasle,1933,1,0,0,6,46,84,644,1,1,10555,1933,0,4,0,0,0,NORMAL,0,0,0,0,0,6
13026,33,adaptive-prasle,2088,1,0,0,8,46,112,644,2,8,10938,2088,0,5,0,0,0,NORMAL,0,0,0,0,0,8
12503,15,adaptive-prasle,2290,1,0,0,7,46,98,644,2,8,10213,2290,0,5,0,0,0,NORMAL,0,0,0,0,0,7
12483,25,adaptive-prasle,2449,1,0,0,7,46,98,644,2,8,10034,2449,0,5,0,0,0,NORMAL,0,0,0,0,0,7
12428,46,adaptive-prasle,1858,1,0,0,7,46,98,644,2,8,10570,1858,0,5,0,0,0,NORMAL,0,0,0,0,0,7
12307,36,adaptive-prasle,1901,1,0,0,7,46,98,644,2,8,10406,1901,0,5,0,0,0,NORMAL,0,0,0,0,0,7
12701,43,adaptive-prasle,2047,1,0,0,8,46,112,644,2,8,10654,2047,0,5,0,0,0,NORMAL,0,0,0,0,0,8
12256,27,adaptive-prasle,2318,1,0,0,4,46,56,644,1,1,9938,2318,0,3,0,0,0,NORMAL,0,0,0,0,0,4
12243,40,adaptive-prasle,2141,1,0,0,6,46,84,644,2,8,10102,2141,0,5,0,0,0,NORMAL,0,0,0,0,0,6
12690,8,adaptive-prasle,2295,1,0,0,6,46,84,644,2,8,10395,2295,0,5,0,0,0,LEADER,1,0,0,0,0,6
12779,44,adaptive-prasle,1488,1,0,0,8,46,112,644,1,1,11291,1488,0,5,0,0,0,NORMAL,0,0,0,0,0,8
12679,12,adaptive-prasle,1603,1,0,0,6,46,84,644,1,1,11076,1603,0,4,0,0,0,NORMAL,0,0,0,0,0,6
12433,42,adaptive-prasle,1583,1,0,0,7,46,98,644,1,1,10850,1583,0,5,0,0,0,NORMAL,0,0,0,0,0,7
13157,39,adaptive-prasle,1741,1,0,0,8,46,112,644,1,1,11416,1741,0,5,0,0,0,NORMAL,0,0,0,0,0,8
12983,1,adaptive-prasle,2110,1,0,0,5,48,70,672,1,1,10873,2110,0,5,0,0,0,LEADER,1,0,0,0,0,5
12546,47,adaptive-prasle,1977,1,0,0,7,47,98,658,2,6,10569,1977,0,5,0,0,0,NORMAL,0,0,0,0,0,7
13321,26,adaptive-prasle,1934,1,0,0,9,47,126,658,2,6,11387,1934,0,5,0,0,0,NORMAL,0,0,0,0,0,9
12936,3,adaptive-prasle,1581,1,0,0,6,47,84,658,1,1,11355,1581,0,4,0,0,0,NORMAL,0,0,0,0,0,6
13423,34,adaptive-prasle,1492,1,0,0,9,47,126,658,2,1,11931,1492,0,5,0,0,0,NORMAL,0,0,0,0,0,9
13457,4,adaptive-prasle,1867,1,0,0,6,48,84,672,1,1,11590,1867,0,4,0,0,0,NORMAL,0,0,0,0,0,6
13068,13,adaptive-prasle,2073,1,0,0,7,48,98,672,2,6,10995,2073,0,5,0,0,0,NORMAL,0,0,0,0,0,7
13462,16,adaptive-prasle,1775,1,0,0,6,48,84,672,3,1,11687,1775,0,4,0,0,0,NORMAL,0,0,0,0,0,6
13419,32,adaptive-prasle,1741,1,0,0,5,48,70,672,1,1,11678,1741,0,3,0,0,0,NORMAL,0,0,0,0,0,5
13073,37,adaptive-prasle,2441,1,0,0,7,49,98,686,1,1,10632,2441,0,4,0,0,0,NORMAL,0,0,0,0,0,7
13558,11,adaptive-prasle,2040,1,0,0,8,50,112,700,1,1,11518,2040,0,5,0,0,0,NORMAL,0,0,0,0,0,8
14032,50,adaptive-prasle,2190,1,0,0,8,51,112,714,1,1,11842,2190,0,5,0,0,0,NORMAL,0,0,0,0,0,8
13793,45,adaptive-prasle,1459,1,0,0,8,51,112,714,1,1,12334,1459,0,5,0,0,0,NORMAL,0,0,0,0,0,8
13462,49,adaptive-prasle,1782,1,0,0,8,51,112,714,1,1,11680,1782,0,5,0,0,0,NORMAL,0,0,0,0,0,8
13385,5,adaptive-prasle,2316,1,0,0,4,52,56,728,1,1,11069,2316,0,3,0,0,0,NORMAL,0,0,0,0,0,4
13391,19,adaptive-prasle,1766,1,0,0,4,50,56,700,1,1,11625,1766,0,4,0,0,0,NORMAL,0,0,0,0,0,4
14015,38,adaptive-prasle,2390,1,0,0,4,51,56,714,1,1,11625,2390,0,4,0,0,0,NORMAL,0,0,0,0,0,4
13535,28,adaptive-prasle,2252,1,0,0,6,51,84,714,1,1,11283,2252,0,5,0,0,0,NORMAL,0,0,0,0,0,6
14369,18,adaptive-prasle,2224,1,0,0,8,51,112,714,1,1,12145,2224,0,5,0,0,0,NORMAL,0,0,0,0,0,8
14068,1,adaptive-prasle,2110,1,0,0,6,51,84,714,1,1,11958,2110,0,6,0,0,0,LEADER,1,0,0,0,0,6
14416,20,adaptive-prasle,2111,1,0,0,10,51,140,714,1,1,12305,2111,0,5,0,0,0,NORMAL,0,0,0,0,0,10
14035,44,adaptive-prasle,1488,1,0,0,8,51,112,714,1,1,12547,1488,0,5,0,0,0,NORMAL,0,0,0,0,0,8
13982,6,adaptive-prasle,1851,1,0,0,7,50,98,700,1,1,12131,1851,0,5,0,0,0,NORMAL,0,0,0,0,0,7
14207,31,adaptive-prasle,2237,1,0,0,8,51,112,714,2,7,11970,2237,0,4,0,0,0,NORMAL,0,0,0,0,0,8
14215,48,adaptive-prasle,1862,1,0,0,8,51,112,714,1,1,12353,1862,0,5,0,0,0,NORMAL,0,0,0,0,0,8
14461,39,adaptive-prasle,1741,1,0,0,8,51,112,714,1,1,12720,1741,0,5,0,0,0,NORMAL,0,0,0,0,0,8
13779,42,adaptive-prasle,1583,1,0,0,7,51,98,714,1,1,12196,1583,0,5,0,0,0,NORMAL,0,0,0,0,0,7
14545,21,adaptive-prasle,2119,1,0,0,10,51,140,714,2,8,12426,2119,0,5,0,0,0,NORMAL,0,0,0,0,0,10
14516,17,adaptive-prasle,1845,1,0,0,9,51,126,714,1,1,12671,1845,0,5,0,0,0,NORMAL,0,0,0,0,0,9
14263,7,adaptive-prasle,1804,1,0,0,7,50,98,700,2,7,12459,1804,0,4,0,0,0,LEADER,1,0,0,0,0,7
14133,30,adaptive-prasle,2258,1,0,0,6,51,84,714,1,1,11875,2258,0,4,0,0,0,NORMAL,0,0,0,0,0,6
14664,10,adaptive-prasle,1573,1,0,0,8,51,112,714,1,1,13091,1573,0,5,0,0,0,NORMAL,0,0,0,0,0,8
14450,29,adaptive-prasle,1745,1,0,0,9,51,126,714,1,1,12705,1745,0,5,0,0,0,NORMAL,0,0,0,0,0,9
14955,34,adaptive-prasle,1492,1,0,0,9,51,126,714,2,1,13463,1492,0,5,0,0,0,NORMAL,0,0,0,0,0,9
14653,23,adaptive-prasle,1933,1,0,0,7,51,98,714,1,1,12720,1933,0,5,0,0,0,NORMAL,0,0,0,0,0,7
14393,35,adaptive-prasle,2416,1,0,0,3,50,42,700,1,1,11977,2416,0,3,0,0,0,NORMAL,0,0,0,0,0,3
15329,2,adaptive-prasle,1504,1,0,0,7,51,98,714,2,1,13825,1504,0,5,0,0,0,NORMAL,0,0,0,0,0,7
14986,45,adaptive-prasle,1459,1,0,0,8,52,112,728,1,1,13527,1459,0,5,0,0,0,NORMAL,0,0,0,0,0,8
15410,4,adaptive-prasle,1867,1,0,0,7,51,98,714,1,1,13543,1867,0,5,0,0,0,NORMAL,0,0,0,0,0,7
15432,50,adaptive-prasle,2190,1,0,0,8,52,112,728,1,1,13242,2190,0,5,0,0,0,NORMAL,0,0,0,0,0,8
15610,33,adaptive-prasle,2088,1,0,0,10,52,140,728,2,8,13522,2088,0,5,0,0,0,NORMAL,0,0,0,0,0,10
14911,22,adaptive-prasle,1522,1,0,0,9,52,126,728,2,8,13389,1522,0,5,0,0,0,NORMAL,0,0,0,0,0,9
15419,24,adaptive-prasle,2081,1,0,0,9,52,126,728,2,8,13338,2081,0,5,0,0,0,NORMAL,0,0,0,0,0,9
15528,1,adaptive-prasle,2110,1,0,0,6,52,84,728,1,1,13418,2110,0,6,0,0,0,LEADER,1,0,0,0,0,6
15606,48,adaptive-prasle,1862,1,0,0,8,52,112,728,1,1,13744,1862,0,5,0,0,0,NORMAL,0,0,0,0,0,8
15184,28,adaptive-prasle,2252,1,0,0,6,52,84,728,1,1,12932,2252,0,5,0,0,0,NORMAL,0,0,0,0,0,6
15363,37,adaptive-prasle,2441,1,0,0,7,52,98,728,1,1,12922,2441,0,4,0,0,0,NORMAL,0,0,0,0,0,7
15502,46,adaptive-prasle,1858,1,0,0,9,52,126,728,2,8,13644,1858,0,5,0,0,0,NORMAL,0,0,0,0,0,9
15364,27,adaptive-prasle,2318,1,0,0,5,52,70,728,1,1,13046,2318,0,4,0,0,0,NORMAL,0,0,0,0,0,5
16033,39,adaptive-prasle,1741,1,0,0,10,52,140,728,1,1,14292,1741,0,6,0,0,0,NORMAL,0,0,0,0,0,10
15318,42,adaptive-prasle,1583,1,0,0,9,52,126,728,1,1,13735,1583,0,6,0,0,0,NORMAL,0,0,0,0,0,9
15727,44,adaptive-prasle,1488,1,0,0,10,52,140,728,1,1,14239,1488,0,6,0,0,0,NORMAL,0,0,0,0,0,10
16237,18,adaptive-prasle,2224,1,0,0,8,52,112,728,1,1,14013,2224,0,5,0,0,0,NORMAL,0,0,0,0,0,8
15988,15,adaptive-prasle,2290,1,0,0,9,52,126,728,2,8,13698,2290,0,5,0,0,0,NORMAL,0,0,0,0,0,9
16256,14,adaptive-prasle,1922,1,0,0,10,52,140,728,2,8,14334,1922,0,5,0,0,0,NORMAL,0,0,0,0,0,10
15669,19,adaptive-prasle,1766,1,0,0,6,51,84,714,1,1,13903,1766,0,5,0,0,0,NORMAL,0,0,0,0,0,6
16293,38,adaptive-prasle,2390,1,0,0,6,52,84,728,1,1,13903,2390,0,5,0,0,0,NORMAL,0,0,0,0,0,6
16488,34,adaptive-prasle,1492,1,0,0,10,52,140,728,2,1,14996,1492,0,6,0,0,0,NORMAL,0,0,0,0,0,10
16179,45,adaptive-prasle,1459,1,0,0,8,52,112,728,1,1,14720,1459,0,5,0,0,0,NORMAL,0,0,0,0,0,8
16029,12,adaptive-prasle,1603,1,0,0,6,52,84,728,1,1,14426,1603,0,4,0,0,0,NORMAL,0,0,0,0,0,6
16151,25,adaptive-prasle,2449,1,0,0,9,52,126,728,2,8,13702,2449,0,5,0,0,0,NORMAL,0,0,0,0,0,9
16270,6,adaptive-prasle,1851,1,0,0,7,51,98,714,1,1,14419,1851,0,5,0,0,0,NORMAL,0,0,0,0,0,7
16415,8,adaptive-prasle,2295,1,0,0,8,50,112,700,2,8,14120,2295,0,5,0,0,0,LEADER,1,0,0,0,0,8
16079,40,adaptive-prasle,2141,1,0,0,7,52,98,728,2,8,13938,2141,0,5,0,0,0,NORMAL,0,0,0,0,0,7
16832,50,adaptive-prasle,2190,1,0,0,8,52,112,728,1,1,14642,2190,0,5,0,0,0,NORMAL,0,0,0,0,0,8
16259,36,adaptive-prasle,1901,1,0,0,8,52,112,728,2,8,14358,1901,0,5,0,0,0,NORMAL,0,0,0,0,0,8
17048,9,adaptive-prasle,1939,1,0,0,6,52,84,728,1,1,15109,1939,0,3,0,0,0,NORMAL,0,0,0,0,0,6
16505,3,adaptive-prasle,1581,1,0,0,6,52,84,728,1,1,14924,1581,0,4,0,0,0,NORMAL,0,0,0,0,0,6
17033,16,adaptive-prasle,1775,1,0,0,7,52,98,728,3,1,15258,1775,0,5,0,0,0,NORMAL,0,0,0,0,0,7
16689,23,adaptive-prasle,1933,1,0,0,7,52,98,728,1,1,14756,1933,0,5,0,0,0,NORMAL,0,0,0,0,0,7
16724,13,adaptive-prasle,2073,1,0,0,8,52,112,728,2,6,14651,2073,0,5,0,0,0,NORMAL,0,0,0,0,0,8
16960,43,adaptive-prasle,2047,1,0,0,9,52,126,728,2,8,14913,2047,0,5,0,0,0,NORMAL,0,0,0,0,0,9
16997,48,adaptive-prasle,1862,1,0,0,8,52,112,728,1,1,15135,1862,0,5,0,0,0,NORMAL,0,0,0,0,0,8
16988,1,adaptive-prasle,2110,1,0,0,6,52,84,728,1,1,14878,2110,0,6,0,0,0,LEADER,1,0,0,0,0,6
16678,49,adaptive-prasle,1782,1,0,0,8,52,112,728,1,1,14896,1782,0,5,0,0,0,NORMAL,0,0,0,0,0,8
17330,32,adaptive-prasle,1741,1,0,0,6,52,84,728,1,1,15589,1741,0,4,0,0,0,NORMAL,0,0,0,0,0,6
16833,28,adaptive-prasle,2252,1,0,0,6,52,84,728,1,1,14581,2252,0,5,0,0,0,NORMAL,0,0,0,0,0,6
16785,41,adaptive-prasle,2409,1,0,0,5,52,70,728,1,1,14376,2409,0,3,0,0,0,NORMAL,0,0,0,0,0,5
16858,47,adaptive-prasle,1977,1,0,0,8,52,112,728,2,6,14881,1977,0,5,0,0,0,NORMAL,0,0,0,0,0,8
17590,26,adaptive-prasle,1934,1,0,0,10,52,140,728,2,6,15656,1934,0,5,0,0,0,NORMAL,0,0,0,0,0,10
17373,45,adaptive-prasle,1459,1,0,0,9,52,126,728,2,45,15914,1459,0,6,0,0,0,LEADER,1,0,0,0,0,9
17237,42,adaptive-prasle,1583,1,0,0,9,53,126,742,1,1,15654,1583,0,6,0,0,0,NORMAL,0,0,0,0,0,9
18105,18,adaptive-prasle,2224,1,0,0,8,53,112,742,1,1,15881,2224,0,5,0,0,0,NORMAL,0,0,0,0,0,8
18020,34,adaptive-prasle,1492,1,0,0,10,53,140,742,2,1,16528,1492,0,6,0,0,0,NORMAL,0,0,0,0,0,10
17724,11,adaptive-prasle,2040,1,0,0,8,53,112,742,1,1,15684,2040,0,5,0,0,0,NORMAL,0,0,0,0,0,8
17537,37,adaptive-prasle,2441,1,0,0,7,53,98,742,1,1,15096,2441,0,4,0,0,0,NORMAL,0,0,0,0,0,7
18135,39,adaptive-prasle,1741,1,0,0,10,54,140,756,1,1,16394,1741,0,6,0,0,0,NORMAL,0,0,0,0,0,10
17522,30,adaptive-prasle,2258,1,0,0,6,54,84,756,1,1,15264,2258,0,4,0,0,0,NORMAL,0,0,0,0,0,6
18230,48,adaptive-prasle,1862,1,0,0,10,54,140,756,1,1,16368,1862,0,6,0,0,0,NORMAL,0,0,0,0,0,10
17821,5,adaptive-prasle,2316,1,0,0,4,55,56,770,1,1,15505,2316,0,3,0,0,0,NORMAL,0,0,0,0,0,4
18663,50,adaptive-prasle,2190,1,0,0,10,54,140,756,1,1,16473,2190,0,6,0,0,0,NORMAL,0,0,0,0,0,10
18703,21,adaptive-prasle,2119,1,0,0,10,54,140,756,2,8,16584,2119,0,5,0,0,0,NORMAL,0,0,0,0,0,10
18798,20,adaptive-prasle,2111,1,0,0,10,54,140,756,1,1,16687,2111,0,5,0,0,0,NORMAL,0,0,0,0,0,10
18558,6,adaptive-prasle,1851,1,0,0,7,54,98,756,1,1,16707,1851,0,5,0,0,0,NORMAL,0,0,0,0,0,7
18381,27,adaptive-prasle,2318,1,0,0,5,54,70,756,1,1,16063,2318,0,4,0,0,0,NORMAL,0,0,0,0,0,5
18400,28,adaptive-prasle,2252,1,0,0,7,54,98,756,1,1,16148,2252,0,6,0,0,0,NORMAL,0,0,0,0,0,7
18907,31,adaptive-prasle,2237,1,0,0,8,54,112,756,2,7,16670,2237,0,4,0,0,0,NORMAL,0,0,0,0,0,8
18836,1,adaptive-prasle,2110,1,0,0,7,54,98,756,1,1,16726,2110,0,7,0,0,0,LEADER,1,0,0,0,0,7
18725,23,adaptive-prasle,1933,1,0,0,7,54,98,756,1,1,16792,1933,0,5,0,0,0,NORMAL,0,0,0,0,0,7
18744,29,adaptive-prasle,1745,1,0,0,9,54,126,756,1,1,16999,1745,0,5,0,0,0,NORMAL,0,0,0,0,0,9
18975,17,adaptive-prasle,1845,1,0,0,9,54,126,756,1,1,17130,1845,0,5,0,0,0,NORMAL,0,0,0,0,0,9
19153,10,adaptive-prasle,1573,1,0,0,8,54,112,756,1,1,17580,1573,0,5,0,0,0,NORMAL,0,0,0,0,0,8
19534,2,adaptive-prasle,1504,1,0,0,7,54,98,756,2,1,18030,1504,0,5,0,0,0,NORMAL,0,0,0,0,0,7
19333,48,adaptive-prasle,1862,1,0,0,10,54,140,756,1,1,17471,1862,0,6,0,0,0,NORMAL,0,0,0,0,0,10
19168,12,adaptive-prasle,1603,1,0,0,8,54,112,756,1,1,17565,1603,0,5,0,0,0,NORMAL,0,0,0,0,0,8
18913,35,adaptive-prasle,2416,1,0,0,3,54,42,756,1,1,16497,2416,0,3,0,0,0,NORMAL,0,0,0,0,0,3
19974,18,adaptive-prasle,2224,1,0,0,9,55,126,770,1,1,17750,2224,0,6,0,0,0,NORMAL,0,0,0,0,0,9
19858,14,adaptive-prasle,1922,1,0,0,10,55,140,770,2,8,17936,1922,0,5,0,0,0,NORMAL,0,0,0,0,0,10
19503,7,adaptive-prasle,1804,1,0,0,7,55,98,770,2,7,17699,1804,0,4,0,0,0,LEADER,1,0,0,0,0,7
19836,15,adaptive-prasle,2290,1,0,0,9,55,126,770,2,8,17546,2290,0,5,0,0,0,NORMAL,0,0,0,0,0,9
19819,25,adaptive-prasle,2449,1,0,0,9,55,126,770,2,8,17370,2449,0,5,0,0,0,NORMAL,0,0,0,0,0,9
19712,37,adaptive-prasle,2441,1,0,0,8,55,112,770,1,1,17271,2441,0,5,0,0,0,NORMAL,0,0,0,0,0,8
20544,33,adaptive-prasle,2088,1,0,0,10,55,140,770,2,8,18456,2088,0,5,0,0,0,NORMAL,0,0,0,0,0,10
20117,44,adaptive-prasle,1488,1,0,0,10,55,140,770,1,1,18629,1488,0,6,0,0,0,NORMAL,0,0,0,0,0,10
19800,28,adaptive-prasle,2252,1,0,0,7,55,98,770,1,1,17548,2252,0,6,0,0,0,NORMAL,0,0,0,0,0,7
20061,46,adaptive-prasle,1858,1,0,0,9,55,126,770,2,8,18203,1858,0,5,0,0,0,NORMAL,0,0,0,0,0,9
20436,48,adaptive-prasle,1862,1,0,0,10,55,140,770,1,1,18574,1862,0,6,0,0,0,NORMAL,0,0,0,0,0,10
20415,45,adaptive-prasle,1459,1,0,0,10,55,140,770,2,45,18956,1459,0,6,0,0,0,LEADER,1,0,0,0,0,10
20482,3,adaptive-prasle,1581,1,0,0,7,56,98,784,1,1,18901,1581,0,5,0,0,0,NORMAL,0,0,0,0,0,7
20379,22,adaptive-prasle,1522,1,0,0,9,56,126,784,2,8,18857,1522,0,5,0,0,0,NORMAL,0,0,0,0,0,9
20887,24,adaptive-prasle,2081,1,0,0,9,56,126,784,2,8,18806,2081,0,5,0,0,0,NORMAL,0,0,0,0,0,9
20763,23,adaptive-prasle,1933,1,0,0,9,56,126,784,2,2,18830,1933,0,6,0,0,0,NORMAL,0,0,0,0,0,9
20446,40,adaptive-prasle,2141,1,0,0,7,56,98,784,2,8,18305,2141,0,5,0,0,0,NORMAL,0,0,0,0,0,7
20848,6,adaptive-prasle,1851,1,0,0,9,55,126,770,2,2,18997,1851,0,6,0,0,0,NORMAL,0,0,0,0,0,9
20692,36,adaptive-prasle,1901,1,0,0,8,57,112,798,2,8,18791,1901,0,5,0,0,0,NORMAL,0,0,0,0,0,8
21433,4,adaptive-prasle,1867,1,0,0,7,57,98,798,1,1,19566,1867,0,5,0,0,0,NORMAL,0,0,0,0,0,7
20911,30,adaptive-prasle,2258,1,0,0,6,57,84,798,1,1,18653,2258,0,4,0,0,0,NORMAL,0,0,0,0,0,6
21457,1,adaptive-prasle,2110,1,0,0,7,57,98,798,1,1,19347,2110,0,7,0,0,0,LEADER,1,0,0,0,0,7
21003,47,adaptive-prasle,1977,1,0,0,8,57,112,798,2,6,19026,1977,0,5,0,0,0,NORMAL,0,0,0,0,0,8
21720,26,adaptive-prasle,1934,1,0,0,10,57,140,798,2,6,19786,1934,0,5,0,0,0,NORMAL,0,0,0,0,0,10
21845,50,adaptive-prasle,2190,1,0,0,10,58,140,812,1,1,19655,2190,0,6,0,0,0,NORMAL,0,0,0,0,0,10
21469,13,adaptive-prasle,2073,1,0,0,8,58,112,812,2,6,19396,2073,0,5,0,0,0,NORMAL,0,0,0,0,0,8
21200,28,adaptive-prasle,2252,1,0,0,7,58,98,812,1,1,18948,2252,0,6,0,0,0,NORMAL,0,0,0,0,0,7
21804,48,adaptive-prasle,1862,1,0,0,11,58,154,812,2,2,19942,1862,0,7,0,0,0,NORMAL,0,0,0,0,0,11
21964,32,adaptive-prasle,1741,1,0,0,6,58,84,812,1,1,20223,1741,0,4,0,0,0,NORMAL,0,0,0,0,0,6
21398,27,adaptive-prasle,2318,1,0,0,5,58,70,812,1,1,19080,2318,0,4,0,0,0,NORMAL,0,0,0,0,0,5
21811,11,adaptive-prasle,2040,1,0,0,9,58,126,812,1,1,19771,2040,0,6,0,0,0,NORMAL,0,0,0,0,0,9
21897,43,adaptive-prasle,2047,1,0,0,9,58,126,812,2,8,19850,2047,0,5,0,0,0,NORMAL,0,0,0,0,0,9
21391,19,adaptive-prasle,1766,1,0,0,6,57,84,798,1,1,19625,1766,0,5,0,0,0,NORMAL,0,0,0,0,0,6
22015,38,adaptive-prasle,2390,1,0,0,6,58,84,812,1,1,19625,2390,0,5,0,0,0,NORMAL,0,0,0,0,0,6
22243,16,adaptive-prasle,1775,1,0,0,7,58,98,812,3,1,20468,1775,0,5,0,0,0,NORMAL,0,0,0,0,0,7
22257,5,adaptive-prasle,2316,1,0,0,4,60,56,840,1,1,19941,2316,0,3,0,0,0,NORMAL,0,0,0,0,0,4
22386,49,adaptive-prasle,1782,1,0,0,8,58,112,812,1,1,20604,1782,0,5,0,0,0,NORMAL,0,0,0,0,0,8
23143,9,adaptive-prasle,1939,1,0,0,7,58,98,812,1,1,21204,1939,0,4,0,0,0,NORMAL,0,0,0,0,0,7
22601,28,adaptive-prasle,2252,1,0,0,8,58,112,812,2,28,20349,2252,0,7,0,0,0,LEADER,1,0,0,0,0,8
23324,14,adaptive-prasle,1922,1,0,0,11,58,154,812,3,2,21402,1922,0,6,0,0,0,NORMAL,0,0,0,0,0,11
23328,31,adaptive-prasle,2237,1,0,0,10,58,140,812,3,2,21091,2237,0,5,0,0,0,NORMAL,0,0,0,0,0,10
23564,21,adaptive-prasle,2119,1,0,0,12,58,168,812,3,2,21445,2119,0,6,0,0,0,NORMAL,0,0,0,0,0,12
23806,2,adaptive-prasle,1504,1,0,0,8,57,112,798,3,2,22302,1504,0,6,0,0,0,LEADER,1,0,0,0,0,8
23957,20,adaptive-prasle,2111,1,0,0,10,58,140,812,1,1,21846,2111,0,5,0,0,0,NORMAL,0,0,0,0,0,10
23699,48,adaptive-prasle,1862,1,0,0,11,58,154,812,2,2,21837,1862,0,7,0,0,0,NORMAL,0,0,0,0,0,11
23490,25,adaptive-prasle,2449,1,0,0,10,58,140,812,3,2,21041,2449,0,6,0,0,0,NORMAL,0,0,0,0,0,10
23591,15,adaptive-prasle,2290,1,0,0,10,58,140,812,3,2,21301,2290,0,6,0,0,0,NORMAL,0,0,0,0,0,10
23433,35,adaptive-prasle,2416,1,0,0,3,57,42,798,1,1,21017,2416,0,3,0,0,0,NORMAL,0,0,0,0,0,3
23765,12,adaptive-prasle,1603,1,0,0,8,58,112,812,1,1,22162,1603,0,5,0,0,0,NORMAL,0,0,0,0,0,8
24035,45,adaptive-prasle,1459,1,0,0,10,58,140,812,2,45,22576,1459,0,6,0,0,0,LEADER,1,0,0,0,0,10
24078,1,adaptive-prasle,2110,1,0,0,7,58,98,812,1,1,21968,2110,0,7,0,0,0,LEADER,1,0,0,0,0,7
24170,29,adaptive-prasle,1745,1,0,0,9,59,126,826,1,1,22425,1745,0,5,0,0,0,NORMAL,0,0,0,0,0,9
24002,28,adaptive-prasle,2252,1,0,0,9,59,126,826,2,28,21750,2252,0,7,0,0,0,LEADER,1,0,0,0,0,9
24677,17,adaptive-prasle,1845,1,0,0,9,59,126,826,1,1,22832,1845,0,5,0,0,0,NORMAL,0,0,0,0,0,9
24301,30,adaptive-prasle,2258,1,0,0,7,59,98,826,2,2,22043,2258,0,5,0,0,0,NORMAL,0,0,0,0,0,7
25027,50,adaptive-prasle,2190,1,0,0,10,59,140,826,1,1,22837,2190,0,6,0,0,0,NORMAL,0,0,0,0,0,10
24846,10,adaptive-prasle,1573,1,0,0,8,59,112,826,1,1,23273,1573,0,5,0,0,0,NORMAL,0,0,0,0,0,8
24417,27,adaptive-prasle,2318,1,0,0,7,59,98,826,2,5,22099,2318,0,5,0,0,0,NORMAL,0,0,0,0,0,7
24621,46,adaptive-prasle,1858,1,0,0,10,59,140,826,3,2,22763,1858,0,6,0,0,0,NORMAL,0,0,0,0,0,10
24415,41,adaptive-prasle,2409,1,0,0,6,59,84,826,1,1,22006,2409,0,4,0,0,0,NORMAL,0,0,0,0,0,6
24745,7,adaptive-prasle,1804,1,0,0,9,60,126,840,3,1,22941,1804,0,5,0,0,0,NORMAL,0,0,0,0,0,9
24766,37,adaptive-prasle,2441,1,0,0,8,61,112,854,1,1,22325,2441,0,5,0,0,0,NORMAL,0,0,0,0,0,8
25480,33,adaptive-prasle,2088,1,0,0,12,62,168,868,3,1,23392,2088,0,6,0,0,0,NORMAL,0,0,0,0,0,12
25586,18,adaptive-prasle,2224,1,0,0,9,62,126,868,1,1,23362,2224,0,6,0,0,0,NORMAL,0,0,0,0,0,9
24815,40,adaptive-prasle,2141,1,0,0,9,62,126,868,3,1,22674,2141,0,6,0,0,0,NORMAL,0,0,0,0,0,9
25272,3,adaptive-prasle,1581,1,0,0,7,62,98,868,1,1,23691,1581,0,5,0,0,0,NORMAL,0,0,0,0,0,7
25127,36,adaptive-prasle,1901,1,0,0,10,62,140,868,3,1,23226,1901,0,6,0,0,0,NORMAL,0,0,0,0,0,10
25595,48,adaptive-prasle,1862,1,0,0,12,62,168,868,2,2,23733,1862,0,7,0,0,0,NORMAL,0,0,0,0,0,12
25737,11,adaptive-prasle,2040,1,0,0,9,63,126,882,1,1,23697,2040,0,6,0,0,0,NORMAL,0,0,0,0,0,9
25931,23,adaptive-prasle,1933,1,0,0,10,63,140,882,2,2,23998,1933,0,6,0,0,0,NORMAL,0,0,0,0,0,10
26516,14,adaptive-prasle,1922,1,0,0,12,63,168,882,3,2,24594,1922,0,6,0,0,0,NORMAL,0,0,0,0,0,12
26598,32,adaptive-prasle,1741,1,0,0,6,63,84,882,1,1,24857,1741,0,4,0,0,0,NORMAL,0,0,0,0,0,6
26552,1,adaptive-prasle,2110,1,0,0,8,63,112,882,1,1,24442,2110,0,8,0,0,0,LEADER,1,0,0,0,0,8
26547,8,adaptive-prasle,2295,1,0,0,8,63,112,882,2,8,24252,2295,0,5,0,0,0,LEADER,1,0,0,0,0,8
26446,47,adaptive-prasle,1977,1,0,0,10,64,140,896,3,1,24469,1977,0,6,0,0,0,NORMAL,0,0,0,0,0,10
26798,6,adaptive-prasle,1851,1,0,0,10,61,140,854,2,2,24947,1851,0,6,0,0,0,NORMAL,0,0,0,0,0,10
27171,26,adaptive-prasle,1934,1,0,0,12,64,168,896,3,1,25237,1934,0,6,0,0,0,NORMAL,0,0,0,0,0,12
27183,43,adaptive-prasle,2047,1,0,0,11,64,154,896,3,1,25136,2047,0,6,0,0,0,NORMAL,0,0,0,0,0,11
27456,4,adaptive-prasle,1867,1,0,0,7,64,98,896,1,1,25589,1867,0,5,0,0,0,NORMAL,0,0,0,0,0,7
27072,13,adaptive-prasle,2073,1,0,0,11,64,154,896,3,1,24999,2073,0,6,0,0,0,NORMAL,0,0,0,0,0,11
27453,16,adaptive-prasle,1775,1,0,0,7,64,98,896,3,1,25678,1775,0,5,0,0,0,NORMAL,0,0,0,0,0,7
27158,15,adaptive-prasle,2290,1,0,0,11,64,154,896,3,2,24868,2290,0,6,0,0,0,NORMAL,0,0,0,0,0,11
27164,25,adaptive-prasle,2449,1,0,0,11,64,154,896,3,2,24715,2449,0,6,0,0,0,NORMAL,0,0,0,0,0,11
27537,48,adaptive-prasle,1862,1,0,0,13,64,182,896,3,1,25675,1862,0,8,0,0,0,NORMAL,0,0,0,0,0,13
27158,5,adaptive-prasle,2316,1,0,0,6,64,84,896,1,1,24842,2316,0,4,0,0,0,NORMAL,0,0,0,0,0,6
27747,24,adaptive-prasle,2081,1,0,0,11,64,154,896,3,1,25666,2081,0,6,0,0,0,NORMAL,0,0,0,0,0,11
27276,22,adaptive-prasle,1522,1,0,0,11,64,154,896,3,1,25754,1522,0,6,0,0,0,NORMAL,0,0,0,0,0,11
28210,2,adaptive-prasle,1504,1,0,0,9,62,126,868,3,2,26706,1504,0,6,0,0,0,LEADER,1,0,0,0,0,9
27868,45,adaptive-prasle,1459,1,0,0,11,64,154,896,3,1,26409,1459,0,7,0,0,0,NORMAL,0,0,0,0,0,11
28327,34,adaptive-prasle,1492,1,0,0,10,64,140,896,2,1,26835,1492,0,6,0,0,0,NORMAL,0,0,0,0,0,10
27649,42,adaptive-prasle,1583,1,0,0,9,64,126,896,1,1,26066,1583,0,6,0,0,0,NORMAL,0,0,0,0,0,9
27830,49,adaptive-prasle,1782,1,0,0,10,64,140,896,1,1,26048,1782,0,6,0,0,0,NORMAL,0,0,0,0,0,10
28171,44,adaptive-prasle,1488,1,0,0,10,64,140,896,1,1,26683,1488,0,6,0,0,0,NORMAL,0,0,0,0,0,10
27790,35,adaptive-prasle,2416,1,0,0,4,63,56,882,1,1,25374,2416,0,4,0,0,0,NORMAL,0,0,0,0,0,4
28660,50,adaptive-prasle,2190,1,0,0,11,64,154,896,1,1,26470,2190,0,7,0,0,0,NORMAL,0,0,0,0,0,11
28946,39,adaptive-prasle,1741,1,0,0,10,64,140,896,1,1,27205,1741,0,6,0,0,0,NORMAL,0,0,0,0,0,10
29031,20,adaptive-prasle,2111,1,0,0,11,64,154,896,1,1,26920,2111,0,6,0,0,0,NORMAL,0,0,0,0,0,11
28951,1,adaptive-prasle,2110,1,0,0,8,63,112,882,1,1,26841,2110,0,8,0,0,0,LEADER,1,0,0,0,0,8
29305,12,adaptive-prasle,1603,1,0,0,8,65,112,910,1,1,27702,1603,0,5,0,0,0,NORMAL,0,0,0,0,0,8
29367,29,adaptive-prasle,1745,1,0,0,10,65,140,910,1,1,27622,1745,0,6,0,0,0,NORMAL,0,0,0,0,0,10
29711,48,adaptive-prasle,1862,1,0,0,13,65,182,910,3,1,27849,1862,0,8,0,0,0,NORMAL,0,0,0,0,0,13
29663,11,adaptive-prasle,2040,1,0,0,9,65,126,910,1,1,27623,2040,0,6,0,0,0,NORMAL,0,0,0,0,0,9
29968,14,adaptive-prasle,1922,1,0,0,12,65,168,910,3,2,28046,1922,0,6,0,0,0,NORMAL,0,0,0,0,0,12
29820,37,adaptive-prasle,2441,1,0,0,8,65,112,910,1,1,27379,2441,0,5,0,0,0,NORMAL,0,0,0,0,0,8
30537,9,adaptive-prasle,1939,1,0,0,7,65,98,910,1,1,28598,1939,0,4,0,0,0,NORMAL,0,0,0,0,0,7
30062,3,adaptive-prasle,1581,1,0,0,7,65,98,910,1,1,28481,1581,0,5,0,0,0,NORMAL,0,0,0,0,0,7
30380,17,adaptive-prasle,1845,1,0,0,10,65,140,910,1,1,28535,1845,0,6,0,0,0,NORMAL,0,0,0,0,0,10
30540,10,adaptive-prasle,1573,1,0,0,9,65,126,910,1,1,28967,1573,0,6,0,0,0,NORMAL,0,0,0,0,0,9
30521,23,adaptive-prasle,1933,1,0,0,10,65,140,910,2,2,28588,1933,0,6,0,0,0,NORMAL,0,0,0,0,0,10
30574,15,adaptive-prasle,2290,1,0,0,11,65,154,910,3,2,28284,2290,0,6,0,0,0,NORMAL,0,0,0,0,0,11
31198,18,adaptive-prasle,2224,1,0,0,9,65,126,910,1,1,28974,2224,0,6,0,0,0,NORMAL,0,0,0,0,0,9
30694,25,adaptive-prasle,2449,1,0,0,11,65,154,910,3,2,28245,2449,0,6,0,0,0,NORMAL,0,0,0,0,0,11
31350,1,adaptive-prasle,2110,1,0,0,8,65,112,910,1,1,29240,2110,0,8,0,0,0,LEADER,1,0,0,0,0,8
31885,48,adaptive-prasle,1862,1,0,0,13,67,182,938,3,1,30023,1862,0,8,0,0,0,NORMAL,0,0,0,0,0,13
32331,16,adaptive-prasle,1775,1,0,0,10,67,140,938,4,3,30556,1775,0,6,0,0,0,NORMAL,0,0,0,0,0,10
32180,31,adaptive-prasle,2237,1,0,0,11,67,154,938,3,2,29943,2237,0,5,0,0,0,NORMAL,0,0,0,0,0,11
32307,32,adaptive-prasle,1741,1,0,0,7,68,98,952,1,1,30566,1741,0,5,0,0,0,NORMAL,0,0,0,0,0,7
32124,45,adaptive-prasle,1459,1,0,0,11,68,154,952,3,1,30665,1459,0,7,0,0,0,NORMAL,0,0,0,0,0,11
32101,6,adaptive-prasle,1851,1,0,0,10,65,140,910,2,2,30250,1851,0,6,0,0,0,NORMAL,0,0,0,0,0,10
31818,35,adaptive-prasle,2416,1,0,0,4,67,56,938,1,1,29402,2416,0,4,0,0,0,NORMAL,0,0,0,0,0,4
33192,50,adaptive-prasle,2190,1,0,0,11,68,154,952,1,1,31002,2190,0,7,0,0,0,NORMAL,0,0,0,0,0,11
32505,19,adaptive-prasle,1766,1,0,0,6,67,84,938,1,1,30739,1766,0,5,0,0,0,NORMAL,0,0,0,0,0,6
33129,38,adaptive-prasle,2390,1,0,0,6,68,84,952,1,1,30739,2390,0,5,0,0,0,NORMAL,0,0,0,0,0,6
33164,43,adaptive-prasle,2047,1,0,0,11,68,154,952,3,1,31117,2047,0,6,0,0,0,NORMAL,0,0,0,0,0,11
32934,41,adaptive-prasle,2409,1,0,0,6,68,84,952,1,1,30525,2409,0,4,0,0,0,NORMAL,0,0,0,0,0,6
33067,27,adaptive-prasle,2318,1,0,0,8,69,112,966,2,5,30749,2318,0,5,0,0,0,NORMAL,0,0,0,0,0,8
33932,20,adaptive-prasle,2111,1,0,0,11,69,154,966,1,1,31821,2111,0,6,0,0,0,NORMAL,0,0,0,0,0,11
33866,21,adaptive-prasle,2119,1,0,0,13,69,182,966,3,2,31747,2119,0,6,0,0,0,NORMAL,0,0,0,0,0,13
33750,1,adaptive-prasle,2110,1,0,0,9,67,126,938,1,1,31640,2110,0,9,0,0,0,LEADER,1,0,0,0,0,9
34057,14,adaptive-prasle,1922,1,0,0,14,69,196,966,4,1,32135,1922,0,7,0,0,0,NORMAL,0,0,0,0,0,14
33585,28,adaptive-prasle,2252,1,0,0,10,70,140,980,2,28,31333,2252,0,7,0,0,0,LEADER,1,0,0,0,0,10
34060,48,adaptive-prasle,1862,1,0,0,14,70,196,980,3,1,32198,1862,0,9,0,0,0,NORMAL,0,0,0,0,0,14
33670,40,adaptive-prasle,2141,1,0,0,9,70,126,980,3,1,31529,2141,0,6,0,0,0,NORMAL,0,0,0,0,0,9
33819,36,adaptive-prasle,1901,1,0,0,10,70,140,980,3,1,31918,1901,0,6,0,0,0,NORMAL,0,0,0,0,0,10
34076,15,adaptive-prasle,2290,1,0,0,13,70,182,980,4,1,31786,2290,0,7,0,0,0,NORMAL,0,0,0,0,0,13
34199,11,adaptive-prasle,2040,1,0,0,11,70,154,980,1,1,32159,2040,0,7,0,0,0,NORMAL,0,0,0,0,0,11
33730,5,adaptive-prasle,2316,1,0,0,6,70,84,980,1,1,31414,2316,0,4,0,0,0,NORMAL,0,0,0,0,0,6
34110,25,adaptive-prasle,2449,1,0,0,13,70,182,980,4,1,31661,2449,0,7,0,0,0,NORMAL,0,0,0,0,0,13
34103,29,adaptive-prasle,1745,1,0,0,10,70,140,980,1,1,32358,1745,0,6,0,0,0,NORMAL,0,0,0,0,0,10
34224,30,adaptive-prasle,2258,1,0,0,8,70,112,980,2,2,31966,2258,0,5,0,0,0,NORMAL,0,0,0,0,0,8
35108,4,adaptive-prasle,1867,1,0,0,9,69,126,966,1,1,33241,1867,0,6,0,0,0,NORMAL,0,0,0,0,0,9
34574,37,adaptive-prasle,2441,1,0,0,10,71,140,994,1,1,32133,2441,0,6,0,0,0,NORMAL,0,0,0,0,0,10
34671,3,adaptive-prasle,1581,1,0,0,9,69,126,966,1,1,33090,1581,0,6,0,0,0,NORMAL,0,0,0,0,0,9
34821,23,adaptive-prasle,1933,1,0,0,12,71,168,994,3,1,32888,1933,0,7,0,0,0,NORMAL,0,0,0,0,0,12
34790,12,adaptive-prasle,1603,1,0,0,10,71,140,994,1,1,33187,1603,0,6,0,0,0,NORMAL,0,0,0,0,0,10
35703,16,adaptive-prasle,1775,1,0,0,11,72,154,1008,4,3,33928,1775,0,6,0,0,0,NORMAL,0,0,0,0,0,11
35846,35,adaptive-prasle,2416,1,0,0,4,71,56,994,1,1,33430,2416,0,4,0,0,0,NORMAL,0,0,0,0,0,4
36380,45,adaptive-prasle,1459,1,0,0,11,72,154,1008,3,1,34921,1459,0,7,0,0,0,NORMAL,0,0,0,0,0,11
36912,33,adaptive-prasle,2088,1,0,0,12,72,168,1008,3,1,34824,2088,0,6,0,0,0,NORMAL,0,0,0,0,0,12
36442,44,adaptive-prasle,1488,1,0,0,12,72,168,1008,1,1,34954,1488,0,7,0,0,0,NORMAL,0,0,0,0,0,12
37170,18,adaptive-prasle,2224,1,0,0,10,72,140,1008,1,1,34946,2224,0,7,0,0,0,NORMAL,0,0,0,0,0,10
36860,13,adaptive-prasle,2073,1,0,0,11,72,154,1008,3,1,34787,2073,0,6,0,0,0,NORMAL,0,0,0,0,0,11
36810,46,adaptive-prasle,1858,1,0,0,11,72,154,1008,3,2,34952,1858,0,6,0,0,0,NORMAL,0,0,0,0,0,11
36875,25,adaptive-prasle,2449,1,0,0,13,72,182,1008,4,1,34426,2449,0,7,0,0,0,NORMAL,0,0,0,0,0,13
37724,50,adaptive-prasle,2190,1,0,0,11,72,154,1008,1,1,35534,2190,0,7,0,0,0,NORMAL,0,0,0,0,0,11
37931,9,adaptive-prasle,1939,1,0,0,7,72,98,1008,1,1,35992,1939,0,4,0,0,0,NORMAL,0,0,0,0,0,7
37310,7,adaptive-prasle,1804,1,0,0,9,70,126,980,3,1,35506,1804,0,5,0,0,0,NORMAL,0,0,0,0,0,9
37907,34,adaptive-prasle,1492,1,0,0,12,72,168,1008,2,1,36415,1492,0,7,0,0,0,NORMAL,0,0,0,0,0,12
37501,42,adaptive-prasle,1583,1,0,0,11,72,154,1008,1,1,35918,1583,0,7,0,0,0,NORMAL,0,0,0,0,0,11
37894,15,adaptive-prasle,2290,1,0,0,13,72,182,1008,4,1,35604,2290,0,7,0,0,0,NORMAL,0,0,0,0,0,13
37912,6,adaptive-prasle,1851,1,0,0,11,68,154,952,3,1,36061,1851,0,7,0,0,0,NORMAL,0,0,0,0,0,11
38795,2,adaptive-prasle,1504,1,0,0,9,70,126,980,3,2,37291,1504,0,6,0,0,0,LEADER,1,0,0,0,0,9
38759,16,adaptive-prasle,1775,1,0,0,11,72,154,1008,4,3,36984,1775,0,6,0,0,0,NORMAL,0,0,0,0,0,11
38833,20,adaptive-prasle,2111,1,0,0,11,72,154,1008,1,1,36722,2111,0,6,0,0,0,NORMAL,0,0,0,0,0,11
38715,24,adaptive-prasle,2081,1,0,0,11,72,154,1008,3,1,36634,2081,0,6,0,0,0,NORMAL,0,0,0,0,0,11
38298,22,adaptive-prasle,1522,1,0,0,11,72,154,1008,3,1,36776,1522,0,6,0,0,0,NORMAL,0,0,0,0,0,11
38506,37,adaptive-prasle,2441,1,0,0,10,72,140,1008,1,1,36065,2441,0,6,0,0,0,NORMAL,0,0,0,0,0,10
38337,47,adaptive-prasle,1977,1,0,0,10,72,140,1008,3,1,36360,1977,0,6,0,0,0,NORMAL,0,0,0,0,0,10
38448,49,adaptive-prasle,1782,1,0,0,10,72,140,1008,1,1,36666,1782,0,6,0,0,0,NORMAL,0,0,0,0,0,10
39110,26,adaptive-prasle,1934,1,0,0,12,72,168,1008,3,1,37176,1934,0,6,0,0,0,NORMAL,0,0,0,0,0,12
38839,29,adaptive-prasle,1745,1,0,0,10,72,140,1008,1,1,37094,1745,0,6,0,0,0,NORMAL,0,0,0,0,0,10
39066,48,adaptive-prasle,1862,1,0,0,14,72,196,1008,3,1,37204,1862,0,9,0,0,0,NORMAL,0,0,0,0,0,14
39145,43,adaptive-prasle,2047,1,0,0,11,72,154,1008,3,1,37098,2047,0,6,0,0,0,NORMAL,0,0,0,0,0,11
39169,8,adaptive-prasle,2295,1,0,0,10,69,140,966,3,1,36874,2295,0,6,0,0,0,NORMAL,0,0,0,0,0,10
39287,23,adaptive-prasle,1933,1,0,0,12,72,168,1008,3,1,37354,1933,0,7,0,0,0,NORMAL,0,0,0,0,0,12
39223,12,adaptive-prasle,1603,1,0,0,10,72,140,1008,1,1,37620,1603,0,6,0,0,0,NORMAL,0,0,0,0,0,10
39449,3,adaptive-prasle,1581,1,0,0,9,70,126,980,1,1,37868,1581,0,6,0,0,0,NORMAL,0,0,0,0,0,9
40031,39,adaptive-prasle,1741,1,0,0,11,72,154,1008,1,1,38290,1741,0,7,0,0,0,NORMAL,0,0,0,0,0,11
39640,25,adaptive-prasle,2449,1,0,0,13,72,182,1008,4,1,37191,2449,0,7,0,0,0,NORMAL,0,0,0,0,0,13
40163,32,adaptive-prasle,1741,1,0,0,7,72,98,1008,1,1,38422,1741,0,5,0,0,0,NORMAL,0,0,0,0,0,7
39875,35,adaptive-prasle,2416,1,0,0,5,71,70,994,2,35,37459,2416,0,5,0,0,0,LEADER,1,0,0,0,0,5
40610,1,adaptive-prasle,2110,1,0,0,9,71,126,994,1,1,38500,2110,0,9,0,0,0,LEADER,1,0,0,0,0,9
40637,45,adaptive-prasle,1459,1,0,0,12,72,168,1008,4,45,39178,1459,0,8,0,0,0,LEADER,1,0,0,0,0,12
40302,5,adaptive-prasle,2316,1,0,0,6,73,84,1022,1,1,37986,2316,0,4,0,0,0,NORMAL,0,0,0,0,0,6
41816,16,adaptive-prasle,1775,1,0,0,12,72,168,1008,5,16,40041,1775,0,7,0,0,0,LEADER,1,0,0,0,0,12
41712,15,adaptive-prasle,2290,1,0,0,13,72,182,1008,4,1,39422,2290,0,7,0,0,0,NORMAL,0,0,0,0,0,13
41453,41,adaptive-prasle,2409,1,0,0,6,72,84,1008,1,1,39044,2409,0,4,0,0,0,NORMAL,0,0,0,0,0,6
42257,50,adaptive-prasle,2190,1,0,0,12,72,168,1008,2,50,40067,2190,0,8,0,0,0,LEADER,1,0,0,0,0,12
41826,40,adaptive-prasle,2141,1,0,0,9,72,126,1008,3,1,39685,2141,0,6,0,0,0,NORMAL,0,0,0,0,0,9
42307,11,adaptive-prasle,2040,1,0,0,11,72,154,1008,1,1,40267,2040,0,7,0,0,0,NORMAL,0,0,0,0,0,11
42456,14,adaptive-prasle,1922,1,0,0,14,72,196,1008,4,1,40534,1922,0,7,0,0,0,NORMAL,0,0,0,0,0,14
42029,36,adaptive-prasle,1901,1,0,0,10,72,140,1008,3,1,40128,1901,0,6,0,0,0,NORMAL,0,0,0,0,0,10
42406,25,adaptive-prasle,2449,1,0,0,14,72,196,1008,5,25,39957,2449,0,8,0,0,0,LEADER,1,0,0,0,0,14
42652,31,adaptive-prasle,2237,1,0,0,11,72,154,1008,3,2,40415,2237,0,5,0,0,0,NORMAL,0,0,0,0,0,11
42438,37,adaptive-prasle,2441,1,0,0,10,72,140,1008,1,1,39997,2441,0,6,0,0,0,NORMAL,0,0,0,0,0,10
43736,20,adaptive-prasle,2111,1,0,0,13,74,182,1036,2,2,41625,2111,0,7,0,0,0,NORMAL,0,0,0,0,0,13
43859,18,adaptive-prasle,2224,1,0,0,10,74,140,1036,1,1,41635,2224,0,7,0,0,0,NORMAL,0,0,0,0,0,10
43446,44,adaptive-prasle,1488,1,0,0,12,74,168,1036,1,1,41958,1488,0,7,0,0,0,NORMAL,0,0,0,0,0,12
43577,29,adaptive-prasle,1745,1,0,0,12,74,168,1036,2,2,41832,1745,0,7,0,0,0,NORMAL,0,0,0,0,0,12
43656,12,adaptive-prasle,1603,1,0,0,10,74,140,1036,1,1,42053,1603,0,6,0,0,0,NORMAL,0,0,0,0,0,10
43753,23,adaptive-prasle,1933,1,0,0,12,74,168,1036,3,1,41820,1933,0,7,0,0,0,NORMAL,0,0,0,0,0,12
44072,48,adaptive-prasle,1862,1,0,0,14,74,196,1036,3,1,42210,1862,0,9,0,0,0,NORMAL,0,0,0,0,0,14
43620,19,adaptive-prasle,1766,1,0,0,7,73,98,1022,1,1,41854,1766,0,6,0,0,0,NORMAL,0,0,0,0,0,7
44244,38,adaptive-prasle,2390,1,0,0,7,74,98,1036,1,1,41854,2390,0,6,0,0,0,NORMAL,0,0,0,0,0,7
44521,34,adaptive-prasle,1492,1,0,0,12,74,168,1036,2,1,43029,1492,0,7,0,0,0,NORMAL,0,0,0,0,0,12
44578,4,adaptive-prasle,1867,1,0,0,9,73,126,1022,1,1,42711,1867,0,6,0,0,0,NORMAL,0,0,0,0,0,9
44378,10,adaptive-prasle,1573,1,0,0,9,74,126,1036,1,1,42805,1573,0,6,0,0,0,NORMAL,0,0,0,0,0,9
44227,3,adaptive-prasle,1581,1,0,0,9,73,126,1022,1,1,42646,1581,0,6,0,0,0,NORMAL,0,0,0,0,0,9
44533,17,adaptive-prasle,1845,1,0,0,10,74,140,1036,1,1,42688,1845,0,6,0,0,0,NORMAL,0,0,0,0,0,10
44736,6,adaptive-prasle,1851,1,0,0,11,71,154,994,3,1,42885,1851,0,7,0,0,0,NORMAL,0,0,0,0,0,11
45327,9,adaptive-prasle,1939,1,0,0,9,74,126,1036,2,2,43388,1939,0,5,0,0,0,NORMAL,0,0,0,0,0,9
44649,27,adaptive-prasle,2318,1,0,0,8,75,112,1050,2,5,42331,2318,0,5,0,0,0,NORMAL,0,0,0,0,0,8
45310,21,adaptive-prasle,2119,1,0,0,13,75,182,1050,3,2,43191,2119,0,6,0,0,0,NORMAL,0,0,0,0,0,13
44931,28,adaptive-prasle,2252,1,0,0,11,75,154,1050,3,1,42679,2252,0,8,0,0,0,NORMAL,0,0,0,0,0,11
45147,42,adaptive-prasle,1583,1,0,0,11,75,154,1050,1,1,43564,1583,0,7,0,0,0,NORMAL,0,0,0,0,0,11
45531,15,adaptive-prasle,2290,1,0,0,14,75,196,1050,5,2,43241,2290,0,8,0,0,0,NORMAL,0,0,0,0,0,14
45623,30,adaptive-prasle,2258,1,0,0,8,76,112,1064,2,2,43365,2258,0,5,0,0,0,NORMAL,0,0,0,0,0,8
46898,43,adaptive-prasle,2047,1,0,0,13,76,182,1064,4,2,44851,2047,0,7,0,0,0,NORMAL,0,0,0,0,0,13
46388,5,adaptive-prasle,2316,1,0,0,8,76,112,1064,2,2,44072,2316,0,5,0,0,0,NORMAL,0,0,0,0,0,8
47597,33,adaptive-prasle,2088,1,0,0,12,76,168,1064,3,1,45509,2088,0,6,0,0,0,NORMAL,0,0,0,0,0,12
47470,1,adaptive-prasle,2110,1,0,0,9,76,126,1064,1,1,45360,2110,0,9,0,0,0,LEADER,1,0,0,0,0,9
47260,37,adaptive-prasle,2441,1,0,0,11,76,154,1064,2,2,44819,2441,0,7,0,0,0,NORMAL,0,0,0,0,0,11
48019,32,adaptive-prasle,1741,1,0,0,7,76,98,1064,1,1,46278,1741,0,5,0,0,0,NORMAL,0,0,0,0,0,7
47628,35,adaptive-prasle,2416,1,0,0,6,75,84,1050,2,35,45212,2416,0,5,0,0,0,LEADER,1,0,0,0,0,6
48002,46,adaptive-prasle,1858,1,0,0,11,76,154,1064,3,2,46144,1858,0,6,0,0,0,NORMAL,0,0,0,0,0,11
48448,13,adaptive-prasle,2073,1,0,0,11,76,154,1064,3,1,46375,2073,0,6,0,0,0,NORMAL,0,0,0,0,0,11
48344,12,adaptive-prasle,1603,1,0,0,11,76,154,1064,2,2,46741,1603,0,7,0,0,0,NORMAL,0,0,0,0,0,11
48542,45,adaptive-prasle,1459,1,0,0,13,76,182,1064,4,45,47083,1459,0,8,0,0,0,LEADER,1,0,0,0,0,13
48464,23,adaptive-prasle,1933,1,0,0,13,76,182,1064,4,2,46531,1933,0,8,0,0,0,NORMAL,0,0,0,0,0,13
48921,16,adaptive-prasle,1775,1,0,0,13,76,182,1064,5,16,47146,1775,0,7,0,0,0,LEADER,1,0,0,0,0,13
48854,48,adaptive-prasle,1862,1,0,0,15,76,210,1064,4,2,46992,1862,0,10,0,0,0,NORMAL,0,0,0,0,0,15
49006,3,adaptive-prasle,1581,1,0,0,10,75,140,1050,2,2,47425,1581,0,7,0,0,0,NORMAL,0,0,0,0,0,10
49060,7,adaptive-prasle,1804,1,0,0,9,76,126,1064,3,1,47256,1804,0,5,0,0,0,NORMAL,0,0,0,0,0,9
49454,41,adaptive-prasle,2409,1,0,0,7,77,98,1078,2,2,47045,2409,0,5,0,0,0,NORMAL,0,0,0,0,0,7
49663,40,adaptive-prasle,2141,1,0,0,10,77,140,1078,4,2,47522,2141,0,7,0,0,0,NORMAL,0,0,0,0,0,10
50548,18,adaptive-prasle,2224,1,0,0,10,77,140,1078,1,1,48324,2224,0,7,0,0,0,NORMAL,0,0,0,0,0,10
50348,24,adaptive-prasle,2081,1,0,0,11,77,154,1078,3,1,48267,2081,0,6,0,0,0,NORMAL,0,0,0,0,0,11
49955,22,adaptive-prasle,1522,1,0,0,11,77,154,1078,3,1,48433,1522,0,6,0,0,0,NORMAL,0,0,0,0,0,11
50415,11,adaptive-prasle,2040,1,0,0,11,77,154,1078,1,1,48375,2040,0,7,0,0,0,NORMAL,0,0,0,0,0,11
50450,44,adaptive-prasle,1488,1,0,0,12,77,168,1078,1,1,48962,1488,0,7,0,0,0,NORMAL,0,0,0,0,0,12
50378,36,adaptive-prasle,1901,1,0,0,11,77,154,1078,4,2,48477,1901,0,7,0,0,0,NORMAL,0,0,0,0,0,11
50855,14,adaptive-prasle,1922,1,0,0,14,77,196,1078,4,1,48933,1922,0,7,0,0,0,NORMAL,0,0,0,0,0,14
51135,34,adaptive-prasle,1492,1,0,0,12,77,168,1078,2,1,49643,1492,0,7,0,0,0,NORMAL,0,0,0,0,0,12
51661,39,adaptive-prasle,1741,1,0,0,11,77,154,1078,1,1,49920,1741,0,7,0,0,0,NORMAL,0,0,0,0,0,11
51278,25,adaptive-prasle,2449,1,0,0,15,77,210,1078,5,25,48829,2449,0,8,0,0,0,LEADER,1,0,0,0,0,15
51560,6,adaptive-prasle,1851,1,0,0,11,75,154,1050,3,1,49709,1851,0,7,0,0,0,NORMAL,0,0,0,0,0,11
51920,49,adaptive-prasle,1782,1,0,0,10,77,140,1078,1,1,50138,1782,0,6,0,0,0,NORMAL,0,0,0,0,0,10
52027,5,adaptive-prasle,2316,1,0,0,8,77,112,1078,2,2,49711,2316,0,5,0,0,0,NORMAL,0,0,0,0,0,8
52157,47,adaptive-prasle,1977,1,0,0,10,77,140,1078,3,1,50180,1977,0,6,0,0,0,NORMAL,0,0,0,0,0,10
52980,2,adaptive-prasle,1504,1,0,0,10,76,140,1064,3,2,51476,1504,0,7,0,0,0,LEADER,1,0,0,0,0,10
52975,26,adaptive-prasle,1934,1,0,0,12,77,168,1078,3,1,51041,1934,0,6,0,0,0,NORMAL,0,0,0,0,0,12
53331,4,adaptive-prasle,1867,1,0,0,9,77,126,1078,1,1,51464,1867,0,6,0,0,0,NORMAL,0,0,0,0,0,9
53125,31,adaptive-prasle,2237,1,0,0,12,77,168,1078,3,2,50888,2237,0,6,0,0,0,NORMAL,0,0,0,0,0,12
53185,48,adaptive-prasle,1862,1,0,0,15,77,210,1078,4,2,51323,1862,0,10,0,0,0,NORMAL,0,0,0,0,0,15
52793,42,adaptive-prasle,1583,1,0,0,11,78,154,1092,1,1,51210,1583,0,7,0,0,0,NORMAL,0,0,0,0,0,11
53297,8,adaptive-prasle,2295,1,0,0,10,77,140,1078,3,1,51002,2295,0,6,0,0,0,NORMAL,0,0,0,0,0,10
53902,50,adaptive-prasle,2190,1,0,0,13,78,182,1092,2,50,51712,2190,0,8,0,0,0,LEADER,1,0,0,0,0,13
53539,12,adaptive-prasle,1603,1,0,0,11,78,154,1092,2,2,51936,1603,0,7,0,0,0,NORMAL,0,0,0,0,0,11
53662,23,adaptive-prasle,1933,1,0,0,13,78,182,1092,4,2,51729,1933,0,8,0,0,0,NORMAL,0,0,0,0,0,13
53859,37,adaptive-prasle,2441,1,0,0,11,79,154,1106,2,2,51418,2441,0,7,0,0,0,NORMAL,0,0,0,0,0,11
54331,1,adaptive-prasle,2110,1,0,0,10,78,140,1092,1,1,52221,2110,0,10,0,0,0,LEADER,1,0,0,0,0,10
55876,32,adaptive-prasle,1741,1,0,0,8,79,112,1106,1,1,54135,1741,0,6,0,0,0,NORMAL,0,0,0,0,0,8
55637,15,adaptive-prasle,2290,1,0,0,14,79,196,1106,5,2,53347,2290,0,8,0,0,0,NORMAL,0,0,0,0,0,14
56446,21,adaptive-prasle,2119,1,0,0,14,80,196,1120,3,2,54327,2119,0,7,0,0,0,NORMAL,0,0,0,0,0,14
55976,27,adaptive-prasle,2318,1,0,0,9,80,126,1120,3,2,53658,2318,0,6,0,0,0,NORMAL,0,0,0,0,0,9
56571,29,adaptive-prasle,1745,1,0,0,12,80,168,1120,2,2,54826,1745,0,7,0,0,0,NORMAL,0,0,0,0,0,12
56416,41,adaptive-prasle,2409,1,0,0,7,80,98,1120,2,2,54007,2409,0,5,0,0,0,NORMAL,0,0,0,0,0,7
57018,44,adaptive-prasle,1488,1,0,0,14,80,196,1120,1,1,55530,1488,0,8,0,0,0,NORMAL,0,0,0,0,0,14
57536,18,adaptive-prasle,2224,1,0,0,11,80,154,1120,2,18,55312,2224,0,8,0,0,0,LEADER,1,0,0,0,0,11
57479,34,adaptive-prasle,1492,1,0,0,14,80,196,1120,2,1,55987,1492,0,8,0,0,0,NORMAL,0,0,0,0,0,14
57516,48,adaptive-prasle,1862,1,0,0,15,80,210,1120,4,2,55654,1862,0,10,0,0,0,NORMAL,0,0,0,0,0,15
57339,40,adaptive-prasle,2141,1,0,0,10,80,140,1120,4,2,55198,2141,0,7,0,0,0,NORMAL,0,0,0,0,0,10
58081,11,adaptive-prasle,2040,1,0,0,13,80,182,1120,1,1,56041,2040,0,8,0,0,0,NORMAL,0,0,0,0,0,13
58216,10,adaptive-prasle,1573,1,0,0,9,80,126,1120,1,1,56643,1573,0,6,0,0,0,NORMAL,0,0,0,0,0,9
57666,5,adaptive-prasle,2316,1,0,0,8,80,112,1120,2,2,55350,2316,0,5,0,0,0,NORMAL,0,0,0,0,0,8
58739,20,adaptive-prasle,2111,1,0,0,13,80,182,1120,2,2,56628,2111,0,7,0,0,0,NORMAL,0,0,0,0,0,13
58686,17,adaptive-prasle,1845,1,0,0,10,80,140,1120,1,1,56841,1845,0,6,0,0,0,NORMAL,0,0,0,0,0,10
58768,14,adaptive-prasle,1922,1,0,0,15,80,210,1120,4,1,56846,1922,0,8,0,0,0,NORMAL,0,0,0,0,0,15
58290,30,adaptive-prasle,2258,1,0,0,9,80,126,1120,3,1,56032,2258,0,6,0,0,0,NORMAL,0,0,0,0,0,9
58734,12,adaptive-prasle,1603,1,0,0,11,80,154,1120,2,2,57131,1603,0,7,0,0,0,NORMAL,0,0,0,0,0,11
58860,23,adaptive-prasle,1933,1,0,0,13,80,182,1120,4,2,56927,1933,0,8,0,0,0,NORMAL,0,0,0,0,0,13
58820,19,adaptive-prasle,1766,1,0,0,7,79,98,1106,1,1,57054,1766,0,6,0,0,0,NORMAL,0,0,0,0,0,7
59444,38,adaptive-prasle,2390,1,0,0,7,80,98,1120,1,1,57054,2390,0,6,0,0,0,NORMAL,0,0,0,0,0,7
59002,36,adaptive-prasle,1901,1,0,0,11,80,154,1120,4,2,57101,1901,0,7,0,0,0,NORMAL,0,0,0,0,0,11
59788,33,adaptive-prasle,2088,1,0,0,13,80,182,1120,3,1,57700,2088,0,7,0,0,0,NORMAL,0,0,0,0,0,13
59595,46,adaptive-prasle,1858,1,0,0,12,80,168,1120,4,1,57737,1858,0,7,0,0,0,NORMAL,0,0,0,0,0,12
59704,13,adaptive-prasle,2073,1,0,0,12,80,168,1120,3,1,57631,2073,0,7,0,0,0,NORMAL,0,0,0,0,0,12
60471,9,adaptive-prasle,1939,1,0,0,9,81,126,1134,2,2,58532,1939,0,5,0,0,0,NORMAL,0,0,0,0,0,9
60157,6,adaptive-prasle,1851,1,0,0,12,78,168,1092,3,1,58306,1851,0,8,0,0,0,NORMAL,0,0,0,0,0,12
60131,28,adaptive-prasle,2252,1,0,0,11,81,154,1134,3,1,57879,2252,0,8,0,0,0,NORMAL,0,0,0,0,0,11
60279,7,adaptive-prasle,1804,1,0,0,10,80,140,1120,3,1,58475,1804,0,6,0,0,0,NORMAL,0,0,0,0,0,10
60154,42,adaptive-prasle,1583,1,0,0,12,81,168,1134,1,1,58571,1583,0,8,0,0,0,NORMAL,0,0,0,0,0,12
60458,37,adaptive-prasle,2441,1,0,0,11,81,154,1134,2,2,58017,2441,0,7,0,0,0,NORMAL,0,0,0,0,0,11
60732,3,adaptive-prasle,1581,1,0,0,10,80,140,1120,2,2,59151,1581,0,7,0,0,0,NORMAL,0,0,0,0,0,10
61600,43,adaptive-prasle,2047,1,0,0,13,81,182,1134,4,2,59553,2047,0,7,0,0,0,NORMAL,0,0,0,0,0,13
62085,4,adaptive-prasle,1867,1,0,0,10,80,140,1120,1,1,60218,1867,0,7,0,0,0,NORMAL,0,0,0,0,0,10
62821,48,adaptive-prasle,1862,1,0,0,17,81,238,1134,5,5,60959,1862,0,11,0,0,0,NORMAL,0,0,0,0,0,17
62349,22,adaptive-prasle,1522,1,0,0,12,81,168,1134,3,1,60827,1522,0,7,0,0,0,NORMAL,0,0,0,0,0,12
62852,24,adaptive-prasle,2081,1,0,0,12,81,168,1134,3,1,60771,2081,0,7,0,0,0,NORMAL,0,0,0,0,0,12
63291,39,adaptive-prasle,1741,1,0,0,11,81,154,1134,1,1,61550,1741,0,7,0,0,0,NORMAL,0,0,0,0,0,11
63008,44,adaptive-prasle,1488,1,0,0,14,81,196,1134,1,1,61520,1488,0,8,0,0,0,NORMAL,0,0,0,0,0,14
63538,34,adaptive-prasle,1492,1,0,0,14,81,196,1134,2,1,62046,1492,0,8,0,0,0,NORMAL,0,0,0,0,0,14
62828,35,adaptive-prasle,2416,1,0,0,6,80,84,1120,2,35,60412,2416,0,5,0,0,0,LEADER,1,0,0,0,0,6
63742,45,adaptive-prasle,1459,1,0,0,13,81,182,1134,4,45,62283,1459,0,8,0,0,0,LEADER,1,0,0,0,0,13
63306,5,adaptive-prasle,2316,1,0,0,9,80,126,1120,3,5,60990,2316,0,6,0,0,0,LEADER,1,0,0,0,0,9
63378,41,adaptive-prasle,2409,1,0,0,7,81,98,1134,2,2,60969,2409,0,5,0,0,0,NORMAL,0,0,0,0,0,7
64121,16,adaptive-prasle,1775,1,0,0,13,81,182,1134,5,16,62346,1775,0,7,0,0,0,LEADER,1,0,0,0,0,13
63930,12,adaptive-prasle,1603,1,0,0,12,81,168,1134,3,5,62327,1603,0,8,0,0,0,NORMAL,0,0,0,0,0,12
64059,23,adaptive-prasle,1933,1,0,0,14,81,196,1134,5,5,62126,1933,0,9,0,0,0,NORMAL,0,0,0,0,0,14
64336,25,adaptive-prasle,2449,1,0,0,15,81,210,1134,5,25,61887,2449,0,8,0,0,0,LEADER,1,0,0,0,0,15
65119,18,adaptive-prasle,2224,1,0,0,11,81,154,1134,2,18,62895,2224,0,8,0,0,0,LEADER,1,0,0,0,0,11
64857,11,adaptive-prasle,2040,1,0,0,13,81,182,1134,1,1,62817,2040,0,8,0,0,0,NORMAL,0,0,0,0,0,13
65015,40,adaptive-prasle,2141,1,0,0,10,81,140,1134,4,2,62874,2141,0,7,0,0,0,NORMAL,0,0,0,0,0,10
65706,14,adaptive-prasle,1922,1,0,0,15,81,210,1134,4,1,63784,1922,0,8,0,0,0,NORMAL,0,0,0,0,0,15
65743,15,adaptive-prasle,2290,1,0,0,14,81,196,1134,5,2,63453,2290,0,8,0,0,0,NORMAL,0,0,0,0,0,14
65969,49,adaptive-prasle,1782,1,0,0,11,81,154,1134,1,1,64187,1782,0,7,0,0,0,NORMAL,0,0,0,0,0,11
66963,21,adaptive-prasle,2119,1,0,0,14,81,196,1134,3,2,64844,2119,0,7,0,0,0,NORMAL,0,0,0,0,0,14
66438,47,adaptive-prasle,1977,1,0,0,11,81,154,1134,3,1,64461,1977,0,7,0,0,0,NORMAL,0,0,0,0,0,11
67286,26,adaptive-prasle,1934,1,0,0,13,81,182,1134,3,1,65352,1934,0,7,0,0,0,NORMAL,0,0,0,0,0,13
66790,27,adaptive-prasle,2318,1,0,0,9,81,126,1134,3,2,64472,2318,0,6,0,0,0,NORMAL,0,0,0,0,0,9
67058,37,adaptive-prasle,2441,1,0,0,12,81,168,1134,3,37,64617,2441,0,8,0,0,0,LEADER,1,0,0,0,0,12
66942,42,adaptive-prasle,1583,1,0,0,12,81,168,1134,1,1,65359,1583,0,8,0,0,0,NORMAL,0,0,0,0,0,12
68180,2,adaptive-prasle,1504,1,0,0,10,80,140,1120,3,2,66676,1504,0,7,0,0,0,LEADER,1,0,0,0,0,10
67626,36,adaptive-prasle,1901,1,0,0,11,81,154,1134,4,2,65725,1901,0,7,0,0,0,NORMAL,0,0,0,0,0,11
68325,31,adaptive-prasle,2237,1,0,0,12,81,168,1134,3,2,66088,2237,0,6,0,0,0,NORMAL,0,0,0,0,0,12
68497,8,adaptive-prasle,2295,1,0,0,10,80,140,1120,3,1,66202,2295,0,6,0,0,0,NORMAL,0,0,0,0,0,10
69102,50,adaptive-prasle,2190,1,0,0,13,81,182,1134,2,50,66912,2190,0,8,0,0,0,LEADER,1,0,0,0,0,13
68998,44,adaptive-prasle,1488,1,0,0,14,81,196,1134,1,1,67510,1488,0,8,0,0,0,NORMAL,0,0,0,0,0,14
69597,34,adaptive-prasle,1492,1,0,0,14,81,196,1134,2,1,68105,1492,0,8,0,0,0,NORMAL,0,0,0,0,0,14
69125,12,adaptive-prasle,1603,1,0,0,12,81,168,1134,3,5,67522,1603,0,8,0,0,0,NORMAL,0,0,0,0,0,12
69257,23,adaptive-prasle,1933,1,0,0,14,81,196,1134,5,5,67324,1933,0,9,0,0,0,NORMAL,0,0,0,0,0,14
68945,5,adaptive-prasle,2316,1,0,0,9,80,126,1120,3,5,66629,2316,0,6,0,0,0,LEADER,1,0,0,0,0,9
69531,1,adaptive-prasle,2110,1,0,0,10,80,140,1120,1,1,67421,2110,0,10,0,0,0,LEADER,1,0,0,0,0,10
69686,29,adaptive-prasle,1745,1,0,0,12,81,168,1134,2,2,67941,1745,0,7,0,0,0,NORMAL,0,0,0,0,0,12
70068,48,adaptive-prasle,1862,1,0,0,17,81,238,1134,5,5,68206,1862,0,11,0,0,0,NORMAL,0,0,0,0,0,17
70293,13,adaptive-prasle,2073,1,0,0,12,81,168,1134,3,1,68220,2073,0,7,0,0,0,NORMAL,0,0,0,0,0,12
70433,7,adaptive-prasle,1804,1,0,0,10,80,140,1120,3,1,68629,1804,0,6,0,0,0,NORMAL,0,0,0,0,0,10
70341,41,adaptive-prasle,2409,1,0,0,8,81,112,1134,3,41,67932,2409,0,6,0,0,0,LEADER,1,0,0,0,0,8
71076,32,adaptive-prasle,1741,1,0,0,8,81,112,1134,1,1,69335,1741,0,6,0,0,0,NORMAL,0,0,0,0,0,8
71633,11,adaptive-prasle,2040,1,0,0,13,81,182,1134,1,1,69593,2040,0,8,0,0,0,NORMAL,0,0,0,0,0,13
72055,10,adaptive-prasle,1573,1,0,0,10,81,140,1134,2,5,70482,1573,0,7,0,0,0,NORMAL,0,0,0,0,0,10
71987,46,adaptive-prasle,1858,1,0,0,12,81,168,1134,4,1,70129,1858,0,7,0,0,0,NORMAL,0,0,0,0,0,12
72702,18,adaptive-prasle,2224,1,0,0,11,81,154,1134,2,18,70478,2224,0,8,0,0,0,LEADER,1,0,0,0,0,11
72297,6,adaptive-prasle,1851,1,0,0,12,78,168,1092,3,1,70446,1851,0,8,0,0,0,NORMAL,0,0,0,0,0,12
72644,14,adaptive-prasle,1922,1,0,0,15,81,210,1134,4,1,70722,1922,0,8,0,0,0,NORMAL,0,0,0,0,0,15
72840,17,adaptive-prasle,1845,1,0,0,11,81,154,1134,2,5,70995,1845,0,7,0,0,0,NORMAL,0,0,0,0,0,11
72692,40,adaptive-prasle,2141,1,0,0,11,81,154,1134,5,40,70551,2141,0,8,0,0,0,LEADER,1,0,0,0,0,11
73939,20,adaptive-prasle,2111,1,0,0,13,82,182,1148,2,2,71828,2111,0,7,0,0,0,NORMAL,0,0,0,0,0,13
73490,30,adaptive-prasle,2258,1,0,0,9,82,126,1148,3,1,71232,2258,0,6,0,0,0,NORMAL,0,0,0,0,0,9
73658,37,adaptive-prasle,2441,1,0,0,13,82,182,1148,3,37,71217,2441,0,8,0,0,0,LEADER,1,0,0,0,0,13
73730,42,adaptive-prasle,1583,1,0,0,12,82,168,1148,1,1,72147,1583,0,8,0,0,0,NORMAL,0,0,0,0,0,12
74020,19,adaptive-prasle,1766,1,0,0,7,81,98,1134,1,1,72254,1766,0,6,0,0,0,NORMAL,0,0,0,0,0,7
74644,38,adaptive-prasle,2390,1,0,0,7,82,98,1148,1,1,72254,2390,0,6,0,0,0,NORMAL,0,0,0,0,0,7
74320,12,adaptive-prasle,1603,1,0,0,12,82,168,1148,3,5,72717,1603,0,8,0,0,0,NORMAL,0,0,0,0,0,12
74455,23,adaptive-prasle,1933,1,0,0,14,82,196,1148,5,5,72522,1933,0,9,0,0,0,NORMAL,0,0,0,0,0,14
74988,33,adaptive-prasle,2088,1,0,0,13,82,182,1148,3,1,72900,2088,0,7,0,0,0,NORMAL,0,0,0,0,0,13
74923,39,adaptive-prasle,1741,1,0,0,13,82,182,1148,2,8,73182,1741,0,8,0,0,0,NORMAL,0,0,0,0,0,13
74990,44,adaptive-prasle,1488,1,0,0,16,82,224,1148,2,8,73502,1488,0,9,0,0,0,NORMAL,0,0,0,0,0,16
74584,5,adaptive-prasle,2316,1,0,0,9,81,126,1134,3,5,72268,2316,0,6,0,0,0,LEADER,1,0,0,0,0,9
75587,9,adaptive-prasle,1939,1,0,0,9,82,126,1148,2,2,73648,1939,0,5,0,0,0,NORMAL,0,0,0,0,0,9
75658,34,adaptive-prasle,1492,1,0,0,16,82,224,1148,3,8,74166,1492,0,9,0,0,0,NORMAL,0,0,0,0,0,16
75331,28,adaptive-prasle,2252,1,0,0,11,82,154,1148,3,1,73079,2252,0,8,0,0,0,NORMAL,0,0,0,0,0,11
75851,15,adaptive-prasle,2290,1,0,0,16,82,224,1148,6,8,73561,2290,0,9,0,0,0,NORMAL,0,0,0,0,0,16
75932,3,adaptive-prasle,1581,1,0,0,10,81,140,1134,2,2,74351,1581,0,7,0,0,0,NORMAL,0,0,0,0,0,10
76302,43,adaptive-prasle,2047,1,0,0,13,82,182,1148,4,2,74255,2047,0,7,0,0,0,NORMAL,0,0,0,0,0,13
76214,22,adaptive-prasle,1522,1,0,0,12,82,168,1148,3,1,74692,1522,0,7,0,0,0,NORMAL,0,0,0,0,0,12
77285,4,adaptive-prasle,1867,1,0,0,10,81,140,1134,1,1,75418,1867,0,7,0,0,0,NORMAL,0,0,0,0,0,10
77095,24,adaptive-prasle,2081,1,0,0,12,82,168,1148,3,1,75014,2081,0,7,0,0,0,NORMAL,0,0,0,0,0,12
77480,21,adaptive-prasle,2119,1,0,0,14,82,196,1148,3,2,75361,2119,0,7,0,0,0,NORMAL,0,0,0,0,0,14
77396,25,adaptive-prasle,2449,1,0,0,17,82,238,1148,6,8,74947,2449,0,9,0,0,0,NORMAL,0,0,0,0,0,17
77604,27,adaptive-prasle,2318,1,0,0,9,82,126,1148,3,2,75286,2318,0,6,0,0,0,NORMAL,0,0,0,0,0,9
78409,11,adaptive-prasle,2040,1,0,0,14,82,196,1148,2,8,76369,2040,0,9,0,0,0,NORMAL,0,0,0,0,0,14
78030,35,adaptive-prasle,2416,1,0,0,8,81,112,1134,3,8,75614,2416,0,6,0,0,0,NORMAL,0,0,0,0,0,8
78444,36,adaptive-prasle,1901,1,0,0,13,82,182,1148,5,8,76543,1901,0,8,0,0,0,NORMAL,0,0,0,0,0,13
78944,45,adaptive-prasle,1459,1,0,0,15,82,210,1148,5,8,77485,1459,0,9,0,0,0,NORMAL,0,0,0,0,0,15
79323,16,adaptive-prasle,1775,1,0,0,15,82,210,1148,6,8,77548,1775,0,8,0,0,0,NORMAL,0,0,0,0,0,15
79583,14,adaptive-prasle,1922,1,0,0,16,82,224,1148,5,8,77661,1922,0,9,0,0,0,NORMAL,0,0,0,0,0,16
80286,18,adaptive-prasle,2224,1,0,0,12,82,168,1148,3,8,78062,2224,0,9,0,0,0,NORMAL,0,0,0,0,0,12
79966,48,adaptive-prasle,1862,1,0,0,17,82,238,1148,5,5,78104,1862,0,11,0,0,0,NORMAL,0,0,0,0,0,17
80051,41,adaptive-prasle,2409,1,0,0,10,83,140,1162,3,41,77642,2409,0,6,0,0,0,LEADER,1,0,0,0,0,10
80587,7,adaptive-prasle,1804,1,0,0,10,83,140,1162,3,1,78783,1804,0,6,0,0,0,NORMAL,0,0,0,0,0,10
80882,13,adaptive-prasle,2073,1,0,0,12,83,168,1162,3,1,78809,2073,0,7,0,0,0,NORMAL,0,0,0,0,0,12
80520,42,adaptive-prasle,1583,1,0,0,14,83,196,1162,2,5,78937,1583,0,9,0,0,0,NORMAL,0,0,0,0,0,14
81169,49,adaptive-prasle,1782,1,0,0,11,84,154,1176,1,1,79387,1782,0,7,0,0,0,NORMAL,0,0,0,0,0,11
81638,47,adaptive-prasle,1977,1,0,0,11,84,154,1176,3,1,79661,1977,0,7,0,0,0,NORMAL,0,0,0,0,0,11
82486,26,adaptive-prasle,1934,1,0,0,13,84,182,1176,3,1,80552,1934,0,7,0,0,0,NORMAL,0,0,0,0,0,13
82803,29,adaptive-prasle,1745,1,0,0,14,84,196,1176,3,3,81058,1745,0,8,0,0,0,NORMAL,0,0,0,0,0,14
83380,2,adaptive-prasle,1504,1,0,0,10,84,140,1176,3,2,81876,1504,0,7,0,0,0,LEADER,1,0,0,0,0,10
83525,31,adaptive-prasle,2237,1,0,0,12,84,168,1176,3,2,81288,2237,0,6,0,0,0,NORMAL,0,0,0,0,0,12
83699,8,adaptive-prasle,2295,1,0,0,12,83,168,1162,4,3,81404,2295,0,7,0,0,0,NORMAL,0,0,0,0,0,12
84304,50,adaptive-prasle,2190,1,0,0,15,85,210,1190,3,3,82114,2190,0,9,0,0,0,NORMAL,0,0,0,0,0,15
84437,6,adaptive-prasle,1851,1,0,0,12,84,168,1176,3,1,82586,1851,0,8,0,0,0,NORMAL,0,0,0,0,0,12
84379,46,adaptive-prasle,1858,1,0,0,12,86,168,1204,4,1,82521,1858,0,7,0,0,0,NORMAL,0,0,0,0,0,12
84731,1,adaptive-prasle,2110,1,0,0,10,86,140,1204,1,1,82621,2110,0,10,0,0,0,LEADER,1,0,0,0,0,10
85387,40,adaptive-prasle,2141,1,0,0,14,87,196,1218,5,40,83246,2141,0,8,0,0,0,LEADER,1,0,0,0,0,14
86276,32,adaptive-prasle,1741,1,0,0,8,87,112,1218,1,1,84535,1741,0,6,0,0,0,NORMAL,0,0,0,0,0,8
86802,10,adaptive-prasle,1573,1,0,0,11,87,154,1218,2,5,85229,1573,0,7,0,0,0,NORMAL,0,0,0,0,0,11
87507,21,adaptive-prasle,2119,1,0,0,16,87,224,1218,4,3,85388,2119,0,8,0,0,0,NORMAL,0,0,0,0,0,16
87692,17,adaptive-prasle,1845,1,0,0,12,87,168,1218,2,5,85847,1845,0,7,0,0,0,NORMAL,0,0,0,0,0,12
88993,20,adaptive-prasle,2111,1,0,0,15,89,210,1246,3,3,86882,2111,0,8,0,0,0,NORMAL,0,0,0,0,0,15
89285,34,adaptive-prasle,1492,1,0,0,17,89,238,1246,3,8,87793,1492,0,9,0,0,0,NORMAL,0,0,0,0,0,17
88690,30,adaptive-prasle,2258,1,0,0,9,89,126,1246,3,1,86432,2258,0,6,0,0,0,NORMAL,0,0,0,0,0,9
88859,37,adaptive-prasle,2441,1,0,0,14,89,196,1246,3,37,86418,2441,0,8,0,0,0,LEADER,1,0,0,0,0,14
89127,44,adaptive-prasle,1488,1,0,0,17,89,238,1246,2,8,87639,1488,0,9,0,0,0,NORMAL,0,0,0,0,0,17
89222,19,adaptive-prasle,1766,1,0,0,9,88,126,1232,2,3,87456,1766,0,7,0,0,0,NORMAL,0,0,0,0,0,9
89846,38,adaptive-prasle,2390,1,0,0,9,89,126,1246,2,3,87456,2390,0,7,0,0,0,NORMAL,0,0,0,0,0,9
89522,12,adaptive-prasle,1603,1,0,0,14,89,196,1246,4,3,87919,1603,0,9,0,0,0,NORMAL,0,0,0,0,0,14
90109,9,adaptive-prasle,1939,1,0,0,11,89,154,1246,3,3,88170,1939,0,6,0,0,0,NORMAL,0,0,0,0,0,11
89657,23,adaptive-prasle,1933,1,0,0,16,90,224,1260,6,3,87724,1933,0,10,0,0,0,NORMAL,0,0,0,0,0,16
90188,33,adaptive-prasle,2088,1,0,0,13,90,182,1260,3,1,88100,2088,0,7,0,0,0,NORMAL,0,0,0,0,0,13
90124,39,adaptive-prasle,1741,1,0,0,14,90,196,1260,2,8,88383,1741,0,8,0,0,0,NORMAL,0,0,0,0,0,14
89786,5,adaptive-prasle,2316,1,0,0,11,89,154,1246,4,3,87470,2316,0,7,0,0,0,NORMAL,0,0,0,0,0,11
89881,27,adaptive-prasle,2318,1,0,0,10,90,140,1260,4,3,87563,2318,0,7,0,0,0,NORMAL,0,0,0,0,0,10
90454,43,adaptive-prasle,2047,1,0,0,15,90,210,1260,5,3,88407,2047,0,8,0,0,0,NORMAL,0,0,0,0,0,15
90079,22,adaptive-prasle,1522,1,0,0,12,90,168,1260,3,1,88557,1522,0,7,0,0,0,NORMAL,0,0,0,0,0,12
90803,11,adaptive-prasle,2040,1,0,0,16,90,224,1260,2,8,88763,2040,0,9,0,0,0,NORMAL,0,0,0,0,0,16
90666,7,adaptive-prasle,1804,1,0,0,11,90,154,1260,4,3,88862,1804,0,7,0,0,0,NORMAL,0,0,0,0,0,11
90533,28,adaptive-prasle,2252,1,0,0,13,90,182,1260,4,3,88281,2252,0,9,0,0,0,NORMAL,0,0,0,0,0,13
91046,13,adaptive-prasle,2073,1,0,0,13,90,182,1260,4,3,88973,2073,0,8,0,0,0,NORMAL,0,0,0,0,0,13
91053,15,adaptive-prasle,2290,1,0,0,18,90,252,1260,6,8,88763,2290,0,9,0,0,0,NORMAL,0,0,0,0,0,18
91338,24,adaptive-prasle,2081,1,0,0,12,90,168,1260,3,1,89257,2081,0,7,0,0,0,NORMAL,0,0,0,0,0,12
91133,3,adaptive-prasle,1581,1,0,0,11,90,154,1260,3,3,89552,1581,0,8,0,0,0,LEADER,1,0,0,0,0,11
92030,14,adaptive-prasle,1922,1,0,0,17,90,238,1260,5,8,90108,1922,0,9,0,0,0,NORMAL,0,0,0,0,0,17
92485,4,adaptive-prasle,1867,1,0,0,10,91,140,1274,1,1,90618,1867,0,7,0,0,0,NORMAL,0,0,0,0,0,10
92948,18,adaptive-prasle,2224,1,0,0,13,90,182,1260,3,8,90724,2224,0,9,0,0,0,NORMAL,0,0,0,0,0,13
92597,25,adaptive-prasle,2449,1,0,0,18,90,252,1260,6,8,90148,2449,0,9,0,0,0,NORMAL,0,0,0,0,0,18
93231,35,adaptive-prasle,2416,1,0,0,9,89,126,1246,3,8,90815,2416,0,6,0,0,0,NORMAL,0,0,0,0,0,9
93645,36,adaptive-prasle,1901,1,0,0,14,90,196,1260,5,8,91744,1901,0,8,0,0,0,NORMAL,0,0,0,0,0,14
94145,45,adaptive-prasle,1459,1,0,0,16,90,224,1260,5,8,92686,1459,0,9,0,0,0,NORMAL,0,0,0,0,0,16
94524,16,adaptive-prasle,1775,1,0,0,16,90,224,1260,6,8,92749,1775,0,8,0,0,0,NORMAL,0,0,0,0,0,16
95167,48,adaptive-prasle,1862,1,0,0,18,90,252,1260,6,3,93305,1862,0,12,0,0,0,NORMAL,0,0,0,0,0,18
95252,41,adaptive-prasle,2409,1,0,0,11,90,154,1260,3,41,92843,2409,0,6,0,0,0,LEADER,1,0,0,0,0,11
95721,42,adaptive-prasle,1583,1,0,0,15,90,210,1260,2,5,94138,1583,0,9,0,0,0,NORMAL,0,0,0,0,0,15
96431,21,adaptive-prasle,2119,1,0,0,16,90,224,1260,4,3,94312,2119,0,8,0,0,0,NORMAL,0,0,0,0,0,16
96369,49,adaptive-prasle,1782,1,0,0,11,90,154,1260,1,1,94587,1782,0,7,0,0,0,NORMAL,0,0,0,0,0,11
96638,6,adaptive-prasle,1851,1,0,0,13,88,182,1232,4,3,94787,1851,0,9,0,0,0,NORMAL,0,0,0,0,0,13
96666,46,adaptive-prasle,1858,1,0,0,13,90,182,1260,5,3,94808,1858,0,8,0,0,0,NORMAL,0,0,0,0,0,13
96838,47,adaptive-prasle,1977,1,0,0,11,91,154,1274,3,1,94861,1977,0,7,0,0,0,NORMAL,0,0,0,0,0,11
97686,26,adaptive-prasle,1934,1,0,0,13,91,182,1274,3,1,95752,1934,0,7,0,0,0,NORMAL,0,0,0,0,0,13
98178,2,adaptive-prasle,1504,1,0,0,11,91,154,1274,4,3,96674,1504,0,8,0,0,0,NORMAL,0,0,0,0,0,11
98003,29,adaptive-prasle,1745,1,0,0,14,91,196,1274,3,3,96258,1745,0,8,0,0,0,NORMAL,0,0,0,0,0,14
98726,31,adaptive-prasle,2237,1,0,0,13,91,182,1274,4,3,96489,2237,0,7,0,0,0,NORMAL,0,0,0,0,0,13
98899,8,adaptive-prasle,2295,1,0,0,12,90,168,1260,4,3,96604,2295,0,7,0,0,0,NORMAL,0,0,0,0,0,12
99504,50,adaptive-prasle,2190,1,0,0,15,91,210,1274,3,3,97314,2190,0,9,0,0,0,NORMAL,0,0,0,0,0,15
99932,1,adaptive-prasle,2110,1,0,0,11,91,154,1274,2,3,97822,2110,0,11,0,0,0,NORMAL,0,0,0,0,0,11
100357,13,adaptive-prasle,2073,1,0,0,13,91,182,1274,4,3,98284,2073,0,8,0,0,0,NORMAL,0,0,0,0,0,13
100592,7,adaptive-prasle,1804,1,0,0,11,91,154,1274,4,3,98788,1804,0,7,0,0,0,NORMAL,0,0,0,0,0,11
100587,40,adaptive-prasle,2141,1,0,0,14,91,196,1274,5,40,98446,2141,0,8,0,0,0,LEADER,1,0,0,0,0,14
101477,32,adaptive-prasle,1741,1,0,0,9,91,126,1274,2,3,99736,1741,0,7,0,0,0,NORMAL,0,0,0,0,0,9
102002,10,adaptive-prasle,1573,1,0,0,11,91,154,1274,2,5,100429,1573,0,7,0,0,0,NORMAL,0,0,0,0,0,11
102892,17,adaptive-prasle,1845,1,0,0,12,91,168,1274,2,5,101047,1845,0,7,0,0,0,NORMAL,0,0,0,0,0,12
103749,20,adaptive-prasle,2111,1,0,0,15,91,210,1274,3,3,101638,2111,0,8,0,0,0,NORMAL,0,0,0,0,0,15
104485,34,adaptive-prasle,1492,1,0,0,17,91,238,1274,3,8,102993,1492,0,9,0,0,0,NORMAL,0,0,0,0,0,17
103891,30,adaptive-prasle,2258,1,0,0,10,91,140,1274,4,3,101633,2258,0,7,0,0,0,NORMAL,0,0,0,0,0,10
104060,37,adaptive-prasle,2441,1,0,0,15,91,210,1274,4,3,101619,2441,0,9,0,0,0,NORMAL,0,0,0,0,0,15
104327,44,adaptive-prasle,1488,1,0,0,17,91,238,1274,2,8,102839,1488,0,9,0,0,0,NORMAL,0,0,0,0,0,17
104391,22,adaptive-prasle,1522,1,0,0,14,91,196,1274,4,4,102869,1522,0,8,0,0,0,NORMAL,0,0,0,0,0,14
104422,19,adaptive-prasle,1766,1,0,0,9,90,126,1260,2,3,102656,1766,0,7,0,0,0,NORMAL,0,0,0,0,0,9
105046,38,adaptive-prasle,2390,1,0,0,9,91,126,1274,2,3,102656,2390,0,7,0,0,0,NORMAL,0,0,0,0,0,9
104722,12,adaptive-prasle,1603,1,0,0,14,91,196,1274,4,3,103119,1603,0,9,0,0,0,NORMAL,0,0,0,0,0,14
105309,9,adaptive-prasle,1939,1,0,0,11,91,154,1274,3,3,103370,1939,0,6,0,0,0,NORMAL,0,0,0,0,0,11
104857,23,adaptive-prasle,1933,1,0,0,16,91,224,1274,6,3,102924,1933,0,10,0,0,0,NORMAL,0,0,0,0,0,16
105390,33,adaptive-prasle,2088,1,0,0,15,91,210,1274,4,4,103302,2088,0,8,0,0,0,NORMAL,0,0,0,0,0,15
105324,39,adaptive-prasle,1741,1,0,0,14,91,196,1274,2,8,103583,1741,0,8,0,0,0,NORMAL,0,0,0,0,0,14
105355,21,adaptive-prasle,2119,1,0,0,16,91,224,1274,4,3,103236,2119,0,8,0,0,0,NORMAL,0,0,0,0,0,16
105314,24,adaptive-prasle,2081,1,0,0,14,91,196,1274,4,4,103233,2081,0,8,0,0,0,NORMAL,0,0,0,0,0,14
104986,5,adaptive-prasle,2316,1,0,0,11,90,154,1260,4,3,102670,2316,0,7,0,0,0,NORMAL,0,0,0,0,0,11
105081,27,adaptive-prasle,2318,1,0,0,10,91,140,1274,4,3,102763,2318,0,7,0,0,0,NORMAL,0,0,0,0,0,10
105654,43,adaptive-prasle,2047,1,0,0,15,91,210,1274,5,3,103607,2047,0,8,0,0,0,NORMAL,0,0,0,0,0,15
106003,11,adaptive-prasle,2040,1,0,0,16,91,224,1274,2,8,103963,2040,0,9,0,0,0,NORMAL,0,0,0,0,0,16
105733,28,adaptive-prasle,2252,1,0,0,13,91,182,1274,4,3,103481,2252,0,9,0,0,0,NORMAL,0,0,0,0,0,13
106253,15,adaptive-prasle,2290,1,0,0,18,91,252,1274,6,8,103963,2290,0,9,0,0,0,NORMAL,0,0,0,0,0,18
106333,3,adaptive-prasle,1581,1,0,0,11,91,154,1274,3,3,104752,1581,0,8,0,0,0,LEADER,1,0,0,0,0,11
107230,14,adaptive-prasle,1922,1,0,0,17,91,238,1274,5,8,105308,1922,0,9,0,0,0,NORMAL,0,0,0,0,0,17
107686,4,adaptive-prasle,1867,1,0,0,11,91,154,1274,2,4,105819,1867,0,8,0,0,0,LEADER,1,0,0,0,0,11
108148,18,adaptive-prasle,2224,1,0,0,13,91,182,1274,3,8,105924,2224,0,9,0,0,0,NORMAL,0,0,0,0,0,13
107797,25,adaptive-prasle,2449,1,0,0,18,91,252,1274,6,8,105348,2449,0,9,0,0,0,NORMAL,0,0,0,0,0,18
108431,35,adaptive-prasle,2416,1,0,0,9,90,126,1260,3,8,106015,2416,0,6,0,0,0,NORMAL,0,0,0,0,0,9
108740,46,adaptive-prasle,1858,1,0,0,13,91,182,1274,5,3,106882,1858,0,8,0,0,0,NORMAL,0,0,0,0,0,13
108958,6,adaptive-prasle,1851,1,0,0,13,89,182,1246,4,3,107107,1851,0,9,0,0,0,NORMAL,0,0,0,0,0,13
108845,36,adaptive-prasle,1901,1,0,0,14,91,196,1274,5,8,106944,1901,0,8,0,0,0,NORMAL,0,0,0,0,0,14
109345,45,adaptive-prasle,1459,1,0,0,16,91,224,1274,5,8,107886,1459,0,9,0,0,0,NORMAL,0,0,0,0,0,16
109724,16,adaptive-prasle,1775,1,0,0,16,91,224,1274,6,8,107949,1775,0,8,0,0,0,NORMAL,0,0,0,0,0,16
109668,13,adaptive-prasle,2073,1,0,0,13,91,182,1274,4,3,107595,2073,0,8,0,0,0,NORMAL,0,0,0,0,0,13
110367,48,adaptive-prasle,1862,1,0,0,18,91,252,1274,6,3,108505,1862,0,12,0,0,0,NORMAL,0,0,0,0,0,18
110518,7,adaptive-prasle,1804,1,0,0,11,91,154,1274,4,3,108714,1804,0,7,0,0,0,NORMAL,0,0,0,0,0,11
110453,41,adaptive-prasle,2409,1,0,0,12,91,168,1274,4,4,108044,2409,0,7,0,0,0,NORMAL,0,0,0,0,0,12
110921,42,adaptive-prasle,1583,1,0,0,15,91,210,1274,2,5,109338,1583,0,9,0,0,0,NORMAL,0,0,0,0,0,15
112169,2,adaptive-prasle,1504,1,0,0,11,91,154,1274,4,3,110665,1504,0,8,0,0,0,NORMAL,0,0,0,0,0,11
111570,49,adaptive-prasle,1782,1,0,0,12,91,168,1274,2,4,109788,1782,0,8,0,0,0,NORMAL,0,0,0,0,0,12
112039,47,adaptive-prasle,1977,1,0,0,12,91,168,1274,4,47,110062,1977,0,8,0,0,0,LEADER,1,0,0,0,0,12
112887,26,adaptive-prasle,1934,1,0,0,14,91,196,1274,4,26,110953,1934,0,8,0,0,0,LEADER,1,0,0,0,0,14
113203,29,adaptive-prasle,1745,1,0,0,14,91,196,1274,3,3,111458,1745,0,8,0,0,0,NORMAL,0,0,0,0,0,14
113926,31,adaptive-prasle,2237,1,0,0,13,91,182,1274,4,3,111689,2237,0,7,0,0,0,NORMAL,0,0,0,0,0,13
114280,21,adaptive-prasle,2119,1,0,0,17,91,238,1274,5,21,112161,2119,0,9,0,0,0,LEADER,1,0,0,0,0,17
114099,8,adaptive-prasle,2295,1,0,0,12,91,168,1274,4,3,111804,2295,0,7,0,0,0,NORMAL,0,0,0,0,0,12
114704,50,adaptive-prasle,2190,1,0,0,15,92,210,1288,3,3,112514,2190,0,9,0,0,0,NORMAL,0,0,0,0,0,15
115132,1,adaptive-prasle,2110,1,0,0,11,92,154,1288,2,3,113022,2110,0,11,0,0,0,NORMAL,0,0,0,0,0,11
115789,40,adaptive-prasle,2141,1,0,0,16,92,224,1288,6,7,113648,2141,0,9,0,0,0,NORMAL,0,0,0,0,0,16
116677,32,adaptive-prasle,1741,1,0,0,9,92,126,1288,2,3,114936,1741,0,7,0,0,0,NORMAL,0,0,0,0,0,9
117204,10,adaptive-prasle,1573,1,0,0,13,92,182,1288,3,7,115631,1573,0,8,0,0,0,NORMAL,0,0,0,0,0,13
118094,17,adaptive-prasle,1845,1,0,0,14,92,196,1288,3,7,116249,1845,0,8,0,0,0,NORMAL,0,0,0,0,0,14
118505,20,adaptive-prasle,2111,1,0,0,15,92,210,1288,3,3,116394,2111,0,8,0,0,0,NORMAL,0,0,0,0,0,15
119338,24,adaptive-prasle,2081,1,0,0,14,93,196,1302,4,4,117257,2081,0,8,0,0,0,NORMAL,0,0,0,0,0,14
119687,34,adaptive-prasle,1492,1,0,0,19,93,266,1302,4,7,118195,1492,0,10,0,0,0,NORMAL,0,0,0,0,0,19
119318,13,adaptive-prasle,2073,1,0,0,15,93,210,1302,5,7,117245,2073,0,9,0,0,0,NORMAL,0,0,0,0,0,15
119091,30,adaptive-prasle,2258,1,0,0,10,93,140,1302,4,3,116833,2258,0,7,0,0,0,NORMAL,0,0,0,0,0,10
119260,37,adaptive-prasle,2441,1,0,0,15,93,210,1302,4,3,116819,2441,0,9,0,0,0,NORMAL,0,0,0,0,0,15
119529,44,adaptive-prasle,1488,1,0,0,19,93,266,1302,3,7,118041,1488,0,10,0,0,0,NORMAL,0,0,0,0,0,19
119591,22,adaptive-prasle,1522,1,0,0,14,93,196,1302,4,4,118069,1522,0,8,0,0,0,NORMAL,0,0,0,0,0,14
119622,19,adaptive-prasle,1766,1,0,0,9,92,126,1288,2,3,117856,1766,0,7,0,0,0,NORMAL,0,0,0,0,0,9
120246,38,adaptive-prasle,2390,1,0,0,9,93,126,1302,2,3,117856,2390,0,7,0,0,0,NORMAL,0,0,0,0,0,9
119922,12,adaptive-prasle,1603,1,0,0,14,93,196,1302,4,3,118319,1603,0,9,0,0,0,NORMAL,0,0,0,0,0,14
120509,9,adaptive-prasle,1939,1,0,0,11,93,154,1302,3,3,118570,1939,0,6,0,0,0,NORMAL,0,0,0,0,0,11
120057,23,adaptive-prasle,1933,1,0,0,16,93,224,1302,6,3,118124,1933,0,10,0,0,0,NORMAL,0,0,0,0,0,16
120590,33,adaptive-prasle,2088,1,0,0,15,93,210,1302,4,4,118502,2088,0,8,0,0,0,NORMAL,0,0,0,0,0,15
120526,39,adaptive-prasle,1741,1,0,0,16,93,224,1302,3,7,118785,1741,0,9,0,0,0,NORMAL,0,0,0,0,0,16
120186,5,adaptive-prasle,2316,1,0,0,11,92,154,1288,4,3,117870,2316,0,7,0,0,0,NORMAL,0,0,0,0,0,11
120281,27,adaptive-prasle,2318,1,0,0,10,93,140,1302,4,3,117963,2318,0,7,0,0,0,NORMAL,0,0,0,0,0,10
120445,7,adaptive-prasle,1804,1,0,0,12,92,168,1288,5,7,118641,1804,0,8,0,0,0,LEADER,1,0,0,0,0,12
120854,43,adaptive-prasle,2047,1,0,0,15,93,210,1302,5,3,118807,2047,0,8,0,0,0,NORMAL,0,0,0,0,0,15
120814,46,adaptive-prasle,1858,1,0,0,13,93,182,1302,5,3,118956,1858,0,8,0,0,0,NORMAL,0,0,0,0,0,13
121205,11,adaptive-prasle,2040,1,0,0,18,93,252,1302,3,7,119165,2040,0,10,0,0,0,NORMAL,0,0,0,0,0,18
120933,28,adaptive-prasle,2252,1,0,0,13,93,182,1302,4,3,118681,2252,0,9,0,0,0,NORMAL,0,0,0,0,0,13
121278,6,adaptive-prasle,1851,1,0,0,13,91,182,1274,4,3,119427,1851,0,9,0,0,0,NORMAL,0,0,0,0,0,13
121455,15,adaptive-prasle,2290,1,0,0,20,93,280,1302,7,7,119165,2290,0,10,0,0,0,NORMAL,0,0,0,0,0,20
121533,3,adaptive-prasle,1581,1,0,0,11,93,154,1302,3,3,119952,1581,0,8,0,0,0,LEADER,1,0,0,0,0,11
122432,14,adaptive-prasle,1922,1,0,0,19,93,266,1302,6,7,120510,1922,0,10,0,0,0,NORMAL,0,0,0,0,0,19
122886,4,adaptive-prasle,1867,1,0,0,11,93,154,1302,2,4,121019,1867,0,8,0,0,0,LEADER,1,0,0,0,0,11
123350,18,adaptive-prasle,2224,1,0,0,15,93,210,1302,4,7,121126,2224,0,10,0,0,0,NORMAL,0,0,0,0,0,15
122999,25,adaptive-prasle,2449,1,0,0,20,93,280,1302,7,7,120550,2449,0,10,0,0,0,NORMAL,0,0,0,0,0,20
123633,35,adaptive-prasle,2416,1,0,0,11,92,154,1288,4,7,121217,2416,0,7,0,0,0,NORMAL,0,0,0,0,0,11
124046,36,adaptive-prasle,1901,1,0,0,15,93,210,1302,6,7,122145,1901,0,9,0,0,0,NORMAL,0,0,0,0,0,15
124546,45,adaptive-prasle,1459,1,0,0,17,93,238,1302,6,7,123087,1459,0,10,0,0,0,NORMAL,0,0,0,0,0,17
124925,16,adaptive-prasle,1775,1,0,0,17,93,238,1302,7,7,123150,1775,0,9,0,0,0,NORMAL,0,0,0,0,0,17
125567,48,adaptive-prasle,1862,1,0,0,18,94,252,1316,6,3,123705,1862,0,12,0,0,0,NORMAL,0,0,0,0,0,18
126160,2,adaptive-prasle,1504,1,0,0,11,97,154,1358,4,3,124656,1504,0,8,0,0,0,NORMAL,0,0,0,0,0,11
125653,41,adaptive-prasle,2409,1,0,0,12,96,168,1344,4,4,123244,2409,0,7,0,0,0,NORMAL,0,0,0,0,0,12
126123,42,adaptive-prasle,1583,1,0,0,17,96,238,1344,2,5,124540,1583,0,10,0,0,0,NORMAL,0,0,0,0,0,17
126770,49,adaptive-prasle,1782,1,0,0,12,97,168,1358,2,4,124988,1782,0,8,0,0,0,NORMAL,0,0,0,0,0,12
127390,21,adaptive-prasle,2119,1,0,0,19,97,266,1358,5,21,125271,2119,0,9,0,0,0,LEADER,1,0,0,0,0,19
127241,47,adaptive-prasle,1977,1,0,0,14,97,196,1358,4,47,125264,1977,0,8,0,0,0,LEADER,1,0,0,0,0,14
128089,26,adaptive-prasle,1934,1,0,0,16,97,224,1358,4,26,126155,1934,0,8,0,0,0,LEADER,1,0,0,0,0,16
128405,29,adaptive-prasle,1745,1,0,0,16,97,224,1358,4,5,126660,1745,0,9,0,0,0,NORMAL,0,0,0,0,0,16
129126,31,adaptive-prasle,2237,1,0,0,13,97,182,1358,4,3,126889,2237,0,7,0,0,0,NORMAL,0,0,0,0,0,13
129301,8,adaptive-prasle,2295,1,0,0,14,96,196,1344,5,5,127006,2295,0,8,0,0,0,NORMAL,0,0,0,0,0,14
129906,50,adaptive-prasle,2190,1,0,0,17,99,238,1386,4,5,127716,2190,0,10,0,0,0,NORMAL,0,0,0,0,0,17
130332,1,adaptive-prasle,2110,1,0,0,11,101,154,1414,2,3,128222,2110,0,11,0,0,0,NORMAL,0,0,0,0,0,11
130990,40,adaptive-prasle,2141,1,0,0,17,100,238,1400,6,7,128849,2141,0,9,0,0,0,NORMAL,0,0,0,0,0,17
131877,32,adaptive-prasle,1741,1,0,0,9,100,126,1400,2,3,130136,1741,0,7,0,0,0,NORMAL,0,0,0,0,0,9
132405,10,adaptive-prasle,1573,1,0,0,14,100,196,1400,3,7,130832,1573,0,8,0,0,0,NORMAL,0,0,0,0,0,14
132211,46,adaptive-prasle,1858,1,0,0,15,100,210,1400,6,5,130353,1858,0,9,0,0,0,NORMAL,0,0,0,0,0,15
133411,20,adaptive-prasle,2111,1,0,0,17,100,238,1400,4,5,131300,2111,0,9,0,0,0,NORMAL,0,0,0,0,0,17
133295,17,adaptive-prasle,1845,1,0,0,15,100,210,1400,3,7,131450,1845,0,8,0,0,0,NORMAL,0,0,0,0,0,15
133178,6,adaptive-prasle,1851,1,0,0,15,98,210,1372,5,5,131327,1851,0,10,0,0,0,NORMAL,0,0,0,0,0,15
134538,24,adaptive-prasle,2081,1,0,0,14,100,196,1400,4,4,132457,2081,0,8,0,0,0,NORMAL,0,0,0,0,0,14
134888,34,adaptive-prasle,1492,1,0,0,20,100,280,1400,4,7,133396,1492,0,10,0,0,0,NORMAL,0,0,0,0,0,20
134519,13,adaptive-prasle,2073,1,0,0,16,100,224,1400,5,7,132446,2073,0,9,0,0,0,NORMAL,0,0,0,0,0,16
134291,30,adaptive-prasle,2258,1,0,0,10,100,140,1400,4,3,132033,2258,0,7,0,0,0,NORMAL,0,0,0,0,0,10
134460,37,adaptive-prasle,2441,1,0,0,15,100,210,1400,4,3,132019,2441,0,9,0,0,0,NORMAL,0,0,0,0,0,15
134730,44,adaptive-prasle,1488,1,0,0,20,100,280,1400,3,7,133242,1488,0,10,0,0,0,NORMAL,0,0,0,0,0,20
134791,22,adaptive-prasle,1522,1,0,0,14,100,196,1400,4,4,133269,1522,0,8,0,0,0,NORMAL,0,0,0,0,0,14
134824,19,adaptive-prasle,1766,1,0,0,11,99,154,1386,3,5,133058,1766,0,8,0,0,0,NORMAL,0,0,0,0,0,11
135448,38,adaptive-prasle,2390,1,0,0,11,100,154,1400,3,5,133058,2390,0,8,0,0,0,NORMAL,0,0,0,0,0,11
135124,12,adaptive-prasle,1603,1,0,0,16,100,224,1400,5,5,133521,1603,0,10,0,0,0,NORMAL,0,0,0,0,0,16
135711,9,adaptive-prasle,1939,1,0,0,13,100,182,1400,4,5,133772,1939,0,7,0,0,0,NORMAL,0,0,0,0,0,13
135259,23,adaptive-prasle,1933,1,0,0,18,100,252,1400,7,5,133326,1933,0,11,0,0,0,NORMAL,0,0,0,0,0,18
135790,33,adaptive-prasle,2088,1,0,0,15,101,210,1414,4,4,133702,2088,0,8,0,0,0,NORMAL,0,0,0,0,0,15
135727,39,adaptive-prasle,1741,1,0,0,17,101,238,1414,3,7,133986,1741,0,9,0,0,0,NORMAL,0,0,0,0,0,17
135083,27,adaptive-prasle,2318,1,0,0,12,101,168,1414,5,5,132765,2318,0,8,0,0,0,NORMAL,0,0,0,0,0,12
135820,43,adaptive-prasle,2047,1,0,0,16,101,224,1414,6,5,133773,2047,0,9,0,0,0,NORMAL,0,0,0,0,0,16
135387,5,adaptive-prasle,2316,1,0,0,12,101,168,1414,5,5,133071,2316,0,8,0,0,0,LEADER,1,0,0,0,0,12
135646,7,adaptive-prasle,1804,1,0,0,13,101,182,1414,5,7,133842,1804,0,8,0,0,0,LEADER,1,0,0,0,0,13
136406,11,adaptive-prasle,2040,1,0,0,19,101,266,1414,3,7,134366,2040,0,10,0,0,0,NORMAL,0,0,0,0,0,19
136134,28,adaptive-prasle,2252,1,0,0,14,101,196,1414,5,5,133882,2252,0,10,0,0,0,NORMAL,0,0,0,0,0,14
136656,15,adaptive-prasle,2290,1,0,0,21,101,294,1414,7,7,134366,2290,0,10,0,0,0,NORMAL,0,0,0,0,0,21
136734,3,adaptive-prasle,1581,1,0,0,12,102,168,1428,4,5,135153,1581,0,9,0,0,0,NORMAL,0,0,0,0,0,12
137633,14,adaptive-prasle,1922,1,0,0,20,101,280,1414,6,7,135711,1922,0,10,0,0,0,NORMAL,0,0,0,0,0,20
137449,25,adaptive-prasle,2449,1,0,0,21,101,294,1414,7,7,135000,2449,0,10,0,0,0,NORMAL,0,0,0,0,0,21
138086,4,adaptive-prasle,1867,1,0,0,11,103,154,1442,2,4,136219,1867,0,8,0,0,0,LEADER,1,0,0,0,0,11
138177,18,adaptive-prasle,2224,1,0,0,16,101,224,1414,4,7,135953,2224,0,10,0,0,0,NORMAL,0,0,0,0,0,16
138834,35,adaptive-prasle,2416,1,0,0,12,100,168,1400,4,7,136418,2416,0,7,0,0,0,NORMAL,0,0,0,0,0,12
139247,36,adaptive-prasle,1901,1,0,0,16,101,224,1414,6,7,137346,1901,0,9,0,0,0,NORMAL,0,0,0,0,0,16
139747,45,adaptive-prasle,1459,1,0,0,18,101,252,1414,6,7,138288,1459,0,10,0,0,0,NORMAL,0,0,0,0,0,18
140152,2,adaptive-prasle,1504,1,0,0,12,102,168,1428,5,5,138648,1504,0,9,0,0,0,NORMAL,0,0,0,0,0,12
140126,16,adaptive-prasle,1775,1,0,0,18,101,252,1414,7,7,138351,1775,0,9,0,0,0,NORMAL,0,0,0,0,0,18
140768,48,adaptive-prasle,1862,1,0,0,19,101,266,1414,7,5,138906,1862,0,13,0,0,0,NORMAL,0,0,0,0,0,19
140853,41,adaptive-prasle,2409,1,0,0,12,101,168,1414,4,4,138444,2409,0,7,0,0,0,NORMAL,0,0,0,0,0,12
141225,46,adaptive-prasle,1858,1,0,0,15,101,210,1414,6,5,139367,1858,0,9,0,0,0,NORMAL,0,0,0,0,0,15
141323,42,adaptive-prasle,1583,1,0,0,17,101,238,1414,2,5,139740,1583,0,10,0,0,0,NORMAL,0,0,0,0,0,17
141970,49,adaptive-prasle,1782,1,0,0,12,101,168,1414,2,4,140188,1782,0,8,0,0,0,NORMAL,0,0,0,0,0,12
142590,21,adaptive-prasle,2119,1,0,0,19,101,266,1414,5,21,140471,2119,0,9,0,0,0,LEADER,1,0,0,0,0,19
142477,6,adaptive-prasle,1851,1,0,0,15,99,210,1386,5,5,140626,1851,0,10,0,0,0,NORMAL,0,0,0,0,0,15
142441,47,adaptive-prasle,1977,1,0,0,14,102,196,1428,4,47,140464,1977,0,8,0,0,0,LEADER,1,0,0,0,0,14
143289,26,adaptive-prasle,1934,1,0,0,16,102,224,1428,4,26,141355,1934,0,8,0,0,0,LEADER,1,0,0,0,0,16
143605,29,adaptive-prasle,1745,1,0,0,16,102,224,1428,4,5,141860,1745,0,9,0,0,0,NORMAL,0,0,0,0,0,16
144327,31,adaptive-prasle,2237,1,0,0,14,102,196,1428,5,5,142090,2237,0,8,0,0,0,NORMAL,0,0,0,0,0,14
144501,8,adaptive-prasle,2295,1,0,0,14,101,196,1414,5,5,142206,2295,0,8,0,0,0,NORMAL,0,0,0,0,0,14
145106,50,adaptive-prasle,2190,1,0,0,17,102,238,1428,4,5,142916,2190,0,10,0,0,0,NORMAL,0,0,0,0,0,17
145533,1,adaptive-prasle,2110,1,0,0,12,103,168,1442,3,5,143423,2110,0,12,0,0,0,NORMAL,0,0,0,0,0,12
146190,40,adaptive-prasle,2141,1,0,0,17,102,238,1428,6,7,144049,2141,0,9,0,0,0,NORMAL,0,0,0,0,0,17
147078,32,adaptive-prasle,1741,1,0,0,10,102,140,1428,3,5,145337,1741,0,8,0,0,0,NORMAL,0,0,0,0,0,10
147605,10,adaptive-prasle,1573,1,0,0,14,102,196,1428,3,7,146032,1573,0,8,0,0,0,NORMAL,0,0,0,0,0,14
148611,20,adaptive-prasle,2111,1,0,0,17,102,238,1428,4,5,146500,2111,0,9,0,0,0,NORMAL,0,0,0,0,0,17
148495,17,adaptive-prasle,1845,1,0,0,15,102,210,1428,3,7,146650,1845,0,8,0,0,0,NORMAL,0,0,0,0,0,15
149739,24,adaptive-prasle,2081,1,0,0,15,102,210,1428,5,5,147658,2081,0,9,0,0,0,NORMAL,0,0,0,0,0,15
150088,34,adaptive-prasle,1492,1,0,0,20,102,280,1428,4,7,148596,1492,0,10,0,0,0,NORMAL,0,0,0,0,0,20
149719,13,adaptive-prasle,2073,1,0,0,16,102,224,1428,5,7,147646,2073,0,9,0,0,0,NORMAL,0,0,0,0,0,16
149492,30,adaptive-prasle,2258,1,0,0,11,102,154,1428,5,5,147234,2258,0,8,0,0,0,NORMAL,0,0,0,0,0,11
149661,37,adaptive-prasle,2441,1,0,0,16,102,224,1428,5,5,147220,2441,0,10,0,0,0,NORMAL,0,0,0,0,0,16
149930,44,adaptive-prasle,1488,1,0,0,20,102,280,1428,3,7,148442,1488,0,10,0,0,0,NORMAL,0,0,0,0,0,20
150315,43,adaptive-prasle,2047,1,0,0,16,102,224,1428,6,5,148268,2047,0,9,0,0,0,NORMAL,0,0,0,0,0,16
150239,46,adaptive-prasle,1858,1,0,0,15,102,210,1428,6,5,148381,1858,0,9,0,0,0,NORMAL,0,0,0,0,0,15
149992,22,adaptive-prasle,1522,1,0,0,15,102,210,1428,5,5,148470,1522,0,9,0,0,0,NORMAL,0,0,0,0,0,15
150024,19,adaptive-prasle,1766,1,0,0,11,101,154,1414,3,5,148258,1766,0,8,0,0,0,NORMAL,0,0,0,0,0,11
150648,38,adaptive-prasle,2390,1,0,0,11,102,154,1428,3,5,148258,2390,0,8,0,0,0,NORMAL,0,0,0,0,0,11
150324,12,adaptive-prasle,1603,1,0,0,16,102,224,1428,5,5,148721,1603,0,10,0,0,0,NORMAL,0,0,0,0,0,16
150911,9,adaptive-prasle,1939,1,0,0,13,102,182,1428,4,5,148972,1939,0,7,0,0,0,NORMAL,0,0,0,0,0,13
150396,25,adaptive-prasle,2449,1,0,0,21,102,294,1428,7,7,147947,2449,0,10,0,0,0,NORMAL,0,0,0,0,0,21
150459,23,adaptive-prasle,1933,1,0,0,18,102,252,1428,7,5,148526,1933,0,11,0,0,0,NORMAL,0,0,0,0,0,18
150992,33,adaptive-prasle,2088,1,0,0,17,102,238,1428,4,4,148904,2088,0,9,0,0,0,NORMAL,0,0,0,0,0,17
150927,39,adaptive-prasle,1741,1,0,0,17,102,238,1428,3,7,149186,1741,0,9,0,0,0,NORMAL,0,0,0,0,0,17
150283,27,adaptive-prasle,2318,1,0,0,12,102,168,1428,5,5,147965,2318,0,8,0,0,0,NORMAL,0,0,0,0,0,12
150587,5,adaptive-prasle,2316,1,0,0,12,102,168,1428,5,5,148271,2316,0,8,0,0,0,LEADER,1,0,0,0,0,12
150846,7,adaptive-prasle,1804,1,0,0,13,102,182,1428,5,7,149042,1804,0,8,0,0,0,LEADER,1,0,0,0,0,13
151606,11,adaptive-prasle,2040,1,0,0,19,102,266,1428,3,7,149566,2040,0,10,0,0,0,NORMAL,0,0,0,0,0,19
151334,28,adaptive-prasle,2252,1,0,0,14,102,196,1428,5,5,149082,2252,0,10,0,0,0,NORMAL,0,0,0,0,0,14
152255,18,adaptive-prasle,2224,1,0,0,16,102,224,1428,4,7,150031,2224,0,10,0,0,0,NORMAL,0,0,0,0,0,16
151776,6,adaptive-prasle,1851,1,0,0,15,100,210,1400,5,5,149925,1851,0,10,0,0,0,NORMAL,0,0,0,0,0,15
151856,15,adaptive-prasle,2290,1,0,0,21,102,294,1428,7,7,149566,2290,0,10,0,0,0,NORMAL,0,0,0,0,0,21
151934,3,adaptive-prasle,1581,1,0,0,12,103,168,1442,4,5,150353,1581,0,9,0,0,0,NORMAL,0,0,0,0,0,12
152833,14,adaptive-prasle,1922,1,0,0,20,102,280,1428,6,7,150911,1922,0,10,0,0,0,NORMAL,0,0,0,0,0,20
153287,4,adaptive-prasle,1867,1,0,0,12,103,168,1442,2,4,151420,1867,0,9,0,0,0,LEADER,1,0,0,0,0,12
154034,35,adaptive-prasle,2416,1,0,0,12,101,168,1414,4,7,151618,2416,0,7,0,0,0,NORMAL,0,0,0,0,0,12
154447,36,adaptive-prasle,1901,1,0,0,16,102,224,1428,6,7,152546,1901,0,9,0,0,0,NORMAL,0,0,0,0,0,16
154947,45,adaptive-prasle,1459,1,0,0,18,103,252,1442,6,7,153488,1459,0,10,0,0,0,NORMAL,0,0,0,0,0,18
155352,2,adaptive-prasle,1504,1,0,0,12,104,168,1456,5,5,153848,1504,0,9,0,0,0,NORMAL,0,0,0,0,0,12
155326,16,adaptive-prasle,1775,1,0,0,18,103,252,1442,7,7,153551,1775,0,9,0,0,0,NORMAL,0,0,0,0,0,18
155968,48,adaptive-prasle,1862,1,0,0,19,103,266,1442,7,5,154106,1862,0,13,0,0,0,NORMAL,0,0,0,0,0,19
156054,41,adaptive-prasle,2409,1,0,0,13,104,182,1456,4,4,153645,2409,0,8,0,0,0,NORMAL,0,0,0,0,0,13
156523,42,adaptive-prasle,1583,1,0,0,17,104,238,1456,2,5,154940,1583,0,10,0,0,0,NORMAL,0,0,0,0,0,17
157171,49,adaptive-prasle,1782,1,0,0,13,104,182,1456,2,4,155389,1782,0,9,0,0,0,NORMAL,0,0,0,0,0,13
157791,21,adaptive-prasle,2119,1,0,0,20,104,280,1456,6,4,155672,2119,0,10,0,0,0,NORMAL,0,0,0,0,0,20
157643,47,adaptive-prasle,1977,1,0,0,16,104,224,1456,5,6,155666,1977,0,9,0,0,0,NORMAL,0,0,0,0,0,16
158491,26,adaptive-prasle,1934,1,0,0,18,104,252,1456,5,6,156557,1934,0,9,0,0,0,NORMAL,0,0,0,0,0,18
158805,29,adaptive-prasle,1745,1,0,0,16,104,224,1456,4,5,157060,1745,0,9,0,0,0,NORMAL,0,0,0,0,0,16
159527,31,adaptive-prasle,2237,1,0,0,14,104,196,1456,5,5,157290,2237,0,8,0,0,0,NORMAL,0,0,0,0,0,14
159701,8,adaptive-prasle,2295,1,0,0,14,103,196,1442,5,5,157406,2295,0,8,0,0,0,NORMAL,0,0,0,0,0,14
160306,50,adaptive-prasle,2190,1,0,0,17,104,238,1456,4,5,158116,2190,0,10,0,0,0,NORMAL,0,0,0,0,0,17
160043,46,adaptive-prasle,1858,1,0,0,17,104,238,1456,7,6,158185,1858,0,10,0,0,0,NORMAL,0,0,0,0,0,17
160733,1,adaptive-prasle,2110,1,0,0,12,105,168,1470,3,5,158623,2110,0,12,0,0,0,NORMAL,0,0,0,0,0,12
161321,6,adaptive-prasle,1851,1,0,0,16,101,224,1414,6,6,159470,1851,0,11,0,0,0,LEADER,1,0,0,0,0,16
161392,40,adaptive-prasle,2141,1,0,0,19,104,266,1456,7,6,159251,2141,0,10,0,0,0,NORMAL,0,0,0,0,0,19
162278,32,adaptive-prasle,1741,1,0,0,10,104,140,1456,3,5,160537,1741,0,8,0,0,0,NORMAL,0,0,0,0,0,10
162807,10,adaptive-prasle,1573,1,0,0,16,104,224,1456,4,6,161234,1573,0,9,0,0,0,NORMAL,0,0,0,0,0,16
163811,20,adaptive-prasle,2111,1,0,0,17,104,238,1456,4,5,161700,2111,0,9,0,0,0,NORMAL,0,0,0,0,0,17
163697,17,adaptive-prasle,1845,1,0,0,17,104,238,1456,4,6,161852,1845,0,9,0,0,0,NORMAL,0,0,0,0,0,17
163809,25,adaptive-prasle,2449,1,0,0,23,104,322,1456,8,6,161360,2449,0,11,0,0,0,NORMAL,0,0,0,0,0,23
164810,43,adaptive-prasle,2047,1,0,0,16,105,224,1470,6,5,162763,2047,0,9,0,0,0,NORMAL,0,0,0,0,0,16
164939,24,adaptive-prasle,2081,1,0,0,15,105,210,1470,5,5,162858,2081,0,9,0,0,0,NORMAL,0,0,0,0,0,15
165290,34,adaptive-prasle,1492,1,0,0,22,105,308,1470,5,6,163798,1492,0,11,0,0,0,NORMAL,0,0,0,0,0,22
164921,13,adaptive-prasle,2073,1,0,0,18,105,252,1470,6,6,162848,2073,0,10,0,0,0,NORMAL,0,0,0,0,0,18
164692,30,adaptive-prasle,2258,1,0,0,11,105,154,1470,5,5,162434,2258,0,8,0,0,0,NORMAL,0,0,0,0,0,11
164861,37,adaptive-prasle,2441,1,0,0,16,105,224,1470,5,5,162420,2441,0,10,0,0,0,NORMAL,0,0,0,0,0,16
165131,44,adaptive-prasle,1488,1,0,0,21,105,294,1470,4,6,163643,1488,0,11,0,0,0,NORMAL,0,0,0,0,0,21
165192,22,adaptive-prasle,1522,1,0,0,15,105,210,1470,5,5,163670,1522,0,9,0,0,0,NORMAL,0,0,0,0,0,15
165224,19,adaptive-prasle,1766,1,0,0,11,104,154,1456,3,5,163458,1766,0,8,0,0,0,NORMAL,0,0,0,0,0,11
165848,38,adaptive-prasle,2390,1,0,0,11,105,154,1470,3,5,163458,2390,0,8,0,0,0,NORMAL,0,0,0,0,0,11
165524,12,adaptive-prasle,1603,1,0,0,16,105,224,1470,5,5,163921,1603,0,10,0,0,0,NORMAL,0,0,0,0,0,16
166111,9,adaptive-prasle,1939,1,0,0,13,105,182,1470,4,5,164172,1939,0,7,0,0,0,NORMAL,0,0,0,0,0,13
165659,23,adaptive-prasle,1933,1,0,0,18,105,252,1470,7,5,163726,1933,0,11,0,0,0,NORMAL,0,0,0,0,0,18
166192,33,adaptive-prasle,2088,1,0,0,17,105,238,1470,4,4,164104,2088,0,9,0,0,0,NORMAL,0,0,0,0,0,17
166128,39,adaptive-prasle,1741,1,0,0,18,105,252,1470,4,6,164387,1741,0,10,0,0,0,NORMAL,0,0,0,0,0,18
165483,27,adaptive-prasle,2318,1,0,0,12,105,168,1470,5,5,163165,2318,0,8,0,0,0,NORMAL,0,0,0,0,0,12
166334,18,adaptive-prasle,2224,1,0,0,17,105,238,1470,5,6,164110,2224,0,11,0,0,0,NORMAL,0,0,0,0,0,17
165787,5,adaptive-prasle,2316,1,0,0,12,105,168,1470,5,5,163471,2316,0,8,0,0,0,LEADER,1,0,0,0,0,12
166047,7,adaptive-prasle,1804,1,0,0,14,104,196,1456,6,6,164243,1804,0,9,0,0,0,NORMAL,0,0,0,0,0,14
166807,11,adaptive-prasle,2040,1,0,0,20,105,280,1470,4,6,164767,2040,0,11,0,0,0,NORMAL,0,0,0,0,0,20
166534,28,adaptive-prasle,2252,1,0,0,14,105,196,1470,5,5,164282,2252,0,10,0,0,0,NORMAL,0,0,0,0,0,14
167057,15,adaptive-prasle,2290,1,0,0,22,105,308,1470,8,6,164767,2290,0,11,0,0,0,NORMAL,0,0,0,0,0,22
167134,3,adaptive-prasle,1581,1,0,0,12,106,168,1484,4,5,165553,1581,0,9,0,0,0,NORMAL,0,0,0,0,0,12
168034,14,adaptive-prasle,1922,1,0,0,21,105,294,1470,7,6,166112,1922,0,11,0,0,0,NORMAL,0,0,0,0,0,21
168487,4,adaptive-prasle,1867,1,0,0,12,106,168,1484,2,4,166620,1867,0,9,0,0,0,LEADER,1,0,0,0,0,12
169235,35,adaptive-prasle,2416,1,0,0,13,104,182,1456,5,6,166819,2416,0,8,0,0,0,NORMAL,0,0,0,0,0,13
169648,36,adaptive-prasle,1901,1,0,0,17,105,238,1470,7,6,167747,1901,0,10,0,0,0,NORMAL,0,0,0,0,0,17
170148,45,adaptive-prasle,1459,1,0,0,19,105,266,1470,7,6,168689,1459,0,11,0,0,0,NORMAL,0,0,0,0,0,19
170552,2,adaptive-prasle,1504,1,0,0,12,106,168,1484,5,5,169048,1504,0,9,0,0,0,NORMAL,0,0,0,0,0,12
170527,16,adaptive-prasle,1775,1,0,0,19,105,266,1470,8,6,168752,1775,0,10,0,0,0,NORMAL,0,0,0,0,0,19
171168,48,adaptive-prasle,1862,1,0,0,19,105,266,1470,7,5,169306,1862,0,13,0,0,0,NORMAL,0,0,0,0,0,19
171356,6,adaptive-prasle,1851,1,0,0,17,105,238,1470,6,6,169505,1851,0,11,0,0,0,LEADER,1,0,0,0,0,17
171254,41,adaptive-prasle,2409,1,0,0,13,108,182,1512,4,4,168845,2409,0,8,0,0,0,NORMAL,0,0,0,0,0,13
171725,42,adaptive-prasle,1583,1,0,0,19,108,266,1512,2,5,170142,1583,0,11,0,0,0,NORMAL,0,0,0,0,0,19
172371,49,adaptive-prasle,1782,1,0,0,13,109,182,1526,2,4,170589,1782,0,9,0,0,0,NORMAL,0,0,0,0,0,13
172991,21,adaptive-prasle,2119,1,0,0,20,109,280,1526,6,4,170872,2119,0,10,0,0,0,NORMAL,0,0,0,0,0,20
172696,46,adaptive-prasle,1858,1,0,0,18,109,252,1526,7,6,170838,1858,0,10,0,0,0,NORMAL,0,0,0,0,0,18
172844,47,adaptive-prasle,1977,1,0,0,17,109,238,1526,5,6,170867,1977,0,9,0,0,0,NORMAL,0,0,0,0,0,17
173692,26,adaptive-prasle,1934,1,0,0,19,109,266,1526,5,6,171758,1934,0,9,0,0,0,NORMAL,0,0,0,0,0,19
174008,29,adaptive-prasle,1745,1,0,0,19,109,266,1526,4,5,172263,1745,0,10,0,0,0,NORMAL,0,0,0,0,0,19
174727,31,adaptive-prasle,2237,1,0,0,14,109,196,1526,5,5,172490,2237,0,8,0,0,0,NORMAL,0,0,0,0,0,14
174903,8,adaptive-prasle,2295,1,0,0,16,108,224,1512,5,5,172608,2295,0,9,0,0,0,NORMAL,0,0,0,0,0,16
175508,50,adaptive-prasle,2190,1,0,0,19,110,266,1540,4,5,173318,2190,0,11,0,0,0,NORMAL,0,0,0,0,0,19
175933,1,adaptive-prasle,2110,1,0,0,12,114,168,1596,3,5,173823,2110,0,12,0,0,0,NORMAL,0,0,0,0,0,12
176593,40,adaptive-prasle,2141,1,0,0,20,111,280,1554,7,6,174452,2141,0,10,0,0,0,NORMAL,0,0,0,0,0,20
177478,32,adaptive-prasle,1741,1,0,0,10,111,140,1554,3,5,175737,1741,0,8,0,0,0,NORMAL,0,0,0,0,0,10
178008,10,adaptive-prasle,1573,1,0,0,17,111,238,1554,4,6,176435,1573,0,9,0,0,0,NORMAL,0,0,0,0,0,17
179013,20,adaptive-prasle,2111,1,0,0,19,111,266,1554,4,5,176902,2111,0,10,0,0,0,NORMAL,0,0,0,0,0,19
178898,17,adaptive-prasle,1845,1,0,0,18,111,252,1554,4,6,177053,1845,0,9,0,0,0,NORMAL,0,0,0,0,0,18
178723,25,adaptive-prasle,2449,1,0,0,24,111,336,1554,8,6,176274,2449,0,11,0,0,0,NORMAL,0,0,0,0,0,24
179542,43,adaptive-prasle,2047,1,0,0,18,111,252,1554,6,5,177495,2047,0,10,0,0,0,NORMAL,0,0,0,0,0,18
180139,24,adaptive-prasle,2081,1,0,0,15,111,210,1554,5,5,178058,2081,0,9,0,0,0,NORMAL,0,0,0,0,0,15
180491,34,adaptive-prasle,1492,1,0,0,23,111,322,1554,5,6,178999,1492,0,11,0,0,0,NORMAL,0,0,0,0,0,23
180573,9,adaptive-prasle,1939,1,0,0,15,111,210,1554,4,5,178634,1939,0,8,0,0,0,NORMAL,0,0,0,0,0,15
180122,13,adaptive-prasle,2073,1,0,0,19,111,266,1554,6,6,178049,2073,0,10,0,0,0,NORMAL,0,0,0,0,0,19
179892,30,adaptive-prasle,2258,1,0,0,11,111,154,1554,5,5,177634,2258,0,8,0,0,0,NORMAL,0,0,0,0,0,11
180061,37,adaptive-prasle,2441,1,0,0,16,111,224,1554,5,5,177620,2441,0,10,0,0,0,NORMAL,0,0,0,0,0,16
180332,44,adaptive-prasle,1488,1,0,0,22,111,308,1554,4,6,178844,1488,0,11,0,0,0,NORMAL,0,0,0,0,0,22
180602,6,adaptive-prasle,1851,1,0,0,17,109,238,1526,6,6,178751,1851,0,11,0,0,0,LEADER,1,0,0,0,0,17
180392,22,adaptive-prasle,1522,1,0,0,15,111,210,1554,5,5,178870,1522,0,9,0,0,0,NORMAL,0,0,0,0,0,15
181050,38,adaptive-prasle,2390,1,0,0,13,111,182,1554,3,5,178660,2390,0,9,0,0,0,NORMAL,0,0,0,0,0,13
180726,12,adaptive-prasle,1603,1,0,0,18,111,252,1554,5,5,179123,1603,0,11,0,0,0,NORMAL,0,0,0,0,0,18
180427,19,adaptive-prasle,1766,1,0,0,13,110,182,1540,3,5,178661,1766,0,9,0,0,0,NORMAL,0,0,0,0,0,13
180861,23,adaptive-prasle,1933,1,0,0,20,112,280,1568,7,5,178928,1933,0,12,0,0,0,NORMAL,0,0,0,0,0,20
181392,33,adaptive-prasle,2088,1,0,0,17,112,238,1568,4,4,179304,2088,0,9,0,0,0,NORMAL,0,0,0,0,0,17
181329,39,adaptive-prasle,1741,1,0,0,19,112,266,1568,4,6,179588,1741,0,10,0,0,0,NORMAL,0,0,0,0,0,19
180684,27,adaptive-prasle,2318,1,0,0,14,112,196,1568,5,5,178366,2318,0,9,0,0,0,NORMAL,0,0,0,0,0,14
181535,18,adaptive-prasle,2224,1,0,0,18,112,252,1568,5,6,179311,2224,0,11,0,0,0,NORMAL,0,0,0,0,0,18
180988,5,adaptive-prasle,2316,1,0,0,13,113,182,1582,5,5,178672,2316,0,9,0,0,0,LEADER,1,0,0,0,0,13
181248,7,adaptive-prasle,1804,1,0,0,15,112,210,1568,6,6,179444,1804,0,9,0,0,0,NORMAL,0,0,0,0,0,15
182008,11,adaptive-prasle,2040,1,0,0,21,112,294,1568,4,6,179968,2040,0,11,0,0,0,NORMAL,0,0,0,0,0,21
181735,28,adaptive-prasle,2252,1,0,0,15,112,210,1568,5,5,179483,2252,0,11,0,0,0,NORMAL,0,0,0,0,0,15
182258,15,adaptive-prasle,2290,1,0,0,23,112,322,1568,8,6,179968,2290,0,11,0,0,0,NORMAL,0,0,0,0,0,23
182335,3,adaptive-prasle,1581,1,0,0,13,114,182,1596,4,5,180754,1581,0,10,0,0,0,NORMAL,0,0,0,0,0,13
183235,14,adaptive-prasle,1922,1,0,0,22,112,308,1568,7,6,181313,1922,0,11,0,0,0,NORMAL,0,0,0,0,0,22
183687,4,adaptive-prasle,1867,1,0,0,12,115,168,1610,2,4,181820,1867,0,9,0,0,0,LEADER,1,0,0,0,0,12
184436,35,adaptive-prasle,2416,1,0,0,14,112,196,1568,5,6,182020,2416,0,8,0,0,0,NORMAL,0,0,0,0,0,14
184849,36,adaptive-prasle,1901,1,0,0,18,113,252,1582,7,6,182948,1901,0,10,0,0,0,NORMAL,0,0,0,0,0,18
185349,45,adaptive-prasle,1459,1,0,0,20,113,280,1582,7,6,183890,1459,0,11,0,0,0,NORMAL,0,0,0,0,0,20
185753,2,adaptive-prasle,1504,1,0,0,13,115,182,1610,5,5,184249,1504,0,10,0,0,0,NORMAL,0,0,0,0,0,13
185728,16,adaptive-prasle,1775,1,0,0,20,113,280,1582,8,6,183953,1775,0,10,0,0,0,NORMAL,0,0,0,0,0,20
186369,48,adaptive-prasle,1862,1,0,0,20,113,280,1582,7,5,184507,1862,0,14,0,0,0,NORMAL,0,0,0,0,0,20
186454,41,adaptive-prasle,2409,1,0,0,13,113,182,1582,4,4,184045,2409,0,8,0,0,0,NORMAL,0,0,0,0,0,13
186925,42,adaptive-prasle,1583,1,0,0,19,113,266,1582,2,5,185342,1583,0,11,0,0,0,NORMAL,0,0,0,0,0,19
187571,49,adaptive-prasle,1782,1,0,0,13,113,182,1582,2,4,185789,1782,0,9,0,0,0,NORMAL,0,0,0,0,0,13
188191,21,adaptive-prasle,2119,1,0,0,20,113,280,1582,6,4,186072,2119,0,10,0,0,0,NORMAL,0,0,0,0,0,20
187896,46,adaptive-prasle,1858,1,0,0,18,113,252,1582,7,6,186038,1858,0,10,0,0,0,NORMAL,0,0,0,0,0,18
188044,47,adaptive-prasle,1977,1,0,0,17,114,238,1596,5,6,186067,1977,0,9,0,0,0,NORMAL,0,0,0,0,0,17
188892,26,adaptive-prasle,1934,1,0,0,19,114,266,1596,5,6,186958,1934,0,9,0,0,0,NORMAL,0,0,0,0,0,19
189208,29,adaptive-prasle,1745,1,0,0,19,114,266,1596,4,5,187463,1745,0,10,0,0,0,NORMAL,0,0,0,0,0,19
189455,6,adaptive-prasle,1851,1,0,0,18,111,252,1554,7,1,187604,1851,0,12,0,0,0,NORMAL,0,0,0,0,0,18
189928,31,adaptive-prasle,2237,1,0,0,15,114,210,1596,5,5,187691,2237,0,9,0,0,0,NORMAL,0,0,0,0,0,15
190103,8,adaptive-prasle,2295,1,0,0,16,113,224,1582,5,5,187808,2295,0,9,0,0,0,NORMAL,0,0,0,0,0,16
190708,50,adaptive-prasle,2190,1,0,0,19,114,266,1596,4,5,188518,2190,0,11,0,0,0,NORMAL,0,0,0,0,0,19
191134,1,adaptive-prasle,2110,1,0,0,13,116,182,1624,4,1,189024,2110,0,13,0,0,0,LEADER,1,0,0,0,0,13
191793,40,adaptive-prasle,2141,1,0,0,20,114,280,1596,7,6,189652,2141,0,10,0,0,0,NORMAL,0,0,0,0,0,20
192679,32,adaptive-prasle,1741,1,0,0,11,114,154,1596,4,1,190938,1741,0,9,0,0,0,NORMAL,0,0,0,0,0,11
193208,10,adaptive-prasle,1573,1,0,0,17,114,238,1596,4,6,191635,1573,0,9,0,0,0,NORMAL,0,0,0,0,0,17
193227,43,adaptive-prasle,2047,1,0,0,18,114,252,1596,6,5,191180,2047,0,10,0,0,0,NORMAL,0,0,0,0,0,18
194213,20,adaptive-prasle,2111,1,0,0,19,114,266,1596,4,5,192102,2111,0,10,0,0,0,NORMAL,0,0,0,0,0,19
194098,17,adaptive-prasle,1845,1,0,0,18,114,252,1596,4,6,192253,1845,0,9,0,0,0,NORMAL,0,0,0,0,0,18
193923,25,adaptive-prasle,2449,1,0,0,24,114,336,1596,8,6,191474,2449,0,11,0,0,0,NORMAL,0,0,0,0,0,24
195033,9,adaptive-prasle,1939,1,0,0,15,114,210,1596,4,5,193094,1939,0,8,0,0,0,NORMAL,0,0,0,0,0,15
195340,24,adaptive-prasle,2081,1,0,0,16,114,224,1596,6,1,193259,2081,0,10,0,0,0,NORMAL,0,0,0,0,0,16
195691,34,adaptive-prasle,1492,1,0,0,23,114,322,1596,5,6,194199,1492,0,11,0,0,0,NORMAL,0,0,0,0,0,23
195322,13,adaptive-prasle,2073,1,0,0,19,114,266,1596,6,6,193249,2073,0,10,0,0,0,NORMAL,0,0,0,0,0,19
195093,30,adaptive-prasle,2258,1,0,0,12,114,168,1596,6,1,192835,2258,0,9,0,0,0,NORMAL,0,0,0,0,0,12
195262,37,adaptive-prasle,2441,1,0,0,17,114,238,1596,6,1,192821,2441,0,11,0,0,0,NORMAL,0,0,0,0,0,17
195532,44,adaptive-prasle,1488,1,0,0,22,114,308,1596,4,6,194044,1488,0,11,0,0,0,NORMAL,0,0,0,0,0,22
195593,22,adaptive-prasle,1522,1,0,0,16,114,224,1596,6,1,194071,1522,0,10,0,0,0,NORMAL,0,0,0,0,0,16
196250,38,adaptive-prasle,2390,1,0,0,13,114,182,1596,3,5,193860,2390,0,9,0,0,0,NORMAL,0,0,0,0,0,13
195926,12,adaptive-prasle,1603,1,0,0,18,114,252,1596,5,5,194323,1603,0,11,0,0,0,NORMAL,0,0,0,0,0,18
195627,19,adaptive-prasle,1766,1,0,0,13,113,182,1582,3,5,193861,1766,0,9,0,0,0,NORMAL,0,0,0,0,0,13
196061,23,adaptive-prasle,1933,1,0,0,20,114,280,1596,7,5,194128,1933,0,12,0,0,0,NORMAL,0,0,0,0,0,20
196593,33,adaptive-prasle,2088,1,0,0,18,114,252,1596,5,1,194505,2088,0,10,0,0,0,NORMAL,0,0,0,0,0,18
196529,39,adaptive-prasle,1741,1,0,0,19,114,266,1596,4,6,194788,1741,0,10,0,0,0,NORMAL,0,0,0,0,0,19
195884,27,adaptive-prasle,2318,1,0,0,14,114,196,1596,5,5,193566,2318,0,9,0,0,0,NORMAL,0,0,0,0,0,14
196735,18,adaptive-prasle,2224,1,0,0,18,114,252,1596,5,6,194511,2224,0,11,0,0,0,NORMAL,0,0,0,0,0,18
196188,5,adaptive-prasle,2316,1,0,0,13,115,182,1610,5,5,193872,2316,0,9,0,0,0,LEADER,1,0,0,0,0,13
196448,7,adaptive-prasle,1804,1,0,0,15,114,210,1596,6,6,194644,1804,0,9,0,0,0,NORMAL,0,0,0,0,0,15
197208,11,adaptive-prasle,2040,1,0,0,21,114,294,1596,4,6,195168,2040,0,11,0,0,0,NORMAL,0,0,0,0,0,21
196935,28,adaptive-prasle,2252,1,0,0,15,114,210,1596,5,5,194683,2252,0,11,0,0,0,NORMAL,0,0,0,0,0,15
197458,15,adaptive-prasle,2290,1,0,0,23,114,322,1596,8,6,195168,2290,0,11,0,0,0,NORMAL,0,0,0,0,0,23
197535,3,adaptive-prasle,1581,1,0,0,13,116,182,1624,4,5,195954,1581,0,10,0,0,0,NORMAL,0,0,0,0,0,13
198435,14,adaptive-prasle,1922,1,0,0,22,114,308,1596,7,6,196513,1922,0,11,0,0,0,NORMAL,0,0,0,0,0,22
198888,4,adaptive-prasle,1867,1,0,0,13,116,182,1624,3,1,197021,1867,0,10,0,0,0,NORMAL,0,0,0,0,0,13
199636,35,adaptive-prasle,2416,1,0,0,14,113,196,1582,5,6,197220,2416,0,8,0,0,0,NORMAL,0,0,0,0,0,14
200049,36,adaptive-prasle,1901,1,0,0,18,114,252,1596,7,6,198148,1901,0,10,0,0,0,NORMAL,0,0,0,0,0,18
200549,45,adaptive-prasle,1459,1,0,0,20,114,280,1596,7,6,199090,1459,0,11,0,0,0,NORMAL,0,0,0,0,0,20
200953,2,adaptive-prasle,1504,1,0,0,13,116,182,1624,5,5,199449,1504,0,10,0,0,0,NORMAL,0,0,0,0,0,13
200928,16,adaptive-prasle,1775,1,0,0,20,114,280,1596,8,6,199153,1775,0,10,0,0,0,NORMAL,0,0,0,0,0,20
201569,48,adaptive-prasle,1862,1,0,0,20,114,280,1596,7,5,199707,1862,0,14,0,0,0,NORMAL,0,0,0,0,0,20
201655,41,adaptive-prasle,2409,1,0,0,14,115,196,1610,5,1,199246,2409,0,9,0,0,0,NORMAL,0,0,0,0,0,14
202125,42,adaptive-prasle,1583,1,0,0,19,115,266,1610,2,5,200542,1583,0,11,0,0,0,NORMAL,0,0,0,0,0,19
202772,49,adaptive-prasle,1782,1,0,0,14,115,196,1610,3,1,200990,1782,0,10,0,0,0,NORMAL,0,0,0,0,0,14
203392,21,adaptive-prasle,2119,1,0,0,21,115,294,1610,7,1,201273,2119,0,11,0,0,0,NORMAL,0,0,0,0,0,21
203097,46,adaptive-prasle,1858,1,0,0,19,115,266,1610,8,1,201239,1858,0,11,0,0,0,NORMAL,0,0,0,0,0,19
203246,47,adaptive-prasle,1977,1,0,0,19,115,266,1610,6,7,201269,1977,0,10,0,0,0,NORMAL,0,0,0,0,0,19
204094,26,adaptive-prasle,1934,1,0,0,21,115,294,1610,6,7,202160,1934,0,10,0,0,0,NORMAL,0,0,0,0,0,21
204408,29,adaptive-prasle,1745,1,0,0,19,115,266,1610,4,5,202663,1745,0,10,0,0,0,NORMAL,0,0,0,0,0,19
204655,6,adaptive-prasle,1851,1,0,0,18,112,252,1568,7,1,202804,1851,0,12,0,0,0,NORMAL,0,0,0,0,0,18
205128,31,adaptive-prasle,2237,1,0,0,15,115,210,1610,5,5,202891,2237,0,9,0,0,0,NORMAL,0,0,0,0,0,15
205303,8,adaptive-prasle,2295,1,0,0,16,114,224,1596,5,5,203008,2295,0,9,0,0,0,NORMAL,0,0,0,0,0,16
205908,50,adaptive-prasle,2190,1,0,0,19,115,266,1610,4,5,203718,2190,0,11,0,0,0,NORMAL,0,0,0,0,0,19
206334,1,adaptive-prasle,2110,1,0,0,13,117,182,1638,4,1,204224,2110,0,13,0,0,0,LEADER,1,0,0,0,0,13
206912,43,adaptive-prasle,2047,1,0,0,18,115,252,1610,6,5,204865,2047,0,10,0,0,0,NORMAL,0,0,0,0,0,18
206995,40,adaptive-prasle,2141,1,0,0,22,115,308,1610,8,7,204854,2141,0,11,0,0,0,NORMAL,0,0,0,0,0,22
207879,32,adaptive-prasle,1741,1,0,0,11,115,154,1610,4,1,206138,1741,0,9,0,0,0,NORMAL,0,0,0,0,0,11
208410,10,adaptive-prasle,1573,1,0,0,19,115,266,1610,5,7,206837,1573,0,10,0,0,0,NORMAL,0,0,0,0,0,19
209413,20,adaptive-prasle,2111,1,0,0,19,115,266,1610,4,5,207302,2111,0,10,0,0,0,NORMAL,0,0,0,0,0,19
209300,17,adaptive-prasle,1845,1,0,0,20,115,280,1610,5,7,207455,1845,0,10,0,0,0,NORMAL,0,0,0,0,0,20
209125,25,adaptive-prasle,2449,1,0,0,26,115,364,1610,9,7,206676,2449,0,12,0,0,0,NORMAL,0,0,0,0,0,26
210233,9,adaptive-prasle,1939,1,0,0,15,115,210,1610,4,5,208294,1939,0,8,0,0,0,NORMAL,0,0,0,0,0,15
210540,24,adaptive-prasle,2081,1,0,0,16,116,224,1624,6,1,208459,2081,0,10,0,0,0,NORMAL,0,0,0,0,0,16
210893,34,adaptive-prasle,1492,1,0,0,25,116,350,1624,6,7,209401,1492,0,12,0,0,0,NORMAL,0,0,0,0,0,25
210524,13,adaptive-prasle,2073,1,0,0,21,116,294,1624,7,7,208451,2073,0,11,0,0,0,NORMAL,0,0,0,0,0,21
210293,30,adaptive-prasle,2258,1,0,0,12,116,168,1624,6,1,208035,2258,0,9,0,0,0,NORMAL,0,0,0,0,0,12
210462,37,adaptive-prasle,2441,1,0,0,17,116,238,1624,6,1,208021,2441,0,11,0,0,0,NORMAL,0,0,0,0,0,17
210734,44,adaptive-prasle,1488,1,0,0,24,116,336,1624,5,7,209246,1488,0,12,0,0,0,NORMAL,0,0,0,0,0,24
210793,22,adaptive-prasle,1522,1,0,0,16,116,224,1624,6,1,209271,1522,0,10,0,0,0,NORMAL,0,0,0,0,0,16
211450,38,adaptive-prasle,2390,1,0,0,13,116,182,1624,3,5,209060,2390,0,9,0,0,0,NORMAL,0,0,0,0,0,13
211126,12,adaptive-prasle,1603,1,0,0,18,116,252,1624,5,5,209523,1603,0,11,0,0,0,NORMAL,0,0,0,0,0,18
210827,19,adaptive-prasle,1766,1,0,0,13,115,182,1610,3,5,209061,1766,0,9,0,0,0,NORMAL,0,0,0,0,0,13
211261,23,adaptive-prasle,1933,1,0,0,20,116,280,1624,7,5,209328,1933,0,12,0,0,0,NORMAL,0,0,0,0,0,20
211793,33,adaptive-prasle,2088,1,0,0,18,116,252,1624,5,1,209705,2088,0,10,0,0,0,NORMAL,0,0,0,0,0,18
211731,39,adaptive-prasle,1741,1,0,0,21,116,294,1624,5,7,209990,1741,0,11,0,0,0,NORMAL,0,0,0,0,0,21
211084,27,adaptive-prasle,2318,1,0,0,14,116,196,1624,5,5,208766,2318,0,9,0,0,0,NORMAL,0,0,0,0,0,14
211937,18,adaptive-prasle,2224,1,0,0,20,116,280,1624,6,7,209713,2224,0,12,0,0,0,NORMAL,0,0,0,0,0,20
211388,5,adaptive-prasle,2316,1,0,0,13,117,182,1638,5,5,209072,2316,0,9,0,0,0,LEADER,1,0,0,0,0,13
211649,7,adaptive-prasle,1804,1,0,0,16,115,224,1610,7,7,209845,1804,0,10,0,0,0,LEADER,1,0,0,0,0,16
212409,11,adaptive-prasle,2040,1,0,0,22,116,308,1624,5,7,210369,2040,0,12,0,0,0,NORMAL,0,0,0,0,0,22
212135,28,adaptive-prasle,2252,1,0,0,15,116,210,1624,5,5,209883,2252,0,11,0,0,0,NORMAL,0,0,0,0,0,15
212659,15,adaptive-prasle,2290,1,0,0,24,116,336,1624,9,7,210369,2290,0,12,0,0,0,NORMAL,0,0,0,0,0,24
212735,3,adaptive-prasle,1581,1,0,0,13,118,182,1652,4,5,211154,1581,0,10,0,0,0,NORMAL,0,0,0,0,0,13
213636,14,adaptive-prasle,1922,1,0,0,23,116,322,1624,8,7,211714,1922,0,12,0,0,0,NORMAL,0,0,0,0,0,23
214088,4,adaptive-prasle,1867,1,0,0,13,118,182,1652,3,1,212221,1867,0,10,0,0,0,NORMAL,0,0,0,0,0,13
214837,35,adaptive-prasle,2416,1,0,0,15,115,210,1610,6,7,212421,2416,0,9,0,0,0,NORMAL,0,0,0,0,0,15
215250,36,adaptive-prasle,1901,1,0,0,19,116,266,1624,8,7,213349,1901,0,11,0,0,0,NORMAL,0,0,0,0,0,19
215750,45,adaptive-prasle,1459,1,0,0,21,116,294,1624,8,7,214291,1459,0,12,0,0,0,NORMAL,0,0,0,0,0,21
216153,2,adaptive-prasle,1504,1,0,0,13,119,182,1666,5,5,214649,1504,0,10,0,0,0,NORMAL,0,0,0,0,0,13
216129,16,adaptive-prasle,1775,1,0,0,21,116,294,1624,9,7,214354,1775,0,11,0,0,0,NORMAL,0,0,0,0,0,21
216769,48,adaptive-prasle,1862,1,0,0,20,116,280,1624,7,5,214907,1862,0,14,0,0,0,NORMAL,0,0,0,0,0,20
216855,41,adaptive-prasle,2409,1,0,0,14,117,196,1638,5,1,214446,2409,0,9,0,0,0,NORMAL,0,0,0,0,0,14
217328,42,adaptive-prasle,1583,1,0,0,22,117,308,1638,2,5,215745,1583,0,12,0,0,0,NORMAL,0,0,0,0,0,22
217972,49,adaptive-prasle,1782,1,0,0,14,118,196,1652,3,1,216190,1782,0,10,0,0,0,NORMAL,0,0,0,0,0,14
218592,21,adaptive-prasle,2119,1,0,0,21,118,294,1652,7,1,216473,2119,0,11,0,0,0,NORMAL,0,0,0,0,0,21
218297,46,adaptive-prasle,1858,1,0,0,19,118,266,1652,8,1,216439,1858,0,11,0,0,0,NORMAL,0,0,0,0,0,19
218446,47,adaptive-prasle,1977,1,0,0,19,118,266,1652,6,7,216469,1977,0,10,0,0,0,NORMAL,0,0,0,0,0,19
219294,26,adaptive-prasle,1934,1,0,0,21,118,294,1652,6,7,217360,1934,0,10,0,0,0,NORMAL,0,0,0,0,0,21
219268,29,adaptive-prasle,1745,1,0,0,22,118,308,1652,5,3,217523,1745,0,11,0,0,0,NORMAL,0,0,0,0,0,22
219855,6,adaptive-prasle,1851,1,0,0,18,116,252,1624,7,1,218004,1851,0,12,0,0,0,NORMAL,0,0,0,0,0,18
220328,31,adaptive-prasle,2237,1,0,0,15,118,210,1652,5,5,218091,2237,0,9,0,0,0,NORMAL,0,0,0,0,0,15
220599,43,adaptive-prasle,2047,1,0,0,20,118,280,1652,7,3,218552,2047,0,11,0,0,0,NORMAL,0,0,0,0,0,20
220505,8,adaptive-prasle,2295,1,0,0,18,118,252,1652,6,3,218210,2295,0,10,0,0,0,NORMAL,0,0,0,0,0,18
221110,50,adaptive-prasle,2190,1,0,0,21,119,294,1666,5,3,218920,2190,0,12,0,0,0,NORMAL,0,0,0,0,0,21
221534,1,adaptive-prasle,2110,1,0,0,13,124,182,1736,4,1,219424,2110,0,13,0,0,0,LEADER,1,0,0,0,0,13
222195,40,adaptive-prasle,2141,1,0,0,22,121,308,1694,8,7,220054,2141,0,11,0,0,0,NORMAL,0,0,0,0,0,22
223079,32,adaptive-prasle,1741,1,0,0,11,121,154,1694,4,1,221338,1741,0,9,0,0,0,NORMAL,0,0,0,0,0,11
223610,10,adaptive-prasle,1573,1,0,0,19,122,266,1708,5,7,222037,1573,0,10,0,0,0,NORMAL,0,0,0,0,0,19
224616,20,adaptive-prasle,2111,1,0,0,22,122,308,1708,5,2,222505,2111,0,11,0,0,0,NORMAL,0,0,0,0,0,22
224500,17,adaptive-prasle,1845,1,0,0,20,122,280,1708,5,7,222655,1845,0,10,0,0,0,NORMAL,0,0,0,0,0,20
224325,25,adaptive-prasle,2449,1,0,0,26,122,364,1708,9,7,221876,2449,0,12,0,0,0,NORMAL,0,0,0,0,0,26
225436,9,adaptive-prasle,1939,1,0,0,18,123,252,1722,5,2,223497,1939,0,9,0,0,0,NORMAL,0,0,0,0,0,18
225740,24,adaptive-prasle,2081,1,0,0,16,124,224,1736,6,1,223659,2081,0,10,0,0,0,NORMAL,0,0,0,0,0,16
226093,34,adaptive-prasle,1492,1,0,0,25,124,350,1736,6,7,224601,1492,0,12,0,0,0,NORMAL,0,0,0,0,0,25
225724,13,adaptive-prasle,2073,1,0,0,21,124,294,1736,7,7,223651,2073,0,11,0,0,0,NORMAL,0,0,0,0,0,21
225493,30,adaptive-prasle,2258,1,0,0,12,124,168,1736,6,1,223235,2258,0,9,0,0,0,NORMAL,0,0,0,0,0,12
225662,37,adaptive-prasle,2441,1,0,0,17,124,238,1736,6,1,223221,2441,0,11,0,0,0,NORMAL,0,0,0,0,0,17
225934,44,adaptive-prasle,1488,1,0,0,24,124,336,1736,5,7,224446,1488,0,12,0,0,0,NORMAL,0,0,0,0,0,24
225993,22,adaptive-prasle,1522,1,0,0,16,124,224,1736,6,1,224471,1522,0,10,0,0,0,NORMAL,0,0,0,0,0,16
226652,38,adaptive-prasle,2390,1,0,0,15,124,210,1736,4,2,224262,2390,0,10,0,0,0,NORMAL,0,0,0,0,0,15
226328,12,adaptive-prasle,1603,1,0,0,20,124,280,1736,6,2,224725,1603,0,12,0,0,0,NORMAL,0,0,0,0,0,20
226029,19,adaptive-prasle,1766,1,0,0,15,123,210,1722,4,2,224263,1766,0,10,0,0,0,NORMAL,0,0,0,0,0,15
226993,33,adaptive-prasle,2088,1,0,0,18,125,252,1750,5,1,224905,2088,0,10,0,0,0,NORMAL,0,0,0,0,0,18
226464,23,adaptive-prasle,1933,1,0,0,23,125,322,1750,8,1,224531,1933,0,13,0,0,0,NORMAL,0,0,0,0,0,23
226931,39,adaptive-prasle,1741,1,0,0,21,125,294,1750,5,7,225190,1741,0,11,0,0,0,NORMAL,0,0,0,0,0,21
226287,27,adaptive-prasle,2318,1,0,0,17,125,238,1750,6,1,223969,2318,0,10,0,0,0,NORMAL,0,0,0,0,0,17
227137,18,adaptive-prasle,2224,1,0,0,20,125,280,1750,6,7,224913,2224,0,12,0,0,0,NORMAL,0,0,0,0,0,20
226591,5,adaptive-prasle,2316,1,0,0,16,127,224,1778,6,1,224275,2316,0,10,0,0,0,NORMAL,0,0,0,0,0,16
226849,7,adaptive-prasle,1804,1,0,0,16,128,224,1792,7,7,225045,1804,0,10,0,0,0,LEADER,1,0,0,0,0,16
227609,11,adaptive-prasle,2040,1,0,0,22,126,308,1764,5,7,225569,2040,0,12,0,0,0,NORMAL,0,0,0,0,0,22
227338,28,adaptive-prasle,2252,1,0,0,18,126,252,1764,6,1,225086,2252,0,12,0,0,0,NORMAL,0,0,0,0,0,18
227859,15,adaptive-prasle,2290,1,0,0,24,126,336,1764,9,7,225569,2290,0,12,0,0,0,NORMAL,0,0,0,0,0,24
227938,3,adaptive-prasle,1581,1,0,0,16,129,224,1806,5,1,226357,1581,0,11,0,0,0,NORMAL,0,0,0,0,0,16
228836,14,adaptive-prasle,1922,1,0,0,23,127,322,1778,8,7,226914,1922,0,12,0,0,0,NORMAL,0,0,0,0,0,23
229288,4,adaptive-prasle,1867,1,0,0,13,132,182,1848,3,1,227421,1867,0,10,0,0,0,NORMAL,0,0,0,0,0,13
230037,35,adaptive-prasle,2416,1,0,0,15,127,210,1778,6,7,227621,2416,0,9,0,0,0,NORMAL,0,0,0,0,0,15
230450,36,adaptive-prasle,1901,1,0,0,19,129,266,1806,8,7,228549,1901,0,11,0,0,0,NORMAL,0,0,0,0,0,19
230950,45,adaptive-prasle,1459,1,0,0,21,129,294,1806,8,7,229491,1459,0,12,0,0,0,NORMAL,0,0,0,0,0,21
231355,2,adaptive-prasle,1504,1,0,0,15,134,210,1876,6,1,229851,1504,0,11,0,0,0,NORMAL,0,0,0,0,0,15
231329,16,adaptive-prasle,1775,1,0,0,21,129,294,1806,9,7,229554,1775,0,11,0,0,0,NORMAL,0,0,0,0,0,21
231971,48,adaptive-prasle,1862,1,0,0,22,130,308,1820,8,1,230109,1862,0,15,0,0,0,NORMAL,0,0,0,0,0,22
232055,41,adaptive-prasle,2409,1,0,0,14,130,196,1820,5,1,229646,2409,0,9,0,0,0,NORMAL,0,0,0,0,0,14
232530,42,adaptive-prasle,1583,1,0,0,24,130,336,1820,2,5,230947,1583,0,12,0,0,0,NORMAL,0,0,0,0,0,24
233172,49,adaptive-prasle,1782,1,0,0,14,130,196,1820,3,1,231390,1782,0,10,0,0,0,NORMAL,0,0,0,0,0,14
233792,21,adaptive-prasle,2119,1,0,0,21,130,294,1820,7,1,231673,2119,0,11,0,0,0,NORMAL,0,0,0,0,0,21
233421,29,adaptive-prasle,1745,1,0,0,24,130,336,1820,5,3,231676,1745,0,11,0,0,0,NORMAL,0,0,0,0,0,24
233497,46,adaptive-prasle,1858,1,0,0,19,130,266,1820,8,1,231639,1858,0,11,0,0,0,NORMAL,0,0,0,0,0,19
233646,47,adaptive-prasle,1977,1,0,0,19,131,266,1834,6,7,231669,1977,0,10,0,0,0,NORMAL,0,0,0,0,0,19
234494,26,adaptive-prasle,1934,1,0,0,21,131,294,1834,6,7,232560,1934,0,10,0,0,0,NORMAL,0,0,0,0,0,21
235057,6,adaptive-prasle,1851,1,0,0,20,130,280,1820,7,1,233206,1851,0,13,0,0,0,NORMAL,0,0,0,0,0,20
235290,31,adaptive-prasle,2237,1,0,0,17,131,238,1834,6,1,233053,2237,0,10,0,0,0,NORMAL,0,0,0,0,0,17
235801,43,adaptive-prasle,2047,1,0,0,22,131,308,1834,7,3,233754,2047,0,11,0,0,0,NORMAL,0,0,0,0,0,22
235707,8,adaptive-prasle,2295,1,0,0,20,130,280,1820,6,3,233412,2295,0,10,0,0,0,NORMAL,0,0,0,0,0,20
236312,50,adaptive-prasle,2190,1,0,0,23,131,322,1834,5,3,234122,2190,0,12,0,0,0,NORMAL,0,0,0,0,0,23
236735,1,adaptive-prasle,2110,1,0,0,14,136,196,1904,4,1,234625,2110,0,14,0,0,0,LEADER,1,0,0,0,0,14
237395,40,adaptive-prasle,2141,1,0,0,22,131,308,1834,8,7,235254,2141,0,11,0,0,0,NORMAL,0,0,0,0,0,22
238280,32,adaptive-prasle,1741,1,0,0,12,131,168,1834,4,1,236539,1741,0,10,0,0,0,NORMAL,0,0,0,0,0,12
238810,10,adaptive-prasle,1573,1,0,0,19,131,266,1834,5,7,237237,1573,0,10,0,0,0,NORMAL,0,0,0,0,0,19
239807,20,adaptive-prasle,2111,1,0,0,23,131,322,1834,5,2,237696,2111,0,11,0,0,0,NORMAL,0,0,0,0,0,23
239700,17,adaptive-prasle,1845,1,0,0,20,131,280,1834,5,7,237855,1845,0,10,0,0,0,NORMAL,0,0,0,0,0,20
239525,25,adaptive-prasle,2449,1,0,0,26,131,364,1834,9,7,237076,2449,0,12,0,0,0,NORMAL,0,0,0,0,0,26
240637,9,adaptive-prasle,1939,1,0,0,19,131,266,1834,5,2,238698,1939,0,9,0,0,0,NORMAL,0,0,0,0,0,19
240941,24,adaptive-prasle,2081,1,0,0,17,131,238,1834,6,1,238860,2081,0,11,0,0,0,NORMAL,0,0,0,0,0,17
241293,34,adaptive-prasle,1492,1,0,0,25,131,350,1834,6,7,239801,1492,0,12,0,0,0,NORMAL,0,0,0,0,0,25
240924,13,adaptive-prasle,2073,1,0,0,21,131,294,1834,7,7,238851,2073,0,11,0,0,0,NORMAL,0,0,0,0,0,21
240694,30,adaptive-prasle,2258,1,0,0,13,131,182,1834,6,1,238436,2258,0,10,0,0,0,NORMAL,0,0,0,0,0,13
240863,37,adaptive-prasle,2441,1,0,0,18,131,252,1834,6,1,238422,2441,0,12,0,0,0,NORMAL,0,0,0,0,0,18
241134,44,adaptive-prasle,1488,1,0,0,24,131,336,1834,5,7,239646,1488,0,12,0,0,0,NORMAL,0,0,0,0,0,24
241194,22,adaptive-prasle,1522,1,0,0,17,131,238,1834,6,1,239672,1522,0,11,0,0,0,NORMAL,0,0,0,0,0,17
241853,38,adaptive-prasle,2390,1,0,0,16,131,224,1834,4,2,239463,2390,0,10,0,0,0,NORMAL,0,0,0,0,0,16
241529,12,adaptive-prasle,1603,1,0,0,21,131,294,1834,6,2,239926,1603,0,12,0,0,0,NORMAL,0,0,0,0,0,21
241230,19,adaptive-prasle,1766,1,0,0,16,130,224,1820,4,2,239464,1766,0,10,0,0,0,NORMAL,0,0,0,0,0,16
241664,23,adaptive-prasle,1933,1,0,0,23,131,322,1834,8,1,239731,1933,0,13,0,0,0,NORMAL,0,0,0,0,0,23
242194,33,adaptive-prasle,2088,1,0,0,19,131,266,1834,5,1,240106,2088,0,11,0,0,0,NORMAL,0,0,0,0,0,19
242131,39,adaptive-prasle,1741,1,0,0,21,131,294,1834,5,7,240390,1741,0,11,0,0,0,NORMAL,0,0,0,0,0,21
241487,27,adaptive-prasle,2318,1,0,0,17,131,238,1834,6,1,239169,2318,0,10,0,0,0,NORMAL,0,0,0,0,0,17
242337,18,adaptive-prasle,2224,1,0,0,20,131,280,1834,6,7,240113,2224,0,12,0,0,0,NORMAL,0,0,0,0,0,20
241730,28,adaptive-prasle,2252,1,0,0,18,131,252,1834,6,1,239478,2252,0,12,0,0,0,NORMAL,0,0,0,0,0,18
241791,5,adaptive-prasle,2316,1,0,0,16,133,224,1862,6,1,239475,2316,0,10,0,0,0,NORMAL,0,0,0,0,0,16
242049,7,adaptive-prasle,1804,1,0,0,16,134,224,1876,7,7,240245,1804,0,10,0,0,0,LEADER,1,0,0,0,0,16
242809,11,adaptive-prasle,2040,1,0,0,22,131,308,1834,5,7,240769,2040,0,12,0,0,0,NORMAL,0,0,0,0,0,22
243059,15,adaptive-prasle,2290,1,0,0,24,131,336,1834,9,7,240769,2290,0,12,0,0,0,NORMAL,0,0,0,0,0,24
243138,3,adaptive-prasle,1581,1,0,0,16,134,224,1876,5,1,241557,1581,0,11,0,0,0,NORMAL,0,0,0,0,0,16
244036,14,adaptive-prasle,1922,1,0,0,23,131,322,1834,8,7,242114,1922,0,12,0,0,0,NORMAL,0,0,0,0,0,23
244489,4,adaptive-prasle,1867,1,0,0,14,136,196,1904,3,1,242622,1867,0,11,0,0,0,NORMAL,0,0,0,0,0,14
244883,29,adaptive-prasle,1745,1,0,0,24,131,336,1834,5,3,243138,1745,0,11,0,0,0,NORMAL,0,0,0,0,0,24
245237,35,adaptive-prasle,2416,1,0,0,15,130,210,1820,6,7,242821,2416,0,9,0,0,0,NORMAL,0,0,0,0,0,15
245650,36,adaptive-prasle,1901,1,0,0,19,131,266,1834,8,7,243749,1901,0,11,0,0,0,NORMAL,0,0,0,0,0,19
246150,45,adaptive-prasle,1459,1,0,0,21,131,294,1834,8,7,244691,1459,0,12,0,0,0,NORMAL,0,0,0,0,0,21
246555,2,adaptive-prasle,1504,1,0,0,15,135,210,1890,6,1,245051,1504,0,11,0,0,0,NORMAL,0,0,0,0,0,15
246529,16,adaptive-prasle,1775,1,0,0,21,131,294,1834,9,7,244754,1775,0,11,0,0,0,NORMAL,0,0,0,0,0,21
247171,48,adaptive-prasle,1862,1,0,0,22,131,308,1834,8,1,245309,1862,0,15,0,0,0,NORMAL,0,0,0,0,0,22
247256,41,adaptive-prasle,2409,1,0,0,15,132,210,1848,5,1,244847,2409,0,10,0,0,0,NORMAL,0,0,0,0,0,15
247730,42,adaptive-prasle,1583,1,0,0,24,132,336,1848,2,5,246147,1583,0,12,0,0,0,NORMAL,0,0,0,0,0,24
248666,31,adaptive-prasle,2237,1,0,0,17,132,238,1848,6,1,246429,2237,0,10,0,0,0,NORMAL,0,0,0,0,0,17
248373,49,adaptive-prasle,1782,1,0,0,15,132,210,1848,3,1,246591,1782,0,11,0,0,0,NORMAL,0,0,0,0,0,15
248993,21,adaptive-prasle,2119,1,0,0,22,132,308,1848,7,1,246874,2119,0,12,0,0,0,NORMAL,0,0,0,0,0,22
248698,46,adaptive-prasle,1858,1,0,0,20,132,280,1848,8,1,246840,1858,0,12,0,0,0,NORMAL,0,0,0,0,0,20
248847,47,adaptive-prasle,1977,1,0,0,20,132,280,1848,7,47,246870,1977,0,11,0,0,0,LEADER,1,0,0,0,0,20
249695,26,adaptive-prasle,1934,1,0,0,22,132,308,1848,7,26,247761,1934,0,11,0,0,0,LEADER,1,0,0,0,0,22
250257,6,adaptive-prasle,1851,1,0,0,20,131,280,1834,7,1,248406,1851,0,13,0,0,0,NORMAL,0,0,0,0,0,20
251001,43,adaptive-prasle,2047,1,0,0,22,132,308,1848,7,3,248954,2047,0,11,0,0,0,NORMAL,0,0,0,0,0,22
250907,8,adaptive-prasle,2295,1,0,0,20,131,280,1834,6,3,248612,2295,0,10,0,0,0,NORMAL,0,0,0,0,0,20
251512,50,adaptive-prasle,2190,1,0,0,23,132,322,1848,5,3,249322,2190,0,12,0,0,0,NORMAL,0,0,0,0,0,23
251935,1,adaptive-prasle,2110,1,0,0,14,137,196,1918,4,1,249825,2110,0,14,0,0,0,LEADER,1,0,0,0,0,14
252597,40,adaptive-prasle,2141,1,0,0,24,132,336,1848,8,7,250456,2141,0,12,0,0,0,NORMAL,0,0,0,0,0,24
253480,32,adaptive-prasle,1741,1,0,0,12,132,168,1848,4,1,251739,1741,0,10,0,0,0,NORMAL,0,0,0,0,0,12
254012,10,adaptive-prasle,1573,1,0,0,21,132,294,1848,5,7,252439,1573,0,11,0,0,0,NORMAL,0,0,0,0,0,21
254977,20,adaptive-prasle,2111,1,0,0,23,132,322,1848,5,2,252866,2111,0,11,0,0,0,NORMAL,0,0,0,0,0,23
254901,17,adaptive-prasle,1845,1,0,0,22,132,308,1848,5,7,253056,1845,0,11,0,0,0,NORMAL,0,0,0,0,0,22
254727,25,adaptive-prasle,2449,1,0,0,28,132,392,1848,9,7,252278,2449,0,13,0,0,0,NORMAL,0,0,0,0,0,28
255837,9,adaptive-prasle,1939,1,0,0,19,132,266,1848,5,2,253898,1939,0,9,0,0,0,NORMAL,0,0,0,0,0,19
256141,24,adaptive-prasle,2081,1,0,0,17,133,238,1862,6,1,254060,2081,0,11,0,0,0,NORMAL,0,0,0,0,0,17
255718,28,adaptive-prasle,2252,1,0,0,18,133,252,1862,6,1,253466,2252,0,12,0,0,0,NORMAL,0,0,0,0,0,18
256495,34,adaptive-prasle,1492,1,0,0,27,133,378,1862,6,7,255003,1492,0,13,0,0,0,NORMAL,0,0,0,0,0,27
256126,13,adaptive-prasle,2073,1,0,0,23,133,322,1862,7,7,254053,2073,0,12,0,0,0,NORMAL,0,0,0,0,0,23
255894,30,adaptive-prasle,2258,1,0,0,13,133,182,1862,6,1,253636,2258,0,10,0,0,0,NORMAL,0,0,0,0,0,13
256063,37,adaptive-prasle,2441,1,0,0,18,133,252,1862,6,1,253622,2441,0,12,0,0,0,NORMAL,0,0,0,0,0,18
256336,44,adaptive-prasle,1488,1,0,0,26,133,364,1862,5,7,254848,1488,0,13,0,0,0,NORMAL,0,0,0,0,0,26
256346,29,adaptive-prasle,1745,1,0,0,25,133,350,1862,6,7,254601,1745,0,12,0,0,0,NORMAL,0,0,0,0,0,25
256394,22,adaptive-prasle,1522,1,0,0,17,133,238,1862,6,1,254872,1522,0,11,0,0,0,NORMAL,0,0,0,0,0,17
257053,38,adaptive-prasle,2390,1,0,0,16,133,224,1862,4,2,254663,2390,0,10,0,0,0,NORMAL,0,0,0,0,0,16
256729,12,adaptive-prasle,1603,1,0,0,21,133,294,1862,6,2,255126,1603,0,12,0,0,0,NORMAL,0,0,0,0,0,21
256430,19,adaptive-prasle,1766,1,0,0,16,132,224,1848,4,2,254664,1766,0,10,0,0,0,NORMAL,0,0,0,0,0,16
256864,23,adaptive-prasle,1933,1,0,0,23,133,322,1862,8,1,254931,1933,0,13,0,0,0,NORMAL,0,0,0,0,0,23
257394,33,adaptive-prasle,2088,1,0,0,19,133,266,1862,5,1,255306,2088,0,11,0,0,0,NORMAL,0,0,0,0,0,19
257333,39,adaptive-prasle,1741,1,0,0,23,133,322,1862,5,7,255592,1741,0,12,0,0,0,NORMAL,0,0,0,0,0,23
256687,27,adaptive-prasle,2318,1,0,0,17,133,238,1862,6,1,254369,2318,0,10,0,0,0,NORMAL,0,0,0,0,0,17
257539,18,adaptive-prasle,2224,1,0,0,22,133,308,1862,6,7,255315,2224,0,13,0,0,0,NORMAL,0,0,0,0,0,22
256991,5,adaptive-prasle,2316,1,0,0,16,135,224,1890,6,1,254675,2316,0,10,0,0,0,NORMAL,0,0,0,0,0,16
257250,7,adaptive-prasle,1804,1,0,0,17,135,238,1890,7,7,255446,1804,0,11,0,0,0,LEADER,1,0,0,0,0,17
258010,11,adaptive-prasle,2040,1,0,0,23,133,322,1862,5,7,255970,2040,0,13,0,0,0,NORMAL,0,0,0,0,0,23
258260,15,adaptive-prasle,2290,1,0,0,25,133,350,1862,9,7,255970,2290,0,13,0,0,0,NORMAL,0,0,0,0,0,25
258338,3,adaptive-prasle,1581,1,0,0,16,136,224,1904,5,1,256757,1581,0,11,0,0,0,NORMAL,0,0,0,0,0,16
259237,14,adaptive-prasle,1922,1,0,0,24,133,336,1862,8,7,257315,1922,0,13,0,0,0,NORMAL,0,0,0,0,0,24
259689,4,adaptive-prasle,1867,1,0,0,14,138,196,1932,3,1,257822,1867,0,11,0,0,0,NORMAL,0,0,0,0,0,14
260438,35,adaptive-prasle,2416,1,0,0,16,132,224,1848,6,7,258022,2416,0,10,0,0,0,NORMAL,0,0,0,0,0,16
260851,36,adaptive-prasle,1901,1,0,0,20,133,280,1862,8,7,258950,1901,0,12,0,0,0,NORMAL,0,0,0,0,0,20
261351,45,adaptive-prasle,1459,1,0,0,22,133,308,1862,8,7,259892,1459,0,13,0,0,0,NORMAL,0,0,0,0,0,22
261755,2,adaptive-prasle,1504,1,0,0,15,138,210,1932,6,1,260251,1504,0,11,0,0,0,NORMAL,0,0,0,0,0,15
261730,16,adaptive-prasle,1775,1,0,0,22,133,308,1862,9,7,259955,1775,0,12,0,0,0,NORMAL,0,0,0,0,0,22
262042,31,adaptive-prasle,2237,1,0,0,17,133,238,1862,6,1,259805,2237,0,10,0,0,0,NORMAL,0,0,0,0,0,17
262371,48,adaptive-prasle,1862,1,0,0,22,133,308,1862,8,1,260509,1862,0,15,0,0,0,NORMAL,0,0,0,0,0,22
262456,41,adaptive-prasle,2409,1,0,0,15,135,210,1890,5,1,260047,2409,0,10,0,0,0,NORMAL,0,0,0,0,0,15
262933,42,adaptive-prasle,1583,1,0,0,27,135,378,1890,2,5,261350,1583,0,13,0,0,0,NORMAL,0,0,0,0,0,27
263573,49,adaptive-prasle,1782,1,0,0,15,136,210,1904,3,1,261791,1782,0,11,0,0,0,NORMAL,0,0,0,0,0,15
264193,21,adaptive-prasle,2119,1,0,0,22,136,308,1904,7,1,262074,2119,0,12,0,0,0,NORMAL,0,0,0,0,0,22
263898,46,adaptive-prasle,1858,1,0,0,20,136,280,1904,8,1,262040,1858,0,12,0,0,0,NORMAL,0,0,0,0,0,20
264047,47,adaptive-prasle,1977,1,0,0,20,136,280,1904,7,47,262070,1977,0,11,0,0,0,LEADER,1,0,0,0,0,20
264895,26,adaptive-prasle,1934,1,0,0,22,136,308,1904,7,26,262961,1934,0,11,0,0,0,LEADER,1,0,0,0,0,22
265457,6,adaptive-prasle,1851,1,0,0,20,137,280,1918,7,1,263606,1851,0,13,0,0,0,NORMAL,0,0,0,0,0,20
266204,43,adaptive-prasle,2047,1,0,0,25,136,350,1904,7,3,264157,2047,0,12,0,0,0,NORMAL,0,0,0,0,0,25
266109,8,adaptive-prasle,2295,1,0,0,22,136,308,1904,6,3,263814,2295,0,11,0,0,0,NORMAL,0,0,0,0,0,22
266714,50,adaptive-prasle,2190,1,0,0,25,137,350,1918,5,3,264524,2190,0,13,0,0,0,NORMAL,0,0,0,0,0,25
267135,1,adaptive-prasle,2110,1,0,0,14,145,196,2030,4,1,265025,2110,0,14,0,0,0,LEADER,1,0,0,0,0,14
267799,40,adaptive-prasle,2141,1,0,0,26,140,364,1960,8,7,265658,2141,0,12,0,0,0,NORMAL,0,0,0,0,0,26
268680,32,adaptive-prasle,1741,1,0,0,12,140,168,1960,4,1,266939,1741,0,10,0,0,0,NORMAL,0,0,0,0,0,12
269214,10,adaptive-prasle,1573,1,0,0,23,141,322,1974,5,7,267641,1573,0,11,0,0,0,NORMAL,0,0,0,0,0,23
270160,20,adaptive-prasle,2111,1,0,0,26,141,364,1974,5,2,268049,2111,0,12,0,0,0,NORMAL,0,0,0,0,0,26
270103,17,adaptive-prasle,1845,1,0,0,24,141,336,1974,5,7,268258,1845,0,11,0,0,0,NORMAL,0,0,0,0,0,24
269929,25,adaptive-prasle,2449,1,0,0,30,141,420,1974,9,7,267480,2449,0,13,0,0,0,NORMAL,0,0,0,0,0,30
270113,28,adaptive-prasle,2252,1,0,0,21,141,294,1974,7,2,267861,2252,0,13,0,0,0,NORMAL,0,0,0,0,0,21
271040,9,adaptive-prasle,1939,1,0,0,22,142,308,1988,5,2,269101,1939,0,10,0,0,0,NORMAL,0,0,0,0,0,22
271341,24,adaptive-prasle,2081,1,0,0,17,143,238,2002,6,1,269260,2081,0,11,0,0,0,NORMAL,0,0,0,0,0,17
271697,34,adaptive-prasle,1492,1,0,0,29,143,406,2002,6,7,270205,1492,0,13,0,0,0,NORMAL,0,0,0,0,0,29
271328,13,adaptive-prasle,2073,1,0,0,25,143,350,2002,7,7,269255,2073,0,12,0,0,0,NORMAL,0,0,0,0,0,25
271094,30,adaptive-prasle,2258,1,0,0,13,143,182,2002,6,1,268836,2258,0,10,0,0,0,NORMAL,0,0,0,0,0,13
271263,37,adaptive-prasle,2441,1,0,0,18,143,252,2002,6,1,268822,2441,0,12,0,0,0,NORMAL,0,0,0,0,0,18
271537,44,adaptive-prasle,1488,1,0,0,27,143,378,2002,5,7,270049,1488,0,13,0,0,0,NORMAL,0,0,0,0,0,27
271547,29,adaptive-prasle,1745,1,0,0,26,143,364,2002,6,7,269802,1745,0,12,0,0,0,NORMAL,0,0,0,0,0,26
271594,22,adaptive-prasle,1522,1,0,0,17,143,238,2002,6,1,270072,1522,0,11,0,0,0,NORMAL,0,0,0,0,0,17
272255,38,adaptive-prasle,2390,1,0,0,18,143,252,2002,4,2,269865,2390,0,11,0,0,0,NORMAL,0,0,0,0,0,18
271931,12,adaptive-prasle,1603,1,0,0,23,143,322,2002,6,2,270328,1603,0,13,0,0,0,NORMAL,0,0,0,0,0,23
271632,19,adaptive-prasle,1766,1,0,0,18,142,252,1988,4,2,269866,1766,0,11,0,0,0,NORMAL,0,0,0,0,0,18
272594,33,adaptive-prasle,2088,1,0,0,19,144,266,2016,5,1,270506,2088,0,11,0,0,0,NORMAL,0,0,0,0,0,19
272067,23,adaptive-prasle,1933,1,0,0,26,144,364,2016,8,1,270134,1933,0,14,0,0,0,NORMAL,0,0,0,0,0,26
272535,39,adaptive-prasle,1741,1,0,0,25,144,350,2016,5,7,270794,1741,0,12,0,0,0,NORMAL,0,0,0,0,0,25
271890,27,adaptive-prasle,2318,1,0,0,20,144,280,2016,6,1,269572,2318,0,11,0,0,0,NORMAL,0,0,0,0,0,20
272741,18,adaptive-prasle,2224,1,0,0,24,144,336,2016,6,7,270517,2224,0,13,0,0,0,NORMAL,0,0,0,0,0,24
272194,5,adaptive-prasle,2316,1,0,0,19,147,266,2058,6,1,269878,2316,0,11,0,0,0,NORMAL,0,0,0,0,0,19
272453,7,adaptive-prasle,1804,1,0,0,20,148,280,2072,7,7,270649,1804,0,11,0,0,0,LEADER,1,0,0,0,0,20
273213,11,adaptive-prasle,2040,1,0,0,26,146,364,2044,5,7,271173,2040,0,13,0,0,0,NORMAL,0,0,0,0,0,26
273463,15,adaptive-prasle,2290,1,0,0,28,146,392,2044,9,7,271173,2290,0,13,0,0,0,NORMAL,0,0,0,0,0,28
273541,3,adaptive-prasle,1581,1,0,0,19,150,266,2100,5,1,271960,1581,0,12,0,0,0,NORMAL,0,0,0,0,0,19
274440,14,adaptive-prasle,1922,1,0,0,27,147,378,2058,8,7,272518,1922,0,13,0,0,0,NORMAL,0,0,0,0,0,27
274889,4,adaptive-prasle,1867,1,0,0,14,155,196,2170,3,1,273022,1867,0,11,0,0,0,NORMAL,0,0,0,0,0,14
275296,31,adaptive-prasle,2237,1,0,0,20,147,280,2058,6,1,273059,2237,0,11,0,0,0,NORMAL,0,0,0,0,0,20
275641,35,adaptive-prasle,2416,1,0,0,19,147,266,2058,6,7,273225,2416,0,10,0,0,0,NORMAL,0,0,0,0,0,19
276053,36,adaptive-prasle,1901,1,0,0,23,149,322,2086,8,7,274152,1901,0,12,0,0,0,NORMAL,0,0,0,0,0,23
276554,45,adaptive-prasle,1459,1,0,0,25,149,350,2086,8,7,275095,1459,0,13,0,0,0,NORMAL,0,0,0,0,0,25
276957,2,adaptive-prasle,1504,1,0,0,17,156,238,2184,6,1,275453,1504,0,12,0,0,0,NORMAL,0,0,0,0,0,17
276932,16,adaptive-prasle,1775,1,0,0,24,149,336,2086,9,7,275157,1775,0,12,0,0,0,NORMAL,0,0,0,0,0,24
277573,48,adaptive-prasle,1862,1,0,0,24,150,336,2100,8,1,275711,1862,0,16,0,0,0,NORMAL,0,0,0,0,0,24
277656,41,adaptive-prasle,2409,1,0,0,15,150,210,2100,5,1,275247,2409,0,10,0,0,0,NORMAL,0,0,0,0,0,15
278135,42,adaptive-prasle,1583,1,0,0,29,150,406,2100,2,5,276552,1583,0,13,0,0,0,NORMAL,0,0,0,0,0,29
278773,49,adaptive-prasle,1782,1,0,0,15,150,210,2100,3,1,276991,1782,0,11,0,0,0,NORMAL,0,0,0,0,0,15
279393,21,adaptive-prasle,2119,1,0,0,22,150,308,2100,7,1,277274,2119,0,12,0,0,0,NORMAL,0,0,0,0,0,22
279098,46,adaptive-prasle,1858,1,0,0,20,150,280,2100,8,1,277240,1858,0,12,0,0,0,NORMAL,0,0,0,0,0,20
279247,47,adaptive-prasle,1977,1,0,0,20,151,280,2114,7,47,277270,1977,0,11,0,0,0,LEADER,1,0,0,0,0,20
280095,26,adaptive-prasle,1934,1,0,0,22,151,308,2114,7,26,278161,1934,0,11,0,0,0,LEADER,1,0,0,0,0,22
280659,6,adaptive-prasle,1851,1,0,0,22,152,308,2128,7,1,278808,1851,0,14,0,0,0,NORMAL,0,0,0,0,0,22
281406,43,adaptive-prasle,2047,1,0,0,27,151,378,2114,7,3,279359,2047,0,12,0,0,0,NORMAL,0,0,0,0,0,27
281311,8,adaptive-prasle,2295,1,0,0,24,150,336,2100,6,3,279016,2295,0,11,0,0,0,NORMAL,0,0,0,0,0,24
281916,50,adaptive-prasle,2190,1,0,0,27,151,378,2114,5,3,279726,2190,0,13,0,0,0,NORMAL,0,0,0,0,0,27
282336,1,adaptive-prasle,2110,1,0,0,15,159,210,2226,4,1,280226,2110,0,15,0,0,0,LEADER,1,0,0,0,0,15
282544,28,adaptive-prasle,2252,1,0,0,22,151,308,2114,7,2,280292,2252,0,13,0,0,0,NORMAL,0,0,0,0,0,22
283000,40,adaptive-prasle,2141,1,0,0,27,151,378,2114,8,7,280859,2141,0,12,0,0,0,NORMAL,0,0,0,0,0,27
283881,32,adaptive-prasle,1741,1,0,0,13,151,182,2114,4,1,282140,1741,0,11,0,0,0,NORMAL,0,0,0,0,0,13
284415,10,adaptive-prasle,1573,1,0,0,24,151,336,2114,5,7,282842,1573,0,11,0,0,0,NORMAL,0,0,0,0,0,24
285104,20,adaptive-prasle,2111,1,0,0,27,151,378,2114,5,2,282993,2111,0,12,0,0,0,NORMAL,0,0,0,0,0,27
285304,17,adaptive-prasle,1845,1,0,0,25,151,350,2114,5,7,283459,1845,0,11,0,0,0,NORMAL,0,0,0,0,0,25
285130,25,adaptive-prasle,2449,1,0,0,31,151,434,2114,9,7,282681,2449,0,13,0,0,0,NORMAL,0,0,0,0,0,31
285715,31,adaptive-prasle,2237,1,0,0,20,151,280,2114,6,1,283478,2237,0,11,0,0,0,NORMAL,0,0,0,0,0,20
286241,9,adaptive-prasle,1939,1,0,0,23,151,322,2114,5,2,284302,1939,0,10,0,0,0,NORMAL,0,0,0,0,0,23
286542,24,adaptive-prasle,2081,1,0,0,18,151,252,2114,6,1,284461,2081,0,12,0,0,0,NORMAL,0,0,0,0,0,18
286898,34,adaptive-prasle,1492,1,0,0,30,151,420,2114,6,7,285406,1492,0,13,0,0,0,NORMAL,0,0,0,0,0,30
286529,13,adaptive-prasle,2073,1,0,0,26,151,364,2114,7,7,284456,2073,0,12,0,0,0,NORMAL,0,0,0,0,0,26
286295,30,adaptive-prasle,2258,1,0,0,14,151,196,2114,6,1,284037,2258,0,11,0,0,0,NORMAL,0,0,0,0,0,14
286464,37,adaptive-prasle,2441,1,0,0,19,151,266,2114,6,1,284023,2441,0,13,0,0,0,NORMAL,0,0,0,0,0,19
286738,44,adaptive-prasle,1488,1,0,0,28,151,392,2114,5,7,285250,1488,0,13,0,0,0,NORMAL,0,0,0,0,0,28
286748,29,adaptive-prasle,1745,1,0,0,27,151,378,2114,6,7,285003,1745,0,12,0,0,0,NORMAL,0,0,0,0,0,27
286795,22,adaptive-prasle,1522,1,0,0,18,151,252,2114,6,1,285273,1522,0,12,0,0,0,NORMAL,0,0,0,0,0,18
287456,38,adaptive-prasle,2390,1,0,0,19,151,266,2114,4,2,285066,2390,0,11,0,0,0,NORMAL,0,0,0,0,0,19
287132,12,adaptive-prasle,1603,1,0,0,24,151,336,2114,6,2,285529,1603,0,13,0,0,0,NORMAL,0,0,0,0,0,24
286833,19,adaptive-prasle,1766,1,0,0,19,150,266,2100,4,2,285067,1766,0,11,0,0,0,NORMAL,0,0,0,0,0,19
287795,33,adaptive-prasle,2088,1,0,0,20,151,280,2114,5,1,285707,2088,0,12,0,0,0,NORMAL,0,0,0,0,0,20
287267,23,adaptive-prasle,1933,1,0,0,26,151,364,2114,8,1,285334,1933,0,14,0,0,0,NORMAL,0,0,0,0,0,26
287735,39,adaptive-prasle,1741,1,0,0,25,151,350,2114,5,7,285994,1741,0,12,0,0,0,NORMAL,0,0,0,0,0,25
287090,27,adaptive-prasle,2318,1,0,0,20,151,280,2114,6,1,284772,2318,0,11,0,0,0,NORMAL,0,0,0,0,0,20
287941,18,adaptive-prasle,2224,1,0,0,24,151,336,2114,6,7,285717,2224,0,13,0,0,0,NORMAL,0,0,0,0,0,24
287394,5,adaptive-prasle,2316,1,0,0,19,154,266,2156,6,1,285078,2316,0,11,0,0,0,NORMAL,0,0,0,0,0,19
287653,7,adaptive-prasle,1804,1,0,0,20,154,280,2156,7,7,285849,1804,0,11,0,0,0,LEADER,1,0,0,0,0,20
288413,11,adaptive-prasle,2040,1,0,0,26,151,364,2114,5,7,286373,2040,0,13,0,0,0,NORMAL,0,0,0,0,0,26
288575,3,adaptive-prasle,1581,1,0,0,19,155,266,2170,5,1,286994,1581,0,12,0,0,0,NORMAL,0,0,0,0,0,19
288663,15,adaptive-prasle,2290,1,0,0,28,151,392,2114,9,7,286373,2290,0,13,0,0,0,NORMAL,0,0,0,0,0,28
289640,14,adaptive-prasle,1922,1,0,0,27,151,378,2114,8,7,287718,1922,0,13,0,0,0,NORMAL,0,0,0,0,0,27
290090,4,adaptive-prasle,1867,1,0,0,15,159,210,2226,3,1,288223,1867,0,12,0,0,0,NORMAL,0,0,0,0,0,15
290841,35,adaptive-prasle,2416,1,0,0,19,150,266,2100,6,7,288425,2416,0,10,0,0,0,NORMAL,0,0,0,0,0,19
291253,36,adaptive-prasle,1901,1,0,0,23,151,322,2114,8,7,289352,1901,0,12,0,0,0,NORMAL,0,0,0,0,0,23
291754,45,adaptive-prasle,1459,1,0,0,25,151,350,2114,8,7,290295,1459,0,13,0,0,0,NORMAL,0,0,0,0,0,25
292157,2,adaptive-prasle,1504,1,0,0,17,157,238,2198,6,1,290653,1504,0,12,0,0,0,NORMAL,0,0,0,0,0,17
292132,16,adaptive-prasle,1775,1,0,0,24,151,336,2114,9,7,290357,1775,0,12,0,0,0,NORMAL,0,0,0,0,0,24
292773,48,adaptive-prasle,1862,1,0,0,24,151,336,2114,8,1,290911,1862,0,16,0,0,0,NORMAL,0,0,0,0,0,24
292857,41,adaptive-prasle,2409,1,0,0,16,152,224,2128,5,1,290448,2409,0,11,0,0,0,NORMAL,0,0,0,0,0,16
293335,42,adaptive-prasle,1583,1,0,0,29,152,406,2128,2,5,291752,1583,0,13,0,0,0,NORMAL,0,0,0,0,0,29
293844,28,adaptive-prasle,2252,1,0,0,22,152,308,2128,7,2,291592,2252,0,13,0,0,0,NORMAL,0,0,0,0,0,22
293974,49,adaptive-prasle,1782,1,0,0,16,152,224,2128,3,1,292192,1782,0,12,0,0,0,NORMAL,0,0,0,0,0,16
294594,21,adaptive-prasle,2119,1,0,0,23,152,322,2128,7,1,292475,2119,0,13,0,0,0,NORMAL,0,0,0,0,0,23
294299,46,adaptive-prasle,1858,1,0,0,21,152,294,2128,8,1,292441,1858,0,13,0,0,0,NORMAL,0,0,0,0,0,21
294448,47,adaptive-prasle,1977,1,0,0,21,152,294,2128,7,47,292471,1977,0,12,0,0,0,LEADER,1,0,0,0,0,21
295296,26,adaptive-prasle,1934,1,0,0,23,152,322,2128,7,26,293362,1934,0,12,0,0,0,LEADER,1,0,0,0,0,23
295545,31,adaptive-prasle,2237,1,0,0,20,152,280,2128,6,1,293308,2237,0,11,0,0,0,NORMAL,0,0,0,0,0,20
295859,6,adaptive-prasle,1851,1,0,0,22,153,308,2142,7,1,294008,1851,0,14,0,0,0,NORMAL,0,0,0,0,0,22
296606,43,adaptive-prasle,2047,1,0,0,27,152,378,2128,7,3,294559,2047,0,12,0,0,0,NORMAL,0,0,0,0,0,27
296511,8,adaptive-prasle,2295,1,0,0,24,151,336,2114,6,3,294216,2295,0,11,0,0,0,NORMAL,0,0,0,0,0,24
297116,50,adaptive-prasle,2190,1,0,0,27,152,378,2128,5,3,294926,2190,0,13,0,0,0,NORMAL,0,0,0,0,0,27
297536,1,adaptive-prasle,2110,1,0,0,15,160,210,2240,4,1,295426,2110,0,15,0,0,0,LEADER,1,0,0,0,0,15
298202,40,adaptive-prasle,2141,1,0,0,29,152,406,2128,8,7,296061,2141,0,13,0,0,0,NORMAL,0,0,0,0,0,29
299081,32,adaptive-prasle,1741,1,0,0,13,152,182,2128,4,1,297340,1741,0,11,0,0,0,NORMAL,0,0,0,0,0,13
299533,20,adaptive-prasle,2111,1,0,0,27,152,378,2128,5,2,297422,2111,0,12,0,0,0,NORMAL,0,0,0,0,0,27
299617,10,adaptive-prasle,1573,1,0,0,26,152,364,2128,5,7,298044,1573,0,12,0,0,0,NORMAL,0,0,0,0,0,26
