timestamp,node_id,algorithm,first_convergence_time_ms,elections_started,elections_completed,total_election_time_ms,messages_sent,messages_received,bytes_sent,bytes_received,leader_changes,current_leader,time_in_normal_ms,time_in_election_ms,time_in_waiting_ms,state_transitions,timeouts_detected,heartbeats_sent,heartbeats_received,current_state,am_leader,elections_won,elections_lost,msg_election_sent,msg_answer_sent,msg_coordinator_sent,msg_alive_sent,msg_election_recv,msg_answer_recv,msg_coordinator_recv,msg_alive_recv,duplicates_filtered,invalid_coordinators,coordinator_reannouncements,alive_adoptions
2883,18,bully,2883,1,1,2883,3,0,18,0,1,18,0,2883,0,2,0,0,0,LEADER,1,4,1,21,1,3,0,0,0,0,0,0,0,0,0
2828,9,bully,2828,1,1,2828,3,1,18,6,1,1,0,2828,0,2,0,0,0,NORMAL,0,3,2,2,3,3,0,1,0,0,0,0,0,0,0
2983,13,bully,2983,1,1,2983,3,2,18,12,1,3,0,2983,0,2,0,0,0,NORMAL,0,3,2,4,5,3,0,2,0,0,0,0,0,0,0
3053,25,bully,3053,1,1,3053,3,0,18,0,1,25,0,3053,0,2,0,0,0,LEADER,1,4,1,28,1,3,0,0,0,0,0,0,0,0,0
3065,36,bully,3065,1,1,3065,3,0,18,0,1,36,0,3065,0,2,0,0,0,LEADER,1,4,1,39,1,3,0,0,0,0,0,0,0,0,0
2895,29,bully,2895,1,1,2895,3,0,18,0,1,29,0,2895,0,2,0,0,0,LEADER,1,4,1,32,1,3,0,0,0,0,0,0,0,0,0
3086,35,bully,3086,1,1,3086,3,0,18,0,1,35,0,3086,0,2,0,0,0,LEADER,1,4,1,38,1,3,0,0,0,0,0,0,0,0,0
2965,6,bully,2965,1,1,2965,3,4,18,24,1,3,0,2965,0,2,0,0,0,NORMAL,0,3,2,4,5,3,0,4,0,0,0,0,0,0,0
3133,48,bully,3133,1,1,3133,3,0,18,0,1,48,0,3133,0,2,0,0,0,LEADER,1,4,1,51,1,3,0,0,0,0,0,0,0,0,0
2868,50,bully,2868,1,1,2868,3,0,18,0,1,50,0,2868,0,2,0,0,0,LEADER,1,4,1,53,1,3,0,0,0,0,0,0,0,0,0
3271,10,bully,3271,1,1,3271,3,2,18,12,1,1,0,3271,0,2,0,0,0,NORMAL,0,3,2,2,5,3,0,2,0,0,0,0,0,0,0
2813,41,bully,2813,1,1,2813,3,0,18,0,1,41,0,2813,0,2,0,0,0,LEADER,1,4,1,44,1,3,0,0,0,0,0,0,0,0,0
3101,3,bully,3101,1,1,3101,3,4,18,24,1,1,0,3101,0,2,0,0,0,NORMAL,0,3,2,2,5,3,0,4,0,0,0,0,0,0,0
2713,11,bully,2713,1,1,2713,3,3,18,18,1,1,0,2713,0,2,0,0,0,NORMAL,0,3,2,2,6,3,0,3,0,0,0,0,0,0,0
3119,45,bully,3119,1,1,3119,3,0,18,0,1,45,0,3119,0,2,0,0,0,LEADER,1,4,1,48,1,3,0,0,0,0,0,0,0,0,0
3256,42,bully,3256,1,1,3256,3,0,18,0,1,42,0,3256,0,2,0,0,0,LEADER,1,4,1,45,1,3,0,0,0,0,0,0,0,0,0
3222,46,bully,3222,1,1,3222,3,0,18,0,1,46,0,3222,0,2,0,0,0,LEADER,1,4,1,49,1,3,0,0,0,0,0,0,0,0,0
2780,31,bully,2780,1,1,2780,3,0,18,0,1,31,0,2780,0,2,0,0,0,LEADER,1,4,1,34,1,3,0,0,0,0,0,0,0,0,0
3386,8,bully,3386,1,1,3386,3,2,18,12,1,5,0,3386,0,2,0,0,0,NORMAL,0,3,2,6,5,3,0,2,0,0,0,0,0,0,0
3031,26,bully,3031,1,1,3031,3,0,18,0,1,26,0,3031,0,2,0,0,0,LEADER,1,4,1,29,1,3,0,0,0,0,0,0,0,0,0
3440,17,bully,3440,1,1,3440,3,0,18,0,1,17,0,3440,0,2,0,0,0,LEADER,1,4,1,20,1,3,0,0,0,0,0,0,0,0,0
3337,30,bully,3337,1,1,3337,3,0,18,0,1,30,0,3337,0,2,0,0,0,LEADER,1,4,1,33,1,3,0,0,0,0,0,0,0,0,0
3522,5,bully,3522,1,1,3522,3,6,18,36,1,2,0,3522,0,2,0,0,0,NORMAL,0,3,2,3,5,3,0,6,0,0,0,0,0,0,0
3168,2,bully,3168,1,1,3168,3,6,18,36,1,1,0,3168,0,2,0,0,0,NORMAL,0,3,2,3,3,3,0,6,0,0,0,0,0,0,0
2916,28,bully,2916,1,1,2916,3,0,18,0,1,28,0,2916,0,2,0,0,0,LEADER,1,4,1,31,1,3,0,0,0,0,0,0,0,0,0
3473,27,bully,3473,1,1,3473,3,0,18,0,1,27,0,3473,0,2,0,0,0,LEADER,1,4,1,30,1,3,0,0,0,0,0,0,0,0,0
3507,37,bully,3507,1,1,3507,3,0,18,0,1,37,0,3507,0,2,0,0,0,LEADER,1,4,1,40,1,3,0,0,0,0,0,0,0,0,0
2861,19,bully,2861,1,1,2861,3,0,18,0,1,19,0,2861,0,2,0,0,0,LEADER,1,4,1,22,1,3,0,0,0,0,0,0,0,0,0
2725,22,bully,2725,1,1,2725,3,0,18,0,1,22,0,2725,0,2,0,0,0,LEADER,1,4,1,25,1,3,0,0,0,0,0,0,0,0,0
2747,21,bully,2747,1,1,2747,3,0,18,0,1,21,0,2747,0,2,0,0,0,LEADER,1,4,1,24,1,3,0,0,0,0,0,0,0,0,0
3201,33,bully,3201,1,1,3201,3,0,18,0,1,33,0,3201,0,2,0,0,0,LEADER,1,4,1,36,1,3,0,0,0,0,0,0,0,0,0
3234,43,bully,3234,1,1,3234,3,0,18,0,1,43,0,3234,0,2,0,0,0,LEADER,1,4,1,46,1,3,0,0,0,0,0,0,0,0,0
2998,16,bully,2998,1,1,2998,3,4,18,24,1,5,0,2998,0,2,0,0,0,NORMAL,0,3,2,6,6,3,0,4,0,0,0,0,0,0,0
3502,32,bully,3502,1,1,3502,3,0,18,0,1,32,0,3502,0,2,0,0,0,LEADER,1,4,1,35,1,3,0,0,0,0,0,0,0,0,0
3543,4,bully,3543,1,1,3543,3,8,18,48,1,1,0,3543,0,2,0,0,0,NORMAL,0,3,2,2,6,3,0,8,0,0,0,0,0,0,0
3610,24,bully,3610,1,1,3610,3,0,18,0,1,24,0,3610,0,2,0,0,0,LEADER,1,4,1,27,1,3,0,0,0,0,0,0,0,0,0
3304,20,bully,3304,1,1,3304,3,0,18,0,1,20,0,3304,0,2,0,0,0,LEADER,1,4,1,23,1,3,0,0,0,0,0,0,0,0,0
2950,38,bully,2950,1,1,2950,3,0,18,0,1,38,0,2950,0,2,0,0,0,LEADER,1,4,1,41,1,3,0,0,0,0,0,0,0,0,0
3585,23,bully,3585,1,1,3585,3,0,18,0,1,23,0,3585,0,2,0,0,0,LEADER,1,4,1,26,1,3,0,0,0,0,0,0,0,0,0
3407,7,bully,3407,1,1,3407,3,8,18,48,1,3,0,3407,0,2,0,0,0,NORMAL,0,3,2,4,6,3,0,8,0,0,0,0,0,0,0
3540,47,bully,3540,1,1,3540,3,0,18,0,1,47,0,3540,0,2,0,0,0,LEADER,1,4,1,50,1,3,0,0,0,0,0,0,0,0,0
3392,39,bully,3392,1,1,3392,3,0,18,0,1,39,0,3392,0,2,0,0,0,LEADER,1,4,1,42,1,3,0,0,0,0,0,0,0,0,0
3555,15,bully,3555,1,1,3555,3,3,18,18,1,3,0,3555,0,2,0,0,0,NORMAL,0,3,2,4,6,3,0,3,0,0,0,0,0,0,0
3425,49,bully,3425,1,1,3425,3,0,18,0,1,49,0,3425,0,2,0,0,0,LEADER,1,4,1,52,1,3,0,0,0,0,0,0,0,0,0
3216,1,bully,3216,1,1,3216,3,8,18,48,1,1,0,3216,0,2,0,0,0,LEADER,1,4,1,4,1,3,0,8,0,0,0,0,0,0,0
3371,40,bully,3371,1,1,3371,3,0,18,0,1,40,0,3371,0,2,0,0,0,LEADER,1,4,1,43,1,3,0,0,0,0,0,0,0,0,0
3577,14,bully,3577,1,1,3577,3,4,18,24,1,3,0,3577,0,2,0,0,0,NORMAL,0,3,2,4,6,3,0,4,0,0,0,0,0,0,0
3677,44,bully,3677,1,1,3677,3,0,18,0,1,44,0,3677,0,2,0,0,0,LEADER,1,4,1,47,1,3,0,0,0,0,0,0,0,0,0
3692,12,bully,3692,1,1,3692,3,4,18,24,1,1,0,3692,0,2,0,0,0,NORMAL,0,3,2,2,6,3,0,4,0,0,0,0,0,0,0
3643,34,bully,3643,1,1,3643,3,0,18,0,1,34,0,3643,0,2,0,0,0,LEADER,1,4,1,37,1,3,0,0,0,0,0,0,0,0,0
5186,18,bully,2883,1,1,2883,6,0,36,0,1,18,2303,2883,0,2,0,0,0,LEADER,1,4,1,24,1,6,0,0,0,0,0,0,0,0,0
5131,9,bully,2828,1,1,2828,6,4,36,24,1,1,2303,2828,0,2,0,0,0,NORMAL,0,3,1,5,3,6,0,4,0,0,0,0,0,0,0
5286,13,bully,2983,1,1,2983,6,5,36,30,1,3,2303,2983,0,2,0,0,0,NORMAL,0,3,1,2,9,6,0,5,0,0,0,0,0,0,0
5356,25,bully,3053,1,1,3053,6,0,36,0,1,25,2303,3053,0,2,0,0,0,LEADER,1,4,1,31,1,6,0,0,0,0,0,0,0,0,0
5368,36,bully,3065,1,1,3065,6,0,36,0,1,36,2303,3065,0,2,0,0,0,LEADER,1,4,1,42,1,6,0,0,0,0,0,0,0,0,0
5198,29,bully,2895,1,1,2895,6,0,36,0,1,29,2303,2895,0,2,0,0,0,LEADER,1,4,1,35,1,6,0,0,0,0,0,0,0,0,0
5389,35,bully,3086,1,1,3086,6,0,36,0,1,35,2303,3086,0,2,0,0,0,LEADER,1,4,1,41,1,6,0,0,0,0,0,0,0,0,0
5268,6,bully,2965,1,1,2965,6,10,36,60,1,3,2303,2965,0,2,0,0,0,NORMAL,0,3,1,2,9,6,0,10,0,0,0,0,0,0,0
5436,48,bully,3133,1,1,3133,6,0,36,0,1,48,2303,3133,0,2,0,0,0,LEADER,1,4,1,54,1,6,0,0,0,0,0,0,0,0,0
5171,50,bully,2868,1,1,2868,6,0,36,0,1,50,2303,2868,0,2,0,0,0,LEADER,1,4,1,56,1,6,0,0,0,0,0,0,0,0,0
5574,10,bully,3271,1,1,3271,6,5,36,30,1,1,2303,3271,0,2,0,0,0,NORMAL,0,3,1,5,5,6,0,5,0,0,0,0,0,0,0
5115,41,bully,2813,1,1,2813,6,0,36,0,1,41,2302,2813,0,2,0,0,0,LEADER,1,4,1,47,1,6,0,0,0,0,0,0,0,0,0
5404,3,bully,3101,1,1,3101,6,10,36,60,1,1,2303,3101,0,2,0,0,0,NORMAL,0,3,1,5,5,6,0,10,0,0,0,0,0,0,0
5016,11,bully,2713,1,1,2713,6,6,36,36,1,1,2303,2713,0,2,0,0,0,NORMAL,0,3,1,5,6,6,0,6,0,0,0,0,0,0,0
5422,45,bully,3119,1,1,3119,6,0,36,0,1,45,2303,3119,0,2,0,0,0,LEADER,1,4,1,51,1,6,0,0,0,0,0,0,0,0,0
5559,42,bully,3256,1,1,3256,6,0,36,0,1,42,2303,3256,0,2,0,0,0,LEADER,1,4,1,48,1,6,0,0,0,0,0,0,0,0,0
5525,46,bully,3222,1,1,3222,6,0,36,0,1,46,2303,3222,0,2,0,0,0,LEADER,1,4,1,52,1,6,0,0,0,0,0,0,0,0,0
5083,31,bully,2780,1,1,2780,6,0,36,0,1,31,2303,2780,0,2,0,0,0,LEADER,1,4,1,37,1,6,0,0,0,0,0,0,0,0,0
5689,8,bully,3386,1,1,3386,6,5,36,30,1,5,2303,3386,0,2,0,0,0,NORMAL,0,3,1,3,9,6,0,5,0,0,0,0,0,0,0
5334,26,bully,3031,1,1,3031,6,0,36,0,1,26,2303,3031,0,2,0,0,0,LEADER,1,4,1,32,1,6,0,0,0,0,0,0,0,0,0
5743,17,bully,3440,1,1,3440,6,0,36,0,1,17,2303,3440,0,2,0,0,0,LEADER,1,4,1,23,1,6,0,0,0,0,0,0,0,0,0
5640,30,bully,3337,1,1,3337,6,0,36,0,1,30,2303,3337,0,2,0,0,0,LEADER,1,4,1,36,1,6,0,0,0,0,0,0,0,0,0
5825,5,bully,3522,1,1,3522,6,12,36,72,1,2,2303,3522,0,2,0,0,0,NORMAL,0,3,1,3,7,6,0,12,0,0,0,0,0,0,0
5471,2,bully,3168,1,1,3168,6,12,36,72,1,1,2303,3168,0,2,0,0,0,NORMAL,0,3,1,6,3,6,0,12,0,0,0,0,0,0,0
5219,28,bully,2916,1,1,2916,6,0,36,0,1,28,2303,2916,0,2,0,0,0,LEADER,1,4,1,34,1,6,0,0,0,0,0,0,0,0,0
5776,27,bully,3473,1,1,3473,6,0,36,0,1,27,2303,3473,0,2,0,0,0,LEADER,1,4,1,33,1,6,0,0,0,0,0,0,0,0,0
5810,37,bully,3507,1,1,3507,6,0,36,0,1,37,2303,3507,0,2,0,0,0,LEADER,1,4,1,43,1,6,0,0,0,0,0,0,0,0,0
5164,19,bully,2861,1,1,2861,6,0,36,0,1,19,2303,2861,0,2,0,0,0,LEADER,1,4,1,25,1,6,0,0,0,0,0,0,0,0,0
5028,22,bully,2725,1,1,2725,6,0,36,0,1,22,2303,2725,0,2,0,0,0,LEADER,1,4,1,28,1,6,0,0,0,0,0,0,0,0,0
5050,21,bully,2747,1,1,2747,6,0,36,0,1,21,2303,2747,0,2,0,0,0,LEADER,1,4,1,27,1,6,0,0,0,0,0,0,0,0,0
5504,33,bully,3201,1,1,3201,6,0,36,0,1,33,2303,3201,0,2,0,0,0,LEADER,1,4,1,39,1,6,0,0,0,0,0,0,0,0,0
5537,43,bully,3234,1,1,3234,6,0,36,0,1,43,2303,3234,0,2,0,0,0,LEADER,1,4,1,49,1,6,0,0,0,0,0,0,0,0,0
5301,16,bully,2998,1,1,2998,6,7,36,42,1,5,2303,2998,0,2,0,0,0,NORMAL,0,3,1,3,10,6,0,7,0,0,0,0,0,0,0
5805,32,bully,3502,1,1,3502,6,0,36,0,1,32,2303,3502,0,2,0,0,0,LEADER,1,4,1,38,1,6,0,0,0,0,0,0,0,0,0
5846,4,bully,3543,1,1,3543,6,14,36,84,1,1,2303,3543,0,2,0,0,0,NORMAL,0,3,1,5,6,6,0,14,0,0,0,0,0,0,0
5913,24,bully,3610,1,1,3610,6,0,36,0,1,24,2303,3610,0,2,0,0,0,LEADER,1,4,1,30,1,6,0,0,0,0,0,0,0,0,0
5607,20,bully,3304,1,1,3304,6,0,36,0,1,20,2303,3304,0,2,0,0,0,LEADER,1,4,1,26,1,6,0,0,0,0,0,0,0,0,0
5253,38,bully,2950,1,1,2950,6,0,36,0,1,38,2303,2950,0,2,0,0,0,LEADER,1,4,1,44,1,6,0,0,0,0,0,0,0,0,0
5888,23,bully,3585,1,1,3585,6,0,36,0,1,23,2303,3585,0,2,0,0,0,LEADER,1,4,1,29,1,6,0,0,0,0,0,0,0,0,0
5710,7,bully,3407,1,1,3407,6,14,36,84,1,3,2303,3407,0,2,0,0,0,NORMAL,0,3,1,2,10,6,0,14,0,0,0,0,0,0,0
5843,47,bully,3540,1,1,3540,6,0,36,0,1,47,2303,3540,0,2,0,0,0,LEADER,1,4,1,53,1,6,0,0,0,0,0,0,0,0,0
5695,39,bully,3392,1,1,3392,6,0,36,0,1,39,2303,3392,0,2,0,0,0,LEADER,1,4,1,45,1,6,0,0,0,0,0,0,0,0,0
5858,15,bully,3555,1,1,3555,6,7,36,42,1,3,2303,3555,0,2,0,0,0,NORMAL,0,3,1,2,10,6,0,7,0,0,0,0,0,0,0
5728,49,bully,3425,1,1,3425,6,0,36,0,1,49,2303,3425,0,2,0,0,0,LEADER,1,4,1,55,1,6,0,0,0,0,0,0,0,0,0
5519,1,bully,3216,1,1,3216,6,13,36,78,1,1,2303,3216,0,2,0,0,0,LEADER,1,4,1,7,1,6,0,13,0,0,0,0,0,0,0
5674,40,bully,3371,1,1,3371,6,0,36,0,1,40,2303,3371,0,2,0,0,0,LEADER,1,4,1,46,1,6,0,0,0,0,0,0,0,0,0
5880,14,bully,3577,1,1,3577,6,7,36,42,1,3,2303,3577,0,2,0,0,0,NORMAL,0,3,1,2,10,6,0,7,0,0,0,0,0,0,0
5980,44,bully,3677,1,1,3677,6,0,36,0,1,44,2303,3677,0,2,0,0,0,LEADER,1,4,1,50,1,6,0,0,0,0,0,0,0,0,0
5995,12,bully,3692,1,1,3692,6,7,36,42,1,1,2303,3692,0,2,0,0,0,NORMAL,0,3,1,5,6,6,0,7,0,0,0,0,0,0,0
5946,34,bully,3643,1,1,3643,6,0,36,0,1,34,2303,3643,0,2,0,0,0,LEADER,1,4,1,40,1,6,0,0,0,0,0,0,0,0,0
7489,18,bully,2883,1,1,2883,9,0,54,0,1,18,4606,2883,0,2,0,0,0,LEADER,1,4,1,27,1,9,0,0,0,0,0,0,0,0,0
7434,9,bully,2828,1,1,2828,9,7,54,42,1,1,4606,2828,0,2,0,0,0,NORMAL,0,3,1,8,3,9,0,7,0,0,0,0,0,0,0
7589,13,bully,2983,1,1,2983,9,8,54,48,1,3,4606,2983,0,2,0,0,0,NORMAL,0,3,1,5,9,9,0,8,0,0,0,0,0,0,0
7659,25,bully,3053,1,1,3053,9,0,54,0,1,25,4606,3053,0,2,0,0,0,LEADER,1,4,1,34,1,9,0,0,0,0,0,0,0,0,0
7671,36,bully,3065,1,1,3065,9,0,54,0,1,36,4606,3065,0,2,0,0,0,LEADER,1,4,1,45,1,9,0,0,0,0,0,0,0,0,0
7501,29,bully,2895,1,1,2895,9,0,54,0,1,29,4606,2895,0,2,0,0,0,LEADER,1,4,1,38,1,9,0,0,0,0,0,0,0,0,0
7692,35,bully,3086,1,1,3086,9,0,54,0,1,35,4606,3086,0,2,0,0,0,LEADER,1,4,1,44,1,9,0,0,0,0,0,0,0,0,0
7571,6,bully,2965,1,1,2965,9,16,54,96,1,3,4606,2965,0,2,0,0,0,NORMAL,0,3,1,5,9,9,0,16,0,0,0,0,0,0,0
7739,48,bully,3133,1,1,3133,9,0,54,0,1,48,4606,3133,0,2,0,0,0,LEADER,1,4,1,57,1,9,0,0,0,0,0,0,0,0,0
7474,50,bully,2868,1,1,2868,9,0,54,0,1,50,4606,2868,0,2,0,0,0,LEADER,1,4,1,59,1,9,0,0,0,0,0,0,0,0,0
7877,10,bully,3271,1,1,3271,9,8,54,48,1,1,4606,3271,0,2,0,0,0,NORMAL,0,3,1,8,5,9,0,8,0,0,0,0,0,0,0
7418,41,bully,2813,1,1,2813,9,0,54,0,1,41,4605,2813,0,2,0,0,0,LEADER,1,4,1,50,1,9,0,0,0,0,0,0,0,0,0
7707,3,bully,3101,1,1,3101,9,16,54,96,1,1,4606,3101,0,2,0,0,0,NORMAL,0,3,1,8,5,9,0,16,0,0,0,0,0,0,0
7319,11,bully,2713,1,1,2713,9,9,54,54,1,1,4606,2713,0,2,0,0,0,NORMAL,0,3,1,8,6,9,0,9,0,0,0,0,0,0,0
7725,45,bully,3119,1,1,3119,9,0,54,0,1,45,4606,3119,0,2,0,0,0,LEADER,1,4,1,54,1,9,0,0,0,0,0,0,0,0,0
7862,42,bully,3256,1,1,3256,9,0,54,0,1,42,4606,3256,0,2,0,0,0,LEADER,1,4,1,51,1,9,0,0,0,0,0,0,0,0,0
7828,46,bully,3222,1,1,3222,9,0,54,0,1,46,4606,3222,0,2,0,0,0,LEADER,1,4,1,55,1,9,0,0,0,0,0,0,0,0,0
7386,31,bully,2780,1,1,2780,9,0,54,0,1,31,4606,2780,0,2,0,0,0,LEADER,1,4,1,40,1,9,0,0,0,0,0,0,0,0,0
7992,8,bully,3386,1,1,3386,9,8,54,48,1,5,4606,3386,0,2,0,0,0,NORMAL,0,3,1,3,11,9,0,8,0,0,0,0,0,0,0
7637,26,bully,3031,1,1,3031,9,0,54,0,1,26,4606,3031,0,2,0,0,0,LEADER,1,4,1,35,1,9,0,0,0,0,0,0,0,0,0
8046,17,bully,3440,1,1,3440,9,0,54,0,1,17,4606,3440,0,2,0,0,0,LEADER,1,4,1,26,1,9,0,0,0,0,0,0,0,0,0
7943,30,bully,3337,1,1,3337,9,0,54,0,1,30,4606,3337,0,2,0,0,0,LEADER,1,4,1,39,1,9,0,0,0,0,0,0,0,0,0
8128,5,bully,3522,1,1,3522,9,18,54,108,1,2,4606,3522,0,2,0,0,0,NORMAL,0,3,1,6,7,9,0,18,0,0,0,0,0,0,0
7774,2,bully,3168,1,1,3168,9,18,54,108,1,1,4606,3168,0,2,0,0,0,NORMAL,0,3,1,9,3,9,0,18,0,0,0,0,0,0,0
7522,28,bully,2916,1,1,2916,9,0,54,0,1,28,4606,2916,0,2,0,0,0,LEADER,1,4,1,37,1,9,0,0,0,0,0,0,0,0,0
8079,27,bully,3473,1,1,3473,9,0,54,0,1,27,4606,3473,0,2,0,0,0,LEADER,1,4,1,36,1,9,0,0,0,0,0,0,0,0,0
8113,37,bully,3507,1,1,3507,9,0,54,0,1,37,4606,3507,0,2,0,0,0,LEADER,1,4,1,46,1,9,0,0,0,0,0,0,0,0,0
7467,19,bully,2861,1,1,2861,9,0,54,0,1,19,4606,2861,0,2,0,0,0,LEADER,1,4,1,28,1,9,0,0,0,0,0,0,0,0,0
7331,22,bully,2725,1,1,2725,9,0,54,0,1,22,4606,2725,0,2,0,0,0,LEADER,1,4,1,31,1,9,0,0,0,0,0,0,0,0,0
7353,21,bully,2747,1,1,2747,9,0,54,0,1,21,4606,2747,0,2,0,0,0,LEADER,1,4,1,30,1,9,0,0,0,0,0,0,0,0,0
7807,33,bully,3201,1,1,3201,9,0,54,0,1,33,4606,3201,0,2,0,0,0,LEADER,1,4,1,42,1,9,0,0,0,0,0,0,0,0,0
7840,43,bully,3234,1,1,3234,9,0,54,0,1,43,4606,3234,0,2,0,0,0,LEADER,1,4,1,52,1,9,0,0,0,0,0,0,0,0,0
7604,16,bully,2998,1,1,2998,9,10,54,60,1,5,4606,2998,0,2,0,0,0,NORMAL,0,3,1,3,12,9,0,10,0,0,0,0,0,0,0
8108,32,bully,3502,1,1,3502,9,0,54,0,1,32,4606,3502,0,2,0,0,0,LEADER,1,4,1,41,1,9,0,0,0,0,0,0,0,0,0
8149,4,bully,3543,1,1,3543,9,20,54,120,1,1,4606,3543,0,2,0,0,0,NORMAL,0,3,1,8,6,9,0,20,0,0,0,0,0,0,0
8216,24,bully,3610,1,1,3610,9,0,54,0,1,24,4606,3610,0,2,0,0,0,LEADER,1,4,1,33,1,9,0,0,0,0,0,0,0,0,0
7910,20,bully,3304,1,1,3304,9,0,54,0,1,20,4606,3304,0,2,0,0,0,LEADER,1,4,1,29,1,9,0,0,0,0,0,0,0,0,0
7556,38,bully,2950,1,1,2950,9,0,54,0,1,38,4606,2950,0,2,0,0,0,LEADER,1,4,1,47,1,9,0,0,0,0,0,0,0,0,0
8191,23,bully,3585,1,1,3585,9,0,54,0,1,23,4606,3585,0,2,0,0,0,LEADER,1,4,1,32,1,9,0,0,0,0,0,0,0,0,0
8013,7,bully,3407,1,1,3407,9,20,54,120,1,3,4606,3407,0,2,0,0,0,NORMAL,0,3,1,5,10,9,0,20,0,0,0,0,0,0,0
8146,47,bully,3540,1,1,3540,9,0,54,0,1,47,4606,3540,0,2,0,0,0,LEADER,1,4,1,56,1,9,0,0,0,0,0,0,0,0,0
7998,39,bully,3392,1,1,3392,9,0,54,0,1,39,4606,3392,0,2,0,0,0,LEADER,1,4,1,48,1,9,0,0,0,0,0,0,0,0,0
8161,15,bully,3555,1,1,3555,9,10,54,60,1,3,4606,3555,0,2,0,0,0,NORMAL,0,3,1,5,10,9,0,10,0,0,0,0,0,0,0
8031,49,bully,3425,1,1,3425,9,0,54,0,1,49,4606,3425,0,2,0,0,0,LEADER,1,4,1,58,1,9,0,0,0,0,0,0,0,0,0
7822,1,bully,3216,1,1,3216,9,19,54,114,1,1,4606,3216,0,2,0,0,0,LEADER,1,4,1,10,1,9,0,19,0,0,0,0,0,0,0
7977,40,bully,3371,1,1,3371,9,0,54,0,1,40,4606,3371,0,2,0,0,0,LEADER,1,4,1,49,1,9,0,0,0,0,0,0,0,0,0
8183,14,bully,3577,1,1,3577,9,10,54,60,1,3,4606,3577,0,2,0,0,0,NORMAL,0,3,1,5,10,9,0,10,0,0,0,0,0,0,0
8283,44,bully,3677,1,1,3677,9,0,54,0,1,44,4606,3677,0,2,0,0,0,LEADER,1,4,1,53,1,9,0,0,0,0,0,0,0,0,0
8298,12,bully,3692,1,1,3692,9,10,54,60,1,1,4606,3692,0,2,0,0,0,NORMAL,0,3,1,8,6,9,0,10,0,0,0,0,0,0,0
8249,34,bully,3643,1,1,3643,9,0,54,0,1,34,4606,3643,0,2,0,0,0,LEADER,1,4,1,43,1,9,0,0,0,0,0,0,0,0,0
9792,18,bully,2883,1,2,12675,12,0,72,0,1,18,6909,2883,0,3,0,0,0,LEADER,1,4,1,21,2,12,0,0,0,0,0,0,0,0,0
9737,9,bully,2828,1,2,12565,12,10,72,60,1,1,6909,2828,0,3,0,0,0,NORMAL,0,3,2,3,6,12,0,10,0,0,0,0,0,0,0
9892,13,bully,2983,1,2,12875,12,10,72,60,2,1,6909,2983,0,3,0,0,0,NORMAL,0,3,2,3,12,12,0,10,0,0,0,0,0,0,0
9962,25,bully,3053,1,2,13015,12,0,72,0,1,25,6909,3053,0,3,0,0,0,LEADER,1,4,1,28,2,12,0,0,0,0,0,0,0,0,0
9974,36,bully,3065,1,2,13039,12,0,72,0,1,36,6909,3065,0,3,0,0,0,LEADER,1,4,1,39,2,12,0,0,0,0,0,0,0,0,0
9804,29,bully,2895,1,2,12699,12,0,72,0,1,29,6909,2895,0,3,0,0,0,LEADER,1,4,1,32,2,12,0,0,0,0,0,0,0,0,0
9995,35,bully,3086,1,2,13081,12,0,72,0,1,35,6909,3086,0,3,0,0,0,LEADER,1,4,1,38,2,12,0,0,0,0,0,0,0,0,0
9874,6,bully,2965,1,2,12839,12,22,72,132,2,1,6909,2965,0,3,0,0,0,NORMAL,0,3,2,3,12,12,0,22,0,0,0,0,0,0,0
10042,48,bully,3133,1,2,13175,12,0,72,0,1,48,6909,3133,0,3,0,0,0,LEADER,1,4,1,51,2,12,0,0,0,0,0,0,0,0,0
9777,50,bully,2868,1,2,12645,12,0,72,0,1,50,6909,2868,0,3,0,0,0,LEADER,1,4,1,53,2,12,0,0,0,0,0,0,0,0,0
10180,10,bully,3271,1,2,13451,12,11,72,66,1,1,6909,3271,0,3,0,0,0,NORMAL,0,3,2,3,8,12,0,11,0,0,0,0,0,0,0
9721,41,bully,2813,1,2,12534,12,0,72,0,1,41,6908,2813,0,3,0,0,0,LEADER,1,4,1,44,2,12,0,0,0,0,0,0,0,0,0
10010,3,bully,3101,1,2,13111,12,22,72,132,1,1,6909,3101,0,3,0,0,0,NORMAL,0,3,2,3,8,12,0,22,0,0,0,0,0,0,0
9622,11,bully,2713,1,2,12335,12,12,72,72,1,1,6909,2713,0,3,0,0,0,NORMAL,0,3,2,3,10,12,0,12,0,0,0,0,0,0,0
10028,45,bully,3119,1,2,13147,12,0,72,0,1,45,6909,3119,0,3,0,0,0,LEADER,1,4,1,48,2,12,0,0,0,0,0,0,0,0,0
10165,42,bully,3256,1,2,13421,12,0,72,0,1,42,6909,3256,0,3,0,0,0,LEADER,1,4,1,45,2,12,0,0,0,0,0,0,0,0,0
10131,46,bully,3222,1,2,13353,12,0,72,0,1,46,6909,3222,0,3,0,0,0,LEADER,1,4,1,49,2,12,0,0,0,0,0,0,0,0,0
9689,31,bully,2780,1,2,12469,12,0,72,0,1,31,6909,2780,0,3,0,0,0,LEADER,1,4,1,34,2,12,0,0,0,0,0,0,0,0,0
10295,8,bully,3386,1,2,13681,12,11,72,66,2,1,6909,3386,0,3,0,0,0,NORMAL,0,3,2,3,14,12,0,11,0,0,0,0,0,0,0
9940,26,bully,3031,1,2,12971,12,0,72,0,1,26,6909,3031,0,3,0,0,0,LEADER,1,4,1,29,2,12,0,0,0,0,0,0,0,0,0
10349,17,bully,3440,1,2,13789,12,0,72,0,1,17,6909,3440,0,3,0,0,0,LEADER,1,4,1,20,2,12,0,0,0,0,0,0,0,0,0
10246,30,bully,3337,1,2,13583,12,0,72,0,1,30,6909,3337,0,3,0,0,0,LEADER,1,4,1,33,2,12,0,0,0,0,0,0,0,0,0
10431,5,bully,3522,1,2,13953,12,24,72,144,2,1,6909,3522,0,3,0,0,0,NORMAL,0,3,2,3,10,12,0,24,0,0,0,0,0,0,0
10077,2,bully,3168,1,2,13245,12,24,72,144,1,1,6909,3168,0,3,0,0,0,NORMAL,0,3,2,3,6,12,0,24,0,0,0,0,0,0,0
9825,28,bully,2916,1,2,12741,12,0,72,0,1,28,6909,2916,0,3,0,0,0,LEADER,1,4,1,31,2,12,0,0,0,0,0,0,0,0,0
10382,27,bully,3473,1,2,13855,12,0,72,0,1,27,6909,3473,0,3,0,0,0,LEADER,1,4,1,30,2,12,0,0,0,0,0,0,0,0,0
10416,37,bully,3507,1,2,13923,12,0,72,0,1,37,6909,3507,0,3,0,0,0,LEADER,1,4,1,40,2,12,0,0,0,0,0,0,0,0,0
9770,19,bully,2861,1,2,12631,12,0,72,0,1,19,6909,2861,0,3,0,0,0,LEADER,1,4,1,22,2,12,0,0,0,0,0,0,0,0,0
9634,22,bully,2725,1,2,12359,12,0,72,0,1,22,6909,2725,0,3,0,0,0,LEADER,1,4,1,25,2,12,0,0,0,0,0,0,0,0,0
9655,21,bully,2747,1,2,12402,12,0,72,0,1,21,6908,2747,0,3,0,0,0,LEADER,1,4,1,24,2,12,0,0,0,0,0,0,0,0,0
10110,33,bully,3201,1,2,13311,12,0,72,0,1,33,6909,3201,0,3,0,0,0,LEADER,1,4,1,36,2,12,0,0,0,0,0,0,0,0,0
10143,43,bully,3234,1,2,13377,12,0,72,0,1,43,6909,3234,0,3,0,0,0,LEADER,1,4,1,46,2,12,0,0,0,0,0,0,0,0,0
9907,16,bully,2998,1,2,12905,12,13,72,78,2,1,6909,2998,0,3,0,0,0,NORMAL,0,3,2,3,15,12,0,13,0,0,0,0,0,0,0
10411,32,bully,3502,1,2,13913,12,0,72,0,1,32,6909,3502,0,3,0,0,0,LEADER,1,4,1,35,2,12,0,0,0,0,0,0,0,0,0
10452,4,bully,3543,1,2,13995,12,26,72,156,1,1,6909,3543,0,3,0,0,0,NORMAL,0,3,2,3,9,12,0,26,0,0,0,0,0,0,0
10519,24,bully,3610,1,2,14129,12,0,72,0,1,24,6909,3610,0,3,0,0,0,LEADER,1,4,1,27,2,12,0,0,0,0,0,0,0,0,0
10213,20,bully,3304,1,2,13517,12,0,72,0,1,20,6909,3304,0,3,0,0,0,LEADER,1,4,1,23,2,12,0,0,0,0,0,0,0,0,0
9859,38,bully,2950,1,2,12809,12,0,72,0,1,38,6909,2950,0,3,0,0,0,LEADER,1,4,1,41,2,12,0,0,0,0,0,0,0,0,0
10494,23,bully,3585,1,2,14079,12,0,72,0,1,23,6909,3585,0,3,0,0,0,LEADER,1,4,1,26,2,12,0,0,0,0,0,0,0,0,0
10316,7,bully,3407,1,2,13723,12,26,72,156,2,1,6909,3407,0,3,0,0,0,NORMAL,0,3,2,3,13,12,0,26,0,0,0,0,0,0,0
10449,47,bully,3540,1,2,13989,12,0,72,0,1,47,6909,3540,0,3,0,0,0,LEADER,1,4,1,50,2,12,0,0,0,0,0,0,0,0,0
10301,39,bully,3392,1,2,13693,12,0,72,0,1,39,6909,3392,0,3,0,0,0,LEADER,1,4,1,42,2,12,0,0,0,0,0,0,0,0,0
10464,15,bully,3555,1,2,14019,12,13,72,78,2,1,6909,3555,0,3,0,0,0,NORMAL,0,3,2,3,13,12,0,13,0,0,0,0,0,0,0
10334,49,bully,3425,1,2,13759,12,0,72,0,1,49,6909,3425,0,3,0,0,0,LEADER,1,4,1,52,2,12,0,0,0,0,0,0,0,0,0
10125,1,bully,3216,1,2,13341,12,26,72,156,1,1,6909,3216,0,3,0,0,0,LEADER,1,4,1,4,2,12,0,26,0,0,0,0,0,0,0
10280,40,bully,3371,1,2,13651,12,0,72,0,1,40,6909,3371,0,3,0,0,0,LEADER,1,4,1,43,2,12,0,0,0,0,0,0,0,0,0
10486,14,bully,3577,1,2,14063,12,13,72,78,2,1,6909,3577,0,3,0,0,0,NORMAL,0,3,2,3,13,12,0,13,0,0,0,0,0,0,0
10586,44,bully,3677,1,2,14263,12,0,72,0,1,44,6909,3677,0,3,0,0,0,LEADER,1,4,1,47,2,12,0,0,0,0,0,0,0,0,0
10601,12,bully,3692,1,2,14293,12,13,72,78,1,1,6909,3692,0,3,0,0,0,NORMAL,0,3,2,3,9,12,0,13,0,0,0,0,0,0,0
10552,34,bully,3643,1,2,14195,12,0,72,0,1,34,6909,3643,0,3,0,0,0,LEADER,1,4,1,37,2,12,0,0,0,0,0,0,0,0,0
12095,18,bully,2883,1,2,12675,15,0,90,0,1,18,9212,2883,0,3,0,0,0,LEADER,1,4,1,24,2,15,0,0,0,0,0,0,0,0,0
12040,9,bully,2828,1,2,12565,15,13,90,78,1,1,9212,2828,0,3,0,0,0,NORMAL,0,3,1,6,6,15,0,13,0,0,0,0,0,0,0
12195,13,bully,2983,1,2,12875,15,13,90,78,2,1,9212,2983,0,3,0,0,0,NORMAL,0,3,1,6,12,15,0,13,0,0,0,0,0,0,0
12265,25,bully,3053,1,2,13015,15,0,90,0,1,25,9212,3053,0,3,0,0,0,LEADER,1,4,1,31,2,15,0,0,0,0,0,0,0,0,0
12276,36,bully,3065,1,2,13039,15,0,90,0,1,36,9211,3065,0,3,0,0,0,LEADER,1,4,1,42,2,15,0,0,0,0,0,0,0,0,0
12107,29,bully,2895,1,2,12699,15,0,90,0,1,29,9212,2895,0,3,0,0,0,LEADER,1,4,1,35,2,15,0,0,0,0,0,0,0,0,0
12298,35,bully,3086,1,2,13081,15,0,90,0,1,35,9212,3086,0,3,0,0,0,LEADER,1,4,1,41,2,15,0,0,0,0,0,0,0,0,0
12177,6,bully,2965,1,2,12839,15,28,90,168,2,1,9212,2965,0,3,0,0,0,NORMAL,0,3,1,6,12,15,0,28,0,0,0,0,0,0,0
12345,48,bully,3133,1,2,13175,15,0,90,0,1,48,9212,3133,0,3,0,0,0,LEADER,1,4,1,54,2,15,0,0,0,0,0,0,0,0,0
12080,50,bully,2868,1,2,12645,15,0,90,0,1,50,9212,2868,0,3,0,0,0,LEADER,1,4,1,56,2,15,0,0,0,0,0,0,0,0,0
12483,10,bully,3271,1,2,13451,15,14,90,84,1,1,9212,3271,0,3,0,0,0,NORMAL,0,3,1,6,8,15,0,14,0,0,0,0,0,0,0
12023,41,bully,2813,1,2,12534,15,0,90,0,1,41,9210,2813,0,3,0,0,0,LEADER,1,4,1,47,2,15,0,0,0,0,0,0,0,0,0
12313,3,bully,3101,1,2,13111,15,28,90,168,1,1,9212,3101,0,3,0,0,0,NORMAL,0,3,1,6,8,15,0,28,0,0,0,0,0,0,0
11925,11,bully,2713,1,2,12335,15,15,90,90,1,1,9212,2713,0,3,0,0,0,NORMAL,0,3,1,6,10,15,0,15,0,0,0,0,0,0,0
12331,45,bully,3119,1,2,13147,15,0,90,0,1,45,9212,3119,0,3,0,0,0,LEADER,1,4,1,51,2,15,0,0,0,0,0,0,0,0,0
12468,42,bully,3256,1,2,13421,15,0,90,0,1,42,9212,3256,0,3,0,0,0,LEADER,1,4,1,48,2,15,0,0,0,0,0,0,0,0,0
12434,46,bully,3222,1,2,13353,15,0,90,0,1,46,9212,3222,0,3,0,0,0,LEADER,1,4,1,52,2,15,0,0,0,0,0,0,0,0,0
11992,31,bully,2780,1,2,12469,15,0,90,0,1,31,9212,2780,0,3,0,0,0,LEADER,1,4,1,37,2,15,0,0,0,0,0,0,0,0,0
12598,8,bully,3386,1,2,13681,15,14,90,84,2,1,9212,3386,0,3,0,0,0,NORMAL,0,3,1,6,14,15,0,14,0,0,0,0,0,0,0
12243,26,bully,3031,1,2,12971,15,0,90,0,1,26,9212,3031,0,3,0,0,0,LEADER,1,4,1,32,2,15,0,0,0,0,0,0,0,0,0
12652,17,bully,3440,1,2,13789,15,0,90,0,1,17,9212,3440,0,3,0,0,0,LEADER,1,4,1,23,2,15,0,0,0,0,0,0,0,0,0
12549,30,bully,3337,1,2,13583,15,0,90,0,1,30,9212,3337,0,3,0,0,0,LEADER,1,4,1,36,2,15,0,0,0,0,0,0,0,0,0
12734,5,bully,3522,1,2,13953,15,30,90,180,2,1,9212,3522,0,3,0,0,0,NORMAL,0,3,1,6,10,15,0,30,0,0,0,0,0,0,0
12380,2,bully,3168,1,2,13245,15,30,90,180,1,1,9212,3168,0,3,0,0,0,NORMAL,0,3,1,6,6,15,0,30,0,0,0,0,0,0,0
12128,28,bully,2916,1,2,12741,15,0,90,0,1,28,9212,2916,0,3,0,0,0,LEADER,1,4,1,34,2,15,0,0,0,0,0,0,0,0,0
12685,27,bully,3473,1,2,13855,15,0,90,0,1,27,9212,3473,0,3,0,0,0,LEADER,1,4,1,33,2,15,0,0,0,0,0,0,0,0,0
12719,37,bully,3507,1,2,13923,15,0,90,0,1,37,9212,3507,0,3,0,0,0,LEADER,1,4,1,43,2,15,0,0,0,0,0,0,0,0,0
12073,19,bully,2861,1,2,12631,15,0,90,0,1,19,9212,2861,0,3,0,0,0,LEADER,1,4,1,25,2,15,0,0,0,0,0,0,0,0,0
11937,22,bully,2725,1,2,12359,15,0,90,0,1,22,9212,2725,0,3,0,0,0,LEADER,1,4,1,28,2,15,0,0,0,0,0,0,0,0,0
11958,21,bully,2747,1,2,12402,15,0,90,0,1,21,9211,2747,0,3,0,0,0,LEADER,1,4,1,27,2,15,0,0,0,0,0,0,0,0,0
12413,33,bully,3201,1,2,13311,15,0,90,0,1,33,9212,3201,0,3,0,0,0,LEADER,1,4,1,39,2,15,0,0,0,0,0,0,0,0,0
12446,43,bully,3234,1,2,13377,15,0,90,0,1,43,9212,3234,0,3,0,0,0,LEADER,1,4,1,49,2,15,0,0,0,0,0,0,0,0,0
12210,16,bully,2998,1,2,12905,15,16,90,96,2,1,9212,2998,0,3,0,0,0,NORMAL,0,3,1,6,15,15,0,16,0,0,0,0,0,0,0
12714,32,bully,3502,1,2,13913,15,0,90,0,1,32,9212,3502,0,3,0,0,0,LEADER,1,4,1,38,2,15,0,0,0,0,0,0,0,0,0
12755,4,bully,3543,1,2,13995,15,32,90,192,1,1,9212,3543,0,3,0,0,0,NORMAL,0,3,1,6,9,15,0,32,0,0,0,0,0,0,0
12822,24,bully,3610,1,2,14129,15,0,90,0,1,24,9212,3610,0,3,0,0,0,LEADER,1,4,1,30,2,15,0,0,0,0,0,0,0,0,0
12516,20,bully,3304,1,2,13517,15,0,90,0,1,20,9212,3304,0,3,0,0,0,LEADER,1,4,1,26,2,15,0,0,0,0,0,0,0,0,0
12162,38,bully,2950,1,2,12809,15,0,90,0,1,38,9212,2950,0,3,0,0,0,LEADER,1,4,1,44,2,15,0,0,0,0,0,0,0,0,0
12797,23,bully,3585,1,2,14079,15,0,90,0,1,23,9212,3585,0,3,0,0,0,LEADER,1,4,1,29,2,15,0,0,0,0,0,0,0,0,0
12619,7,bully,3407,1,2,13723,15,32,90,192,2,1,9212,3407,0,3,0,0,0,NORMAL,0,3,1,6,13,15,0,32,0,0,0,0,0,0,0
12752,47,bully,3540,1,2,13989,15,0,90,0,1,47,9212,3540,0,3,0,0,0,LEADER,1,4,1,53,2,15,0,0,0,0,0,0,0,0,0
12604,39,bully,3392,1,2,13693,15,0,90,0,1,39,9212,3392,0,3,0,0,0,LEADER,1,4,1,45,2,15,0,0,0,0,0,0,0,0,0
12767,15,bully,3555,1,2,14019,15,15,90,90,2,1,9212,3555,0,3,0,0,0,NORMAL,0,3,1,6,13,15,0,15,0,0,0,0,0,0,0
12637,49,bully,3425,1,2,13759,15,0,90,0,1,49,9212,3425,0,3,0,0,0,LEADER,1,4,1,55,2,15,0,0,0,0,0,0,0,0,0
12428,1,bully,3216,1,2,13341,15,31,90,186,1,1,9212,3216,0,3,0,0,0,LEADER,1,4,1,7,2,15,0,31,0,0,0,0,0,0,0
12583,40,bully,3371,1,2,13651,15,0,90,0,1,40,9212,3371,0,3,0,0,0,LEADER,1,4,1,46,2,15,0,0,0,0,0,0,0,0,0
12789,14,bully,3577,1,2,14063,15,16,90,96,2,1,9212,3577,0,3,0,0,0,NORMAL,0,3,1,6,13,15,0,16,0,0,0,0,0,0,0
12889,44,bully,3677,1,2,14263,15,0,90,0,1,44,9212,3677,0,3,0,0,0,LEADER,1,4,1,50,2,15,0,0,0,0,0,0,0,0,0
12904,12,bully,3692,1,2,14293,15,16,90,96,1,1,9212,3692,0,3,0,0,0,NORMAL,0,3,1,6,9,15,0,16,0,0,0,0,0,0,0
12855,34,bully,3643,1,2,14195,15,0,90,0,1,34,9212,3643,0,3,0,0,0,LEADER,1,4,1,40,2,15,0,0,0,0,0,0,0,0,0
14398,18,bully,2883,1,2,12675,18,0,108,0,1,18,11515,2883,0,3,0,0,0,LEADER,1,4,1,27,2,18,0,0,0,0,0,0,0,0,0
14343,9,bully,2828,1,2,12565,18,16,108,96,1,1,11515,2828,0,3,0,0,0,NORMAL,0,3,1,9,6,18,0,16,0,0,0,0,0,0,0
14498,13,bully,2983,1,2,12875,18,16,108,96,2,1,11515,2983,0,3,0,0,0,NORMAL,0,3,1,9,12,18,0,16,0,0,0,0,0,0,0
14568,25,bully,3053,1,2,13015,18,0,108,0,1,25,11515,3053,0,3,0,0,0,LEADER,1,4,1,34,2,18,0,0,0,0,0,0,0,0,0
14579,36,bully,3065,1,2,13039,18,0,108,0,1,36,11514,3065,0,3,0,0,0,LEADER,1,4,1,45,2,18,0,0,0,0,0,0,0,0,0
14410,29,bully,2895,1,2,12699,18,0,108,0,1,29,11515,2895,0,3,0,0,0,LEADER,1,4,1,38,2,18,0,0,0,0,0,0,0,0,0
14601,35,bully,3086,1,2,13081,18,0,108,0,1,35,11515,3086,0,3,0,0,0,LEADER,1,4,1,44,2,18,0,0,0,0,0,0,0,0,0
14480,6,bully,2965,1,2,12839,18,34,108,204,2,1,11515,2965,0,3,0,0,0,NORMAL,0,3,1,9,12,18,0,34,0,0,0,0,0,0,0
14648,48,bully,3133,1,2,13175,18,0,108,0,1,48,11515,3133,0,3,0,0,0,LEADER,1,4,1,57,2,18,0,0,0,0,0,0,0,0,0
14383,50,bully,2868,1,2,12645,18,0,108,0,1,50,11515,2868,0,3,0,0,0,LEADER,1,4,1,59,2,18,0,0,0,0,0,0,0,0,0
14786,10,bully,3271,1,2,13451,18,17,108,102,1,1,11515,3271,0,3,0,0,0,NORMAL,0,3,1,9,8,18,0,17,0,0,0,0,0,0,0
14326,41,bully,2813,1,2,12534,18,0,108,0,1,41,11513,2813,0,3,0,0,0,LEADER,1,4,1,50,2,18,0,0,0,0,0,0,0,0,0
14616,3,bully,3101,1,2,13111,18,34,108,204,1,1,11515,3101,0,3,0,0,0,NORMAL,0,3,1,9,8,18,0,34,0,0,0,0,0,0,0
14228,11,bully,2713,1,2,12335,18,18,108,108,1,1,11515,2713,0,3,0,0,0,NORMAL,0,3,1,9,10,18,0,18,0,0,0,0,0,0,0
14634,45,bully,3119,1,2,13147,18,0,108,0,1,45,11515,3119,0,3,0,0,0,LEADER,1,4,1,54,2,18,0,0,0,0,0,0,0,0,0
14771,42,bully,3256,1,2,13421,18,0,108,0,1,42,11515,3256,0,3,0,0,0,LEADER,1,4,1,51,2,18,0,0,0,0,0,0,0,0,0
14737,46,bully,3222,1,2,13353,18,0,108,0,1,46,11515,3222,0,3,0,0,0,LEADER,1,4,1,55,2,18,0,0,0,0,0,0,0,0,0
14295,31,bully,2780,1,2,12469,18,0,108,0,1,31,11515,2780,0,3,0,0,0,LEADER,1,4,1,40,2,18,0,0,0,0,0,0,0,0,0
14901,8,bully,3386,1,2,13681,18,17,108,102,2,1,11515,3386,0,3,0,0,0,NORMAL,0,3,1,9,14,18,0,17,0,0,0,0,0,0,0
14546,26,bully,3031,1,2,12971,18,0,108,0,1,26,11515,3031,0,3,0,0,0,LEADER,1,4,1,35,2,18,0,0,0,0,0,0,0,0,0
14955,17,bully,3440,1,2,13789,18,0,108,0,1,17,11515,3440,0,3,0,0,0,LEADER,1,4,1,26,2,18,0,0,0,0,0,0,0,0,0
14852,30,bully,3337,1,2,13583,18,0,108,0,1,30,11515,3337,0,3,0,0,0,LEADER,1,4,1,39,2,18,0,0,0,0,0,0,0,0,0
15037,5,bully,3522,1,2,13953,18,36,108,216,2,1,11515,3522,0,3,0,0,0,NORMAL,0,3,1,9,10,18,0,36,0,0,0,0,0,0,0
14683,2,bully,3168,1,2,13245,18,36,108,216,1,1,11515,3168,0,3,0,0,0,NORMAL,0,3,1,9,6,18,0,36,0,0,0,0,0,0,0
14431,28,bully,2916,1,2,12741,18,0,108,0,1,28,11515,2916,0,3,0,0,0,LEADER,1,4,1,37,2,18,0,0,0,0,0,0,0,0,0
14988,27,bully,3473,1,2,13855,18,0,108,0,1,27,11515,3473,0,3,0,0,0,LEADER,1,4,1,36,2,18,0,0,0,0,0,0,0,0,0
15022,37,bully,3507,1,2,13923,18,0,108,0,1,37,11515,3507,0,3,0,0,0,LEADER,1,4,1,46,2,18,0,0,0,0,0,0,0,0,0
14376,19,bully,2861,1,2,12631,18,0,108,0,1,19,11515,2861,0,3,0,0,0,LEADER,1,4,1,28,2,18,0,0,0,0,0,0,0,0,0
14240,22,bully,2725,1,2,12359,18,0,108,0,1,22,11515,2725,0,3,0,0,0,LEADER,1,4,1,31,2,18,0,0,0,0,0,0,0,0,0
14261,21,bully,2747,1,2,12402,18,0,108,0,1,21,11514,2747,0,3,0,0,0,LEADER,1,4,1,30,2,18,0,0,0,0,0,0,0,0,0
14716,33,bully,3201,1,2,13311,18,0,108,0,1,33,11515,3201,0,3,0,0,0,LEADER,1,4,1,42,2,18,0,0,0,0,0,0,0,0,0
14749,43,bully,3234,1,2,13377,18,0,108,0,1,43,11515,3234,0,3,0,0,0,LEADER,1,4,1,52,2,18,0,0,0,0,0,0,0,0,0
14513,16,bully,2998,1,2,12905,18,19,108,114,2,1,11515,2998,0,3,0,0,0,NORMAL,0,3,1,9,15,18,0,19,0,0,0,0,0,0,0
15017,32,bully,3502,1,2,13913,18,0,108,0,1,32,11515,3502,0,3,0,0,0,LEADER,1,4,1,41,2,18,0,0,0,0,0,0,0,0,0
15058,4,bully,3543,1,2,13995,18,38,108,228,1,1,11515,3543,0,3,0,0,0,NORMAL,0,3,1,9,9,18,0,38,0,0,0,0,0,0,0
15125,24,bully,3610,1,2,14129,18,0,108,0,1,24,11515,3610,0,3,0,0,0,LEADER,1,4,1,33,2,18,0,0,0,0,0,0,0,0,0
14819,20,bully,3304,1,2,13517,18,0,108,0,1,20,11515,3304,0,3,0,0,0,LEADER,1,4,1,29,2,18,0,0,0,0,0,0,0,0,0
14465,38,bully,2950,1,2,12809,18,0,108,0,1,38,11515,2950,0,3,0,0,0,LEADER,1,4,1,47,2,18,0,0,0,0,0,0,0,0,0
15100,23,bully,3585,1,2,14079,18,0,108,0,1,23,11515,3585,0,3,0,0,0,LEADER,1,4,1,32,2,18,0,0,0,0,0,0,0,0,0
14922,7,bully,3407,1,2,13723,18,38,108,228,2,1,11515,3407,0,3,0,0,0,NORMAL,0,3,1,9,13,18,0,38,0,0,0,0,0,0,0
15055,47,bully,3540,1,2,13989,18,0,108,0,1,47,11515,3540,0,3,0,0,0,LEADER,1,4,1,56,2,18,0,0,0,0,0,0,0,0,0
14907,39,bully,3392,1,2,13693,18,0,108,0,1,39,11515,3392,0,3,0,0,0,LEADER,1,4,1,48,2,18,0,0,0,0,0,0,0,0,0
15070,15,bully,3555,1,2,14019,18,19,108,114,2,1,11515,3555,0,3,0,0,0,NORMAL,0,3,1,9,13,18,0,19,0,0,0,0,0,0,0
14940,49,bully,3425,1,2,13759,18,0,108,0,1,49,11515,3425,0,3,0,0,0,LEADER,1,4,1,58,2,18,0,0,0,0,0,0,0,0,0
14731,1,bully,3216,1,2,13341,18,38,108,228,1,1,11515,3216,0,3,0,0,0,LEADER,1,4,1,10,2,18,0,38,0,0,0,0,0,0,0
14885,40,bully,3371,1,2,13651,18,0,108,0,1,40,11514,3371,0,3,0,0,0,LEADER,1,4,1,49,2,18,0,0,0,0,0,0,0,0,0
15092,14,bully,3577,1,2,14063,18,19,108,114,2,1,11515,3577,0,3,0,0,0,NORMAL,0,3,1,9,13,18,0,19,0,0,0,0,0,0,0
15192,44,bully,3677,1,2,14263,18,0,108,0,1,44,11515,3677,0,3,0,0,0,LEADER,1,4,1,53,2,18,0,0,0,0,0,0,0,0,0
15207,12,bully,3692,1,2,14293,18,19,108,114,1,1,11515,3692,0,3,0,0,0,NORMAL,0,3,1,9,9,18,0,19,0,0,0,0,0,0,0
15158,34,bully,3643,1,2,14195,18,0,108,0,1,34,11515,3643,0,3,0,0,0,LEADER,1,4,1,43,2,18,0,0,0,0,0,0,0,0,0
16701,18,bully,2883,1,3,29376,21,0,126,0,1,18,13818,2883,0,4,0,0,0,LEADER,1,4,1,21,3,21,0,0,0,0,0,0,0,0,0
16646,9,bully,2828,1,3,29211,21,19,126,114,1,1,13818,2828,0,4,0,0,0,NORMAL,0,3,2,3,9,21,0,19,0,0,0,0,0,0,0
16801,13,bully,2983,1,3,29676,21,19,126,114,2,1,13818,2983,0,4,0,0,0,NORMAL,0,3,2,3,15,21,0,19,0,0,0,0,0,0,0
16871,25,bully,3053,1,3,29886,21,0,126,0,1,25,13818,3053,0,4,0,0,0,LEADER,1,4,1,28,3,21,0,0,0,0,0,0,0,0,0
16882,36,bully,3065,1,3,29921,21,0,126,0,1,36,13817,3065,0,4,0,0,0,LEADER,1,4,1,39,3,21,0,0,0,0,0,0,0,0,0
16713,29,bully,2895,1,3,29412,21,0,126,0,1,29,13818,2895,0,4,0,0,0,LEADER,1,4,1,32,3,21,0,0,0,0,0,0,0,0,0
16904,35,bully,3086,1,3,29985,21,0,126,0,1,35,13818,3086,0,4,0,0,0,LEADER,1,4,1,38,3,21,0,0,0,0,0,0,0,0,0
16783,6,bully,2965,1,3,29622,21,40,126,240,2,1,13818,2965,0,4,0,0,0,NORMAL,0,3,2,3,15,21,0,40,0,0,0,0,0,0,0
16951,48,bully,3133,1,3,30126,21,0,126,0,1,48,13818,3133,0,4,0,0,0,LEADER,1,4,1,51,3,21,0,0,0,0,0,0,0,0,0
16686,50,bully,2868,1,3,29331,21,0,126,0,1,50,13818,2868,0,4,0,0,0,LEADER,1,4,1,53,3,21,0,0,0,0,0,0,0,0,0
17089,10,bully,3271,1,3,30540,21,20,126,120,1,1,13818,3271,0,4,0,0,0,NORMAL,0,3,2,3,11,21,0,20,0,0,0,0,0,0,0
16629,41,bully,2813,1,3,29163,21,0,126,0,1,41,13816,2813,0,4,0,0,0,LEADER,1,4,1,44,3,21,0,0,0,0,0,0,0,0,0
16919,3,bully,3101,1,3,30030,21,40,126,240,1,1,13818,3101,0,4,0,0,0,NORMAL,0,3,2,3,11,21,0,40,0,0,0,0,0,0,0
16531,11,bully,2713,1,3,28866,21,21,126,126,1,1,13818,2713,0,4,0,0,0,NORMAL,0,3,2,3,14,21,0,21,0,0,0,0,0,0,0
16937,45,bully,3119,1,3,30084,21,0,126,0,1,45,13818,3119,0,4,0,0,0,LEADER,1,4,1,48,3,21,0,0,0,0,0,0,0,0,0
17074,42,bully,3256,1,3,30495,21,0,126,0,1,42,13818,3256,0,4,0,0,0,LEADER,1,4,1,45,3,21,0,0,0,0,0,0,0,0,0
17040,46,bully,3222,1,3,30393,21,0,126,0,1,46,13818,3222,0,4,0,0,0,LEADER,1,4,1,49,3,21,0,0,0,0,0,0,0,0,0
16598,31,bully,2780,1,3,29067,21,0,126,0,1,31,13818,2780,0,4,0,0,0,LEADER,1,4,1,34,3,21,0,0,0,0,0,0,0,0,0
17204,8,bully,3386,1,3,30885,21,20,126,120,2,1,13818,3386,0,4,0,0,0,NORMAL,0,3,2,3,17,21,0,20,0,0,0,0,0,0,0
16849,26,bully,3031,1,3,29820,21,0,126,0,1,26,13818,3031,0,4,0,0,0,LEADER,1,4,1,29,3,21,0,0,0,0,0,0,0,0,0
17258,17,bully,3440,1,3,31047,21,0,126,0,1,17,13818,3440,0,4,0,0,0,LEADER,1,4,1,20,3,21,0,0,0,0,0,0,0,0,0
17155,30,bully,3337,1,3,30738,21,0,126,0,1,30,13818,3337,0,4,0,0,0,LEADER,1,4,1,33,3,21,0,0,0,0,0,0,0,0,0
17340,5,bully,3522,1,3,31293,21,42,126,252,2,1,13818,3522,0,4,0,0,0,NORMAL,0,3,2,3,13,21,0,42,0,0,0,0,0,0,0
16986,2,bully,3168,1,3,30231,21,42,126,252,1,1,13818,3168,0,4,0,0,0,NORMAL,0,3,2,3,9,21,0,42,0,0,0,0,0,0,0
16734,28,bully,2916,1,3,29475,21,0,126,0,1,28,13818,2916,0,4,0,0,0,LEADER,1,4,1,31,3,21,0,0,0,0,0,0,0,0,0
17291,27,bully,3473,1,3,31146,21,0,126,0,1,27,13818,3473,0,4,0,0,0,LEADER,1,4,1,30,3,21,0,0,0,0,0,0,0,0,0
17325,37,bully,3507,1,3,31248,21,0,126,0,1,37,13818,3507,0,4,0,0,0,LEADER,1,4,1,40,3,21,0,0,0,0,0,0,0,0,0
16679,19,bully,2861,1,3,29310,21,0,126,0,1,19,13818,2861,0,4,0,0,0,LEADER,1,4,1,22,3,21,0,0,0,0,0,0,0,0,0
16543,22,bully,2725,1,3,28902,21,0,126,0,1,22,13818,2725,0,4,0,0,0,LEADER,1,4,1,25,3,21,0,0,0,0,0,0,0,0,0
16564,21,bully,2747,1,3,28966,21,0,126,0,1,21,13817,2747,0,4,0,0,0,LEADER,1,4,1,24,3,21,0,0,0,0,0,0,0,0,0
17019,33,bully,3201,1,3,30330,21,0,126,0,1,33,13818,3201,0,4,0,0,0,LEADER,1,4,1,36,3,21,0,0,0,0,0,0,0,0,0
17052,43,bully,3234,1,3,30429,21,0,126,0,1,43,13818,3234,0,4,0,0,0,LEADER,1,4,1,46,3,21,0,0,0,0,0,0,0,0,0
16816,16,bully,2998,1,3,29721,21,22,126,132,2,1,13818,2998,0,4,0,0,0,NORMAL,0,3,2,3,18,21,0,22,0,0,0,0,0,0,0
17320,32,bully,3502,1,3,31233,21,0,126,0,1,32,13818,3502,0,4,0,0,0,LEADER,1,4,1,35,3,21,0,0,0,0,0,0,0,0,0
17361,4,bully,3543,1,3,31356,21,44,126,264,1,1,13818,3543,0,4,0,0,0,NORMAL,0,3,2,3,12,21,0,44,0,0,0,0,0,0,0
17428,24,bully,3610,1,3,31557,21,0,126,0,1,24,13818,3610,0,4,0,0,0,LEADER,1,4,1,27,3,21,0,0,0,0,0,0,0,0,0
17122,20,bully,3304,1,3,30639,21,0,126,0,1,20,13818,3304,0,4,0,0,0,LEADER,1,4,1,23,3,21,0,0,0,0,0,0,0,0,0
16768,38,bully,2950,1,3,29577,21,0,126,0,1,38,13818,2950,0,4,0,0,0,LEADER,1,4,1,41,3,21,0,0,0,0,0,0,0,0,0
17403,23,bully,3585,1,3,31482,21,0,126,0,1,23,13818,3585,0,4,0,0,0,LEADER,1,4,1,26,3,21,0,0,0,0,0,0,0,0,0
17225,7,bully,3407,1,3,30948,21,44,126,264,2,1,13818,3407,0,4,0,0,0,NORMAL,0,3,2,3,16,21,0,44,0,0,0,0,0,0,0
17358,47,bully,3540,1,3,31347,21,0,126,0,1,47,13818,3540,0,4,0,0,0,LEADER,1,4,1,50,3,21,0,0,0,0,0,0,0,0,0
17210,39,bully,3392,1,3,30903,21,0,126,0,1,39,13818,3392,0,4,0,0,0,LEADER,1,4,1,42,3,21,0,0,0,0,0,0,0,0,0
17373,15,bully,3555,1,3,31392,21,22,126,132,2,1,13818,3555,0,4,0,0,0,NORMAL,0,3,2,3,16,21,0,22,0,0,0,0,0,0,0
17243,49,bully,3425,1,3,31002,21,0,126,0,1,49,13818,3425,0,4,0,0,0,LEADER,1,4,1,52,3,21,0,0,0,0,0,0,0,0,0
17034,1,bully,3216,1,3,30375,21,43,126,258,1,1,13818,3216,0,4,0,0,0,LEADER,1,4,1,4,3,21,0,43,0,0,0,0,0,0,0
17188,40,bully,3371,1,3,30839,21,0,126,0,1,40,13817,3371,0,4,0,0,0,LEADER,1,4,1,43,3,21,0,0,0,0,0,0,0,0,0
17395,14,bully,3577,1,3,31458,21,22,126,132,2,1,13818,3577,0,4,0,0,0,NORMAL,0,3,2,3,16,21,0,22,0,0,0,0,0,0,0
17495,44,bully,3677,1,3,31758,21,0,126,0,1,44,13818,3677,0,4,0,0,0,LEADER,1,4,1,47,3,21,0,0,0,0,0,0,0,0,0
17510,12,bully,3692,1,3,31803,21,22,126,132,1,1,13818,3692,0,4,0,0,0,NORMAL,0,3,2,3,12,21,0,22,0,0,0,0,0,0,0
17461,34,bully,3643,1,3,31656,21,0,126,0,1,34,13818,3643,0,4,0,0,0,LEADER,1,4,1,37,3,21,0,0,0,0,0,0,0,0,0
19004,18,bully,2883,1,3,29376,24,0,144,0,1,18,16121,2883,0,4,0,0,0,LEADER,1,4,1,24,3,24,0,0,0,0,0,0,0,0,0
18949,9,bully,2828,1,3,29211,24,22,144,132,1,1,16121,2828,0,4,0,0,0,NORMAL,0,3,1,6,9,24,0,22,0,0,0,0,0,0,0
19104,13,bully,2983,1,3,29676,24,22,144,132,2,1,16121,2983,0,4,0,0,0,NORMAL,0,3,1,6,15,24,0,22,0,0,0,0,0,0,0
19174,25,bully,3053,1,3,29886,24,0,144,0,1,25,16121,3053,0,4,0,0,0,LEADER,1,4,1,31,3,24,0,0,0,0,0,0,0,0,0
19185,36,bully,3065,1,3,29921,24,0,144,0,1,36,16120,3065,0,4,0,0,0,LEADER,1,4,1,42,3,24,0,0,0,0,0,0,0,0,0
19016,29,bully,2895,1,3,29412,24,0,144,0,1,29,16121,2895,0,4,0,0,0,LEADER,1,4,1,35,3,24,0,0,0,0,0,0,0,0,0
19207,35,bully,3086,1,3,29985,24,0,144,0,1,35,16121,3086,0,4,0,0,0,LEADER,1,4,1,41,3,24,0,0,0,0,0,0,0,0,0
19086,6,bully,2965,1,3,29622,24,46,144,276,2,1,16121,2965,0,4,0,0,0,NORMAL,0,3,1,6,15,24,0,46,0,0,0,0,0,0,0
19254,48,bully,3133,1,3,30126,24,0,144,0,1,48,16121,3133,0,4,0,0,0,LEADER,1,4,1,54,3,24,0,0,0,0,0,0,0,0,0
18989,50,bully,2868,1,3,29331,24,0,144,0,1,50,16121,2868,0,4,0,0,0,LEADER,1,4,1,56,3,24,0,0,0,0,0,0,0,0,0
19392,10,bully,3271,1,3,30540,24,23,144,138,1,1,16121,3271,0,4,0,0,0,NORMAL,0,3,1,6,11,24,0,23,0,0,0,0,0,0,0
18932,41,bully,2813,1,3,29163,24,0,144,0,1,41,16119,2813,0,4,0,0,0,LEADER,1,4,1,47,3,24,0,0,0,0,0,0,0,0,0
19222,3,bully,3101,1,3,30030,24,46,144,276,1,1,16121,3101,0,4,0,0,0,NORMAL,0,3,1,6,11,24,0,46,0,0,0,0,0,0,0
18834,11,bully,2713,1,3,28866,24,24,144,144,1,1,16121,2713,0,4,0,0,0,NORMAL,0,3,1,6,14,24,0,24,0,0,0,0,0,0,0
19240,45,bully,3119,1,3,30084,24,0,144,0,1,45,16121,3119,0,4,0,0,0,LEADER,1,4,1,51,3,24,0,0,0,0,0,0,0,0,0
19377,42,bully,3256,1,3,30495,24,0,144,0,1,42,16121,3256,0,4,0,0,0,LEADER,1,4,1,48,3,24,0,0,0,0,0,0,0,0,0
19343,46,bully,3222,1,3,30393,24,0,144,0,1,46,16121,3222,0,4,0,0,0,LEADER,1,4,1,52,3,24,0,0,0,0,0,0,0,0,0
18901,31,bully,2780,1,3,29067,24,0,144,0,1,31,16121,2780,0,4,0,0,0,LEADER,1,4,1,37,3,24,0,0,0,0,0,0,0,0,0
19507,8,bully,3386,1,3,30885,24,23,144,138,2,1,16121,3386,0,4,0,0,0,NORMAL,0,3,1,6,17,24,0,23,0,0,0,0,0,0,0
19152,26,bully,3031,1,3,29820,24,0,144,0,1,26,16121,3031,0,4,0,0,0,LEADER,1,4,1,32,3,24,0,0,0,0,0,0,0,0,0
19561,17,bully,3440,1,3,31047,24,0,144,0,1,17,16121,3440,0,4,0,0,0,LEADER,1,4,1,23,3,24,0,0,0,0,0,0,0,0,0
19458,30,bully,3337,1,3,30738,24,0,144,0,1,30,16121,3337,0,4,0,0,0,LEADER,1,4,1,36,3,24,0,0,0,0,0,0,0,0,0
19643,5,bully,3522,1,3,31293,24,48,144,288,2,1,16121,3522,0,4,0,0,0,NORMAL,0,3,1,6,13,24,0,48,0,0,0,0,0,0,0
19289,2,bully,3168,1,3,30231,24,48,144,288,1,1,16121,3168,0,4,0,0,0,NORMAL,0,3,1,6,9,24,0,48,0,0,0,0,0,0,0
19037,28,bully,2916,1,3,29475,24,0,144,0,1,28,16121,2916,0,4,0,0,0,LEADER,1,4,1,34,3,24,0,0,0,0,0,0,0,0,0
19594,27,bully,3473,1,3,31146,24,0,144,0,1,27,16121,3473,0,4,0,0,0,LEADER,1,4,1,33,3,24,0,0,0,0,0,0,0,0,0
19628,37,bully,3507,1,3,31248,24,0,144,0,1,37,16121,3507,0,4,0,0,0,LEADER,1,4,1,43,3,24,0,0,0,0,0,0,0,0,0
18982,19,bully,2861,1,3,29310,24,0,144,0,1,19,16121,2861,0,4,0,0,0,LEADER,1,4,1,25,3,24,0,0,0,0,0,0,0,0,0
18846,22,bully,2725,1,3,28902,24,0,144,0,1,22,16121,2725,0,4,0,0,0,LEADER,1,4,1,28,3,24,0,0,0,0,0,0,0,0,0
18867,21,bully,2747,1,3,28966,24,0,144,0,1,21,16120,2747,0,4,0,0,0,LEADER,1,4,1,27,3,24,0,0,0,0,0,0,0,0,0
19322,33,bully,3201,1,3,30330,24,0,144,0,1,33,16121,3201,0,4,0,0,0,LEADER,1,4,1,39,3,24,0,0,0,0,0,0,0,0,0
19355,43,bully,3234,1,3,30429,24,0,144,0,1,43,16121,3234,0,4,0,0,0,LEADER,1,4,1,49,3,24,0,0,0,0,0,0,0,0,0
19119,16,bully,2998,1,3,29721,24,25,144,150,2,1,16121,2998,0,4,0,0,0,NORMAL,0,3,1,6,18,24,0,25,0,0,0,0,0,0,0
19623,32,bully,3502,1,3,31233,24,0,144,0,1,32,16121,3502,0,4,0,0,0,LEADER,1,4,1,38,3,24,0,0,0,0,0,0,0,0,0
19664,4,bully,3543,1,3,31356,24,50,144,300,1,1,16121,3543,0,4,0,0,0,NORMAL,0,3,1,6,12,24,0,50,0,0,0,0,0,0,0
19731,24,bully,3610,1,3,31557,24,0,144,0,1,24,16121,3610,0,4,0,0,0,LEADER,1,4,1,30,3,24,0,0,0,0,0,0,0,0,0
19425,20,bully,3304,1,3,30639,24,0,144,0,1,20,16121,3304,0,4,0,0,0,LEADER,1,4,1,26,3,24,0,0,0,0,0,0,0,0,0
19071,38,bully,2950,1,3,29577,24,0,144,0,1,38,16121,2950,0,4,0,0,0,LEADER,1,4,1,44,3,24,0,0,0,0,0,0,0,0,0
19706,23,bully,3585,1,3,31482,24,0,144,0,1,23,16121,3585,0,4,0,0,0,LEADER,1,4,1,29,3,24,0,0,0,0,0,0,0,0,0
19528,7,bully,3407,1,3,30948,24,50,144,300,2,1,16121,3407,0,4,0,0,0,NORMAL,0,3,1,6,16,24,0,50,0,0,0,0,0,0,0
19661,47,bully,3540,1,3,31347,24,0,144,0,1,47,16121,3540,0,4,0,0,0,LEADER,1,4,1,53,3,24,0,0,0,0,0,0,0,0,0
19513,39,bully,3392,1,3,30903,24,0,144,0,1,39,16121,3392,0,4,0,0,0,LEADER,1,4,1,45,3,24,0,0,0,0,0,0,0,0,0
19676,15,bully,3555,1,3,31392,24,24,144,144,2,1,16121,3555,0,4,0,0,0,NORMAL,0,3,1,6,16,24,0,24,0,0,0,0,0,0,0
19546,49,bully,3425,1,3,31002,24,0,144,0,1,49,16121,3425,0,4,0,0,0,LEADER,1,4,1,55,3,24,0,0,0,0,0,0,0,0,0
19337,1,bully,3216,1,3,30375,24,50,144,300,1,1,16121,3216,0,4,0,0,0,LEADER,1,4,1,7,3,24,0,50,0,0,0,0,0,0,0
19491,40,bully,3371,1,3,30839,24,0,144,0,1,40,16120,3371,0,4,0,0,0,LEADER,1,4,1,46,3,24,0,0,0,0,0,0,0,0,0
19698,14,bully,3577,1,3,31458,24,25,144,150,2,1,16121,3577,0,4,0,0,0,NORMAL,0,3,1,6,16,24,0,25,0,0,0,0,0,0,0
19798,44,bully,3677,1,3,31758,24,0,144,0,1,44,16121,3677,0,4,0,0,0,LEADER,1,4,1,50,3,24,0,0,0,0,0,0,0,0,0
19813,12,bully,3692,1,3,31803,24,25,144,150,1,1,16121,3692,0,4,0,0,0,NORMAL,0,3,1,6,12,24,0,25,0,0,0,0,0,0,0
19764,34,bully,3643,1,3,31656,24,0,144,0,1,34,16121,3643,0,4,0,0,0,LEADER,1,4,1,40,3,24,0,0,0,0,0,0,0,0,0
21307,18,bully,2883,1,3,29376,27,0,162,0,1,18,18424,2883,0,4,0,0,0,LEADER,1,4,1,27,3,27,0,0,0,0,0,0,0,0,0
21252,9,bully,2828,1,3,29211,27,25,162,150,1,1,18424,2828,0,4,0,0,0,NORMAL,0,3,1,9,9,27,0,25,0,0,0,0,0,0,0
21407,13,bully,2983,1,3,29676,27,25,162,150,2,1,18424,2983,0,4,0,0,0,NORMAL,0,3,1,9,15,27,0,25,0,0,0,0,0,0,0
21477,25,bully,3053,1,3,29886,27,0,162,0,1,25,18424,3053,0,4,0,0,0,LEADER,1,4,1,34,3,27,0,0,0,0,0,0,0,0,0
21488,36,bully,3065,1,3,29921,27,0,162,0,1,36,18423,3065,0,4,0,0,0,LEADER,1,4,1,45,3,27,0,0,0,0,0,0,0,0,0
21319,29,bully,2895,1,3,29412,27,0,162,0,1,29,18424,2895,0,4,0,0,0,LEADER,1,4,1,38,3,27,0,0,0,0,0,0,0,0,0
21510,35,bully,3086,1,3,29985,27,0,162,0,1,35,18424,3086,0,4,0,0,0,LEADER,1,4,1,44,3,27,0,0,0,0,0,0,0,0,0
21389,6,bully,2965,1,3,29622,27,52,162,312,2,1,18424,2965,0,4,0,0,0,NORMAL,0,3,1,9,15,27,0,52,0,0,0,0,0,0,0
21557,48,bully,3133,1,3,30126,27,0,162,0,1,48,18424,3133,0,4,0,0,0,LEADER,1,4,1,57,3,27,0,0,0,0,0,0,0,0,0
21292,50,bully,2868,1,3,29331,27,0,162,0,1,50,18424,2868,0,4,0,0,0,LEADER,1,4,1,59,3,27,0,0,0,0,0,0,0,0,0
21695,10,bully,3271,1,3,30540,27,26,162,156,1,1,18424,3271,0,4,0,0,0,NORMAL,0,3,1,9,11,27,0,26,0,0,0,0,0,0,0
21235,41,bully,2813,1,3,29163,27,0,162,0,1,41,18422,2813,0,4,0,0,0,LEADER,1,4,1,50,3,27,0,0,0,0,0,0,0,0,0
21525,3,bully,3101,1,3,30030,27,52,162,312,1,1,18424,3101,0,4,0,0,0,NORMAL,0,3,1,9,11,27,0,52,0,0,0,0,0,0,0
21137,11,bully,2713,1,3,28866,27,27,162,162,1,1,18424,2713,0,4,0,0,0,NORMAL,0,3,1,9,14,27,0,27,0,0,0,0,0,0,0
21543,45,bully,3119,1,3,30084,27,0,162,0,1,45,18424,3119,0,4,0,0,0,LEADER,1,4,1,54,3,27,0,0,0,0,0,0,0,0,0
21680,42,bully,3256,1,3,30495,27,0,162,0,1,42,18424,3256,0,4,0,0,0,LEADER,1,4,1,51,3,27,0,0,0,0,0,0,0,0,0
21646,46,bully,3222,1,3,30393,27,0,162,0,1,46,18424,3222,0,4,0,0,0,LEADER,1,4,1,55,3,27,0,0,0,0,0,0,0,0,0
21204,31,bully,2780,1,3,29067,27,0,162,0,1,31,18424,2780,0,4,0,0,0,LEADER,1,4,1,40,3,27,0,0,0,0,0,0,0,0,0
21810,8,bully,3386,1,3,30885,27,26,162,156,2,1,18424,3386,0,4,0,0,0,NORMAL,0,3,1,9,17,27,0,26,0,0,0,0,0,0,0
21455,26,bully,3031,1,3,29820,27,0,162,0,1,26,18424,3031,0,4,0,0,0,LEADER,1,4,1,35,3,27,0,0,0,0,0,0,0,0,0
21864,17,bully,3440,1,3,31047,27,0,162,0,1,17,18424,3440,0,4,0,0,0,LEADER,1,4,1,26,3,27,0,0,0,0,0,0,0,0,0
21761,30,bully,3337,1,3,30738,27,0,162,0,1,30,18424,3337,0,4,0,0,0,LEADER,1,4,1,39,3,27,0,0,0,0,0,0,0,0,0
21946,5,bully,3522,1,3,31293,27,54,162,324,2,1,18424,3522,0,4,0,0,0,NORMAL,0,3,1,9,13,27,0,54,0,0,0,0,0,0,0
21592,2,bully,3168,1,3,30231,27,54,162,324,1,1,18424,3168,0,4,0,0,0,NORMAL,0,3,1,9,9,27,0,54,0,0,0,0,0,0,0
21340,28,bully,2916,1,3,29475,27,0,162,0,1,28,18424,2916,0,4,0,0,0,LEADER,1,4,1,37,3,27,0,0,0,0,0,0,0,0,0
21897,27,bully,3473,1,3,31146,27,0,162,0,1,27,18424,3473,0,4,0,0,0,LEADER,1,4,1,36,3,27,0,0,0,0,0,0,0,0,0
21931,37,bully,3507,1,3,31248,27,0,162,0,1,37,18424,3507,0,4,0,0,0,LEADER,1,4,1,46,3,27,0,0,0,0,0,0,0,0,0
21285,19,bully,2861,1,3,29310,27,0,162,0,1,19,18424,2861,0,4,0,0,0,LEADER,1,4,1,28,3,27,0,0,0,0,0,0,0,0,0
21149,22,bully,2725,1,3,28902,27,0,162,0,1,22,18424,2725,0,4,0,0,0,LEADER,1,4,1,31,3,27,0,0,0,0,0,0,0,0,0
21170,21,bully,2747,1,3,28966,27,0,162,0,1,21,18423,2747,0,4,0,0,0,LEADER,1,4,1,30,3,27,0,0,0,0,0,0,0,0,0
21625,33,bully,3201,1,3,30330,27,0,162,0,1,33,18424,3201,0,4,0,0,0,LEADER,1,4,1,42,3,27,0,0,0,0,0,0,0,0,0
21658,43,bully,3234,1,3,30429,27,0,162,0,1,43,18424,3234,0,4,0,0,0,LEADER,1,4,1,52,3,27,0,0,0,0,0,0,0,0,0
21422,16,bully,2998,1,3,29721,27,28,162,168,2,1,18424,2998,0,4,0,0,0,NORMAL,0,3,1,9,18,27,0,28,0,0,0,0,0,0,0
21926,32,bully,3502,1,3,31233,27,0,162,0,1,32,18424,3502,0,4,0,0,0,LEADER,1,4,1,41,3,27,0,0,0,0,0,0,0,0,0
21967,4,bully,3543,1,3,31356,27,56,162,336,1,1,18424,3543,0,4,0,0,0,NORMAL,0,3,1,9,12,27,0,56,0,0,0,0,0,0,0
22034,24,bully,3610,1,3,31557,27,0,162,0,1,24,18424,3610,0,4,0,0,0,LEADER,1,4,1,33,3,27,0,0,0,0,0,0,0,0,0
21728,20,bully,3304,1,3,30639,27,0,162,0,1,20,18424,3304,0,4,0,0,0,LEADER,1,4,1,29,3,27,0,0,0,0,0,0,0,0,0
21374,38,bully,2950,1,3,29577,27,0,162,0,1,38,18424,2950,0,4,0,0,0,LEADER,1,4,1,47,3,27,0,0,0,0,0,0,0,0,0
22009,23,bully,3585,1,3,31482,27,0,162,0,1,23,18424,3585,0,4,0,0,0,LEADER,1,4,1,32,3,27,0,0,0,0,0,0,0,0,0
21831,7,bully,3407,1,3,30948,27,56,162,336,2,1,18424,3407,0,4,0,0,0,NORMAL,0,3,1,9,16,27,0,56,0,0,0,0,0,0,0
21964,47,bully,3540,1,3,31347,27,0,162,0,1,47,18424,3540,0,4,0,0,0,LEADER,1,4,1,56,3,27,0,0,0,0,0,0,0,0,0
21816,39,bully,3392,1,3,30903,27,0,162,0,1,39,18424,3392,0,4,0,0,0,LEADER,1,4,1,48,3,27,0,0,0,0,0,0,0,0,0
21979,15,bully,3555,1,3,31392,27,28,162,168,2,1,18424,3555,0,4,0,0,0,NORMAL,0,3,1,9,16,27,0,28,0,0,0,0,0,0,0
21849,49,bully,3425,1,3,31002,27,0,162,0,1,49,18424,3425,0,4,0,0,0,LEADER,1,4,1,58,3,27,0,0,0,0,0,0,0,0,0
21640,1,bully,3216,1,3,30375,27,55,162,330,1,1,18424,3216,0,4,0,0,0,LEADER,1,4,1,10,3,27,0,55,0,0,0,0,0,0,0
21794,40,bully,3371,1,3,30839,27,0,162,0,1,40,18423,3371,0,4,0,0,0,LEADER,1,4,1,49,3,27,0,0,0,0,0,0,0,0,0
22001,14,bully,3577,1,3,31458,27,28,162,168,2,1,18424,3577,0,4,0,0,0,NORMAL,0,3,1,9,16,27,0,28,0,0,0,0,0,0,0
22101,44,bully,3677,1,3,31758,27,0,162,0,1,44,18424,3677,0,4,0,0,0,LEADER,1,4,1,53,3,27,0,0,0,0,0,0,0,0,0
22116,12,bully,3692,1,3,31803,27,28,162,168,1,1,18424,3692,0,4,0,0,0,NORMAL,0,3,1,9,12,27,0,28,0,0,0,0,0,0,0
22067,34,bully,3643,1,3,31656,27,0,162,0,1,34,18424,3643,0,4,0,0,0,LEADER,1,4,1,43,3,27,0,0,0,0,0,0,0,0,0
23610,18,bully,2883,1,4,52986,30,0,180,0,1,18,20727,2883,0,5,0,0,0,LEADER,1,4,1,21,4,30,0,0,0,0,0,0,0,0,0
23555,9,bully,2828,1,4,52766,30,28,180,168,1,1,20727,2828,0,5,0,0,0,NORMAL,0,3,2,3,12,30,0,28,0,0,0,0,0,0,0
23710,13,bully,2983,1,4,53386,30,28,180,168,2,1,20727,2983,0,5,0,0,0,NORMAL,0,3,2,3,18,30,0,28,0,0,0,0,0,0,0
23780,25,bully,3053,1,4,53666,30,0,180,0,1,25,20727,3053,0,5,0,0,0,LEADER,1,4,1,28,4,30,0,0,0,0,0,0,0,0,0
23791,36,bully,3065,1,4,53712,30,0,180,0,1,36,20726,3065,0,5,0,0,0,LEADER,1,4,1,39,4,30,0,0,0,0,0,0,0,0,0
23622,29,bully,2895,1,4,53034,30,0,180,0,1,29,20727,2895,0,5,0,0,0,LEADER,1,4,1,32,4,30,0,0,0,0,0,0,0,0,0
23813,35,bully,3086,1,4,53798,30,0,180,0,1,35,20727,3086,0,5,0,0,0,LEADER,1,4,1,38,4,30,0,0,0,0,0,0,0,0,0
23692,6,bully,2965,1,4,53314,30,58,180,348,2,1,20727,2965,0,5,0,0,0,NORMAL,0,3,2,3,18,30,0,58,0,0,0,0,0,0,0
23860,48,bully,3133,1,4,53986,30,0,180,0,1,48,20727,3133,0,5,0,0,0,LEADER,1,4,1,51,4,30,0,0,0,0,0,0,0,0,0
23595,50,bully,2868,1,4,52926,30,0,180,0,1,50,20727,2868,0,5,0,0,0,LEADER,1,4,1,53,4,30,0,0,0,0,0,0,0,0,0
23998,10,bully,3271,1,4,54538,30,29,180,174,1,1,20727,3271,0,5,0,0,0,NORMAL,0,3,2,3,14,30,0,29,0,0,0,0,0,0,0
23538,41,bully,2813,1,4,52701,30,0,180,0,1,41,20725,2813,0,5,0,0,0,LEADER,1,4,1,44,4,30,0,0,0,0,0,0,0,0,0
23828,3,bully,3101,1,4,53858,30,58,180,348,1,1,20727,3101,0,5,0,0,0,NORMAL,0,3,2,3,14,30,0,58,0,0,0,0,0,0,0
23440,11,bully,2713,1,4,52306,30,30,180,180,1,1,20727,2713,0,5,0,0,0,NORMAL,0,3,2,3,18,30,0,30,0,0,0,0,0,0,0
23846,45,bully,3119,1,4,53930,30,0,180,0,1,45,20727,3119,0,5,0,0,0,LEADER,1,4,1,48,4,30,0,0,0,0,0,0,0,0,0
23983,42,bully,3256,1,4,54478,30,0,180,0,1,42,20727,3256,0,5,0,0,0,LEADER,1,4,1,45,4,30,0,0,0,0,0,0,0,0,0
23949,46,bully,3222,1,4,54342,30,0,180,0,1,46,20727,3222,0,5,0,0,0,LEADER,1,4,1,49,4,30,0,0,0,0,0,0,0,0,0
23507,31,bully,2780,1,4,52574,30,0,180,0,1,31,20727,2780,0,5,0,0,0,LEADER,1,4,1,34,4,30,0,0,0,0,0,0,0,0,0
24113,8,bully,3386,1,4,54998,30,29,180,174,2,1,20727,3386,0,5,0,0,0,NORMAL,0,3,2,3,20,30,0,29,0,0,0,0,0,0,0
23758,26,bully,3031,1,4,53578,30,0,180,0,1,26,20727,3031,0,5,0,0,0,LEADER,1,4,1,29,4,30,0,0,0,0,0,0,0,0,0
24167,17,bully,3440,1,4,55214,30,0,180,0,1,17,20727,3440,0,5,0,0,0,LEADER,1,4,1,20,4,30,0,0,0,0,0,0,0,0,0
24064,30,bully,3337,1,4,54802,30,0,180,0,1,30,20727,3337,0,5,0,0,0,LEADER,1,4,1,33,4,30,0,0,0,0,0,0,0,0,0
24249,5,bully,3522,1,4,55542,30,60,180,360,2,1,20727,3522,0,5,0,0,0,NORMAL,0,3,2,3,16,30,0,60,0,0,0,0,0,0,0
23895,2,bully,3168,1,4,54126,30,60,180,360,1,1,20727,3168,0,5,0,0,0,NORMAL,0,3,2,3,12,30,0,60,0,0,0,0,0,0,0
23643,28,bully,2916,1,4,53118,30,0,180,0,1,28,20727,2916,0,5,0,0,0,LEADER,1,4,1,31,4,30,0,0,0,0,0,0,0,0,0
24200,27,bully,3473,1,4,55346,30,0,180,0,1,27,20727,3473,0,5,0,0,0,LEADER,1,4,1,30,4,30,0,0,0,0,0,0,0,0,0
24234,37,bully,3507,1,4,55482,30,0,180,0,1,37,20727,3507,0,5,0,0,0,LEADER,1,4,1,40,4,30,0,0,0,0,0,0,0,0,0
23588,19,bully,2861,1,4,52898,30,0,180,0,1,19,20727,2861,0,5,0,0,0,LEADER,1,4,1,22,4,30,0,0,0,0,0,0,0,0,0
23452,22,bully,2725,1,4,52354,30,0,180,0,1,22,20727,2725,0,5,0,0,0,LEADER,1,4,1,25,4,30,0,0,0,0,0,0,0,0,0
23473,21,bully,2747,1,4,52439,30,0,180,0,1,21,20726,2747,0,5,0,0,0,LEADER,1,4,1,24,4,30,0,0,0,0,0,0,0,0,0
23928,33,bully,3201,1,4,54258,30,0,180,0,1,33,20727,3201,0,5,0,0,0,LEADER,1,4,1,36,4,30,0,0,0,0,0,0,0,0,0
23961,43,bully,3234,1,4,54390,30,0,180,0,1,43,20727,3234,0,5,0,0,0,LEADER,1,4,1,46,4,30,0,0,0,0,0,0,0,0,0
23725,16,bully,2998,1,4,53446,30,31,180,186,2,1,20727,2998,0,5,0,0,0,NORMAL,0,3,2,3,21,30,0,31,0,0,0,0,0,0,0
24229,32,bully,3502,1,4,55462,30,0,180,0,1,32,20727,3502,0,5,0,0,0,LEADER,1,4,1,35,4,30,0,0,0,0,0,0,0,0,0
24270,4,bully,3543,1,4,55626,30,62,180,372,1,1,20727,3543,0,5,0,0,0,NORMAL,0,3,2,3,15,30,0,62,0,0,0,0,0,0,0
24337,24,bully,3610,1,4,55894,30,0,180,0,1,24,20727,3610,0,5,0,0,0,LEADER,1,4,1,27,4,30,0,0,0,0,0,0,0,0,0
24031,20,bully,3304,1,4,54670,30,0,180,0,1,20,20727,3304,0,5,0,0,0,LEADER,1,4,1,23,4,30,0,0,0,0,0,0,0,0,0
23677,38,bully,2950,1,4,53254,30,0,180,0,1,38,20727,2950,0,5,0,0,0,LEADER,1,4,1,41,4,30,0,0,0,0,0,0,0,0,0
24312,23,bully,3585,1,4,55794,30,0,180,0,1,23,20727,3585,0,5,0,0,0,LEADER,1,4,1,26,4,30,0,0,0,0,0,0,0,0,0
24134,7,bully,3407,1,4,55082,30,62,180,372,2,1,20727,3407,0,5,0,0,0,NORMAL,0,3,2,3,19,30,0,62,0,0,0,0,0,0,0
24267,47,bully,3540,1,4,55614,30,0,180,0,1,47,20727,3540,0,5,0,0,0,LEADER,1,4,1,50,4,30,0,0,0,0,0,0,0,0,0
24119,39,bully,3392,1,4,55022,30,0,180,0,1,39,20727,3392,0,5,0,0,0,LEADER,1,4,1,42,4,30,0,0,0,0,0,0,0,0,0
24282,15,bully,3555,1,4,55674,30,31,180,186,2,1,20727,3555,0,5,0,0,0,NORMAL,0,3,2,3,19,30,0,31,0,0,0,0,0,0,0
24152,49,bully,3425,1,4,55154,30,0,180,0,1,49,20727,3425,0,5,0,0,0,LEADER,1,4,1,52,4,30,0,0,0,0,0,0,0,0,0
23943,1,bully,3216,1,4,54318,30,61,180,366,1,1,20727,3216,0,5,0,0,0,LEADER,1,4,1,4,4,30,0,61,0,0,0,0,0,0,0
24097,40,bully,3371,1,4,54936,30,0,180,0,1,40,20726,3371,0,5,0,0,0,LEADER,1,4,1,43,4,30,0,0,0,0,0,0,0,0,0
24304,14,bully,3577,1,4,55762,30,31,180,186,2,1,20727,3577,0,5,0,0,0,NORMAL,0,3,2,3,19,30,0,31,0,0,0,0,0,0,0
24404,44,bully,3677,1,4,56162,30,0,180,0,1,44,20727,3677,0,5,0,0,0,LEADER,1,4,1,47,4,30,0,0,0,0,0,0,0,0,0
24419,12,bully,3692,1,4,56222,30,31,180,186,1,1,20727,3692,0,5,0,0,0,NORMAL,0,3,2,3,15,30,0,31,0,0,0,0,0,0,0
24370,34,bully,3643,1,4,56026,30,0,180,0,1,34,20727,3643,0,5,0,0,0,LEADER,1,4,1,37,4,30,0,0,0,0,0,0,0,0,0
25913,18,bully,2883,1,4,52986,33,0,198,0,1,18,23030,2883,0,5,0,0,0,LEADER,1,4,1,24,4,33,0,0,0,0,0,0,0,0,0
25858,9,bully,2828,1,4,52766,33,31,198,186,1,1,23030,2828,0,5,0,0,0,NORMAL,0,3,1,6,12,33,0,31,0,0,0,0,0,0,0
26013,13,bully,2983,1,4,53386,33,31,198,186,2,1,23030,2983,0,5,0,0,0,NORMAL,0,3,1,6,18,33,0,31,0,0,0,0,0,0,0
26083,25,bully,3053,1,4,53666,33,0,198,0,1,25,23030,3053,0,5,0,0,0,LEADER,1,4,1,31,4,33,0,0,0,0,0,0,0,0,0
26094,36,bully,3065,1,4,53712,33,0,198,0,1,36,23029,3065,0,5,0,0,0,LEADER,1,4,1,42,4,33,0,0,0,0,0,0,0,0,0
25925,29,bully,2895,1,4,53034,33,0,198,0,1,29,23030,2895,0,5,0,0,0,LEADER,1,4,1,35,4,33,0,0,0,0,0,0,0,0,0
26116,35,bully,3086,1,4,53798,33,0,198,0,1,35,23030,3086,0,5,0,0,0,LEADER,1,4,1,41,4,33,0,0,0,0,0,0,0,0,0
25995,6,bully,2965,1,4,53314,33,64,198,384,2,1,23030,2965,0,5,0,0,0,NORMAL,0,3,1,6,18,33,0,64,0,0,0,0,0,0,0
26163,48,bully,3133,1,4,53986,33,0,198,0,1,48,23030,3133,0,5,0,0,0,LEADER,1,4,1,54,4,33,0,0,0,0,0,0,0,0,0
25898,50,bully,2868,1,4,52926,33,0,198,0,1,50,23030,2868,0,5,0,0,0,LEADER,1,4,1,56,4,33,0,0,0,0,0,0,0,0,0
26301,10,bully,3271,1,4,54538,33,32,198,192,1,1,23030,3271,0,5,0,0,0,NORMAL,0,3,1,6,14,33,0,32,0,0,0,0,0,0,0
25841,41,bully,2813,1,4,52701,33,0,198,0,1,41,23028,2813,0,5,0,0,0,LEADER,1,4,1,47,4,33,0,0,0,0,0,0,0,0,0
26131,3,bully,3101,1,4,53858,33,64,198,384,1,1,23030,3101,0,5,0,0,0,NORMAL,0,3,1,6,14,33,0,64,0,0,0,0,0,0,0
25743,11,bully,2713,1,4,52306,33,33,198,198,1,1,23030,2713,0,5,0,0,0,NORMAL,0,3,1,6,18,33,0,33,0,0,0,0,0,0,0
26149,45,bully,3119,1,4,53930,33,0,198,0,1,45,23030,3119,0,5,0,0,0,LEADER,1,4,1,51,4,33,0,0,0,0,0,0,0,0,0
26286,42,bully,3256,1,4,54478,33,0,198,0,1,42,23030,3256,0,5,0,0,0,LEADER,1,4,1,48,4,33,0,0,0,0,0,0,0,0,0
26252,46,bully,3222,1,4,54342,33,0,198,0,1,46,23030,3222,0,5,0,0,0,LEADER,1,4,1,52,4,33,0,0,0,0,0,0,0,0,0
25810,31,bully,2780,1,4,52574,33,0,198,0,1,31,23030,2780,0,5,0,0,0,LEADER,1,4,1,37,4,33,0,0,0,0,0,0,0,0,0
26416,8,bully,3386,1,4,54998,33,32,198,192,2,1,23030,3386,0,5,0,0,0,NORMAL,0,3,1,6,20,33,0,32,0,0,0,0,0,0,0
26061,26,bully,3031,1,4,53578,33,0,198,0,1,26,23030,3031,0,5,0,0,0,LEADER,1,4,1,32,4,33,0,0,0,0,0,0,0,0,0
26470,17,bully,3440,1,4,55214,33,0,198,0,1,17,23030,3440,0,5,0,0,0,LEADER,1,4,1,23,4,33,0,0,0,0,0,0,0,0,0
26367,30,bully,3337,1,4,54802,33,0,198,0,1,30,23030,3337,0,5,0,0,0,LEADER,1,4,1,36,4,33,0,0,0,0,0,0,0,0,0
26552,5,bully,3522,1,4,55542,33,66,198,396,2,1,23030,3522,0,5,0,0,0,NORMAL,0,3,1,6,16,33,0,66,0,0,0,0,0,0,0
26198,2,bully,3168,1,4,54126,33,66,198,396,1,1,23030,3168,0,5,0,0,0,NORMAL,0,3,1,6,12,33,0,66,0,0,0,0,0,0,0
25946,28,bully,2916,1,4,53118,33,0,198,0,1,28,23030,2916,0,5,0,0,0,LEADER,1,4,1,34,4,33,0,0,0,0,0,0,0,0,0
26503,27,bully,3473,1,4,55346,33,0,198,0,1,27,23030,3473,0,5,0,0,0,LEADER,1,4,1,33,4,33,0,0,0,0,0,0,0,0,0
26537,37,bully,3507,1,4,55482,33,0,198,0,1,37,23030,3507,0,5,0,0,0,LEADER,1,4,1,43,4,33,0,0,0,0,0,0,0,0,0
25891,19,bully,2861,1,4,52898,33,0,198,0,1,19,23030,2861,0,5,0,0,0,LEADER,1,4,1,25,4,33,0,0,0,0,0,0,0,0,0
25755,22,bully,2725,1,4,52354,33,0,198,0,1,22,23030,2725,0,5,0,0,0,LEADER,1,4,1,28,4,33,0,0,0,0,0,0,0,0,0
25776,21,bully,2747,1,4,52439,33,0,198,0,1,21,23029,2747,0,5,0,0,0,LEADER,1,4,1,27,4,33,0,0,0,0,0,0,0,0,0
26231,33,bully,3201,1,4,54258,33,0,198,0,1,33,23030,3201,0,5,0,0,0,LEADER,1,4,1,39,4,33,0,0,0,0,0,0,0,0,0
26264,43,bully,3234,1,4,54390,33,0,198,0,1,43,23030,3234,0,5,0,0,0,LEADER,1,4,1,49,4,33,0,0,0,0,0,0,0,0,0
26028,16,bully,2998,1,4,53446,33,34,198,204,2,1,23030,2998,0,5,0,0,0,NORMAL,0,3,1,6,21,33,0,34,0,0,0,0,0,0,0
26532,32,bully,3502,1,4,55462,33,0,198,0,1,32,23030,3502,0,5,0,0,0,LEADER,1,4,1,38,4,33,0,0,0,0,0,0,0,0,0
26573,4,bully,3543,1,4,55626,33,68,198,408,1,1,23030,3543,0,5,0,0,0,NORMAL,0,3,1,6,15,33,0,68,0,0,0,0,0,0,0
26640,24,bully,3610,1,4,55894,33,0,198,0,1,24,23030,3610,0,5,0,0,0,LEADER,1,4,1,30,4,33,0,0,0,0,0,0,0,0,0
26334,20,bully,3304,1,4,54670,33,0,198,0,1,20,23030,3304,0,5,0,0,0,LEADER,1,4,1,26,4,33,0,0,0,0,0,0,0,0,0
25980,38,bully,2950,1,4,53254,33,0,198,0,1,38,23030,2950,0,5,0,0,0,LEADER,1,4,1,44,4,33,0,0,0,0,0,0,0,0,0
26615,23,bully,3585,1,4,55794,33,0,198,0,1,23,23030,3585,0,5,0,0,0,LEADER,1,4,1,29,4,33,0,0,0,0,0,0,0,0,0
26437,7,bully,3407,1,4,55082,33,68,198,408,2,1,23030,3407,0,5,0,0,0,NORMAL,0,3,1,6,19,33,0,68,0,0,0,0,0,0,0
26570,47,bully,3540,1,4,55614,33,0,198,0,1,47,23030,3540,0,5,0,0,0,LEADER,1,4,1,53,4,33,0,0,0,0,0,0,0,0,0
26422,39,bully,3392,1,4,55022,33,0,198,0,1,39,23030,3392,0,5,0,0,0,LEADER,1,4,1,45,4,33,0,0,0,0,0,0,0,0,0
26585,15,bully,3555,1,4,55674,33,34,198,204,2,1,23030,3555,0,5,0,0,0,NORMAL,0,3,1,6,19,33,0,34,0,0,0,0,0,0,0
26455,49,bully,3425,1,4,55154,33,0,198,0,1,49,23030,3425,0,5,0,0,0,LEADER,1,4,1,55,4,33,0,0,0,0,0,0,0,0,0
26246,1,bully,3216,1,4,54318,33,67,198,402,1,1,23030,3216,0,5,0,0,0,LEADER,1,4,1,7,4,33,0,67,0,0,0,0,0,0,0
26400,40,bully,3371,1,4,54936,33,0,198,0,1,40,23029,3371,0,5,0,0,0,LEADER,1,4,1,46,4,33,0,0,0,0,0,0,0,0,0
26607,14,bully,3577,1,4,55762,33,34,198,204,2,1,23030,3577,0,5,0,0,0,NORMAL,0,3,1,6,19,33,0,34,0,0,0,0,0,0,0
26707,44,bully,3677,1,4,56162,33,0,198,0,1,44,23030,3677,0,5,0,0,0,LEADER,1,4,1,50,4,33,0,0,0,0,0,0,0,0,0
26722,12,bully,3692,1,4,56222,33,34,198,204,1,1,23030,3692,0,5,0,0,0,NORMAL,0,3,1,6,15,33,0,34,0,0,0,0,0,0,0
26673,34,bully,3643,1,4,56026,33,0,198,0,1,34,23030,3643,0,5,0,0,0,LEADER,1,4,1,40,4,33,0,0,0,0,0,0,0,0,0
28216,18,bully,2883,1,4,52986,36,0,216,0,1,18,25333,2883,0,5,0,0,0,LEADER,1,4,1,27,4,36,0,0,0,0,0,0,0,0,0
28161,9,bully,2828,1,4,52766,36,34,216,204,1,1,25333,2828,0,5,0,0,0,NORMAL,0,3,1,9,12,36,0,34,0,0,0,0,0,0,0
28316,13,bully,2983,1,4,53386,36,34,216,204,2,1,25333,2983,0,5,0,0,0,NORMAL,0,3,1,9,18,36,0,34,0,0,0,0,0,0,0
28386,25,bully,3053,1,4,53666,36,0,216,0,1,25,25333,3053,0,5,0,0,0,LEADER,1,4,1,34,4,36,0,0,0,0,0,0,0,0,0
28397,36,bully,3065,1,4,53712,36,0,216,0,1,36,25332,3065,0,5,0,0,0,LEADER,1,4,1,45,4,36,0,0,0,0,0,0,0,0,0
28228,29,bully,2895,1,4,53034,36,0,216,0,1,29,25333,2895,0,5,0,0,0,LEADER,1,4,1,38,4,36,0,0,0,0,0,0,0,0,0
28419,35,bully,3086,1,4,53798,36,0,216,0,1,35,25333,3086,0,5,0,0,0,LEADER,1,4,1,44,4,36,0,0,0,0,0,0,0,0,0
28298,6,bully,2965,1,4,53314,36,70,216,420,2,1,25333,2965,0,5,0,0,0,NORMAL,0,3,1,9,18,36,0,70,0,0,0,0,0,0,0
28466,48,bully,3133,1,4,53986,36,0,216,0,1,48,25333,3133,0,5,0,0,0,LEADER,1,4,1,57,4,36,0,0,0,0,0,0,0,0,0
28201,50,bully,2868,1,4,52926,36,0,216,0,1,50,25333,2868,0,5,0,0,0,LEADER,1,4,1,59,4,36,0,0,0,0,0,0,0,0,0
28604,10,bully,3271,1,4,54538,36,35,216,210,1,1,25333,3271,0,5,0,0,0,NORMAL,0,3,1,9,14,36,0,35,0,0,0,0,0,0,0
28144,41,bully,2813,1,4,52701,36,0,216,0,1,41,25331,2813,0,5,0,0,0,LEADER,1,4,1,50,4,36,0,0,0,0,0,0,0,0,0
28434,3,bully,3101,1,4,53858,36,70,216,420,1,1,25333,3101,0,5,0,0,0,NORMAL,0,3,1,9,14,36,0,70,0,0,0,0,0,0,0
28046,11,bully,2713,1,4,52306,36,36,216,216,1,1,25333,2713,0,5,0,0,0,NORMAL,0,3,1,9,18,36,0,36,0,0,0,0,0,0,0
28452,45,bully,3119,1,4,53930,36,0,216,0,1,45,25333,3119,0,5,0,0,0,LEADER,1,4,1,54,4,36,0,0,0,0,0,0,0,0,0
28589,42,bully,3256,1,4,54478,36,0,216,0,1,42,25333,3256,0,5,0,0,0,LEADER,1,4,1,51,4,36,0,0,0,0,0,0,0,0,0
28555,46,bully,3222,1,4,54342,36,0,216,0,1,46,25333,3222,0,5,0,0,0,LEADER,1,4,1,55,4,36,0,0,0,0,0,0,0,0,0
28113,31,bully,2780,1,4,52574,36,0,216,0,1,31,25333,2780,0,5,0,0,0,LEADER,1,4,1,40,4,36,0,0,0,0,0,0,0,0,0
28719,8,bully,3386,1,4,54998,36,35,216,210,2,1,25333,3386,0,5,0,0,0,NORMAL,0,3,1,9,20,36,0,35,0,0,0,0,0,0,0
28364,26,bully,3031,1,4,53578,36,0,216,0,1,26,25333,3031,0,5,0,0,0,LEADER,1,4,1,35,4,36,0,0,0,0,0,0,0,0,0
28773,17,bully,3440,1,4,55214,36,0,216,0,1,17,25333,3440,0,5,0,0,0,LEADER,1,4,1,26,4,36,0,0,0,0,0,0,0,0,0
28670,30,bully,3337,1,4,54802,36,0,216,0,1,30,25333,3337,0,5,0,0,0,LEADER,1,4,1,39,4,36,0,0,0,0,0,0,0,0,0
28855,5,bully,3522,1,4,55542,36,72,216,432,2,1,25333,3522,0,5,0,0,0,NORMAL,0,3,1,9,16,36,0,72,0,0,0,0,0,0,0
28501,2,bully,3168,1,4,54126,36,72,216,432,1,1,25333,3168,0,5,0,0,0,NORMAL,0,3,1,9,12,36,0,72,0,0,0,0,0,0,0
28249,28,bully,2916,1,4,53118,36,0,216,0,1,28,25333,2916,0,5,0,0,0,LEADER,1,4,1,37,4,36,0,0,0,0,0,0,0,0,0
28806,27,bully,3473,1,4,55346,36,0,216,0,1,27,25333,3473,0,5,0,0,0,LEADER,1,4,1,36,4,36,0,0,0,0,0,0,0,0,0
28840,37,bully,3507,1,4,55482,36,0,216,0,1,37,25333,3507,0,5,0,0,0,LEADER,1,4,1,46,4,36,0,0,0,0,0,0,0,0,0
28194,19,bully,2861,1,4,52898,36,0,216,0,1,19,25333,2861,0,5,0,0,0,LEADER,1,4,1,28,4,36,0,0,0,0,0,0,0,0,0
28058,22,bully,2725,1,4,52354,36,0,216,0,1,22,25333,2725,0,5,0,0,0,LEADER,1,4,1,31,4,36,0,0,0,0,0,0,0,0,0
28079,21,bully,2747,1,4,52439,36,0,216,0,1,21,25332,2747,0,5,0,0,0,LEADER,1,4,1,30,4,36,0,0,0,0,0,0,0,0,0
28534,33,bully,3201,1,4,54258,36,0,216,0,1,33,25333,3201,0,5,0,0,0,LEADER,1,4,1,42,4,36,0,0,0,0,0,0,0,0,0
28567,43,bully,3234,1,4,54390,36,0,216,0,1,43,25333,3234,0,5,0,0,0,LEADER,1,4,1,52,4,36,0,0,0,0,0,0,0,0,0
28331,16,bully,2998,1,4,53446,36,37,216,222,2,1,25333,2998,0,5,0,0,0,NORMAL,0,3,1,9,21,36,0,37,0,0,0,0,0,0,0
28835,32,bully,3502,1,4,55462,36,0,216,0,1,32,25333,3502,0,5,0,0,0,LEADER,1,4,1,41,4,36,0,0,0,0,0,0,0,0,0
28876,4,bully,3543,1,4,55626,36,74,216,444,1,1,25333,3543,0,5,0,0,0,NORMAL,0,3,1,9,15,36,0,74,0,0,0,0,0,0,0
28943,24,bully,3610,1,4,55894,36,0,216,0,1,24,25333,3610,0,5,0,0,0,LEADER,1,4,1,33,4,36,0,0,0,0,0,0,0,0,0
28637,20,bully,3304,1,4,54670,36,0,216,0,1,20,25333,3304,0,5,0,0,0,LEADER,1,4,1,29,4,36,0,0,0,0,0,0,0,0,0
28283,38,bully,2950,1,4,53254,36,0,216,0,1,38,25333,2950,0,5,0,0,0,LEADER,1,4,1,47,4,36,0,0,0,0,0,0,0,0,0
28918,23,bully,3585,1,4,55794,36,0,216,0,1,23,25333,3585,0,5,0,0,0,LEADER,1,4,1,32,4,36,0,0,0,0,0,0,0,0,0
28740,7,bully,3407,1,4,55082,36,74,216,444,2,1,25333,3407,0,5,0,0,0,NORMAL,0,3,1,9,19,36,0,74,0,0,0,0,0,0,0
28873,47,bully,3540,1,4,55614,36,0,216,0,1,47,25333,3540,0,5,0,0,0,LEADER,1,4,1,56,4,36,0,0,0,0,0,0,0,0,0
28725,39,bully,3392,1,4,55022,36,0,216,0,1,39,25333,3392,0,5,0,0,0,LEADER,1,4,1,48,4,36,0,0,0,0,0,0,0,0,0
28888,15,bully,3555,1,4,55674,36,36,216,216,2,1,25333,3555,0,5,0,0,0,NORMAL,0,3,1,9,19,36,0,36,0,0,0,0,0,0,0
28758,49,bully,3425,1,4,55154,36,0,216,0,1,49,25333,3425,0,5,0,0,0,LEADER,1,4,1,58,4,36,0,0,0,0,0,0,0,0,0
28549,1,bully,3216,1,4,54318,36,74,216,444,1,1,25333,3216,0,5,0,0,0,LEADER,1,4,1,10,4,36,0,74,0,0,0,0,0,0,0
28703,40,bully,3371,1,4,54936,36,0,216,0,1,40,25332,3371,0,5,0,0,0,LEADER,1,4,1,49,4,36,0,0,0,0,0,0,0,0,0
28910,14,bully,3577,1,4,55762,36,37,216,222,2,1,25333,3577,0,5,0,0,0,NORMAL,0,3,1,9,19,36,0,37,0,0,0,0,0,0,0
29010,44,bully,3677,1,4,56162,36,0,216,0,1,44,25333,3677,0,5,0,0,0,LEADER,1,4,1,53,4,36,0,0,0,0,0,0,0,0,0
29025,12,bully,3692,1,4,56222,36,37,216,222,1,1,25333,3692,0,5,0,0,0,NORMAL,0,3,1,9,15,36,0,37,0,0,0,0,0,0,0
28976,34,bully,3643,1,4,56026,36,0,216,0,1,34,25333,3643,0,5,0,0,0,LEADER,1,4,1,43,4,36,0,0,0,0,0,0,0,0,0
30519,18,bully,2883,1,5,83505,39,0,234,0,1,18,27636,2883,0,6,0,0,0,LEADER,1,4,1,21,5,39,0,0,0,0,0,0,0,0,0
30464,9,bully,2828,1,5,83230,39,37,234,222,1,1,27636,2828,0,6,0,0,0,NORMAL,0,3,2,3,15,39,0,37,0,0,0,0,0,0,0
30619,13,bully,2983,1,5,84005,39,37,234,222,2,1,27636,2983,0,6,0,0,0,NORMAL,0,3,2,3,21,39,0,37,0,0,0,0,0,0,0
30689,25,bully,3053,1,5,84355,39,0,234,0,1,25,27636,3053,0,6,0,0,0,LEADER,1,4,1,28,5,39,0,0,0,0,0,0,0,0,0
30700,36,bully,3065,1,5,84412,39,0,234,0,1,36,27635,3065,0,6,0,0,0,LEADER,1,4,1,39,5,39,0,0,0,0,0,0,0,0,0
30531,29,bully,2895,1,5,83565,39,0,234,0,1,29,27636,2895,0,6,0,0,0,LEADER,1,4,1,32,5,39,0,0,0,0,0,0,0,0,0
30722,35,bully,3086,1,5,84520,39,0,234,0,1,35,27636,3086,0,6,0,0,0,LEADER,1,4,1,38,5,39,0,0,0,0,0,0,0,0,0
30601,6,bully,2965,1,5,83915,39,76,234,456,2,1,27636,2965,0,6,0,0,0,NORMAL,0,3,2,3,21,39,0,76,0,0,0,0,0,0,0
30769,48,bully,3133,1,5,84755,39,0,234,0,1,48,27636,3133,0,6,0,0,0,LEADER,1,4,1,51,5,39,0,0,0,0,0,0,0,0,0
30504,50,bully,2868,1,5,83430,39,0,234,0,1,50,27636,2868,0,6,0,0,0,LEADER,1,4,1,53,5,39,0,0,0,0,0,0,0,0,0
30907,10,bully,3271,1,5,85445,39,38,234,228,1,1,27636,3271,0,6,0,0,0,NORMAL,0,3,2,3,17,39,0,38,0,0,0,0,0,0,0
30447,41,bully,2813,1,5,83148,39,0,234,0,1,41,27634,2813,0,6,0,0,0,LEADER,1,4,1,44,5,39,0,0,0,0,0,0,0,0,0
30737,3,bully,3101,1,5,84595,39,76,234,456,1,1,27636,3101,0,6,0,0,0,NORMAL,0,3,2,3,17,39,0,76,0,0,0,0,0,0,0
30349,11,bully,2713,1,5,82655,39,39,234,234,1,1,27636,2713,0,6,0,0,0,NORMAL,0,3,2,3,22,39,0,39,0,0,0,0,0,0,0
30755,45,bully,3119,1,5,84685,39,0,234,0,1,45,27636,3119,0,6,0,0,0,LEADER,1,4,1,48,5,39,0,0,0,0,0,0,0,0,0
30892,42,bully,3256,1,5,85370,39,0,234,0,1,42,27636,3256,0,6,0,0,0,LEADER,1,4,1,45,5,39,0,0,0,0,0,0,0,0,0
30858,46,bully,3222,1,5,85200,39,0,234,0,1,46,27636,3222,0,6,0,0,0,LEADER,1,4,1,49,5,39,0,0,0,0,0,0,0,0,0
30416,31,bully,2780,1,5,82990,39,0,234,0,1,31,27636,2780,0,6,0,0,0,LEADER,1,4,1,34,5,39,0,0,0,0,0,0,0,0,0
31022,8,bully,3386,1,5,86020,39,38,234,228,2,1,27636,3386,0,6,0,0,0,NORMAL,0,3,2,3,23,39,0,38,0,0,0,0,0,0,0
30667,26,bully,3031,1,5,84245,39,0,234,0,1,26,27636,3031,0,6,0,0,0,LEADER,1,4,1,29,5,39,0,0,0,0,0,0,0,0,0
31076,17,bully,3440,1,5,86290,39,0,234,0,1,17,27636,3440,0,6,0,0,0,LEADER,1,4,1,20,5,39,0,0,0,0,0,0,0,0,0
30973,30,bully,3337,1,5,85775,39,0,234,0,1,30,27636,3337,0,6,0,0,0,LEADER,1,4,1,33,5,39,0,0,0,0,0,0,0,0,0
31158,5,bully,3522,1,5,86700,39,78,234,468,2,1,27636,3522,0,6,0,0,0,NORMAL,0,3,2,3,19,39,0,78,0,0,0,0,0,0,0
30804,2,bully,3168,1,5,84930,39,78,234,468,1,1,27636,3168,0,6,0,0,0,NORMAL,0,3,2,3,15,39,0,78,0,0,0,0,0,0,0
30552,28,bully,2916,1,5,83670,39,0,234,0,1,28,27636,2916,0,6,0,0,0,LEADER,1,4,1,31,5,39,0,0,0,0,0,0,0,0,0
31109,27,bully,3473,1,5,86455,39,0,234,0,1,27,27636,3473,0,6,0,0,0,LEADER,1,4,1,30,5,39,0,0,0,0,0,0,0,0,0
31143,37,bully,3507,1,5,86625,39,0,234,0,1,37,27636,3507,0,6,0,0,0,LEADER,1,4,1,40,5,39,0,0,0,0,0,0,0,0,0
30497,19,bully,2861,1,5,83395,39,0,234,0,1,19,27636,2861,0,6,0,0,0,LEADER,1,4,1,22,5,39,0,0,0,0,0,0,0,0,0
30361,22,bully,2725,1,5,82715,39,0,234,0,1,22,27636,2725,0,6,0,0,0,LEADER,1,4,1,25,5,39,0,0,0,0,0,0,0,0,0
30381,21,bully,2747,1,5,82820,39,0,234,0,1,21,27634,2747,0,6,0,0,0,LEADER,1,4,1,24,5,39,0,0,0,0,0,0,0,0,0
30837,33,bully,3201,1,5,85095,39,0,234,0,1,33,27636,3201,0,6,0,0,0,LEADER,1,4,1,36,5,39,0,0,0,0,0,0,0,0,0
30870,43,bully,3234,1,5,85260,39,0,234,0,1,43,27636,3234,0,6,0,0,0,LEADER,1,4,1,46,5,39,0,0,0,0,0,0,0,0,0
30634,16,bully,2998,1,5,84080,39,40,234,240,2,1,27636,2998,0,6,0,0,0,NORMAL,0,3,2,3,24,39,0,40,0,0,0,0,0,0,0
31138,32,bully,3502,1,5,86600,39,0,234,0,1,32,27636,3502,0,6,0,0,0,LEADER,1,4,1,35,5,39,0,0,0,0,0,0,0,0,0
31179,4,bully,3543,1,5,86805,39,80,234,480,1,1,27636,3543,0,6,0,0,0,NORMAL,0,3,2,3,18,39,0,80,0,0,0,0,0,0,0
31246,24,bully,3610,1,5,87140,39,0,234,0,1,24,27636,3610,0,6,0,0,0,LEADER,1,4,1,27,5,39,0,0,0,0,0,0,0,0,0
30940,20,bully,3304,1,5,85610,39,0,234,0,1,20,27636,3304,0,6,0,0,0,LEADER,1,4,1,23,5,39,0,0,0,0,0,0,0,0,0
30586,38,bully,2950,1,5,83840,39,0,234,0,1,38,27636,2950,0,6,0,0,0,LEADER,1,4,1,41,5,39,0,0,0,0,0,0,0,0,0
31221,23,bully,3585,1,5,87015,39,0,234,0,1,23,27636,3585,0,6,0,0,0,LEADER,1,4,1,26,5,39,0,0,0,0,0,0,0,0,0
31043,7,bully,3407,1,5,86125,39,80,234,480,2,1,27636,3407,0,6,0,0,0,NORMAL,0,3,2,3,22,39,0,80,0,0,0,0,0,0,0
31176,47,bully,3540,1,5,86790,39,0,234,0,1,47,27636,3540,0,6,0,0,0,LEADER,1,4,1,50,5,39,0,0,0,0,0,0,0,0,0
31028,39,bully,3392,1,5,86050,39,0,234,0,1,39,27636,3392,0,6,0,0,0,LEADER,1,4,1,42,5,39,0,0,0,0,0,0,0,0,0
31191,15,bully,3555,1,5,86865,39,40,234,240,2,1,27636,3555,0,6,0,0,0,NORMAL,0,3,2,3,23,39,0,40,0,0,0,0,0,0,0
31061,49,bully,3425,1,5,86215,39,0,234,0,1,49,27636,3425,0,6,0,0,0,LEADER,1,4,1,52,5,39,0,0,0,0,0,0,0,0,0
30852,1,bully,3216,1,5,85170,39,79,234,474,1,1,27636,3216,0,6,0,0,0,LEADER,1,4,1,4,5,39,0,79,0,0,0,0,0,0,0
31006,40,bully,3371,1,5,85942,39,0,234,0,1,40,27635,3371,0,6,0,0,0,LEADER,1,4,1,43,5,39,0,0,0,0,0,0,0,0,0
31213,14,bully,3577,1,5,86975,39,40,234,240,2,1,27636,3577,0,6,0,0,0,NORMAL,0,3,2,3,22,39,0,40,0,0,0,0,0,0,0
31313,44,bully,3677,1,5,87475,39,0,234,0,1,44,27636,3677,0,6,0,0,0,LEADER,1,4,1,47,5,39,0,0,0,0,0,0,0,0,0
31328,12,bully,3692,1,5,87550,39,40,234,240,1,1,27636,3692,0,6,0,0,0,NORMAL,0,3,2,3,18,39,0,40,0,0,0,0,0,0,0
31279,34,bully,3643,1,5,87305,39,0,234,0,1,34,27636,3643,0,6,0,0,0,LEADER,1,4,1,37,5,39,0,0,0,0,0,0,0,0,0
32822,18,bully,2883,1,5,83505,42,0,252,0,1,18,29939,2883,0,6,0,0,0,LEADER,1,4,1,24,5,42,0,0,0,0,0,0,0,0,0
32767,9,bully,2828,1,5,83230,42,40,252,240,1,1,29939,2828,0,6,0,0,0,NORMAL,0,3,1,6,15,42,0,40,0,0,0,0,0,0,0
32922,13,bully,2983,1,5,84005,42,40,252,240,2,1,29939,2983,0,6,0,0,0,NORMAL,0,3,1,6,21,42,0,40,0,0,0,0,0,0,0
32992,25,bully,3053,1,5,84355,42,0,252,0,1,25,29939,3053,0,6,0,0,0,LEADER,1,4,1,31,5,42,0,0,0,0,0,0,0,0,0
33003,36,bully,3065,1,5,84412,42,0,252,0,1,36,29938,3065,0,6,0,0,0,LEADER,1,4,1,42,5,42,0,0,0,0,0,0,0,0,0
32834,29,bully,2895,1,5,83565,42,0,252,0,1,29,29939,2895,0,6,0,0,0,LEADER,1,4,1,35,5,42,0,0,0,0,0,0,0,0,0
33025,35,bully,3086,1,5,84520,42,0,252,0,1,35,29939,3086,0,6,0,0,0,LEADER,1,4,1,41,5,42,0,0,0,0,0,0,0,0,0
32904,6,bully,2965,1,5,83915,42,82,252,492,2,1,29939,2965,0,6,0,0,0,NORMAL,0,3,1,6,21,42,0,82,0,0,0,0,0,0,0
33072,48,bully,3133,1,5,84755,42,0,252,0,1,48,29939,3133,0,6,0,0,0,LEADER,1,4,1,54,5,42,0,0,0,0,0,0,0,0,0
32807,50,bully,2868,1,5,83430,42,0,252,0,1,50,29939,2868,0,6,0,0,0,LEADER,1,4,1,56,5,42,0,0,0,0,0,0,0,0,0
33210,10,bully,3271,1,5,85445,42,41,252,246,1,1,29939,3271,0,6,0,0,0,NORMAL,0,3,1,6,17,42,0,41,0,0,0,0,0,0,0
32750,41,bully,2813,1,5,83148,42,0,252,0,1,41,29937,2813,0,6,0,0,0,LEADER,1,4,1,47,5,42,0,0,0,0,0,0,0,0,0
33040,3,bully,3101,1,5,84595,42,82,252,492,1,1,29939,3101,0,6,0,0,0,NORMAL,0,3,1,6,17,42,0,82,0,0,0,0,0,0,0
32652,11,bully,2713,1,5,82655,42,42,252,252,1,1,29939,2713,0,6,0,0,0,NORMAL,0,3,1,6,22,42,0,42,0,0,0,0,0,0,0
33058,45,bully,3119,1,5,84685,42,0,252,0,1,45,29939,3119,0,6,0,0,0,LEADER,1,4,1,51,5,42,0,0,0,0,0,0,0,0,0
33195,42,bully,3256,1,5,85370,42,0,252,0,1,42,29939,3256,0,6,0,0,0,LEADER,1,4,1,48,5,42,0,0,0,0,0,0,0,0,0
33161,46,bully,3222,1,5,85200,42,0,252,0,1,46,29939,3222,0,6,0,0,0,LEADER,1,4,1,52,5,42,0,0,0,0,0,0,0,0,0
32719,31,bully,2780,1,5,82990,42,0,252,0,1,31,29939,2780,0,6,0,0,0,LEADER,1,4,1,37,5,42,0,0,0,0,0,0,0,0,0
33325,8,bully,3386,1,5,86020,42,41,252,246,2,1,29939,3386,0,6,0,0,0,NORMAL,0,3,1,6,23,42,0,41,0,0,0,0,0,0,0
32970,26,bully,3031,1,5,84245,42,0,252,0,1,26,29939,3031,0,6,0,0,0,LEADER,1,4,1,32,5,42,0,0,0,0,0,0,0,0,0
33379,17,bully,3440,1,5,86290,42,0,252,0,1,17,29939,3440,0,6,0,0,0,LEADER,1,4,1,23,5,42,0,0,0,0,0,0,0,0,0
33276,30,bully,3337,1,5,85775,42,0,252,0,1,30,29939,3337,0,6,0,0,0,LEADER,1,4,1,36,5,42,0,0,0,0,0,0,0,0,0
33461,5,bully,3522,1,5,86700,42,84,252,504,2,1,29939,3522,0,6,0,0,0,NORMAL,0,3,1,6,19,42,0,84,0,0,0,0,0,0,0
33107,2,bully,3168,1,5,84930,42,84,252,504,1,1,29939,3168,0,6,0,0,0,NORMAL,0,3,1,6,15,42,0,84,0,0,0,0,0,0,0
32855,28,bully,2916,1,5,83670,42,0,252,0,1,28,29939,2916,0,6,0,0,0,LEADER,1,4,1,34,5,42,0,0,0,0,0,0,0,0,0
33412,27,bully,3473,1,5,86455,42,0,252,0,1,27,29939,3473,0,6,0,0,0,LEADER,1,4,1,33,5,42,0,0,0,0,0,0,0,0,0
33446,37,bully,3507,1,5,86625,42,0,252,0,1,37,29939,3507,0,6,0,0,0,LEADER,1,4,1,43,5,42,0,0,0,0,0,0,0,0,0
32800,19,bully,2861,1,5,83395,42,0,252,0,1,19,29939,2861,0,6,0,0,0,LEADER,1,4,1,25,5,42,0,0,0,0,0,0,0,0,0
32664,22,bully,2725,1,5,82715,42,0,252,0,1,22,29939,2725,0,6,0,0,0,LEADER,1,4,1,28,5,42,0,0,0,0,0,0,0,0,0
32684,21,bully,2747,1,5,82820,42,0,252,0,1,21,29937,2747,0,6,0,0,0,LEADER,1,4,1,27,5,42,0,0,0,0,0,0,0,0,0
33140,33,bully,3201,1,5,85095,42,0,252,0,1,33,29939,3201,0,6,0,0,0,LEADER,1,4,1,39,5,42,0,0,0,0,0,0,0,0,0
33173,43,bully,3234,1,5,85260,42,0,252,0,1,43,29939,3234,0,6,0,0,0,LEADER,1,4,1,49,5,42,0,0,0,0,0,0,0,0,0
32937,16,bully,2998,1,5,84080,42,43,252,258,2,1,29939,2998,0,6,0,0,0,NORMAL,0,3,1,6,24,42,0,43,0,0,0,0,0,0,0
33441,32,bully,3502,1,5,86600,42,0,252,0,1,32,29939,3502,0,6,0,0,0,LEADER,1,4,1,38,5,42,0,0,0,0,0,0,0,0,0
33482,4,bully,3543,1,5,86805,42,86,252,516,1,1,29939,3543,0,6,0,0,0,NORMAL,0,3,1,6,18,42,0,86,0,0,0,0,0,0,0
33549,24,bully,3610,1,5,87140,42,0,252,0,1,24,29939,3610,0,6,0,0,0,LEADER,1,4,1,30,5,42,0,0,0,0,0,0,0,0,0
33243,20,bully,3304,1,5,85610,42,0,252,0,1,20,29939,3304,0,6,0,0,0,LEADER,1,4,1,26,5,42,0,0,0,0,0,0,0,0,0
32889,38,bully,2950,1,5,83840,42,0,252,0,1,38,29939,2950,0,6,0,0,0,LEADER,1,4,1,44,5,42,0,0,0,0,0,0,0,0,0
33524,23,bully,3585,1,5,87015,42,0,252,0,1,23,29939,3585,0,6,0,0,0,LEADER,1,4,1,29,5,42,0,0,0,0,0,0,0,0,0
33346,7,bully,3407,1,5,86125,42,86,252,516,2,1,29939,3407,0,6,0,0,0,NORMAL,0,3,1,6,22,42,0,86,0,0,0,0,0,0,0
33479,47,bully,3540,1,5,86790,42,0,252,0,1,47,29939,3540,0,6,0,0,0,LEADER,1,4,1,53,5,42,0,0,0,0,0,0,0,0,0
33331,39,bully,3392,1,5,86050,42,0,252,0,1,39,29939,3392,0,6,0,0,0,LEADER,1,4,1,45,5,42,0,0,0,0,0,0,0,0,0
33494,15,bully,3555,1,5,86865,42,43,252,258,2,1,29939,3555,0,6,0,0,0,NORMAL,0,3,1,6,23,42,0,43,0,0,0,0,0,0,0
33364,49,bully,3425,1,5,86215,42,0,252,0,1,49,29939,3425,0,6,0,0,0,LEADER,1,4,1,55,5,42,0,0,0,0,0,0,0,0,0
33155,1,bully,3216,1,5,85170,42,86,252,516,1,1,29939,3216,0,6,0,0,0,LEADER,1,4,1,7,5,42,0,86,0,0,0,0,0,0,0
33309,40,bully,3371,1,5,85942,42,0,252,0,1,40,29938,3371,0,6,0,0,0,LEADER,1,4,1,46,5,42,0,0,0,0,0,0,0,0,0
33516,14,bully,3577,1,5,86975,42,43,252,258,2,1,29939,3577,0,6,0,0,0,NORMAL,0,3,1,6,22,42,0,43,0,0,0,0,0,0,0
33616,44,bully,3677,1,5,87475,42,0,252,0,1,44,29939,3677,0,6,0,0,0,LEADER,1,4,1,50,5,42,0,0,0,0,0,0,0,0,0
33631,12,bully,3692,1,5,87550,42,43,252,258,1,1,29939,3692,0,6,0,0,0,NORMAL,0,3,1,6,18,42,0,43,0,0,0,0,0,0,0
33582,34,bully,3643,1,5,87305,42,0,252,0,1,34,29939,3643,0,6,0,0,0,LEADER,1,4,1,40,5,42,0,0,0,0,0,0,0,0,0
35125,18,bully,2883,1,5,83505,45,0,270,0,1,18,32242,2883,0,6,0,0,0,LEADER,1,4,1,27,5,45,0,0,0,0,0,0,0,0,0
35070,9,bully,2828,1,5,83230,45,43,270,258,1,1,32242,2828,0,6,0,0,0,NORMAL,0,3,1,9,15,45,0,43,0,0,0,0,0,0,0
35225,13,bully,2983,1,5,84005,45,43,270,258,2,1,32242,2983,0,6,0,0,0,NORMAL,0,3,1,9,21,45,0,43,0,0,0,0,0,0,0
35295,25,bully,3053,1,5,84355,45,0,270,0,1,25,32242,3053,0,6,0,0,0,LEADER,1,4,1,34,5,45,0,0,0,0,0,0,0,0,0
35306,36,bully,3065,1,5,84412,45,0,270,0,1,36,32241,3065,0,6,0,0,0,LEADER,1,4,1,45,5,45,0,0,0,0,0,0,0,0,0
35137,29,bully,2895,1,5,83565,45,0,270,0,1,29,32242,2895,0,6,0,0,0,LEADER,1,4,1,38,5,45,0,0,0,0,0,0,0,0,0
35328,35,bully,3086,1,5,84520,45,0,270,0,1,35,32242,3086,0,6,0,0,0,LEADER,1,4,1,44,5,45,0,0,0,0,0,0,0,0,0
35206,6,bully,2965,1,5,83915,45,88,270,528,2,1,32241,2965,0,6,0,0,0,NORMAL,0,3,1,9,21,45,0,88,0,0,0,0,0,0,0
35375,48,bully,3133,1,5,84755,45,0,270,0,1,48,32242,3133,0,6,0,0,0,LEADER,1,4,1,57,5,45,0,0,0,0,0,0,0,0,0
35110,50,bully,2868,1,5,83430,45,0,270,0,1,50,32242,2868,0,6,0,0,0,LEADER,1,4,1,59,5,45,0,0,0,0,0,0,0,0,0
35513,10,bully,3271,1,5,85445,45,44,270,264,1,1,32242,3271,0,6,0,0,0,NORMAL,0,3,1,9,17,45,0,44,0,0,0,0,0,0,0
35052,41,bully,2813,1,5,83148,45,0,270,0,1,41,32239,2813,0,6,0,0,0,LEADER,1,4,1,50,5,45,0,0,0,0,0,0,0,0,0
35343,3,bully,3101,1,5,84595,45,88,270,528,1,1,32242,3101,0,6,0,0,0,NORMAL,0,3,1,9,17,45,0,88,0,0,0,0,0,0,0
34955,11,bully,2713,1,5,82655,45,45,270,270,1,1,32242,2713,0,6,0,0,0,NORMAL,0,3,1,9,22,45,0,45,0,0,0,0,0,0,0
35361,45,bully,3119,1,5,84685,45,0,270,0,1,45,32242,3119,0,6,0,0,0,LEADER,1,4,1,54,5,45,0,0,0,0,0,0,0,0,0
35498,42,bully,3256,1,5,85370,45,0,270,0,1,42,32242,3256,0,6,0,0,0,LEADER,1,4,1,51,5,45,0,0,0,0,0,0,0,0,0
35464,46,bully,3222,1,5,85200,45,0,270,0,1,46,32242,3222,0,6,0,0,0,LEADER,1,4,1,55,5,45,0,0,0,0,0,0,0,0,0
35022,31,bully,2780,1,5,82990,45,0,270,0,1,31,32242,2780,0,6,0,0,0,LEADER,1,4,1,40,5,45,0,0,0,0,0,0,0,0,0
35628,8,bully,3386,1,5,86020,45,44,270,264,2,1,32242,3386,0,6,0,0,0,NORMAL,0,3,1,9,23,45,0,44,0,0,0,0,0,0,0
35273,26,bully,3031,1,5,84245,45,0,270,0,1,26,32242,3031,0,6,0,0,0,LEADER,1,4,1,35,5,45,0,0,0,0,0,0,0,0,0
35682,17,bully,3440,1,5,86290,45,0,270,0,1,17,32242,3440,0,6,0,0,0,LEADER,1,4,1,26,5,45,0,0,0,0,0,0,0,0,0
35579,30,bully,3337,1,5,85775,45,0,270,0,1,30,32242,3337,0,6,0,0,0,LEADER,1,4,1,39,5,45,0,0,0,0,0,0,0,0,0
35764,5,bully,3522,1,5,86700,45,90,270,540,2,1,32242,3522,0,6,0,0,0,NORMAL,0,3,1,9,19,45,0,90,0,0,0,0,0,0,0
35410,2,bully,3168,1,5,84930,45,90,270,540,1,1,32242,3168,0,6,0,0,0,NORMAL,0,3,1,9,15,45,0,90,0,0,0,0,0,0,0
35158,28,bully,2916,1,5,83670,45,0,270,0,1,28,32242,2916,0,6,0,0,0,LEADER,1,4,1,37,5,45,0,0,0,0,0,0,0,0,0
35715,27,bully,3473,1,5,86455,45,0,270,0,1,27,32242,3473,0,6,0,0,0,LEADER,1,4,1,36,5,45,0,0,0,0,0,0,0,0,0
35749,37,bully,3507,1,5,86625,45,0,270,0,1,37,32242,3507,0,6,0,0,0,LEADER,1,4,1,46,5,45,0,0,0,0,0,0,0,0,0
35103,19,bully,2861,1,5,83395,45,0,270,0,1,19,32242,2861,0,6,0,0,0,LEADER,1,4,1,28,5,45,0,0,0,0,0,0,0,0,0
34967,22,bully,2725,1,5,82715,45,0,270,0,1,22,32242,2725,0,6,0,0,0,LEADER,1,4,1,31,5,45,0,0,0,0,0,0,0,0,0
34986,21,bully,2747,1,5,82820,45,0,270,0,1,21,32239,2747,0,6,0,0,0,LEADER,1,4,1,30,5,45,0,0,0,0,0,0,0,0,0
35443,33,bully,3201,1,5,85095,45,0,270,0,1,33,32242,3201,0,6,0,0,0,LEADER,1,4,1,42,5,45,0,0,0,0,0,0,0,0,0
35476,43,bully,3234,1,5,85260,45,0,270,0,1,43,32242,3234,0,6,0,0,0,LEADER,1,4,1,52,5,45,0,0,0,0,0,0,0,0,0
35240,16,bully,2998,1,5,84080,45,46,270,276,2,1,32242,2998,0,6,0,0,0,NORMAL,0,3,1,9,24,45,0,46,0,0,0,0,0,0,0
35744,32,bully,3502,1,5,86600,45,0,270,0,1,32,32242,3502,0,6,0,0,0,LEADER,1,4,1,41,5,45,0,0,0,0,0,0,0,0,0
35785,4,bully,3543,1,5,86805,45,92,270,552,1,1,32242,3543,0,6,0,0,0,NORMAL,0,3,1,9,18,45,0,92,0,0,0,0,0,0,0
35852,24,bully,3610,1,5,87140,45,0,270,0,1,24,32242,3610,0,6,0,0,0,LEADER,1,4,1,33,5,45,0,0,0,0,0,0,0,0,0
35546,20,bully,3304,1,5,85610,45,0,270,0,1,20,32242,3304,0,6,0,0,0,LEADER,1,4,1,29,5,45,0,0,0,0,0,0,0,0,0
35192,38,bully,2950,1,5,83840,45,0,270,0,1,38,32242,2950,0,6,0,0,0,LEADER,1,4,1,47,5,45,0,0,0,0,0,0,0,0,0
35827,23,bully,3585,1,5,87015,45,0,270,0,1,23,32242,3585,0,6,0,0,0,LEADER,1,4,1,32,5,45,0,0,0,0,0,0,0,0,0
35649,7,bully,3407,1,5,86125,45,92,270,552,2,1,32242,3407,0,6,0,0,0,NORMAL,0,3,1,9,22,45,0,92,0,0,0,0,0,0,0
35782,47,bully,3540,1,5,86790,45,0,270,0,1,47,32242,3540,0,6,0,0,0,LEADER,1,4,1,56,5,45,0,0,0,0,0,0,0,0,0
35634,39,bully,3392,1,5,86050,45,0,270,0,1,39,32242,3392,0,6,0,0,0,LEADER,1,4,1,48,5,45,0,0,0,0,0,0,0,0,0
35797,15,bully,3555,1,5,86865,45,45,270,270,2,1,32242,3555,0,6,0,0,0,NORMAL,0,3,1,9,23,45,0,45,0,0,0,0,0,0,0
35667,49,bully,3425,1,5,86215,45,0,270,0,1,49,32242,3425,0,6,0,0,0,LEADER,1,4,1,58,5,45,0,0,0,0,0,0,0,0,0
35458,1,bully,3216,1,5,85170,45,91,270,546,1,1,32242,3216,0,6,0,0,0,LEADER,1,4,1,10,5,45,0,91,0,0,0,0,0,0,0
35612,40,bully,3371,1,5,85942,45,0,270,0,1,40,32241,3371,0,6,0,0,0,LEADER,1,4,1,49,5,45,0,0,0,0,0,0,0,0,0
35819,14,bully,3577,1,5,86975,45,46,270,276,2,1,32242,3577,0,6,0,0,0,NORMAL,0,3,1,9,22,45,0,46,0,0,0,0,0,0,0
35919,44,bully,3677,1,5,87475,45,0,270,0,1,44,32242,3677,0,6,0,0,0,LEADER,1,4,1,53,5,45,0,0,0,0,0,0,0,0,0
35934,12,bully,3692,1,5,87550,45,46,270,276,1,1,32242,3692,0,6,0,0,0,NORMAL,0,3,1,9,18,45,0,46,0,0,0,0,0,0,0
35885,34,bully,3643,1,5,87305,45,0,270,0,1,34,32242,3643,0,6,0,0,0,LEADER,1,4,1,43,5,45,0,0,0,0,0,0,0,0,0
37428,18,bully,2883,1,6,120933,48,0,288,0,1,18,34545,2883,0,7,0,0,0,LEADER,1,4,1,21,6,48,0,0,0,0,0,0,0,0,0
37373,9,bully,2828,1,6,120603,48,46,288,276,1,1,34545,2828,0,7,0,0,0,NORMAL,0,3,2,3,18,48,0,46,0,0,0,0,0,0,0
37528,13,bully,2983,1,6,121533,48,46,288,276,2,1,34545,2983,0,7,0,0,0,NORMAL,0,3,2,3,24,48,0,46,0,0,0,0,0,0,0
37598,25,bully,3053,1,6,121953,48,0,288,0,1,25,34545,3053,0,7,0,0,0,LEADER,1,4,1,28,6,48,0,0,0,0,0,0,0,0,0
37609,36,bully,3065,1,6,122021,48,0,288,0,1,36,34544,3065,0,7,0,0,0,LEADER,1,4,1,39,6,48,0,0,0,0,0,0,0,0,0
37440,29,bully,2895,1,6,121005,48,0,288,0,1,29,34545,2895,0,7,0,0,0,LEADER,1,4,1,32,6,48,0,0,0,0,0,0,0,0,0
37631,35,bully,3086,1,6,122151,48,0,288,0,1,35,34545,3086,0,7,0,0,0,LEADER,1,4,1,38,6,48,0,0,0,0,0,0,0,0,0
37509,6,bully,2965,1,6,121424,48,94,288,564,2,1,34544,2965,0,7,0,0,0,NORMAL,0,3,2,3,24,48,0,94,0,0,0,0,0,0,0
37678,48,bully,3133,1,6,122433,48,0,288,0,1,48,34545,3133,0,7,0,0,0,LEADER,1,4,1,51,6,48,0,0,0,0,0,0,0,0,0
37413,50,bully,2868,1,6,120843,48,0,288,0,1,50,34545,2868,0,7,0,0,0,LEADER,1,4,1,53,6,48,0,0,0,0,0,0,0,0,0
37355,41,bully,2813,1,6,120503,48,0,288,0,1,41,34542,2813,0,7,0,0,0,LEADER,1,4,1,44,6,48,0,0,0,0,0,0,0,0,0
37816,10,bully,3271,1,6,123261,48,47,288,282,1,1,34545,3271,0,7,0,0,0,NORMAL,0,3,2,3,20,48,0,47,0,0,0,0,0,0,0
37646,3,bully,3101,1,6,122241,48,94,288,564,1,1,34545,3101,0,7,0,0,0,NORMAL,0,3,2,3,20,48,0,94,0,0,0,0,0,0,0
37258,11,bully,2713,1,6,119913,48,48,288,288,1,1,34545,2713,0,7,0,0,0,NORMAL,0,3,2,3,26,48,0,48,0,0,0,0,0,0,0
37664,45,bully,3119,1,6,122349,48,0,288,0,1,45,34545,3119,0,7,0,0,0,LEADER,1,4,1,48,6,48,0,0,0,0,0,0,0,0,0
37801,42,bully,3256,1,6,123171,48,0,288,0,1,42,34545,3256,0,7,0,0,0,LEADER,1,4,1,45,6,48,0,0,0,0,0,0,0,0,0
37767,46,bully,3222,1,6,122967,48,0,288,0,1,46,34545,3222,0,7,0,0,0,LEADER,1,4,1,49,6,48,0,0,0,0,0,0,0,0,0
37325,31,bully,2780,1,6,120315,48,0,288,0,1,31,34545,2780,0,7,0,0,0,LEADER,1,4,1,34,6,48,0,0,0,0,0,0,0,0,0
37931,8,bully,3386,1,6,123951,48,47,288,282,2,1,34545,3386,0,7,0,0,0,NORMAL,0,3,2,3,26,48,0,47,0,0,0,0,0,0,0
37576,26,bully,3031,1,6,121821,48,0,288,0,1,26,34545,3031,0,7,0,0,0,LEADER,1,4,1,29,6,48,0,0,0,0,0,0,0,0,0
37985,17,bully,3440,1,6,124275,48,0,288,0,1,17,34545,3440,0,7,0,0,0,LEADER,1,4,1,20,6,48,0,0,0,0,0,0,0,0,0
37882,30,bully,3337,1,6,123657,48,0,288,0,1,30,34545,3337,0,7,0,0,0,LEADER,1,4,1,33,6,48,0,0,0,0,0,0,0,0,0
38067,5,bully,3522,1,6,124767,48,96,288,576,2,1,34545,3522,0,7,0,0,0,NORMAL,0,3,2,3,22,48,0,96,0,0,0,0,0,0,0
37713,2,bully,3168,1,6,122643,48,95,288,570,1,1,34545,3168,0,7,0,0,0,NORMAL,0,3,2,3,18,48,0,95,0,0,0,0,0,0,0
37461,28,bully,2916,1,6,121131,48,0,288,0,1,28,34545,2916,0,7,0,0,0,LEADER,1,4,1,31,6,48,0,0,0,0,0,0,0,0,0
38018,27,bully,3473,1,6,124473,48,0,288,0,1,27,34545,3473,0,7,0,0,0,LEADER,1,4,1,30,6,48,0,0,0,0,0,0,0,0,0
38052,37,bully,3507,1,6,124677,48,0,288,0,1,37,34545,3507,0,7,0,0,0,LEADER,1,4,1,40,6,48,0,0,0,0,0,0,0,0,0
37406,19,bully,2861,1,6,120801,48,0,288,0,1,19,34545,2861,0,7,0,0,0,LEADER,1,4,1,22,6,48,0,0,0,0,0,0,0,0,0
37270,22,bully,2725,1,6,119985,48,0,288,0,1,22,34545,2725,0,7,0,0,0,LEADER,1,4,1,25,6,48,0,0,0,0,0,0,0,0,0
37289,21,bully,2747,1,6,120109,48,0,288,0,1,21,34542,2747,0,7,0,0,0,LEADER,1,4,1,24,6,48,0,0,0,0,0,0,0,0,0
37746,33,bully,3201,1,6,122841,48,0,288,0,1,33,34545,3201,0,7,0,0,0,LEADER,1,4,1,36,6,48,0,0,0,0,0,0,0,0,0
37779,43,bully,3234,1,6,123039,48,0,288,0,1,43,34545,3234,0,7,0,0,0,LEADER,1,4,1,46,6,48,0,0,0,0,0,0,0,0,0
37543,16,bully,2998,1,6,121623,48,49,288,294,2,1,34545,2998,0,7,0,0,0,NORMAL,0,3,2,3,27,48,0,49,0,0,0,0,0,0,0
38047,32,bully,3502,1,6,124647,48,0,288,0,1,32,34545,3502,0,7,0,0,0,LEADER,1,4,1,35,6,48,0,0,0,0,0,0,0,0,0
38088,4,bully,3543,1,6,124893,48,98,288,588,1,1,34545,3543,0,7,0,0,0,NORMAL,0,3,2,3,21,48,0,98,0,0,0,0,0,0,0
38155,24,bully,3610,1,6,125295,48,0,288,0,1,24,34545,3610,0,7,0,0,0,LEADER,1,4,1,27,6,48,0,0,0,0,0,0,0,0,0
37849,20,bully,3304,1,6,123459,48,0,288,0,1,20,34545,3304,0,7,0,0,0,LEADER,1,4,1,23,6,48,0,0,0,0,0,0,0,0,0
37495,38,bully,2950,1,6,121335,48,0,288,0,1,38,34545,2950,0,7,0,0,0,LEADER,1,4,1,41,6,48,0,0,0,0,0,0,0,0,0
38130,23,bully,3585,1,6,125145,48,0,288,0,1,23,34545,3585,0,7,0,0,0,LEADER,1,4,1,26,6,48,0,0,0,0,0,0,0,0,0
37952,7,bully,3407,1,6,124077,48,98,288,588,2,1,34545,3407,0,7,0,0,0,NORMAL,0,3,2,3,25,48,0,98,0,0,0,0,0,0,0
38085,47,bully,3540,1,6,124875,48,0,288,0,1,47,34545,3540,0,7,0,0,0,LEADER,1,4,1,50,6,48,0,0,0,0,0,0,0,0,0
37937,39,bully,3392,1,6,123987,48,0,288,0,1,39,34545,3392,0,7,0,0,0,LEADER,1,4,1,42,6,48,0,0,0,0,0,0,0,0,0
38100,15,bully,3555,1,6,124965,48,48,288,288,2,1,34545,3555,0,7,0,0,0,NORMAL,0,3,2,3,27,48,0,48,0,0,0,0,0,0,0
37970,49,bully,3425,1,6,124185,48,0,288,0,1,49,34545,3425,0,7,0,0,0,LEADER,1,4,1,52,6,48,0,0,0,0,0,0,0,0,0
37761,1,bully,3216,1,6,122931,48,98,288,588,1,1,34545,3216,0,7,0,0,0,LEADER,1,4,1,4,6,48,0,98,0,0,0,0,0,0,0
37915,40,bully,3371,1,6,123857,48,0,288,0,1,40,34544,3371,0,7,0,0,0,LEADER,1,4,1,43,6,48,0,0,0,0,0,0,0,0,0
38122,14,bully,3577,1,6,125097,48,49,288,294,2,1,34545,3577,0,7,0,0,0,NORMAL,0,3,2,3,25,48,0,49,0,0,0,0,0,0,0
38222,44,bully,3677,1,6,125697,48,0,288,0,1,44,34545,3677,0,7,0,0,0,LEADER,1,4,1,47,6,48,0,0,0,0,0,0,0,0,0
38237,12,bully,3692,1,6,125787,48,49,288,294,1,1,34545,3692,0,7,0,0,0,NORMAL,0,3,2,3,21,48,0,49,0,0,0,0,0,0,0
38188,34,bully,3643,1,6,125493,48,0,288,0,1,34,34545,3643,0,7,0,0,0,LEADER,1,4,1,37,6,48,0,0,0,0,0,0,0,0,0
39731,18,bully,2883,1,6,120933,51,0,306,0,1,18,36848,2883,0,7,0,0,0,LEADER,1,4,1,24,6,51,0,0,0,0,0,0,0,0,0
39676,9,bully,2828,1,6,120603,51,49,306,294,1,1,36848,2828,0,7,0,0,0,NORMAL,0,3,1,6,18,51,0,49,0,0,0,0,0,0,0
39831,13,bully,2983,1,6,121533,51,49,306,294,2,1,36848,2983,0,7,0,0,0,NORMAL,0,3,1,6,24,51,0,49,0,0,0,0,0,0,0
39901,25,bully,3053,1,6,121953,51,0,306,0,1,25,36848,3053,0,7,0,0,0,LEADER,1,4,1,31,6,51,0,0,0,0,0,0,0,0,0
39911,36,bully,3065,1,6,122021,51,0,306,0,1,36,36846,3065,0,7,0,0,0,LEADER,1,4,1,42,6,51,0,0,0,0,0,0,0,0,0
39743,29,bully,2895,1,6,121005,51,0,306,0,1,29,36848,2895,0,7,0,0,0,LEADER,1,4,1,35,6,51,0,0,0,0,0,0,0,0,0
39934,35,bully,3086,1,6,122151,51,0,306,0,1,35,36848,3086,0,7,0,0,0,LEADER,1,4,1,41,6,51,0,0,0,0,0,0,0,0,0
39812,6,bully,2965,1,6,121424,51,100,306,600,2,1,36847,2965,0,7,0,0,0,NORMAL,0,3,1,6,24,51,0,100,0,0,0,0,0,0,0
39981,48,bully,3133,1,6,122433,51,0,306,0,1,48,36848,3133,0,7,0,0,0,LEADER,1,4,1,54,6,51,0,0,0,0,0,0,0,0,0
39716,50,bully,2868,1,6,120843,51,0,306,0,1,50,36848,2868,0,7,0,0,0,LEADER,1,4,1,56,6,51,0,0,0,0,0,0,0,0,0
40119,10,bully,3271,1,6,123261,51,50,306,300,1,1,36848,3271,0,7,0,0,0,NORMAL,0,3,1,6,20,51,0,50,0,0,0,0,0,0,0
39658,41,bully,2813,1,6,120503,51,0,306,0,1,41,36845,2813,0,7,0,0,0,LEADER,1,4,1,47,6,51,0,0,0,0,0,0,0,0,0
39949,3,bully,3101,1,6,122241,51,100,306,600,1,1,36848,3101,0,7,0,0,0,NORMAL,0,3,1,6,20,51,0,100,0,0,0,0,0,0,0
39561,11,bully,2713,1,6,119913,51,50,306,300,1,1,36848,2713,0,7,0,0,0,NORMAL,0,3,1,6,26,51,0,50,0,0,0,0,0,0,0
39967,45,bully,3119,1,6,122349,51,0,306,0,1,45,36848,3119,0,7,0,0,0,LEADER,1,4,1,51,6,51,0,0,0,0,0,0,0,0,0
40104,42,bully,3256,1,6,123171,51,0,306,0,1,42,36848,3256,0,7,0,0,0,LEADER,1,4,1,48,6,51,0,0,0,0,0,0,0,0,0
40070,46,bully,3222,1,6,122967,51,0,306,0,1,46,36848,3222,0,7,0,0,0,LEADER,1,4,1,52,6,51,0,0,0,0,0,0,0,0,0
39628,31,bully,2780,1,6,120315,51,0,306,0,1,31,36848,2780,0,7,0,0,0,LEADER,1,4,1,37,6,51,0,0,0,0,0,0,0,0,0
40234,8,bully,3386,1,6,123951,51,50,306,300,2,1,36848,3386,0,7,0,0,0,NORMAL,0,3,1,6,26,51,0,50,0,0,0,0,0,0,0
39879,26,bully,3031,1,6,121821,51,0,306,0,1,26,36848,3031,0,7,0,0,0,LEADER,1,4,1,32,6,51,0,0,0,0,0,0,0,0,0
40288,17,bully,3440,1,6,124275,51,0,306,0,1,17,36848,3440,0,7,0,0,0,LEADER,1,4,1,23,6,51,0,0,0,0,0,0,0,0,0
40185,30,bully,3337,1,6,123657,51,0,306,0,1,30,36848,3337,0,7,0,0,0,LEADER,1,4,1,36,6,51,0,0,0,0,0,0,0,0,0
40370,5,bully,3522,1,6,124767,51,102,306,612,2,1,36848,3522,0,7,0,0,0,NORMAL,0,3,1,6,22,51,0,102,0,0,0,0,0,0,0
40016,2,bully,3168,1,6,122643,51,101,306,606,1,1,36848,3168,0,7,0,0,0,NORMAL,0,3,1,6,18,51,0,101,0,0,0,0,0,0,0
39764,28,bully,2916,1,6,121131,51,0,306,0,1,28,36848,2916,0,7,0,0,0,LEADER,1,4,1,34,6,51,0,0,0,0,0,0,0,0,0
40321,27,bully,3473,1,6,124473,51,0,306,0,1,27,36848,3473,0,7,0,0,0,LEADER,1,4,1,33,6,51,0,0,0,0,0,0,0,0,0
40355,37,bully,3507,1,6,124677,51,0,306,0,1,37,36848,3507,0,7,0,0,0,LEADER,1,4,1,43,6,51,0,0,0,0,0,0,0,0,0
39709,19,bully,2861,1,6,120801,51,0,306,0,1,19,36848,2861,0,7,0,0,0,LEADER,1,4,1,25,6,51,0,0,0,0,0,0,0,0,0
39573,22,bully,2725,1,6,119985,51,0,306,0,1,22,36848,2725,0,7,0,0,0,LEADER,1,4,1,28,6,51,0,0,0,0,0,0,0,0,0
39592,21,bully,2747,1,6,120109,51,0,306,0,1,21,36845,2747,0,7,0,0,0,LEADER,1,4,1,27,6,51,0,0,0,0,0,0,0,0,0
40049,33,bully,3201,1,6,122841,51,0,306,0,1,33,36848,3201,0,7,0,0,0,LEADER,1,4,1,39,6,51,0,0,0,0,0,0,0,0,0
40082,43,bully,3234,1,6,123039,51,0,306,0,1,43,36848,3234,0,7,0,0,0,LEADER,1,4,1,49,6,51,0,0,0,0,0,0,0,0,0
39846,16,bully,2998,1,6,121623,51,52,306,312,2,1,36848,2998,0,7,0,0,0,NORMAL,0,3,1,6,27,51,0,52,0,0,0,0,0,0,0
40350,32,bully,3502,1,6,124647,51,0,306,0,1,32,36848,3502,0,7,0,0,0,LEADER,1,4,1,38,6,51,0,0,0,0,0,0,0,0,0
40391,4,bully,3543,1,6,124893,51,104,306,624,1,1,36848,3543,0,7,0,0,0,NORMAL,0,3,1,6,21,51,0,104,0,0,0,0,0,0,0
40458,24,bully,3610,1,6,125295,51,0,306,0,1,24,36848,3610,0,7,0,0,0,LEADER,1,4,1,30,6,51,0,0,0,0,0,0,0,0,0
40152,20,bully,3304,1,6,123459,51,0,306,0,1,20,36848,3304,0,7,0,0,0,LEADER,1,4,1,26,6,51,0,0,0,0,0,0,0,0,0
39798,38,bully,2950,1,6,121335,51,0,306,0,1,38,36848,2950,0,7,0,0,0,LEADER,1,4,1,44,6,51,0,0,0,0,0,0,0,0,0
40433,23,bully,3585,1,6,125145,51,0,306,0,1,23,36848,3585,0,7,0,0,0,LEADER,1,4,1,29,6,51,0,0,0,0,0,0,0,0,0
40255,7,bully,3407,1,6,124077,51,104,306,624,2,1,36848,3407,0,7,0,0,0,NORMAL,0,3,1,6,25,51,0,104,0,0,0,0,0,0,0
40388,47,bully,3540,1,6,124875,51,0,306,0,1,47,36848,3540,0,7,0,0,0,LEADER,1,4,1,53,6,51,0,0,0,0,0,0,0,0,0
40240,39,bully,3392,1,6,123987,51,0,306,0,1,39,36848,3392,0,7,0,0,0,LEADER,1,4,1,45,6,51,0,0,0,0,0,0,0,0,0
40403,15,bully,3555,1,6,124965,51,52,306,312,2,1,36848,3555,0,7,0,0,0,NORMAL,0,3,1,6,27,51,0,52,0,0,0,0,0,0,0
40273,49,bully,3425,1,6,124185,51,0,306,0,1,49,36848,3425,0,7,0,0,0,LEADER,1,4,1,55,6,51,0,0,0,0,0,0,0,0,0
40064,1,bully,3216,1,6,122931,51,104,306,624,1,1,36848,3216,0,7,0,0,0,LEADER,1,4,1,7,6,51,0,104,0,0,0,0,0,0,0
40218,40,bully,3371,1,6,123857,51,0,306,0,1,40,36847,3371,0,7,0,0,0,LEADER,1,4,1,46,6,51,0,0,0,0,0,0,0,0,0
40425,14,bully,3577,1,6,125097,51,52,306,312,2,1,36848,3577,0,7,0,0,0,NORMAL,0,3,1,6,25,51,0,52,0,0,0,0,0,0,0
40525,44,bully,3677,1,6,125697,51,0,306,0,1,44,36848,3677,0,7,0,0,0,LEADER,1,4,1,50,6,51,0,0,0,0,0,0,0,0,0
40540,12,bully,3692,1,6,125787,51,52,306,312,1,1,36848,3692,0,7,0,0,0,NORMAL,0,3,1,6,21,51,0,52,0,0,0,0,0,0,0
40491,34,bully,3643,1,6,125493,51,0,306,0,1,34,36848,3643,0,7,0,0,0,LEADER,1,4,1,40,6,51,0,0,0,0,0,0,0,0,0
42034,18,bully,2883,1,6,120933,54,0,324,0,1,18,39151,2883,0,7,0,0,0,LEADER,1,4,1,27,6,54,0,0,0,0,0,0,0,0,0
41979,9,bully,2828,1,6,120603,54,52,324,312,1,1,39151,2828,0,7,0,0,0,NORMAL,0,3,1,9,18,54,0,52,0,0,0,0,0,0,0
42134,13,bully,2983,1,6,121533,54,52,324,312,2,1,39151,2983,0,7,0,0,0,NORMAL,0,3,1,9,24,54,0,52,0,0,0,0,0,0,0
42204,25,bully,3053,1,6,121953,54,0,324,0,1,25,39151,3053,0,7,0,0,0,LEADER,1,4,1,34,6,54,0,0,0,0,0,0,0,0,0
42214,36,bully,3065,1,6,122021,54,0,324,0,1,36,39149,3065,0,7,0,0,0,LEADER,1,4,1,45,6,54,0,0,0,0,0,0,0,0,0
42046,29,bully,2895,1,6,121005,54,0,324,0,1,29,39151,2895,0,7,0,0,0,LEADER,1,4,1,38,6,54,0,0,0,0,0,0,0,0,0
42237,35,bully,3086,1,6,122151,54,0,324,0,1,35,39151,3086,0,7,0,0,0,LEADER,1,4,1,44,6,54,0,0,0,0,0,0,0,0,0
42115,6,bully,2965,1,6,121424,54,106,324,636,2,1,39150,2965,0,7,0,0,0,NORMAL,0,3,1,9,24,54,0,106,0,0,0,0,0,0,0
42284,48,bully,3133,1,6,122433,54,0,324,0,1,48,39151,3133,0,7,0,0,0,LEADER,1,4,1,57,6,54,0,0,0,0,0,0,0,0,0
42019,50,bully,2868,1,6,120843,54,0,324,0,1,50,39151,2868,0,7,0,0,0,LEADER,1,4,1,59,6,54,0,0,0,0,0,0,0,0,0
41961,41,bully,2813,1,6,120503,54,0,324,0,1,41,39148,2813,0,7,0,0,0,LEADER,1,4,1,50,6,54,0,0,0,0,0,0,0,0,0
42422,10,bully,3271,1,6,123261,54,53,324,318,1,1,39151,3271,0,7,0,0,0,NORMAL,0,3,1,9,20,54,0,53,0,0,0,0,0,0,0
42252,3,bully,3101,1,6,122241,54,106,324,636,1,1,39151,3101,0,7,0,0,0,NORMAL,0,3,1,9,20,54,0,106,0,0,0,0,0,0,0
41864,11,bully,2713,1,6,119913,54,53,324,318,1,1,39151,2713,0,7,0,0,0,NORMAL,0,3,1,9,26,54,0,53,0,0,0,0,0,0,0
42270,45,bully,3119,1,6,122349,54,0,324,0,1,45,39151,3119,0,7,0,0,0,LEADER,1,4,1,54,6,54,0,0,0,0,0,0,0,0,0
42407,42,bully,3256,1,6,123171,54,0,324,0,1,42,39151,3256,0,7,0,0,0,LEADER,1,4,1,51,6,54,0,0,0,0,0,0,0,0,0
42373,46,bully,3222,1,6,122967,54,0,324,0,1,46,39151,3222,0,7,0,0,0,LEADER,1,4,1,55,6,54,0,0,0,0,0,0,0,0,0
41931,31,bully,2780,1,6,120315,54,0,324,0,1,31,39151,2780,0,7,0,0,0,LEADER,1,4,1,40,6,54,0,0,0,0,0,0,0,0,0
42537,8,bully,3386,1,6,123951,54,53,324,318,2,1,39151,3386,0,7,0,0,0,NORMAL,0,3,1,9,26,54,0,53,0,0,0,0,0,0,0
42182,26,bully,3031,1,6,121821,54,0,324,0,1,26,39151,3031,0,7,0,0,0,LEADER,1,4,1,35,6,54,0,0,0,0,0,0,0,0,0
42591,17,bully,3440,1,6,124275,54,0,324,0,1,17,39151,3440,0,7,0,0,0,LEADER,1,4,1,26,6,54,0,0,0,0,0,0,0,0,0
42488,30,bully,3337,1,6,123657,54,0,324,0,1,30,39151,3337,0,7,0,0,0,LEADER,1,4,1,39,6,54,0,0,0,0,0,0,0,0,0
42673,5,bully,3522,1,6,124767,54,108,324,648,2,1,39151,3522,0,7,0,0,0,NORMAL,0,3,1,9,22,54,0,108,0,0,0,0,0,0,0
42319,2,bully,3168,1,6,122643,54,107,324,642,1,1,39151,3168,0,7,0,0,0,NORMAL,0,3,1,9,18,54,0,107,0,0,0,0,0,0,0
42067,28,bully,2916,1,6,121131,54,0,324,0,1,28,39151,2916,0,7,0,0,0,LEADER,1,4,1,37,6,54,0,0,0,0,0,0,0,0,0
42624,27,bully,3473,1,6,124473,54,0,324,0,1,27,39151,3473,0,7,0,0,0,LEADER,1,4,1,36,6,54,0,0,0,0,0,0,0,0,0
42658,37,bully,3507,1,6,124677,54,0,324,0,1,37,39151,3507,0,7,0,0,0,LEADER,1,4,1,46,6,54,0,0,0,0,0,0,0,0,0
42012,19,bully,2861,1,6,120801,54,0,324,0,1,19,39151,2861,0,7,0,0,0,LEADER,1,4,1,28,6,54,0,0,0,0,0,0,0,0,0
41876,22,bully,2725,1,6,119985,54,0,324,0,1,22,39151,2725,0,7,0,0,0,LEADER,1,4,1,31,6,54,0,0,0,0,0,0,0,0,0
41895,21,bully,2747,1,6,120109,54,0,324,0,1,21,39148,2747,0,7,0,0,0,LEADER,1,4,1,30,6,54,0,0,0,0,0,0,0,0,0
42352,33,bully,3201,1,6,122841,54,0,324,0,1,33,39151,3201,0,7,0,0,0,LEADER,1,4,1,42,6,54,0,0,0,0,0,0,0,0,0
42385,43,bully,3234,1,6,123039,54,0,324,0,1,43,39151,3234,0,7,0,0,0,LEADER,1,4,1,52,6,54,0,0,0,0,0,0,0,0,0
42149,16,bully,2998,1,6,121623,54,55,324,330,2,1,39151,2998,0,7,0,0,0,NORMAL,0,3,1,9,27,54,0,55,0,0,0,0,0,0,0
42653,32,bully,3502,1,6,124647,54,0,324,0,1,32,39151,3502,0,7,0,0,0,LEADER,1,4,1,41,6,54,0,0,0,0,0,0,0,0,0
42694,4,bully,3543,1,6,124893,54,110,324,660,1,1,39151,3543,0,7,0,0,0,NORMAL,0,3,1,9,21,54,0,110,0,0,0,0,0,0,0
42761,24,bully,3610,1,6,125295,54,0,324,0,1,24,39151,3610,0,7,0,0,0,LEADER,1,4,1,33,6,54,0,0,0,0,0,0,0,0,0
42455,20,bully,3304,1,6,123459,54,0,324,0,1,20,39151,3304,0,7,0,0,0,LEADER,1,4,1,29,6,54,0,0,0,0,0,0,0,0,0
42101,38,bully,2950,1,6,121335,54,0,324,0,1,38,39151,2950,0,7,0,0,0,LEADER,1,4,1,47,6,54,0,0,0,0,0,0,0,0,0
42736,23,bully,3585,1,6,125145,54,0,324,0,1,23,39151,3585,0,7,0,0,0,LEADER,1,4,1,32,6,54,0,0,0,0,0,0,0,0,0
42558,7,bully,3407,1,6,124077,54,110,324,660,2,1,39151,3407,0,7,0,0,0,NORMAL,0,3,1,9,25,54,0,110,0,0,0,0,0,0,0
42691,47,bully,3540,1,6,124875,54,0,324,0,1,47,39151,3540,0,7,0,0,0,LEADER,1,4,1,56,6,54,0,0,0,0,0,0,0,0,0
42543,39,bully,3392,1,6,123987,54,0,324,0,1,39,39151,3392,0,7,0,0,0,LEADER,1,4,1,48,6,54,0,0,0,0,0,0,0,0,0
42706,15,bully,3555,1,6,124965,54,55,324,330,2,1,39151,3555,0,7,0,0,0,NORMAL,0,3,1,9,27,54,0,55,0,0,0,0,0,0,0
42576,49,bully,3425,1,6,124185,54,0,324,0,1,49,39151,3425,0,7,0,0,0,LEADER,1,4,1,58,6,54,0,0,0,0,0,0,0,0,0
42367,1,bully,3216,1,6,122931,54,109,324,654,1,1,39151,3216,0,7,0,0,0,LEADER,1,4,1,10,6,54,0,109,0,0,0,0,0,0,0
42521,40,bully,3371,1,6,123857,54,0,324,0,1,40,39150,3371,0,7,0,0,0,LEADER,1,4,1,49,6,54,0,0,0,0,0,0,0,0,0
42728,14,bully,3577,1,6,125097,54,55,324,330,2,1,39151,3577,0,7,0,0,0,NORMAL,0,3,1,9,25,54,0,55,0,0,0,0,0,0,0
42828,44,bully,3677,1,6,125697,54,0,324,0,1,44,39151,3677,0,7,0,0,0,LEADER,1,4,1,53,6,54,0,0,0,0,0,0,0,0,0
42843,12,bully,3692,1,6,125787,54,55,324,330,1,1,39151,3692,0,7,0,0,0,NORMAL,0,3,1,9,21,54,0,55,0,0,0,0,0,0,0
42794,34,bully,3643,1,6,125493,54,0,324,0,1,34,39151,3643,0,7,0,0,0,LEADER,1,4,1,43,6,54,0,0,0,0,0,0,0,0,0
44337,18,bully,2883,1,7,165270,57,0,342,0,1,18,41454,2883,0,8,0,0,0,LEADER,1,4,1,21,7,57,0,0,0,0,0,0,0,0,0
44282,9,bully,2828,1,7,164885,57,55,342,330,1,1,41454,2828,0,8,0,0,0,NORMAL,0,3,2,3,21,57,0,55,0,0,0,0,0,0,0
44437,13,bully,2983,1,7,165970,57,55,342,330,2,1,41454,2983,0,8,0,0,0,NORMAL,0,3,2,3,27,57,0,55,0,0,0,0,0,0,0
44507,25,bully,3053,1,7,166460,57,0,342,0,1,25,41454,3053,0,8,0,0,0,LEADER,1,4,1,28,7,57,0,0,0,0,0,0,0,0,0
44516,36,bully,3065,1,7,166537,57,0,342,0,1,36,41451,3065,0,8,0,0,0,LEADER,1,4,1,39,7,57,0,0,0,0,0,0,0,0,0
44349,29,bully,2895,1,7,165354,57,0,342,0,1,29,41454,2895,0,8,0,0,0,LEADER,1,4,1,32,7,57,0,0,0,0,0,0,0,0,0
44540,35,bully,3086,1,7,166691,57,0,342,0,1,35,41454,3086,0,8,0,0,0,LEADER,1,4,1,38,7,57,0,0,0,0,0,0,0,0,0
44418,6,bully,2965,1,7,165842,57,112,342,672,2,1,41453,2965,0,8,0,0,0,NORMAL,0,3,2,3,27,57,0,112,0,0,0,0,0,0,0
44587,48,bully,3133,1,7,167020,57,0,342,0,1,48,41454,3133,0,8,0,0,0,LEADER,1,4,1,51,7,57,0,0,0,0,0,0,0,0,0
44322,50,bully,2868,1,7,165165,57,0,342,0,1,50,41454,2868,0,8,0,0,0,LEADER,1,4,1,53,7,57,0,0,0,0,0,0,0,0,0
44725,10,bully,3271,1,7,167986,57,56,342,336,1,1,41454,3271,0,8,0,0,0,NORMAL,0,3,2,3,23,57,0,56,0,0,0,0,0,0,0
44264,41,bully,2813,1,7,164767,57,0,342,0,1,41,41451,2813,0,8,0,0,0,LEADER,1,4,1,44,7,57,0,0,0,0,0,0,0,0,0
44555,3,bully,3101,1,7,166796,57,112,342,672,1,1,41454,3101,0,8,0,0,0,NORMAL,0,3,2,3,23,57,0,112,0,0,0,0,0,0,0
44167,11,bully,2713,1,7,164080,57,56,342,336,1,1,41454,2713,0,8,0,0,0,NORMAL,0,3,2,3,30,57,0,56,0,0,0,0,0,0,0
44573,45,bully,3119,1,7,166922,57,0,342,0,1,45,41454,3119,0,8,0,0,0,LEADER,1,4,1,48,7,57,0,0,0,0,0,0,0,0,0
44710,42,bully,3256,1,7,167881,57,0,342,0,1,42,41454,3256,0,8,0,0,0,LEADER,1,4,1,45,7,57,0,0,0,0,0,0,0,0,0
44676,46,bully,3222,1,7,167643,57,0,342,0,1,46,41454,3222,0,8,0,0,0,LEADER,1,4,1,49,7,57,0,0,0,0,0,0,0,0,0
44234,31,bully,2780,1,7,164549,57,0,342,0,1,31,41454,2780,0,8,0,0,0,LEADER,1,4,1,34,7,57,0,0,0,0,0,0,0,0,0
44840,8,bully,3386,1,7,168791,57,56,342,336,2,1,41454,3386,0,8,0,0,0,NORMAL,0,3,2,3,29,57,0,56,0,0,0,0,0,0,0
44485,26,bully,3031,1,7,166306,57,0,342,0,1,26,41454,3031,0,8,0,0,0,LEADER,1,4,1,29,7,57,0,0,0,0,0,0,0,0,0
44894,17,bully,3440,1,7,169169,57,0,342,0,1,17,41454,3440,0,8,0,0,0,LEADER,1,4,1,20,7,57,0,0,0,0,0,0,0,0,0
44791,30,bully,3337,1,7,168448,57,0,342,0,1,30,41454,3337,0,8,0,0,0,LEADER,1,4,1,33,7,57,0,0,0,0,0,0,0,0,0
44976,5,bully,3522,1,7,169743,57,114,342,684,2,1,41454,3522,0,8,0,0,0,NORMAL,0,3,2,3,25,57,0,114,0,0,0,0,0,0,0
44622,2,bully,3168,1,7,167265,57,113,342,678,1,1,41454,3168,0,8,0,0,0,NORMAL,0,3,2,3,21,57,0,113,0,0,0,0,0,0,0
44370,28,bully,2916,1,7,165501,57,0,342,0,1,28,41454,2916,0,8,0,0,0,LEADER,1,4,1,31,7,57,0,0,0,0,0,0,0,0,0
44927,27,bully,3473,1,7,169400,57,0,342,0,1,27,41454,3473,0,8,0,0,0,LEADER,1,4,1,30,7,57,0,0,0,0,0,0,0,0,0
44961,37,bully,3507,1,7,169638,57,0,342,0,1,37,41454,3507,0,8,0,0,0,LEADER,1,4,1,40,7,57,0,0,0,0,0,0,0,0,0
44315,19,bully,2861,1,7,165116,57,0,342,0,1,19,41454,2861,0,8,0,0,0,LEADER,1,4,1,22,7,57,0,0,0,0,0,0,0,0,0
44179,22,bully,2725,1,7,164164,57,0,342,0,1,22,41454,2725,0,8,0,0,0,LEADER,1,4,1,25,7,57,0,0,0,0,0,0,0,0,0
44198,21,bully,2747,1,7,164307,57,0,342,0,1,21,41451,2747,0,8,0,0,0,LEADER,1,4,1,24,7,57,0,0,0,0,0,0,0,0,0
44655,33,bully,3201,1,7,167496,57,0,342,0,1,33,41454,3201,0,8,0,0,0,LEADER,1,4,1,36,7,57,0,0,0,0,0,0,0,0,0
44688,43,bully,3234,1,7,167727,57,0,342,0,1,43,41454,3234,0,8,0,0,0,LEADER,1,4,1,46,7,57,0,0,0,0,0,0,0,0,0
44452,16,bully,2998,1,7,166075,57,58,342,348,2,1,41454,2998,0,8,0,0,0,NORMAL,0,3,2,3,30,57,0,58,0,0,0,0,0,0,0
44956,32,bully,3502,1,7,169603,57,0,342,0,1,32,41454,3502,0,8,0,0,0,LEADER,1,4,1,35,7,57,0,0,0,0,0,0,0,0,0
44997,4,bully,3543,1,7,169890,57,116,342,696,1,1,41454,3543,0,8,0,0,0,NORMAL,0,3,2,3,24,57,0,116,0,0,0,0,0,0,0
45064,24,bully,3610,1,7,170359,57,0,342,0,1,24,41454,3610,0,8,0,0,0,LEADER,1,4,1,27,7,57,0,0,0,0,0,0,0,0,0
44758,20,bully,3304,1,7,168217,57,0,342,0,1,20,41454,3304,0,8,0,0,0,LEADER,1,4,1,23,7,57,0,0,0,0,0,0,0,0,0
44404,38,bully,2950,1,7,165739,57,0,342,0,1,38,41454,2950,0,8,0,0,0,LEADER,1,4,1,41,7,57,0,0,0,0,0,0,0,0,0
45039,23,bully,3585,1,7,170184,57,0,342,0,1,23,41454,3585,0,8,0,0,0,LEADER,1,4,1,26,7,57,0,0,0,0,0,0,0,0,0
44861,7,bully,3407,1,7,168938,57,116,342,696,2,1,41454,3407,0,8,0,0,0,NORMAL,0,3,2,3,28,57,0,116,0,0,0,0,0,0,0
44994,47,bully,3540,1,7,169869,57,0,342,0,1,47,41454,3540,0,8,0,0,0,LEADER,1,4,1,50,7,57,0,0,0,0,0,0,0,0,0
44846,39,bully,3392,1,7,168833,57,0,342,0,1,39,41454,3392,0,8,0,0,0,LEADER,1,4,1,42,7,57,0,0,0,0,0,0,0,0,0
45009,15,bully,3555,1,7,169974,57,58,342,348,2,1,41454,3555,0,8,0,0,0,NORMAL,0,3,2,3,30,57,0,58,0,0,0,0,0,0,0
44879,49,bully,3425,1,7,169064,57,0,342,0,1,49,41454,3425,0,8,0,0,0,LEADER,1,4,1,52,7,57,0,0,0,0,0,0,0,0,0
44670,1,bully,3216,1,7,167601,57,116,342,696,1,1,41454,3216,0,8,0,0,0,LEADER,1,4,1,4,7,57,0,116,0,0,0,0,0,0,0
44824,40,bully,3371,1,7,168681,57,0,342,0,1,40,41453,3371,0,8,0,0,0,LEADER,1,4,1,43,7,57,0,0,0,0,0,0,0,0,0
45031,14,bully,3577,1,7,170128,57,58,342,348,2,1,41454,3577,0,8,0,0,0,NORMAL,0,3,2,3,28,57,0,58,0,0,0,0,0,0,0
45131,44,bully,3677,1,7,170828,57,0,342,0,1,44,41454,3677,0,8,0,0,0,LEADER,1,4,1,47,7,57,0,0,0,0,0,0,0,0,0
45146,12,bully,3692,1,7,170933,57,58,342,348,1,1,41454,3692,0,8,0,0,0,NORMAL,0,3,2,3,24,57,0,58,0,0,0,0,0,0,0
45097,34,bully,3643,1,7,170590,57,0,342,0,1,34,41454,3643,0,8,0,0,0,LEADER,1,4,1,37,7,57,0,0,0,0,0,0,0,0,0
46640,18,bully,2883,1,7,165270,60,0,360,0,1,18,43757,2883,0,8,0,0,0,LEADER,1,4,1,24,7,60,0,0,0,0,0,0,0,0,0
46585,9,bully,2828,1,7,164885,60,58,360,348,1,1,43757,2828,0,8,0,0,0,NORMAL,0,3,1,6,21,60,0,58,0,0,0,0,0,0,0
46740,13,bully,2983,1,7,165970,60,58,360,348,2,1,43757,2983,0,8,0,0,0,NORMAL,0,3,1,6,27,60,0,58,0,0,0,0,0,0,0
46810,25,bully,3053,1,7,166460,60,0,360,0,1,25,43757,3053,0,8,0,0,0,LEADER,1,4,1,31,7,60,0,0,0,0,0,0,0,0,0
46819,36,bully,3065,1,7,166537,60,0,360,0,1,36,43754,3065,0,8,0,0,0,LEADER,1,4,1,42,7,60,0,0,0,0,0,0,0,0,0
46652,29,bully,2895,1,7,165354,60,0,360,0,1,29,43757,2895,0,8,0,0,0,LEADER,1,4,1,35,7,60,0,0,0,0,0,0,0,0,0
46843,35,bully,3086,1,7,166691,60,0,360,0,1,35,43757,3086,0,8,0,0,0,LEADER,1,4,1,41,7,60,0,0,0,0,0,0,0,0,0
46721,6,bully,2965,1,7,165842,60,118,360,708,2,1,43756,2965,0,8,0,0,0,NORMAL,0,3,1,6,27,60,0,118,0,0,0,0,0,0,0
46890,48,bully,3133,1,7,167020,60,0,360,0,1,48,43757,3133,0,8,0,0,0,LEADER,1,4,1,54,7,60,0,0,0,0,0,0,0,0,0
46625,50,bully,2868,1,7,165165,60,0,360,0,1,50,43757,2868,0,8,0,0,0,LEADER,1,4,1,56,7,60,0,0,0,0,0,0,0,0,0
47028,10,bully,3271,1,7,167986,60,59,360,354,1,1,43757,3271,0,8,0,0,0,NORMAL,0,3,1,6,23,60,0,59,0,0,0,0,0,0,0
46567,41,bully,2813,1,7,164767,60,0,360,0,1,41,43754,2813,0,8,0,0,0,LEADER,1,4,1,47,7,60,0,0,0,0,0,0,0,0,0
46858,3,bully,3101,1,7,166796,60,118,360,708,1,1,43757,3101,0,8,0,0,0,NORMAL,0,3,1,6,23,60,0,118,0,0,0,0,0,0,0
46470,11,bully,2713,1,7,164080,60,59,360,354,1,1,43757,2713,0,8,0,0,0,NORMAL,0,3,1,6,30,60,0,59,0,0,0,0,0,0,0
46876,45,bully,3119,1,7,166922,60,0,360,0,1,45,43757,3119,0,8,0,0,0,LEADER,1,4,1,51,7,60,0,0,0,0,0,0,0,0,0
47013,42,bully,3256,1,7,167881,60,0,360,0,1,42,43757,3256,0,8,0,0,0,LEADER,1,4,1,48,7,60,0,0,0,0,0,0,0,0,0
46979,46,bully,3222,1,7,167643,60,0,360,0,1,46,43757,3222,0,8,0,0,0,LEADER,1,4,1,52,7,60,0,0,0,0,0,0,0,0,0
46537,31,bully,2780,1,7,164549,60,0,360,0,1,31,43757,2780,0,8,0,0,0,LEADER,1,4,1,37,7,60,0,0,0,0,0,0,0,0,0
47143,8,bully,3386,1,7,168791,60,59,360,354,2,1,43757,3386,0,8,0,0,0,NORMAL,0,3,1,6,29,60,0,59,0,0,0,0,0,0,0
46788,26,bully,3031,1,7,166306,60,0,360,0,1,26,43757,3031,0,8,0,0,0,LEADER,1,4,1,32,7,60,0,0,0,0,0,0,0,0,0
47197,17,bully,3440,1,7,169169,60,0,360,0,1,17,43757,3440,0,8,0,0,0,LEADER,1,4,1,23,7,60,0,0,0,0,0,0,0,0,0
47094,30,bully,3337,1,7,168448,60,0,360,0,1,30,43757,3337,0,8,0,0,0,LEADER,1,4,1,36,7,60,0,0,0,0,0,0,0,0,0
47279,5,bully,3522,1,7,169743,60,119,360,714,2,1,43757,3522,0,8,0,0,0,NORMAL,0,3,1,6,25,60,0,119,0,0,0,0,0,0,0
46925,2,bully,3168,1,7,167265,60,119,360,714,1,1,43757,3168,0,8,0,0,0,NORMAL,0,3,1,6,21,60,0,119,0,0,0,0,0,0,0
46673,28,bully,2916,1,7,165501,60,0,360,0,1,28,43757,2916,0,8,0,0,0,LEADER,1,4,1,34,7,60,0,0,0,0,0,0,0,0,0
47230,27,bully,3473,1,7,169400,60,0,360,0,1,27,43757,3473,0,8,0,0,0,LEADER,1,4,1,33,7,60,0,0,0,0,0,0,0,0,0
47264,37,bully,3507,1,7,169638,60,0,360,0,1,37,43757,3507,0,8,0,0,0,LEADER,1,4,1,43,7,60,0,0,0,0,0,0,0,0,0
46618,19,bully,2861,1,7,165116,60,0,360,0,1,19,43757,2861,0,8,0,0,0,LEADER,1,4,1,25,7,60,0,0,0,0,0,0,0,0,0
46482,22,bully,2725,1,7,164164,60,0,360,0,1,22,43757,2725,0,8,0,0,0,LEADER,1,4,1,28,7,60,0,0,0,0,0,0,0,0,0
46501,21,bully,2747,1,7,164307,60,0,360,0,1,21,43754,2747,0,8,0,0,0,LEADER,1,4,1,27,7,60,0,0,0,0,0,0,0,0,0
46958,33,bully,3201,1,7,167496,60,0,360,0,1,33,43757,3201,0,8,0,0,0,LEADER,1,4,1,39,7,60,0,0,0,0,0,0,0,0,0
46991,43,bully,3234,1,7,167727,60,0,360,0,1,43,43757,3234,0,8,0,0,0,LEADER,1,4,1,49,7,60,0,0,0,0,0,0,0,0,0
46755,16,bully,2998,1,7,166075,60,61,360,366,2,1,43757,2998,0,8,0,0,0,NORMAL,0,3,1,6,30,60,0,61,0,0,0,0,0,0,0
47259,32,bully,3502,1,7,169603,60,0,360,0,1,32,43757,3502,0,8,0,0,0,LEADER,1,4,1,38,7,60,0,0,0,0,0,0,0,0,0
47300,4,bully,3543,1,7,169890,60,122,360,732,1,1,43757,3543,0,8,0,0,0,NORMAL,0,3,1,6,24,60,0,122,0,0,0,0,0,0,0
47367,24,bully,3610,1,7,170359,60,0,360,0,1,24,43757,3610,0,8,0,0,0,LEADER,1,4,1,30,7,60,0,0,0,0,0,0,0,0,0
47061,20,bully,3304,1,7,168217,60,0,360,0,1,20,43757,3304,0,8,0,0,0,LEADER,1,4,1,26,7,60,0,0,0,0,0,0,0,0,0
46707,38,bully,2950,1,7,165739,60,0,360,0,1,38,43757,2950,0,8,0,0,0,LEADER,1,4,1,44,7,60,0,0,0,0,0,0,0,0,0
47342,23,bully,3585,1,7,170184,60,0,360,0,1,23,43757,3585,0,8,0,0,0,LEADER,1,4,1,29,7,60,0,0,0,0,0,0,0,0,0
47164,7,bully,3407,1,7,168938,60,122,360,732,2,1,43757,3407,0,8,0,0,0,NORMAL,0,3,1,6,28,60,0,122,0,0,0,0,0,0,0
47297,47,bully,3540,1,7,169869,60,0,360,0,1,47,43757,3540,0,8,0,0,0,LEADER,1,4,1,53,7,60,0,0,0,0,0,0,0,0,0
47149,39,bully,3392,1,7,168833,60,0,360,0,1,39,43757,3392,0,8,0,0,0,LEADER,1,4,1,45,7,60,0,0,0,0,0,0,0,0,0
47312,15,bully,3555,1,7,169974,60,61,360,366,2,1,43757,3555,0,8,0,0,0,NORMAL,0,3,1,6,30,60,0,61,0,0,0,0,0,0,0
47182,49,bully,3425,1,7,169064,60,0,360,0,1,49,43757,3425,0,8,0,0,0,LEADER,1,4,1,55,7,60,0,0,0,0,0,0,0,0,0
46973,1,bully,3216,1,7,167601,60,122,360,732,1,1,43757,3216,0,8,0,0,0,LEADER,1,4,1,7,7,60,0,122,0,0,0,0,0,0,0
47127,40,bully,3371,1,7,168681,60,0,360,0,1,40,43756,3371,0,8,0,0,0,LEADER,1,4,1,46,7,60,0,0,0,0,0,0,0,0,0
47334,14,bully,3577,1,7,170128,60,60,360,360,2,1,43757,3577,0,8,0,0,0,NORMAL,0,3,1,6,28,60,0,60,0,0,0,0,0,0,0
47434,44,bully,3677,1,7,170828,60,0,360,0,1,44,43757,3677,0,8,0,0,0,LEADER,1,4,1,50,7,60,0,0,0,0,0,0,0,0,0
47449,12,bully,3692,1,7,170933,60,61,360,366,1,1,43757,3692,0,8,0,0,0,NORMAL,0,3,1,6,24,60,0,61,0,0,0,0,0,0,0
47400,34,bully,3643,1,7,170590,60,0,360,0,1,34,43757,3643,0,8,0,0,0,LEADER,1,4,1,40,7,60,0,0,0,0,0,0,0,0,0
48943,18,bully,2883,1,7,165270,63,0,378,0,1,18,46060,2883,0,8,0,0,0,LEADER,1,4,1,27,7,63,0,0,0,0,0,0,0,0,0
48888,9,bully,2828,1,7,164885,63,61,378,366,1,1,46060,2828,0,8,0,0,0,NORMAL,0,3,1,9,21,63,0,61,0,0,0,0,0,0,0
49043,13,bully,2983,1,7,165970,63,61,378,366,2,1,46060,2983,0,8,0,0,0,NORMAL,0,3,1,9,27,63,0,61,0,0,0,0,0,0,0
49113,25,bully,3053,1,7,166460,63,0,378,0,1,25,46060,3053,0,8,0,0,0,LEADER,1,4,1,34,7,63,0,0,0,0,0,0,0,0,0
49122,36,bully,3065,1,7,166537,63,0,378,0,1,36,46057,3065,0,8,0,0,0,LEADER,1,4,1,45,7,63,0,0,0,0,0,0,0,0,0
48955,29,bully,2895,1,7,165354,63,0,378,0,1,29,46060,2895,0,8,0,0,0,LEADER,1,4,1,38,7,63,0,0,0,0,0,0,0,0,0
49146,35,bully,3086,1,7,166691,63,0,378,0,1,35,46060,3086,0,8,0,0,0,LEADER,1,4,1,44,7,63,0,0,0,0,0,0,0,0,0
49024,6,bully,2965,1,7,165842,63,124,378,744,2,1,46059,2965,0,8,0,0,0,NORMAL,0,3,1,9,27,63,0,124,0,0,0,0,0,0,0
49193,48,bully,3133,1,7,167020,63,0,378,0,1,48,46060,3133,0,8,0,0,0,LEADER,1,4,1,57,7,63,0,0,0,0,0,0,0,0,0
48928,50,bully,2868,1,7,165165,63,0,378,0,1,50,46060,2868,0,8,0,0,0,LEADER,1,4,1,59,7,63,0,0,0,0,0,0,0,0,0
48870,41,bully,2813,1,7,164767,63,0,378,0,1,41,46057,2813,0,8,0,0,0,LEADER,1,4,1,50,7,63,0,0,0,0,0,0,0,0,0
49331,10,bully,3271,1,7,167986,63,62,378,372,1,1,46060,3271,0,8,0,0,0,NORMAL,0,3,1,9,23,63,0,62,0,0,0,0,0,0,0
49161,3,bully,3101,1,7,166796,63,124,378,744,1,1,46060,3101,0,8,0,0,0,NORMAL,0,3,1,9,23,63,0,124,0,0,0,0,0,0,0
48773,11,bully,2713,1,7,164080,63,62,378,372,1,1,46060,2713,0,8,0,0,0,NORMAL,0,3,1,9,30,63,0,62,0,0,0,0,0,0,0
49179,45,bully,3119,1,7,166922,63,0,378,0,1,45,46060,3119,0,8,0,0,0,LEADER,1,4,1,54,7,63,0,0,0,0,0,0,0,0,0
49316,42,bully,3256,1,7,167881,63,0,378,0,1,42,46060,3256,0,8,0,0,0,LEADER,1,4,1,51,7,63,0,0,0,0,0,0,0,0,0
49282,46,bully,3222,1,7,167643,63,0,378,0,1,46,46060,3222,0,8,0,0,0,LEADER,1,4,1,55,7,63,0,0,0,0,0,0,0,0,0
48840,31,bully,2780,1,7,164549,63,0,378,0,1,31,46060,2780,0,8,0,0,0,LEADER,1,4,1,40,7,63,0,0,0,0,0,0,0,0,0
49446,8,bully,3386,1,7,168791,63,62,378,372,2,1,46060,3386,0,8,0,0,0,NORMAL,0,3,1,9,29,63,0,62,0,0,0,0,0,0,0
49091,26,bully,3031,1,7,166306,63,0,378,0,1,26,46060,3031,0,8,0,0,0,LEADER,1,4,1,35,7,63,0,0,0,0,0,0,0,0,0
49500,17,bully,3440,1,7,169169,63,0,378,0,1,17,46060,3440,0,8,0,0,0,LEADER,1,4,1,26,7,63,0,0,0,0,0,0,0,0,0
49397,30,bully,3337,1,7,168448,63,0,378,0,1,30,46060,3337,0,8,0,0,0,LEADER,1,4,1,39,7,63,0,0,0,0,0,0,0,0,0
49582,5,bully,3522,1,7,169743,63,125,378,750,2,1,46060,3522,0,8,0,0,0,NORMAL,0,3,1,9,25,63,0,125,0,0,0,0,0,0,0
49228,2,bully,3168,1,7,167265,63,125,378,750,1,1,46060,3168,0,8,0,0,0,NORMAL,0,3,1,9,21,63,0,125,0,0,0,0,0,0,0
48976,28,bully,2916,1,7,165501,63,0,378,0,1,28,46060,2916,0,8,0,0,0,LEADER,1,4,1,37,7,63,0,0,0,0,0,0,0,0,0
49533,27,bully,3473,1,7,169400,63,0,378,0,1,27,46060,3473,0,8,0,0,0,LEADER,1,4,1,36,7,63,0,0,0,0,0,0,0,0,0
49567,37,bully,3507,1,7,169638,63,0,378,0,1,37,46060,3507,0,8,0,0,0,LEADER,1,4,1,46,7,63,0,0,0,0,0,0,0,0,0
48921,19,bully,2861,1,7,165116,63,0,378,0,1,19,46060,2861,0,8,0,0,0,LEADER,1,4,1,28,7,63,0,0,0,0,0,0,0,0,0
48785,22,bully,2725,1,7,164164,63,0,378,0,1,22,46060,2725,0,8,0,0,0,LEADER,1,4,1,31,7,63,0,0,0,0,0,0,0,0,0
48805,21,bully,2747,1,7,164307,63,0,378,0,1,21,46058,2747,0,8,0,0,0,LEADER,1,4,1,30,7,63,0,0,0,0,0,0,0,0,0
49261,33,bully,3201,1,7,167496,63,0,378,0,1,33,46060,3201,0,8,0,0,0,LEADER,1,4,1,42,7,63,0,0,0,0,0,0,0,0,0
49294,43,bully,3234,1,7,167727,63,0,378,0,1,43,46060,3234,0,8,0,0,0,LEADER,1,4,1,52,7,63,0,0,0,0,0,0,0,0,0
49058,16,bully,2998,1,7,166075,63,64,378,384,2,1,46060,2998,0,8,0,0,0,NORMAL,0,3,1,9,30,63,0,64,0,0,0,0,0,0,0
49562,32,bully,3502,1,7,169603,63,0,378,0,1,32,46060,3502,0,8,0,0,0,LEADER,1,4,1,41,7,63,0,0,0,0,0,0,0,0,0
49603,4,bully,3543,1,7,169890,63,128,378,768,1,1,46060,3543,0,8,0,0,0,NORMAL,0,3,1,9,24,63,0,128,0,0,0,0,0,0,0
49670,24,bully,3610,1,7,170359,63,0,378,0,1,24,46060,3610,0,8,0,0,0,LEADER,1,4,1,33,7,63,0,0,0,0,0,0,0,0,0
49364,20,bully,3304,1,7,168217,63,0,378,0,1,20,46060,3304,0,8,0,0,0,LEADER,1,4,1,29,7,63,0,0,0,0,0,0,0,0,0
49010,38,bully,2950,1,7,165739,63,0,378,0,1,38,46060,2950,0,8,0,0,0,LEADER,1,4,1,47,7,63,0,0,0,0,0,0,0,0,0
49645,23,bully,3585,1,7,170184,63,0,378,0,1,23,46060,3585,0,8,0,0,0,LEADER,1,4,1,32,7,63,0,0,0,0,0,0,0,0,0
49467,7,bully,3407,1,7,168938,63,128,378,768,2,1,46060,3407,0,8,0,0,0,NORMAL,0,3,1,9,28,63,0,128,0,0,0,0,0,0,0
49600,47,bully,3540,1,7,169869,63,0,378,0,1,47,46060,3540,0,8,0,0,0,LEADER,1,4,1,56,7,63,0,0,0,0,0,0,0,0,0
49452,39,bully,3392,1,7,168833,63,0,378,0,1,39,46060,3392,0,8,0,0,0,LEADER,1,4,1,48,7,63,0,0,0,0,0,0,0,0,0
49615,15,bully,3555,1,7,169974,63,64,378,384,2,1,46060,3555,0,8,0,0,0,NORMAL,0,3,1,9,30,63,0,64,0,0,0,0,0,0,0
49485,49,bully,3425,1,7,169064,63,0,378,0,1,49,46060,3425,0,8,0,0,0,LEADER,1,4,1,58,7,63,0,0,0,0,0,0,0,0,0
49276,1,bully,3216,1,7,167601,63,127,378,762,1,1,46060,3216,0,8,0,0,0,LEADER,1,4,1,10,7,63,0,127,0,0,0,0,0,0,0
49430,40,bully,3371,1,7,168681,63,0,378,0,1,40,46059,3371,0,8,0,0,0,LEADER,1,4,1,49,7,63,0,0,0,0,0,0,0,0,0
49637,14,bully,3577,1,7,170128,63,63,378,378,2,1,46060,3577,0,8,0,0,0,NORMAL,0,3,1,9,28,63,0,63,0,0,0,0,0,0,0
49737,44,bully,3677,1,7,170828,63,0,378,0,1,44,46060,3677,0,8,0,0,0,LEADER,1,4,1,53,7,63,0,0,0,0,0,0,0,0,0
49752,12,bully,3692,1,7,170933,63,64,378,384,1,1,46060,3692,0,8,0,0,0,NORMAL,0,3,1,9,24,63,0,64,0,0,0,0,0,0,0
49703,34,bully,3643,1,7,170590,63,0,378,0,1,34,46060,3643,0,8,0,0,0,LEADER,1,4,1,43,7,63,0,0,0,0,0,0,0,0,0
51246,18,bully,2883,1,8,216516,66,0,396,0,1,18,48363,2883,0,9,0,0,0,LEADER,1,4,1,21,8,66,0,0,0,0,0,0,0,0,0
51191,9,bully,2828,1,8,216076,66,64,396,384,1,1,48363,2828,0,9,0,0,0,NORMAL,0,3,2,3,24,66,0,64,0,0,0,0,0,0,0
51346,13,bully,2983,1,8,217316,66,64,396,384,2,1,48363,2983,0,9,0,0,0,NORMAL,0,3,2,3,30,66,0,64,0,0,0,0,0,0,0
51416,25,bully,3053,1,8,217876,66,0,396,0,1,25,48363,3053,0,9,0,0,0,LEADER,1,4,1,28,8,66,0,0,0,0,0,0,0,0,0
51425,36,bully,3065,1,8,217962,66,0,396,0,1,36,48360,3065,0,9,0,0,0,LEADER,1,4,1,39,8,66,0,0,0,0,0,0,0,0,0
51258,29,bully,2895,1,8,216612,66,0,396,0,1,29,48363,2895,0,9,0,0,0,LEADER,1,4,1,32,8,66,0,0,0,0,0,0,0,0,0
51449,35,bully,3086,1,8,218140,66,0,396,0,1,35,48363,3086,0,9,0,0,0,LEADER,1,4,1,38,8,66,0,0,0,0,0,0,0,0,0
51327,6,bully,2965,1,8,217169,66,130,396,780,2,1,48362,2965,0,9,0,0,0,NORMAL,0,3,2,3,30,66,0,130,0,0,0,0,0,0,0
51496,48,bully,3133,1,8,218516,66,0,396,0,1,48,48363,3133,0,9,0,0,0,LEADER,1,4,1,51,8,66,0,0,0,0,0,0,0,0,0
51231,50,bully,2868,1,8,216396,66,0,396,0,1,50,48363,2868,0,9,0,0,0,LEADER,1,4,1,53,8,66,0,0,0,0,0,0,0,0,0
51173,41,bully,2813,1,8,215940,66,0,396,0,1,41,48360,2813,0,9,0,0,0,LEADER,1,4,1,44,8,66,0,0,0,0,0,0,0,0,0
51634,10,bully,3271,1,8,219620,66,65,396,390,1,1,48363,3271,0,9,0,0,0,NORMAL,0,3,2,3,26,66,0,65,0,0,0,0,0,0,0
51464,3,bully,3101,1,8,218260,66,130,396,780,1,1,48363,3101,0,9,0,0,0,NORMAL,0,3,2,3,26,66,0,130,0,0,0,0,0,0,0
51076,11,bully,2713,1,8,215156,66,65,396,390,1,1,48363,2713,0,9,0,0,0,NORMAL,0,3,2,3,34,66,0,65,0,0,0,0,0,0,0
51482,45,bully,3119,1,8,218404,66,0,396,0,1,45,48363,3119,0,9,0,0,0,LEADER,1,4,1,48,8,66,0,0,0,0,0,0,0,0,0
51619,42,bully,3256,1,8,219500,66,0,396,0,1,42,48363,3256,0,9,0,0,0,LEADER,1,4,1,45,8,66,0,0,0,0,0,0,0,0,0
51585,46,bully,3222,1,8,219228,66,0,396,0,1,46,48363,3222,0,9,0,0,0,LEADER,1,4,1,49,8,66,0,0,0,0,0,0,0,0,0
51143,31,bully,2780,1,8,215692,66,0,396,0,1,31,48363,2780,0,9,0,0,0,LEADER,1,4,1,34,8,66,0,0,0,0,0,0,0,0,0
51749,8,bully,3386,1,8,220540,66,65,396,390,2,1,48363,3386,0,9,0,0,0,NORMAL,0,3,2,3,32,66,0,65,0,0,0,0,0,0,0
51394,26,bully,3031,1,8,217700,66,0,396,0,1,26,48363,3031,0,9,0,0,0,LEADER,1,4,1,29,8,66,0,0,0,0,0,0,0,0,0
51803,17,bully,3440,1,8,220972,66,0,396,0,1,17,48363,3440,0,9,0,0,0,LEADER,1,4,1,20,8,66,0,0,0,0,0,0,0,0,0
51700,30,bully,3337,1,8,220148,66,0,396,0,1,30,48363,3337,0,9,0,0,0,LEADER,1,4,1,33,8,66,0,0,0,0,0,0,0,0,0
51885,5,bully,3522,1,8,221628,66,131,396,786,2,1,48363,3522,0,9,0,0,0,NORMAL,0,3,2,3,28,66,0,131,0,0,0,0,0,0,0
51531,2,bully,3168,1,8,218796,66,131,396,786,1,1,48363,3168,0,9,0,0,0,NORMAL,0,3,2,3,24,66,0,131,0,0,0,0,0,0,0
51279,28,bully,2916,1,8,216780,66,0,396,0,1,28,48363,2916,0,9,0,0,0,LEADER,1,4,1,31,8,66,0,0,0,0,0,0,0,0,0
51836,27,bully,3473,1,8,221236,66,0,396,0,1,27,48363,3473,0,9,0,0,0,LEADER,1,4,1,30,8,66,0,0,0,0,0,0,0,0,0
51870,37,bully,3507,1,8,221508,66,0,396,0,1,37,48363,3507,0,9,0,0,0,LEADER,1,4,1,40,8,66,0,0,0,0,0,0,0,0,0
51223,19,bully,2861,1,8,216339,66,0,396,0,1,19,48362,2861,0,9,0,0,0,LEADER,1,4,1,22,8,66,0,0,0,0,0,0,0,0,0
51088,22,bully,2725,1,8,215252,66,0,396,0,1,22,48363,2725,0,9,0,0,0,LEADER,1,4,1,25,8,66,0,0,0,0,0,0,0,0,0
51108,21,bully,2747,1,8,215415,66,0,396,0,1,21,48361,2747,0,9,0,0,0,LEADER,1,4,1,24,8,66,0,0,0,0,0,0,0,0,0
51564,33,bully,3201,1,8,219060,66,0,396,0,1,33,48363,3201,0,9,0,0,0,LEADER,1,4,1,36,8,66,0,0,0,0,0,0,0,0,0
51597,43,bully,3234,1,8,219324,66,0,396,0,1,43,48363,3234,0,9,0,0,0,LEADER,1,4,1,46,8,66,0,0,0,0,0,0,0,0,0
51361,16,bully,2998,1,8,217436,66,67,396,402,2,1,48363,2998,0,9,0,0,0,NORMAL,0,3,2,3,33,66,0,67,0,0,0,0,0,0,0
51865,32,bully,3502,1,8,221468,66,0,396,0,1,32,48363,3502,0,9,0,0,0,LEADER,1,4,1,35,8,66,0,0,0,0,0,0,0,0,0
51906,4,bully,3543,1,8,221796,66,134,396,804,1,1,48363,3543,0,9,0,0,0,NORMAL,0,3,2,3,27,66,0,134,0,0,0,0,0,0,0
51973,24,bully,3610,1,8,222332,66,0,396,0,1,24,48363,3610,0,9,0,0,0,LEADER,1,4,1,27,8,66,0,0,0,0,0,0,0,0,0
51667,20,bully,3304,1,8,219884,66,0,396,0,1,20,48363,3304,0,9,0,0,0,LEADER,1,4,1,23,8,66,0,0,0,0,0,0,0,0,0
51313,38,bully,2950,1,8,217052,66,0,396,0,1,38,48363,2950,0,9,0,0,0,LEADER,1,4,1,41,8,66,0,0,0,0,0,0,0,0,0
51948,23,bully,3585,1,8,222132,66,0,396,0,1,23,48363,3585,0,9,0,0,0,LEADER,1,4,1,26,8,66,0,0,0,0,0,0,0,0,0
51770,7,bully,3407,1,8,220708,66,134,396,804,2,1,48363,3407,0,9,0,0,0,NORMAL,0,3,2,3,31,66,0,134,0,0,0,0,0,0,0
51903,47,bully,3540,1,8,221772,66,0,396,0,1,47,48363,3540,0,9,0,0,0,LEADER,1,4,1,50,8,66,0,0,0,0,0,0,0,0,0
51755,39,bully,3392,1,8,220588,66,0,396,0,1,39,48363,3392,0,9,0,0,0,LEADER,1,4,1,42,8,66,0,0,0,0,0,0,0,0,0
51918,15,bully,3555,1,8,221892,66,67,396,402,2,1,48363,3555,0,9,0,0,0,NORMAL,0,3,2,3,33,66,0,67,0,0,0,0,0,0,0
51788,49,bully,3425,1,8,220852,66,0,396,0,1,49,48363,3425,0,9,0,0,0,LEADER,1,4,1,52,8,66,0,0,0,0,0,0,0,0,0
51579,1,bully,3216,1,8,219180,66,133,396,798,1,1,48363,3216,0,9,0,0,0,LEADER,1,4,1,4,8,66,0,133,0,0,0,0,0,0,0
51733,40,bully,3371,1,8,220414,66,0,396,0,1,40,48362,3371,0,9,0,0,0,LEADER,1,4,1,43,8,66,0,0,0,0,0,0,0,0,0
51940,14,bully,3577,1,8,222068,66,66,396,396,2,1,48363,3577,0,9,0,0,0,NORMAL,0,3,2,3,31,66,0,66,0,0,0,0,0,0,0
52040,44,bully,3677,1,8,222868,66,0,396,0,1,44,48363,3677,0,9,0,0,0,LEADER,1,4,1,47,8,66,0,0,0,0,0,0,0,0,0
52055,12,bully,3692,1,8,222988,66,67,396,402,1,1,48363,3692,0,9,0,0,0,NORMAL,0,3,2,3,27,66,0,67,0,0,0,0,0,0,0
52006,34,bully,3643,1,8,222596,66,0,396,0,1,34,48363,3643,0,9,0,0,0,LEADER,1,4,1,37,8,66,0,0,0,0,0,0,0,0,0
53549,18,bully,2883,1,8,216516,69,0,414,0,1,18,50666,2883,0,9,0,0,0,LEADER,1,4,1,24,8,69,0,0,0,0,0,0,0,0,0
53494,9,bully,2828,1,8,216076,69,67,414,402,1,1,50666,2828,0,9,0,0,0,NORMAL,0,3,1,6,24,69,0,67,0,0,0,0,0,0,0
53649,13,bully,2983,1,8,217316,69,67,414,402,2,1,50666,2983,0,9,0,0,0,NORMAL,0,3,1,6,30,69,0,67,0,0,0,0,0,0,0
53719,25,bully,3053,1,8,217876,69,0,414,0,1,25,50666,3053,0,9,0,0,0,LEADER,1,4,1,31,8,69,0,0,0,0,0,0,0,0,0
53728,36,bully,3065,1,8,217962,69,0,414,0,1,36,50663,3065,0,9,0,0,0,LEADER,1,4,1,42,8,69,0,0,0,0,0,0,0,0,0
53561,29,bully,2895,1,8,216612,69,0,414,0,1,29,50666,2895,0,9,0,0,0,LEADER,1,4,1,35,8,69,0,0,0,0,0,0,0,0,0
53752,35,bully,3086,1,8,218140,69,0,414,0,1,35,50666,3086,0,9,0,0,0,LEADER,1,4,1,41,8,69,0,0,0,0,0,0,0,0,0
53630,6,bully,2965,1,8,217169,69,136,414,816,2,1,50665,2965,0,9,0,0,0,NORMAL,0,3,1,6,30,69,0,136,0,0,0,0,0,0,0
53799,48,bully,3133,1,8,218516,69,0,414,0,1,48,50666,3133,0,9,0,0,0,LEADER,1,4,1,54,8,69,0,0,0,0,0,0,0,0,0
53534,50,bully,2868,1,8,216396,69,0,414,0,1,50,50666,2868,0,9,0,0,0,LEADER,1,4,1,56,8,69,0,0,0,0,0,0,0,0,0
53476,41,bully,2813,1,8,215940,69,0,414,0,1,41,50663,2813,0,9,0,0,0,LEADER,1,4,1,47,8,69,0,0,0,0,0,0,0,0,0
53937,10,bully,3271,1,8,219620,69,68,414,408,1,1,50666,3271,0,9,0,0,0,NORMAL,0,3,1,6,26,69,0,68,0,0,0,0,0,0,0
53767,3,bully,3101,1,8,218260,69,136,414,816,1,1,50666,3101,0,9,0,0,0,NORMAL,0,3,1,6,26,69,0,136,0,0,0,0,0,0,0
53379,11,bully,2713,1,8,215156,69,68,414,408,1,1,50666,2713,0,9,0,0,0,NORMAL,0,3,1,6,34,69,0,68,0,0,0,0,0,0,0
53785,45,bully,3119,1,8,218404,69,0,414,0,1,45,50666,3119,0,9,0,0,0,LEADER,1,4,1,51,8,69,0,0,0,0,0,0,0,0,0
53922,42,bully,3256,1,8,219500,69,0,414,0,1,42,50666,3256,0,9,0,0,0,LEADER,1,4,1,48,8,69,0,0,0,0,0,0,0,0,0
53888,46,bully,3222,1,8,219228,69,0,414,0,1,46,50666,3222,0,9,0,0,0,LEADER,1,4,1,52,8,69,0,0,0,0,0,0,0,0,0
53446,31,bully,2780,1,8,215692,69,0,414,0,1,31,50666,2780,0,9,0,0,0,LEADER,1,4,1,37,8,69,0,0,0,0,0,0,0,0,0
54052,8,bully,3386,1,8,220540,69,68,414,408,2,1,50666,3386,0,9,0,0,0,NORMAL,0,3,1,6,32,69,0,68,0,0,0,0,0,0,0
53697,26,bully,3031,1,8,217700,69,0,414,0,1,26,50666,3031,0,9,0,0,0,LEADER,1,4,1,32,8,69,0,0,0,0,0,0,0,0,0
54106,17,bully,3440,1,8,220972,69,0,414,0,1,17,50666,3440,0,9,0,0,0,LEADER,1,4,1,23,8,69,0,0,0,0,0,0,0,0,0
54003,30,bully,3337,1,8,220148,69,0,414,0,1,30,50666,3337,0,9,0,0,0,LEADER,1,4,1,36,8,69,0,0,0,0,0,0,0,0,0
54188,5,bully,3522,1,8,221628,69,137,414,822,2,1,50666,3522,0,9,0,0,0,NORMAL,0,3,1,6,28,69,0,137,0,0,0,0,0,0,0
53834,2,bully,3168,1,8,218796,69,137,414,822,1,1,50666,3168,0,9,0,0,0,NORMAL,0,3,1,6,24,69,0,137,0,0,0,0,0,0,0
53582,28,bully,2916,1,8,216780,69,0,414,0,1,28,50666,2916,0,9,0,0,0,LEADER,1,4,1,34,8,69,0,0,0,0,0,0,0,0,0
54139,27,bully,3473,1,8,221236,69,0,414,0,1,27,50666,3473,0,9,0,0,0,LEADER,1,4,1,33,8,69,0,0,0,0,0,0,0,0,0
54173,37,bully,3507,1,8,221508,69,0,414,0,1,37,50666,3507,0,9,0,0,0,LEADER,1,4,1,43,8,69,0,0,0,0,0,0,0,0,0
53526,19,bully,2861,1,8,216339,69,0,414,0,1,19,50665,2861,0,9,0,0,0,LEADER,1,4,1,25,8,69,0,0,0,0,0,0,0,0,0
53391,22,bully,2725,1,8,215252,69,0,414,0,1,22,50666,2725,0,9,0,0,0,LEADER,1,4,1,28,8,69,0,0,0,0,0,0,0,0,0
53410,21,bully,2747,1,8,215415,69,0,414,0,1,21,50663,2747,0,9,0,0,0,LEADER,1,4,1,27,8,69,0,0,0,0,0,0,0,0,0
53867,33,bully,3201,1,8,219060,69,0,414,0,1,33,50666,3201,0,9,0,0,0,LEADER,1,4,1,39,8,69,0,0,0,0,0,0,0,0,0
53900,43,bully,3234,1,8,219324,69,0,414,0,1,43,50666,3234,0,9,0,0,0,LEADER,1,4,1,49,8,69,0,0,0,0,0,0,0,0,0
53664,16,bully,2998,1,8,217436,69,70,414,420,2,1,50666,2998,0,9,0,0,0,NORMAL,0,3,1,6,33,69,0,70,0,0,0,0,0,0,0
54168,32,bully,3502,1,8,221468,69,0,414,0,1,32,50666,3502,0,9,0,0,0,LEADER,1,4,1,38,8,69,0,0,0,0,0,0,0,0,0
54209,4,bully,3543,1,8,221796,69,140,414,840,1,1,50666,3543,0,9,0,0,0,NORMAL,0,3,1,6,27,69,0,140,0,0,0,0,0,0,0
54276,24,bully,3610,1,8,222332,69,0,414,0,1,24,50666,3610,0,9,0,0,0,LEADER,1,4,1,30,8,69,0,0,0,0,0,0,0,0,0
53970,20,bully,3304,1,8,219884,69,0,414,0,1,20,50666,3304,0,9,0,0,0,LEADER,1,4,1,26,8,69,0,0,0,0,0,0,0,0,0
53616,38,bully,2950,1,8,217052,69,0,414,0,1,38,50666,2950,0,9,0,0,0,LEADER,1,4,1,44,8,69,0,0,0,0,0,0,0,0,0
54251,23,bully,3585,1,8,222132,69,0,414,0,1,23,50666,3585,0,9,0,0,0,LEADER,1,4,1,29,8,69,0,0,0,0,0,0,0,0,0
54073,7,bully,3407,1,8,220708,69,140,414,840,2,1,50666,3407,0,9,0,0,0,NORMAL,0,3,1,6,31,69,0,140,0,0,0,0,0,0,0
54206,47,bully,3540,1,8,221772,69,0,414,0,1,47,50666,3540,0,9,0,0,0,LEADER,1,4,1,53,8,69,0,0,0,0,0,0,0,0,0
54058,39,bully,3392,1,8,220588,69,0,414,0,1,39,50666,3392,0,9,0,0,0,LEADER,1,4,1,45,8,69,0,0,0,0,0,0,0,0,0
54221,15,bully,3555,1,8,221892,69,70,414,420,2,1,50666,3555,0,9,0,0,0,NORMAL,0,3,1,6,33,69,0,70,0,0,0,0,0,0,0
54091,49,bully,3425,1,8,220852,69,0,414,0,1,49,50666,3425,0,9,0,0,0,LEADER,1,4,1,55,8,69,0,0,0,0,0,0,0,0,0
53882,1,bully,3216,1,8,219180,69,140,414,840,1,1,50666,3216,0,9,0,0,0,LEADER,1,4,1,7,8,69,0,140,0,0,0,0,0,0,0
54036,40,bully,3371,1,8,220414,69,0,414,0,1,40,50665,3371,0,9,0,0,0,LEADER,1,4,1,46,8,69,0,0,0,0,0,0,0,0,0
54243,14,bully,3577,1,8,222068,69,69,414,414,2,1,50666,3577,0,9,0,0,0,NORMAL,0,3,1,6,31,69,0,69,0,0,0,0,0,0,0
54343,44,bully,3677,1,8,222868,69,0,414,0,1,44,50666,3677,0,9,0,0,0,LEADER,1,4,1,50,8,69,0,0,0,0,0,0,0,0,0
54358,12,bully,3692,1,8,222988,69,70,414,420,1,1,50666,3692,0,9,0,0,0,NORMAL,0,3,1,6,27,69,0,70,0,0,0,0,0,0,0
54309,34,bully,3643,1,8,222596,69,0,414,0,1,34,50666,3643,0,9,0,0,0,LEADER,1,4,1,40,8,69,0,0,0,0,0,0,0,0,0
55852,18,bully,2883,1,8,216516,72,0,432,0,1,18,52969,2883,0,9,0,0,0,LEADER,1,4,1,27,8,72,0,0,0,0,0,0,0,0,0
55797,9,bully,2828,1,8,216076,72,70,432,420,1,1,52969,2828,0,9,0,0,0,NORMAL,0,3,1,9,24,72,0,70,0,0,0,0,0,0,0
55952,13,bully,2983,1,8,217316,72,70,432,420,2,1,52969,2983,0,9,0,0,0,NORMAL,0,3,1,9,30,72,0,70,0,0,0,0,0,0,0
56022,25,bully,3053,1,8,217876,72,0,432,0,1,25,52969,3053,0,9,0,0,0,LEADER,1,4,1,34,8,72,0,0,0,0,0,0,0,0,0
56031,36,bully,3065,1,8,217962,72,0,432,0,1,36,52966,3065,0,9,0,0,0,LEADER,1,4,1,45,8,72,0,0,0,0,0,0,0,0,0
55864,29,bully,2895,1,8,216612,72,0,432,0,1,29,52969,2895,0,9,0,0,0,LEADER,1,4,1,38,8,72,0,0,0,0,0,0,0,0,0
56055,35,bully,3086,1,8,218140,72,0,432,0,1,35,52969,3086,0,9,0,0,0,LEADER,1,4,1,44,8,72,0,0,0,0,0,0,0,0,0
55933,6,bully,2965,1,8,217169,72,142,432,852,2,1,52968,2965,0,9,0,0,0,NORMAL,0,3,1,9,30,72,0,142,0,0,0,0,0,0,0
56102,48,bully,3133,1,8,218516,72,0,432,0,1,48,52969,3133,0,9,0,0,0,LEADER,1,4,1,57,8,72,0,0,0,0,0,0,0,0,0
55837,50,bully,2868,1,8,216396,72,0,432,0,1,50,52969,2868,0,9,0,0,0,LEADER,1,4,1,59,8,72,0,0,0,0,0,0,0,0,0
55779,41,bully,2813,1,8,215940,72,0,432,0,1,41,52966,2813,0,9,0,0,0,LEADER,1,4,1,50,8,72,0,0,0,0,0,0,0,0,0
56240,10,bully,3271,1,8,219620,72,71,432,426,1,1,52969,3271,0,9,0,0,0,NORMAL,0,3,1,9,26,72,0,71,0,0,0,0,0,0,0
56070,3,bully,3101,1,8,218260,72,142,432,852,1,1,52969,3101,0,9,0,0,0,NORMAL,0,3,1,9,26,72,0,142,0,0,0,0,0,0,0
55682,11,bully,2713,1,8,215156,72,71,432,426,1,1,52969,2713,0,9,0,0,0,NORMAL,0,3,1,9,34,72,0,71,0,0,0,0,0,0,0
56088,45,bully,3119,1,8,218404,72,0,432,0,1,45,52969,3119,0,9,0,0,0,LEADER,1,4,1,54,8,72,0,0,0,0,0,0,0,0,0
56225,42,bully,3256,1,8,219500,72,0,432,0,1,42,52969,3256,0,9,0,0,0,LEADER,1,4,1,51,8,72,0,0,0,0,0,0,0,0,0
56191,46,bully,3222,1,8,219228,72,0,432,0,1,46,52969,3222,0,9,0,0,0,LEADER,1,4,1,55,8,72,0,0,0,0,0,0,0,0,0
55749,31,bully,2780,1,8,215692,72,0,432,0,1,31,52969,2780,0,9,0,0,0,LEADER,1,4,1,40,8,72,0,0,0,0,0,0,0,0,0
56355,8,bully,3386,1,8,220540,72,71,432,426,2,1,52969,3386,0,9,0,0,0,NORMAL,0,3,1,9,32,72,0,71,0,0,0,0,0,0,0
56000,26,bully,3031,1,8,217700,72,0,432,0,1,26,52969,3031,0,9,0,0,0,LEADER,1,4,1,35,8,72,0,0,0,0,0,0,0,0,0
56409,17,bully,3440,1,8,220972,72,0,432,0,1,17,52969,3440,0,9,0,0,0,LEADER,1,4,1,26,8,72,0,0,0,0,0,0,0,0,0
56306,30,bully,3337,1,8,220148,72,0,432,0,1,30,52969,3337,0,9,0,0,0,LEADER,1,4,1,39,8,72,0,0,0,0,0,0,0,0,0
56491,5,bully,3522,1,8,221628,72,143,432,858,2,1,52969,3522,0,9,0,0,0,NORMAL,0,3,1,9,28,72,0,143,0,0,0,0,0,0,0
56137,2,bully,3168,1,8,218796,72,143,432,858,1,1,52969,3168,0,9,0,0,0,NORMAL,0,3,1,9,24,72,0,143,0,0,0,0,0,0,0
55885,28,bully,2916,1,8,216780,72,0,432,0,1,28,52969,2916,0,9,0,0,0,LEADER,1,4,1,37,8,72,0,0,0,0,0,0,0,0,0
56442,27,bully,3473,1,8,221236,72,0,432,0,1,27,52969,3473,0,9,0,0,0,LEADER,1,4,1,36,8,72,0,0,0,0,0,0,0,0,0
56476,37,bully,3507,1,8,221508,72,0,432,0,1,37,52969,3507,0,9,0,0,0,LEADER,1,4,1,46,8,72,0,0,0,0,0,0,0,0,0
55828,19,bully,2861,1,8,216339,72,0,432,0,1,19,52967,2861,0,9,0,0,0,LEADER,1,4,1,28,8,72,0,0,0,0,0,0,0,0,0
55694,22,bully,2725,1,8,215252,72,0,432,0,1,22,52969,2725,0,9,0,0,0,LEADER,1,4,1,31,8,72,0,0,0,0,0,0,0,0,0
55713,21,bully,2747,1,8,215415,72,0,432,0,1,21,52966,2747,0,9,0,0,0,LEADER,1,4,1,30,8,72,0,0,0,0,0,0,0,0,0
56170,33,bully,3201,1,8,219060,72,0,432,0,1,33,52969,3201,0,9,0,0,0,LEADER,1,4,1,42,8,72,0,0,0,0,0,0,0,0,0
56203,43,bully,3234,1,8,219324,72,0,432,0,1,43,52969,3234,0,9,0,0,0,LEADER,1,4,1,52,8,72,0,0,0,0,0,0,0,0,0
55967,16,bully,2998,1,8,217436,72,73,432,438,2,1,52969,2998,0,9,0,0,0,NORMAL,0,3,1,9,33,72,0,73,0,0,0,0,0,0,0
56471,32,bully,3502,1,8,221468,72,0,432,0,1,32,52969,3502,0,9,0,0,0,LEADER,1,4,1,41,8,72,0,0,0,0,0,0,0,0,0
56512,4,bully,3543,1,8,221796,72,146,432,876,1,1,52969,3543,0,9,0,0,0,NORMAL,0,3,1,9,27,72,0,146,0,0,0,0,0,0,0
56579,24,bully,3610,1,8,222332,72,0,432,0,1,24,52969,3610,0,9,0,0,0,LEADER,1,4,1,33,8,72,0,0,0,0,0,0,0,0,0
56273,20,bully,3304,1,8,219884,72,0,432,0,1,20,52969,3304,0,9,0,0,0,LEADER,1,4,1,29,8,72,0,0,0,0,0,0,0,0,0
55919,38,bully,2950,1,8,217052,72,0,432,0,1,38,52969,2950,0,9,0,0,0,LEADER,1,4,1,47,8,72,0,0,0,0,0,0,0,0,0
56554,23,bully,3585,1,8,222132,72,0,432,0,1,23,52969,3585,0,9,0,0,0,LEADER,1,4,1,32,8,72,0,0,0,0,0,0,0,0,0
56376,7,bully,3407,1,8,220708,72,146,432,876,2,1,52969,3407,0,9,0,0,0,NORMAL,0,3,1,9,31,72,0,146,0,0,0,0,0,0,0
56509,47,bully,3540,1,8,221772,72,0,432,0,1,47,52969,3540,0,9,0,0,0,LEADER,1,4,1,56,8,72,0,0,0,0,0,0,0,0,0
56361,39,bully,3392,1,8,220588,72,0,432,0,1,39,52969,3392,0,9,0,0,0,LEADER,1,4,1,48,8,72,0,0,0,0,0,0,0,0,0
56524,15,bully,3555,1,8,221892,72,73,432,438,2,1,52969,3555,0,9,0,0,0,NORMAL,0,3,1,9,33,72,0,73,0,0,0,0,0,0,0
56394,49,bully,3425,1,8,220852,72,0,432,0,1,49,52969,3425,0,9,0,0,0,LEADER,1,4,1,58,8,72,0,0,0,0,0,0,0,0,0
56185,1,bully,3216,1,8,219180,72,145,432,870,1,1,52969,3216,0,9,0,0,0,LEADER,1,4,1,10,8,72,0,145,0,0,0,0,0,0,0
56338,40,bully,3371,1,8,220414,72,0,432,0,1,40,52967,3371,0,9,0,0,0,LEADER,1,4,1,49,8,72,0,0,0,0,0,0,0,0,0
56546,14,bully,3577,1,8,222068,72,72,432,432,2,1,52969,3577,0,9,0,0,0,NORMAL,0,3,1,9,31,72,0,72,0,0,0,0,0,0,0
56646,44,bully,3677,1,8,222868,72,0,432,0,1,44,52969,3677,0,9,0,0,0,LEADER,1,4,1,53,8,72,0,0,0,0,0,0,0,0,0
56661,12,bully,3692,1,8,222988,72,73,432,438,1,1,52969,3692,0,9,0,0,0,NORMAL,0,3,1,9,27,72,0,73,0,0,0,0,0,0,0
56612,34,bully,3643,1,8,222596,72,0,432,0,1,34,52969,3643,0,9,0,0,0,LEADER,1,4,1,43,8,72,0,0,0,0,0,0,0,0,0
58155,18,bully,2883,1,9,274671,75,0,450,0,1,18,55272,2883,0,10,0,0,0,LEADER,1,4,1,21,9,75,0,0,0,0,0,0,0,0,0
58100,9,bully,2828,1,9,274176,75,73,450,438,1,1,55272,2828,0,10,0,0,0,NORMAL,0,3,2,3,27,75,0,73,0,0,0,0,0,0,0
58255,13,bully,2983,1,9,275571,75,73,450,438,2,1,55272,2983,0,10,0,0,0,NORMAL,0,3,2,3,33,75,0,73,0,0,0,0,0,0,0
58325,25,bully,3053,1,9,276201,75,0,450,0,1,25,55272,3053,0,10,0,0,0,LEADER,1,4,1,28,9,75,0,0,0,0,0,0,0,0,0
58334,36,bully,3065,1,9,276296,75,0,450,0,1,36,55269,3065,0,10,0,0,0,LEADER,1,4,1,39,9,75,0,0,0,0,0,0,0,0,0
58167,29,bully,2895,1,9,274779,75,0,450,0,1,29,55272,2895,0,10,0,0,0,LEADER,1,4,1,32,9,75,0,0,0,0,0,0,0,0,0
58358,35,bully,3086,1,9,276498,75,0,450,0,1,35,55272,3086,0,10,0,0,0,LEADER,1,4,1,38,9,75,0,0,0,0,0,0,0,0,0
58236,6,bully,2965,1,9,275405,75,148,450,888,2,1,55271,2965,0,10,0,0,0,NORMAL,0,3,2,3,33,75,0,148,0,0,0,0,0,0,0
58405,48,bully,3133,1,9,276921,75,0,450,0,1,48,55272,3133,0,10,0,0,0,LEADER,1,4,1,51,9,75,0,0,0,0,0,0,0,0,0
58140,50,bully,2868,1,9,274536,75,0,450,0,1,50,55272,2868,0,10,0,0,0,LEADER,1,4,1,53,9,75,0,0,0,0,0,0,0,0,0
58543,10,bully,3271,1,9,278163,75,74,450,444,1,1,55272,3271,0,10,0,0,0,NORMAL,0,3,2,3,29,75,0,74,0,0,0,0,0,0,0
58082,41,bully,2813,1,9,274022,75,0,450,0,1,41,55269,2813,0,10,0,0,0,LEADER,1,4,1,44,9,75,0,0,0,0,0,0,0,0,0
58373,3,bully,3101,1,9,276633,75,148,450,888,1,1,55272,3101,0,10,0,0,0,NORMAL,0,3,2,3,29,75,0,148,0,0,0,0,0,0,0
57985,11,bully,2713,1,9,273141,75,74,450,444,1,1,55272,2713,0,10,0,0,0,NORMAL,0,3,2,3,38,75,0,74,0,0,0,0,0,0,0
58391,45,bully,3119,1,9,276795,75,0,450,0,1,45,55272,3119,0,10,0,0,0,LEADER,1,4,1,48,9,75,0,0,0,0,0,0,0,0,0
58528,42,bully,3256,1,9,278028,75,0,450,0,1,42,55272,3256,0,10,0,0,0,LEADER,1,4,1,45,9,75,0,0,0,0,0,0,0,0,0
58494,46,bully,3222,1,9,277722,75,0,450,0,1,46,55272,3222,0,10,0,0,0,LEADER,1,4,1,49,9,75,0,0,0,0,0,0,0,0,0
58052,31,bully,2780,1,9,273744,75,0,450,0,1,31,55272,2780,0,10,0,0,0,LEADER,1,4,1,34,9,75,0,0,0,0,0,0,0,0,0
58658,8,bully,3386,1,9,279198,75,74,450,444,2,1,55272,3386,0,10,0,0,0,NORMAL,0,3,2,3,35,75,0,74,0,0,0,0,0,0,0
58303,26,bully,3031,1,9,276003,75,0,450,0,1,26,55272,3031,0,10,0,0,0,LEADER,1,4,1,29,9,75,0,0,0,0,0,0,0,0,0
58712,17,bully,3440,1,9,279684,75,0,450,0,1,17,55272,3440,0,10,0,0,0,LEADER,1,4,1,20,9,75,0,0,0,0,0,0,0,0,0
58609,30,bully,3337,1,9,278757,75,0,450,0,1,30,55272,3337,0,10,0,0,0,LEADER,1,4,1,33,9,75,0,0,0,0,0,0,0,0,0
58794,5,bully,3522,1,9,280422,75,149,450,894,2,1,55272,3522,0,10,0,0,0,NORMAL,0,3,2,3,31,75,0,149,0,0,0,0,0,0,0
58440,2,bully,3168,1,9,277236,75,149,450,894,1,1,55272,3168,0,10,0,0,0,NORMAL,0,3,2,3,27,75,0,149,0,0,0,0,0,0,0
58188,28,bully,2916,1,9,274968,75,0,450,0,1,28,55272,2916,0,10,0,0,0,LEADER,1,4,1,31,9,75,0,0,0,0,0,0,0,0,0
58745,27,bully,3473,1,9,279981,75,0,450,0,1,27,55272,3473,0,10,0,0,0,LEADER,1,4,1,30,9,75,0,0,0,0,0,0,0,0,0
58779,37,bully,3507,1,9,280287,75,0,450,0,1,37,55272,3507,0,10,0,0,0,LEADER,1,4,1,40,9,75,0,0,0,0,0,0,0,0,0
58131,19,bully,2861,1,9,274470,75,0,450,0,1,19,55270,2861,0,10,0,0,0,LEADER,1,4,1,22,9,75,0,0,0,0,0,0,0,0,0
57997,22,bully,2725,1,9,273249,75,0,450,0,1,22,55272,2725,0,10,0,0,0,LEADER,1,4,1,25,9,75,0,0,0,0,0,0,0,0,0
58016,21,bully,2747,1,9,273431,75,0,450,0,1,21,55269,2747,0,10,0,0,0,LEADER,1,4,1,24,9,75,0,0,0,0,0,0,0,0,0
58473,33,bully,3201,1,9,277533,75,0,450,0,1,33,55272,3201,0,10,0,0,0,LEADER,1,4,1,36,9,75,0,0,0,0,0,0,0,0,0
58506,43,bully,3234,1,9,277830,75,0,450,0,1,43,55272,3234,0,10,0,0,0,LEADER,1,4,1,46,9,75,0,0,0,0,0,0,0,0,0
58270,16,bully,2998,1,9,275706,75,76,450,456,2,1,55272,2998,0,10,0,0,0,NORMAL,0,3,2,3,36,75,0,76,0,0,0,0,0,0,0
58774,32,bully,3502,1,9,280242,75,0,450,0,1,32,55272,3502,0,10,0,0,0,LEADER,1,4,1,35,9,75,0,0,0,0,0,0,0,0,0
58815,4,bully,3543,1,9,280611,75,152,450,912,1,1,55272,3543,0,10,0,0,0,NORMAL,0,3,2,3,30,75,0,152,0,0,0,0,0,0,0
58882,24,bully,3610,1,9,281214,75,0,450,0,1,24,55272,3610,0,10,0,0,0,LEADER,1,4,1,27,9,75,0,0,0,0,0,0,0,0,0
58576,20,bully,3304,1,9,278460,75,0,450,0,1,20,55272,3304,0,10,0,0,0,LEADER,1,4,1,23,9,75,0,0,0,0,0,0,0,0,0
58222,38,bully,2950,1,9,275274,75,0,450,0,1,38,55272,2950,0,10,0,0,0,LEADER,1,4,1,41,9,75,0,0,0,0,0,0,0,0,0
58857,23,bully,3585,1,9,280989,75,0,450,0,1,23,55272,3585,0,10,0,0,0,LEADER,1,4,1,26,9,75,0,0,0,0,0,0,0,0,0
58679,7,bully,3407,1,9,279387,75,152,450,912,2,1,55272,3407,0,10,0,0,0,NORMAL,0,3,2,3,34,75,0,152,0,0,0,0,0,0,0
58812,47,bully,3540,1,9,280584,75,0,450,0,1,47,55272,3540,0,10,0,0,0,LEADER,1,4,1,50,9,75,0,0,0,0,0,0,0,0,0
58664,39,bully,3392,1,9,279252,75,0,450,0,1,39,55272,3392,0,10,0,0,0,LEADER,1,4,1,42,9,75,0,0,0,0,0,0,0,0,0
58827,15,bully,3555,1,9,280719,75,74,450,444,2,1,55272,3555,0,10,0,0,0,NORMAL,0,3,2,3,36,75,0,74,0,0,0,0,0,0,0
58697,49,bully,3425,1,9,279549,75,0,450,0,1,49,55272,3425,0,10,0,0,0,LEADER,1,4,1,52,9,75,0,0,0,0,0,0,0,0,0
58488,1,bully,3216,1,9,277668,75,152,450,912,1,1,55272,3216,0,10,0,0,0,LEADER,1,4,1,4,9,75,0,152,0,0,0,0,0,0,0
58641,40,bully,3371,1,9,279055,75,0,450,0,1,40,55270,3371,0,10,0,0,0,LEADER,1,4,1,43,9,75,0,0,0,0,0,0,0,0,0
58849,14,bully,3577,1,9,280917,75,75,450,450,2,1,55272,3577,0,10,0,0,0,NORMAL,0,3,2,3,34,75,0,75,0,0,0,0,0,0,0
58949,44,bully,3677,1,9,281817,75,0,450,0,1,44,55272,3677,0,10,0,0,0,LEADER,1,4,1,47,9,75,0,0,0,0,0,0,0,0,0
58964,12,bully,3692,1,9,281952,75,76,450,456,1,1,55272,3692,0,10,0,0,0,NORMAL,0,3,2,3,30,75,0,76,0,0,0,0,0,0,0
58915,34,bully,3643,1,9,281511,75,0,450,0,1,34,55272,3643,0,10,0,0,0,LEADER,1,4,1,37,9,75,0,0,0,0,0,0,0,0,0
60458,18,bully,2883,1,9,274671,78,0,468,0,1,18,57575,2883,0,10,0,0,0,LEADER,1,4,1,24,9,78,0,0,0,0,0,0,0,0,0
60403,9,bully,2828,1,9,274176,78,76,468,456,1,1,57575,2828,0,10,0,0,0,NORMAL,0,3,1,6,27,78,0,76,0,0,0,0,0,0,0
60558,13,bully,2983,1,9,275571,78,76,468,456,2,1,57575,2983,0,10,0,0,0,NORMAL,0,3,1,6,33,78,0,76,0,0,0,0,0,0,0
60628,25,bully,3053,1,9,276201,78,0,468,0,1,25,57575,3053,0,10,0,0,0,LEADER,1,4,1,31,9,78,0,0,0,0,0,0,0,0,0
60637,36,bully,3065,1,9,276296,78,0,468,0,1,36,57572,3065,0,10,0,0,0,LEADER,1,4,1,42,9,78,0,0,0,0,0,0,0,0,0
60470,29,bully,2895,1,9,274779,78,0,468,0,1,29,57575,2895,0,10,0,0,0,LEADER,1,4,1,35,9,78,0,0,0,0,0,0,0,0,0
60661,35,bully,3086,1,9,276498,78,0,468,0,1,35,57575,3086,0,10,0,0,0,LEADER,1,4,1,41,9,78,0,0,0,0,0,0,0,0,0
60539,6,bully,2965,1,9,275405,78,154,468,924,2,1,57574,2965,0,10,0,0,0,NORMAL,0,3,1,6,33,78,0,154,0,0,0,0,0,0,0
60708,48,bully,3133,1,9,276921,78,0,468,0,1,48,57575,3133,0,10,0,0,0,LEADER,1,4,1,54,9,78,0,0,0,0,0,0,0,0,0
60443,50,bully,2868,1,9,274536,78,0,468,0,1,50,57575,2868,0,10,0,0,0,LEADER,1,4,1,56,9,78,0,0,0,0,0,0,0,0,0
60385,41,bully,2813,1,9,274022,78,0,468,0,1,41,57572,2813,0,10,0,0,0,LEADER,1,4,1,47,9,78,0,0,0,0,0,0,0,0,0
60846,10,bully,3271,1,9,278163,78,77,468,462,1,1,57575,3271,0,10,0,0,0,NORMAL,0,3,1,6,29,78,0,77,0,0,0,0,0,0,0
60676,3,bully,3101,1,9,276633,78,154,468,924,1,1,57575,3101,0,10,0,0,0,NORMAL,0,3,1,6,29,78,0,154,0,0,0,0,0,0,0
60288,11,bully,2713,1,9,273141,78,77,468,462,1,1,57575,2713,0,10,0,0,0,NORMAL,0,3,1,6,38,78,0,77,0,0,0,0,0,0,0
60694,45,bully,3119,1,9,276795,78,0,468,0,1,45,57575,3119,0,10,0,0,0,LEADER,1,4,1,51,9,78,0,0,0,0,0,0,0,0,0
60831,42,bully,3256,1,9,278028,78,0,468,0,1,42,57575,3256,0,10,0,0,0,LEADER,1,4,1,48,9,78,0,0,0,0,0,0,0,0,0
60797,46,bully,3222,1,9,277722,78,0,468,0,1,46,57575,3222,0,10,0,0,0,LEADER,1,4,1,52,9,78,0,0,0,0,0,0,0,0,0
60355,31,bully,2780,1,9,273744,78,0,468,0,1,31,57575,2780,0,10,0,0,0,LEADER,1,4,1,37,9,78,0,0,0,0,0,0,0,0,0
60961,8,bully,3386,1,9,279198,78,77,468,462,2,1,57575,3386,0,10,0,0,0,NORMAL,0,3,1,6,35,78,0,77,0,0,0,0,0,0,0
60606,26,bully,3031,1,9,276003,78,0,468,0,1,26,57575,3031,0,10,0,0,0,LEADER,1,4,1,32,9,78,0,0,0,0,0,0,0,0,0
61015,17,bully,3440,1,9,279684,78,0,468,0,1,17,57575,3440,0,10,0,0,0,LEADER,1,4,1,23,9,78,0,0,0,0,0,0,0,0,0
60912,30,bully,3337,1,9,278757,78,0,468,0,1,30,57575,3337,0,10,0,0,0,LEADER,1,4,1,36,9,78,0,0,0,0,0,0,0,0,0
61097,5,bully,3522,1,9,280422,78,155,468,930,2,1,57575,3522,0,10,0,0,0,NORMAL,0,3,1,6,31,78,0,155,0,0,0,0,0,0,0
60743,2,bully,3168,1,9,277236,78,155,468,930,1,1,57575,3168,0,10,0,0,0,NORMAL,0,3,1,6,27,78,0,155,0,0,0,0,0,0,0
60491,28,bully,2916,1,9,274968,78,0,468,0,1,28,57575,2916,0,10,0,0,0,LEADER,1,4,1,34,9,78,0,0,0,0,0,0,0,0,0
61048,27,bully,3473,1,9,279981,78,0,468,0,1,27,57575,3473,0,10,0,0,0,LEADER,1,4,1,33,9,78,0,0,0,0,0,0,0,0,0
61082,37,bully,3507,1,9,280287,78,0,468,0,1,37,57575,3507,0,10,0,0,0,LEADER,1,4,1,43,9,78,0,0,0,0,0,0,0,0,0
60434,19,bully,2861,1,9,274470,78,0,468,0,1,19,57573,2861,0,10,0,0,0,LEADER,1,4,1,25,9,78,0,0,0,0,0,0,0,0,0
60300,22,bully,2725,1,9,273249,78,0,468,0,1,22,57575,2725,0,10,0,0,0,LEADER,1,4,1,28,9,78,0,0,0,0,0,0,0,0,0
60319,21,bully,2747,1,9,273431,78,0,468,0,1,21,57572,2747,0,10,0,0,0,LEADER,1,4,1,27,9,78,0,0,0,0,0,0,0,0,0
60776,33,bully,3201,1,9,277533,78,0,468,0,1,33,57575,3201,0,10,0,0,0,LEADER,1,4,1,39,9,78,0,0,0,0,0,0,0,0,0
60809,43,bully,3234,1,9,277830,78,0,468,0,1,43,57575,3234,0,10,0,0,0,LEADER,1,4,1,49,9,78,0,0,0,0,0,0,0,0,0
60573,16,bully,2998,1,9,275706,78,79,468,474,2,1,57575,2998,0,10,0,0,0,NORMAL,0,3,1,6,36,78,0,79,0,0,0,0,0,0,0
61077,32,bully,3502,1,9,280242,78,0,468,0,1,32,57575,3502,0,10,0,0,0,LEADER,1,4,1,38,9,78,0,0,0,0,0,0,0,0,0
61118,4,bully,3543,1,9,280611,78,158,468,948,1,1,57575,3543,0,10,0,0,0,NORMAL,0,3,1,6,30,78,0,158,0,0,0,0,0,0,0
61185,24,bully,3610,1,9,281214,78,0,468,0,1,24,57575,3610,0,10,0,0,0,LEADER,1,4,1,30,9,78,0,0,0,0,0,0,0,0,0
60879,20,bully,3304,1,9,278460,78,0,468,0,1,20,57575,3304,0,10,0,0,0,LEADER,1,4,1,26,9,78,0,0,0,0,0,0,0,0,0
60525,38,bully,2950,1,9,275274,78,0,468,0,1,38,57575,2950,0,10,0,0,0,LEADER,1,4,1,44,9,78,0,0,0,0,0,0,0,0,0
61160,23,bully,3585,1,9,280989,78,0,468,0,1,23,57575,3585,0,10,0,0,0,LEADER,1,4,1,29,9,78,0,0,0,0,0,0,0,0,0
60982,7,bully,3407,1,9,279387,78,158,468,948,2,1,57575,3407,0,10,0,0,0,NORMAL,0,3,1,6,34,78,0,158,0,0,0,0,0,0,0
61115,47,bully,3540,1,9,280584,78,0,468,0,1,47,57575,3540,0,10,0,0,0,LEADER,1,4,1,53,9,78,0,0,0,0,0,0,0,0,0
60967,39,bully,3392,1,9,279252,78,0,468,0,1,39,57575,3392,0,10,0,0,0,LEADER,1,4,1,45,9,78,0,0,0,0,0,0,0,0,0
61130,15,bully,3555,1,9,280719,78,78,468,468,2,1,57575,3555,0,10,0,0,0,NORMAL,0,3,1,6,36,78,0,78,0,0,0,0,0,0,0
61000,49,bully,3425,1,9,279549,78,0,468,0,1,49,57575,3425,0,10,0,0,0,LEADER,1,4,1,55,9,78,0,0,0,0,0,0,0,0,0
60791,1,bully,3216,1,9,277668,78,158,468,948,1,1,57575,3216,0,10,0,0,0,LEADER,1,4,1,7,9,78,0,158,0,0,0,0,0,0,0
60944,40,bully,3371,1,9,279055,78,0,468,0,1,40,57573,3371,0,10,0,0,0,LEADER,1,4,1,46,9,78,0,0,0,0,0,0,0,0,0
61152,14,bully,3577,1,9,280917,78,78,468,468,2,1,57575,3577,0,10,0,0,0,NORMAL,0,3,1,6,34,78,0,78,0,0,0,0,0,0,0
61252,44,bully,3677,1,9,281817,78,0,468,0,1,44,57575,3677,0,10,0,0,0,LEADER,1,4,1,50,9,78,0,0,0,0,0,0,0,0,0
61267,12,bully,3692,1,9,281952,78,79,468,474,1,1,57575,3692,0,10,0,0,0,NORMAL,0,3,1,6,30,78,0,79,0,0,0,0,0,0,0
61218,34,bully,3643,1,9,281511,78,0,468,0,1,34,57575,3643,0,10,0,0,0,LEADER,1,4,1,40,9,78,0,0,0,0,0,0,0,0,0
62761,18,bully,2883,1,9,274671,81,0,486,0,1,18,59878,2883,0,10,0,0,0,LEADER,1,4,1,27,9,81,0,0,0,0,0,0,0,0,0
62706,9,bully,2828,1,9,274176,81,79,486,474,1,1,59878,2828,0,10,0,0,0,NORMAL,0,3,1,9,27,81,0,79,0,0,0,0,0,0,0
62861,13,bully,2983,1,9,275571,81,79,486,474,2,1,59878,2983,0,10,0,0,0,NORMAL,0,3,1,9,33,81,0,79,0,0,0,0,0,0,0
62931,25,bully,3053,1,9,276201,81,0,486,0,1,25,59878,3053,0,10,0,0,0,LEADER,1,4,1,34,9,81,0,0,0,0,0,0,0,0,0
62940,36,bully,3065,1,9,276296,81,0,486,0,1,36,59875,3065,0,10,0,0,0,LEADER,1,4,1,45,9,81,0,0,0,0,0,0,0,0,0
62773,29,bully,2895,1,9,274779,81,0,486,0,1,29,59878,2895,0,10,0,0,0,LEADER,1,4,1,38,9,81,0,0,0,0,0,0,0,0,0
62964,35,bully,3086,1,9,276498,81,0,486,0,1,35,59878,3086,0,10,0,0,0,LEADER,1,4,1,44,9,81,0,0,0,0,0,0,0,0,0
62842,6,bully,2965,1,9,275405,81,160,486,960,2,1,59877,2965,0,10,0,0,0,NORMAL,0,3,1,9,33,81,0,160,0,0,0,0,0,0,0
63011,48,bully,3133,1,9,276921,81,0,486,0,1,48,59878,3133,0,10,0,0,0,LEADER,1,4,1,57,9,81,0,0,0,0,0,0,0,0,0
62746,50,bully,2868,1,9,274536,81,0,486,0,1,50,59878,2868,0,10,0,0,0,LEADER,1,4,1,59,9,81,0,0,0,0,0,0,0,0,0
62688,41,bully,2813,1,9,274022,81,0,486,0,1,41,59875,2813,0,10,0,0,0,LEADER,1,4,1,50,9,81,0,0,0,0,0,0,0,0,0
63149,10,bully,3271,1,9,278163,81,80,486,480,1,1,59878,3271,0,10,0,0,0,NORMAL,0,3,1,9,29,81,0,80,0,0,0,0,0,0,0
62979,3,bully,3101,1,9,276633,81,160,486,960,1,1,59878,3101,0,10,0,0,0,NORMAL,0,3,1,9,29,81,0,160,0,0,0,0,0,0,0
62591,11,bully,2713,1,9,273141,81,80,486,480,1,1,59878,2713,0,10,0,0,0,NORMAL,0,3,1,9,38,81,0,80,0,0,0,0,0,0,0
62997,45,bully,3119,1,9,276795,81,0,486,0,1,45,59878,3119,0,10,0,0,0,LEADER,1,4,1,54,9,81,0,0,0,0,0,0,0,0,0
63134,42,bully,3256,1,9,278028,81,0,486,0,1,42,59878,3256,0,10,0,0,0,LEADER,1,4,1,51,9,81,0,0,0,0,0,0,0,0,0
63100,46,bully,3222,1,9,277722,81,0,486,0,1,46,59878,3222,0,10,0,0,0,LEADER,1,4,1,55,9,81,0,0,0,0,0,0,0,0,0
62658,31,bully,2780,1,9,273744,81,0,486,0,1,31,59878,2780,0,10,0,0,0,LEADER,1,4,1,40,9,81,0,0,0,0,0,0,0,0,0
63264,8,bully,3386,1,9,279198,81,80,486,480,2,1,59878,3386,0,10,0,0,0,NORMAL,0,3,1,9,35,81,0,80,0,0,0,0,0,0,0
62909,26,bully,3031,1,9,276003,81,0,486,0,1,26,59878,3031,0,10,0,0,0,LEADER,1,4,1,35,9,81,0,0,0,0,0,0,0,0,0
63318,17,bully,3440,1,9,279684,81,0,486,0,1,17,59878,3440,0,10,0,0,0,LEADER,1,4,1,26,9,81,0,0,0,0,0,0,0,0,0
63215,30,bully,3337,1,9,278757,81,0,486,0,1,30,59878,3337,0,10,0,0,0,LEADER,1,4,1,39,9,81,0,0,0,0,0,0,0,0,0
63400,5,bully,3522,1,9,280422,81,161,486,966,2,1,59878,3522,0,10,0,0,0,NORMAL,0,3,1,9,31,81,0,161,0,0,0,0,0,0,0
63046,2,bully,3168,1,9,277236,81,161,486,966,1,1,59878,3168,0,10,0,0,0,NORMAL,0,3,1,9,27,81,0,161,0,0,0,0,0,0,0
62794,28,bully,2916,1,9,274968,81,0,486,0,1,28,59878,2916,0,10,0,0,0,LEADER,1,4,1,37,9,81,0,0,0,0,0,0,0,0,0
63351,27,bully,3473,1,9,279981,81,0,486,0,1,27,59878,3473,0,10,0,0,0,LEADER,1,4,1,36,9,81,0,0,0,0,0,0,0,0,0
63385,37,bully,3507,1,9,280287,81,0,486,0,1,37,59878,3507,0,10,0,0,0,LEADER,1,4,1,46,9,81,0,0,0,0,0,0,0,0,0
62737,19,bully,2861,1,9,274470,81,0,486,0,1,19,59876,2861,0,10,0,0,0,LEADER,1,4,1,28,9,81,0,0,0,0,0,0,0,0,0
62603,22,bully,2725,1,9,273249,81,0,486,0,1,22,59878,2725,0,10,0,0,0,LEADER,1,4,1,31,9,81,0,0,0,0,0,0,0,0,0
62622,21,bully,2747,1,9,273431,81,0,486,0,1,21,59875,2747,0,10,0,0,0,LEADER,1,4,1,30,9,81,0,0,0,0,0,0,0,0,0
63079,33,bully,3201,1,9,277533,81,0,486,0,1,33,59878,3201,0,10,0,0,0,LEADER,1,4,1,42,9,81,0,0,0,0,0,0,0,0,0
63112,43,bully,3234,1,9,277830,81,0,486,0,1,43,59878,3234,0,10,0,0,0,LEADER,1,4,1,52,9,81,0,0,0,0,0,0,0,0,0
62876,16,bully,2998,1,9,275706,81,82,486,492,2,1,59878,2998,0,10,0,0,0,NORMAL,0,3,1,9,36,81,0,82,0,0,0,0,0,0,0
63380,32,bully,3502,1,9,280242,81,0,486,0,1,32,59878,3502,0,10,0,0,0,LEADER,1,4,1,41,9,81,0,0,0,0,0,0,0,0,0
63421,4,bully,3543,1,9,280611,81,164,486,984,1,1,59878,3543,0,10,0,0,0,NORMAL,0,3,1,9,30,81,0,164,0,0,0,0,0,0,0
63488,24,bully,3610,1,9,281214,81,0,486,0,1,24,59878,3610,0,10,0,0,0,LEADER,1,4,1,33,9,81,0,0,0,0,0,0,0,0,0
63182,20,bully,3304,1,9,278460,81,0,486,0,1,20,59878,3304,0,10,0,0,0,LEADER,1,4,1,29,9,81,0,0,0,0,0,0,0,0,0
62828,38,bully,2950,1,9,275274,81,0,486,0,1,38,59878,2950,0,10,0,0,0,LEADER,1,4,1,47,9,81,0,0,0,0,0,0,0,0,0
63463,23,bully,3585,1,9,280989,81,0,486,0,1,23,59878,3585,0,10,0,0,0,LEADER,1,4,1,32,9,81,0,0,0,0,0,0,0,0,0
63285,7,bully,3407,1,9,279387,81,164,486,984,2,1,59878,3407,0,10,0,0,0,NORMAL,0,3,1,9,34,81,0,164,0,0,0,0,0,0,0
63418,47,bully,3540,1,9,280584,81,0,486,0,1,47,59878,3540,0,10,0,0,0,LEADER,1,4,1,56,9,81,0,0,0,0,0,0,0,0,0
63271,39,bully,3392,1,9,279252,81,0,486,0,1,39,59879,3392,0,10,0,0,0,LEADER,1,4,1,48,9,81,0,0,0,0,0,0,0,0,0
63433,15,bully,3555,1,9,280719,81,80,486,480,2,1,59878,3555,0,10,0,0,0,NORMAL,0,3,1,9,36,81,0,80,0,0,0,0,0,0,0
63303,49,bully,3425,1,9,279549,81,0,486,0,1,49,59878,3425,0,10,0,0,0,LEADER,1,4,1,58,9,81,0,0,0,0,0,0,0,0,0
63094,1,bully,3216,1,9,277668,81,163,486,978,1,1,59878,3216,0,10,0,0,0,LEADER,1,4,1,10,9,81,0,163,0,0,0,0,0,0,0
63247,40,bully,3371,1,9,279055,81,0,486,0,1,40,59876,3371,0,10,0,0,0,LEADER,1,4,1,49,9,81,0,0,0,0,0,0,0,0,0
63455,14,bully,3577,1,9,280917,81,81,486,486,2,1,59878,3577,0,10,0,0,0,NORMAL,0,3,1,9,34,81,0,81,0,0,0,0,0,0,0
63555,44,bully,3677,1,9,281817,81,0,486,0,1,44,59878,3677,0,10,0,0,0,LEADER,1,4,1,53,9,81,0,0,0,0,0,0,0,0,0
63570,12,bully,3692,1,9,281952,81,82,486,492,1,1,59878,3692,0,10,0,0,0,NORMAL,0,3,1,9,30,81,0,82,0,0,0,0,0,0,0
63521,34,bully,3643,1,9,281511,81,0,486,0,1,34,59878,3643,0,10,0,0,0,LEADER,1,4,1,43,9,81,0,0,0,0,0,0,0,0,0
65064,18,bully,2883,1,10,339735,84,0,504,0,1,18,62181,2883,0,11,0,0,0,LEADER,1,4,1,21,10,84,0,0,0,0,0,0,0,0,0
65009,9,bully,2828,1,10,339185,84,82,504,492,1,1,62181,2828,0,11,0,0,0,NORMAL,0,3,2,3,30,84,0,82,0,0,0,0,0,0,0
65164,13,bully,2983,1,10,340735,84,82,504,492,2,1,62181,2983,0,11,0,0,0,NORMAL,0,3,2,3,36,84,0,82,0,0,0,0,0,0,0
65234,25,bully,3053,1,10,341435,84,0,504,0,1,25,62181,3053,0,11,0,0,0,LEADER,1,4,1,28,10,84,0,0,0,0,0,0,0,0,0
65243,36,bully,3065,1,10,341539,84,0,504,0,1,36,62178,3065,0,11,0,0,0,LEADER,1,4,1,39,10,84,0,0,0,0,0,0,0,0,0
65076,29,bully,2895,1,10,339855,84,0,504,0,1,29,62181,2895,0,11,0,0,0,LEADER,1,4,1,32,10,84,0,0,0,0,0,0,0,0,0
65267,35,bully,3086,1,10,341765,84,0,504,0,1,35,62181,3086,0,11,0,0,0,LEADER,1,4,1,38,10,84,0,0,0,0,0,0,0,0,0
65145,6,bully,2965,1,10,340550,84,166,504,996,2,1,62180,2965,0,11,0,0,0,NORMAL,0,3,2,3,36,84,0,166,0,0,0,0,0,0,0
65314,48,bully,3133,1,10,342235,84,0,504,0,1,48,62181,3133,0,11,0,0,0,LEADER,1,4,1,51,10,84,0,0,0,0,0,0,0,0,0
65049,50,bully,2868,1,10,339585,84,0,504,0,1,50,62181,2868,0,11,0,0,0,LEADER,1,4,1,53,10,84,0,0,0,0,0,0,0,0,0
64991,41,bully,2813,1,10,339013,84,0,504,0,1,41,62178,2813,0,11,0,0,0,LEADER,1,4,1,44,10,84,0,0,0,0,0,0,0,0,0
65452,10,bully,3271,1,10,343615,84,83,504,498,1,1,62181,3271,0,11,0,0,0,NORMAL,0,3,2,3,32,84,0,83,0,0,0,0,0,0,0
65282,3,bully,3101,1,10,341915,84,166,504,996,1,1,62181,3101,0,11,0,0,0,NORMAL,0,3,2,3,32,84,0,166,0,0,0,0,0,0,0
64894,11,bully,2713,1,10,338035,84,83,504,498,1,1,62181,2713,0,11,0,0,0,NORMAL,0,3,2,3,42,84,0,83,0,0,0,0,0,0,0
65300,45,bully,3119,1,10,342095,84,0,504,0,1,45,62181,3119,0,11,0,0,0,LEADER,1,4,1,48,10,84,0,0,0,0,0,0,0,0,0
65437,42,bully,3256,1,10,343465,84,0,504,0,1,42,62181,3256,0,11,0,0,0,LEADER,1,4,1,45,10,84,0,0,0,0,0,0,0,0,0
65403,46,bully,3222,1,10,343125,84,0,504,0,1,46,62181,3222,0,11,0,0,0,LEADER,1,4,1,49,10,84,0,0,0,0,0,0,0,0,0
64961,31,bully,2780,1,10,338705,84,0,504,0,1,31,62181,2780,0,11,0,0,0,LEADER,1,4,1,34,10,84,0,0,0,0,0,0,0,0,0
65567,8,bully,3386,1,10,344765,84,83,504,498,2,1,62181,3386,0,11,0,0,0,NORMAL,0,3,2,3,38,84,0,83,0,0,0,0,0,0,0
65212,26,bully,3031,1,10,341215,84,0,504,0,1,26,62181,3031,0,11,0,0,0,LEADER,1,4,1,29,10,84,0,0,0,0,0,0,0,0,0
65621,17,bully,3440,1,10,345305,84,0,504,0,1,17,62181,3440,0,11,0,0,0,LEADER,1,4,1,20,10,84,0,0,0,0,0,0,0,0,0
65518,30,bully,3337,1,10,344275,84,0,504,0,1,30,62181,3337,0,11,0,0,0,LEADER,1,4,1,33,10,84,0,0,0,0,0,0,0,0,0
65703,5,bully,3522,1,10,346125,84,167,504,1002,2,1,62181,3522,0,11,0,0,0,NORMAL,0,3,2,3,34,84,0,167,0,0,0,0,0,0,0
65349,2,bully,3168,1,10,342585,84,167,504,1002,1,1,62181,3168,0,11,0,0,0,NORMAL,0,3,2,3,30,84,0,167,0,0,0,0,0,0,0
65097,28,bully,2916,1,10,340065,84,0,504,0,1,28,62181,2916,0,11,0,0,0,LEADER,1,4,1,31,10,84,0,0,0,0,0,0,0,0,0
65654,27,bully,3473,1,10,345635,84,0,504,0,1,27,62181,3473,0,11,0,0,0,LEADER,1,4,1,30,10,84,0,0,0,0,0,0,0,0,0
65688,37,bully,3507,1,10,345975,84,0,504,0,1,37,62181,3507,0,11,0,0,0,LEADER,1,4,1,40,10,84,0,0,0,0,0,0,0,0,0
65040,19,bully,2861,1,10,339510,84,0,504,0,1,19,62179,2861,0,11,0,0,0,LEADER,1,4,1,22,10,84,0,0,0,0,0,0,0,0,0
64906,22,bully,2725,1,10,338155,84,0,504,0,1,22,62181,2725,0,11,0,0,0,LEADER,1,4,1,25,10,84,0,0,0,0,0,0,0,0,0
64925,21,bully,2747,1,10,338356,84,0,504,0,1,21,62178,2747,0,11,0,0,0,LEADER,1,4,1,24,10,84,0,0,0,0,0,0,0,0,0
65382,33,bully,3201,1,10,342915,84,0,504,0,1,33,62181,3201,0,11,0,0,0,LEADER,1,4,1,36,10,84,0,0,0,0,0,0,0,0,0
65415,43,bully,3234,1,10,343245,84,0,504,0,1,43,62181,3234,0,11,0,0,0,LEADER,1,4,1,46,10,84,0,0,0,0,0,0,0,0,0
65179,16,bully,2998,1,10,340885,84,85,504,510,2,1,62181,2998,0,11,0,0,0,NORMAL,0,3,2,3,39,84,0,85,0,0,0,0,0,0,0
65683,32,bully,3502,1,10,345925,84,0,504,0,1,32,62181,3502,0,11,0,0,0,LEADER,1,4,1,35,10,84,0,0,0,0,0,0,0,0,0
65724,4,bully,3543,1,10,346335,84,170,504,1020,1,1,62181,3543,0,11,0,0,0,NORMAL,0,3,2,3,33,84,0,170,0,0,0,0,0,0,0
65791,24,bully,3610,1,10,347005,84,0,504,0,1,24,62181,3610,0,11,0,0,0,LEADER,1,4,1,27,10,84,0,0,0,0,0,0,0,0,0
65485,20,bully,3304,1,10,343945,84,0,504,0,1,20,62181,3304,0,11,0,0,0,LEADER,1,4,1,23,10,84,0,0,0,0,0,0,0,0,0
65131,38,bully,2950,1,10,340405,84,0,504,0,1,38,62181,2950,0,11,0,0,0,LEADER,1,4,1,41,10,84,0,0,0,0,0,0,0,0,0
65766,23,bully,3585,1,10,346755,84,0,504,0,1,23,62181,3585,0,11,0,0,0,LEADER,1,4,1,26,10,84,0,0,0,0,0,0,0,0,0
65588,7,bully,3407,1,10,344975,84,170,504,1020,2,1,62181,3407,0,11,0,0,0,NORMAL,0,3,2,3,37,84,0,170,0,0,0,0,0,0,0
65721,47,bully,3540,1,10,346305,84,0,504,0,1,47,62181,3540,0,11,0,0,0,LEADER,1,4,1,50,10,84,0,0,0,0,0,0,0,0,0
65574,39,bully,3392,1,10,344826,84,0,504,0,1,39,62182,3392,0,11,0,0,0,LEADER,1,4,1,42,10,84,0,0,0,0,0,0,0,0,0
65736,15,bully,3555,1,10,346455,84,83,504,498,2,1,62181,3555,0,11,0,0,0,NORMAL,0,3,2,3,40,84,0,83,0,0,0,0,0,0,0
65606,49,bully,3425,1,10,345155,84,0,504,0,1,49,62181,3425,0,11,0,0,0,LEADER,1,4,1,52,10,84,0,0,0,0,0,0,0,0,0
65397,1,bully,3216,1,10,343065,84,169,504,1014,1,1,62181,3216,0,11,0,0,0,LEADER,1,4,1,4,10,84,0,169,0,0,0,0,0,0,0
65550,40,bully,3371,1,10,344605,84,0,504,0,1,40,62179,3371,0,11,0,0,0,LEADER,1,4,1,43,10,84,0,0,0,0,0,0,0,0,0
65758,14,bully,3577,1,10,346675,84,84,504,504,2,1,62181,3577,0,11,0,0,0,NORMAL,0,3,2,3,37,84,0,84,0,0,0,0,0,0,0
65858,44,bully,3677,1,10,347675,84,0,504,0,1,44,62181,3677,0,11,0,0,0,LEADER,1,4,1,47,10,84,0,0,0,0,0,0,0,0,0
65873,12,bully,3692,1,10,347825,84,85,504,510,1,1,62181,3692,0,11,0,0,0,NORMAL,0,3,2,3,33,84,0,85,0,0,0,0,0,0,0
65824,34,bully,3643,1,10,347335,84,0,504,0,1,34,62181,3643,0,11,0,0,0,LEADER,1,4,1,37,10,84,0,0,0,0,0,0,0,0,0
67367,18,bully,2883,1,10,339735,87,0,522,0,1,18,64484,2883,0,11,0,0,0,LEADER,1,4,1,24,10,87,0,0,0,0,0,0,0,0,0
67312,9,bully,2828,1,10,339185,87,85,522,510,1,1,64484,2828,0,11,0,0,0,NORMAL,0,3,1,6,30,87,0,85,0,0,0,0,0,0,0
67467,13,bully,2983,1,10,340735,87,85,522,510,2,1,64484,2983,0,11,0,0,0,NORMAL,0,3,1,6,36,87,0,85,0,0,0,0,0,0,0
67537,25,bully,3053,1,10,341435,87,0,522,0,1,25,64484,3053,0,11,0,0,0,LEADER,1,4,1,31,10,87,0,0,0,0,0,0,0,0,0
67546,36,bully,3065,1,10,341539,87,0,522,0,1,36,64481,3065,0,11,0,0,0,LEADER,1,4,1,42,10,87,0,0,0,0,0,0,0,0,0
67379,29,bully,2895,1,10,339855,87,0,522,0,1,29,64484,2895,0,11,0,0,0,LEADER,1,4,1,35,10,87,0,0,0,0,0,0,0,0,0
67570,35,bully,3086,1,10,341765,87,0,522,0,1,35,64484,3086,0,11,0,0,0,LEADER,1,4,1,41,10,87,0,0,0,0,0,0,0,0,0
67448,6,bully,2965,1,10,340550,87,172,522,1032,2,1,64483,2965,0,11,0,0,0,NORMAL,0,3,1,6,36,87,0,172,0,0,0,0,0,0,0
67617,48,bully,3133,1,10,342235,87,0,522,0,1,48,64484,3133,0,11,0,0,0,LEADER,1,4,1,54,10,87,0,0,0,0,0,0,0,0,0
67352,50,bully,2868,1,10,339585,87,0,522,0,1,50,64484,2868,0,11,0,0,0,LEADER,1,4,1,56,10,87,0,0,0,0,0,0,0,0,0
67294,41,bully,2813,1,10,339013,87,0,522,0,1,41,64481,2813,0,11,0,0,0,LEADER,1,4,1,47,10,87,0,0,0,0,0,0,0,0,0
67755,10,bully,3271,1,10,343615,87,86,522,516,1,1,64484,3271,0,11,0,0,0,NORMAL,0,3,1,6,32,87,0,86,0,0,0,0,0,0,0
67585,3,bully,3101,1,10,341915,87,172,522,1032,1,1,64484,3101,0,11,0,0,0,NORMAL,0,3,1,6,32,87,0,172,0,0,0,0,0,0,0
67197,11,bully,2713,1,10,338035,87,86,522,516,1,1,64484,2713,0,11,0,0,0,NORMAL,0,3,1,6,42,87,0,86,0,0,0,0,0,0,0
67603,45,bully,3119,1,10,342095,87,0,522,0,1,45,64484,3119,0,11,0,0,0,LEADER,1,4,1,51,10,87,0,0,0,0,0,0,0,0,0
67740,42,bully,3256,1,10,343465,87,0,522,0,1,42,64484,3256,0,11,0,0,0,LEADER,1,4,1,48,10,87,0,0,0,0,0,0,0,0,0
67706,46,bully,3222,1,10,343125,87,0,522,0,1,46,64484,3222,0,11,0,0,0,LEADER,1,4,1,52,10,87,0,0,0,0,0,0,0,0,0
67264,31,bully,2780,1,10,338705,87,0,522,0,1,31,64484,2780,0,11,0,0,0,LEADER,1,4,1,37,10,87,0,0,0,0,0,0,0,0,0
67870,8,bully,3386,1,10,344765,87,86,522,516,2,1,64484,3386,0,11,0,0,0,NORMAL,0,3,1,6,38,87,0,86,0,0,0,0,0,0,0
67515,26,bully,3031,1,10,341215,87,0,522,0,1,26,64484,3031,0,11,0,0,0,LEADER,1,4,1,32,10,87,0,0,0,0,0,0,0,0,0
67924,17,bully,3440,1,10,345305,87,0,522,0,1,17,64484,3440,0,11,0,0,0,LEADER,1,4,1,23,10,87,0,0,0,0,0,0,0,0,0
67821,30,bully,3337,1,10,344275,87,0,522,0,1,30,64484,3337,0,11,0,0,0,LEADER,1,4,1,36,10,87,0,0,0,0,0,0,0,0,0
68006,5,bully,3522,1,10,346125,87,173,522,1038,2,1,64484,3522,0,11,0,0,0,NORMAL,0,3,1,6,34,87,0,173,0,0,0,0,0,0,0
67652,2,bully,3168,1,10,342585,87,173,522,1038,1,1,64484,3168,0,11,0,0,0,NORMAL,0,3,1,6,30,87,0,173,0,0,0,0,0,0,0
67400,28,bully,2916,1,10,340065,87,0,522,0,1,28,64484,2916,0,11,0,0,0,LEADER,1,4,1,34,10,87,0,0,0,0,0,0,0,0,0
67957,27,bully,3473,1,10,345635,87,0,522,0,1,27,64484,3473,0,11,0,0,0,LEADER,1,4,1,33,10,87,0,0,0,0,0,0,0,0,0
67991,37,bully,3507,1,10,345975,87,0,522,0,1,37,64484,3507,0,11,0,0,0,LEADER,1,4,1,43,10,87,0,0,0,0,0,0,0,0,0
67343,19,bully,2861,1,10,339510,87,0,522,0,1,19,64482,2861,0,11,0,0,0,LEADER,1,4,1,25,10,87,0,0,0,0,0,0,0,0,0
67209,22,bully,2725,1,10,338155,87,0,522,0,1,22,64484,2725,0,11,0,0,0,LEADER,1,4,1,28,10,87,0,0,0,0,0,0,0,0,0
67228,21,bully,2747,1,10,338356,87,0,522,0,1,21,64481,2747,0,11,0,0,0,LEADER,1,4,1,27,10,87,0,0,0,0,0,0,0,0,0
67685,33,bully,3201,1,10,342915,87,0,522,0,1,33,64484,3201,0,11,0,0,0,LEADER,1,4,1,39,10,87,0,0,0,0,0,0,0,0,0
67718,43,bully,3234,1,10,343245,87,0,522,0,1,43,64484,3234,0,11,0,0,0,LEADER,1,4,1,49,10,87,0,0,0,0,0,0,0,0,0
67482,16,bully,2998,1,10,340885,87,88,522,528,2,1,64484,2998,0,11,0,0,0,NORMAL,0,3,1,6,39,87,0,88,0,0,0,0,0,0,0
67986,32,bully,3502,1,10,345925,87,0,522,0,1,32,64484,3502,0,11,0,0,0,LEADER,1,4,1,38,10,87,0,0,0,0,0,0,0,0,0
68027,4,bully,3543,1,10,346335,87,176,522,1056,1,1,64484,3543,0,11,0,0,0,NORMAL,0,3,1,6,33,87,0,176,0,0,0,0,0,0,0
68094,24,bully,3610,1,10,347005,87,0,522,0,1,24,64484,3610,0,11,0,0,0,LEADER,1,4,1,30,10,87,0,0,0,0,0,0,0,0,0
67788,20,bully,3304,1,10,343945,87,0,522,0,1,20,64484,3304,0,11,0,0,0,LEADER,1,4,1,26,10,87,0,0,0,0,0,0,0,0,0
67434,38,bully,2950,1,10,340405,87,0,522,0,1,38,64484,2950,0,11,0,0,0,LEADER,1,4,1,44,10,87,0,0,0,0,0,0,0,0,0
68069,23,bully,3585,1,10,346755,87,0,522,0,1,23,64484,3585,0,11,0,0,0,LEADER,1,4,1,29,10,87,0,0,0,0,0,0,0,0,0
67891,7,bully,3407,1,10,344975,87,176,522,1056,2,1,64484,3407,0,11,0,0,0,NORMAL,0,3,1,6,37,87,0,176,0,0,0,0,0,0,0
68024,47,bully,3540,1,10,346305,87,0,522,0,1,47,64484,3540,0,11,0,0,0,LEADER,1,4,1,53,10,87,0,0,0,0,0,0,0,0,0
67877,39,bully,3392,1,10,344826,87,0,522,0,1,39,64485,3392,0,11,0,0,0,LEADER,1,4,1,45,10,87,0,0,0,0,0,0,0,0,0
68039,15,bully,3555,1,10,346455,87,86,522,516,2,1,64484,3555,0,11,0,0,0,NORMAL,0,3,1,6,40,87,0,86,0,0,0,0,0,0,0
67909,49,bully,3425,1,10,345155,87,0,522,0,1,49,64484,3425,0,11,0,0,0,LEADER,1,4,1,55,10,87,0,0,0,0,0,0,0,0,0
67700,1,bully,3216,1,10,343065,87,176,522,1056,1,1,64484,3216,0,11,0,0,0,LEADER,1,4,1,7,10,87,0,176,0,0,0,0,0,0,0
67853,40,bully,3371,1,10,344605,87,0,522,0,1,40,64482,3371,0,11,0,0,0,LEADER,1,4,1,46,10,87,0,0,0,0,0,0,0,0,0
68061,14,bully,3577,1,10,346675,87,87,522,522,2,1,64484,3577,0,11,0,0,0,NORMAL,0,3,1,6,37,87,0,87,0,0,0,0,0,0,0
68161,44,bully,3677,1,10,347675,87,0,522,0,1,44,64484,3677,0,11,0,0,0,LEADER,1,4,1,50,10,87,0,0,0,0,0,0,0,0,0
68176,12,bully,3692,1,10,347825,87,88,522,528,1,1,64484,3692,0,11,0,0,0,NORMAL,0,3,1,6,33,87,0,88,0,0,0,0,0,0,0
68127,34,bully,3643,1,10,347335,87,0,522,0,1,34,64484,3643,0,11,0,0,0,LEADER,1,4,1,40,10,87,0,0,0,0,0,0,0,0,0
69670,18,bully,2883,1,10,339735,90,0,540,0,1,18,66787,2883,0,11,0,0,0,LEADER,1,4,1,27,10,90,0,0,0,0,0,0,0,0,0
69615,9,bully,2828,1,10,339185,90,88,540,528,1,1,66787,2828,0,11,0,0,0,NORMAL,0,3,1,9,30,90,0,88,0,0,0,0,0,0,0
69770,13,bully,2983,1,10,340735,90,88,540,528,2,1,66787,2983,0,11,0,0,0,NORMAL,0,3,1,9,36,90,0,88,0,0,0,0,0,0,0
69840,25,bully,3053,1,10,341435,90,0,540,0,1,25,66787,3053,0,11,0,0,0,LEADER,1,4,1,34,10,90,0,0,0,0,0,0,0,0,0
69849,36,bully,3065,1,10,341539,90,0,540,0,1,36,66784,3065,0,11,0,0,0,LEADER,1,4,1,45,10,90,0,0,0,0,0,0,0,0,0
69682,29,bully,2895,1,10,339855,90,0,540,0,1,29,66787,2895,0,11,0,0,0,LEADER,1,4,1,38,10,90,0,0,0,0,0,0,0,0,0
69873,35,bully,3086,1,10,341765,90,0,540,0,1,35,66787,3086,0,11,0,0,0,LEADER,1,4,1,44,10,90,0,0,0,0,0,0,0,0,0
69751,6,bully,2965,1,10,340550,90,178,540,1068,2,1,66786,2965,0,11,0,0,0,NORMAL,0,3,1,9,36,90,0,178,0,0,0,0,0,0,0
69920,48,bully,3133,1,10,342235,90,0,540,0,1,48,66787,3133,0,11,0,0,0,LEADER,1,4,1,57,10,90,0,0,0,0,0,0,0,0,0
69655,50,bully,2868,1,10,339585,90,0,540,0,1,50,66787,2868,0,11,0,0,0,LEADER,1,4,1,59,10,90,0,0,0,0,0,0,0,0,0
69597,41,bully,2813,1,10,339013,90,0,540,0,1,41,66784,2813,0,11,0,0,0,LEADER,1,4,1,50,10,90,0,0,0,0,0,0,0,0,0
70058,10,bully,3271,1,10,343615,90,89,540,534,1,1,66787,3271,0,11,0,0,0,NORMAL,0,3,1,9,32,90,0,89,0,0,0,0,0,0,0
69888,3,bully,3101,1,10,341915,90,178,540,1068,1,1,66787,3101,0,11,0,0,0,NORMAL,0,3,1,9,32,90,0,178,0,0,0,0,0,0,0
69500,11,bully,2713,1,10,338035,90,89,540,534,1,1,66787,2713,0,11,0,0,0,NORMAL,0,3,1,9,42,90,0,89,0,0,0,0,0,0,0
69906,45,bully,3119,1,10,342095,90,0,540,0,1,45,66787,3119,0,11,0,0,0,LEADER,1,4,1,54,10,90,0,0,0,0,0,0,0,0,0
70043,42,bully,3256,1,10,343465,90,0,540,0,1,42,66787,3256,0,11,0,0,0,LEADER,1,4,1,51,10,90,0,0,0,0,0,0,0,0,0
70009,46,bully,3222,1,10,343125,90,0,540,0,1,46,66787,3222,0,11,0,0,0,LEADER,1,4,1,55,10,90,0,0,0,0,0,0,0,0,0
69567,31,bully,2780,1,10,338705,90,0,540,0,1,31,66787,2780,0,11,0,0,0,LEADER,1,4,1,40,10,90,0,0,0,0,0,0,0,0,0
70173,8,bully,3386,1,10,344765,90,89,540,534,2,1,66787,3386,0,11,0,0,0,NORMAL,0,3,1,9,38,90,0,89,0,0,0,0,0,0,0
69818,26,bully,3031,1,10,341215,90,0,540,0,1,26,66787,3031,0,11,0,0,0,LEADER,1,4,1,35,10,90,0,0,0,0,0,0,0,0,0
70227,17,bully,3440,1,10,345305,90,0,540,0,1,17,66787,3440,0,11,0,0,0,LEADER,1,4,1,26,10,90,0,0,0,0,0,0,0,0,0
70124,30,bully,3337,1,10,344275,90,0,540,0,1,30,66787,3337,0,11,0,0,0,LEADER,1,4,1,39,10,90,0,0,0,0,0,0,0,0,0
70309,5,bully,3522,1,10,346125,90,179,540,1074,2,1,66787,3522,0,11,0,0,0,NORMAL,0,3,1,9,34,90,0,179,0,0,0,0,0,0,0
69955,2,bully,3168,1,10,342585,90,179,540,1074,1,1,66787,3168,0,11,0,0,0,NORMAL,0,3,1,9,30,90,0,179,0,0,0,0,0,0,0
69703,28,bully,2916,1,10,340065,90,0,540,0,1,28,66787,2916,0,11,0,0,0,LEADER,1,4,1,37,10,90,0,0,0,0,0,0,0,0,0
70260,27,bully,3473,1,10,345635,90,0,540,0,1,27,66787,3473,0,11,0,0,0,LEADER,1,4,1,36,10,90,0,0,0,0,0,0,0,0,0
70294,37,bully,3507,1,10,345975,90,0,540,0,1,37,66787,3507,0,11,0,0,0,LEADER,1,4,1,46,10,90,0,0,0,0,0,0,0,0,0
69646,19,bully,2861,1,10,339510,90,0,540,0,1,19,66785,2861,0,11,0,0,0,LEADER,1,4,1,28,10,90,0,0,0,0,0,0,0,0,0
69512,22,bully,2725,1,10,338155,90,0,540,0,1,22,66787,2725,0,11,0,0,0,LEADER,1,4,1,31,10,90,0,0,0,0,0,0,0,0,0
69530,21,bully,2747,1,10,338356,90,0,540,0,1,21,66783,2747,0,11,0,0,0,LEADER,1,4,1,30,10,90,0,0,0,0,0,0,0,0,0
69988,33,bully,3201,1,10,342915,90,0,540,0,1,33,66787,3201,0,11,0,0,0,LEADER,1,4,1,42,10,90,0,0,0,0,0,0,0,0,0
70021,43,bully,3234,1,10,343245,90,0,540,0,1,43,66787,3234,0,11,0,0,0,LEADER,1,4,1,52,10,90,0,0,0,0,0,0,0,0,0
69785,16,bully,2998,1,10,340885,90,91,540,546,2,1,66787,2998,0,11,0,0,0,NORMAL,0,3,1,9,39,90,0,91,0,0,0,0,0,0,0
70289,32,bully,3502,1,10,345925,90,0,540,0,1,32,66787,3502,0,11,0,0,0,LEADER,1,4,1,41,10,90,0,0,0,0,0,0,0,0,0
70330,4,bully,3543,1,10,346335,90,182,540,1092,1,1,66787,3543,0,11,0,0,0,NORMAL,0,3,1,9,33,90,0,182,0,0,0,0,0,0,0
70397,24,bully,3610,1,10,347005,90,0,540,0,1,24,66787,3610,0,11,0,0,0,LEADER,1,4,1,33,10,90,0,0,0,0,0,0,0,0,0
70091,20,bully,3304,1,10,343945,90,0,540,0,1,20,66787,3304,0,11,0,0,0,LEADER,1,4,1,29,10,90,0,0,0,0,0,0,0,0,0
69737,38,bully,2950,1,10,340405,90,0,540,0,1,38,66787,2950,0,11,0,0,0,LEADER,1,4,1,47,10,90,0,0,0,0,0,0,0,0,0
70372,23,bully,3585,1,10,346755,90,0,540,0,1,23,66787,3585,0,11,0,0,0,LEADER,1,4,1,32,10,90,0,0,0,0,0,0,0,0,0
70194,7,bully,3407,1,10,344975,90,182,540,1092,2,1,66787,3407,0,11,0,0,0,NORMAL,0,3,1,9,37,90,0,182,0,0,0,0,0,0,0
70327,47,bully,3540,1,10,346305,90,0,540,0,1,47,66787,3540,0,11,0,0,0,LEADER,1,4,1,56,10,90,0,0,0,0,0,0,0,0,0
70180,39,bully,3392,1,10,344826,90,0,540,0,1,39,66788,3392,0,11,0,0,0,LEADER,1,4,1,48,10,90,0,0,0,0,0,0,0,0,0
70342,15,bully,3555,1,10,346455,90,90,540,540,2,1,66787,3555,0,11,0,0,0,NORMAL,0,3,1,9,40,90,0,90,0,0,0,0,0,0,0
70212,49,bully,3425,1,10,345155,90,0,540,0,1,49,66787,3425,0,11,0,0,0,LEADER,1,4,1,58,10,90,0,0,0,0,0,0,0,0,0
70003,1,bully,3216,1,10,343065,90,181,540,1086,1,1,66787,3216,0,11,0,0,0,LEADER,1,4,1,10,10,90,0,181,0,0,0,0,0,0,0
70156,40,bully,3371,1,10,344605,90,0,540,0,1,40,66785,3371,0,11,0,0,0,LEADER,1,4,1,49,10,90,0,0,0,0,0,0,0,0,0
70364,14,bully,3577,1,10,346675,90,90,540,540,2,1,66787,3577,0,11,0,0,0,NORMAL,0,3,1,9,37,90,0,90,0,0,0,0,0,0,0
70464,44,bully,3677,1,10,347675,90,0,540,0,1,44,66787,3677,0,11,0,0,0,LEADER,1,4,1,53,10,90,0,0,0,0,0,0,0,0,0
70479,12,bully,3692,1,10,347825,90,91,540,546,1,1,66787,3692,0,11,0,0,0,NORMAL,0,3,1,9,33,90,0,91,0,0,0,0,0,0,0
70430,34,bully,3643,1,10,347335,90,0,540,0,1,34,66787,3643,0,11,0,0,0,LEADER,1,4,1,43,10,90,0,0,0,0,0,0,0,0,0
71973,18,bully,2883,1,11,411708,93,0,558,0,1,18,69090,2883,0,12,0,0,0,LEADER,1,4,1,21,11,93,0,0,0,0,0,0,0,0,0
71918,9,bully,2828,1,11,411103,93,91,558,546,1,1,69090,2828,0,12,0,0,0,NORMAL,0,3,2,3,33,93,0,91,0,0,0,0,0,0,0
72073,13,bully,2983,1,11,412808,93,91,558,546,2,1,69090,2983,0,12,0,0,0,NORMAL,0,3,2,3,39,93,0,91,0,0,0,0,0,0,0
72143,25,bully,3053,1,11,413578,93,0,558,0,1,25,69090,3053,0,12,0,0,0,LEADER,1,4,1,28,11,93,0,0,0,0,0,0,0,0,0
72152,36,bully,3065,1,11,413691,93,0,558,0,1,36,69087,3065,0,12,0,0,0,LEADER,1,4,1,39,11,93,0,0,0,0,0,0,0,0,0
71985,29,bully,2895,1,11,411840,93,0,558,0,1,29,69090,2895,0,12,0,0,0,LEADER,1,4,1,32,11,93,0,0,0,0,0,0,0,0,0
72176,35,bully,3086,1,11,413941,93,0,558,0,1,35,69090,3086,0,12,0,0,0,LEADER,1,4,1,38,11,93,0,0,0,0,0,0,0,0,0
72054,6,bully,2965,1,11,412604,93,184,558,1104,2,1,69089,2965,0,12,0,0,0,NORMAL,0,3,2,3,39,93,0,184,0,0,0,0,0,0,0
72223,48,bully,3133,1,11,414458,93,0,558,0,1,48,69090,3133,0,12,0,0,0,LEADER,1,4,1,51,11,93,0,0,0,0,0,0,0,0,0
71958,50,bully,2868,1,11,411543,93,0,558,0,1,50,69090,2868,0,12,0,0,0,LEADER,1,4,1,53,11,93,0,0,0,0,0,0,0,0,0
71900,41,bully,2813,1,11,410913,93,0,558,0,1,41,69087,2813,0,12,0,0,0,LEADER,1,4,1,44,11,93,0,0,0,0,0,0,0,0,0
72361,10,bully,3271,1,11,415976,93,92,558,552,1,1,69090,3271,0,12,0,0,0,NORMAL,0,3,2,3,35,93,0,92,0,0,0,0,0,0,0
72191,3,bully,3101,1,11,414106,93,184,558,1104,1,1,69090,3101,0,12,0,0,0,NORMAL,0,3,2,3,35,93,0,184,0,0,0,0,0,0,0
71803,11,bully,2713,1,11,409838,93,92,558,552,1,1,69090,2713,0,12,0,0,0,NORMAL,0,3,2,3,46,93,0,92,0,0,0,0,0,0,0
72209,45,bully,3119,1,11,414304,93,0,558,0,1,45,69090,3119,0,12,0,0,0,LEADER,1,4,1,48,11,93,0,0,0,0,0,0,0,0,0
72346,42,bully,3256,1,11,415811,93,0,558,0,1,42,69090,3256,0,12,0,0,0,LEADER,1,4,1,45,11,93,0,0,0,0,0,0,0,0,0
72312,46,bully,3222,1,11,415437,93,0,558,0,1,46,69090,3222,0,12,0,0,0,LEADER,1,4,1,49,11,93,0,0,0,0,0,0,0,0,0
71870,31,bully,2780,1,11,410575,93,0,558,0,1,31,69090,2780,0,12,0,0,0,LEADER,1,4,1,34,11,93,0,0,0,0,0,0,0,0,0
72476,8,bully,3386,1,11,417241,93,92,558,552,2,1,69090,3386,0,12,0,0,0,NORMAL,0,3,2,3,41,93,0,92,0,0,0,0,0,0,0
72121,26,bully,3031,1,11,413336,93,0,558,0,1,26,69090,3031,0,12,0,0,0,LEADER,1,4,1,29,11,93,0,0,0,0,0,0,0,0,0
72530,17,bully,3440,1,11,417835,93,0,558,0,1,17,69090,3440,0,12,0,0,0,LEADER,1,4,1,20,11,93,0,0,0,0,0,0,0,0,0
72427,30,bully,3337,1,11,416702,93,0,558,0,1,30,69090,3337,0,12,0,0,0,LEADER,1,4,1,33,11,93,0,0,0,0,0,0,0,0,0
72612,5,bully,3522,1,11,418737,93,185,558,1110,2,1,69090,3522,0,12,0,0,0,NORMAL,0,3,2,3,37,93,0,185,0,0,0,0,0,0,0
72258,2,bully,3168,1,11,414843,93,185,558,1110,1,1,69090,3168,0,12,0,0,0,NORMAL,0,3,2,3,33,93,0,185,0,0,0,0,0,0,0
72006,28,bully,2916,1,11,412071,93,0,558,0,1,28,69090,2916,0,12,0,0,0,LEADER,1,4,1,31,11,93,0,0,0,0,0,0,0,0,0
72563,27,bully,3473,1,11,418198,93,0,558,0,1,27,69090,3473,0,12,0,0,0,LEADER,1,4,1,30,11,93,0,0,0,0,0,0,0,0,0
72597,37,bully,3507,1,11,418572,93,0,558,0,1,37,69090,3507,0,12,0,0,0,LEADER,1,4,1,40,11,93,0,0,0,0,0,0,0,0,0
71949,19,bully,2861,1,11,411459,93,0,558,0,1,19,69088,2861,0,12,0,0,0,LEADER,1,4,1,22,11,93,0,0,0,0,0,0,0,0,0
71815,22,bully,2725,1,11,409970,93,0,558,0,1,22,69090,2725,0,12,0,0,0,LEADER,1,4,1,25,11,93,0,0,0,0,0,0,0,0,0
71832,21,bully,2747,1,11,410188,93,0,558,0,1,21,69085,2747,0,12,0,0,0,LEADER,1,4,1,24,11,93,0,0,0,0,0,0,0,0,0
72291,33,bully,3201,1,11,415206,93,0,558,0,1,33,69090,3201,0,12,0,0,0,LEADER,1,4,1,36,11,93,0,0,0,0,0,0,0,0,0
72324,43,bully,3234,1,11,415569,93,0,558,0,1,43,69090,3234,0,12,0,0,0,LEADER,1,4,1,46,11,93,0,0,0,0,0,0,0,0,0
72088,16,bully,2998,1,11,412973,93,94,558,564,2,1,69090,2998,0,12,0,0,0,NORMAL,0,3,2,3,42,93,0,94,0,0,0,0,0,0,0
72592,32,bully,3502,1,11,418517,93,0,558,0,1,32,69090,3502,0,12,0,0,0,LEADER,1,4,1,35,11,93,0,0,0,0,0,0,0,0,0
72633,4,bully,3543,1,11,418968,93,188,558,1128,1,1,69090,3543,0,12,0,0,0,NORMAL,0,3,2,3,36,93,0,188,0,0,0,0,0,0,0
72700,24,bully,3610,1,11,419705,93,0,558,0,1,24,69090,3610,0,12,0,0,0,LEADER,1,4,1,27,11,93,0,0,0,0,0,0,0,0,0
72394,20,bully,3304,1,11,416339,93,0,558,0,1,20,69090,3304,0,12,0,0,0,LEADER,1,4,1,23,11,93,0,0,0,0,0,0,0,0,0
72040,38,bully,2950,1,11,412445,93,0,558,0,1,38,69090,2950,0,12,0,0,0,LEADER,1,4,1,41,11,93,0,0,0,0,0,0,0,0,0
72675,23,bully,3585,1,11,419430,93,0,558,0,1,23,69090,3585,0,12,0,0,0,LEADER,1,4,1,26,11,93,0,0,0,0,0,0,0,0,0
72497,7,bully,3407,1,11,417472,93,188,558,1128,2,1,69090,3407,0,12,0,0,0,NORMAL,0,3,2,3,40,93,0,188,0,0,0,0,0,0,0
72630,47,bully,3540,1,11,418935,93,0,558,0,1,47,69090,3540,0,12,0,0,0,LEADER,1,4,1,50,11,93,0,0,0,0,0,0,0,0,0
72483,39,bully,3392,1,11,417309,93,0,558,0,1,39,69091,3392,0,12,0,0,0,LEADER,1,4,1,42,11,93,0,0,0,0,0,0,0,0,0
72645,15,bully,3555,1,11,419100,93,92,558,552,2,1,69090,3555,0,12,0,0,0,NORMAL,0,3,2,3,43,93,0,92,0,0,0,0,0,0,0
72515,49,bully,3425,1,11,417670,93,0,558,0,1,49,69090,3425,0,12,0,0,0,LEADER,1,4,1,52,11,93,0,0,0,0,0,0,0,0,0
72306,1,bully,3216,1,11,415371,93,187,558,1122,1,1,69090,3216,0,12,0,0,0,LEADER,1,4,1,4,11,93,0,187,0,0,0,0,0,0,0
72459,40,bully,3371,1,11,417064,93,0,558,0,1,40,69088,3371,0,12,0,0,0,LEADER,1,4,1,43,11,93,0,0,0,0,0,0,0,0,0
72667,14,bully,3577,1,11,419342,93,93,558,558,2,1,69090,3577,0,12,0,0,0,NORMAL,0,3,2,3,40,93,0,93,0,0,0,0,0,0,0
72767,44,bully,3677,1,11,420442,93,0,558,0,1,44,69090,3677,0,12,0,0,0,LEADER,1,4,1,47,11,93,0,0,0,0,0,0,0,0,0
72782,12,bully,3692,1,11,420607,93,94,558,564,1,1,69090,3692,0,12,0,0,0,NORMAL,0,3,2,3,36,93,0,94,0,0,0,0,0,0,0
72733,34,bully,3643,1,11,420068,93,0,558,0,1,34,69090,3643,0,12,0,0,0,LEADER,1,4,1,37,11,93,0,0,0,0,0,0,0,0,0
74276,18,bully,2883,1,11,411708,96,0,576,0,1,18,71393,2883,0,12,0,0,0,LEADER,1,4,1,24,11,96,0,0,0,0,0,0,0,0,0
74221,9,bully,2828,1,11,411103,96,94,576,564,1,1,71393,2828,0,12,0,0,0,NORMAL,0,3,1,6,33,96,0,94,0,0,0,0,0,0,0
74376,13,bully,2983,1,11,412808,96,94,576,564,2,1,71393,2983,0,12,0,0,0,NORMAL,0,3,1,6,39,96,0,94,0,0,0,0,0,0,0
74446,25,bully,3053,1,11,413578,96,0,576,0,1,25,71393,3053,0,12,0,0,0,LEADER,1,4,1,31,11,96,0,0,0,0,0,0,0,0,0
74455,36,bully,3065,1,11,413691,96,0,576,0,1,36,71390,3065,0,12,0,0,0,LEADER,1,4,1,42,11,96,0,0,0,0,0,0,0,0,0
74288,29,bully,2895,1,11,411840,96,0,576,0,1,29,71393,2895,0,12,0,0,0,LEADER,1,4,1,35,11,96,0,0,0,0,0,0,0,0,0
74479,35,bully,3086,1,11,413941,96,0,576,0,1,35,71393,3086,0,12,0,0,0,LEADER,1,4,1,41,11,96,0,0,0,0,0,0,0,0,0
74357,6,bully,2965,1,11,412604,96,190,576,1140,2,1,71392,2965,0,12,0,0,0,NORMAL,0,3,1,6,39,96,0,190,0,0,0,0,0,0,0
74526,48,bully,3133,1,11,414458,96,0,576,0,1,48,71393,3133,0,12,0,0,0,LEADER,1,4,1,54,11,96,0,0,0,0,0,0,0,0,0
74261,50,bully,2868,1,11,411543,96,0,576,0,1,50,71393,2868,0,12,0,0,0,LEADER,1,4,1,56,11,96,0,0,0,0,0,0,0,0,0
74203,41,bully,2813,1,11,410913,96,0,576,0,1,41,71390,2813,0,12,0,0,0,LEADER,1,4,1,47,11,96,0,0,0,0,0,0,0,0,0
74664,10,bully,3271,1,11,415976,96,95,576,570,1,1,71393,3271,0,12,0,0,0,NORMAL,0,3,1,6,35,96,0,95,0,0,0,0,0,0,0
74494,3,bully,3101,1,11,414106,96,190,576,1140,1,1,71393,3101,0,12,0,0,0,NORMAL,0,3,1,6,35,96,0,190,0,0,0,0,0,0,0
74106,11,bully,2713,1,11,409838,96,95,576,570,1,1,71393,2713,0,12,0,0,0,NORMAL,0,3,1,6,46,96,0,95,0,0,0,0,0,0,0
74512,45,bully,3119,1,11,414304,96,0,576,0,1,45,71393,3119,0,12,0,0,0,LEADER,1,4,1,51,11,96,0,0,0,0,0,0,0,0,0
74649,42,bully,3256,1,11,415811,96,0,576,0,1,42,71393,3256,0,12,0,0,0,LEADER,1,4,1,48,11,96,0,0,0,0,0,0,0,0,0
74615,46,bully,3222,1,11,415437,96,0,576,0,1,46,71393,3222,0,12,0,0,0,LEADER,1,4,1,52,11,96,0,0,0,0,0,0,0,0,0
74173,31,bully,2780,1,11,410575,96,0,576,0,1,31,71393,2780,0,12,0,0,0,LEADER,1,4,1,37,11,96,0,0,0,0,0,0,0,0,0
74779,8,bully,3386,1,11,417241,96,95,576,570,2,1,71393,3386,0,12,0,0,0,NORMAL,0,3,1,6,41,96,0,95,0,0,0,0,0,0,0
74424,26,bully,3031,1,11,413336,96,0,576,0,1,26,71393,3031,0,12,0,0,0,LEADER,1,4,1,32,11,96,0,0,0,0,0,0,0,0,0
74833,17,bully,3440,1,11,417835,96,0,576,0,1,17,71393,3440,0,12,0,0,0,LEADER,1,4,1,23,11,96,0,0,0,0,0,0,0,0,0
74730,30,bully,3337,1,11,416702,96,0,576,0,1,30,71393,3337,0,12,0,0,0,LEADER,1,4,1,36,11,96,0,0,0,0,0,0,0,0,0
74915,5,bully,3522,1,11,418737,96,191,576,1146,2,1,71393,3522,0,12,0,0,0,NORMAL,0,3,1,6,37,96,0,191,0,0,0,0,0,0,0
74561,2,bully,3168,1,11,414843,96,191,576,1146,1,1,71393,3168,0,12,0,0,0,NORMAL,0,3,1,6,33,96,0,191,0,0,0,0,0,0,0
74309,28,bully,2916,1,11,412071,96,0,576,0,1,28,71393,2916,0,12,0,0,0,LEADER,1,4,1,34,11,96,0,0,0,0,0,0,0,0,0
74866,27,bully,3473,1,11,418198,96,0,576,0,1,27,71393,3473,0,12,0,0,0,LEADER,1,4,1,33,11,96,0,0,0,0,0,0,0,0,0
74900,37,bully,3507,1,11,418572,96,0,576,0,1,37,71393,3507,0,12,0,0,0,LEADER,1,4,1,43,11,96,0,0,0,0,0,0,0,0,0
74252,19,bully,2861,1,11,411459,96,0,576,0,1,19,71391,2861,0,12,0,0,0,LEADER,1,4,1,25,11,96,0,0,0,0,0,0,0,0,0
74118,22,bully,2725,1,11,409970,96,0,576,0,1,22,71393,2725,0,12,0,0,0,LEADER,1,4,1,28,11,96,0,0,0,0,0,0,0,0,0
74135,21,bully,2747,1,11,410188,96,0,576,0,1,21,71388,2747,0,12,0,0,0,LEADER,1,4,1,27,11,96,0,0,0,0,0,0,0,0,0
74594,33,bully,3201,1,11,415206,96,0,576,0,1,33,71393,3201,0,12,0,0,0,LEADER,1,4,1,39,11,96,0,0,0,0,0,0,0,0,0
74627,43,bully,3234,1,11,415569,96,0,576,0,1,43,71393,3234,0,12,0,0,0,LEADER,1,4,1,49,11,96,0,0,0,0,0,0,0,0,0
74391,16,bully,2998,1,11,412973,96,97,576,582,2,1,71393,2998,0,12,0,0,0,NORMAL,0,3,1,6,42,96,0,97,0,0,0,0,0,0,0
74895,32,bully,3502,1,11,418517,96,0,576,0,1,32,71393,3502,0,12,0,0,0,LEADER,1,4,1,38,11,96,0,0,0,0,0,0,0,0,0
74936,4,bully,3543,1,11,418968,96,194,576,1164,1,1,71393,3543,0,12,0,0,0,NORMAL,0,3,1,6,36,96,0,194,0,0,0,0,0,0,0
75003,24,bully,3610,1,11,419705,96,0,576,0,1,24,71393,3610,0,12,0,0,0,LEADER,1,4,1,30,11,96,0,0,0,0,0,0,0,0,0
74697,20,bully,3304,1,11,416339,96,0,576,0,1,20,71393,3304,0,12,0,0,0,LEADER,1,4,1,26,11,96,0,0,0,0,0,0,0,0,0
74343,38,bully,2950,1,11,412445,96,0,576,0,1,38,71393,2950,0,12,0,0,0,LEADER,1,4,1,44,11,96,0,0,0,0,0,0,0,0,0
74978,23,bully,3585,1,11,419430,96,0,576,0,1,23,71393,3585,0,12,0,0,0,LEADER,1,4,1,29,11,96,0,0,0,0,0,0,0,0,0
74800,7,bully,3407,1,11,417472,96,194,576,1164,2,1,71393,3407,0,12,0,0,0,NORMAL,0,3,1,6,40,96,0,194,0,0,0,0,0,0,0
74933,47,bully,3540,1,11,418935,96,0,576,0,1,47,71393,3540,0,12,0,0,0,LEADER,1,4,1,53,11,96,0,0,0,0,0,0,0,0,0
74786,39,bully,3392,1,11,417309,96,0,576,0,1,39,71394,3392,0,12,0,0,0,LEADER,1,4,1,45,11,96,0,0,0,0,0,0,0,0,0
74947,15,bully,3555,1,11,419100,96,96,576,576,2,1,71392,3555,0,12,0,0,0,NORMAL,0,3,1,6,43,96,0,96,0,0,0,0,0,0,0
74818,49,bully,3425,1,11,417670,96,0,576,0,1,49,71393,3425,0,12,0,0,0,LEADER,1,4,1,55,11,96,0,0,0,0,0,0,0,0,0
74609,1,bully,3216,1,11,415371,96,194,576,1164,1,1,71393,3216,0,12,0,0,0,LEADER,1,4,1,7,11,96,0,194,0,0,0,0,0,0,0
74762,40,bully,3371,1,11,417064,96,0,576,0,1,40,71391,3371,0,12,0,0,0,LEADER,1,4,1,46,11,96,0,0,0,0,0,0,0,0,0
74970,14,bully,3577,1,11,419342,96,96,576,576,2,1,71393,3577,0,12,0,0,0,NORMAL,0,3,1,6,40,96,0,96,0,0,0,0,0,0,0
75070,44,bully,3677,1,11,420442,96,0,576,0,1,44,71393,3677,0,12,0,0,0,LEADER,1,4,1,50,11,96,0,0,0,0,0,0,0,0,0
75085,12,bully,3692,1,11,420607,96,97,576,582,1,1,71393,3692,0,12,0,0,0,NORMAL,0,3,1,6,36,96,0,97,0,0,0,0,0,0,0
75036,34,bully,3643,1,11,420068,96,0,576,0,1,34,71393,3643,0,12,0,0,0,LEADER,1,4,1,40,11,96,0,0,0,0,0,0,0,0,0
76579,18,bully,2883,1,11,411708,99,0,594,0,1,18,73696,2883,0,12,0,0,0,LEADER,1,4,1,27,11,99,0,0,0,0,0,0,0,0,0
76524,9,bully,2828,1,11,411103,99,97,594,582,1,1,73696,2828,0,12,0,0,0,NORMAL,0,3,1,9,33,99,0,97,0,0,0,0,0,0,0
76679,13,bully,2983,1,11,412808,99,97,594,582,2,1,73696,2983,0,12,0,0,0,NORMAL,0,3,1,9,39,99,0,97,0,0,0,0,0,0,0
76749,25,bully,3053,1,11,413578,99,0,594,0,1,25,73696,3053,0,12,0,0,0,LEADER,1,4,1,34,11,99,0,0,0,0,0,0,0,0,0
76758,36,bully,3065,1,11,413691,99,0,594,0,1,36,73693,3065,0,12,0,0,0,LEADER,1,4,1,45,11,99,0,0,0,0,0,0,0,0,0
76591,29,bully,2895,1,11,411840,99,0,594,0,1,29,73696,2895,0,12,0,0,0,LEADER,1,4,1,38,11,99,0,0,0,0,0,0,0,0,0
76782,35,bully,3086,1,11,413941,99,0,594,0,1,35,73696,3086,0,12,0,0,0,LEADER,1,4,1,44,11,99,0,0,0,0,0,0,0,0,0
76660,6,bully,2965,1,11,412604,99,196,594,1176,2,1,73695,2965,0,12,0,0,0,NORMAL,0,3,1,9,39,99,0,196,0,0,0,0,0,0,0
76829,48,bully,3133,1,11,414458,99,0,594,0,1,48,73696,3133,0,12,0,0,0,LEADER,1,4,1,57,11,99,0,0,0,0,0,0,0,0,0
76564,50,bully,2868,1,11,411543,99,0,594,0,1,50,73696,2868,0,12,0,0,0,LEADER,1,4,1,59,11,99,0,0,0,0,0,0,0,0,0
76967,10,bully,3271,1,11,415976,99,98,594,588,1,1,73696,3271,0,12,0,0,0,NORMAL,0,3,1,9,35,99,0,98,0,0,0,0,0,0,0
76506,41,bully,2813,1,11,410913,99,0,594,0,1,41,73693,2813,0,12,0,0,0,LEADER,1,4,1,50,11,99,0,0,0,0,0,0,0,0,0
76797,3,bully,3101,1,11,414106,99,196,594,1176,1,1,73696,3101,0,12,0,0,0,NORMAL,0,3,1,9,35,99,0,196,0,0,0,0,0,0,0
76409,11,bully,2713,1,11,409838,99,97,594,582,1,1,73696,2713,0,12,0,0,0,NORMAL,0,3,1,9,46,99,0,97,0,0,0,0,0,0,0
76815,45,bully,3119,1,11,414304,99,0,594,0,1,45,73696,3119,0,12,0,0,0,LEADER,1,4,1,54,11,99,0,0,0,0,0,0,0,0,0
76952,42,bully,3256,1,11,415811,99,0,594,0,1,42,73696,3256,0,12,0,0,0,LEADER,1,4,1,51,11,99,0,0,0,0,0,0,0,0,0
76918,46,bully,3222,1,11,415437,99,0,594,0,1,46,73696,3222,0,12,0,0,0,LEADER,1,4,1,55,11,99,0,0,0,0,0,0,0,0,0
76476,31,bully,2780,1,11,410575,99,0,594,0,1,31,73696,2780,0,12,0,0,0,LEADER,1,4,1,40,11,99,0,0,0,0,0,0,0,0,0
77082,8,bully,3386,1,11,417241,99,98,594,588,2,1,73696,3386,0,12,0,0,0,NORMAL,0,3,1,9,41,99,0,98,0,0,0,0,0,0,0
76727,26,bully,3031,1,11,413336,99,0,594,0,1,26,73696,3031,0,12,0,0,0,LEADER,1,4,1,35,11,99,0,0,0,0,0,0,0,0,0
77136,17,bully,3440,1,11,417835,99,0,594,0,1,17,73696,3440,0,12,0,0,0,LEADER,1,4,1,26,11,99,0,0,0,0,0,0,0,0,0
77033,30,bully,3337,1,11,416702,99,0,594,0,1,30,73696,3337,0,12,0,0,0,LEADER,1,4,1,39,11,99,0,0,0,0,0,0,0,0,0
77218,5,bully,3522,1,11,418737,99,197,594,1182,2,1,73696,3522,0,12,0,0,0,NORMAL,0,3,1,9,37,99,0,197,0,0,0,0,0,0,0
76864,2,bully,3168,1,11,414843,99,197,594,1182,1,1,73696,3168,0,12,0,0,0,NORMAL,0,3,1,9,33,99,0,197,0,0,0,0,0,0,0
76612,28,bully,2916,1,11,412071,99,0,594,0,1,28,73696,2916,0,12,0,0,0,LEADER,1,4,1,37,11,99,0,0,0,0,0,0,0,0,0
77169,27,bully,3473,1,11,418198,99,0,594,0,1,27,73696,3473,0,12,0,0,0,LEADER,1,4,1,36,11,99,0,0,0,0,0,0,0,0,0
77203,37,bully,3507,1,11,418572,99,0,594,0,1,37,73696,3507,0,12,0,0,0,LEADER,1,4,1,46,11,99,0,0,0,0,0,0,0,0,0
76555,19,bully,2861,1,11,411459,99,0,594,0,1,19,73694,2861,0,12,0,0,0,LEADER,1,4,1,28,11,99,0,0,0,0,0,0,0,0,0
76421,22,bully,2725,1,11,409970,99,0,594,0,1,22,73696,2725,0,12,0,0,0,LEADER,1,4,1,31,11,99,0,0,0,0,0,0,0,0,0
76438,21,bully,2747,1,11,410188,99,0,594,0,1,21,73691,2747,0,12,0,0,0,LEADER,1,4,1,30,11,99,0,0,0,0,0,0,0,0,0
76897,33,bully,3201,1,11,415206,99,0,594,0,1,33,73696,3201,0,12,0,0,0,LEADER,1,4,1,42,11,99,0,0,0,0,0,0,0,0,0
76930,43,bully,3234,1,11,415569,99,0,594,0,1,43,73696,3234,0,12,0,0,0,LEADER,1,4,1,52,11,99,0,0,0,0,0,0,0,0,0
76694,16,bully,2998,1,11,412973,99,100,594,600,2,1,73696,2998,0,12,0,0,0,NORMAL,0,3,1,9,42,99,0,100,0,0,0,0,0,0,0
77198,32,bully,3502,1,11,418517,99,0,594,0,1,32,73696,3502,0,12,0,0,0,LEADER,1,4,1,41,11,99,0,0,0,0,0,0,0,0,0
77239,4,bully,3543,1,11,418968,99,199,594,1194,1,1,73696,3543,0,12,0,0,0,NORMAL,0,3,1,9,36,99,0,199,0,0,0,0,0,0,0
77306,24,bully,3610,1,11,419705,99,0,594,0,1,24,73696,3610,0,12,0,0,0,LEADER,1,4,1,33,11,99,0,0,0,0,0,0,0,0,0
77000,20,bully,3304,1,11,416339,99,0,594,0,1,20,73696,3304,0,12,0,0,0,LEADER,1,4,1,29,11,99,0,0,0,0,0,0,0,0,0
76646,38,bully,2950,1,11,412445,99,0,594,0,1,38,73696,2950,0,12,0,0,0,LEADER,1,4,1,47,11,99,0,0,0,0,0,0,0,0,0
77281,23,bully,3585,1,11,419430,99,0,594,0,1,23,73696,3585,0,12,0,0,0,LEADER,1,4,1,32,11,99,0,0,0,0,0,0,0,0,0
77103,7,bully,3407,1,11,417472,99,200,594,1200,2,1,73696,3407,0,12,0,0,0,NORMAL,0,3,1,9,40,99,0,200,0,0,0,0,0,0,0
77236,47,bully,3540,1,11,418935,99,0,594,0,1,47,73696,3540,0,12,0,0,0,LEADER,1,4,1,56,11,99,0,0,0,0,0,0,0,0,0
77089,39,bully,3392,1,11,417309,99,0,594,0,1,39,73697,3392,0,12,0,0,0,LEADER,1,4,1,48,11,99,0,0,0,0,0,0,0,0,0
77250,15,bully,3555,1,11,419100,99,99,594,594,2,1,73695,3555,0,12,0,0,0,NORMAL,0,3,1,9,43,99,0,99,0,0,0,0,0,0,0
77121,49,bully,3425,1,11,417670,99,0,594,0,1,49,73696,3425,0,12,0,0,0,LEADER,1,4,1,58,11,99,0,0,0,0,0,0,0,0,0
76912,1,bully,3216,1,11,415371,99,199,594,1194,1,1,73696,3216,0,12,0,0,0,LEADER,1,4,1,10,11,99,0,199,0,0,0,0,0,0,0
77065,40,bully,3371,1,11,417064,99,0,594,0,1,40,73694,3371,0,12,0,0,0,LEADER,1,4,1,49,11,99,0,0,0,0,0,0,0,0,0
77273,14,bully,3577,1,11,419342,99,99,594,594,2,1,73696,3577,0,12,0,0,0,NORMAL,0,3,1,9,40,99,0,99,0,0,0,0,0,0,0
77373,44,bully,3677,1,11,420442,99,0,594,0,1,44,73696,3677,0,12,0,0,0,LEADER,1,4,1,53,11,99,0,0,0,0,0,0,0,0,0
77388,12,bully,3692,1,11,420607,99,100,594,600,1,1,73696,3692,0,12,0,0,0,NORMAL,0,3,1,9,36,99,0,100,0,0,0,0,0,0,0
77339,34,bully,3643,1,11,420068,99,0,594,0,1,34,73696,3643,0,12,0,0,0,LEADER,1,4,1,43,11,99,0,0,0,0,0,0,0,0,0
78882,18,bully,2883,1,12,490590,102,0,612,0,1,18,75999,2883,0,13,0,0,0,LEADER,1,4,1,21,12,102,0,0,0,0,0,0,0,0,0
78827,9,bully,2828,1,12,489930,102,100,612,600,1,1,75999,2828,0,13,0,0,0,NORMAL,0,3,2,3,36,102,0,100,0,0,0,0,0,0,0
78982,13,bully,2983,1,12,491790,102,100,612,600,2,1,75999,2983,0,13,0,0,0,NORMAL,0,3,2,3,42,102,0,100,0,0,0,0,0,0,0
79052,25,bully,3053,1,12,492630,102,0,612,0,1,25,75999,3053,0,13,0,0,0,LEADER,1,4,1,28,12,102,0,0,0,0,0,0,0,0,0
79061,36,bully,3065,1,12,492752,102,0,612,0,1,36,75996,3065,0,13,0,0,0,LEADER,1,4,1,39,12,102,0,0,0,0,0,0,0,0,0
78894,29,bully,2895,1,12,490734,102,0,612,0,1,29,75999,2895,0,13,0,0,0,LEADER,1,4,1,32,12,102,0,0,0,0,0,0,0,0,0
79085,35,bully,3086,1,12,493026,102,0,612,0,1,35,75999,3086,0,13,0,0,0,LEADER,1,4,1,38,12,102,0,0,0,0,0,0,0,0,0
78963,6,bully,2965,1,12,491567,102,202,612,1212,2,1,75998,2965,0,13,0,0,0,NORMAL,0,3,2,3,42,102,0,202,0,0,0,0,0,0,0
79132,48,bully,3133,1,12,493590,102,0,612,0,1,48,75999,3133,0,13,0,0,0,LEADER,1,4,1,51,12,102,0,0,0,0,0,0,0,0,0
78867,50,bully,2868,1,12,490410,102,0,612,0,1,50,75999,2868,0,13,0,0,0,LEADER,1,4,1,53,12,102,0,0,0,0,0,0,0,0,0
79270,10,bully,3271,1,12,495246,102,101,612,606,1,1,75999,3271,0,13,0,0,0,NORMAL,0,3,2,3,38,102,0,101,0,0,0,0,0,0,0
78809,41,bully,2813,1,12,489722,102,0,612,0,1,41,75996,2813,0,13,0,0,0,LEADER,1,4,1,44,12,102,0,0,0,0,0,0,0,0,0
79100,3,bully,3101,1,12,493206,102,202,612,1212,1,1,75999,3101,0,13,0,0,0,NORMAL,0,3,2,3,38,102,0,202,0,0,0,0,0,0,0
78712,11,bully,2713,1,12,488550,102,100,612,600,1,1,75999,2713,0,13,0,0,0,NORMAL,0,3,2,3,50,102,0,100,0,0,0,0,0,0,0
79118,45,bully,3119,1,12,493422,102,0,612,0,1,45,75999,3119,0,13,0,0,0,LEADER,1,4,1,48,12,102,0,0,0,0,0,0,0,0,0
79255,42,bully,3256,1,12,495066,102,0,612,0,1,42,75999,3256,0,13,0,0,0,LEADER,1,4,1,45,12,102,0,0,0,0,0,0,0,0,0
79221,46,bully,3222,1,12,494658,102,0,612,0,1,46,75999,3222,0,13,0,0,0,LEADER,1,4,1,49,12,102,0,0,0,0,0,0,0,0,0
78779,31,bully,2780,1,12,489354,102,0,612,0,1,31,75999,2780,0,13,0,0,0,LEADER,1,4,1,34,12,102,0,0,0,0,0,0,0,0,0
79385,8,bully,3386,1,12,496626,102,101,612,606,2,1,75999,3386,0,13,0,0,0,NORMAL,0,3,2,3,44,102,0,101,0,0,0,0,0,0,0
79030,26,bully,3031,1,12,492366,102,0,612,0,1,26,75999,3031,0,13,0,0,0,LEADER,1,4,1,29,12,102,0,0,0,0,0,0,0,0,0
79439,17,bully,3440,1,12,497274,102,0,612,0,1,17,75999,3440,0,13,0,0,0,LEADER,1,4,1,20,12,102,0,0,0,0,0,0,0,0,0
79336,30,bully,3337,1,12,496038,102,0,612,0,1,30,75999,3337,0,13,0,0,0,LEADER,1,4,1,33,12,102,0,0,0,0,0,0,0,0,0
79521,5,bully,3522,1,12,498258,102,203,612,1218,2,1,75999,3522,0,13,0,0,0,NORMAL,0,3,2,3,40,102,0,203,0,0,0,0,0,0,0
79167,2,bully,3168,1,12,494010,102,203,612,1218,1,1,75999,3168,0,13,0,0,0,NORMAL,0,3,2,3,36,102,0,203,0,0,0,0,0,0,0
78915,28,bully,2916,1,12,490986,102,0,612,0,1,28,75999,2916,0,13,0,0,0,LEADER,1,4,1,31,12,102,0,0,0,0,0,0,0,0,0
79472,27,bully,3473,1,12,497670,102,0,612,0,1,27,75999,3473,0,13,0,0,0,LEADER,1,4,1,30,12,102,0,0,0,0,0,0,0,0,0
79506,37,bully,3507,1,12,498078,102,0,612,0,1,37,75999,3507,0,13,0,0,0,LEADER,1,4,1,40,12,102,0,0,0,0,0,0,0,0,0
78858,19,bully,2861,1,12,490317,102,0,612,0,1,19,75997,2861,0,13,0,0,0,LEADER,1,4,1,22,12,102,0,0,0,0,0,0,0,0,0
78724,22,bully,2725,1,12,488694,102,0,612,0,1,22,75999,2725,0,13,0,0,0,LEADER,1,4,1,25,12,102,0,0,0,0,0,0,0,0,0
78741,21,bully,2747,1,12,488929,102,0,612,0,1,21,75994,2747,0,13,0,0,0,LEADER,1,4,1,24,12,102,0,0,0,0,0,0,0,0,0
79200,33,bully,3201,1,12,494406,102,0,612,0,1,33,75999,3201,0,13,0,0,0,LEADER,1,4,1,36,12,102,0,0,0,0,0,0,0,0,0
79233,43,bully,3234,1,12,494802,102,0,612,0,1,43,75999,3234,0,13,0,0,0,LEADER,1,4,1,46,12,102,0,0,0,0,0,0,0,0,0
78997,16,bully,2998,1,12,491970,102,103,612,618,2,1,75999,2998,0,13,0,0,0,NORMAL,0,3,2,3,45,102,0,103,0,0,0,0,0,0,0
79501,32,bully,3502,1,12,498018,102,0,612,0,1,32,75999,3502,0,13,0,0,0,LEADER,1,4,1,35,12,102,0,0,0,0,0,0,0,0,0
79542,4,bully,3543,1,12,498510,102,205,612,1230,1,1,75999,3543,0,13,0,0,0,NORMAL,0,3,2,3,39,102,0,205,0,0,0,0,0,0,0
79608,24,bully,3610,1,12,499313,102,0,612,0,1,24,75998,3610,0,13,0,0,0,LEADER,1,4,1,27,12,102,0,0,0,0,0,0,0,0,0
79303,20,bully,3304,1,12,495642,102,0,612,0,1,20,75999,3304,0,13,0,0,0,LEADER,1,4,1,23,12,102,0,0,0,0,0,0,0,0,0
78949,38,bully,2950,1,12,491394,102,0,612,0,1,38,75999,2950,0,13,0,0,0,LEADER,1,4,1,41,12,102,0,0,0,0,0,0,0,0,0
79584,23,bully,3585,1,12,499014,102,0,612,0,1,23,75999,3585,0,13,0,0,0,LEADER,1,4,1,26,12,102,0,0,0,0,0,0,0,0,0
79406,7,bully,3407,1,12,496878,102,206,612,1236,2,1,75999,3407,0,13,0,0,0,NORMAL,0,3,2,3,43,102,0,206,0,0,0,0,0,0,0
79539,47,bully,3540,1,12,498474,102,0,612,0,1,47,75999,3540,0,13,0,0,0,LEADER,1,4,1,50,12,102,0,0,0,0,0,0,0,0,0
79392,39,bully,3392,1,12,496701,102,0,612,0,1,39,76000,3392,0,13,0,0,0,LEADER,1,4,1,42,12,102,0,0,0,0,0,0,0,0,0
79553,15,bully,3555,1,12,498653,102,102,612,612,2,1,75998,3555,0,13,0,0,0,NORMAL,0,3,2,3,46,102,0,102,0,0,0,0,0,0,0
79424,49,bully,3425,1,12,497094,102,0,612,0,1,49,75999,3425,0,13,0,0,0,LEADER,1,4,1,52,12,102,0,0,0,0,0,0,0,0,0
79215,1,bully,3216,1,12,494586,102,205,612,1230,1,1,75999,3216,0,13,0,0,0,LEADER,1,4,1,4,12,102,0,205,0,0,0,0,0,0,0
79368,40,bully,3371,1,12,496432,102,0,612,0,1,40,75997,3371,0,13,0,0,0,LEADER,1,4,1,43,12,102,0,0,0,0,0,0,0,0,0
79576,14,bully,3577,1,12,498918,102,102,612,612,2,1,75999,3577,0,13,0,0,0,NORMAL,0,3,2,3,43,102,0,102,0,0,0,0,0,0,0
79676,44,bully,3677,1,12,500118,102,0,612,0,1,44,75999,3677,0,13,0,0,0,LEADER,1,4,1,47,12,102,0,0,0,0,0,0,0,0,0
79691,12,bully,3692,1,12,500298,102,103,612,618,1,1,75999,3692,0,13,0,0,0,NORMAL,0,3,2,3,39,102,0,103,0,0,0,0,0,0,0
79642,34,bully,3643,1,12,499710,102,0,612,0,1,34,75999,3643,0,13,0,0,0,LEADER,1,4,1,37,12,102,0,0,0,0,0,0,0,0,0
81185,18,bully,2883,1,12,490590,105,0,630,0,1,18,78302,2883,0,13,0,0,0,LEADER,1,4,1,24,12,105,0,0,0,0,0,0,0,0,0
81130,9,bully,2828,1,12,489930,105,103,630,618,1,1,78302,2828,0,13,0,0,0,NORMAL,0,3,1,6,36,105,0,103,0,0,0,0,0,0,0
81285,13,bully,2983,1,12,491790,105,103,630,618,2,1,78302,2983,0,13,0,0,0,NORMAL,0,3,1,6,42,105,0,103,0,0,0,0,0,0,0
81355,25,bully,3053,1,12,492630,105,0,630,0,1,25,78302,3053,0,13,0,0,0,LEADER,1,4,1,31,12,105,0,0,0,0,0,0,0,0,0
81364,36,bully,3065,1,12,492752,105,0,630,0,1,36,78299,3065,0,13,0,0,0,LEADER,1,4,1,42,12,105,0,0,0,0,0,0,0,0,0
81197,29,bully,2895,1,12,490734,105,0,630,0,1,29,78302,2895,0,13,0,0,0,LEADER,1,4,1,35,12,105,0,0,0,0,0,0,0,0,0
81388,35,bully,3086,1,12,493026,105,0,630,0,1,35,78302,3086,0,13,0,0,0,LEADER,1,4,1,41,12,105,0,0,0,0,0,0,0,0,0
81266,6,bully,2965,1,12,491567,105,208,630,1248,2,1,78301,2965,0,13,0,0,0,NORMAL,0,3,1,6,42,105,0,208,0,0,0,0,0,0,0
81435,48,bully,3133,1,12,493590,105,0,630,0,1,48,78302,3133,0,13,0,0,0,LEADER,1,4,1,54,12,105,0,0,0,0,0,0,0,0,0
81170,50,bully,2868,1,12,490410,105,0,630,0,1,50,78302,2868,0,13,0,0,0,LEADER,1,4,1,56,12,105,0,0,0,0,0,0,0,0,0
81112,41,bully,2813,1,12,489722,105,0,630,0,1,41,78299,2813,0,13,0,0,0,LEADER,1,4,1,47,12,105,0,0,0,0,0,0,0,0,0
81573,10,bully,3271,1,12,495246,105,104,630,624,1,1,78302,3271,0,13,0,0,0,NORMAL,0,3,1,6,38,105,0,104,0,0,0,0,0,0,0
81403,3,bully,3101,1,12,493206,105,208,630,1248,1,1,78302,3101,0,13,0,0,0,NORMAL,0,3,1,6,38,105,0,208,0,0,0,0,0,0,0
81015,11,bully,2713,1,12,488550,105,103,630,618,1,1,78302,2713,0,13,0,0,0,NORMAL,0,3,1,6,50,105,0,103,0,0,0,0,0,0,0
81421,45,bully,3119,1,12,493422,105,0,630,0,1,45,78302,3119,0,13,0,0,0,LEADER,1,4,1,51,12,105,0,0,0,0,0,0,0,0,0
81558,42,bully,3256,1,12,495066,105,0,630,0,1,42,78302,3256,0,13,0,0,0,LEADER,1,4,1,48,12,105,0,0,0,0,0,0,0,0,0
81524,46,bully,3222,1,12,494658,105,0,630,0,1,46,78302,3222,0,13,0,0,0,LEADER,1,4,1,52,12,105,0,0,0,0,0,0,0,0,0
81082,31,bully,2780,1,12,489354,105,0,630,0,1,31,78302,2780,0,13,0,0,0,LEADER,1,4,1,37,12,105,0,0,0,0,0,0,0,0,0
81688,8,bully,3386,1,12,496626,105,104,630,624,2,1,78302,3386,0,13,0,0,0,NORMAL,0,3,1,6,44,105,0,104,0,0,0,0,0,0,0
81333,26,bully,3031,1,12,492366,105,0,630,0,1,26,78302,3031,0,13,0,0,0,LEADER,1,4,1,32,12,105,0,0,0,0,0,0,0,0,0
81742,17,bully,3440,1,12,497274,105,0,630,0,1,17,78302,3440,0,13,0,0,0,LEADER,1,4,1,23,12,105,0,0,0,0,0,0,0,0,0
81639,30,bully,3337,1,12,496038,105,0,630,0,1,30,78302,3337,0,13,0,0,0,LEADER,1,4,1,36,12,105,0,0,0,0,0,0,0,0,0
81824,5,bully,3522,1,12,498258,105,209,630,1254,2,1,78302,3522,0,13,0,0,0,NORMAL,0,3,1,6,40,105,0,209,0,0,0,0,0,0,0
81470,2,bully,3168,1,12,494010,105,209,630,1254,1,1,78302,3168,0,13,0,0,0,NORMAL,0,3,1,6,36,105,0,209,0,0,0,0,0,0,0
81218,28,bully,2916,1,12,490986,105,0,630,0,1,28,78302,2916,0,13,0,0,0,LEADER,1,4,1,34,12,105,0,0,0,0,0,0,0,0,0
81775,27,bully,3473,1,12,497670,105,0,630,0,1,27,78302,3473,0,13,0,0,0,LEADER,1,4,1,33,12,105,0,0,0,0,0,0,0,0,0
81809,37,bully,3507,1,12,498078,105,0,630,0,1,37,78302,3507,0,13,0,0,0,LEADER,1,4,1,43,12,105,0,0,0,0,0,0,0,0,0
81161,19,bully,2861,1,12,490317,105,0,630,0,1,19,78300,2861,0,13,0,0,0,LEADER,1,4,1,25,12,105,0,0,0,0,0,0,0,0,0
81027,22,bully,2725,1,12,488694,105,0,630,0,1,22,78302,2725,0,13,0,0,0,LEADER,1,4,1,28,12,105,0,0,0,0,0,0,0,0,0
81044,21,bully,2747,1,12,488929,105,0,630,0,1,21,78297,2747,0,13,0,0,0,LEADER,1,4,1,27,12,105,0,0,0,0,0,0,0,0,0
81503,33,bully,3201,1,12,494406,105,0,630,0,1,33,78302,3201,0,13,0,0,0,LEADER,1,4,1,39,12,105,0,0,0,0,0,0,0,0,0
81536,43,bully,3234,1,12,494802,105,0,630,0,1,43,78302,3234,0,13,0,0,0,LEADER,1,4,1,49,12,105,0,0,0,0,0,0,0,0,0
81300,16,bully,2998,1,12,491970,105,106,630,636,2,1,78302,2998,0,13,0,0,0,NORMAL,0,3,1,6,45,105,0,106,0,0,0,0,0,0,0
81804,32,bully,3502,1,12,498018,105,0,630,0,1,32,78302,3502,0,13,0,0,0,LEADER,1,4,1,38,12,105,0,0,0,0,0,0,0,0,0
81845,4,bully,3543,1,12,498510,105,211,630,1266,1,1,78302,3543,0,13,0,0,0,NORMAL,0,3,1,6,39,105,0,211,0,0,0,0,0,0,0
81911,24,bully,3610,1,12,499313,105,0,630,0,1,24,78301,3610,0,13,0,0,0,LEADER,1,4,1,30,12,105,0,0,0,0,0,0,0,0,0
81606,20,bully,3304,1,12,495642,105,0,630,0,1,20,78302,3304,0,13,0,0,0,LEADER,1,4,1,26,12,105,0,0,0,0,0,0,0,0,0
81252,38,bully,2950,1,12,491394,105,0,630,0,1,38,78302,2950,0,13,0,0,0,LEADER,1,4,1,44,12,105,0,0,0,0,0,0,0,0,0
81887,23,bully,3585,1,12,499014,105,0,630,0,1,23,78302,3585,0,13,0,0,0,LEADER,1,4,1,29,12,105,0,0,0,0,0,0,0,0,0
81709,7,bully,3407,1,12,496878,105,212,630,1272,2,1,78302,3407,0,13,0,0,0,NORMAL,0,3,1,6,43,105,0,212,0,0,0,0,0,0,0
81842,47,bully,3540,1,12,498474,105,0,630,0,1,47,78302,3540,0,13,0,0,0,LEADER,1,4,1,53,12,105,0,0,0,0,0,0,0,0,0
81695,39,bully,3392,1,12,496701,105,0,630,0,1,39,78303,3392,0,13,0,0,0,LEADER,1,4,1,45,12,105,0,0,0,0,0,0,0,0,0
81856,15,bully,3555,1,12,498653,105,105,630,630,2,1,78301,3555,0,13,0,0,0,NORMAL,0,3,1,6,46,105,0,105,0,0,0,0,0,0,0
81727,49,bully,3425,1,12,497094,105,0,630,0,1,49,78302,3425,0,13,0,0,0,LEADER,1,4,1,55,12,105,0,0,0,0,0,0,0,0,0
81518,1,bully,3216,1,12,494586,105,211,630,1266,1,1,78302,3216,0,13,0,0,0,LEADER,1,4,1,7,12,105,0,211,0,0,0,0,0,0,0
81671,40,bully,3371,1,12,496432,105,0,630,0,1,40,78300,3371,0,13,0,0,0,LEADER,1,4,1,46,12,105,0,0,0,0,0,0,0,0,0
81879,14,bully,3577,1,12,498918,105,105,630,630,2,1,78302,3577,0,13,0,0,0,NORMAL,0,3,1,6,43,105,0,105,0,0,0,0,0,0,0
81979,44,bully,3677,1,12,500118,105,0,630,0,1,44,78302,3677,0,13,0,0,0,LEADER,1,4,1,50,12,105,0,0,0,0,0,0,0,0,0
81994,12,bully,3692,1,12,500298,105,106,630,636,1,1,78302,3692,0,13,0,0,0,NORMAL,0,3,1,6,39,105,0,106,0,0,0,0,0,0,0
81945,34,bully,3643,1,12,499710,105,0,630,0,1,34,78302,3643,0,13,0,0,0,LEADER,1,4,1,40,12,105,0,0,0,0,0,0,0,0,0
83488,18,bully,2883,1,12,490590,108,0,648,0,1,18,80605,2883,0,13,0,0,0,LEADER,1,4,1,27,12,108,0,0,0,0,0,0,0,0,0
83433,9,bully,2828,1,12,489930,108,106,648,636,1,1,80605,2828,0,13,0,0,0,NORMAL,0,3,1,9,36,108,0,106,0,0,0,0,0,0,0
83588,13,bully,2983,1,12,491790,108,106,648,636,2,1,80605,2983,0,13,0,0,0,NORMAL,0,3,1,9,42,108,0,106,0,0,0,0,0,0,0
83658,25,bully,3053,1,12,492630,108,0,648,0,1,25,80605,3053,0,13,0,0,0,LEADER,1,4,1,34,12,108,0,0,0,0,0,0,0,0,0
83667,36,bully,3065,1,12,492752,108,0,648,0,1,36,80602,3065,0,13,0,0,0,LEADER,1,4,1,45,12,108,0,0,0,0,0,0,0,0,0
83500,29,bully,2895,1,12,490734,108,0,648,0,1,29,80605,2895,0,13,0,0,0,LEADER,1,4,1,38,12,108,0,0,0,0,0,0,0,0,0
83691,35,bully,3086,1,12,493026,108,0,648,0,1,35,80605,3086,0,13,0,0,0,LEADER,1,4,1,44,12,108,0,0,0,0,0,0,0,0,0
83569,6,bully,2965,1,12,491567,108,214,648,1284,2,1,80604,2965,0,13,0,0,0,NORMAL,0,3,1,9,42,108,0,214,0,0,0,0,0,0,0
83738,48,bully,3133,1,12,493590,108,0,648,0,1,48,80605,3133,0,13,0,0,0,LEADER,1,4,1,57,12,108,0,0,0,0,0,0,0,0,0
83473,50,bully,2868,1,12,490410,108,0,648,0,1,50,80605,2868,0,13,0,0,0,LEADER,1,4,1,59,12,108,0,0,0,0,0,0,0,0,0
83415,41,bully,2813,1,12,489722,108,0,648,0,1,41,80602,2813,0,13,0,0,0,LEADER,1,4,1,50,12,108,0,0,0,0,0,0,0,0,0
83876,10,bully,3271,1,12,495246,108,107,648,642,1,1,80605,3271,0,13,0,0,0,NORMAL,0,3,1,9,38,108,0,107,0,0,0,0,0,0,0
83706,3,bully,3101,1,12,493206,108,214,648,1284,1,1,80605,3101,0,13,0,0,0,NORMAL,0,3,1,9,38,108,0,214,0,0,0,0,0,0,0
83318,11,bully,2713,1,12,488550,108,106,648,636,1,1,80605,2713,0,13,0,0,0,NORMAL,0,3,1,9,50,108,0,106,0,0,0,0,0,0,0
83724,45,bully,3119,1,12,493422,108,0,648,0,1,45,80605,3119,0,13,0,0,0,LEADER,1,4,1,54,12,108,0,0,0,0,0,0,0,0,0
83861,42,bully,3256,1,12,495066,108,0,648,0,1,42,80605,3256,0,13,0,0,0,LEADER,1,4,1,51,12,108,0,0,0,0,0,0,0,0,0
83827,46,bully,3222,1,12,494658,108,0,648,0,1,46,80605,3222,0,13,0,0,0,LEADER,1,4,1,55,12,108,0,0,0,0,0,0,0,0,0
83385,31,bully,2780,1,12,489354,108,0,648,0,1,31,80605,2780,0,13,0,0,0,LEADER,1,4,1,40,12,108,0,0,0,0,0,0,0,0,0
83991,8,bully,3386,1,12,496626,108,107,648,642,2,1,80605,3386,0,13,0,0,0,NORMAL,0,3,1,9,44,108,0,107,0,0,0,0,0,0,0
83636,26,bully,3031,1,12,492366,108,0,648,0,1,26,80605,3031,0,13,0,0,0,LEADER,1,4,1,35,12,108,0,0,0,0,0,0,0,0,0
84045,17,bully,3440,1,12,497274,108,0,648,0,1,17,80605,3440,0,13,0,0,0,LEADER,1,4,1,26,12,108,0,0,0,0,0,0,0,0,0
83942,30,bully,3337,1,12,496038,108,0,648,0,1,30,80605,3337,0,13,0,0,0,LEADER,1,4,1,39,12,108,0,0,0,0,0,0,0,0,0
84127,5,bully,3522,1,12,498258,108,215,648,1290,2,1,80605,3522,0,13,0,0,0,NORMAL,0,3,1,9,40,108,0,215,0,0,0,0,0,0,0
83773,2,bully,3168,1,12,494010,108,215,648,1290,1,1,80605,3168,0,13,0,0,0,NORMAL,0,3,1,9,36,108,0,215,0,0,0,0,0,0,0
83521,28,bully,2916,1,12,490986,108,0,648,0,1,28,80605,2916,0,13,0,0,0,LEADER,1,4,1,37,12,108,0,0,0,0,0,0,0,0,0
84078,27,bully,3473,1,12,497670,108,0,648,0,1,27,80605,3473,0,13,0,0,0,LEADER,1,4,1,36,12,108,0,0,0,0,0,0,0,0,0
84112,37,bully,3507,1,12,498078,108,0,648,0,1,37,80605,3507,0,13,0,0,0,LEADER,1,4,1,46,12,108,0,0,0,0,0,0,0,0,0
83464,19,bully,2861,1,12,490317,108,0,648,0,1,19,80603,2861,0,13,0,0,0,LEADER,1,4,1,28,12,108,0,0,0,0,0,0,0,0,0
83330,22,bully,2725,1,12,488694,108,0,648,0,1,22,80605,2725,0,13,0,0,0,LEADER,1,4,1,31,12,108,0,0,0,0,0,0,0,0,0
83347,21,bully,2747,1,12,488929,108,0,648,0,1,21,80600,2747,0,13,0,0,0,LEADER,1,4,1,30,12,108,0,0,0,0,0,0,0,0,0
83806,33,bully,3201,1,12,494406,108,0,648,0,1,33,80605,3201,0,13,0,0,0,LEADER,1,4,1,42,12,108,0,0,0,0,0,0,0,0,0
83839,43,bully,3234,1,12,494802,108,0,648,0,1,43,80605,3234,0,13,0,0,0,LEADER,1,4,1,52,12,108,0,0,0,0,0,0,0,0,0
83603,16,bully,2998,1,12,491970,108,109,648,654,2,1,80605,2998,0,13,0,0,0,NORMAL,0,3,1,9,45,108,0,109,0,0,0,0,0,0,0
84107,32,bully,3502,1,12,498018,108,0,648,0,1,32,80605,3502,0,13,0,0,0,LEADER,1,4,1,41,12,108,0,0,0,0,0,0,0,0,0
84148,4,bully,3543,1,12,498510,108,217,648,1302,1,1,80605,3543,0,13,0,0,0,NORMAL,0,3,1,9,39,108,0,217,0,0,0,0,0,0,0
84214,24,bully,3610,1,12,499313,108,0,648,0,1,24,80604,3610,0,13,0,0,0,LEADER,1,4,1,33,12,108,0,0,0,0,0,0,0,0,0
83909,20,bully,3304,1,12,495642,108,0,648,0,1,20,80605,3304,0,13,0,0,0,LEADER,1,4,1,29,12,108,0,0,0,0,0,0,0,0,0
83555,38,bully,2950,1,12,491394,108,0,648,0,1,38,80605,2950,0,13,0,0,0,LEADER,1,4,1,47,12,108,0,0,0,0,0,0,0,0,0
84190,23,bully,3585,1,12,499014,108,0,648,0,1,23,80605,3585,0,13,0,0,0,LEADER,1,4,1,32,12,108,0,0,0,0,0,0,0,0,0
84012,7,bully,3407,1,12,496878,108,218,648,1308,2,1,80605,3407,0,13,0,0,0,NORMAL,0,3,1,9,43,108,0,218,0,0,0,0,0,0,0
84145,47,bully,3540,1,12,498474,108,0,648,0,1,47,80605,3540,0,13,0,0,0,LEADER,1,4,1,56,12,108,0,0,0,0,0,0,0,0,0
83998,39,bully,3392,1,12,496701,108,0,648,0,1,39,80606,3392,0,13,0,0,0,LEADER,1,4,1,48,12,108,0,0,0,0,0,0,0,0,0
84159,15,bully,3555,1,12,498653,108,107,648,642,2,1,80604,3555,0,13,0,0,0,NORMAL,0,3,1,9,46,108,0,107,0,0,0,0,0,0,0
84030,49,bully,3425,1,12,497094,108,0,648,0,1,49,80605,3425,0,13,0,0,0,LEADER,1,4,1,58,12,108,0,0,0,0,0,0,0,0,0
83821,1,bully,3216,1,12,494586,108,218,648,1308,1,1,80605,3216,0,13,0,0,0,LEADER,1,4,1,10,12,108,0,218,0,0,0,0,0,0,0
83974,40,bully,3371,1,12,496432,108,0,648,0,1,40,80603,3371,0,13,0,0,0,LEADER,1,4,1,49,12,108,0,0,0,0,0,0,0,0,0
84182,14,bully,3577,1,12,498918,108,108,648,648,2,1,80605,3577,0,13,0,0,0,NORMAL,0,3,1,9,43,108,0,108,0,0,0,0,0,0,0
84282,44,bully,3677,1,12,500118,108,0,648,0,1,44,80605,3677,0,13,0,0,0,LEADER,1,4,1,53,12,108,0,0,0,0,0,0,0,0,0
84297,12,bully,3692,1,12,500298,108,109,648,654,1,1,80605,3692,0,13,0,0,0,NORMAL,0,3,1,9,39,108,0,109,0,0,0,0,0,0,0
84248,34,bully,3643,1,12,499710,108,0,648,0,1,34,80605,3643,0,13,0,0,0,LEADER,1,4,1,43,12,108,0,0,0,0,0,0,0,0,0
85791,18,bully,2883,1,13,576381,111,0,666,0,1,18,82908,2883,0,14,0,0,0,LEADER,1,4,1,21,13,111,0,0,0,0,0,0,0,0,0
85736,9,bully,2828,1,13,575666,111,109,666,654,1,1,82908,2828,0,14,0,0,0,NORMAL,0,3,2,3,39,111,0,109,0,0,0,0,0,0,0
85891,13,bully,2983,1,13,577681,111,109,666,654,2,1,82908,2983,0,14,0,0,0,NORMAL,0,3,2,3,45,111,0,109,0,0,0,0,0,0,0
85961,25,bully,3053,1,13,578591,111,0,666,0,1,25,82908,3053,0,14,0,0,0,LEADER,1,4,1,28,13,111,0,0,0,0,0,0,0,0,0
85970,36,bully,3065,1,13,578722,111,0,666,0,1,36,82905,3065,0,14,0,0,0,LEADER,1,4,1,39,13,111,0,0,0,0,0,0,0,0,0
85803,29,bully,2895,1,13,576537,111,0,666,0,1,29,82908,2895,0,14,0,0,0,LEADER,1,4,1,32,13,111,0,0,0,0,0,0,0,0,0
85994,35,bully,3086,1,13,579020,111,0,666,0,1,35,82908,3086,0,14,0,0,0,LEADER,1,4,1,38,13,111,0,0,0,0,0,0,0,0,0
85872,6,bully,2965,1,13,577439,111,220,666,1320,2,1,82907,2965,0,14,0,0,0,NORMAL,0,3,2,3,45,111,0,220,0,0,0,0,0,0,0
86041,48,bully,3133,1,13,579631,111,0,666,0,1,48,82908,3133,0,14,0,0,0,LEADER,1,4,1,51,13,111,0,0,0,0,0,0,0,0,0
85776,50,bully,2868,1,13,576186,111,0,666,0,1,50,82908,2868,0,14,0,0,0,LEADER,1,4,1,53,13,111,0,0,0,0,0,0,0,0,0
85718,41,bully,2813,1,13,575440,111,0,666,0,1,41,82905,2813,0,14,0,0,0,LEADER,1,4,1,44,13,111,0,0,0,0,0,0,0,0,0
86179,10,bully,3271,1,13,581425,111,110,666,660,1,1,82908,3271,0,14,0,0,0,NORMAL,0,3,2,3,41,111,0,110,0,0,0,0,0,0,0
86009,3,bully,3101,1,13,579215,111,220,666,1320,1,1,82908,3101,0,14,0,0,0,NORMAL,0,3,2,3,41,111,0,220,0,0,0,0,0,0,0
85621,11,bully,2713,1,13,574171,111,109,666,654,1,1,82908,2713,0,14,0,0,0,NORMAL,0,3,2,3,54,111,0,109,0,0,0,0,0,0,0
86027,45,bully,3119,1,13,579449,111,0,666,0,1,45,82908,3119,0,14,0,0,0,LEADER,1,4,1,48,13,111,0,0,0,0,0,0,0,0,0
86164,42,bully,3256,1,13,581230,111,0,666,0,1,42,82908,3256,0,14,0,0,0,LEADER,1,4,1,45,13,111,0,0,0,0,0,0,0,0,0
86130,46,bully,3222,1,13,580788,111,0,666,0,1,46,82908,3222,0,14,0,0,0,LEADER,1,4,1,49,13,111,0,0,0,0,0,0,0,0,0
85688,31,bully,2780,1,13,575042,111,0,666,0,1,31,82908,2780,0,14,0,0,0,LEADER,1,4,1,34,13,111,0,0,0,0,0,0,0,0,0
86294,8,bully,3386,1,13,582920,111,110,666,660,2,1,82908,3386,0,14,0,0,0,NORMAL,0,3,2,3,47,111,0,110,0,0,0,0,0,0,0
85939,26,bully,3031,1,13,578305,111,0,666,0,1,26,82908,3031,0,14,0,0,0,LEADER,1,4,1,29,13,111,0,0,0,0,0,0,0,0,0
86348,17,bully,3440,1,13,583622,111,0,666,0,1,17,82908,3440,0,14,0,0,0,LEADER,1,4,1,20,13,111,0,0,0,0,0,0,0,0,0
86245,30,bully,3337,1,13,582283,111,0,666,0,1,30,82908,3337,0,14,0,0,0,LEADER,1,4,1,33,13,111,0,0,0,0,0,0,0,0,0
86430,5,bully,3522,1,13,584688,111,221,666,1326,2,1,82908,3522,0,14,0,0,0,NORMAL,0,3,2,3,43,111,0,221,0,0,0,0,0,0,0
86076,2,bully,3168,1,13,580086,111,221,666,1326,1,1,82908,3168,0,14,0,0,0,NORMAL,0,3,2,3,39,111,0,221,0,0,0,0,0,0,0
85824,28,bully,2916,1,13,576810,111,0,666,0,1,28,82908,2916,0,14,0,0,0,LEADER,1,4,1,31,13,111,0,0,0,0,0,0,0,0,0
86381,27,bully,3473,1,13,584051,111,0,666,0,1,27,82908,3473,0,14,0,0,0,LEADER,1,4,1,30,13,111,0,0,0,0,0,0,0,0,0
86415,37,bully,3507,1,13,584493,111,0,666,0,1,37,82908,3507,0,14,0,0,0,LEADER,1,4,1,40,13,111,0,0,0,0,0,0,0,0,0
85767,19,bully,2861,1,13,576084,111,0,666,0,1,19,82906,2861,0,14,0,0,0,LEADER,1,4,1,22,13,111,0,0,0,0,0,0,0,0,0
85633,22,bully,2725,1,13,574327,111,0,666,0,1,22,82908,2725,0,14,0,0,0,LEADER,1,4,1,25,13,111,0,0,0,0,0,0,0,0,0
85649,21,bully,2747,1,13,574578,111,0,666,0,1,21,82902,2747,0,14,0,0,0,LEADER,1,4,1,24,13,111,0,0,0,0,0,0,0,0,0
86109,33,bully,3201,1,13,580515,111,0,666,0,1,33,82908,3201,0,14,0,0,0,LEADER,1,4,1,36,13,111,0,0,0,0,0,0,0,0,0
86142,43,bully,3234,1,13,580944,111,0,666,0,1,43,82908,3234,0,14,0,0,0,LEADER,1,4,1,46,13,111,0,0,0,0,0,0,0,0,0
85906,16,bully,2998,1,13,577876,111,112,666,672,2,1,82908,2998,0,14,0,0,0,NORMAL,0,3,2,3,48,111,0,112,0,0,0,0,0,0,0
86410,32,bully,3502,1,13,584428,111,0,666,0,1,32,82908,3502,0,14,0,0,0,LEADER,1,4,1,35,13,111,0,0,0,0,0,0,0,0,0
86451,4,bully,3543,1,13,584961,111,223,666,1338,1,1,82908,3543,0,14,0,0,0,NORMAL,0,3,2,3,42,111,0,223,0,0,0,0,0,0,0
86517,24,bully,3610,1,13,585830,111,0,666,0,1,24,82907,3610,0,14,0,0,0,LEADER,1,4,1,27,13,111,0,0,0,0,0,0,0,0,0
86212,20,bully,3304,1,13,581854,111,0,666,0,1,20,82908,3304,0,14,0,0,0,LEADER,1,4,1,23,13,111,0,0,0,0,0,0,0,0,0
85858,38,bully,2950,1,13,577252,111,0,666,0,1,38,82908,2950,0,14,0,0,0,LEADER,1,4,1,41,13,111,0,0,0,0,0,0,0,0,0
86493,23,bully,3585,1,13,585507,111,0,666,0,1,23,82908,3585,0,14,0,0,0,LEADER,1,4,1,26,13,111,0,0,0,0,0,0,0,0,0
86315,7,bully,3407,1,13,583193,111,224,666,1344,2,1,82908,3407,0,14,0,0,0,NORMAL,0,3,2,3,46,111,0,224,0,0,0,0,0,0,0
86448,47,bully,3540,1,13,584922,111,0,666,0,1,47,82908,3540,0,14,0,0,0,LEADER,1,4,1,50,13,111,0,0,0,0,0,0,0,0,0
86301,39,bully,3392,1,13,583002,111,0,666,0,1,39,82909,3392,0,14,0,0,0,LEADER,1,4,1,42,13,111,0,0,0,0,0,0,0,0,0
86462,15,bully,3555,1,13,585115,111,111,666,666,2,1,82907,3555,0,14,0,0,0,NORMAL,0,3,2,3,50,111,0,111,0,0,0,0,0,0,0
86333,49,bully,3425,1,13,583427,111,0,666,0,1,49,82908,3425,0,14,0,0,0,LEADER,1,4,1,52,13,111,0,0,0,0,0,0,0,0,0
86124,1,bully,3216,1,13,580710,111,223,666,1338,1,1,82908,3216,0,14,0,0,0,LEADER,1,4,1,4,13,111,0,223,0,0,0,0,0,0,0
86277,40,bully,3371,1,13,582709,111,0,666,0,1,40,82906,3371,0,14,0,0,0,LEADER,1,4,1,43,13,111,0,0,0,0,0,0,0,0,0
86485,14,bully,3577,1,13,585403,111,111,666,666,2,1,82908,3577,0,14,0,0,0,NORMAL,0,3,2,3,46,111,0,111,0,0,0,0,0,0,0
86585,44,bully,3677,1,13,586703,111,0,666,0,1,44,82908,3677,0,14,0,0,0,LEADER,1,4,1,47,13,111,0,0,0,0,0,0,0,0,0
86600,12,bully,3692,1,13,586898,111,112,666,672,1,1,82908,3692,0,14,0,0,0,NORMAL,0,3,2,3,42,111,0,112,0,0,0,0,0,0,0
86551,34,bully,3643,1,13,586261,111,0,666,0,1,34,82908,3643,0,14,0,0,0,LEADER,1,4,1,37,13,111,0,0,0,0,0,0,0,0,0
88094,18,bully,2883,1,13,576381,114,0,684,0,1,18,85211,2883,0,14,0,0,0,LEADER,1,4,1,24,13,114,0,0,0,0,0,0,0,0,0
88039,9,bully,2828,1,13,575666,114,112,684,672,1,1,85211,2828,0,14,0,0,0,NORMAL,0,3,1,6,39,114,0,112,0,0,0,0,0,0,0
88194,13,bully,2983,1,13,577681,114,112,684,672,2,1,85211,2983,0,14,0,0,0,NORMAL,0,3,1,6,45,114,0,112,0,0,0,0,0,0,0
88264,25,bully,3053,1,13,578591,114,0,684,0,1,25,85211,3053,0,14,0,0,0,LEADER,1,4,1,31,13,114,0,0,0,0,0,0,0,0,0
88273,36,bully,3065,1,13,578722,114,0,684,0,1,36,85208,3065,0,14,0,0,0,LEADER,1,4,1,42,13,114,0,0,0,0,0,0,0,0,0
88106,29,bully,2895,1,13,576537,114,0,684,0,1,29,85211,2895,0,14,0,0,0,LEADER,1,4,1,35,13,114,0,0,0,0,0,0,0,0,0
88297,35,bully,3086,1,13,579020,114,0,684,0,1,35,85211,3086,0,14,0,0,0,LEADER,1,4,1,41,13,114,0,0,0,0,0,0,0,0,0
88175,6,bully,2965,1,13,577439,114,226,684,1356,2,1,85210,2965,0,14,0,0,0,NORMAL,0,3,1,6,45,114,0,226,0,0,0,0,0,0,0
88344,48,bully,3133,1,13,579631,114,0,684,0,1,48,85211,3133,0,14,0,0,0,LEADER,1,4,1,54,13,114,0,0,0,0,0,0,0,0,0
88079,50,bully,2868,1,13,576186,114,0,684,0,1,50,85211,2868,0,14,0,0,0,LEADER,1,4,1,56,13,114,0,0,0,0,0,0,0,0,0
88482,10,bully,3271,1,13,581425,114,113,684,678,1,1,85211,3271,0,14,0,0,0,NORMAL,0,3,1,6,41,114,0,113,0,0,0,0,0,0,0
88021,41,bully,2813,1,13,575440,114,0,684,0,1,41,85208,2813,0,14,0,0,0,LEADER,1,4,1,47,13,114,0,0,0,0,0,0,0,0,0
88312,3,bully,3101,1,13,579215,114,226,684,1356,1,1,85211,3101,0,14,0,0,0,NORMAL,0,3,1,6,41,114,0,226,0,0,0,0,0,0,0
87924,11,bully,2713,1,13,574171,114,112,684,672,1,1,85211,2713,0,14,0,0,0,NORMAL,0,3,1,6,54,114,0,112,0,0,0,0,0,0,0
88330,45,bully,3119,1,13,579449,114,0,684,0,1,45,85211,3119,0,14,0,0,0,LEADER,1,4,1,51,13,114,0,0,0,0,0,0,0,0,0
88467,42,bully,3256,1,13,581230,114,0,684,0,1,42,85211,3256,0,14,0,0,0,LEADER,1,4,1,48,13,114,0,0,0,0,0,0,0,0,0
88433,46,bully,3222,1,13,580788,114,0,684,0,1,46,85211,3222,0,14,0,0,0,LEADER,1,4,1,52,13,114,0,0,0,0,0,0,0,0,0
87991,31,bully,2780,1,13,575042,114,0,684,0,1,31,85211,2780,0,14,0,0,0,LEADER,1,4,1,37,13,114,0,0,0,0,0,0,0,0,0
88597,8,bully,3386,1,13,582920,114,113,684,678,2,1,85211,3386,0,14,0,0,0,NORMAL,0,3,1,6,47,114,0,113,0,0,0,0,0,0,0
88242,26,bully,3031,1,13,578305,114,0,684,0,1,26,85211,3031,0,14,0,0,0,LEADER,1,4,1,32,13,114,0,0,0,0,0,0,0,0,0
88651,17,bully,3440,1,13,583622,114,0,684,0,1,17,85211,3440,0,14,0,0,0,LEADER,1,4,1,23,13,114,0,0,0,0,0,0,0,0,0
88548,30,bully,3337,1,13,582283,114,0,684,0,1,30,85211,3337,0,14,0,0,0,LEADER,1,4,1,36,13,114,0,0,0,0,0,0,0,0,0
88733,5,bully,3522,1,13,584688,114,227,684,1362,2,1,85211,3522,0,14,0,0,0,NORMAL,0,3,1,6,43,114,0,227,0,0,0,0,0,0,0
88379,2,bully,3168,1,13,580086,114,227,684,1362,1,1,85211,3168,0,14,0,0,0,NORMAL,0,3,1,6,39,114,0,227,0,0,0,0,0,0,0
88127,28,bully,2916,1,13,576810,114,0,684,0,1,28,85211,2916,0,14,0,0,0,LEADER,1,4,1,34,13,114,0,0,0,0,0,0,0,0,0
88684,27,bully,3473,1,13,584051,114,0,684,0,1,27,85211,3473,0,14,0,0,0,LEADER,1,4,1,33,13,114,0,0,0,0,0,0,0,0,0
88718,37,bully,3507,1,13,584493,114,0,684,0,1,37,85211,3507,0,14,0,0,0,LEADER,1,4,1,43,13,114,0,0,0,0,0,0,0,0,0
88070,19,bully,2861,1,13,576084,114,0,684,0,1,19,85209,2861,0,14,0,0,0,LEADER,1,4,1,25,13,114,0,0,0,0,0,0,0,0,0
87936,22,bully,2725,1,13,574327,114,0,684,0,1,22,85211,2725,0,14,0,0,0,LEADER,1,4,1,28,13,114,0,0,0,0,0,0,0,0,0
87952,21,bully,2747,1,13,574578,114,0,684,0,1,21,85205,2747,0,14,0,0,0,LEADER,1,4,1,27,13,114,0,0,0,0,0,0,0,0,0
88412,33,bully,3201,1,13,580515,114,0,684,0,1,33,85211,3201,0,14,0,0,0,LEADER,1,4,1,39,13,114,0,0,0,0,0,0,0,0,0
88445,43,bully,3234,1,13,580944,114,0,684,0,1,43,85211,3234,0,14,0,0,0,LEADER,1,4,1,49,13,114,0,0,0,0,0,0,0,0,0
88209,16,bully,2998,1,13,577876,114,115,684,690,2,1,85211,2998,0,14,0,0,0,NORMAL,0,3,1,6,48,114,0,115,0,0,0,0,0,0,0
88713,32,bully,3502,1,13,584428,114,0,684,0,1,32,85211,3502,0,14,0,0,0,LEADER,1,4,1,38,13,114,0,0,0,0,0,0,0,0,0
88754,4,bully,3543,1,13,584961,114,229,684,1374,1,1,85211,3543,0,14,0,0,0,NORMAL,0,3,1,6,42,114,0,229,0,0,0,0,0,0,0
88820,24,bully,3610,1,13,585830,114,0,684,0,1,24,85210,3610,0,14,0,0,0,LEADER,1,4,1,30,13,114,0,0,0,0,0,0,0,0,0
88515,20,bully,3304,1,13,581854,114,0,684,0,1,20,85211,3304,0,14,0,0,0,LEADER,1,4,1,26,13,114,0,0,0,0,0,0,0,0,0
88161,38,bully,2950,1,13,577252,114,0,684,0,1,38,85211,2950,0,14,0,0,0,LEADER,1,4,1,44,13,114,0,0,0,0,0,0,0,0,0
88796,23,bully,3585,1,13,585507,114,0,684,0,1,23,85211,3585,0,14,0,0,0,LEADER,1,4,1,29,13,114,0,0,0,0,0,0,0,0,0
88618,7,bully,3407,1,13,583193,114,230,684,1380,2,1,85211,3407,0,14,0,0,0,NORMAL,0,3,1,6,46,114,0,230,0,0,0,0,0,0,0
88751,47,bully,3540,1,13,584922,114,0,684,0,1,47,85211,3540,0,14,0,0,0,LEADER,1,4,1,53,13,114,0,0,0,0,0,0,0,0,0
88604,39,bully,3392,1,13,583002,114,0,684,0,1,39,85212,3392,0,14,0,0,0,LEADER,1,4,1,45,13,114,0,0,0,0,0,0,0,0,0
88765,15,bully,3555,1,13,585115,114,114,684,684,2,1,85210,3555,0,14,0,0,0,NORMAL,0,3,1,6,50,114,0,114,0,0,0,0,0,0,0
88636,49,bully,3425,1,13,583427,114,0,684,0,1,49,85211,3425,0,14,0,0,0,LEADER,1,4,1,55,13,114,0,0,0,0,0,0,0,0,0
88427,1,bully,3216,1,13,580710,114,229,684,1374,1,1,85211,3216,0,14,0,0,0,LEADER,1,4,1,7,13,114,0,229,0,0,0,0,0,0,0
88580,40,bully,3371,1,13,582709,114,0,684,0,1,40,85209,3371,0,14,0,0,0,LEADER,1,4,1,46,13,114,0,0,0,0,0,0,0,0,0
88787,14,bully,3577,1,13,585403,114,114,684,684,2,1,85210,3577,0,14,0,0,0,NORMAL,0,3,1,6,46,114,0,114,0,0,0,0,0,0,0
88888,44,bully,3677,1,13,586703,114,0,684,0,1,44,85211,3677,0,14,0,0,0,LEADER,1,4,1,50,13,114,0,0,0,0,0,0,0,0,0
88903,12,bully,3692,1,13,586898,114,115,684,690,1,1,85211,3692,0,14,0,0,0,NORMAL,0,3,1,6,42,114,0,115,0,0,0,0,0,0,0
88854,34,bully,3643,1,13,586261,114,0,684,0,1,34,85211,3643,0,14,0,0,0,LEADER,1,4,1,40,13,114,0,0,0,0,0,0,0,0,0
90397,18,bully,2883,1,13,576381,117,0,702,0,1,18,87514,2883,0,14,0,0,0,LEADER,1,4,1,27,13,117,0,0,0,0,0,0,0,0,0
90342,9,bully,2828,1,13,575666,117,115,702,690,1,1,87514,2828,0,14,0,0,0,NORMAL,0,3,1,9,39,117,0,115,0,0,0,0,0,0,0
90497,13,bully,2983,1,13,577681,117,115,702,690,2,1,87514,2983,0,14,0,0,0,NORMAL,0,3,1,9,45,117,0,115,0,0,0,0,0,0,0
90567,25,bully,3053,1,13,578591,117,0,702,0,1,25,87514,3053,0,14,0,0,0,LEADER,1,4,1,34,13,117,0,0,0,0,0,0,0,0,0
90576,36,bully,3065,1,13,578722,117,0,702,0,1,36,87511,3065,0,14,0,0,0,LEADER,1,4,1,45,13,117,0,0,0,0,0,0,0,0,0
90409,29,bully,2895,1,13,576537,117,0,702,0,1,29,87514,2895,0,14,0,0,0,LEADER,1,4,1,38,13,117,0,0,0,0,0,0,0,0,0
90600,35,bully,3086,1,13,579020,117,0,702,0,1,35,87514,3086,0,14,0,0,0,LEADER,1,4,1,44,13,117,0,0,0,0,0,0,0,0,0
90477,6,bully,2965,1,13,577439,117,232,702,1392,2,1,87512,2965,0,14,0,0,0,NORMAL,0,3,1,9,45,117,0,232,0,0,0,0,0,0,0
90647,48,bully,3133,1,13,579631,117,0,702,0,1,48,87514,3133,0,14,0,0,0,LEADER,1,4,1,57,13,117,0,0,0,0,0,0,0,0,0
90382,50,bully,2868,1,13,576186,117,0,702,0,1,50,87514,2868,0,14,0,0,0,LEADER,1,4,1,59,13,117,0,0,0,0,0,0,0,0,0
90324,41,bully,2813,1,13,575440,117,0,702,0,1,41,87511,2813,0,14,0,0,0,LEADER,1,4,1,50,13,117,0,0,0,0,0,0,0,0,0
90785,10,bully,3271,1,13,581425,117,116,702,696,1,1,87514,3271,0,14,0,0,0,NORMAL,0,3,1,9,41,117,0,116,0,0,0,0,0,0,0
90615,3,bully,3101,1,13,579215,117,232,702,1392,1,1,87514,3101,0,14,0,0,0,NORMAL,0,3,1,9,41,117,0,232,0,0,0,0,0,0,0
90227,11,bully,2713,1,13,574171,117,115,702,690,1,1,87514,2713,0,14,0,0,0,NORMAL,0,3,1,9,54,117,0,115,0,0,0,0,0,0,0
90633,45,bully,3119,1,13,579449,117,0,702,0,1,45,87514,3119,0,14,0,0,0,LEADER,1,4,1,54,13,117,0,0,0,0,0,0,0,0,0
90770,42,bully,3256,1,13,581230,117,0,702,0,1,42,87514,3256,0,14,0,0,0,LEADER,1,4,1,51,13,117,0,0,0,0,0,0,0,0,0
90736,46,bully,3222,1,13,580788,117,0,702,0,1,46,87514,3222,0,14,0,0,0,LEADER,1,4,1,55,13,117,0,0,0,0,0,0,0,0,0
90294,31,bully,2780,1,13,575042,117,0,702,0,1,31,87514,2780,0,14,0,0,0,LEADER,1,4,1,40,13,117,0,0,0,0,0,0,0,0,0
90900,8,bully,3386,1,13,582920,117,116,702,696,2,1,87514,3386,0,14,0,0,0,NORMAL,0,3,1,9,47,117,0,116,0,0,0,0,0,0,0
90545,26,bully,3031,1,13,578305,117,0,702,0,1,26,87514,3031,0,14,0,0,0,LEADER,1,4,1,35,13,117,0,0,0,0,0,0,0,0,0
90954,17,bully,3440,1,13,583622,117,0,702,0,1,17,87514,3440,0,14,0,0,0,LEADER,1,4,1,26,13,117,0,0,0,0,0,0,0,0,0
90851,30,bully,3337,1,13,582283,117,0,702,0,1,30,87514,3337,0,14,0,0,0,LEADER,1,4,1,39,13,117,0,0,0,0,0,0,0,0,0
91036,5,bully,3522,1,13,584688,117,233,702,1398,2,1,87514,3522,0,14,0,0,0,NORMAL,0,3,1,9,43,117,0,233,0,0,0,0,0,0,0
90682,2,bully,3168,1,13,580086,117,233,702,1398,1,1,87514,3168,0,14,0,0,0,NORMAL,0,3,1,9,39,117,0,233,0,0,0,0,0,0,0
90430,28,bully,2916,1,13,576810,117,0,702,0,1,28,87514,2916,0,14,0,0,0,LEADER,1,4,1,37,13,117,0,0,0,0,0,0,0,0,0
90987,27,bully,3473,1,13,584051,117,0,702,0,1,27,87514,3473,0,14,0,0,0,LEADER,1,4,1,36,13,117,0,0,0,0,0,0,0,0,0
91021,37,bully,3507,1,13,584493,117,0,702,0,1,37,87514,3507,0,14,0,0,0,LEADER,1,4,1,46,13,117,0,0,0,0,0,0,0,0,0
90373,19,bully,2861,1,13,576084,117,0,702,0,1,19,87512,2861,0,14,0,0,0,LEADER,1,4,1,28,13,117,0,0,0,0,0,0,0,0,0
90239,22,bully,2725,1,13,574327,117,0,702,0,1,22,87514,2725,0,14,0,0,0,LEADER,1,4,1,31,13,117,0,0,0,0,0,0,0,0,0
90255,21,bully,2747,1,13,574578,117,0,702,0,1,21,87508,2747,0,14,0,0,0,LEADER,1,4,1,30,13,117,0,0,0,0,0,0,0,0,0
90715,33,bully,3201,1,13,580515,117,0,702,0,1,33,87514,3201,0,14,0,0,0,LEADER,1,4,1,42,13,117,0,0,0,0,0,0,0,0,0
90748,43,bully,3234,1,13,580944,117,0,702,0,1,43,87514,3234,0,14,0,0,0,LEADER,1,4,1,52,13,117,0,0,0,0,0,0,0,0,0
90512,16,bully,2998,1,13,577876,117,118,702,708,2,1,87514,2998,0,14,0,0,0,NORMAL,0,3,1,9,48,117,0,118,0,0,0,0,0,0,0
91016,32,bully,3502,1,13,584428,117,0,702,0,1,32,87514,3502,0,14,0,0,0,LEADER,1,4,1,41,13,117,0,0,0,0,0,0,0,0,0
91057,4,bully,3543,1,13,584961,117,235,702,1410,1,1,87514,3543,0,14,0,0,0,NORMAL,0,3,1,9,42,117,0,235,0,0,0,0,0,0,0
91123,24,bully,3610,1,13,585830,117,0,702,0,1,24,87513,3610,0,14,0,0,0,LEADER,1,4,1,33,13,117,0,0,0,0,0,0,0,0,0
90818,20,bully,3304,1,13,581854,117,0,702,0,1,20,87514,3304,0,14,0,0,0,LEADER,1,4,1,29,13,117,0,0,0,0,0,0,0,0,0
90464,38,bully,2950,1,13,577252,117,0,702,0,1,38,87514,2950,0,14,0,0,0,LEADER,1,4,1,47,13,117,0,0,0,0,0,0,0,0,0
91099,23,bully,3585,1,13,585507,117,0,702,0,1,23,87514,3585,0,14,0,0,0,LEADER,1,4,1,32,13,117,0,0,0,0,0,0,0,0,0
90921,7,bully,3407,1,13,583193,117,236,702,1416,2,1,87514,3407,0,14,0,0,0,NORMAL,0,3,1,9,46,117,0,236,0,0,0,0,0,0,0
91054,47,bully,3540,1,13,584922,117,0,702,0,1,47,87514,3540,0,14,0,0,0,LEADER,1,4,1,56,13,117,0,0,0,0,0,0,0,0,0
90907,39,bully,3392,1,13,583002,117,0,702,0,1,39,87515,3392,0,14,0,0,0,LEADER,1,4,1,48,13,117,0,0,0,0,0,0,0,0,0
91068,15,bully,3555,1,13,585115,117,117,702,702,2,1,87513,3555,0,14,0,0,0,NORMAL,0,3,1,9,50,117,0,117,0,0,0,0,0,0,0
90939,49,bully,3425,1,13,583427,117,0,702,0,1,49,87514,3425,0,14,0,0,0,LEADER,1,4,1,58,13,117,0,0,0,0,0,0,0,0,0
90730,1,bully,3216,1,13,580710,117,235,702,1410,1,1,87514,3216,0,14,0,0,0,LEADER,1,4,1,10,13,117,0,235,0,0,0,0,0,0,0
90883,40,bully,3371,1,13,582709,117,0,702,0,1,40,87512,3371,0,14,0,0,0,LEADER,1,4,1,49,13,117,0,0,0,0,0,0,0,0,0
91090,14,bully,3577,1,13,585403,117,117,702,702,2,1,87513,3577,0,14,0,0,0,NORMAL,0,3,1,9,46,117,0,117,0,0,0,0,0,0,0
91191,44,bully,3677,1,13,586703,117,0,702,0,1,44,87514,3677,0,14,0,0,0,LEADER,1,4,1,53,13,117,0,0,0,0,0,0,0,0,0
91206,12,bully,3692,1,13,586898,117,118,702,708,1,1,87514,3692,0,14,0,0,0,NORMAL,0,3,1,9,42,117,0,118,0,0,0,0,0,0,0
91157,34,bully,3643,1,13,586261,117,0,702,0,1,34,87514,3643,0,14,0,0,0,LEADER,1,4,1,43,13,117,0,0,0,0,0,0,0,0,0
92700,18,bully,2883,1,14,669081,120,0,720,0,1,18,89817,2883,0,15,0,0,0,LEADER,1,4,1,21,14,120,0,0,0,0,0,0,0,0,0
92645,9,bully,2828,1,14,668311,120,118,720,708,1,1,89817,2828,0,15,0,0,0,NORMAL,0,3,2,3,42,120,0,118,0,0,0,0,0,0,0
92800,13,bully,2983,1,14,670481,120,118,720,708,2,1,89817,2983,0,15,0,0,0,NORMAL,0,3,2,3,48,120,0,118,0,0,0,0,0,0,0
92870,25,bully,3053,1,14,671461,120,0,720,0,1,25,89817,3053,0,15,0,0,0,LEADER,1,4,1,28,14,120,0,0,0,0,0,0,0,0,0
92878,36,bully,3065,1,14,671600,120,0,720,0,1,36,89813,3065,0,15,0,0,0,LEADER,1,4,1,39,14,120,0,0,0,0,0,0,0,0,0
92712,29,bully,2895,1,14,669249,120,0,720,0,1,29,89817,2895,0,15,0,0,0,LEADER,1,4,1,32,14,120,0,0,0,0,0,0,0,0,0
92902,35,bully,3086,1,14,671922,120,0,720,0,1,35,89816,3086,0,15,0,0,0,LEADER,1,4,1,38,14,120,0,0,0,0,0,0,0,0,0
92780,6,bully,2965,1,14,670219,120,238,720,1428,2,1,89815,2965,0,15,0,0,0,NORMAL,0,3,2,3,48,120,0,238,0,0,0,0,0,0,0
92950,48,bully,3133,1,14,672581,120,0,720,0,1,48,89817,3133,0,15,0,0,0,LEADER,1,4,1,51,14,120,0,0,0,0,0,0,0,0,0
92685,50,bully,2868,1,14,668871,120,0,720,0,1,50,89817,2868,0,15,0,0,0,LEADER,1,4,1,53,14,120,0,0,0,0,0,0,0,0,0
93088,10,bully,3271,1,14,674513,120,119,720,714,1,1,89817,3271,0,15,0,0,0,NORMAL,0,3,2,3,44,120,0,119,0,0,0,0,0,0,0
92627,41,bully,2813,1,14,668067,120,0,720,0,1,41,89814,2813,0,15,0,0,0,LEADER,1,4,1,44,14,120,0,0,0,0,0,0,0,0,0
92918,3,bully,3101,1,14,672133,120,238,720,1428,1,1,89817,3101,0,15,0,0,0,NORMAL,0,3,2,3,44,120,0,238,0,0,0,0,0,0,0
92530,11,bully,2713,1,14,666701,120,118,720,708,1,1,89817,2713,0,15,0,0,0,NORMAL,0,3,2,3,58,120,0,118,0,0,0,0,0,0,0
92936,45,bully,3119,1,14,672385,120,0,720,0,1,45,89817,3119,0,15,0,0,0,LEADER,1,4,1,48,14,120,0,0,0,0,0,0,0,0,0
93073,42,bully,3256,1,14,674303,120,0,720,0,1,42,89817,3256,0,15,0,0,0,LEADER,1,4,1,45,14,120,0,0,0,0,0,0,0,0,0
93039,46,bully,3222,1,14,673827,120,0,720,0,1,46,89817,3222,0,15,0,0,0,LEADER,1,4,1,49,14,120,0,0,0,0,0,0,0,0,0
92597,31,bully,2780,1,14,667639,120,0,720,0,1,31,89817,2780,0,15,0,0,0,LEADER,1,4,1,34,14,120,0,0,0,0,0,0,0,0,0
93203,8,bully,3386,1,14,676123,120,119,720,714,2,1,89817,3386,0,15,0,0,0,NORMAL,0,3,2,3,50,120,0,119,0,0,0,0,0,0,0
92848,26,bully,3031,1,14,671153,120,0,720,0,1,26,89817,3031,0,15,0,0,0,LEADER,1,4,1,29,14,120,0,0,0,0,0,0,0,0,0
93257,17,bully,3440,1,14,676879,120,0,720,0,1,17,89817,3440,0,15,0,0,0,LEADER,1,4,1,20,14,120,0,0,0,0,0,0,0,0,0
93154,30,bully,3337,1,14,675437,120,0,720,0,1,30,89817,3337,0,15,0,0,0,LEADER,1,4,1,33,14,120,0,0,0,0,0,0,0,0,0
93339,5,bully,3522,1,14,678027,120,239,720,1434,2,1,89817,3522,0,15,0,0,0,NORMAL,0,3,2,3,46,120,0,239,0,0,0,0,0,0,0
92985,2,bully,3168,1,14,673071,120,239,720,1434,1,1,89817,3168,0,15,0,0,0,NORMAL,0,3,2,3,42,120,0,239,0,0,0,0,0,0,0
92733,28,bully,2916,1,14,669543,120,0,720,0,1,28,89817,2916,0,15,0,0,0,LEADER,1,4,1,31,14,120,0,0,0,0,0,0,0,0,0
93290,27,bully,3473,1,14,677341,120,0,720,0,1,27,89817,3473,0,15,0,0,0,LEADER,1,4,1,30,14,120,0,0,0,0,0,0,0,0,0
93324,37,bully,3507,1,14,677817,120,0,720,0,1,37,89817,3507,0,15,0,0,0,LEADER,1,4,1,40,14,120,0,0,0,0,0,0,0,0,0
92676,19,bully,2861,1,14,668760,120,0,720,0,1,19,89815,2861,0,15,0,0,0,LEADER,1,4,1,22,14,120,0,0,0,0,0,0,0,0,0
92542,22,bully,2725,1,14,666869,120,0,720,0,1,22,89817,2725,0,15,0,0,0,LEADER,1,4,1,25,14,120,0,0,0,0,0,0,0,0,0
92558,21,bully,2747,1,14,667136,120,0,720,0,1,21,89811,2747,0,15,0,0,0,LEADER,1,4,1,24,14,120,0,0,0,0,0,0,0,0,0
93018,33,bully,3201,1,14,673533,120,0,720,0,1,33,89817,3201,0,15,0,0,0,LEADER,1,4,1,36,14,120,0,0,0,0,0,0,0,0,0
93051,43,bully,3234,1,14,673995,120,0,720,0,1,43,89817,3234,0,15,0,0,0,LEADER,1,4,1,46,14,120,0,0,0,0,0,0,0,0,0
92815,16,bully,2998,1,14,670691,120,121,720,726,2,1,89817,2998,0,15,0,0,0,NORMAL,0,3,2,3,51,120,0,121,0,0,0,0,0,0,0
93319,32,bully,3502,1,14,677747,120,0,720,0,1,32,89817,3502,0,15,0,0,0,LEADER,1,4,1,35,14,120,0,0,0,0,0,0,0,0,0
93360,4,bully,3543,1,14,678321,120,241,720,1446,1,1,89817,3543,0,15,0,0,0,NORMAL,0,3,2,3,45,120,0,241,0,0,0,0,0,0,0
93426,24,bully,3610,1,14,679256,120,0,720,0,1,24,89816,3610,0,15,0,0,0,LEADER,1,4,1,27,14,120,0,0,0,0,0,0,0,0,0
93121,20,bully,3304,1,14,674975,120,0,720,0,1,20,89817,3304,0,15,0,0,0,LEADER,1,4,1,23,14,120,0,0,0,0,0,0,0,0,0
92767,38,bully,2950,1,14,670019,120,0,720,0,1,38,89817,2950,0,15,0,0,0,LEADER,1,4,1,41,14,120,0,0,0,0,0,0,0,0,0
93402,23,bully,3585,1,14,678909,120,0,720,0,1,23,89817,3585,0,15,0,0,0,LEADER,1,4,1,26,14,120,0,0,0,0,0,0,0,0,0
93224,7,bully,3407,1,14,676417,120,242,720,1452,2,1,89817,3407,0,15,0,0,0,NORMAL,0,3,2,3,49,120,0,242,0,0,0,0,0,0,0
93357,47,bully,3540,1,14,678279,120,0,720,0,1,47,89817,3540,0,15,0,0,0,LEADER,1,4,1,50,14,120,0,0,0,0,0,0,0,0,0
93210,39,bully,3392,1,14,676212,120,0,720,0,1,39,89818,3392,0,15,0,0,0,LEADER,1,4,1,42,14,120,0,0,0,0,0,0,0,0,0
93371,15,bully,3555,1,14,678486,120,119,720,714,2,1,89816,3555,0,15,0,0,0,NORMAL,0,3,2,3,53,120,0,119,0,0,0,0,0,0,0
93242,49,bully,3425,1,14,676669,120,0,720,0,1,49,89817,3425,0,15,0,0,0,LEADER,1,4,1,52,14,120,0,0,0,0,0,0,0,0,0
93033,1,bully,3216,1,14,673743,120,242,720,1452,1,1,89817,3216,0,15,0,0,0,LEADER,1,4,1,4,14,120,0,242,0,0,0,0,0,0,0
93186,40,bully,3371,1,14,675895,120,0,720,0,1,40,89815,3371,0,15,0,0,0,LEADER,1,4,1,43,14,120,0,0,0,0,0,0,0,0,0
93393,14,bully,3577,1,14,678796,120,120,720,720,2,1,89816,3577,0,15,0,0,0,NORMAL,0,3,2,3,49,120,0,120,0,0,0,0,0,0,0
93494,44,bully,3677,1,14,680197,120,0,720,0,1,44,89817,3677,0,15,0,0,0,LEADER,1,4,1,47,14,120,0,0,0,0,0,0,0,0,0
93509,12,bully,3692,1,14,680407,120,121,720,726,1,1,89817,3692,0,15,0,0,0,NORMAL,0,3,2,3,45,120,0,121,0,0,0,0,0,0,0
93460,34,bully,3643,1,14,679721,120,0,720,0,1,34,89817,3643,0,15,0,0,0,LEADER,1,4,1,37,14,120,0,0,0,0,0,0,0,0,0
95003,18,bully,2883,1,14,669081,123,0,738,0,1,18,92120,2883,0,15,0,0,0,LEADER,1,4,1,24,14,123,0,0,0,0,0,0,0,0,0
94948,9,bully,2828,1,14,668311,123,121,738,726,1,1,92120,2828,0,15,0,0,0,NORMAL,0,3,1,6,42,123,0,121,0,0,0,0,0,0,0
95103,13,bully,2983,1,14,670481,123,121,738,726,2,1,92120,2983,0,15,0,0,0,NORMAL,0,3,1,6,48,123,0,121,0,0,0,0,0,0,0
95173,25,bully,3053,1,14,671461,123,0,738,0,1,25,92120,3053,0,15,0,0,0,LEADER,1,4,1,31,14,123,0,0,0,0,0,0,0,0,0
95181,36,bully,3065,1,14,671600,123,0,738,0,1,36,92116,3065,0,15,0,0,0,LEADER,1,4,1,42,14,123,0,0,0,0,0,0,0,0,0
95015,29,bully,2895,1,14,669249,123,0,738,0,1,29,92120,2895,0,15,0,0,0,LEADER,1,4,1,35,14,123,0,0,0,0,0,0,0,0,0
95205,35,bully,3086,1,14,671922,123,0,738,0,1,35,92119,3086,0,15,0,0,0,LEADER,1,4,1,41,14,123,0,0,0,0,0,0,0,0,0
95083,6,bully,2965,1,14,670219,123,244,738,1464,2,1,92118,2965,0,15,0,0,0,NORMAL,0,3,1,6,48,123,0,244,0,0,0,0,0,0,0
95253,48,bully,3133,1,14,672581,123,0,738,0,1,48,92120,3133,0,15,0,0,0,LEADER,1,4,1,54,14,123,0,0,0,0,0,0,0,0,0
94988,50,bully,2868,1,14,668871,123,0,738,0,1,50,92120,2868,0,15,0,0,0,LEADER,1,4,1,56,14,123,0,0,0,0,0,0,0,0,0
94930,41,bully,2813,1,14,668067,123,0,738,0,1,41,92117,2813,0,15,0,0,0,LEADER,1,4,1,47,14,123,0,0,0,0,0,0,0,0,0
95391,10,bully,3271,1,14,674513,123,122,738,732,1,1,92120,3271,0,15,0,0,0,NORMAL,0,3,1,6,44,123,0,122,0,0,0,0,0,0,0
95221,3,bully,3101,1,14,672133,123,244,738,1464,1,1,92120,3101,0,15,0,0,0,NORMAL,0,3,1,6,44,123,0,244,0,0,0,0,0,0,0
94833,11,bully,2713,1,14,666701,123,121,738,726,1,1,92120,2713,0,15,0,0,0,NORMAL,0,3,1,6,58,123,0,121,0,0,0,0,0,0,0
95239,45,bully,3119,1,14,672385,123,0,738,0,1,45,92120,3119,0,15,0,0,0,LEADER,1,4,1,51,14,123,0,0,0,0,0,0,0,0,0
95376,42,bully,3256,1,14,674303,123,0,738,0,1,42,92120,3256,0,15,0,0,0,LEADER,1,4,1,48,14,123,0,0,0,0,0,0,0,0,0
95342,46,bully,3222,1,14,673827,123,0,738,0,1,46,92120,3222,0,15,0,0,0,LEADER,1,4,1,52,14,123,0,0,0,0,0,0,0,0,0
94900,31,bully,2780,1,14,667639,123,0,738,0,1,31,92120,2780,0,15,0,0,0,LEADER,1,4,1,37,14,123,0,0,0,0,0,0,0,0,0
95506,8,bully,3386,1,14,676123,123,122,738,732,2,1,92120,3386,0,15,0,0,0,NORMAL,0,3,1,6,50,123,0,122,0,0,0,0,0,0,0
95151,26,bully,3031,1,14,671153,123,0,738,0,1,26,92120,3031,0,15,0,0,0,LEADER,1,4,1,32,14,123,0,0,0,0,0,0,0,0,0
95560,17,bully,3440,1,14,676879,123,0,738,0,1,17,92120,3440,0,15,0,0,0,LEADER,1,4,1,23,14,123,0,0,0,0,0,0,0,0,0
95457,30,bully,3337,1,14,675437,123,0,738,0,1,30,92120,3337,0,15,0,0,0,LEADER,1,4,1,36,14,123,0,0,0,0,0,0,0,0,0
95642,5,bully,3522,1,14,678027,123,245,738,1470,2,1,92120,3522,0,15,0,0,0,NORMAL,0,3,1,6,46,123,0,245,0,0,0,0,0,0,0
95288,2,bully,3168,1,14,673071,123,245,738,1470,1,1,92120,3168,0,15,0,0,0,NORMAL,0,3,1,6,42,123,0,245,0,0,0,0,0,0,0
95036,28,bully,2916,1,14,669543,123,0,738,0,1,28,92120,2916,0,15,0,0,0,LEADER,1,4,1,34,14,123,0,0,0,0,0,0,0,0,0
95593,27,bully,3473,1,14,677341,123,0,738,0,1,27,92120,3473,0,15,0,0,0,LEADER,1,4,1,33,14,123,0,0,0,0,0,0,0,0,0
95627,37,bully,3507,1,14,677817,123,0,738,0,1,37,92120,3507,0,15,0,0,0,LEADER,1,4,1,43,14,123,0,0,0,0,0,0,0,0,0
94979,19,bully,2861,1,14,668760,123,0,738,0,1,19,92118,2861,0,15,0,0,0,LEADER,1,4,1,25,14,123,0,0,0,0,0,0,0,0,0
94845,22,bully,2725,1,14,666869,123,0,738,0,1,22,92120,2725,0,15,0,0,0,LEADER,1,4,1,28,14,123,0,0,0,0,0,0,0,0,0
94861,21,bully,2747,1,14,667136,123,0,738,0,1,21,92114,2747,0,15,0,0,0,LEADER,1,4,1,27,14,123,0,0,0,0,0,0,0,0,0
95321,33,bully,3201,1,14,673533,123,0,738,0,1,33,92120,3201,0,15,0,0,0,LEADER,1,4,1,39,14,123,0,0,0,0,0,0,0,0,0
95354,43,bully,3234,1,14,673995,123,0,738,0,1,43,92120,3234,0,15,0,0,0,LEADER,1,4,1,49,14,123,0,0,0,0,0,0,0,0,0
95118,16,bully,2998,1,14,670691,123,124,738,744,2,1,92120,2998,0,15,0,0,0,NORMAL,0,3,1,6,51,123,0,124,0,0,0,0,0,0,0
95622,32,bully,3502,1,14,677747,123,0,738,0,1,32,92120,3502,0,15,0,0,0,LEADER,1,4,1,38,14,123,0,0,0,0,0,0,0,0,0
95663,4,bully,3543,1,14,678321,123,247,738,1482,1,1,92120,3543,0,15,0,0,0,NORMAL,0,3,1,6,45,123,0,247,0,0,0,0,0,0,0
95729,24,bully,3610,1,14,679256,123,0,738,0,1,24,92119,3610,0,15,0,0,0,LEADER,1,4,1,30,14,123,0,0,0,0,0,0,0,0,0
95424,20,bully,3304,1,14,674975,123,0,738,0,1,20,92120,3304,0,15,0,0,0,LEADER,1,4,1,26,14,123,0,0,0,0,0,0,0,0,0
95070,38,bully,2950,1,14,670019,123,0,738,0,1,38,92120,2950,0,15,0,0,0,LEADER,1,4,1,44,14,123,0,0,0,0,0,0,0,0,0
95705,23,bully,3585,1,14,678909,123,0,738,0,1,23,92120,3585,0,15,0,0,0,LEADER,1,4,1,29,14,123,0,0,0,0,0,0,0,0,0
95527,7,bully,3407,1,14,676417,123,248,738,1488,2,1,92120,3407,0,15,0,0,0,NORMAL,0,3,1,6,49,123,0,248,0,0,0,0,0,0,0
95660,47,bully,3540,1,14,678279,123,0,738,0,1,47,92120,3540,0,15,0,0,0,LEADER,1,4,1,53,14,123,0,0,0,0,0,0,0,0,0
95513,39,bully,3392,1,14,676212,123,0,738,0,1,39,92121,3392,0,15,0,0,0,LEADER,1,4,1,45,14,123,0,0,0,0,0,0,0,0,0
95674,15,bully,3555,1,14,678486,123,122,738,732,2,1,92119,3555,0,15,0,0,0,NORMAL,0,3,1,6,53,123,0,122,0,0,0,0,0,0,0
95545,49,bully,3425,1,14,676669,123,0,738,0,1,49,92120,3425,0,15,0,0,0,LEADER,1,4,1,55,14,123,0,0,0,0,0,0,0,0,0
95336,1,bully,3216,1,14,673743,123,247,738,1482,1,1,92120,3216,0,15,0,0,0,LEADER,1,4,1,7,14,123,0,247,0,0,0,0,0,0,0
95489,40,bully,3371,1,14,675895,123,0,738,0,1,40,92118,3371,0,15,0,0,0,LEADER,1,4,1,46,14,123,0,0,0,0,0,0,0,0,0
95696,14,bully,3577,1,14,678796,123,123,738,738,2,1,92119,3577,0,15,0,0,0,NORMAL,0,3,1,6,49,123,0,123,0,0,0,0,0,0,0
95797,44,bully,3677,1,14,680197,123,0,738,0,1,44,92120,3677,0,15,0,0,0,LEADER,1,4,1,50,14,123,0,0,0,0,0,0,0,0,0
95812,12,bully,3692,1,14,680407,123,124,738,744,1,1,92120,3692,0,15,0,0,0,NORMAL,0,3,1,6,45,123,0,124,0,0,0,0,0,0,0
95763,34,bully,3643,1,14,679721,123,0,738,0,1,34,92120,3643,0,15,0,0,0,LEADER,1,4,1,40,14,123,0,0,0,0,0,0,0,0,0
97306,18,bully,2883,1,14,669081,126,0,756,0,1,18,94423,2883,0,15,0,0,0,LEADER,1,4,1,27,14,126,0,0,0,0,0,0,0,0,0
97251,9,bully,2828,1,14,668311,126,124,756,744,1,1,94423,2828,0,15,0,0,0,NORMAL,0,3,1,9,42,126,0,124,0,0,0,0,0,0,0
97406,13,bully,2983,1,14,670481,126,124,756,744,2,1,94423,2983,0,15,0,0,0,NORMAL,0,3,1,9,48,126,0,124,0,0,0,0,0,0,0
97476,25,bully,3053,1,14,671461,126,0,756,0,1,25,94423,3053,0,15,0,0,0,LEADER,1,4,1,34,14,126,0,0,0,0,0,0,0,0,0
97484,36,bully,3065,1,14,671600,126,0,756,0,1,36,94419,3065,0,15,0,0,0,LEADER,1,4,1,45,14,126,0,0,0,0,0,0,0,0,0
97318,29,bully,2895,1,14,669249,126,0,756,0,1,29,94423,2895,0,15,0,0,0,LEADER,1,4,1,38,14,126,0,0,0,0,0,0,0,0,0
97508,35,bully,3086,1,14,671922,126,0,756,0,1,35,94422,3086,0,15,0,0,0,LEADER,1,4,1,44,14,126,0,0,0,0,0,0,0,0,0
97386,6,bully,2965,1,14,670219,126,250,756,1500,2,1,94421,2965,0,15,0,0,0,NORMAL,0,3,1,9,48,126,0,250,0,0,0,0,0,0,0
97556,48,bully,3133,1,14,672581,126,0,756,0,1,48,94423,3133,0,15,0,0,0,LEADER,1,4,1,57,14,126,0,0,0,0,0,0,0,0,0
97291,50,bully,2868,1,14,668871,126,0,756,0,1,50,94423,2868,0,15,0,0,0,LEADER,1,4,1,59,14,126,0,0,0,0,0,0,0,0,0
97233,41,bully,2813,1,14,668067,126,0,756,0,1,41,94420,2813,0,15,0,0,0,LEADER,1,4,1,50,14,126,0,0,0,0,0,0,0,0,0
97694,10,bully,3271,1,14,674513,126,125,756,750,1,1,94423,3271,0,15,0,0,0,NORMAL,0,3,1,9,44,126,0,125,0,0,0,0,0,0,0
97524,3,bully,3101,1,14,672133,126,250,756,1500,1,1,94423,3101,0,15,0,0,0,NORMAL,0,3,1,9,44,126,0,250,0,0,0,0,0,0,0
97136,11,bully,2713,1,14,666701,126,124,756,744,1,1,94423,2713,0,15,0,0,0,NORMAL,0,3,1,9,58,126,0,124,0,0,0,0,0,0,0
97542,45,bully,3119,1,14,672385,126,0,756,0,1,45,94423,3119,0,15,0,0,0,LEADER,1,4,1,54,14,126,0,0,0,0,0,0,0,0,0
97679,42,bully,3256,1,14,674303,126,0,756,0,1,42,94423,3256,0,15,0,0,0,LEADER,1,4,1,51,14,126,0,0,0,0,0,0,0,0,0
97645,46,bully,3222,1,14,673827,126,0,756,0,1,46,94423,3222,0,15,0,0,0,LEADER,1,4,1,55,14,126,0,0,0,0,0,0,0,0,0
97203,31,bully,2780,1,14,667639,126,0,756,0,1,31,94423,2780,0,15,0,0,0,LEADER,1,4,1,40,14,126,0,0,0,0,0,0,0,0,0
97809,8,bully,3386,1,14,676123,126,125,756,750,2,1,94423,3386,0,15,0,0,0,NORMAL,0,3,1,9,50,126,0,125,0,0,0,0,0,0,0
97454,26,bully,3031,1,14,671153,126,0,756,0,1,26,94423,3031,0,15,0,0,0,LEADER,1,4,1,35,14,126,0,0,0,0,0,0,0,0,0
97863,17,bully,3440,1,14,676879,126,0,756,0,1,17,94423,3440,0,15,0,0,0,LEADER,1,4,1,26,14,126,0,0,0,0,0,0,0,0,0
97760,30,bully,3337,1,14,675437,126,0,756,0,1,30,94423,3337,0,15,0,0,0,LEADER,1,4,1,39,14,126,0,0,0,0,0,0,0,0,0
97945,5,bully,3522,1,14,678027,126,251,756,1506,2,1,94423,3522,0,15,0,0,0,NORMAL,0,3,1,9,46,126,0,251,0,0,0,0,0,0,0
97591,2,bully,3168,1,14,673071,126,251,756,1506,1,1,94423,3168,0,15,0,0,0,NORMAL,0,3,1,9,42,126,0,251,0,0,0,0,0,0,0
97339,28,bully,2916,1,14,669543,126,0,756,0,1,28,94423,2916,0,15,0,0,0,LEADER,1,4,1,37,14,126,0,0,0,0,0,0,0,0,0
97896,27,bully,3473,1,14,677341,126,0,756,0,1,27,94423,3473,0,15,0,0,0,LEADER,1,4,1,36,14,126,0,0,0,0,0,0,0,0,0
97930,37,bully,3507,1,14,677817,126,0,756,0,1,37,94423,3507,0,15,0,0,0,LEADER,1,4,1,46,14,126,0,0,0,0,0,0,0,0,0
97282,19,bully,2861,1,14,668760,126,0,756,0,1,19,94421,2861,0,15,0,0,0,LEADER,1,4,1,28,14,126,0,0,0,0,0,0,0,0,0
97148,22,bully,2725,1,14,666869,126,0,756,0,1,22,94423,2725,0,15,0,0,0,LEADER,1,4,1,31,14,126,0,0,0,0,0,0,0,0,0
97164,21,bully,2747,1,14,667136,126,0,756,0,1,21,94417,2747,0,15,0,0,0,LEADER,1,4,1,30,14,126,0,0,0,0,0,0,0,0,0
97624,33,bully,3201,1,14,673533,126,0,756,0,1,33,94423,3201,0,15,0,0,0,LEADER,1,4,1,42,14,126,0,0,0,0,0,0,0,0,0
97657,43,bully,3234,1,14,673995,126,0,756,0,1,43,94423,3234,0,15,0,0,0,LEADER,1,4,1,52,14,126,0,0,0,0,0,0,0,0,0
97421,16,bully,2998,1,14,670691,126,127,756,762,2,1,94423,2998,0,15,0,0,0,NORMAL,0,3,1,9,51,126,0,127,0,0,0,0,0,0,0
97925,32,bully,3502,1,14,677747,126,0,756,0,1,32,94423,3502,0,15,0,0,0,LEADER,1,4,1,41,14,126,0,0,0,0,0,0,0,0,0
97966,4,bully,3543,1,14,678321,126,253,756,1518,1,1,94423,3543,0,15,0,0,0,NORMAL,0,3,1,9,45,126,0,253,0,0,0,0,0,0,0
98032,24,bully,3610,1,14,679256,126,0,756,0,1,24,94422,3610,0,15,0,0,0,LEADER,1,4,1,33,14,126,0,0,0,0,0,0,0,0,0
97727,20,bully,3304,1,14,674975,126,0,756,0,1,20,94423,3304,0,15,0,0,0,LEADER,1,4,1,29,14,126,0,0,0,0,0,0,0,0,0
97373,38,bully,2950,1,14,670019,126,0,756,0,1,38,94423,2950,0,15,0,0,0,LEADER,1,4,1,47,14,126,0,0,0,0,0,0,0,0,0
98008,23,bully,3585,1,14,678909,126,0,756,0,1,23,94423,3585,0,15,0,0,0,LEADER,1,4,1,32,14,126,0,0,0,0,0,0,0,0,0
97830,7,bully,3407,1,14,676417,126,254,756,1524,2,1,94423,3407,0,15,0,0,0,NORMAL,0,3,1,9,49,126,0,254,0,0,0,0,0,0,0
97963,47,bully,3540,1,14,678279,126,0,756,0,1,47,94423,3540,0,15,0,0,0,LEADER,1,4,1,56,14,126,0,0,0,0,0,0,0,0,0
97816,39,bully,3392,1,14,676212,126,0,756,0,1,39,94424,3392,0,15,0,0,0,LEADER,1,4,1,48,14,126,0,0,0,0,0,0,0,0,0
97977,15,bully,3555,1,14,678486,126,125,756,750,2,1,94422,3555,0,15,0,0,0,NORMAL,0,3,1,9,53,126,0,125,0,0,0,0,0,0,0
97848,49,bully,3425,1,14,676669,126,0,756,0,1,49,94423,3425,0,15,0,0,0,LEADER,1,4,1,58,14,126,0,0,0,0,0,0,0,0,0
97639,1,bully,3216,1,14,673743,126,254,756,1524,1,1,94423,3216,0,15,0,0,0,LEADER,1,4,1,10,14,126,0,254,0,0,0,0,0,0,0
97792,40,bully,3371,1,14,675895,126,0,756,0,1,40,94421,3371,0,15,0,0,0,LEADER,1,4,1,49,14,126,0,0,0,0,0,0,0,0,0
97998,14,bully,3577,1,14,678796,126,126,756,756,2,1,94421,3577,0,15,0,0,0,NORMAL,0,3,1,9,49,126,0,126,0,0,0,0,0,0,0
98100,44,bully,3677,1,14,680197,126,0,756,0,1,44,94423,3677,0,15,0,0,0,LEADER,1,4,1,53,14,126,0,0,0,0,0,0,0,0,0
98115,12,bully,3692,1,14,680407,126,127,756,762,1,1,94423,3692,0,15,0,0,0,NORMAL,0,3,1,9,45,126,0,127,0,0,0,0,0,0,0
98066,34,bully,3643,1,14,679721,126,0,756,0,1,34,94423,3643,0,15,0,0,0,LEADER,1,4,1,43,14,126,0,0,0,0,0,0,0,0,0
99609,18,bully,2883,1,15,768690,129,0,774,0,1,18,96726,2883,0,16,0,0,0,LEADER,1,4,1,21,15,129,0,0,0,0,0,0,0,0,0
99554,9,bully,2828,1,15,767865,129,127,774,762,1,1,96726,2828,0,16,0,0,0,NORMAL,0,3,2,3,45,129,0,127,0,0,0,0,0,0,0
99709,13,bully,2983,1,15,770190,129,127,774,762,2,1,96726,2983,0,16,0,0,0,NORMAL,0,3,2,3,51,129,0,127,0,0,0,0,0,0,0
99779,25,bully,3053,1,15,771240,129,0,774,0,1,25,96726,3053,0,16,0,0,0,LEADER,1,4,1,28,15,129,0,0,0,0,0,0,0,0,0
99787,36,bully,3065,1,15,771387,129,0,774,0,1,36,96722,3065,0,16,0,0,0,LEADER,1,4,1,39,15,129,0,0,0,0,0,0,0,0,0
99621,29,bully,2895,1,15,768870,129,0,774,0,1,29,96726,2895,0,16,0,0,0,LEADER,1,4,1,32,15,129,0,0,0,0,0,0,0,0,0
99810,35,bully,3086,1,15,771732,129,0,774,0,1,35,96724,3086,0,16,0,0,0,LEADER,1,4,1,38,15,129,0,0,0,0,0,0,0,0,0
99689,6,bully,2965,1,15,769908,129,256,774,1536,2,1,96724,2965,0,16,0,0,0,NORMAL,0,3,2,3,51,129,0,256,0,0,0,0,0,0,0
99859,48,bully,3133,1,15,772440,129,0,774,0,1,48,96726,3133,0,16,0,0,0,LEADER,1,4,1,51,15,129,0,0,0,0,0,0,0,0,0
99594,50,bully,2868,1,15,768465,129,0,774,0,1,50,96726,2868,0,16,0,0,0,LEADER,1,4,1,53,15,129,0,0,0,0,0,0,0,0,0
99997,10,bully,3271,1,15,774510,129,128,774,768,1,1,96726,3271,0,16,0,0,0,NORMAL,0,3,2,3,47,129,0,128,0,0,0,0,0,0,0
99536,41,bully,2813,1,15,767603,129,0,774,0,1,41,96723,2813,0,16,0,0,0,LEADER,1,4,1,44,15,129,0,0,0,0,0,0,0,0,0
99827,3,bully,3101,1,15,771960,129,256,774,1536,1,1,96726,3101,0,16,0,0,0,NORMAL,0,3,2,3,47,129,0,256,0,0,0,0,0,0,0
99439,11,bully,2713,1,15,766140,129,127,774,762,1,1,96726,2713,0,16,0,0,0,NORMAL,0,3,2,3,62,129,0,127,0,0,0,0,0,0,0
99845,45,bully,3119,1,15,772230,129,0,774,0,1,45,96726,3119,0,16,0,0,0,LEADER,1,4,1,48,15,129,0,0,0,0,0,0,0,0,0
99982,42,bully,3256,1,15,774285,129,0,774,0,1,42,96726,3256,0,16,0,0,0,LEADER,1,4,1,45,15,129,0,0,0,0,0,0,0,0,0
99948,46,bully,3222,1,15,773775,129,0,774,0,1,46,96726,3222,0,16,0,0,0,LEADER,1,4,1,49,15,129,0,0,0,0,0,0,0,0,0
99506,31,bully,2780,1,15,767145,129,0,774,0,1,31,96726,2780,0,16,0,0,0,LEADER,1,4,1,34,15,129,0,0,0,0,0,0,0,0,0
100112,8,bully,3386,1,15,776235,129,128,774,768,2,1,96726,3386,0,16,0,0,0,NORMAL,0,3,2,3,53,129,0,128,0,0,0,0,0,0,0
99757,26,bully,3031,1,15,770910,129,0,774,0,1,26,96726,3031,0,16,0,0,0,LEADER,1,4,1,29,15,129,0,0,0,0,0,0,0,0,0
100166,17,bully,3440,1,15,777045,129,0,774,0,1,17,96726,3440,0,16,0,0,0,LEADER,1,4,1,20,15,129,0,0,0,0,0,0,0,0,0
100063,30,bully,3337,1,15,775500,129,0,774,0,1,30,96726,3337,0,16,0,0,0,LEADER,1,4,1,33,15,129,0,0,0,0,0,0,0,0,0
100248,5,bully,3522,1,15,778275,129,257,774,1542,2,1,96726,3522,0,16,0,0,0,NORMAL,0,3,2,3,49,129,0,257,0,0,0,0,0,0,0
99894,2,bully,3168,1,15,772965,129,257,774,1542,1,1,96726,3168,0,16,0,0,0,NORMAL,0,3,2,3,45,129,0,257,0,0,0,0,0,0,0
99642,28,bully,2916,1,15,769185,129,0,774,0,1,28,96726,2916,0,16,0,0,0,LEADER,1,4,1,31,15,129,0,0,0,0,0,0,0,0,0
100199,27,bully,3473,1,15,777540,129,0,774,0,1,27,96726,3473,0,16,0,0,0,LEADER,1,4,1,30,15,129,0,0,0,0,0,0,0,0,0
100233,37,bully,3507,1,15,778050,129,0,774,0,1,37,96726,3507,0,16,0,0,0,LEADER,1,4,1,40,15,129,0,0,0,0,0,0,0,0,0
99584,19,bully,2861,1,15,768344,129,0,774,0,1,19,96723,2861,0,16,0,0,0,LEADER,1,4,1,22,15,129,0,0,0,0,0,0,0,0,0
99451,22,bully,2725,1,15,766320,129,0,774,0,1,22,96726,2725,0,16,0,0,0,LEADER,1,4,1,25,15,129,0,0,0,0,0,0,0,0,0
99467,21,bully,2747,1,15,766603,129,0,774,0,1,21,96720,2747,0,16,0,0,0,LEADER,1,4,1,24,15,129,0,0,0,0,0,0,0,0,0
99927,33,bully,3201,1,15,773460,129,0,774,0,1,33,96726,3201,0,16,0,0,0,LEADER,1,4,1,36,15,129,0,0,0,0,0,0,0,0,0
99960,43,bully,3234,1,15,773955,129,0,774,0,1,43,96726,3234,0,16,0,0,0,LEADER,1,4,1,46,15,129,0,0,0,0,0,0,0,0,0
99724,16,bully,2998,1,15,770415,129,130,774,780,2,1,96726,2998,0,16,0,0,0,NORMAL,0,3,2,3,54,129,0,130,0,0,0,0,0,0,0
100228,32,bully,3502,1,15,777975,129,0,774,0,1,32,96726,3502,0,16,0,0,0,LEADER,1,4,1,35,15,129,0,0,0,0,0,0,0,0,0
100269,4,bully,3543,1,15,778590,129,259,774,1554,1,1,96726,3543,0,16,0,0,0,NORMAL,0,3,2,3,48,129,0,259,0,0,0,0,0,0,0
100335,24,bully,3610,1,15,779591,129,0,774,0,1,24,96725,3610,0,16,0,0,0,LEADER,1,4,1,27,15,129,0,0,0,0,0,0,0,0,0
100030,20,bully,3304,1,15,775005,129,0,774,0,1,20,96726,3304,0,16,0,0,0,LEADER,1,4,1,23,15,129,0,0,0,0,0,0,0,0,0
99676,38,bully,2950,1,15,769695,129,0,774,0,1,38,96726,2950,0,16,0,0,0,LEADER,1,4,1,41,15,129,0,0,0,0,0,0,0,0,0
100311,23,bully,3585,1,15,779220,129,0,774,0,1,23,96726,3585,0,16,0,0,0,LEADER,1,4,1,26,15,129,0,0,0,0,0,0,0,0,0
100133,7,bully,3407,1,15,776550,129,260,774,1560,2,1,96726,3407,0,16,0,0,0,NORMAL,0,3,2,3,52,129,0,260,0,0,0,0,0,0,0
100266,47,bully,3540,1,15,778545,129,0,774,0,1,47,96726,3540,0,16,0,0,0,LEADER,1,4,1,50,15,129,0,0,0,0,0,0,0,0,0
100119,39,bully,3392,1,15,776331,129,0,774,0,1,39,96727,3392,0,16,0,0,0,LEADER,1,4,1,42,15,129,0,0,0,0,0,0,0,0,0
100280,15,bully,3555,1,15,778766,129,128,774,768,2,1,96725,3555,0,16,0,0,0,NORMAL,0,3,2,3,56,129,0,128,0,0,0,0,0,0,0
100151,49,bully,3425,1,15,776820,129,0,774,0,1,49,96726,3425,0,16,0,0,0,LEADER,1,4,1,52,15,129,0,0,0,0,0,0,0,0,0
99942,1,bully,3216,1,15,773685,129,260,774,1560,1,1,96726,3216,0,16,0,0,0,LEADER,1,4,1,4,15,129,0,260,0,0,0,0,0,0,0
100095,40,bully,3371,1,15,775990,129,0,774,0,1,40,96724,3371,0,16,0,0,0,LEADER,1,4,1,43,15,129,0,0,0,0,0,0,0,0,0
100301,14,bully,3577,1,15,779097,129,129,774,774,2,1,96724,3577,0,16,0,0,0,NORMAL,0,3,2,3,52,129,0,129,0,0,0,0,0,0,0
100403,44,bully,3677,1,15,780600,129,0,774,0,1,44,96726,3677,0,16,0,0,0,LEADER,1,4,1,47,15,129,0,0,0,0,0,0,0,0,0
100418,12,bully,3692,1,15,780825,129,130,774,780,1,1,96726,3692,0,16,0,0,0,NORMAL,0,3,2,3,48,129,0,130,0,0,0,0,0,0,0
100369,34,bully,3643,1,15,780090,129,0,774,0,1,34,96726,3643,0,16,0,0,0,LEADER,1,4,1,37,15,129,0,0,0,0,0,0,0,0,0
101912,18,bully,2883,1,15,768690,132,0,792,0,1,18,99029,2883,0,16,0,0,0,LEADER,1,4,1,24,15,132,0,0,0,0,0,0,0,0,0
101857,9,bully,2828,1,15,767865,132,130,792,780,1,1,99029,2828,0,16,0,0,0,NORMAL,0,3,1,6,45,132,0,130,0,0,0,0,0,0,0
102012,13,bully,2983,1,15,770190,132,130,792,780,2,1,99029,2983,0,16,0,0,0,NORMAL,0,3,1,6,51,132,0,130,0,0,0,0,0,0,0
102082,25,bully,3053,1,15,771240,132,0,792,0,1,25,99029,3053,0,16,0,0,0,LEADER,1,4,1,31,15,132,0,0,0,0,0,0,0,0,0
102090,36,bully,3065,1,15,771387,132,0,792,0,1,36,99025,3065,0,16,0,0,0,LEADER,1,4,1,42,15,132,0,0,0,0,0,0,0,0,0
101924,29,bully,2895,1,15,768870,132,0,792,0,1,29,99029,2895,0,16,0,0,0,LEADER,1,4,1,35,15,132,0,0,0,0,0,0,0,0,0
102113,35,bully,3086,1,15,771732,132,0,792,0,1,35,99027,3086,0,16,0,0,0,LEADER,1,4,1,41,15,132,0,0,0,0,0,0,0,0,0
101992,6,bully,2965,1,15,769908,132,262,792,1572,2,1,99027,2965,0,16,0,0,0,NORMAL,0,3,1,6,51,132,0,262,0,0,0,0,0,0,0
102162,48,bully,3133,1,15,772440,132,0,792,0,1,48,99029,3133,0,16,0,0,0,LEADER,1,4,1,54,15,132,0,0,0,0,0,0,0,0,0
101897,50,bully,2868,1,15,768465,132,0,792,0,1,50,99029,2868,0,16,0,0,0,LEADER,1,4,1,56,15,132,0,0,0,0,0,0,0,0,0
101839,41,bully,2813,1,15,767603,132,0,792,0,1,41,99026,2813,0,16,0,0,0,LEADER,1,4,1,47,15,132,0,0,0,0,0,0,0,0,0
102300,10,bully,3271,1,15,774510,132,131,792,786,1,1,99029,3271,0,16,0,0,0,NORMAL,0,3,1,6,47,132,0,131,0,0,0,0,0,0,0
102130,3,bully,3101,1,15,771960,132,262,792,1572,1,1,99029,3101,0,16,0,0,0,NORMAL,0,3,1,6,47,132,0,262,0,0,0,0,0,0,0
101742,11,bully,2713,1,15,766140,132,130,792,780,1,1,99029,2713,0,16,0,0,0,NORMAL,0,3,1,6,62,132,0,130,0,0,0,0,0,0,0
102148,45,bully,3119,1,15,772230,132,0,792,0,1,45,99029,3119,0,16,0,0,0,LEADER,1,4,1,51,15,132,0,0,0,0,0,0,0,0,0
102285,42,bully,3256,1,15,774285,132,0,792,0,1,42,99029,3256,0,16,0,0,0,LEADER,1,4,1,48,15,132,0,0,0,0,0,0,0,0,0
102251,46,bully,3222,1,15,773775,132,0,792,0,1,46,99029,3222,0,16,0,0,0,LEADER,1,4,1,52,15,132,0,0,0,0,0,0,0,0,0
101809,31,bully,2780,1,15,767145,132,0,792,0,1,31,99029,2780,0,16,0,0,0,LEADER,1,4,1,37,15,132,0,0,0,0,0,0,0,0,0
102415,8,bully,3386,1,15,776235,132,131,792,786,2,1,99029,3386,0,16,0,0,0,NORMAL,0,3,1,6,53,132,0,131,0,0,0,0,0,0,0
102060,26,bully,3031,1,15,770910,132,0,792,0,1,26,99029,3031,0,16,0,0,0,LEADER,1,4,1,32,15,132,0,0,0,0,0,0,0,0,0
102469,17,bully,3440,1,15,777045,132,0,792,0,1,17,99029,3440,0,16,0,0,0,LEADER,1,4,1,23,15,132,0,0,0,0,0,0,0,0,0
102366,30,bully,3337,1,15,775500,132,0,792,0,1,30,99029,3337,0,16,0,0,0,LEADER,1,4,1,36,15,132,0,0,0,0,0,0,0,0,0
102551,5,bully,3522,1,15,778275,132,263,792,1578,2,1,99029,3522,0,16,0,0,0,NORMAL,0,3,1,6,49,132,0,263,0,0,0,0,0,0,0
102197,2,bully,3168,1,15,772965,132,263,792,1578,1,1,99029,3168,0,16,0,0,0,NORMAL,0,3,1,6,45,132,0,263,0,0,0,0,0,0,0
101945,28,bully,2916,1,15,769185,132,0,792,0,1,28,99029,2916,0,16,0,0,0,LEADER,1,4,1,34,15,132,0,0,0,0,0,0,0,0,0
102502,27,bully,3473,1,15,777540,132,0,792,0,1,27,99029,3473,0,16,0,0,0,LEADER,1,4,1,33,15,132,0,0,0,0,0,0,0,0,0
102536,37,bully,3507,1,15,778050,132,0,792,0,1,37,99029,3507,0,16,0,0,0,LEADER,1,4,1,43,15,132,0,0,0,0,0,0,0,0,0
101887,19,bully,2861,1,15,768344,132,0,792,0,1,19,99026,2861,0,16,0,0,0,LEADER,1,4,1,25,15,132,0,0,0,0,0,0,0,0,0
101754,22,bully,2725,1,15,766320,132,0,792,0,1,22,99029,2725,0,16,0,0,0,LEADER,1,4,1,28,15,132,0,0,0,0,0,0,0,0,0
101770,21,bully,2747,1,15,766603,132,0,792,0,1,21,99023,2747,0,16,0,0,0,LEADER,1,4,1,27,15,132,0,0,0,0,0,0,0,0,0
102230,33,bully,3201,1,15,773460,132,0,792,0,1,33,99029,3201,0,16,0,0,0,LEADER,1,4,1,39,15,132,0,0,0,0,0,0,0,0,0
102263,43,bully,3234,1,15,773955,132,0,792,0,1,43,99029,3234,0,16,0,0,0,LEADER,1,4,1,49,15,132,0,0,0,0,0,0,0,0,0
102027,16,bully,2998,1,15,770415,132,133,792,798,2,1,99029,2998,0,16,0,0,0,NORMAL,0,3,1,6,54,132,0,133,0,0,0,0,0,0,0
102531,32,bully,3502,1,15,777975,132,0,792,0,1,32,99029,3502,0,16,0,0,0,LEADER,1,4,1,38,15,132,0,0,0,0,0,0,0,0,0
102572,4,bully,3543,1,15,778590,132,265,792,1590,1,1,99029,3543,0,16,0,0,0,NORMAL,0,3,1,6,48,132,0,265,0,0,0,0,0,0,0
102638,24,bully,3610,1,15,779591,132,0,792,0,1,24,99028,3610,0,16,0,0,0,LEADER,1,4,1,30,15,132,0,0,0,0,0,0,0,0,0
102333,20,bully,3304,1,15,775005,132,0,792,0,1,20,99029,3304,0,16,0,0,0,LEADER,1,4,1,26,15,132,0,0,0,0,0,0,0,0,0
101979,38,bully,2950,1,15,769695,132,0,792,0,1,38,99029,2950,0,16,0,0,0,LEADER,1,4,1,44,15,132,0,0,0,0,0,0,0,0,0
102614,23,bully,3585,1,15,779220,132,0,792,0,1,23,99029,3585,0,16,0,0,0,LEADER,1,4,1,29,15,132,0,0,0,0,0,0,0,0,0
102436,7,bully,3407,1,15,776550,132,266,792,1596,2,1,99029,3407,0,16,0,0,0,NORMAL,0,3,1,6,52,132,0,266,0,0,0,0,0,0,0
102569,47,bully,3540,1,15,778545,132,0,792,0,1,47,99029,3540,0,16,0,0,0,LEADER,1,4,1,53,15,132,0,0,0,0,0,0,0,0,0
102422,39,bully,3392,1,15,776331,132,0,792,0,1,39,99030,3392,0,16,0,0,0,LEADER,1,4,1,45,15,132,0,0,0,0,0,0,0,0,0
102583,15,bully,3555,1,15,778766,132,130,792,780,2,1,99028,3555,0,16,0,0,0,NORMAL,0,3,1,6,56,132,0,130,0,0,0,0,0,0,0
102454,49,bully,3425,1,15,776820,132,0,792,0,1,49,99029,3425,0,16,0,0,0,LEADER,1,4,1,55,15,132,0,0,0,0,0,0,0,0,0
102244,1,bully,3216,1,15,773685,132,265,792,1590,1,1,99028,3216,0,16,0,0,0,LEADER,1,4,1,7,15,132,0,265,0,0,0,0,0,0,0
102398,40,bully,3371,1,15,775990,132,0,792,0,1,40,99027,3371,0,16,0,0,0,LEADER,1,4,1,46,15,132,0,0,0,0,0,0,0,0,0
102604,14,bully,3577,1,15,779097,132,132,792,792,2,1,99027,3577,0,16,0,0,0,NORMAL,0,3,1,6,52,132,0,132,0,0,0,0,0,0,0
102706,44,bully,3677,1,15,780600,132,0,792,0,1,44,99029,3677,0,16,0,0,0,LEADER,1,4,1,50,15,132,0,0,0,0,0,0,0,0,0
102721,12,bully,3692,1,15,780825,132,133,792,798,1,1,99029,3692,0,16,0,0,0,NORMAL,0,3,1,6,48,132,0,133,0,0,0,0,0,0,0
102672,34,bully,3643,1,15,780090,132,0,792,0,1,34,99029,3643,0,16,0,0,0,LEADER,1,4,1,40,15,132,0,0,0,0,0,0,0,0,0
104215,18,bully,2883,1,15,768690,135,0,810,0,1,18,101332,2883,0,16,0,0,0,LEADER,1,4,1,27,15,135,0,0,0,0,0,0,0,0,0
104160,9,bully,2828,1,15,767865,135,133,810,798,1,1,101332,2828,0,16,0,0,0,NORMAL,0,3,1,9,45,135,0,133,0,0,0,0,0,0,0
104315,13,bully,2983,1,15,770190,135,133,810,798,2,1,101332,2983,0,16,0,0,0,NORMAL,0,3,1,9,51,135,0,133,0,0,0,0,0,0,0
104385,25,bully,3053,1,15,771240,135,0,810,0,1,25,101332,3053,0,16,0,0,0,LEADER,1,4,1,34,15,135,0,0,0,0,0,0,0,0,0
104393,36,bully,3065,1,15,771387,135,0,810,0,1,36,101328,3065,0,16,0,0,0,LEADER,1,4,1,45,15,135,0,0,0,0,0,0,0,0,0
104227,29,bully,2895,1,15,768870,135,0,810,0,1,29,101332,2895,0,16,0,0,0,LEADER,1,4,1,38,15,135,0,0,0,0,0,0,0,0,0
104416,35,bully,3086,1,15,771732,135,0,810,0,1,35,101330,3086,0,16,0,0,0,LEADER,1,4,1,44,15,135,0,0,0,0,0,0,0,0,0
104295,6,bully,2965,1,15,769908,135,268,810,1608,2,1,101330,2965,0,16,0,0,0,NORMAL,0,3,1,9,51,135,0,268,0,0,0,0,0,0,0
104465,48,bully,3133,1,15,772440,135,0,810,0,1,48,101332,3133,0,16,0,0,0,LEADER,1,4,1,57,15,135,0,0,0,0,0,0,0,0,0
104200,50,bully,2868,1,15,768465,135,0,810,0,1,50,101332,2868,0,16,0,0,0,LEADER,1,4,1,59,15,135,0,0,0,0,0,0,0,0,0
104142,41,bully,2813,1,15,767603,135,0,810,0,1,41,101329,2813,0,16,0,0,0,LEADER,1,4,1,50,15,135,0,0,0,0,0,0,0,0,0
104603,10,bully,3271,1,15,774510,135,134,810,804,1,1,101332,3271,0,16,0,0,0,NORMAL,0,3,1,9,47,135,0,134,0,0,0,0,0,0,0
104433,3,bully,3101,1,15,771960,135,268,810,1608,1,1,101332,3101,0,16,0,0,0,NORMAL,0,3,1,9,47,135,0,268,0,0,0,0,0,0,0
104045,11,bully,2713,1,15,766140,135,133,810,798,1,1,101332,2713,0,16,0,0,0,NORMAL,0,3,1,9,62,135,0,133,0,0,0,0,0,0,0
104451,45,bully,3119,1,15,772230,135,0,810,0,1,45,101332,3119,0,16,0,0,0,LEADER,1,4,1,54,15,135,0,0,0,0,0,0,0,0,0
104588,42,bully,3256,1,15,774285,135,0,810,0,1,42,101332,3256,0,16,0,0,0,LEADER,1,4,1,51,15,135,0,0,0,0,0,0,0,0,0
104554,46,bully,3222,1,15,773775,135,0,810,0,1,46,101332,3222,0,16,0,0,0,LEADER,1,4,1,55,15,135,0,0,0,0,0,0,0,0,0
104112,31,bully,2780,1,15,767145,135,0,810,0,1,31,101332,2780,0,16,0,0,0,LEADER,1,4,1,40,15,135,0,0,0,0,0,0,0,0,0
104718,8,bully,3386,1,15,776235,135,134,810,804,2,1,101332,3386,0,16,0,0,0,NORMAL,0,3,1,9,53,135,0,134,0,0,0,0,0,0,0
104363,26,bully,3031,1,15,770910,135,0,810,0,1,26,101332,3031,0,16,0,0,0,LEADER,1,4,1,35,15,135,0,0,0,0,0,0,0,0,0
104772,17,bully,3440,1,15,777045,135,0,810,0,1,17,101332,3440,0,16,0,0,0,LEADER,1,4,1,26,15,135,0,0,0,0,0,0,0,0,0
104669,30,bully,3337,1,15,775500,135,0,810,0,1,30,101332,3337,0,16,0,0,0,LEADER,1,4,1,39,15,135,0,0,0,0,0,0,0,0,0
104854,5,bully,3522,1,15,778275,135,269,810,1614,2,1,101332,3522,0,16,0,0,0,NORMAL,0,3,1,9,49,135,0,269,0,0,0,0,0,0,0
104500,2,bully,3168,1,15,772965,135,269,810,1614,1,1,101332,3168,0,16,0,0,0,NORMAL,0,3,1,9,45,135,0,269,0,0,0,0,0,0,0
104248,28,bully,2916,1,15,769185,135,0,810,0,1,28,101332,2916,0,16,0,0,0,LEADER,1,4,1,37,15,135,0,0,0,0,0,0,0,0,0
104805,27,bully,3473,1,15,777540,135,0,810,0,1,27,101332,3473,0,16,0,0,0,LEADER,1,4,1,36,15,135,0,0,0,0,0,0,0,0,0
104839,37,bully,3507,1,15,778050,135,0,810,0,1,37,101332,3507,0,16,0,0,0,LEADER,1,4,1,46,15,135,0,0,0,0,0,0,0,0,0
104190,19,bully,2861,1,15,768344,135,0,810,0,1,19,101329,2861,0,16,0,0,0,LEADER,1,4,1,28,15,135,0,0,0,0,0,0,0,0,0
104057,22,bully,2725,1,15,766320,135,0,810,0,1,22,101332,2725,0,16,0,0,0,LEADER,1,4,1,31,15,135,0,0,0,0,0,0,0,0,0
104073,21,bully,2747,1,15,766603,135,0,810,0,1,21,101326,2747,0,16,0,0,0,LEADER,1,4,1,30,15,135,0,0,0,0,0,0,0,0,0
104533,33,bully,3201,1,15,773460,135,0,810,0,1,33,101332,3201,0,16,0,0,0,LEADER,1,4,1,42,15,135,0,0,0,0,0,0,0,0,0
104566,43,bully,3234,1,15,773955,135,0,810,0,1,43,101332,3234,0,16,0,0,0,LEADER,1,4,1,52,15,135,0,0,0,0,0,0,0,0,0
104330,16,bully,2998,1,15,770415,135,136,810,816,2,1,101332,2998,0,16,0,0,0,NORMAL,0,3,1,9,54,135,0,136,0,0,0,0,0,0,0
104834,32,bully,3502,1,15,777975,135,0,810,0,1,32,101332,3502,0,16,0,0,0,LEADER,1,4,1,41,15,135,0,0,0,0,0,0,0,0,0
104875,4,bully,3543,1,15,778590,135,271,810,1626,1,1,101332,3543,0,16,0,0,0,NORMAL,0,3,1,9,48,135,0,271,0,0,0,0,0,0,0
104941,24,bully,3610,1,15,779591,135,0,810,0,1,24,101331,3610,0,16,0,0,0,LEADER,1,4,1,33,15,135,0,0,0,0,0,0,0,0,0
104636,20,bully,3304,1,15,775005,135,0,810,0,1,20,101332,3304,0,16,0,0,0,LEADER,1,4,1,29,15,135,0,0,0,0,0,0,0,0,0
104282,38,bully,2950,1,15,769695,135,0,810,0,1,38,101332,2950,0,16,0,0,0,LEADER,1,4,1,47,15,135,0,0,0,0,0,0,0,0,0
104917,23,bully,3585,1,15,779220,135,0,810,0,1,23,101332,3585,0,16,0,0,0,LEADER,1,4,1,32,15,135,0,0,0,0,0,0,0,0,0
104739,7,bully,3407,1,15,776550,135,272,810,1632,2,1,101332,3407,0,16,0,0,0,NORMAL,0,3,1,9,52,135,0,272,0,0,0,0,0,0,0
104872,47,bully,3540,1,15,778545,135,0,810,0,1,47,101332,3540,0,16,0,0,0,LEADER,1,4,1,56,15,135,0,0,0,0,0,0,0,0,0
104725,39,bully,3392,1,15,776331,135,0,810,0,1,39,101333,3392,0,16,0,0,0,LEADER,1,4,1,48,15,135,0,0,0,0,0,0,0,0,0
104886,15,bully,3555,1,15,778766,135,134,810,804,2,1,101331,3555,0,16,0,0,0,NORMAL,0,3,1,9,56,135,0,134,0,0,0,0,0,0,0
104757,49,bully,3425,1,15,776820,135,0,810,0,1,49,101332,3425,0,16,0,0,0,LEADER,1,4,1,58,15,135,0,0,0,0,0,0,0,0,0
104547,1,bully,3216,1,15,773685,135,272,810,1632,1,1,101331,3216,0,16,0,0,0,LEADER,1,4,1,10,15,135,0,272,0,0,0,0,0,0,0
104701,40,bully,3371,1,15,775990,135,0,810,0,1,40,101330,3371,0,16,0,0,0,LEADER,1,4,1,49,15,135,0,0,0,0,0,0,0,0,0
104907,14,bully,3577,1,15,779097,135,135,810,810,2,1,101330,3577,0,16,0,0,0,NORMAL,0,3,1,9,52,135,0,135,0,0,0,0,0,0,0
105009,44,bully,3677,1,15,780600,135,0,810,0,1,44,101332,3677,0,16,0,0,0,LEADER,1,4,1,53,15,135,0,0,0,0,0,0,0,0,0
105024,12,bully,3692,1,15,780825,135,136,810,816,1,1,101332,3692,0,16,0,0,0,NORMAL,0,3,1,9,48,135,0,136,0,0,0,0,0,0,0
104975,34,bully,3643,1,15,780090,135,0,810,0,1,34,101332,3643,0,16,0,0,0,LEADER,1,4,1,43,15,135,0,0,0,0,0,0,0,0,0
106518,18,bully,2883,1,16,875208,138,0,828,0,1,18,103635,2883,0,17,0,0,0,LEADER,1,4,1,21,16,138,0,0,0,0,0,0,0,0,0
106463,9,bully,2828,1,16,874328,138,136,828,816,1,1,103635,2828,0,17,0,0,0,NORMAL,0,3,2,3,48,138,0,136,0,0,0,0,0,0,0
106618,13,bully,2983,1,16,876808,138,136,828,816,2,1,103635,2983,0,17,0,0,0,NORMAL,0,3,2,3,54,138,0,136,0,0,0,0,0,0,0
106688,25,bully,3053,1,16,877928,138,0,828,0,1,25,103635,3053,0,17,0,0,0,LEADER,1,4,1,28,16,138,0,0,0,0,0,0,0,0,0
106696,36,bully,3065,1,16,878083,138,0,828,0,1,36,103631,3065,0,17,0,0,0,LEADER,1,4,1,39,16,138,0,0,0,0,0,0,0,0,0
106530,29,bully,2895,1,16,875400,138,0,828,0,1,29,103635,2895,0,17,0,0,0,LEADER,1,4,1,32,16,138,0,0,0,0,0,0,0,0,0
106719,35,bully,3086,1,16,878451,138,0,828,0,1,35,103633,3086,0,17,0,0,0,LEADER,1,4,1,38,16,138,0,0,0,0,0,0,0,0,0
106598,6,bully,2965,1,16,876506,138,274,828,1644,2,1,103633,2965,0,17,0,0,0,NORMAL,0,3,2,3,54,138,0,274,0,0,0,0,0,0,0
106768,48,bully,3133,1,16,879208,138,0,828,0,1,48,103635,3133,0,17,0,0,0,LEADER,1,4,1,51,16,138,0,0,0,0,0,0,0,0,0
106503,50,bully,2868,1,16,874968,138,0,828,0,1,50,103635,2868,0,17,0,0,0,LEADER,1,4,1,53,16,138,0,0,0,0,0,0,0,0,0
106906,10,bully,3271,1,16,881416,138,137,828,822,1,1,103635,3271,0,17,0,0,0,NORMAL,0,3,2,3,50,138,0,137,0,0,0,0,0,0,0
106445,41,bully,2813,1,16,874048,138,0,828,0,1,41,103632,2813,0,17,0,0,0,LEADER,1,4,1,44,16,138,0,0,0,0,0,0,0,0,0
106736,3,bully,3101,1,16,878696,138,274,828,1644,1,1,103635,3101,0,17,0,0,0,NORMAL,0,3,2,3,50,138,0,274,0,0,0,0,0,0,0
106348,11,bully,2713,1,16,872488,138,136,828,816,1,1,103635,2713,0,17,0,0,0,NORMAL,0,3,2,3,66,138,0,136,0,0,0,0,0,0,0
106754,45,bully,3119,1,16,878984,138,0,828,0,1,45,103635,3119,0,17,0,0,0,LEADER,1,4,1,48,16,138,0,0,0,0,0,0,0,0,0
106891,42,bully,3256,1,16,881176,138,0,828,0,1,42,103635,3256,0,17,0,0,0,LEADER,1,4,1,45,16,138,0,0,0,0,0,0,0,0,0
106857,46,bully,3222,1,16,880632,138,0,828,0,1,46,103635,3222,0,17,0,0,0,LEADER,1,4,1,49,16,138,0,0,0,0,0,0,0,0,0
106415,31,bully,2780,1,16,873560,138,0,828,0,1,31,103635,2780,0,17,0,0,0,LEADER,1,4,1,34,16,138,0,0,0,0,0,0,0,0,0
107021,8,bully,3386,1,16,883256,138,137,828,822,2,1,103635,3386,0,17,0,0,0,NORMAL,0,3,2,3,56,138,0,137,0,0,0,0,0,0,0
106666,26,bully,3031,1,16,877576,138,0,828,0,1,26,103635,3031,0,17,0,0,0,LEADER,1,4,1,29,16,138,0,0,0,0,0,0,0,0,0
107075,17,bully,3440,1,16,884120,138,0,828,0,1,17,103635,3440,0,17,0,0,0,LEADER,1,4,1,20,16,138,0,0,0,0,0,0,0,0,0
106972,30,bully,3337,1,16,882472,138,0,828,0,1,30,103635,3337,0,17,0,0,0,LEADER,1,4,1,33,16,138,0,0,0,0,0,0,0,0,0
107157,5,bully,3522,1,16,885432,138,275,828,1650,2,1,103635,3522,0,17,0,0,0,NORMAL,0,3,2,3,52,138,0,275,0,0,0,0,0,0,0
106803,2,bully,3168,1,16,879768,138,275,828,1650,1,1,103635,3168,0,17,0,0,0,NORMAL,0,3,2,3,48,138,0,275,0,0,0,0,0,0,0
106551,28,bully,2916,1,16,875736,138,0,828,0,1,28,103635,2916,0,17,0,0,0,LEADER,1,4,1,31,16,138,0,0,0,0,0,0,0,0,0
107108,27,bully,3473,1,16,884648,138,0,828,0,1,27,103635,3473,0,17,0,0,0,LEADER,1,4,1,30,16,138,0,0,0,0,0,0,0,0,0
107142,37,bully,3507,1,16,885192,138,0,828,0,1,37,103635,3507,0,17,0,0,0,LEADER,1,4,1,40,16,138,0,0,0,0,0,0,0,0,0
106493,19,bully,2861,1,16,874837,138,0,828,0,1,19,103632,2861,0,17,0,0,0,LEADER,1,4,1,22,16,138,0,0,0,0,0,0,0,0,0
106360,22,bully,2725,1,16,872680,138,0,828,0,1,22,103635,2725,0,17,0,0,0,LEADER,1,4,1,25,16,138,0,0,0,0,0,0,0,0,0
106376,21,bully,2747,1,16,872979,138,0,828,0,1,21,103629,2747,0,17,0,0,0,LEADER,1,4,1,24,16,138,0,0,0,0,0,0,0,0,0
106836,33,bully,3201,1,16,880296,138,0,828,0,1,33,103635,3201,0,17,0,0,0,LEADER,1,4,1,36,16,138,0,0,0,0,0,0,0,0,0
106869,43,bully,3234,1,16,880824,138,0,828,0,1,43,103635,3234,0,17,0,0,0,LEADER,1,4,1,46,16,138,0,0,0,0,0,0,0,0,0
106633,16,bully,2998,1,16,877048,138,139,828,834,2,1,103635,2998,0,17,0,0,0,NORMAL,0,3,2,3,57,138,0,139,0,0,0,0,0,0,0
107137,32,bully,3502,1,16,885112,138,0,828,0,1,32,103635,3502,0,17,0,0,0,LEADER,1,4,1,35,16,138,0,0,0,0,0,0,0,0,0
107178,4,bully,3543,1,16,885768,138,277,828,1662,1,1,103635,3543,0,17,0,0,0,NORMAL,0,3,2,3,51,138,0,277,0,0,0,0,0,0,0
107244,24,bully,3610,1,16,886835,138,0,828,0,1,24,103634,3610,0,17,0,0,0,LEADER,1,4,1,27,16,138,0,0,0,0,0,0,0,0,0
106939,20,bully,3304,1,16,881944,138,0,828,0,1,20,103635,3304,0,17,0,0,0,LEADER,1,4,1,23,16,138,0,0,0,0,0,0,0,0,0
106585,38,bully,2950,1,16,876280,138,0,828,0,1,38,103635,2950,0,17,0,0,0,LEADER,1,4,1,41,16,138,0,0,0,0,0,0,0,0,0
107220,23,bully,3585,1,16,886440,138,0,828,0,1,23,103635,3585,0,17,0,0,0,LEADER,1,4,1,26,16,138,0,0,0,0,0,0,0,0,0
107042,7,bully,3407,1,16,883592,138,278,828,1668,2,1,103635,3407,0,17,0,0,0,NORMAL,0,3,2,3,55,138,0,278,0,0,0,0,0,0,0
107175,47,bully,3540,1,16,885720,138,0,828,0,1,47,103635,3540,0,17,0,0,0,LEADER,1,4,1,50,16,138,0,0,0,0,0,0,0,0,0
107028,39,bully,3392,1,16,883359,138,0,828,0,1,39,103636,3392,0,17,0,0,0,LEADER,1,4,1,42,16,138,0,0,0,0,0,0,0,0,0
107189,15,bully,3555,1,16,885955,138,137,828,822,2,1,103634,3555,0,17,0,0,0,NORMAL,0,3,2,3,59,138,0,137,0,0,0,0,0,0,0
107060,49,bully,3425,1,16,883880,138,0,828,0,1,49,103635,3425,0,17,0,0,0,LEADER,1,4,1,52,16,138,0,0,0,0,0,0,0,0,0
106850,1,bully,3216,1,16,880535,138,277,828,1662,1,1,103634,3216,0,17,0,0,0,LEADER,1,4,1,4,16,138,0,277,0,0,0,0,0,0,0
107004,40,bully,3371,1,16,882994,138,0,828,0,1,40,103633,3371,0,17,0,0,0,LEADER,1,4,1,43,16,138,0,0,0,0,0,0,0,0,0
107210,14,bully,3577,1,16,886307,138,138,828,828,2,1,103633,3577,0,17,0,0,0,NORMAL,0,3,2,3,55,138,0,138,0,0,0,0,0,0,0
107312,44,bully,3677,1,16,887912,138,0,828,0,1,44,103635,3677,0,17,0,0,0,LEADER,1,4,1,47,16,138,0,0,0,0,0,0,0,0,0
107327,12,bully,3692,1,16,888152,138,139,828,834,1,1,103635,3692,0,17,0,0,0,NORMAL,0,3,2,3,51,138,0,139,0,0,0,0,0,0,0
107278,34,bully,3643,1,16,887368,138,0,828,0,1,34,103635,3643,0,17,0,0,0,LEADER,1,4,1,37,16,138,0,0,0,0,0,0,0,0,0
108821,18,bully,2883,1,16,875208,141,0,846,0,1,18,105938,2883,0,17,0,0,0,LEADER,1,4,1,24,16,141,0,0,0,0,0,0,0,0,0
108766,9,bully,2828,1,16,874328,141,139,846,834,1,1,105938,2828,0,17,0,0,0,NORMAL,0,3,1,6,48,141,0,139,0,0,0,0,0,0,0
108921,13,bully,2983,1,16,876808,141,139,846,834,2,1,105938,2983,0,17,0,0,0,NORMAL,0,3,1,6,54,141,0,139,0,0,0,0,0,0,0
108991,25,bully,3053,1,16,877928,141,0,846,0,1,25,105938,3053,0,17,0,0,0,LEADER,1,4,1,31,16,141,0,0,0,0,0,0,0,0,0
108998,36,bully,3065,1,16,878083,141,0,846,0,1,36,105933,3065,0,17,0,0,0,LEADER,1,4,1,42,16,141,0,0,0,0,0,0,0,0,0
108833,29,bully,2895,1,16,875400,141,0,846,0,1,29,105938,2895,0,17,0,0,0,LEADER,1,4,1,35,16,141,0,0,0,0,0,0,0,0,0
109022,35,bully,3086,1,16,878451,141,0,846,0,1,35,105936,3086,0,17,0,0,0,LEADER,1,4,1,41,16,141,0,0,0,0,0,0,0,0,0
108901,6,bully,2965,1,16,876506,141,280,846,1680,2,1,105936,2965,0,17,0,0,0,NORMAL,0,3,1,6,54,141,0,280,0,0,0,0,0,0,0
109071,48,bully,3133,1,16,879208,141,0,846,0,1,48,105938,3133,0,17,0,0,0,LEADER,1,4,1,54,16,141,0,0,0,0,0,0,0,0,0
108806,50,bully,2868,1,16,874968,141,0,846,0,1,50,105938,2868,0,17,0,0,0,LEADER,1,4,1,56,16,141,0,0,0,0,0,0,0,0,0
109209,10,bully,3271,1,16,881416,141,140,846,840,1,1,105938,3271,0,17,0,0,0,NORMAL,0,3,1,6,50,141,0,140,0,0,0,0,0,0,0
108748,41,bully,2813,1,16,874048,141,0,846,0,1,41,105935,2813,0,17,0,0,0,LEADER,1,4,1,47,16,141,0,0,0,0,0,0,0,0,0
109039,3,bully,3101,1,16,878696,141,280,846,1680,1,1,105938,3101,0,17,0,0,0,NORMAL,0,3,1,6,50,141,0,280,0,0,0,0,0,0,0
108651,11,bully,2713,1,16,872488,141,139,846,834,1,1,105938,2713,0,17,0,0,0,NORMAL,0,3,1,6,66,141,0,139,0,0,0,0,0,0,0
109057,45,bully,3119,1,16,878984,141,0,846,0,1,45,105938,3119,0,17,0,0,0,LEADER,1,4,1,51,16,141,0,0,0,0,0,0,0,0,0
109194,42,bully,3256,1,16,881176,141,0,846,0,1,42,105938,3256,0,17,0,0,0,LEADER,1,4,1,48,16,141,0,0,0,0,0,0,0,0,0
109160,46,bully,3222,1,16,880632,141,0,846,0,1,46,105938,3222,0,17,0,0,0,LEADER,1,4,1,52,16,141,0,0,0,0,0,0,0,0,0
108718,31,bully,2780,1,16,873560,141,0,846,0,1,31,105938,2780,0,17,0,0,0,LEADER,1,4,1,37,16,141,0,0,0,0,0,0,0,0,0
109324,8,bully,3386,1,16,883256,141,140,846,840,2,1,105938,3386,0,17,0,0,0,NORMAL,0,3,1,6,56,141,0,140,0,0,0,0,0,0,0
108969,26,bully,3031,1,16,877576,141,0,846,0,1,26,105938,3031,0,17,0,0,0,LEADER,1,4,1,32,16,141,0,0,0,0,0,0,0,0,0
109378,17,bully,3440,1,16,884120,141,0,846,0,1,17,105938,3440,0,17,0,0,0,LEADER,1,4,1,23,16,141,0,0,0,0,0,0,0,0,0
109275,30,bully,3337,1,16,882472,141,0,846,0,1,30,105938,3337,0,17,0,0,0,LEADER,1,4,1,36,16,141,0,0,0,0,0,0,0,0,0
109460,5,bully,3522,1,16,885432,141,281,846,1686,2,1,105938,3522,0,17,0,0,0,NORMAL,0,3,1,6,52,141,0,281,0,0,0,0,0,0,0
109106,2,bully,3168,1,16,879768,141,280,846,1680,1,1,105938,3168,0,17,0,0,0,NORMAL,0,3,1,6,48,141,0,280,0,0,0,0,0,0,0
108854,28,bully,2916,1,16,875736,141,0,846,0,1,28,105938,2916,0,17,0,0,0,LEADER,1,4,1,34,16,141,0,0,0,0,0,0,0,0,0
109411,27,bully,3473,1,16,884648,141,0,846,0,1,27,105938,3473,0,17,0,0,0,LEADER,1,4,1,33,16,141,0,0,0,0,0,0,0,0,0
109445,37,bully,3507,1,16,885192,141,0,846,0,1,37,105938,3507,0,17,0,0,0,LEADER,1,4,1,43,16,141,0,0,0,0,0,0,0,0,0
108796,19,bully,2861,1,16,874837,141,0,846,0,1,19,105935,2861,0,17,0,0,0,LEADER,1,4,1,25,16,141,0,0,0,0,0,0,0,0,0
108663,22,bully,2725,1,16,872680,141,0,846,0,1,22,105938,2725,0,17,0,0,0,LEADER,1,4,1,28,16,141,0,0,0,0,0,0,0,0,0
108679,21,bully,2747,1,16,872979,141,0,846,0,1,21,105932,2747,0,17,0,0,0,LEADER,1,4,1,27,16,141,0,0,0,0,0,0,0,0,0
109139,33,bully,3201,1,16,880296,141,0,846,0,1,33,105938,3201,0,17,0,0,0,LEADER,1,4,1,39,16,141,0,0,0,0,0,0,0,0,0
109172,43,bully,3234,1,16,880824,141,0,846,0,1,43,105938,3234,0,17,0,0,0,LEADER,1,4,1,49,16,141,0,0,0,0,0,0,0,0,0
108936,16,bully,2998,1,16,877048,141,142,846,852,2,1,105938,2998,0,17,0,0,0,NORMAL,0,3,1,6,57,141,0,142,0,0,0,0,0,0,0
109440,32,bully,3502,1,16,885112,141,0,846,0,1,32,105938,3502,0,17,0,0,0,LEADER,1,4,1,38,16,141,0,0,0,0,0,0,0,0,0
109481,4,bully,3543,1,16,885768,141,283,846,1698,1,1,105938,3543,0,17,0,0,0,NORMAL,0,3,1,6,51,141,0,283,0,0,0,0,0,0,0
109547,24,bully,3610,1,16,886835,141,0,846,0,1,24,105937,3610,0,17,0,0,0,LEADER,1,4,1,30,16,141,0,0,0,0,0,0,0,0,0
109242,20,bully,3304,1,16,881944,141,0,846,0,1,20,105938,3304,0,17,0,0,0,LEADER,1,4,1,26,16,141,0,0,0,0,0,0,0,0,0
108888,38,bully,2950,1,16,876280,141,0,846,0,1,38,105938,2950,0,17,0,0,0,LEADER,1,4,1,44,16,141,0,0,0,0,0,0,0,0,0
109523,23,bully,3585,1,16,886440,141,0,846,0,1,23,105938,3585,0,17,0,0,0,LEADER,1,4,1,29,16,141,0,0,0,0,0,0,0,0,0
109345,7,bully,3407,1,16,883592,141,284,846,1704,2,1,105938,3407,0,17,0,0,0,NORMAL,0,3,1,6,55,141,0,284,0,0,0,0,0,0,0
109478,47,bully,3540,1,16,885720,141,0,846,0,1,47,105938,3540,0,17,0,0,0,LEADER,1,4,1,53,16,141,0,0,0,0,0,0,0,0,0
109331,39,bully,3392,1,16,883359,141,0,846,0,1,39,105939,3392,0,17,0,0,0,LEADER,1,4,1,45,16,141,0,0,0,0,0,0,0,0,0
109492,15,bully,3555,1,16,885955,141,139,846,834,2,1,105937,3555,0,17,0,0,0,NORMAL,0,3,1,6,59,141,0,139,0,0,0,0,0,0,0
109363,49,bully,3425,1,16,883880,141,0,846,0,1,49,105938,3425,0,17,0,0,0,LEADER,1,4,1,55,16,141,0,0,0,0,0,0,0,0,0
109152,1,bully,3216,1,16,880535,141,283,846,1698,1,1,105936,3216,0,17,0,0,0,LEADER,1,4,1,7,16,141,0,283,0,0,0,0,0,0,0
109307,40,bully,3371,1,16,882994,141,0,846,0,1,40,105936,3371,0,17,0,0,0,LEADER,1,4,1,46,16,141,0,0,0,0,0,0,0,0,0
109513,14,bully,3577,1,16,886307,141,141,846,846,2,1,105936,3577,0,17,0,0,0,NORMAL,0,3,1,6,55,141,0,141,0,0,0,0,0,0,0
109615,44,bully,3677,1,16,887912,141,0,846,0,1,44,105938,3677,0,17,0,0,0,LEADER,1,4,1,50,16,141,0,0,0,0,0,0,0,0,0
109630,12,bully,3692,1,16,888152,141,142,846,852,1,1,105938,3692,0,17,0,0,0,NORMAL,0,3,1,6,51,141,0,142,0,0,0,0,0,0,0
109581,34,bully,3643,1,16,887368,141,0,846,0,1,34,105938,3643,0,17,0,0,0,LEADER,1,4,1,40,16,141,0,0,0,0,0,0,0,0,0
111124,18,bully,2883,1,16,875208,144,0,864,0,1,18,108241,2883,0,17,0,0,0,LEADER,1,4,1,27,16,144,0,0,0,0,0,0,0,0,0
111069,9,bully,2828,1,16,874328,144,142,864,852,1,1,108241,2828,0,17,0,0,0,NORMAL,0,3,1,9,48,144,0,142,0,0,0,0,0,0,0
111224,13,bully,2983,1,16,876808,144,142,864,852,2,1,108241,2983,0,17,0,0,0,NORMAL,0,3,1,9,54,144,0,142,0,0,0,0,0,0,0
111294,25,bully,3053,1,16,877928,144,0,864,0,1,25,108241,3053,0,17,0,0,0,LEADER,1,4,1,34,16,144,0,0,0,0,0,0,0,0,0
111301,36,bully,3065,1,16,878083,144,0,864,0,1,36,108236,3065,0,17,0,0,0,LEADER,1,4,1,45,16,144,0,0,0,0,0,0,0,0,0
111136,29,bully,2895,1,16,875400,144,0,864,0,1,29,108241,2895,0,17,0,0,0,LEADER,1,4,1,38,16,144,0,0,0,0,0,0,0,0,0
111325,35,bully,3086,1,16,878451,144,0,864,0,1,35,108239,3086,0,17,0,0,0,LEADER,1,4,1,44,16,144,0,0,0,0,0,0,0,0,0
111204,6,bully,2965,1,16,876506,144,286,864,1716,2,1,108239,2965,0,17,0,0,0,NORMAL,0,3,1,9,54,144,0,286,0,0,0,0,0,0,0
111374,48,bully,3133,1,16,879208,144,0,864,0,1,48,108241,3133,0,17,0,0,0,LEADER,1,4,1,57,16,144,0,0,0,0,0,0,0,0,0
111109,50,bully,2868,1,16,874968,144,0,864,0,1,50,108241,2868,0,17,0,0,0,LEADER,1,4,1,59,16,144,0,0,0,0,0,0,0,0,0
111512,10,bully,3271,1,16,881416,144,143,864,858,1,1,108241,3271,0,17,0,0,0,NORMAL,0,3,1,9,50,144,0,143,0,0,0,0,0,0,0
111051,41,bully,2813,1,16,874048,144,0,864,0,1,41,108238,2813,0,17,0,0,0,LEADER,1,4,1,50,16,144,0,0,0,0,0,0,0,0,0
111342,3,bully,3101,1,16,878696,144,286,864,1716,1,1,108241,3101,0,17,0,0,0,NORMAL,0,3,1,9,50,144,0,286,0,0,0,0,0,0,0
110954,11,bully,2713,1,16,872488,144,141,864,846,1,1,108241,2713,0,17,0,0,0,NORMAL,0,3,1,9,66,144,0,141,0,0,0,0,0,0,0
111360,45,bully,3119,1,16,878984,144,0,864,0,1,45,108241,3119,0,17,0,0,0,LEADER,1,4,1,54,16,144,0,0,0,0,0,0,0,0,0
111497,42,bully,3256,1,16,881176,144,0,864,0,1,42,108241,3256,0,17,0,0,0,LEADER,1,4,1,51,16,144,0,0,0,0,0,0,0,0,0
111463,46,bully,3222,1,16,880632,144,0,864,0,1,46,108241,3222,0,17,0,0,0,LEADER,1,4,1,55,16,144,0,0,0,0,0,0,0,0,0
111021,31,bully,2780,1,16,873560,144,0,864,0,1,31,108241,2780,0,17,0,0,0,LEADER,1,4,1,40,16,144,0,0,0,0,0,0,0,0,0
111627,8,bully,3386,1,16,883256,144,143,864,858,2,1,108241,3386,0,17,0,0,0,NORMAL,0,3,1,9,56,144,0,143,0,0,0,0,0,0,0
111272,26,bully,3031,1,16,877576,144,0,864,0,1,26,108241,3031,0,17,0,0,0,LEADER,1,4,1,35,16,144,0,0,0,0,0,0,0,0,0
111681,17,bully,3440,1,16,884120,144,0,864,0,1,17,108241,3440,0,17,0,0,0,LEADER,1,4,1,26,16,144,0,0,0,0,0,0,0,0,0
111578,30,bully,3337,1,16,882472,144,0,864,0,1,30,108241,3337,0,17,0,0,0,LEADER,1,4,1,39,16,144,0,0,0,0,0,0,0,0,0
111763,5,bully,3522,1,16,885432,144,287,864,1722,2,1,108241,3522,0,17,0,0,0,NORMAL,0,3,1,9,52,144,0,287,0,0,0,0,0,0,0
111409,2,bully,3168,1,16,879768,144,286,864,1716,1,1,108241,3168,0,17,0,0,0,NORMAL,0,3,1,9,48,144,0,286,0,0,0,0,0,0,0
111157,28,bully,2916,1,16,875736,144,0,864,0,1,28,108241,2916,0,17,0,0,0,LEADER,1,4,1,37,16,144,0,0,0,0,0,0,0,0,0
111714,27,bully,3473,1,16,884648,144,0,864,0,1,27,108241,3473,0,17,0,0,0,LEADER,1,4,1,36,16,144,0,0,0,0,0,0,0,0,0
111748,37,bully,3507,1,16,885192,144,0,864,0,1,37,108241,3507,0,17,0,0,0,LEADER,1,4,1,46,16,144,0,0,0,0,0,0,0,0,0
111099,19,bully,2861,1,16,874837,144,0,864,0,1,19,108238,2861,0,17,0,0,0,LEADER,1,4,1,28,16,144,0,0,0,0,0,0,0,0,0
110966,22,bully,2725,1,16,872680,144,0,864,0,1,22,108241,2725,0,17,0,0,0,LEADER,1,4,1,31,16,144,0,0,0,0,0,0,0,0,0
110982,21,bully,2747,1,16,872979,144,0,864,0,1,21,108235,2747,0,17,0,0,0,LEADER,1,4,1,30,16,144,0,0,0,0,0,0,0,0,0
111442,33,bully,3201,1,16,880296,144,0,864,0,1,33,108241,3201,0,17,0,0,0,LEADER,1,4,1,42,16,144,0,0,0,0,0,0,0,0,0
111475,43,bully,3234,1,16,880824,144,0,864,0,1,43,108241,3234,0,17,0,0,0,LEADER,1,4,1,52,16,144,0,0,0,0,0,0,0,0,0
111239,16,bully,2998,1,16,877048,144,145,864,870,2,1,108241,2998,0,17,0,0,0,NORMAL,0,3,1,9,57,144,0,145,0,0,0,0,0,0,0
111743,32,bully,3502,1,16,885112,144,0,864,0,1,32,108241,3502,0,17,0,0,0,LEADER,1,4,1,41,16,144,0,0,0,0,0,0,0,0,0
111784,4,bully,3543,1,16,885768,144,289,864,1734,1,1,108241,3543,0,17,0,0,0,NORMAL,0,3,1,9,51,144,0,289,0,0,0,0,0,0,0
111850,24,bully,3610,1,16,886835,144,0,864,0,1,24,108240,3610,0,17,0,0,0,LEADER,1,4,1,33,16,144,0,0,0,0,0,0,0,0,0
111545,20,bully,3304,1,16,881944,144,0,864,0,1,20,108241,3304,0,17,0,0,0,LEADER,1,4,1,29,16,144,0,0,0,0,0,0,0,0,0
111191,38,bully,2950,1,16,876280,144,0,864,0,1,38,108241,2950,0,17,0,0,0,LEADER,1,4,1,47,16,144,0,0,0,0,0,0,0,0,0
111826,23,bully,3585,1,16,886440,144,0,864,0,1,23,108241,3585,0,17,0,0,0,LEADER,1,4,1,32,16,144,0,0,0,0,0,0,0,0,0
111648,7,bully,3407,1,16,883592,144,290,864,1740,2,1,108241,3407,0,17,0,0,0,NORMAL,0,3,1,9,55,144,0,290,0,0,0,0,0,0,0
111781,47,bully,3540,1,16,885720,144,0,864,0,1,47,108241,3540,0,17,0,0,0,LEADER,1,4,1,56,16,144,0,0,0,0,0,0,0,0,0
111634,39,bully,3392,1,16,883359,144,0,864,0,1,39,108242,3392,0,17,0,0,0,LEADER,1,4,1,48,16,144,0,0,0,0,0,0,0,0,0
111795,15,bully,3555,1,16,885955,144,143,864,858,2,1,108240,3555,0,17,0,0,0,NORMAL,0,3,1,9,59,144,0,143,0,0,0,0,0,0,0
111666,49,bully,3425,1,16,883880,144,0,864,0,1,49,108241,3425,0,17,0,0,0,LEADER,1,4,1,58,16,144,0,0,0,0,0,0,0,0,0
111455,1,bully,3216,1,16,880535,144,290,864,1740,1,1,108239,3216,0,17,0,0,0,LEADER,1,4,1,10,16,144,0,290,0,0,0,0,0,0,0
111609,40,bully,3371,1,16,882994,144,0,864,0,1,40,108238,3371,0,17,0,0,0,LEADER,1,4,1,49,16,144,0,0,0,0,0,0,0,0,0
111816,14,bully,3577,1,16,886307,144,144,864,864,2,1,108239,3577,0,17,0,0,0,NORMAL,0,3,1,9,55,144,0,144,0,0,0,0,0,0,0
111918,44,bully,3677,1,16,887912,144,0,864,0,1,44,108241,3677,0,17,0,0,0,LEADER,1,4,1,53,16,144,0,0,0,0,0,0,0,0,0
111933,12,bully,3692,1,16,888152,144,145,864,870,1,1,108241,3692,0,17,0,0,0,NORMAL,0,3,1,9,51,144,0,145,0,0,0,0,0,0,0
111884,34,bully,3643,1,16,887368,144,0,864,0,1,34,108241,3643,0,17,0,0,0,LEADER,1,4,1,43,16,144,0,0,0,0,0,0,0,0,0
113427,18,bully,2883,1,17,988635,147,0,882,0,1,18,110544,2883,0,18,0,0,0,LEADER,1,4,1,21,17,147,0,0,0,0,0,0,0,0,0
113372,9,bully,2828,1,17,987700,147,145,882,870,1,1,110544,2828,0,18,0,0,0,NORMAL,0,3,2,3,51,147,0,145,0,0,0,0,0,0,0
113527,13,bully,2983,1,17,990335,147,145,882,870,2,1,110544,2983,0,18,0,0,0,NORMAL,0,3,2,3,57,147,0,145,0,0,0,0,0,0,0
113597,25,bully,3053,1,17,991525,147,0,882,0,1,25,110544,3053,0,18,0,0,0,LEADER,1,4,1,28,17,147,0,0,0,0,0,0,0,0,0
113604,36,bully,3065,1,17,991687,147,0,882,0,1,36,110539,3065,0,18,0,0,0,LEADER,1,4,1,39,17,147,0,0,0,0,0,0,0,0,0
113439,29,bully,2895,1,17,988839,147,0,882,0,1,29,110544,2895,0,18,0,0,0,LEADER,1,4,1,32,17,147,0,0,0,0,0,0,0,0,0
113628,35,bully,3086,1,17,992079,147,0,882,0,1,35,110542,3086,0,18,0,0,0,LEADER,1,4,1,38,17,147,0,0,0,0,0,0,0,0,0
113507,6,bully,2965,1,17,990013,147,292,882,1752,2,1,110542,2965,0,18,0,0,0,NORMAL,0,3,2,3,57,147,0,292,0,0,0,0,0,0,0
113677,48,bully,3133,1,17,992885,147,0,882,0,1,48,110544,3133,0,18,0,0,0,LEADER,1,4,1,51,17,147,0,0,0,0,0,0,0,0,0
113412,50,bully,2868,1,17,988380,147,0,882,0,1,50,110544,2868,0,18,0,0,0,LEADER,1,4,1,53,17,147,0,0,0,0,0,0,0,0,0
113353,41,bully,2813,1,17,987401,147,0,882,0,1,41,110540,2813,0,18,0,0,0,LEADER,1,4,1,44,17,147,0,0,0,0,0,0,0,0,0
113815,10,bully,3271,1,17,995231,147,146,882,876,1,1,110544,3271,0,18,0,0,0,NORMAL,0,3,2,3,53,147,0,146,0,0,0,0,0,0,0
113645,3,bully,3101,1,17,992341,147,292,882,1752,1,1,110544,3101,0,18,0,0,0,NORMAL,0,3,2,3,53,147,0,292,0,0,0,0,0,0,0
113257,11,bully,2713,1,17,985745,147,144,882,864,1,1,110544,2713,0,18,0,0,0,NORMAL,0,3,2,3,70,147,0,144,0,0,0,0,0,0,0
113663,45,bully,3119,1,17,992647,147,0,882,0,1,45,110544,3119,0,18,0,0,0,LEADER,1,4,1,48,17,147,0,0,0,0,0,0,0,0,0
113800,42,bully,3256,1,17,994976,147,0,882,0,1,42,110544,3256,0,18,0,0,0,LEADER,1,4,1,45,17,147,0,0,0,0,0,0,0,0,0
113766,46,bully,3222,1,17,994398,147,0,882,0,1,46,110544,3222,0,18,0,0,0,LEADER,1,4,1,49,17,147,0,0,0,0,0,0,0,0,0
113324,31,bully,2780,1,17,986884,147,0,882,0,1,31,110544,2780,0,18,0,0,0,LEADER,1,4,1,34,17,147,0,0,0,0,0,0,0,0,0
113930,8,bully,3386,1,17,997186,147,146,882,876,2,1,110544,3386,0,18,0,0,0,NORMAL,0,3,2,3,59,147,0,146,0,0,0,0,0,0,0
113575,26,bully,3031,1,17,991151,147,0,882,0,1,26,110544,3031,0,18,0,0,0,LEADER,1,4,1,29,17,147,0,0,0,0,0,0,0,0,0
113984,17,bully,3440,1,17,998104,147,0,882,0,1,17,110544,3440,0,18,0,0,0,LEADER,1,4,1,20,17,147,0,0,0,0,0,0,0,0,0
113881,30,bully,3337,1,17,996353,147,0,882,0,1,30,110544,3337,0,18,0,0,0,LEADER,1,4,1,33,17,147,0,0,0,0,0,0,0,0,0
114066,5,bully,3522,1,17,999498,147,293,882,1758,2,1,110544,3522,0,18,0,0,0,NORMAL,0,3,2,3,55,147,0,293,0,0,0,0,0,0,0
113712,2,bully,3168,1,17,993480,147,292,882,1752,1,1,110544,3168,0,18,0,0,0,NORMAL,0,3,2,3,51,147,0,292,0,0,0,0,0,0,0
113460,28,bully,2916,1,17,989196,147,0,882,0,1,28,110544,2916,0,18,0,0,0,LEADER,1,4,1,31,17,147,0,0,0,0,0,0,0,0,0
114017,27,bully,3473,1,17,998665,147,0,882,0,1,27,110544,3473,0,18,0,0,0,LEADER,1,4,1,30,17,147,0,0,0,0,0,0,0,0,0
114051,37,bully,3507,1,17,999243,147,0,882,0,1,37,110544,3507,0,18,0,0,0,LEADER,1,4,1,40,17,147,0,0,0,0,0,0,0,0,0
113402,19,bully,2861,1,17,988239,147,0,882,0,1,19,110541,2861,0,18,0,0,0,LEADER,1,4,1,22,17,147,0,0,0,0,0,0,0,0,0
113269,22,bully,2725,1,17,985949,147,0,882,0,1,22,110544,2725,0,18,0,0,0,LEADER,1,4,1,25,17,147,0,0,0,0,0,0,0,0,0
113285,21,bully,2747,1,17,986264,147,0,882,0,1,21,110538,2747,0,18,0,0,0,LEADER,1,4,1,24,17,147,0,0,0,0,0,0,0,0,0
113745,33,bully,3201,1,17,994041,147,0,882,0,1,33,110544,3201,0,18,0,0,0,LEADER,1,4,1,36,17,147,0,0,0,0,0,0,0,0,0
113778,43,bully,3234,1,17,994602,147,0,882,0,1,43,110544,3234,0,18,0,0,0,LEADER,1,4,1,46,17,147,0,0,0,0,0,0,0,0,0
113542,16,bully,2998,1,17,990590,147,148,882,888,2,1,110544,2998,0,18,0,0,0,NORMAL,0,3,2,3,60,147,0,148,0,0,0,0,0,0,0
114046,32,bully,3502,1,17,999158,147,0,882,0,1,32,110544,3502,0,18,0,0,0,LEADER,1,4,1,35,17,147,0,0,0,0,0,0,0,0,0
114087,4,bully,3543,1,17,999855,147,295,882,1770,1,1,110544,3543,0,18,0,0,0,NORMAL,0,3,2,3,54,147,0,295,0,0,0,0,0,0,0
114153,24,bully,3610,1,17,1000988,147,0,882,0,1,24,110543,3610,0,18,0,0,0,LEADER,1,4,1,27,17,147,0,0,0,0,0,0,0,0,0
113848,20,bully,3304,1,17,995792,147,0,882,0,1,20,110544,3304,0,18,0,0,0,LEADER,1,4,1,23,17,147,0,0,0,0,0,0,0,0,0
113494,38,bully,2950,1,17,989774,147,0,882,0,1,38,110544,2950,0,18,0,0,0,LEADER,1,4,1,41,17,147,0,0,0,0,0,0,0,0,0
114129,23,bully,3585,1,17,1000569,147,0,882,0,1,23,110544,3585,0,18,0,0,0,LEADER,1,4,1,26,17,147,0,0,0,0,0,0,0,0,0
113951,7,bully,3407,1,17,997543,147,296,882,1776,2,1,110544,3407,0,18,0,0,0,NORMAL,0,3,2,3,58,147,0,296,0,0,0,0,0,0,0
114084,47,bully,3540,1,17,999804,147,0,882,0,1,47,110544,3540,0,18,0,0,0,LEADER,1,4,1,50,17,147,0,0,0,0,0,0,0,0,0
113937,39,bully,3392,1,17,997296,147,0,882,0,1,39,110545,3392,0,18,0,0,0,LEADER,1,4,1,42,17,147,0,0,0,0,0,0,0,0,0
114098,15,bully,3555,1,17,1000053,147,145,882,870,2,1,110543,3555,0,18,0,0,0,NORMAL,0,3,2,3,62,147,0,145,0,0,0,0,0,0,0
113969,49,bully,3425,1,17,997849,147,0,882,0,1,49,110544,3425,0,18,0,0,0,LEADER,1,4,1,52,17,147,0,0,0,0,0,0,0,0,0
113758,1,bully,3216,1,17,994293,147,295,882,1770,1,1,110542,3216,0,18,0,0,0,LEADER,1,4,1,4,17,147,0,295,0,0,0,0,0,0,0
113912,40,bully,3371,1,17,996906,147,0,882,0,1,40,110541,3371,0,18,0,0,0,LEADER,1,4,1,43,17,147,0,0,0,0,0,0,0,0,0
114119,14,bully,3577,1,17,1000426,147,147,882,882,2,1,110542,3577,0,18,0,0,0,NORMAL,0,3,2,3,58,147,0,147,0,0,0,0,0,0,0
114221,44,bully,3677,1,17,1002133,147,0,882,0,1,44,110544,3677,0,18,0,0,0,LEADER,1,4,1,47,17,147,0,0,0,0,0,0,0,0,0
114236,12,bully,3692,1,17,1002388,147,148,882,888,1,1,110544,3692,0,18,0,0,0,NORMAL,0,3,2,3,54,147,0,148,0,0,0,0,0,0,0
114187,34,bully,3643,1,17,1001555,147,0,882,0,1,34,110544,3643,0,18,0,0,0,LEADER,1,4,1,37,17,147,0,0,0,0,0,0,0,0,0
115730,18,bully,2883,1,17,988635,150,0,900,0,1,18,112847,2883,0,18,0,0,0,LEADER,1,4,1,24,17,150,0,0,0,0,0,0,0,0,0
115675,9,bully,2828,1,17,987700,150,148,900,888,1,1,112847,2828,0,18,0,0,0,NORMAL,0,3,1,6,51,150,0,148,0,0,0,0,0,0,0
115830,13,bully,2983,1,17,990335,150,148,900,888,2,1,112847,2983,0,18,0,0,0,NORMAL,0,3,1,6,57,150,0,148,0,0,0,0,0,0,0
115900,25,bully,3053,1,17,991525,150,0,900,0,1,25,112847,3053,0,18,0,0,0,LEADER,1,4,1,31,17,150,0,0,0,0,0,0,0,0,0
115907,36,bully,3065,1,17,991687,150,0,900,0,1,36,112842,3065,0,18,0,0,0,LEADER,1,4,1,42,17,150,0,0,0,0,0,0,0,0,0
115742,29,bully,2895,1,17,988839,150,0,900,0,1,29,112847,2895,0,18,0,0,0,LEADER,1,4,1,35,17,150,0,0,0,0,0,0,0,0,0
115931,35,bully,3086,1,17,992079,150,0,900,0,1,35,112845,3086,0,18,0,0,0,LEADER,1,4,1,41,17,150,0,0,0,0,0,0,0,0,0
115810,6,bully,2965,1,17,990013,150,298,900,1788,2,1,112845,2965,0,18,0,0,0,NORMAL,0,3,1,6,57,150,0,298,0,0,0,0,0,0,0
115980,48,bully,3133,1,17,992885,150,0,900,0,1,48,112847,3133,0,18,0,0,0,LEADER,1,4,1,54,17,150,0,0,0,0,0,0,0,0,0
115715,50,bully,2868,1,17,988380,150,0,900,0,1,50,112847,2868,0,18,0,0,0,LEADER,1,4,1,56,17,150,0,0,0,0,0,0,0,0,0
115656,41,bully,2813,1,17,987401,150,0,900,0,1,41,112843,2813,0,18,0,0,0,LEADER,1,4,1,47,17,150,0,0,0,0,0,0,0,0,0
116118,10,bully,3271,1,17,995231,150,149,900,894,1,1,112847,3271,0,18,0,0,0,NORMAL,0,3,1,6,53,150,0,149,0,0,0,0,0,0,0
115948,3,bully,3101,1,17,992341,150,298,900,1788,1,1,112847,3101,0,18,0,0,0,NORMAL,0,3,1,6,53,150,0,298,0,0,0,0,0,0,0
115560,11,bully,2713,1,17,985745,150,147,900,882,1,1,112847,2713,0,18,0,0,0,NORMAL,0,3,1,6,70,150,0,147,0,0,0,0,0,0,0
115966,45,bully,3119,1,17,992647,150,0,900,0,1,45,112847,3119,0,18,0,0,0,LEADER,1,4,1,51,17,150,0,0,0,0,0,0,0,0,0
116103,42,bully,3256,1,17,994976,150,0,900,0,1,42,112847,3256,0,18,0,0,0,LEADER,1,4,1,48,17,150,0,0,0,0,0,0,0,0,0
116069,46,bully,3222,1,17,994398,150,0,900,0,1,46,112847,3222,0,18,0,0,0,LEADER,1,4,1,52,17,150,0,0,0,0,0,0,0,0,0
115627,31,bully,2780,1,17,986884,150,0,900,0,1,31,112847,2780,0,18,0,0,0,LEADER,1,4,1,37,17,150,0,0,0,0,0,0,0,0,0
116233,8,bully,3386,1,17,997186,150,149,900,894,2,1,112847,3386,0,18,0,0,0,NORMAL,0,3,1,6,59,150,0,149,0,0,0,0,0,0,0
115878,26,bully,3031,1,17,991151,150,0,900,0,1,26,112847,3031,0,18,0,0,0,LEADER,1,4,1,32,17,150,0,0,0,0,0,0,0,0,0
116287,17,bully,3440,1,17,998104,150,0,900,0,1,17,112847,3440,0,18,0,0,0,LEADER,1,4,1,23,17,150,0,0,0,0,0,0,0,0,0
116184,30,bully,3337,1,17,996353,150,0,900,0,1,30,112847,3337,0,18,0,0,0,LEADER,1,4,1,36,17,150,0,0,0,0,0,0,0,0,0
116369,5,bully,3522,1,17,999498,150,299,900,1794,2,1,112847,3522,0,18,0,0,0,NORMAL,0,3,1,6,55,150,0,299,0,0,0,0,0,0,0
116015,2,bully,3168,1,17,993480,150,298,900,1788,1,1,112847,3168,0,18,0,0,0,NORMAL,0,3,1,6,51,150,0,298,0,0,0,0,0,0,0
115763,28,bully,2916,1,17,989196,150,0,900,0,1,28,112847,2916,0,18,0,0,0,LEADER,1,4,1,34,17,150,0,0,0,0,0,0,0,0,0
116320,27,bully,3473,1,17,998665,150,0,900,0,1,27,112847,3473,0,18,0,0,0,LEADER,1,4,1,33,17,150,0,0,0,0,0,0,0,0,0
116354,37,bully,3507,1,17,999243,150,0,900,0,1,37,112847,3507,0,18,0,0,0,LEADER,1,4,1,43,17,150,0,0,0,0,0,0,0,0,0
115705,19,bully,2861,1,17,988239,150,0,900,0,1,19,112844,2861,0,18,0,0,0,LEADER,1,4,1,25,17,150,0,0,0,0,0,0,0,0,0
115572,22,bully,2725,1,17,985949,150,0,900,0,1,22,112847,2725,0,18,0,0,0,LEADER,1,4,1,28,17,150,0,0,0,0,0,0,0,0,0
115588,21,bully,2747,1,17,986264,150,0,900,0,1,21,112841,2747,0,18,0,0,0,LEADER,1,4,1,27,17,150,0,0,0,0,0,0,0,0,0
116048,33,bully,3201,1,17,994041,150,0,900,0,1,33,112847,3201,0,18,0,0,0,LEADER,1,4,1,39,17,150,0,0,0,0,0,0,0,0,0
116081,43,bully,3234,1,17,994602,150,0,900,0,1,43,112847,3234,0,18,0,0,0,LEADER,1,4,1,49,17,150,0,0,0,0,0,0,0,0,0
115845,16,bully,2998,1,17,990590,150,151,900,906,2,1,112847,2998,0,18,0,0,0,NORMAL,0,3,1,6,60,150,0,151,0,0,0,0,0,0,0
116349,32,bully,3502,1,17,999158,150,0,900,0,1,32,112847,3502,0,18,0,0,0,LEADER,1,4,1,38,17,150,0,0,0,0,0,0,0,0,0
116390,4,bully,3543,1,17,999855,150,301,900,1806,1,1,112847,3543,0,18,0,0,0,NORMAL,0,3,1,6,54,150,0,301,0,0,0,0,0,0,0
116456,24,bully,3610,1,17,1000988,150,0,900,0,1,24,112846,3610,0,18,0,0,0,LEADER,1,4,1,30,17,150,0,0,0,0,0,0,0,0,0
116151,20,bully,3304,1,17,995792,150,0,900,0,1,20,112847,3304,0,18,0,0,0,LEADER,1,4,1,26,17,150,0,0,0,0,0,0,0,0,0
115797,38,bully,2950,1,17,989774,150,0,900,0,1,38,112847,2950,0,18,0,0,0,LEADER,1,4,1,44,17,150,0,0,0,0,0,0,0,0,0
116432,23,bully,3585,1,17,1000569,150,0,900,0,1,23,112847,3585,0,18,0,0,0,LEADER,1,4,1,29,17,150,0,0,0,0,0,0,0,0,0
116254,7,bully,3407,1,17,997543,150,302,900,1812,2,1,112847,3407,0,18,0,0,0,NORMAL,0,3,1,6,58,150,0,302,0,0,0,0,0,0,0
116387,47,bully,3540,1,17,999804,150,0,900,0,1,47,112847,3540,0,18,0,0,0,LEADER,1,4,1,53,17,150,0,0,0,0,0,0,0,0,0
116240,39,bully,3392,1,17,997296,150,0,900,0,1,39,112848,3392,0,18,0,0,0,LEADER,1,4,1,45,17,150,0,0,0,0,0,0,0,0,0
116401,15,bully,3555,1,17,1000053,150,149,900,894,2,1,112846,3555,0,18,0,0,0,NORMAL,0,3,1,6,62,150,0,149,0,0,0,0,0,0,0
116272,49,bully,3425,1,17,997849,150,0,900,0,1,49,112847,3425,0,18,0,0,0,LEADER,1,4,1,55,17,150,0,0,0,0,0,0,0,0,0
116061,1,bully,3216,1,17,994293,150,302,900,1812,1,1,112845,3216,0,18,0,0,0,LEADER,1,4,1,7,17,150,0,302,0,0,0,0,0,0,0
116215,40,bully,3371,1,17,996906,150,0,900,0,1,40,112844,3371,0,18,0,0,0,LEADER,1,4,1,46,17,150,0,0,0,0,0,0,0,0,0
116422,14,bully,3577,1,17,1000426,150,150,900,900,2,1,112845,3577,0,18,0,0,0,NORMAL,0,3,1,6,58,150,0,150,0,0,0,0,0,0,0
116524,44,bully,3677,1,17,1002133,150,0,900,0,1,44,112847,3677,0,18,0,0,0,LEADER,1,4,1,50,17,150,0,0,0,0,0,0,0,0,0
116539,12,bully,3692,1,17,1002388,150,151,900,906,1,1,112847,3692,0,18,0,0,0,NORMAL,0,3,1,6,54,150,0,151,0,0,0,0,0,0,0
116490,34,bully,3643,1,17,1001555,150,0,900,0,1,34,112847,3643,0,18,0,0,0,LEADER,1,4,1,40,17,150,0,0,0,0,0,0,0,0,0
118033,18,bully,2883,1,17,988635,153,0,918,0,1,18,115150,2883,0,18,0,0,0,LEADER,1,4,1,27,17,153,0,0,0,0,0,0,0,0,0
117978,9,bully,2828,1,17,987700,153,151,918,906,1,1,115150,2828,0,18,0,0,0,NORMAL,0,3,1,9,51,153,0,151,0,0,0,0,0,0,0
118133,13,bully,2983,1,17,990335,153,151,918,906,2,1,115150,2983,0,18,0,0,0,NORMAL,0,3,1,9,57,153,0,151,0,0,0,0,0,0,0
118203,25,bully,3053,1,17,991525,153,0,918,0,1,25,115150,3053,0,18,0,0,0,LEADER,1,4,1,34,17,153,0,0,0,0,0,0,0,0,0
118210,36,bully,3065,1,17,991687,153,0,918,0,1,36,115145,3065,0,18,0,0,0,LEADER,1,4,1,45,17,153,0,0,0,0,0,0,0,0,0
118045,29,bully,2895,1,17,988839,153,0,918,0,1,29,115150,2895,0,18,0,0,0,LEADER,1,4,1,38,17,153,0,0,0,0,0,0,0,0,0
118233,35,bully,3086,1,17,992079,153,0,918,0,1,35,115147,3086,0,18,0,0,0,LEADER,1,4,1,44,17,153,0,0,0,0,0,0,0,0,0
118113,6,bully,2965,1,17,990013,153,304,918,1824,2,1,115148,2965,0,18,0,0,0,NORMAL,0,3,1,9,57,153,0,304,0,0,0,0,0,0,0
118283,48,bully,3133,1,17,992885,153,0,918,0,1,48,115150,3133,0,18,0,0,0,LEADER,1,4,1,57,17,153,0,0,0,0,0,0,0,0,0
118018,50,bully,2868,1,17,988380,153,0,918,0,1,50,115150,2868,0,18,0,0,0,LEADER,1,4,1,59,17,153,0,0,0,0,0,0,0,0,0
117959,41,bully,2813,1,17,987401,153,0,918,0,1,41,115146,2813,0,18,0,0,0,LEADER,1,4,1,50,17,153,0,0,0,0,0,0,0,0,0
118421,10,bully,3271,1,17,995231,153,152,918,912,1,1,115150,3271,0,18,0,0,0,NORMAL,0,3,1,9,53,153,0,152,0,0,0,0,0,0,0
118251,3,bully,3101,1,17,992341,153,304,918,1824,1,1,115150,3101,0,18,0,0,0,NORMAL,0,3,1,9,53,153,0,304,0,0,0,0,0,0,0
117863,11,bully,2713,1,17,985745,153,150,918,900,1,1,115150,2713,0,18,0,0,0,NORMAL,0,3,1,9,70,153,0,150,0,0,0,0,0,0,0
118269,45,bully,3119,1,17,992647,153,0,918,0,1,45,115150,3119,0,18,0,0,0,LEADER,1,4,1,54,17,153,0,0,0,0,0,0,0,0,0
118406,42,bully,3256,1,17,994976,153,0,918,0,1,42,115150,3256,0,18,0,0,0,LEADER,1,4,1,51,17,153,0,0,0,0,0,0,0,0,0
118372,46,bully,3222,1,17,994398,153,0,918,0,1,46,115150,3222,0,18,0,0,0,LEADER,1,4,1,55,17,153,0,0,0,0,0,0,0,0,0
117930,31,bully,2780,1,17,986884,153,0,918,0,1,31,115150,2780,0,18,0,0,0,LEADER,1,4,1,40,17,153,0,0,0,0,0,0,0,0,0
118536,8,bully,3386,1,17,997186,153,152,918,912,2,1,115150,3386,0,18,0,0,0,NORMAL,0,3,1,9,59,153,0,152,0,0,0,0,0,0,0
118181,26,bully,3031,1,17,991151,153,0,918,0,1,26,115150,3031,0,18,0,0,0,LEADER,1,4,1,35,17,153,0,0,0,0,0,0,0,0,0
118590,17,bully,3440,1,17,998104,153,0,918,0,1,17,115150,3440,0,18,0,0,0,LEADER,1,4,1,26,17,153,0,0,0,0,0,0,0,0,0
118487,30,bully,3337,1,17,996353,153,0,918,0,1,30,115150,3337,0,18,0,0,0,LEADER,1,4,1,39,17,153,0,0,0,0,0,0,0,0,0
118672,5,bully,3522,1,17,999498,153,305,918,1830,2,1,115150,3522,0,18,0,0,0,NORMAL,0,3,1,9,55,153,0,305,0,0,0,0,0,0,0
118318,2,bully,3168,1,17,993480,153,304,918,1824,1,1,115150,3168,0,18,0,0,0,NORMAL,0,3,1,9,51,153,0,304,0,0,0,0,0,0,0
118066,28,bully,2916,1,17,989196,153,0,918,0,1,28,115150,2916,0,18,0,0,0,LEADER,1,4,1,37,17,153,0,0,0,0,0,0,0,0,0
118623,27,bully,3473,1,17,998665,153,0,918,0,1,27,115150,3473,0,18,0,0,0,LEADER,1,4,1,36,17,153,0,0,0,0,0,0,0,0,0
118657,37,bully,3507,1,17,999243,153,0,918,0,1,37,115150,3507,0,18,0,0,0,LEADER,1,4,1,46,17,153,0,0,0,0,0,0,0,0,0
118008,19,bully,2861,1,17,988239,153,0,918,0,1,19,115147,2861,0,18,0,0,0,LEADER,1,4,1,28,17,153,0,0,0,0,0,0,0,0,0
117875,22,bully,2725,1,17,985949,153,0,918,0,1,22,115150,2725,0,18,0,0,0,LEADER,1,4,1,31,17,153,0,0,0,0,0,0,0,0,0
117891,21,bully,2747,1,17,986264,153,0,918,0,1,21,115144,2747,0,18,0,0,0,LEADER,1,4,1,30,17,153,0,0,0,0,0,0,0,0,0
118351,33,bully,3201,1,17,994041,153,0,918,0,1,33,115150,3201,0,18,0,0,0,LEADER,1,4,1,42,17,153,0,0,0,0,0,0,0,0,0
118384,43,bully,3234,1,17,994602,153,0,918,0,1,43,115150,3234,0,18,0,0,0,LEADER,1,4,1,52,17,153,0,0,0,0,0,0,0,0,0
118148,16,bully,2998,1,17,990590,153,154,918,924,2,1,115150,2998,0,18,0,0,0,NORMAL,0,3,1,9,60,153,0,154,0,0,0,0,0,0,0
118652,32,bully,3502,1,17,999158,153,0,918,0,1,32,115150,3502,0,18,0,0,0,LEADER,1,4,1,41,17,153,0,0,0,0,0,0,0,0,0
118693,4,bully,3543,1,17,999855,153,307,918,1842,1,1,115150,3543,0,18,0,0,0,NORMAL,0,3,1,9,54,153,0,307,0,0,0,0,0,0,0
118759,24,bully,3610,1,17,1000988,153,0,918,0,1,24,115149,3610,0,18,0,0,0,LEADER,1,4,1,33,17,153,0,0,0,0,0,0,0,0,0
118454,20,bully,3304,1,17,995792,153,0,918,0,1,20,115150,3304,0,18,0,0,0,LEADER,1,4,1,29,17,153,0,0,0,0,0,0,0,0,0
118100,38,bully,2950,1,17,989774,153,0,918,0,1,38,115150,2950,0,18,0,0,0,LEADER,1,4,1,47,17,153,0,0,0,0,0,0,0,0,0
118735,23,bully,3585,1,17,1000569,153,0,918,0,1,23,115150,3585,0,18,0,0,0,LEADER,1,4,1,32,17,153,0,0,0,0,0,0,0,0,0
118557,7,bully,3407,1,17,997543,153,308,918,1848,2,1,115150,3407,0,18,0,0,0,NORMAL,0,3,1,9,58,153,0,308,0,0,0,0,0,0,0
118690,47,bully,3540,1,17,999804,153,0,918,0,1,47,115150,3540,0,18,0,0,0,LEADER,1,4,1,56,17,153,0,0,0,0,0,0,0,0,0
118543,39,bully,3392,1,17,997296,153,0,918,0,1,39,115151,3392,0,18,0,0,0,LEADER,1,4,1,48,17,153,0,0,0,0,0,0,0,0,0
118704,15,bully,3555,1,17,1000053,153,151,918,906,2,1,115149,3555,0,18,0,0,0,NORMAL,0,3,1,9,62,153,0,151,0,0,0,0,0,0,0
118575,49,bully,3425,1,17,997849,153,0,918,0,1,49,115150,3425,0,18,0,0,0,LEADER,1,4,1,58,17,153,0,0,0,0,0,0,0,0,0
118363,1,bully,3216,1,17,994293,153,308,918,1848,1,1,115147,3216,0,18,0,0,0,LEADER,1,4,1,10,17,153,0,308,0,0,0,0,0,0,0
118518,40,bully,3371,1,17,996906,153,0,918,0,1,40,115147,3371,0,18,0,0,0,LEADER,1,4,1,49,17,153,0,0,0,0,0,0,0,0,0
118725,14,bully,3577,1,17,1000426,153,153,918,918,2,1,115148,3577,0,18,0,0,0,NORMAL,0,3,1,9,58,153,0,153,0,0,0,0,0,0,0
118827,44,bully,3677,1,17,1002133,153,0,918,0,1,44,115150,3677,0,18,0,0,0,LEADER,1,4,1,53,17,153,0,0,0,0,0,0,0,0,0
118842,12,bully,3692,1,17,1002388,153,154,918,924,1,1,115150,3692,0,18,0,0,0,NORMAL,0,3,1,9,54,153,0,154,0,0,0,0,0,0,0
118793,34,bully,3643,1,17,1001555,153,0,918,0,1,34,115150,3643,0,18,0,0,0,LEADER,1,4,1,43,17,153,0,0,0,0,0,0,0,0,0
120336,18,bully,2883,1,18,1108971,156,0,936,0,1,18,117453,2883,0,19,0,0,0,LEADER,1,4,1,21,18,156,0,0,0,0,0,0,0,0,0
120281,9,bully,2828,1,18,1107981,156,154,936,924,1,1,117453,2828,0,19,0,0,0,NORMAL,0,3,2,3,54,156,0,154,0,0,0,0,0,0,0
120436,13,bully,2983,1,18,1110771,156,154,936,924,2,1,117453,2983,0,19,0,0,0,NORMAL,0,3,2,3,60,156,0,154,0,0,0,0,0,0,0
120506,25,bully,3053,1,18,1112031,156,0,936,0,1,25,117453,3053,0,19,0,0,0,LEADER,1,4,1,28,18,156,0,0,0,0,0,0,0,0,0
120513,36,bully,3065,1,18,1112200,156,0,936,0,1,36,117448,3065,0,19,0,0,0,LEADER,1,4,1,39,18,156,0,0,0,0,0,0,0,0,0
120348,29,bully,2895,1,18,1109187,156,0,936,0,1,29,117453,2895,0,19,0,0,0,LEADER,1,4,1,32,18,156,0,0,0,0,0,0,0,0,0
120536,35,bully,3086,1,18,1112615,156,0,936,0,1,35,117450,3086,0,19,0,0,0,LEADER,1,4,1,38,18,156,0,0,0,0,0,0,0,0,0
120416,6,bully,2965,1,18,1110429,156,310,936,1860,2,1,117451,2965,0,19,0,0,0,NORMAL,0,3,2,3,60,156,0,310,0,0,0,0,0,0,0
120586,48,bully,3133,1,18,1113471,156,0,936,0,1,48,117453,3133,0,19,0,0,0,LEADER,1,4,1,51,18,156,0,0,0,0,0,0,0,0,0
120320,50,bully,2868,1,18,1108700,156,0,936,0,1,50,117452,2868,0,19,0,0,0,LEADER,1,4,1,53,18,156,0,0,0,0,0,0,0,0,0
120262,41,bully,2813,1,18,1107663,156,0,936,0,1,41,117449,2813,0,19,0,0,0,LEADER,1,4,1,44,18,156,0,0,0,0,0,0,0,0,0
120724,10,bully,3271,1,18,1115955,156,155,936,930,1,1,117453,3271,0,19,0,0,0,NORMAL,0,3,2,3,56,156,0,155,0,0,0,0,0,0,0
120554,3,bully,3101,1,18,1112895,156,310,936,1860,1,1,117453,3101,0,19,0,0,0,NORMAL,0,3,2,3,56,156,0,310,0,0,0,0,0,0,0
120166,11,bully,2713,1,18,1105911,156,153,936,918,1,1,117453,2713,0,19,0,0,0,NORMAL,0,3,2,3,74,156,0,153,0,0,0,0,0,0,0
120572,45,bully,3119,1,18,1113219,156,0,936,0,1,45,117453,3119,0,19,0,0,0,LEADER,1,4,1,48,18,156,0,0,0,0,0,0,0,0,0
120709,42,bully,3256,1,18,1115685,156,0,936,0,1,42,117453,3256,0,19,0,0,0,LEADER,1,4,1,45,18,156,0,0,0,0,0,0,0,0,0
120675,46,bully,3222,1,18,1115073,156,0,936,0,1,46,117453,3222,0,19,0,0,0,LEADER,1,4,1,49,18,156,0,0,0,0,0,0,0,0,0
120233,31,bully,2780,1,18,1107117,156,0,936,0,1,31,117453,2780,0,19,0,0,0,LEADER,1,4,1,34,18,156,0,0,0,0,0,0,0,0,0
120839,8,bully,3386,1,18,1118025,156,155,936,930,2,1,117453,3386,0,19,0,0,0,NORMAL,0,3,2,3,62,156,0,155,0,0,0,0,0,0,0
120484,26,bully,3031,1,18,1111635,156,0,936,0,1,26,117453,3031,0,19,0,0,0,LEADER,1,4,1,29,18,156,0,0,0,0,0,0,0,0,0
120893,17,bully,3440,1,18,1118997,156,0,936,0,1,17,117453,3440,0,19,0,0,0,LEADER,1,4,1,20,18,156,0,0,0,0,0,0,0,0,0
120790,30,bully,3337,1,18,1117143,156,0,936,0,1,30,117453,3337,0,19,0,0,0,LEADER,1,4,1,33,18,156,0,0,0,0,0,0,0,0,0
120975,5,bully,3522,1,18,1120473,156,311,936,1866,2,1,117453,3522,0,19,0,0,0,NORMAL,0,3,2,3,58,156,0,311,0,0,0,0,0,0,0
120621,2,bully,3168,1,18,1114101,156,310,936,1860,1,1,117453,3168,0,19,0,0,0,NORMAL,0,3,2,3,54,156,0,310,0,0,0,0,0,0,0
120369,28,bully,2916,1,18,1109565,156,0,936,0,1,28,117453,2916,0,19,0,0,0,LEADER,1,4,1,31,18,156,0,0,0,0,0,0,0,0,0
120926,27,bully,3473,1,18,1119591,156,0,936,0,1,27,117453,3473,0,19,0,0,0,LEADER,1,4,1,30,18,156,0,0,0,0,0,0,0,0,0
120960,37,bully,3507,1,18,1120203,156,0,936,0,1,37,117453,3507,0,19,0,0,0,LEADER,1,4,1,40,18,156,0,0,0,0,0,0,0,0,0
120311,19,bully,2861,1,18,1108550,156,0,936,0,1,19,117450,2861,0,19,0,0,0,LEADER,1,4,1,22,18,156,0,0,0,0,0,0,0,0,0
120178,22,bully,2725,1,18,1106127,156,0,936,0,1,22,117453,2725,0,19,0,0,0,LEADER,1,4,1,25,18,156,0,0,0,0,0,0,0,0,0
120194,21,bully,2747,1,18,1106458,156,0,936,0,1,21,117447,2747,0,19,0,0,0,LEADER,1,4,1,24,18,156,0,0,0,0,0,0,0,0,0
120654,33,bully,3201,1,18,1114695,156,0,936,0,1,33,117453,3201,0,19,0,0,0,LEADER,1,4,1,36,18,156,0,0,0,0,0,0,0,0,0
120687,43,bully,3234,1,18,1115289,156,0,936,0,1,43,117453,3234,0,19,0,0,0,LEADER,1,4,1,46,18,156,0,0,0,0,0,0,0,0,0
120451,16,bully,2998,1,18,1111041,156,157,936,942,2,1,117453,2998,0,19,0,0,0,NORMAL,0,3,2,3,63,156,0,157,0,0,0,0,0,0,0
120955,32,bully,3502,1,18,1120113,156,0,936,0,1,32,117453,3502,0,19,0,0,0,LEADER,1,4,1,35,18,156,0,0,0,0,0,0,0,0,0
120996,4,bully,3543,1,18,1120851,156,313,936,1878,1,1,117453,3543,0,19,0,0,0,NORMAL,0,3,2,3,57,156,0,313,0,0,0,0,0,0,0
121062,24,bully,3610,1,18,1122050,156,0,936,0,1,24,117452,3610,0,19,0,0,0,LEADER,1,4,1,27,18,156,0,0,0,0,0,0,0,0,0
120757,20,bully,3304,1,18,1116549,156,0,936,0,1,20,117453,3304,0,19,0,0,0,LEADER,1,4,1,23,18,156,0,0,0,0,0,0,0,0,0
120403,38,bully,2950,1,18,1110177,156,0,936,0,1,38,117453,2950,0,19,0,0,0,LEADER,1,4,1,41,18,156,0,0,0,0,0,0,0,0,0
121038,23,bully,3585,1,18,1121607,156,0,936,0,1,23,117453,3585,0,19,0,0,0,LEADER,1,4,1,26,18,156,0,0,0,0,0,0,0,0,0
120860,7,bully,3407,1,18,1118403,156,314,936,1884,2,1,117453,3407,0,19,0,0,0,NORMAL,0,3,2,3,61,156,0,314,0,0,0,0,0,0,0
120993,47,bully,3540,1,18,1120797,156,0,936,0,1,47,117453,3540,0,19,0,0,0,LEADER,1,4,1,50,18,156,0,0,0,0,0,0,0,0,0
120846,39,bully,3392,1,18,1118142,156,0,936,0,1,39,117454,3392,0,19,0,0,0,LEADER,1,4,1,42,18,156,0,0,0,0,0,0,0,0,0
121007,15,bully,3555,1,18,1121060,156,155,936,930,2,1,117452,3555,0,19,0,0,0,NORMAL,0,3,2,3,66,156,0,155,0,0,0,0,0,0,0
120878,49,bully,3425,1,18,1118727,156,0,936,0,1,49,117453,3425,0,19,0,0,0,LEADER,1,4,1,52,18,156,0,0,0,0,0,0,0,0,0
120666,1,bully,3216,1,18,1114959,156,314,936,1884,1,1,117450,3216,0,19,0,0,0,LEADER,1,4,1,4,18,156,0,314,0,0,0,0,0,0,0
120821,40,bully,3371,1,18,1117727,156,0,936,0,1,40,117450,3371,0,19,0,0,0,LEADER,1,4,1,43,18,156,0,0,0,0,0,0,0,0,0
121028,14,bully,3577,1,18,1121454,156,156,936,936,2,1,117451,3577,0,19,0,0,0,NORMAL,0,3,2,3,61,156,0,156,0,0,0,0,0,0,0
121130,44,bully,3677,1,18,1123263,156,0,936,0,1,44,117453,3677,0,19,0,0,0,LEADER,1,4,1,47,18,156,0,0,0,0,0,0,0,0,0
121145,12,bully,3692,1,18,1123533,156,157,936,942,1,1,117453,3692,0,19,0,0,0,NORMAL,0,3,2,3,57,156,0,157,0,0,0,0,0,0,0
121096,34,bully,3643,1,18,1122651,156,0,936,0,1,34,117453,3643,0,19,0,0,0,LEADER,1,4,1,37,18,156,0,0,0,0,0,0,0,0,0
122639,18,bully,2883,1,18,1108971,159,0,954,0,1,18,119756,2883,0,19,0,0,0,LEADER,1,4,1,24,18,159,0,0,0,0,0,0,0,0,0
122584,9,bully,2828,1,18,1107981,159,157,954,942,1,1,119756,2828,0,19,0,0,0,NORMAL,0,3,1,6,54,159,0,157,0,0,0,0,0,0,0
122739,13,bully,2983,1,18,1110771,159,157,954,942,2,1,119756,2983,0,19,0,0,0,NORMAL,0,3,1,6,60,159,0,157,0,0,0,0,0,0,0
122809,25,bully,3053,1,18,1112031,159,0,954,0,1,25,119756,3053,0,19,0,0,0,LEADER,1,4,1,31,18,159,0,0,0,0,0,0,0,0,0
122815,36,bully,3065,1,18,1112200,159,0,954,0,1,36,119750,3065,0,19,0,0,0,LEADER,1,4,1,42,18,159,0,0,0,0,0,0,0,0,0
122651,29,bully,2895,1,18,1109187,159,0,954,0,1,29,119756,2895,0,19,0,0,0,LEADER,1,4,1,35,18,159,0,0,0,0,0,0,0,0,0
122839,35,bully,3086,1,18,1112615,159,0,954,0,1,35,119753,3086,0,19,0,0,0,LEADER,1,4,1,41,18,159,0,0,0,0,0,0,0,0,0
122719,6,bully,2965,1,18,1110429,159,316,954,1896,2,1,119754,2965,0,19,0,0,0,NORMAL,0,3,1,6,60,159,0,316,0,0,0,0,0,0,0
122889,48,bully,3133,1,18,1113471,159,0,954,0,1,48,119756,3133,0,19,0,0,0,LEADER,1,4,1,54,18,159,0,0,0,0,0,0,0,0,0
122623,50,bully,2868,1,18,1108700,159,0,954,0,1,50,119755,2868,0,19,0,0,0,LEADER,1,4,1,56,18,159,0,0,0,0,0,0,0,0,0
122565,41,bully,2813,1,18,1107663,159,0,954,0,1,41,119752,2813,0,19,0,0,0,LEADER,1,4,1,47,18,159,0,0,0,0,0,0,0,0,0
123027,10,bully,3271,1,18,1115955,159,158,954,948,1,1,119756,3271,0,19,0,0,0,NORMAL,0,3,1,6,56,159,0,158,0,0,0,0,0,0,0
122857,3,bully,3101,1,18,1112895,159,316,954,1896,1,1,119756,3101,0,19,0,0,0,NORMAL,0,3,1,6,56,159,0,316,0,0,0,0,0,0,0
122469,11,bully,2713,1,18,1105911,159,156,954,936,1,1,119756,2713,0,19,0,0,0,NORMAL,0,3,1,6,74,159,0,156,0,0,0,0,0,0,0
122875,45,bully,3119,1,18,1113219,159,0,954,0,1,45,119756,3119,0,19,0,0,0,LEADER,1,4,1,51,18,159,0,0,0,0,0,0,0,0,0
123012,42,bully,3256,1,18,1115685,159,0,954,0,1,42,119756,3256,0,19,0,0,0,LEADER,1,4,1,48,18,159,0,0,0,0,0,0,0,0,0
122978,46,bully,3222,1,18,1115073,159,0,954,0,1,46,119756,3222,0,19,0,0,0,LEADER,1,4,1,52,18,159,0,0,0,0,0,0,0,0,0
122536,31,bully,2780,1,18,1107117,159,0,954,0,1,31,119756,2780,0,19,0,0,0,LEADER,1,4,1,37,18,159,0,0,0,0,0,0,0,0,0
123142,8,bully,3386,1,18,1118025,159,158,954,948,2,1,119756,3386,0,19,0,0,0,NORMAL,0,3,1,6,62,159,0,158,0,0,0,0,0,0,0
122787,26,bully,3031,1,18,1111635,159,0,954,0,1,26,119756,3031,0,19,0,0,0,LEADER,1,4,1,32,18,159,0,0,0,0,0,0,0,0,0
123196,17,bully,3440,1,18,1118997,159,0,954,0,1,17,119756,3440,0,19,0,0,0,LEADER,1,4,1,23,18,159,0,0,0,0,0,0,0,0,0
123093,30,bully,3337,1,18,1117143,159,0,954,0,1,30,119756,3337,0,19,0,0,0,LEADER,1,4,1,36,18,159,0,0,0,0,0,0,0,0,0
123278,5,bully,3522,1,18,1120473,159,317,954,1902,2,1,119756,3522,0,19,0,0,0,NORMAL,0,3,1,6,58,159,0,317,0,0,0,0,0,0,0
122924,2,bully,3168,1,18,1114101,159,316,954,1896,1,1,119756,3168,0,19,0,0,0,NORMAL,0,3,1,6,54,159,0,316,0,0,0,0,0,0,0
122672,28,bully,2916,1,18,1109565,159,0,954,0,1,28,119756,2916,0,19,0,0,0,LEADER,1,4,1,34,18,159,0,0,0,0,0,0,0,0,0
123229,27,bully,3473,1,18,1119591,159,0,954,0,1,27,119756,3473,0,19,0,0,0,LEADER,1,4,1,33,18,159,0,0,0,0,0,0,0,0,0
123263,37,bully,3507,1,18,1120203,159,0,954,0,1,37,119756,3507,0,19,0,0,0,LEADER,1,4,1,43,18,159,0,0,0,0,0,0,0,0,0
122614,19,bully,2861,1,18,1108550,159,0,954,0,1,19,119753,2861,0,19,0,0,0,LEADER,1,4,1,25,18,159,0,0,0,0,0,0,0,0,0
122481,22,bully,2725,1,18,1106127,159,0,954,0,1,22,119756,2725,0,19,0,0,0,LEADER,1,4,1,28,18,159,0,0,0,0,0,0,0,0,0
122497,21,bully,2747,1,18,1106458,159,0,954,0,1,21,119750,2747,0,19,0,0,0,LEADER,1,4,1,27,18,159,0,0,0,0,0,0,0,0,0
122957,33,bully,3201,1,18,1114695,159,0,954,0,1,33,119756,3201,0,19,0,0,0,LEADER,1,4,1,39,18,159,0,0,0,0,0,0,0,0,0
122990,43,bully,3234,1,18,1115289,159,0,954,0,1,43,119756,3234,0,19,0,0,0,LEADER,1,4,1,49,18,159,0,0,0,0,0,0,0,0,0
122754,16,bully,2998,1,18,1111041,159,160,954,960,2,1,119756,2998,0,19,0,0,0,NORMAL,0,3,1,6,63,159,0,160,0,0,0,0,0,0,0
123258,32,bully,3502,1,18,1120113,159,0,954,0,1,32,119756,3502,0,19,0,0,0,LEADER,1,4,1,38,18,159,0,0,0,0,0,0,0,0,0
123299,4,bully,3543,1,18,1120851,159,319,954,1914,1,1,119756,3543,0,19,0,0,0,NORMAL,0,3,1,6,57,159,0,319,0,0,0,0,0,0,0
123365,24,bully,3610,1,18,1122050,159,0,954,0,1,24,119755,3610,0,19,0,0,0,LEADER,1,4,1,30,18,159,0,0,0,0,0,0,0,0,0
123060,20,bully,3304,1,18,1116549,159,0,954,0,1,20,119756,3304,0,19,0,0,0,LEADER,1,4,1,26,18,159,0,0,0,0,0,0,0,0,0
122706,38,bully,2950,1,18,1110177,159,0,954,0,1,38,119756,2950,0,19,0,0,0,LEADER,1,4,1,44,18,159,0,0,0,0,0,0,0,0,0
123341,23,bully,3585,1,18,1121607,159,0,954,0,1,23,119756,3585,0,19,0,0,0,LEADER,1,4,1,29,18,159,0,0,0,0,0,0,0,0,0
123163,7,bully,3407,1,18,1118403,159,320,954,1920,2,1,119756,3407,0,19,0,0,0,NORMAL,0,3,1,6,61,159,0,320,0,0,0,0,0,0,0
123296,47,bully,3540,1,18,1120797,159,0,954,0,1,47,119756,3540,0,19,0,0,0,LEADER,1,4,1,53,18,159,0,0,0,0,0,0,0,0,0
123149,39,bully,3392,1,18,1118142,159,0,954,0,1,39,119757,3392,0,19,0,0,0,LEADER,1,4,1,45,18,159,0,0,0,0,0,0,0,0,0
123310,15,bully,3555,1,18,1121060,159,158,954,948,2,1,119755,3555,0,19,0,0,0,NORMAL,0,3,1,6,66,159,0,158,0,0,0,0,0,0,0
123181,49,bully,3425,1,18,1118727,159,0,954,0,1,49,119756,3425,0,19,0,0,0,LEADER,1,4,1,55,18,159,0,0,0,0,0,0,0,0,0
122969,1,bully,3216,1,18,1114959,159,319,954,1914,1,1,119753,3216,0,19,0,0,0,LEADER,1,4,1,7,18,159,0,319,0,0,0,0,0,0,0
123124,40,bully,3371,1,18,1117727,159,0,954,0,1,40,119753,3371,0,19,0,0,0,LEADER,1,4,1,46,18,159,0,0,0,0,0,0,0,0,0
123331,14,bully,3577,1,18,1121454,159,159,954,954,2,1,119754,3577,0,19,0,0,0,NORMAL,0,3,1,6,61,159,0,159,0,0,0,0,0,0,0
123433,44,bully,3677,1,18,1123263,159,0,954,0,1,44,119756,3677,0,19,0,0,0,LEADER,1,4,1,50,18,159,0,0,0,0,0,0,0,0,0
123448,12,bully,3692,1,18,1123533,159,160,954,960,1,1,119756,3692,0,19,0,0,0,NORMAL,0,3,1,6,57,159,0,160,0,0,0,0,0,0,0
123399,34,bully,3643,1,18,1122651,159,0,954,0,1,34,119756,3643,0,19,0,0,0,LEADER,1,4,1,40,18,159,0,0,0,0,0,0,0,0,0
124942,18,bully,2883,1,18,1108971,162,0,972,0,1,18,122059,2883,0,19,0,0,0,LEADER,1,4,1,27,18,162,0,0,0,0,0,0,0,0,0
124887,9,bully,2828,1,18,1107981,162,160,972,960,1,1,122059,2828,0,19,0,0,0,NORMAL,0,3,1,9,54,162,0,160,0,0,0,0,0,0,0
125042,13,bully,2983,1,18,1110771,162,160,972,960,2,1,122059,2983,0,19,0,0,0,NORMAL,0,3,1,9,60,162,0,160,0,0,0,0,0,0,0
125112,25,bully,3053,1,18,1112031,162,0,972,0,1,25,122059,3053,0,19,0,0,0,LEADER,1,4,1,34,18,162,0,0,0,0,0,0,0,0,0
125118,36,bully,3065,1,18,1112200,162,0,972,0,1,36,122053,3065,0,19,0,0,0,LEADER,1,4,1,45,18,162,0,0,0,0,0,0,0,0,0
124954,29,bully,2895,1,18,1109187,162,0,972,0,1,29,122059,2895,0,19,0,0,0,LEADER,1,4,1,38,18,162,0,0,0,0,0,0,0,0,0
125141,35,bully,3086,1,18,1112615,162,0,972,0,1,35,122055,3086,0,19,0,0,0,LEADER,1,4,1,44,18,162,0,0,0,0,0,0,0,0,0
125022,6,bully,2965,1,18,1110429,162,322,972,1932,2,1,122057,2965,0,19,0,0,0,NORMAL,0,3,1,9,60,162,0,322,0,0,0,0,0,0,0
125192,48,bully,3133,1,18,1113471,162,0,972,0,1,48,122059,3133,0,19,0,0,0,LEADER,1,4,1,57,18,162,0,0,0,0,0,0,0,0,0
124926,50,bully,2868,1,18,1108700,162,0,972,0,1,50,122058,2868,0,19,0,0,0,LEADER,1,4,1,59,18,162,0,0,0,0,0,0,0,0,0
124868,41,bully,2813,1,18,1107663,162,0,972,0,1,41,122055,2813,0,19,0,0,0,LEADER,1,4,1,50,18,162,0,0,0,0,0,0,0,0,0
125330,10,bully,3271,1,18,1115955,162,161,972,966,1,1,122059,3271,0,19,0,0,0,NORMAL,0,3,1,9,56,162,0,161,0,0,0,0,0,0,0
125160,3,bully,3101,1,18,1112895,162,322,972,1932,1,1,122059,3101,0,19,0,0,0,NORMAL,0,3,1,9,56,162,0,322,0,0,0,0,0,0,0
124772,11,bully,2713,1,18,1105911,162,159,972,954,1,1,122059,2713,0,19,0,0,0,NORMAL,0,3,1,9,74,162,0,159,0,0,0,0,0,0,0
125178,45,bully,3119,1,18,1113219,162,0,972,0,1,45,122059,3119,0,19,0,0,0,LEADER,1,4,1,54,18,162,0,0,0,0,0,0,0,0,0
125315,42,bully,3256,1,18,1115685,162,0,972,0,1,42,122059,3256,0,19,0,0,0,LEADER,1,4,1,51,18,162,0,0,0,0,0,0,0,0,0
125281,46,bully,3222,1,18,1115073,162,0,972,0,1,46,122059,3222,0,19,0,0,0,LEADER,1,4,1,55,18,162,0,0,0,0,0,0,0,0,0
124839,31,bully,2780,1,18,1107117,162,0,972,0,1,31,122059,2780,0,19,0,0,0,LEADER,1,4,1,40,18,162,0,0,0,0,0,0,0,0,0
125445,8,bully,3386,1,18,1118025,162,161,972,966,2,1,122059,3386,0,19,0,0,0,NORMAL,0,3,1,9,62,162,0,161,0,0,0,0,0,0,0
125090,26,bully,3031,1,18,1111635,162,0,972,0,1,26,122059,3031,0,19,0,0,0,LEADER,1,4,1,35,18,162,0,0,0,0,0,0,0,0,0
125499,17,bully,3440,1,18,1118997,162,0,972,0,1,17,122059,3440,0,19,0,0,0,LEADER,1,4,1,26,18,162,0,0,0,0,0,0,0,0,0
125396,30,bully,3337,1,18,1117143,162,0,972,0,1,30,122059,3337,0,19,0,0,0,LEADER,1,4,1,39,18,162,0,0,0,0,0,0,0,0,0
125581,5,bully,3522,1,18,1120473,162,323,972,1938,2,1,122059,3522,0,19,0,0,0,NORMAL,0,3,1,9,58,162,0,323,0,0,0,0,0,0,0
125227,2,bully,3168,1,18,1114101,162,322,972,1932,1,1,122059,3168,0,19,0,0,0,NORMAL,0,3,1,9,54,162,0,322,0,0,0,0,0,0,0
124975,28,bully,2916,1,18,1109565,162,0,972,0,1,28,122059,2916,0,19,0,0,0,LEADER,1,4,1,37,18,162,0,0,0,0,0,0,0,0,0
125532,27,bully,3473,1,18,1119591,162,0,972,0,1,27,122059,3473,0,19,0,0,0,LEADER,1,4,1,36,18,162,0,0,0,0,0,0,0,0,0
125566,37,bully,3507,1,18,1120203,162,0,972,0,1,37,122059,3507,0,19,0,0,0,LEADER,1,4,1,46,18,162,0,0,0,0,0,0,0,0,0
124917,19,bully,2861,1,18,1108550,162,0,972,0,1,19,122056,2861,0,19,0,0,0,LEADER,1,4,1,28,18,162,0,0,0,0,0,0,0,0,0
124784,22,bully,2725,1,18,1106127,162,0,972,0,1,22,122059,2725,0,19,0,0,0,LEADER,1,4,1,31,18,162,0,0,0,0,0,0,0,0,0
124800,21,bully,2747,1,18,1106458,162,0,972,0,1,21,122053,2747,0,19,0,0,0,LEADER,1,4,1,30,18,162,0,0,0,0,0,0,0,0,0
125260,33,bully,3201,1,18,1114695,162,0,972,0,1,33,122059,3201,0,19,0,0,0,LEADER,1,4,1,42,18,162,0,0,0,0,0,0,0,0,0
125293,43,bully,3234,1,18,1115289,162,0,972,0,1,43,122059,3234,0,19,0,0,0,LEADER,1,4,1,52,18,162,0,0,0,0,0,0,0,0,0
125057,16,bully,2998,1,18,1111041,162,163,972,978,2,1,122059,2998,0,19,0,0,0,NORMAL,0,3,1,9,63,162,0,163,0,0,0,0,0,0,0
125561,32,bully,3502,1,18,1120113,162,0,972,0,1,32,122059,3502,0,19,0,0,0,LEADER,1,4,1,41,18,162,0,0,0,0,0,0,0,0,0
125602,4,bully,3543,1,18,1120851,162,325,972,1950,1,1,122059,3543,0,19,0,0,0,NORMAL,0,3,1,9,57,162,0,325,0,0,0,0,0,0,0
125668,24,bully,3610,1,18,1122050,162,0,972,0,1,24,122058,3610,0,19,0,0,0,LEADER,1,4,1,33,18,162,0,0,0,0,0,0,0,0,0
125363,20,bully,3304,1,18,1116549,162,0,972,0,1,20,122059,3304,0,19,0,0,0,LEADER,1,4,1,29,18,162,0,0,0,0,0,0,0,0,0
125009,38,bully,2950,1,18,1110177,162,0,972,0,1,38,122059,2950,0,19,0,0,0,LEADER,1,4,1,47,18,162,0,0,0,0,0,0,0,0,0
125644,23,bully,3585,1,18,1121607,162,0,972,0,1,23,122059,3585,0,19,0,0,0,LEADER,1,4,1,32,18,162,0,0,0,0,0,0,0,0,0
125466,7,bully,3407,1,18,1118403,162,326,972,1956,2,1,122059,3407,0,19,0,0,0,NORMAL,0,3,1,9,61,162,0,326,0,0,0,0,0,0,0
125599,47,bully,3540,1,18,1120797,162,0,972,0,1,47,122059,3540,0,19,0,0,0,LEADER,1,4,1,56,18,162,0,0,0,0,0,0,0,0,0
125452,39,bully,3392,1,18,1118142,162,0,972,0,1,39,122060,3392,0,19,0,0,0,LEADER,1,4,1,48,18,162,0,0,0,0,0,0,0,0,0
125613,15,bully,3555,1,18,1121060,162,161,972,966,2,1,122058,3555,0,19,0,0,0,NORMAL,0,3,1,9,66,162,0,161,0,0,0,0,0,0,0
125484,49,bully,3425,1,18,1118727,162,0,972,0,1,49,122059,3425,0,19,0,0,0,LEADER,1,4,1,58,18,162,0,0,0,0,0,0,0,0,0
125272,1,bully,3216,1,18,1114959,162,325,972,1950,1,1,122056,3216,0,19,0,0,0,LEADER,1,4,1,10,18,162,0,325,0,0,0,0,0,0,0
125427,40,bully,3371,1,18,1117727,162,0,972,0,1,40,122056,3371,0,19,0,0,0,LEADER,1,4,1,49,18,162,0,0,0,0,0,0,0,0,0
125634,14,bully,3577,1,18,1121454,162,162,972,972,2,1,122057,3577,0,19,0,0,0,NORMAL,0,3,1,9,61,162,0,162,0,0,0,0,0,0,0
125736,44,bully,3677,1,18,1123263,162,0,972,0,1,44,122059,3677,0,19,0,0,0,LEADER,1,4,1,53,18,162,0,0,0,0,0,0,0,0,0
125751,12,bully,3692,1,18,1123533,162,163,972,978,1,1,122059,3692,0,19,0,0,0,NORMAL,0,3,1,9,57,162,0,163,0,0,0,0,0,0,0
125702,34,bully,3643,1,18,1122651,162,0,972,0,1,34,122059,3643,0,19,0,0,0,LEADER,1,4,1,43,18,162,0,0,0,0,0,0,0,0,0
127245,18,bully,2883,1,19,1236216,165,0,990,0,1,18,124362,2883,0,20,0,0,0,LEADER,1,4,1,21,19,165,0,0,0,0,0,0,0,0,0
127190,9,bully,2828,1,19,1235171,165,163,990,978,1,1,124362,2828,0,20,0,0,0,NORMAL,0,3,2,3,57,165,0,163,0,0,0,0,0,0,0
127345,13,bully,2983,1,19,1238116,165,163,990,978,2,1,124362,2983,0,20,0,0,0,NORMAL,0,3,2,3,63,165,0,163,0,0,0,0,0,0,0
127415,25,bully,3053,1,19,1239446,165,0,990,0,1,25,124362,3053,0,20,0,0,0,LEADER,1,4,1,28,19,165,0,0,0,0,0,0,0,0,0
127421,36,bully,3065,1,19,1239621,165,0,990,0,1,36,124356,3065,0,20,0,0,0,LEADER,1,4,1,39,19,165,0,0,0,0,0,0,0,0,0
127257,29,bully,2895,1,19,1236444,165,0,990,0,1,29,124362,2895,0,20,0,0,0,LEADER,1,4,1,32,19,165,0,0,0,0,0,0,0,0,0
127444,35,bully,3086,1,19,1240059,165,0,990,0,1,35,124358,3086,0,20,0,0,0,LEADER,1,4,1,38,19,165,0,0,0,0,0,0,0,0,0
127325,6,bully,2965,1,19,1237754,165,328,990,1968,2,1,124360,2965,0,20,0,0,0,NORMAL,0,3,2,3,63,165,0,328,0,0,0,0,0,0,0
127495,48,bully,3133,1,19,1240966,165,0,990,0,1,48,124362,3133,0,20,0,0,0,LEADER,1,4,1,51,19,165,0,0,0,0,0,0,0,0,0
127229,50,bully,2868,1,19,1235929,165,0,990,0,1,50,124361,2868,0,20,0,0,0,LEADER,1,4,1,53,19,165,0,0,0,0,0,0,0,0,0
127171,41,bully,2813,1,19,1234834,165,0,990,0,1,41,124358,2813,0,20,0,0,0,LEADER,1,4,1,44,19,165,0,0,0,0,0,0,0,0,0
127633,10,bully,3271,1,19,1243588,165,164,990,984,1,1,124362,3271,0,20,0,0,0,NORMAL,0,3,2,3,59,165,0,164,0,0,0,0,0,0,0
127463,3,bully,3101,1,19,1240358,165,328,990,1968,1,1,124362,3101,0,20,0,0,0,NORMAL,0,3,2,3,59,165,0,328,0,0,0,0,0,0,0
127075,11,bully,2713,1,19,1232986,165,162,990,972,1,1,124362,2713,0,20,0,0,0,NORMAL,0,3,2,3,78,165,0,162,0,0,0,0,0,0,0
127481,45,bully,3119,1,19,1240700,165,0,990,0,1,45,124362,3119,0,20,0,0,0,LEADER,1,4,1,48,19,165,0,0,0,0,0,0,0,0,0
127618,42,bully,3256,1,19,1243303,165,0,990,0,1,42,124362,3256,0,20,0,0,0,LEADER,1,4,1,45,19,165,0,0,0,0,0,0,0,0,0
127584,46,bully,3222,1,19,1242657,165,0,990,0,1,46,124362,3222,0,20,0,0,0,LEADER,1,4,1,49,19,165,0,0,0,0,0,0,0,0,0
127142,31,bully,2780,1,19,1234259,165,0,990,0,1,31,124362,2780,0,20,0,0,0,LEADER,1,4,1,34,19,165,0,0,0,0,0,0,0,0,0
127748,8,bully,3386,1,19,1245773,165,164,990,984,2,1,124362,3386,0,20,0,0,0,NORMAL,0,3,2,3,65,165,0,164,0,0,0,0,0,0,0
127393,26,bully,3031,1,19,1239028,165,0,990,0,1,26,124362,3031,0,20,0,0,0,LEADER,1,4,1,29,19,165,0,0,0,0,0,0,0,0,0
127802,17,bully,3440,1,19,1246799,165,0,990,0,1,17,124362,3440,0,20,0,0,0,LEADER,1,4,1,20,19,165,0,0,0,0,0,0,0,0,0
127699,30,bully,3337,1,19,1244842,165,0,990,0,1,30,124362,3337,0,20,0,0,0,LEADER,1,4,1,33,19,165,0,0,0,0,0,0,0,0,0
127884,5,bully,3522,1,19,1248357,165,329,990,1974,2,1,124362,3522,0,20,0,0,0,NORMAL,0,3,2,3,61,165,0,329,0,0,0,0,0,0,0
127530,2,bully,3168,1,19,1241631,165,328,990,1968,1,1,124362,3168,0,20,0,0,0,NORMAL,0,3,2,3,57,165,0,328,0,0,0,0,0,0,0
127278,28,bully,2916,1,19,1236843,165,0,990,0,1,28,124362,2916,0,20,0,0,0,LEADER,1,4,1,31,19,165,0,0,0,0,0,0,0,0,0
127835,27,bully,3473,1,19,1247426,165,0,990,0,1,27,124362,3473,0,20,0,0,0,LEADER,1,4,1,30,19,165,0,0,0,0,0,0,0,0,0
127869,37,bully,3507,1,19,1248072,165,0,990,0,1,37,124362,3507,0,20,0,0,0,LEADER,1,4,1,40,19,165,0,0,0,0,0,0,0,0,0
127220,19,bully,2861,1,19,1235770,165,0,990,0,1,19,124359,2861,0,20,0,0,0,LEADER,1,4,1,22,19,165,0,0,0,0,0,0,0,0,0
127087,22,bully,2725,1,19,1233214,165,0,990,0,1,22,124362,2725,0,20,0,0,0,LEADER,1,4,1,25,19,165,0,0,0,0,0,0,0,0,0
127103,21,bully,2747,1,19,1233561,165,0,990,0,1,21,124356,2747,0,20,0,0,0,LEADER,1,4,1,24,19,165,0,0,0,0,0,0,0,0,0
127563,33,bully,3201,1,19,1242258,165,0,990,0,1,33,124362,3201,0,20,0,0,0,LEADER,1,4,1,36,19,165,0,0,0,0,0,0,0,0,0
127596,43,bully,3234,1,19,1242885,165,0,990,0,1,43,124362,3234,0,20,0,0,0,LEADER,1,4,1,46,19,165,0,0,0,0,0,0,0,0,0
127360,16,bully,2998,1,19,1238401,165,166,990,996,2,1,124362,2998,0,20,0,0,0,NORMAL,0,3,2,3,66,165,0,166,0,0,0,0,0,0,0
127864,32,bully,3502,1,19,1247977,165,0,990,0,1,32,124362,3502,0,20,0,0,0,LEADER,1,4,1,35,19,165,0,0,0,0,0,0,0,0,0
127905,4,bully,3543,1,19,1248756,165,331,990,1986,1,1,124362,3543,0,20,0,0,0,NORMAL,0,3,2,3,60,165,0,331,0,0,0,0,0,0,0
127971,24,bully,3610,1,19,1250021,165,0,990,0,1,24,124361,3610,0,20,0,0,0,LEADER,1,4,1,27,19,165,0,0,0,0,0,0,0,0,0
127666,20,bully,3304,1,19,1244215,165,0,990,0,1,20,124362,3304,0,20,0,0,0,LEADER,1,4,1,23,19,165,0,0,0,0,0,0,0,0,0
127312,38,bully,2950,1,19,1237489,165,0,990,0,1,38,124362,2950,0,20,0,0,0,LEADER,1,4,1,41,19,165,0,0,0,0,0,0,0,0,0
127947,23,bully,3585,1,19,1249554,165,0,990,0,1,23,124362,3585,0,20,0,0,0,LEADER,1,4,1,26,19,165,0,0,0,0,0,0,0,0,0
127769,7,bully,3407,1,19,1246172,165,332,990,1992,2,1,124362,3407,0,20,0,0,0,NORMAL,0,3,2,3,64,165,0,332,0,0,0,0,0,0,0
127902,47,bully,3540,1,19,1248699,165,0,990,0,1,47,124362,3540,0,20,0,0,0,LEADER,1,4,1,50,19,165,0,0,0,0,0,0,0,0,0
127755,39,bully,3392,1,19,1245897,165,0,990,0,1,39,124363,3392,0,20,0,0,0,LEADER,1,4,1,42,19,165,0,0,0,0,0,0,0,0,0
127916,15,bully,3555,1,19,1248976,165,163,990,978,2,1,124361,3555,0,20,0,0,0,NORMAL,0,3,2,3,69,165,0,163,0,0,0,0,0,0,0
127787,49,bully,3425,1,19,1246514,165,0,990,0,1,49,124362,3425,0,20,0,0,0,LEADER,1,4,1,52,19,165,0,0,0,0,0,0,0,0,0
127575,1,bully,3216,1,19,1242534,165,332,990,1992,1,1,124359,3216,0,20,0,0,0,LEADER,1,4,1,4,19,165,0,332,0,0,0,0,0,0,0
127730,40,bully,3371,1,19,1245457,165,0,990,0,1,40,124359,3371,0,20,0,0,0,LEADER,1,4,1,43,19,165,0,0,0,0,0,0,0,0,0
127937,14,bully,3577,1,19,1249391,165,165,990,990,2,1,124360,3577,0,20,0,0,0,NORMAL,0,3,2,3,64,165,0,165,0,0,0,0,0,0,0
128039,44,bully,3677,1,19,1251302,165,0,990,0,1,44,124362,3677,0,20,0,0,0,LEADER,1,4,1,47,19,165,0,0,0,0,0,0,0,0,0
128054,12,bully,3692,1,19,1251587,165,166,990,996,1,1,124362,3692,0,20,0,0,0,NORMAL,0,3,2,3,60,165,0,166,0,0,0,0,0,0,0
128005,34,bully,3643,1,19,1250656,165,0,990,0,1,34,124362,3643,0,20,0,0,0,LEADER,1,4,1,37,19,165,0,0,0,0,0,0,0,0,0
129548,18,bully,2883,1,19,1236216,168,0,1008,0,1,18,126665,2883,0,20,0,0,0,LEADER,1,4,1,24,19,168,0,0,0,0,0,0,0,0,0
129493,9,bully,2828,1,19,1235171,168,166,1008,996,1,1,126665,2828,0,20,0,0,0,NORMAL,0,3,1,6,57,168,0,166,0,0,0,0,0,0,0
129648,13,bully,2983,1,19,1238116,168,166,1008,996,2,1,126665,2983,0,20,0,0,0,NORMAL,0,3,1,6,63,168,0,166,0,0,0,0,0,0,0
129718,25,bully,3053,1,19,1239446,168,0,1008,0,1,25,126665,3053,0,20,0,0,0,LEADER,1,4,1,31,19,168,0,0,0,0,0,0,0,0,0
129723,36,bully,3065,1,19,1239621,168,0,1008,0,1,36,126658,3065,0,20,0,0,0,LEADER,1,4,1,42,19,168,0,0,0,0,0,0,0,0,0
129560,29,bully,2895,1,19,1236444,168,0,1008,0,1,29,126665,2895,0,20,0,0,0,LEADER,1,4,1,35,19,168,0,0,0,0,0,0,0,0,0
129747,35,bully,3086,1,19,1240059,168,0,1008,0,1,35,126661,3086,0,20,0,0,0,LEADER,1,4,1,41,19,168,0,0,0,0,0,0,0,0,0
129628,6,bully,2965,1,19,1237754,168,334,1008,2004,2,1,126663,2965,0,20,0,0,0,NORMAL,0,3,1,6,63,168,0,334,0,0,0,0,0,0,0
129798,48,bully,3133,1,19,1240966,168,0,1008,0,1,48,126665,3133,0,20,0,0,0,LEADER,1,4,1,54,19,168,0,0,0,0,0,0,0,0,0
129532,50,bully,2868,1,19,1235929,168,0,1008,0,1,50,126664,2868,0,20,0,0,0,LEADER,1,4,1,56,19,168,0,0,0,0,0,0,0,0,0
129474,41,bully,2813,1,19,1234834,168,0,1008,0,1,41,126661,2813,0,20,0,0,0,LEADER,1,4,1,47,19,168,0,0,0,0,0,0,0,0,0
129936,10,bully,3271,1,19,1243588,168,167,1008,1002,1,1,126665,3271,0,20,0,0,0,NORMAL,0,3,1,6,59,168,0,167,0,0,0,0,0,0,0
129767,3,bully,3101,1,19,1240358,168,334,1008,2004,1,1,126666,3101,0,20,0,0,0,NORMAL,0,3,1,6,59,168,0,334,0,0,0,0,0,0,0
129378,11,bully,2713,1,19,1232986,168,165,1008,990,1,1,126665,2713,0,20,0,0,0,NORMAL,0,3,1,6,78,168,0,165,0,0,0,0,0,0,0
129784,45,bully,3119,1,19,1240700,168,0,1008,0,1,45,126665,3119,0,20,0,0,0,LEADER,1,4,1,51,19,168,0,0,0,0,0,0,0,0,0
129921,42,bully,3256,1,19,1243303,168,0,1008,0,1,42,126665,3256,0,20,0,0,0,LEADER,1,4,1,48,19,168,0,0,0,0,0,0,0,0,0
129887,46,bully,3222,1,19,1242657,168,0,1008,0,1,46,126665,3222,0,20,0,0,0,LEADER,1,4,1,52,19,168,0,0,0,0,0,0,0,0,0
129445,31,bully,2780,1,19,1234259,168,0,1008,0,1,31,126665,2780,0,20,0,0,0,LEADER,1,4,1,37,19,168,0,0,0,0,0,0,0,0,0
130051,8,bully,3386,1,19,1245773,168,167,1008,1002,2,1,126665,3386,0,20,0,0,0,NORMAL,0,3,1,6,65,168,0,167,0,0,0,0,0,0,0
129696,26,bully,3031,1,19,1239028,168,0,1008,0,1,26,126665,3031,0,20,0,0,0,LEADER,1,4,1,32,19,168,0,0,0,0,0,0,0,0,0
130105,17,bully,3440,1,19,1246799,168,0,1008,0,1,17,126665,3440,0,20,0,0,0,LEADER,1,4,1,23,19,168,0,0,0,0,0,0,0,0,0
130002,30,bully,3337,1,19,1244842,168,0,1008,0,1,30,126665,3337,0,20,0,0,0,LEADER,1,4,1,36,19,168,0,0,0,0,0,0,0,0,0
130187,5,bully,3522,1,19,1248357,168,335,1008,2010,2,1,126665,3522,0,20,0,0,0,NORMAL,0,3,1,6,61,168,0,335,0,0,0,0,0,0,0
129833,2,bully,3168,1,19,1241631,168,334,1008,2004,1,1,126665,3168,0,20,0,0,0,NORMAL,0,3,1,6,57,168,0,334,0,0,0,0,0,0,0
129581,28,bully,2916,1,19,1236843,168,0,1008,0,1,28,126665,2916,0,20,0,0,0,LEADER,1,4,1,34,19,168,0,0,0,0,0,0,0,0,0
130138,27,bully,3473,1,19,1247426,168,0,1008,0,1,27,126665,3473,0,20,0,0,0,LEADER,1,4,1,33,19,168,0,0,0,0,0,0,0,0,0
130172,37,bully,3507,1,19,1248072,168,0,1008,0,1,37,126665,3507,0,20,0,0,0,LEADER,1,4,1,43,19,168,0,0,0,0,0,0,0,0,0
129523,19,bully,2861,1,19,1235770,168,0,1008,0,1,19,126662,2861,0,20,0,0,0,LEADER,1,4,1,25,19,168,0,0,0,0,0,0,0,0,0
129390,22,bully,2725,1,19,1233214,168,0,1008,0,1,22,126665,2725,0,20,0,0,0,LEADER,1,4,1,28,19,168,0,0,0,0,0,0,0,0,0
129406,21,bully,2747,1,19,1233561,168,0,1008,0,1,21,126659,2747,0,20,0,0,0,LEADER,1,4,1,27,19,168,0,0,0,0,0,0,0,0,0
129866,33,bully,3201,1,19,1242258,168,0,1008,0,1,33,126665,3201,0,20,0,0,0,LEADER,1,4,1,39,19,168,0,0,0,0,0,0,0,0,0
129899,43,bully,3234,1,19,1242885,168,0,1008,0,1,43,126665,3234,0,20,0,0,0,LEADER,1,4,1,49,19,168,0,0,0,0,0,0,0,0,0
129663,16,bully,2998,1,19,1238401,168,169,1008,1014,2,1,126665,2998,0,20,0,0,0,NORMAL,0,3,1,6,66,168,0,169,0,0,0,0,0,0,0
130167,32,bully,3502,1,19,1247977,168,0,1008,0,1,32,126665,3502,0,20,0,0,0,LEADER,1,4,1,38,19,168,0,0,0,0,0,0,0,0,0
130208,4,bully,3543,1,19,1248756,168,337,1008,2022,1,1,126665,3543,0,20,0,0,0,NORMAL,0,3,1,6,60,168,0,337,0,0,0,0,0,0,0
130274,24,bully,3610,1,19,1250021,168,0,1008,0,1,24,126664,3610,0,20,0,0,0,LEADER,1,4,1,30,19,168,0,0,0,0,0,0,0,0,0
129969,20,bully,3304,1,19,1244215,168,0,1008,0,1,20,126665,3304,0,20,0,0,0,LEADER,1,4,1,26,19,168,0,0,0,0,0,0,0,0,0
129615,38,bully,2950,1,19,1237489,168,0,1008,0,1,38,126665,2950,0,20,0,0,0,LEADER,1,4,1,44,19,168,0,0,0,0,0,0,0,0,0
130250,23,bully,3585,1,19,1249554,168,0,1008,0,1,23,126665,3585,0,20,0,0,0,LEADER,1,4,1,29,19,168,0,0,0,0,0,0,0,0,0
130072,7,bully,3407,1,19,1246172,168,338,1008,2028,2,1,126665,3407,0,20,0,0,0,NORMAL,0,3,1,6,64,168,0,338,0,0,0,0,0,0,0
130205,47,bully,3540,1,19,1248699,168,0,1008,0,1,47,126665,3540,0,20,0,0,0,LEADER,1,4,1,53,19,168,0,0,0,0,0,0,0,0,0
130058,39,bully,3392,1,19,1245897,168,0,1008,0,1,39,126666,3392,0,20,0,0,0,LEADER,1,4,1,45,19,168,0,0,0,0,0,0,0,0,0
130219,15,bully,3555,1,19,1248976,168,166,1008,996,2,1,126664,3555,0,20,0,0,0,NORMAL,0,3,1,6,69,168,0,166,0,0,0,0,0,0,0
130090,49,bully,3425,1,19,1246514,168,0,1008,0,1,49,126665,3425,0,20,0,0,0,LEADER,1,4,1,55,19,168,0,0,0,0,0,0,0,0,0
129878,1,bully,3216,1,19,1242534,168,337,1008,2022,1,1,126662,3216,0,20,0,0,0,LEADER,1,4,1,7,19,168,0,337,0,0,0,0,0,0,0
130033,40,bully,3371,1,19,1245457,168,0,1008,0,1,40,126662,3371,0,20,0,0,0,LEADER,1,4,1,46,19,168,0,0,0,0,0,0,0,0,0
130240,14,bully,3577,1,19,1249391,168,168,1008,1008,2,1,126663,3577,0,20,0,0,0,NORMAL,0,3,1,6,64,168,0,168,0,0,0,0,0,0,0
130342,44,bully,3677,1,19,1251302,168,0,1008,0,1,44,126665,3677,0,20,0,0,0,LEADER,1,4,1,50,19,168,0,0,0,0,0,0,0,0,0
130357,12,bully,3692,1,19,1251587,168,169,1008,1014,1,1,126665,3692,0,20,0,0,0,NORMAL,0,3,1,6,60,168,0,169,0,0,0,0,0,0,0
130308,34,bully,3643,1,19,1250656,168,0,1008,0,1,34,126665,3643,0,20,0,0,0,LEADER,1,4,1,40,19,168,0,0,0,0,0,0,0,0,0
131851,18,bully,2883,1,19,1236216,171,0,1026,0,1,18,128968,2883,0,20,0,0,0,LEADER,1,4,1,27,19,171,0,0,0,0,0,0,0,0,0
131796,9,bully,2828,1,19,1235171,171,169,1026,1014,1,1,128968,2828,0,20,0,0,0,NORMAL,0,3,1,9,57,171,0,169,0,0,0,0,0,0,0
131951,13,bully,2983,1,19,1238116,171,169,1026,1014,2,1,128968,2983,0,20,0,0,0,NORMAL,0,3,1,9,63,171,0,169,0,0,0,0,0,0,0
132021,25,bully,3053,1,19,1239446,171,0,1026,0,1,25,128968,3053,0,20,0,0,0,LEADER,1,4,1,34,19,171,0,0,0,0,0,0,0,0,0
132026,36,bully,3065,1,19,1239621,171,0,1026,0,1,36,128961,3065,0,20,0,0,0,LEADER,1,4,1,45,19,171,0,0,0,0,0,0,0,0,0
131863,29,bully,2895,1,19,1236444,171,0,1026,0,1,29,128968,2895,0,20,0,0,0,LEADER,1,4,1,38,19,171,0,0,0,0,0,0,0,0,0
132050,35,bully,3086,1,19,1240059,171,0,1026,0,1,35,128964,3086,0,20,0,0,0,LEADER,1,4,1,44,19,171,0,0,0,0,0,0,0,0,0
131931,6,bully,2965,1,19,1237754,171,340,1026,2040,2,1,128966,2965,0,20,0,0,0,NORMAL,0,3,1,9,63,171,0,340,0,0,0,0,0,0,0
132101,48,bully,3133,1,19,1240966,171,0,1026,0,1,48,128968,3133,0,20,0,0,0,LEADER,1,4,1,57,19,171,0,0,0,0,0,0,0,0,0
131835,50,bully,2868,1,19,1235929,171,0,1026,0,1,50,128967,2868,0,20,0,0,0,LEADER,1,4,1,59,19,171,0,0,0,0,0,0,0,0,0
131777,41,bully,2813,1,19,1234834,171,0,1026,0,1,41,128964,2813,0,20,0,0,0,LEADER,1,4,1,50,19,171,0,0,0,0,0,0,0,0,0
132239,10,bully,3271,1,19,1243588,171,170,1026,1020,1,1,128968,3271,0,20,0,0,0,NORMAL,0,3,1,9,59,171,0,170,0,0,0,0,0,0,0
132070,3,bully,3101,1,19,1240358,171,340,1026,2040,1,1,128969,3101,0,20,0,0,0,NORMAL,0,3,1,9,59,171,0,340,0,0,0,0,0,0,0
131681,11,bully,2713,1,19,1232986,171,168,1026,1008,1,1,128968,2713,0,20,0,0,0,NORMAL,0,3,1,9,78,171,0,168,0,0,0,0,0,0,0
132087,45,bully,3119,1,19,1240700,171,0,1026,0,1,45,128968,3119,0,20,0,0,0,LEADER,1,4,1,54,19,171,0,0,0,0,0,0,0,0,0
132224,42,bully,3256,1,19,1243303,171,0,1026,0,1,42,128968,3256,0,20,0,0,0,LEADER,1,4,1,51,19,171,0,0,0,0,0,0,0,0,0
132190,46,bully,3222,1,19,1242657,171,0,1026,0,1,46,128968,3222,0,20,0,0,0,LEADER,1,4,1,55,19,171,0,0,0,0,0,0,0,0,0
131748,31,bully,2780,1,19,1234259,171,0,1026,0,1,31,128968,2780,0,20,0,0,0,LEADER,1,4,1,40,19,171,0,0,0,0,0,0,0,0,0
132354,8,bully,3386,1,19,1245773,171,170,1026,1020,2,1,128968,3386,0,20,0,0,0,NORMAL,0,3,1,9,65,171,0,170,0,0,0,0,0,0,0
131999,26,bully,3031,1,19,1239028,171,0,1026,0,1,26,128968,3031,0,20,0,0,0,LEADER,1,4,1,35,19,171,0,0,0,0,0,0,0,0,0
132408,17,bully,3440,1,19,1246799,171,0,1026,0,1,17,128968,3440,0,20,0,0,0,LEADER,1,4,1,26,19,171,0,0,0,0,0,0,0,0,0
132305,30,bully,3337,1,19,1244842,171,0,1026,0,1,30,128968,3337,0,20,0,0,0,LEADER,1,4,1,39,19,171,0,0,0,0,0,0,0,0,0
132490,5,bully,3522,1,19,1248357,171,341,1026,2046,2,1,128968,3522,0,20,0,0,0,NORMAL,0,3,1,9,61,171,0,341,0,0,0,0,0,0,0
132136,2,bully,3168,1,19,1241631,171,340,1026,2040,1,1,128968,3168,0,20,0,0,0,NORMAL,0,3,1,9,57,171,0,340,0,0,0,0,0,0,0
131884,28,bully,2916,1,19,1236843,171,0,1026,0,1,28,128968,2916,0,20,0,0,0,LEADER,1,4,1,37,19,171,0,0,0,0,0,0,0,0,0
132441,27,bully,3473,1,19,1247426,171,0,1026,0,1,27,128968,3473,0,20,0,0,0,LEADER,1,4,1,36,19,171,0,0,0,0,0,0,0,0,0
132475,37,bully,3507,1,19,1248072,171,0,1026,0,1,37,128968,3507,0,20,0,0,0,LEADER,1,4,1,46,19,171,0,0,0,0,0,0,0,0,0
131826,19,bully,2861,1,19,1235770,171,0,1026,0,1,19,128965,2861,0,20,0,0,0,LEADER,1,4,1,28,19,171,0,0,0,0,0,0,0,0,0
131693,22,bully,2725,1,19,1233214,171,0,1026,0,1,22,128968,2725,0,20,0,0,0,LEADER,1,4,1,31,19,171,0,0,0,0,0,0,0,0,0
131709,21,bully,2747,1,19,1233561,171,0,1026,0,1,21,128962,2747,0,20,0,0,0,LEADER,1,4,1,30,19,171,0,0,0,0,0,0,0,0,0
132169,33,bully,3201,1,19,1242258,171,0,1026,0,1,33,128968,3201,0,20,0,0,0,LEADER,1,4,1,42,19,171,0,0,0,0,0,0,0,0,0
132202,43,bully,3234,1,19,1242885,171,0,1026,0,1,43,128968,3234,0,20,0,0,0,LEADER,1,4,1,52,19,171,0,0,0,0,0,0,0,0,0
131966,16,bully,2998,1,19,1238401,171,172,1026,1032,2,1,128968,2998,0,20,0,0,0,NORMAL,0,3,1,9,66,171,0,172,0,0,0,0,0,0,0
132470,32,bully,3502,1,19,1247977,171,0,1026,0,1,32,128968,3502,0,20,0,0,0,LEADER,1,4,1,41,19,171,0,0,0,0,0,0,0,0,0
132511,4,bully,3543,1,19,1248756,171,343,1026,2058,1,1,128968,3543,0,20,0,0,0,NORMAL,0,3,1,9,60,171,0,343,0,0,0,0,0,0,0
132577,24,bully,3610,1,19,1250021,171,0,1026,0,1,24,128967,3610,0,20,0,0,0,LEADER,1,4,1,33,19,171,0,0,0,0,0,0,0,0,0
132272,20,bully,3304,1,19,1244215,171,0,1026,0,1,20,128968,3304,0,20,0,0,0,LEADER,1,4,1,29,19,171,0,0,0,0,0,0,0,0,0
131918,38,bully,2950,1,19,1237489,171,0,1026,0,1,38,128968,2950,0,20,0,0,0,LEADER,1,4,1,47,19,171,0,0,0,0,0,0,0,0,0
132553,23,bully,3585,1,19,1249554,171,0,1026,0,1,23,128968,3585,0,20,0,0,0,LEADER,1,4,1,32,19,171,0,0,0,0,0,0,0,0,0
132375,7,bully,3407,1,19,1246172,171,344,1026,2064,2,1,128968,3407,0,20,0,0,0,NORMAL,0,3,1,9,64,171,0,344,0,0,0,0,0,0,0
132508,47,bully,3540,1,19,1248699,171,0,1026,0,1,47,128968,3540,0,20,0,0,0,LEADER,1,4,1,56,19,171,0,0,0,0,0,0,0,0,0
132361,39,bully,3392,1,19,1245897,171,0,1026,0,1,39,128969,3392,0,20,0,0,0,LEADER,1,4,1,48,19,171,0,0,0,0,0,0,0,0,0
132522,15,bully,3555,1,19,1248976,171,170,1026,1020,2,1,128967,3555,0,20,0,0,0,NORMAL,0,3,1,9,69,171,0,170,0,0,0,0,0,0,0
132393,49,bully,3425,1,19,1246514,171,0,1026,0,1,49,128968,3425,0,20,0,0,0,LEADER,1,4,1,58,19,171,0,0,0,0,0,0,0,0,0
132181,1,bully,3216,1,19,1242534,171,344,1026,2064,1,1,128965,3216,0,20,0,0,0,LEADER,1,4,1,10,19,171,0,344,0,0,0,0,0,0,0
132336,40,bully,3371,1,19,1245457,171,0,1026,0,1,40,128965,3371,0,20,0,0,0,LEADER,1,4,1,49,19,171,0,0,0,0,0,0,0,0,0
132543,14,bully,3577,1,19,1249391,171,171,1026,1026,2,1,128966,3577,0,20,0,0,0,NORMAL,0,3,1,9,64,171,0,171,0,0,0,0,0,0,0
132645,44,bully,3677,1,19,1251302,171,0,1026,0,1,44,128968,3677,0,20,0,0,0,LEADER,1,4,1,53,19,171,0,0,0,0,0,0,0,0,0
132660,12,bully,3692,1,19,1251587,171,172,1026,1032,1,1,128968,3692,0,20,0,0,0,NORMAL,0,3,1,9,60,171,0,172,0,0,0,0,0,0,0
132611,34,bully,3643,1,19,1250656,171,0,1026,0,1,34,128968,3643,0,20,0,0,0,LEADER,1,4,1,43,19,171,0,0,0,0,0,0,0,0,0
134154,18,bully,2883,1,20,1370370,174,0,1044,0,1,18,131271,2883,0,21,0,0,0,LEADER,1,4,1,21,20,174,0,0,0,0,0,0,0,0,0
134099,9,bully,2828,1,20,1369270,174,172,1044,1032,1,1,131271,2828,0,21,0,0,0,NORMAL,0,3,2,3,60,174,0,172,0,0,0,0,0,0,0
134254,13,bully,2983,1,20,1372370,174,172,1044,1032,2,1,131271,2983,0,21,0,0,0,NORMAL,0,3,2,3,66,174,0,172,0,0,0,0,0,0,0
134324,25,bully,3053,1,20,1373770,174,0,1044,0,1,25,131271,3053,0,21,0,0,0,LEADER,1,4,1,28,20,174,0,0,0,0,0,0,0,0,0
134329,36,bully,3065,1,20,1373950,174,0,1044,0,1,36,131264,3065,0,21,0,0,0,LEADER,1,4,1,39,20,174,0,0,0,0,0,0,0,0,0
134166,29,bully,2895,1,20,1370610,174,0,1044,0,1,29,131271,2895,0,21,0,0,0,LEADER,1,4,1,32,20,174,0,0,0,0,0,0,0,0,0
134353,35,bully,3086,1,20,1374412,174,0,1044,0,1,35,131267,3086,0,21,0,0,0,LEADER,1,4,1,38,20,174,0,0,0,0,0,0,0,0,0
134234,6,bully,2965,1,20,1371988,174,346,1044,2076,2,1,131269,2965,0,21,0,0,0,NORMAL,0,3,2,3,66,174,0,346,0,0,0,0,0,0,0
134404,48,bully,3133,1,20,1375370,174,0,1044,0,1,48,131271,3133,0,21,0,0,0,LEADER,1,4,1,51,20,174,0,0,0,0,0,0,0,0,0
134138,50,bully,2868,1,20,1370067,174,0,1044,0,1,50,131270,2868,0,21,0,0,0,LEADER,1,4,1,53,20,174,0,0,0,0,0,0,0,0,0
134080,41,bully,2813,1,20,1368914,174,0,1044,0,1,41,131267,2813,0,21,0,0,0,LEADER,1,4,1,44,20,174,0,0,0,0,0,0,0,0,0
134542,10,bully,3271,1,20,1378130,174,173,1044,1038,1,1,131271,3271,0,21,0,0,0,NORMAL,0,3,2,3,62,174,0,173,0,0,0,0,0,0,0
134373,3,bully,3101,1,20,1374731,174,346,1044,2076,1,1,131272,3101,0,21,0,0,0,NORMAL,0,3,2,3,62,174,0,346,0,0,0,0,0,0,0
133984,11,bully,2713,1,20,1366970,174,171,1044,1026,1,1,131271,2713,0,21,0,0,0,NORMAL,0,3,2,3,82,174,0,171,0,0,0,0,0,0,0
134390,45,bully,3119,1,20,1375090,174,0,1044,0,1,45,131271,3119,0,21,0,0,0,LEADER,1,4,1,48,20,174,0,0,0,0,0,0,0,0,0
134527,42,bully,3256,1,20,1377830,174,0,1044,0,1,42,131271,3256,0,21,0,0,0,LEADER,1,4,1,45,20,174,0,0,0,0,0,0,0,0,0
134493,46,bully,3222,1,20,1377150,174,0,1044,0,1,46,131271,3222,0,21,0,0,0,LEADER,1,4,1,49,20,174,0,0,0,0,0,0,0,0,0
134051,31,bully,2780,1,20,1368310,174,0,1044,0,1,31,131271,2780,0,21,0,0,0,LEADER,1,4,1,34,20,174,0,0,0,0,0,0,0,0,0
134657,8,bully,3386,1,20,1380430,174,173,1044,1038,2,1,131271,3386,0,21,0,0,0,NORMAL,0,3,2,3,68,174,0,173,0,0,0,0,0,0,0
134302,26,bully,3031,1,20,1373330,174,0,1044,0,1,26,131271,3031,0,21,0,0,0,LEADER,1,4,1,29,20,174,0,0,0,0,0,0,0,0,0
134711,17,bully,3440,1,20,1381510,174,0,1044,0,1,17,131271,3440,0,21,0,0,0,LEADER,1,4,1,20,20,174,0,0,0,0,0,0,0,0,0
134608,30,bully,3337,1,20,1379450,174,0,1044,0,1,30,131271,3337,0,21,0,0,0,LEADER,1,4,1,33,20,174,0,0,0,0,0,0,0,0,0
134793,5,bully,3522,1,20,1383150,174,347,1044,2082,2,1,131271,3522,0,21,0,0,0,NORMAL,0,3,2,3,64,174,0,347,0,0,0,0,0,0,0
134439,2,bully,3168,1,20,1376070,174,346,1044,2076,1,1,131271,3168,0,21,0,0,0,NORMAL,0,3,2,3,60,174,0,346,0,0,0,0,0,0,0
134187,28,bully,2916,1,20,1371030,174,0,1044,0,1,28,131271,2916,0,21,0,0,0,LEADER,1,4,1,31,20,174,0,0,0,0,0,0,0,0,0
134744,27,bully,3473,1,20,1382170,174,0,1044,0,1,27,131271,3473,0,21,0,0,0,LEADER,1,4,1,30,20,174,0,0,0,0,0,0,0,0,0
134778,37,bully,3507,1,20,1382850,174,0,1044,0,1,37,131271,3507,0,21,0,0,0,LEADER,1,4,1,40,20,174,0,0,0,0,0,0,0,0,0
134129,19,bully,2861,1,20,1369899,174,0,1044,0,1,19,131268,2861,0,21,0,0,0,LEADER,1,4,1,22,20,174,0,0,0,0,0,0,0,0,0
133996,22,bully,2725,1,20,1367210,174,0,1044,0,1,22,131271,2725,0,21,0,0,0,LEADER,1,4,1,25,20,174,0,0,0,0,0,0,0,0,0
134012,21,bully,2747,1,20,1367573,174,0,1044,0,1,21,131265,2747,0,21,0,0,0,LEADER,1,4,1,24,20,174,0,0,0,0,0,0,0,0,0
134472,33,bully,3201,1,20,1376730,174,0,1044,0,1,33,131271,3201,0,21,0,0,0,LEADER,1,4,1,36,20,174,0,0,0,0,0,0,0,0,0
134505,43,bully,3234,1,20,1377390,174,0,1044,0,1,43,131271,3234,0,21,0,0,0,LEADER,1,4,1,46,20,174,0,0,0,0,0,0,0,0,0
134269,16,bully,2998,1,20,1372670,174,175,1044,1050,2,1,131271,2998,0,21,0,0,0,NORMAL,0,3,2,3,69,174,0,175,0,0,0,0,0,0,0
134773,32,bully,3502,1,20,1382750,174,0,1044,0,1,32,131271,3502,0,21,0,0,0,LEADER,1,4,1,35,20,174,0,0,0,0,0,0,0,0,0
134814,4,bully,3543,1,20,1383570,174,349,1044,2094,1,1,131271,3543,0,21,0,0,0,NORMAL,0,3,2,3,63,174,0,349,0,0,0,0,0,0,0
134880,24,bully,3610,1,20,1384901,174,0,1044,0,1,24,131270,3610,0,21,0,0,0,LEADER,1,4,1,27,20,174,0,0,0,0,0,0,0,0,0
134575,20,bully,3304,1,20,1378790,174,0,1044,0,1,20,131271,3304,0,21,0,0,0,LEADER,1,4,1,23,20,174,0,0,0,0,0,0,0,0,0
134221,38,bully,2950,1,20,1371710,174,0,1044,0,1,38,131271,2950,0,21,0,0,0,LEADER,1,4,1,41,20,174,0,0,0,0,0,0,0,0,0
134856,23,bully,3585,1,20,1384410,174,0,1044,0,1,23,131271,3585,0,21,0,0,0,LEADER,1,4,1,26,20,174,0,0,0,0,0,0,0,0,0
134678,7,bully,3407,1,20,1380850,174,350,1044,2100,2,1,131271,3407,0,21,0,0,0,NORMAL,0,3,2,3,67,174,0,350,0,0,0,0,0,0,0
134811,47,bully,3540,1,20,1383510,174,0,1044,0,1,47,131271,3540,0,21,0,0,0,LEADER,1,4,1,50,20,174,0,0,0,0,0,0,0,0,0
134664,39,bully,3392,1,20,1380561,174,0,1044,0,1,39,131272,3392,0,21,0,0,0,LEADER,1,4,1,42,20,174,0,0,0,0,0,0,0,0,0
134825,15,bully,3555,1,20,1383801,174,173,1044,1038,2,1,131270,3555,0,21,0,0,0,NORMAL,0,3,2,3,72,174,0,173,0,0,0,0,0,0,0
134696,49,bully,3425,1,20,1381210,174,0,1044,0,1,49,131271,3425,0,21,0,0,0,LEADER,1,4,1,52,20,174,0,0,0,0,0,0,0,0,0
134483,1,bully,3216,1,20,1377017,174,349,1044,2094,1,1,131267,3216,0,21,0,0,0,LEADER,1,4,1,4,20,174,0,349,0,0,0,0,0,0,0
134639,40,bully,3371,1,20,1380096,174,0,1044,0,1,40,131268,3371,0,21,0,0,0,LEADER,1,4,1,43,20,174,0,0,0,0,0,0,0,0,0
134846,14,bully,3577,1,20,1384237,174,174,1044,1044,2,1,131269,3577,0,21,0,0,0,NORMAL,0,3,2,3,67,174,0,174,0,0,0,0,0,0,0
134948,44,bully,3677,1,20,1386250,174,0,1044,0,1,44,131271,3677,0,21,0,0,0,LEADER,1,4,1,47,20,174,0,0,0,0,0,0,0,0,0
134963,12,bully,3692,1,20,1386550,174,175,1044,1050,1,1,131271,3692,0,21,0,0,0,NORMAL,0,3,2,3,63,174,0,175,0,0,0,0,0,0,0
134914,34,bully,3643,1,20,1385570,174,0,1044,0,1,34,131271,3643,0,21,0,0,0,LEADER,1,4,1,37,20,174,0,0,0,0,0,0,0,0,0
136457,18,bully,2883,1,20,1370370,177,0,1062,0,1,18,133574,2883,0,21,0,0,0,LEADER,1,4,1,24,20,177,0,0,0,0,0,0,0,0,0
136402,9,bully,2828,1,20,1369270,177,175,1062,1050,1,1,133574,2828,0,21,0,0,0,NORMAL,0,3,1,6,60,177,0,175,0,0,0,0,0,0,0
136557,13,bully,2983,1,20,1372370,177,175,1062,1050,2,1,133574,2983,0,21,0,0,0,NORMAL,0,3,1,6,66,177,0,175,0,0,0,0,0,0,0
136627,25,bully,3053,1,20,1373770,177,0,1062,0,1,25,133574,3053,0,21,0,0,0,LEADER,1,4,1,31,20,177,0,0,0,0,0,0,0,0,0
136632,36,bully,3065,1,20,1373950,177,0,1062,0,1,36,133567,3065,0,21,0,0,0,LEADER,1,4,1,42,20,177,0,0,0,0,0,0,0,0,0
136469,29,bully,2895,1,20,1370610,177,0,1062,0,1,29,133574,2895,0,21,0,0,0,LEADER,1,4,1,35,20,177,0,0,0,0,0,0,0,0,0
136655,35,bully,3086,1,20,1374412,177,0,1062,0,1,35,133569,3086,0,21,0,0,0,LEADER,1,4,1,41,20,177,0,0,0,0,0,0,0,0,0
136537,6,bully,2965,1,20,1371988,177,352,1062,2112,2,1,133572,2965,0,21,0,0,0,NORMAL,0,3,1,6,66,177,0,352,0,0,0,0,0,0,0
136707,48,bully,3133,1,20,1375370,177,0,1062,0,1,48,133574,3133,0,21,0,0,0,LEADER,1,4,1,54,20,177,0,0,0,0,0,0,0,0,0
136441,50,bully,2868,1,20,1370067,177,0,1062,0,1,50,133573,2868,0,21,0,0,0,LEADER,1,4,1,56,20,177,0,0,0,0,0,0,0,0,0
136383,41,bully,2813,1,20,1368914,177,0,1062,0,1,41,133570,2813,0,21,0,0,0,LEADER,1,4,1,47,20,177,0,0,0,0,0,0,0,0,0
136845,10,bully,3271,1,20,1378130,177,176,1062,1056,1,1,133574,3271,0,21,0,0,0,NORMAL,0,3,1,6,62,177,0,176,0,0,0,0,0,0,0
136676,3,bully,3101,1,20,1374731,177,352,1062,2112,1,1,133575,3101,0,21,0,0,0,NORMAL,0,3,1,6,62,177,0,352,0,0,0,0,0,0,0
136287,11,bully,2713,1,20,1366970,177,173,1062,1038,1,1,133574,2713,0,21,0,0,0,NORMAL,0,3,1,6,82,177,0,173,0,0,0,0,0,0,0
136693,45,bully,3119,1,20,1375090,177,0,1062,0,1,45,133574,3119,0,21,0,0,0,LEADER,1,4,1,51,20,177,0,0,0,0,0,0,0,0,0
136830,42,bully,3256,1,20,1377830,177,0,1062,0,1,42,133574,3256,0,21,0,0,0,LEADER,1,4,1,48,20,177,0,0,0,0,0,0,0,0,0
136796,46,bully,3222,1,20,1377150,177,0,1062,0,1,46,133574,3222,0,21,0,0,0,LEADER,1,4,1,52,20,177,0,0,0,0,0,0,0,0,0
136354,31,bully,2780,1,20,1368310,177,0,1062,0,1,31,133574,2780,0,21,0,0,0,LEADER,1,4,1,37,20,177,0,0,0,0,0,0,0,0,0
136960,8,bully,3386,1,20,1380430,177,176,1062,1056,2,1,133574,3386,0,21,0,0,0,NORMAL,0,3,1,6,68,177,0,176,0,0,0,0,0,0,0
136605,26,bully,3031,1,20,1373330,177,0,1062,0,1,26,133574,3031,0,21,0,0,0,LEADER,1,4,1,32,20,177,0,0,0,0,0,0,0,0,0
137014,17,bully,3440,1,20,1381510,177,0,1062,0,1,17,133574,3440,0,21,0,0,0,LEADER,1,4,1,23,20,177,0,0,0,0,0,0,0,0,0
136911,30,bully,3337,1,20,1379450,177,0,1062,0,1,30,133574,3337,0,21,0,0,0,LEADER,1,4,1,36,20,177,0,0,0,0,0,0,0,0,0
137096,5,bully,3522,1,20,1383150,177,353,1062,2118,2,1,133574,3522,0,21,0,0,0,NORMAL,0,3,1,6,64,177,0,353,0,0,0,0,0,0,0
136742,2,bully,3168,1,20,1376070,177,352,1062,2112,1,1,133574,3168,0,21,0,0,0,NORMAL,0,3,1,6,60,177,0,352,0,0,0,0,0,0,0
136490,28,bully,2916,1,20,1371030,177,0,1062,0,1,28,133574,2916,0,21,0,0,0,LEADER,1,4,1,34,20,177,0,0,0,0,0,0,0,0,0
137047,27,bully,3473,1,20,1382170,177,0,1062,0,1,27,133574,3473,0,21,0,0,0,LEADER,1,4,1,33,20,177,0,0,0,0,0,0,0,0,0
137081,37,bully,3507,1,20,1382850,177,0,1062,0,1,37,133574,3507,0,21,0,0,0,LEADER,1,4,1,43,20,177,0,0,0,0,0,0,0,0,0
136431,19,bully,2861,1,20,1369899,177,0,1062,0,1,19,133570,2861,0,21,0,0,0,LEADER,1,4,1,25,20,177,0,0,0,0,0,0,0,0,0
136299,22,bully,2725,1,20,1367210,177,0,1062,0,1,22,133574,2725,0,21,0,0,0,LEADER,1,4,1,28,20,177,0,0,0,0,0,0,0,0,0
136315,21,bully,2747,1,20,1367573,177,0,1062,0,1,21,133568,2747,0,21,0,0,0,LEADER,1,4,1,27,20,177,0,0,0,0,0,0,0,0,0
136775,33,bully,3201,1,20,1376730,177,0,1062,0,1,33,133574,3201,0,21,0,0,0,LEADER,1,4,1,39,20,177,0,0,0,0,0,0,0,0,0
136808,43,bully,3234,1,20,1377390,177,0,1062,0,1,43,133574,3234,0,21,0,0,0,LEADER,1,4,1,49,20,177,0,0,0,0,0,0,0,0,0
136572,16,bully,2998,1,20,1372670,177,178,1062,1068,2,1,133574,2998,0,21,0,0,0,NORMAL,0,3,1,6,69,177,0,178,0,0,0,0,0,0,0
137076,32,bully,3502,1,20,1382750,177,0,1062,0,1,32,133574,3502,0,21,0,0,0,LEADER,1,4,1,38,20,177,0,0,0,0,0,0,0,0,0
137117,4,bully,3543,1,20,1383570,177,354,1062,2124,1,1,133574,3543,0,21,0,0,0,NORMAL,0,3,1,6,63,177,0,354,0,0,0,0,0,0,0
137183,24,bully,3610,1,20,1384901,177,0,1062,0,1,24,133573,3610,0,21,0,0,0,LEADER,1,4,1,30,20,177,0,0,0,0,0,0,0,0,0
136878,20,bully,3304,1,20,1378790,177,0,1062,0,1,20,133574,3304,0,21,0,0,0,LEADER,1,4,1,26,20,177,0,0,0,0,0,0,0,0,0
136524,38,bully,2950,1,20,1371710,177,0,1062,0,1,38,133574,2950,0,21,0,0,0,LEADER,1,4,1,44,20,177,0,0,0,0,0,0,0,0,0
137159,23,bully,3585,1,20,1384410,177,0,1062,0,1,23,133574,3585,0,21,0,0,0,LEADER,1,4,1,29,20,177,0,0,0,0,0,0,0,0,0
136981,7,bully,3407,1,20,1380850,177,356,1062,2136,2,1,133574,3407,0,21,0,0,0,NORMAL,0,3,1,6,67,177,0,356,0,0,0,0,0,0,0
137114,47,bully,3540,1,20,1383510,177,0,1062,0,1,47,133574,3540,0,21,0,0,0,LEADER,1,4,1,53,20,177,0,0,0,0,0,0,0,0,0
136967,39,bully,3392,1,20,1380561,177,0,1062,0,1,39,133575,3392,0,21,0,0,0,LEADER,1,4,1,45,20,177,0,0,0,0,0,0,0,0,0
137128,15,bully,3555,1,20,1383801,177,175,1062,1050,2,1,133573,3555,0,21,0,0,0,NORMAL,0,3,1,6,72,177,0,175,0,0,0,0,0,0,0
136999,49,bully,3425,1,20,1381210,177,0,1062,0,1,49,133574,3425,0,21,0,0,0,LEADER,1,4,1,55,20,177,0,0,0,0,0,0,0,0,0
136785,1,bully,3216,1,20,1377017,177,355,1062,2130,1,1,133569,3216,0,21,0,0,0,LEADER,1,4,1,7,20,177,0,355,0,0,0,0,0,0,0
136942,40,bully,3371,1,20,1380096,177,0,1062,0,1,40,133571,3371,0,21,0,0,0,LEADER,1,4,1,46,20,177,0,0,0,0,0,0,0,0,0
137149,14,bully,3577,1,20,1384237,177,177,1062,1062,2,1,133572,3577,0,21,0,0,0,NORMAL,0,3,1,6,67,177,0,177,0,0,0,0,0,0,0
137251,44,bully,3677,1,20,1386250,177,0,1062,0,1,44,133574,3677,0,21,0,0,0,LEADER,1,4,1,50,20,177,0,0,0,0,0,0,0,0,0
137266,12,bully,3692,1,20,1386550,177,178,1062,1068,1,1,133574,3692,0,21,0,0,0,NORMAL,0,3,1,6,63,177,0,178,0,0,0,0,0,0,0
137217,34,bully,3643,1,20,1385570,177,0,1062,0,1,34,133574,3643,0,21,0,0,0,LEADER,1,4,1,40,20,177,0,0,0,0,0,0,0,0,0
138760,18,bully,2883,1,20,1370370,180,0,1080,0,1,18,135877,2883,0,21,0,0,0,LEADER,1,4,1,27,20,180,0,0,0,0,0,0,0,0,0
138705,9,bully,2828,1,20,1369270,180,178,1080,1068,1,1,135877,2828,0,21,0,0,0,NORMAL,0,3,1,9,60,180,0,178,0,0,0,0,0,0,0
138860,13,bully,2983,1,20,1372370,180,178,1080,1068,2,1,135877,2983,0,21,0,0,0,NORMAL,0,3,1,9,66,180,0,178,0,0,0,0,0,0,0
138930,25,bully,3053,1,20,1373770,180,0,1080,0,1,25,135877,3053,0,21,0,0,0,LEADER,1,4,1,34,20,180,0,0,0,0,0,0,0,0,0
138935,36,bully,3065,1,20,1373950,180,0,1080,0,1,36,135870,3065,0,21,0,0,0,LEADER,1,4,1,45,20,180,0,0,0,0,0,0,0,0,0
138772,29,bully,2895,1,20,1370610,180,0,1080,0,1,29,135877,2895,0,21,0,0,0,LEADER,1,4,1,38,20,180,0,0,0,0,0,0,0,0,0
138958,35,bully,3086,1,20,1374412,180,0,1080,0,1,35,135872,3086,0,21,0,0,0,LEADER,1,4,1,44,20,180,0,0,0,0,0,0,0,0,0
138840,6,bully,2965,1,20,1371988,180,358,1080,2148,2,1,135875,2965,0,21,0,0,0,NORMAL,0,3,1,9,66,180,0,358,0,0,0,0,0,0,0
139010,48,bully,3133,1,20,1375370,180,0,1080,0,1,48,135877,3133,0,21,0,0,0,LEADER,1,4,1,57,20,180,0,0,0,0,0,0,0,0,0
138744,50,bully,2868,1,20,1370067,180,0,1080,0,1,50,135876,2868,0,21,0,0,0,LEADER,1,4,1,59,20,180,0,0,0,0,0,0,0,0,0
138686,41,bully,2813,1,20,1368914,180,0,1080,0,1,41,135873,2813,0,21,0,0,0,LEADER,1,4,1,50,20,180,0,0,0,0,0,0,0,0,0
139148,10,bully,3271,1,20,1378130,180,179,1080,1074,1,1,135877,3271,0,21,0,0,0,NORMAL,0,3,1,9,62,180,0,179,0,0,0,0,0,0,0
138979,3,bully,3101,1,20,1374731,180,358,1080,2148,1,1,135878,3101,0,21,0,0,0,NORMAL,0,3,1,9,62,180,0,358,0,0,0,0,0,0,0
138590,11,bully,2713,1,20,1366970,180,176,1080,1056,1,1,135877,2713,0,21,0,0,0,NORMAL,0,3,1,9,82,180,0,176,0,0,0,0,0,0,0
138996,45,bully,3119,1,20,1375090,180,0,1080,0,1,45,135877,3119,0,21,0,0,0,LEADER,1,4,1,54,20,180,0,0,0,0,0,0,0,0,0
139133,42,bully,3256,1,20,1377830,180,0,1080,0,1,42,135877,3256,0,21,0,0,0,LEADER,1,4,1,51,20,180,0,0,0,0,0,0,0,0,0
139099,46,bully,3222,1,20,1377150,180,0,1080,0,1,46,135877,3222,0,21,0,0,0,LEADER,1,4,1,55,20,180,0,0,0,0,0,0,0,0,0
138657,31,bully,2780,1,20,1368310,180,0,1080,0,1,31,135877,2780,0,21,0,0,0,LEADER,1,4,1,40,20,180,0,0,0,0,0,0,0,0,0
139263,8,bully,3386,1,20,1380430,180,179,1080,1074,2,1,135877,3386,0,21,0,0,0,NORMAL,0,3,1,9,68,180,0,179,0,0,0,0,0,0,0
138908,26,bully,3031,1,20,1373330,180,0,1080,0,1,26,135877,3031,0,21,0,0,0,LEADER,1,4,1,35,20,180,0,0,0,0,0,0,0,0,0
139317,17,bully,3440,1,20,1381510,180,0,1080,0,1,17,135877,3440,0,21,0,0,0,LEADER,1,4,1,26,20,180,0,0,0,0,0,0,0,0,0
139214,30,bully,3337,1,20,1379450,180,0,1080,0,1,30,135877,3337,0,21,0,0,0,LEADER,1,4,1,39,20,180,0,0,0,0,0,0,0,0,0
139399,5,bully,3522,1,20,1383150,180,359,1080,2154,2,1,135877,3522,0,21,0,0,0,NORMAL,0,3,1,9,64,180,0,359,0,0,0,0,0,0,0
139045,2,bully,3168,1,20,1376070,180,358,1080,2148,1,1,135877,3168,0,21,0,0,0,NORMAL,0,3,1,9,60,180,0,358,0,0,0,0,0,0,0
138793,28,bully,2916,1,20,1371030,180,0,1080,0,1,28,135877,2916,0,21,0,0,0,LEADER,1,4,1,37,20,180,0,0,0,0,0,0,0,0,0
139350,27,bully,3473,1,20,1382170,180,0,1080,0,1,27,135877,3473,0,21,0,0,0,LEADER,1,4,1,36,20,180,0,0,0,0,0,0,0,0,0
139384,37,bully,3507,1,20,1382850,180,0,1080,0,1,37,135877,3507,0,21,0,0,0,LEADER,1,4,1,46,20,180,0,0,0,0,0,0,0,0,0
138734,19,bully,2861,1,20,1369899,180,0,1080,0,1,19,135873,2861,0,21,0,0,0,LEADER,1,4,1,28,20,180,0,0,0,0,0,0,0,0,0
138602,22,bully,2725,1,20,1367210,180,0,1080,0,1,22,135877,2725,0,21,0,0,0,LEADER,1,4,1,31,20,180,0,0,0,0,0,0,0,0,0
138618,21,bully,2747,1,20,1367573,180,0,1080,0,1,21,135871,2747,0,21,0,0,0,LEADER,1,4,1,30,20,180,0,0,0,0,0,0,0,0,0
139078,33,bully,3201,1,20,1376730,180,0,1080,0,1,33,135877,3201,0,21,0,0,0,LEADER,1,4,1,42,20,180,0,0,0,0,0,0,0,0,0
139111,43,bully,3234,1,20,1377390,180,0,1080,0,1,43,135877,3234,0,21,0,0,0,LEADER,1,4,1,52,20,180,0,0,0,0,0,0,0,0,0
138875,16,bully,2998,1,20,1372670,180,181,1080,1086,2,1,135877,2998,0,21,0,0,0,NORMAL,0,3,1,9,69,180,0,181,0,0,0,0,0,0,0
139379,32,bully,3502,1,20,1382750,180,0,1080,0,1,32,135877,3502,0,21,0,0,0,LEADER,1,4,1,41,20,180,0,0,0,0,0,0,0,0,0
139420,4,bully,3543,1,20,1383570,180,360,1080,2160,1,1,135877,3543,0,21,0,0,0,NORMAL,0,3,1,9,63,180,0,360,0,0,0,0,0,0,0
139486,24,bully,3610,1,20,1384901,180,0,1080,0,1,24,135876,3610,0,21,0,0,0,LEADER,1,4,1,33,20,180,0,0,0,0,0,0,0,0,0
139181,20,bully,3304,1,20,1378790,180,0,1080,0,1,20,135877,3304,0,21,0,0,0,LEADER,1,4,1,29,20,180,0,0,0,0,0,0,0,0,0
138827,38,bully,2950,1,20,1371710,180,0,1080,0,1,38,135877,2950,0,21,0,0,0,LEADER,1,4,1,47,20,180,0,0,0,0,0,0,0,0,0
139462,23,bully,3585,1,20,1384410,180,0,1080,0,1,23,135877,3585,0,21,0,0,0,LEADER,1,4,1,32,20,180,0,0,0,0,0,0,0,0,0
139284,7,bully,3407,1,20,1380850,180,362,1080,2172,2,1,135877,3407,0,21,0,0,0,NORMAL,0,3,1,9,67,180,0,362,0,0,0,0,0,0,0
139417,47,bully,3540,1,20,1383510,180,0,1080,0,1,47,135877,3540,0,21,0,0,0,LEADER,1,4,1,56,20,180,0,0,0,0,0,0,0,0,0
139270,39,bully,3392,1,20,1380561,180,0,1080,0,1,39,135878,3392,0,21,0,0,0,LEADER,1,4,1,48,20,180,0,0,0,0,0,0,0,0,0
139430,15,bully,3555,1,20,1383801,180,178,1080,1068,2,1,135875,3555,0,21,0,0,0,NORMAL,0,3,1,9,72,180,0,178,0,0,0,0,0,0,0
139302,49,bully,3425,1,20,1381210,180,0,1080,0,1,49,135877,3425,0,21,0,0,0,LEADER,1,4,1,58,20,180,0,0,0,0,0,0,0,0,0
139087,1,bully,3216,1,20,1377017,180,361,1080,2166,1,1,135871,3216,0,21,0,0,0,LEADER,1,4,1,10,20,180,0,361,0,0,0,0,0,0,0
139245,40,bully,3371,1,20,1380096,180,0,1080,0,1,40,135874,3371,0,21,0,0,0,LEADER,1,4,1,49,20,180,0,0,0,0,0,0,0,0,0
139452,14,bully,3577,1,20,1384237,180,180,1080,1080,2,1,135875,3577,0,21,0,0,0,NORMAL,0,3,1,9,67,180,0,180,0,0,0,0,0,0,0
139554,44,bully,3677,1,20,1386250,180,0,1080,0,1,44,135877,3677,0,21,0,0,0,LEADER,1,4,1,53,20,180,0,0,0,0,0,0,0,0,0
139569,12,bully,3692,1,20,1386550,180,181,1080,1086,1,1,135877,3692,0,21,0,0,0,NORMAL,0,3,1,9,63,180,0,181,0,0,0,0,0,0,0
139520,34,bully,3643,1,20,1385570,180,0,1080,0,1,34,135877,3643,0,21,0,0,0,LEADER,1,4,1,43,20,180,0,0,0,0,0,0,0,0,0
141063,18,bully,2883,1,21,1511433,183,0,1098,0,1,18,138180,2883,0,22,0,0,0,LEADER,1,4,1,21,21,183,0,0,0,0,0,0,0,0,0
141008,9,bully,2828,1,21,1510278,183,181,1098,1086,1,1,138180,2828,0,22,0,0,0,NORMAL,0,3,2,3,63,183,0,181,0,0,0,0,0,0,0
141163,13,bully,2983,1,21,1513533,183,181,1098,1086,2,1,138180,2983,0,22,0,0,0,NORMAL,0,3,2,3,69,183,0,181,0,0,0,0,0,0,0
141233,25,bully,3053,1,21,1515003,183,0,1098,0,1,25,138180,3053,0,22,0,0,0,LEADER,1,4,1,28,21,183,0,0,0,0,0,0,0,0,0
141238,36,bully,3065,1,21,1515188,183,0,1098,0,1,36,138173,3065,0,22,0,0,0,LEADER,1,4,1,39,21,183,0,0,0,0,0,0,0,0,0
141075,29,bully,2895,1,21,1511685,183,0,1098,0,1,29,138180,2895,0,22,0,0,0,LEADER,1,4,1,32,21,183,0,0,0,0,0,0,0,0,0
141261,35,bully,3086,1,21,1515673,183,0,1098,0,1,35,138175,3086,0,22,0,0,0,LEADER,1,4,1,38,21,183,0,0,0,0,0,0,0,0,0
141143,6,bully,2965,1,21,1513131,183,364,1098,2184,2,1,138178,2965,0,22,0,0,0,NORMAL,0,3,2,3,69,183,0,364,0,0,0,0,0,0,0
141313,48,bully,3133,1,21,1516683,183,0,1098,0,1,48,138180,3133,0,22,0,0,0,LEADER,1,4,1,51,21,183,0,0,0,0,0,0,0,0,0
141047,50,bully,2868,1,21,1511114,183,0,1098,0,1,50,138179,2868,0,22,0,0,0,LEADER,1,4,1,53,21,183,0,0,0,0,0,0,0,0,0
140989,41,bully,2813,1,21,1509903,183,0,1098,0,1,41,138176,2813,0,22,0,0,0,LEADER,1,4,1,44,21,183,0,0,0,0,0,0,0,0,0
141451,10,bully,3271,1,21,1519581,183,182,1098,1092,1,1,138180,3271,0,22,0,0,0,NORMAL,0,3,2,3,65,183,0,182,0,0,0,0,0,0,0
141282,3,bully,3101,1,21,1516013,183,364,1098,2184,1,1,138181,3101,0,22,0,0,0,NORMAL,0,3,2,3,65,183,0,364,0,0,0,0,0,0,0
140893,11,bully,2713,1,21,1507863,183,179,1098,1074,1,1,138180,2713,0,22,0,0,0,NORMAL,0,3,2,3,86,183,0,179,0,0,0,0,0,0,0
141299,45,bully,3119,1,21,1516389,183,0,1098,0,1,45,138180,3119,0,22,0,0,0,LEADER,1,4,1,48,21,183,0,0,0,0,0,0,0,0,0
141436,42,bully,3256,1,21,1519266,183,0,1098,0,1,42,138180,3256,0,22,0,0,0,LEADER,1,4,1,45,21,183,0,0,0,0,0,0,0,0,0
141402,46,bully,3222,1,21,1518552,183,0,1098,0,1,46,138180,3222,0,22,0,0,0,LEADER,1,4,1,49,21,183,0,0,0,0,0,0,0,0,0
140960,31,bully,2780,1,21,1509270,183,0,1098,0,1,31,138180,2780,0,22,0,0,0,LEADER,1,4,1,34,21,183,0,0,0,0,0,0,0,0,0
141566,8,bully,3386,1,21,1521996,183,182,1098,1092,2,1,138180,3386,0,22,0,0,0,NORMAL,0,3,2,3,71,183,0,182,0,0,0,0,0,0,0
141211,26,bully,3031,1,21,1514541,183,0,1098,0,1,26,138180,3031,0,22,0,0,0,LEADER,1,4,1,29,21,183,0,0,0,0,0,0,0,0,0
141620,17,bully,3440,1,21,1523130,183,0,1098,0,1,17,138180,3440,0,22,0,0,0,LEADER,1,4,1,20,21,183,0,0,0,0,0,0,0,0,0
141517,30,bully,3337,1,21,1520967,183,0,1098,0,1,30,138180,3337,0,22,0,0,0,LEADER,1,4,1,33,21,183,0,0,0,0,0,0,0,0,0
141702,5,bully,3522,1,21,1524852,183,365,1098,2190,2,1,138180,3522,0,22,0,0,0,NORMAL,0,3,2,3,67,183,0,365,0,0,0,0,0,0,0
141348,2,bully,3168,1,21,1517418,183,364,1098,2184,1,1,138180,3168,0,22,0,0,0,NORMAL,0,3,2,3,63,183,0,364,0,0,0,0,0,0,0
141096,28,bully,2916,1,21,1512126,183,0,1098,0,1,28,138180,2916,0,22,0,0,0,LEADER,1,4,1,31,21,183,0,0,0,0,0,0,0,0,0
141653,27,bully,3473,1,21,1523823,183,0,1098,0,1,27,138180,3473,0,22,0,0,0,LEADER,1,4,1,30,21,183,0,0,0,0,0,0,0,0,0
141687,37,bully,3507,1,21,1524537,183,0,1098,0,1,37,138180,3507,0,22,0,0,0,LEADER,1,4,1,40,21,183,0,0,0,0,0,0,0,0,0
141037,19,bully,2861,1,21,1510936,183,0,1098,0,1,19,138176,2861,0,22,0,0,0,LEADER,1,4,1,22,21,183,0,0,0,0,0,0,0,0,0
140905,22,bully,2725,1,21,1508115,183,0,1098,0,1,22,138180,2725,0,22,0,0,0,LEADER,1,4,1,25,21,183,0,0,0,0,0,0,0,0,0
140921,21,bully,2747,1,21,1508494,183,0,1098,0,1,21,138174,2747,0,22,0,0,0,LEADER,1,4,1,24,21,183,0,0,0,0,0,0,0,0,0
141381,33,bully,3201,1,21,1518111,183,0,1098,0,1,33,138180,3201,0,22,0,0,0,LEADER,1,4,1,36,21,183,0,0,0,0,0,0,0,0,0
141414,43,bully,3234,1,21,1518804,183,0,1098,0,1,43,138180,3234,0,22,0,0,0,LEADER,1,4,1,46,21,183,0,0,0,0,0,0,0,0,0
141178,16,bully,2998,1,21,1513848,183,184,1098,1104,2,1,138180,2998,0,22,0,0,0,NORMAL,0,3,2,3,72,183,0,184,0,0,0,0,0,0,0
141682,32,bully,3502,1,21,1524432,183,0,1098,0,1,32,138180,3502,0,22,0,0,0,LEADER,1,4,1,35,21,183,0,0,0,0,0,0,0,0,0
141723,4,bully,3543,1,21,1525293,183,366,1098,2196,1,1,138180,3543,0,22,0,0,0,NORMAL,0,3,2,3,66,183,0,366,0,0,0,0,0,0,0
141789,24,bully,3610,1,21,1526690,183,0,1098,0,1,24,138179,3610,0,22,0,0,0,LEADER,1,4,1,27,21,183,0,0,0,0,0,0,0,0,0
141484,20,bully,3304,1,21,1520274,183,0,1098,0,1,20,138180,3304,0,22,0,0,0,LEADER,1,4,1,23,21,183,0,0,0,0,0,0,0,0,0
141130,38,bully,2950,1,21,1512840,183,0,1098,0,1,38,138180,2950,0,22,0,0,0,LEADER,1,4,1,41,21,183,0,0,0,0,0,0,0,0,0
141765,23,bully,3585,1,21,1526175,183,0,1098,0,1,23,138180,3585,0,22,0,0,0,LEADER,1,4,1,26,21,183,0,0,0,0,0,0,0,0,0
141587,7,bully,3407,1,21,1522437,183,368,1098,2208,2,1,138180,3407,0,22,0,0,0,NORMAL,0,3,2,3,70,183,0,368,0,0,0,0,0,0,0
141720,47,bully,3540,1,21,1525230,183,0,1098,0,1,47,138180,3540,0,22,0,0,0,LEADER,1,4,1,50,21,183,0,0,0,0,0,0,0,0,0
141573,39,bully,3392,1,21,1522134,183,0,1098,0,1,39,138181,3392,0,22,0,0,0,LEADER,1,4,1,42,21,183,0,0,0,0,0,0,0,0,0
141733,15,bully,3555,1,21,1525534,183,181,1098,1086,2,1,138178,3555,0,22,0,0,0,NORMAL,0,3,2,3,76,183,0,181,0,0,0,0,0,0,0
141605,49,bully,3425,1,21,1522815,183,0,1098,0,1,49,138180,3425,0,22,0,0,0,LEADER,1,4,1,52,21,183,0,0,0,0,0,0,0,0,0
141389,1,bully,3216,1,21,1518406,183,367,1098,2202,1,1,138173,3216,0,22,0,0,0,LEADER,1,4,1,4,21,183,0,367,0,0,0,0,0,0,0
141548,40,bully,3371,1,21,1521644,183,0,1098,0,1,40,138177,3371,0,22,0,0,0,LEADER,1,4,1,43,21,183,0,0,0,0,0,0,0,0,0
141755,14,bully,3577,1,21,1525992,183,183,1098,1098,2,1,138178,3577,0,22,0,0,0,NORMAL,0,3,2,3,70,183,0,183,0,0,0,0,0,0,0
141857,44,bully,3677,1,21,1528107,183,0,1098,0,1,44,138180,3677,0,22,0,0,0,LEADER,1,4,1,47,21,183,0,0,0,0,0,0,0,0,0
141872,12,bully,3692,1,21,1528422,183,184,1098,1104,1,1,138180,3692,0,22,0,0,0,NORMAL,0,3,2,3,66,183,0,184,0,0,0,0,0,0,0
141823,34,bully,3643,1,21,1527393,183,0,1098,0,1,34,138180,3643,0,22,0,0,0,LEADER,1,4,1,37,21,183,0,0,0,0,0,0,0,0,0
143366,18,bully,2883,1,21,1511433,186,0,1116,0,1,18,140483,2883,0,22,0,0,0,LEADER,1,4,1,24,21,186,0,0,0,0,0,0,0,0,0
143311,9,bully,2828,1,21,1510278,186,184,1116,1104,1,1,140483,2828,0,22,0,0,0,NORMAL,0,3,1,6,63,186,0,184,0,0,0,0,0,0,0
143466,13,bully,2983,1,21,1513533,186,184,1116,1104,2,1,140483,2983,0,22,0,0,0,NORMAL,0,3,1,6,69,186,0,184,0,0,0,0,0,0,0
143536,25,bully,3053,1,21,1515003,186,0,1116,0,1,25,140483,3053,0,22,0,0,0,LEADER,1,4,1,31,21,186,0,0,0,0,0,0,0,0,0
143541,36,bully,3065,1,21,1515188,186,0,1116,0,1,36,140476,3065,0,22,0,0,0,LEADER,1,4,1,42,21,186,0,0,0,0,0,0,0,0,0
143378,29,bully,2895,1,21,1511685,186,0,1116,0,1,29,140483,2895,0,22,0,0,0,LEADER,1,4,1,35,21,186,0,0,0,0,0,0,0,0,0
143564,35,bully,3086,1,21,1515673,186,0,1116,0,1,35,140478,3086,0,22,0,0,0,LEADER,1,4,1,41,21,186,0,0,0,0,0,0,0,0,0
143446,6,bully,2965,1,21,1513131,186,370,1116,2220,2,1,140481,2965,0,22,0,0,0,NORMAL,0,3,1,6,69,186,0,370,0,0,0,0,0,0,0
143616,48,bully,3133,1,21,1516683,186,0,1116,0,1,48,140483,3133,0,22,0,0,0,LEADER,1,4,1,54,21,186,0,0,0,0,0,0,0,0,0
143350,50,bully,2868,1,21,1511114,186,0,1116,0,1,50,140482,2868,0,22,0,0,0,LEADER,1,4,1,56,21,186,0,0,0,0,0,0,0,0,0
143292,41,bully,2813,1,21,1509903,186,0,1116,0,1,41,140479,2813,0,22,0,0,0,LEADER,1,4,1,47,21,186,0,0,0,0,0,0,0,0,0
143754,10,bully,3271,1,21,1519581,186,185,1116,1110,1,1,140483,3271,0,22,0,0,0,NORMAL,0,3,1,6,65,186,0,185,0,0,0,0,0,0,0
143585,3,bully,3101,1,21,1516013,186,370,1116,2220,1,1,140484,3101,0,22,0,0,0,NORMAL,0,3,1,6,65,186,0,370,0,0,0,0,0,0,0
143196,11,bully,2713,1,21,1507863,186,182,1116,1092,1,1,140483,2713,0,22,0,0,0,NORMAL,0,3,1,6,86,186,0,182,0,0,0,0,0,0,0
143602,45,bully,3119,1,21,1516389,186,0,1116,0,1,45,140483,3119,0,22,0,0,0,LEADER,1,4,1,51,21,186,0,0,0,0,0,0,0,0,0
143739,42,bully,3256,1,21,1519266,186,0,1116,0,1,42,140483,3256,0,22,0,0,0,LEADER,1,4,1,48,21,186,0,0,0,0,0,0,0,0,0
143705,46,bully,3222,1,21,1518552,186,0,1116,0,1,46,140483,3222,0,22,0,0,0,LEADER,1,4,1,52,21,186,0,0,0,0,0,0,0,0,0
143263,31,bully,2780,1,21,1509270,186,0,1116,0,1,31,140483,2780,0,22,0,0,0,LEADER,1,4,1,37,21,186,0,0,0,0,0,0,0,0,0
143869,8,bully,3386,1,21,1521996,186,185,1116,1110,2,1,140483,3386,0,22,0,0,0,NORMAL,0,3,1,6,71,186,0,185,0,0,0,0,0,0,0
143514,26,bully,3031,1,21,1514541,186,0,1116,0,1,26,140483,3031,0,22,0,0,0,LEADER,1,4,1,32,21,186,0,0,0,0,0,0,0,0,0
143923,17,bully,3440,1,21,1523130,186,0,1116,0,1,17,140483,3440,0,22,0,0,0,LEADER,1,4,1,23,21,186,0,0,0,0,0,0,0,0,0
143820,30,bully,3337,1,21,1520967,186,0,1116,0,1,30,140483,3337,0,22,0,0,0,LEADER,1,4,1,36,21,186,0,0,0,0,0,0,0,0,0
144005,5,bully,3522,1,21,1524852,186,371,1116,2226,2,1,140483,3522,0,22,0,0,0,NORMAL,0,3,1,6,67,186,0,371,0,0,0,0,0,0,0
143651,2,bully,3168,1,21,1517418,186,369,1116,2214,1,1,140483,3168,0,22,0,0,0,NORMAL,0,3,1,6,63,186,0,369,0,0,0,0,0,0,0
143399,28,bully,2916,1,21,1512126,186,0,1116,0,1,28,140483,2916,0,22,0,0,0,LEADER,1,4,1,34,21,186,0,0,0,0,0,0,0,0,0
143956,27,bully,3473,1,21,1523823,186,0,1116,0,1,27,140483,3473,0,22,0,0,0,LEADER,1,4,1,33,21,186,0,0,0,0,0,0,0,0,0
143990,37,bully,3507,1,21,1524537,186,0,1116,0,1,37,140483,3507,0,22,0,0,0,LEADER,1,4,1,43,21,186,0,0,0,0,0,0,0,0,0
143340,19,bully,2861,1,21,1510936,186,0,1116,0,1,19,140479,2861,0,22,0,0,0,LEADER,1,4,1,25,21,186,0,0,0,0,0,0,0,0,0
143208,22,bully,2725,1,21,1508115,186,0,1116,0,1,22,140483,2725,0,22,0,0,0,LEADER,1,4,1,28,21,186,0,0,0,0,0,0,0,0,0
143224,21,bully,2747,1,21,1508494,186,0,1116,0,1,21,140477,2747,0,22,0,0,0,LEADER,1,4,1,27,21,186,0,0,0,0,0,0,0,0,0
143684,33,bully,3201,1,21,1518111,186,0,1116,0,1,33,140483,3201,0,22,0,0,0,LEADER,1,4,1,39,21,186,0,0,0,0,0,0,0,0,0
143717,43,bully,3234,1,21,1518804,186,0,1116,0,1,43,140483,3234,0,22,0,0,0,LEADER,1,4,1,49,21,186,0,0,0,0,0,0,0,0,0
143481,16,bully,2998,1,21,1513848,186,187,1116,1122,2,1,140483,2998,0,22,0,0,0,NORMAL,0,3,1,6,72,186,0,187,0,0,0,0,0,0,0
143985,32,bully,3502,1,21,1524432,186,0,1116,0,1,32,140483,3502,0,22,0,0,0,LEADER,1,4,1,38,21,186,0,0,0,0,0,0,0,0,0
144026,4,bully,3543,1,21,1525293,186,372,1116,2232,1,1,140483,3543,0,22,0,0,0,NORMAL,0,3,1,6,66,186,0,372,0,0,0,0,0,0,0
144092,24,bully,3610,1,21,1526690,186,0,1116,0,1,24,140482,3610,0,22,0,0,0,LEADER,1,4,1,30,21,186,0,0,0,0,0,0,0,0,0
143787,20,bully,3304,1,21,1520274,186,0,1116,0,1,20,140483,3304,0,22,0,0,0,LEADER,1,4,1,26,21,186,0,0,0,0,0,0,0,0,0
143433,38,bully,2950,1,21,1512840,186,0,1116,0,1,38,140483,2950,0,22,0,0,0,LEADER,1,4,1,44,21,186,0,0,0,0,0,0,0,0,0
144068,23,bully,3585,1,21,1526175,186,0,1116,0,1,23,140483,3585,0,22,0,0,0,LEADER,1,4,1,29,21,186,0,0,0,0,0,0,0,0,0
143890,7,bully,3407,1,21,1522437,186,374,1116,2244,2,1,140483,3407,0,22,0,0,0,NORMAL,0,3,1,6,70,186,0,374,0,0,0,0,0,0,0
144023,47,bully,3540,1,21,1525230,186,0,1116,0,1,47,140483,3540,0,22,0,0,0,LEADER,1,4,1,53,21,186,0,0,0,0,0,0,0,0,0
143876,39,bully,3392,1,21,1522134,186,0,1116,0,1,39,140484,3392,0,22,0,0,0,LEADER,1,4,1,45,21,186,0,0,0,0,0,0,0,0,0
144036,15,bully,3555,1,21,1525534,186,185,1116,1110,2,1,140481,3555,0,22,0,0,0,NORMAL,0,3,1,6,76,186,0,185,0,0,0,0,0,0,0
143908,49,bully,3425,1,21,1522815,186,0,1116,0,1,49,140483,3425,0,22,0,0,0,LEADER,1,4,1,55,21,186,0,0,0,0,0,0,0,0,0
143692,1,bully,3216,1,21,1518406,186,373,1116,2238,1,1,140476,3216,0,22,0,0,0,LEADER,1,4,1,7,21,186,0,373,0,0,0,0,0,0,0
143850,40,bully,3371,1,21,1521644,186,0,1116,0,1,40,140479,3371,0,22,0,0,0,LEADER,1,4,1,46,21,186,0,0,0,0,0,0,0,0,0
144058,14,bully,3577,1,21,1525992,186,186,1116,1116,2,1,140481,3577,0,22,0,0,0,NORMAL,0,3,1,6,70,186,0,186,0,0,0,0,0,0,0
144160,44,bully,3677,1,21,1528107,186,0,1116,0,1,44,140483,3677,0,22,0,0,0,LEADER,1,4,1,50,21,186,0,0,0,0,0,0,0,0,0
144175,12,bully,3692,1,21,1528422,186,187,1116,1122,1,1,140483,3692,0,22,0,0,0,NORMAL,0,3,1,6,66,186,0,187,0,0,0,0,0,0,0
144126,34,bully,3643,1,21,1527393,186,0,1116,0,1,34,140483,3643,0,22,0,0,0,LEADER,1,4,1,40,21,186,0,0,0,0,0,0,0,0,0
145669,18,bully,2883,1,21,1511433,189,0,1134,0,1,18,142786,2883,0,22,0,0,0,LEADER,1,4,1,27,21,189,0,0,0,0,0,0,0,0,0
145614,9,bully,2828,1,21,1510278,189,187,1134,1122,1,1,142786,2828,0,22,0,0,0,NORMAL,0,3,1,9,63,189,0,187,0,0,0,0,0,0,0
145769,13,bully,2983,1,21,1513533,189,187,1134,1122,2,1,142786,2983,0,22,0,0,0,NORMAL,0,3,1,9,69,189,0,187,0,0,0,0,0,0,0
145839,25,bully,3053,1,21,1515003,189,0,1134,0,1,25,142786,3053,0,22,0,0,0,LEADER,1,4,1,34,21,189,0,0,0,0,0,0,0,0,0
145844,36,bully,3065,1,21,1515188,189,0,1134,0,1,36,142779,3065,0,22,0,0,0,LEADER,1,4,1,45,21,189,0,0,0,0,0,0,0,0,0
145681,29,bully,2895,1,21,1511685,189,0,1134,0,1,29,142786,2895,0,22,0,0,0,LEADER,1,4,1,38,21,189,0,0,0,0,0,0,0,0,0
145867,35,bully,3086,1,21,1515673,189,0,1134,0,1,35,142781,3086,0,22,0,0,0,LEADER,1,4,1,44,21,189,0,0,0,0,0,0,0,0,0
145749,6,bully,2965,1,21,1513131,189,376,1134,2256,2,1,142784,2965,0,22,0,0,0,NORMAL,0,3,1,9,69,189,0,376,0,0,0,0,0,0,0
145919,48,bully,3133,1,21,1516683,189,0,1134,0,1,48,142786,3133,0,22,0,0,0,LEADER,1,4,1,57,21,189,0,0,0,0,0,0,0,0,0
145653,50,bully,2868,1,21,1511114,189,0,1134,0,1,50,142785,2868,0,22,0,0,0,LEADER,1,4,1,59,21,189,0,0,0,0,0,0,0,0,0
145595,41,bully,2813,1,21,1509903,189,0,1134,0,1,41,142782,2813,0,22,0,0,0,LEADER,1,4,1,50,21,189,0,0,0,0,0,0,0,0,0
146057,10,bully,3271,1,21,1519581,189,188,1134,1128,1,1,142786,3271,0,22,0,0,0,NORMAL,0,3,1,9,65,189,0,188,0,0,0,0,0,0,0
145888,3,bully,3101,1,21,1516013,189,376,1134,2256,1,1,142787,3101,0,22,0,0,0,NORMAL,0,3,1,9,65,189,0,376,0,0,0,0,0,0,0
145499,11,bully,2713,1,21,1507863,189,184,1134,1104,1,1,142786,2713,0,22,0,0,0,NORMAL,0,3,1,9,86,189,0,184,0,0,0,0,0,0,0
145905,45,bully,3119,1,21,1516389,189,0,1134,0,1,45,142786,3119,0,22,0,0,0,LEADER,1,4,1,54,21,189,0,0,0,0,0,0,0,0,0
146042,42,bully,3256,1,21,1519266,189,0,1134,0,1,42,142786,3256,0,22,0,0,0,LEADER,1,4,1,51,21,189,0,0,0,0,0,0,0,0,0
146008,46,bully,3222,1,21,1518552,189,0,1134,0,1,46,142786,3222,0,22,0,0,0,LEADER,1,4,1,55,21,189,0,0,0,0,0,0,0,0,0
145566,31,bully,2780,1,21,1509270,189,0,1134,0,1,31,142786,2780,0,22,0,0,0,LEADER,1,4,1,40,21,189,0,0,0,0,0,0,0,0,0
146172,8,bully,3386,1,21,1521996,189,188,1134,1128,2,1,142786,3386,0,22,0,0,0,NORMAL,0,3,1,9,71,189,0,188,0,0,0,0,0,0,0
145817,26,bully,3031,1,21,1514541,189,0,1134,0,1,26,142786,3031,0,22,0,0,0,LEADER,1,4,1,35,21,189,0,0,0,0,0,0,0,0,0
146226,17,bully,3440,1,21,1523130,189,0,1134,0,1,17,142786,3440,0,22,0,0,0,LEADER,1,4,1,26,21,189,0,0,0,0,0,0,0,0,0
146123,30,bully,3337,1,21,1520967,189,0,1134,0,1,30,142786,3337,0,22,0,0,0,LEADER,1,4,1,39,21,189,0,0,0,0,0,0,0,0,0
146308,5,bully,3522,1,21,1524852,189,377,1134,2262,2,1,142786,3522,0,22,0,0,0,NORMAL,0,3,1,9,67,189,0,377,0,0,0,0,0,0,0
145954,2,bully,3168,1,21,1517418,189,375,1134,2250,1,1,142786,3168,0,22,0,0,0,NORMAL,0,3,1,9,63,189,0,375,0,0,0,0,0,0,0
145702,28,bully,2916,1,21,1512126,189,0,1134,0,1,28,142786,2916,0,22,0,0,0,LEADER,1,4,1,37,21,189,0,0,0,0,0,0,0,0,0
146259,27,bully,3473,1,21,1523823,189,0,1134,0,1,27,142786,3473,0,22,0,0,0,LEADER,1,4,1,36,21,189,0,0,0,0,0,0,0,0,0
146293,37,bully,3507,1,21,1524537,189,0,1134,0,1,37,142786,3507,0,22,0,0,0,LEADER,1,4,1,46,21,189,0,0,0,0,0,0,0,0,0
145643,19,bully,2861,1,21,1510936,189,0,1134,0,1,19,142782,2861,0,22,0,0,0,LEADER,1,4,1,28,21,189,0,0,0,0,0,0,0,0,0
145511,22,bully,2725,1,21,1508115,189,0,1134,0,1,22,142786,2725,0,22,0,0,0,LEADER,1,4,1,31,21,189,0,0,0,0,0,0,0,0,0
145527,21,bully,2747,1,21,1508494,189,0,1134,0,1,21,142780,2747,0,22,0,0,0,LEADER,1,4,1,30,21,189,0,0,0,0,0,0,0,0,0
145987,33,bully,3201,1,21,1518111,189,0,1134,0,1,33,142786,3201,0,22,0,0,0,LEADER,1,4,1,42,21,189,0,0,0,0,0,0,0,0,0
146020,43,bully,3234,1,21,1518804,189,0,1134,0,1,43,142786,3234,0,22,0,0,0,LEADER,1,4,1,52,21,189,0,0,0,0,0,0,0,0,0
145784,16,bully,2998,1,21,1513848,189,190,1134,1140,2,1,142786,2998,0,22,0,0,0,NORMAL,0,3,1,9,72,189,0,190,0,0,0,0,0,0,0
146288,32,bully,3502,1,21,1524432,189,0,1134,0,1,32,142786,3502,0,22,0,0,0,LEADER,1,4,1,41,21,189,0,0,0,0,0,0,0,0,0
146329,4,bully,3543,1,21,1525293,189,378,1134,2268,1,1,142786,3543,0,22,0,0,0,NORMAL,0,3,1,9,66,189,0,378,0,0,0,0,0,0,0
146395,24,bully,3610,1,21,1526690,189,0,1134,0,1,24,142785,3610,0,22,0,0,0,LEADER,1,4,1,33,21,189,0,0,0,0,0,0,0,0,0
146090,20,bully,3304,1,21,1520274,189,0,1134,0,1,20,142786,3304,0,22,0,0,0,LEADER,1,4,1,29,21,189,0,0,0,0,0,0,0,0,0
145736,38,bully,2950,1,21,1512840,189,0,1134,0,1,38,142786,2950,0,22,0,0,0,LEADER,1,4,1,47,21,189,0,0,0,0,0,0,0,0,0
146371,23,bully,3585,1,21,1526175,189,0,1134,0,1,23,142786,3585,0,22,0,0,0,LEADER,1,4,1,32,21,189,0,0,0,0,0,0,0,0,0
146193,7,bully,3407,1,21,1522437,189,380,1134,2280,2,1,142786,3407,0,22,0,0,0,NORMAL,0,3,1,9,70,189,0,380,0,0,0,0,0,0,0
146326,47,bully,3540,1,21,1525230,189,0,1134,0,1,47,142786,3540,0,22,0,0,0,LEADER,1,4,1,56,21,189,0,0,0,0,0,0,0,0,0
146179,39,bully,3392,1,21,1522134,189,0,1134,0,1,39,142787,3392,0,22,0,0,0,LEADER,1,4,1,48,21,189,0,0,0,0,0,0,0,0,0
146339,15,bully,3555,1,21,1525534,189,188,1134,1128,2,1,142784,3555,0,22,0,0,0,NORMAL,0,3,1,9,76,189,0,188,0,0,0,0,0,0,0
146211,49,bully,3425,1,21,1522815,189,0,1134,0,1,49,142786,3425,0,22,0,0,0,LEADER,1,4,1,58,21,189,0,0,0,0,0,0,0,0,0
145995,1,bully,3216,1,21,1518406,189,379,1134,2274,1,1,142779,3216,0,22,0,0,0,LEADER,1,4,1,10,21,189,0,379,0,0,0,0,0,0,0
146153,40,bully,3371,1,21,1521644,189,0,1134,0,1,40,142782,3371,0,22,0,0,0,LEADER,1,4,1,49,21,189,0,0,0,0,0,0,0,0,0
146361,14,bully,3577,1,21,1525992,189,189,1134,1134,2,1,142784,3577,0,22,0,0,0,NORMAL,0,3,1,9,70,189,0,189,0,0,0,0,0,0,0
146463,44,bully,3677,1,21,1528107,189,0,1134,0,1,44,142786,3677,0,22,0,0,0,LEADER,1,4,1,53,21,189,0,0,0,0,0,0,0,0,0
146478,12,bully,3692,1,21,1528422,189,190,1134,1140,1,1,142786,3692,0,22,0,0,0,NORMAL,0,3,1,9,66,189,0,190,0,0,0,0,0,0,0
146429,34,bully,3643,1,21,1527393,189,0,1134,0,1,34,142786,3643,0,22,0,0,0,LEADER,1,4,1,43,21,189,0,0,0,0,0,0,0,0,0
147972,18,bully,2883,1,22,1659405,192,0,1152,0,1,18,145089,2883,0,23,0,0,0,LEADER,1,4,1,21,22,192,0,0,0,0,0,0,0,0,0
147917,9,bully,2828,1,22,1658195,192,190,1152,1140,1,1,145089,2828,0,23,0,0,0,NORMAL,0,3,2,3,66,192,0,190,0,0,0,0,0,0,0
148072,13,bully,2983,1,22,1661605,192,190,1152,1140,2,1,145089,2983,0,23,0,0,0,NORMAL,0,3,2,3,72,192,0,190,0,0,0,0,0,0,0
148142,25,bully,3053,1,22,1663145,192,0,1152,0,1,25,145089,3053,0,23,0,0,0,LEADER,1,4,1,28,22,192,0,0,0,0,0,0,0,0,0
148147,36,bully,3065,1,22,1663335,192,0,1152,0,1,36,145082,3065,0,23,0,0,0,LEADER,1,4,1,39,22,192,0,0,0,0,0,0,0,0,0
147984,29,bully,2895,1,22,1659669,192,0,1152,0,1,29,145089,2895,0,23,0,0,0,LEADER,1,4,1,32,22,192,0,0,0,0,0,0,0,0,0
148170,35,bully,3086,1,22,1663843,192,0,1152,0,1,35,145084,3086,0,23,0,0,0,LEADER,1,4,1,38,22,192,0,0,0,0,0,0,0,0,0
148052,6,bully,2965,1,22,1661183,192,382,1152,2292,2,1,145087,2965,0,23,0,0,0,NORMAL,0,3,2,3,72,192,0,382,0,0,0,0,0,0,0
148222,48,bully,3133,1,22,1664905,192,0,1152,0,1,48,145089,3133,0,23,0,0,0,LEADER,1,4,1,51,22,192,0,0,0,0,0,0,0,0,0
147956,50,bully,2868,1,22,1659070,192,0,1152,0,1,50,145088,2868,0,23,0,0,0,LEADER,1,4,1,53,22,192,0,0,0,0,0,0,0,0,0
147898,41,bully,2813,1,22,1657801,192,0,1152,0,1,41,145085,2813,0,23,0,0,0,LEADER,1,4,1,44,22,192,0,0,0,0,0,0,0,0,0
148360,10,bully,3271,1,22,1667941,192,191,1152,1146,1,1,145089,3271,0,23,0,0,0,NORMAL,0,3,2,3,68,192,0,191,0,0,0,0,0,0,0
148191,3,bully,3101,1,22,1664204,192,382,1152,2292,1,1,145090,3101,0,23,0,0,0,NORMAL,0,3,2,3,68,192,0,382,0,0,0,0,0,0,0
147802,11,bully,2713,1,22,1655665,192,187,1152,1122,1,1,145089,2713,0,23,0,0,0,NORMAL,0,3,2,3,90,192,0,187,0,0,0,0,0,0,0
148208,45,bully,3119,1,22,1664597,192,0,1152,0,1,45,145089,3119,0,23,0,0,0,LEADER,1,4,1,48,22,192,0,0,0,0,0,0,0,0,0
148345,42,bully,3256,1,22,1667611,192,0,1152,0,1,42,145089,3256,0,23,0,0,0,LEADER,1,4,1,45,22,192,0,0,0,0,0,0,0,0,0
148311,46,bully,3222,1,22,1666863,192,0,1152,0,1,46,145089,3222,0,23,0,0,0,LEADER,1,4,1,49,22,192,0,0,0,0,0,0,0,0,0
147869,31,bully,2780,1,22,1657139,192,0,1152,0,1,31,145089,2780,0,23,0,0,0,LEADER,1,4,1,34,22,192,0,0,0,0,0,0,0,0,0
148475,8,bully,3386,1,22,1670471,192,191,1152,1146,2,1,145089,3386,0,23,0,0,0,NORMAL,0,3,2,3,74,192,0,191,0,0,0,0,0,0,0
148120,26,bully,3031,1,22,1662661,192,0,1152,0,1,26,145089,3031,0,23,0,0,0,LEADER,1,4,1,29,22,192,0,0,0,0,0,0,0,0,0
148529,17,bully,3440,1,22,1671659,192,0,1152,0,1,17,145089,3440,0,23,0,0,0,LEADER,1,4,1,20,22,192,0,0,0,0,0,0,0,0,0
148426,30,bully,3337,1,22,1669393,192,0,1152,0,1,30,145089,3337,0,23,0,0,0,LEADER,1,4,1,33,22,192,0,0,0,0,0,0,0,0,0
148611,5,bully,3522,1,22,1673463,192,383,1152,2298,2,1,145089,3522,0,23,0,0,0,NORMAL,0,3,2,3,70,192,0,383,0,0,0,0,0,0,0
148257,2,bully,3168,1,22,1665675,192,381,1152,2286,1,1,145089,3168,0,23,0,0,0,NORMAL,0,3,2,3,66,192,0,381,0,0,0,0,0,0,0
148005,28,bully,2916,1,22,1660131,192,0,1152,0,1,28,145089,2916,0,23,0,0,0,LEADER,1,4,1,31,22,192,0,0,0,0,0,0,0,0,0
148562,27,bully,3473,1,22,1672385,192,0,1152,0,1,27,145089,3473,0,23,0,0,0,LEADER,1,4,1,30,22,192,0,0,0,0,0,0,0,0,0
148596,37,bully,3507,1,22,1673133,192,0,1152,0,1,37,145089,3507,0,23,0,0,0,LEADER,1,4,1,40,22,192,0,0,0,0,0,0,0,0,0
147945,19,bully,2861,1,22,1658881,192,0,1152,0,1,19,145084,2861,0,23,0,0,0,LEADER,1,4,1,22,22,192,0,0,0,0,0,0,0,0,0
147814,22,bully,2725,1,22,1655929,192,0,1152,0,1,22,145089,2725,0,23,0,0,0,LEADER,1,4,1,25,22,192,0,0,0,0,0,0,0,0,0
147830,21,bully,2747,1,22,1656324,192,0,1152,0,1,21,145083,2747,0,23,0,0,0,LEADER,1,4,1,24,22,192,0,0,0,0,0,0,0,0,0
148290,33,bully,3201,1,22,1666401,192,0,1152,0,1,33,145089,3201,0,23,0,0,0,LEADER,1,4,1,36,22,192,0,0,0,0,0,0,0,0,0
148323,43,bully,3234,1,22,1667127,192,0,1152,0,1,43,145089,3234,0,23,0,0,0,LEADER,1,4,1,46,22,192,0,0,0,0,0,0,0,0,0
148087,16,bully,2998,1,22,1661935,192,193,1152,1158,2,1,145089,2998,0,23,0,0,0,NORMAL,0,3,2,3,75,192,0,193,0,0,0,0,0,0,0
148591,32,bully,3502,1,22,1673023,192,0,1152,0,1,32,145089,3502,0,23,0,0,0,LEADER,1,4,1,35,22,192,0,0,0,0,0,0,0,0,0
148632,4,bully,3543,1,22,1673925,192,384,1152,2304,1,1,145089,3543,0,23,0,0,0,NORMAL,0,3,2,3,69,192,0,384,0,0,0,0,0,0,0
148698,24,bully,3610,1,22,1675388,192,0,1152,0,1,24,145088,3610,0,23,0,0,0,LEADER,1,4,1,27,22,192,0,0,0,0,0,0,0,0,0
148393,20,bully,3304,1,22,1668667,192,0,1152,0,1,20,145089,3304,0,23,0,0,0,LEADER,1,4,1,23,22,192,0,0,0,0,0,0,0,0,0
148039,38,bully,2950,1,22,1660879,192,0,1152,0,1,38,145089,2950,0,23,0,0,0,LEADER,1,4,1,41,22,192,0,0,0,0,0,0,0,0,0
148674,23,bully,3585,1,22,1674849,192,0,1152,0,1,23,145089,3585,0,23,0,0,0,LEADER,1,4,1,26,22,192,0,0,0,0,0,0,0,0,0
148496,7,bully,3407,1,22,1670933,192,386,1152,2316,2,1,145089,3407,0,23,0,0,0,NORMAL,0,3,2,3,73,192,0,386,0,0,0,0,0,0,0
148629,47,bully,3540,1,22,1673859,192,0,1152,0,1,47,145089,3540,0,23,0,0,0,LEADER,1,4,1,50,22,192,0,0,0,0,0,0,0,0,0
148482,39,bully,3392,1,22,1670616,192,0,1152,0,1,39,145090,3392,0,23,0,0,0,LEADER,1,4,1,42,22,192,0,0,0,0,0,0,0,0,0
148641,15,bully,3555,1,22,1674175,192,190,1152,1140,2,1,145086,3555,0,23,0,0,0,NORMAL,0,3,2,3,79,192,0,190,0,0,0,0,0,0,0
148514,49,bully,3425,1,22,1671329,192,0,1152,0,1,49,145089,3425,0,23,0,0,0,LEADER,1,4,1,52,22,192,0,0,0,0,0,0,0,0,0
148298,1,bully,3216,1,22,1666704,192,386,1152,2316,1,1,145082,3216,0,23,0,0,0,LEADER,1,4,1,4,22,192,0,386,0,0,0,0,0,0,0
148456,40,bully,3371,1,22,1670100,192,0,1152,0,1,40,145085,3371,0,23,0,0,0,LEADER,1,4,1,43,22,192,0,0,0,0,0,0,0,0,0
148664,14,bully,3577,1,22,1674656,192,192,1152,1152,2,1,145087,3577,0,23,0,0,0,NORMAL,0,3,2,3,73,192,0,192,0,0,0,0,0,0,0
148766,44,bully,3677,1,22,1676873,192,0,1152,0,1,44,145089,3677,0,23,0,0,0,LEADER,1,4,1,47,22,192,0,0,0,0,0,0,0,0,0
148781,12,bully,3692,1,22,1677203,192,193,1152,1158,1,1,145089,3692,0,23,0,0,0,NORMAL,0,3,2,3,69,192,0,193,0,0,0,0,0,0,0
148732,34,bully,3643,1,22,1676125,192,0,1152,0,1,34,145089,3643,0,23,0,0,0,LEADER,1,4,1,37,22,192,0,0,0,0,0,0,0,0,0
150275,18,bully,2883,1,22,1659405,195,0,1170,0,1,18,147392,2883,0,23,0,0,0,LEADER,1,4,1,24,22,195,0,0,0,0,0,0,0,0,0
150220,9,bully,2828,1,22,1658195,195,193,1170,1158,1,1,147392,2828,0,23,0,0,0,NORMAL,0,3,1,6,66,195,0,193,0,0,0,0,0,0,0
150375,13,bully,2983,1,22,1661605,195,193,1170,1158,2,1,147392,2983,0,23,0,0,0,NORMAL,0,3,1,6,72,195,0,193,0,0,0,0,0,0,0
150445,25,bully,3053,1,22,1663145,195,0,1170,0,1,25,147392,3053,0,23,0,0,0,LEADER,1,4,1,31,22,195,0,0,0,0,0,0,0,0,0
150450,36,bully,3065,1,22,1663335,195,0,1170,0,1,36,147385,3065,0,23,0,0,0,LEADER,1,4,1,42,22,195,0,0,0,0,0,0,0,0,0
150287,29,bully,2895,1,22,1659669,195,0,1170,0,1,29,147392,2895,0,23,0,0,0,LEADER,1,4,1,35,22,195,0,0,0,0,0,0,0,0,0
150473,35,bully,3086,1,22,1663843,195,0,1170,0,1,35,147387,3086,0,23,0,0,0,LEADER,1,4,1,41,22,195,0,0,0,0,0,0,0,0,0
150354,6,bully,2965,1,22,1661183,195,388,1170,2328,2,1,147389,2965,0,23,0,0,0,NORMAL,0,3,1,6,72,195,0,388,0,0,0,0,0,0,0
150525,48,bully,3133,1,22,1664905,195,0,1170,0,1,48,147392,3133,0,23,0,0,0,LEADER,1,4,1,54,22,195,0,0,0,0,0,0,0,0,0
150259,50,bully,2868,1,22,1659070,195,0,1170,0,1,50,147391,2868,0,23,0,0,0,LEADER,1,4,1,56,22,195,0,0,0,0,0,0,0,0,0
150201,41,bully,2813,1,22,1657801,195,0,1170,0,1,41,147388,2813,0,23,0,0,0,LEADER,1,4,1,47,22,195,0,0,0,0,0,0,0,0,0
150663,10,bully,3271,1,22,1667941,195,194,1170,1164,1,1,147392,3271,0,23,0,0,0,NORMAL,0,3,1,6,68,195,0,194,0,0,0,0,0,0,0
150494,3,bully,3101,1,22,1664204,195,388,1170,2328,1,1,147393,3101,0,23,0,0,0,NORMAL,0,3,1,6,68,195,0,388,0,0,0,0,0,0,0
150105,11,bully,2713,1,22,1655665,195,189,1170,1134,1,1,147392,2713,0,23,0,0,0,NORMAL,0,3,1,6,90,195,0,189,0,0,0,0,0,0,0
150511,45,bully,3119,1,22,1664597,195,0,1170,0,1,45,147392,3119,0,23,0,0,0,LEADER,1,4,1,51,22,195,0,0,0,0,0,0,0,0,0
150648,42,bully,3256,1,22,1667611,195,0,1170,0,1,42,147392,3256,0,23,0,0,0,LEADER,1,4,1,48,22,195,0,0,0,0,0,0,0,0,0
150614,46,bully,3222,1,22,1666863,195,0,1170,0,1,46,147392,3222,0,23,0,0,0,LEADER,1,4,1,52,22,195,0,0,0,0,0,0,0,0,0
150172,31,bully,2780,1,22,1657139,195,0,1170,0,1,31,147392,2780,0,23,0,0,0,LEADER,1,4,1,37,22,195,0,0,0,0,0,0,0,0,0
150778,8,bully,3386,1,22,1670471,195,194,1170,1164,2,1,147392,3386,0,23,0,0,0,NORMAL,0,3,1,6,74,195,0,194,0,0,0,0,0,0,0
150423,26,bully,3031,1,22,1662661,195,0,1170,0,1,26,147392,3031,0,23,0,0,0,LEADER,1,4,1,32,22,195,0,0,0,0,0,0,0,0,0
150831,17,bully,3440,1,22,1671659,195,0,1170,0,1,17,147391,3440,0,23,0,0,0,LEADER,1,4,1,23,22,195,0,0,0,0,0,0,0,0,0
150729,30,bully,3337,1,22,1669393,195,0,1170,0,1,30,147392,3337,0,23,0,0,0,LEADER,1,4,1,36,22,195,0,0,0,0,0,0,0,0,0
150914,5,bully,3522,1,22,1673463,195,389,1170,2334,2,1,147392,3522,0,23,0,0,0,NORMAL,0,3,1,6,70,195,0,389,0,0,0,0,0,0,0
150560,2,bully,3168,1,22,1665675,195,386,1170,2316,1,1,147392,3168,0,23,0,0,0,NORMAL,0,3,1,6,66,195,0,386,0,0,0,0,0,0,0
150308,28,bully,2916,1,22,1660131,195,0,1170,0,1,28,147392,2916,0,23,0,0,0,LEADER,1,4,1,34,22,195,0,0,0,0,0,0,0,0,0
150865,27,bully,3473,1,22,1672385,195,0,1170,0,1,27,147392,3473,0,23,0,0,0,LEADER,1,4,1,33,22,195,0,0,0,0,0,0,0,0,0
150899,37,bully,3507,1,22,1673133,195,0,1170,0,1,37,147392,3507,0,23,0,0,0,LEADER,1,4,1,43,22,195,0,0,0,0,0,0,0,0,0
150248,19,bully,2861,1,22,1658881,195,0,1170,0,1,19,147387,2861,0,23,0,0,0,LEADER,1,4,1,25,22,195,0,0,0,0,0,0,0,0,0
150117,22,bully,2725,1,22,1655929,195,0,1170,0,1,22,147392,2725,0,23,0,0,0,LEADER,1,4,1,28,22,195,0,0,0,0,0,0,0,0,0
150133,21,bully,2747,1,22,1656324,195,0,1170,0,1,21,147386,2747,0,23,0,0,0,LEADER,1,4,1,27,22,195,0,0,0,0,0,0,0,0,0
150593,33,bully,3201,1,22,1666401,195,0,1170,0,1,33,147392,3201,0,23,0,0,0,LEADER,1,4,1,39,22,195,0,0,0,0,0,0,0,0,0
150626,43,bully,3234,1,22,1667127,195,0,1170,0,1,43,147392,3234,0,23,0,0,0,LEADER,1,4,1,49,22,195,0,0,0,0,0,0,0,0,0
150390,16,bully,2998,1,22,1661935,195,196,1170,1176,2,1,147392,2998,0,23,0,0,0,NORMAL,0,3,1,6,75,195,0,196,0,0,0,0,0,0,0
150894,32,bully,3502,1,22,1673023,195,0,1170,0,1,32,147392,3502,0,23,0,0,0,LEADER,1,4,1,38,22,195,0,0,0,0,0,0,0,0,0
150935,4,bully,3543,1,22,1673925,195,389,1170,2334,1,1,147392,3543,0,23,0,0,0,NORMAL,0,3,1,6,69,195,0,389,0,0,0,0,0,0,0
151001,24,bully,3610,1,22,1675388,195,0,1170,0,1,24,147391,3610,0,23,0,0,0,LEADER,1,4,1,30,22,195,0,0,0,0,0,0,0,0,0
150696,20,bully,3304,1,22,1668667,195,0,1170,0,1,20,147392,3304,0,23,0,0,0,LEADER,1,4,1,26,22,195,0,0,0,0,0,0,0,0,0
150342,38,bully,2950,1,22,1660879,195,0,1170,0,1,38,147392,2950,0,23,0,0,0,LEADER,1,4,1,44,22,195,0,0,0,0,0,0,0,0,0
150977,23,bully,3585,1,22,1674849,195,0,1170,0,1,23,147392,3585,0,23,0,0,0,LEADER,1,4,1,29,22,195,0,0,0,0,0,0,0,0,0
150799,7,bully,3407,1,22,1670933,195,392,1170,2352,2,1,147392,3407,0,23,0,0,0,NORMAL,0,3,1,6,73,195,0,392,0,0,0,0,0,0,0
150932,47,bully,3540,1,22,1673859,195,0,1170,0,1,47,147392,3540,0,23,0,0,0,LEADER,1,4,1,53,22,195,0,0,0,0,0,0,0,0,0
150785,39,bully,3392,1,22,1670616,195,0,1170,0,1,39,147393,3392,0,23,0,0,0,LEADER,1,4,1,45,22,195,0,0,0,0,0,0,0,0,0
150944,15,bully,3555,1,22,1674175,195,194,1170,1164,2,1,147389,3555,0,23,0,0,0,NORMAL,0,3,1,6,79,195,0,194,0,0,0,0,0,0,0
150817,49,bully,3425,1,22,1671329,195,0,1170,0,1,49,147392,3425,0,23,0,0,0,LEADER,1,4,1,55,22,195,0,0,0,0,0,0,0,0,0
150601,1,bully,3216,1,22,1666704,195,391,1170,2346,1,1,147385,3216,0,23,0,0,0,LEADER,1,4,1,7,22,195,0,391,0,0,0,0,0,0,0
150759,40,bully,3371,1,22,1670100,195,0,1170,0,1,40,147388,3371,0,23,0,0,0,LEADER,1,4,1,46,22,195,0,0,0,0,0,0,0,0,0
150967,14,bully,3577,1,22,1674656,195,195,1170,1170,2,1,147390,3577,0,23,0,0,0,NORMAL,0,3,1,6,73,195,0,195,0,0,0,0,0,0,0
151069,44,bully,3677,1,22,1676873,195,0,1170,0,1,44,147392,3677,0,23,0,0,0,LEADER,1,4,1,50,22,195,0,0,0,0,0,0,0,0,0
151084,12,bully,3692,1,22,1677203,195,196,1170,1176,1,1,147392,3692,0,23,0,0,0,NORMAL,0,3,1,6,69,195,0,196,0,0,0,0,0,0,0
151035,34,bully,3643,1,22,1676125,195,0,1170,0,1,34,147392,3643,0,23,0,0,0,LEADER,1,4,1,40,22,195,0,0,0,0,0,0,0,0,0
152578,18,bully,2883,1,22,1659405,198,0,1188,0,1,18,149695,2883,0,23,0,0,0,LEADER,1,4,1,27,22,198,0,0,0,0,0,0,0,0,0
152523,9,bully,2828,1,22,1658195,198,196,1188,1176,1,1,149695,2828,0,23,0,0,0,NORMAL,0,3,1,9,66,198,0,196,0,0,0,0,0,0,0
152678,13,bully,2983,1,22,1661605,198,196,1188,1176,2,1,149695,2983,0,23,0,0,0,NORMAL,0,3,1,9,72,198,0,196,0,0,0,0,0,0,0
152748,25,bully,3053,1,22,1663145,198,0,1188,0,1,25,149695,3053,0,23,0,0,0,LEADER,1,4,1,34,22,198,0,0,0,0,0,0,0,0,0
152753,36,bully,3065,1,22,1663335,198,0,1188,0,1,36,149688,3065,0,23,0,0,0,LEADER,1,4,1,45,22,198,0,0,0,0,0,0,0,0,0
152590,29,bully,2895,1,22,1659669,198,0,1188,0,1,29,149695,2895,0,23,0,0,0,LEADER,1,4,1,38,22,198,0,0,0,0,0,0,0,0,0
152776,35,bully,3086,1,22,1663843,198,0,1188,0,1,35,149690,3086,0,23,0,0,0,LEADER,1,4,1,44,22,198,0,0,0,0,0,0,0,0,0
152657,6,bully,2965,1,22,1661183,198,394,1188,2364,2,1,149692,2965,0,23,0,0,0,NORMAL,0,3,1,9,72,198,0,394,0,0,0,0,0,0,0
152828,48,bully,3133,1,22,1664905,198,0,1188,0,1,48,149695,3133,0,23,0,0,0,LEADER,1,4,1,57,22,198,0,0,0,0,0,0,0,0,0
152562,50,bully,2868,1,22,1659070,198,0,1188,0,1,50,149694,2868,0,23,0,0,0,LEADER,1,4,1,59,22,198,0,0,0,0,0,0,0,0,0
152504,41,bully,2813,1,22,1657801,198,0,1188,0,1,41,149691,2813,0,23,0,0,0,LEADER,1,4,1,50,22,198,0,0,0,0,0,0,0,0,0
152966,10,bully,3271,1,22,1667941,198,197,1188,1182,1,1,149695,3271,0,23,0,0,0,NORMAL,0,3,1,9,68,198,0,197,0,0,0,0,0,0,0
152797,3,bully,3101,1,22,1664204,198,394,1188,2364,1,1,149696,3101,0,23,0,0,0,NORMAL,0,3,1,9,68,198,0,394,0,0,0,0,0,0,0
152408,11,bully,2713,1,22,1655665,198,191,1188,1146,1,1,149695,2713,0,23,0,0,0,NORMAL,0,3,1,9,90,198,0,191,0,0,0,0,0,0,0
152814,45,bully,3119,1,22,1664597,198,0,1188,0,1,45,149695,3119,0,23,0,0,0,LEADER,1,4,1,54,22,198,0,0,0,0,0,0,0,0,0
152951,42,bully,3256,1,22,1667611,198,0,1188,0,1,42,149695,3256,0,23,0,0,0,LEADER,1,4,1,51,22,198,0,0,0,0,0,0,0,0,0
152917,46,bully,3222,1,22,1666863,198,0,1188,0,1,46,149695,3222,0,23,0,0,0,LEADER,1,4,1,55,22,198,0,0,0,0,0,0,0,0,0
152475,31,bully,2780,1,22,1657139,198,0,1188,0,1,31,149695,2780,0,23,0,0,0,LEADER,1,4,1,40,22,198,0,0,0,0,0,0,0,0,0
153081,8,bully,3386,1,22,1670471,198,197,1188,1182,2,1,149695,3386,0,23,0,0,0,NORMAL,0,3,1,9,74,198,0,197,0,0,0,0,0,0,0
152726,26,bully,3031,1,22,1662661,198,0,1188,0,1,26,149695,3031,0,23,0,0,0,LEADER,1,4,1,35,22,198,0,0,0,0,0,0,0,0,0
153134,17,bully,3440,1,22,1671659,198,0,1188,0,1,17,149694,3440,0,23,0,0,0,LEADER,1,4,1,26,22,198,0,0,0,0,0,0,0,0,0
153032,30,bully,3337,1,22,1669393,198,0,1188,0,1,30,149695,3337,0,23,0,0,0,LEADER,1,4,1,39,22,198,0,0,0,0,0,0,0,0,0
153217,5,bully,3522,1,22,1673463,198,395,1188,2370,2,1,149695,3522,0,23,0,0,0,NORMAL,0,3,1,9,70,198,0,395,0,0,0,0,0,0,0
152863,2,bully,3168,1,22,1665675,198,392,1188,2352,1,1,149695,3168,0,23,0,0,0,NORMAL,0,3,1,9,66,198,0,392,0,0,0,0,0,0,0
152611,28,bully,2916,1,22,1660131,198,0,1188,0,1,28,149695,2916,0,23,0,0,0,LEADER,1,4,1,37,22,198,0,0,0,0,0,0,0,0,0
153168,27,bully,3473,1,22,1672385,198,0,1188,0,1,27,149695,3473,0,23,0,0,0,LEADER,1,4,1,36,22,198,0,0,0,0,0,0,0,0,0
153202,37,bully,3507,1,22,1673133,198,0,1188,0,1,37,149695,3507,0,23,0,0,0,LEADER,1,4,1,46,22,198,0,0,0,0,0,0,0,0,0
152551,19,bully,2861,1,22,1658881,198,0,1188,0,1,19,149690,2861,0,23,0,0,0,LEADER,1,4,1,28,22,198,0,0,0,0,0,0,0,0,0
152420,22,bully,2725,1,22,1655929,198,0,1188,0,1,22,149695,2725,0,23,0,0,0,LEADER,1,4,1,31,22,198,0,0,0,0,0,0,0,0,0
152436,21,bully,2747,1,22,1656324,198,0,1188,0,1,21,149689,2747,0,23,0,0,0,LEADER,1,4,1,30,22,198,0,0,0,0,0,0,0,0,0
152896,33,bully,3201,1,22,1666401,198,0,1188,0,1,33,149695,3201,0,23,0,0,0,LEADER,1,4,1,42,22,198,0,0,0,0,0,0,0,0,0
152929,43,bully,3234,1,22,1667127,198,0,1188,0,1,43,149695,3234,0,23,0,0,0,LEADER,1,4,1,52,22,198,0,0,0,0,0,0,0,0,0
152693,16,bully,2998,1,22,1661935,198,199,1188,1194,2,1,149695,2998,0,23,0,0,0,NORMAL,0,3,1,9,75,198,0,199,0,0,0,0,0,0,0
153197,32,bully,3502,1,22,1673023,198,0,1188,0,1,32,149695,3502,0,23,0,0,0,LEADER,1,4,1,41,22,198,0,0,0,0,0,0,0,0,0
153238,4,bully,3543,1,22,1673925,198,395,1188,2370,1,1,149695,3543,0,23,0,0,0,NORMAL,0,3,1,9,69,198,0,395,0,0,0,0,0,0,0
153304,24,bully,3610,1,22,1675388,198,0,1188,0,1,24,149694,3610,0,23,0,0,0,LEADER,1,4,1,33,22,198,0,0,0,0,0,0,0,0,0
152999,20,bully,3304,1,22,1668667,198,0,1188,0,1,20,149695,3304,0,23,0,0,0,LEADER,1,4,1,29,22,198,0,0,0,0,0,0,0,0,0
152645,38,bully,2950,1,22,1660879,198,0,1188,0,1,38,149695,2950,0,23,0,0,0,LEADER,1,4,1,47,22,198,0,0,0,0,0,0,0,0,0
153280,23,bully,3585,1,22,1674849,198,0,1188,0,1,23,149695,3585,0,23,0,0,0,LEADER,1,4,1,32,22,198,0,0,0,0,0,0,0,0,0
153102,7,bully,3407,1,22,1670933,198,398,1188,2388,2,1,149695,3407,0,23,0,0,0,NORMAL,0,3,1,9,73,198,0,398,0,0,0,0,0,0,0
153235,47,bully,3540,1,22,1673859,198,0,1188,0,1,47,149695,3540,0,23,0,0,0,LEADER,1,4,1,56,22,198,0,0,0,0,0,0,0,0,0
153088,39,bully,3392,1,22,1670616,198,0,1188,0,1,39,149696,3392,0,23,0,0,0,LEADER,1,4,1,48,22,198,0,0,0,0,0,0,0,0,0
153247,15,bully,3555,1,22,1674175,198,196,1188,1176,2,1,149692,3555,0,23,0,0,0,NORMAL,0,3,1,9,79,198,0,196,0,0,0,0,0,0,0
153120,49,bully,3425,1,22,1671329,198,0,1188,0,1,49,149695,3425,0,23,0,0,0,LEADER,1,4,1,58,22,198,0,0,0,0,0,0,0,0,0
152904,1,bully,3216,1,22,1666704,198,397,1188,2382,1,1,149688,3216,0,23,0,0,0,LEADER,1,4,1,10,22,198,0,397,0,0,0,0,0,0,0
153062,40,bully,3371,1,22,1670100,198,0,1188,0,1,40,149691,3371,0,23,0,0,0,LEADER,1,4,1,49,22,198,0,0,0,0,0,0,0,0,0
153270,14,bully,3577,1,22,1674656,198,198,1188,1188,2,1,149693,3577,0,23,0,0,0,NORMAL,0,3,1,9,73,198,0,198,0,0,0,0,0,0,0
153372,44,bully,3677,1,22,1676873,198,0,1188,0,1,44,149695,3677,0,23,0,0,0,LEADER,1,4,1,53,22,198,0,0,0,0,0,0,0,0,0
153387,12,bully,3692,1,22,1677203,198,199,1188,1194,1,1,149695,3692,0,23,0,0,0,NORMAL,0,3,1,9,69,198,0,199,0,0,0,0,0,0,0
153338,34,bully,3643,1,22,1676125,198,0,1188,0,1,34,149695,3643,0,23,0,0,0,LEADER,1,4,1,43,22,198,0,0,0,0,0,0,0,0,0
154881,18,bully,2883,1,23,1814286,201,0,1206,0,1,18,151998,2883,0,24,0,0,0,LEADER,1,4,1,21,23,201,0,0,0,0,0,0,0,0,0
154826,9,bully,2828,1,23,1813021,201,199,1206,1194,1,1,151998,2828,0,24,0,0,0,NORMAL,0,3,2,3,69,201,0,199,0,0,0,0,0,0,0
154981,13,bully,2983,1,23,1816586,201,199,1206,1194,2,1,151998,2983,0,24,0,0,0,NORMAL,0,3,2,3,75,201,0,199,0,0,0,0,0,0,0
155051,25,bully,3053,1,23,1818196,201,0,1206,0,1,25,151998,3053,0,24,0,0,0,LEADER,1,4,1,28,23,201,0,0,0,0,0,0,0,0,0
155056,36,bully,3065,1,23,1818391,201,0,1206,0,1,36,151991,3065,0,24,0,0,0,LEADER,1,4,1,39,23,201,0,0,0,0,0,0,0,0,0
154893,29,bully,2895,1,23,1814562,201,0,1206,0,1,29,151998,2895,0,24,0,0,0,LEADER,1,4,1,32,23,201,0,0,0,0,0,0,0,0,0
155079,35,bully,3086,1,23,1818922,201,0,1206,0,1,35,151993,3086,0,24,0,0,0,LEADER,1,4,1,38,23,201,0,0,0,0,0,0,0,0,0
154960,6,bully,2965,1,23,1816143,201,400,1206,2400,2,1,151995,2965,0,24,0,0,0,NORMAL,0,3,2,3,75,201,0,400,0,0,0,0,0,0,0
155131,48,bully,3133,1,23,1820036,201,0,1206,0,1,48,151998,3133,0,24,0,0,0,LEADER,1,4,1,51,23,201,0,0,0,0,0,0,0,0,0
154865,50,bully,2868,1,23,1813935,201,0,1206,0,1,50,151997,2868,0,24,0,0,0,LEADER,1,4,1,53,23,201,0,0,0,0,0,0,0,0,0
154807,41,bully,2813,1,23,1812608,201,0,1206,0,1,41,151994,2813,0,24,0,0,0,LEADER,1,4,1,44,23,201,0,0,0,0,0,0,0,0,0
155269,10,bully,3271,1,23,1823210,201,200,1206,1200,1,1,151998,3271,0,24,0,0,0,NORMAL,0,3,2,3,71,201,0,200,0,0,0,0,0,0,0
155100,3,bully,3101,1,23,1819304,201,400,1206,2400,1,1,151999,3101,0,24,0,0,0,NORMAL,0,3,2,3,71,201,0,400,0,0,0,0,0,0,0
154711,11,bully,2713,1,23,1810376,201,194,1206,1164,1,1,151998,2713,0,24,0,0,0,NORMAL,0,3,2,3,94,201,0,194,0,0,0,0,0,0,0
155117,45,bully,3119,1,23,1819714,201,0,1206,0,1,45,151998,3119,0,24,0,0,0,LEADER,1,4,1,48,23,201,0,0,0,0,0,0,0,0,0
155254,42,bully,3256,1,23,1822865,201,0,1206,0,1,42,151998,3256,0,24,0,0,0,LEADER,1,4,1,45,23,201,0,0,0,0,0,0,0,0,0
155220,46,bully,3222,1,23,1822083,201,0,1206,0,1,46,151998,3222,0,24,0,0,0,LEADER,1,4,1,49,23,201,0,0,0,0,0,0,0,0,0
154778,31,bully,2780,1,23,1811917,201,0,1206,0,1,31,151998,2780,0,24,0,0,0,LEADER,1,4,1,34,23,201,0,0,0,0,0,0,0,0,0
155384,8,bully,3386,1,23,1825855,201,200,1206,1200,2,1,151998,3386,0,24,0,0,0,NORMAL,0,3,2,3,77,201,0,200,0,0,0,0,0,0,0
155029,26,bully,3031,1,23,1817690,201,0,1206,0,1,26,151998,3031,0,24,0,0,0,LEADER,1,4,1,29,23,201,0,0,0,0,0,0,0,0,0
155437,17,bully,3440,1,23,1827096,201,0,1206,0,1,17,151997,3440,0,24,0,0,0,LEADER,1,4,1,20,23,201,0,0,0,0,0,0,0,0,0
155335,30,bully,3337,1,23,1824728,201,0,1206,0,1,30,151998,3337,0,24,0,0,0,LEADER,1,4,1,33,23,201,0,0,0,0,0,0,0,0,0
155520,5,bully,3522,1,23,1828983,201,401,1206,2406,2,1,151998,3522,0,24,0,0,0,NORMAL,0,3,2,3,73,201,0,401,0,0,0,0,0,0,0
155166,2,bully,3168,1,23,1820841,201,398,1206,2388,1,1,151998,3168,0,24,0,0,0,NORMAL,0,3,2,3,69,201,0,398,0,0,0,0,0,0,0
154914,28,bully,2916,1,23,1815045,201,0,1206,0,1,28,151998,2916,0,24,0,0,0,LEADER,1,4,1,31,23,201,0,0,0,0,0,0,0,0,0
155471,27,bully,3473,1,23,1827856,201,0,1206,0,1,27,151998,3473,0,24,0,0,0,LEADER,1,4,1,30,23,201,0,0,0,0,0,0,0,0,0
155505,37,bully,3507,1,23,1828638,201,0,1206,0,1,37,151998,3507,0,24,0,0,0,LEADER,1,4,1,40,23,201,0,0,0,0,0,0,0,0,0
154854,19,bully,2861,1,23,1813735,201,0,1206,0,1,19,151993,2861,0,24,0,0,0,LEADER,1,4,1,22,23,201,0,0,0,0,0,0,0,0,0
154723,22,bully,2725,1,23,1810652,201,0,1206,0,1,22,151998,2725,0,24,0,0,0,LEADER,1,4,1,25,23,201,0,0,0,0,0,0,0,0,0
154739,21,bully,2747,1,23,1811063,201,0,1206,0,1,21,151992,2747,0,24,0,0,0,LEADER,1,4,1,24,23,201,0,0,0,0,0,0,0,0,0
155199,33,bully,3201,1,23,1821600,201,0,1206,0,1,33,151998,3201,0,24,0,0,0,LEADER,1,4,1,36,23,201,0,0,0,0,0,0,0,0,0
155232,43,bully,3234,1,23,1822359,201,0,1206,0,1,43,151998,3234,0,24,0,0,0,LEADER,1,4,1,46,23,201,0,0,0,0,0,0,0,0,0
154996,16,bully,2998,1,23,1816931,201,202,1206,1212,2,1,151998,2998,0,24,0,0,0,NORMAL,0,3,2,3,78,201,0,202,0,0,0,0,0,0,0
155500,32,bully,3502,1,23,1828523,201,0,1206,0,1,32,151998,3502,0,24,0,0,0,LEADER,1,4,1,35,23,201,0,0,0,0,0,0,0,0,0
155541,4,bully,3543,1,23,1829466,201,401,1206,2406,1,1,151998,3543,0,24,0,0,0,NORMAL,0,3,2,3,72,201,0,401,0,0,0,0,0,0,0
155607,24,bully,3610,1,23,1830995,201,0,1206,0,1,24,151997,3610,0,24,0,0,0,LEADER,1,4,1,27,23,201,0,0,0,0,0,0,0,0,0
155302,20,bully,3304,1,23,1823969,201,0,1206,0,1,20,151998,3304,0,24,0,0,0,LEADER,1,4,1,23,23,201,0,0,0,0,0,0,0,0,0
154948,38,bully,2950,1,23,1815827,201,0,1206,0,1,38,151998,2950,0,24,0,0,0,LEADER,1,4,1,41,23,201,0,0,0,0,0,0,0,0,0
155583,23,bully,3585,1,23,1830432,201,0,1206,0,1,23,151998,3585,0,24,0,0,0,LEADER,1,4,1,26,23,201,0,0,0,0,0,0,0,0,0
155405,7,bully,3407,1,23,1826338,201,404,1206,2424,2,1,151998,3407,0,24,0,0,0,NORMAL,0,3,2,3,76,201,0,404,0,0,0,0,0,0,0
155538,47,bully,3540,1,23,1829397,201,0,1206,0,1,47,151998,3540,0,24,0,0,0,LEADER,1,4,1,50,23,201,0,0,0,0,0,0,0,0,0
155391,39,bully,3392,1,23,1826007,201,0,1206,0,1,39,151999,3392,0,24,0,0,0,LEADER,1,4,1,42,23,201,0,0,0,0,0,0,0,0,0
155550,15,bully,3555,1,23,1829725,201,199,1206,1194,2,1,151995,3555,0,24,0,0,0,NORMAL,0,3,2,3,82,201,0,199,0,0,0,0,0,0,0
155423,49,bully,3425,1,23,1826752,201,0,1206,0,1,49,151998,3425,0,24,0,0,0,LEADER,1,4,1,52,23,201,0,0,0,0,0,0,0,0,0
155207,1,bully,3216,1,23,1821911,201,403,1206,2418,1,1,151991,3216,0,24,0,0,0,LEADER,1,4,1,4,23,201,0,403,0,0,0,0,0,0,0
155365,40,bully,3371,1,23,1825465,201,0,1206,0,1,40,151994,3371,0,24,0,0,0,LEADER,1,4,1,43,23,201,0,0,0,0,0,0,0,0,0
155573,14,bully,3577,1,23,1830229,201,201,1206,1206,2,1,151996,3577,0,24,0,0,0,NORMAL,0,3,2,3,76,201,0,201,0,0,0,0,0,0,0
155675,44,bully,3677,1,23,1832548,201,0,1206,0,1,44,151998,3677,0,24,0,0,0,LEADER,1,4,1,47,23,201,0,0,0,0,0,0,0,0,0
155690,12,bully,3692,1,23,1832893,201,202,1206,1212,1,1,151998,3692,0,24,0,0,0,NORMAL,0,3,2,3,72,201,0,202,0,0,0,0,0,0,0
155641,34,bully,3643,1,23,1831766,201,0,1206,0,1,34,151998,3643,0,24,0,0,0,LEADER,1,4,1,37,23,201,0,0,0,0,0,0,0,0,0
157184,18,bully,2883,1,23,1814286,204,0,1224,0,1,18,154301,2883,0,24,0,0,0,LEADER,1,4,1,24,23,204,0,0,0,0,0,0,0,0,0
157129,9,bully,2828,1,23,1813021,204,202,1224,1212,1,1,154301,2828,0,24,0,0,0,NORMAL,0,3,1,6,69,204,0,202,0,0,0,0,0,0,0
157284,13,bully,2983,1,23,1816586,204,202,1224,1212,2,1,154301,2983,0,24,0,0,0,NORMAL,0,3,1,6,75,204,0,202,0,0,0,0,0,0,0
157354,25,bully,3053,1,23,1818196,204,0,1224,0,1,25,154301,3053,0,24,0,0,0,LEADER,1,4,1,31,23,204,0,0,0,0,0,0,0,0,0
157359,36,bully,3065,1,23,1818391,204,0,1224,0,1,36,154294,3065,0,24,0,0,0,LEADER,1,4,1,42,23,204,0,0,0,0,0,0,0,0,0
157196,29,bully,2895,1,23,1814562,204,0,1224,0,1,29,154301,2895,0,24,0,0,0,LEADER,1,4,1,35,23,204,0,0,0,0,0,0,0,0,0
157382,35,bully,3086,1,23,1818922,204,0,1224,0,1,35,154296,3086,0,24,0,0,0,LEADER,1,4,1,41,23,204,0,0,0,0,0,0,0,0,0
157263,6,bully,2965,1,23,1816143,204,406,1224,2436,2,1,154298,2965,0,24,0,0,0,NORMAL,0,3,1,6,75,204,0,406,0,0,0,0,0,0,0
157434,48,bully,3133,1,23,1820036,204,0,1224,0,1,48,154301,3133,0,24,0,0,0,LEADER,1,4,1,54,23,204,0,0,0,0,0,0,0,0,0
157168,50,bully,2868,1,23,1813935,204,0,1224,0,1,50,154300,2868,0,24,0,0,0,LEADER,1,4,1,56,23,204,0,0,0,0,0,0,0,0,0
157110,41,bully,2813,1,23,1812608,204,0,1224,0,1,41,154297,2813,0,24,0,0,0,LEADER,1,4,1,47,23,204,0,0,0,0,0,0,0,0,0
157572,10,bully,3271,1,23,1823210,204,203,1224,1218,1,1,154301,3271,0,24,0,0,0,NORMAL,0,3,1,6,71,204,0,203,0,0,0,0,0,0,0
157403,3,bully,3101,1,23,1819304,204,406,1224,2436,1,1,154302,3101,0,24,0,0,0,NORMAL,0,3,1,6,71,204,0,406,0,0,0,0,0,0,0
157014,11,bully,2713,1,23,1810376,204,197,1224,1182,1,1,154301,2713,0,24,0,0,0,NORMAL,0,3,1,6,94,204,0,197,0,0,0,0,0,0,0
157420,45,bully,3119,1,23,1819714,204,0,1224,0,1,45,154301,3119,0,24,0,0,0,LEADER,1,4,1,51,23,204,0,0,0,0,0,0,0,0,0
157557,42,bully,3256,1,23,1822865,204,0,1224,0,1,42,154301,3256,0,24,0,0,0,LEADER,1,4,1,48,23,204,0,0,0,0,0,0,0,0,0
157523,46,bully,3222,1,23,1822083,204,0,1224,0,1,46,154301,3222,0,24,0,0,0,LEADER,1,4,1,52,23,204,0,0,0,0,0,0,0,0,0
157081,31,bully,2780,1,23,1811917,204,0,1224,0,1,31,154301,2780,0,24,0,0,0,LEADER,1,4,1,37,23,204,0,0,0,0,0,0,0,0,0
157687,8,bully,3386,1,23,1825855,204,203,1224,1218,2,1,154301,3386,0,24,0,0,0,NORMAL,0,3,1,6,77,204,0,203,0,0,0,0,0,0,0
157332,26,bully,3031,1,23,1817690,204,0,1224,0,1,26,154301,3031,0,24,0,0,0,LEADER,1,4,1,32,23,204,0,0,0,0,0,0,0,0,0
157740,17,bully,3440,1,23,1827096,204,0,1224,0,1,17,154300,3440,0,24,0,0,0,LEADER,1,4,1,23,23,204,0,0,0,0,0,0,0,0,0
157638,30,bully,3337,1,23,1824728,204,0,1224,0,1,30,154301,3337,0,24,0,0,0,LEADER,1,4,1,36,23,204,0,0,0,0,0,0,0,0,0
157823,5,bully,3522,1,23,1828983,204,407,1224,2442,2,1,154301,3522,0,24,0,0,0,NORMAL,0,3,1,6,73,204,0,407,0,0,0,0,0,0,0
157469,2,bully,3168,1,23,1820841,204,404,1224,2424,1,1,154301,3168,0,24,0,0,0,NORMAL,0,3,1,6,69,204,0,404,0,0,0,0,0,0,0
157217,28,bully,2916,1,23,1815045,204,0,1224,0,1,28,154301,2916,0,24,0,0,0,LEADER,1,4,1,34,23,204,0,0,0,0,0,0,0,0,0
157774,27,bully,3473,1,23,1827856,204,0,1224,0,1,27,154301,3473,0,24,0,0,0,LEADER,1,4,1,33,23,204,0,0,0,0,0,0,0,0,0
157808,37,bully,3507,1,23,1828638,204,0,1224,0,1,37,154301,3507,0,24,0,0,0,LEADER,1,4,1,43,23,204,0,0,0,0,0,0,0,0,0
157157,19,bully,2861,1,23,1813735,204,0,1224,0,1,19,154296,2861,0,24,0,0,0,LEADER,1,4,1,25,23,204,0,0,0,0,0,0,0,0,0
157026,22,bully,2725,1,23,1810652,204,0,1224,0,1,22,154301,2725,0,24,0,0,0,LEADER,1,4,1,28,23,204,0,0,0,0,0,0,0,0,0
157042,21,bully,2747,1,23,1811063,204,0,1224,0,1,21,154295,2747,0,24,0,0,0,LEADER,1,4,1,27,23,204,0,0,0,0,0,0,0,0,0
157502,33,bully,3201,1,23,1821600,204,0,1224,0,1,33,154301,3201,0,24,0,0,0,LEADER,1,4,1,39,23,204,0,0,0,0,0,0,0,0,0
157535,43,bully,3234,1,23,1822359,204,0,1224,0,1,43,154301,3234,0,24,0,0,0,LEADER,1,4,1,49,23,204,0,0,0,0,0,0,0,0,0
157299,16,bully,2998,1,23,1816931,204,205,1224,1230,2,1,154301,2998,0,24,0,0,0,NORMAL,0,3,1,6,78,204,0,205,0,0,0,0,0,0,0
157803,32,bully,3502,1,23,1828523,204,0,1224,0,1,32,154301,3502,0,24,0,0,0,LEADER,1,4,1,38,23,204,0,0,0,0,0,0,0,0,0
157844,4,bully,3543,1,23,1829466,204,407,1224,2442,1,1,154301,3543,0,24,0,0,0,NORMAL,0,3,1,6,72,204,0,407,0,0,0,0,0,0,0
157910,24,bully,3610,1,23,1830995,204,0,1224,0,1,24,154300,3610,0,24,0,0,0,LEADER,1,4,1,30,23,204,0,0,0,0,0,0,0,0,0
157605,20,bully,3304,1,23,1823969,204,0,1224,0,1,20,154301,3304,0,24,0,0,0,LEADER,1,4,1,26,23,204,0,0,0,0,0,0,0,0,0
157251,38,bully,2950,1,23,1815827,204,0,1224,0,1,38,154301,2950,0,24,0,0,0,LEADER,1,4,1,44,23,204,0,0,0,0,0,0,0,0,0
157886,23,bully,3585,1,23,1830432,204,0,1224,0,1,23,154301,3585,0,24,0,0,0,LEADER,1,4,1,29,23,204,0,0,0,0,0,0,0,0,0
157708,7,bully,3407,1,23,1826338,204,410,1224,2460,2,1,154301,3407,0,24,0,0,0,NORMAL,0,3,1,6,76,204,0,410,0,0,0,0,0,0,0
157841,47,bully,3540,1,23,1829397,204,0,1224,0,1,47,154301,3540,0,24,0,0,0,LEADER,1,4,1,53,23,204,0,0,0,0,0,0,0,0,0
157694,39,bully,3392,1,23,1826007,204,0,1224,0,1,39,154302,3392,0,24,0,0,0,LEADER,1,4,1,45,23,204,0,0,0,0,0,0,0,0,0
157853,15,bully,3555,1,23,1829725,204,201,1224,1206,2,1,154298,3555,0,24,0,0,0,NORMAL,0,3,1,6,82,204,0,201,0,0,0,0,0,0,0
157726,49,bully,3425,1,23,1826752,204,0,1224,0,1,49,154301,3425,0,24,0,0,0,LEADER,1,4,1,55,23,204,0,0,0,0,0,0,0,0,0
157510,1,bully,3216,1,23,1821911,204,409,1224,2454,1,1,154294,3216,0,24,0,0,0,LEADER,1,4,1,7,23,204,0,409,0,0,0,0,0,0,0
157668,40,bully,3371,1,23,1825465,204,0,1224,0,1,40,154297,3371,0,24,0,0,0,LEADER,1,4,1,46,23,204,0,0,0,0,0,0,0,0,0
157876,14,bully,3577,1,23,1830229,204,204,1224,1224,2,1,154299,3577,0,24,0,0,0,NORMAL,0,3,1,6,76,204,0,204,0,0,0,0,0,0,0
157978,44,bully,3677,1,23,1832548,204,0,1224,0,1,44,154301,3677,0,24,0,0,0,LEADER,1,4,1,50,23,204,0,0,0,0,0,0,0,0,0
157993,12,bully,3692,1,23,1832893,204,205,1224,1230,1,1,154301,3692,0,24,0,0,0,NORMAL,0,3,1,6,72,204,0,205,0,0,0,0,0,0,0
157944,34,bully,3643,1,23,1831766,204,0,1224,0,1,34,154301,3643,0,24,0,0,0,LEADER,1,4,1,40,23,204,0,0,0,0,0,0,0,0,0
159487,18,bully,2883,1,23,1814286,207,0,1242,0,1,18,156604,2883,0,24,0,0,0,LEADER,1,4,1,27,23,207,0,0,0,0,0,0,0,0,0
159432,9,bully,2828,1,23,1813021,207,205,1242,1230,1,1,156604,2828,0,24,0,0,0,NORMAL,0,3,1,9,69,207,0,205,0,0,0,0,0,0,0
159587,13,bully,2983,1,23,1816586,207,205,1242,1230,2,1,156604,2983,0,24,0,0,0,NORMAL,0,3,1,9,75,207,0,205,0,0,0,0,0,0,0
159657,25,bully,3053,1,23,1818196,207,0,1242,0,1,25,156604,3053,0,24,0,0,0,LEADER,1,4,1,34,23,207,0,0,0,0,0,0,0,0,0
159662,36,bully,3065,1,23,1818391,207,0,1242,0,1,36,156597,3065,0,24,0,0,0,LEADER,1,4,1,45,23,207,0,0,0,0,0,0,0,0,0
159499,29,bully,2895,1,23,1814562,207,0,1242,0,1,29,156604,2895,0,24,0,0,0,LEADER,1,4,1,38,23,207,0,0,0,0,0,0,0,0,0
159685,35,bully,3086,1,23,1818922,207,0,1242,0,1,35,156599,3086,0,24,0,0,0,LEADER,1,4,1,44,23,207,0,0,0,0,0,0,0,0,0
159566,6,bully,2965,1,23,1816143,207,412,1242,2472,2,1,156601,2965,0,24,0,0,0,NORMAL,0,3,1,9,75,207,0,412,0,0,0,0,0,0,0
159737,48,bully,3133,1,23,1820036,207,0,1242,0,1,48,156604,3133,0,24,0,0,0,LEADER,1,4,1,57,23,207,0,0,0,0,0,0,0,0,0
159471,50,bully,2868,1,23,1813935,207,0,1242,0,1,50,156603,2868,0,24,0,0,0,LEADER,1,4,1,59,23,207,0,0,0,0,0,0,0,0,0
159413,41,bully,2813,1,23,1812608,207,0,1242,0,1,41,156600,2813,0,24,0,0,0,LEADER,1,4,1,50,23,207,0,0,0,0,0,0,0,0,0
159875,10,bully,3271,1,23,1823210,207,206,1242,1236,1,1,156604,3271,0,24,0,0,0,NORMAL,0,3,1,9,71,207,0,206,0,0,0,0,0,0,0
159706,3,bully,3101,1,23,1819304,207,412,1242,2472,1,1,156605,3101,0,24,0,0,0,NORMAL,0,3,1,9,71,207,0,412,0,0,0,0,0,0,0
159317,11,bully,2713,1,23,1810376,207,200,1242,1200,1,1,156604,2713,0,24,0,0,0,NORMAL,0,3,1,9,94,207,0,200,0,0,0,0,0,0,0
159723,45,bully,3119,1,23,1819714,207,0,1242,0,1,45,156604,3119,0,24,0,0,0,LEADER,1,4,1,54,23,207,0,0,0,0,0,0,0,0,0
159860,42,bully,3256,1,23,1822865,207,0,1242,0,1,42,156604,3256,0,24,0,0,0,LEADER,1,4,1,51,23,207,0,0,0,0,0,0,0,0,0
159826,46,bully,3222,1,23,1822083,207,0,1242,0,1,46,156604,3222,0,24,0,0,0,LEADER,1,4,1,55,23,207,0,0,0,0,0,0,0,0,0
159384,31,bully,2780,1,23,1811917,207,0,1242,0,1,31,156604,2780,0,24,0,0,0,LEADER,1,4,1,40,23,207,0,0,0,0,0,0,0,0,0
159990,8,bully,3386,1,23,1825855,207,206,1242,1236,2,1,156604,3386,0,24,0,0,0,NORMAL,0,3,1,9,77,207,0,206,0,0,0,0,0,0,0
159635,26,bully,3031,1,23,1817690,207,0,1242,0,1,26,156604,3031,0,24,0,0,0,LEADER,1,4,1,35,23,207,0,0,0,0,0,0,0,0,0
160043,17,bully,3440,1,23,1827096,207,0,1242,0,1,17,156603,3440,0,24,0,0,0,LEADER,1,4,1,26,23,207,0,0,0,0,0,0,0,0,0
159941,30,bully,3337,1,23,1824728,207,0,1242,0,1,30,156604,3337,0,24,0,0,0,LEADER,1,4,1,39,23,207,0,0,0,0,0,0,0,0,0
160126,5,bully,3522,1,23,1828983,207,413,1242,2478,2,1,156604,3522,0,24,0,0,0,NORMAL,0,3,1,9,73,207,0,413,0,0,0,0,0,0,0
159772,2,bully,3168,1,23,1820841,207,410,1242,2460,1,1,156604,3168,0,24,0,0,0,NORMAL,0,3,1,9,69,207,0,410,0,0,0,0,0,0,0
159520,28,bully,2916,1,23,1815045,207,0,1242,0,1,28,156604,2916,0,24,0,0,0,LEADER,1,4,1,37,23,207,0,0,0,0,0,0,0,0,0
160077,27,bully,3473,1,23,1827856,207,0,1242,0,1,27,156604,3473,0,24,0,0,0,LEADER,1,4,1,36,23,207,0,0,0,0,0,0,0,0,0
160111,37,bully,3507,1,23,1828638,207,0,1242,0,1,37,156604,3507,0,24,0,0,0,LEADER,1,4,1,46,23,207,0,0,0,0,0,0,0,0,0
159460,19,bully,2861,1,23,1813735,207,0,1242,0,1,19,156599,2861,0,24,0,0,0,LEADER,1,4,1,28,23,207,0,0,0,0,0,0,0,0,0
159329,22,bully,2725,1,23,1810652,207,0,1242,0,1,22,156604,2725,0,24,0,0,0,LEADER,1,4,1,31,23,207,0,0,0,0,0,0,0,0,0
159345,21,bully,2747,1,23,1811063,207,0,1242,0,1,21,156598,2747,0,24,0,0,0,LEADER,1,4,1,30,23,207,0,0,0,0,0,0,0,0,0
159805,33,bully,3201,1,23,1821600,207,0,1242,0,1,33,156604,3201,0,24,0,0,0,LEADER,1,4,1,42,23,207,0,0,0,0,0,0,0,0,0
159838,43,bully,3234,1,23,1822359,207,0,1242,0,1,43,156604,3234,0,24,0,0,0,LEADER,1,4,1,52,23,207,0,0,0,0,0,0,0,0,0
159602,16,bully,2998,1,23,1816931,207,208,1242,1248,2,1,156604,2998,0,24,0,0,0,NORMAL,0,3,1,9,78,207,0,208,0,0,0,0,0,0,0
160106,32,bully,3502,1,23,1828523,207,0,1242,0,1,32,156604,3502,0,24,0,0,0,LEADER,1,4,1,41,23,207,0,0,0,0,0,0,0,0,0
160147,4,bully,3543,1,23,1829466,207,413,1242,2478,1,1,156604,3543,0,24,0,0,0,NORMAL,0,3,1,9,72,207,0,413,0,0,0,0,0,0,0
160213,24,bully,3610,1,23,1830995,207,0,1242,0,1,24,156603,3610,0,24,0,0,0,LEADER,1,4,1,33,23,207,0,0,0,0,0,0,0,0,0
159908,20,bully,3304,1,23,1823969,207,0,1242,0,1,20,156604,3304,0,24,0,0,0,LEADER,1,4,1,29,23,207,0,0,0,0,0,0,0,0,0
159554,38,bully,2950,1,23,1815827,207,0,1242,0,1,38,156604,2950,0,24,0,0,0,LEADER,1,4,1,47,23,207,0,0,0,0,0,0,0,0,0
160189,23,bully,3585,1,23,1830432,207,0,1242,0,1,23,156604,3585,0,24,0,0,0,LEADER,1,4,1,32,23,207,0,0,0,0,0,0,0,0,0
160011,7,bully,3407,1,23,1826338,207,416,1242,2496,2,1,156604,3407,0,24,0,0,0,NORMAL,0,3,1,9,76,207,0,416,0,0,0,0,0,0,0
160144,47,bully,3540,1,23,1829397,207,0,1242,0,1,47,156604,3540,0,24,0,0,0,LEADER,1,4,1,56,23,207,0,0,0,0,0,0,0,0,0
159997,39,bully,3392,1,23,1826007,207,0,1242,0,1,39,156605,3392,0,24,0,0,0,LEADER,1,4,1,48,23,207,0,0,0,0,0,0,0,0,0
160156,15,bully,3555,1,23,1829725,207,205,1242,1230,2,1,156601,3555,0,24,0,0,0,NORMAL,0,3,1,9,82,207,0,205,0,0,0,0,0,0,0
160029,49,bully,3425,1,23,1826752,207,0,1242,0,1,49,156604,3425,0,24,0,0,0,LEADER,1,4,1,58,23,207,0,0,0,0,0,0,0,0,0
159813,1,bully,3216,1,23,1821911,207,415,1242,2490,1,1,156597,3216,0,24,0,0,0,LEADER,1,4,1,10,23,207,0,415,0,0,0,0,0,0,0
159971,40,bully,3371,1,23,1825465,207,0,1242,0,1,40,156600,3371,0,24,0,0,0,LEADER,1,4,1,49,23,207,0,0,0,0,0,0,0,0,0
160179,14,bully,3577,1,23,1830229,207,207,1242,1242,2,1,156602,3577,0,24,0,0,0,NORMAL,0,3,1,9,76,207,0,207,0,0,0,0,0,0,0
160281,44,bully,3677,1,23,1832548,207,0,1242,0,1,44,156604,3677,0,24,0,0,0,LEADER,1,4,1,53,23,207,0,0,0,0,0,0,0,0,0
160296,12,bully,3692,1,23,1832893,207,208,1242,1248,1,1,156604,3692,0,24,0,0,0,NORMAL,0,3,1,9,72,207,0,208,0,0,0,0,0,0,0
160247,34,bully,3643,1,23,1831766,207,0,1242,0,1,34,156604,3643,0,24,0,0,0,LEADER,1,4,1,43,23,207,0,0,0,0,0,0,0,0,0
161790,18,bully,2883,1,24,1976076,210,0,1260,0,1,18,158907,2883,0,25,0,0,0,LEADER,1,4,1,21,24,210,0,0,0,0,0,0,0,0,0
161735,9,bully,2828,1,24,1974756,210,208,1260,1248,1,1,158907,2828,0,25,0,0,0,NORMAL,0,3,2,3,72,210,0,208,0,0,0,0,0,0,0
161890,13,bully,2983,1,24,1978476,210,208,1260,1248,2,1,158907,2983,0,25,0,0,0,NORMAL,0,3,2,3,78,210,0,208,0,0,0,0,0,0,0
161960,25,bully,3053,1,24,1980156,210,0,1260,0,1,25,158907,3053,0,25,0,0,0,LEADER,1,4,1,28,24,210,0,0,0,0,0,0,0,0,0
161965,36,bully,3065,1,24,1980356,210,0,1260,0,1,36,158900,3065,0,25,0,0,0,LEADER,1,4,1,39,24,210,0,0,0,0,0,0,0,0,0
161802,29,bully,2895,1,24,1976364,210,0,1260,0,1,29,158907,2895,0,25,0,0,0,LEADER,1,4,1,32,24,210,0,0,0,0,0,0,0,0,0
161988,35,bully,3086,1,24,1980910,210,0,1260,0,1,35,158902,3086,0,25,0,0,0,LEADER,1,4,1,38,24,210,0,0,0,0,0,0,0,0,0
161869,6,bully,2965,1,24,1978012,210,418,1260,2508,2,1,158904,2965,0,25,0,0,0,NORMAL,0,3,2,3,78,210,0,418,0,0,0,0,0,0,0
162040,48,bully,3133,1,24,1982076,210,0,1260,0,1,48,158907,3133,0,25,0,0,0,LEADER,1,4,1,51,24,210,0,0,0,0,0,0,0,0,0
161774,50,bully,2868,1,24,1975709,210,0,1260,0,1,50,158906,2868,0,25,0,0,0,LEADER,1,4,1,53,24,210,0,0,0,0,0,0,0,0,0
161716,41,bully,2813,1,24,1974324,210,0,1260,0,1,41,158903,2813,0,25,0,0,0,LEADER,1,4,1,44,24,210,0,0,0,0,0,0,0,0,0
162178,10,bully,3271,1,24,1985388,210,209,1260,1254,1,1,158907,3271,0,25,0,0,0,NORMAL,0,3,2,3,74,210,0,209,0,0,0,0,0,0,0
162009,3,bully,3101,1,24,1981313,210,418,1260,2508,1,1,158908,3101,0,25,0,0,0,NORMAL,0,3,2,3,74,210,0,418,0,0,0,0,0,0,0
161620,11,bully,2713,1,24,1971996,210,203,1260,1218,1,1,158907,2713,0,25,0,0,0,NORMAL,0,3,2,3,98,210,0,203,0,0,0,0,0,0,0
162026,45,bully,3119,1,24,1981740,210,0,1260,0,1,45,158907,3119,0,25,0,0,0,LEADER,1,4,1,48,24,210,0,0,0,0,0,0,0,0,0
162163,42,bully,3256,1,24,1985028,210,0,1260,0,1,42,158907,3256,0,25,0,0,0,LEADER,1,4,1,45,24,210,0,0,0,0,0,0,0,0,0
162129,46,bully,3222,1,24,1984212,210,0,1260,0,1,46,158907,3222,0,25,0,0,0,LEADER,1,4,1,49,24,210,0,0,0,0,0,0,0,0,0
161687,31,bully,2780,1,24,1973604,210,0,1260,0,1,31,158907,2780,0,25,0,0,0,LEADER,1,4,1,34,24,210,0,0,0,0,0,0,0,0,0
162293,8,bully,3386,1,24,1988148,210,209,1260,1254,2,1,158907,3386,0,25,0,0,0,NORMAL,0,3,2,3,80,210,0,209,0,0,0,0,0,0,0
161938,26,bully,3031,1,24,1979628,210,0,1260,0,1,26,158907,3031,0,25,0,0,0,LEADER,1,4,1,29,24,210,0,0,0,0,0,0,0,0,0
162346,17,bully,3440,1,24,1989442,210,0,1260,0,1,17,158906,3440,0,25,0,0,0,LEADER,1,4,1,20,24,210,0,0,0,0,0,0,0,0,0
162244,30,bully,3337,1,24,1986972,210,0,1260,0,1,30,158907,3337,0,25,0,0,0,LEADER,1,4,1,33,24,210,0,0,0,0,0,0,0,0,0
162429,5,bully,3522,1,24,1991412,210,419,1260,2514,2,1,158907,3522,0,25,0,0,0,NORMAL,0,3,2,3,76,210,0,419,0,0,0,0,0,0,0
162075,2,bully,3168,1,24,1982916,210,416,1260,2496,1,1,158907,3168,0,25,0,0,0,NORMAL,0,3,2,3,72,210,0,416,0,0,0,0,0,0,0
161823,28,bully,2916,1,24,1976868,210,0,1260,0,1,28,158907,2916,0,25,0,0,0,LEADER,1,4,1,31,24,210,0,0,0,0,0,0,0,0,0
162380,27,bully,3473,1,24,1990236,210,0,1260,0,1,27,158907,3473,0,25,0,0,0,LEADER,1,4,1,30,24,210,0,0,0,0,0,0,0,0,0
162414,37,bully,3507,1,24,1991052,210,0,1260,0,1,37,158907,3507,0,25,0,0,0,LEADER,1,4,1,40,24,210,0,0,0,0,0,0,0,0,0
161763,19,bully,2861,1,24,1975498,210,0,1260,0,1,19,158902,2861,0,25,0,0,0,LEADER,1,4,1,22,24,210,0,0,0,0,0,0,0,0,0
161632,22,bully,2725,1,24,1972284,210,0,1260,0,1,22,158907,2725,0,25,0,0,0,LEADER,1,4,1,25,24,210,0,0,0,0,0,0,0,0,0
161648,21,bully,2747,1,24,1972711,210,0,1260,0,1,21,158901,2747,0,25,0,0,0,LEADER,1,4,1,24,24,210,0,0,0,0,0,0,0,0,0
162108,33,bully,3201,1,24,1983708,210,0,1260,0,1,33,158907,3201,0,25,0,0,0,LEADER,1,4,1,36,24,210,0,0,0,0,0,0,0,0,0
162141,43,bully,3234,1,24,1984500,210,0,1260,0,1,43,158907,3234,0,25,0,0,0,LEADER,1,4,1,46,24,210,0,0,0,0,0,0,0,0,0
161905,16,bully,2998,1,24,1978836,210,211,1260,1266,2,1,158907,2998,0,25,0,0,0,NORMAL,0,3,2,3,81,210,0,211,0,0,0,0,0,0,0
162409,32,bully,3502,1,24,1990932,210,0,1260,0,1,32,158907,3502,0,25,0,0,0,LEADER,1,4,1,35,24,210,0,0,0,0,0,0,0,0,0
162450,4,bully,3543,1,24,1991916,210,419,1260,2514,1,1,158907,3543,0,25,0,0,0,NORMAL,0,3,2,3,75,210,0,419,0,0,0,0,0,0,0
162516,24,bully,3610,1,24,1993511,210,0,1260,0,1,24,158906,3610,0,25,0,0,0,LEADER,1,4,1,27,24,210,0,0,0,0,0,0,0,0,0
162211,20,bully,3304,1,24,1986180,210,0,1260,0,1,20,158907,3304,0,25,0,0,0,LEADER,1,4,1,23,24,210,0,0,0,0,0,0,0,0,0
161857,38,bully,2950,1,24,1977684,210,0,1260,0,1,38,158907,2950,0,25,0,0,0,LEADER,1,4,1,41,24,210,0,0,0,0,0,0,0,0,0
162494,23,bully,3585,1,24,1992926,210,0,1260,0,1,23,158909,3585,0,25,0,0,0,LEADER,1,4,1,26,24,210,0,0,0,0,0,0,0,0,0
162314,7,bully,3407,1,24,1988652,210,422,1260,2532,2,1,158907,3407,0,25,0,0,0,NORMAL,0,3,2,3,79,210,0,422,0,0,0,0,0,0,0
162447,47,bully,3540,1,24,1991844,210,0,1260,0,1,47,158907,3540,0,25,0,0,0,LEADER,1,4,1,50,24,210,0,0,0,0,0,0,0,0,0
162300,39,bully,3392,1,24,1988307,210,0,1260,0,1,39,158908,3392,0,25,0,0,0,LEADER,1,4,1,42,24,210,0,0,0,0,0,0,0,0,0
162459,15,bully,3555,1,24,1992184,210,207,1260,1242,2,1,158904,3555,0,25,0,0,0,NORMAL,0,3,2,3,85,210,0,207,0,0,0,0,0,0,0
162332,49,bully,3425,1,24,1989084,210,0,1260,0,1,49,158907,3425,0,25,0,0,0,LEADER,1,4,1,52,24,210,0,0,0,0,0,0,0,0,0
162116,1,bully,3216,1,24,1984027,210,422,1260,2532,1,1,158900,3216,0,25,0,0,0,LEADER,1,4,1,4,24,210,0,422,0,0,0,0,0,0,0
162274,40,bully,3371,1,24,1987739,210,0,1260,0,1,40,158903,3371,0,25,0,0,0,LEADER,1,4,1,43,24,210,0,0,0,0,0,0,0,0,0
162482,14,bully,3577,1,24,1992711,210,210,1260,1260,2,1,158905,3577,0,25,0,0,0,NORMAL,0,3,2,3,79,210,0,210,0,0,0,0,0,0,0
162584,44,bully,3677,1,24,1995132,210,0,1260,0,1,44,158907,3677,0,25,0,0,0,LEADER,1,4,1,47,24,210,0,0,0,0,0,0,0,0,0
162599,12,bully,3692,1,24,1995492,210,211,1260,1266,1,1,158907,3692,0,25,0,0,0,NORMAL,0,3,2,3,75,210,0,211,0,0,0,0,0,0,0
162550,34,bully,3643,1,24,1994316,210,0,1260,0,1,34,158907,3643,0,25,0,0,0,LEADER,1,4,1,37,24,210,0,0,0,0,0,0,0,0,0
164093,18,bully,2883,1,24,1976076,213,0,1278,0,1,18,161210,2883,0,25,0,0,0,LEADER,1,4,1,24,24,213,0,0,0,0,0,0,0,0,0
164038,9,bully,2828,1,24,1974756,213,211,1278,1266,1,1,161210,2828,0,25,0,0,0,NORMAL,0,3,1,6,72,213,0,211,0,0,0,0,0,0,0
164193,13,bully,2983,1,24,1978476,213,211,1278,1266,2,1,161210,2983,0,25,0,0,0,NORMAL,0,3,1,6,78,213,0,211,0,0,0,0,0,0,0
164263,25,bully,3053,1,24,1980156,213,0,1278,0,1,25,161210,3053,0,25,0,0,0,LEADER,1,4,1,31,24,213,0,0,0,0,0,0,0,0,0
164267,36,bully,3065,1,24,1980356,213,0,1278,0,1,36,161202,3065,0,25,0,0,0,LEADER,1,4,1,42,24,213,0,0,0,0,0,0,0,0,0
164105,29,bully,2895,1,24,1976364,213,0,1278,0,1,29,161210,2895,0,25,0,0,0,LEADER,1,4,1,35,24,213,0,0,0,0,0,0,0,0,0
164291,35,bully,3086,1,24,1980910,213,0,1278,0,1,35,161205,3086,0,25,0,0,0,LEADER,1,4,1,41,24,213,0,0,0,0,0,0,0,0,0
164172,6,bully,2965,1,24,1978012,213,424,1278,2544,2,1,161207,2965,0,25,0,0,0,NORMAL,0,3,1,6,78,213,0,424,0,0,0,0,0,0,0
164343,48,bully,3133,1,24,1982076,213,0,1278,0,1,48,161210,3133,0,25,0,0,0,LEADER,1,4,1,54,24,213,0,0,0,0,0,0,0,0,0
164077,50,bully,2868,1,24,1975709,213,0,1278,0,1,50,161209,2868,0,25,0,0,0,LEADER,1,4,1,56,24,213,0,0,0,0,0,0,0,0,0
164019,41,bully,2813,1,24,1974324,213,0,1278,0,1,41,161206,2813,0,25,0,0,0,LEADER,1,4,1,47,24,213,0,0,0,0,0,0,0,0,0
164481,10,bully,3271,1,24,1985388,213,212,1278,1272,1,1,161210,3271,0,25,0,0,0,NORMAL,0,3,1,6,74,213,0,212,0,0,0,0,0,0,0
164312,3,bully,3101,1,24,1981313,213,424,1278,2544,1,1,161211,3101,0,25,0,0,0,NORMAL,0,3,1,6,74,213,0,424,0,0,0,0,0,0,0
163923,11,bully,2713,1,24,1971996,213,206,1278,1236,1,1,161210,2713,0,25,0,0,0,NORMAL,0,3,1,6,98,213,0,206,0,0,0,0,0,0,0
164329,45,bully,3119,1,24,1981740,213,0,1278,0,1,45,161210,3119,0,25,0,0,0,LEADER,1,4,1,51,24,213,0,0,0,0,0,0,0,0,0
164466,42,bully,3256,1,24,1985028,213,0,1278,0,1,42,161210,3256,0,25,0,0,0,LEADER,1,4,1,48,24,213,0,0,0,0,0,0,0,0,0
164432,46,bully,3222,1,24,1984212,213,0,1278,0,1,46,161210,3222,0,25,0,0,0,LEADER,1,4,1,52,24,213,0,0,0,0,0,0,0,0,0
163990,31,bully,2780,1,24,1973604,213,0,1278,0,1,31,161210,2780,0,25,0,0,0,LEADER,1,4,1,37,24,213,0,0,0,0,0,0,0,0,0
164596,8,bully,3386,1,24,1988148,213,212,1278,1272,2,1,161210,3386,0,25,0,0,0,NORMAL,0,3,1,6,80,213,0,212,0,0,0,0,0,0,0
164241,26,bully,3031,1,24,1979628,213,0,1278,0,1,26,161210,3031,0,25,0,0,0,LEADER,1,4,1,32,24,213,0,0,0,0,0,0,0,0,0
164649,17,bully,3440,1,24,1989442,213,0,1278,0,1,17,161209,3440,0,25,0,0,0,LEADER,1,4,1,23,24,213,0,0,0,0,0,0,0,0,0
164547,30,bully,3337,1,24,1986972,213,0,1278,0,1,30,161210,3337,0,25,0,0,0,LEADER,1,4,1,36,24,213,0,0,0,0,0,0,0,0,0
164732,5,bully,3522,1,24,1991412,213,425,1278,2550,2,1,161210,3522,0,25,0,0,0,NORMAL,0,3,1,6,76,213,0,425,0,0,0,0,0,0,0
164378,2,bully,3168,1,24,1982916,213,422,1278,2532,1,1,161210,3168,0,25,0,0,0,NORMAL,0,3,1,6,72,213,0,422,0,0,0,0,0,0,0
164126,28,bully,2916,1,24,1976868,213,0,1278,0,1,28,161210,2916,0,25,0,0,0,LEADER,1,4,1,34,24,213,0,0,0,0,0,0,0,0,0
164683,27,bully,3473,1,24,1990236,213,0,1278,0,1,27,161210,3473,0,25,0,0,0,LEADER,1,4,1,33,24,213,0,0,0,0,0,0,0,0,0
164717,37,bully,3507,1,24,1991052,213,0,1278,0,1,37,161210,3507,0,25,0,0,0,LEADER,1,4,1,43,24,213,0,0,0,0,0,0,0,0,0
164066,19,bully,2861,1,24,1975498,213,0,1278,0,1,19,161205,2861,0,25,0,0,0,LEADER,1,4,1,25,24,213,0,0,0,0,0,0,0,0,0
163935,22,bully,2725,1,24,1972284,213,0,1278,0,1,22,161210,2725,0,25,0,0,0,LEADER,1,4,1,28,24,213,0,0,0,0,0,0,0,0,0
163951,21,bully,2747,1,24,1972711,213,0,1278,0,1,21,161204,2747,0,25,0,0,0,LEADER,1,4,1,27,24,213,0,0,0,0,0,0,0,0,0
164411,33,bully,3201,1,24,1983708,213,0,1278,0,1,33,161210,3201,0,25,0,0,0,LEADER,1,4,1,39,24,213,0,0,0,0,0,0,0,0,0
164444,43,bully,3234,1,24,1984500,213,0,1278,0,1,43,161210,3234,0,25,0,0,0,LEADER,1,4,1,49,24,213,0,0,0,0,0,0,0,0,0
164208,16,bully,2998,1,24,1978836,213,214,1278,1284,2,1,161210,2998,0,25,0,0,0,NORMAL,0,3,1,6,81,213,0,214,0,0,0,0,0,0,0
164712,32,bully,3502,1,24,1990932,213,0,1278,0,1,32,161210,3502,0,25,0,0,0,LEADER,1,4,1,38,24,213,0,0,0,0,0,0,0,0,0
164753,4,bully,3543,1,24,1991916,213,425,1278,2550,1,1,161210,3543,0,25,0,0,0,NORMAL,0,3,1,6,75,213,0,425,0,0,0,0,0,0,0
164819,24,bully,3610,1,24,1993511,213,0,1278,0,1,24,161209,3610,0,25,0,0,0,LEADER,1,4,1,30,24,213,0,0,0,0,0,0,0,0,0
164514,20,bully,3304,1,24,1986180,213,0,1278,0,1,20,161210,3304,0,25,0,0,0,LEADER,1,4,1,26,24,213,0,0,0,0,0,0,0,0,0
164160,38,bully,2950,1,24,1977684,213,0,1278,0,1,38,161210,2950,0,25,0,0,0,LEADER,1,4,1,44,24,213,0,0,0,0,0,0,0,0,0
164797,23,bully,3585,1,24,1992926,213,0,1278,0,1,23,161212,3585,0,25,0,0,0,LEADER,1,4,1,29,24,213,0,0,0,0,0,0,0,0,0
164617,7,bully,3407,1,24,1988652,213,428,1278,2568,2,1,161210,3407,0,25,0,0,0,NORMAL,0,3,1,6,79,213,0,428,0,0,0,0,0,0,0
164750,47,bully,3540,1,24,1991844,213,0,1278,0,1,47,161210,3540,0,25,0,0,0,LEADER,1,4,1,53,24,213,0,0,0,0,0,0,0,0,0
164603,39,bully,3392,1,24,1988307,213,0,1278,0,1,39,161211,3392,0,25,0,0,0,LEADER,1,4,1,45,24,213,0,0,0,0,0,0,0,0,0
164762,15,bully,3555,1,24,1992184,213,210,1278,1260,2,1,161207,3555,0,25,0,0,0,NORMAL,0,3,1,6,85,213,0,210,0,0,0,0,0,0,0
164635,49,bully,3425,1,24,1989084,213,0,1278,0,1,49,161210,3425,0,25,0,0,0,LEADER,1,4,1,55,24,213,0,0,0,0,0,0,0,0,0
164419,1,bully,3216,1,24,1984027,213,427,1278,2562,1,1,161203,3216,0,25,0,0,0,LEADER,1,4,1,7,24,213,0,427,0,0,0,0,0,0,0
164577,40,bully,3371,1,24,1987739,213,0,1278,0,1,40,161206,3371,0,25,0,0,0,LEADER,1,4,1,46,24,213,0,0,0,0,0,0,0,0,0
164785,14,bully,3577,1,24,1992711,213,213,1278,1278,2,1,161208,3577,0,25,0,0,0,NORMAL,0,3,1,6,79,213,0,213,0,0,0,0,0,0,0
164887,44,bully,3677,1,24,1995132,213,0,1278,0,1,44,161210,3677,0,25,0,0,0,LEADER,1,4,1,50,24,213,0,0,0,0,0,0,0,0,0
164902,12,bully,3692,1,24,1995492,213,214,1278,1284,1,1,161210,3692,0,25,0,0,0,NORMAL,0,3,1,6,75,213,0,214,0,0,0,0,0,0,0
164853,34,bully,3643,1,24,1994316,213,0,1278,0,1,34,161210,3643,0,25,0,0,0,LEADER,1,4,1,40,24,213,0,0,0,0,0,0,0,0,0
166396,18,bully,2883,1,24,1976076,216,0,1296,0,1,18,163513,2883,0,25,0,0,0,LEADER,1,4,1,27,24,216,0,0,0,0,0,0,0,0,0
166341,9,bully,2828,1,24,1974756,216,214,1296,1284,1,1,163513,2828,0,25,0,0,0,NORMAL,0,3,1,9,72,216,0,214,0,0,0,0,0,0,0
166496,13,bully,2983,1,24,1978476,216,214,1296,1284,2,1,163513,2983,0,25,0,0,0,NORMAL,0,3,1,9,78,216,0,214,0,0,0,0,0,0,0
166566,25,bully,3053,1,24,1980156,216,0,1296,0,1,25,163513,3053,0,25,0,0,0,LEADER,1,4,1,34,24,216,0,0,0,0,0,0,0,0,0
166570,36,bully,3065,1,24,1980356,216,0,1296,0,1,36,163505,3065,0,25,0,0,0,LEADER,1,4,1,45,24,216,0,0,0,0,0,0,0,0,0
166408,29,bully,2895,1,24,1976364,216,0,1296,0,1,29,163513,2895,0,25,0,0,0,LEADER,1,4,1,38,24,216,0,0,0,0,0,0,0,0,0
166594,35,bully,3086,1,24,1980910,216,0,1296,0,1,35,163508,3086,0,25,0,0,0,LEADER,1,4,1,44,24,216,0,0,0,0,0,0,0,0,0
166475,6,bully,2965,1,24,1978012,216,430,1296,2580,2,1,163510,2965,0,25,0,0,0,NORMAL,0,3,1,9,78,216,0,430,0,0,0,0,0,0,0
166646,48,bully,3133,1,24,1982076,216,0,1296,0,1,48,163513,3133,0,25,0,0,0,LEADER,1,4,1,57,24,216,0,0,0,0,0,0,0,0,0
166380,50,bully,2868,1,24,1975709,216,0,1296,0,1,50,163512,2868,0,25,0,0,0,LEADER,1,4,1,59,24,216,0,0,0,0,0,0,0,0,0
166322,41,bully,2813,1,24,1974324,216,0,1296,0,1,41,163509,2813,0,25,0,0,0,LEADER,1,4,1,50,24,216,0,0,0,0,0,0,0,0,0
166784,10,bully,3271,1,24,1985388,216,215,1296,1290,1,1,163513,3271,0,25,0,0,0,NORMAL,0,3,1,9,74,216,0,215,0,0,0,0,0,0,0
166615,3,bully,3101,1,24,1981313,216,430,1296,2580,1,1,163514,3101,0,25,0,0,0,NORMAL,0,3,1,9,74,216,0,430,0,0,0,0,0,0,0
166226,11,bully,2713,1,24,1971996,216,209,1296,1254,1,1,163513,2713,0,25,0,0,0,NORMAL,0,3,1,9,98,216,0,209,0,0,0,0,0,0,0
166632,45,bully,3119,1,24,1981740,216,0,1296,0,1,45,163513,3119,0,25,0,0,0,LEADER,1,4,1,54,24,216,0,0,0,0,0,0,0,0,0
166769,42,bully,3256,1,24,1985028,216,0,1296,0,1,42,163513,3256,0,25,0,0,0,LEADER,1,4,1,51,24,216,0,0,0,0,0,0,0,0,0
166735,46,bully,3222,1,24,1984212,216,0,1296,0,1,46,163513,3222,0,25,0,0,0,LEADER,1,4,1,55,24,216,0,0,0,0,0,0,0,0,0
166293,31,bully,2780,1,24,1973604,216,0,1296,0,1,31,163513,2780,0,25,0,0,0,LEADER,1,4,1,40,24,216,0,0,0,0,0,0,0,0,0
166899,8,bully,3386,1,24,1988148,216,215,1296,1290,2,1,163513,3386,0,25,0,0,0,NORMAL,0,3,1,9,80,216,0,215,0,0,0,0,0,0,0
166544,26,bully,3031,1,24,1979628,216,0,1296,0,1,26,163513,3031,0,25,0,0,0,LEADER,1,4,1,35,24,216,0,0,0,0,0,0,0,0,0
166952,17,bully,3440,1,24,1989442,216,0,1296,0,1,17,163512,3440,0,25,0,0,0,LEADER,1,4,1,26,24,216,0,0,0,0,0,0,0,0,0
166850,30,bully,3337,1,24,1986972,216,0,1296,0,1,30,163513,3337,0,25,0,0,0,LEADER,1,4,1,39,24,216,0,0,0,0,0,0,0,0,0
167035,5,bully,3522,1,24,1991412,216,431,1296,2586,2,1,163513,3522,0,25,0,0,0,NORMAL,0,3,1,9,76,216,0,431,0,0,0,0,0,0,0
166681,2,bully,3168,1,24,1982916,216,428,1296,2568,1,1,163513,3168,0,25,0,0,0,NORMAL,0,3,1,9,72,216,0,428,0,0,0,0,0,0,0
166429,28,bully,2916,1,24,1976868,216,0,1296,0,1,28,163513,2916,0,25,0,0,0,LEADER,1,4,1,37,24,216,0,0,0,0,0,0,0,0,0
166986,27,bully,3473,1,24,1990236,216,0,1296,0,1,27,163513,3473,0,25,0,0,0,LEADER,1,4,1,36,24,216,0,0,0,0,0,0,0,0,0
167020,37,bully,3507,1,24,1991052,216,0,1296,0,1,37,163513,3507,0,25,0,0,0,LEADER,1,4,1,46,24,216,0,0,0,0,0,0,0,0,0
166369,19,bully,2861,1,24,1975498,216,0,1296,0,1,19,163508,2861,0,25,0,0,0,LEADER,1,4,1,28,24,216,0,0,0,0,0,0,0,0,0
166238,22,bully,2725,1,24,1972284,216,0,1296,0,1,22,163513,2725,0,25,0,0,0,LEADER,1,4,1,31,24,216,0,0,0,0,0,0,0,0,0
166254,21,bully,2747,1,24,1972711,216,0,1296,0,1,21,163507,2747,0,25,0,0,0,LEADER,1,4,1,30,24,216,0,0,0,0,0,0,0,0,0
166714,33,bully,3201,1,24,1983708,216,0,1296,0,1,33,163513,3201,0,25,0,0,0,LEADER,1,4,1,42,24,216,0,0,0,0,0,0,0,0,0
166747,43,bully,3234,1,24,1984500,216,0,1296,0,1,43,163513,3234,0,25,0,0,0,LEADER,1,4,1,52,24,216,0,0,0,0,0,0,0,0,0
166511,16,bully,2998,1,24,1978836,216,217,1296,1302,2,1,163513,2998,0,25,0,0,0,NORMAL,0,3,1,9,81,216,0,217,0,0,0,0,0,0,0
167015,32,bully,3502,1,24,1990932,216,0,1296,0,1,32,163513,3502,0,25,0,0,0,LEADER,1,4,1,41,24,216,0,0,0,0,0,0,0,0,0
167056,4,bully,3543,1,24,1991916,216,431,1296,2586,1,1,163513,3543,0,25,0,0,0,NORMAL,0,3,1,9,75,216,0,431,0,0,0,0,0,0,0
167122,24,bully,3610,1,24,1993511,216,0,1296,0,1,24,163512,3610,0,25,0,0,0,LEADER,1,4,1,33,24,216,0,0,0,0,0,0,0,0,0
166817,20,bully,3304,1,24,1986180,216,0,1296,0,1,20,163513,3304,0,25,0,0,0,LEADER,1,4,1,29,24,216,0,0,0,0,0,0,0,0,0
166463,38,bully,2950,1,24,1977684,216,0,1296,0,1,38,163513,2950,0,25,0,0,0,LEADER,1,4,1,47,24,216,0,0,0,0,0,0,0,0,0
167100,23,bully,3585,1,24,1992926,216,0,1296,0,1,23,163515,3585,0,25,0,0,0,LEADER,1,4,1,32,24,216,0,0,0,0,0,0,0,0,0
166920,7,bully,3407,1,24,1988652,216,434,1296,2604,2,1,163513,3407,0,25,0,0,0,NORMAL,0,3,1,9,79,216,0,434,0,0,0,0,0,0,0
167053,47,bully,3540,1,24,1991844,216,0,1296,0,1,47,163513,3540,0,25,0,0,0,LEADER,1,4,1,56,24,216,0,0,0,0,0,0,0,0,0
166906,39,bully,3392,1,24,1988307,216,0,1296,0,1,39,163514,3392,0,25,0,0,0,LEADER,1,4,1,48,24,216,0,0,0,0,0,0,0,0,0
167064,15,bully,3555,1,24,1992184,216,214,1296,1284,2,1,163509,3555,0,25,0,0,0,NORMAL,0,3,1,9,85,216,0,214,0,0,0,0,0,0,0
166938,49,bully,3425,1,24,1989084,216,0,1296,0,1,49,163513,3425,0,25,0,0,0,LEADER,1,4,1,58,24,216,0,0,0,0,0,0,0,0,0
166722,1,bully,3216,1,24,1984027,216,433,1296,2598,1,1,163506,3216,0,25,0,0,0,LEADER,1,4,1,10,24,216,0,433,0,0,0,0,0,0,0
166880,40,bully,3371,1,24,1987739,216,0,1296,0,1,40,163509,3371,0,25,0,0,0,LEADER,1,4,1,49,24,216,0,0,0,0,0,0,0,0,0
167088,14,bully,3577,1,24,1992711,216,216,1296,1296,2,1,163511,3577,0,25,0,0,0,NORMAL,0,3,1,9,79,216,0,216,0,0,0,0,0,0,0
167190,44,bully,3677,1,24,1995132,216,0,1296,0,1,44,163513,3677,0,25,0,0,0,LEADER,1,4,1,53,24,216,0,0,0,0,0,0,0,0,0
167205,12,bully,3692,1,24,1995492,216,217,1296,1302,1,1,163513,3692,0,25,0,0,0,NORMAL,0,3,1,9,75,216,0,217,0,0,0,0,0,0,0
167156,34,bully,3643,1,24,1994316,216,0,1296,0,1,34,163513,3643,0,25,0,0,0,LEADER,1,4,1,43,24,216,0,0,0,0,0,0,0,0,0
168699,18,bully,2883,1,25,2144775,219,0,1314,0,1,18,165816,2883,0,26,0,0,0,LEADER,1,4,1,21,25,219,0,0,0,0,0,0,0,0,0
168644,9,bully,2828,1,25,2143400,219,217,1314,1302,1,1,165816,2828,0,26,0,0,0,NORMAL,0,3,2,3,75,219,0,217,0,0,0,0,0,0,0
168799,13,bully,2983,1,25,2147275,219,217,1314,1302,2,1,165816,2983,0,26,0,0,0,NORMAL,0,3,2,3,81,219,0,217,0,0,0,0,0,0,0
168869,25,bully,3053,1,25,2149025,219,0,1314,0,1,25,165816,3053,0,26,0,0,0,LEADER,1,4,1,28,25,219,0,0,0,0,0,0,0,0,0
168873,36,bully,3065,1,25,2149229,219,0,1314,0,1,36,165808,3065,0,26,0,0,0,LEADER,1,4,1,39,25,219,0,0,0,0,0,0,0,0,0
168711,29,bully,2895,1,25,2145075,219,0,1314,0,1,29,165816,2895,0,26,0,0,0,LEADER,1,4,1,32,25,219,0,0,0,0,0,0,0,0,0
168897,35,bully,3086,1,25,2149807,219,0,1314,0,1,35,165811,3086,0,26,0,0,0,LEADER,1,4,1,38,25,219,0,0,0,0,0,0,0,0,0
168778,6,bully,2965,1,25,2146790,219,436,1314,2616,2,1,165813,2965,0,26,0,0,0,NORMAL,0,3,2,3,81,219,0,436,0,0,0,0,0,0,0
168949,48,bully,3133,1,25,2151025,219,0,1314,0,1,48,165816,3133,0,26,0,0,0,LEADER,1,4,1,51,25,219,0,0,0,0,0,0,0,0,0
168683,50,bully,2868,1,25,2144392,219,0,1314,0,1,50,165815,2868,0,26,0,0,0,LEADER,1,4,1,53,25,219,0,0,0,0,0,0,0,0,0
168625,41,bully,2813,1,25,2142949,219,0,1314,0,1,41,165812,2813,0,26,0,0,0,LEADER,1,4,1,44,25,219,0,0,0,0,0,0,0,0,0
169087,10,bully,3271,1,25,2154475,219,218,1314,1308,1,1,165816,3271,0,26,0,0,0,NORMAL,0,3,2,3,77,219,0,218,0,0,0,0,0,0,0
168918,3,bully,3101,1,25,2150231,219,436,1314,2616,1,1,165817,3101,0,26,0,0,0,NORMAL,0,3,2,3,77,219,0,436,0,0,0,0,0,0,0
168529,11,bully,2713,1,25,2140525,219,212,1314,1272,1,1,165816,2713,0,26,0,0,0,NORMAL,0,3,2,3,102,219,0,212,0,0,0,0,0,0,0
168935,45,bully,3119,1,25,2150675,219,0,1314,0,1,45,165816,3119,0,26,0,0,0,LEADER,1,4,1,48,25,219,0,0,0,0,0,0,0,0,0
169072,42,bully,3256,1,25,2154100,219,0,1314,0,1,42,165816,3256,0,26,0,0,0,LEADER,1,4,1,45,25,219,0,0,0,0,0,0,0,0,0
169038,46,bully,3222,1,25,2153250,219,0,1314,0,1,46,165816,3222,0,26,0,0,0,LEADER,1,4,1,49,25,219,0,0,0,0,0,0,0,0,0
168596,31,bully,2780,1,25,2142200,219,0,1314,0,1,31,165816,2780,0,26,0,0,0,LEADER,1,4,1,34,25,219,0,0,0,0,0,0,0,0,0
169202,8,bully,3386,1,25,2157350,219,218,1314,1308,2,1,165816,3386,0,26,0,0,0,NORMAL,0,3,2,3,83,219,0,218,0,0,0,0,0,0,0
168847,26,bully,3031,1,25,2148475,219,0,1314,0,1,26,165816,3031,0,26,0,0,0,LEADER,1,4,1,29,25,219,0,0,0,0,0,0,0,0,0
169255,17,bully,3440,1,25,2158697,219,0,1314,0,1,17,165815,3440,0,26,0,0,0,LEADER,1,4,1,20,25,219,0,0,0,0,0,0,0,0,0
169153,30,bully,3337,1,25,2156125,219,0,1314,0,1,30,165816,3337,0,26,0,0,0,LEADER,1,4,1,33,25,219,0,0,0,0,0,0,0,0,0
169338,5,bully,3522,1,25,2160750,219,437,1314,2622,2,1,165816,3522,0,26,0,0,0,NORMAL,0,3,2,3,79,219,0,437,0,0,0,0,0,0,0
168984,2,bully,3168,1,25,2151900,219,434,1314,2604,1,1,165816,3168,0,26,0,0,0,NORMAL,0,3,2,3,75,219,0,434,0,0,0,0,0,0,0
168732,28,bully,2916,1,25,2145600,219,0,1314,0,1,28,165816,2916,0,26,0,0,0,LEADER,1,4,1,31,25,219,0,0,0,0,0,0,0,0,0
169289,27,bully,3473,1,25,2159525,219,0,1314,0,1,27,165816,3473,0,26,0,0,0,LEADER,1,4,1,30,25,219,0,0,0,0,0,0,0,0,0
169323,37,bully,3507,1,25,2160375,219,0,1314,0,1,37,165816,3507,0,26,0,0,0,LEADER,1,4,1,40,25,219,0,0,0,0,0,0,0,0,0
168672,19,bully,2861,1,25,2144170,219,0,1314,0,1,19,165811,2861,0,26,0,0,0,LEADER,1,4,1,22,25,219,0,0,0,0,0,0,0,0,0
168541,22,bully,2725,1,25,2140825,219,0,1314,0,1,22,165816,2725,0,26,0,0,0,LEADER,1,4,1,25,25,219,0,0,0,0,0,0,0,0,0
168557,21,bully,2747,1,25,2141268,219,0,1314,0,1,21,165810,2747,0,26,0,0,0,LEADER,1,4,1,24,25,219,0,0,0,0,0,0,0,0,0
169017,33,bully,3201,1,25,2152725,219,0,1314,0,1,33,165816,3201,0,26,0,0,0,LEADER,1,4,1,36,25,219,0,0,0,0,0,0,0,0,0
169050,43,bully,3234,1,25,2153550,219,0,1314,0,1,43,165816,3234,0,26,0,0,0,LEADER,1,4,1,46,25,219,0,0,0,0,0,0,0,0,0
168814,16,bully,2998,1,25,2147650,219,220,1314,1320,2,1,165816,2998,0,26,0,0,0,NORMAL,0,3,2,3,84,219,0,220,0,0,0,0,0,0,0
169318,32,bully,3502,1,25,2160250,219,0,1314,0,1,32,165816,3502,0,26,0,0,0,LEADER,1,4,1,35,25,219,0,0,0,0,0,0,0,0,0
169359,4,bully,3543,1,25,2161275,219,437,1314,2622,1,1,165816,3543,0,26,0,0,0,NORMAL,0,3,2,3,78,219,0,437,0,0,0,0,0,0,0
169425,24,bully,3610,1,25,2162936,219,0,1314,0,1,24,165815,3610,0,26,0,0,0,LEADER,1,4,1,27,25,219,0,0,0,0,0,0,0,0,0
169120,20,bully,3304,1,25,2155300,219,0,1314,0,1,20,165816,3304,0,26,0,0,0,LEADER,1,4,1,23,25,219,0,0,0,0,0,0,0,0,0
168766,38,bully,2950,1,25,2146450,219,0,1314,0,1,38,165816,2950,0,26,0,0,0,LEADER,1,4,1,41,25,219,0,0,0,0,0,0,0,0,0
169403,23,bully,3585,1,25,2162329,219,0,1314,0,1,23,165818,3585,0,26,0,0,0,LEADER,1,4,1,26,25,219,0,0,0,0,0,0,0,0,0
169223,7,bully,3407,1,25,2157875,219,440,1314,2640,2,1,165816,3407,0,26,0,0,0,NORMAL,0,3,2,3,82,219,0,440,0,0,0,0,0,0,0
169356,47,bully,3540,1,25,2161200,219,0,1314,0,1,47,165816,3540,0,26,0,0,0,LEADER,1,4,1,50,25,219,0,0,0,0,0,0,0,0,0
169209,39,bully,3392,1,25,2157516,219,0,1314,0,1,39,165817,3392,0,26,0,0,0,LEADER,1,4,1,42,25,219,0,0,0,0,0,0,0,0,0
169367,15,bully,3555,1,25,2161551,219,215,1314,1290,2,1,165812,3555,0,26,0,0,0,NORMAL,0,3,2,3,88,219,0,215,0,0,0,0,0,0,0
169241,49,bully,3425,1,25,2158325,219,0,1314,0,1,49,165816,3425,0,26,0,0,0,LEADER,1,4,1,52,25,219,0,0,0,0,0,0,0,0,0
169025,1,bully,3216,1,25,2153052,219,440,1314,2640,1,1,165809,3216,0,26,0,0,0,LEADER,1,4,1,4,25,219,0,440,0,0,0,0,0,0,0
169182,40,bully,3371,1,25,2156921,219,0,1314,0,1,40,165811,3371,0,26,0,0,0,LEADER,1,4,1,43,25,219,0,0,0,0,0,0,0,0,0
169391,14,bully,3577,1,25,2162102,219,219,1314,1314,2,1,165814,3577,0,26,0,0,0,NORMAL,0,3,2,3,82,219,0,219,0,0,0,0,0,0,0
169493,44,bully,3677,1,25,2164625,219,0,1314,0,1,44,165816,3677,0,26,0,0,0,LEADER,1,4,1,47,25,219,0,0,0,0,0,0,0,0,0
169508,12,bully,3692,1,25,2165000,219,220,1314,1320,1,1,165816,3692,0,26,0,0,0,NORMAL,0,3,2,3,78,219,0,220,0,0,0,0,0,0,0
169459,34,bully,3643,1,25,2163775,219,0,1314,0,1,34,165816,3643,0,26,0,0,0,LEADER,1,4,1,37,25,219,0,0,0,0,0,0,0,0,0
171002,18,bully,2883,1,25,2144775,222,0,1332,0,1,18,168119,2883,0,26,0,0,0,LEADER,1,4,1,24,25,222,0,0,0,0,0,0,0,0,0
170947,9,bully,2828,1,25,2143400,222,220,1332,1320,1,1,168119,2828,0,26,0,0,0,NORMAL,0,3,1,6,75,222,0,220,0,0,0,0,0,0,0
171102,13,bully,2983,1,25,2147275,222,220,1332,1320,2,1,168119,2983,0,26,0,0,0,NORMAL,0,3,1,6,81,222,0,220,0,0,0,0,0,0,0
171172,25,bully,3053,1,25,2149025,222,0,1332,0,1,25,168119,3053,0,26,0,0,0,LEADER,1,4,1,31,25,222,0,0,0,0,0,0,0,0,0
171176,36,bully,3065,1,25,2149229,222,0,1332,0,1,36,168111,3065,0,26,0,0,0,LEADER,1,4,1,42,25,222,0,0,0,0,0,0,0,0,0
171014,29,bully,2895,1,25,2145075,222,0,1332,0,1,29,168119,2895,0,26,0,0,0,LEADER,1,4,1,35,25,222,0,0,0,0,0,0,0,0,0
171200,35,bully,3086,1,25,2149807,222,0,1332,0,1,35,168114,3086,0,26,0,0,0,LEADER,1,4,1,41,25,222,0,0,0,0,0,0,0,0,0
171081,6,bully,2965,1,25,2146790,222,442,1332,2652,2,1,168116,2965,0,26,0,0,0,NORMAL,0,3,1,6,81,222,0,442,0,0,0,0,0,0,0
171252,48,bully,3133,1,25,2151025,222,0,1332,0,1,48,168119,3133,0,26,0,0,0,LEADER,1,4,1,54,25,222,0,0,0,0,0,0,0,0,0
170986,50,bully,2868,1,25,2144392,222,0,1332,0,1,50,168118,2868,0,26,0,0,0,LEADER,1,4,1,56,25,222,0,0,0,0,0,0,0,0,0
170928,41,bully,2813,1,25,2142949,222,0,1332,0,1,41,168115,2813,0,26,0,0,0,LEADER,1,4,1,47,25,222,0,0,0,0,0,0,0,0,0
171390,10,bully,3271,1,25,2154475,222,221,1332,1326,1,1,168119,3271,0,26,0,0,0,NORMAL,0,3,1,6,77,222,0,221,0,0,0,0,0,0,0
171221,3,bully,3101,1,25,2150231,222,442,1332,2652,1,1,168120,3101,0,26,0,0,0,NORMAL,0,3,1,6,77,222,0,442,0,0,0,0,0,0,0
170832,11,bully,2713,1,25,2140525,222,215,1332,1290,1,1,168119,2713,0,26,0,0,0,NORMAL,0,3,1,6,102,222,0,215,0,0,0,0,0,0,0
171238,45,bully,3119,1,25,2150675,222,0,1332,0,1,45,168119,3119,0,26,0,0,0,LEADER,1,4,1,51,25,222,0,0,0,0,0,0,0,0,0
171375,42,bully,3256,1,25,2154100,222,0,1332,0,1,42,168119,3256,0,26,0,0,0,LEADER,1,4,1,48,25,222,0,0,0,0,0,0,0,0,0
171341,46,bully,3222,1,25,2153250,222,0,1332,0,1,46,168119,3222,0,26,0,0,0,LEADER,1,4,1,52,25,222,0,0,0,0,0,0,0,0,0
170899,31,bully,2780,1,25,2142200,222,0,1332,0,1,31,168119,2780,0,26,0,0,0,LEADER,1,4,1,37,25,222,0,0,0,0,0,0,0,0,0
171505,8,bully,3386,1,25,2157350,222,221,1332,1326,2,1,168119,3386,0,26,0,0,0,NORMAL,0,3,1,6,83,222,0,221,0,0,0,0,0,0,0
171150,26,bully,3031,1,25,2148475,222,0,1332,0,1,26,168119,3031,0,26,0,0,0,LEADER,1,4,1,32,25,222,0,0,0,0,0,0,0,0,0
171558,17,bully,3440,1,25,2158697,222,0,1332,0,1,17,168118,3440,0,26,0,0,0,LEADER,1,4,1,23,25,222,0,0,0,0,0,0,0,0,0
171456,30,bully,3337,1,25,2156125,222,0,1332,0,1,30,168119,3337,0,26,0,0,0,LEADER,1,4,1,36,25,222,0,0,0,0,0,0,0,0,0
171641,5,bully,3522,1,25,2160750,222,443,1332,2658,2,1,168119,3522,0,26,0,0,0,NORMAL,0,3,1,6,79,222,0,443,0,0,0,0,0,0,0
171287,2,bully,3168,1,25,2151900,222,440,1332,2640,1,1,168119,3168,0,26,0,0,0,NORMAL,0,3,1,6,75,222,0,440,0,0,0,0,0,0,0
171035,28,bully,2916,1,25,2145600,222,0,1332,0,1,28,168119,2916,0,26,0,0,0,LEADER,1,4,1,34,25,222,0,0,0,0,0,0,0,0,0
171592,27,bully,3473,1,25,2159525,222,0,1332,0,1,27,168119,3473,0,26,0,0,0,LEADER,1,4,1,33,25,222,0,0,0,0,0,0,0,0,0
171626,37,bully,3507,1,25,2160375,222,0,1332,0,1,37,168119,3507,0,26,0,0,0,LEADER,1,4,1,43,25,222,0,0,0,0,0,0,0,0,0
170974,19,bully,2861,1,25,2144170,222,0,1332,0,1,19,168113,2861,0,26,0,0,0,LEADER,1,4,1,25,25,222,0,0,0,0,0,0,0,0,0
170844,22,bully,2725,1,25,2140825,222,0,1332,0,1,22,168119,2725,0,26,0,0,0,LEADER,1,4,1,28,25,222,0,0,0,0,0,0,0,0,0
170859,21,bully,2747,1,25,2141268,222,0,1332,0,1,21,168112,2747,0,26,0,0,0,LEADER,1,4,1,27,25,222,0,0,0,0,0,0,0,0,0
171320,33,bully,3201,1,25,2152725,222,0,1332,0,1,33,168119,3201,0,26,0,0,0,LEADER,1,4,1,39,25,222,0,0,0,0,0,0,0,0,0
171353,43,bully,3234,1,25,2153550,222,0,1332,0,1,43,168119,3234,0,26,0,0,0,LEADER,1,4,1,49,25,222,0,0,0,0,0,0,0,0,0
171117,16,bully,2998,1,25,2147650,222,223,1332,1338,2,1,168119,2998,0,26,0,0,0,NORMAL,0,3,1,6,84,222,0,223,0,0,0,0,0,0,0
171621,32,bully,3502,1,25,2160250,222,0,1332,0,1,32,168119,3502,0,26,0,0,0,LEADER,1,4,1,38,25,222,0,0,0,0,0,0,0,0,0
171662,4,bully,3543,1,25,2161275,222,443,1332,2658,1,1,168119,3543,0,26,0,0,0,NORMAL,0,3,1,6,78,222,0,443,0,0,0,0,0,0,0
171728,24,bully,3610,1,25,2162936,222,0,1332,0,1,24,168118,3610,0,26,0,0,0,LEADER,1,4,1,30,25,222,0,0,0,0,0,0,0,0,0
171423,20,bully,3304,1,25,2155300,222,0,1332,0,1,20,168119,3304,0,26,0,0,0,LEADER,1,4,1,26,25,222,0,0,0,0,0,0,0,0,0
171069,38,bully,2950,1,25,2146450,222,0,1332,0,1,38,168119,2950,0,26,0,0,0,LEADER,1,4,1,44,25,222,0,0,0,0,0,0,0,0,0
171706,23,bully,3585,1,25,2162329,222,0,1332,0,1,23,168121,3585,0,26,0,0,0,LEADER,1,4,1,29,25,222,0,0,0,0,0,0,0,0,0
171526,7,bully,3407,1,25,2157875,222,446,1332,2676,2,1,168119,3407,0,26,0,0,0,NORMAL,0,3,1,6,82,222,0,446,0,0,0,0,0,0,0
171659,47,bully,3540,1,25,2161200,222,0,1332,0,1,47,168119,3540,0,26,0,0,0,LEADER,1,4,1,53,25,222,0,0,0,0,0,0,0,0,0
171512,39,bully,3392,1,25,2157516,222,0,1332,0,1,39,168120,3392,0,26,0,0,0,LEADER,1,4,1,45,25,222,0,0,0,0,0,0,0,0,0
171670,15,bully,3555,1,25,2161551,222,219,1332,1314,2,1,168115,3555,0,26,0,0,0,NORMAL,0,3,1,6,88,222,0,219,0,0,0,0,0,0,0
171544,49,bully,3425,1,25,2158325,222,0,1332,0,1,49,168119,3425,0,26,0,0,0,LEADER,1,4,1,55,25,222,0,0,0,0,0,0,0,0,0
171328,1,bully,3216,1,25,2153052,222,445,1332,2670,1,1,168112,3216,0,26,0,0,0,LEADER,1,4,1,7,25,222,0,445,0,0,0,0,0,0,0
171485,40,bully,3371,1,25,2156921,222,0,1332,0,1,40,168114,3371,0,26,0,0,0,LEADER,1,4,1,46,25,222,0,0,0,0,0,0,0,0,0
171694,14,bully,3577,1,25,2162102,222,222,1332,1332,2,1,168117,3577,0,26,0,0,0,NORMAL,0,3,1,6,82,222,0,222,0,0,0,0,0,0,0
171796,44,bully,3677,1,25,2164625,222,0,1332,0,1,44,168119,3677,0,26,0,0,0,LEADER,1,4,1,50,25,222,0,0,0,0,0,0,0,0,0
171811,12,bully,3692,1,25,2165000,222,223,1332,1338,1,1,168119,3692,0,26,0,0,0,NORMAL,0,3,1,6,78,222,0,223,0,0,0,0,0,0,0
171762,34,bully,3643,1,25,2163775,222,0,1332,0,1,34,168119,3643,0,26,0,0,0,LEADER,1,4,1,40,25,222,0,0,0,0,0,0,0,0,0
173305,18,bully,2883,1,25,2144775,225,0,1350,0,1,18,170422,2883,0,26,0,0,0,LEADER,1,4,1,27,25,225,0,0,0,0,0,0,0,0,0
173250,9,bully,2828,1,25,2143400,225,223,1350,1338,1,1,170422,2828,0,26,0,0,0,NORMAL,0,3,1,9,75,225,0,223,0,0,0,0,0,0,0
173405,13,bully,2983,1,25,2147275,225,222,1350,1332,2,1,170422,2983,0,26,0,0,0,NORMAL,0,3,1,9,81,225,0,222,0,0,0,0,0,0,0
173475,25,bully,3053,1,25,2149025,225,0,1350,0,1,25,170422,3053,0,26,0,0,0,LEADER,1,4,1,34,25,225,0,0,0,0,0,0,0,0,0
173479,36,bully,3065,1,25,2149229,225,0,1350,0,1,36,170414,3065,0,26,0,0,0,LEADER,1,4,1,45,25,225,0,0,0,0,0,0,0,0,0
173317,29,bully,2895,1,25,2145075,225,0,1350,0,1,29,170422,2895,0,26,0,0,0,LEADER,1,4,1,38,25,225,0,0,0,0,0,0,0,0,0
173503,35,bully,3086,1,25,2149807,225,0,1350,0,1,35,170417,3086,0,26,0,0,0,LEADER,1,4,1,44,25,225,0,0,0,0,0,0,0,0,0
173384,6,bully,2965,1,25,2146790,225,448,1350,2688,2,1,170419,2965,0,26,0,0,0,NORMAL,0,3,1,9,81,225,0,448,0,0,0,0,0,0,0
173555,48,bully,3133,1,25,2151025,225,0,1350,0,1,48,170422,3133,0,26,0,0,0,LEADER,1,4,1,57,25,225,0,0,0,0,0,0,0,0,0
173289,50,bully,2868,1,25,2144392,225,0,1350,0,1,50,170421,2868,0,26,0,0,0,LEADER,1,4,1,59,25,225,0,0,0,0,0,0,0,0,0
173231,41,bully,2813,1,25,2142949,225,0,1350,0,1,41,170418,2813,0,26,0,0,0,LEADER,1,4,1,50,25,225,0,0,0,0,0,0,0,0,0
173693,10,bully,3271,1,25,2154475,225,224,1350,1344,1,1,170422,3271,0,26,0,0,0,NORMAL,0,3,1,9,77,225,0,224,0,0,0,0,0,0,0
173524,3,bully,3101,1,25,2150231,225,448,1350,2688,1,1,170423,3101,0,26,0,0,0,NORMAL,0,3,1,9,77,225,0,448,0,0,0,0,0,0,0
173135,11,bully,2713,1,25,2140525,225,218,1350,1308,1,1,170422,2713,0,26,0,0,0,NORMAL,0,3,1,9,102,225,0,218,0,0,0,0,0,0,0
173541,45,bully,3119,1,25,2150675,225,0,1350,0,1,45,170422,3119,0,26,0,0,0,LEADER,1,4,1,54,25,225,0,0,0,0,0,0,0,0,0
173678,42,bully,3256,1,25,2154100,225,0,1350,0,1,42,170422,3256,0,26,0,0,0,LEADER,1,4,1,51,25,225,0,0,0,0,0,0,0,0,0
173644,46,bully,3222,1,25,2153250,225,0,1350,0,1,46,170422,3222,0,26,0,0,0,LEADER,1,4,1,55,25,225,0,0,0,0,0,0,0,0,0
173202,31,bully,2780,1,25,2142200,225,0,1350,0,1,31,170422,2780,0,26,0,0,0,LEADER,1,4,1,40,25,225,0,0,0,0,0,0,0,0,0
173808,8,bully,3386,1,25,2157350,225,224,1350,1344,2,1,170422,3386,0,26,0,0,0,NORMAL,0,3,1,9,83,225,0,224,0,0,0,0,0,0,0
173453,26,bully,3031,1,25,2148475,225,0,1350,0,1,26,170422,3031,0,26,0,0,0,LEADER,1,4,1,35,25,225,0,0,0,0,0,0,0,0,0
173861,17,bully,3440,1,25,2158697,225,0,1350,0,1,17,170421,3440,0,26,0,0,0,LEADER,1,4,1,26,25,225,0,0,0,0,0,0,0,0,0
173759,30,bully,3337,1,25,2156125,225,0,1350,0,1,30,170422,3337,0,26,0,0,0,LEADER,1,4,1,39,25,225,0,0,0,0,0,0,0,0,0
173944,5,bully,3522,1,25,2160750,225,449,1350,2694,2,1,170422,3522,0,26,0,0,0,NORMAL,0,3,1,9,79,225,0,449,0,0,0,0,0,0,0
173590,2,bully,3168,1,25,2151900,225,446,1350,2676,1,1,170422,3168,0,26,0,0,0,NORMAL,0,3,1,9,75,225,0,446,0,0,0,0,0,0,0
173338,28,bully,2916,1,25,2145600,225,0,1350,0,1,28,170422,2916,0,26,0,0,0,LEADER,1,4,1,37,25,225,0,0,0,0,0,0,0,0,0
173895,27,bully,3473,1,25,2159525,225,0,1350,0,1,27,170422,3473,0,26,0,0,0,LEADER,1,4,1,36,25,225,0,0,0,0,0,0,0,0,0
173929,37,bully,3507,1,25,2160375,225,0,1350,0,1,37,170422,3507,0,26,0,0,0,LEADER,1,4,1,46,25,225,0,0,0,0,0,0,0,0,0
173277,19,bully,2861,1,25,2144170,225,0,1350,0,1,19,170416,2861,0,26,0,0,0,LEADER,1,4,1,28,25,225,0,0,0,0,0,0,0,0,0
173147,22,bully,2725,1,25,2140825,225,0,1350,0,1,22,170422,2725,0,26,0,0,0,LEADER,1,4,1,31,25,225,0,0,0,0,0,0,0,0,0
173162,21,bully,2747,1,25,2141268,225,0,1350,0,1,21,170415,2747,0,26,0,0,0,LEADER,1,4,1,30,25,225,0,0,0,0,0,0,0,0,0
173623,33,bully,3201,1,25,2152725,225,0,1350,0,1,33,170422,3201,0,26,0,0,0,LEADER,1,4,1,42,25,225,0,0,0,0,0,0,0,0,0
173656,43,bully,3234,1,25,2153550,225,0,1350,0,1,43,170422,3234,0,26,0,0,0,LEADER,1,4,1,52,25,225,0,0,0,0,0,0,0,0,0
173420,16,bully,2998,1,25,2147650,225,226,1350,1356,2,1,170422,2998,0,26,0,0,0,NORMAL,0,3,1,9,84,225,0,226,0,0,0,0,0,0,0
173924,32,bully,3502,1,25,2160250,225,0,1350,0,1,32,170422,3502,0,26,0,0,0,LEADER,1,4,1,41,25,225,0,0,0,0,0,0,0,0,0
173965,4,bully,3543,1,25,2161275,225,449,1350,2694,1,1,170422,3543,0,26,0,0,0,NORMAL,0,3,1,9,78,225,0,449,0,0,0,0,0,0,0
174031,24,bully,3610,1,25,2162936,225,0,1350,0,1,24,170421,3610,0,26,0,0,0,LEADER,1,4,1,33,25,225,0,0,0,0,0,0,0,0,0
173726,20,bully,3304,1,25,2155300,225,0,1350,0,1,20,170422,3304,0,26,0,0,0,LEADER,1,4,1,29,25,225,0,0,0,0,0,0,0,0,0
173372,38,bully,2950,1,25,2146450,225,0,1350,0,1,38,170422,2950,0,26,0,0,0,LEADER,1,4,1,47,25,225,0,0,0,0,0,0,0,0,0
174009,23,bully,3585,1,25,2162329,225,0,1350,0,1,23,170424,3585,0,26,0,0,0,LEADER,1,4,1,32,25,225,0,0,0,0,0,0,0,0,0
173829,7,bully,3407,1,25,2157875,225,452,1350,2712,2,1,170422,3407,0,26,0,0,0,NORMAL,0,3,1,9,82,225,0,452,0,0,0,0,0,0,0
173962,47,bully,3540,1,25,2161200,225,0,1350,0,1,47,170422,3540,0,26,0,0,0,LEADER,1,4,1,56,25,225,0,0,0,0,0,0,0,0,0
173815,39,bully,3392,1,25,2157516,225,0,1350,0,1,39,170423,3392,0,26,0,0,0,LEADER,1,4,1,48,25,225,0,0,0,0,0,0,0,0,0
173973,15,bully,3555,1,25,2161551,225,221,1350,1326,2,1,170418,3555,0,26,0,0,0,NORMAL,0,3,1,9,88,225,0,221,0,0,0,0,0,0,0
173847,49,bully,3425,1,25,2158325,225,0,1350,0,1,49,170422,3425,0,26,0,0,0,LEADER,1,4,1,58,25,225,0,0,0,0,0,0,0,0,0
173631,1,bully,3216,1,25,2153052,225,451,1350,2706,1,1,170415,3216,0,26,0,0,0,LEADER,1,4,1,10,25,225,0,451,0,0,0,0,0,0,0
173788,40,bully,3371,1,25,2156921,225,0,1350,0,1,40,170417,3371,0,26,0,0,0,LEADER,1,4,1,49,25,225,0,0,0,0,0,0,0,0,0
173997,14,bully,3577,1,25,2162102,225,225,1350,1350,2,1,170420,3577,0,26,0,0,0,NORMAL,0,3,1,9,82,225,0,225,0,0,0,0,0,0,0
174099,44,bully,3677,1,25,2164625,225,0,1350,0,1,44,170422,3677,0,26,0,0,0,LEADER,1,4,1,53,25,225,0,0,0,0,0,0,0,0,0
174114,12,bully,3692,1,25,2165000,225,226,1350,1356,1,1,170422,3692,0,26,0,0,0,NORMAL,0,3,1,9,78,225,0,226,0,0,0,0,0,0,0
174065,34,bully,3643,1,25,2163775,225,0,1350,0,1,34,170422,3643,0,26,0,0,0,LEADER,1,4,1,43,25,225,0,0,0,0,0,0,0,0,0
175608,18,bully,2883,1,26,2320383,228,0,1368,0,1,18,172725,2883,0,27,0,0,0,LEADER,1,4,1,21,26,228,0,0,0,0,0,0,0,0,0
175553,9,bully,2828,1,26,2318953,228,226,1368,1356,1,1,172725,2828,0,27,0,0,0,NORMAL,0,3,2,3,78,228,0,226,0,0,0,0,0,0,0
175708,13,bully,2983,1,26,2322983,228,225,1368,1350,2,1,172725,2983,0,27,0,0,0,NORMAL,0,3,2,3,84,228,0,225,0,0,0,0,0,0,0
175778,25,bully,3053,1,26,2324803,228,0,1368,0,1,25,172725,3053,0,27,0,0,0,LEADER,1,4,1,28,26,228,0,0,0,0,0,0,0,0,0
175782,36,bully,3065,1,26,2325011,228,0,1368,0,1,36,172717,3065,0,27,0,0,0,LEADER,1,4,1,39,26,228,0,0,0,0,0,0,0,0,0
175620,29,bully,2895,1,26,2320695,228,0,1368,0,1,29,172725,2895,0,27,0,0,0,LEADER,1,4,1,32,26,228,0,0,0,0,0,0,0,0,0
175805,35,bully,3086,1,26,2325612,228,0,1368,0,1,35,172719,3086,0,27,0,0,0,LEADER,1,4,1,38,26,228,0,0,0,0,0,0,0,0,0
175686,6,bully,2965,1,26,2322476,228,454,1368,2724,2,1,172721,2965,0,27,0,0,0,NORMAL,0,3,2,3,84,228,0,454,0,0,0,0,0,0,0
175858,48,bully,3133,1,26,2326883,228,0,1368,0,1,48,172725,3133,0,27,0,0,0,LEADER,1,4,1,51,26,228,0,0,0,0,0,0,0,0,0
175592,50,bully,2868,1,26,2319984,228,0,1368,0,1,50,172724,2868,0,27,0,0,0,LEADER,1,4,1,53,26,228,0,0,0,0,0,0,0,0,0
175534,41,bully,2813,1,26,2318483,228,0,1368,0,1,41,172721,2813,0,27,0,0,0,LEADER,1,4,1,44,26,228,0,0,0,0,0,0,0,0,0
175996,10,bully,3271,1,26,2330471,228,227,1368,1362,1,1,172725,3271,0,27,0,0,0,NORMAL,0,3,2,3,80,228,0,227,0,0,0,0,0,0,0
175827,3,bully,3101,1,26,2326058,228,454,1368,2724,1,1,172726,3101,0,27,0,0,0,NORMAL,0,3,2,3,80,228,0,454,0,0,0,0,0,0,0
175438,11,bully,2713,1,26,2315963,228,221,1368,1326,1,1,172725,2713,0,27,0,0,0,NORMAL,0,3,2,3,106,228,0,221,0,0,0,0,0,0,0
175844,45,bully,3119,1,26,2326519,228,0,1368,0,1,45,172725,3119,0,27,0,0,0,LEADER,1,4,1,48,26,228,0,0,0,0,0,0,0,0,0
175981,42,bully,3256,1,26,2330081,228,0,1368,0,1,42,172725,3256,0,27,0,0,0,LEADER,1,4,1,45,26,228,0,0,0,0,0,0,0,0,0
175947,46,bully,3222,1,26,2329197,228,0,1368,0,1,46,172725,3222,0,27,0,0,0,LEADER,1,4,1,49,26,228,0,0,0,0,0,0,0,0,0
175505,31,bully,2780,1,26,2317705,228,0,1368,0,1,31,172725,2780,0,27,0,0,0,LEADER,1,4,1,34,26,228,0,0,0,0,0,0,0,0,0
176111,8,bully,3386,1,26,2333461,228,227,1368,1362,2,1,172725,3386,0,27,0,0,0,NORMAL,0,3,2,3,86,228,0,227,0,0,0,0,0,0,0
175756,26,bully,3031,1,26,2324231,228,0,1368,0,1,26,172725,3031,0,27,0,0,0,LEADER,1,4,1,29,26,228,0,0,0,0,0,0,0,0,0
176164,17,bully,3440,1,26,2334861,228,0,1368,0,1,17,172724,3440,0,27,0,0,0,LEADER,1,4,1,20,26,228,0,0,0,0,0,0,0,0,0
176062,30,bully,3337,1,26,2332187,228,0,1368,0,1,30,172725,3337,0,27,0,0,0,LEADER,1,4,1,33,26,228,0,0,0,0,0,0,0,0,0
176247,5,bully,3522,1,26,2336997,228,455,1368,2730,2,1,172725,3522,0,27,0,0,0,NORMAL,0,3,2,3,82,228,0,455,0,0,0,0,0,0,0
175893,2,bully,3168,1,26,2327793,228,452,1368,2712,1,1,172725,3168,0,27,0,0,0,NORMAL,0,3,2,3,78,228,0,452,0,0,0,0,0,0,0
175641,28,bully,2916,1,26,2321241,228,0,1368,0,1,28,172725,2916,0,27,0,0,0,LEADER,1,4,1,31,26,228,0,0,0,0,0,0,0,0,0
176198,27,bully,3473,1,26,2335723,228,0,1368,0,1,27,172725,3473,0,27,0,0,0,LEADER,1,4,1,30,26,228,0,0,0,0,0,0,0,0,0
176232,37,bully,3507,1,26,2336607,228,0,1368,0,1,37,172725,3507,0,27,0,0,0,LEADER,1,4,1,40,26,228,0,0,0,0,0,0,0,0,0
175580,19,bully,2861,1,26,2319750,228,0,1368,0,1,19,172719,2861,0,27,0,0,0,LEADER,1,4,1,22,26,228,0,0,0,0,0,0,0,0,0
175449,22,bully,2725,1,26,2316274,228,0,1368,0,1,22,172724,2725,0,27,0,0,0,LEADER,1,4,1,25,26,228,0,0,0,0,0,0,0,0,0
175465,21,bully,2747,1,26,2316733,228,0,1368,0,1,21,172718,2747,0,27,0,0,0,LEADER,1,4,1,24,26,228,0,0,0,0,0,0,0,0,0
175926,33,bully,3201,1,26,2328651,228,0,1368,0,1,33,172725,3201,0,27,0,0,0,LEADER,1,4,1,36,26,228,0,0,0,0,0,0,0,0,0
175959,43,bully,3234,1,26,2329509,228,0,1368,0,1,43,172725,3234,0,27,0,0,0,LEADER,1,4,1,46,26,228,0,0,0,0,0,0,0,0,0
175723,16,bully,2998,1,26,2323373,228,229,1368,1374,2,1,172725,2998,0,27,0,0,0,NORMAL,0,3,2,3,87,228,0,229,0,0,0,0,0,0,0
176227,32,bully,3502,1,26,2336477,228,0,1368,0,1,32,172725,3502,0,27,0,0,0,LEADER,1,4,1,35,26,228,0,0,0,0,0,0,0,0,0
176268,4,bully,3543,1,26,2337543,228,455,1368,2730,1,1,172725,3543,0,27,0,0,0,NORMAL,0,3,2,3,81,228,0,455,0,0,0,0,0,0,0
176334,24,bully,3610,1,26,2339270,228,0,1368,0,1,24,172724,3610,0,27,0,0,0,LEADER,1,4,1,27,26,228,0,0,0,0,0,0,0,0,0
176029,20,bully,3304,1,26,2331329,228,0,1368,0,1,20,172725,3304,0,27,0,0,0,LEADER,1,4,1,23,26,228,0,0,0,0,0,0,0,0,0
175675,38,bully,2950,1,26,2322125,228,0,1368,0,1,38,172725,2950,0,27,0,0,0,LEADER,1,4,1,41,26,228,0,0,0,0,0,0,0,0,0
176312,23,bully,3585,1,26,2338641,228,0,1368,0,1,23,172727,3585,0,27,0,0,0,LEADER,1,4,1,26,26,228,0,0,0,0,0,0,0,0,0
176132,7,bully,3407,1,26,2334007,228,458,1368,2748,2,1,172725,3407,0,27,0,0,0,NORMAL,0,3,2,3,85,228,0,458,0,0,0,0,0,0,0
176265,47,bully,3540,1,26,2337465,228,0,1368,0,1,47,172725,3540,0,27,0,0,0,LEADER,1,4,1,50,26,228,0,0,0,0,0,0,0,0,0
176118,39,bully,3392,1,26,2333634,228,0,1368,0,1,39,172726,3392,0,27,0,0,0,LEADER,1,4,1,42,26,228,0,0,0,0,0,0,0,0,0
176276,15,bully,3555,1,26,2337827,228,224,1368,1344,2,1,172721,3555,0,27,0,0,0,NORMAL,0,3,2,3,92,228,0,224,0,0,0,0,0,0,0
176150,49,bully,3425,1,26,2334475,228,0,1368,0,1,49,172725,3425,0,27,0,0,0,LEADER,1,4,1,52,26,228,0,0,0,0,0,0,0,0,0
175934,1,bully,3216,1,26,2328986,228,457,1368,2742,1,1,172718,3216,0,27,0,0,0,LEADER,1,4,1,4,26,228,0,457,0,0,0,0,0,0,0
176091,40,bully,3371,1,26,2333012,228,0,1368,0,1,40,172720,3371,0,27,0,0,0,LEADER,1,4,1,43,26,228,0,0,0,0,0,0,0,0,0
176300,14,bully,3577,1,26,2338402,228,228,1368,1368,2,1,172723,3577,0,27,0,0,0,NORMAL,0,3,2,3,85,228,0,228,0,0,0,0,0,0,0
176402,44,bully,3677,1,26,2341027,228,0,1368,0,1,44,172725,3677,0,27,0,0,0,LEADER,1,4,1,47,26,228,0,0,0,0,0,0,0,0,0
176417,12,bully,3692,1,26,2341417,228,229,1368,1374,1,1,172725,3692,0,27,0,0,0,NORMAL,0,3,2,3,81,228,0,229,0,0,0,0,0,0,0
176368,34,bully,3643,1,26,2340143,228,0,1368,0,1,34,172725,3643,0,27,0,0,0,LEADER,1,4,1,37,26,228,0,0,0,0,0,0,0,0,0
177911,18,bully,2883,1,26,2320383,231,0,1386,0,1,18,175028,2883,0,27,0,0,0,LEADER,1,4,1,24,26,231,0,0,0,0,0,0,0,0,0
177856,9,bully,2828,1,26,2318953,231,229,1386,1374,1,1,175028,2828,0,27,0,0,0,NORMAL,0,3,1,6,78,231,0,229,0,0,0,0,0,0,0
178011,13,bully,2983,1,26,2322983,231,228,1386,1368,2,1,175028,2983,0,27,0,0,0,NORMAL,0,3,1,6,84,231,0,228,0,0,0,0,0,0,0
178081,25,bully,3053,1,26,2324803,231,0,1386,0,1,25,175028,3053,0,27,0,0,0,LEADER,1,4,1,31,26,231,0,0,0,0,0,0,0,0,0
178085,36,bully,3065,1,26,2325011,231,0,1386,0,1,36,175020,3065,0,27,0,0,0,LEADER,1,4,1,42,26,231,0,0,0,0,0,0,0,0,0
177923,29,bully,2895,1,26,2320695,231,0,1386,0,1,29,175028,2895,0,27,0,0,0,LEADER,1,4,1,35,26,231,0,0,0,0,0,0,0,0,0
178108,35,bully,3086,1,26,2325612,231,0,1386,0,1,35,175022,3086,0,27,0,0,0,LEADER,1,4,1,41,26,231,0,0,0,0,0,0,0,0,0
177989,6,bully,2965,1,26,2322476,231,460,1386,2760,2,1,175024,2965,0,27,0,0,0,NORMAL,0,3,1,6,84,231,0,460,0,0,0,0,0,0,0
178161,48,bully,3133,1,26,2326883,231,0,1386,0,1,48,175028,3133,0,27,0,0,0,LEADER,1,4,1,54,26,231,0,0,0,0,0,0,0,0,0
177895,50,bully,2868,1,26,2319984,231,0,1386,0,1,50,175027,2868,0,27,0,0,0,LEADER,1,4,1,56,26,231,0,0,0,0,0,0,0,0,0
177837,41,bully,2813,1,26,2318483,231,0,1386,0,1,41,175024,2813,0,27,0,0,0,LEADER,1,4,1,47,26,231,0,0,0,0,0,0,0,0,0
178299,10,bully,3271,1,26,2330471,231,230,1386,1380,1,1,175028,3271,0,27,0,0,0,NORMAL,0,3,1,6,80,231,0,230,0,0,0,0,0,0,0
178130,3,bully,3101,1,26,2326058,231,460,1386,2760,1,1,175029,3101,0,27,0,0,0,NORMAL,0,3,1,6,80,231,0,460,0,0,0,0,0,0,0
177741,11,bully,2713,1,26,2315963,231,224,1386,1344,1,1,175028,2713,0,27,0,0,0,NORMAL,0,3,1,6,106,231,0,224,0,0,0,0,0,0,0
178147,45,bully,3119,1,26,2326519,231,0,1386,0,1,45,175028,3119,0,27,0,0,0,LEADER,1,4,1,51,26,231,0,0,0,0,0,0,0,0,0
178284,42,bully,3256,1,26,2330081,231,0,1386,0,1,42,175028,3256,0,27,0,0,0,LEADER,1,4,1,48,26,231,0,0,0,0,0,0,0,0,0
178250,46,bully,3222,1,26,2329197,231,0,1386,0,1,46,175028,3222,0,27,0,0,0,LEADER,1,4,1,52,26,231,0,0,0,0,0,0,0,0,0
177808,31,bully,2780,1,26,2317705,231,0,1386,0,1,31,175028,2780,0,27,0,0,0,LEADER,1,4,1,37,26,231,0,0,0,0,0,0,0,0,0
178414,8,bully,3386,1,26,2333461,231,230,1386,1380,2,1,175028,3386,0,27,0,0,0,NORMAL,0,3,1,6,86,231,0,230,0,0,0,0,0,0,0
178059,26,bully,3031,1,26,2324231,231,0,1386,0,1,26,175028,3031,0,27,0,0,0,LEADER,1,4,1,32,26,231,0,0,0,0,0,0,0,0,0
178467,17,bully,3440,1,26,2334861,231,0,1386,0,1,17,175027,3440,0,27,0,0,0,LEADER,1,4,1,23,26,231,0,0,0,0,0,0,0,0,0
178365,30,bully,3337,1,26,2332187,231,0,1386,0,1,30,175028,3337,0,27,0,0,0,LEADER,1,4,1,36,26,231,0,0,0,0,0,0,0,0,0
178550,5,bully,3522,1,26,2336997,231,461,1386,2766,2,1,175028,3522,0,27,0,0,0,NORMAL,0,3,1,6,82,231,0,461,0,0,0,0,0,0,0
178196,2,bully,3168,1,26,2327793,231,458,1386,2748,1,1,175028,3168,0,27,0,0,0,NORMAL,0,3,1,6,78,231,0,458,0,0,0,0,0,0,0
177944,28,bully,2916,1,26,2321241,231,0,1386,0,1,28,175028,2916,0,27,0,0,0,LEADER,1,4,1,34,26,231,0,0,0,0,0,0,0,0,0
178501,27,bully,3473,1,26,2335723,231,0,1386,0,1,27,175028,3473,0,27,0,0,0,LEADER,1,4,1,33,26,231,0,0,0,0,0,0,0,0,0
178535,37,bully,3507,1,26,2336607,231,0,1386,0,1,37,175028,3507,0,27,0,0,0,LEADER,1,4,1,43,26,231,0,0,0,0,0,0,0,0,0
177883,19,bully,2861,1,26,2319750,231,0,1386,0,1,19,175022,2861,0,27,0,0,0,LEADER,1,4,1,25,26,231,0,0,0,0,0,0,0,0,0
177752,22,bully,2725,1,26,2316274,231,0,1386,0,1,22,175027,2725,0,27,0,0,0,LEADER,1,4,1,28,26,231,0,0,0,0,0,0,0,0,0
177768,21,bully,2747,1,26,2316733,231,0,1386,0,1,21,175021,2747,0,27,0,0,0,LEADER,1,4,1,27,26,231,0,0,0,0,0,0,0,0,0
178229,33,bully,3201,1,26,2328651,231,0,1386,0,1,33,175028,3201,0,27,0,0,0,LEADER,1,4,1,39,26,231,0,0,0,0,0,0,0,0,0
178262,43,bully,3234,1,26,2329509,231,0,1386,0,1,43,175028,3234,0,27,0,0,0,LEADER,1,4,1,49,26,231,0,0,0,0,0,0,0,0,0
178026,16,bully,2998,1,26,2323373,231,232,1386,1392,2,1,175028,2998,0,27,0,0,0,NORMAL,0,3,1,6,87,231,0,232,0,0,0,0,0,0,0
178530,32,bully,3502,1,26,2336477,231,0,1386,0,1,32,175028,3502,0,27,0,0,0,LEADER,1,4,1,38,26,231,0,0,0,0,0,0,0,0,0
178571,4,bully,3543,1,26,2337543,231,461,1386,2766,1,1,175028,3543,0,27,0,0,0,NORMAL,0,3,1,6,81,231,0,461,0,0,0,0,0,0,0
178637,24,bully,3610,1,26,2339270,231,0,1386,0,1,24,175027,3610,0,27,0,0,0,LEADER,1,4,1,30,26,231,0,0,0,0,0,0,0,0,0
178332,20,bully,3304,1,26,2331329,231,0,1386,0,1,20,175028,3304,0,27,0,0,0,LEADER,1,4,1,26,26,231,0,0,0,0,0,0,0,0,0
177978,38,bully,2950,1,26,2322125,231,0,1386,0,1,38,175028,2950,0,27,0,0,0,LEADER,1,4,1,44,26,231,0,0,0,0,0,0,0,0,0
178615,23,bully,3585,1,26,2338641,231,0,1386,0,1,23,175030,3585,0,27,0,0,0,LEADER,1,4,1,29,26,231,0,0,0,0,0,0,0,0,0
178435,7,bully,3407,1,26,2334007,231,464,1386,2784,2,1,175028,3407,0,27,0,0,0,NORMAL,0,3,1,6,85,231,0,464,0,0,0,0,0,0,0
178568,47,bully,3540,1,26,2337465,231,0,1386,0,1,47,175028,3540,0,27,0,0,0,LEADER,1,4,1,53,26,231,0,0,0,0,0,0,0,0,0
178421,39,bully,3392,1,26,2333634,231,0,1386,0,1,39,175029,3392,0,27,0,0,0,LEADER,1,4,1,45,26,231,0,0,0,0,0,0,0,0,0
178579,15,bully,3555,1,26,2337827,231,228,1386,1368,2,1,175024,3555,0,27,0,0,0,NORMAL,0,3,1,6,92,231,0,228,0,0,0,0,0,0,0
178453,49,bully,3425,1,26,2334475,231,0,1386,0,1,49,175028,3425,0,27,0,0,0,LEADER,1,4,1,55,26,231,0,0,0,0,0,0,0,0,0
178236,1,bully,3216,1,26,2328986,231,463,1386,2778,1,1,175020,3216,0,27,0,0,0,LEADER,1,4,1,7,26,231,0,463,0,0,0,0,0,0,0
178394,40,bully,3371,1,26,2333012,231,0,1386,0,1,40,175023,3371,0,27,0,0,0,LEADER,1,4,1,46,26,231,0,0,0,0,0,0,0,0,0
178603,14,bully,3577,1,26,2338402,231,231,1386,1386,2,1,175026,3577,0,27,0,0,0,NORMAL,0,3,1,6,85,231,0,231,0,0,0,0,0,0,0
178705,44,bully,3677,1,26,2341027,231,0,1386,0,1,44,175028,3677,0,27,0,0,0,LEADER,1,4,1,50,26,231,0,0,0,0,0,0,0,0,0
178720,12,bully,3692,1,26,2341417,231,232,1386,1392,1,1,175028,3692,0,27,0,0,0,NORMAL,0,3,1,6,81,231,0,232,0,0,0,0,0,0,0
178671,34,bully,3643,1,26,2340143,231,0,1386,0,1,34,175028,3643,0,27,0,0,0,LEADER,1,4,1,40,26,231,0,0,0,0,0,0,0,0,0
180214,18,bully,2883,1,26,2320383,234,0,1404,0,1,18,177331,2883,0,27,0,0,0,LEADER,1,4,1,27,26,234,0,0,0,0,0,0,0,0,0
180159,9,bully,2828,1,26,2318953,234,232,1404,1392,1,1,177331,2828,0,27,0,0,0,NORMAL,0,3,1,9,78,234,0,232,0,0,0,0,0,0,0
180314,13,bully,2983,1,26,2322983,234,231,1404,1386,2,1,177331,2983,0,27,0,0,0,NORMAL,0,3,1,9,84,234,0,231,0,0,0,0,0,0,0
180384,25,bully,3053,1,26,2324803,234,0,1404,0,1,25,177331,3053,0,27,0,0,0,LEADER,1,4,1,34,26,234,0,0,0,0,0,0,0,0,0
180388,36,bully,3065,1,26,2325011,234,0,1404,0,1,36,177323,3065,0,27,0,0,0,LEADER,1,4,1,45,26,234,0,0,0,0,0,0,0,0,0
180226,29,bully,2895,1,26,2320695,234,0,1404,0,1,29,177331,2895,0,27,0,0,0,LEADER,1,4,1,38,26,234,0,0,0,0,0,0,0,0,0
180411,35,bully,3086,1,26,2325612,234,0,1404,0,1,35,177325,3086,0,27,0,0,0,LEADER,1,4,1,44,26,234,0,0,0,0,0,0,0,0,0
180292,6,bully,2965,1,26,2322476,234,466,1404,2796,2,1,177327,2965,0,27,0,0,0,NORMAL,0,3,1,9,84,234,0,466,0,0,0,0,0,0,0
180464,48,bully,3133,1,26,2326883,234,0,1404,0,1,48,177331,3133,0,27,0,0,0,LEADER,1,4,1,57,26,234,0,0,0,0,0,0,0,0,0
180198,50,bully,2868,1,26,2319984,234,0,1404,0,1,50,177330,2868,0,27,0,0,0,LEADER,1,4,1,59,26,234,0,0,0,0,0,0,0,0,0
180140,41,bully,2813,1,26,2318483,234,0,1404,0,1,41,177327,2813,0,27,0,0,0,LEADER,1,4,1,50,26,234,0,0,0,0,0,0,0,0,0
180602,10,bully,3271,1,26,2330471,234,233,1404,1398,1,1,177331,3271,0,27,0,0,0,NORMAL,0,3,1,9,80,234,0,233,0,0,0,0,0,0,0
180433,3,bully,3101,1,26,2326058,234,466,1404,2796,1,1,177332,3101,0,27,0,0,0,NORMAL,0,3,1,9,80,234,0,466,0,0,0,0,0,0,0
180044,11,bully,2713,1,26,2315963,234,227,1404,1362,1,1,177331,2713,0,27,0,0,0,NORMAL,0,3,1,9,106,234,0,227,0,0,0,0,0,0,0
180450,45,bully,3119,1,26,2326519,234,0,1404,0,1,45,177331,3119,0,27,0,0,0,LEADER,1,4,1,54,26,234,0,0,0,0,0,0,0,0,0
180587,42,bully,3256,1,26,2330081,234,0,1404,0,1,42,177331,3256,0,27,0,0,0,LEADER,1,4,1,51,26,234,0,0,0,0,0,0,0,0,0
180553,46,bully,3222,1,26,2329197,234,0,1404,0,1,46,177331,3222,0,27,0,0,0,LEADER,1,4,1,55,26,234,0,0,0,0,0,0,0,0,0
180111,31,bully,2780,1,26,2317705,234,0,1404,0,1,31,177331,2780,0,27,0,0,0,LEADER,1,4,1,40,26,234,0,0,0,0,0,0,0,0,0
180717,8,bully,3386,1,26,2333461,234,233,1404,1398,2,1,177331,3386,0,27,0,0,0,NORMAL,0,3,1,9,86,234,0,233,0,0,0,0,0,0,0
180362,26,bully,3031,1,26,2324231,234,0,1404,0,1,26,177331,3031,0,27,0,0,0,LEADER,1,4,1,35,26,234,0,0,0,0,0,0,0,0,0
180770,17,bully,3440,1,26,2334861,234,0,1404,0,1,17,177330,3440,0,27,0,0,0,LEADER,1,4,1,26,26,234,0,0,0,0,0,0,0,0,0
180668,30,bully,3337,1,26,2332187,234,0,1404,0,1,30,177331,3337,0,27,0,0,0,LEADER,1,4,1,39,26,234,0,0,0,0,0,0,0,0,0
180853,5,bully,3522,1,26,2336997,234,467,1404,2802,2,1,177331,3522,0,27,0,0,0,NORMAL,0,3,1,9,82,234,0,467,0,0,0,0,0,0,0
180499,2,bully,3168,1,26,2327793,234,464,1404,2784,1,1,177331,3168,0,27,0,0,0,NORMAL,0,3,1,9,78,234,0,464,0,0,0,0,0,0,0
180247,28,bully,2916,1,26,2321241,234,0,1404,0,1,28,177331,2916,0,27,0,0,0,LEADER,1,4,1,37,26,234,0,0,0,0,0,0,0,0,0
180804,27,bully,3473,1,26,2335723,234,0,1404,0,1,27,177331,3473,0,27,0,0,0,LEADER,1,4,1,36,26,234,0,0,0,0,0,0,0,0,0
180838,37,bully,3507,1,26,2336607,234,0,1404,0,1,37,177331,3507,0,27,0,0,0,LEADER,1,4,1,46,26,234,0,0,0,0,0,0,0,0,0
180186,19,bully,2861,1,26,2319750,234,0,1404,0,1,19,177325,2861,0,27,0,0,0,LEADER,1,4,1,28,26,234,0,0,0,0,0,0,0,0,0
180055,22,bully,2725,1,26,2316274,234,0,1404,0,1,22,177330,2725,0,27,0,0,0,LEADER,1,4,1,31,26,234,0,0,0,0,0,0,0,0,0
180071,21,bully,2747,1,26,2316733,234,0,1404,0,1,21,177324,2747,0,27,0,0,0,LEADER,1,4,1,30,26,234,0,0,0,0,0,0,0,0,0
180532,33,bully,3201,1,26,2328651,234,0,1404,0,1,33,177331,3201,0,27,0,0,0,LEADER,1,4,1,42,26,234,0,0,0,0,0,0,0,0,0
180565,43,bully,3234,1,26,2329509,234,0,1404,0,1,43,177331,3234,0,27,0,0,0,LEADER,1,4,1,52,26,234,0,0,0,0,0,0,0,0,0
180329,16,bully,2998,1,26,2323373,234,235,1404,1410,2,1,177331,2998,0,27,0,0,0,NORMAL,0,3,1,9,87,234,0,235,0,0,0,0,0,0,0
180833,32,bully,3502,1,26,2336477,234,0,1404,0,1,32,177331,3502,0,27,0,0,0,LEADER,1,4,1,41,26,234,0,0,0,0,0,0,0,0,0
180874,4,bully,3543,1,26,2337543,234,467,1404,2802,1,1,177331,3543,0,27,0,0,0,NORMAL,0,3,1,9,81,234,0,467,0,0,0,0,0,0,0
180940,24,bully,3610,1,26,2339270,234,0,1404,0,1,24,177330,3610,0,27,0,0,0,LEADER,1,4,1,33,26,234,0,0,0,0,0,0,0,0,0
180635,20,bully,3304,1,26,2331329,234,0,1404,0,1,20,177331,3304,0,27,0,0,0,LEADER,1,4,1,29,26,234,0,0,0,0,0,0,0,0,0
180281,38,bully,2950,1,26,2322125,234,0,1404,0,1,38,177331,2950,0,27,0,0,0,LEADER,1,4,1,47,26,234,0,0,0,0,0,0,0,0,0
180918,23,bully,3585,1,26,2338641,234,0,1404,0,1,23,177333,3585,0,27,0,0,0,LEADER,1,4,1,32,26,234,0,0,0,0,0,0,0,0,0
180738,7,bully,3407,1,26,2334007,234,470,1404,2820,2,1,177331,3407,0,27,0,0,0,NORMAL,0,3,1,9,85,234,0,470,0,0,0,0,0,0,0
180871,47,bully,3540,1,26,2337465,234,0,1404,0,1,47,177331,3540,0,27,0,0,0,LEADER,1,4,1,56,26,234,0,0,0,0,0,0,0,0,0
180724,39,bully,3392,1,26,2333634,234,0,1404,0,1,39,177332,3392,0,27,0,0,0,LEADER,1,4,1,48,26,234,0,0,0,0,0,0,0,0,0
180882,15,bully,3555,1,26,2337827,234,231,1404,1386,2,1,177327,3555,0,27,0,0,0,NORMAL,0,3,1,9,92,234,0,231,0,0,0,0,0,0,0
180756,49,bully,3425,1,26,2334475,234,0,1404,0,1,49,177331,3425,0,27,0,0,0,LEADER,1,4,1,58,26,234,0,0,0,0,0,0,0,0,0
180539,1,bully,3216,1,26,2328986,234,469,1404,2814,1,1,177323,3216,0,27,0,0,0,LEADER,1,4,1,10,26,234,0,469,0,0,0,0,0,0,0
180697,40,bully,3371,1,26,2333012,234,0,1404,0,1,40,177326,3371,0,27,0,0,0,LEADER,1,4,1,49,26,234,0,0,0,0,0,0,0,0,0
180906,14,bully,3577,1,26,2338402,234,234,1404,1404,2,1,177329,3577,0,27,0,0,0,NORMAL,0,3,1,9,85,234,0,234,0,0,0,0,0,0,0
181008,44,bully,3677,1,26,2341027,234,0,1404,0,1,44,177331,3677,0,27,0,0,0,LEADER,1,4,1,53,26,234,0,0,0,0,0,0,0,0,0
181023,12,bully,3692,1,26,2341417,234,235,1404,1410,1,1,177331,3692,0,27,0,0,0,NORMAL,0,3,1,9,81,234,0,235,0,0,0,0,0,0,0
180974,34,bully,3643,1,26,2340143,234,0,1404,0,1,34,177331,3643,0,27,0,0,0,LEADER,1,4,1,43,26,234,0,0,0,0,0,0,0,0,0
182517,18,bully,2883,1,27,2502900,237,0,1422,0,1,18,179634,2883,0,28,0,0,0,LEADER,1,4,1,21,27,237,0,0,0,0,0,0,0,0,0
182462,9,bully,2828,1,27,2501415,237,235,1422,1410,1,1,179634,2828,0,28,0,0,0,NORMAL,0,3,2,3,81,237,0,235,0,0,0,0,0,0,0
182617,13,bully,2983,1,27,2505600,237,234,1422,1404,2,1,179634,2983,0,28,0,0,0,NORMAL,0,3,2,3,87,237,0,234,0,0,0,0,0,0,0
182687,25,bully,3053,1,27,2507490,237,0,1422,0,1,25,179634,3053,0,28,0,0,0,LEADER,1,4,1,28,27,237,0,0,0,0,0,0,0,0,0
182691,36,bully,3065,1,27,2507702,237,0,1422,0,1,36,179626,3065,0,28,0,0,0,LEADER,1,4,1,39,27,237,0,0,0,0,0,0,0,0,0
182529,29,bully,2895,1,27,2503224,237,0,1422,0,1,29,179634,2895,0,28,0,0,0,LEADER,1,4,1,32,27,237,0,0,0,0,0,0,0,0,0
182714,35,bully,3086,1,27,2508326,237,0,1422,0,1,35,179628,3086,0,28,0,0,0,LEADER,1,4,1,38,27,237,0,0,0,0,0,0,0,0,0
182595,6,bully,2965,1,27,2505071,237,472,1422,2832,2,1,179630,2965,0,28,0,0,0,NORMAL,0,3,2,3,87,237,0,472,0,0,0,0,0,0,0
182767,48,bully,3133,1,27,2509650,237,0,1422,0,1,48,179634,3133,0,28,0,0,0,LEADER,1,4,1,51,27,237,0,0,0,0,0,0,0,0,0
182501,50,bully,2868,1,27,2502485,237,0,1422,0,1,50,179633,2868,0,28,0,0,0,LEADER,1,4,1,53,27,237,0,0,0,0,0,0,0,0,0
182443,41,bully,2813,1,27,2500926,237,0,1422,0,1,41,179630,2813,0,28,0,0,0,LEADER,1,4,1,44,27,237,0,0,0,0,0,0,0,0,0
182905,10,bully,3271,1,27,2513376,237,236,1422,1416,1,1,179634,3271,0,28,0,0,0,NORMAL,0,3,2,3,83,237,0,236,0,0,0,0,0,0,0
182736,3,bully,3101,1,27,2508794,237,472,1422,2832,1,1,179635,3101,0,28,0,0,0,NORMAL,0,3,2,3,83,237,0,472,0,0,0,0,0,0,0
182347,11,bully,2713,1,27,2498310,237,230,1422,1380,1,1,179634,2713,0,28,0,0,0,NORMAL,0,3,2,3,110,237,0,230,0,0,0,0,0,0,0
182753,45,bully,3119,1,27,2509272,237,0,1422,0,1,45,179634,3119,0,28,0,0,0,LEADER,1,4,1,48,27,237,0,0,0,0,0,0,0,0,0
182890,42,bully,3256,1,27,2512971,237,0,1422,0,1,42,179634,3256,0,28,0,0,0,LEADER,1,4,1,45,27,237,0,0,0,0,0,0,0,0,0
182856,46,bully,3222,1,27,2512053,237,0,1422,0,1,46,179634,3222,0,28,0,0,0,LEADER,1,4,1,49,27,237,0,0,0,0,0,0,0,0,0
182414,31,bully,2780,1,27,2500119,237,0,1422,0,1,31,179634,2780,0,28,0,0,0,LEADER,1,4,1,34,27,237,0,0,0,0,0,0,0,0,0
183020,8,bully,3386,1,27,2516481,237,236,1422,1416,2,1,179634,3386,0,28,0,0,0,NORMAL,0,3,2,3,89,237,0,236,0,0,0,0,0,0,0
182665,26,bully,3031,1,27,2506896,237,0,1422,0,1,26,179634,3031,0,28,0,0,0,LEADER,1,4,1,29,27,237,0,0,0,0,0,0,0,0,0
183073,17,bully,3440,1,27,2517934,237,0,1422,0,1,17,179633,3440,0,28,0,0,0,LEADER,1,4,1,20,27,237,0,0,0,0,0,0,0,0,0
182971,30,bully,3337,1,27,2515158,237,0,1422,0,1,30,179634,3337,0,28,0,0,0,LEADER,1,4,1,33,27,237,0,0,0,0,0,0,0,0,0
183156,5,bully,3522,1,27,2520153,237,473,1422,2838,2,1,179634,3522,0,28,0,0,0,NORMAL,0,3,2,3,85,237,0,473,0,0,0,0,0,0,0
182802,2,bully,3168,1,27,2510595,237,470,1422,2820,1,1,179634,3168,0,28,0,0,0,NORMAL,0,3,2,3,81,237,0,470,0,0,0,0,0,0,0
182550,28,bully,2916,1,27,2503791,237,0,1422,0,1,28,179634,2916,0,28,0,0,0,LEADER,1,4,1,31,27,237,0,0,0,0,0,0,0,0,0
183107,27,bully,3473,1,27,2518830,237,0,1422,0,1,27,179634,3473,0,28,0,0,0,LEADER,1,4,1,30,27,237,0,0,0,0,0,0,0,0,0
183141,37,bully,3507,1,27,2519748,237,0,1422,0,1,37,179634,3507,0,28,0,0,0,LEADER,1,4,1,40,27,237,0,0,0,0,0,0,0,0,0
182489,19,bully,2861,1,27,2502239,237,0,1422,0,1,19,179628,2861,0,28,0,0,0,LEADER,1,4,1,22,27,237,0,0,0,0,0,0,0,0,0
182358,22,bully,2725,1,27,2498632,237,0,1422,0,1,22,179633,2725,0,28,0,0,0,LEADER,1,4,1,25,27,237,0,0,0,0,0,0,0,0,0
182374,21,bully,2747,1,27,2499107,237,0,1422,0,1,21,179627,2747,0,28,0,0,0,LEADER,1,4,1,24,27,237,0,0,0,0,0,0,0,0,0
182835,33,bully,3201,1,27,2511486,237,0,1422,0,1,33,179634,3201,0,28,0,0,0,LEADER,1,4,1,36,27,237,0,0,0,0,0,0,0,0,0
182868,43,bully,3234,1,27,2512377,237,0,1422,0,1,43,179634,3234,0,28,0,0,0,LEADER,1,4,1,46,27,237,0,0,0,0,0,0,0,0,0
182632,16,bully,2998,1,27,2506005,237,238,1422,1428,2,1,179634,2998,0,28,0,0,0,NORMAL,0,3,2,3,90,237,0,238,0,0,0,0,0,0,0
183136,32,bully,3502,1,27,2519613,237,0,1422,0,1,32,179634,3502,0,28,0,0,0,LEADER,1,4,1,35,27,237,0,0,0,0,0,0,0,0,0
183177,4,bully,3543,1,27,2520720,237,473,1422,2838,1,1,179634,3543,0,28,0,0,0,NORMAL,0,3,2,3,84,237,0,473,0,0,0,0,0,0,0
183243,24,bully,3610,1,27,2522513,237,0,1422,0,1,24,179633,3610,0,28,0,0,0,LEADER,1,4,1,27,27,237,0,0,0,0,0,0,0,0,0
182938,20,bully,3304,1,27,2514267,237,0,1422,0,1,20,179634,3304,0,28,0,0,0,LEADER,1,4,1,23,27,237,0,0,0,0,0,0,0,0,0
182584,38,bully,2950,1,27,2504709,237,0,1422,0,1,38,179634,2950,0,28,0,0,0,LEADER,1,4,1,41,27,237,0,0,0,0,0,0,0,0,0
183221,23,bully,3585,1,27,2521862,237,0,1422,0,1,23,179636,3585,0,28,0,0,0,LEADER,1,4,1,26,27,237,0,0,0,0,0,0,0,0,0
183041,7,bully,3407,1,27,2517048,237,476,1422,2856,2,1,179634,3407,0,28,0,0,0,NORMAL,0,3,2,3,88,237,0,476,0,0,0,0,0,0,0
183174,47,bully,3540,1,27,2520639,237,0,1422,0,1,47,179634,3540,0,28,0,0,0,LEADER,1,4,1,50,27,237,0,0,0,0,0,0,0,0,0
183027,39,bully,3392,1,27,2516661,237,0,1422,0,1,39,179635,3392,0,28,0,0,0,LEADER,1,4,1,42,27,237,0,0,0,0,0,0,0,0,0
183185,15,bully,3555,1,27,2521012,237,234,1422,1404,2,1,179630,3555,0,28,0,0,0,NORMAL,0,3,2,3,95,237,0,234,0,0,0,0,0,0,0
183059,49,bully,3425,1,27,2517534,237,0,1422,0,1,49,179634,3425,0,28,0,0,0,LEADER,1,4,1,52,27,237,0,0,0,0,0,0,0,0,0
182842,1,bully,3216,1,27,2511828,237,475,1422,2850,1,1,179626,3216,0,28,0,0,0,LEADER,1,4,1,4,27,237,0,475,0,0,0,0,0,0,0
183000,40,bully,3371,1,27,2516012,237,0,1422,0,1,40,179629,3371,0,28,0,0,0,LEADER,1,4,1,43,27,237,0,0,0,0,0,0,0,0,0
183209,14,bully,3577,1,27,2521611,237,237,1422,1422,2,1,179632,3577,0,28,0,0,0,NORMAL,0,3,2,3,88,237,0,237,0,0,0,0,0,0,0
183311,44,bully,3677,1,27,2524338,237,0,1422,0,1,44,179634,3677,0,28,0,0,0,LEADER,1,4,1,47,27,237,0,0,0,0,0,0,0,0,0
183326,12,bully,3692,1,27,2524743,237,238,1422,1428,1,1,179634,3692,0,28,0,0,0,NORMAL,0,3,2,3,84,237,0,238,0,0,0,0,0,0,0
183277,34,bully,3643,1,27,2523420,237,0,1422,0,1,34,179634,3643,0,28,0,0,0,LEADER,1,4,1,37,27,237,0,0,0,0,0,0,0,0,0
184820,18,bully,2883,1,27,2502900,240,0,1440,0,1,18,181937,2883,0,28,0,0,0,LEADER,1,4,1,24,27,240,0,0,0,0,0,0,0,0,0
184765,9,bully,2828,1,27,2501415,240,238,1440,1428,1,1,181937,2828,0,28,0,0,0,NORMAL,0,3,1,6,81,240,0,238,0,0,0,0,0,0,0
184920,13,bully,2983,1,27,2505600,240,237,1440,1422,2,1,181937,2983,0,28,0,0,0,NORMAL,0,3,1,6,87,240,0,237,0,0,0,0,0,0,0
184990,25,bully,3053,1,27,2507490,240,0,1440,0,1,25,181937,3053,0,28,0,0,0,LEADER,1,4,1,31,27,240,0,0,0,0,0,0,0,0,0
184994,36,bully,3065,1,27,2507702,240,0,1440,0,1,36,181929,3065,0,28,0,0,0,LEADER,1,4,1,42,27,240,0,0,0,0,0,0,0,0,0
184832,29,bully,2895,1,27,2503224,240,0,1440,0,1,29,181937,2895,0,28,0,0,0,LEADER,1,4,1,35,27,240,0,0,0,0,0,0,0,0,0
185016,35,bully,3086,1,27,2508326,240,0,1440,0,1,35,181930,3086,0,28,0,0,0,LEADER,1,4,1,41,27,240,0,0,0,0,0,0,0,0,0
184898,6,bully,2965,1,27,2505071,240,478,1440,2868,2,1,181933,2965,0,28,0,0,0,NORMAL,0,3,1,6,87,240,0,478,0,0,0,0,0,0,0
185070,48,bully,3133,1,27,2509650,240,0,1440,0,1,48,181937,3133,0,28,0,0,0,LEADER,1,4,1,54,27,240,0,0,0,0,0,0,0,0,0
184804,50,bully,2868,1,27,2502485,240,0,1440,0,1,50,181936,2868,0,28,0,0,0,LEADER,1,4,1,56,27,240,0,0,0,0,0,0,0,0,0
184746,41,bully,2813,1,27,2500926,240,0,1440,0,1,41,181933,2813,0,28,0,0,0,LEADER,1,4,1,47,27,240,0,0,0,0,0,0,0,0,0
185208,10,bully,3271,1,27,2513376,240,239,1440,1434,1,1,181937,3271,0,28,0,0,0,NORMAL,0,3,1,6,83,240,0,239,0,0,0,0,0,0,0
185039,3,bully,3101,1,27,2508794,240,478,1440,2868,1,1,181938,3101,0,28,0,0,0,NORMAL,0,3,1,6,83,240,0,478,0,0,0,0,0,0,0
184650,11,bully,2713,1,27,2498310,240,233,1440,1398,1,1,181937,2713,0,28,0,0,0,NORMAL,0,3,1,6,110,240,0,233,0,0,0,0,0,0,0
185056,45,bully,3119,1,27,2509272,240,0,1440,0,1,45,181937,3119,0,28,0,0,0,LEADER,1,4,1,51,27,240,0,0,0,0,0,0,0,0,0
185193,42,bully,3256,1,27,2512971,240,0,1440,0,1,42,181937,3256,0,28,0,0,0,LEADER,1,4,1,48,27,240,0,0,0,0,0,0,0,0,0
185159,46,bully,3222,1,27,2512053,240,0,1440,0,1,46,181937,3222,0,28,0,0,0,LEADER,1,4,1,52,27,240,0,0,0,0,0,0,0,0,0
184717,31,bully,2780,1,27,2500119,240,0,1440,0,1,31,181937,2780,0,28,0,0,0,LEADER,1,4,1,37,27,240,0,0,0,0,0,0,0,0,0
185323,8,bully,3386,1,27,2516481,240,239,1440,1434,2,1,181937,3386,0,28,0,0,0,NORMAL,0,3,1,6,89,240,0,239,0,0,0,0,0,0,0
184968,26,bully,3031,1,27,2506896,240,0,1440,0,1,26,181937,3031,0,28,0,0,0,LEADER,1,4,1,32,27,240,0,0,0,0,0,0,0,0,0
185376,17,bully,3440,1,27,2517934,240,0,1440,0,1,17,181936,3440,0,28,0,0,0,LEADER,1,4,1,23,27,240,0,0,0,0,0,0,0,0,0
185274,30,bully,3337,1,27,2515158,240,0,1440,0,1,30,181937,3337,0,28,0,0,0,LEADER,1,4,1,36,27,240,0,0,0,0,0,0,0,0,0
185459,5,bully,3522,1,27,2520153,240,479,1440,2874,2,1,181937,3522,0,28,0,0,0,NORMAL,0,3,1,6,85,240,0,479,0,0,0,0,0,0,0
185105,2,bully,3168,1,27,2510595,240,476,1440,2856,1,1,181937,3168,0,28,0,0,0,NORMAL,0,3,1,6,81,240,0,476,0,0,0,0,0,0,0
184853,28,bully,2916,1,27,2503791,240,0,1440,0,1,28,181937,2916,0,28,0,0,0,LEADER,1,4,1,34,27,240,0,0,0,0,0,0,0,0,0
185410,27,bully,3473,1,27,2518830,240,0,1440,0,1,27,181937,3473,0,28,0,0,0,LEADER,1,4,1,33,27,240,0,0,0,0,0,0,0,0,0
185444,37,bully,3507,1,27,2519748,240,0,1440,0,1,37,181937,3507,0,28,0,0,0,LEADER,1,4,1,43,27,240,0,0,0,0,0,0,0,0,0
184792,19,bully,2861,1,27,2502239,240,0,1440,0,1,19,181931,2861,0,28,0,0,0,LEADER,1,4,1,25,27,240,0,0,0,0,0,0,0,0,0
184661,22,bully,2725,1,27,2498632,240,0,1440,0,1,22,181936,2725,0,28,0,0,0,LEADER,1,4,1,28,27,240,0,0,0,0,0,0,0,0,0
184677,21,bully,2747,1,27,2499107,240,0,1440,0,1,21,181930,2747,0,28,0,0,0,LEADER,1,4,1,27,27,240,0,0,0,0,0,0,0,0,0
185138,33,bully,3201,1,27,2511486,240,0,1440,0,1,33,181937,3201,0,28,0,0,0,LEADER,1,4,1,39,27,240,0,0,0,0,0,0,0,0,0
185171,43,bully,3234,1,27,2512377,240,0,1440,0,1,43,181937,3234,0,28,0,0,0,LEADER,1,4,1,49,27,240,0,0,0,0,0,0,0,0,0
184935,16,bully,2998,1,27,2506005,240,241,1440,1446,2,1,181937,2998,0,28,0,0,0,NORMAL,0,3,1,6,90,240,0,241,0,0,0,0,0,0,0
185439,32,bully,3502,1,27,2519613,240,0,1440,0,1,32,181937,3502,0,28,0,0,0,LEADER,1,4,1,38,27,240,0,0,0,0,0,0,0,0,0
185480,4,bully,3543,1,27,2520720,240,479,1440,2874,1,1,181937,3543,0,28,0,0,0,NORMAL,0,3,1,6,84,240,0,479,0,0,0,0,0,0,0
185546,24,bully,3610,1,27,2522513,240,0,1440,0,1,24,181936,3610,0,28,0,0,0,LEADER,1,4,1,30,27,240,0,0,0,0,0,0,0,0,0
185241,20,bully,3304,1,27,2514267,240,0,1440,0,1,20,181937,3304,0,28,0,0,0,LEADER,1,4,1,26,27,240,0,0,0,0,0,0,0,0,0
184887,38,bully,2950,1,27,2504709,240,0,1440,0,1,38,181937,2950,0,28,0,0,0,LEADER,1,4,1,44,27,240,0,0,0,0,0,0,0,0,0
185524,23,bully,3585,1,27,2521862,240,0,1440,0,1,23,181939,3585,0,28,0,0,0,LEADER,1,4,1,29,27,240,0,0,0,0,0,0,0,0,0
185344,7,bully,3407,1,27,2517048,240,482,1440,2892,2,1,181937,3407,0,28,0,0,0,NORMAL,0,3,1,6,88,240,0,482,0,0,0,0,0,0,0
185477,47,bully,3540,1,27,2520639,240,0,1440,0,1,47,181937,3540,0,28,0,0,0,LEADER,1,4,1,53,27,240,0,0,0,0,0,0,0,0,0
185330,39,bully,3392,1,27,2516661,240,0,1440,0,1,39,181938,3392,0,28,0,0,0,LEADER,1,4,1,45,27,240,0,0,0,0,0,0,0,0,0
185488,15,bully,3555,1,27,2521012,240,236,1440,1416,2,1,181933,3555,0,28,0,0,0,NORMAL,0,3,1,6,95,240,0,236,0,0,0,0,0,0,0
185362,49,bully,3425,1,27,2517534,240,0,1440,0,1,49,181937,3425,0,28,0,0,0,LEADER,1,4,1,55,27,240,0,0,0,0,0,0,0,0,0
185145,1,bully,3216,1,27,2511828,240,481,1440,2886,1,1,181929,3216,0,28,0,0,0,LEADER,1,4,1,7,27,240,0,481,0,0,0,0,0,0,0
185303,40,bully,3371,1,27,2516012,240,0,1440,0,1,40,181932,3371,0,28,0,0,0,LEADER,1,4,1,46,27,240,0,0,0,0,0,0,0,0,0
185512,14,bully,3577,1,27,2521611,240,240,1440,1440,2,1,181935,3577,0,28,0,0,0,NORMAL,0,3,1,6,88,240,0,240,0,0,0,0,0,0,0
185614,44,bully,3677,1,27,2524338,240,0,1440,0,1,44,181937,3677,0,28,0,0,0,LEADER,1,4,1,50,27,240,0,0,0,0,0,0,0,0,0
185629,12,bully,3692,1,27,2524743,240,241,1440,1446,1,1,181937,3692,0,28,0,0,0,NORMAL,0,3,1,6,84,240,0,241,0,0,0,0,0,0,0
185580,34,bully,3643,1,27,2523420,240,0,1440,0,1,34,181937,3643,0,28,0,0,0,LEADER,1,4,1,40,27,240,0,0,0,0,0,0,0,0,0
187123,18,bully,2883,1,27,2502900,243,0,1458,0,1,18,184240,2883,0,28,0,0,0,LEADER,1,4,1,27,27,243,0,0,0,0,0,0,0,0,0
187068,9,bully,2828,1,27,2501415,243,241,1458,1446,1,1,184240,2828,0,28,0,0,0,NORMAL,0,3,1,9,81,243,0,241,0,0,0,0,0,0,0
187223,13,bully,2983,1,27,2505600,243,240,1458,1440,2,1,184240,2983,0,28,0,0,0,NORMAL,0,3,1,9,87,243,0,240,0,0,0,0,0,0,0
187293,25,bully,3053,1,27,2507490,243,0,1458,0,1,25,184240,3053,0,28,0,0,0,LEADER,1,4,1,34,27,243,0,0,0,0,0,0,0,0,0
187297,36,bully,3065,1,27,2507702,243,0,1458,0,1,36,184232,3065,0,28,0,0,0,LEADER,1,4,1,45,27,243,0,0,0,0,0,0,0,0,0
187135,29,bully,2895,1,27,2503224,243,0,1458,0,1,29,184240,2895,0,28,0,0,0,LEADER,1,4,1,38,27,243,0,0,0,0,0,0,0,0,0
187319,35,bully,3086,1,27,2508326,243,0,1458,0,1,35,184233,3086,0,28,0,0,0,LEADER,1,4,1,44,27,243,0,0,0,0,0,0,0,0,0
187201,6,bully,2965,1,27,2505071,243,484,1458,2904,2,1,184236,2965,0,28,0,0,0,NORMAL,0,3,1,9,87,243,0,484,0,0,0,0,0,0,0
187373,48,bully,3133,1,27,2509650,243,0,1458,0,1,48,184240,3133,0,28,0,0,0,LEADER,1,4,1,57,27,243,0,0,0,0,0,0,0,0,0
187107,50,bully,2868,1,27,2502485,243,0,1458,0,1,50,184239,2868,0,28,0,0,0,LEADER,1,4,1,59,27,243,0,0,0,0,0,0,0,0,0
187049,41,bully,2813,1,27,2500926,243,0,1458,0,1,41,184236,2813,0,28,0,0,0,LEADER,1,4,1,50,27,243,0,0,0,0,0,0,0,0,0
187511,10,bully,3271,1,27,2513376,243,242,1458,1452,1,1,184240,3271,0,28,0,0,0,NORMAL,0,3,1,9,83,243,0,242,0,0,0,0,0,0,0
187342,3,bully,3101,1,27,2508794,243,484,1458,2904,1,1,184241,3101,0,28,0,0,0,NORMAL,0,3,1,9,83,243,0,484,0,0,0,0,0,0,0
186953,11,bully,2713,1,27,2498310,243,236,1458,1416,1,1,184240,2713,0,28,0,0,0,NORMAL,0,3,1,9,110,243,0,236,0,0,0,0,0,0,0
187359,45,bully,3119,1,27,2509272,243,0,1458,0,1,45,184240,3119,0,28,0,0,0,LEADER,1,4,1,54,27,243,0,0,0,0,0,0,0,0,0
187496,42,bully,3256,1,27,2512971,243,0,1458,0,1,42,184240,3256,0,28,0,0,0,LEADER,1,4,1,51,27,243,0,0,0,0,0,0,0,0,0
187462,46,bully,3222,1,27,2512053,243,0,1458,0,1,46,184240,3222,0,28,0,0,0,LEADER,1,4,1,55,27,243,0,0,0,0,0,0,0,0,0
187020,31,bully,2780,1,27,2500119,243,0,1458,0,1,31,184240,2780,0,28,0,0,0,LEADER,1,4,1,40,27,243,0,0,0,0,0,0,0,0,0
187626,8,bully,3386,1,27,2516481,243,242,1458,1452,2,1,184240,3386,0,28,0,0,0,NORMAL,0,3,1,9,89,243,0,242,0,0,0,0,0,0,0
187271,26,bully,3031,1,27,2506896,243,0,1458,0,1,26,184240,3031,0,28,0,0,0,LEADER,1,4,1,35,27,243,0,0,0,0,0,0,0,0,0
187679,17,bully,3440,1,27,2517934,243,0,1458,0,1,17,184239,3440,0,28,0,0,0,LEADER,1,4,1,26,27,243,0,0,0,0,0,0,0,0,0
187577,30,bully,3337,1,27,2515158,243,0,1458,0,1,30,184240,3337,0,28,0,0,0,LEADER,1,4,1,39,27,243,0,0,0,0,0,0,0,0,0
187762,5,bully,3522,1,27,2520153,243,485,1458,2910,2,1,184240,3522,0,28,0,0,0,NORMAL,0,3,1,9,85,243,0,485,0,0,0,0,0,0,0
187408,2,bully,3168,1,27,2510595,243,482,1458,2892,1,1,184240,3168,0,28,0,0,0,NORMAL,0,3,1,9,81,243,0,482,0,0,0,0,0,0,0
187156,28,bully,2916,1,27,2503791,243,0,1458,0,1,28,184240,2916,0,28,0,0,0,LEADER,1,4,1,37,27,243,0,0,0,0,0,0,0,0,0
187713,27,bully,3473,1,27,2518830,243,0,1458,0,1,27,184240,3473,0,28,0,0,0,LEADER,1,4,1,36,27,243,0,0,0,0,0,0,0,0,0
187747,37,bully,3507,1,27,2519748,243,0,1458,0,1,37,184240,3507,0,28,0,0,0,LEADER,1,4,1,46,27,243,0,0,0,0,0,0,0,0,0
187095,19,bully,2861,1,27,2502239,243,0,1458,0,1,19,184234,2861,0,28,0,0,0,LEADER,1,4,1,28,27,243,0,0,0,0,0,0,0,0,0
186964,22,bully,2725,1,27,2498632,243,0,1458,0,1,22,184239,2725,0,28,0,0,0,LEADER,1,4,1,31,27,243,0,0,0,0,0,0,0,0,0
186980,21,bully,2747,1,27,2499107,243,0,1458,0,1,21,184233,2747,0,28,0,0,0,LEADER,1,4,1,30,27,243,0,0,0,0,0,0,0,0,0
187441,33,bully,3201,1,27,2511486,243,0,1458,0,1,33,184240,3201,0,28,0,0,0,LEADER,1,4,1,42,27,243,0,0,0,0,0,0,0,0,0
187474,43,bully,3234,1,27,2512377,243,0,1458,0,1,43,184240,3234,0,28,0,0,0,LEADER,1,4,1,52,27,243,0,0,0,0,0,0,0,0,0
187238,16,bully,2998,1,27,2506005,243,244,1458,1464,2,1,184240,2998,0,28,0,0,0,NORMAL,0,3,1,9,90,243,0,244,0,0,0,0,0,0,0
187742,32,bully,3502,1,27,2519613,243,0,1458,0,1,32,184240,3502,0,28,0,0,0,LEADER,1,4,1,41,27,243,0,0,0,0,0,0,0,0,0
187783,4,bully,3543,1,27,2520720,243,485,1458,2910,1,1,184240,3543,0,28,0,0,0,NORMAL,0,3,1,9,84,243,0,485,0,0,0,0,0,0,0
187849,24,bully,3610,1,27,2522513,243,0,1458,0,1,24,184239,3610,0,28,0,0,0,LEADER,1,4,1,33,27,243,0,0,0,0,0,0,0,0,0
187544,20,bully,3304,1,27,2514267,243,0,1458,0,1,20,184240,3304,0,28,0,0,0,LEADER,1,4,1,29,27,243,0,0,0,0,0,0,0,0,0
187190,38,bully,2950,1,27,2504709,243,0,1458,0,1,38,184240,2950,0,28,0,0,0,LEADER,1,4,1,47,27,243,0,0,0,0,0,0,0,0,0
187827,23,bully,3585,1,27,2521862,243,0,1458,0,1,23,184242,3585,0,28,0,0,0,LEADER,1,4,1,32,27,243,0,0,0,0,0,0,0,0,0
187647,7,bully,3407,1,27,2517048,243,488,1458,2928,2,1,184240,3407,0,28,0,0,0,NORMAL,0,3,1,9,88,243,0,488,0,0,0,0,0,0,0
187780,47,bully,3540,1,27,2520639,243,0,1458,0,1,47,184240,3540,0,28,0,0,0,LEADER,1,4,1,56,27,243,0,0,0,0,0,0,0,0,0
187633,39,bully,3392,1,27,2516661,243,0,1458,0,1,39,184241,3392,0,28,0,0,0,LEADER,1,4,1,48,27,243,0,0,0,0,0,0,0,0,0
187791,15,bully,3555,1,27,2521012,243,240,1458,1440,2,1,184236,3555,0,28,0,0,0,NORMAL,0,3,1,9,95,243,0,240,0,0,0,0,0,0,0
187665,49,bully,3425,1,27,2517534,243,0,1458,0,1,49,184240,3425,0,28,0,0,0,LEADER,1,4,1,58,27,243,0,0,0,0,0,0,0,0,0
187448,1,bully,3216,1,27,2511828,243,488,1458,2928,1,1,184232,3216,0,28,0,0,0,LEADER,1,4,1,10,27,243,0,488,0,0,0,0,0,0,0
187606,40,bully,3371,1,27,2516012,243,0,1458,0,1,40,184235,3371,0,28,0,0,0,LEADER,1,4,1,49,27,243,0,0,0,0,0,0,0,0,0
187815,14,bully,3577,1,27,2521611,243,243,1458,1458,2,1,184238,3577,0,28,0,0,0,NORMAL,0,3,1,9,88,243,0,243,0,0,0,0,0,0,0
187918,44,bully,3677,1,27,2524338,243,0,1458,0,1,44,184241,3677,0,28,0,0,0,LEADER,1,4,1,53,27,243,0,0,0,0,0,0,0,0,0
187932,12,bully,3692,1,27,2524743,243,244,1458,1464,1,1,184240,3692,0,28,0,0,0,NORMAL,0,3,1,9,84,243,0,244,0,0,0,0,0,0,0
187883,34,bully,3643,1,27,2523420,243,0,1458,0,1,34,184240,3643,0,28,0,0,0,LEADER,1,4,1,43,27,243,0,0,0,0,0,0,0,0,0
189426,18,bully,2883,1,28,2692326,246,0,1476,0,1,18,186543,2883,0,29,0,0,0,LEADER,1,4,1,21,28,246,0,0,0,0,0,0,0,0,0
189371,9,bully,2828,1,28,2690786,246,244,1476,1464,1,1,186543,2828,0,29,0,0,0,NORMAL,0,3,2,3,84,246,0,244,0,0,0,0,0,0,0
189525,13,bully,2983,1,28,2695125,246,243,1476,1458,2,1,186542,2983,0,29,0,0,0,NORMAL,0,3,2,3,90,246,0,243,0,0,0,0,0,0,0
189596,25,bully,3053,1,28,2697086,246,0,1476,0,1,25,186543,3053,0,29,0,0,0,LEADER,1,4,1,28,28,246,0,0,0,0,0,0,0,0,0
189600,36,bully,3065,1,28,2697302,246,0,1476,0,1,36,186535,3065,0,29,0,0,0,LEADER,1,4,1,39,28,246,0,0,0,0,0,0,0,0,0
189438,29,bully,2895,1,28,2692662,246,0,1476,0,1,29,186543,2895,0,29,0,0,0,LEADER,1,4,1,32,28,246,0,0,0,0,0,0,0,0,0
189622,35,bully,3086,1,28,2697948,246,0,1476,0,1,35,186536,3086,0,29,0,0,0,LEADER,1,4,1,38,28,246,0,0,0,0,0,0,0,0,0
189504,6,bully,2965,1,28,2694575,246,490,1476,2940,2,1,186539,2965,0,29,0,0,0,NORMAL,0,3,2,3,90,246,0,490,0,0,0,0,0,0,0
189676,48,bully,3133,1,28,2699326,246,0,1476,0,1,48,186543,3133,0,29,0,0,0,LEADER,1,4,1,51,28,246,0,0,0,0,0,0,0,0,0
189410,50,bully,2868,1,28,2691895,246,0,1476,0,1,50,186542,2868,0,29,0,0,0,LEADER,1,4,1,53,28,246,0,0,0,0,0,0,0,0,0
189352,41,bully,2813,1,28,2690278,246,0,1476,0,1,41,186539,2813,0,29,0,0,0,LEADER,1,4,1,44,28,246,0,0,0,0,0,0,0,0,0
189814,10,bully,3271,1,28,2703190,246,245,1476,1470,1,1,186543,3271,0,29,0,0,0,NORMAL,0,3,2,3,86,246,0,245,0,0,0,0,0,0,0
189645,3,bully,3101,1,28,2698439,246,490,1476,2940,1,1,186544,3101,0,29,0,0,0,NORMAL,0,3,2,3,86,246,0,490,0,0,0,0,0,0,0
189256,11,bully,2713,1,28,2687566,246,239,1476,1434,1,1,186543,2713,0,29,0,0,0,NORMAL,0,3,2,3,114,246,0,239,0,0,0,0,0,0,0
189662,45,bully,3119,1,28,2698934,246,0,1476,0,1,45,186543,3119,0,29,0,0,0,LEADER,1,4,1,48,28,246,0,0,0,0,0,0,0,0,0
189799,42,bully,3256,1,28,2702770,246,0,1476,0,1,42,186543,3256,0,29,0,0,0,LEADER,1,4,1,45,28,246,0,0,0,0,0,0,0,0,0
189765,46,bully,3222,1,28,2701818,246,0,1476,0,1,46,186543,3222,0,29,0,0,0,LEADER,1,4,1,49,28,246,0,0,0,0,0,0,0,0,0
189323,31,bully,2780,1,28,2689442,246,0,1476,0,1,31,186543,2780,0,29,0,0,0,LEADER,1,4,1,34,28,246,0,0,0,0,0,0,0,0,0
189929,8,bully,3386,1,28,2706410,246,245,1476,1470,2,1,186543,3386,0,29,0,0,0,NORMAL,0,3,2,3,92,246,0,245,0,0,0,0,0,0,0
189574,26,bully,3031,1,28,2696470,246,0,1476,0,1,26,186543,3031,0,29,0,0,0,LEADER,1,4,1,29,28,246,0,0,0,0,0,0,0,0,0
189982,17,bully,3440,1,28,2707916,246,0,1476,0,1,17,186542,3440,0,29,0,0,0,LEADER,1,4,1,20,28,246,0,0,0,0,0,0,0,0,0
189880,30,bully,3337,1,28,2705038,246,0,1476,0,1,30,186543,3337,0,29,0,0,0,LEADER,1,4,1,33,28,246,0,0,0,0,0,0,0,0,0
190065,5,bully,3522,1,28,2710218,246,491,1476,2946,2,1,186543,3522,0,29,0,0,0,NORMAL,0,3,2,3,88,246,0,491,0,0,0,0,0,0,0
189711,2,bully,3168,1,28,2700306,246,488,1476,2928,1,1,186543,3168,0,29,0,0,0,NORMAL,0,3,2,3,84,246,0,488,0,0,0,0,0,0,0
189459,28,bully,2916,1,28,2693250,246,0,1476,0,1,28,186543,2916,0,29,0,0,0,LEADER,1,4,1,31,28,246,0,0,0,0,0,0,0,0,0
190016,27,bully,3473,1,28,2708846,246,0,1476,0,1,27,186543,3473,0,29,0,0,0,LEADER,1,4,1,30,28,246,0,0,0,0,0,0,0,0,0
190050,37,bully,3507,1,28,2709798,246,0,1476,0,1,37,186543,3507,0,29,0,0,0,LEADER,1,4,1,40,28,246,0,0,0,0,0,0,0,0,0
189398,19,bully,2861,1,28,2691637,246,0,1476,0,1,19,186537,2861,0,29,0,0,0,LEADER,1,4,1,22,28,246,0,0,0,0,0,0,0,0,0
189267,22,bully,2725,1,28,2687899,246,0,1476,0,1,22,186542,2725,0,29,0,0,0,LEADER,1,4,1,25,28,246,0,0,0,0,0,0,0,0,0
189283,21,bully,2747,1,28,2688390,246,0,1476,0,1,21,186536,2747,0,29,0,0,0,LEADER,1,4,1,24,28,246,0,0,0,0,0,0,0,0,0
189744,33,bully,3201,1,28,2701230,246,0,1476,0,1,33,186543,3201,0,29,0,0,0,LEADER,1,4,1,36,28,246,0,0,0,0,0,0,0,0,0
189777,43,bully,3234,1,28,2702154,246,0,1476,0,1,43,186543,3234,0,29,0,0,0,LEADER,1,4,1,46,28,246,0,0,0,0,0,0,0,0,0
189541,16,bully,2998,1,28,2695546,246,247,1476,1482,2,1,186543,2998,0,29,0,0,0,NORMAL,0,3,2,3,93,246,0,247,0,0,0,0,0,0,0
190045,32,bully,3502,1,28,2709658,246,0,1476,0,1,32,186543,3502,0,29,0,0,0,LEADER,1,4,1,35,28,246,0,0,0,0,0,0,0,0,0
190086,4,bully,3543,1,28,2710806,246,491,1476,2946,1,1,186543,3543,0,29,0,0,0,NORMAL,0,3,2,3,87,246,0,491,0,0,0,0,0,0,0
190152,24,bully,3610,1,28,2712665,246,0,1476,0,1,24,186542,3610,0,29,0,0,0,LEADER,1,4,1,27,28,246,0,0,0,0,0,0,0,0,0
189847,20,bully,3304,1,28,2704114,246,0,1476,0,1,20,186543,3304,0,29,0,0,0,LEADER,1,4,1,23,28,246,0,0,0,0,0,0,0,0,0
189493,38,bully,2950,1,28,2694202,246,0,1476,0,1,38,186543,2950,0,29,0,0,0,LEADER,1,4,1,41,28,246,0,0,0,0,0,0,0,0,0
190130,23,bully,3585,1,28,2711992,246,0,1476,0,1,23,186545,3585,0,29,0,0,0,LEADER,1,4,1,26,28,246,0,0,0,0,0,0,0,0,0
189950,7,bully,3407,1,28,2706998,246,494,1476,2964,2,1,186543,3407,0,29,0,0,0,NORMAL,0,3,2,3,91,246,0,494,0,0,0,0,0,0,0
190083,47,bully,3540,1,28,2710722,246,0,1476,0,1,47,186543,3540,0,29,0,0,0,LEADER,1,4,1,50,28,246,0,0,0,0,0,0,0,0,0
189936,39,bully,3392,1,28,2706597,246,0,1476,0,1,39,186544,3392,0,29,0,0,0,LEADER,1,4,1,42,28,246,0,0,0,0,0,0,0,0,0
190094,15,bully,3555,1,28,2711106,246,242,1476,1452,2,1,186539,3555,0,29,0,0,0,NORMAL,0,3,2,3,98,246,0,242,0,0,0,0,0,0,0
189968,49,bully,3425,1,28,2707502,246,0,1476,0,1,49,186543,3425,0,29,0,0,0,LEADER,1,4,1,52,28,246,0,0,0,0,0,0,0,0,0
189751,1,bully,3216,1,28,2701579,246,493,1476,2958,1,1,186535,3216,0,29,0,0,0,LEADER,1,4,1,4,28,246,0,493,0,0,0,0,0,0,0
189909,40,bully,3371,1,28,2705921,246,0,1476,0,1,40,186538,3371,0,29,0,0,0,LEADER,1,4,1,43,28,246,0,0,0,0,0,0,0,0,0
190118,14,bully,3577,1,28,2711729,246,246,1476,1476,2,1,186541,3577,0,29,0,0,0,NORMAL,0,3,2,3,91,246,0,246,0,0,0,0,0,0,0
190221,44,bully,3677,1,28,2714559,246,0,1476,0,1,44,186544,3677,0,29,0,0,0,LEADER,1,4,1,47,28,246,0,0,0,0,0,0,0,0,0
190235,12,bully,3692,1,28,2714978,246,247,1476,1482,1,1,186543,3692,0,29,0,0,0,NORMAL,0,3,2,3,87,246,0,247,0,0,0,0,0,0,0
190186,34,bully,3643,1,28,2713606,246,0,1476,0,1,34,186543,3643,0,29,0,0,0,LEADER,1,4,1,37,28,246,0,0,0,0,0,0,0,0,0
191729,18,bully,2883,1,28,2692326,249,0,1494,0,1,18,188846,2883,0,29,0,0,0,LEADER,1,4,1,24,28,249,0,0,0,0,0,0,0,0,0
191674,9,bully,2828,1,28,2690786,249,247,1494,1482,1,1,188846,2828,0,29,0,0,0,NORMAL,0,3,1,6,84,249,0,247,0,0,0,0,0,0,0
191827,13,bully,2983,1,28,2695125,249,246,1494,1476,2,1,188844,2983,0,29,0,0,0,NORMAL,0,3,1,6,90,249,0,246,0,0,0,0,0,0,0
191899,25,bully,3053,1,28,2697086,249,0,1494,0,1,25,188846,3053,0,29,0,0,0,LEADER,1,4,1,31,28,249,0,0,0,0,0,0,0,0,0
191903,36,bully,3065,1,28,2697302,249,0,1494,0,1,36,188838,3065,0,29,0,0,0,LEADER,1,4,1,42,28,249,0,0,0,0,0,0,0,0,0
191741,29,bully,2895,1,28,2692662,249,0,1494,0,1,29,188846,2895,0,29,0,0,0,LEADER,1,4,1,35,28,249,0,0,0,0,0,0,0,0,0
191925,35,bully,3086,1,28,2697948,249,0,1494,0,1,35,188839,3086,0,29,0,0,0,LEADER,1,4,1,41,28,249,0,0,0,0,0,0,0,0,0
191807,6,bully,2965,1,28,2694575,249,496,1494,2976,2,1,188842,2965,0,29,0,0,0,NORMAL,0,3,1,6,90,249,0,496,0,0,0,0,0,0,0
191979,48,bully,3133,1,28,2699326,249,0,1494,0,1,48,188846,3133,0,29,0,0,0,LEADER,1,4,1,54,28,249,0,0,0,0,0,0,0,0,0
191713,50,bully,2868,1,28,2691895,249,0,1494,0,1,50,188845,2868,0,29,0,0,0,LEADER,1,4,1,56,28,249,0,0,0,0,0,0,0,0,0
191655,41,bully,2813,1,28,2690278,249,0,1494,0,1,41,188842,2813,0,29,0,0,0,LEADER,1,4,1,47,28,249,0,0,0,0,0,0,0,0,0
192117,10,bully,3271,1,28,2703190,249,248,1494,1488,1,1,188846,3271,0,29,0,0,0,NORMAL,0,3,1,6,86,249,0,248,0,0,0,0,0,0,0
191948,3,bully,3101,1,28,2698439,249,496,1494,2976,1,1,188847,3101,0,29,0,0,0,NORMAL,0,3,1,6,86,249,0,496,0,0,0,0,0,0,0
191559,11,bully,2713,1,28,2687566,249,242,1494,1452,1,1,188846,2713,0,29,0,0,0,NORMAL,0,3,1,6,114,249,0,242,0,0,0,0,0,0,0
191965,45,bully,3119,1,28,2698934,249,0,1494,0,1,45,188846,3119,0,29,0,0,0,LEADER,1,4,1,51,28,249,0,0,0,0,0,0,0,0,0
192102,42,bully,3256,1,28,2702770,249,0,1494,0,1,42,188846,3256,0,29,0,0,0,LEADER,1,4,1,48,28,249,0,0,0,0,0,0,0,0,0
192068,46,bully,3222,1,28,2701818,249,0,1494,0,1,46,188846,3222,0,29,0,0,0,LEADER,1,4,1,52,28,249,0,0,0,0,0,0,0,0,0
191626,31,bully,2780,1,28,2689442,249,0,1494,0,1,31,188846,2780,0,29,0,0,0,LEADER,1,4,1,37,28,249,0,0,0,0,0,0,0,0,0
192232,8,bully,3386,1,28,2706410,249,248,1494,1488,2,1,188846,3386,0,29,0,0,0,NORMAL,0,3,1,6,92,249,0,248,0,0,0,0,0,0,0
191877,26,bully,3031,1,28,2696470,249,0,1494,0,1,26,188846,3031,0,29,0,0,0,LEADER,1,4,1,32,28,249,0,0,0,0,0,0,0,0,0
192285,17,bully,3440,1,28,2707916,249,0,1494,0,1,17,188845,3440,0,29,0,0,0,LEADER,1,4,1,23,28,249,0,0,0,0,0,0,0,0,0
192183,30,bully,3337,1,28,2705038,249,0,1494,0,1,30,188846,3337,0,29,0,0,0,LEADER,1,4,1,36,28,249,0,0,0,0,0,0,0,0,0
192368,5,bully,3522,1,28,2710218,249,497,1494,2982,2,1,188846,3522,0,29,0,0,0,NORMAL,0,3,1,6,88,249,0,497,0,0,0,0,0,0,0
192014,2,bully,3168,1,28,2700306,249,494,1494,2964,1,1,188846,3168,0,29,0,0,0,NORMAL,0,3,1,6,84,249,0,494,0,0,0,0,0,0,0
191762,28,bully,2916,1,28,2693250,249,0,1494,0,1,28,188846,2916,0,29,0,0,0,LEADER,1,4,1,34,28,249,0,0,0,0,0,0,0,0,0
192319,27,bully,3473,1,28,2708846,249,0,1494,0,1,27,188846,3473,0,29,0,0,0,LEADER,1,4,1,33,28,249,0,0,0,0,0,0,0,0,0
192353,37,bully,3507,1,28,2709798,249,0,1494,0,1,37,188846,3507,0,29,0,0,0,LEADER,1,4,1,43,28,249,0,0,0,0,0,0,0,0,0
191701,19,bully,2861,1,28,2691637,249,0,1494,0,1,19,188840,2861,0,29,0,0,0,LEADER,1,4,1,25,28,249,0,0,0,0,0,0,0,0,0
191570,22,bully,2725,1,28,2687899,249,0,1494,0,1,22,188845,2725,0,29,0,0,0,LEADER,1,4,1,28,28,249,0,0,0,0,0,0,0,0,0
191586,21,bully,2747,1,28,2688390,249,0,1494,0,1,21,188839,2747,0,29,0,0,0,LEADER,1,4,1,27,28,249,0,0,0,0,0,0,0,0,0
192047,33,bully,3201,1,28,2701230,249,0,1494,0,1,33,188846,3201,0,29,0,0,0,LEADER,1,4,1,39,28,249,0,0,0,0,0,0,0,0,0
192080,43,bully,3234,1,28,2702154,249,0,1494,0,1,43,188846,3234,0,29,0,0,0,LEADER,1,4,1,49,28,249,0,0,0,0,0,0,0,0,0
191844,16,bully,2998,1,28,2695546,249,250,1494,1500,2,1,188846,2998,0,29,0,0,0,NORMAL,0,3,1,6,93,249,0,250,0,0,0,0,0,0,0
192348,32,bully,3502,1,28,2709658,249,0,1494,0,1,32,188846,3502,0,29,0,0,0,LEADER,1,4,1,38,28,249,0,0,0,0,0,0,0,0,0
192389,4,bully,3543,1,28,2710806,249,497,1494,2982,1,1,188846,3543,0,29,0,0,0,NORMAL,0,3,1,6,87,249,0,497,0,0,0,0,0,0,0
192455,24,bully,3610,1,28,2712665,249,0,1494,0,1,24,188845,3610,0,29,0,0,0,LEADER,1,4,1,30,28,249,0,0,0,0,0,0,0,0,0
192150,20,bully,3304,1,28,2704114,249,0,1494,0,1,20,188846,3304,0,29,0,0,0,LEADER,1,4,1,26,28,249,0,0,0,0,0,0,0,0,0
191796,38,bully,2950,1,28,2694202,249,0,1494,0,1,38,188846,2950,0,29,0,0,0,LEADER,1,4,1,44,28,249,0,0,0,0,0,0,0,0,0
192433,23,bully,3585,1,28,2711992,249,0,1494,0,1,23,188848,3585,0,29,0,0,0,LEADER,1,4,1,29,28,249,0,0,0,0,0,0,0,0,0
192253,7,bully,3407,1,28,2706998,249,500,1494,3000,2,1,188846,3407,0,29,0,0,0,NORMAL,0,3,1,6,91,249,0,500,0,0,0,0,0,0,0
192386,47,bully,3540,1,28,2710722,249,0,1494,0,1,47,188846,3540,0,29,0,0,0,LEADER,1,4,1,53,28,249,0,0,0,0,0,0,0,0,0
192239,39,bully,3392,1,28,2706597,249,0,1494,0,1,39,188847,3392,0,29,0,0,0,LEADER,1,4,1,45,28,249,0,0,0,0,0,0,0,0,0
192397,15,bully,3555,1,28,2711106,249,246,1494,1476,2,1,188842,3555,0,29,0,0,0,NORMAL,0,3,1,6,98,249,0,246,0,0,0,0,0,0,0
192271,49,bully,3425,1,28,2707502,249,0,1494,0,1,49,188846,3425,0,29,0,0,0,LEADER,1,4,1,55,28,249,0,0,0,0,0,0,0,0,0
192054,1,bully,3216,1,28,2701579,249,499,1494,2994,1,1,188838,3216,0,29,0,0,0,LEADER,1,4,1,7,28,249,0,499,0,0,0,0,0,0,0
192212,40,bully,3371,1,28,2705921,249,0,1494,0,1,40,188841,3371,0,29,0,0,0,LEADER,1,4,1,46,28,249,0,0,0,0,0,0,0,0,0
192421,14,bully,3577,1,28,2711729,249,249,1494,1494,2,1,188844,3577,0,29,0,0,0,NORMAL,0,3,1,6,91,249,0,249,0,0,0,0,0,0,0
192524,44,bully,3677,1,28,2714559,249,0,1494,0,1,44,188847,3677,0,29,0,0,0,LEADER,1,4,1,50,28,249,0,0,0,0,0,0,0,0,0
192538,12,bully,3692,1,28,2714978,249,250,1494,1500,1,1,188846,3692,0,29,0,0,0,NORMAL,0,3,1,6,87,249,0,250,0,0,0,0,0,0,0
192489,34,bully,3643,1,28,2713606,249,0,1494,0,1,34,188846,3643,0,29,0,0,0,LEADER,1,4,1,40,28,249,0,0,0,0,0,0,0,0,0
194032,18,bully,2883,1,28,2692326,252,0,1512,0,1,18,191149,2883,0,29,0,0,0,LEADER,1,4,1,27,28,252,0,0,0,0,0,0,0,0,0
193977,9,bully,2828,1,28,2690786,252,250,1512,1500,1,1,191149,2828,0,29,0,0,0,NORMAL,0,3,1,9,84,252,0,250,0,0,0,0,0,0,0
194130,13,bully,2983,1,28,2695125,252,249,1512,1494,2,1,191147,2983,0,29,0,0,0,NORMAL,0,3,1,9,90,252,0,249,0,0,0,0,0,0,0
194202,25,bully,3053,1,28,2697086,252,0,1512,0,1,25,191149,3053,0,29,0,0,0,LEADER,1,4,1,34,28,252,0,0,0,0,0,0,0,0,0
194206,36,bully,3065,1,28,2697302,252,0,1512,0,1,36,191141,3065,0,29,0,0,0,LEADER,1,4,1,45,28,252,0,0,0,0,0,0,0,0,0
194044,29,bully,2895,1,28,2692662,252,0,1512,0,1,29,191149,2895,0,29,0,0,0,LEADER,1,4,1,38,28,252,0,0,0,0,0,0,0,0,0
194228,35,bully,3086,1,28,2697948,252,0,1512,0,1,35,191142,3086,0,29,0,0,0,LEADER,1,4,1,44,28,252,0,0,0,0,0,0,0,0,0
194110,6,bully,2965,1,28,2694575,252,502,1512,3012,2,1,191145,2965,0,29,0,0,0,NORMAL,0,3,1,9,90,252,0,502,0,0,0,0,0,0,0
194282,48,bully,3133,1,28,2699326,252,0,1512,0,1,48,191149,3133,0,29,0,0,0,LEADER,1,4,1,57,28,252,0,0,0,0,0,0,0,0,0
194016,50,bully,2868,1,28,2691895,252,0,1512,0,1,50,191148,2868,0,29,0,0,0,LEADER,1,4,1,59,28,252,0,0,0,0,0,0,0,0,0
193958,41,bully,2813,1,28,2690278,252,0,1512,0,1,41,191145,2813,0,29,0,0,0,LEADER,1,4,1,50,28,252,0,0,0,0,0,0,0,0,0
194420,10,bully,3271,1,28,2703190,252,251,1512,1506,1,1,191149,3271,0,29,0,0,0,NORMAL,0,3,1,9,86,252,0,251,0,0,0,0,0,0,0
194251,3,bully,3101,1,28,2698439,252,502,1512,3012,1,1,191150,3101,0,29,0,0,0,NORMAL,0,3,1,9,86,252,0,502,0,0,0,0,0,0,0
193862,11,bully,2713,1,28,2687566,252,245,1512,1470,1,1,191149,2713,0,29,0,0,0,NORMAL,0,3,1,9,114,252,0,245,0,0,0,0,0,0,0
194268,45,bully,3119,1,28,2698934,252,0,1512,0,1,45,191149,3119,0,29,0,0,0,LEADER,1,4,1,54,28,252,0,0,0,0,0,0,0,0,0
194405,42,bully,3256,1,28,2702770,252,0,1512,0,1,42,191149,3256,0,29,0,0,0,LEADER,1,4,1,51,28,252,0,0,0,0,0,0,0,0,0
194371,46,bully,3222,1,28,2701818,252,0,1512,0,1,46,191149,3222,0,29,0,0,0,LEADER,1,4,1,55,28,252,0,0,0,0,0,0,0,0,0
193929,31,bully,2780,1,28,2689442,252,0,1512,0,1,31,191149,2780,0,29,0,0,0,LEADER,1,4,1,40,28,252,0,0,0,0,0,0,0,0,0
194535,8,bully,3386,1,28,2706410,252,251,1512,1506,2,1,191149,3386,0,29,0,0,0,NORMAL,0,3,1,9,92,252,0,251,0,0,0,0,0,0,0
194180,26,bully,3031,1,28,2696470,252,0,1512,0,1,26,191149,3031,0,29,0,0,0,LEADER,1,4,1,35,28,252,0,0,0,0,0,0,0,0,0
194588,17,bully,3440,1,28,2707916,252,0,1512,0,1,17,191148,3440,0,29,0,0,0,LEADER,1,4,1,26,28,252,0,0,0,0,0,0,0,0,0
194486,30,bully,3337,1,28,2705038,252,0,1512,0,1,30,191149,3337,0,29,0,0,0,LEADER,1,4,1,39,28,252,0,0,0,0,0,0,0,0,0
194671,5,bully,3522,1,28,2710218,252,503,1512,3018,2,1,191149,3522,0,29,0,0,0,NORMAL,0,3,1,9,88,252,0,503,0,0,0,0,0,0,0
194317,2,bully,3168,1,28,2700306,252,500,1512,3000,1,1,191149,3168,0,29,0,0,0,NORMAL,0,3,1,9,84,252,0,500,0,0,0,0,0,0,0
194065,28,bully,2916,1,28,2693250,252,0,1512,0,1,28,191149,2916,0,29,0,0,0,LEADER,1,4,1,37,28,252,0,0,0,0,0,0,0,0,0
194622,27,bully,3473,1,28,2708846,252,0,1512,0,1,27,191149,3473,0,29,0,0,0,LEADER,1,4,1,36,28,252,0,0,0,0,0,0,0,0,0
194656,37,bully,3507,1,28,2709798,252,0,1512,0,1,37,191149,3507,0,29,0,0,0,LEADER,1,4,1,46,28,252,0,0,0,0,0,0,0,0,0
194004,19,bully,2861,1,28,2691637,252,0,1512,0,1,19,191143,2861,0,29,0,0,0,LEADER,1,4,1,28,28,252,0,0,0,0,0,0,0,0,0
193873,22,bully,2725,1,28,2687899,252,0,1512,0,1,22,191148,2725,0,29,0,0,0,LEADER,1,4,1,31,28,252,0,0,0,0,0,0,0,0,0
193889,21,bully,2747,1,28,2688390,252,0,1512,0,1,21,191142,2747,0,29,0,0,0,LEADER,1,4,1,30,28,252,0,0,0,0,0,0,0,0,0
194350,33,bully,3201,1,28,2701230,252,0,1512,0,1,33,191149,3201,0,29,0,0,0,LEADER,1,4,1,42,28,252,0,0,0,0,0,0,0,0,0
194383,43,bully,3234,1,28,2702154,252,0,1512,0,1,43,191149,3234,0,29,0,0,0,LEADER,1,4,1,52,28,252,0,0,0,0,0,0,0,0,0
194147,16,bully,2998,1,28,2695546,252,253,1512,1518,2,1,191149,2998,0,29,0,0,0,NORMAL,0,3,1,9,93,252,0,253,0,0,0,0,0,0,0
194651,32,bully,3502,1,28,2709658,252,0,1512,0,1,32,191149,3502,0,29,0,0,0,LEADER,1,4,1,41,28,252,0,0,0,0,0,0,0,0,0
194692,4,bully,3543,1,28,2710806,252,503,1512,3018,1,1,191149,3543,0,29,0,0,0,NORMAL,0,3,1,9,87,252,0,503,0,0,0,0,0,0,0
194758,24,bully,3610,1,28,2712665,252,0,1512,0,1,24,191148,3610,0,29,0,0,0,LEADER,1,4,1,33,28,252,0,0,0,0,0,0,0,0,0
194453,20,bully,3304,1,28,2704114,252,0,1512,0,1,20,191149,3304,0,29,0,0,0,LEADER,1,4,1,29,28,252,0,0,0,0,0,0,0,0,0
194099,38,bully,2950,1,28,2694202,252,0,1512,0,1,38,191149,2950,0,29,0,0,0,LEADER,1,4,1,47,28,252,0,0,0,0,0,0,0,0,0
194736,23,bully,3585,1,28,2711992,252,0,1512,0,1,23,191151,3585,0,29,0,0,0,LEADER,1,4,1,32,28,252,0,0,0,0,0,0,0,0,0
194556,7,bully,3407,1,28,2706998,252,506,1512,3036,2,1,191149,3407,0,29,0,0,0,NORMAL,0,3,1,9,91,252,0,506,0,0,0,0,0,0,0
194689,47,bully,3540,1,28,2710722,252,0,1512,0,1,47,191149,3540,0,29,0,0,0,LEADER,1,4,1,56,28,252,0,0,0,0,0,0,0,0,0
194542,39,bully,3392,1,28,2706597,252,0,1512,0,1,39,191150,3392,0,29,0,0,0,LEADER,1,4,1,48,28,252,0,0,0,0,0,0,0,0,0
194700,15,bully,3555,1,28,2711106,252,249,1512,1494,2,1,191145,3555,0,29,0,0,0,NORMAL,0,3,1,9,98,252,0,249,0,0,0,0,0,0,0
194574,49,bully,3425,1,28,2707502,252,0,1512,0,1,49,191149,3425,0,29,0,0,0,LEADER,1,4,1,58,28,252,0,0,0,0,0,0,0,0,0
194357,1,bully,3216,1,28,2701579,252,505,1512,3030,1,1,191141,3216,0,29,0,0,0,LEADER,1,4,1,10,28,252,0,505,0,0,0,0,0,0,0
194515,40,bully,3371,1,28,2705921,252,0,1512,0,1,40,191144,3371,0,29,0,0,0,LEADER,1,4,1,49,28,252,0,0,0,0,0,0,0,0,0
194724,14,bully,3577,1,28,2711729,252,252,1512,1512,2,1,191147,3577,0,29,0,0,0,NORMAL,0,3,1,9,91,252,0,252,0,0,0,0,0,0,0
194827,44,bully,3677,1,28,2714559,252,0,1512,0,1,44,191150,3677,0,29,0,0,0,LEADER,1,4,1,53,28,252,0,0,0,0,0,0,0,0,0
194841,12,bully,3692,1,28,2714978,252,253,1512,1518,1,1,191149,3692,0,29,0,0,0,NORMAL,0,3,1,9,87,252,0,253,0,0,0,0,0,0,0
194792,34,bully,3643,1,28,2713606,252,0,1512,0,1,34,191149,3643,0,29,0,0,0,LEADER,1,4,1,43,28,252,0,0,0,0,0,0,0,0,0
196335,18,bully,2883,1,29,2888661,255,0,1530,0,1,18,193452,2883,0,30,0,0,0,LEADER,1,4,1,21,29,255,0,0,0,0,0,0,0,0,0
196280,9,bully,2828,1,29,2887066,255,253,1530,1518,1,1,193452,2828,0,30,0,0,0,NORMAL,0,3,2,3,87,255,0,253,0,0,0,0,0,0,0
196433,13,bully,2983,1,29,2891558,255,252,1530,1512,2,1,193450,2983,0,30,0,0,0,NORMAL,0,3,2,3,93,255,0,252,0,0,0,0,0,0,0
196505,25,bully,3053,1,29,2893591,255,0,1530,0,1,25,193452,3053,0,30,0,0,0,LEADER,1,4,1,28,29,255,0,0,0,0,0,0,0,0,0
196509,36,bully,3065,1,29,2893811,255,0,1530,0,1,36,193444,3065,0,30,0,0,0,LEADER,1,4,1,39,29,255,0,0,0,0,0,0,0,0,0
196347,29,bully,2895,1,29,2889009,255,0,1530,0,1,29,193452,2895,0,30,0,0,0,LEADER,1,4,1,32,29,255,0,0,0,0,0,0,0,0,0
196531,35,bully,3086,1,29,2894479,255,0,1530,0,1,35,193445,3086,0,30,0,0,0,LEADER,1,4,1,38,29,255,0,0,0,0,0,0,0,0,0
196413,6,bully,2965,1,29,2890988,255,508,1530,3048,2,1,193448,2965,0,30,0,0,0,NORMAL,0,3,2,3,93,255,0,508,0,0,0,0,0,0,0
196585,48,bully,3133,1,29,2895911,255,0,1530,0,1,48,193452,3133,0,30,0,0,0,LEADER,1,4,1,51,29,255,0,0,0,0,0,0,0,0,0
196319,50,bully,2868,1,29,2888214,255,0,1530,0,1,50,193451,2868,0,30,0,0,0,LEADER,1,4,1,53,29,255,0,0,0,0,0,0,0,0,0
196261,41,bully,2813,1,29,2886539,255,0,1530,0,1,41,193448,2813,0,30,0,0,0,LEADER,1,4,1,44,29,255,0,0,0,0,0,0,0,0,0
196723,10,bully,3271,1,29,2899913,255,254,1530,1524,1,1,193452,3271,0,30,0,0,0,NORMAL,0,3,2,3,89,255,0,254,0,0,0,0,0,0,0
196554,3,bully,3101,1,29,2894993,255,508,1530,3048,1,1,193453,3101,0,30,0,0,0,NORMAL,0,3,2,3,89,255,0,508,0,0,0,0,0,0,0
196165,11,bully,2713,1,29,2883731,255,248,1530,1488,1,1,193452,2713,0,30,0,0,0,NORMAL,0,3,2,3,118,255,0,248,0,0,0,0,0,0,0
196571,45,bully,3119,1,29,2895505,255,0,1530,0,1,45,193452,3119,0,30,0,0,0,LEADER,1,4,1,48,29,255,0,0,0,0,0,0,0,0,0
196708,42,bully,3256,1,29,2899478,255,0,1530,0,1,42,193452,3256,0,30,0,0,0,LEADER,1,4,1,45,29,255,0,0,0,0,0,0,0,0,0
196674,46,bully,3222,1,29,2898492,255,0,1530,0,1,46,193452,3222,0,30,0,0,0,LEADER,1,4,1,49,29,255,0,0,0,0,0,0,0,0,0
196232,31,bully,2780,1,29,2885674,255,0,1530,0,1,31,193452,2780,0,30,0,0,0,LEADER,1,4,1,34,29,255,0,0,0,0,0,0,0,0,0
196838,8,bully,3386,1,29,2903248,255,254,1530,1524,2,1,193452,3386,0,30,0,0,0,NORMAL,0,3,2,3,95,255,0,254,0,0,0,0,0,0,0
196483,26,bully,3031,1,29,2892953,255,0,1530,0,1,26,193452,3031,0,30,0,0,0,LEADER,1,4,1,29,29,255,0,0,0,0,0,0,0,0,0
196891,17,bully,3440,1,29,2904807,255,0,1530,0,1,17,193451,3440,0,30,0,0,0,LEADER,1,4,1,20,29,255,0,0,0,0,0,0,0,0,0
196789,30,bully,3337,1,29,2901827,255,0,1530,0,1,30,193452,3337,0,30,0,0,0,LEADER,1,4,1,33,29,255,0,0,0,0,0,0,0,0,0
196974,5,bully,3522,1,29,2907192,255,509,1530,3054,2,1,193452,3522,0,30,0,0,0,NORMAL,0,3,2,3,91,255,0,509,0,0,0,0,0,0,0
196620,2,bully,3168,1,29,2896926,255,506,1530,3036,1,1,193452,3168,0,30,0,0,0,NORMAL,0,3,2,3,87,255,0,506,0,0,0,0,0,0,0
196368,28,bully,2916,1,29,2889618,255,0,1530,0,1,28,193452,2916,0,30,0,0,0,LEADER,1,4,1,31,29,255,0,0,0,0,0,0,0,0,0
196925,27,bully,3473,1,29,2905771,255,0,1530,0,1,27,193452,3473,0,30,0,0,0,LEADER,1,4,1,30,29,255,0,0,0,0,0,0,0,0,0
196959,37,bully,3507,1,29,2906757,255,0,1530,0,1,37,193452,3507,0,30,0,0,0,LEADER,1,4,1,40,29,255,0,0,0,0,0,0,0,0,0
196307,19,bully,2861,1,29,2887944,255,0,1530,0,1,19,193446,2861,0,30,0,0,0,LEADER,1,4,1,22,29,255,0,0,0,0,0,0,0,0,0
196176,22,bully,2725,1,29,2884075,255,0,1530,0,1,22,193451,2725,0,30,0,0,0,LEADER,1,4,1,25,29,255,0,0,0,0,0,0,0,0,0
196192,21,bully,2747,1,29,2884582,255,0,1530,0,1,21,193445,2747,0,30,0,0,0,LEADER,1,4,1,24,29,255,0,0,0,0,0,0,0,0,0
196653,33,bully,3201,1,29,2897883,255,0,1530,0,1,33,193452,3201,0,30,0,0,0,LEADER,1,4,1,36,29,255,0,0,0,0,0,0,0,0,0
196686,43,bully,3234,1,29,2898840,255,0,1530,0,1,43,193452,3234,0,30,0,0,0,LEADER,1,4,1,46,29,255,0,0,0,0,0,0,0,0,0
196450,16,bully,2998,1,29,2891996,255,256,1530,1536,2,1,193452,2998,0,30,0,0,0,NORMAL,0,3,2,3,96,255,0,256,0,0,0,0,0,0,0
196954,32,bully,3502,1,29,2906612,255,0,1530,0,1,32,193452,3502,0,30,0,0,0,LEADER,1,4,1,35,29,255,0,0,0,0,0,0,0,0,0
196995,4,bully,3543,1,29,2907801,255,509,1530,3054,1,1,193452,3543,0,30,0,0,0,NORMAL,0,3,2,3,90,255,0,509,0,0,0,0,0,0,0
197061,24,bully,3610,1,29,2909726,255,0,1530,0,1,24,193451,3610,0,30,0,0,0,LEADER,1,4,1,27,29,255,0,0,0,0,0,0,0,0,0
196756,20,bully,3304,1,29,2900870,255,0,1530,0,1,20,193452,3304,0,30,0,0,0,LEADER,1,4,1,23,29,255,0,0,0,0,0,0,0,0,0
196402,38,bully,2950,1,29,2890604,255,0,1530,0,1,38,193452,2950,0,30,0,0,0,LEADER,1,4,1,41,29,255,0,0,0,0,0,0,0,0,0
197039,23,bully,3585,1,29,2909031,255,0,1530,0,1,23,193454,3585,0,30,0,0,0,LEADER,1,4,1,26,29,255,0,0,0,0,0,0,0,0,0
196859,7,bully,3407,1,29,2903857,255,512,1530,3072,2,1,193452,3407,0,30,0,0,0,NORMAL,0,3,2,3,94,255,0,512,0,0,0,0,0,0,0
196992,47,bully,3540,1,29,2907714,255,0,1530,0,1,47,193452,3540,0,30,0,0,0,LEADER,1,4,1,50,29,255,0,0,0,0,0,0,0,0,0
196845,39,bully,3392,1,29,2903442,255,0,1530,0,1,39,193453,3392,0,30,0,0,0,LEADER,1,4,1,42,29,255,0,0,0,0,0,0,0,0,0
197003,15,bully,3555,1,29,2908109,255,252,1530,1512,2,1,193448,3555,0,30,0,0,0,NORMAL,0,3,2,3,101,255,0,252,0,0,0,0,0,0,0
196877,49,bully,3425,1,29,2904379,255,0,1530,0,1,49,193452,3425,0,30,0,0,0,LEADER,1,4,1,52,29,255,0,0,0,0,0,0,0,0,0
196660,1,bully,3216,1,29,2898239,255,511,1530,3066,1,1,193444,3216,0,30,0,0,0,LEADER,1,4,1,4,29,255,0,511,0,0,0,0,0,0,0
196818,40,bully,3371,1,29,2902739,255,0,1530,0,1,40,193447,3371,0,30,0,0,0,LEADER,1,4,1,43,29,255,0,0,0,0,0,0,0,0,0
197027,14,bully,3577,1,29,2908756,255,255,1530,1530,2,1,193450,3577,0,30,0,0,0,NORMAL,0,3,2,3,94,255,0,255,0,0,0,0,0,0,0
197130,44,bully,3677,1,29,2911689,255,0,1530,0,1,44,193453,3677,0,30,0,0,0,LEADER,1,4,1,47,29,255,0,0,0,0,0,0,0,0,0
197144,12,bully,3692,1,29,2912122,255,256,1530,1536,1,1,193452,3692,0,30,0,0,0,NORMAL,0,3,2,3,90,255,0,256,0,0,0,0,0,0,0
197095,34,bully,3643,1,29,2910701,255,0,1530,0,1,34,193452,3643,0,30,0,0,0,LEADER,1,4,1,37,29,255,0,0,0,0,0,0,0,0,0
198638,18,bully,2883,1,29,2888661,258,0,1548,0,1,18,195755,2883,0,30,0,0,0,LEADER,1,4,1,24,29,258,0,0,0,0,0,0,0,0,0
198583,9,bully,2828,1,29,2887066,258,256,1548,1536,1,1,195755,2828,0,30,0,0,0,NORMAL,0,3,1,6,87,258,0,256,0,0,0,0,0,0,0
198736,13,bully,2983,1,29,2891558,258,255,1548,1530,2,1,195753,2983,0,30,0,0,0,NORMAL,0,3,1,6,93,258,0,255,0,0,0,0,0,0,0
198808,25,bully,3053,1,29,2893591,258,0,1548,0,1,25,195755,3053,0,30,0,0,0,LEADER,1,4,1,31,29,258,0,0,0,0,0,0,0,0,0
198812,36,bully,3065,1,29,2893811,258,0,1548,0,1,36,195747,3065,0,30,0,0,0,LEADER,1,4,1,42,29,258,0,0,0,0,0,0,0,0,0
198650,29,bully,2895,1,29,2889009,258,0,1548,0,1,29,195755,2895,0,30,0,0,0,LEADER,1,4,1,35,29,258,0,0,0,0,0,0,0,0,0
198834,35,bully,3086,1,29,2894479,258,0,1548,0,1,35,195748,3086,0,30,0,0,0,LEADER,1,4,1,41,29,258,0,0,0,0,0,0,0,0,0
198716,6,bully,2965,1,29,2890988,258,514,1548,3084,2,1,195751,2965,0,30,0,0,0,NORMAL,0,3,1,6,93,258,0,514,0,0,0,0,0,0,0
198888,48,bully,3133,1,29,2895911,258,0,1548,0,1,48,195755,3133,0,30,0,0,0,LEADER,1,4,1,54,29,258,0,0,0,0,0,0,0,0,0
198622,50,bully,2868,1,29,2888214,258,0,1548,0,1,50,195754,2868,0,30,0,0,0,LEADER,1,4,1,56,29,258,0,0,0,0,0,0,0,0,0
198564,41,bully,2813,1,29,2886539,258,0,1548,0,1,41,195751,2813,0,30,0,0,0,LEADER,1,4,1,47,29,258,0,0,0,0,0,0,0,0,0
199026,10,bully,3271,1,29,2899913,258,257,1548,1542,1,1,195755,3271,0,30,0,0,0,NORMAL,0,3,1,6,89,258,0,257,0,0,0,0,0,0,0
198857,3,bully,3101,1,29,2894993,258,514,1548,3084,1,1,195756,3101,0,30,0,0,0,NORMAL,0,3,1,6,89,258,0,514,0,0,0,0,0,0,0
198468,11,bully,2713,1,29,2883731,258,251,1548,1506,1,1,195755,2713,0,30,0,0,0,NORMAL,0,3,1,6,118,258,0,251,0,0,0,0,0,0,0
198874,45,bully,3119,1,29,2895505,258,0,1548,0,1,45,195755,3119,0,30,0,0,0,LEADER,1,4,1,51,29,258,0,0,0,0,0,0,0,0,0
199011,42,bully,3256,1,29,2899478,258,0,1548,0,1,42,195755,3256,0,30,0,0,0,LEADER,1,4,1,48,29,258,0,0,0,0,0,0,0,0,0
198977,46,bully,3222,1,29,2898492,258,0,1548,0,1,46,195755,3222,0,30,0,0,0,LEADER,1,4,1,52,29,258,0,0,0,0,0,0,0,0,0
198535,31,bully,2780,1,29,2885674,258,0,1548,0,1,31,195755,2780,0,30,0,0,0,LEADER,1,4,1,37,29,258,0,0,0,0,0,0,0,0,0
199141,8,bully,3386,1,29,2903248,258,257,1548,1542,2,1,195755,3386,0,30,0,0,0,NORMAL,0,3,1,6,95,258,0,257,0,0,0,0,0,0,0
198786,26,bully,3031,1,29,2892953,258,0,1548,0,1,26,195755,3031,0,30,0,0,0,LEADER,1,4,1,32,29,258,0,0,0,0,0,0,0,0,0
199194,17,bully,3440,1,29,2904807,258,0,1548,0,1,17,195754,3440,0,30,0,0,0,LEADER,1,4,1,23,29,258,0,0,0,0,0,0,0,0,0
199092,30,bully,3337,1,29,2901827,258,0,1548,0,1,30,195755,3337,0,30,0,0,0,LEADER,1,4,1,36,29,258,0,0,0,0,0,0,0,0,0
199277,5,bully,3522,1,29,2907192,258,515,1548,3090,2,1,195755,3522,0,30,0,0,0,NORMAL,0,3,1,6,91,258,0,515,0,0,0,0,0,0,0
198923,2,bully,3168,1,29,2896926,258,512,1548,3072,1,1,195755,3168,0,30,0,0,0,NORMAL,0,3,1,6,87,258,0,512,0,0,0,0,0,0,0
198671,28,bully,2916,1,29,2889618,258,0,1548,0,1,28,195755,2916,0,30,0,0,0,LEADER,1,4,1,34,29,258,0,0,0,0,0,0,0,0,0
199228,27,bully,3473,1,29,2905771,258,0,1548,0,1,27,195755,3473,0,30,0,0,0,LEADER,1,4,1,33,29,258,0,0,0,0,0,0,0,0,0
199262,37,bully,3507,1,29,2906757,258,0,1548,0,1,37,195755,3507,0,30,0,0,0,LEADER,1,4,1,43,29,258,0,0,0,0,0,0,0,0,0
198610,19,bully,2861,1,29,2887944,258,0,1548,0,1,19,195749,2861,0,30,0,0,0,LEADER,1,4,1,25,29,258,0,0,0,0,0,0,0,0,0
198479,22,bully,2725,1,29,2884075,258,0,1548,0,1,22,195754,2725,0,30,0,0,0,LEADER,1,4,1,28,29,258,0,0,0,0,0,0,0,0,0
198495,21,bully,2747,1,29,2884582,258,0,1548,0,1,21,195748,2747,0,30,0,0,0,LEADER,1,4,1,27,29,258,0,0,0,0,0,0,0,0,0
198956,33,bully,3201,1,29,2897883,258,0,1548,0,1,33,195755,3201,0,30,0,0,0,LEADER,1,4,1,39,29,258,0,0,0,0,0,0,0,0,0
198989,43,bully,3234,1,29,2898840,258,0,1548,0,1,43,195755,3234,0,30,0,0,0,LEADER,1,4,1,49,29,258,0,0,0,0,0,0,0,0,0
198753,16,bully,2998,1,29,2891996,258,259,1548,1554,2,1,195755,2998,0,30,0,0,0,NORMAL,0,3,1,6,96,258,0,259,0,0,0,0,0,0,0
199257,32,bully,3502,1,29,2906612,258,0,1548,0,1,32,195755,3502,0,30,0,0,0,LEADER,1,4,1,38,29,258,0,0,0,0,0,0,0,0,0
199298,4,bully,3543,1,29,2907801,258,515,1548,3090,1,1,195755,3543,0,30,0,0,0,NORMAL,0,3,1,6,90,258,0,515,0,0,0,0,0,0,0
199364,24,bully,3610,1,29,2909726,258,0,1548,0,1,24,195754,3610,0,30,0,0,0,LEADER,1,4,1,30,29,258,0,0,0,0,0,0,0,0,0
199059,20,bully,3304,1,29,2900870,258,0,1548,0,1,20,195755,3304,0,30,0,0,0,LEADER,1,4,1,26,29,258,0,0,0,0,0,0,0,0,0
198705,38,bully,2950,1,29,2890604,258,0,1548,0,1,38,195755,2950,0,30,0,0,0,LEADER,1,4,1,44,29,258,0,0,0,0,0,0,0,0,0
199342,23,bully,3585,1,29,2909031,258,0,1548,0,1,23,195757,3585,0,30,0,0,0,LEADER,1,4,1,29,29,258,0,0,0,0,0,0,0,0,0
199162,7,bully,3407,1,29,2903857,258,518,1548,3108,2,1,195755,3407,0,30,0,0,0,NORMAL,0,3,1,6,94,258,0,518,0,0,0,0,0,0,0
199295,47,bully,3540,1,29,2907714,258,0,1548,0,1,47,195755,3540,0,30,0,0,0,LEADER,1,4,1,53,29,258,0,0,0,0,0,0,0,0,0
199148,39,bully,3392,1,29,2903442,258,0,1548,0,1,39,195756,3392,0,30,0,0,0,LEADER,1,4,1,45,29,258,0,0,0,0,0,0,0,0,0
199306,15,bully,3555,1,29,2908109,258,255,1548,1530,2,1,195751,3555,0,30,0,0,0,NORMAL,0,3,1,6,101,258,0,255,0,0,0,0,0,0,0
199180,49,bully,3425,1,29,2904379,258,0,1548,0,1,49,195755,3425,0,30,0,0,0,LEADER,1,4,1,55,29,258,0,0,0,0,0,0,0,0,0
198963,1,bully,3216,1,29,2898239,258,517,1548,3102,1,1,195747,3216,0,30,0,0,0,LEADER,1,4,1,7,29,258,0,517,0,0,0,0,0,0,0
199121,40,bully,3371,1,29,2902739,258,0,1548,0,1,40,195750,3371,0,30,0,0,0,LEADER,1,4,1,46,29,258,0,0,0,0,0,0,0,0,0
199330,14,bully,3577,1,29,2908756,258,258,1548,1548,2,1,195753,3577,0,30,0,0,0,NORMAL,0,3,1,6,94,258,0,258,0,0,0,0,0,0,0
199433,44,bully,3677,1,29,2911689,258,0,1548,0,1,44,195756,3677,0,30,0,0,0,LEADER,1,4,1,50,29,258,0,0,0,0,0,0,0,0,0
199447,12,bully,3692,1,29,2912122,258,259,1548,1554,1,1,195755,3692,0,30,0,0,0,NORMAL,0,3,1,6,90,258,0,259,0,0,0,0,0,0,0
199398,34,bully,3643,1,29,2910701,258,0,1548,0,1,34,195755,3643,0,30,0,0,0,LEADER,1,4,1,40,29,258,0,0,0,0,0,0,0,0,0
200941,18,bully,2883,1,29,2888661,261,0,1566,0,1,18,198058,2883,0,30,0,0,0,LEADER,1,4,1,27,29,261,0,0,0,0,0,0,0,0,0
200886,9,bully,2828,1,29,2887066,261,259,1566,1554,1,1,198058,2828,0,30,0,0,0,NORMAL,0,3,1,9,87,261,0,259,0,0,0,0,0,0,0
201039,13,bully,2983,1,29,2891558,261,258,1566,1548,2,1,198056,2983,0,30,0,0,0,NORMAL,0,3,1,9,93,261,0,258,0,0,0,0,0,0,0
201111,25,bully,3053,1,29,2893591,261,0,1566,0,1,25,198058,3053,0,30,0,0,0,LEADER,1,4,1,34,29,261,0,0,0,0,0,0,0,0,0
201115,36,bully,3065,1,29,2893811,261,0,1566,0,1,36,198050,3065,0,30,0,0,0,LEADER,1,4,1,45,29,261,0,0,0,0,0,0,0,0,0
200953,29,bully,2895,1,29,2889009,261,0,1566,0,1,29,198058,2895,0,30,0,0,0,LEADER,1,4,1,38,29,261,0,0,0,0,0,0,0,0,0
201137,35,bully,3086,1,29,2894479,261,0,1566,0,1,35,198051,3086,0,30,0,0,0,LEADER,1,4,1,44,29,261,0,0,0,0,0,0,0,0,0
201019,6,bully,2965,1,29,2890988,261,520,1566,3120,2,1,198054,2965,0,30,0,0,0,NORMAL,0,3,1,9,93,261,0,520,0,0,0,0,0,0,0
201191,48,bully,3133,1,29,2895911,261,0,1566,0,1,48,198058,3133,0,30,0,0,0,LEADER,1,4,1,57,29,261,0,0,0,0,0,0,0,0,0
200925,50,bully,2868,1,29,2888214,261,0,1566,0,1,50,198057,2868,0,30,0,0,0,LEADER,1,4,1,59,29,261,0,0,0,0,0,0,0,0,0
200867,41,bully,2813,1,29,2886539,261,0,1566,0,1,41,198054,2813,0,30,0,0,0,LEADER,1,4,1,50,29,261,0,0,0,0,0,0,0,0,0
201329,10,bully,3271,1,29,2899913,261,260,1566,1560,1,1,198058,3271,0,30,0,0,0,NORMAL,0,3,1,9,89,261,0,260,0,0,0,0,0,0,0
201160,3,bully,3101,1,29,2894993,261,520,1566,3120,1,1,198059,3101,0,30,0,0,0,NORMAL,0,3,1,9,89,261,0,520,0,0,0,0,0,0,0
200771,11,bully,2713,1,29,2883731,261,254,1566,1524,1,1,198058,2713,0,30,0,0,0,NORMAL,0,3,1,9,118,261,0,254,0,0,0,0,0,0,0
201177,45,bully,3119,1,29,2895505,261,0,1566,0,1,45,198058,3119,0,30,0,0,0,LEADER,1,4,1,54,29,261,0,0,0,0,0,0,0,0,0
201314,42,bully,3256,1,29,2899478,261,0,1566,0,1,42,198058,3256,0,30,0,0,0,LEADER,1,4,1,51,29,261,0,0,0,0,0,0,0,0,0
201280,46,bully,3222,1,29,2898492,261,0,1566,0,1,46,198058,3222,0,30,0,0,0,LEADER,1,4,1,55,29,261,0,0,0,0,0,0,0,0,0
200838,31,bully,2780,1,29,2885674,261,0,1566,0,1,31,198058,2780,0,30,0,0,0,LEADER,1,4,1,40,29,261,0,0,0,0,0,0,0,0,0
201444,8,bully,3386,1,29,2903248,261,260,1566,1560,2,1,198058,3386,0,30,0,0,0,NORMAL,0,3,1,9,95,261,0,260,0,0,0,0,0,0,0
201089,26,bully,3031,1,29,2892953,261,0,1566,0,1,26,198058,3031,0,30,0,0,0,LEADER,1,4,1,35,29,261,0,0,0,0,0,0,0,0,0
201497,17,bully,3440,1,29,2904807,261,0,1566,0,1,17,198057,3440,0,30,0,0,0,LEADER,1,4,1,26,29,261,0,0,0,0,0,0,0,0,0
201395,30,bully,3337,1,29,2901827,261,0,1566,0,1,30,198058,3337,0,30,0,0,0,LEADER,1,4,1,39,29,261,0,0,0,0,0,0,0,0,0
201580,5,bully,3522,1,29,2907192,261,521,1566,3126,2,1,198058,3522,0,30,0,0,0,NORMAL,0,3,1,9,91,261,0,521,0,0,0,0,0,0,0
201226,2,bully,3168,1,29,2896926,261,518,1566,3108,1,1,198058,3168,0,30,0,0,0,NORMAL,0,3,1,9,87,261,0,518,0,0,0,0,0,0,0
200974,28,bully,2916,1,29,2889618,261,0,1566,0,1,28,198058,2916,0,30,0,0,0,LEADER,1,4,1,37,29,261,0,0,0,0,0,0,0,0,0
201531,27,bully,3473,1,29,2905771,261,0,1566,0,1,27,198058,3473,0,30,0,0,0,LEADER,1,4,1,36,29,261,0,0,0,0,0,0,0,0,0
201565,37,bully,3507,1,29,2906757,261,0,1566,0,1,37,198058,3507,0,30,0,0,0,LEADER,1,4,1,46,29,261,0,0,0,0,0,0,0,0,0
200913,19,bully,2861,1,29,2887944,261,0,1566,0,1,19,198052,2861,0,30,0,0,0,LEADER,1,4,1,28,29,261,0,0,0,0,0,0,0,0,0
200782,22,bully,2725,1,29,2884075,261,0,1566,0,1,22,198057,2725,0,30,0,0,0,LEADER,1,4,1,31,29,261,0,0,0,0,0,0,0,0,0
200797,21,bully,2747,1,29,2884582,261,0,1566,0,1,21,198050,2747,0,30,0,0,0,LEADER,1,4,1,30,29,261,0,0,0,0,0,0,0,0,0
201259,33,bully,3201,1,29,2897883,261,0,1566,0,1,33,198058,3201,0,30,0,0,0,LEADER,1,4,1,42,29,261,0,0,0,0,0,0,0,0,0
201292,43,bully,3234,1,29,2898840,261,0,1566,0,1,43,198058,3234,0,30,0,0,0,LEADER,1,4,1,52,29,261,0,0,0,0,0,0,0,0,0
201056,16,bully,2998,1,29,2891996,261,262,1566,1572,2,1,198058,2998,0,30,0,0,0,NORMAL,0,3,1,9,96,261,0,262,0,0,0,0,0,0,0
201560,32,bully,3502,1,29,2906612,261,0,1566,0,1,32,198058,3502,0,30,0,0,0,LEADER,1,4,1,41,29,261,0,0,0,0,0,0,0,0,0
201601,4,bully,3543,1,29,2907801,261,521,1566,3126,1,1,198058,3543,0,30,0,0,0,NORMAL,0,3,1,9,90,261,0,521,0,0,0,0,0,0,0
201667,24,bully,3610,1,29,2909726,261,0,1566,0,1,24,198057,3610,0,30,0,0,0,LEADER,1,4,1,33,29,261,0,0,0,0,0,0,0,0,0
201362,20,bully,3304,1,29,2900870,261,0,1566,0,1,20,198058,3304,0,30,0,0,0,LEADER,1,4,1,29,29,261,0,0,0,0,0,0,0,0,0
201008,38,bully,2950,1,29,2890604,261,0,1566,0,1,38,198058,2950,0,30,0,0,0,LEADER,1,4,1,47,29,261,0,0,0,0,0,0,0,0,0
201645,23,bully,3585,1,29,2909031,261,0,1566,0,1,23,198060,3585,0,30,0,0,0,LEADER,1,4,1,32,29,261,0,0,0,0,0,0,0,0,0
201465,7,bully,3407,1,29,2903857,261,524,1566,3144,2,1,198058,3407,0,30,0,0,0,NORMAL,0,3,1,9,94,261,0,524,0,0,0,0,0,0,0
201598,47,bully,3540,1,29,2907714,261,0,1566,0,1,47,198058,3540,0,30,0,0,0,LEADER,1,4,1,56,29,261,0,0,0,0,0,0,0,0,0
201451,39,bully,3392,1,29,2903442,261,0,1566,0,1,39,198059,3392,0,30,0,0,0,LEADER,1,4,1,48,29,261,0,0,0,0,0,0,0,0,0
201609,15,bully,3555,1,29,2908109,261,257,1566,1542,2,1,198054,3555,0,30,0,0,0,NORMAL,0,3,1,9,101,261,0,257,0,0,0,0,0,0,0
201483,49,bully,3425,1,29,2904379,261,0,1566,0,1,49,198058,3425,0,30,0,0,0,LEADER,1,4,1,58,29,261,0,0,0,0,0,0,0,0,0
201266,1,bully,3216,1,29,2898239,261,524,1566,3144,1,1,198050,3216,0,30,0,0,0,LEADER,1,4,1,10,29,261,0,524,0,0,0,0,0,0,0
201424,40,bully,3371,1,29,2902739,261,0,1566,0,1,40,198053,3371,0,30,0,0,0,LEADER,1,4,1,49,29,261,0,0,0,0,0,0,0,0,0
201633,14,bully,3577,1,29,2908756,261,261,1566,1566,2,1,198056,3577,0,30,0,0,0,NORMAL,0,3,1,9,94,261,0,261,0,0,0,0,0,0,0
201736,44,bully,3677,1,29,2911689,261,0,1566,0,1,44,198059,3677,0,30,0,0,0,LEADER,1,4,1,53,29,261,0,0,0,0,0,0,0,0,0
201750,12,bully,3692,1,29,2912122,261,262,1566,1572,1,1,198058,3692,0,30,0,0,0,NORMAL,0,3,1,9,90,261,0,262,0,0,0,0,0,0,0
201701,34,bully,3643,1,29,2910701,261,0,1566,0,1,34,198058,3643,0,30,0,0,0,LEADER,1,4,1,43,29,261,0,0,0,0,0,0,0,0,0
203244,18,bully,2883,1,30,3091905,264,0,1584,0,1,18,200361,2883,0,31,0,0,0,LEADER,1,4,1,21,30,264,0,0,0,0,0,0,0,0,0
203189,9,bully,2828,1,30,3090255,264,262,1584,1572,1,1,200361,2828,0,31,0,0,0,NORMAL,0,3,2,3,90,264,0,262,0,0,0,0,0,0,0
203342,13,bully,2983,1,30,3094900,264,261,1584,1566,2,1,200359,2983,0,31,0,0,0,NORMAL,0,3,2,3,96,264,0,261,0,0,0,0,0,0,0
203414,25,bully,3053,1,30,3097005,264,0,1584,0,1,25,200361,3053,0,31,0,0,0,LEADER,1,4,1,28,30,264,0,0,0,0,0,0,0,0,0
203418,36,bully,3065,1,30,3097229,264,0,1584,0,1,36,200353,3065,0,31,0,0,0,LEADER,1,4,1,39,30,264,0,0,0,0,0,0,0,0,0
203256,29,bully,2895,1,30,3092265,264,0,1584,0,1,29,200361,2895,0,31,0,0,0,LEADER,1,4,1,32,30,264,0,0,0,0,0,0,0,0,0
203439,35,bully,3086,1,30,3097918,264,0,1584,0,1,35,200353,3086,0,31,0,0,0,LEADER,1,4,1,38,30,264,0,0,0,0,0,0,0,0,0
203322,6,bully,2965,1,30,3094310,264,526,1584,3156,2,1,200357,2965,0,31,0,0,0,NORMAL,0,3,2,3,96,264,0,526,0,0,0,0,0,0,0
203494,48,bully,3133,1,30,3099405,264,0,1584,0,1,48,200361,3133,0,31,0,0,0,LEADER,1,4,1,51,30,264,0,0,0,0,0,0,0,0,0
203228,50,bully,2868,1,30,3091442,264,0,1584,0,1,50,200360,2868,0,31,0,0,0,LEADER,1,4,1,53,30,264,0,0,0,0,0,0,0,0,0
203170,41,bully,2813,1,30,3089709,264,0,1584,0,1,41,200357,2813,0,31,0,0,0,LEADER,1,4,1,44,30,264,0,0,0,0,0,0,0,0,0
203632,10,bully,3271,1,30,3103545,264,263,1584,1578,1,1,200361,3271,0,31,0,0,0,NORMAL,0,3,2,3,92,264,0,263,0,0,0,0,0,0,0
203463,3,bully,3101,1,30,3098456,264,526,1584,3156,1,1,200362,3101,0,31,0,0,0,NORMAL,0,3,2,3,92,264,0,526,0,0,0,0,0,0,0
203074,11,bully,2713,1,30,3086805,264,257,1584,1542,1,1,200361,2713,0,31,0,0,0,NORMAL,0,3,2,3,122,264,0,257,0,0,0,0,0,0,0
203480,45,bully,3119,1,30,3098985,264,0,1584,0,1,45,200361,3119,0,31,0,0,0,LEADER,1,4,1,48,30,264,0,0,0,0,0,0,0,0,0
203617,42,bully,3256,1,30,3103095,264,0,1584,0,1,42,200361,3256,0,31,0,0,0,LEADER,1,4,1,45,30,264,0,0,0,0,0,0,0,0,0
203583,46,bully,3222,1,30,3102075,264,0,1584,0,1,46,200361,3222,0,31,0,0,0,LEADER,1,4,1,49,30,264,0,0,0,0,0,0,0,0,0
203141,31,bully,2780,1,30,3088815,264,0,1584,0,1,31,200361,2780,0,31,0,0,0,LEADER,1,4,1,34,30,264,0,0,0,0,0,0,0,0,0
203747,8,bully,3386,1,30,3106995,264,263,1584,1578,2,1,200361,3386,0,31,0,0,0,NORMAL,0,3,2,3,98,264,0,263,0,0,0,0,0,0,0
203392,26,bully,3031,1,30,3096345,264,0,1584,0,1,26,200361,3031,0,31,0,0,0,LEADER,1,4,1,29,30,264,0,0,0,0,0,0,0,0,0
203800,17,bully,3440,1,30,3108607,264,0,1584,0,1,17,200360,3440,0,31,0,0,0,LEADER,1,4,1,20,30,264,0,0,0,0,0,0,0,0,0
203698,30,bully,3337,1,30,3105525,264,0,1584,0,1,30,200361,3337,0,31,0,0,0,LEADER,1,4,1,33,30,264,0,0,0,0,0,0,0,0,0
203883,5,bully,3522,1,30,3111075,264,527,1584,3162,2,1,200361,3522,0,31,0,0,0,NORMAL,0,3,2,3,94,264,0,527,0,0,0,0,0,0,0
203529,2,bully,3168,1,30,3100455,264,524,1584,3144,1,1,200361,3168,0,31,0,0,0,NORMAL,0,3,2,3,90,264,0,524,0,0,0,0,0,0,0
203277,28,bully,2916,1,30,3092895,264,0,1584,0,1,28,200361,2916,0,31,0,0,0,LEADER,1,4,1,31,30,264,0,0,0,0,0,0,0,0,0
203833,27,bully,3473,1,30,3109604,264,0,1584,0,1,27,200360,3473,0,31,0,0,0,LEADER,1,4,1,30,30,264,0,0,0,0,0,0,0,0,0
203868,37,bully,3507,1,30,3110625,264,0,1584,0,1,37,200361,3507,0,31,0,0,0,LEADER,1,4,1,40,30,264,0,0,0,0,0,0,0,0,0
203215,19,bully,2861,1,30,3091159,264,0,1584,0,1,19,200354,2861,0,31,0,0,0,LEADER,1,4,1,22,30,264,0,0,0,0,0,0,0,0,0
203085,22,bully,2725,1,30,3087160,264,0,1584,0,1,22,200360,2725,0,31,0,0,0,LEADER,1,4,1,25,30,264,0,0,0,0,0,0,0,0,0
203099,21,bully,2747,1,30,3087681,264,0,1584,0,1,21,200352,2747,0,31,0,0,0,LEADER,1,4,1,24,30,264,0,0,0,0,0,0,0,0,0
203562,33,bully,3201,1,30,3101445,264,0,1584,0,1,33,200361,3201,0,31,0,0,0,LEADER,1,4,1,36,30,264,0,0,0,0,0,0,0,0,0
203595,43,bully,3234,1,30,3102435,264,0,1584,0,1,43,200361,3234,0,31,0,0,0,LEADER,1,4,1,46,30,264,0,0,0,0,0,0,0,0,0
203359,16,bully,2998,1,30,3095355,264,265,1584,1590,2,1,200361,2998,0,31,0,0,0,NORMAL,0,3,2,3,99,264,0,265,0,0,0,0,0,0,0
203863,32,bully,3502,1,30,3110475,264,0,1584,0,1,32,200361,3502,0,31,0,0,0,LEADER,1,4,1,35,30,264,0,0,0,0,0,0,0,0,0
203904,4,bully,3543,1,30,3111705,264,527,1584,3162,1,1,200361,3543,0,31,0,0,0,NORMAL,0,3,2,3,93,264,0,527,0,0,0,0,0,0,0
203970,24,bully,3610,1,30,3113696,264,0,1584,0,1,24,200360,3610,0,31,0,0,0,LEADER,1,4,1,27,30,264,0,0,0,0,0,0,0,0,0
203665,20,bully,3304,1,30,3104535,264,0,1584,0,1,20,200361,3304,0,31,0,0,0,LEADER,1,4,1,23,30,264,0,0,0,0,0,0,0,0,0
203311,38,bully,2950,1,30,3093915,264,0,1584,0,1,38,200361,2950,0,31,0,0,0,LEADER,1,4,1,41,30,264,0,0,0,0,0,0,0,0,0
203948,23,bully,3585,1,30,3112979,264,0,1584,0,1,23,200363,3585,0,31,0,0,0,LEADER,1,4,1,26,30,264,0,0,0,0,0,0,0,0,0
203768,7,bully,3407,1,30,3107625,264,530,1584,3180,2,1,200361,3407,0,31,0,0,0,NORMAL,0,3,2,3,97,264,0,530,0,0,0,0,0,0,0
203901,47,bully,3540,1,30,3111615,264,0,1584,0,1,47,200361,3540,0,31,0,0,0,LEADER,1,4,1,50,30,264,0,0,0,0,0,0,0,0,0
203754,39,bully,3392,1,30,3107196,264,0,1584,0,1,39,200362,3392,0,31,0,0,0,LEADER,1,4,1,42,30,264,0,0,0,0,0,0,0,0,0
203912,15,bully,3555,1,30,3112021,264,260,1584,1560,2,1,200357,3555,0,31,0,0,0,NORMAL,0,3,2,3,105,264,0,260,0,0,0,0,0,0,0
203786,49,bully,3425,1,30,3108165,264,0,1584,0,1,49,200361,3425,0,31,0,0,0,LEADER,1,4,1,52,30,264,0,0,0,0,0,0,0,0,0
203569,1,bully,3216,1,30,3101808,264,529,1584,3174,1,1,200353,3216,0,31,0,0,0,LEADER,1,4,1,4,30,264,0,529,0,0,0,0,0,0,0
203727,40,bully,3371,1,30,3106466,264,0,1584,0,1,40,200356,3371,0,31,0,0,0,LEADER,1,4,1,43,30,264,0,0,0,0,0,0,0,0,0
203936,14,bully,3577,1,30,3112692,264,264,1584,1584,2,1,200359,3577,0,31,0,0,0,NORMAL,0,3,2,3,97,264,0,264,0,0,0,0,0,0,0
204039,44,bully,3677,1,30,3115728,264,0,1584,0,1,44,200362,3677,0,31,0,0,0,LEADER,1,4,1,47,30,264,0,0,0,0,0,0,0,0,0
204053,12,bully,3692,1,30,3116175,264,265,1584,1590,1,1,200361,3692,0,31,0,0,0,NORMAL,0,3,2,3,93,264,0,265,0,0,0,0,0,0,0
204004,34,bully,3643,1,30,3114705,264,0,1584,0,1,34,200361,3643,0,31,0,0,0,LEADER,1,4,1,37,30,264,0,0,0,0,0,0,0,0,0
205547,18,bully,2883,1,30,3091905,267,0,1602,0,1,18,202664,2883,0,31,0,0,0,LEADER,1,4,1,24,30,267,0,0,0,0,0,0,0,0,0
205492,9,bully,2828,1,30,3090255,267,265,1602,1590,1,1,202664,2828,0,31,0,0,0,NORMAL,0,3,1,6,90,267,0,265,0,0,0,0,0,0,0
205645,13,bully,2983,1,30,3094900,267,264,1602,1584,2,1,202662,2983,0,31,0,0,0,NORMAL,0,3,1,6,96,267,0,264,0,0,0,0,0,0,0
205717,25,bully,3053,1,30,3097005,267,0,1602,0,1,25,202664,3053,0,31,0,0,0,LEADER,1,4,1,31,30,267,0,0,0,0,0,0,0,0,0
205721,36,bully,3065,1,30,3097229,267,0,1602,0,1,36,202656,3065,0,31,0,0,0,LEADER,1,4,1,42,30,267,0,0,0,0,0,0,0,0,0
205559,29,bully,2895,1,30,3092265,267,0,1602,0,1,29,202664,2895,0,31,0,0,0,LEADER,1,4,1,35,30,267,0,0,0,0,0,0,0,0,0
205742,35,bully,3086,1,30,3097918,267,0,1602,0,1,35,202656,3086,0,31,0,0,0,LEADER,1,4,1,41,30,267,0,0,0,0,0,0,0,0,0
205625,6,bully,2965,1,30,3094310,267,532,1602,3192,2,1,202660,2965,0,31,0,0,0,NORMAL,0,3,1,6,96,267,0,532,0,0,0,0,0,0,0
205797,48,bully,3133,1,30,3099405,267,0,1602,0,1,48,202664,3133,0,31,0,0,0,LEADER,1,4,1,54,30,267,0,0,0,0,0,0,0,0,0
205531,50,bully,2868,1,30,3091442,267,0,1602,0,1,50,202663,2868,0,31,0,0,0,LEADER,1,4,1,56,30,267,0,0,0,0,0,0,0,0,0
205473,41,bully,2813,1,30,3089709,267,0,1602,0,1,41,202660,2813,0,31,0,0,0,LEADER,1,4,1,47,30,267,0,0,0,0,0,0,0,0,0
205935,10,bully,3271,1,30,3103545,267,266,1602,1596,1,1,202664,3271,0,31,0,0,0,NORMAL,0,3,1,6,92,267,0,266,0,0,0,0,0,0,0
205766,3,bully,3101,1,30,3098456,267,532,1602,3192,1,1,202665,3101,0,31,0,0,0,NORMAL,0,3,1,6,92,267,0,532,0,0,0,0,0,0,0
205377,11,bully,2713,1,30,3086805,267,260,1602,1560,1,1,202664,2713,0,31,0,0,0,NORMAL,0,3,1,6,122,267,0,260,0,0,0,0,0,0,0
205783,45,bully,3119,1,30,3098985,267,0,1602,0,1,45,202664,3119,0,31,0,0,0,LEADER,1,4,1,51,30,267,0,0,0,0,0,0,0,0,0
205920,42,bully,3256,1,30,3103095,267,0,1602,0,1,42,202664,3256,0,31,0,0,0,LEADER,1,4,1,48,30,267,0,0,0,0,0,0,0,0,0
205886,46,bully,3222,1,30,3102075,267,0,1602,0,1,46,202664,3222,0,31,0,0,0,LEADER,1,4,1,52,30,267,0,0,0,0,0,0,0,0,0
205444,31,bully,2780,1,30,3088815,267,0,1602,0,1,31,202664,2780,0,31,0,0,0,LEADER,1,4,1,37,30,267,0,0,0,0,0,0,0,0,0
206050,8,bully,3386,1,30,3106995,267,266,1602,1596,2,1,202664,3386,0,31,0,0,0,NORMAL,0,3,1,6,98,267,0,266,0,0,0,0,0,0,0
205695,26,bully,3031,1,30,3096345,267,0,1602,0,1,26,202664,3031,0,31,0,0,0,LEADER,1,4,1,32,30,267,0,0,0,0,0,0,0,0,0
206103,17,bully,3440,1,30,3108607,267,0,1602,0,1,17,202663,3440,0,31,0,0,0,LEADER,1,4,1,23,30,267,0,0,0,0,0,0,0,0,0
206001,30,bully,3337,1,30,3105525,267,0,1602,0,1,30,202664,3337,0,31,0,0,0,LEADER,1,4,1,36,30,267,0,0,0,0,0,0,0,0,0
206186,5,bully,3522,1,30,3111075,267,533,1602,3198,2,1,202664,3522,0,31,0,0,0,NORMAL,0,3,1,6,94,267,0,533,0,0,0,0,0,0,0
205832,2,bully,3168,1,30,3100455,267,530,1602,3180,1,1,202664,3168,0,31,0,0,0,NORMAL,0,3,1,6,90,267,0,530,0,0,0,0,0,0,0
205580,28,bully,2916,1,30,3092895,267,0,1602,0,1,28,202664,2916,0,31,0,0,0,LEADER,1,4,1,34,30,267,0,0,0,0,0,0,0,0,0
206135,27,bully,3473,1,30,3109604,267,0,1602,0,1,27,202662,3473,0,31,0,0,0,LEADER,1,4,1,33,30,267,0,0,0,0,0,0,0,0,0
206171,37,bully,3507,1,30,3110625,267,0,1602,0,1,37,202664,3507,0,31,0,0,0,LEADER,1,4,1,43,30,267,0,0,0,0,0,0,0,0,0
205518,19,bully,2861,1,30,3091159,267,0,1602,0,1,19,202657,2861,0,31,0,0,0,LEADER,1,4,1,25,30,267,0,0,0,0,0,0,0,0,0
205388,22,bully,2725,1,30,3087160,267,0,1602,0,1,22,202663,2725,0,31,0,0,0,LEADER,1,4,1,28,30,267,0,0,0,0,0,0,0,0,0
205401,21,bully,2747,1,30,3087681,267,0,1602,0,1,21,202654,2747,0,31,0,0,0,LEADER,1,4,1,27,30,267,0,0,0,0,0,0,0,0,0
205865,33,bully,3201,1,30,3101445,267,0,1602,0,1,33,202664,3201,0,31,0,0,0,LEADER,1,4,1,39,30,267,0,0,0,0,0,0,0,0,0
205898,43,bully,3234,1,30,3102435,267,0,1602,0,1,43,202664,3234,0,31,0,0,0,LEADER,1,4,1,49,30,267,0,0,0,0,0,0,0,0,0
205662,16,bully,2998,1,30,3095355,267,268,1602,1608,2,1,202664,2998,0,31,0,0,0,NORMAL,0,3,1,6,99,267,0,268,0,0,0,0,0,0,0
206166,32,bully,3502,1,30,3110475,267,0,1602,0,1,32,202664,3502,0,31,0,0,0,LEADER,1,4,1,38,30,267,0,0,0,0,0,0,0,0,0
206207,4,bully,3543,1,30,3111705,267,533,1602,3198,1,1,202664,3543,0,31,0,0,0,NORMAL,0,3,1,6,93,267,0,533,0,0,0,0,0,0,0
206273,24,bully,3610,1,30,3113696,267,0,1602,0,1,24,202663,3610,0,31,0,0,0,LEADER,1,4,1,30,30,267,0,0,0,0,0,0,0,0,0
205968,20,bully,3304,1,30,3104535,267,0,1602,0,1,20,202664,3304,0,31,0,0,0,LEADER,1,4,1,26,30,267,0,0,0,0,0,0,0,0,0
205614,38,bully,2950,1,30,3093915,267,0,1602,0,1,38,202664,2950,0,31,0,0,0,LEADER,1,4,1,44,30,267,0,0,0,0,0,0,0,0,0
206251,23,bully,3585,1,30,3112979,267,0,1602,0,1,23,202666,3585,0,31,0,0,0,LEADER,1,4,1,29,30,267,0,0,0,0,0,0,0,0,0
206071,7,bully,3407,1,30,3107625,267,536,1602,3216,2,1,202664,3407,0,31,0,0,0,NORMAL,0,3,1,6,97,267,0,536,0,0,0,0,0,0,0
206204,47,bully,3540,1,30,3111615,267,0,1602,0,1,47,202664,3540,0,31,0,0,0,LEADER,1,4,1,53,30,267,0,0,0,0,0,0,0,0,0
206057,39,bully,3392,1,30,3107196,267,0,1602,0,1,39,202665,3392,0,31,0,0,0,LEADER,1,4,1,45,30,267,0,0,0,0,0,0,0,0,0
206215,15,bully,3555,1,30,3112021,267,263,1602,1578,2,1,202660,3555,0,31,0,0,0,NORMAL,0,3,1,6,105,267,0,263,0,0,0,0,0,0,0
206089,49,bully,3425,1,30,3108165,267,0,1602,0,1,49,202664,3425,0,31,0,0,0,LEADER,1,4,1,55,30,267,0,0,0,0,0,0,0,0,0
205872,1,bully,3216,1,30,3101808,267,535,1602,3210,1,1,202656,3216,0,31,0,0,0,LEADER,1,4,1,7,30,267,0,535,0,0,0,0,0,0,0
206030,40,bully,3371,1,30,3106466,267,0,1602,0,1,40,202659,3371,0,31,0,0,0,LEADER,1,4,1,46,30,267,0,0,0,0,0,0,0,0,0
206239,14,bully,3577,1,30,3112692,267,267,1602,1602,2,1,202662,3577,0,31,0,0,0,NORMAL,0,3,1,6,97,267,0,267,0,0,0,0,0,0,0
206342,44,bully,3677,1,30,3115728,267,0,1602,0,1,44,202665,3677,0,31,0,0,0,LEADER,1,4,1,50,30,267,0,0,0,0,0,0,0,0,0
206356,12,bully,3692,1,30,3116175,267,268,1602,1608,1,1,202664,3692,0,31,0,0,0,NORMAL,0,3,1,6,93,267,0,268,0,0,0,0,0,0,0
206307,34,bully,3643,1,30,3114705,267,0,1602,0,1,34,202664,3643,0,31,0,0,0,LEADER,1,4,1,40,30,267,0,0,0,0,0,0,0,0,0
207850,18,bully,2883,1,30,3091905,270,0,1620,0,1,18,204967,2883,0,31,0,0,0,LEADER,1,4,1,27,30,270,0,0,0,0,0,0,0,0,0
207795,9,bully,2828,1,30,3090255,270,268,1620,1608,1,1,204967,2828,0,31,0,0,0,NORMAL,0,3,1,9,90,270,0,268,0,0,0,0,0,0,0
207948,13,bully,2983,1,30,3094900,270,267,1620,1602,2,1,204965,2983,0,31,0,0,0,NORMAL,0,3,1,9,96,270,0,267,0,0,0,0,0,0,0
208020,25,bully,3053,1,30,3097005,270,0,1620,0,1,25,204967,3053,0,31,0,0,0,LEADER,1,4,1,34,30,270,0,0,0,0,0,0,0,0,0
208024,36,bully,3065,1,30,3097229,270,0,1620,0,1,36,204959,3065,0,31,0,0,0,LEADER,1,4,1,45,30,270,0,0,0,0,0,0,0,0,0
207862,29,bully,2895,1,30,3092265,270,0,1620,0,1,29,204967,2895,0,31,0,0,0,LEADER,1,4,1,38,30,270,0,0,0,0,0,0,0,0,0
208045,35,bully,3086,1,30,3097918,270,0,1620,0,1,35,204959,3086,0,31,0,0,0,LEADER,1,4,1,44,30,270,0,0,0,0,0,0,0,0,0
207928,6,bully,2965,1,30,3094310,270,538,1620,3228,2,1,204963,2965,0,31,0,0,0,NORMAL,0,3,1,9,96,270,0,538,0,0,0,0,0,0,0
208100,48,bully,3133,1,30,3099405,270,0,1620,0,1,48,204967,3133,0,31,0,0,0,LEADER,1,4,1,57,30,270,0,0,0,0,0,0,0,0,0
207834,50,bully,2868,1,30,3091442,270,0,1620,0,1,50,204966,2868,0,31,0,0,0,LEADER,1,4,1,59,30,270,0,0,0,0,0,0,0,0,0
207776,41,bully,2813,1,30,3089709,270,0,1620,0,1,41,204963,2813,0,31,0,0,0,LEADER,1,4,1,50,30,270,0,0,0,0,0,0,0,0,0
208238,10,bully,3271,1,30,3103545,270,269,1620,1614,1,1,204967,3271,0,31,0,0,0,NORMAL,0,3,1,9,92,270,0,269,0,0,0,0,0,0,0
208069,3,bully,3101,1,30,3098456,270,538,1620,3228,1,1,204968,3101,0,31,0,0,0,NORMAL,0,3,1,9,92,270,0,538,0,0,0,0,0,0,0
207680,11,bully,2713,1,30,3086805,270,263,1620,1578,1,1,204967,2713,0,31,0,0,0,NORMAL,0,3,1,9,122,270,0,263,0,0,0,0,0,0,0
208086,45,bully,3119,1,30,3098985,270,0,1620,0,1,45,204967,3119,0,31,0,0,0,LEADER,1,4,1,54,30,270,0,0,0,0,0,0,0,0,0
208223,42,bully,3256,1,30,3103095,270,0,1620,0,1,42,204967,3256,0,31,0,0,0,LEADER,1,4,1,51,30,270,0,0,0,0,0,0,0,0,0
208189,46,bully,3222,1,30,3102075,270,0,1620,0,1,46,204967,3222,0,31,0,0,0,LEADER,1,4,1,55,30,270,0,0,0,0,0,0,0,0,0
207747,31,bully,2780,1,30,3088815,270,0,1620,0,1,31,204967,2780,0,31,0,0,0,LEADER,1,4,1,40,30,270,0,0,0,0,0,0,0,0,0
208353,8,bully,3386,1,30,3106995,270,269,1620,1614,2,1,204967,3386,0,31,0,0,0,NORMAL,0,3,1,9,98,270,0,269,0,0,0,0,0,0,0
207998,26,bully,3031,1,30,3096345,270,0,1620,0,1,26,204967,3031,0,31,0,0,0,LEADER,1,4,1,35,30,270,0,0,0,0,0,0,0,0,0
208406,17,bully,3440,1,30,3108607,270,0,1620,0,1,17,204966,3440,0,31,0,0,0,LEADER,1,4,1,26,30,270,0,0,0,0,0,0,0,0,0
208304,30,bully,3337,1,30,3105525,270,0,1620,0,1,30,204967,3337,0,31,0,0,0,LEADER,1,4,1,39,30,270,0,0,0,0,0,0,0,0,0
208489,5,bully,3522,1,30,3111075,270,539,1620,3234,2,1,204967,3522,0,31,0,0,0,NORMAL,0,3,1,9,94,270,0,539,0,0,0,0,0,0,0
208135,2,bully,3168,1,30,3100455,270,536,1620,3216,1,1,204967,3168,0,31,0,0,0,NORMAL,0,3,1,9,90,270,0,536,0,0,0,0,0,0,0
207883,28,bully,2916,1,30,3092895,270,0,1620,0,1,28,204967,2916,0,31,0,0,0,LEADER,1,4,1,37,30,270,0,0,0,0,0,0,0,0,0
208437,27,bully,3473,1,30,3109604,270,0,1620,0,1,27,204964,3473,0,31,0,0,0,LEADER,1,4,1,36,30,270,0,0,0,0,0,0,0,0,0
208474,37,bully,3507,1,30,3110625,270,0,1620,0,1,37,204967,3507,0,31,0,0,0,LEADER,1,4,1,46,30,270,0,0,0,0,0,0,0,0,0
207821,19,bully,2861,1,30,3091159,270,0,1620,0,1,19,204960,2861,0,31,0,0,0,LEADER,1,4,1,28,30,270,0,0,0,0,0,0,0,0,0
207691,22,bully,2725,1,30,3087160,270,0,1620,0,1,22,204966,2725,0,31,0,0,0,LEADER,1,4,1,31,30,270,0,0,0,0,0,0,0,0,0
207704,21,bully,2747,1,30,3087681,270,0,1620,0,1,21,204957,2747,0,31,0,0,0,LEADER,1,4,1,30,30,270,0,0,0,0,0,0,0,0,0
208168,33,bully,3201,1,30,3101445,270,0,1620,0,1,33,204967,3201,0,31,0,0,0,LEADER,1,4,1,42,30,270,0,0,0,0,0,0,0,0,0
208201,43,bully,3234,1,30,3102435,270,0,1620,0,1,43,204967,3234,0,31,0,0,0,LEADER,1,4,1,52,30,270,0,0,0,0,0,0,0,0,0
207965,16,bully,2998,1,30,3095355,270,271,1620,1626,2,1,204967,2998,0,31,0,0,0,NORMAL,0,3,1,9,99,270,0,271,0,0,0,0,0,0,0
208469,32,bully,3502,1,30,3110475,270,0,1620,0,1,32,204967,3502,0,31,0,0,0,LEADER,1,4,1,41,30,270,0,0,0,0,0,0,0,0,0
208510,4,bully,3543,1,30,3111705,270,539,1620,3234,1,1,204967,3543,0,31,0,0,0,NORMAL,0,3,1,9,93,270,0,539,0,0,0,0,0,0,0
208576,24,bully,3610,1,30,3113696,270,0,1620,0,1,24,204966,3610,0,31,0,0,0,LEADER,1,4,1,33,30,270,0,0,0,0,0,0,0,0,0
208271,20,bully,3304,1,30,3104535,270,0,1620,0,1,20,204967,3304,0,31,0,0,0,LEADER,1,4,1,29,30,270,0,0,0,0,0,0,0,0,0
207917,38,bully,2950,1,30,3093915,270,0,1620,0,1,38,204967,2950,0,31,0,0,0,LEADER,1,4,1,47,30,270,0,0,0,0,0,0,0,0,0
208554,23,bully,3585,1,30,3112979,270,0,1620,0,1,23,204969,3585,0,31,0,0,0,LEADER,1,4,1,32,30,270,0,0,0,0,0,0,0,0,0
208374,7,bully,3407,1,30,3107625,270,542,1620,3252,2,1,204967,3407,0,31,0,0,0,NORMAL,0,3,1,9,97,270,0,542,0,0,0,0,0,0,0
208507,47,bully,3540,1,30,3111615,270,0,1620,0,1,47,204967,3540,0,31,0,0,0,LEADER,1,4,1,56,30,270,0,0,0,0,0,0,0,0,0
208360,39,bully,3392,1,30,3107196,270,0,1620,0,1,39,204968,3392,0,31,0,0,0,LEADER,1,4,1,48,30,270,0,0,0,0,0,0,0,0,0
208518,15,bully,3555,1,30,3112021,270,265,1620,1590,2,1,204963,3555,0,31,0,0,0,NORMAL,0,3,1,9,105,270,0,265,0,0,0,0,0,0,0
208392,49,bully,3425,1,30,3108165,270,0,1620,0,1,49,204967,3425,0,31,0,0,0,LEADER,1,4,1,58,30,270,0,0,0,0,0,0,0,0,0
208175,1,bully,3216,1,30,3101808,270,541,1620,3246,1,1,204959,3216,0,31,0,0,0,LEADER,1,4,1,10,30,270,0,541,0,0,0,0,0,0,0
208333,40,bully,3371,1,30,3106466,270,0,1620,0,1,40,204962,3371,0,31,0,0,0,LEADER,1,4,1,49,30,270,0,0,0,0,0,0,0,0,0
208542,14,bully,3577,1,30,3112692,270,270,1620,1620,2,1,204965,3577,0,31,0,0,0,NORMAL,0,3,1,9,97,270,0,270,0,0,0,0,0,0,0
208645,44,bully,3677,1,30,3115728,270,0,1620,0,1,44,204968,3677,0,31,0,0,0,LEADER,1,4,1,53,30,270,0,0,0,0,0,0,0,0,0
208659,12,bully,3692,1,30,3116175,270,271,1620,1626,1,1,204967,3692,0,31,0,0,0,NORMAL,0,3,1,9,93,270,0,271,0,0,0,0,0,0,0
208610,34,bully,3643,1,30,3114705,270,0,1620,0,1,34,204967,3643,0,31,0,0,0,LEADER,1,4,1,43,30,270,0,0,0,0,0,0,0,0,0
210153,18,bully,2883,1,31,3302058,273,0,1638,0,1,18,207270,2883,0,32,0,0,0,LEADER,1,4,1,21,31,273,0,0,0,0,0,0,0,0,0
210098,9,bully,2828,1,31,3300353,273,271,1638,1626,1,1,207270,2828,0,32,0,0,0,NORMAL,0,3,2,3,93,273,0,271,0,0,0,0,0,0,0
210251,13,bully,2983,1,31,3305151,273,270,1638,1620,2,1,207268,2983,0,32,0,0,0,NORMAL,0,3,2,3,99,273,0,270,0,0,0,0,0,0,0
210323,25,bully,3053,1,31,3307328,273,0,1638,0,1,25,207270,3053,0,32,0,0,0,LEADER,1,4,1,28,31,273,0,0,0,0,0,0,0,0,0
210327,36,bully,3065,1,31,3307556,273,0,1638,0,1,36,207262,3065,0,32,0,0,0,LEADER,1,4,1,39,31,273,0,0,0,0,0,0,0,0,0
210165,29,bully,2895,1,31,3302430,273,0,1638,0,1,29,207270,2895,0,32,0,0,0,LEADER,1,4,1,32,31,273,0,0,0,0,0,0,0,0,0
210348,35,bully,3086,1,31,3308266,273,0,1638,0,1,35,207262,3086,0,32,0,0,0,LEADER,1,4,1,38,31,273,0,0,0,0,0,0,0,0,0
210231,6,bully,2965,1,31,3304541,273,544,1638,3264,2,1,207266,2965,0,32,0,0,0,NORMAL,0,3,2,3,99,273,0,544,0,0,0,0,0,0,0
210403,48,bully,3133,1,31,3309808,273,0,1638,0,1,48,207270,3133,0,32,0,0,0,LEADER,1,4,1,51,31,273,0,0,0,0,0,0,0,0,0
210137,50,bully,2868,1,31,3301579,273,0,1638,0,1,50,207269,2868,0,32,0,0,0,LEADER,1,4,1,53,31,273,0,0,0,0,0,0,0,0,0
210079,41,bully,2813,1,31,3299788,273,0,1638,0,1,41,207266,2813,0,32,0,0,0,LEADER,1,4,1,44,31,273,0,0,0,0,0,0,0,0,0
210541,10,bully,3271,1,31,3314086,273,272,1638,1632,1,1,207270,3271,0,32,0,0,0,NORMAL,0,3,2,3,95,273,0,272,0,0,0,0,0,0,0
210372,3,bully,3101,1,31,3308828,273,544,1638,3264,1,1,207271,3101,0,32,0,0,0,NORMAL,0,3,2,3,95,273,0,544,0,0,0,0,0,0,0
209983,11,bully,2713,1,31,3296788,273,266,1638,1596,1,1,207270,2713,0,32,0,0,0,NORMAL,0,3,2,3,126,273,0,266,0,0,0,0,0,0,0
210389,45,bully,3119,1,31,3309374,273,0,1638,0,1,45,207270,3119,0,32,0,0,0,LEADER,1,4,1,48,31,273,0,0,0,0,0,0,0,0,0
210526,42,bully,3256,1,31,3313621,273,0,1638,0,1,42,207270,3256,0,32,0,0,0,LEADER,1,4,1,45,31,273,0,0,0,0,0,0,0,0,0
210492,46,bully,3222,1,31,3312567,273,0,1638,0,1,46,207270,3222,0,32,0,0,0,LEADER,1,4,1,49,31,273,0,0,0,0,0,0,0,0,0
210050,31,bully,2780,1,31,3298865,273,0,1638,0,1,31,207270,2780,0,32,0,0,0,LEADER,1,4,1,34,31,273,0,0,0,0,0,0,0,0,0
210656,8,bully,3386,1,31,3317651,273,272,1638,1632,2,1,207270,3386,0,32,0,0,0,NORMAL,0,3,2,3,101,273,0,272,0,0,0,0,0,0,0
210301,26,bully,3031,1,31,3306646,273,0,1638,0,1,26,207270,3031,0,32,0,0,0,LEADER,1,4,1,29,31,273,0,0,0,0,0,0,0,0,0
210709,17,bully,3440,1,31,3319316,273,0,1638,0,1,17,207269,3440,0,32,0,0,0,LEADER,1,4,1,20,31,273,0,0,0,0,0,0,0,0,0
210607,30,bully,3337,1,31,3316132,273,0,1638,0,1,30,207270,3337,0,32,0,0,0,LEADER,1,4,1,33,31,273,0,0,0,0,0,0,0,0,0
210792,5,bully,3522,1,31,3321867,273,545,1638,3270,2,1,207270,3522,0,32,0,0,0,NORMAL,0,3,2,3,97,273,0,545,0,0,0,0,0,0,0
210438,2,bully,3168,1,31,3310893,273,542,1638,3252,1,1,207270,3168,0,32,0,0,0,NORMAL,0,3,2,3,93,273,0,542,0,0,0,0,0,0,0
210186,28,bully,2916,1,31,3303081,273,0,1638,0,1,28,207270,2916,0,32,0,0,0,LEADER,1,4,1,31,31,273,0,0,0,0,0,0,0,0,0
210740,27,bully,3473,1,31,3320344,273,0,1638,0,1,27,207267,3473,0,32,0,0,0,LEADER,1,4,1,30,31,273,0,0,0,0,0,0,0,0,0
210777,37,bully,3507,1,31,3321402,273,0,1638,0,1,37,207270,3507,0,32,0,0,0,LEADER,1,4,1,40,31,273,0,0,0,0,0,0,0,0,0
210124,19,bully,2861,1,31,3301283,273,0,1638,0,1,19,207263,2861,0,32,0,0,0,LEADER,1,4,1,22,31,273,0,0,0,0,0,0,0,0,0
209994,22,bully,2725,1,31,3297154,273,0,1638,0,1,22,207269,2725,0,32,0,0,0,LEADER,1,4,1,25,31,273,0,0,0,0,0,0,0,0,0
210007,21,bully,2747,1,31,3297688,273,0,1638,0,1,21,207260,2747,0,32,0,0,0,LEADER,1,4,1,24,31,273,0,0,0,0,0,0,0,0,0
210471,33,bully,3201,1,31,3311916,273,0,1638,0,1,33,207270,3201,0,32,0,0,0,LEADER,1,4,1,36,31,273,0,0,0,0,0,0,0,0,0
210504,43,bully,3234,1,31,3312939,273,0,1638,0,1,43,207270,3234,0,32,0,0,0,LEADER,1,4,1,46,31,273,0,0,0,0,0,0,0,0,0
210268,16,bully,2998,1,31,3305623,273,274,1638,1644,2,1,207270,2998,0,32,0,0,0,NORMAL,0,3,2,3,102,273,0,274,0,0,0,0,0,0,0
210772,32,bully,3502,1,31,3321247,273,0,1638,0,1,32,207270,3502,0,32,0,0,0,LEADER,1,4,1,35,31,273,0,0,0,0,0,0,0,0,0
210813,4,bully,3543,1,31,3322518,273,545,1638,3270,1,1,207270,3543,0,32,0,0,0,NORMAL,0,3,2,3,96,273,0,545,0,0,0,0,0,0,0
210879,24,bully,3610,1,31,3324575,273,0,1638,0,1,24,207269,3610,0,32,0,0,0,LEADER,1,4,1,27,31,273,0,0,0,0,0,0,0,0,0
210574,20,bully,3304,1,31,3315109,273,0,1638,0,1,20,207270,3304,0,32,0,0,0,LEADER,1,4,1,23,31,273,0,0,0,0,0,0,0,0,0
210220,38,bully,2950,1,31,3304135,273,0,1638,0,1,38,207270,2950,0,32,0,0,0,LEADER,1,4,1,41,31,273,0,0,0,0,0,0,0,0,0
210857,23,bully,3585,1,31,3323836,273,0,1638,0,1,23,207272,3585,0,32,0,0,0,LEADER,1,4,1,26,31,273,0,0,0,0,0,0,0,0,0
210677,7,bully,3407,1,31,3318302,273,548,1638,3288,2,1,207270,3407,0,32,0,0,0,NORMAL,0,3,2,3,100,273,0,548,0,0,0,0,0,0,0
210810,47,bully,3540,1,31,3322425,273,0,1638,0,1,47,207270,3540,0,32,0,0,0,LEADER,1,4,1,50,31,273,0,0,0,0,0,0,0,0,0
210663,39,bully,3392,1,31,3317859,273,0,1638,0,1,39,207271,3392,0,32,0,0,0,LEADER,1,4,1,42,31,273,0,0,0,0,0,0,0,0,0
210821,15,bully,3555,1,31,3322842,273,268,1638,1608,2,1,207266,3555,0,32,0,0,0,NORMAL,0,3,2,3,109,273,0,268,0,0,0,0,0,0,0
210695,49,bully,3425,1,31,3318860,273,0,1638,0,1,49,207270,3425,0,32,0,0,0,LEADER,1,4,1,52,31,273,0,0,0,0,0,0,0,0,0
210478,1,bully,3216,1,31,3312286,273,548,1638,3288,1,1,207262,3216,0,32,0,0,0,LEADER,1,4,1,4,31,273,0,548,0,0,0,0,0,0,0
210636,40,bully,3371,1,31,3317102,273,0,1638,0,1,40,207265,3371,0,32,0,0,0,LEADER,1,4,1,43,31,273,0,0,0,0,0,0,0,0,0
210845,14,bully,3577,1,31,3323537,273,273,1638,1638,2,1,207268,3577,0,32,0,0,0,NORMAL,0,3,2,3,100,273,0,273,0,0,0,0,0,0,0
210948,44,bully,3677,1,31,3326676,273,0,1638,0,1,44,207271,3677,0,32,0,0,0,LEADER,1,4,1,47,31,273,0,0,0,0,0,0,0,0,0
210962,12,bully,3692,1,31,3327137,273,274,1638,1644,1,1,207270,3692,0,32,0,0,0,NORMAL,0,3,2,3,96,273,0,274,0,0,0,0,0,0,0
210913,34,bully,3643,1,31,3325618,273,0,1638,0,1,34,207270,3643,0,32,0,0,0,LEADER,1,4,1,37,31,273,0,0,0,0,0,0,0,0,0
212456,18,bully,2883,1,31,3302058,276,0,1656,0,1,18,209573,2883,0,32,0,0,0,LEADER,1,4,1,24,31,276,0,0,0,0,0,0,0,0,0
212401,9,bully,2828,1,31,3300353,276,274,1656,1644,1,1,209573,2828,0,32,0,0,0,NORMAL,0,3,1,6,93,276,0,274,0,0,0,0,0,0,0
212554,13,bully,2983,1,31,3305151,276,273,1656,1638,2,1,209571,2983,0,32,0,0,0,NORMAL,0,3,1,6,99,276,0,273,0,0,0,0,0,0,0
212626,25,bully,3053,1,31,3307328,276,0,1656,0,1,25,209573,3053,0,32,0,0,0,LEADER,1,4,1,31,31,276,0,0,0,0,0,0,0,0,0
212630,36,bully,3065,1,31,3307556,276,0,1656,0,1,36,209565,3065,0,32,0,0,0,LEADER,1,4,1,42,31,276,0,0,0,0,0,0,0,0,0
212468,29,bully,2895,1,31,3302430,276,0,1656,0,1,29,209573,2895,0,32,0,0,0,LEADER,1,4,1,35,31,276,0,0,0,0,0,0,0,0,0
212651,35,bully,3086,1,31,3308266,276,0,1656,0,1,35,209565,3086,0,32,0,0,0,LEADER,1,4,1,41,31,276,0,0,0,0,0,0,0,0,0
212534,6,bully,2965,1,31,3304541,276,550,1656,3300,2,1,209569,2965,0,32,0,0,0,NORMAL,0,3,1,6,99,276,0,550,0,0,0,0,0,0,0
212706,48,bully,3133,1,31,3309808,276,0,1656,0,1,48,209573,3133,0,32,0,0,0,LEADER,1,4,1,54,31,276,0,0,0,0,0,0,0,0,0
212440,50,bully,2868,1,31,3301579,276,0,1656,0,1,50,209572,2868,0,32,0,0,0,LEADER,1,4,1,56,31,276,0,0,0,0,0,0,0,0,0
212382,41,bully,2813,1,31,3299788,276,0,1656,0,1,41,209569,2813,0,32,0,0,0,LEADER,1,4,1,47,31,276,0,0,0,0,0,0,0,0,0
212844,10,bully,3271,1,31,3314086,276,275,1656,1650,1,1,209573,3271,0,32,0,0,0,NORMAL,0,3,1,6,95,276,0,275,0,0,0,0,0,0,0
212675,3,bully,3101,1,31,3308828,276,550,1656,3300,1,1,209574,3101,0,32,0,0,0,NORMAL,0,3,1,6,95,276,0,550,0,0,0,0,0,0,0
212286,11,bully,2713,1,31,3296788,276,269,1656,1614,1,1,209573,2713,0,32,0,0,0,NORMAL,0,3,1,6,126,276,0,269,0,0,0,0,0,0,0
212692,45,bully,3119,1,31,3309374,276,0,1656,0,1,45,209573,3119,0,32,0,0,0,LEADER,1,4,1,51,31,276,0,0,0,0,0,0,0,0,0
212829,42,bully,3256,1,31,3313621,276,0,1656,0,1,42,209573,3256,0,32,0,0,0,LEADER,1,4,1,48,31,276,0,0,0,0,0,0,0,0,0
212795,46,bully,3222,1,31,3312567,276,0,1656,0,1,46,209573,3222,0,32,0,0,0,LEADER,1,4,1,52,31,276,0,0,0,0,0,0,0,0,0
212353,31,bully,2780,1,31,3298865,276,0,1656,0,1,31,209573,2780,0,32,0,0,0,LEADER,1,4,1,37,31,276,0,0,0,0,0,0,0,0,0
212959,8,bully,3386,1,31,3317651,276,275,1656,1650,2,1,209573,3386,0,32,0,0,0,NORMAL,0,3,1,6,101,276,0,275,0,0,0,0,0,0,0
212604,26,bully,3031,1,31,3306646,276,0,1656,0,1,26,209573,3031,0,32,0,0,0,LEADER,1,4,1,32,31,276,0,0,0,0,0,0,0,0,0
213012,17,bully,3440,1,31,3319316,276,0,1656,0,1,17,209572,3440,0,32,0,0,0,LEADER,1,4,1,23,31,276,0,0,0,0,0,0,0,0,0
212910,30,bully,3337,1,31,3316132,276,0,1656,0,1,30,209573,3337,0,32,0,0,0,LEADER,1,4,1,36,31,276,0,0,0,0,0,0,0,0,0
213095,5,bully,3522,1,31,3321867,276,551,1656,3306,2,1,209573,3522,0,32,0,0,0,NORMAL,0,3,1,6,97,276,0,551,0,0,0,0,0,0,0
212741,2,bully,3168,1,31,3310893,276,548,1656,3288,1,1,209573,3168,0,32,0,0,0,NORMAL,0,3,1,6,93,276,0,548,0,0,0,0,0,0,0
212489,28,bully,2916,1,31,3303081,276,0,1656,0,1,28,209573,2916,0,32,0,0,0,LEADER,1,4,1,34,31,276,0,0,0,0,0,0,0,0,0
213042,27,bully,3473,1,31,3320344,276,0,1656,0,1,27,209569,3473,0,32,0,0,0,LEADER,1,4,1,33,31,276,0,0,0,0,0,0,0,0,0
213080,37,bully,3507,1,31,3321402,276,0,1656,0,1,37,209573,3507,0,32,0,0,0,LEADER,1,4,1,43,31,276,0,0,0,0,0,0,0,0,0
212427,19,bully,2861,1,31,3301283,276,0,1656,0,1,19,209566,2861,0,32,0,0,0,LEADER,1,4,1,25,31,276,0,0,0,0,0,0,0,0,0
212297,22,bully,2725,1,31,3297154,276,0,1656,0,1,22,209572,2725,0,32,0,0,0,LEADER,1,4,1,28,31,276,0,0,0,0,0,0,0,0,0
212310,21,bully,2747,1,31,3297688,276,0,1656,0,1,21,209563,2747,0,32,0,0,0,LEADER,1,4,1,27,31,276,0,0,0,0,0,0,0,0,0
212774,33,bully,3201,1,31,3311916,276,0,1656,0,1,33,209573,3201,0,32,0,0,0,LEADER,1,4,1,39,31,276,0,0,0,0,0,0,0,0,0
212807,43,bully,3234,1,31,3312939,276,0,1656,0,1,43,209573,3234,0,32,0,0,0,LEADER,1,4,1,49,31,276,0,0,0,0,0,0,0,0,0
212571,16,bully,2998,1,31,3305623,276,277,1656,1662,2,1,209573,2998,0,32,0,0,0,NORMAL,0,3,1,6,102,276,0,277,0,0,0,0,0,0,0
213075,32,bully,3502,1,31,3321247,276,0,1656,0,1,32,209573,3502,0,32,0,0,0,LEADER,1,4,1,38,31,276,0,0,0,0,0,0,0,0,0
213116,4,bully,3543,1,31,3322518,276,551,1656,3306,1,1,209573,3543,0,32,0,0,0,NORMAL,0,3,1,6,96,276,0,551,0,0,0,0,0,0,0
213182,24,bully,3610,1,31,3324575,276,0,1656,0,1,24,209572,3610,0,32,0,0,0,LEADER,1,4,1,30,31,276,0,0,0,0,0,0,0,0,0
212877,20,bully,3304,1,31,3315109,276,0,1656,0,1,20,209573,3304,0,32,0,0,0,LEADER,1,4,1,26,31,276,0,0,0,0,0,0,0,0,0
212523,38,bully,2950,1,31,3304135,276,0,1656,0,1,38,209573,2950,0,32,0,0,0,LEADER,1,4,1,44,31,276,0,0,0,0,0,0,0,0,0
213160,23,bully,3585,1,31,3323836,276,0,1656,0,1,23,209575,3585,0,32,0,0,0,LEADER,1,4,1,29,31,276,0,0,0,0,0,0,0,0,0
212980,7,bully,3407,1,31,3318302,276,554,1656,3324,2,1,209573,3407,0,32,0,0,0,NORMAL,0,3,1,6,100,276,0,554,0,0,0,0,0,0,0
213113,47,bully,3540,1,31,3322425,276,0,1656,0,1,47,209573,3540,0,32,0,0,0,LEADER,1,4,1,53,31,276,0,0,0,0,0,0,0,0,0
212966,39,bully,3392,1,31,3317859,276,0,1656,0,1,39,209574,3392,0,32,0,0,0,LEADER,1,4,1,45,31,276,0,0,0,0,0,0,0,0,0
213123,15,bully,3555,1,31,3322842,276,271,1656,1626,2,1,209568,3555,0,32,0,0,0,NORMAL,0,3,1,6,109,276,0,271,0,0,0,0,0,0,0
212998,49,bully,3425,1,31,3318860,276,0,1656,0,1,49,209573,3425,0,32,0,0,0,LEADER,1,4,1,55,31,276,0,0,0,0,0,0,0,0,0
212781,1,bully,3216,1,31,3312286,276,553,1656,3318,1,1,209565,3216,0,32,0,0,0,LEADER,1,4,1,7,31,276,0,553,0,0,0,0,0,0,0
212939,40,bully,3371,1,31,3317102,276,0,1656,0,1,40,209568,3371,0,32,0,0,0,LEADER,1,4,1,46,31,276,0,0,0,0,0,0,0,0,0
213148,14,bully,3577,1,31,3323537,276,276,1656,1656,2,1,209571,3577,0,32,0,0,0,NORMAL,0,3,1,6,100,276,0,276,0,0,0,0,0,0,0
213251,44,bully,3677,1,31,3326676,276,0,1656,0,1,44,209574,3677,0,32,0,0,0,LEADER,1,4,1,50,31,276,0,0,0,0,0,0,0,0,0
213265,12,bully,3692,1,31,3327137,276,277,1656,1662,1,1,209573,3692,0,32,0,0,0,NORMAL,0,3,1,6,96,276,0,277,0,0,0,0,0,0,0
213216,34,bully,3643,1,31,3325618,276,0,1656,0,1,34,209573,3643,0,32,0,0,0,LEADER,1,4,1,40,31,276,0,0,0,0,0,0,0,0,0
214759,18,bully,2883,1,31,3302058,279,0,1674,0,1,18,211876,2883,0,32,0,0,0,LEADER,1,4,1,27,31,279,0,0,0,0,0,0,0,0,0
214704,9,bully,2828,1,31,3300353,279,277,1674,1662,1,1,211876,2828,0,32,0,0,0,NORMAL,0,3,1,9,93,279,0,277,0,0,0,0,0,0,0
214857,13,bully,2983,1,31,3305151,279,276,1674,1656,2,1,211874,2983,0,32,0,0,0,NORMAL,0,3,1,9,99,279,0,276,0,0,0,0,0,0,0
214929,25,bully,3053,1,31,3307328,279,0,1674,0,1,25,211876,3053,0,32,0,0,0,LEADER,1,4,1,34,31,279,0,0,0,0,0,0,0,0,0
214933,36,bully,3065,1,31,3307556,279,0,1674,0,1,36,211868,3065,0,32,0,0,0,LEADER,1,4,1,45,31,279,0,0,0,0,0,0,0,0,0
214771,29,bully,2895,1,31,3302430,279,0,1674,0,1,29,211876,2895,0,32,0,0,0,LEADER,1,4,1,38,31,279,0,0,0,0,0,0,0,0,0
214954,35,bully,3086,1,31,3308266,279,0,1674,0,1,35,211868,3086,0,32,0,0,0,LEADER,1,4,1,44,31,279,0,0,0,0,0,0,0,0,0
214837,6,bully,2965,1,31,3304541,279,556,1674,3336,2,1,211872,2965,0,32,0,0,0,NORMAL,0,3,1,9,99,279,0,556,0,0,0,0,0,0,0
215009,48,bully,3133,1,31,3309808,279,0,1674,0,1,48,211876,3133,0,32,0,0,0,LEADER,1,4,1,57,31,279,0,0,0,0,0,0,0,0,0
214743,50,bully,2868,1,31,3301579,279,0,1674,0,1,50,211875,2868,0,32,0,0,0,LEADER,1,4,1,59,31,279,0,0,0,0,0,0,0,0,0
214685,41,bully,2813,1,31,3299788,279,0,1674,0,1,41,211872,2813,0,32,0,0,0,LEADER,1,4,1,50,31,279,0,0,0,0,0,0,0,0,0
215147,10,bully,3271,1,31,3314086,279,278,1674,1668,1,1,211876,3271,0,32,0,0,0,NORMAL,0,3,1,9,95,279,0,278,0,0,0,0,0,0,0
214978,3,bully,3101,1,31,3308828,279,556,1674,3336,1,1,211877,3101,0,32,0,0,0,NORMAL,0,3,1,9,95,279,0,556,0,0,0,0,0,0,0
214589,11,bully,2713,1,31,3296788,279,272,1674,1632,1,1,211876,2713,0,32,0,0,0,NORMAL,0,3,1,9,126,279,0,272,0,0,0,0,0,0,0
214995,45,bully,3119,1,31,3309374,279,0,1674,0,1,45,211876,3119,0,32,0,0,0,LEADER,1,4,1,54,31,279,0,0,0,0,0,0,0,0,0
215132,42,bully,3256,1,31,3313621,279,0,1674,0,1,42,211876,3256,0,32,0,0,0,LEADER,1,4,1,51,31,279,0,0,0,0,0,0,0,0,0
215098,46,bully,3222,1,31,3312567,279,0,1674,0,1,46,211876,3222,0,32,0,0,0,LEADER,1,4,1,55,31,279,0,0,0,0,0,0,0,0,0
214656,31,bully,2780,1,31,3298865,279,0,1674,0,1,31,211876,2780,0,32,0,0,0,LEADER,1,4,1,40,31,279,0,0,0,0,0,0,0,0,0
215262,8,bully,3386,1,31,3317651,279,278,1674,1668,2,1,211876,3386,0,32,0,0,0,NORMAL,0,3,1,9,101,279,0,278,0,0,0,0,0,0,0
214907,26,bully,3031,1,31,3306646,279,0,1674,0,1,26,211876,3031,0,32,0,0,0,LEADER,1,4,1,35,31,279,0,0,0,0,0,0,0,0,0
215315,17,bully,3440,1,31,3319316,279,0,1674,0,1,17,211875,3440,0,32,0,0,0,LEADER,1,4,1,26,31,279,0,0,0,0,0,0,0,0,0
215213,30,bully,3337,1,31,3316132,279,0,1674,0,1,30,211876,3337,0,32,0,0,0,LEADER,1,4,1,39,31,279,0,0,0,0,0,0,0,0,0
215398,5,bully,3522,1,31,3321867,279,557,1674,3342,2,1,211876,3522,0,32,0,0,0,NORMAL,0,3,1,9,97,279,0,557,0,0,0,0,0,0,0
215044,2,bully,3168,1,31,3310893,279,554,1674,3324,1,1,211876,3168,0,32,0,0,0,NORMAL,0,3,1,9,93,279,0,554,0,0,0,0,0,0,0
214792,28,bully,2916,1,31,3303081,279,0,1674,0,1,28,211876,2916,0,32,0,0,0,LEADER,1,4,1,37,31,279,0,0,0,0,0,0,0,0,0
215344,27,bully,3473,1,31,3320344,279,0,1674,0,1,27,211871,3473,0,32,0,0,0,LEADER,1,4,1,36,31,279,0,0,0,0,0,0,0,0,0
215383,37,bully,3507,1,31,3321402,279,0,1674,0,1,37,211876,3507,0,32,0,0,0,LEADER,1,4,1,46,31,279,0,0,0,0,0,0,0,0,0
214730,19,bully,2861,1,31,3301283,279,0,1674,0,1,19,211869,2861,0,32,0,0,0,LEADER,1,4,1,28,31,279,0,0,0,0,0,0,0,0,0
214600,22,bully,2725,1,31,3297154,279,0,1674,0,1,22,211875,2725,0,32,0,0,0,LEADER,1,4,1,31,31,279,0,0,0,0,0,0,0,0,0
214613,21,bully,2747,1,31,3297688,279,0,1674,0,1,21,211866,2747,0,32,0,0,0,LEADER,1,4,1,30,31,279,0,0,0,0,0,0,0,0,0
215077,33,bully,3201,1,31,3311916,279,0,1674,0,1,33,211876,3201,0,32,0,0,0,LEADER,1,4,1,42,31,279,0,0,0,0,0,0,0,0,0
215110,43,bully,3234,1,31,3312939,279,0,1674,0,1,43,211876,3234,0,32,0,0,0,LEADER,1,4,1,52,31,279,0,0,0,0,0,0,0,0,0
214874,16,bully,2998,1,31,3305623,279,280,1674,1680,2,1,211876,2998,0,32,0,0,0,NORMAL,0,3,1,9,102,279,0,280,0,0,0,0,0,0,0
215378,32,bully,3502,1,31,3321247,279,0,1674,0,1,32,211876,3502,0,32,0,0,0,LEADER,1,4,1,41,31,279,0,0,0,0,0,0,0,0,0
215419,4,bully,3543,1,31,3322518,279,557,1674,3342,1,1,211876,3543,0,32,0,0,0,NORMAL,0,3,1,9,96,279,0,557,0,0,0,0,0,0,0
215485,24,bully,3610,1,31,3324575,279,0,1674,0,1,24,211875,3610,0,32,0,0,0,LEADER,1,4,1,33,31,279,0,0,0,0,0,0,0,0,0
215180,20,bully,3304,1,31,3315109,279,0,1674,0,1,20,211876,3304,0,32,0,0,0,LEADER,1,4,1,29,31,279,0,0,0,0,0,0,0,0,0
214826,38,bully,2950,1,31,3304135,279,0,1674,0,1,38,211876,2950,0,32,0,0,0,LEADER,1,4,1,47,31,279,0,0,0,0,0,0,0,0,0
215463,23,bully,3585,1,31,3323836,279,0,1674,0,1,23,211878,3585,0,32,0,0,0,LEADER,1,4,1,32,31,279,0,0,0,0,0,0,0,0,0
215283,7,bully,3407,1,31,3318302,279,560,1674,3360,2,1,211876,3407,0,32,0,0,0,NORMAL,0,3,1,9,100,279,0,560,0,0,0,0,0,0,0
215416,47,bully,3540,1,31,3322425,279,0,1674,0,1,47,211876,3540,0,32,0,0,0,LEADER,1,4,1,56,31,279,0,0,0,0,0,0,0,0,0
215269,39,bully,3392,1,31,3317859,279,0,1674,0,1,39,211877,3392,0,32,0,0,0,LEADER,1,4,1,48,31,279,0,0,0,0,0,0,0,0,0
215426,15,bully,3555,1,31,3322842,279,274,1674,1644,2,1,211871,3555,0,32,0,0,0,NORMAL,0,3,1,9,109,279,0,274,0,0,0,0,0,0,0
215301,49,bully,3425,1,31,3318860,279,0,1674,0,1,49,211876,3425,0,32,0,0,0,LEADER,1,4,1,58,31,279,0,0,0,0,0,0,0,0,0
215084,1,bully,3216,1,31,3312286,279,559,1674,3354,1,1,211868,3216,0,32,0,0,0,LEADER,1,4,1,10,31,279,0,559,0,0,0,0,0,0,0
215242,40,bully,3371,1,31,3317102,279,0,1674,0,1,40,211871,3371,0,32,0,0,0,LEADER,1,4,1,49,31,279,0,0,0,0,0,0,0,0,0
215451,14,bully,3577,1,31,3323537,279,279,1674,1674,2,1,211874,3577,0,32,0,0,0,NORMAL,0,3,1,9,100,279,0,279,0,0,0,0,0,0,0
215554,44,bully,3677,1,31,3326676,279,0,1674,0,1,44,211877,3677,0,32,0,0,0,LEADER,1,4,1,53,31,279,0,0,0,0,0,0,0,0,0
215568,12,bully,3692,1,31,3327137,279,280,1674,1680,1,1,211876,3692,0,32,0,0,0,NORMAL,0,3,1,9,96,279,0,280,0,0,0,0,0,0,0
215519,34,bully,3643,1,31,3325618,279,0,1674,0,1,34,211876,3643,0,32,0,0,0,LEADER,1,4,1,43,31,279,0,0,0,0,0,0,0,0,0
217062,18,bully,2883,1,32,3519120,282,0,1692,0,1,18,214179,2883,0,33,0,0,0,LEADER,1,4,1,21,32,282,0,0,0,0,0,0,0,0,0
217007,9,bully,2828,1,32,3517360,282,280,1692,1680,1,1,214179,2828,0,33,0,0,0,NORMAL,0,3,2,3,96,282,0,280,0,0,0,0,0,0,0
217160,13,bully,2983,1,32,3522311,282,279,1692,1674,2,1,214177,2983,0,33,0,0,0,NORMAL,0,3,2,3,102,282,0,279,0,0,0,0,0,0,0
217232,25,bully,3053,1,32,3524560,282,0,1692,0,1,25,214179,3053,0,33,0,0,0,LEADER,1,4,1,28,32,282,0,0,0,0,0,0,0,0,0
217236,36,bully,3065,1,32,3524792,282,0,1692,0,1,36,214171,3065,0,33,0,0,0,LEADER,1,4,1,39,32,282,0,0,0,0,0,0,0,0,0
217074,29,bully,2895,1,32,3519504,282,0,1692,0,1,29,214179,2895,0,33,0,0,0,LEADER,1,4,1,32,32,282,0,0,0,0,0,0,0,0,0
217257,35,bully,3086,1,32,3525523,282,0,1692,0,1,35,214171,3086,0,33,0,0,0,LEADER,1,4,1,38,32,282,0,0,0,0,0,0,0,0,0
217140,6,bully,2965,1,32,3521681,282,562,1692,3372,2,1,214175,2965,0,33,0,0,0,NORMAL,0,3,2,3,102,282,0,562,0,0,0,0,0,0,0
217312,48,bully,3133,1,32,3527120,282,0,1692,0,1,48,214179,3133,0,33,0,0,0,LEADER,1,4,1,51,32,282,0,0,0,0,0,0,0,0,0
217046,50,bully,2868,1,32,3518625,282,0,1692,0,1,50,214178,2868,0,33,0,0,0,LEADER,1,4,1,53,32,282,0,0,0,0,0,0,0,0,0
217449,10,bully,3271,1,32,3531535,282,281,1692,1686,1,1,214178,3271,0,33,0,0,0,NORMAL,0,3,2,3,98,282,0,281,0,0,0,0,0,0,0
216988,41,bully,2813,1,32,3516776,282,0,1692,0,1,41,214175,2813,0,33,0,0,0,LEADER,1,4,1,44,32,282,0,0,0,0,0,0,0,0,0
217281,3,bully,3101,1,32,3526109,282,562,1692,3372,1,1,214180,3101,0,33,0,0,0,NORMAL,0,3,2,3,98,282,0,562,0,0,0,0,0,0,0
216892,11,bully,2713,1,32,3513680,282,275,1692,1650,1,1,214179,2713,0,33,0,0,0,NORMAL,0,3,2,3,130,282,0,275,0,0,0,0,0,0,0
217298,45,bully,3119,1,32,3526672,282,0,1692,0,1,45,214179,3119,0,33,0,0,0,LEADER,1,4,1,48,32,282,0,0,0,0,0,0,0,0,0
217435,42,bully,3256,1,32,3531056,282,0,1692,0,1,42,214179,3256,0,33,0,0,0,LEADER,1,4,1,45,32,282,0,0,0,0,0,0,0,0,0
217401,46,bully,3222,1,32,3529968,282,0,1692,0,1,46,214179,3222,0,33,0,0,0,LEADER,1,4,1,49,32,282,0,0,0,0,0,0,0,0,0
216959,31,bully,2780,1,32,3515824,282,0,1692,0,1,31,214179,2780,0,33,0,0,0,LEADER,1,4,1,34,32,282,0,0,0,0,0,0,0,0,0
217565,8,bully,3386,1,32,3535216,282,281,1692,1686,2,1,214179,3386,0,33,0,0,0,NORMAL,0,3,2,3,104,282,0,281,0,0,0,0,0,0,0
217210,26,bully,3031,1,32,3523856,282,0,1692,0,1,26,214179,3031,0,33,0,0,0,LEADER,1,4,1,29,32,282,0,0,0,0,0,0,0,0,0
217618,17,bully,3440,1,32,3536934,282,0,1692,0,1,17,214178,3440,0,33,0,0,0,LEADER,1,4,1,20,32,282,0,0,0,0,0,0,0,0,0
217516,30,bully,3337,1,32,3533648,282,0,1692,0,1,30,214179,3337,0,33,0,0,0,LEADER,1,4,1,33,32,282,0,0,0,0,0,0,0,0,0
217701,5,bully,3522,1,32,3539568,282,563,1692,3378,2,1,214179,3522,0,33,0,0,0,NORMAL,0,3,2,3,100,282,0,563,0,0,0,0,0,0,0
217347,2,bully,3168,1,32,3528240,282,560,1692,3360,1,1,214179,3168,0,33,0,0,0,NORMAL,0,3,2,3,96,282,0,560,0,0,0,0,0,0,0
217095,28,bully,2916,1,32,3520176,282,0,1692,0,1,28,214179,2916,0,33,0,0,0,LEADER,1,4,1,31,32,282,0,0,0,0,0,0,0,0,0
217647,27,bully,3473,1,32,3537991,282,0,1692,0,1,27,214174,3473,0,33,0,0,0,LEADER,1,4,1,30,32,282,0,0,0,0,0,0,0,0,0
217686,37,bully,3507,1,32,3539088,282,0,1692,0,1,37,214179,3507,0,33,0,0,0,LEADER,1,4,1,40,32,282,0,0,0,0,0,0,0,0,0
217033,19,bully,2861,1,32,3518316,282,0,1692,0,1,19,214172,2861,0,33,0,0,0,LEADER,1,4,1,22,32,282,0,0,0,0,0,0,0,0,0
216903,22,bully,2725,1,32,3514057,282,0,1692,0,1,22,214178,2725,0,33,0,0,0,LEADER,1,4,1,25,32,282,0,0,0,0,0,0,0,0,0
216916,21,bully,2747,1,32,3514604,282,0,1692,0,1,21,214169,2747,0,33,0,0,0,LEADER,1,4,1,24,32,282,0,0,0,0,0,0,0,0,0
217380,33,bully,3201,1,32,3529296,282,0,1692,0,1,33,214179,3201,0,33,0,0,0,LEADER,1,4,1,36,32,282,0,0,0,0,0,0,0,0,0
217413,43,bully,3234,1,32,3530352,282,0,1692,0,1,43,214179,3234,0,33,0,0,0,LEADER,1,4,1,46,32,282,0,0,0,0,0,0,0,0,0
217177,16,bully,2998,1,32,3522800,282,283,1692,1698,2,1,214179,2998,0,33,0,0,0,NORMAL,0,3,2,3,105,282,0,283,0,0,0,0,0,0,0
217681,32,bully,3502,1,32,3538928,282,0,1692,0,1,32,214179,3502,0,33,0,0,0,LEADER,1,4,1,35,32,282,0,0,0,0,0,0,0,0,0
217722,4,bully,3543,1,32,3540240,282,563,1692,3378,1,1,214179,3543,0,33,0,0,0,NORMAL,0,3,2,3,99,282,0,563,0,0,0,0,0,0,0
217788,24,bully,3610,1,32,3542363,282,0,1692,0,1,24,214178,3610,0,33,0,0,0,LEADER,1,4,1,27,32,282,0,0,0,0,0,0,0,0,0
217483,20,bully,3304,1,32,3532592,282,0,1692,0,1,20,214179,3304,0,33,0,0,0,LEADER,1,4,1,23,32,282,0,0,0,0,0,0,0,0,0
217129,38,bully,2950,1,32,3521264,282,0,1692,0,1,38,214179,2950,0,33,0,0,0,LEADER,1,4,1,41,32,282,0,0,0,0,0,0,0,0,0
217766,23,bully,3585,1,32,3541602,282,0,1692,0,1,23,214181,3585,0,33,0,0,0,LEADER,1,4,1,26,32,282,0,0,0,0,0,0,0,0,0
217586,7,bully,3407,1,32,3535888,282,566,1692,3396,2,1,214179,3407,0,33,0,0,0,NORMAL,0,3,2,3,103,282,0,566,0,0,0,0,0,0,0
217719,47,bully,3540,1,32,3540144,282,0,1692,0,1,47,214179,3540,0,33,0,0,0,LEADER,1,4,1,50,32,282,0,0,0,0,0,0,0,0,0
217572,39,bully,3392,1,32,3535431,282,0,1692,0,1,39,214180,3392,0,33,0,0,0,LEADER,1,4,1,42,32,282,0,0,0,0,0,0,0,0,0
217729,15,bully,3555,1,32,3540571,282,278,1692,1668,2,1,214174,3555,0,33,0,0,0,NORMAL,0,3,2,3,113,282,0,278,0,0,0,0,0,0,0
217604,49,bully,3425,1,32,3536464,282,0,1692,0,1,49,214179,3425,0,33,0,0,0,LEADER,1,4,1,52,32,282,0,0,0,0,0,0,0,0,0
217387,1,bully,3216,1,32,3529673,282,565,1692,3390,1,1,214171,3216,0,33,0,0,0,LEADER,1,4,1,4,32,282,0,565,0,0,0,0,0,0,0
217545,40,bully,3371,1,32,3534647,282,0,1692,0,1,40,214174,3371,0,33,0,0,0,LEADER,1,4,1,43,32,282,0,0,0,0,0,0,0,0,0
217754,14,bully,3577,1,32,3541291,282,282,1692,1692,2,1,214177,3577,0,33,0,0,0,NORMAL,0,3,2,3,103,282,0,282,0,0,0,0,0,0,0
217857,44,bully,3677,1,32,3544533,282,0,1692,0,1,44,214180,3677,0,33,0,0,0,LEADER,1,4,1,47,32,282,0,0,0,0,0,0,0,0,0
217871,12,bully,3692,1,32,3545008,282,283,1692,1698,1,1,214179,3692,0,33,0,0,0,NORMAL,0,3,2,3,99,282,0,283,0,0,0,0,0,0,0
217822,34,bully,3643,1,32,3543440,282,0,1692,0,1,34,214179,3643,0,33,0,0,0,LEADER,1,4,1,37,32,282,0,0,0,0,0,0,0,0,0
219365,18,bully,2883,1,32,3519120,285,0,1710,0,1,18,216482,2883,0,33,0,0,0,LEADER,1,4,1,24,32,285,0,0,0,0,0,0,0,0,0
219310,9,bully,2828,1,32,3517360,285,283,1710,1698,1,1,216482,2828,0,33,0,0,0,NORMAL,0,3,1,6,96,285,0,283,0,0,0,0,0,0,0
219463,13,bully,2983,1,32,3522311,285,282,1710,1692,2,1,216480,2983,0,33,0,0,0,NORMAL,0,3,1,6,102,285,0,282,0,0,0,0,0,0,0
219535,25,bully,3053,1,32,3524560,285,0,1710,0,1,25,216482,3053,0,33,0,0,0,LEADER,1,4,1,31,32,285,0,0,0,0,0,0,0,0,0
219539,36,bully,3065,1,32,3524792,285,0,1710,0,1,36,216474,3065,0,33,0,0,0,LEADER,1,4,1,42,32,285,0,0,0,0,0,0,0,0,0
219377,29,bully,2895,1,32,3519504,285,0,1710,0,1,29,216482,2895,0,33,0,0,0,LEADER,1,4,1,35,32,285,0,0,0,0,0,0,0,0,0
219560,35,bully,3086,1,32,3525523,285,0,1710,0,1,35,216474,3086,0,33,0,0,0,LEADER,1,4,1,41,32,285,0,0,0,0,0,0,0,0,0
219443,6,bully,2965,1,32,3521681,285,568,1710,3408,2,1,216478,2965,0,33,0,0,0,NORMAL,0,3,1,6,102,285,0,568,0,0,0,0,0,0,0
219615,48,bully,3133,1,32,3527120,285,0,1710,0,1,48,216482,3133,0,33,0,0,0,LEADER,1,4,1,54,32,285,0,0,0,0,0,0,0,0,0
219349,50,bully,2868,1,32,3518625,285,0,1710,0,1,50,216481,2868,0,33,0,0,0,LEADER,1,4,1,56,32,285,0,0,0,0,0,0,0,0,0
219291,41,bully,2813,1,32,3516776,285,0,1710,0,1,41,216478,2813,0,33,0,0,0,LEADER,1,4,1,47,32,285,0,0,0,0,0,0,0,0,0
219752,10,bully,3271,1,32,3531535,285,284,1710,1704,1,1,216481,3271,0,33,0,0,0,NORMAL,0,3,1,6,98,285,0,284,0,0,0,0,0,0,0
219584,3,bully,3101,1,32,3526109,285,568,1710,3408,1,1,216483,3101,0,33,0,0,0,NORMAL,0,3,1,6,98,285,0,568,0,0,0,0,0,0,0
219195,11,bully,2713,1,32,3513680,285,278,1710,1668,1,1,216482,2713,0,33,0,0,0,NORMAL,0,3,1,6,130,285,0,278,0,0,0,0,0,0,0
219601,45,bully,3119,1,32,3526672,285,0,1710,0,1,45,216482,3119,0,33,0,0,0,LEADER,1,4,1,51,32,285,0,0,0,0,0,0,0,0,0
219738,42,bully,3256,1,32,3531056,285,0,1710,0,1,42,216482,3256,0,33,0,0,0,LEADER,1,4,1,48,32,285,0,0,0,0,0,0,0,0,0
219704,46,bully,3222,1,32,3529968,285,0,1710,0,1,46,216482,3222,0,33,0,0,0,LEADER,1,4,1,52,32,285,0,0,0,0,0,0,0,0,0
219262,31,bully,2780,1,32,3515824,285,0,1710,0,1,31,216482,2780,0,33,0,0,0,LEADER,1,4,1,37,32,285,0,0,0,0,0,0,0,0,0
219868,8,bully,3386,1,32,3535216,285,284,1710,1704,2,1,216482,3386,0,33,0,0,0,NORMAL,0,3,1,6,104,285,0,284,0,0,0,0,0,0,0
219513,26,bully,3031,1,32,3523856,285,0,1710,0,1,26,216482,3031,0,33,0,0,0,LEADER,1,4,1,32,32,285,0,0,0,0,0,0,0,0,0
219921,17,bully,3440,1,32,3536934,285,0,1710,0,1,17,216481,3440,0,33,0,0,0,LEADER,1,4,1,23,32,285,0,0,0,0,0,0,0,0,0
219819,30,bully,3337,1,32,3533648,285,0,1710,0,1,30,216482,3337,0,33,0,0,0,LEADER,1,4,1,36,32,285,0,0,0,0,0,0,0,0,0
220004,5,bully,3522,1,32,3539568,285,569,1710,3414,2,1,216482,3522,0,33,0,0,0,NORMAL,0,3,1,6,100,285,0,569,0,0,0,0,0,0,0
219650,2,bully,3168,1,32,3528240,285,566,1710,3396,1,1,216482,3168,0,33,0,0,0,NORMAL,0,3,1,6,96,285,0,566,0,0,0,0,0,0,0
219398,28,bully,2916,1,32,3520176,285,0,1710,0,1,28,216482,2916,0,33,0,0,0,LEADER,1,4,1,34,32,285,0,0,0,0,0,0,0,0,0
219950,27,bully,3473,1,32,3537991,285,0,1710,0,1,27,216477,3473,0,33,0,0,0,LEADER,1,4,1,33,32,285,0,0,0,0,0,0,0,0,0
219989,37,bully,3507,1,32,3539088,285,0,1710,0,1,37,216482,3507,0,33,0,0,0,LEADER,1,4,1,43,32,285,0,0,0,0,0,0,0,0,0
219336,19,bully,2861,1,32,3518316,285,0,1710,0,1,19,216475,2861,0,33,0,0,0,LEADER,1,4,1,25,32,285,0,0,0,0,0,0,0,0,0
219206,22,bully,2725,1,32,3514057,285,0,1710,0,1,22,216481,2725,0,33,0,0,0,LEADER,1,4,1,28,32,285,0,0,0,0,0,0,0,0,0
219219,21,bully,2747,1,32,3514604,285,0,1710,0,1,21,216472,2747,0,33,0,0,0,LEADER,1,4,1,27,32,285,0,0,0,0,0,0,0,0,0
219683,33,bully,3201,1,32,3529296,285,0,1710,0,1,33,216482,3201,0,33,0,0,0,LEADER,1,4,1,39,32,285,0,0,0,0,0,0,0,0,0
219716,43,bully,3234,1,32,3530352,285,0,1710,0,1,43,216482,3234,0,33,0,0,0,LEADER,1,4,1,49,32,285,0,0,0,0,0,0,0,0,0
219480,16,bully,2998,1,32,3522800,285,286,1710,1716,2,1,216482,2998,0,33,0,0,0,NORMAL,0,3,1,6,105,285,0,286,0,0,0,0,0,0,0
219984,32,bully,3502,1,32,3538928,285,0,1710,0,1,32,216482,3502,0,33,0,0,0,LEADER,1,4,1,38,32,285,0,0,0,0,0,0,0,0,0
220025,4,bully,3543,1,32,3540240,285,569,1710,3414,1,1,216482,3543,0,33,0,0,0,NORMAL,0,3,1,6,99,285,0,569,0,0,0,0,0,0,0
220091,24,bully,3610,1,32,3542363,285,0,1710,0,1,24,216481,3610,0,33,0,0,0,LEADER,1,4,1,30,32,285,0,0,0,0,0,0,0,0,0
219786,20,bully,3304,1,32,3532592,285,0,1710,0,1,20,216482,3304,0,33,0,0,0,LEADER,1,4,1,26,32,285,0,0,0,0,0,0,0,0,0
219432,38,bully,2950,1,32,3521264,285,0,1710,0,1,38,216482,2950,0,33,0,0,0,LEADER,1,4,1,44,32,285,0,0,0,0,0,0,0,0,0
220069,23,bully,3585,1,32,3541602,285,0,1710,0,1,23,216484,3585,0,33,0,0,0,LEADER,1,4,1,29,32,285,0,0,0,0,0,0,0,0,0
219889,7,bully,3407,1,32,3535888,285,572,1710,3432,2,1,216482,3407,0,33,0,0,0,NORMAL,0,3,1,6,103,285,0,572,0,0,0,0,0,0,0
220022,47,bully,3540,1,32,3540144,285,0,1710,0,1,47,216482,3540,0,33,0,0,0,LEADER,1,4,1,53,32,285,0,0,0,0,0,0,0,0,0
219875,39,bully,3392,1,32,3535431,285,0,1710,0,1,39,216483,3392,0,33,0,0,0,LEADER,1,4,1,45,32,285,0,0,0,0,0,0,0,0,0
220032,15,bully,3555,1,32,3540571,285,281,1710,1686,2,1,216477,3555,0,33,0,0,0,NORMAL,0,3,1,6,113,285,0,281,0,0,0,0,0,0,0
219907,49,bully,3425,1,32,3536464,285,0,1710,0,1,49,216482,3425,0,33,0,0,0,LEADER,1,4,1,55,32,285,0,0,0,0,0,0,0,0,0
219690,1,bully,3216,1,32,3529673,285,572,1710,3432,1,1,216474,3216,0,33,0,0,0,LEADER,1,4,1,7,32,285,0,572,0,0,0,0,0,0,0
219848,40,bully,3371,1,32,3534647,285,0,1710,0,1,40,216477,3371,0,33,0,0,0,LEADER,1,4,1,46,32,285,0,0,0,0,0,0,0,0,0
220057,14,bully,3577,1,32,3541291,285,285,1710,1710,2,1,216480,3577,0,33,0,0,0,NORMAL,0,3,1,6,103,285,0,285,0,0,0,0,0,0,0
220160,44,bully,3677,1,32,3544533,285,0,1710,0,1,44,216483,3677,0,33,0,0,0,LEADER,1,4,1,50,32,285,0,0,0,0,0,0,0,0,0
220174,12,bully,3692,1,32,3545008,285,286,1710,1716,1,1,216482,3692,0,33,0,0,0,NORMAL,0,3,1,6,99,285,0,286,0,0,0,0,0,0,0
220125,34,bully,3643,1,32,3543440,285,0,1710,0,1,34,216482,3643,0,33,0,0,0,LEADER,1,4,1,40,32,285,0,0,0,0,0,0,0,0,0
221668,18,bully,2883,1,32,3519120,288,0,1728,0,1,18,218785,2883,0,33,0,0,0,LEADER,1,4,1,27,32,288,0,0,0,0,0,0,0,0,0
221613,9,bully,2828,1,32,3517360,288,286,1728,1716,1,1,218785,2828,0,33,0,0,0,NORMAL,0,3,1,9,96,288,0,286,0,0,0,0,0,0,0
221766,13,bully,2983,1,32,3522311,288,285,1728,1710,2,1,218783,2983,0,33,0,0,0,NORMAL,0,3,1,9,102,288,0,285,0,0,0,0,0,0,0
221838,25,bully,3053,1,32,3524560,288,0,1728,0,1,25,218785,3053,0,33,0,0,0,LEADER,1,4,1,34,32,288,0,0,0,0,0,0,0,0,0
221842,36,bully,3065,1,32,3524792,288,0,1728,0,1,36,218777,3065,0,33,0,0,0,LEADER,1,4,1,45,32,288,0,0,0,0,0,0,0,0,0
221680,29,bully,2895,1,32,3519504,288,0,1728,0,1,29,218785,2895,0,33,0,0,0,LEADER,1,4,1,38,32,288,0,0,0,0,0,0,0,0,0
221863,35,bully,3086,1,32,3525523,288,0,1728,0,1,35,218777,3086,0,33,0,0,0,LEADER,1,4,1,44,32,288,0,0,0,0,0,0,0,0,0
221746,6,bully,2965,1,32,3521681,288,574,1728,3444,2,1,218781,2965,0,33,0,0,0,NORMAL,0,3,1,9,102,288,0,574,0,0,0,0,0,0,0
221918,48,bully,3133,1,32,3527120,288,0,1728,0,1,48,218785,3133,0,33,0,0,0,LEADER,1,4,1,57,32,288,0,0,0,0,0,0,0,0,0
221652,50,bully,2868,1,32,3518625,288,0,1728,0,1,50,218784,2868,0,33,0,0,0,LEADER,1,4,1,59,32,288,0,0,0,0,0,0,0,0,0
221594,41,bully,2813,1,32,3516776,288,0,1728,0,1,41,218781,2813,0,33,0,0,0,LEADER,1,4,1,50,32,288,0,0,0,0,0,0,0,0,0
222055,10,bully,3271,1,32,3531535,288,287,1728,1722,1,1,218784,3271,0,33,0,0,0,NORMAL,0,3,1,9,98,288,0,287,0,0,0,0,0,0,0
221887,3,bully,3101,1,32,3526109,288,574,1728,3444,1,1,218786,3101,0,33,0,0,0,NORMAL,0,3,1,9,98,288,0,574,0,0,0,0,0,0,0
221498,11,bully,2713,1,32,3513680,288,281,1728,1686,1,1,218785,2713,0,33,0,0,0,NORMAL,0,3,1,9,130,288,0,281,0,0,0,0,0,0,0
221904,45,bully,3119,1,32,3526672,288,0,1728,0,1,45,218785,3119,0,33,0,0,0,LEADER,1,4,1,54,32,288,0,0,0,0,0,0,0,0,0
222041,42,bully,3256,1,32,3531056,288,0,1728,0,1,42,218785,3256,0,33,0,0,0,LEADER,1,4,1,51,32,288,0,0,0,0,0,0,0,0,0
222007,46,bully,3222,1,32,3529968,288,0,1728,0,1,46,218785,3222,0,33,0,0,0,LEADER,1,4,1,55,32,288,0,0,0,0,0,0,0,0,0
221565,31,bully,2780,1,32,3515824,288,0,1728,0,1,31,218785,2780,0,33,0,0,0,LEADER,1,4,1,40,32,288,0,0,0,0,0,0,0,0,0
222171,8,bully,3386,1,32,3535216,288,287,1728,1722,2,1,218785,3386,0,33,0,0,0,NORMAL,0,3,1,9,104,288,0,287,0,0,0,0,0,0,0
221816,26,bully,3031,1,32,3523856,288,0,1728,0,1,26,218785,3031,0,33,0,0,0,LEADER,1,4,1,35,32,288,0,0,0,0,0,0,0,0,0
222224,17,bully,3440,1,32,3536934,288,0,1728,0,1,17,218784,3440,0,33,0,0,0,LEADER,1,4,1,26,32,288,0,0,0,0,0,0,0,0,0
222122,30,bully,3337,1,32,3533648,288,0,1728,0,1,30,218785,3337,0,33,0,0,0,LEADER,1,4,1,39,32,288,0,0,0,0,0,0,0,0,0
222307,5,bully,3522,1,32,3539568,288,575,1728,3450,2,1,218785,3522,0,33,0,0,0,NORMAL,0,3,1,9,100,288,0,575,0,0,0,0,0,0,0
221953,2,bully,3168,1,32,3528240,288,572,1728,3432,1,1,218785,3168,0,33,0,0,0,NORMAL,0,3,1,9,96,288,0,572,0,0,0,0,0,0,0
221701,28,bully,2916,1,32,3520176,288,0,1728,0,1,28,218785,2916,0,33,0,0,0,LEADER,1,4,1,37,32,288,0,0,0,0,0,0,0,0,0
222253,27,bully,3473,1,32,3537991,288,0,1728,0,1,27,218780,3473,0,33,0,0,0,LEADER,1,4,1,36,32,288,0,0,0,0,0,0,0,0,0
222292,37,bully,3507,1,32,3539088,288,0,1728,0,1,37,218785,3507,0,33,0,0,0,LEADER,1,4,1,46,32,288,0,0,0,0,0,0,0,0,0
221639,19,bully,2861,1,32,3518316,288,0,1728,0,1,19,218778,2861,0,33,0,0,0,LEADER,1,4,1,28,32,288,0,0,0,0,0,0,0,0,0
221509,22,bully,2725,1,32,3514057,288,0,1728,0,1,22,218784,2725,0,33,0,0,0,LEADER,1,4,1,31,32,288,0,0,0,0,0,0,0,0,0
221522,21,bully,2747,1,32,3514604,288,0,1728,0,1,21,218775,2747,0,33,0,0,0,LEADER,1,4,1,30,32,288,0,0,0,0,0,0,0,0,0
221986,33,bully,3201,1,32,3529296,288,0,1728,0,1,33,218785,3201,0,33,0,0,0,LEADER,1,4,1,42,32,288,0,0,0,0,0,0,0,0,0
222019,43,bully,3234,1,32,3530352,288,0,1728,0,1,43,218785,3234,0,33,0,0,0,LEADER,1,4,1,52,32,288,0,0,0,0,0,0,0,0,0
221783,16,bully,2998,1,32,3522800,288,289,1728,1734,2,1,218785,2998,0,33,0,0,0,NORMAL,0,3,1,9,105,288,0,289,0,0,0,0,0,0,0
222287,32,bully,3502,1,32,3538928,288,0,1728,0,1,32,218785,3502,0,33,0,0,0,LEADER,1,4,1,41,32,288,0,0,0,0,0,0,0,0,0
222328,4,bully,3543,1,32,3540240,288,575,1728,3450,1,1,218785,3543,0,33,0,0,0,NORMAL,0,3,1,9,99,288,0,575,0,0,0,0,0,0,0
222394,24,bully,3610,1,32,3542363,288,0,1728,0,1,24,218784,3610,0,33,0,0,0,LEADER,1,4,1,33,32,288,0,0,0,0,0,0,0,0,0
222089,20,bully,3304,1,32,3532592,288,0,1728,0,1,20,218785,3304,0,33,0,0,0,LEADER,1,4,1,29,32,288,0,0,0,0,0,0,0,0,0
221735,38,bully,2950,1,32,3521264,288,0,1728,0,1,38,218785,2950,0,33,0,0,0,LEADER,1,4,1,47,32,288,0,0,0,0,0,0,0,0,0
222372,23,bully,3585,1,32,3541602,288,0,1728,0,1,23,218787,3585,0,33,0,0,0,LEADER,1,4,1,32,32,288,0,0,0,0,0,0,0,0,0
222192,7,bully,3407,1,32,3535888,288,578,1728,3468,2,1,218785,3407,0,33,0,0,0,NORMAL,0,3,1,9,103,288,0,578,0,0,0,0,0,0,0
222325,47,bully,3540,1,32,3540144,288,0,1728,0,1,47,218785,3540,0,33,0,0,0,LEADER,1,4,1,56,32,288,0,0,0,0,0,0,0,0,0
222178,39,bully,3392,1,32,3535431,288,0,1728,0,1,39,218786,3392,0,33,0,0,0,LEADER,1,4,1,48,32,288,0,0,0,0,0,0,0,0,0
222335,15,bully,3555,1,32,3540571,288,283,1728,1698,2,1,218780,3555,0,33,0,0,0,NORMAL,0,3,1,9,113,288,0,283,0,0,0,0,0,0,0
222210,49,bully,3425,1,32,3536464,288,0,1728,0,1,49,218785,3425,0,33,0,0,0,LEADER,1,4,1,58,32,288,0,0,0,0,0,0,0,0,0
221993,1,bully,3216,1,32,3529673,288,577,1728,3462,1,1,218777,3216,0,33,0,0,0,LEADER,1,4,1,10,32,288,0,577,0,0,0,0,0,0,0
222151,40,bully,3371,1,32,3534647,288,0,1728,0,1,40,218780,3371,0,33,0,0,0,LEADER,1,4,1,49,32,288,0,0,0,0,0,0,0,0,0
222360,14,bully,3577,1,32,3541291,288,288,1728,1728,2,1,218783,3577,0,33,0,0,0,NORMAL,0,3,1,9,103,288,0,288,0,0,0,0,0,0,0
222463,44,bully,3677,1,32,3544533,288,0,1728,0,1,44,218786,3677,0,33,0,0,0,LEADER,1,4,1,53,32,288,0,0,0,0,0,0,0,0,0
222477,12,bully,3692,1,32,3545008,288,289,1728,1734,1,1,218785,3692,0,33,0,0,0,NORMAL,0,3,1,9,99,288,0,289,0,0,0,0,0,0,0
222428,34,bully,3643,1,32,3543440,288,0,1728,0,1,34,218785,3643,0,33,0,0,0,LEADER,1,4,1,43,32,288,0,0,0,0,0,0,0,0,0
223971,18,bully,2883,1,33,3743091,291,0,1746,0,1,18,221088,2883,0,34,0,0,0,LEADER,1,4,1,21,33,291,0,0,0,0,0,0,0,0,0
223916,9,bully,2828,1,33,3741276,291,289,1746,1734,1,1,221088,2828,0,34,0,0,0,NORMAL,0,3,2,3,99,291,0,289,0,0,0,0,0,0,0
224069,13,bully,2983,1,33,3746380,291,288,1746,1728,2,1,221086,2983,0,34,0,0,0,NORMAL,0,3,2,3,105,291,0,288,0,0,0,0,0,0,0
224141,25,bully,3053,1,33,3748701,291,0,1746,0,1,25,221088,3053,0,34,0,0,0,LEADER,1,4,1,28,33,291,0,0,0,0,0,0,0,0,0
224145,36,bully,3065,1,33,3748937,291,0,1746,0,1,36,221080,3065,0,34,0,0,0,LEADER,1,4,1,39,33,291,0,0,0,0,0,0,0,0,0
223983,29,bully,2895,1,33,3743487,291,0,1746,0,1,29,221088,2895,0,34,0,0,0,LEADER,1,4,1,32,33,291,0,0,0,0,0,0,0,0,0
224166,35,bully,3086,1,33,3749689,291,0,1746,0,1,35,221080,3086,0,34,0,0,0,LEADER,1,4,1,38,33,291,0,0,0,0,0,0,0,0,0
224049,6,bully,2965,1,33,3745730,291,580,1746,3480,2,1,221084,2965,0,34,0,0,0,NORMAL,0,3,2,3,105,291,0,580,0,0,0,0,0,0,0
224221,48,bully,3133,1,33,3751341,291,0,1746,0,1,48,221088,3133,0,34,0,0,0,LEADER,1,4,1,51,33,291,0,0,0,0,0,0,0,0,0
223955,50,bully,2868,1,33,3742580,291,0,1746,0,1,50,221087,2868,0,34,0,0,0,LEADER,1,4,1,53,33,291,0,0,0,0,0,0,0,0,0
223897,41,bully,2813,1,33,3740673,291,0,1746,0,1,41,221084,2813,0,34,0,0,0,LEADER,1,4,1,44,33,291,0,0,0,0,0,0,0,0,0
224358,10,bully,3271,1,33,3755893,291,290,1746,1740,1,1,221087,3271,0,34,0,0,0,NORMAL,0,3,2,3,101,291,0,290,0,0,0,0,0,0,0
224190,3,bully,3101,1,33,3750299,291,580,1746,3480,1,1,221089,3101,0,34,0,0,0,NORMAL,0,3,2,3,101,291,0,580,0,0,0,0,0,0,0
223801,11,bully,2713,1,33,3737481,291,283,1746,1698,1,1,221088,2713,0,34,0,0,0,NORMAL,0,3,2,2,134,291,0,283,0,0,0,0,0,0,0
224207,45,bully,3119,1,33,3750879,291,0,1746,0,1,45,221088,3119,0,34,0,0,0,LEADER,1,4,1,48,33,291,0,0,0,0,0,0,0,0,0
224344,42,bully,3256,1,33,3755400,291,0,1746,0,1,42,221088,3256,0,34,0,0,0,LEADER,1,4,1,45,33,291,0,0,0,0,0,0,0,0,0
224310,46,bully,3222,1,33,3754278,291,0,1746,0,1,46,221088,3222,0,34,0,0,0,LEADER,1,4,1,49,33,291,0,0,0,0,0,0,0,0,0
223868,31,bully,2780,1,33,3739692,291,0,1746,0,1,31,221088,2780,0,34,0,0,0,LEADER,1,4,1,34,33,291,0,0,0,0,0,0,0,0,0
224474,8,bully,3386,1,33,3759690,291,290,1746,1740,2,1,221088,3386,0,34,0,0,0,NORMAL,0,3,2,3,107,291,0,290,0,0,0,0,0,0,0
224119,26,bully,3031,1,33,3747975,291,0,1746,0,1,26,221088,3031,0,34,0,0,0,LEADER,1,4,1,29,33,291,0,0,0,0,0,0,0,0,0
224527,17,bully,3440,1,33,3761461,291,0,1746,0,1,17,221087,3440,0,34,0,0,0,LEADER,1,4,1,20,33,291,0,0,0,0,0,0,0,0,0
224425,30,bully,3337,1,33,3758073,291,0,1746,0,1,30,221088,3337,0,34,0,0,0,LEADER,1,4,1,33,33,291,0,0,0,0,0,0,0,0,0
224610,5,bully,3522,1,33,3764178,291,581,1746,3486,2,1,221088,3522,0,34,0,0,0,NORMAL,0,3,2,3,103,291,0,581,0,0,0,0,0,0,0
224256,2,bully,3168,1,33,3752496,291,578,1746,3468,1,1,221088,3168,0,34,0,0,0,NORMAL,0,3,2,3,99,291,0,578,0,0,0,0,0,0,0
224004,28,bully,2916,1,33,3744180,291,0,1746,0,1,28,221088,2916,0,34,0,0,0,LEADER,1,4,1,31,33,291,0,0,0,0,0,0,0,0,0
224556,27,bully,3473,1,33,3762547,291,0,1746,0,1,27,221083,3473,0,34,0,0,0,LEADER,1,4,1,30,33,291,0,0,0,0,0,0,0,0,0
224595,37,bully,3507,1,33,3763683,291,0,1746,0,1,37,221088,3507,0,34,0,0,0,LEADER,1,4,1,40,33,291,0,0,0,0,0,0,0,0,0
223942,19,bully,2861,1,33,3742258,291,0,1746,0,1,19,221081,2861,0,34,0,0,0,LEADER,1,4,1,22,33,291,0,0,0,0,0,0,0,0,0
223812,22,bully,2725,1,33,3737869,291,0,1746,0,1,22,221087,2725,0,34,0,0,0,LEADER,1,4,1,25,33,291,0,0,0,0,0,0,0,0,0
223825,21,bully,2747,1,33,3738429,291,0,1746,0,1,21,221078,2747,0,34,0,0,0,LEADER,1,4,1,24,33,291,0,0,0,0,0,0,0,0,0
224289,33,bully,3201,1,33,3753585,291,0,1746,0,1,33,221088,3201,0,34,0,0,0,LEADER,1,4,1,36,33,291,0,0,0,0,0,0,0,0,0
224322,43,bully,3234,1,33,3754674,291,0,1746,0,1,43,221088,3234,0,34,0,0,0,LEADER,1,4,1,46,33,291,0,0,0,0,0,0,0,0,0
224086,16,bully,2998,1,33,3746886,291,292,1746,1752,2,1,221088,2998,0,34,0,0,0,NORMAL,0,3,2,3,108,291,0,292,0,0,0,0,0,0,0
224590,32,bully,3502,1,33,3763518,291,0,1746,0,1,32,221088,3502,0,34,0,0,0,LEADER,1,4,1,35,33,291,0,0,0,0,0,0,0,0,0
224631,4,bully,3543,1,33,3764871,291,580,1746,3480,1,1,221088,3543,0,34,0,0,0,NORMAL,0,3,2,3,102,291,0,580,0,0,0,0,0,0,0
224697,24,bully,3610,1,33,3767060,291,0,1746,0,1,24,221087,3610,0,34,0,0,0,LEADER,1,4,1,27,33,291,0,0,0,0,0,0,0,0,0
224392,20,bully,3304,1,33,3756984,291,0,1746,0,1,20,221088,3304,0,34,0,0,0,LEADER,1,4,1,23,33,291,0,0,0,0,0,0,0,0,0
224038,38,bully,2950,1,33,3745302,291,0,1746,0,1,38,221088,2950,0,34,0,0,0,LEADER,1,4,1,41,33,291,0,0,0,0,0,0,0,0,0
224675,23,bully,3585,1,33,3766277,291,0,1746,0,1,23,221090,3585,0,34,0,0,0,LEADER,1,4,1,26,33,291,0,0,0,0,0,0,0,0,0
224495,7,bully,3407,1,33,3760383,291,584,1746,3504,2,1,221088,3407,0,34,0,0,0,NORMAL,0,3,2,3,106,291,0,584,0,0,0,0,0,0,0
224628,47,bully,3540,1,33,3764772,291,0,1746,0,1,47,221088,3540,0,34,0,0,0,LEADER,1,4,1,50,33,291,0,0,0,0,0,0,0,0,0
224481,39,bully,3392,1,33,3759912,291,0,1746,0,1,39,221089,3392,0,34,0,0,0,LEADER,1,4,1,42,33,291,0,0,0,0,0,0,0,0,0
224638,15,bully,3555,1,33,3765209,291,286,1746,1716,2,1,221083,3555,0,34,0,0,0,NORMAL,0,3,2,3,117,291,0,286,0,0,0,0,0,0,0
224513,49,bully,3425,1,33,3760977,291,0,1746,0,1,49,221088,3425,0,34,0,0,0,LEADER,1,4,1,52,33,291,0,0,0,0,0,0,0,0,0
224296,1,bully,3216,1,33,3753969,291,584,1746,3504,1,1,221080,3216,0,34,0,0,0,LEADER,1,4,1,4,33,291,0,584,0,0,0,0,0,0,0
224454,40,bully,3371,1,33,3759101,291,0,1746,0,1,40,221083,3371,0,34,0,0,0,LEADER,1,4,1,43,33,291,0,0,0,0,0,0,0,0,0
224663,14,bully,3577,1,33,3765954,291,291,1746,1746,2,1,221086,3577,0,34,0,0,0,NORMAL,0,3,2,3,106,291,0,291,0,0,0,0,0,0,0
224766,44,bully,3677,1,33,3769299,291,0,1746,0,1,44,221089,3677,0,34,0,0,0,LEADER,1,4,1,47,33,291,0,0,0,0,0,0,0,0,0
224780,12,bully,3692,1,33,3769788,291,292,1746,1752,1,1,221088,3692,0,34,0,0,0,NORMAL,0,3,2,3,102,291,0,292,0,0,0,0,0,0,0
224731,34,bully,3643,1,33,3768171,291,0,1746,0,1,34,221088,3643,0,34,0,0,0,LEADER,1,4,1,37,33,291,0,0,0,0,0,0,0,0,0
226274,18,bully,2883,1,33,3743091,294,0,1764,0,1,18,223391,2883,0,34,0,0,0,LEADER,1,4,1,24,33,294,0,0,0,0,0,0,0,0,0
226219,9,bully,2828,1,33,3741276,294,292,1764,1752,1,1,223391,2828,0,34,0,0,0,NORMAL,0,3,1,6,99,294,0,292,0,0,0,0,0,0,0
226372,13,bully,2983,1,33,3746380,294,291,1764,1746,2,1,223389,2983,0,34,0,0,0,NORMAL,0,3,1,6,105,294,0,291,0,0,0,0,0,0,0
226444,25,bully,3053,1,33,3748701,294,0,1764,0,1,25,223391,3053,0,34,0,0,0,LEADER,1,4,1,31,33,294,0,0,0,0,0,0,0,0,0
226448,36,bully,3065,1,33,3748937,294,0,1764,0,1,36,223383,3065,0,34,0,0,0,LEADER,1,4,1,42,33,294,0,0,0,0,0,0,0,0,0
226286,29,bully,2895,1,33,3743487,294,0,1764,0,1,29,223391,2895,0,34,0,0,0,LEADER,1,4,1,35,33,294,0,0,0,0,0,0,0,0,0
226469,35,bully,3086,1,33,3749689,294,0,1764,0,1,35,223383,3086,0,34,0,0,0,LEADER,1,4,1,41,33,294,0,0,0,0,0,0,0,0,0
226352,6,bully,2965,1,33,3745730,294,586,1764,3516,2,1,223387,2965,0,34,0,0,0,NORMAL,0,3,1,6,105,294,0,586,0,0,0,0,0,0,0
226524,48,bully,3133,1,33,3751341,294,0,1764,0,1,48,223391,3133,0,34,0,0,0,LEADER,1,4,1,54,33,294,0,0,0,0,0,0,0,0,0
226258,50,bully,2868,1,33,3742580,294,0,1764,0,1,50,223390,2868,0,34,0,0,0,LEADER,1,4,1,56,33,294,0,0,0,0,0,0,0,0,0
226200,41,bully,2813,1,33,3740673,294,0,1764,0,1,41,223387,2813,0,34,0,0,0,LEADER,1,4,1,47,33,294,0,0,0,0,0,0,0,0,0
226661,10,bully,3271,1,33,3755893,294,293,1764,1758,1,1,223390,3271,0,34,0,0,0,NORMAL,0,3,1,6,101,294,0,293,0,0,0,0,0,0,0
226493,3,bully,3101,1,33,3750299,294,586,1764,3516,1,1,223392,3101,0,34,0,0,0,NORMAL,0,3,1,6,101,294,0,586,0,0,0,0,0,0,0
226104,11,bully,2713,1,33,3737481,294,286,1764,1716,1,1,223391,2713,0,34,0,0,0,NORMAL,0,3,1,5,134,294,0,286,0,0,0,0,0,0,0
226510,45,bully,3119,1,33,3750879,294,0,1764,0,1,45,223391,3119,0,34,0,0,0,LEADER,1,4,1,51,33,294,0,0,0,0,0,0,0,0,0
226647,42,bully,3256,1,33,3755400,294,0,1764,0,1,42,223391,3256,0,34,0,0,0,LEADER,1,4,1,48,33,294,0,0,0,0,0,0,0,0,0
226613,46,bully,3222,1,33,3754278,294,0,1764,0,1,46,223391,3222,0,34,0,0,0,LEADER,1,4,1,52,33,294,0,0,0,0,0,0,0,0,0
226171,31,bully,2780,1,33,3739692,294,0,1764,0,1,31,223391,2780,0,34,0,0,0,LEADER,1,4,1,37,33,294,0,0,0,0,0,0,0,0,0
226777,8,bully,3386,1,33,3759690,294,293,1764,1758,2,1,223391,3386,0,34,0,0,0,NORMAL,0,3,1,6,107,294,0,293,0,0,0,0,0,0,0
226422,26,bully,3031,1,33,3747975,294,0,1764,0,1,26,223391,3031,0,34,0,0,0,LEADER,1,4,1,32,33,294,0,0,0,0,0,0,0,0,0
226830,17,bully,3440,1,33,3761461,294,0,1764,0,1,17,223390,3440,0,34,0,0,0,LEADER,1,4,1,23,33,294,0,0,0,0,0,0,0,0,0
226728,30,bully,3337,1,33,3758073,294,0,1764,0,1,30,223391,3337,0,34,0,0,0,LEADER,1,4,1,36,33,294,0,0,0,0,0,0,0,0,0
226913,5,bully,3522,1,33,3764178,294,587,1764,3522,2,1,223391,3522,0,34,0,0,0,NORMAL,0,3,1,6,103,294,0,587,0,0,0,0,0,0,0
226559,2,bully,3168,1,33,3752496,294,584,1764,3504,1,1,223391,3168,0,34,0,0,0,NORMAL,0,3,1,6,99,294,0,584,0,0,0,0,0,0,0
226307,28,bully,2916,1,33,3744180,294,0,1764,0,1,28,223391,2916,0,34,0,0,0,LEADER,1,4,1,34,33,294,0,0,0,0,0,0,0,0,0
226859,27,bully,3473,1,33,3762547,294,0,1764,0,1,27,223386,3473,0,34,0,0,0,LEADER,1,4,1,33,33,294,0,0,0,0,0,0,0,0,0
226898,37,bully,3507,1,33,3763683,294,0,1764,0,1,37,223391,3507,0,34,0,0,0,LEADER,1,4,1,43,33,294,0,0,0,0,0,0,0,0,0
226245,19,bully,2861,1,33,3742258,294,0,1764,0,1,19,223384,2861,0,34,0,0,0,LEADER,1,4,1,25,33,294,0,0,0,0,0,0,0,0,0
226115,22,bully,2725,1,33,3737869,294,0,1764,0,1,22,223390,2725,0,34,0,0,0,LEADER,1,4,1,28,33,294,0,0,0,0,0,0,0,0,0
226128,21,bully,2747,1,33,3738429,294,0,1764,0,1,21,223381,2747,0,34,0,0,0,LEADER,1,4,1,27,33,294,0,0,0,0,0,0,0,0,0
226592,33,bully,3201,1,33,3753585,294,0,1764,0,1,33,223391,3201,0,34,0,0,0,LEADER,1,4,1,39,33,294,0,0,0,0,0,0,0,0,0
226625,43,bully,3234,1,33,3754674,294,0,1764,0,1,43,223391,3234,0,34,0,0,0,LEADER,1,4,1,49,33,294,0,0,0,0,0,0,0,0,0
226389,16,bully,2998,1,33,3746886,294,295,1764,1770,2,1,223391,2998,0,34,0,0,0,NORMAL,0,3,1,6,108,294,0,295,0,0,0,0,0,0,0
226893,32,bully,3502,1,33,3763518,294,0,1764,0,1,32,223391,3502,0,34,0,0,0,LEADER,1,4,1,38,33,294,0,0,0,0,0,0,0,0,0
226934,4,bully,3543,1,33,3764871,294,586,1764,3516,1,1,223391,3543,0,34,0,0,0,NORMAL,0,3,1,6,102,294,0,586,0,0,0,0,0,0,0
227000,24,bully,3610,1,33,3767060,294,0,1764,0,1,24,223390,3610,0,34,0,0,0,LEADER,1,4,1,30,33,294,0,0,0,0,0,0,0,0,0
226695,20,bully,3304,1,33,3756984,294,0,1764,0,1,20,223391,3304,0,34,0,0,0,LEADER,1,4,1,26,33,294,0,0,0,0,0,0,0,0,0
226341,38,bully,2950,1,33,3745302,294,0,1764,0,1,38,223391,2950,0,34,0,0,0,LEADER,1,4,1,44,33,294,0,0,0,0,0,0,0,0,0
226978,23,bully,3585,1,33,3766277,294,0,1764,0,1,23,223393,3585,0,34,0,0,0,LEADER,1,4,1,29,33,294,0,0,0,0,0,0,0,0,0
226798,7,bully,3407,1,33,3760383,294,590,1764,3540,2,1,223391,3407,0,34,0,0,0,NORMAL,0,3,1,6,106,294,0,590,0,0,0,0,0,0,0
226931,47,bully,3540,1,33,3764772,294,0,1764,0,1,47,223391,3540,0,34,0,0,0,LEADER,1,4,1,53,33,294,0,0,0,0,0,0,0,0,0
226784,39,bully,3392,1,33,3759912,294,0,1764,0,1,39,223392,3392,0,34,0,0,0,LEADER,1,4,1,45,33,294,0,0,0,0,0,0,0,0,0
226941,15,bully,3555,1,33,3765209,294,289,1764,1734,2,1,223386,3555,0,34,0,0,0,NORMAL,0,3,1,6,117,294,0,289,0,0,0,0,0,0,0
226816,49,bully,3425,1,33,3760977,294,0,1764,0,1,49,223391,3425,0,34,0,0,0,LEADER,1,4,1,55,33,294,0,0,0,0,0,0,0,0,0
226599,1,bully,3216,1,33,3753969,294,590,1764,3540,1,1,223383,3216,0,34,0,0,0,LEADER,1,4,1,7,33,294,0,590,0,0,0,0,0,0,0
226757,40,bully,3371,1,33,3759101,294,0,1764,0,1,40,223386,3371,0,34,0,0,0,LEADER,1,4,1,46,33,294,0,0,0,0,0,0,0,0,0
226966,14,bully,3577,1,33,3765954,294,294,1764,1764,2,1,223389,3577,0,34,0,0,0,NORMAL,0,3,1,6,106,294,0,294,0,0,0,0,0,0,0
227069,44,bully,3677,1,33,3769299,294,0,1764,0,1,44,223392,3677,0,34,0,0,0,LEADER,1,4,1,50,33,294,0,0,0,0,0,0,0,0,0
227083,12,bully,3692,1,33,3769788,294,295,1764,1770,1,1,223391,3692,0,34,0,0,0,NORMAL,0,3,1,6,102,294,0,295,0,0,0,0,0,0,0
227034,34,bully,3643,1,33,3768171,294,0,1764,0,1,34,223391,3643,0,34,0,0,0,LEADER,1,4,1,40,33,294,0,0,0,0,0,0,0,0,0
228577,18,bully,2883,1,33,3743091,297,0,1782,0,1,18,225694,2883,0,34,0,0,0,LEADER,1,4,1,27,33,297,0,0,0,0,0,0,0,0,0
228522,9,bully,2828,1,33,3741276,297,295,1782,1770,1,1,225694,2828,0,34,0,0,0,NORMAL,0,3,1,9,99,297,0,295,0,0,0,0,0,0,0
228675,13,bully,2983,1,33,3746380,297,294,1782,1764,2,1,225692,2983,0,34,0,0,0,NORMAL,0,3,1,9,105,297,0,294,0,0,0,0,0,0,0
228747,25,bully,3053,1,33,3748701,297,0,1782,0,1,25,225694,3053,0,34,0,0,0,LEADER,1,4,1,34,33,297,0,0,0,0,0,0,0,0,0
228751,36,bully,3065,1,33,3748937,297,0,1782,0,1,36,225686,3065,0,34,0,0,0,LEADER,1,4,1,45,33,297,0,0,0,0,0,0,0,0,0
228589,29,bully,2895,1,33,3743487,297,0,1782,0,1,29,225694,2895,0,34,0,0,0,LEADER,1,4,1,38,33,297,0,0,0,0,0,0,0,0,0
228772,35,bully,3086,1,33,3749689,297,0,1782,0,1,35,225686,3086,0,34,0,0,0,LEADER,1,4,1,44,33,297,0,0,0,0,0,0,0,0,0
228655,6,bully,2965,1,33,3745730,297,592,1782,3552,2,1,225690,2965,0,34,0,0,0,NORMAL,0,3,1,9,105,297,0,592,0,0,0,0,0,0,0
228827,48,bully,3133,1,33,3751341,297,0,1782,0,1,48,225694,3133,0,34,0,0,0,LEADER,1,4,1,57,33,297,0,0,0,0,0,0,0,0,0
228561,50,bully,2868,1,33,3742580,297,0,1782,0,1,50,225693,2868,0,34,0,0,0,LEADER,1,4,1,59,33,297,0,0,0,0,0,0,0,0,0
228503,41,bully,2813,1,33,3740673,297,0,1782,0,1,41,225690,2813,0,34,0,0,0,LEADER,1,4,1,50,33,297,0,0,0,0,0,0,0,0,0
228964,10,bully,3271,1,33,3755893,297,296,1782,1776,1,1,225693,3271,0,34,0,0,0,NORMAL,0,3,1,9,101,297,0,296,0,0,0,0,0,0,0
228796,3,bully,3101,1,33,3750299,297,592,1782,3552,1,1,225695,3101,0,34,0,0,0,NORMAL,0,3,1,9,101,297,0,592,0,0,0,0,0,0,0
228407,11,bully,2713,1,33,3737481,297,289,1782,1734,1,1,225694,2713,0,34,0,0,0,NORMAL,0,3,1,8,134,297,0,289,0,0,0,0,0,0,0
228813,45,bully,3119,1,33,3750879,297,0,1782,0,1,45,225694,3119,0,34,0,0,0,LEADER,1,4,1,54,33,297,0,0,0,0,0,0,0,0,0
228950,42,bully,3256,1,33,3755400,297,0,1782,0,1,42,225694,3256,0,34,0,0,0,LEADER,1,4,1,51,33,297,0,0,0,0,0,0,0,0,0
228916,46,bully,3222,1,33,3754278,297,0,1782,0,1,46,225694,3222,0,34,0,0,0,LEADER,1,4,1,55,33,297,0,0,0,0,0,0,0,0,0
228474,31,bully,2780,1,33,3739692,297,0,1782,0,1,31,225694,2780,0,34,0,0,0,LEADER,1,4,1,40,33,297,0,0,0,0,0,0,0,0,0
229080,8,bully,3386,1,33,3759690,297,296,1782,1776,2,1,225694,3386,0,34,0,0,0,NORMAL,0,3,1,9,107,297,0,296,0,0,0,0,0,0,0
228725,26,bully,3031,1,33,3747975,297,0,1782,0,1,26,225694,3031,0,34,0,0,0,LEADER,1,4,1,35,33,297,0,0,0,0,0,0,0,0,0
229133,17,bully,3440,1,33,3761461,297,0,1782,0,1,17,225693,3440,0,34,0,0,0,LEADER,1,4,1,26,33,297,0,0,0,0,0,0,0,0,0
229031,30,bully,3337,1,33,3758073,297,0,1782,0,1,30,225694,3337,0,34,0,0,0,LEADER,1,4,1,39,33,297,0,0,0,0,0,0,0,0,0
229216,5,bully,3522,1,33,3764178,297,593,1782,3558,2,1,225694,3522,0,34,0,0,0,NORMAL,0,3,1,9,103,297,0,593,0,0,0,0,0,0,0
228862,2,bully,3168,1,33,3752496,297,590,1782,3540,1,1,225694,3168,0,34,0,0,0,NORMAL,0,3,1,9,99,297,0,590,0,0,0,0,0,0,0
228610,28,bully,2916,1,33,3744180,297,0,1782,0,1,28,225694,2916,0,34,0,0,0,LEADER,1,4,1,37,33,297,0,0,0,0,0,0,0,0,0
229162,27,bully,3473,1,33,3762547,297,0,1782,0,1,27,225689,3473,0,34,0,0,0,LEADER,1,4,1,36,33,297,0,0,0,0,0,0,0,0,0
229201,37,bully,3507,1,33,3763683,297,0,1782,0,1,37,225694,3507,0,34,0,0,0,LEADER,1,4,1,46,33,297,0,0,0,0,0,0,0,0,0
228548,19,bully,2861,1,33,3742258,297,0,1782,0,1,19,225687,2861,0,34,0,0,0,LEADER,1,4,1,28,33,297,0,0,0,0,0,0,0,0,0
228418,22,bully,2725,1,33,3737869,297,0,1782,0,1,22,225693,2725,0,34,0,0,0,LEADER,1,4,1,31,33,297,0,0,0,0,0,0,0,0,0
228431,21,bully,2747,1,33,3738429,297,0,1782,0,1,21,225684,2747,0,34,0,0,0,LEADER,1,4,1,30,33,297,0,0,0,0,0,0,0,0,0
228895,33,bully,3201,1,33,3753585,297,0,1782,0,1,33,225694,3201,0,34,0,0,0,LEADER,1,4,1,42,33,297,0,0,0,0,0,0,0,0,0
228928,43,bully,3234,1,33,3754674,297,0,1782,0,1,43,225694,3234,0,34,0,0,0,LEADER,1,4,1,52,33,297,0,0,0,0,0,0,0,0,0
228692,16,bully,2998,1,33,3746886,297,298,1782,1788,2,1,225694,2998,0,34,0,0,0,NORMAL,0,3,1,9,108,297,0,298,0,0,0,0,0,0,0
229196,32,bully,3502,1,33,3763518,297,0,1782,0,1,32,225694,3502,0,34,0,0,0,LEADER,1,4,1,41,33,297,0,0,0,0,0,0,0,0,0
229237,4,bully,3543,1,33,3764871,297,592,1782,3552,1,1,225694,3543,0,34,0,0,0,NORMAL,0,3,1,9,102,297,0,592,0,0,0,0,0,0,0
229303,24,bully,3610,1,33,3767060,297,0,1782,0,1,24,225693,3610,0,34,0,0,0,LEADER,1,4,1,33,33,297,0,0,0,0,0,0,0,0,0
228998,20,bully,3304,1,33,3756984,297,0,1782,0,1,20,225694,3304,0,34,0,0,0,LEADER,1,4,1,29,33,297,0,0,0,0,0,0,0,0,0
228644,38,bully,2950,1,33,3745302,297,0,1782,0,1,38,225694,2950,0,34,0,0,0,LEADER,1,4,1,47,33,297,0,0,0,0,0,0,0,0,0
229281,23,bully,3585,1,33,3766277,297,0,1782,0,1,23,225696,3585,0,34,0,0,0,LEADER,1,4,1,32,33,297,0,0,0,0,0,0,0,0,0
229101,7,bully,3407,1,33,3760383,297,596,1782,3576,2,1,225694,3407,0,34,0,0,0,NORMAL,0,3,1,9,106,297,0,596,0,0,0,0,0,0,0
229234,47,bully,3540,1,33,3764772,297,0,1782,0,1,47,225694,3540,0,34,0,0,0,LEADER,1,4,1,56,33,297,0,0,0,0,0,0,0,0,0
229087,39,bully,3392,1,33,3759912,297,0,1782,0,1,39,225695,3392,0,34,0,0,0,LEADER,1,4,1,48,33,297,0,0,0,0,0,0,0,0,0
229244,15,bully,3555,1,33,3765209,297,292,1782,1752,2,1,225689,3555,0,34,0,0,0,NORMAL,0,3,1,9,117,297,0,292,0,0,0,0,0,0,0
229119,49,bully,3425,1,33,3760977,297,0,1782,0,1,49,225694,3425,0,34,0,0,0,LEADER,1,4,1,58,33,297,0,0,0,0,0,0,0,0,0
228902,1,bully,3216,1,33,3753969,297,596,1782,3576,1,1,225686,3216,0,34,0,0,0,LEADER,1,4,1,10,33,297,0,596,0,0,0,0,0,0,0
229060,40,bully,3371,1,33,3759101,297,0,1782,0,1,40,225689,3371,0,34,0,0,0,LEADER,1,4,1,49,33,297,0,0,0,0,0,0,0,0,0
229269,14,bully,3577,1,33,3765954,297,297,1782,1782,2,1,225692,3577,0,34,0,0,0,NORMAL,0,3,1,9,106,297,0,297,0,0,0,0,0,0,0
229372,44,bully,3677,1,33,3769299,297,0,1782,0,1,44,225695,3677,0,34,0,0,0,LEADER,1,4,1,53,33,297,0,0,0,0,0,0,0,0,0
229386,12,bully,3692,1,33,3769788,297,298,1782,1788,1,1,225694,3692,0,34,0,0,0,NORMAL,0,3,1,9,102,297,0,298,0,0,0,0,0,0,0
229337,34,bully,3643,1,33,3768171,297,0,1782,0,1,34,225694,3643,0,34,0,0,0,LEADER,1,4,1,43,33,297,0,0,0,0,0,0,0,0,0
230880,18,bully,2883,1,34,3973971,300,0,1800,0,1,18,227997,2883,0,35,0,0,0,LEADER,1,4,1,21,34,300,0,0,0,0,0,0,0,0,0
230825,9,bully,2828,1,34,3972101,300,298,1800,1788,1,1,227997,2828,0,35,0,0,0,NORMAL,0,3,2,3,102,300,0,298,0,0,0,0,0,0,0
230978,13,bully,2983,1,34,3977358,300,297,1800,1782,2,1,227995,2983,0,35,0,0,0,NORMAL,0,3,2,3,108,300,0,297,0,0,0,0,0,0,0
231050,25,bully,3053,1,34,3979751,300,0,1800,0,1,25,227997,3053,0,35,0,0,0,LEADER,1,4,1,28,34,300,0,0,0,0,0,0,0,0,0
231054,36,bully,3065,1,34,3979991,300,0,1800,0,1,36,227989,3065,0,35,0,0,0,LEADER,1,4,1,39,34,300,0,0,0,0,0,0,0,0,0
230892,29,bully,2895,1,34,3974379,300,0,1800,0,1,29,227997,2895,0,35,0,0,0,LEADER,1,4,1,32,34,300,0,0,0,0,0,0,0,0,0
231075,35,bully,3086,1,34,3980764,300,0,1800,0,1,35,227989,3086,0,35,0,0,0,LEADER,1,4,1,38,34,300,0,0,0,0,0,0,0,0,0
230958,6,bully,2965,1,34,3976688,300,598,1800,3588,2,1,227993,2965,0,35,0,0,0,NORMAL,0,3,2,3,108,300,0,598,0,0,0,0,0,0,0
231130,48,bully,3133,1,34,3982471,300,0,1800,0,1,48,227997,3133,0,35,0,0,0,LEADER,1,4,1,51,34,300,0,0,0,0,0,0,0,0,0
230864,50,bully,2868,1,34,3973444,300,0,1800,0,1,50,227996,2868,0,35,0,0,0,LEADER,1,4,1,53,34,300,0,0,0,0,0,0,0,0,0
231267,10,bully,3271,1,34,3987160,300,299,1800,1794,1,1,227996,3271,0,35,0,0,0,NORMAL,0,3,2,3,104,300,0,299,0,0,0,0,0,0,0
230806,41,bully,2813,1,34,3971479,300,0,1800,0,1,41,227993,2813,0,35,0,0,0,LEADER,1,4,1,44,34,300,0,0,0,0,0,0,0,0,0
231099,3,bully,3101,1,34,3981398,300,598,1800,3588,1,1,227998,3101,0,35,0,0,0,NORMAL,0,3,2,3,104,300,0,598,0,0,0,0,0,0,0
230710,11,bully,2713,1,34,3968191,300,292,1800,1752,1,1,227997,2713,0,35,0,0,0,NORMAL,0,3,2,3,138,300,0,292,0,0,0,0,0,0,0
231116,45,bully,3119,1,34,3981995,300,0,1800,0,1,45,227997,3119,0,35,0,0,0,LEADER,1,4,1,48,34,300,0,0,0,0,0,0,0,0,0
231253,42,bully,3256,1,34,3986653,300,0,1800,0,1,42,227997,3256,0,35,0,0,0,LEADER,1,4,1,45,34,300,0,0,0,0,0,0,0,0,0
231219,46,bully,3222,1,34,3985497,300,0,1800,0,1,46,227997,3222,0,35,0,0,0,LEADER,1,4,1,49,34,300,0,0,0,0,0,0,0,0,0
230777,31,bully,2780,1,34,3970469,300,0,1800,0,1,31,227997,2780,0,35,0,0,0,LEADER,1,4,1,34,34,300,0,0,0,0,0,0,0,0,0
231383,8,bully,3386,1,34,3991073,300,299,1800,1794,2,1,227997,3386,0,35,0,0,0,NORMAL,0,3,2,3,110,300,0,299,0,0,0,0,0,0,0
231028,26,bully,3031,1,34,3979003,300,0,1800,0,1,26,227997,3031,0,35,0,0,0,LEADER,1,4,1,29,34,300,0,0,0,0,0,0,0,0,0
231436,17,bully,3440,1,34,3992897,300,0,1800,0,1,17,227996,3440,0,35,0,0,0,LEADER,1,4,1,20,34,300,0,0,0,0,0,0,0,0,0
231334,30,bully,3337,1,34,3989407,300,0,1800,0,1,30,227997,3337,0,35,0,0,0,LEADER,1,4,1,33,34,300,0,0,0,0,0,0,0,0,0
231519,5,bully,3522,1,34,3995697,300,599,1800,3594,2,1,227997,3522,0,35,0,0,0,NORMAL,0,3,2,3,106,300,0,599,0,0,0,0,0,0,0
231165,2,bully,3168,1,34,3983661,300,596,1800,3576,1,1,227997,3168,0,35,0,0,0,NORMAL,0,3,2,3,102,300,0,596,0,0,0,0,0,0,0
230913,28,bully,2916,1,34,3975093,300,0,1800,0,1,28,227997,2916,0,35,0,0,0,LEADER,1,4,1,31,34,300,0,0,0,0,0,0,0,0,0
231465,27,bully,3473,1,34,3994012,300,0,1800,0,1,27,227992,3473,0,35,0,0,0,LEADER,1,4,1,30,34,300,0,0,0,0,0,0,0,0,0
231504,37,bully,3507,1,34,3995187,300,0,1800,0,1,37,227997,3507,0,35,0,0,0,LEADER,1,4,1,40,34,300,0,0,0,0,0,0,0,0,0
230851,19,bully,2861,1,34,3973109,300,0,1800,0,1,19,227990,2861,0,35,0,0,0,LEADER,1,4,1,22,34,300,0,0,0,0,0,0,0,0,0
230721,22,bully,2725,1,34,3968590,300,0,1800,0,1,22,227996,2725,0,35,0,0,0,LEADER,1,4,1,25,34,300,0,0,0,0,0,0,0,0,0
230734,21,bully,2747,1,34,3969163,300,0,1800,0,1,21,227987,2747,0,35,0,0,0,LEADER,1,4,1,24,34,300,0,0,0,0,0,0,0,0,0
231198,33,bully,3201,1,34,3984783,300,0,1800,0,1,33,227997,3201,0,35,0,0,0,LEADER,1,4,1,36,34,300,0,0,0,0,0,0,0,0,0
231231,43,bully,3234,1,34,3985905,300,0,1800,0,1,43,227997,3234,0,35,0,0,0,LEADER,1,4,1,46,34,300,0,0,0,0,0,0,0,0,0
230995,16,bully,2998,1,34,3977881,300,301,1800,1806,2,1,227997,2998,0,35,0,0,0,NORMAL,0,3,2,3,111,300,0,301,0,0,0,0,0,0,0
231499,32,bully,3502,1,34,3995017,300,0,1800,0,1,32,227997,3502,0,35,0,0,0,LEADER,1,4,1,35,34,300,0,0,0,0,0,0,0,0,0
231540,4,bully,3543,1,34,3996411,300,598,1800,3588,1,1,227997,3543,0,35,0,0,0,NORMAL,0,3,2,3,105,300,0,598,0,0,0,0,0,0,0
231606,24,bully,3610,1,34,3998666,300,0,1800,0,1,24,227996,3610,0,35,0,0,0,LEADER,1,4,1,27,34,300,0,0,0,0,0,0,0,0,0
231301,20,bully,3304,1,34,3988285,300,0,1800,0,1,20,227997,3304,0,35,0,0,0,LEADER,1,4,1,23,34,300,0,0,0,0,0,0,0,0,0
230947,38,bully,2950,1,34,3976249,300,0,1800,0,1,38,227997,2950,0,35,0,0,0,LEADER,1,4,1,41,34,300,0,0,0,0,0,0,0,0,0
231584,23,bully,3585,1,34,3997861,300,0,1800,0,1,23,227999,3585,0,35,0,0,0,LEADER,1,4,1,26,34,300,0,0,0,0,0,0,0,0,0
231404,7,bully,3407,1,34,3991787,300,602,1800,3612,2,1,227997,3407,0,35,0,0,0,NORMAL,0,3,2,3,109,300,0,602,0,0,0,0,0,0,0
231537,47,bully,3540,1,34,3996309,300,0,1800,0,1,47,227997,3540,0,35,0,0,0,LEADER,1,4,1,50,34,300,0,0,0,0,0,0,0,0,0
231390,39,bully,3392,1,34,3991302,300,0,1800,0,1,39,227998,3392,0,35,0,0,0,LEADER,1,4,1,42,34,300,0,0,0,0,0,0,0,0,0
231547,15,bully,3555,1,34,3996756,300,296,1800,1776,2,1,227992,3555,0,35,0,0,0,NORMAL,0,3,2,3,121,300,0,296,0,0,0,0,0,0,0
231422,49,bully,3425,1,34,3992399,300,0,1800,0,1,49,227997,3425,0,35,0,0,0,LEADER,1,4,1,52,34,300,0,0,0,0,0,0,0,0,0
231205,1,bully,3216,1,34,3985174,300,601,1800,3606,1,1,227989,3216,0,35,0,0,0,LEADER,1,4,1,4,34,300,0,601,0,0,0,0,0,0,0
231363,40,bully,3371,1,34,3990464,300,0,1800,0,1,40,227992,3371,0,35,0,0,0,LEADER,1,4,1,43,34,300,0,0,0,0,0,0,0,0,0
231572,14,bully,3577,1,34,3997526,300,300,1800,1800,2,1,227995,3577,0,35,0,0,0,NORMAL,0,3,2,3,109,300,0,300,0,0,0,0,0,0,0
231675,44,bully,3677,1,34,4000974,300,0,1800,0,1,44,227998,3677,0,35,0,0,0,LEADER,1,4,1,47,34,300,0,0,0,0,0,0,0,0,0
231689,12,bully,3692,1,34,4001477,300,301,1800,1806,1,1,227997,3692,0,35,0,0,0,NORMAL,0,3,2,3,105,300,0,301,0,0,0,0,0,0,0
231640,34,bully,3643,1,34,3999811,300,0,1800,0,1,34,227997,3643,0,35,0,0,0,LEADER,1,4,1,37,34,300,0,0,0,0,0,0,0,0,0
233183,18,bully,2883,1,34,3973971,303,0,1818,0,1,18,230300,2883,0,35,0,0,0,LEADER,1,4,1,24,34,303,0,0,0,0,0,0,0,0,0
233128,9,bully,2828,1,34,3972101,303,301,1818,1806,1,1,230300,2828,0,35,0,0,0,NORMAL,0,3,1,6,102,303,0,301,0,0,0,0,0,0,0
233281,13,bully,2983,1,34,3977358,303,300,1818,1800,2,1,230298,2983,0,35,0,0,0,NORMAL,0,3,1,6,108,303,0,300,0,0,0,0,0,0,0
233353,25,bully,3053,1,34,3979751,303,0,1818,0,1,25,230300,3053,0,35,0,0,0,LEADER,1,4,1,31,34,303,0,0,0,0,0,0,0,0,0
233358,36,bully,3065,1,34,3979991,303,0,1818,0,1,36,230293,3065,0,35,0,0,0,LEADER,1,4,1,42,34,303,0,0,0,0,0,0,0,0,0
233195,29,bully,2895,1,34,3974379,303,0,1818,0,1,29,230300,2895,0,35,0,0,0,LEADER,1,4,1,35,34,303,0,0,0,0,0,0,0,0,0
233378,35,bully,3086,1,34,3980764,303,0,1818,0,1,35,230292,3086,0,35,0,0,0,LEADER,1,4,1,41,34,303,0,0,0,0,0,0,0,0,0
233261,6,bully,2965,1,34,3976688,303,604,1818,3624,2,1,230296,2965,0,35,0,0,0,NORMAL,0,3,1,6,108,303,0,604,0,0,0,0,0,0,0
233433,48,bully,3133,1,34,3982471,303,0,1818,0,1,48,230300,3133,0,35,0,0,0,LEADER,1,4,1,54,34,303,0,0,0,0,0,0,0,0,0
233167,50,bully,2868,1,34,3973444,303,0,1818,0,1,50,230299,2868,0,35,0,0,0,LEADER,1,4,1,56,34,303,0,0,0,0,0,0,0,0,0
233570,10,bully,3271,1,34,3987160,303,302,1818,1812,1,1,230299,3271,0,35,0,0,0,NORMAL,0,3,1,6,104,303,0,302,0,0,0,0,0,0,0
233109,41,bully,2813,1,34,3971479,303,0,1818,0,1,41,230296,2813,0,35,0,0,0,LEADER,1,4,1,47,34,303,0,0,0,0,0,0,0,0,0
233402,3,bully,3101,1,34,3981398,303,604,1818,3624,1,1,230301,3101,0,35,0,0,0,NORMAL,0,3,1,6,104,303,0,604,0,0,0,0,0,0,0
233013,11,bully,2713,1,34,3968191,303,295,1818,1770,1,1,230300,2713,0,35,0,0,0,NORMAL,0,3,1,6,138,303,0,295,0,0,0,0,0,0,0
233419,45,bully,3119,1,34,3981995,303,0,1818,0,1,45,230300,3119,0,35,0,0,0,LEADER,1,4,1,51,34,303,0,0,0,0,0,0,0,0,0
233556,42,bully,3256,1,34,3986653,303,0,1818,0,1,42,230300,3256,0,35,0,0,0,LEADER,1,4,1,48,34,303,0,0,0,0,0,0,0,0,0
233522,46,bully,3222,1,34,3985497,303,0,1818,0,1,46,230300,3222,0,35,0,0,0,LEADER,1,4,1,52,34,303,0,0,0,0,0,0,0,0,0
233080,31,bully,2780,1,34,3970469,303,0,1818,0,1,31,230300,2780,0,35,0,0,0,LEADER,1,4,1,37,34,303,0,0,0,0,0,0,0,0,0
233686,8,bully,3386,1,34,3991073,303,302,1818,1812,2,1,230300,3386,0,35,0,0,0,NORMAL,0,3,1,6,110,303,0,302,0,0,0,0,0,0,0
233331,26,bully,3031,1,34,3979003,303,0,1818,0,1,26,230300,3031,0,35,0,0,0,LEADER,1,4,1,32,34,303,0,0,0,0,0,0,0,0,0
233739,17,bully,3440,1,34,3992897,303,0,1818,0,1,17,230299,3440,0,35,0,0,0,LEADER,1,4,1,23,34,303,0,0,0,0,0,0,0,0,0
233637,30,bully,3337,1,34,3989407,303,0,1818,0,1,30,230300,3337,0,35,0,0,0,LEADER,1,4,1,36,34,303,0,0,0,0,0,0,0,0,0
233822,5,bully,3522,1,34,3995697,303,605,1818,3630,2,1,230300,3522,0,35,0,0,0,NORMAL,0,3,1,6,106,303,0,605,0,0,0,0,0,0,0
233468,2,bully,3168,1,34,3983661,303,602,1818,3612,1,1,230300,3168,0,35,0,0,0,NORMAL,0,3,1,6,102,303,0,602,0,0,0,0,0,0,0
233216,28,bully,2916,1,34,3975093,303,0,1818,0,1,28,230300,2916,0,35,0,0,0,LEADER,1,4,1,34,34,303,0,0,0,0,0,0,0,0,0
233768,27,bully,3473,1,34,3994012,303,0,1818,0,1,27,230295,3473,0,35,0,0,0,LEADER,1,4,1,33,34,303,0,0,0,0,0,0,0,0,0
233807,37,bully,3507,1,34,3995187,303,0,1818,0,1,37,230300,3507,0,35,0,0,0,LEADER,1,4,1,43,34,303,0,0,0,0,0,0,0,0,0
233154,19,bully,2861,1,34,3973109,303,0,1818,0,1,19,230293,2861,0,35,0,0,0,LEADER,1,4,1,25,34,303,0,0,0,0,0,0,0,0,0
233024,22,bully,2725,1,34,3968590,303,0,1818,0,1,22,230299,2725,0,35,0,0,0,LEADER,1,4,1,28,34,303,0,0,0,0,0,0,0,0,0
233037,21,bully,2747,1,34,3969163,303,0,1818,0,1,21,230290,2747,0,35,0,0,0,LEADER,1,4,1,27,34,303,0,0,0,0,0,0,0,0,0
233501,33,bully,3201,1,34,3984783,303,0,1818,0,1,33,230300,3201,0,35,0,0,0,LEADER,1,4,1,39,34,303,0,0,0,0,0,0,0,0,0
233534,43,bully,3234,1,34,3985905,303,0,1818,0,1,43,230300,3234,0,35,0,0,0,LEADER,1,4,1,49,34,303,0,0,0,0,0,0,0,0,0
233298,16,bully,2998,1,34,3977881,303,304,1818,1824,2,1,230300,2998,0,35,0,0,0,NORMAL,0,3,1,6,111,303,0,304,0,0,0,0,0,0,0
233802,32,bully,3502,1,34,3995017,303,0,1818,0,1,32,230300,3502,0,35,0,0,0,LEADER,1,4,1,38,34,303,0,0,0,0,0,0,0,0,0
233843,4,bully,3543,1,34,3996411,303,604,1818,3624,1,1,230300,3543,0,35,0,0,0,NORMAL,0,3,1,6,105,303,0,604,0,0,0,0,0,0,0
233909,24,bully,3610,1,34,3998666,303,0,1818,0,1,24,230299,3610,0,35,0,0,0,LEADER,1,4,1,30,34,303,0,0,0,0,0,0,0,0,0
233604,20,bully,3304,1,34,3988285,303,0,1818,0,1,20,230300,3304,0,35,0,0,0,LEADER,1,4,1,26,34,303,0,0,0,0,0,0,0,0,0
233250,38,bully,2950,1,34,3976249,303,0,1818,0,1,38,230300,2950,0,35,0,0,0,LEADER,1,4,1,44,34,303,0,0,0,0,0,0,0,0,0
233887,23,bully,3585,1,34,3997861,303,0,1818,0,1,23,230302,3585,0,35,0,0,0,LEADER,1,4,1,29,34,303,0,0,0,0,0,0,0,0,0
233707,7,bully,3407,1,34,3991787,303,608,1818,3648,2,1,230300,3407,0,35,0,0,0,NORMAL,0,3,1,6,109,303,0,608,0,0,0,0,0,0,0
233840,47,bully,3540,1,34,3996309,303,0,1818,0,1,47,230300,3540,0,35,0,0,0,LEADER,1,4,1,53,34,303,0,0,0,0,0,0,0,0,0
233693,39,bully,3392,1,34,3991302,303,0,1818,0,1,39,230301,3392,0,35,0,0,0,LEADER,1,4,1,45,34,303,0,0,0,0,0,0,0,0,0
233850,15,bully,3555,1,34,3996756,303,298,1818,1788,2,1,230295,3555,0,35,0,0,0,NORMAL,0,3,1,6,121,303,0,298,0,0,0,0,0,0,0
233725,49,bully,3425,1,34,3992399,303,0,1818,0,1,49,230300,3425,0,35,0,0,0,LEADER,1,4,1,55,34,303,0,0,0,0,0,0,0,0,0
233508,1,bully,3216,1,34,3985174,303,607,1818,3642,1,1,230292,3216,0,35,0,0,0,LEADER,1,4,1,7,34,303,0,607,0,0,0,0,0,0,0
233666,40,bully,3371,1,34,3990464,303,0,1818,0,1,40,230295,3371,0,35,0,0,0,LEADER,1,4,1,46,34,303,0,0,0,0,0,0,0,0,0
233875,14,bully,3577,1,34,3997526,303,303,1818,1818,2,1,230298,3577,0,35,0,0,0,NORMAL,0,3,1,6,109,303,0,303,0,0,0,0,0,0,0
233978,44,bully,3677,1,34,4000974,303,0,1818,0,1,44,230301,3677,0,35,0,0,0,LEADER,1,4,1,50,34,303,0,0,0,0,0,0,0,0,0
233992,12,bully,3692,1,34,4001477,303,304,1818,1824,1,1,230300,3692,0,35,0,0,0,NORMAL,0,3,1,6,105,303,0,304,0,0,0,0,0,0,0
233943,34,bully,3643,1,34,3999811,303,0,1818,0,1,34,230300,3643,0,35,0,0,0,LEADER,1,4,1,40,34,303,0,0,0,0,0,0,0,0,0
235486,18,bully,2883,1,34,3973971,306,0,1836,0,1,18,232603,2883,0,35,0,0,0,LEADER,1,4,1,27,34,306,0,0,0,0,0,0,0,0,0
235431,9,bully,2828,1,34,3972101,306,304,1836,1824,1,1,232603,2828,0,35,0,0,0,NORMAL,0,3,1,9,102,306,0,304,0,0,0,0,0,0,0
235584,13,bully,2983,1,34,3977358,306,303,1836,1818,2,1,232601,2983,0,35,0,0,0,NORMAL,0,3,1,9,108,306,0,303,0,0,0,0,0,0,0
235656,25,bully,3053,1,34,3979751,306,0,1836,0,1,25,232603,3053,0,35,0,0,0,LEADER,1,4,1,34,34,306,0,0,0,0,0,0,0,0,0
235661,36,bully,3065,1,34,3979991,306,0,1836,0,1,36,232596,3065,0,35,0,0,0,LEADER,1,4,1,45,34,306,0,0,0,0,0,0,0,0,0
235498,29,bully,2895,1,34,3974379,306,0,1836,0,1,29,232603,2895,0,35,0,0,0,LEADER,1,4,1,38,34,306,0,0,0,0,0,0,0,0,0
235681,35,bully,3086,1,34,3980764,306,0,1836,0,1,35,232595,3086,0,35,0,0,0,LEADER,1,4,1,44,34,306,0,0,0,0,0,0,0,0,0
235564,6,bully,2965,1,34,3976688,306,610,1836,3660,2,1,232599,2965,0,35,0,0,0,NORMAL,0,3,1,9,108,306,0,610,0,0,0,0,0,0,0
235736,48,bully,3133,1,34,3982471,306,0,1836,0,1,48,232603,3133,0,35,0,0,0,LEADER,1,4,1,57,34,306,0,0,0,0,0,0,0,0,0
235470,50,bully,2868,1,34,3973444,306,0,1836,0,1,50,232602,2868,0,35,0,0,0,LEADER,1,4,1,59,34,306,0,0,0,0,0,0,0,0,0
235873,10,bully,3271,1,34,3987160,306,305,1836,1830,1,1,232602,3271,0,35,0,0,0,NORMAL,0,3,1,9,104,306,0,305,0,0,0,0,0,0,0
235412,41,bully,2813,1,34,3971479,306,0,1836,0,1,41,232599,2813,0,35,0,0,0,LEADER,1,4,1,50,34,306,0,0,0,0,0,0,0,0,0
235705,3,bully,3101,1,34,3981398,306,610,1836,3660,1,1,232604,3101,0,35,0,0,0,NORMAL,0,3,1,9,104,306,0,610,0,0,0,0,0,0,0
235316,11,bully,2713,1,34,3968191,306,298,1836,1788,1,1,232603,2713,0,35,0,0,0,NORMAL,0,3,1,9,138,306,0,298,0,0,0,0,0,0,0
235722,45,bully,3119,1,34,3981995,306,0,1836,0,1,45,232603,3119,0,35,0,0,0,LEADER,1,4,1,54,34,306,0,0,0,0,0,0,0,0,0
235859,42,bully,3256,1,34,3986653,306,0,1836,0,1,42,232603,3256,0,35,0,0,0,LEADER,1,4,1,51,34,306,0,0,0,0,0,0,0,0,0
235825,46,bully,3222,1,34,3985497,306,0,1836,0,1,46,232603,3222,0,35,0,0,0,LEADER,1,4,1,55,34,306,0,0,0,0,0,0,0,0,0
235383,31,bully,2780,1,34,3970469,306,0,1836,0,1,31,232603,2780,0,35,0,0,0,LEADER,1,4,1,40,34,306,0,0,0,0,0,0,0,0,0
235989,8,bully,3386,1,34,3991073,306,305,1836,1830,2,1,232603,3386,0,35,0,0,0,NORMAL,0,3,1,9,110,306,0,305,0,0,0,0,0,0,0
235634,26,bully,3031,1,34,3979003,306,0,1836,0,1,26,232603,3031,0,35,0,0,0,LEADER,1,4,1,35,34,306,0,0,0,0,0,0,0,0,0
236042,17,bully,3440,1,34,3992897,306,0,1836,0,1,17,232602,3440,0,35,0,0,0,LEADER,1,4,1,26,34,306,0,0,0,0,0,0,0,0,0
235940,30,bully,3337,1,34,3989407,306,0,1836,0,1,30,232603,3337,0,35,0,0,0,LEADER,1,4,1,39,34,306,0,0,0,0,0,0,0,0,0
236125,5,bully,3522,1,34,3995697,306,611,1836,3666,2,1,232603,3522,0,35,0,0,0,NORMAL,0,3,1,9,106,306,0,611,0,0,0,0,0,0,0
235771,2,bully,3168,1,34,3983661,306,608,1836,3648,1,1,232603,3168,0,35,0,0,0,NORMAL,0,3,1,9,102,306,0,608,0,0,0,0,0,0,0
235519,28,bully,2916,1,34,3975093,306,0,1836,0,1,28,232603,2916,0,35,0,0,0,LEADER,1,4,1,37,34,306,0,0,0,0,0,0,0,0,0
236071,27,bully,3473,1,34,3994012,306,0,1836,0,1,27,232598,3473,0,35,0,0,0,LEADER,1,4,1,36,34,306,0,0,0,0,0,0,0,0,0
236110,37,bully,3507,1,34,3995187,306,0,1836,0,1,37,232603,3507,0,35,0,0,0,LEADER,1,4,1,46,34,306,0,0,0,0,0,0,0,0,0
235457,19,bully,2861,1,34,3973109,306,0,1836,0,1,19,232596,2861,0,35,0,0,0,LEADER,1,4,1,28,34,306,0,0,0,0,0,0,0,0,0
235327,22,bully,2725,1,34,3968590,306,0,1836,0,1,22,232602,2725,0,35,0,0,0,LEADER,1,4,1,31,34,306,0,0,0,0,0,0,0,0,0
235340,21,bully,2747,1,34,3969163,306,0,1836,0,1,21,232593,2747,0,35,0,0,0,LEADER,1,4,1,30,34,306,0,0,0,0,0,0,0,0,0
235804,33,bully,3201,1,34,3984783,306,0,1836,0,1,33,232603,3201,0,35,0,0,0,LEADER,1,4,1,42,34,306,0,0,0,0,0,0,0,0,0
235837,43,bully,3234,1,34,3985905,306,0,1836,0,1,43,232603,3234,0,35,0,0,0,LEADER,1,4,1,52,34,306,0,0,0,0,0,0,0,0,0
235601,16,bully,2998,1,34,3977881,306,307,1836,1842,2,1,232603,2998,0,35,0,0,0,NORMAL,0,3,1,9,111,306,0,307,0,0,0,0,0,0,0
236105,32,bully,3502,1,34,3995017,306,0,1836,0,1,32,232603,3502,0,35,0,0,0,LEADER,1,4,1,41,34,306,0,0,0,0,0,0,0,0,0
236146,4,bully,3543,1,34,3996411,306,610,1836,3660,1,1,232603,3543,0,35,0,0,0,NORMAL,0,3,1,9,105,306,0,610,0,0,0,0,0,0,0
236212,24,bully,3610,1,34,3998666,306,0,1836,0,1,24,232602,3610,0,35,0,0,0,LEADER,1,4,1,33,34,306,0,0,0,0,0,0,0,0,0
235907,20,bully,3304,1,34,3988285,306,0,1836,0,1,20,232603,3304,0,35,0,0,0,LEADER,1,4,1,29,34,306,0,0,0,0,0,0,0,0,0
235553,38,bully,2950,1,34,3976249,306,0,1836,0,1,38,232603,2950,0,35,0,0,0,LEADER,1,4,1,47,34,306,0,0,0,0,0,0,0,0,0
236190,23,bully,3585,1,34,3997861,306,0,1836,0,1,23,232605,3585,0,35,0,0,0,LEADER,1,4,1,32,34,306,0,0,0,0,0,0,0,0,0
236010,7,bully,3407,1,34,3991787,306,614,1836,3684,2,1,232603,3407,0,35,0,0,0,NORMAL,0,3,1,9,109,306,0,614,0,0,0,0,0,0,0
236143,47,bully,3540,1,34,3996309,306,0,1836,0,1,47,232603,3540,0,35,0,0,0,LEADER,1,4,1,56,34,306,0,0,0,0,0,0,0,0,0
235996,39,bully,3392,1,34,3991302,306,0,1836,0,1,39,232604,3392,0,35,0,0,0,LEADER,1,4,1,48,34,306,0,0,0,0,0,0,0,0,0
236153,15,bully,3555,1,34,3996756,306,302,1836,1812,2,1,232598,3555,0,35,0,0,0,NORMAL,0,3,1,9,121,306,0,302,0,0,0,0,0,0,0
236028,49,bully,3425,1,34,3992399,306,0,1836,0,1,49,232603,3425,0,35,0,0,0,LEADER,1,4,1,58,34,306,0,0,0,0,0,0,0,0,0
235811,1,bully,3216,1,34,3985174,306,613,1836,3678,1,1,232595,3216,0,35,0,0,0,LEADER,1,4,1,10,34,306,0,613,0,0,0,0,0,0,0
235969,40,bully,3371,1,34,3990464,306,0,1836,0,1,40,232598,3371,0,35,0,0,0,LEADER,1,4,1,49,34,306,0,0,0,0,0,0,0,0,0
236178,14,bully,3577,1,34,3997526,306,306,1836,1836,2,1,232601,3577,0,35,0,0,0,NORMAL,0,3,1,9,109,306,0,306,0,0,0,0,0,0,0
236281,44,bully,3677,1,34,4000974,306,0,1836,0,1,44,232604,3677,0,35,0,0,0,LEADER,1,4,1,53,34,306,0,0,0,0,0,0,0,0,0
236295,12,bully,3692,1,34,4001477,306,307,1836,1842,1,1,232603,3692,0,35,0,0,0,NORMAL,0,3,1,9,105,306,0,307,0,0,0,0,0,0,0
236246,34,bully,3643,1,34,3999811,306,0,1836,0,1,34,232603,3643,0,35,0,0,0,LEADER,1,4,1,43,34,306,0,0,0,0,0,0,0,0,0
237789,18,bully,2883,1,35,4211760,309,0,1854,0,1,18,234906,2883,0,36,0,0,0,LEADER,1,4,1,21,35,309,0,0,0,0,0,0,0,0,0
237734,9,bully,2828,1,35,4209835,309,307,1854,1842,1,1,234906,2828,0,36,0,0,0,NORMAL,0,3,2,3,105,309,0,307,0,0,0,0,0,0,0
237887,13,bully,2983,1,35,4215245,309,305,1854,1830,2,1,234904,2983,0,36,0,0,0,NORMAL,0,3,2,3,111,309,0,305,0,0,0,0,0,0,0
237959,25,bully,3053,1,35,4217710,309,0,1854,0,1,25,234906,3053,0,36,0,0,0,LEADER,1,4,1,28,35,309,0,0,0,0,0,0,0,0,0
237964,36,bully,3065,1,35,4217955,309,0,1854,0,1,36,234899,3065,0,36,0,0,0,LEADER,1,4,1,39,35,309,0,0,0,0,0,0,0,0,0
237801,29,bully,2895,1,35,4212180,309,0,1854,0,1,29,234906,2895,0,36,0,0,0,LEADER,1,4,1,32,35,309,0,0,0,0,0,0,0,0,0
237984,35,bully,3086,1,35,4218748,309,0,1854,0,1,35,234898,3086,0,36,0,0,0,LEADER,1,4,1,38,35,309,0,0,0,0,0,0,0,0,0
237867,6,bully,2965,1,35,4214555,309,616,1854,3696,2,1,234902,2965,0,36,0,0,0,NORMAL,0,3,2,3,111,309,0,616,0,0,0,0,0,0,0
238039,48,bully,3133,1,35,4220510,309,0,1854,0,1,48,234906,3133,0,36,0,0,0,LEADER,1,4,1,51,35,309,0,0,0,0,0,0,0,0,0
237773,50,bully,2868,1,35,4211217,309,0,1854,0,1,50,234905,2868,0,36,0,0,0,LEADER,1,4,1,53,35,309,0,0,0,0,0,0,0,0,0
237715,41,bully,2813,1,35,4209194,309,0,1854,0,1,41,234902,2813,0,36,0,0,0,LEADER,1,4,1,44,35,309,0,0,0,0,0,0,0,0,0
238176,10,bully,3271,1,35,4225336,309,308,1854,1848,1,1,234905,3271,0,36,0,0,0,NORMAL,0,3,2,3,107,309,0,308,0,0,0,0,0,0,0
238008,3,bully,3101,1,35,4219406,309,616,1854,3696,1,1,234907,3101,0,36,0,0,0,NORMAL,0,3,2,3,107,309,0,616,0,0,0,0,0,0,0
237619,11,bully,2713,1,35,4205810,309,301,1854,1806,1,1,234906,2713,0,36,0,0,0,NORMAL,0,3,2,3,142,309,0,301,0,0,0,0,0,0,0
238025,45,bully,3119,1,35,4220020,309,0,1854,0,1,45,234906,3119,0,36,0,0,0,LEADER,1,4,1,48,35,309,0,0,0,0,0,0,0,0,0
238162,42,bully,3256,1,35,4224815,309,0,1854,0,1,42,234906,3256,0,36,0,0,0,LEADER,1,4,1,45,35,309,0,0,0,0,0,0,0,0,0
238128,46,bully,3222,1,35,4223625,309,0,1854,0,1,46,234906,3222,0,36,0,0,0,LEADER,1,4,1,49,35,309,0,0,0,0,0,0,0,0,0
237685,31,bully,2780,1,35,4208154,309,0,1854,0,1,31,234905,2780,0,36,0,0,0,LEADER,1,4,1,34,35,309,0,0,0,0,0,0,0,0,0
238292,8,bully,3386,1,35,4229365,309,308,1854,1848,2,1,234906,3386,0,36,0,0,0,NORMAL,0,3,2,3,113,309,0,308,0,0,0,0,0,0,0
237937,26,bully,3031,1,35,4216940,309,0,1854,0,1,26,234906,3031,0,36,0,0,0,LEADER,1,4,1,29,35,309,0,0,0,0,0,0,0,0,0
238345,17,bully,3440,1,35,4231242,309,0,1854,0,1,17,234905,3440,0,36,0,0,0,LEADER,1,4,1,20,35,309,0,0,0,0,0,0,0,0,0
238243,30,bully,3337,1,35,4227650,309,0,1854,0,1,30,234906,3337,0,36,0,0,0,LEADER,1,4,1,33,35,309,0,0,0,0,0,0,0,0,0
238428,5,bully,3522,1,35,4234125,309,617,1854,3702,2,1,234906,3522,0,36,0,0,0,NORMAL,0,3,2,3,109,309,0,617,0,0,0,0,0,0,0
238074,2,bully,3168,1,35,4221735,309,614,1854,3684,1,1,234906,3168,0,36,0,0,0,NORMAL,0,3,2,3,105,309,0,614,0,0,0,0,0,0,0
237822,28,bully,2916,1,35,4212915,309,0,1854,0,1,28,234906,2916,0,36,0,0,0,LEADER,1,4,1,31,35,309,0,0,0,0,0,0,0,0,0
238374,27,bully,3473,1,35,4232386,309,0,1854,0,1,27,234901,3473,0,36,0,0,0,LEADER,1,4,1,30,35,309,0,0,0,0,0,0,0,0,0
238413,37,bully,3507,1,35,4233600,309,0,1854,0,1,37,234906,3507,0,36,0,0,0,LEADER,1,4,1,40,35,309,0,0,0,0,0,0,0,0,0
237760,19,bully,2861,1,35,4210869,309,0,1854,0,1,19,234899,2861,0,36,0,0,0,LEADER,1,4,1,22,35,309,0,0,0,0,0,0,0,0,0
237630,22,bully,2725,1,35,4206220,309,0,1854,0,1,22,234905,2725,0,36,0,0,0,LEADER,1,4,1,25,35,309,0,0,0,0,0,0,0,0,0
237643,21,bully,2747,1,35,4206806,309,0,1854,0,1,21,234896,2747,0,36,0,0,0,LEADER,1,4,1,24,35,309,0,0,0,0,0,0,0,0,0
238107,33,bully,3201,1,35,4222890,309,0,1854,0,1,33,234906,3201,0,36,0,0,0,LEADER,1,4,1,36,35,309,0,0,0,0,0,0,0,0,0
238140,43,bully,3234,1,35,4224045,309,0,1854,0,1,43,234906,3234,0,36,0,0,0,LEADER,1,4,1,46,35,309,0,0,0,0,0,0,0,0,0
237904,16,bully,2998,1,35,4215785,309,310,1854,1860,2,1,234906,2998,0,36,0,0,0,NORMAL,0,3,2,3,114,309,0,310,0,0,0,0,0,0,0
238408,32,bully,3502,1,35,4233425,309,0,1854,0,1,32,234906,3502,0,36,0,0,0,LEADER,1,4,1,35,35,309,0,0,0,0,0,0,0,0,0
238449,4,bully,3543,1,35,4234860,309,616,1854,3696,1,1,234906,3543,0,36,0,0,0,NORMAL,0,3,2,3,108,309,0,616,0,0,0,0,0,0,0
238515,24,bully,3610,1,35,4237181,309,0,1854,0,1,24,234905,3610,0,36,0,0,0,LEADER,1,4,1,27,35,309,0,0,0,0,0,0,0,0,0
238210,20,bully,3304,1,35,4226495,309,0,1854,0,1,20,234906,3304,0,36,0,0,0,LEADER,1,4,1,23,35,309,0,0,0,0,0,0,0,0,0
237856,38,bully,2950,1,35,4214105,309,0,1854,0,1,38,234906,2950,0,36,0,0,0,LEADER,1,4,1,41,35,309,0,0,0,0,0,0,0,0,0
238493,23,bully,3585,1,35,4236354,309,0,1854,0,1,23,234908,3585,0,36,0,0,0,LEADER,1,4,1,26,35,309,0,0,0,0,0,0,0,0,0
238313,7,bully,3407,1,35,4230100,309,620,1854,3720,2,1,234906,3407,0,36,0,0,0,NORMAL,0,3,2,3,112,309,0,620,0,0,0,0,0,0,0
238446,47,bully,3540,1,35,4234755,309,0,1854,0,1,47,234906,3540,0,36,0,0,0,LEADER,1,4,1,50,35,309,0,0,0,0,0,0,0,0,0
238299,39,bully,3392,1,35,4229601,309,0,1854,0,1,39,234907,3392,0,36,0,0,0,LEADER,1,4,1,42,35,309,0,0,0,0,0,0,0,0,0
238456,15,bully,3555,1,35,4235212,309,304,1854,1824,2,1,234901,3555,0,36,0,0,0,NORMAL,0,3,2,3,124,309,0,304,0,0,0,0,0,0,0
238331,49,bully,3425,1,35,4230730,309,0,1854,0,1,49,234906,3425,0,36,0,0,0,LEADER,1,4,1,52,35,309,0,0,0,0,0,0,0,0,0
238113,1,bully,3216,1,35,4223287,309,619,1854,3714,1,1,234897,3216,0,36,0,0,0,LEADER,1,4,1,4,35,309,0,619,0,0,0,0,0,0,0
238272,40,bully,3371,1,35,4228736,309,0,1854,0,1,40,234901,3371,0,36,0,0,0,LEADER,1,4,1,43,35,309,0,0,0,0,0,0,0,0,0
238481,14,bully,3577,1,35,4236007,309,309,1854,1854,2,1,234904,3577,0,36,0,0,0,NORMAL,0,3,2,3,112,309,0,309,0,0,0,0,0,0,0
238584,44,bully,3677,1,35,4239558,309,0,1854,0,1,44,234907,3677,0,36,0,0,0,LEADER,1,4,1,47,35,309,0,0,0,0,0,0,0,0,0
238598,12,bully,3692,1,35,4240075,309,310,1854,1860,1,1,234906,3692,0,36,0,0,0,NORMAL,0,3,2,3,108,309,0,310,0,0,0,0,0,0,0
238549,34,bully,3643,1,35,4238360,309,0,1854,0,1,34,234906,3643,0,36,0,0,0,LEADER,1,4,1,37,35,309,0,0,0,0,0,0,0,0,0
240092,18,bully,2883,1,35,4211760,312,0,1872,0,1,18,237209,2883,0,36,0,0,0,LEADER,1,4,1,24,35,312,0,0,0,0,0,0,0,0,0
240037,9,bully,2828,1,35,4209835,312,310,1872,1860,1,1,237209,2828,0,36,0,0,0,NORMAL,0,3,1,6,105,312,0,310,0,0,0,0,0,0,0
240190,13,bully,2983,1,35,4215245,312,308,1872,1848,2,1,237207,2983,0,36,0,0,0,NORMAL,0,3,1,6,111,312,0,308,0,0,0,0,0,0,0
240262,25,bully,3053,1,35,4217710,312,0,1872,0,1,25,237209,3053,0,36,0,0,0,LEADER,1,4,1,31,35,312,0,0,0,0,0,0,0,0,0
240267,36,bully,3065,1,35,4217955,312,0,1872,0,1,36,237202,3065,0,36,0,0,0,LEADER,1,4,1,42,35,312,0,0,0,0,0,0,0,0,0
240104,29,bully,2895,1,35,4212180,312,0,1872,0,1,29,237209,2895,0,36,0,0,0,LEADER,1,4,1,35,35,312,0,0,0,0,0,0,0,0,0
240287,35,bully,3086,1,35,4218748,312,0,1872,0,1,35,237201,3086,0,36,0,0,0,LEADER,1,4,1,41,35,312,0,0,0,0,0,0,0,0,0
240170,6,bully,2965,1,35,4214555,312,622,1872,3732,2,1,237205,2965,0,36,0,0,0,NORMAL,0,3,1,6,111,312,0,622,0,0,0,0,0,0,0
240342,48,bully,3133,1,35,4220510,312,0,1872,0,1,48,237209,3133,0,36,0,0,0,LEADER,1,4,1,54,35,312,0,0,0,0,0,0,0,0,0
240076,50,bully,2868,1,35,4211217,312,0,1872,0,1,50,237208,2868,0,36,0,0,0,LEADER,1,4,1,56,35,312,0,0,0,0,0,0,0,0,0
240479,10,bully,3271,1,35,4225336,312,311,1872,1866,1,1,237208,3271,0,36,0,0,0,NORMAL,0,3,1,6,107,312,0,311,0,0,0,0,0,0,0
240018,41,bully,2813,1,35,4209194,312,0,1872,0,1,41,237205,2813,0,36,0,0,0,LEADER,1,4,1,47,35,312,0,0,0,0,0,0,0,0,0
240311,3,bully,3101,1,35,4219406,312,622,1872,3732,1,1,237210,3101,0,36,0,0,0,NORMAL,0,3,1,6,107,312,0,622,0,0,0,0,0,0,0
239922,11,bully,2713,1,35,4205810,312,304,1872,1824,1,1,237209,2713,0,36,0,0,0,NORMAL,0,3,1,6,142,312,0,304,0,0,0,0,0,0,0
240328,45,bully,3119,1,35,4220020,312,0,1872,0,1,45,237209,3119,0,36,0,0,0,LEADER,1,4,1,51,35,312,0,0,0,0,0,0,0,0,0
240465,42,bully,3256,1,35,4224815,312,0,1872,0,1,42,237209,3256,0,36,0,0,0,LEADER,1,4,1,48,35,312,0,0,0,0,0,0,0,0,0
240431,46,bully,3222,1,35,4223625,312,0,1872,0,1,46,237209,3222,0,36,0,0,0,LEADER,1,4,1,52,35,312,0,0,0,0,0,0,0,0,0
239988,31,bully,2780,1,35,4208154,312,0,1872,0,1,31,237208,2780,0,36,0,0,0,LEADER,1,4,1,37,35,312,0,0,0,0,0,0,0,0,0
240595,8,bully,3386,1,35,4229365,312,311,1872,1866,2,1,237209,3386,0,36,0,0,0,NORMAL,0,3,1,6,113,312,0,311,0,0,0,0,0,0,0
240240,26,bully,3031,1,35,4216940,312,0,1872,0,1,26,237209,3031,0,36,0,0,0,LEADER,1,4,1,32,35,312,0,0,0,0,0,0,0,0,0
240648,17,bully,3440,1,35,4231242,312,0,1872,0,1,17,237208,3440,0,36,0,0,0,LEADER,1,4,1,23,35,312,0,0,0,0,0,0,0,0,0
240546,30,bully,3337,1,35,4227650,312,0,1872,0,1,30,237209,3337,0,36,0,0,0,LEADER,1,4,1,36,35,312,0,0,0,0,0,0,0,0,0
240731,5,bully,3522,1,35,4234125,312,623,1872,3738,2,1,237209,3522,0,36,0,0,0,NORMAL,0,3,1,6,109,312,0,623,0,0,0,0,0,0,0
240377,2,bully,3168,1,35,4221735,312,620,1872,3720,1,1,237209,3168,0,36,0,0,0,NORMAL,0,3,1,6,105,312,0,620,0,0,0,0,0,0,0
240125,28,bully,2916,1,35,4212915,312,0,1872,0,1,28,237209,2916,0,36,0,0,0,LEADER,1,4,1,34,35,312,0,0,0,0,0,0,0,0,0
240676,27,bully,3473,1,35,4232386,312,0,1872,0,1,27,237203,3473,0,36,0,0,0,LEADER,1,4,1,33,35,312,0,0,0,0,0,0,0,0,0
240716,37,bully,3507,1,35,4233600,312,0,1872,0,1,37,237209,3507,0,36,0,0,0,LEADER,1,4,1,43,35,312,0,0,0,0,0,0,0,0,0
240063,19,bully,2861,1,35,4210869,312,0,1872,0,1,19,237202,2861,0,36,0,0,0,LEADER,1,4,1,25,35,312,0,0,0,0,0,0,0,0,0
239933,22,bully,2725,1,35,4206220,312,0,1872,0,1,22,237208,2725,0,36,0,0,0,LEADER,1,4,1,28,35,312,0,0,0,0,0,0,0,0,0
239946,21,bully,2747,1,35,4206806,312,0,1872,0,1,21,237199,2747,0,36,0,0,0,LEADER,1,4,1,27,35,312,0,0,0,0,0,0,0,0,0
240410,33,bully,3201,1,35,4222890,312,0,1872,0,1,33,237209,3201,0,36,0,0,0,LEADER,1,4,1,39,35,312,0,0,0,0,0,0,0,0,0
240443,43,bully,3234,1,35,4224045,312,0,1872,0,1,43,237209,3234,0,36,0,0,0,LEADER,1,4,1,49,35,312,0,0,0,0,0,0,0,0,0
240207,16,bully,2998,1,35,4215785,312,313,1872,1878,2,1,237209,2998,0,36,0,0,0,NORMAL,0,3,1,6,114,312,0,313,0,0,0,0,0,0,0
240711,32,bully,3502,1,35,4233425,312,0,1872,0,1,32,237209,3502,0,36,0,0,0,LEADER,1,4,1,38,35,312,0,0,0,0,0,0,0,0,0
240752,4,bully,3543,1,35,4234860,312,622,1872,3732,1,1,237209,3543,0,36,0,0,0,NORMAL,0,3,1,6,108,312,0,622,0,0,0,0,0,0,0
240818,24,bully,3610,1,35,4237181,312,0,1872,0,1,24,237208,3610,0,36,0,0,0,LEADER,1,4,1,30,35,312,0,0,0,0,0,0,0,0,0
240513,20,bully,3304,1,35,4226495,312,0,1872,0,1,20,237209,3304,0,36,0,0,0,LEADER,1,4,1,26,35,312,0,0,0,0,0,0,0,0,0
240159,38,bully,2950,1,35,4214105,312,0,1872,0,1,38,237209,2950,0,36,0,0,0,LEADER,1,4,1,44,35,312,0,0,0,0,0,0,0,0,0
240796,23,bully,3585,1,35,4236354,312,0,1872,0,1,23,237211,3585,0,36,0,0,0,LEADER,1,4,1,29,35,312,0,0,0,0,0,0,0,0,0
240616,7,bully,3407,1,35,4230100,312,626,1872,3756,2,1,237209,3407,0,36,0,0,0,NORMAL,0,3,1,6,112,312,0,626,0,0,0,0,0,0,0
240749,47,bully,3540,1,35,4234755,312,0,1872,0,1,47,237209,3540,0,36,0,0,0,LEADER,1,4,1,53,35,312,0,0,0,0,0,0,0,0,0
240602,39,bully,3392,1,35,4229601,312,0,1872,0,1,39,237210,3392,0,36,0,0,0,LEADER,1,4,1,45,35,312,0,0,0,0,0,0,0,0,0
240759,15,bully,3555,1,35,4235212,312,308,1872,1848,2,1,237204,3555,0,36,0,0,0,NORMAL,0,3,1,6,124,312,0,308,0,0,0,0,0,0,0
240634,49,bully,3425,1,35,4230730,312,0,1872,0,1,49,237209,3425,0,36,0,0,0,LEADER,1,4,1,55,35,312,0,0,0,0,0,0,0,0,0
240416,1,bully,3216,1,35,4223287,312,626,1872,3756,1,1,237200,3216,0,36,0,0,0,LEADER,1,4,1,7,35,312,0,626,0,0,0,0,0,0,0
240575,40,bully,3371,1,35,4228736,312,0,1872,0,1,40,237204,3371,0,36,0,0,0,LEADER,1,4,1,46,35,312,0,0,0,0,0,0,0,0,0
240784,14,bully,3577,1,35,4236007,312,312,1872,1872,2,1,237207,3577,0,36,0,0,0,NORMAL,0,3,1,6,112,312,0,312,0,0,0,0,0,0,0
240887,44,bully,3677,1,35,4239558,312,0,1872,0,1,44,237210,3677,0,36,0,0,0,LEADER,1,4,1,50,35,312,0,0,0,0,0,0,0,0,0
240901,12,bully,3692,1,35,4240075,312,313,1872,1878,1,1,237209,3692,0,36,0,0,0,NORMAL,0,3,1,6,108,312,0,313,0,0,0,0,0,0,0
240852,34,bully,3643,1,35,4238360,312,0,1872,0,1,34,237209,3643,0,36,0,0,0,LEADER,1,4,1,40,35,312,0,0,0,0,0,0,0,0,0
242395,18,bully,2883,1,35,4211760,315,0,1890,0,1,18,239512,2883,0,36,0,0,0,LEADER,1,4,1,27,35,315,0,0,0,0,0,0,0,0,0
242340,9,bully,2828,1,35,4209835,315,313,1890,1878,1,1,239512,2828,0,36,0,0,0,NORMAL,0,3,1,9,105,315,0,313,0,0,0,0,0,0,0
242493,13,bully,2983,1,35,4215245,315,311,1890,1866,2,1,239510,2983,0,36,0,0,0,NORMAL,0,3,1,9,111,315,0,311,0,0,0,0,0,0,0
242565,25,bully,3053,1,35,4217710,315,0,1890,0,1,25,239512,3053,0,36,0,0,0,LEADER,1,4,1,34,35,315,0,0,0,0,0,0,0,0,0
242570,36,bully,3065,1,35,4217955,315,0,1890,0,1,36,239505,3065,0,36,0,0,0,LEADER,1,4,1,45,35,315,0,0,0,0,0,0,0,0,0
242407,29,bully,2895,1,35,4212180,315,0,1890,0,1,29,239512,2895,0,36,0,0,0,LEADER,1,4,1,38,35,315,0,0,0,0,0,0,0,0,0
242589,35,bully,3086,1,35,4218748,315,0,1890,0,1,35,239503,3086,0,36,0,0,0,LEADER,1,4,1,44,35,315,0,0,0,0,0,0,0,0,0
242473,6,bully,2965,1,35,4214555,315,628,1890,3768,2,1,239508,2965,0,36,0,0,0,NORMAL,0,3,1,9,111,315,0,628,0,0,0,0,0,0,0
242645,48,bully,3133,1,35,4220510,315,0,1890,0,1,48,239512,3133,0,36,0,0,0,LEADER,1,4,1,57,35,315,0,0,0,0,0,0,0,0,0
242379,50,bully,2868,1,35,4211217,315,0,1890,0,1,50,239511,2868,0,36,0,0,0,LEADER,1,4,1,59,35,315,0,0,0,0,0,0,0,0,0
242782,10,bully,3271,1,35,4225336,315,314,1890,1884,1,1,239511,3271,0,36,0,0,0,NORMAL,0,3,1,9,107,315,0,314,0,0,0,0,0,0,0
242321,41,bully,2813,1,35,4209194,315,0,1890,0,1,41,239508,2813,0,36,0,0,0,LEADER,1,4,1,50,35,315,0,0,0,0,0,0,0,0,0
242614,3,bully,3101,1,35,4219406,315,628,1890,3768,1,1,239513,3101,0,36,0,0,0,NORMAL,0,3,1,9,107,315,0,628,0,0,0,0,0,0,0
242225,11,bully,2713,1,35,4205810,315,307,1890,1842,1,1,239512,2713,0,36,0,0,0,NORMAL,0,3,1,9,142,315,0,307,0,0,0,0,0,0,0
242631,45,bully,3119,1,35,4220020,315,0,1890,0,1,45,239512,3119,0,36,0,0,0,LEADER,1,4,1,54,35,315,0,0,0,0,0,0,0,0,0
242768,42,bully,3256,1,35,4224815,315,0,1890,0,1,42,239512,3256,0,36,0,0,0,LEADER,1,4,1,51,35,315,0,0,0,0,0,0,0,0,0
242734,46,bully,3222,1,35,4223625,315,0,1890,0,1,46,239512,3222,0,36,0,0,0,LEADER,1,4,1,55,35,315,0,0,0,0,0,0,0,0,0
242291,31,bully,2780,1,35,4208154,315,0,1890,0,1,31,239511,2780,0,36,0,0,0,LEADER,1,4,1,40,35,315,0,0,0,0,0,0,0,0,0
242898,8,bully,3386,1,35,4229365,315,314,1890,1884,2,1,239512,3386,0,36,0,0,0,NORMAL,0,3,1,9,113,315,0,314,0,0,0,0,0,0,0
242543,26,bully,3031,1,35,4216940,315,0,1890,0,1,26,239512,3031,0,36,0,0,0,LEADER,1,4,1,35,35,315,0,0,0,0,0,0,0,0,0
242951,17,bully,3440,1,35,4231242,315,0,1890,0,1,17,239511,3440,0,36,0,0,0,LEADER,1,4,1,26,35,315,0,0,0,0,0,0,0,0,0
242849,30,bully,3337,1,35,4227650,315,0,1890,0,1,30,239512,3337,0,36,0,0,0,LEADER,1,4,1,39,35,315,0,0,0,0,0,0,0,0,0
243034,5,bully,3522,1,35,4234125,315,629,1890,3774,2,1,239512,3522,0,36,0,0,0,NORMAL,0,3,1,9,109,315,0,629,0,0,0,0,0,0,0
242680,2,bully,3168,1,35,4221735,315,626,1890,3756,1,1,239512,3168,0,36,0,0,0,NORMAL,0,3,1,9,105,315,0,626,0,0,0,0,0,0,0
242428,28,bully,2916,1,35,4212915,315,0,1890,0,1,28,239512,2916,0,36,0,0,0,LEADER,1,4,1,37,35,315,0,0,0,0,0,0,0,0,0
242979,27,bully,3473,1,35,4232386,315,0,1890,0,1,27,239506,3473,0,36,0,0,0,LEADER,1,4,1,36,35,315,0,0,0,0,0,0,0,0,0
243019,37,bully,3507,1,35,4233600,315,0,1890,0,1,37,239512,3507,0,36,0,0,0,LEADER,1,4,1,46,35,315,0,0,0,0,0,0,0,0,0
242366,19,bully,2861,1,35,4210869,315,0,1890,0,1,19,239505,2861,0,36,0,0,0,LEADER,1,4,1,28,35,315,0,0,0,0,0,0,0,0,0
242236,22,bully,2725,1,35,4206220,315,0,1890,0,1,22,239511,2725,0,36,0,0,0,LEADER,1,4,1,31,35,315,0,0,0,0,0,0,0,0,0
242249,21,bully,2747,1,35,4206806,315,0,1890,0,1,21,239502,2747,0,36,0,0,0,LEADER,1,4,1,30,35,315,0,0,0,0,0,0,0,0,0
242713,33,bully,3201,1,35,4222890,315,0,1890,0,1,33,239512,3201,0,36,0,0,0,LEADER,1,4,1,42,35,315,0,0,0,0,0,0,0,0,0
242746,43,bully,3234,1,35,4224045,315,0,1890,0,1,43,239512,3234,0,36,0,0,0,LEADER,1,4,1,52,35,315,0,0,0,0,0,0,0,0,0
242510,16,bully,2998,1,35,4215785,315,316,1890,1896,2,1,239512,2998,0,36,0,0,0,NORMAL,0,3,1,9,114,315,0,316,0,0,0,0,0,0,0
243014,32,bully,3502,1,35,4233425,315,0,1890,0,1,32,239512,3502,0,36,0,0,0,LEADER,1,4,1,41,35,315,0,0,0,0,0,0,0,0,0
243055,4,bully,3543,1,35,4234860,315,628,1890,3768,1,1,239512,3543,0,36,0,0,0,NORMAL,0,3,1,9,108,315,0,628,0,0,0,0,0,0,0
243121,24,bully,3610,1,35,4237181,315,0,1890,0,1,24,239511,3610,0,36,0,0,0,LEADER,1,4,1,33,35,315,0,0,0,0,0,0,0,0,0
242816,20,bully,3304,1,35,4226495,315,0,1890,0,1,20,239512,3304,0,36,0,0,0,LEADER,1,4,1,29,35,315,0,0,0,0,0,0,0,0,0
242462,38,bully,2950,1,35,4214105,315,0,1890,0,1,38,239512,2950,0,36,0,0,0,LEADER,1,4,1,47,35,315,0,0,0,0,0,0,0,0,0
243099,23,bully,3585,1,35,4236354,315,0,1890,0,1,23,239514,3585,0,36,0,0,0,LEADER,1,4,1,32,35,315,0,0,0,0,0,0,0,0,0
242919,7,bully,3407,1,35,4230100,315,632,1890,3792,2,1,239512,3407,0,36,0,0,0,NORMAL,0,3,1,9,112,315,0,632,0,0,0,0,0,0,0
243052,47,bully,3540,1,35,4234755,315,0,1890,0,1,47,239512,3540,0,36,0,0,0,LEADER,1,4,1,56,35,315,0,0,0,0,0,0,0,0,0
242905,39,bully,3392,1,35,4229601,315,0,1890,0,1,39,239513,3392,0,36,0,0,0,LEADER,1,4,1,48,35,315,0,0,0,0,0,0,0,0,0
243062,15,bully,3555,1,35,4235212,315,310,1890,1860,2,1,239507,3555,0,36,0,0,0,NORMAL,0,3,1,9,124,315,0,310,0,0,0,0,0,0,0
242937,49,bully,3425,1,35,4230730,315,0,1890,0,1,49,239512,3425,0,36,0,0,0,LEADER,1,4,1,58,35,315,0,0,0,0,0,0,0,0,0
242719,1,bully,3216,1,35,4223287,315,631,1890,3786,1,1,239503,3216,0,36,0,0,0,LEADER,1,4,1,10,35,315,0,631,0,0,0,0,0,0,0
242878,40,bully,3371,1,35,4228736,315,0,1890,0,1,40,239507,3371,0,36,0,0,0,LEADER,1,4,1,49,35,315,0,0,0,0,0,0,0,0,0
243087,14,bully,3577,1,35,4236007,315,315,1890,1890,2,1,239510,3577,0,36,0,0,0,NORMAL,0,3,1,9,112,315,0,315,0,0,0,0,0,0,0
243190,44,bully,3677,1,35,4239558,315,0,1890,0,1,44,239513,3677,0,36,0,0,0,LEADER,1,4,1,53,35,315,0,0,0,0,0,0,0,0,0
243204,12,bully,3692,1,35,4240075,315,316,1890,1896,1,1,239512,3692,0,36,0,0,0,NORMAL,0,3,1,9,108,315,0,316,0,0,0,0,0,0,0
243155,34,bully,3643,1,35,4238360,315,0,1890,0,1,34,239512,3643,0,36,0,0,0,LEADER,1,4,1,43,35,315,0,0,0,0,0,0,0,0,0
244698,18,bully,2883,1,36,4456458,318,0,1908,0,1,18,241815,2883,0,37,0,0,0,LEADER,1,4,1,21,36,318,0,0,0,0,0,0,0,0,0
244643,9,bully,2828,1,36,4454478,318,316,1908,1896,1,1,241815,2828,0,37,0,0,0,NORMAL,0,3,2,3,108,318,0,316,0,0,0,0,0,0,0
244796,13,bully,2983,1,36,4460041,318,314,1908,1884,2,1,241813,2983,0,37,0,0,0,NORMAL,0,3,2,3,114,318,0,314,0,0,0,0,0,0,0
244868,25,bully,3053,1,36,4462578,318,0,1908,0,1,25,241815,3053,0,37,0,0,0,LEADER,1,4,1,28,36,318,0,0,0,0,0,0,0,0,0
244873,36,bully,3065,1,36,4462828,318,0,1908,0,1,36,241808,3065,0,37,0,0,0,LEADER,1,4,1,39,36,318,0,0,0,0,0,0,0,0,0
244710,29,bully,2895,1,36,4456890,318,0,1908,0,1,29,241815,2895,0,37,0,0,0,LEADER,1,4,1,32,36,318,0,0,0,0,0,0,0,0,0
244892,35,bully,3086,1,36,4463640,318,0,1908,0,1,35,241806,3086,0,37,0,0,0,LEADER,1,4,1,38,36,318,0,0,0,0,0,0,0,0,0
244776,6,bully,2965,1,36,4459331,318,634,1908,3804,2,1,241811,2965,0,37,0,0,0,NORMAL,0,3,2,3,114,318,0,634,0,0,0,0,0,0,0
244948,48,bully,3133,1,36,4465458,318,0,1908,0,1,48,241815,3133,0,37,0,0,0,LEADER,1,4,1,51,36,318,0,0,0,0,0,0,0,0,0
244682,50,bully,2868,1,36,4455899,318,0,1908,0,1,50,241814,2868,0,37,0,0,0,LEADER,1,4,1,53,36,318,0,0,0,0,0,0,0,0,0
245085,10,bully,3271,1,36,4470421,318,317,1908,1902,1,1,241814,3271,0,37,0,0,0,NORMAL,0,3,2,3,110,318,0,317,0,0,0,0,0,0,0
244624,41,bully,2813,1,36,4453818,318,0,1908,0,1,41,241811,2813,0,37,0,0,0,LEADER,1,4,1,44,36,318,0,0,0,0,0,0,0,0,0
244917,3,bully,3101,1,36,4464323,318,634,1908,3804,1,1,241816,3101,0,37,0,0,0,NORMAL,0,3,2,3,110,318,0,634,0,0,0,0,0,0,0
244528,11,bully,2713,1,36,4450338,318,310,1908,1860,1,1,241815,2713,0,37,0,0,0,NORMAL,0,3,2,3,146,318,0,310,0,0,0,0,0,0,0
244934,45,bully,3119,1,36,4464954,318,0,1908,0,1,45,241815,3119,0,37,0,0,0,LEADER,1,4,1,48,36,318,0,0,0,0,0,0,0,0,0
245071,42,bully,3256,1,36,4469886,318,0,1908,0,1,42,241815,3256,0,37,0,0,0,LEADER,1,4,1,45,36,318,0,0,0,0,0,0,0,0,0
245037,46,bully,3222,1,36,4468662,318,0,1908,0,1,46,241815,3222,0,37,0,0,0,LEADER,1,4,1,49,36,318,0,0,0,0,0,0,0,0,0
244594,31,bully,2780,1,36,4452748,318,0,1908,0,1,31,241814,2780,0,37,0,0,0,LEADER,1,4,1,34,36,318,0,0,0,0,0,0,0,0,0
245201,8,bully,3386,1,36,4474566,318,317,1908,1902,2,1,241815,3386,0,37,0,0,0,NORMAL,0,3,2,3,116,318,0,317,0,0,0,0,0,0,0
244846,26,bully,3031,1,36,4461786,318,0,1908,0,1,26,241815,3031,0,37,0,0,0,LEADER,1,4,1,29,36,318,0,0,0,0,0,0,0,0,0
245254,17,bully,3440,1,36,4476496,318,0,1908,0,1,17,241814,3440,0,37,0,0,0,LEADER,1,4,1,20,36,318,0,0,0,0,0,0,0,0,0
245152,30,bully,3337,1,36,4472802,318,0,1908,0,1,30,241815,3337,0,37,0,0,0,LEADER,1,4,1,33,36,318,0,0,0,0,0,0,0,0,0
245337,5,bully,3522,1,36,4479462,318,635,1908,3810,2,1,241815,3522,0,37,0,0,0,NORMAL,0,3,2,3,112,318,0,635,0,0,0,0,0,0,0
244983,2,bully,3168,1,36,4466718,318,632,1908,3792,1,1,241815,3168,0,37,0,0,0,NORMAL,0,3,2,3,108,318,0,632,0,0,0,0,0,0,0
244731,28,bully,2916,1,36,4457646,318,0,1908,0,1,28,241815,2916,0,37,0,0,0,LEADER,1,4,1,31,36,318,0,0,0,0,0,0,0,0,0
245282,27,bully,3473,1,36,4477668,318,0,1908,0,1,27,241809,3473,0,37,0,0,0,LEADER,1,4,1,30,36,318,0,0,0,0,0,0,0,0,0
245322,37,bully,3507,1,36,4478922,318,0,1908,0,1,37,241815,3507,0,37,0,0,0,LEADER,1,4,1,40,36,318,0,0,0,0,0,0,0,0,0
244669,19,bully,2861,1,36,4455538,318,0,1908,0,1,19,241808,2861,0,37,0,0,0,LEADER,1,4,1,22,36,318,0,0,0,0,0,0,0,0,0
244539,22,bully,2725,1,36,4450759,318,0,1908,0,1,22,241814,2725,0,37,0,0,0,LEADER,1,4,1,25,36,318,0,0,0,0,0,0,0,0,0
244552,21,bully,2747,1,36,4451358,318,0,1908,0,1,21,241805,2747,0,37,0,0,0,LEADER,1,4,1,24,36,318,0,0,0,0,0,0,0,0,0
245016,33,bully,3201,1,36,4467906,318,0,1908,0,1,33,241815,3201,0,37,0,0,0,LEADER,1,4,1,36,36,318,0,0,0,0,0,0,0,0,0
245049,43,bully,3234,1,36,4469094,318,0,1908,0,1,43,241815,3234,0,37,0,0,0,LEADER,1,4,1,46,36,318,0,0,0,0,0,0,0,0,0
244813,16,bully,2998,1,36,4460598,318,319,1908,1914,2,1,241815,2998,0,37,0,0,0,NORMAL,0,3,2,3,117,318,0,319,0,0,0,0,0,0,0
245317,32,bully,3502,1,36,4478742,318,0,1908,0,1,32,241815,3502,0,37,0,0,0,LEADER,1,4,1,35,36,318,0,0,0,0,0,0,0,0,0
245358,4,bully,3543,1,36,4480218,318,634,1908,3804,1,1,241815,3543,0,37,0,0,0,NORMAL,0,3,2,3,111,318,0,634,0,0,0,0,0,0,0
245424,24,bully,3610,1,36,4482605,318,0,1908,0,1,24,241814,3610,0,37,0,0,0,LEADER,1,4,1,27,36,318,0,0,0,0,0,0,0,0,0
245119,20,bully,3304,1,36,4471614,318,0,1908,0,1,20,241815,3304,0,37,0,0,0,LEADER,1,4,1,23,36,318,0,0,0,0,0,0,0,0,0
244765,38,bully,2950,1,36,4458870,318,0,1908,0,1,38,241815,2950,0,37,0,0,0,LEADER,1,4,1,41,36,318,0,0,0,0,0,0,0,0,0
245402,23,bully,3585,1,36,4481756,318,0,1908,0,1,23,241817,3585,0,37,0,0,0,LEADER,1,4,1,26,36,318,0,0,0,0,0,0,0,0,0
245222,7,bully,3407,1,36,4475322,318,638,1908,3828,2,1,241815,3407,0,37,0,0,0,NORMAL,0,3,2,3,115,318,0,638,0,0,0,0,0,0,0
245355,47,bully,3540,1,36,4480110,318,0,1908,0,1,47,241815,3540,0,37,0,0,0,LEADER,1,4,1,50,36,318,0,0,0,0,0,0,0,0,0
245208,39,bully,3392,1,36,4474809,318,0,1908,0,1,39,241816,3392,0,37,0,0,0,LEADER,1,4,1,42,36,318,0,0,0,0,0,0,0,0,0
245365,15,bully,3555,1,36,4480577,318,313,1908,1878,2,1,241810,3555,0,37,0,0,0,NORMAL,0,3,2,3,128,318,0,313,0,0,0,0,0,0,0
245240,49,bully,3425,1,36,4475970,318,0,1908,0,1,49,241815,3425,0,37,0,0,0,LEADER,1,4,1,52,36,318,0,0,0,0,0,0,0,0,0
245022,1,bully,3216,1,36,4468309,318,638,1908,3828,1,1,241806,3216,0,37,0,0,0,LEADER,1,4,1,4,36,318,0,638,0,0,0,0,0,0,0
245181,40,bully,3371,1,36,4473917,318,0,1908,0,1,40,241810,3371,0,37,0,0,0,LEADER,1,4,1,43,36,318,0,0,0,0,0,0,0,0,0
245390,14,bully,3577,1,36,4481397,318,318,1908,1908,2,1,241813,3577,0,37,0,0,0,NORMAL,0,3,2,3,115,318,0,318,0,0,0,0,0,0,0
245493,44,bully,3677,1,36,4485051,318,0,1908,0,1,44,241816,3677,0,37,0,0,0,LEADER,1,4,1,47,36,318,0,0,0,0,0,0,0,0,0
245507,12,bully,3692,1,36,4485582,318,319,1908,1914,1,1,241815,3692,0,37,0,0,0,NORMAL,0,3,2,3,111,318,0,319,0,0,0,0,0,0,0
245458,34,bully,3643,1,36,4483818,318,0,1908,0,1,34,241815,3643,0,37,0,0,0,LEADER,1,4,1,37,36,318,0,0,0,0,0,0,0,0,0
247001,18,bully,2883,1,36,4456458,321,0,1926,0,1,18,244118,2883,0,37,0,0,0,LEADER,1,4,1,24,36,321,0,0,0,0,0,0,0,0,0
246946,9,bully,2828,1,36,4454478,321,319,1926,1914,1,1,244118,2828,0,37,0,0,0,NORMAL,0,3,1,6,108,321,0,319,0,0,0,0,0,0,0
247099,13,bully,2983,1,36,4460041,321,317,1926,1902,2,1,244116,2983,0,37,0,0,0,NORMAL,0,3,1,6,114,321,0,317,0,0,0,0,0,0,0
247171,25,bully,3053,1,36,4462578,321,0,1926,0,1,25,244118,3053,0,37,0,0,0,LEADER,1,4,1,31,36,321,0,0,0,0,0,0,0,0,0
247176,36,bully,3065,1,36,4462828,321,0,1926,0,1,36,244111,3065,0,37,0,0,0,LEADER,1,4,1,42,36,321,0,0,0,0,0,0,0,0,0
247013,29,bully,2895,1,36,4456890,321,0,1926,0,1,29,244118,2895,0,37,0,0,0,LEADER,1,4,1,35,36,321,0,0,0,0,0,0,0,0,0
247195,35,bully,3086,1,36,4463640,321,0,1926,0,1,35,244109,3086,0,37,0,0,0,LEADER,1,4,1,41,36,321,0,0,0,0,0,0,0,0,0
247079,6,bully,2965,1,36,4459331,321,640,1926,3840,2,1,244114,2965,0,37,0,0,0,NORMAL,0,3,1,6,114,321,0,640,0,0,0,0,0,0,0
247251,48,bully,3133,1,36,4465458,321,0,1926,0,1,48,244118,3133,0,37,0,0,0,LEADER,1,4,1,54,36,321,0,0,0,0,0,0,0,0,0
246985,50,bully,2868,1,36,4455899,321,0,1926,0,1,50,244117,2868,0,37,0,0,0,LEADER,1,4,1,56,36,321,0,0,0,0,0,0,0,0,0
247388,10,bully,3271,1,36,4470421,321,320,1926,1920,1,1,244117,3271,0,37,0,0,0,NORMAL,0,3,1,6,110,321,0,320,0,0,0,0,0,0,0
246927,41,bully,2813,1,36,4453818,321,0,1926,0,1,41,244114,2813,0,37,0,0,0,LEADER,1,4,1,47,36,321,0,0,0,0,0,0,0,0,0
247220,3,bully,3101,1,36,4464323,321,640,1926,3840,1,1,244119,3101,0,37,0,0,0,NORMAL,0,3,1,6,110,321,0,640,0,0,0,0,0,0,0
246831,11,bully,2713,1,36,4450338,321,313,1926,1878,1,1,244118,2713,0,37,0,0,0,NORMAL,0,3,1,6,146,321,0,313,0,0,0,0,0,0,0
247237,45,bully,3119,1,36,4464954,321,0,1926,0,1,45,244118,3119,0,37,0,0,0,LEADER,1,4,1,51,36,321,0,0,0,0,0,0,0,0,0
247374,42,bully,3256,1,36,4469886,321,0,1926,0,1,42,244118,3256,0,37,0,0,0,LEADER,1,4,1,48,36,321,0,0,0,0,0,0,0,0,0
247340,46,bully,3222,1,36,4468662,321,0,1926,0,1,46,244118,3222,0,37,0,0,0,LEADER,1,4,1,52,36,321,0,0,0,0,0,0,0,0,0
246897,31,bully,2780,1,36,4452748,321,0,1926,0,1,31,244117,2780,0,37,0,0,0,LEADER,1,4,1,37,36,321,0,0,0,0,0,0,0,0,0
247504,8,bully,3386,1,36,4474566,321,320,1926,1920,2,1,244118,3386,0,37,0,0,0,NORMAL,0,3,1,6,116,321,0,320,0,0,0,0,0,0,0
247149,26,bully,3031,1,36,4461786,321,0,1926,0,1,26,244118,3031,0,37,0,0,0,LEADER,1,4,1,32,36,321,0,0,0,0,0,0,0,0,0
247557,17,bully,3440,1,36,4476496,321,0,1926,0,1,17,244117,3440,0,37,0,0,0,LEADER,1,4,1,23,36,321,0,0,0,0,0,0,0,0,0
247455,30,bully,3337,1,36,4472802,321,0,1926,0,1,30,244118,3337,0,37,0,0,0,LEADER,1,4,1,36,36,321,0,0,0,0,0,0,0,0,0
247640,5,bully,3522,1,36,4479462,321,641,1926,3846,2,1,244118,3522,0,37,0,0,0,NORMAL,0,3,1,6,112,321,0,641,0,0,0,0,0,0,0
247286,2,bully,3168,1,36,4466718,321,638,1926,3828,1,1,244118,3168,0,37,0,0,0,NORMAL,0,3,1,6,108,321,0,638,0,0,0,0,0,0,0
247034,28,bully,2916,1,36,4457646,321,0,1926,0,1,28,244118,2916,0,37,0,0,0,LEADER,1,4,1,34,36,321,0,0,0,0,0,0,0,0,0
247585,27,bully,3473,1,36,4477668,321,0,1926,0,1,27,244112,3473,0,37,0,0,0,LEADER,1,4,1,33,36,321,0,0,0,0,0,0,0,0,0
247625,37,bully,3507,1,36,4478922,321,0,1926,0,1,37,244118,3507,0,37,0,0,0,LEADER,1,4,1,43,36,321,0,0,0,0,0,0,0,0,0
246972,19,bully,2861,1,36,4455538,321,0,1926,0,1,19,244111,2861,0,37,0,0,0,LEADER,1,4,1,25,36,321,0,0,0,0,0,0,0,0,0
246842,22,bully,2725,1,36,4450759,321,0,1926,0,1,22,244117,2725,0,37,0,0,0,LEADER,1,4,1,28,36,321,0,0,0,0,0,0,0,0,0
246855,21,bully,2747,1,36,4451358,321,0,1926,0,1,21,244108,2747,0,37,0,0,0,LEADER,1,4,1,27,36,321,0,0,0,0,0,0,0,0,0
247319,33,bully,3201,1,36,4467906,321,0,1926,0,1,33,244118,3201,0,37,0,0,0,LEADER,1,4,1,39,36,321,0,0,0,0,0,0,0,0,0
247352,43,bully,3234,1,36,4469094,321,0,1926,0,1,43,244118,3234,0,37,0,0,0,LEADER,1,4,1,49,36,321,0,0,0,0,0,0,0,0,0
247116,16,bully,2998,1,36,4460598,321,322,1926,1932,2,1,244118,2998,0,37,0,0,0,NORMAL,0,3,1,6,117,321,0,322,0,0,0,0,0,0,0
247620,32,bully,3502,1,36,4478742,321,0,1926,0,1,32,244118,3502,0,37,0,0,0,LEADER,1,4,1,38,36,321,0,0,0,0,0,0,0,0,0
247661,4,bully,3543,1,36,4480218,321,640,1926,3840,1,1,244118,3543,0,37,0,0,0,NORMAL,0,3,1,6,111,321,0,640,0,0,0,0,0,0,0
247727,24,bully,3610,1,36,4482605,321,0,1926,0,1,24,244117,3610,0,37,0,0,0,LEADER,1,4,1,30,36,321,0,0,0,0,0,0,0,0,0
247422,20,bully,3304,1,36,4471614,321,0,1926,0,1,20,244118,3304,0,37,0,0,0,LEADER,1,4,1,26,36,321,0,0,0,0,0,0,0,0,0
247068,38,bully,2950,1,36,4458870,321,0,1926,0,1,38,244118,2950,0,37,0,0,0,LEADER,1,4,1,44,36,321,0,0,0,0,0,0,0,0,0
247705,23,bully,3585,1,36,4481756,321,0,1926,0,1,23,244120,3585,0,37,0,0,0,LEADER,1,4,1,29,36,321,0,0,0,0,0,0,0,0,0
247525,7,bully,3407,1,36,4475322,321,644,1926,3864,2,1,244118,3407,0,37,0,0,0,NORMAL,0,3,1,6,115,321,0,644,0,0,0,0,0,0,0
247658,47,bully,3540,1,36,4480110,321,0,1926,0,1,47,244118,3540,0,37,0,0,0,LEADER,1,4,1,53,36,321,0,0,0,0,0,0,0,0,0
247511,39,bully,3392,1,36,4474809,321,0,1926,0,1,39,244119,3392,0,37,0,0,0,LEADER,1,4,1,45,36,321,0,0,0,0,0,0,0,0,0
247668,15,bully,3555,1,36,4480577,321,316,1926,1896,2,1,244113,3555,0,37,0,0,0,NORMAL,0,3,1,6,128,321,0,316,0,0,0,0,0,0,0
247543,49,bully,3425,1,36,4475970,321,0,1926,0,1,49,244118,3425,0,37,0,0,0,LEADER,1,4,1,55,36,321,0,0,0,0,0,0,0,0,0
247325,1,bully,3216,1,36,4468309,321,643,1926,3858,1,1,244109,3216,0,37,0,0,0,LEADER,1,4,1,7,36,321,0,643,0,0,0,0,0,0,0
247484,40,bully,3371,1,36,4473917,321,0,1926,0,1,40,244113,3371,0,37,0,0,0,LEADER,1,4,1,46,36,321,0,0,0,0,0,0,0,0,0
247693,14,bully,3577,1,36,4481397,321,321,1926,1926,2,1,244116,3577,0,37,0,0,0,NORMAL,0,3,1,6,115,321,0,321,0,0,0,0,0,0,0
247796,44,bully,3677,1,36,4485051,321,0,1926,0,1,44,244119,3677,0,37,0,0,0,LEADER,1,4,1,50,36,321,0,0,0,0,0,0,0,0,0
247810,12,bully,3692,1,36,4485582,321,322,1926,1932,1,1,244118,3692,0,37,0,0,0,NORMAL,0,3,1,6,111,321,0,322,0,0,0,0,0,0,0
247761,34,bully,3643,1,36,4483818,321,0,1926,0,1,34,244118,3643,0,37,0,0,0,LEADER,1,4,1,40,36,321,0,0,0,0,0,0,0,0,0
249304,18,bully,2883,1,36,4456458,324,0,1944,0,1,18,246421,2883,0,37,0,0,0,LEADER,1,4,1,27,36,324,0,0,0,0,0,0,0,0,0
249249,9,bully,2828,1,36,4454478,324,322,1944,1932,1,1,246421,2828,0,37,0,0,0,NORMAL,0,3,1,9,108,324,0,322,0,0,0,0,0,0,0
249402,13,bully,2983,1,36,4460041,324,320,1944,1920,2,1,246419,2983,0,37,0,0,0,NORMAL,0,3,1,9,114,324,0,320,0,0,0,0,0,0,0
249474,25,bully,3053,1,36,4462578,324,0,1944,0,1,25,246421,3053,0,37,0,0,0,LEADER,1,4,1,34,36,324,0,0,0,0,0,0,0,0,0
249479,36,bully,3065,1,36,4462828,324,0,1944,0,1,36,246414,3065,0,37,0,0,0,LEADER,1,4,1,45,36,324,0,0,0,0,0,0,0,0,0
249316,29,bully,2895,1,36,4456890,324,0,1944,0,1,29,246421,2895,0,37,0,0,0,LEADER,1,4,1,38,36,324,0,0,0,0,0,0,0,0,0
249498,35,bully,3086,1,36,4463640,324,0,1944,0,1,35,246412,3086,0,37,0,0,0,LEADER,1,4,1,44,36,324,0,0,0,0,0,0,0,0,0
249382,6,bully,2965,1,36,4459331,324,646,1944,3876,2,1,246417,2965,0,37,0,0,0,NORMAL,0,3,1,9,114,324,0,646,0,0,0,0,0,0,0
249554,48,bully,3133,1,36,4465458,324,0,1944,0,1,48,246421,3133,0,37,0,0,0,LEADER,1,4,1,57,36,324,0,0,0,0,0,0,0,0,0
249288,50,bully,2868,1,36,4455899,324,0,1944,0,1,50,246420,2868,0,37,0,0,0,LEADER,1,4,1,59,36,324,0,0,0,0,0,0,0,0,0
249230,41,bully,2813,1,36,4453818,324,0,1944,0,1,41,246417,2813,0,37,0,0,0,LEADER,1,4,1,50,36,324,0,0,0,0,0,0,0,0,0
249691,10,bully,3271,1,36,4470421,324,323,1944,1938,1,1,246420,3271,0,37,0,0,0,NORMAL,0,3,1,9,110,324,0,323,0,0,0,0,0,0,0
249523,3,bully,3101,1,36,4464323,324,646,1944,3876,1,1,246422,3101,0,37,0,0,0,NORMAL,0,3,1,9,110,324,0,646,0,0,0,0,0,0,0
249134,11,bully,2713,1,36,4450338,324,316,1944,1896,1,1,246421,2713,0,37,0,0,0,NORMAL,0,3,1,9,146,324,0,316,0,0,0,0,0,0,0
249540,45,bully,3119,1,36,4464954,324,0,1944,0,1,45,246421,3119,0,37,0,0,0,LEADER,1,4,1,54,36,324,0,0,0,0,0,0,0,0,0
249677,42,bully,3256,1,36,4469886,324,0,1944,0,1,42,246421,3256,0,37,0,0,0,LEADER,1,4,1,51,36,324,0,0,0,0,0,0,0,0,0
249643,46,bully,3222,1,36,4468662,324,0,1944,0,1,46,246421,3222,0,37,0,0,0,LEADER,1,4,1,55,36,324,0,0,0,0,0,0,0,0,0
249200,31,bully,2780,1,36,4452748,324,0,1944,0,1,31,246420,2780,0,37,0,0,0,LEADER,1,4,1,40,36,324,0,0,0,0,0,0,0,0,0
249807,8,bully,3386,1,36,4474566,324,323,1944,1938,2,1,246421,3386,0,37,0,0,0,NORMAL,0,3,1,9,116,324,0,323,0,0,0,0,0,0,0
249452,26,bully,3031,1,36,4461786,324,0,1944,0,1,26,246421,3031,0,37,0,0,0,LEADER,1,4,1,35,36,324,0,0,0,0,0,0,0,0,0
249860,17,bully,3440,1,36,4476496,324,0,1944,0,1,17,246420,3440,0,37,0,0,0,LEADER,1,4,1,26,36,324,0,0,0,0,0,0,0,0,0
249758,30,bully,3337,1,36,4472802,324,0,1944,0,1,30,246421,3337,0,37,0,0,0,LEADER,1,4,1,39,36,324,0,0,0,0,0,0,0,0,0
249943,5,bully,3522,1,36,4479462,324,647,1944,3882,2,1,246421,3522,0,37,0,0,0,NORMAL,0,3,1,9,112,324,0,647,0,0,0,0,0,0,0
249589,2,bully,3168,1,36,4466718,324,644,1944,3864,1,1,246421,3168,0,37,0,0,0,NORMAL,0,3,1,9,108,324,0,644,0,0,0,0,0,0,0
249337,28,bully,2916,1,36,4457646,324,0,1944,0,1,28,246421,2916,0,37,0,0,0,LEADER,1,4,1,37,36,324,0,0,0,0,0,0,0,0,0
249888,27,bully,3473,1,36,4477668,324,0,1944,0,1,27,246415,3473,0,37,0,0,0,LEADER,1,4,1,36,36,324,0,0,0,0,0,0,0,0,0
249928,37,bully,3507,1,36,4478922,324,0,1944,0,1,37,246421,3507,0,37,0,0,0,LEADER,1,4,1,46,36,324,0,0,0,0,0,0,0,0,0
249275,19,bully,2861,1,36,4455538,324,0,1944,0,1,19,246414,2861,0,37,0,0,0,LEADER,1,4,1,28,36,324,0,0,0,0,0,0,0,0,0
249145,22,bully,2725,1,36,4450759,324,0,1944,0,1,22,246420,2725,0,37,0,0,0,LEADER,1,4,1,31,36,324,0,0,0,0,0,0,0,0,0
249158,21,bully,2747,1,36,4451358,324,0,1944,0,1,21,246411,2747,0,37,0,0,0,LEADER,1,4,1,30,36,324,0,0,0,0,0,0,0,0,0
249622,33,bully,3201,1,36,4467906,324,0,1944,0,1,33,246421,3201,0,37,0,0,0,LEADER,1,4,1,42,36,324,0,0,0,0,0,0,0,0,0
249655,43,bully,3234,1,36,4469094,324,0,1944,0,1,43,246421,3234,0,37,0,0,0,LEADER,1,4,1,52,36,324,0,0,0,0,0,0,0,0,0
249419,16,bully,2998,1,36,4460598,324,325,1944,1950,2,1,246421,2998,0,37,0,0,0,NORMAL,0,3,1,9,117,324,0,325,0,0,0,0,0,0,0
249923,32,bully,3502,1,36,4478742,324,0,1944,0,1,32,246421,3502,0,37,0,0,0,LEADER,1,4,1,41,36,324,0,0,0,0,0,0,0,0,0
249964,4,bully,3543,1,36,4480218,324,646,1944,3876,1,1,246421,3543,0,37,0,0,0,NORMAL,0,3,1,9,111,324,0,646,0,0,0,0,0,0,0
250030,24,bully,3610,1,36,4482605,324,0,1944,0,1,24,246420,3610,0,37,0,0,0,LEADER,1,4,1,33,36,324,0,0,0,0,0,0,0,0,0
249725,20,bully,3304,1,36,4471614,324,0,1944,0,1,20,246421,3304,0,37,0,0,0,LEADER,1,4,1,29,36,324,0,0,0,0,0,0,0,0,0
249371,38,bully,2950,1,36,4458870,324,0,1944,0,1,38,246421,2950,0,37,0,0,0,LEADER,1,4,1,47,36,324,0,0,0,0,0,0,0,0,0
250008,23,bully,3585,1,36,4481756,324,0,1944,0,1,23,246423,3585,0,37,0,0,0,LEADER,1,4,1,32,36,324,0,0,0,0,0,0,0,0,0
249828,7,bully,3407,1,36,4475322,324,650,1944,3900,2,1,246421,3407,0,37,0,0,0,NORMAL,0,3,1,9,115,324,0,650,0,0,0,0,0,0,0
249961,47,bully,3540,1,36,4480110,324,0,1944,0,1,47,246421,3540,0,37,0,0,0,LEADER,1,4,1,56,36,324,0,0,0,0,0,0,0,0,0
249814,39,bully,3392,1,36,4474809,324,0,1944,0,1,39,246422,3392,0,37,0,0,0,LEADER,1,4,1,48,36,324,0,0,0,0,0,0,0,0,0
249971,15,bully,3555,1,36,4480577,324,319,1944,1914,2,1,246416,3555,0,37,0,0,0,NORMAL,0,3,1,9,128,324,0,319,0,0,0,0,0,0,0
249846,49,bully,3425,1,36,4475970,324,0,1944,0,1,49,246421,3425,0,37,0,0,0,LEADER,1,4,1,58,36,324,0,0,0,0,0,0,0,0,0
249628,1,bully,3216,1,36,4468309,324,649,1944,3894,1,1,246412,3216,0,37,0,0,0,LEADER,1,4,1,10,36,324,0,649,0,0,0,0,0,0,0
249787,40,bully,3371,1,36,4473917,324,0,1944,0,1,40,246416,3371,0,37,0,0,0,LEADER,1,4,1,49,36,324,0,0,0,0,0,0,0,0,0
249996,14,bully,3577,1,36,4481397,324,324,1944,1944,2,1,246419,3577,0,37,0,0,0,NORMAL,0,3,1,9,115,324,0,324,0,0,0,0,0,0,0
250099,44,bully,3677,1,36,4485051,324,0,1944,0,1,44,246422,3677,0,37,0,0,0,LEADER,1,4,1,53,36,324,0,0,0,0,0,0,0,0,0
250113,12,bully,3692,1,36,4485582,324,325,1944,1950,1,1,246421,3692,0,37,0,0,0,NORMAL,0,3,1,9,111,324,0,325,0,0,0,0,0,0,0
250064,34,bully,3643,1,36,4483818,324,0,1944,0,1,34,246421,3643,0,37,0,0,0,LEADER,1,4,1,43,36,324,0,0,0,0,0,0,0,0,0
251607,18,bully,2883,1,37,4708065,327,0,1962,0,1,18,248724,2883,0,38,0,0,0,LEADER,1,4,1,21,37,327,0,0,0,0,0,0,0,0,0
251552,9,bully,2828,1,37,4706030,327,325,1962,1950,1,1,248724,2828,0,38,0,0,0,NORMAL,0,3,2,3,111,327,0,325,0,0,0,0,0,0,0
251705,13,bully,2983,1,37,4711746,327,323,1962,1938,2,1,248722,2983,0,38,0,0,0,NORMAL,0,3,2,3,117,327,0,323,0,0,0,0,0,0,0
251777,25,bully,3053,1,37,4714355,327,0,1962,0,1,25,248724,3053,0,38,0,0,0,LEADER,1,4,1,28,37,327,0,0,0,0,0,0,0,0,0
251781,36,bully,3065,1,37,4714609,327,0,1962,0,1,36,248716,3065,0,38,0,0,0,LEADER,1,4,1,39,37,327,0,0,0,0,0,0,0,0,0
251619,29,bully,2895,1,37,4708509,327,0,1962,0,1,29,248724,2895,0,38,0,0,0,LEADER,1,4,1,32,37,327,0,0,0,0,0,0,0,0,0
251801,35,bully,3086,1,37,4715441,327,0,1962,0,1,35,248715,3086,0,38,0,0,0,LEADER,1,4,1,38,37,327,0,0,0,0,0,0,0,0,0
251685,6,bully,2965,1,37,4711016,327,652,1962,3912,2,1,248720,2965,0,38,0,0,0,NORMAL,0,3,2,3,117,327,0,652,0,0,0,0,0,0,0
251857,48,bully,3133,1,37,4717315,327,0,1962,0,1,48,248724,3133,0,38,0,0,0,LEADER,1,4,1,51,37,327,0,0,0,0,0,0,0,0,0
251591,50,bully,2868,1,37,4707490,327,0,1962,0,1,50,248723,2868,0,38,0,0,0,LEADER,1,4,1,53,37,327,0,0,0,0,0,0,0,0,0
251533,41,bully,2813,1,37,4705351,327,0,1962,0,1,41,248720,2813,0,38,0,0,0,LEADER,1,4,1,44,37,327,0,0,0,0,0,0,0,0,0
251994,10,bully,3271,1,37,4722415,327,326,1962,1956,1,1,248723,3271,0,38,0,0,0,NORMAL,0,3,2,3,113,327,0,326,0,0,0,0,0,0,0
251826,3,bully,3101,1,37,4716149,327,652,1962,3912,1,1,248725,3101,0,38,0,0,0,NORMAL,0,3,2,3,113,327,0,652,0,0,0,0,0,0,0
251437,11,bully,2713,1,37,4701775,327,319,1962,1914,1,1,248724,2713,0,38,0,0,0,NORMAL,0,3,2,3,150,327,0,319,0,0,0,0,0,0,0
251843,45,bully,3119,1,37,4716797,327,0,1962,0,1,45,248724,3119,0,38,0,0,0,LEADER,1,4,1,48,37,327,0,0,0,0,0,0,0,0,0
251980,42,bully,3256,1,37,4721866,327,0,1962,0,1,42,248724,3256,0,38,0,0,0,LEADER,1,4,1,45,37,327,0,0,0,0,0,0,0,0,0
251946,46,bully,3222,1,37,4720608,327,0,1962,0,1,46,248724,3222,0,38,0,0,0,LEADER,1,4,1,49,37,327,0,0,0,0,0,0,0,0,0
251503,31,bully,2780,1,37,4704251,327,0,1962,0,1,31,248723,2780,0,38,0,0,0,LEADER,1,4,1,34,37,327,0,0,0,0,0,0,0,0,0
252110,8,bully,3386,1,37,4726676,327,326,1962,1956,2,1,248724,3386,0,38,0,0,0,NORMAL,0,3,2,3,119,327,0,326,0,0,0,0,0,0,0
251755,26,bully,3031,1,37,4713541,327,0,1962,0,1,26,248724,3031,0,38,0,0,0,LEADER,1,4,1,29,37,327,0,0,0,0,0,0,0,0,0
252163,17,bully,3440,1,37,4728659,327,0,1962,0,1,17,248723,3440,0,38,0,0,0,LEADER,1,4,1,20,37,327,0,0,0,0,0,0,0,0,0
252061,30,bully,3337,1,37,4724863,327,0,1962,0,1,30,248724,3337,0,38,0,0,0,LEADER,1,4,1,33,37,327,0,0,0,0,0,0,0,0,0
252246,5,bully,3522,1,37,4731708,327,653,1962,3918,2,1,248724,3522,0,38,0,0,0,NORMAL,0,3,2,3,115,327,0,653,0,0,0,0,0,0,0
251892,2,bully,3168,1,37,4718610,327,650,1962,3900,1,1,248724,3168,0,38,0,0,0,NORMAL,0,3,2,3,111,327,0,650,0,0,0,0,0,0,0
251640,28,bully,2916,1,37,4709286,327,0,1962,0,1,28,248724,2916,0,38,0,0,0,LEADER,1,4,1,31,37,327,0,0,0,0,0,0,0,0,0
252191,27,bully,3473,1,37,4729859,327,0,1962,0,1,27,248718,3473,0,38,0,0,0,LEADER,1,4,1,30,37,327,0,0,0,0,0,0,0,0,0
252231,37,bully,3507,1,37,4731153,327,0,1962,0,1,37,248724,3507,0,38,0,0,0,LEADER,1,4,1,40,37,327,0,0,0,0,0,0,0,0,0
251577,19,bully,2861,1,37,4707115,327,0,1962,0,1,19,248716,2861,0,38,0,0,0,LEADER,1,4,1,22,37,327,0,0,0,0,0,0,0,0,0
251448,22,bully,2725,1,37,4702207,327,0,1962,0,1,22,248723,2725,0,38,0,0,0,LEADER,1,4,1,25,37,327,0,0,0,0,0,0,0,0,0
251461,21,bully,2747,1,37,4702819,327,0,1962,0,1,21,248714,2747,0,38,0,0,0,LEADER,1,4,1,24,37,327,0,0,0,0,0,0,0,0,0
251925,33,bully,3201,1,37,4719831,327,0,1962,0,1,33,248724,3201,0,38,0,0,0,LEADER,1,4,1,36,37,327,0,0,0,0,0,0,0,0,0
251958,43,bully,3234,1,37,4721052,327,0,1962,0,1,43,248724,3234,0,38,0,0,0,LEADER,1,4,1,46,37,327,0,0,0,0,0,0,0,0,0
251722,16,bully,2998,1,37,4712320,327,328,1962,1968,2,1,248724,2998,0,38,0,0,0,NORMAL,0,3,2,3,120,327,0,328,0,0,0,0,0,0,0
252226,32,bully,3502,1,37,4730968,327,0,1962,0,1,32,248724,3502,0,38,0,0,0,LEADER,1,4,1,35,37,327,0,0,0,0,0,0,0,0,0
252267,4,bully,3543,1,37,4732485,327,652,1962,3912,1,1,248724,3543,0,38,0,0,0,NORMAL,0,3,2,3,114,327,0,652,0,0,0,0,0,0,0
252333,24,bully,3610,1,37,4734938,327,0,1962,0,1,24,248723,3610,0,38,0,0,0,LEADER,1,4,1,27,37,327,0,0,0,0,0,0,0,0,0
252028,20,bully,3304,1,37,4723642,327,0,1962,0,1,20,248724,3304,0,38,0,0,0,LEADER,1,4,1,23,37,327,0,0,0,0,0,0,0,0,0
251674,38,bully,2950,1,37,4710544,327,0,1962,0,1,38,248724,2950,0,38,0,0,0,LEADER,1,4,1,41,37,327,0,0,0,0,0,0,0,0,0
252311,23,bully,3585,1,37,4734067,327,0,1962,0,1,23,248726,3585,0,38,0,0,0,LEADER,1,4,1,26,37,327,0,0,0,0,0,0,0,0,0
252131,7,bully,3407,1,37,4727453,327,656,1962,3936,2,1,248724,3407,0,38,0,0,0,NORMAL,0,3,2,3,118,327,0,656,0,0,0,0,0,0,0
252264,47,bully,3540,1,37,4732374,327,0,1962,0,1,47,248724,3540,0,38,0,0,0,LEADER,1,4,1,50,37,327,0,0,0,0,0,0,0,0,0
252117,39,bully,3392,1,37,4726926,327,0,1962,0,1,39,248725,3392,0,38,0,0,0,LEADER,1,4,1,42,37,327,0,0,0,0,0,0,0,0,0
252274,15,bully,3555,1,37,4732851,327,322,1962,1932,2,1,248719,3555,0,38,0,0,0,NORMAL,0,3,2,3,132,327,0,322,0,0,0,0,0,0,0
252149,49,bully,3425,1,37,4728119,327,0,1962,0,1,49,248724,3425,0,38,0,0,0,LEADER,1,4,1,52,37,327,0,0,0,0,0,0,0,0,0
251931,1,bully,3216,1,37,4720240,327,656,1962,3936,1,1,248715,3216,0,38,0,0,0,LEADER,1,4,1,4,37,327,0,656,0,0,0,0,0,0,0
252090,40,bully,3371,1,37,4726007,327,0,1962,0,1,40,248719,3371,0,38,0,0,0,LEADER,1,4,1,43,37,327,0,0,0,0,0,0,0,0,0
252299,14,bully,3577,1,37,4733696,327,327,1962,1962,2,1,248722,3577,0,38,0,0,0,NORMAL,0,3,2,3,118,327,0,327,0,0,0,0,0,0,0
252402,44,bully,3677,1,37,4737453,327,0,1962,0,1,44,248725,3677,0,38,0,0,0,LEADER,1,4,1,47,37,327,0,0,0,0,0,0,0,0,0
252416,12,bully,3692,1,37,4737998,327,328,1962,1968,1,1,248724,3692,0,38,0,0,0,NORMAL,0,3,2,3,114,327,0,328,0,0,0,0,0,0,0
252367,34,bully,3643,1,37,4736185,327,0,1962,0,1,34,248724,3643,0,38,0,0,0,LEADER,1,4,1,37,37,327,0,0,0,0,0,0,0,0,0
253910,18,bully,2883,1,37,4708065,330,0,1980,0,1,18,251027,2883,0,38,0,0,0,LEADER,1,4,1,24,37,330,0,0,0,0,0,0,0,0,0
253855,9,bully,2828,1,37,4706030,330,328,1980,1968,1,1,251027,2828,0,38,0,0,0,NORMAL,0,3,1,6,111,330,0,328,0,0,0,0,0,0,0
254008,13,bully,2983,1,37,4711746,330,326,1980,1956,2,1,251025,2983,0,38,0,0,0,NORMAL,0,3,1,6,117,330,0,326,0,0,0,0,0,0,0
254080,25,bully,3053,1,37,4714355,330,0,1980,0,1,25,251027,3053,0,38,0,0,0,LEADER,1,4,1,31,37,330,0,0,0,0,0,0,0,0,0
254084,36,bully,3065,1,37,4714609,330,0,1980,0,1,36,251019,3065,0,38,0,0,0,LEADER,1,4,1,42,37,330,0,0,0,0,0,0,0,0,0
253922,29,bully,2895,1,37,4708509,330,0,1980,0,1,29,251027,2895,0,38,0,0,0,LEADER,1,4,1,35,37,330,0,0,0,0,0,0,0,0,0
254104,35,bully,3086,1,37,4715441,330,0,1980,0,1,35,251018,3086,0,38,0,0,0,LEADER,1,4,1,41,37,330,0,0,0,0,0,0,0,0,0
253988,6,bully,2965,1,37,4711016,330,658,1980,3948,2,1,251023,2965,0,38,0,0,0,NORMAL,0,3,1,6,117,330,0,658,0,0,0,0,0,0,0
254160,48,bully,3133,1,37,4717315,330,0,1980,0,1,48,251027,3133,0,38,0,0,0,LEADER,1,4,1,54,37,330,0,0,0,0,0,0,0,0,0
253894,50,bully,2868,1,37,4707490,330,0,1980,0,1,50,251026,2868,0,38,0,0,0,LEADER,1,4,1,56,37,330,0,0,0,0,0,0,0,0,0
254297,10,bully,3271,1,37,4722415,330,329,1980,1974,1,1,251026,3271,0,38,0,0,0,NORMAL,0,3,1,6,113,330,0,329,0,0,0,0,0,0,0
253836,41,bully,2813,1,37,4705351,330,0,1980,0,1,41,251023,2813,0,38,0,0,0,LEADER,1,4,1,47,37,330,0,0,0,0,0,0,0,0,0
254129,3,bully,3101,1,37,4716149,330,658,1980,3948,1,1,251028,3101,0,38,0,0,0,NORMAL,0,3,1,6,113,330,0,658,0,0,0,0,0,0,0
253740,11,bully,2713,1,37,4701775,330,322,1980,1932,1,1,251027,2713,0,38,0,0,0,NORMAL,0,3,1,6,150,330,0,322,0,0,0,0,0,0,0
254146,45,bully,3119,1,37,4716797,330,0,1980,0,1,45,251027,3119,0,38,0,0,0,LEADER,1,4,1,51,37,330,0,0,0,0,0,0,0,0,0
254283,42,bully,3256,1,37,4721866,330,0,1980,0,1,42,251027,3256,0,38,0,0,0,LEADER,1,4,1,48,37,330,0,0,0,0,0,0,0,0,0
254249,46,bully,3222,1,37,4720608,330,0,1980,0,1,46,251027,3222,0,38,0,0,0,LEADER,1,4,1,52,37,330,0,0,0,0,0,0,0,0,0
253806,31,bully,2780,1,37,4704251,330,0,1980,0,1,31,251026,2780,0,38,0,0,0,LEADER,1,4,1,37,37,330,0,0,0,0,0,0,0,0,0
254413,8,bully,3386,1,37,4726676,330,329,1980,1974,2,1,251027,3386,0,38,0,0,0,NORMAL,0,3,1,6,119,330,0,329,0,0,0,0,0,0,0
254058,26,bully,3031,1,37,4713541,330,0,1980,0,1,26,251027,3031,0,38,0,0,0,LEADER,1,4,1,32,37,330,0,0,0,0,0,0,0,0,0
254466,17,bully,3440,1,37,4728659,330,0,1980,0,1,17,251026,3440,0,38,0,0,0,LEADER,1,4,1,23,37,330,0,0,0,0,0,0,0,0,0
254364,30,bully,3337,1,37,4724863,330,0,1980,0,1,30,251027,3337,0,38,0,0,0,LEADER,1,4,1,36,37,330,0,0,0,0,0,0,0,0,0
254549,5,bully,3522,1,37,4731708,330,659,1980,3954,2,1,251027,3522,0,38,0,0,0,NORMAL,0,3,1,6,115,330,0,659,0,0,0,0,0,0,0
254195,2,bully,3168,1,37,4718610,330,656,1980,3936,1,1,251027,3168,0,38,0,0,0,NORMAL,0,3,1,6,111,330,0,656,0,0,0,0,0,0,0
253943,28,bully,2916,1,37,4709286,330,0,1980,0,1,28,251027,2916,0,38,0,0,0,LEADER,1,4,1,34,37,330,0,0,0,0,0,0,0,0,0
254494,27,bully,3473,1,37,4729859,330,0,1980,0,1,27,251021,3473,0,38,0,0,0,LEADER,1,4,1,33,37,330,0,0,0,0,0,0,0,0,0
254534,37,bully,3507,1,37,4731153,330,0,1980,0,1,37,251027,3507,0,38,0,0,0,LEADER,1,4,1,43,37,330,0,0,0,0,0,0,0,0,0
253880,19,bully,2861,1,37,4707115,330,0,1980,0,1,19,251019,2861,0,38,0,0,0,LEADER,1,4,1,25,37,330,0,0,0,0,0,0,0,0,0
253751,22,bully,2725,1,37,4702207,330,0,1980,0,1,22,251026,2725,0,38,0,0,0,LEADER,1,4,1,28,37,330,0,0,0,0,0,0,0,0,0
253764,21,bully,2747,1,37,4702819,330,0,1980,0,1,21,251017,2747,0,38,0,0,0,LEADER,1,4,1,27,37,330,0,0,0,0,0,0,0,0,0
254228,33,bully,3201,1,37,4719831,330,0,1980,0,1,33,251027,3201,0,38,0,0,0,LEADER,1,4,1,39,37,330,0,0,0,0,0,0,0,0,0
254261,43,bully,3234,1,37,4721052,330,0,1980,0,1,43,251027,3234,0,38,0,0,0,LEADER,1,4,1,49,37,330,0,0,0,0,0,0,0,0,0
254025,16,bully,2998,1,37,4712320,330,331,1980,1986,2,1,251027,2998,0,38,0,0,0,NORMAL,0,3,1,6,120,330,0,331,0,0,0,0,0,0,0
254529,32,bully,3502,1,37,4730968,330,0,1980,0,1,32,251027,3502,0,38,0,0,0,LEADER,1,4,1,38,37,330,0,0,0,0,0,0,0,0,0
254570,4,bully,3543,1,37,4732485,330,658,1980,3948,1,1,251027,3543,0,38,0,0,0,NORMAL,0,3,1,6,114,330,0,658,0,0,0,0,0,0,0
254636,24,bully,3610,1,37,4734938,330,0,1980,0,1,24,251026,3610,0,38,0,0,0,LEADER,1,4,1,30,37,330,0,0,0,0,0,0,0,0,0
254331,20,bully,3304,1,37,4723642,330,0,1980,0,1,20,251027,3304,0,38,0,0,0,LEADER,1,4,1,26,37,330,0,0,0,0,0,0,0,0,0
253977,38,bully,2950,1,37,4710544,330,0,1980,0,1,38,251027,2950,0,38,0,0,0,LEADER,1,4,1,44,37,330,0,0,0,0,0,0,0,0,0
254614,23,bully,3585,1,37,4734067,330,0,1980,0,1,23,251029,3585,0,38,0,0,0,LEADER,1,4,1,29,37,330,0,0,0,0,0,0,0,0,0
254434,7,bully,3407,1,37,4727453,330,662,1980,3972,2,1,251027,3407,0,38,0,0,0,NORMAL,0,3,1,6,118,330,0,662,0,0,0,0,0,0,0
254567,47,bully,3540,1,37,4732374,330,0,1980,0,1,47,251027,3540,0,38,0,0,0,LEADER,1,4,1,53,37,330,0,0,0,0,0,0,0,0,0
254421,39,bully,3392,1,37,4726926,330,0,1980,0,1,39,251029,3392,0,38,0,0,0,LEADER,1,4,1,45,37,330,0,0,0,0,0,0,0,0,0
254577,15,bully,3555,1,37,4732851,330,325,1980,1950,2,1,251022,3555,0,38,0,0,0,NORMAL,0,3,1,6,132,330,0,325,0,0,0,0,0,0,0
254452,49,bully,3425,1,37,4728119,330,0,1980,0,1,49,251027,3425,0,38,0,0,0,LEADER,1,4,1,55,37,330,0,0,0,0,0,0,0,0,0
254234,1,bully,3216,1,37,4720240,330,661,1980,3966,1,1,251018,3216,0,38,0,0,0,LEADER,1,4,1,7,37,330,0,661,0,0,0,0,0,0,0
254393,40,bully,3371,1,37,4726007,330,0,1980,0,1,40,251022,3371,0,38,0,0,0,LEADER,1,4,1,46,37,330,0,0,0,0,0,0,0,0,0
254602,14,bully,3577,1,37,4733696,330,330,1980,1980,2,1,251025,3577,0,38,0,0,0,NORMAL,0,3,1,6,118,330,0,330,0,0,0,0,0,0,0
254705,44,bully,3677,1,37,4737453,330,0,1980,0,1,44,251028,3677,0,38,0,0,0,LEADER,1,4,1,50,37,330,0,0,0,0,0,0,0,0,0
254719,12,bully,3692,1,37,4737998,330,331,1980,1986,1,1,251027,3692,0,38,0,0,0,NORMAL,0,3,1,6,114,330,0,331,0,0,0,0,0,0,0
254670,34,bully,3643,1,37,4736185,330,0,1980,0,1,34,251027,3643,0,38,0,0,0,LEADER,1,4,1,40,37,330,0,0,0,0,0,0,0,0,0
256213,18,bully,2883,1,37,4708065,333,0,1998,0,1,18,253330,2883,0,38,0,0,0,LEADER,1,4,1,27,37,333,0,0,0,0,0,0,0,0,0
256158,9,bully,2828,1,37,4706030,333,331,1998,1986,1,1,253330,2828,0,38,0,0,0,NORMAL,0,3,1,9,111,333,0,331,0,0,0,0,0,0,0
256311,13,bully,2983,1,37,4711746,333,329,1998,1974,2,1,253328,2983,0,38,0,0,0,NORMAL,0,3,1,9,117,333,0,329,0,0,0,0,0,0,0
256383,25,bully,3053,1,37,4714355,333,0,1998,0,1,25,253330,3053,0,38,0,0,0,LEADER,1,4,1,34,37,333,0,0,0,0,0,0,0,0,0
256387,36,bully,3065,1,37,4714609,333,0,1998,0,1,36,253322,3065,0,38,0,0,0,LEADER,1,4,1,45,37,333,0,0,0,0,0,0,0,0,0
256225,29,bully,2895,1,37,4708509,333,0,1998,0,1,29,253330,2895,0,38,0,0,0,LEADER,1,4,1,38,37,333,0,0,0,0,0,0,0,0,0
256407,35,bully,3086,1,37,4715441,333,0,1998,0,1,35,253321,3086,0,38,0,0,0,LEADER,1,4,1,44,37,333,0,0,0,0,0,0,0,0,0
256291,6,bully,2965,1,37,4711016,333,664,1998,3984,2,1,253326,2965,0,38,0,0,0,NORMAL,0,3,1,9,117,333,0,664,0,0,0,0,0,0,0
256463,48,bully,3133,1,37,4717315,333,0,1998,0,1,48,253330,3133,0,38,0,0,0,LEADER,1,4,1,57,37,333,0,0,0,0,0,0,0,0,0
256197,50,bully,2868,1,37,4707490,333,0,1998,0,1,50,253329,2868,0,38,0,0,0,LEADER,1,4,1,59,37,333,0,0,0,0,0,0,0,0,0
256600,10,bully,3271,1,37,4722415,333,332,1998,1992,1,1,253329,3271,0,38,0,0,0,NORMAL,0,3,1,9,113,333,0,332,0,0,0,0,0,0,0
256139,41,bully,2813,1,37,4705351,333,0,1998,0,1,41,253326,2813,0,38,0,0,0,LEADER,1,4,1,50,37,333,0,0,0,0,0,0,0,0,0
256432,3,bully,3101,1,37,4716149,333,664,1998,3984,1,1,253331,3101,0,38,0,0,0,NORMAL,0,3,1,9,113,333,0,664,0,0,0,0,0,0,0
256043,11,bully,2713,1,37,4701775,333,325,1998,1950,1,1,253330,2713,0,38,0,0,0,NORMAL,0,3,1,9,150,333,0,325,0,0,0,0,0,0,0
256449,45,bully,3119,1,37,4716797,333,0,1998,0,1,45,253330,3119,0,38,0,0,0,LEADER,1,4,1,54,37,333,0,0,0,0,0,0,0,0,0
256586,42,bully,3256,1,37,4721866,333,0,1998,0,1,42,253330,3256,0,38,0,0,0,LEADER,1,4,1,51,37,333,0,0,0,0,0,0,0,0,0
256552,46,bully,3222,1,37,4720608,333,0,1998,0,1,46,253330,3222,0,38,0,0,0,LEADER,1,4,1,55,37,333,0,0,0,0,0,0,0,0,0
256109,31,bully,2780,1,37,4704251,333,0,1998,0,1,31,253329,2780,0,38,0,0,0,LEADER,1,4,1,40,37,333,0,0,0,0,0,0,0,0,0
256716,8,bully,3386,1,37,4726676,333,332,1998,1992,2,1,253330,3386,0,38,0,0,0,NORMAL,0,3,1,9,119,333,0,332,0,0,0,0,0,0,0
256361,26,bully,3031,1,37,4713541,333,0,1998,0,1,26,253330,3031,0,38,0,0,0,LEADER,1,4,1,35,37,333,0,0,0,0,0,0,0,0,0
256769,17,bully,3440,1,37,4728659,333,0,1998,0,1,17,253329,3440,0,38,0,0,0,LEADER,1,4,1,26,37,333,0,0,0,0,0,0,0,0,0
256667,30,bully,3337,1,37,4724863,333,0,1998,0,1,30,253330,3337,0,38,0,0,0,LEADER,1,4,1,39,37,333,0,0,0,0,0,0,0,0,0
256852,5,bully,3522,1,37,4731708,333,665,1998,3990,2,1,253330,3522,0,38,0,0,0,NORMAL,0,3,1,9,115,333,0,665,0,0,0,0,0,0,0
256498,2,bully,3168,1,37,4718610,333,662,1998,3972,1,1,253330,3168,0,38,0,0,0,NORMAL,0,3,1,9,111,333,0,662,0,0,0,0,0,0,0
256246,28,bully,2916,1,37,4709286,333,0,1998,0,1,28,253330,2916,0,38,0,0,0,LEADER,1,4,1,37,37,333,0,0,0,0,0,0,0,0,0
256797,27,bully,3473,1,37,4729859,333,0,1998,0,1,27,253324,3473,0,38,0,0,0,LEADER,1,4,1,36,37,333,0,0,0,0,0,0,0,0,0
256837,37,bully,3507,1,37,4731153,333,0,1998,0,1,37,253330,3507,0,38,0,0,0,LEADER,1,4,1,46,37,333,0,0,0,0,0,0,0,0,0
256183,19,bully,2861,1,37,4707115,333,0,1998,0,1,19,253322,2861,0,38,0,0,0,LEADER,1,4,1,28,37,333,0,0,0,0,0,0,0,0,0
256054,22,bully,2725,1,37,4702207,333,0,1998,0,1,22,253329,2725,0,38,0,0,0,LEADER,1,4,1,31,37,333,0,0,0,0,0,0,0,0,0
256067,21,bully,2747,1,37,4702819,333,0,1998,0,1,21,253320,2747,0,38,0,0,0,LEADER,1,4,1,30,37,333,0,0,0,0,0,0,0,0,0
256531,33,bully,3201,1,37,4719831,333,0,1998,0,1,33,253330,3201,0,38,0,0,0,LEADER,1,4,1,42,37,333,0,0,0,0,0,0,0,0,0
256564,43,bully,3234,1,37,4721052,333,0,1998,0,1,43,253330,3234,0,38,0,0,0,LEADER,1,4,1,52,37,333,0,0,0,0,0,0,0,0,0
256328,16,bully,2998,1,37,4712320,333,334,1998,2004,2,1,253330,2998,0,38,0,0,0,NORMAL,0,3,1,9,120,333,0,334,0,0,0,0,0,0,0
256832,32,bully,3502,1,37,4730968,333,0,1998,0,1,32,253330,3502,0,38,0,0,0,LEADER,1,4,1,41,37,333,0,0,0,0,0,0,0,0,0
256873,4,bully,3543,1,37,4732485,333,664,1998,3984,1,1,253330,3543,0,38,0,0,0,NORMAL,0,3,1,9,114,333,0,664,0,0,0,0,0,0,0
256939,24,bully,3610,1,37,4734938,333,0,1998,0,1,24,253329,3610,0,38,0,0,0,LEADER,1,4,1,33,37,333,0,0,0,0,0,0,0,0,0
256634,20,bully,3304,1,37,4723642,333,0,1998,0,1,20,253330,3304,0,38,0,0,0,LEADER,1,4,1,29,37,333,0,0,0,0,0,0,0,0,0
256280,38,bully,2950,1,37,4710544,333,0,1998,0,1,38,253330,2950,0,38,0,0,0,LEADER,1,4,1,47,37,333,0,0,0,0,0,0,0,0,0
256917,23,bully,3585,1,37,4734067,333,0,1998,0,1,23,253332,3585,0,38,0,0,0,LEADER,1,4,1,32,37,333,0,0,0,0,0,0,0,0,0
256737,7,bully,3407,1,37,4727453,333,668,1998,4008,2,1,253330,3407,0,38,0,0,0,NORMAL,0,3,1,9,118,333,0,668,0,0,0,0,0,0,0
256870,47,bully,3540,1,37,4732374,333,0,1998,0,1,47,253330,3540,0,38,0,0,0,LEADER,1,4,1,56,37,333,0,0,0,0,0,0,0,0,0
256724,39,bully,3392,1,37,4726926,333,0,1998,0,1,39,253332,3392,0,38,0,0,0,LEADER,1,4,1,48,37,333,0,0,0,0,0,0,0,0,0
256880,15,bully,3555,1,37,4732851,333,327,1998,1962,2,1,253325,3555,0,38,0,0,0,NORMAL,0,3,1,9,132,333,0,327,0,0,0,0,0,0,0
256755,49,bully,3425,1,37,4728119,333,0,1998,0,1,49,253330,3425,0,38,0,0,0,LEADER,1,4,1,58,37,333,0,0,0,0,0,0,0,0,0
256537,1,bully,3216,1,37,4720240,333,667,1998,4002,1,1,253321,3216,0,38,0,0,0,LEADER,1,4,1,10,37,333,0,667,0,0,0,0,0,0,0
256696,40,bully,3371,1,37,4726007,333,0,1998,0,1,40,253325,3371,0,38,0,0,0,LEADER,1,4,1,49,37,333,0,0,0,0,0,0,0,0,0
256905,14,bully,3577,1,37,4733696,333,333,1998,1998,2,1,253328,3577,0,38,0,0,0,NORMAL,0,3,1,9,118,333,0,333,0,0,0,0,0,0,0
257008,44,bully,3677,1,37,4737453,333,0,1998,0,1,44,253331,3677,0,38,0,0,0,LEADER,1,4,1,53,37,333,0,0,0,0,0,0,0,0,0
257022,12,bully,3692,1,37,4737998,333,334,1998,2004,1,1,253330,3692,0,38,0,0,0,NORMAL,0,3,1,9,114,333,0,334,0,0,0,0,0,0,0
256973,34,bully,3643,1,37,4736185,333,0,1998,0,1,34,253330,3643,0,38,0,0,0,LEADER,1,4,1,43,37,333,0,0,0,0,0,0,0,0,0
258516,18,bully,2883,1,38,4966581,336,0,2016,0,1,18,255633,2883,0,39,0,0,0,LEADER,1,4,1,21,38,336,0,0,0,0,0,0,0,0,0
258461,9,bully,2828,1,38,4964491,336,334,2016,2004,1,1,255633,2828,0,39,0,0,0,NORMAL,0,3,2,3,114,336,0,334,0,0,0,0,0,0,0
258614,13,bully,2983,1,38,4970360,336,332,2016,1992,2,1,255631,2983,0,39,0,0,0,NORMAL,0,3,2,3,120,336,0,332,0,0,0,0,0,0,0
258686,25,bully,3053,1,38,4973041,336,0,2016,0,1,25,255633,3053,0,39,0,0,0,LEADER,1,4,1,28,38,336,0,0,0,0,0,0,0,0,0
258689,36,bully,3065,1,38,4973298,336,0,2016,0,1,36,255624,3065,0,39,0,0,0,LEADER,1,4,1,39,38,336,0,0,0,0,0,0,0,0,0
258528,29,bully,2895,1,38,4967037,336,0,2016,0,1,29,255633,2895,0,39,0,0,0,LEADER,1,4,1,32,38,336,0,0,0,0,0,0,0,0,0
258710,35,bully,3086,1,38,4974151,336,0,2016,0,1,35,255624,3086,0,39,0,0,0,LEADER,1,4,1,38,38,336,0,0,0,0,0,0,0,0,0
258594,6,bully,2965,1,38,4969610,336,670,2016,4020,2,1,255629,2965,0,39,0,0,0,NORMAL,0,3,2,3,120,336,0,670,0,0,0,0,0,0,0
258766,48,bully,3133,1,38,4976081,336,0,2016,0,1,48,255633,3133,0,39,0,0,0,LEADER,1,4,1,51,38,336,0,0,0,0,0,0,0,0,0
258500,50,bully,2868,1,38,4965990,336,0,2016,0,1,50,255632,2868,0,39,0,0,0,LEADER,1,4,1,53,38,336,0,0,0,0,0,0,0,0,0
258442,41,bully,2813,1,38,4963793,336,0,2016,0,1,41,255629,2813,0,39,0,0,0,LEADER,1,4,1,44,38,336,0,0,0,0,0,0,0,0,0
258903,10,bully,3271,1,38,4981318,336,335,2016,2010,1,1,255632,3271,0,39,0,0,0,NORMAL,0,3,2,3,116,336,0,335,0,0,0,0,0,0,0
258735,3,bully,3101,1,38,4974884,336,670,2016,4020,1,1,255634,3101,0,39,0,0,0,NORMAL,0,3,2,3,116,336,0,670,0,0,0,0,0,0,0
258346,11,bully,2713,1,38,4960121,336,328,2016,1968,1,1,255633,2713,0,39,0,0,0,NORMAL,0,3,2,3,154,336,0,328,0,0,0,0,0,0,0
258752,45,bully,3119,1,38,4975549,336,0,2016,0,1,45,255633,3119,0,39,0,0,0,LEADER,1,4,1,48,38,336,0,0,0,0,0,0,0,0,0
258889,42,bully,3256,1,38,4980755,336,0,2016,0,1,42,255633,3256,0,39,0,0,0,LEADER,1,4,1,45,38,336,0,0,0,0,0,0,0,0,0
258855,46,bully,3222,1,38,4979463,336,0,2016,0,1,46,255633,3222,0,39,0,0,0,LEADER,1,4,1,49,38,336,0,0,0,0,0,0,0,0,0
258412,31,bully,2780,1,38,4962663,336,0,2016,0,1,31,255632,2780,0,39,0,0,0,LEADER,1,4,1,34,38,336,0,0,0,0,0,0,0,0,0
259019,8,bully,3386,1,38,4985695,336,335,2016,2010,2,1,255633,3386,0,39,0,0,0,NORMAL,0,3,2,3,122,336,0,335,0,0,0,0,0,0,0
258663,26,bully,3031,1,38,4972204,336,0,2016,0,1,26,255632,3031,0,39,0,0,0,LEADER,1,4,1,29,38,336,0,0,0,0,0,0,0,0,0
259072,17,bully,3440,1,38,4987731,336,0,2016,0,1,17,255632,3440,0,39,0,0,0,LEADER,1,4,1,20,38,336,0,0,0,0,0,0,0,0,0
258970,30,bully,3337,1,38,4983833,336,0,2016,0,1,30,255633,3337,0,39,0,0,0,LEADER,1,4,1,33,38,336,0,0,0,0,0,0,0,0,0
259155,5,bully,3522,1,38,4990863,336,671,2016,4026,2,1,255633,3522,0,39,0,0,0,NORMAL,0,3,2,3,118,336,0,671,0,0,0,0,0,0,0
258801,2,bully,3168,1,38,4977411,336,668,2016,4008,1,1,255633,3168,0,39,0,0,0,NORMAL,0,3,2,3,114,336,0,668,0,0,0,0,0,0,0
258549,28,bully,2916,1,38,4967835,336,0,2016,0,1,28,255633,2916,0,39,0,0,0,LEADER,1,4,1,31,38,336,0,0,0,0,0,0,0,0,0
259099,27,bully,3473,1,38,4988958,336,0,2016,0,1,27,255626,3473,0,39,0,0,0,LEADER,1,4,1,30,38,336,0,0,0,0,0,0,0,0,0
259140,37,bully,3507,1,38,4990293,336,0,2016,0,1,37,255633,3507,0,39,0,0,0,LEADER,1,4,1,40,38,336,0,0,0,0,0,0,0,0,0
258486,19,bully,2861,1,38,4965601,336,0,2016,0,1,19,255625,2861,0,39,0,0,0,LEADER,1,4,1,22,38,336,0,0,0,0,0,0,0,0,0
258357,22,bully,2725,1,38,4960564,336,0,2016,0,1,22,255632,2725,0,39,0,0,0,LEADER,1,4,1,25,38,336,0,0,0,0,0,0,0,0,0
258370,21,bully,2747,1,38,4961189,336,0,2016,0,1,21,255623,2747,0,39,0,0,0,LEADER,1,4,1,24,38,336,0,0,0,0,0,0,0,0,0
258834,33,bully,3201,1,38,4978665,336,0,2016,0,1,33,255633,3201,0,39,0,0,0,LEADER,1,4,1,36,38,336,0,0,0,0,0,0,0,0,0
258867,43,bully,3234,1,38,4979919,336,0,2016,0,1,43,255633,3234,0,39,0,0,0,LEADER,1,4,1,46,38,336,0,0,0,0,0,0,0,0,0
258631,16,bully,2998,1,38,4970951,336,337,2016,2022,2,1,255633,2998,0,39,0,0,0,NORMAL,0,3,2,3,123,336,0,337,0,0,0,0,0,0,0
259135,32,bully,3502,1,38,4990103,336,0,2016,0,1,32,255633,3502,0,39,0,0,0,LEADER,1,4,1,35,38,336,0,0,0,0,0,0,0,0,0
259176,4,bully,3543,1,38,4991661,336,670,2016,4020,1,1,255633,3543,0,39,0,0,0,NORMAL,0,3,2,3,117,336,0,670,0,0,0,0,0,0,0
259242,24,bully,3610,1,38,4994180,336,0,2016,0,1,24,255632,3610,0,39,0,0,0,LEADER,1,4,1,27,38,336,0,0,0,0,0,0,0,0,0
258937,20,bully,3304,1,38,4982579,336,0,2016,0,1,20,255633,3304,0,39,0,0,0,LEADER,1,4,1,23,38,336,0,0,0,0,0,0,0,0,0
258583,38,bully,2950,1,38,4969127,336,0,2016,0,1,38,255633,2950,0,39,0,0,0,LEADER,1,4,1,41,38,336,0,0,0,0,0,0,0,0,0
259220,23,bully,3585,1,38,4993287,336,0,2016,0,1,23,255635,3585,0,39,0,0,0,LEADER,1,4,1,26,38,336,0,0,0,0,0,0,0,0,0
259040,7,bully,3407,1,38,4986493,336,674,2016,4044,2,1,255633,3407,0,39,0,0,0,NORMAL,0,3,2,3,121,336,0,674,0,0,0,0,0,0,0
259173,47,bully,3540,1,38,4991547,336,0,2016,0,1,47,255633,3540,0,39,0,0,0,LEADER,1,4,1,50,38,336,0,0,0,0,0,0,0,0,0
259027,39,bully,3392,1,38,4985953,336,0,2016,0,1,39,255635,3392,0,39,0,0,0,LEADER,1,4,1,42,38,336,0,0,0,0,0,0,0,0,0
259182,15,bully,3555,1,38,4992033,336,330,2016,1980,2,1,255627,3555,0,39,0,0,0,NORMAL,0,3,2,3,136,336,0,330,0,0,0,0,0,0,0
259058,49,bully,3425,1,38,4987177,336,0,2016,0,1,49,255633,3425,0,39,0,0,0,LEADER,1,4,1,52,38,336,0,0,0,0,0,0,0,0,0
258840,1,bully,3216,1,38,4979080,336,673,2016,4038,1,1,255624,3216,0,39,0,0,0,LEADER,1,4,1,4,38,336,0,673,0,0,0,0,0,0,0
258999,40,bully,3371,1,38,4985006,336,0,2016,0,1,40,255628,3371,0,39,0,0,0,LEADER,1,4,1,43,38,336,0,0,0,0,0,0,0,0,0
259208,14,bully,3577,1,38,4992904,336,336,2016,2016,2,1,255631,3577,0,39,0,0,0,NORMAL,0,3,2,3,121,336,0,336,0,0,0,0,0,0,0
259311,44,bully,3677,1,38,4996764,336,0,2016,0,1,44,255634,3677,0,39,0,0,0,LEADER,1,4,1,47,38,336,0,0,0,0,0,0,0,0,0
259325,12,bully,3692,1,38,4997323,336,337,2016,2022,1,1,255633,3692,0,39,0,0,0,NORMAL,0,3,2,3,117,336,0,337,0,0,0,0,0,0,0
259276,34,bully,3643,1,38,4995461,336,0,2016,0,1,34,255633,3643,0,39,0,0,0,LEADER,1,4,1,37,38,336,0,0,0,0,0,0,0,0,0
260819,18,bully,2883,1,38,4966581,339,0,2034,0,1,18,257936,2883,0,39,0,0,0,LEADER,1,4,1,24,38,339,0,0,0,0,0,0,0,0,0
260764,9,bully,2828,1,38,4964491,339,337,2034,2022,1,1,257936,2828,0,39,0,0,0,NORMAL,0,3,1,6,114,339,0,337,0,0,0,0,0,0,0
260917,13,bully,2983,1,38,4970360,339,335,2034,2010,2,1,257934,2983,0,39,0,0,0,NORMAL,0,3,1,6,120,339,0,335,0,0,0,0,0,0,0
260989,25,bully,3053,1,38,4973041,339,0,2034,0,1,25,257936,3053,0,39,0,0,0,LEADER,1,4,1,31,38,339,0,0,0,0,0,0,0,0,0
260992,36,bully,3065,1,38,4973298,339,0,2034,0,1,36,257927,3065,0,39,0,0,0,LEADER,1,4,1,42,38,339,0,0,0,0,0,0,0,0,0
260831,29,bully,2895,1,38,4967037,339,0,2034,0,1,29,257936,2895,0,39,0,0,0,LEADER,1,4,1,35,38,339,0,0,0,0,0,0,0,0,0
261013,35,bully,3086,1,38,4974151,339,0,2034,0,1,35,257927,3086,0,39,0,0,0,LEADER,1,4,1,41,38,339,0,0,0,0,0,0,0,0,0
260897,6,bully,2965,1,38,4969610,339,676,2034,4056,2,1,257932,2965,0,39,0,0,0,NORMAL,0,3,1,6,120,339,0,676,0,0,0,0,0,0,0
261069,48,bully,3133,1,38,4976081,339,0,2034,0,1,48,257936,3133,0,39,0,0,0,LEADER,1,4,1,54,38,339,0,0,0,0,0,0,0,0,0
260803,50,bully,2868,1,38,4965990,339,0,2034,0,1,50,257935,2868,0,39,0,0,0,LEADER,1,4,1,56,38,339,0,0,0,0,0,0,0,0,0
261206,10,bully,3271,1,38,4981318,339,338,2034,2028,1,1,257935,3271,0,39,0,0,0,NORMAL,0,3,1,6,116,339,0,338,0,0,0,0,0,0,0
260745,41,bully,2813,1,38,4963793,339,0,2034,0,1,41,257932,2813,0,39,0,0,0,LEADER,1,4,1,47,38,339,0,0,0,0,0,0,0,0,0
261038,3,bully,3101,1,38,4974884,339,676,2034,4056,1,1,257937,3101,0,39,0,0,0,NORMAL,0,3,1,6,116,339,0,676,0,0,0,0,0,0,0
260649,11,bully,2713,1,38,4960121,339,331,2034,1986,1,1,257936,2713,0,39,0,0,0,NORMAL,0,3,1,6,154,339,0,331,0,0,0,0,0,0,0
261055,45,bully,3119,1,38,4975549,339,0,2034,0,1,45,257936,3119,0,39,0,0,0,LEADER,1,4,1,51,38,339,0,0,0,0,0,0,0,0,0
261192,42,bully,3256,1,38,4980755,339,0,2034,0,1,42,257936,3256,0,39,0,0,0,LEADER,1,4,1,48,38,339,0,0,0,0,0,0,0,0,0
261158,46,bully,3222,1,38,4979463,339,0,2034,0,1,46,257936,3222,0,39,0,0,0,LEADER,1,4,1,52,38,339,0,0,0,0,0,0,0,0,0
260715,31,bully,2780,1,38,4962663,339,0,2034,0,1,31,257935,2780,0,39,0,0,0,LEADER,1,4,1,37,38,339,0,0,0,0,0,0,0,0,0
261322,8,bully,3386,1,38,4985695,339,338,2034,2028,2,1,257936,3386,0,39,0,0,0,NORMAL,0,3,1,6,122,339,0,338,0,0,0,0,0,0,0
260966,26,bully,3031,1,38,4972204,339,0,2034,0,1,26,257935,3031,0,39,0,0,0,LEADER,1,4,1,32,38,339,0,0,0,0,0,0,0,0,0
261375,17,bully,3440,1,38,4987731,339,0,2034,0,1,17,257935,3440,0,39,0,0,0,LEADER,1,4,1,23,38,339,0,0,0,0,0,0,0,0,0
261273,30,bully,3337,1,38,4983833,339,0,2034,0,1,30,257936,3337,0,39,0,0,0,LEADER,1,4,1,36,38,339,0,0,0,0,0,0,0,0,0
261458,5,bully,3522,1,38,4990863,339,677,2034,4062,2,1,257936,3522,0,39,0,0,0,NORMAL,0,3,1,6,118,339,0,677,0,0,0,0,0,0,0
261104,2,bully,3168,1,38,4977411,339,673,2034,4038,1,1,257936,3168,0,39,0,0,0,NORMAL,0,3,1,6,114,339,0,673,0,0,0,0,0,0,0
260852,28,bully,2916,1,38,4967835,339,0,2034,0,1,28,257936,2916,0,39,0,0,0,LEADER,1,4,1,34,38,339,0,0,0,0,0,0,0,0,0
261402,27,bully,3473,1,38,4988958,339,0,2034,0,1,27,257929,3473,0,39,0,0,0,LEADER,1,4,1,33,38,339,0,0,0,0,0,0,0,0,0
261443,37,bully,3507,1,38,4990293,339,0,2034,0,1,37,257936,3507,0,39,0,0,0,LEADER,1,4,1,43,38,339,0,0,0,0,0,0,0,0,0
260789,19,bully,2861,1,38,4965601,339,0,2034,0,1,19,257928,2861,0,39,0,0,0,LEADER,1,4,1,25,38,339,0,0,0,0,0,0,0,0,0
260660,22,bully,2725,1,38,4960564,339,0,2034,0,1,22,257935,2725,0,39,0,0,0,LEADER,1,4,1,28,38,339,0,0,0,0,0,0,0,0,0
260673,21,bully,2747,1,38,4961189,339,0,2034,0,1,21,257926,2747,0,39,0,0,0,LEADER,1,4,1,27,38,339,0,0,0,0,0,0,0,0,0
261137,33,bully,3201,1,38,4978665,339,0,2034,0,1,33,257936,3201,0,39,0,0,0,LEADER,1,4,1,39,38,339,0,0,0,0,0,0,0,0,0
261170,43,bully,3234,1,38,4979919,339,0,2034,0,1,43,257936,3234,0,39,0,0,0,LEADER,1,4,1,49,38,339,0,0,0,0,0,0,0,0,0
260934,16,bully,2998,1,38,4970951,339,340,2034,2040,2,1,257936,2998,0,39,0,0,0,NORMAL,0,3,1,6,123,339,0,340,0,0,0,0,0,0,0
261438,32,bully,3502,1,38,4990103,339,0,2034,0,1,32,257936,3502,0,39,0,0,0,LEADER,1,4,1,38,38,339,0,0,0,0,0,0,0,0,0
261479,4,bully,3543,1,38,4991661,339,676,2034,4056,1,1,257936,3543,0,39,0,0,0,NORMAL,0,3,1,6,117,339,0,676,0,0,0,0,0,0,0
261545,24,bully,3610,1,38,4994180,339,0,2034,0,1,24,257935,3610,0,39,0,0,0,LEADER,1,4,1,30,38,339,0,0,0,0,0,0,0,0,0
261240,20,bully,3304,1,38,4982579,339,0,2034,0,1,20,257936,3304,0,39,0,0,0,LEADER,1,4,1,26,38,339,0,0,0,0,0,0,0,0,0
260886,38,bully,2950,1,38,4969127,339,0,2034,0,1,38,257936,2950,0,39,0,0,0,LEADER,1,4,1,44,38,339,0,0,0,0,0,0,0,0,0
261523,23,bully,3585,1,38,4993287,339,0,2034,0,1,23,257938,3585,0,39,0,0,0,LEADER,1,4,1,29,38,339,0,0,0,0,0,0,0,0,0
261343,7,bully,3407,1,38,4986493,339,680,2034,4080,2,1,257936,3407,0,39,0,0,0,NORMAL,0,3,1,6,121,339,0,680,0,0,0,0,0,0,0
261476,47,bully,3540,1,38,4991547,339,0,2034,0,1,47,257936,3540,0,39,0,0,0,LEADER,1,4,1,53,38,339,0,0,0,0,0,0,0,0,0
261330,39,bully,3392,1,38,4985953,339,0,2034,0,1,39,257938,3392,0,39,0,0,0,LEADER,1,4,1,45,38,339,0,0,0,0,0,0,0,0,0
261485,15,bully,3555,1,38,4992033,339,333,2034,1998,2,1,257930,3555,0,39,0,0,0,NORMAL,0,3,1,6,136,339,0,333,0,0,0,0,0,0,0
261361,49,bully,3425,1,38,4987177,339,0,2034,0,1,49,257936,3425,0,39,0,0,0,LEADER,1,4,1,55,38,339,0,0,0,0,0,0,0,0,0
261143,1,bully,3216,1,38,4979080,339,679,2034,4074,1,1,257927,3216,0,39,0,0,0,LEADER,1,4,1,7,38,339,0,679,0,0,0,0,0,0,0
261302,40,bully,3371,1,38,4985006,339,0,2034,0,1,40,257931,3371,0,39,0,0,0,LEADER,1,4,1,46,38,339,0,0,0,0,0,0,0,0,0
261511,14,bully,3577,1,38,4992904,339,339,2034,2034,2,1,257934,3577,0,39,0,0,0,NORMAL,0,3,1,6,121,339,0,339,0,0,0,0,0,0,0
261614,44,bully,3677,1,38,4996764,339,0,2034,0,1,44,257937,3677,0,39,0,0,0,LEADER,1,4,1,50,38,339,0,0,0,0,0,0,0,0,0
261628,12,bully,3692,1,38,4997323,339,340,2034,2040,1,1,257936,3692,0,39,0,0,0,NORMAL,0,3,1,6,117,339,0,340,0,0,0,0,0,0,0
261579,34,bully,3643,1,38,4995461,339,0,2034,0,1,34,257936,3643,0,39,0,0,0,LEADER,1,4,1,40,38,339,0,0,0,0,0,0,0,0,0
263122,18,bully,2883,1,38,4966581,342,0,2052,0,1,18,260239,2883,0,39,0,0,0,LEADER,1,4,1,27,38,342,0,0,0,0,0,0,0,0,0
263067,9,bully,2828,1,38,4964491,342,340,2052,2040,1,1,260239,2828,0,39,0,0,0,NORMAL,0,3,1,9,114,342,0,340,0,0,0,0,0,0,0
263220,13,bully,2983,1,38,4970360,342,338,2052,2028,2,1,260237,2983,0,39,0,0,0,NORMAL,0,3,1,9,120,342,0,338,0,0,0,0,0,0,0
263292,25,bully,3053,1,38,4973041,342,0,2052,0,1,25,260239,3053,0,39,0,0,0,LEADER,1,4,1,34,38,342,0,0,0,0,0,0,0,0,0
263295,36,bully,3065,1,38,4973298,342,0,2052,0,1,36,260230,3065,0,39,0,0,0,LEADER,1,4,1,45,38,342,0,0,0,0,0,0,0,0,0
263134,29,bully,2895,1,38,4967037,342,0,2052,0,1,29,260239,2895,0,39,0,0,0,LEADER,1,4,1,38,38,342,0,0,0,0,0,0,0,0,0
263316,35,bully,3086,1,38,4974151,342,0,2052,0,1,35,260230,3086,0,39,0,0,0,LEADER,1,4,1,44,38,342,0,0,0,0,0,0,0,0,0
263200,6,bully,2965,1,38,4969610,342,682,2052,4092,2,1,260235,2965,0,39,0,0,0,NORMAL,0,3,1,9,120,342,0,682,0,0,0,0,0,0,0
263372,48,bully,3133,1,38,4976081,342,0,2052,0,1,48,260239,3133,0,39,0,0,0,LEADER,1,4,1,57,38,342,0,0,0,0,0,0,0,0,0
263106,50,bully,2868,1,38,4965990,342,0,2052,0,1,50,260238,2868,0,39,0,0,0,LEADER,1,4,1,59,38,342,0,0,0,0,0,0,0,0,0
263048,41,bully,2813,1,38,4963793,342,0,2052,0,1,41,260235,2813,0,39,0,0,0,LEADER,1,4,1,50,38,342,0,0,0,0,0,0,0,0,0
263509,10,bully,3271,1,38,4981318,342,341,2052,2046,1,1,260238,3271,0,39,0,0,0,NORMAL,0,3,1,9,116,342,0,341,0,0,0,0,0,0,0
263341,3,bully,3101,1,38,4974884,342,682,2052,4092,1,1,260240,3101,0,39,0,0,0,NORMAL,0,3,1,9,116,342,0,682,0,0,0,0,0,0,0
262952,11,bully,2713,1,38,4960121,342,333,2052,1998,1,1,260239,2713,0,39,0,0,0,NORMAL,0,3,1,9,154,342,0,333,0,0,0,0,0,0,0
263358,45,bully,3119,1,38,4975549,342,0,2052,0,1,45,260239,3119,0,39,0,0,0,LEADER,1,4,1,54,38,342,0,0,0,0,0,0,0,0,0
263495,42,bully,3256,1,38,4980755,342,0,2052,0,1,42,260239,3256,0,39,0,0,0,LEADER,1,4,1,51,38,342,0,0,0,0,0,0,0,0,0
263461,46,bully,3222,1,38,4979463,342,0,2052,0,1,46,260239,3222,0,39,0,0,0,LEADER,1,4,1,55,38,342,0,0,0,0,0,0,0,0,0
263018,31,bully,2780,1,38,4962663,342,0,2052,0,1,31,260238,2780,0,39,0,0,0,LEADER,1,4,1,40,38,342,0,0,0,0,0,0,0,0,0
263625,8,bully,3386,1,38,4985695,342,341,2052,2046,2,1,260239,3386,0,39,0,0,0,NORMAL,0,3,1,9,122,342,0,341,0,0,0,0,0,0,0
263269,26,bully,3031,1,38,4972204,342,0,2052,0,1,26,260238,3031,0,39,0,0,0,LEADER,1,4,1,35,38,342,0,0,0,0,0,0,0,0,0
263678,17,bully,3440,1,38,4987731,342,0,2052,0,1,17,260238,3440,0,39,0,0,0,LEADER,1,4,1,26,38,342,0,0,0,0,0,0,0,0,0
263576,30,bully,3337,1,38,4983833,342,0,2052,0,1,30,260239,3337,0,39,0,0,0,LEADER,1,4,1,39,38,342,0,0,0,0,0,0,0,0,0
263761,5,bully,3522,1,38,4990863,342,683,2052,4098,2,1,260239,3522,0,39,0,0,0,NORMAL,0,3,1,9,118,342,0,683,0,0,0,0,0,0,0
263407,2,bully,3168,1,38,4977411,342,679,2052,4074,1,1,260239,3168,0,39,0,0,0,NORMAL,0,3,1,9,114,342,0,679,0,0,0,0,0,0,0
263155,28,bully,2916,1,38,4967835,342,0,2052,0,1,28,260239,2916,0,39,0,0,0,LEADER,1,4,1,37,38,342,0,0,0,0,0,0,0,0,0
263705,27,bully,3473,1,38,4988958,342,0,2052,0,1,27,260232,3473,0,39,0,0,0,LEADER,1,4,1,36,38,342,0,0,0,0,0,0,0,0,0
263746,37,bully,3507,1,38,4990293,342,0,2052,0,1,37,260239,3507,0,39,0,0,0,LEADER,1,4,1,46,38,342,0,0,0,0,0,0,0,0,0
263092,19,bully,2861,1,38,4965601,342,0,2052,0,1,19,260231,2861,0,39,0,0,0,LEADER,1,4,1,28,38,342,0,0,0,0,0,0,0,0,0
262963,22,bully,2725,1,38,4960564,342,0,2052,0,1,22,260238,2725,0,39,0,0,0,LEADER,1,4,1,31,38,342,0,0,0,0,0,0,0,0,0
262976,21,bully,2747,1,38,4961189,342,0,2052,0,1,21,260229,2747,0,39,0,0,0,LEADER,1,4,1,30,38,342,0,0,0,0,0,0,0,0,0
263440,33,bully,3201,1,38,4978665,342,0,2052,0,1,33,260239,3201,0,39,0,0,0,LEADER,1,4,1,42,38,342,0,0,0,0,0,0,0,0,0
263473,43,bully,3234,1,38,4979919,342,0,2052,0,1,43,260239,3234,0,39,0,0,0,LEADER,1,4,1,52,38,342,0,0,0,0,0,0,0,0,0
263237,16,bully,2998,1,38,4970951,342,343,2052,2058,2,1,260239,2998,0,39,0,0,0,NORMAL,0,3,1,9,123,342,0,343,0,0,0,0,0,0,0
263741,32,bully,3502,1,38,4990103,342,0,2052,0,1,32,260239,3502,0,39,0,0,0,LEADER,1,4,1,41,38,342,0,0,0,0,0,0,0,0,0
263782,4,bully,3543,1,38,4991661,342,682,2052,4092,1,1,260239,3543,0,39,0,0,0,NORMAL,0,3,1,9,117,342,0,682,0,0,0,0,0,0,0
263848,24,bully,3610,1,38,4994180,342,0,2052,0,1,24,260238,3610,0,39,0,0,0,LEADER,1,4,1,33,38,342,0,0,0,0,0,0,0,0,0
263543,20,bully,3304,1,38,4982579,342,0,2052,0,1,20,260239,3304,0,39,0,0,0,LEADER,1,4,1,29,38,342,0,0,0,0,0,0,0,0,0
263189,38,bully,2950,1,38,4969127,342,0,2052,0,1,38,260239,2950,0,39,0,0,0,LEADER,1,4,1,47,38,342,0,0,0,0,0,0,0,0,0
263826,23,bully,3585,1,38,4993287,342,0,2052,0,1,23,260241,3585,0,39,0,0,0,LEADER,1,4,1,32,38,342,0,0,0,0,0,0,0,0,0
263646,7,bully,3407,1,38,4986493,342,686,2052,4116,2,1,260239,3407,0,39,0,0,0,NORMAL,0,3,1,9,121,342,0,686,0,0,0,0,0,0,0
263779,47,bully,3540,1,38,4991547,342,0,2052,0,1,47,260239,3540,0,39,0,0,0,LEADER,1,4,1,56,38,342,0,0,0,0,0,0,0,0,0
263633,39,bully,3392,1,38,4985953,342,0,2052,0,1,39,260241,3392,0,39,0,0,0,LEADER,1,4,1,48,38,342,0,0,0,0,0,0,0,0,0
263788,15,bully,3555,1,38,4992033,342,336,2052,2016,2,1,260233,3555,0,39,0,0,0,NORMAL,0,3,1,9,136,342,0,336,0,0,0,0,0,0,0
263664,49,bully,3425,1,38,4987177,342,0,2052,0,1,49,260239,3425,0,39,0,0,0,LEADER,1,4,1,58,38,342,0,0,0,0,0,0,0,0,0
263446,1,bully,3216,1,38,4979080,342,685,2052,4110,1,1,260230,3216,0,39,0,0,0,LEADER,1,4,1,10,38,342,0,685,0,0,0,0,0,0,0
263605,40,bully,3371,1,38,4985006,342,0,2052,0,1,40,260234,3371,0,39,0,0,0,LEADER,1,4,1,49,38,342,0,0,0,0,0,0,0,0,0
263814,14,bully,3577,1,38,4992904,342,342,2052,2052,2,1,260237,3577,0,39,0,0,0,NORMAL,0,3,1,9,121,342,0,342,0,0,0,0,0,0,0
263917,44,bully,3677,1,38,4996764,342,0,2052,0,1,44,260240,3677,0,39,0,0,0,LEADER,1,4,1,53,38,342,0,0,0,0,0,0,0,0,0
263931,12,bully,3692,1,38,4997323,342,343,2052,2058,1,1,260239,3692,0,39,0,0,0,NORMAL,0,3,1,9,117,342,0,343,0,0,0,0,0,0,0
263882,34,bully,3643,1,38,4995461,342,0,2052,0,1,34,260239,3643,0,39,0,0,0,LEADER,1,4,1,43,38,342,0,0,0,0,0,0,0,0,0
265425,18,bully,2883,1,39,5232006,345,0,2070,0,1,18,262542,2883,0,40,0,0,0,LEADER,1,4,1,21,39,345,0,0,0,0,0,0,0,0,0
265370,9,bully,2828,1,39,5229861,345,343,2070,2058,1,1,262542,2828,0,40,0,0,0,NORMAL,0,3,2,3,117,345,0,343,0,0,0,0,0,0,0
265523,13,bully,2983,1,39,5235883,345,341,2070,2046,2,1,262540,2983,0,40,0,0,0,NORMAL,0,3,2,3,123,345,0,341,0,0,0,0,0,0,0
265595,25,bully,3053,1,39,5238636,345,0,2070,0,1,25,262542,3053,0,40,0,0,0,LEADER,1,4,1,28,39,345,0,0,0,0,0,0,0,0,0
265598,36,bully,3065,1,39,5238896,345,0,2070,0,1,36,262533,3065,0,40,0,0,0,LEADER,1,4,1,39,39,345,0,0,0,0,0,0,0,0,0
265437,29,bully,2895,1,39,5232474,345,0,2070,0,1,29,262542,2895,0,40,0,0,0,LEADER,1,4,1,32,39,345,0,0,0,0,0,0,0,0,0
265619,35,bully,3086,1,39,5239770,345,0,2070,0,1,35,262533,3086,0,40,0,0,0,LEADER,1,4,1,38,39,345,0,0,0,0,0,0,0,0,0
265503,6,bully,2965,1,39,5235113,345,688,2070,4128,2,1,262538,2965,0,40,0,0,0,NORMAL,0,3,2,3,123,345,0,688,0,0,0,0,0,0,0
265675,48,bully,3133,1,39,5241756,345,0,2070,0,1,48,262542,3133,0,40,0,0,0,LEADER,1,4,1,51,39,345,0,0,0,0,0,0,0,0,0
265409,50,bully,2868,1,39,5231399,345,0,2070,0,1,50,262541,2868,0,40,0,0,0,LEADER,1,4,1,53,39,345,0,0,0,0,0,0,0,0,0
265812,10,bully,3271,1,39,5247130,345,344,2070,2064,1,1,262541,3271,0,40,0,0,0,NORMAL,0,3,2,3,119,345,0,344,0,0,0,0,0,0,0
265351,41,bully,2813,1,39,5229144,345,0,2070,0,1,41,262538,2813,0,40,0,0,0,LEADER,1,4,1,44,39,345,0,0,0,0,0,0,0,0,0
265644,3,bully,3101,1,39,5240528,345,688,2070,4128,1,1,262543,3101,0,40,0,0,0,NORMAL,0,3,2,3,119,345,0,688,0,0,0,0,0,0,0
265255,11,bully,2713,1,39,5225376,345,336,2070,2016,1,1,262542,2713,0,40,0,0,0,NORMAL,0,3,2,3,158,345,0,336,0,0,0,0,0,0,0
265661,45,bully,3119,1,39,5241210,345,0,2070,0,1,45,262542,3119,0,40,0,0,0,LEADER,1,4,1,48,39,345,0,0,0,0,0,0,0,0,0
265798,42,bully,3256,1,39,5246553,345,0,2070,0,1,42,262542,3256,0,40,0,0,0,LEADER,1,4,1,45,39,345,0,0,0,0,0,0,0,0,0
265764,46,bully,3222,1,39,5245227,345,0,2070,0,1,46,262542,3222,0,40,0,0,0,LEADER,1,4,1,49,39,345,0,0,0,0,0,0,0,0,0
265321,31,bully,2780,1,39,5227984,345,0,2070,0,1,31,262541,2780,0,40,0,0,0,LEADER,1,4,1,34,39,345,0,0,0,0,0,0,0,0,0
265928,8,bully,3386,1,39,5251623,345,344,2070,2064,2,1,262542,3386,0,40,0,0,0,NORMAL,0,3,2,3,125,345,0,344,0,0,0,0,0,0,0
265572,26,bully,3031,1,39,5237776,345,0,2070,0,1,26,262541,3031,0,40,0,0,0,LEADER,1,4,1,29,39,345,0,0,0,0,0,0,0,0,0
265981,17,bully,3440,1,39,5253712,345,0,2070,0,1,17,262541,3440,0,40,0,0,0,LEADER,1,4,1,20,39,345,0,0,0,0,0,0,0,0,0
265879,30,bully,3337,1,39,5249712,345,0,2070,0,1,30,262542,3337,0,40,0,0,0,LEADER,1,4,1,33,39,345,0,0,0,0,0,0,0,0,0
266064,5,bully,3522,1,39,5256927,345,689,2070,4134,2,1,262542,3522,0,40,0,0,0,NORMAL,0,3,2,3,121,345,0,689,0,0,0,0,0,0,0
265710,2,bully,3168,1,39,5243121,345,685,2070,4110,1,1,262542,3168,0,40,0,0,0,NORMAL,0,3,2,3,117,345,0,685,0,0,0,0,0,0,0
265458,28,bully,2916,1,39,5233293,345,0,2070,0,1,28,262542,2916,0,40,0,0,0,LEADER,1,4,1,31,39,345,0,0,0,0,0,0,0,0,0
266008,27,bully,3473,1,39,5254966,345,0,2070,0,1,27,262535,3473,0,40,0,0,0,LEADER,1,4,1,30,39,345,0,0,0,0,0,0,0,0,0
266049,37,bully,3507,1,39,5256342,345,0,2070,0,1,37,262542,3507,0,40,0,0,0,LEADER,1,4,1,40,39,345,0,0,0,0,0,0,0,0,0
265395,19,bully,2861,1,39,5230996,345,0,2070,0,1,19,262534,2861,0,40,0,0,0,LEADER,1,4,1,22,39,345,0,0,0,0,0,0,0,0,0
265266,22,bully,2725,1,39,5225830,345,0,2070,0,1,22,262541,2725,0,40,0,0,0,LEADER,1,4,1,25,39,345,0,0,0,0,0,0,0,0,0
265279,21,bully,2747,1,39,5226468,345,0,2070,0,1,21,262532,2747,0,40,0,0,0,LEADER,1,4,1,24,39,345,0,0,0,0,0,0,0,0,0
265743,33,bully,3201,1,39,5244408,345,0,2070,0,1,33,262542,3201,0,40,0,0,0,LEADER,1,4,1,36,39,345,0,0,0,0,0,0,0,0,0
265776,43,bully,3234,1,39,5245695,345,0,2070,0,1,43,262542,3234,0,40,0,0,0,LEADER,1,4,1,46,39,345,0,0,0,0,0,0,0,0,0
265540,16,bully,2998,1,39,5236491,345,346,2070,2076,2,1,262542,2998,0,40,0,0,0,NORMAL,0,3,2,3,126,345,0,346,0,0,0,0,0,0,0
266044,32,bully,3502,1,39,5256147,345,0,2070,0,1,32,262542,3502,0,40,0,0,0,LEADER,1,4,1,35,39,345,0,0,0,0,0,0,0,0,0
266085,4,bully,3543,1,39,5257746,345,688,2070,4128,1,1,262542,3543,0,40,0,0,0,NORMAL,0,3,2,3,120,345,0,688,0,0,0,0,0,0,0
266151,24,bully,3610,1,39,5260331,345,0,2070,0,1,24,262541,3610,0,40,0,0,0,LEADER,1,4,1,27,39,345,0,0,0,0,0,0,0,0,0
265846,20,bully,3304,1,39,5248425,345,0,2070,0,1,20,262542,3304,0,40,0,0,0,LEADER,1,4,1,23,39,345,0,0,0,0,0,0,0,0,0
265492,38,bully,2950,1,39,5234619,345,0,2070,0,1,38,262542,2950,0,40,0,0,0,LEADER,1,4,1,41,39,345,0,0,0,0,0,0,0,0,0
266129,23,bully,3585,1,39,5259416,345,0,2070,0,1,23,262544,3585,0,40,0,0,0,LEADER,1,4,1,26,39,345,0,0,0,0,0,0,0,0,0
265949,7,bully,3407,1,39,5252442,345,692,2070,4152,2,1,262542,3407,0,40,0,0,0,NORMAL,0,3,2,3,124,345,0,692,0,0,0,0,0,0,0
266082,47,bully,3540,1,39,5257629,345,0,2070,0,1,47,262542,3540,0,40,0,0,0,LEADER,1,4,1,50,39,345,0,0,0,0,0,0,0,0,0
265936,39,bully,3392,1,39,5251889,345,0,2070,0,1,39,262544,3392,0,40,0,0,0,LEADER,1,4,1,42,39,345,0,0,0,0,0,0,0,0,0
266091,15,bully,3555,1,39,5258124,345,339,2070,2034,2,1,262536,3555,0,40,0,0,0,NORMAL,0,3,2,3,140,345,0,339,0,0,0,0,0,0,0
265967,49,bully,3425,1,39,5253144,345,0,2070,0,1,49,262542,3425,0,40,0,0,0,LEADER,1,4,1,52,39,345,0,0,0,0,0,0,0,0,0
265749,1,bully,3216,1,39,5244829,345,691,2070,4146,1,1,262533,3216,0,40,0,0,0,LEADER,1,4,1,4,39,345,0,691,0,0,0,0,0,0,0
265908,40,bully,3371,1,39,5250914,345,0,2070,0,1,40,262537,3371,0,40,0,0,0,LEADER,1,4,1,43,39,345,0,0,0,0,0,0,0,0,0
266117,14,bully,3577,1,39,5259021,345,345,2070,2070,2,1,262540,3577,0,40,0,0,0,NORMAL,0,3,2,3,124,345,0,345,0,0,0,0,0,0,0
266220,44,bully,3677,1,39,5262984,345,0,2070,0,1,44,262543,3677,0,40,0,0,0,LEADER,1,4,1,47,39,345,0,0,0,0,0,0,0,0,0
266234,12,bully,3692,1,39,5263557,345,346,2070,2076,1,1,262542,3692,0,40,0,0,0,NORMAL,0,3,2,3,120,345,0,346,0,0,0,0,0,0,0
266185,34,bully,3643,1,39,5261646,345,0,2070,0,1,34,262542,3643,0,40,0,0,0,LEADER,1,4,1,37,39,345,0,0,0,0,0,0,0,0,0
267728,18,bully,2883,1,39,5232006,348,0,2088,0,1,18,264845,2883,0,40,0,0,0,LEADER,1,4,1,24,39,348,0,0,0,0,0,0,0,0,0
267673,9,bully,2828,1,39,5229861,348,346,2088,2076,1,1,264845,2828,0,40,0,0,0,NORMAL,0,3,1,6,117,348,0,346,0,0,0,0,0,0,0
267826,13,bully,2983,1,39,5235883,348,344,2088,2064,2,1,264843,2983,0,40,0,0,0,NORMAL,0,3,1,6,123,348,0,344,0,0,0,0,0,0,0
267898,25,bully,3053,1,39,5238636,348,0,2088,0,1,25,264845,3053,0,40,0,0,0,LEADER,1,4,1,31,39,348,0,0,0,0,0,0,0,0,0
267901,36,bully,3065,1,39,5238896,348,0,2088,0,1,36,264836,3065,0,40,0,0,0,LEADER,1,4,1,42,39,348,0,0,0,0,0,0,0,0,0
267740,29,bully,2895,1,39,5232474,348,0,2088,0,1,29,264845,2895,0,40,0,0,0,LEADER,1,4,1,35,39,348,0,0,0,0,0,0,0,0,0
267922,35,bully,3086,1,39,5239770,348,0,2088,0,1,35,264836,3086,0,40,0,0,0,LEADER,1,4,1,41,39,348,0,0,0,0,0,0,0,0,0
267806,6,bully,2965,1,39,5235113,348,694,2088,4164,2,1,264841,2965,0,40,0,0,0,NORMAL,0,3,1,6,123,348,0,694,0,0,0,0,0,0,0
267978,48,bully,3133,1,39,5241756,348,0,2088,0,1,48,264845,3133,0,40,0,0,0,LEADER,1,4,1,54,39,348,0,0,0,0,0,0,0,0,0
267712,50,bully,2868,1,39,5231399,348,0,2088,0,1,50,264844,2868,0,40,0,0,0,LEADER,1,4,1,56,39,348,0,0,0,0,0,0,0,0,0
268115,10,bully,3271,1,39,5247130,348,347,2088,2082,1,1,264844,3271,0,40,0,0,0,NORMAL,0,3,1,6,119,348,0,347,0,0,0,0,0,0,0
267654,41,bully,2813,1,39,5229144,348,0,2088,0,1,41,264841,2813,0,40,0,0,0,LEADER,1,4,1,47,39,348,0,0,0,0,0,0,0,0,0
267947,3,bully,3101,1,39,5240528,348,694,2088,4164,1,1,264846,3101,0,40,0,0,0,NORMAL,0,3,1,6,119,348,0,694,0,0,0,0,0,0,0
267558,11,bully,2713,1,39,5225376,348,338,2088,2028,1,1,264845,2713,0,40,0,0,0,NORMAL,0,3,1,6,158,348,0,338,0,0,0,0,0,0,0
267964,45,bully,3119,1,39,5241210,348,0,2088,0,1,45,264845,3119,0,40,0,0,0,LEADER,1,4,1,51,39,348,0,0,0,0,0,0,0,0,0
268101,42,bully,3256,1,39,5246553,348,0,2088,0,1,42,264845,3256,0,40,0,0,0,LEADER,1,4,1,48,39,348,0,0,0,0,0,0,0,0,0
268067,46,bully,3222,1,39,5245227,348,0,2088,0,1,46,264845,3222,0,40,0,0,0,LEADER,1,4,1,52,39,348,0,0,0,0,0,0,0,0,0
267624,31,bully,2780,1,39,5227984,348,0,2088,0,1,31,264844,2780,0,40,0,0,0,LEADER,1,4,1,37,39,348,0,0,0,0,0,0,0,0,0
268231,8,bully,3386,1,39,5251623,348,347,2088,2082,2,1,264845,3386,0,40,0,0,0,NORMAL,0,3,1,6,125,348,0,347,0,0,0,0,0,0,0
267875,26,bully,3031,1,39,5237776,348,0,2088,0,1,26,264844,3031,0,40,0,0,0,LEADER,1,4,1,32,39,348,0,0,0,0,0,0,0,0,0
268284,17,bully,3440,1,39,5253712,348,0,2088,0,1,17,264844,3440,0,40,0,0,0,LEADER,1,4,1,23,39,348,0,0,0,0,0,0,0,0,0
268182,30,bully,3337,1,39,5249712,348,0,2088,0,1,30,264845,3337,0,40,0,0,0,LEADER,1,4,1,36,39,348,0,0,0,0,0,0,0,0,0
268367,5,bully,3522,1,39,5256927,348,695,2088,4170,2,1,264845,3522,0,40,0,0,0,NORMAL,0,3,1,6,121,348,0,695,0,0,0,0,0,0,0
268013,2,bully,3168,1,39,5243121,348,690,2088,4140,1,1,264845,3168,0,40,0,0,0,NORMAL,0,3,1,6,117,348,0,690,0,0,0,0,0,0,0
267761,28,bully,2916,1,39,5233293,348,0,2088,0,1,28,264845,2916,0,40,0,0,0,LEADER,1,4,1,34,39,348,0,0,0,0,0,0,0,0,0
268311,27,bully,3473,1,39,5254966,348,0,2088,0,1,27,264838,3473,0,40,0,0,0,LEADER,1,4,1,33,39,348,0,0,0,0,0,0,0,0,0
268352,37,bully,3507,1,39,5256342,348,0,2088,0,1,37,264845,3507,0,40,0,0,0,LEADER,1,4,1,43,39,348,0,0,0,0,0,0,0,0,0
267698,19,bully,2861,1,39,5230996,348,0,2088,0,1,19,264837,2861,0,40,0,0,0,LEADER,1,4,1,25,39,348,0,0,0,0,0,0,0,0,0
267569,22,bully,2725,1,39,5225830,348,0,2088,0,1,22,264844,2725,0,40,0,0,0,LEADER,1,4,1,28,39,348,0,0,0,0,0,0,0,0,0
267582,21,bully,2747,1,39,5226468,348,0,2088,0,1,21,264835,2747,0,40,0,0,0,LEADER,1,4,1,27,39,348,0,0,0,0,0,0,0,0,0
268046,33,bully,3201,1,39,5244408,348,0,2088,0,1,33,264845,3201,0,40,0,0,0,LEADER,1,4,1,39,39,348,0,0,0,0,0,0,0,0,0
268079,43,bully,3234,1,39,5245695,348,0,2088,0,1,43,264845,3234,0,40,0,0,0,LEADER,1,4,1,49,39,348,0,0,0,0,0,0,0,0,0
267843,16,bully,2998,1,39,5236491,348,349,2088,2094,2,1,264845,2998,0,40,0,0,0,NORMAL,0,3,1,6,126,348,0,349,0,0,0,0,0,0,0
268347,32,bully,3502,1,39,5256147,348,0,2088,0,1,32,264845,3502,0,40,0,0,0,LEADER,1,4,1,38,39,348,0,0,0,0,0,0,0,0,0
268388,4,bully,3543,1,39,5257746,348,694,2088,4164,1,1,264845,3543,0,40,0,0,0,NORMAL,0,3,1,6,120,348,0,694,0,0,0,0,0,0,0
268454,24,bully,3610,1,39,5260331,348,0,2088,0,1,24,264844,3610,0,40,0,0,0,LEADER,1,4,1,30,39,348,0,0,0,0,0,0,0,0,0
268149,20,bully,3304,1,39,5248425,348,0,2088,0,1,20,264845,3304,0,40,0,0,0,LEADER,1,4,1,26,39,348,0,0,0,0,0,0,0,0,0
267795,38,bully,2950,1,39,5234619,348,0,2088,0,1,38,264845,2950,0,40,0,0,0,LEADER,1,4,1,44,39,348,0,0,0,0,0,0,0,0,0
268432,23,bully,3585,1,39,5259416,348,0,2088,0,1,23,264847,3585,0,40,0,0,0,LEADER,1,4,1,29,39,348,0,0,0,0,0,0,0,0,0
268252,7,bully,3407,1,39,5252442,348,698,2088,4188,2,1,264845,3407,0,40,0,0,0,NORMAL,0,3,1,6,124,348,0,698,0,0,0,0,0,0,0
268385,47,bully,3540,1,39,5257629,348,0,2088,0,1,47,264845,3540,0,40,0,0,0,LEADER,1,4,1,53,39,348,0,0,0,0,0,0,0,0,0
268239,39,bully,3392,1,39,5251889,348,0,2088,0,1,39,264847,3392,0,40,0,0,0,LEADER,1,4,1,45,39,348,0,0,0,0,0,0,0,0,0
268394,15,bully,3555,1,39,5258124,348,343,2088,2058,2,1,264839,3555,0,40,0,0,0,NORMAL,0,3,1,6,140,348,0,343,0,0,0,0,0,0,0
268270,49,bully,3425,1,39,5253144,348,0,2088,0,1,49,264845,3425,0,40,0,0,0,LEADER,1,4,1,55,39,348,0,0,0,0,0,0,0,0,0
268052,1,bully,3216,1,39,5244829,348,697,2088,4182,1,1,264836,3216,0,40,0,0,0,LEADER,1,4,1,7,39,348,0,697,0,0,0,0,0,0,0
268211,40,bully,3371,1,39,5250914,348,0,2088,0,1,40,264840,3371,0,40,0,0,0,LEADER,1,4,1,46,39,348,0,0,0,0,0,0,0,0,0
268420,14,bully,3577,1,39,5259021,348,348,2088,2088,2,1,264843,3577,0,40,0,0,0,NORMAL,0,3,1,6,124,348,0,348,0,0,0,0,0,0,0
268523,44,bully,3677,1,39,5262984,348,0,2088,0,1,44,264846,3677,0,40,0,0,0,LEADER,1,4,1,50,39,348,0,0,0,0,0,0,0,0,0
268537,12,bully,3692,1,39,5263557,348,349,2088,2094,1,1,264845,3692,0,40,0,0,0,NORMAL,0,3,1,6,120,348,0,349,0,0,0,0,0,0,0
268488,34,bully,3643,1,39,5261646,348,0,2088,0,1,34,264845,3643,0,40,0,0,0,LEADER,1,4,1,40,39,348,0,0,0,0,0,0,0,0,0
270031,18,bully,2883,1,39,5232006,351,0,2106,0,1,18,267148,2883,0,40,0,0,0,LEADER,1,4,1,27,39,351,0,0,0,0,0,0,0,0,0
269976,9,bully,2828,1,39,5229861,351,349,2106,2094,1,1,267148,2828,0,40,0,0,0,NORMAL,0,3,1,9,117,351,0,349,0,0,0,0,0,0,0
270129,13,bully,2983,1,39,5235883,351,347,2106,2082,2,1,267146,2983,0,40,0,0,0,NORMAL,0,3,1,9,123,351,0,347,0,0,0,0,0,0,0
270201,25,bully,3053,1,39,5238636,351,0,2106,0,1,25,267148,3053,0,40,0,0,0,LEADER,1,4,1,34,39,351,0,0,0,0,0,0,0,0,0
270204,36,bully,3065,1,39,5238896,351,0,2106,0,1,36,267139,3065,0,40,0,0,0,LEADER,1,4,1,45,39,351,0,0,0,0,0,0,0,0,0
270043,29,bully,2895,1,39,5232474,351,0,2106,0,1,29,267148,2895,0,40,0,0,0,LEADER,1,4,1,38,39,351,0,0,0,0,0,0,0,0,0
270225,35,bully,3086,1,39,5239770,351,0,2106,0,1,35,267139,3086,0,40,0,0,0,LEADER,1,4,1,44,39,351,0,0,0,0,0,0,0,0,0
270109,6,bully,2965,1,39,5235113,351,700,2106,4200,2,1,267144,2965,0,40,0,0,0,NORMAL,0,3,1,9,123,351,0,700,0,0,0,0,0,0,0
270281,48,bully,3133,1,39,5241756,351,0,2106,0,1,48,267148,3133,0,40,0,0,0,LEADER,1,4,1,57,39,351,0,0,0,0,0,0,0,0,0
270015,50,bully,2868,1,39,5231399,351,0,2106,0,1,50,267147,2868,0,40,0,0,0,LEADER,1,4,1,59,39,351,0,0,0,0,0,0,0,0,0
269957,41,bully,2813,1,39,5229144,351,0,2106,0,1,41,267144,2813,0,40,0,0,0,LEADER,1,4,1,50,39,351,0,0,0,0,0,0,0,0,0
270418,10,bully,3271,1,39,5247130,351,350,2106,2100,1,1,267147,3271,0,40,0,0,0,NORMAL,0,3,1,9,119,351,0,350,0,0,0,0,0,0,0
270250,3,bully,3101,1,39,5240528,351,700,2106,4200,1,1,267149,3101,0,40,0,0,0,NORMAL,0,3,1,9,119,351,0,700,0,0,0,0,0,0,0
269861,11,bully,2713,1,39,5225376,351,341,2106,2046,1,1,267148,2713,0,40,0,0,0,NORMAL,0,3,1,9,158,351,0,341,0,0,0,0,0,0,0
270267,45,bully,3119,1,39,5241210,351,0,2106,0,1,45,267148,3119,0,40,0,0,0,LEADER,1,4,1,54,39,351,0,0,0,0,0,0,0,0,0
270404,42,bully,3256,1,39,5246553,351,0,2106,0,1,42,267148,3256,0,40,0,0,0,LEADER,1,4,1,51,39,351,0,0,0,0,0,0,0,0,0
270370,46,bully,3222,1,39,5245227,351,0,2106,0,1,46,267148,3222,0,40,0,0,0,LEADER,1,4,1,55,39,351,0,0,0,0,0,0,0,0,0
269927,31,bully,2780,1,39,5227984,351,0,2106,0,1,31,267147,2780,0,40,0,0,0,LEADER,1,4,1,40,39,351,0,0,0,0,0,0,0,0,0
270534,8,bully,3386,1,39,5251623,351,350,2106,2100,2,1,267148,3386,0,40,0,0,0,NORMAL,0,3,1,9,125,351,0,350,0,0,0,0,0,0,0
270178,26,bully,3031,1,39,5237776,351,0,2106,0,1,26,267147,3031,0,40,0,0,0,LEADER,1,4,1,35,39,351,0,0,0,0,0,0,0,0,0
270587,17,bully,3440,1,39,5253712,351,0,2106,0,1,17,267147,3440,0,40,0,0,0,LEADER,1,4,1,26,39,351,0,0,0,0,0,0,0,0,0
270485,30,bully,3337,1,39,5249712,351,0,2106,0,1,30,267148,3337,0,40,0,0,0,LEADER,1,4,1,39,39,351,0,0,0,0,0,0,0,0,0
270670,5,bully,3522,1,39,5256927,351,701,2106,4206,2,1,267148,3522,0,40,0,0,0,NORMAL,0,3,1,9,121,351,0,701,0,0,0,0,0,0,0
270316,2,bully,3168,1,39,5243121,351,696,2106,4176,1,1,267148,3168,0,40,0,0,0,NORMAL,0,3,1,9,117,351,0,696,0,0,0,0,0,0,0
270064,28,bully,2916,1,39,5233293,351,0,2106,0,1,28,267148,2916,0,40,0,0,0,LEADER,1,4,1,37,39,351,0,0,0,0,0,0,0,0,0
270614,27,bully,3473,1,39,5254966,351,0,2106,0,1,27,267141,3473,0,40,0,0,0,LEADER,1,4,1,36,39,351,0,0,0,0,0,0,0,0,0
270655,37,bully,3507,1,39,5256342,351,0,2106,0,1,37,267148,3507,0,40,0,0,0,LEADER,1,4,1,46,39,351,0,0,0,0,0,0,0,0,0
270001,19,bully,2861,1,39,5230996,351,0,2106,0,1,19,267140,2861,0,40,0,0,0,LEADER,1,4,1,28,39,351,0,0,0,0,0,0,0,0,0
269872,22,bully,2725,1,39,5225830,351,0,2106,0,1,22,267147,2725,0,40,0,0,0,LEADER,1,4,1,31,39,351,0,0,0,0,0,0,0,0,0
269885,21,bully,2747,1,39,5226468,351,0,2106,0,1,21,267138,2747,0,40,0,0,0,LEADER,1,4,1,30,39,351,0,0,0,0,0,0,0,0,0
270349,33,bully,3201,1,39,5244408,351,0,2106,0,1,33,267148,3201,0,40,0,0,0,LEADER,1,4,1,42,39,351,0,0,0,0,0,0,0,0,0
270382,43,bully,3234,1,39,5245695,351,0,2106,0,1,43,267148,3234,0,40,0,0,0,LEADER,1,4,1,52,39,351,0,0,0,0,0,0,0,0,0
270146,16,bully,2998,1,39,5236491,351,352,2106,2112,2,1,267148,2998,0,40,0,0,0,NORMAL,0,3,1,9,126,351,0,352,0,0,0,0,0,0,0
270650,32,bully,3502,1,39,5256147,351,0,2106,0,1,32,267148,3502,0,40,0,0,0,LEADER,1,4,1,41,39,351,0,0,0,0,0,0,0,0,0
270691,4,bully,3543,1,39,5257746,351,700,2106,4200,1,1,267148,3543,0,40,0,0,0,NORMAL,0,3,1,9,120,351,0,700,0,0,0,0,0,0,0
270757,24,bully,3610,1,39,5260331,351,0,2106,0,1,24,267147,3610,0,40,0,0,0,LEADER,1,4,1,33,39,351,0,0,0,0,0,0,0,0,0
270452,20,bully,3304,1,39,5248425,351,0,2106,0,1,20,267148,3304,0,40,0,0,0,LEADER,1,4,1,29,39,351,0,0,0,0,0,0,0,0,0
270098,38,bully,2950,1,39,5234619,351,0,2106,0,1,38,267148,2950,0,40,0,0,0,LEADER,1,4,1,47,39,351,0,0,0,0,0,0,0,0,0
270735,23,bully,3585,1,39,5259416,351,0,2106,0,1,23,267150,3585,0,40,0,0,0,LEADER,1,4,1,32,39,351,0,0,0,0,0,0,0,0,0
270555,7,bully,3407,1,39,5252442,351,704,2106,4224,2,1,267148,3407,0,40,0,0,0,NORMAL,0,3,1,9,124,351,0,704,0,0,0,0,0,0,0
270688,47,bully,3540,1,39,5257629,351,0,2106,0,1,47,267148,3540,0,40,0,0,0,LEADER,1,4,1,56,39,351,0,0,0,0,0,0,0,0,0
270542,39,bully,3392,1,39,5251889,351,0,2106,0,1,39,267150,3392,0,40,0,0,0,LEADER,1,4,1,48,39,351,0,0,0,0,0,0,0,0,0
270697,15,bully,3555,1,39,5258124,351,346,2106,2076,2,1,267142,3555,0,40,0,0,0,NORMAL,0,3,1,9,140,351,0,346,0,0,0,0,0,0,0
270573,49,bully,3425,1,39,5253144,351,0,2106,0,1,49,267148,3425,0,40,0,0,0,LEADER,1,4,1,58,39,351,0,0,0,0,0,0,0,0,0
270355,1,bully,3216,1,39,5244829,351,703,2106,4218,1,1,267139,3216,0,40,0,0,0,LEADER,1,4,1,10,39,351,0,703,0,0,0,0,0,0,0
270514,40,bully,3371,1,39,5250914,351,0,2106,0,1,40,267143,3371,0,40,0,0,0,LEADER,1,4,1,49,39,351,0,0,0,0,0,0,0,0,0
270723,14,bully,3577,1,39,5259021,351,351,2106,2106,2,1,267146,3577,0,40,0,0,0,NORMAL,0,3,1,9,124,351,0,351,0,0,0,0,0,0,0
270826,44,bully,3677,1,39,5262984,351,0,2106,0,1,44,267149,3677,0,40,0,0,0,LEADER,1,4,1,53,39,351,0,0,0,0,0,0,0,0,0
270840,12,bully,3692,1,39,5263557,351,352,2106,2112,1,1,267148,3692,0,40,0,0,0,NORMAL,0,3,1,9,120,351,0,352,0,0,0,0,0,0,0
270791,34,bully,3643,1,39,5261646,351,0,2106,0,1,34,267148,3643,0,40,0,0,0,LEADER,1,4,1,43,39,351,0,0,0,0,0,0,0,0,0
272334,18,bully,2883,1,40,5504340,354,0,2124,0,1,18,269451,2883,0,41,0,0,0,LEADER,1,4,1,21,40,354,0,0,0,0,0,0,0,0,0
272279,9,bully,2828,1,40,5502140,354,352,2124,2112,1,1,269451,2828,0,41,0,0,0,NORMAL,0,3,2,3,120,354,0,352,0,0,0,0,0,0,0
272432,13,bully,2983,1,40,5508315,354,350,2124,2100,2,1,269449,2983,0,41,0,0,0,NORMAL,0,3,2,3,126,354,0,350,0,0,0,0,0,0,0
272504,25,bully,3053,1,40,5511140,354,0,2124,0,1,25,269451,3053,0,41,0,0,0,LEADER,1,4,1,28,40,354,0,0,0,0,0,0,0,0,0
272507,36,bully,3065,1,40,5511403,354,0,2124,0,1,36,269442,3065,0,41,0,0,0,LEADER,1,4,1,39,40,354,0,0,0,0,0,0,0,0,0
272346,29,bully,2895,1,40,5504820,354,0,2124,0,1,29,269451,2895,0,41,0,0,0,LEADER,1,4,1,32,40,354,0,0,0,0,0,0,0,0,0
272528,35,bully,3086,1,40,5512298,354,0,2124,0,1,35,269442,3086,0,41,0,0,0,LEADER,1,4,1,38,40,354,0,0,0,0,0,0,0,0,0
272412,6,bully,2965,1,40,5507525,354,706,2124,4236,2,1,269447,2965,0,41,0,0,0,NORMAL,0,3,2,3,126,354,0,706,0,0,0,0,0,0,0
272584,48,bully,3133,1,40,5514340,354,0,2124,0,1,48,269451,3133,0,41,0,0,0,LEADER,1,4,1,51,40,354,0,0,0,0,0,0,0,0,0
272318,50,bully,2868,1,40,5503717,354,0,2124,0,1,50,269450,2868,0,41,0,0,0,LEADER,1,4,1,53,40,354,0,0,0,0,0,0,0,0,0
272721,10,bully,3271,1,40,5519851,354,353,2124,2118,1,1,269450,3271,0,41,0,0,0,NORMAL,0,3,2,3,122,354,0,353,0,0,0,0,0,0,0
272260,41,bully,2813,1,40,5501404,354,0,2124,0,1,41,269447,2813,0,41,0,0,0,LEADER,1,4,1,44,40,354,0,0,0,0,0,0,0,0,0
272553,3,bully,3101,1,40,5513081,354,706,2124,4236,1,1,269452,3101,0,41,0,0,0,NORMAL,0,3,2,3,122,354,0,706,0,0,0,0,0,0,0
272164,11,bully,2713,1,40,5497540,354,344,2124,2064,1,1,269451,2713,0,41,0,0,0,NORMAL,0,3,2,3,162,354,0,344,0,0,0,0,0,0,0
272570,45,bully,3119,1,40,5513780,354,0,2124,0,1,45,269451,3119,0,41,0,0,0,LEADER,1,4,1,48,40,354,0,0,0,0,0,0,0,0,0
272707,42,bully,3256,1,40,5519260,354,0,2124,0,1,42,269451,3256,0,41,0,0,0,LEADER,1,4,1,45,40,354,0,0,0,0,0,0,0,0,0
272673,46,bully,3222,1,40,5517900,354,0,2124,0,1,46,269451,3222,0,41,0,0,0,LEADER,1,4,1,49,40,354,0,0,0,0,0,0,0,0,0
272230,31,bully,2780,1,40,5500214,354,0,2124,0,1,31,269450,2780,0,41,0,0,0,LEADER,1,4,1,34,40,354,0,0,0,0,0,0,0,0,0
272837,8,bully,3386,1,40,5524460,354,353,2124,2118,2,1,269451,3386,0,41,0,0,0,NORMAL,0,3,2,3,128,354,0,353,0,0,0,0,0,0,0
272481,26,bully,3031,1,40,5510257,354,0,2124,0,1,26,269450,3031,0,41,0,0,0,LEADER,1,4,1,29,40,354,0,0,0,0,0,0,0,0,0
272890,17,bully,3440,1,40,5526602,354,0,2124,0,1,17,269450,3440,0,41,0,0,0,LEADER,1,4,1,20,40,354,0,0,0,0,0,0,0,0,0
272788,30,bully,3337,1,40,5522500,354,0,2124,0,1,30,269451,3337,0,41,0,0,0,LEADER,1,4,1,33,40,354,0,0,0,0,0,0,0,0,0
272973,5,bully,3522,1,40,5529900,354,707,2124,4242,2,1,269451,3522,0,41,0,0,0,NORMAL,0,3,2,3,124,354,0,707,0,0,0,0,0,0,0
272619,2,bully,3168,1,40,5515740,354,702,2124,4212,1,1,269451,3168,0,41,0,0,0,NORMAL,0,3,2,3,120,354,0,702,0,0,0,0,0,0,0
272367,28,bully,2916,1,40,5505660,354,0,2124,0,1,28,269451,2916,0,41,0,0,0,LEADER,1,4,1,31,40,354,0,0,0,0,0,0,0,0,0
272917,27,bully,3473,1,40,5527883,354,0,2124,0,1,27,269444,3473,0,41,0,0,0,LEADER,1,4,1,30,40,354,0,0,0,0,0,0,0,0,0
272958,37,bully,3507,1,40,5529300,354,0,2124,0,1,37,269451,3507,0,41,0,0,0,LEADER,1,4,1,40,40,354,0,0,0,0,0,0,0,0,0
272304,19,bully,2861,1,40,5503300,354,0,2124,0,1,19,269443,2861,0,41,0,0,0,LEADER,1,4,1,22,40,354,0,0,0,0,0,0,0,0,0
272175,22,bully,2725,1,40,5498005,354,0,2124,0,1,22,269450,2725,0,41,0,0,0,LEADER,1,4,1,25,40,354,0,0,0,0,0,0,0,0,0
272188,21,bully,2747,1,40,5498656,354,0,2124,0,1,21,269441,2747,0,41,0,0,0,LEADER,1,4,1,24,40,354,0,0,0,0,0,0,0,0,0
272652,33,bully,3201,1,40,5517060,354,0,2124,0,1,33,269451,3201,0,41,0,0,0,LEADER,1,4,1,36,40,354,0,0,0,0,0,0,0,0,0
272685,43,bully,3234,1,40,5518380,354,0,2124,0,1,43,269451,3234,0,41,0,0,0,LEADER,1,4,1,46,40,354,0,0,0,0,0,0,0,0,0
272449,16,bully,2998,1,40,5508940,354,355,2124,2130,2,1,269451,2998,0,41,0,0,0,NORMAL,0,3,2,3,129,354,0,355,0,0,0,0,0,0,0
272953,32,bully,3502,1,40,5529100,354,0,2124,0,1,32,269451,3502,0,41,0,0,0,LEADER,1,4,1,35,40,354,0,0,0,0,0,0,0,0,0
272994,4,bully,3543,1,40,5530740,354,706,2124,4236,1,1,269451,3543,0,41,0,0,0,NORMAL,0,3,2,3,123,354,0,706,0,0,0,0,0,0,0
273060,24,bully,3610,1,40,5533391,354,0,2124,0,1,24,269450,3610,0,41,0,0,0,LEADER,1,4,1,27,40,354,0,0,0,0,0,0,0,0,0
272755,20,bully,3304,1,40,5521180,354,0,2124,0,1,20,269451,3304,0,41,0,0,0,LEADER,1,4,1,23,40,354,0,0,0,0,0,0,0,0,0
272401,38,bully,2950,1,40,5507020,354,0,2124,0,1,38,269451,2950,0,41,0,0,0,LEADER,1,4,1,41,40,354,0,0,0,0,0,0,0,0,0
273038,23,bully,3585,1,40,5532454,354,0,2124,0,1,23,269453,3585,0,41,0,0,0,LEADER,1,4,1,26,40,354,0,0,0,0,0,0,0,0,0
272858,7,bully,3407,1,40,5525300,354,710,2124,4260,2,1,269451,3407,0,41,0,0,0,NORMAL,0,3,2,3,127,354,0,710,0,0,0,0,0,0,0
272991,47,bully,3540,1,40,5530620,354,0,2124,0,1,47,269451,3540,0,41,0,0,0,LEADER,1,4,1,50,40,354,0,0,0,0,0,0,0,0,0
272844,39,bully,3392,1,40,5524733,354,0,2124,0,1,39,269452,3392,0,41,0,0,0,LEADER,1,4,1,42,40,354,0,0,0,0,0,0,0,0,0
273000,15,bully,3555,1,40,5531124,354,349,2124,2094,2,1,269445,3555,0,41,0,0,0,NORMAL,0,3,2,3,143,354,0,349,0,0,0,0,0,0,0
272876,49,bully,3425,1,40,5526020,354,0,2124,0,1,49,269451,3425,0,41,0,0,0,LEADER,1,4,1,52,40,354,0,0,0,0,0,0,0,0,0
272658,1,bully,3216,1,40,5517487,354,709,2124,4254,1,1,269442,3216,0,41,0,0,0,LEADER,1,4,1,4,40,354,0,709,0,0,0,0,0,0,0
272817,40,bully,3371,1,40,5523731,354,0,2124,0,1,40,269446,3371,0,41,0,0,0,LEADER,1,4,1,43,40,354,0,0,0,0,0,0,0,0,0
273026,14,bully,3577,1,40,5532047,354,354,2124,2124,2,1,269449,3577,0,41,0,0,0,NORMAL,0,3,2,3,127,354,0,354,0,0,0,0,0,0,0
273129,44,bully,3677,1,40,5536113,354,0,2124,0,1,44,269452,3677,0,41,0,0,0,LEADER,1,4,1,47,40,354,0,0,0,0,0,0,0,0,0
273143,12,bully,3692,1,40,5536700,354,355,2124,2130,1,1,269451,3692,0,41,0,0,0,NORMAL,0,3,2,3,123,354,0,355,0,0,0,0,0,0,0
273094,34,bully,3643,1,40,5534740,354,0,2124,0,1,34,269451,3643,0,41,0,0,0,LEADER,1,4,1,37,40,354,0,0,0,0,0,0,0,0,0
274637,18,bully,2883,1,40,5504340,357,0,2142,0,1,18,271754,2883,0,41,0,0,0,LEADER,1,4,1,24,40,357,0,0,0,0,0,0,0,0,0
274582,9,bully,2828,1,40,5502140,357,355,2142,2130,1,1,271754,2828,0,41,0,0,0,NORMAL,0,3,1,6,120,357,0,355,0,0,0,0,0,0,0
274735,13,bully,2983,1,40,5508315,357,353,2142,2118,2,1,271752,2983,0,41,0,0,0,NORMAL,0,3,1,6,126,357,0,353,0,0,0,0,0,0,0
274807,25,bully,3053,1,40,5511140,357,0,2142,0,1,25,271754,3053,0,41,0,0,0,LEADER,1,4,1,31,40,357,0,0,0,0,0,0,0,0,0
274810,36,bully,3065,1,40,5511403,357,0,2142,0,1,36,271745,3065,0,41,0,0,0,LEADER,1,4,1,42,40,357,0,0,0,0,0,0,0,0,0
274649,29,bully,2895,1,40,5504820,357,0,2142,0,1,29,271754,2895,0,41,0,0,0,LEADER,1,4,1,35,40,357,0,0,0,0,0,0,0,0,0
274831,35,bully,3086,1,40,5512298,357,0,2142,0,1,35,271745,3086,0,41,0,0,0,LEADER,1,4,1,41,40,357,0,0,0,0,0,0,0,0,0
274715,6,bully,2965,1,40,5507525,357,712,2142,4272,2,1,271750,2965,0,41,0,0,0,NORMAL,0,3,1,6,126,357,0,712,0,0,0,0,0,0,0
274887,48,bully,3133,1,40,5514340,357,0,2142,0,1,48,271754,3133,0,41,0,0,0,LEADER,1,4,1,54,40,357,0,0,0,0,0,0,0,0,0
274621,50,bully,2868,1,40,5503717,357,0,2142,0,1,50,271753,2868,0,41,0,0,0,LEADER,1,4,1,56,40,357,0,0,0,0,0,0,0,0,0
275024,10,bully,3271,1,40,5519851,357,356,2142,2136,1,1,271753,3271,0,41,0,0,0,NORMAL,0,3,1,6,122,357,0,356,0,0,0,0,0,0,0
274563,41,bully,2813,1,40,5501404,357,0,2142,0,1,41,271750,2813,0,41,0,0,0,LEADER,1,4,1,47,40,357,0,0,0,0,0,0,0,0,0
274856,3,bully,3101,1,40,5513081,357,712,2142,4272,1,1,271755,3101,0,41,0,0,0,NORMAL,0,3,1,6,122,357,0,712,0,0,0,0,0,0,0
274467,11,bully,2713,1,40,5497540,357,347,2142,2082,1,1,271754,2713,0,41,0,0,0,NORMAL,0,3,1,6,162,357,0,347,0,0,0,0,0,0,0
274873,45,bully,3119,1,40,5513780,357,0,2142,0,1,45,271754,3119,0,41,0,0,0,LEADER,1,4,1,51,40,357,0,0,0,0,0,0,0,0,0
275010,42,bully,3256,1,40,5519260,357,0,2142,0,1,42,271754,3256,0,41,0,0,0,LEADER,1,4,1,48,40,357,0,0,0,0,0,0,0,0,0
274976,46,bully,3222,1,40,5517900,357,0,2142,0,1,46,271754,3222,0,41,0,0,0,LEADER,1,4,1,52,40,357,0,0,0,0,0,0,0,0,0
274533,31,bully,2780,1,40,5500214,357,0,2142,0,1,31,271753,2780,0,41,0,0,0,LEADER,1,4,1,37,40,357,0,0,0,0,0,0,0,0,0
275140,8,bully,3386,1,40,5524460,357,356,2142,2136,2,1,271754,3386,0,41,0,0,0,NORMAL,0,3,1,6,128,357,0,356,0,0,0,0,0,0,0
274784,26,bully,3031,1,40,5510257,357,0,2142,0,1,26,271753,3031,0,41,0,0,0,LEADER,1,4,1,32,40,357,0,0,0,0,0,0,0,0,0
275193,17,bully,3440,1,40,5526602,357,0,2142,0,1,17,271753,3440,0,41,0,0,0,LEADER,1,4,1,23,40,357,0,0,0,0,0,0,0,0,0
275091,30,bully,3337,1,40,5522500,357,0,2142,0,1,30,271754,3337,0,41,0,0,0,LEADER,1,4,1,36,40,357,0,0,0,0,0,0,0,0,0
275276,5,bully,3522,1,40,5529900,357,713,2142,4278,2,1,271754,3522,0,41,0,0,0,NORMAL,0,3,1,6,124,357,0,713,0,0,0,0,0,0,0
274922,2,bully,3168,1,40,5515740,357,708,2142,4248,1,1,271754,3168,0,41,0,0,0,NORMAL,0,3,1,6,120,357,0,708,0,0,0,0,0,0,0
274670,28,bully,2916,1,40,5505660,357,0,2142,0,1,28,271754,2916,0,41,0,0,0,LEADER,1,4,1,34,40,357,0,0,0,0,0,0,0,0,0
275220,27,bully,3473,1,40,5527883,357,0,2142,0,1,27,271747,3473,0,41,0,0,0,LEADER,1,4,1,33,40,357,0,0,0,0,0,0,0,0,0
275261,37,bully,3507,1,40,5529300,357,0,2142,0,1,37,271754,3507,0,41,0,0,0,LEADER,1,4,1,43,40,357,0,0,0,0,0,0,0,0,0
274607,19,bully,2861,1,40,5503300,357,0,2142,0,1,19,271746,2861,0,41,0,0,0,LEADER,1,4,1,25,40,357,0,0,0,0,0,0,0,0,0
274478,22,bully,2725,1,40,5498005,357,0,2142,0,1,22,271753,2725,0,41,0,0,0,LEADER,1,4,1,28,40,357,0,0,0,0,0,0,0,0,0
274491,21,bully,2747,1,40,5498656,357,0,2142,0,1,21,271744,2747,0,41,0,0,0,LEADER,1,4,1,27,40,357,0,0,0,0,0,0,0,0,0
274955,33,bully,3201,1,40,5517060,357,0,2142,0,1,33,271754,3201,0,41,0,0,0,LEADER,1,4,1,39,40,357,0,0,0,0,0,0,0,0,0
274988,43,bully,3234,1,40,5518380,357,0,2142,0,1,43,271754,3234,0,41,0,0,0,LEADER,1,4,1,49,40,357,0,0,0,0,0,0,0,0,0
274752,16,bully,2998,1,40,5508940,357,358,2142,2148,2,1,271754,2998,0,41,0,0,0,NORMAL,0,3,1,6,129,357,0,358,0,0,0,0,0,0,0
275256,32,bully,3502,1,40,5529100,357,0,2142,0,1,32,271754,3502,0,41,0,0,0,LEADER,1,4,1,38,40,357,0,0,0,0,0,0,0,0,0
275297,4,bully,3543,1,40,5530740,357,712,2142,4272,1,1,271754,3543,0,41,0,0,0,NORMAL,0,3,1,6,123,357,0,712,0,0,0,0,0,0,0
275363,24,bully,3610,1,40,5533391,357,0,2142,0,1,24,271753,3610,0,41,0,0,0,LEADER,1,4,1,30,40,357,0,0,0,0,0,0,0,0,0
275058,20,bully,3304,1,40,5521180,357,0,2142,0,1,20,271754,3304,0,41,0,0,0,LEADER,1,4,1,26,40,357,0,0,0,0,0,0,0,0,0
274704,38,bully,2950,1,40,5507020,357,0,2142,0,1,38,271754,2950,0,41,0,0,0,LEADER,1,4,1,44,40,357,0,0,0,0,0,0,0,0,0
275341,23,bully,3585,1,40,5532454,357,0,2142,0,1,23,271756,3585,0,41,0,0,0,LEADER,1,4,1,29,40,357,0,0,0,0,0,0,0,0,0
275161,7,bully,3407,1,40,5525300,357,716,2142,4296,2,1,271754,3407,0,41,0,0,0,NORMAL,0,3,1,6,127,357,0,716,0,0,0,0,0,0,0
275294,47,bully,3540,1,40,5530620,357,0,2142,0,1,47,271754,3540,0,41,0,0,0,LEADER,1,4,1,53,40,357,0,0,0,0,0,0,0,0,0
275147,39,bully,3392,1,40,5524733,357,0,2142,0,1,39,271755,3392,0,41,0,0,0,LEADER,1,4,1,45,40,357,0,0,0,0,0,0,0,0,0
275303,15,bully,3555,1,40,5531124,357,351,2142,2106,2,1,271748,3555,0,41,0,0,0,NORMAL,0,3,1,6,143,357,0,351,0,0,0,0,0,0,0
275179,49,bully,3425,1,40,5526020,357,0,2142,0,1,49,271754,3425,0,41,0,0,0,LEADER,1,4,1,55,40,357,0,0,0,0,0,0,0,0,0
274961,1,bully,3216,1,40,5517487,357,715,2142,4290,1,1,271745,3216,0,41,0,0,0,LEADER,1,4,1,7,40,357,0,715,0,0,0,0,0,0,0
275120,40,bully,3371,1,40,5523731,357,0,2142,0,1,40,271749,3371,0,41,0,0,0,LEADER,1,4,1,46,40,357,0,0,0,0,0,0,0,0,0
275329,14,bully,3577,1,40,5532047,357,357,2142,2142,2,1,271752,3577,0,41,0,0,0,NORMAL,0,3,1,6,127,357,0,357,0,0,0,0,0,0,0
275432,44,bully,3677,1,40,5536113,357,0,2142,0,1,44,271755,3677,0,41,0,0,0,LEADER,1,4,1,50,40,357,0,0,0,0,0,0,0,0,0
275446,12,bully,3692,1,40,5536700,357,358,2142,2148,1,1,271754,3692,0,41,0,0,0,NORMAL,0,3,1,6,123,357,0,358,0,0,0,0,0,0,0
275397,34,bully,3643,1,40,5534740,357,0,2142,0,1,34,271754,3643,0,41,0,0,0,LEADER,1,4,1,40,40,357,0,0,0,0,0,0,0,0,0
276940,18,bully,2883,1,40,5504340,360,0,2160,0,1,18,274057,2883,0,41,0,0,0,LEADER,1,4,1,27,40,360,0,0,0,0,0,0,0,0,0
276885,9,bully,2828,1,40,5502140,360,358,2160,2148,1,1,274057,2828,0,41,0,0,0,NORMAL,0,3,1,9,120,360,0,358,0,0,0,0,0,0,0
277038,13,bully,2983,1,40,5508315,360,356,2160,2136,2,1,274055,2983,0,41,0,0,0,NORMAL,0,3,1,9,126,360,0,356,0,0,0,0,0,0,0
277110,25,bully,3053,1,40,5511140,360,0,2160,0,1,25,274057,3053,0,41,0,0,0,LEADER,1,4,1,34,40,360,0,0,0,0,0,0,0,0,0
277112,36,bully,3065,1,40,5511403,360,0,2160,0,1,36,274047,3065,0,41,0,0,0,LEADER,1,4,1,45,40,360,0,0,0,0,0,0,0,0,0
276952,29,bully,2895,1,40,5504820,360,0,2160,0,1,29,274057,2895,0,41,0,0,0,LEADER,1,4,1,38,40,360,0,0,0,0,0,0,0,0,0
277134,35,bully,3086,1,40,5512298,360,0,2160,0,1,35,274048,3086,0,41,0,0,0,LEADER,1,4,1,44,40,360,0,0,0,0,0,0,0,0,0
277018,6,bully,2965,1,40,5507525,360,718,2160,4308,2,1,274053,2965,0,41,0,0,0,NORMAL,0,3,1,9,126,360,0,718,0,0,0,0,0,0,0
277190,48,bully,3133,1,40,5514340,360,0,2160,0,1,48,274057,3133,0,41,0,0,0,LEADER,1,4,1,57,40,360,0,0,0,0,0,0,0,0,0
276924,50,bully,2868,1,40,5503717,360,0,2160,0,1,50,274056,2868,0,41,0,0,0,LEADER,1,4,1,59,40,360,0,0,0,0,0,0,0,0,0
276866,41,bully,2813,1,40,5501404,360,0,2160,0,1,41,274053,2813,0,41,0,0,0,LEADER,1,4,1,50,40,360,0,0,0,0,0,0,0,0,0
277327,10,bully,3271,1,40,5519851,360,359,2160,2154,1,1,274056,3271,0,41,0,0,0,NORMAL,0,3,1,9,122,360,0,359,0,0,0,0,0,0,0
277159,3,bully,3101,1,40,5513081,360,718,2160,4308,1,1,274058,3101,0,41,0,0,0,NORMAL,0,3,1,9,122,360,0,718,0,0,0,0,0,0,0
276770,11,bully,2713,1,40,5497540,360,349,2160,2094,1,1,274057,2713,0,41,0,0,0,NORMAL,0,3,1,9,162,360,0,349,0,0,0,0,0,0,0
277176,45,bully,3119,1,40,5513780,360,0,2160,0,1,45,274057,3119,0,41,0,0,0,LEADER,1,4,1,54,40,360,0,0,0,0,0,0,0,0,0
277313,42,bully,3256,1,40,5519260,360,0,2160,0,1,42,274057,3256,0,41,0,0,0,LEADER,1,4,1,51,40,360,0,0,0,0,0,0,0,0,0
277279,46,bully,3222,1,40,5517900,360,0,2160,0,1,46,274057,3222,0,41,0,0,0,LEADER,1,4,1,55,40,360,0,0,0,0,0,0,0,0,0
276836,31,bully,2780,1,40,5500214,360,0,2160,0,1,31,274056,2780,0,41,0,0,0,LEADER,1,4,1,40,40,360,0,0,0,0,0,0,0,0,0
277443,8,bully,3386,1,40,5524460,360,359,2160,2154,2,1,274057,3386,0,41,0,0,0,NORMAL,0,3,1,9,128,360,0,359,0,0,0,0,0,0,0
277087,26,bully,3031,1,40,5510257,360,0,2160,0,1,26,274056,3031,0,41,0,0,0,LEADER,1,4,1,35,40,360,0,0,0,0,0,0,0,0,0
277496,17,bully,3440,1,40,5526602,360,0,2160,0,1,17,274056,3440,0,41,0,0,0,LEADER,1,4,1,26,40,360,0,0,0,0,0,0,0,0,0
277394,30,bully,3337,1,40,5522500,360,0,2160,0,1,30,274057,3337,0,41,0,0,0,LEADER,1,4,1,39,40,360,0,0,0,0,0,0,0,0,0
277579,5,bully,3522,1,40,5529900,360,719,2160,4314,2,1,274057,3522,0,41,0,0,0,NORMAL,0,3,1,9,124,360,0,719,0,0,0,0,0,0,0
277225,2,bully,3168,1,40,5515740,360,713,2160,4278,1,1,274057,3168,0,41,0,0,0,NORMAL,0,3,1,9,120,360,0,713,0,0,0,0,0,0,0
276973,28,bully,2916,1,40,5505660,360,0,2160,0,1,28,274057,2916,0,41,0,0,0,LEADER,1,4,1,37,40,360,0,0,0,0,0,0,0,0,0
277523,27,bully,3473,1,40,5527883,360,0,2160,0,1,27,274050,3473,0,41,0,0,0,LEADER,1,4,1,36,40,360,0,0,0,0,0,0,0,0,0
277564,37,bully,3507,1,40,5529300,360,0,2160,0,1,37,274057,3507,0,41,0,0,0,LEADER,1,4,1,46,40,360,0,0,0,0,0,0,0,0,0
276910,19,bully,2861,1,40,5503300,360,0,2160,0,1,19,274049,2861,0,41,0,0,0,LEADER,1,4,1,28,40,360,0,0,0,0,0,0,0,0,0
276781,22,bully,2725,1,40,5498005,360,0,2160,0,1,22,274056,2725,0,41,0,0,0,LEADER,1,4,1,31,40,360,0,0,0,0,0,0,0,0,0
276794,21,bully,2747,1,40,5498656,360,0,2160,0,1,21,274047,2747,0,41,0,0,0,LEADER,1,4,1,30,40,360,0,0,0,0,0,0,0,0,0
277258,33,bully,3201,1,40,5517060,360,0,2160,0,1,33,274057,3201,0,41,0,0,0,LEADER,1,4,1,42,40,360,0,0,0,0,0,0,0,0,0
277291,43,bully,3234,1,40,5518380,360,0,2160,0,1,43,274057,3234,0,41,0,0,0,LEADER,1,4,1,52,40,360,0,0,0,0,0,0,0,0,0
277055,16,bully,2998,1,40,5508940,360,361,2160,2166,2,1,274057,2998,0,41,0,0,0,NORMAL,0,3,1,9,129,360,0,361,0,0,0,0,0,0,0
277559,32,bully,3502,1,40,5529100,360,0,2160,0,1,32,274057,3502,0,41,0,0,0,LEADER,1,4,1,41,40,360,0,0,0,0,0,0,0,0,0
277600,4,bully,3543,1,40,5530740,360,718,2160,4308,1,1,274057,3543,0,41,0,0,0,NORMAL,0,3,1,9,123,360,0,718,0,0,0,0,0,0,0
277666,24,bully,3610,1,40,5533391,360,0,2160,0,1,24,274056,3610,0,41,0,0,0,LEADER,1,4,1,33,40,360,0,0,0,0,0,0,0,0,0
277361,20,bully,3304,1,40,5521180,360,0,2160,0,1,20,274057,3304,0,41,0,0,0,LEADER,1,4,1,29,40,360,0,0,0,0,0,0,0,0,0
277007,38,bully,2950,1,40,5507020,360,0,2160,0,1,38,274057,2950,0,41,0,0,0,LEADER,1,4,1,47,40,360,0,0,0,0,0,0,0,0,0
277644,23,bully,3585,1,40,5532454,360,0,2160,0,1,23,274059,3585,0,41,0,0,0,LEADER,1,4,1,32,40,360,0,0,0,0,0,0,0,0,0
277464,7,bully,3407,1,40,5525300,360,722,2160,4332,2,1,274057,3407,0,41,0,0,0,NORMAL,0,3,1,9,127,360,0,722,0,0,0,0,0,0,0
277597,47,bully,3540,1,40,5530620,360,0,2160,0,1,47,274057,3540,0,41,0,0,0,LEADER,1,4,1,56,40,360,0,0,0,0,0,0,0,0,0
277450,39,bully,3392,1,40,5524733,360,0,2160,0,1,39,274058,3392,0,41,0,0,0,LEADER,1,4,1,48,40,360,0,0,0,0,0,0,0,0,0
277606,15,bully,3555,1,40,5531124,360,355,2160,2130,2,1,274051,3555,0,41,0,0,0,NORMAL,0,3,1,9,143,360,0,355,0,0,0,0,0,0,0
277482,49,bully,3425,1,40,5526020,360,0,2160,0,1,49,274057,3425,0,41,0,0,0,LEADER,1,4,1,58,40,360,0,0,0,0,0,0,0,0,0
277264,1,bully,3216,1,40,5517487,360,721,2160,4326,1,1,274048,3216,0,41,0,0,0,LEADER,1,4,1,10,40,360,0,721,0,0,0,0,0,0,0
277423,40,bully,3371,1,40,5523731,360,0,2160,0,1,40,274052,3371,0,41,0,0,0,LEADER,1,4,1,49,40,360,0,0,0,0,0,0,0,0,0
277632,14,bully,3577,1,40,5532047,360,360,2160,2160,2,1,274055,3577,0,41,0,0,0,NORMAL,0,3,1,9,127,360,0,360,0,0,0,0,0,0,0
277735,44,bully,3677,1,40,5536113,360,0,2160,0,1,44,274058,3677,0,41,0,0,0,LEADER,1,4,1,53,40,360,0,0,0,0,0,0,0,0,0
277749,12,bully,3692,1,40,5536700,360,361,2160,2166,1,1,274057,3692,0,41,0,0,0,NORMAL,0,3,1,9,123,360,0,361,0,0,0,0,0,0,0
277700,34,bully,3643,1,40,5534740,360,0,2160,0,1,34,274057,3643,0,41,0,0,0,LEADER,1,4,1,43,40,360,0,0,0,0,0,0,0,0,0
279243,18,bully,2883,1,41,5783583,363,0,2178,0,1,18,276360,2883,0,42,0,0,0,LEADER,1,4,1,21,41,363,0,0,0,0,0,0,0,0,0
279188,9,bully,2828,1,41,5781328,363,361,2178,2166,1,1,276360,2828,0,42,0,0,0,NORMAL,0,3,2,3,123,363,0,361,0,0,0,0,0,0,0
279341,13,bully,2983,1,41,5787656,363,359,2178,2154,2,1,276358,2983,0,42,0,0,0,NORMAL,0,3,2,3,129,363,0,359,0,0,0,0,0,0,0
279413,25,bully,3053,1,41,5790553,363,0,2178,0,1,25,276360,3053,0,42,0,0,0,LEADER,1,4,1,28,41,363,0,0,0,0,0,0,0,0,0
279415,36,bully,3065,1,41,5790818,363,0,2178,0,1,36,276350,3065,0,42,0,0,0,LEADER,1,4,1,39,41,363,0,0,0,0,0,0,0,0,0
279255,29,bully,2895,1,41,5784075,363,0,2178,0,1,29,276360,2895,0,42,0,0,0,LEADER,1,4,1,32,41,363,0,0,0,0,0,0,0,0,0
279437,35,bully,3086,1,41,5791735,363,0,2178,0,1,35,276351,3086,0,42,0,0,0,LEADER,1,4,1,38,41,363,0,0,0,0,0,0,0,0,0
279321,6,bully,2965,1,41,5786846,363,724,2178,4344,2,1,276356,2965,0,42,0,0,0,NORMAL,0,3,2,3,129,363,0,724,0,0,0,0,0,0,0
279493,48,bully,3133,1,41,5793833,363,0,2178,0,1,48,276360,3133,0,42,0,0,0,LEADER,1,4,1,51,41,363,0,0,0,0,0,0,0,0,0
279227,50,bully,2868,1,41,5782944,363,0,2178,0,1,50,276359,2868,0,42,0,0,0,LEADER,1,4,1,53,41,363,0,0,0,0,0,0,0,0,0
279169,41,bully,2813,1,41,5780573,363,0,2178,0,1,41,276356,2813,0,42,0,0,0,LEADER,1,4,1,44,41,363,0,0,0,0,0,0,0,0,0
279630,10,bully,3271,1,41,5799481,363,362,2178,2172,1,1,276359,3271,0,42,0,0,0,NORMAL,0,3,2,3,125,363,0,362,0,0,0,0,0,0,0
279462,3,bully,3101,1,41,5792543,363,724,2178,4344,1,1,276361,3101,0,42,0,0,0,NORMAL,0,3,2,3,125,363,0,724,0,0,0,0,0,0,0
279073,11,bully,2713,1,41,5776613,363,352,2178,2112,1,1,276360,2713,0,42,0,0,0,NORMAL,0,3,2,3,166,363,0,352,0,0,0,0,0,0,0
279479,45,bully,3119,1,41,5793259,363,0,2178,0,1,45,276360,3119,0,42,0,0,0,LEADER,1,4,1,48,41,363,0,0,0,0,0,0,0,0,0
279616,42,bully,3256,1,41,5798876,363,0,2178,0,1,42,276360,3256,0,42,0,0,0,LEADER,1,4,1,45,41,363,0,0,0,0,0,0,0,0,0
279582,46,bully,3222,1,41,5797482,363,0,2178,0,1,46,276360,3222,0,42,0,0,0,LEADER,1,4,1,49,41,363,0,0,0,0,0,0,0,0,0
279139,31,bully,2780,1,41,5779353,363,0,2178,0,1,31,276359,2780,0,42,0,0,0,LEADER,1,4,1,34,41,363,0,0,0,0,0,0,0,0,0
279746,8,bully,3386,1,41,5804206,363,362,2178,2172,2,1,276360,3386,0,42,0,0,0,NORMAL,0,3,2,3,131,363,0,362,0,0,0,0,0,0,0
279390,26,bully,3031,1,41,5789647,363,0,2178,0,1,26,276359,3031,0,42,0,0,0,LEADER,1,4,1,29,41,363,0,0,0,0,0,0,0,0,0
279799,17,bully,3440,1,41,5806401,363,0,2178,0,1,17,276359,3440,0,42,0,0,0,LEADER,1,4,1,20,41,363,0,0,0,0,0,0,0,0,0
279697,30,bully,3337,1,41,5802197,363,0,2178,0,1,30,276360,3337,0,42,0,0,0,LEADER,1,4,1,33,41,363,0,0,0,0,0,0,0,0,0
279882,5,bully,3522,1,41,5809782,363,725,2178,4350,2,1,276360,3522,0,42,0,0,0,NORMAL,0,3,2,3,127,363,0,725,0,0,0,0,0,0,0
279528,2,bully,3168,1,41,5795268,363,719,2178,4314,1,1,276360,3168,0,42,0,0,0,NORMAL,0,3,2,3,123,363,0,719,0,0,0,0,0,0,0
279276,28,bully,2916,1,41,5784936,363,0,2178,0,1,28,276360,2916,0,42,0,0,0,LEADER,1,4,1,31,41,363,0,0,0,0,0,0,0,0,0
279826,27,bully,3473,1,41,5807709,363,0,2178,0,1,27,276353,3473,0,42,0,0,0,LEADER,1,4,1,30,41,363,0,0,0,0,0,0,0,0,0
279867,37,bully,3507,1,41,5809167,363,0,2178,0,1,37,276360,3507,0,42,0,0,0,LEADER,1,4,1,40,41,363,0,0,0,0,0,0,0,0,0
279213,19,bully,2861,1,41,5782513,363,0,2178,0,1,19,276352,2861,0,42,0,0,0,LEADER,1,4,1,22,41,363,0,0,0,0,0,0,0,0,0
279084,22,bully,2725,1,41,5777089,363,0,2178,0,1,22,276359,2725,0,42,0,0,0,LEADER,1,4,1,25,41,363,0,0,0,0,0,0,0,0,0
279097,21,bully,2747,1,41,5777753,363,0,2178,0,1,21,276350,2747,0,42,0,0,0,LEADER,1,4,1,24,41,363,0,0,0,0,0,0,0,0,0
279561,33,bully,3201,1,41,5796621,363,0,2178,0,1,33,276360,3201,0,42,0,0,0,LEADER,1,4,1,36,41,363,0,0,0,0,0,0,0,0,0
279594,43,bully,3234,1,41,5797974,363,0,2178,0,1,43,276360,3234,0,42,0,0,0,LEADER,1,4,1,46,41,363,0,0,0,0,0,0,0,0,0
279358,16,bully,2998,1,41,5788298,363,364,2178,2184,2,1,276360,2998,0,42,0,0,0,NORMAL,0,3,2,3,132,363,0,364,0,0,0,0,0,0,0
279862,32,bully,3502,1,41,5808962,363,0,2178,0,1,32,276360,3502,0,42,0,0,0,LEADER,1,4,1,35,41,363,0,0,0,0,0,0,0,0,0
279903,4,bully,3543,1,41,5810643,363,724,2178,4344,1,1,276360,3543,0,42,0,0,0,NORMAL,0,3,2,3,126,363,0,724,0,0,0,0,0,0,0
279969,24,bully,3610,1,41,5813360,363,0,2178,0,1,24,276359,3610,0,42,0,0,0,LEADER,1,4,1,27,41,363,0,0,0,0,0,0,0,0,0
279664,20,bully,3304,1,41,5800844,363,0,2178,0,1,20,276360,3304,0,42,0,0,0,LEADER,1,4,1,23,41,363,0,0,0,0,0,0,0,0,0
279310,38,bully,2950,1,41,5786330,363,0,2178,0,1,38,276360,2950,0,42,0,0,0,LEADER,1,4,1,41,41,363,0,0,0,0,0,0,0,0,0
279947,23,bully,3585,1,41,5812401,363,0,2178,0,1,23,276362,3585,0,42,0,0,0,LEADER,1,4,1,26,41,363,0,0,0,0,0,0,0,0,0
279767,7,bully,3407,1,41,5805067,363,728,2178,4368,2,1,276360,3407,0,42,0,0,0,NORMAL,0,3,2,3,130,363,0,728,0,0,0,0,0,0,0
279900,47,bully,3540,1,41,5810520,363,0,2178,0,1,47,276360,3540,0,42,0,0,0,LEADER,1,4,1,50,41,363,0,0,0,0,0,0,0,0,0
279753,39,bully,3392,1,41,5804486,363,0,2178,0,1,39,276361,3392,0,42,0,0,0,LEADER,1,4,1,42,41,363,0,0,0,0,0,0,0,0,0
279909,15,bully,3555,1,41,5811033,363,358,2178,2148,2,1,276354,3555,0,42,0,0,0,NORMAL,0,3,2,3,146,363,0,358,0,0,0,0,0,0,0
279785,49,bully,3425,1,41,5805805,363,0,2178,0,1,49,276360,3425,0,42,0,0,0,LEADER,1,4,1,52,41,363,0,0,0,0,0,0,0,0,0
279567,1,bully,3216,1,41,5797054,363,728,2178,4368,1,1,276351,3216,0,42,0,0,0,LEADER,1,4,1,4,41,363,0,728,0,0,0,0,0,0,0
279726,40,bully,3371,1,41,5803457,363,0,2178,0,1,40,276355,3371,0,42,0,0,0,LEADER,1,4,1,43,41,363,0,0,0,0,0,0,0,0,0
279935,14,bully,3577,1,41,5811982,363,363,2178,2178,2,1,276358,3577,0,42,0,0,0,NORMAL,0,3,2,3,130,363,0,363,0,0,0,0,0,0,0
280038,44,bully,3677,1,41,5816151,363,0,2178,0,1,44,276361,3677,0,42,0,0,0,LEADER,1,4,1,47,41,363,0,0,0,0,0,0,0,0,0
280052,12,bully,3692,1,41,5816752,363,364,2178,2184,1,1,276360,3692,0,42,0,0,0,NORMAL,0,3,2,3,126,363,0,364,0,0,0,0,0,0,0
280003,34,bully,3643,1,41,5814743,363,0,2178,0,1,34,276360,3643,0,42,0,0,0,LEADER,1,4,1,37,41,363,0,0,0,0,0,0,0,0,0
281546,18,bully,2883,1,41,5783583,366,0,2196,0,1,18,278663,2883,0,42,0,0,0,LEADER,1,4,1,24,41,366,0,0,0,0,0,0,0,0,0
281491,9,bully,2828,1,41,5781328,366,364,2196,2184,1,1,278663,2828,0,42,0,0,0,NORMAL,0,3,1,6,123,366,0,364,0,0,0,0,0,0,0
281644,13,bully,2983,1,41,5787656,366,362,2196,2172,2,1,278661,2983,0,42,0,0,0,NORMAL,0,3,1,6,129,366,0,362,0,0,0,0,0,0,0
281716,25,bully,3053,1,41,5790553,366,0,2196,0,1,25,278663,3053,0,42,0,0,0,LEADER,1,4,1,31,41,366,0,0,0,0,0,0,0,0,0
281718,36,bully,3065,1,41,5790818,366,0,2196,0,1,36,278653,3065,0,42,0,0,0,LEADER,1,4,1,42,41,366,0,0,0,0,0,0,0,0,0
281558,29,bully,2895,1,41,5784075,366,0,2196,0,1,29,278663,2895,0,42,0,0,0,LEADER,1,4,1,35,41,366,0,0,0,0,0,0,0,0,0
281740,35,bully,3086,1,41,5791735,366,0,2196,0,1,35,278654,3086,0,42,0,0,0,LEADER,1,4,1,41,41,366,0,0,0,0,0,0,0,0,0
281624,6,bully,2965,1,41,5786846,366,730,2196,4380,2,1,278659,2965,0,42,0,0,0,NORMAL,0,3,1,6,129,366,0,730,0,0,0,0,0,0,0
281796,48,bully,3133,1,41,5793833,366,0,2196,0,1,48,278663,3133,0,42,0,0,0,LEADER,1,4,1,54,41,366,0,0,0,0,0,0,0,0,0
281530,50,bully,2868,1,41,5782944,366,0,2196,0,1,50,278662,2868,0,42,0,0,0,LEADER,1,4,1,56,41,366,0,0,0,0,0,0,0,0,0
281933,10,bully,3271,1,41,5799481,366,365,2196,2190,1,1,278662,3271,0,42,0,0,0,NORMAL,0,3,1,6,125,366,0,365,0,0,0,0,0,0,0
281472,41,bully,2813,1,41,5780573,366,0,2196,0,1,41,278659,2813,0,42,0,0,0,LEADER,1,4,1,47,41,366,0,0,0,0,0,0,0,0,0
281765,3,bully,3101,1,41,5792543,366,730,2196,4380,1,1,278664,3101,0,42,0,0,0,NORMAL,0,3,1,6,125,366,0,730,0,0,0,0,0,0,0
281376,11,bully,2713,1,41,5776613,366,355,2196,2130,1,1,278663,2713,0,42,0,0,0,NORMAL,0,3,1,6,166,366,0,355,0,0,0,0,0,0,0
281782,45,bully,3119,1,41,5793259,366,0,2196,0,1,45,278663,3119,0,42,0,0,0,LEADER,1,4,1,51,41,366,0,0,0,0,0,0,0,0,0
281919,42,bully,3256,1,41,5798876,366,0,2196,0,1,42,278663,3256,0,42,0,0,0,LEADER,1,4,1,48,41,366,0,0,0,0,0,0,0,0,0
281885,46,bully,3222,1,41,5797482,366,0,2196,0,1,46,278663,3222,0,42,0,0,0,LEADER,1,4,1,52,41,366,0,0,0,0,0,0,0,0,0
281442,31,bully,2780,1,41,5779353,366,0,2196,0,1,31,278662,2780,0,42,0,0,0,LEADER,1,4,1,37,41,366,0,0,0,0,0,0,0,0,0
282049,8,bully,3386,1,41,5804206,366,365,2196,2190,2,1,278663,3386,0,42,0,0,0,NORMAL,0,3,1,6,131,366,0,365,0,0,0,0,0,0,0
281693,26,bully,3031,1,41,5789647,366,0,2196,0,1,26,278662,3031,0,42,0,0,0,LEADER,1,4,1,32,41,366,0,0,0,0,0,0,0,0,0
282102,17,bully,3440,1,41,5806401,366,0,2196,0,1,17,278662,3440,0,42,0,0,0,LEADER,1,4,1,23,41,366,0,0,0,0,0,0,0,0,0
282000,30,bully,3337,1,41,5802197,366,0,2196,0,1,30,278663,3337,0,42,0,0,0,LEADER,1,4,1,36,41,366,0,0,0,0,0,0,0,0,0
282185,5,bully,3522,1,41,5809782,366,731,2196,4386,2,1,278663,3522,0,42,0,0,0,NORMAL,0,3,1,6,127,366,0,731,0,0,0,0,0,0,0
281831,2,bully,3168,1,41,5795268,366,725,2196,4350,1,1,278663,3168,0,42,0,0,0,NORMAL,0,3,1,6,123,366,0,725,0,0,0,0,0,0,0
281579,28,bully,2916,1,41,5784936,366,0,2196,0,1,28,278663,2916,0,42,0,0,0,LEADER,1,4,1,34,41,366,0,0,0,0,0,0,0,0,0
282129,27,bully,3473,1,41,5807709,366,0,2196,0,1,27,278656,3473,0,42,0,0,0,LEADER,1,4,1,33,41,366,0,0,0,0,0,0,0,0,0
282170,37,bully,3507,1,41,5809167,366,0,2196,0,1,37,278663,3507,0,42,0,0,0,LEADER,1,4,1,43,41,366,0,0,0,0,0,0,0,0,0
281516,19,bully,2861,1,41,5782513,366,0,2196,0,1,19,278655,2861,0,42,0,0,0,LEADER,1,4,1,25,41,366,0,0,0,0,0,0,0,0,0
281387,22,bully,2725,1,41,5777089,366,0,2196,0,1,22,278662,2725,0,42,0,0,0,LEADER,1,4,1,28,41,366,0,0,0,0,0,0,0,0,0
281400,21,bully,2747,1,41,5777753,366,0,2196,0,1,21,278653,2747,0,42,0,0,0,LEADER,1,4,1,27,41,366,0,0,0,0,0,0,0,0,0
281864,33,bully,3201,1,41,5796621,366,0,2196,0,1,33,278663,3201,0,42,0,0,0,LEADER,1,4,1,39,41,366,0,0,0,0,0,0,0,0,0
281897,43,bully,3234,1,41,5797974,366,0,2196,0,1,43,278663,3234,0,42,0,0,0,LEADER,1,4,1,49,41,366,0,0,0,0,0,0,0,0,0
281661,16,bully,2998,1,41,5788298,366,367,2196,2202,2,1,278663,2998,0,42,0,0,0,NORMAL,0,3,1,6,132,366,0,367,0,0,0,0,0,0,0
282165,32,bully,3502,1,41,5808962,366,0,2196,0,1,32,278663,3502,0,42,0,0,0,LEADER,1,4,1,38,41,366,0,0,0,0,0,0,0,0,0
282206,4,bully,3543,1,41,5810643,366,730,2196,4380,1,1,278663,3543,0,42,0,0,0,NORMAL,0,3,1,6,126,366,0,730,0,0,0,0,0,0,0
282272,24,bully,3610,1,41,5813360,366,0,2196,0,1,24,278662,3610,0,42,0,0,0,LEADER,1,4,1,30,41,366,0,0,0,0,0,0,0,0,0
281967,20,bully,3304,1,41,5800844,366,0,2196,0,1,20,278663,3304,0,42,0,0,0,LEADER,1,4,1,26,41,366,0,0,0,0,0,0,0,0,0
281613,38,bully,2950,1,41,5786330,366,0,2196,0,1,38,278663,2950,0,42,0,0,0,LEADER,1,4,1,44,41,366,0,0,0,0,0,0,0,0,0
282250,23,bully,3585,1,41,5812401,366,0,2196,0,1,23,278665,3585,0,42,0,0,0,LEADER,1,4,1,29,41,366,0,0,0,0,0,0,0,0,0
282070,7,bully,3407,1,41,5805067,366,734,2196,4404,2,1,278663,3407,0,42,0,0,0,NORMAL,0,3,1,6,130,366,0,734,0,0,0,0,0,0,0
282203,47,bully,3540,1,41,5810520,366,0,2196,0,1,47,278663,3540,0,42,0,0,0,LEADER,1,4,1,53,41,366,0,0,0,0,0,0,0,0,0
282056,39,bully,3392,1,41,5804486,366,0,2196,0,1,39,278664,3392,0,42,0,0,0,LEADER,1,4,1,45,41,366,0,0,0,0,0,0,0,0,0
282212,15,bully,3555,1,41,5811033,366,361,2196,2166,2,1,278657,3555,0,42,0,0,0,NORMAL,0,3,1,6,146,366,0,361,0,0,0,0,0,0,0
282088,49,bully,3425,1,41,5805805,366,0,2196,0,1,49,278663,3425,0,42,0,0,0,LEADER,1,4,1,55,41,366,0,0,0,0,0,0,0,0,0
281870,1,bully,3216,1,41,5797054,366,733,2196,4398,1,1,278654,3216,0,42,0,0,0,LEADER,1,4,1,7,41,366,0,733,0,0,0,0,0,0,0
282029,40,bully,3371,1,41,5803457,366,0,2196,0,1,40,278658,3371,0,42,0,0,0,LEADER,1,4,1,46,41,366,0,0,0,0,0,0,0,0,0
282238,14,bully,3577,1,41,5811982,366,366,2196,2196,2,1,278661,3577,0,42,0,0,0,NORMAL,0,3,1,6,130,366,0,366,0,0,0,0,0,0,0
282341,44,bully,3677,1,41,5816151,366,0,2196,0,1,44,278664,3677,0,42,0,0,0,LEADER,1,4,1,50,41,366,0,0,0,0,0,0,0,0,0
282355,12,bully,3692,1,41,5816752,366,367,2196,2202,1,1,278663,3692,0,42,0,0,0,NORMAL,0,3,1,6,126,366,0,367,0,0,0,0,0,0,0
282306,34,bully,3643,1,41,5814743,366,0,2196,0,1,34,278663,3643,0,42,0,0,0,LEADER,1,4,1,40,41,366,0,0,0,0,0,0,0,0,0
283849,18,bully,2883,1,41,5783583,369,0,2214,0,1,18,280966,2883,0,42,0,0,0,LEADER,1,4,1,27,41,369,0,0,0,0,0,0,0,0,0
283794,9,bully,2828,1,41,5781328,369,367,2214,2202,1,1,280966,2828,0,42,0,0,0,NORMAL,0,3,1,9,123,369,0,367,0,0,0,0,0,0,0
283947,13,bully,2983,1,41,5787656,369,365,2214,2190,2,1,280964,2983,0,42,0,0,0,NORMAL,0,3,1,9,129,369,0,365,0,0,0,0,0,0,0
284019,25,bully,3053,1,41,5790553,369,0,2214,0,1,25,280966,3053,0,42,0,0,0,LEADER,1,4,1,34,41,369,0,0,0,0,0,0,0,0,0
284021,36,bully,3065,1,41,5790818,369,0,2214,0,1,36,280956,3065,0,42,0,0,0,LEADER,1,4,1,45,41,369,0,0,0,0,0,0,0,0,0
283861,29,bully,2895,1,41,5784075,369,0,2214,0,1,29,280966,2895,0,42,0,0,0,LEADER,1,4,1,38,41,369,0,0,0,0,0,0,0,0,0
284042,35,bully,3086,1,41,5791735,369,0,2214,0,1,35,280956,3086,0,42,0,0,0,LEADER,1,4,1,44,41,369,0,0,0,0,0,0,0,0,0
283927,6,bully,2965,1,41,5786846,369,736,2214,4416,2,1,280962,2965,0,42,0,0,0,NORMAL,0,3,1,9,129,369,0,736,0,0,0,0,0,0,0
284099,48,bully,3133,1,41,5793833,369,0,2214,0,1,48,280966,3133,0,42,0,0,0,LEADER,1,4,1,57,41,369,0,0,0,0,0,0,0,0,0
283833,50,bully,2868,1,41,5782944,369,0,2214,0,1,50,280965,2868,0,42,0,0,0,LEADER,1,4,1,59,41,369,0,0,0,0,0,0,0,0,0
284236,10,bully,3271,1,41,5799481,369,368,2214,2208,1,1,280965,3271,0,42,0,0,0,NORMAL,0,3,1,9,125,369,0,368,0,0,0,0,0,0,0
283775,41,bully,2813,1,41,5780573,369,0,2214,0,1,41,280962,2813,0,42,0,0,0,LEADER,1,4,1,50,41,369,0,0,0,0,0,0,0,0,0
284068,3,bully,3101,1,41,5792543,369,736,2214,4416,1,1,280967,3101,0,42,0,0,0,NORMAL,0,3,1,9,125,369,0,736,0,0,0,0,0,0,0
283679,11,bully,2713,1,41,5776613,369,358,2214,2148,1,1,280966,2713,0,42,0,0,0,NORMAL,0,3,1,9,166,369,0,358,0,0,0,0,0,0,0
284085,45,bully,3119,1,41,5793259,369,0,2214,0,1,45,280966,3119,0,42,0,0,0,LEADER,1,4,1,54,41,369,0,0,0,0,0,0,0,0,0
284222,42,bully,3256,1,41,5798876,369,0,2214,0,1,42,280966,3256,0,42,0,0,0,LEADER,1,4,1,51,41,369,0,0,0,0,0,0,0,0,0
284188,46,bully,3222,1,41,5797482,369,0,2214,0,1,46,280966,3222,0,42,0,0,0,LEADER,1,4,1,55,41,369,0,0,0,0,0,0,0,0,0
283745,31,bully,2780,1,41,5779353,369,0,2214,0,1,31,280965,2780,0,42,0,0,0,LEADER,1,4,1,40,41,369,0,0,0,0,0,0,0,0,0
284352,8,bully,3386,1,41,5804206,369,368,2214,2208,2,1,280966,3386,0,42,0,0,0,NORMAL,0,3,1,9,131,369,0,368,0,0,0,0,0,0,0
283996,26,bully,3031,1,41,5789647,369,0,2214,0,1,26,280965,3031,0,42,0,0,0,LEADER,1,4,1,35,41,369,0,0,0,0,0,0,0,0,0
284405,17,bully,3440,1,41,5806401,369,0,2214,0,1,17,280965,3440,0,42,0,0,0,LEADER,1,4,1,26,41,369,0,0,0,0,0,0,0,0,0
284303,30,bully,3337,1,41,5802197,369,0,2214,0,1,30,280966,3337,0,42,0,0,0,LEADER,1,4,1,39,41,369,0,0,0,0,0,0,0,0,0
284488,5,bully,3522,1,41,5809782,369,737,2214,4422,2,1,280966,3522,0,42,0,0,0,NORMAL,0,3,1,9,127,369,0,737,0,0,0,0,0,0,0
284134,2,bully,3168,1,41,5795268,369,731,2214,4386,1,1,280966,3168,0,42,0,0,0,NORMAL,0,3,1,9,123,369,0,731,0,0,0,0,0,0,0
283882,28,bully,2916,1,41,5784936,369,0,2214,0,1,28,280966,2916,0,42,0,0,0,LEADER,1,4,1,37,41,369,0,0,0,0,0,0,0,0,0
284432,27,bully,3473,1,41,5807709,369,0,2214,0,1,27,280959,3473,0,42,0,0,0,LEADER,1,4,1,36,41,369,0,0,0,0,0,0,0,0,0
284473,37,bully,3507,1,41,5809167,369,0,2214,0,1,37,280966,3507,0,42,0,0,0,LEADER,1,4,1,46,41,369,0,0,0,0,0,0,0,0,0
283819,19,bully,2861,1,41,5782513,369,0,2214,0,1,19,280958,2861,0,42,0,0,0,LEADER,1,4,1,28,41,369,0,0,0,0,0,0,0,0,0
283690,22,bully,2725,1,41,5777089,369,0,2214,0,1,22,280965,2725,0,42,0,0,0,LEADER,1,4,1,31,41,369,0,0,0,0,0,0,0,0,0
283703,21,bully,2747,1,41,5777753,369,0,2214,0,1,21,280956,2747,0,42,0,0,0,LEADER,1,4,1,30,41,369,0,0,0,0,0,0,0,0,0
284167,33,bully,3201,1,41,5796621,369,0,2214,0,1,33,280966,3201,0,42,0,0,0,LEADER,1,4,1,42,41,369,0,0,0,0,0,0,0,0,0
284200,43,bully,3234,1,41,5797974,369,0,2214,0,1,43,280966,3234,0,42,0,0,0,LEADER,1,4,1,52,41,369,0,0,0,0,0,0,0,0,0
283964,16,bully,2998,1,41,5788298,369,370,2214,2220,2,1,280966,2998,0,42,0,0,0,NORMAL,0,3,1,9,132,369,0,370,0,0,0,0,0,0,0
284468,32,bully,3502,1,41,5808962,369,0,2214,0,1,32,280966,3502,0,42,0,0,0,LEADER,1,4,1,41,41,369,0,0,0,0,0,0,0,0,0
284509,4,bully,3543,1,41,5810643,369,736,2214,4416,1,1,280966,3543,0,42,0,0,0,NORMAL,0,3,1,9,126,369,0,736,0,0,0,0,0,0,0
284575,24,bully,3610,1,41,5813360,369,0,2214,0,1,24,280965,3610,0,42,0,0,0,LEADER,1,4,1,33,41,369,0,0,0,0,0,0,0,0,0
284270,20,bully,3304,1,41,5800844,369,0,2214,0,1,20,280966,3304,0,42,0,0,0,LEADER,1,4,1,29,41,369,0,0,0,0,0,0,0,0,0
283916,38,bully,2950,1,41,5786330,369,0,2214,0,1,38,280966,2950,0,42,0,0,0,LEADER,1,4,1,47,41,369,0,0,0,0,0,0,0,0,0
284553,23,bully,3585,1,41,5812401,369,0,2214,0,1,23,280968,3585,0,42,0,0,0,LEADER,1,4,1,32,41,369,0,0,0,0,0,0,0,0,0
284373,7,bully,3407,1,41,5805067,369,740,2214,4440,2,1,280966,3407,0,42,0,0,0,NORMAL,0,3,1,9,130,369,0,740,0,0,0,0,0,0,0
284506,47,bully,3540,1,41,5810520,369,0,2214,0,1,47,280966,3540,0,42,0,0,0,LEADER,1,4,1,56,41,369,0,0,0,0,0,0,0,0,0
284359,39,bully,3392,1,41,5804486,369,0,2214,0,1,39,280967,3392,0,42,0,0,0,LEADER,1,4,1,48,41,369,0,0,0,0,0,0,0,0,0
284515,15,bully,3555,1,41,5811033,369,363,2214,2178,2,1,280960,3555,0,42,0,0,0,NORMAL,0,3,1,9,146,369,0,363,0,0,0,0,0,0,0
284391,49,bully,3425,1,41,5805805,369,0,2214,0,1,49,280966,3425,0,42,0,0,0,LEADER,1,4,1,58,41,369,0,0,0,0,0,0,0,0,0
284173,1,bully,3216,1,41,5797054,369,739,2214,4434,1,1,280957,3216,0,42,0,0,0,LEADER,1,4,1,10,41,369,0,739,0,0,0,0,0,0,0
284332,40,bully,3371,1,41,5803457,369,0,2214,0,1,40,280961,3371,0,42,0,0,0,LEADER,1,4,1,49,41,369,0,0,0,0,0,0,0,0,0
284541,14,bully,3577,1,41,5811982,369,369,2214,2214,2,1,280964,3577,0,42,0,0,0,NORMAL,0,3,1,9,130,369,0,369,0,0,0,0,0,0,0
284644,44,bully,3677,1,41,5816151,369,0,2214,0,1,44,280967,3677,0,42,0,0,0,LEADER,1,4,1,53,41,369,0,0,0,0,0,0,0,0,0
284658,12,bully,3692,1,41,5816752,369,370,2214,2220,1,1,280966,3692,0,42,0,0,0,NORMAL,0,3,1,9,126,369,0,370,0,0,0,0,0,0,0
284609,34,bully,3643,1,41,5814743,369,0,2214,0,1,34,280966,3643,0,42,0,0,0,LEADER,1,4,1,43,41,369,0,0,0,0,0,0,0,0,0
286152,18,bully,2883,1,42,6069735,372,0,2232,0,1,18,283269,2883,0,43,0,0,0,LEADER,1,4,1,21,42,372,0,0,0,0,0,0,0,0,0
286097,9,bully,2828,1,42,6067425,372,370,2232,2220,1,1,283269,2828,0,43,0,0,0,NORMAL,0,3,2,3,126,372,0,370,0,0,0,0,0,0,0
286250,13,bully,2983,1,42,6073906,372,368,2232,2208,2,1,283267,2983,0,43,0,0,0,NORMAL,0,3,2,3,132,372,0,368,0,0,0,0,0,0,0
286322,25,bully,3053,1,42,6076875,372,0,2232,0,1,25,283269,3053,0,43,0,0,0,LEADER,1,4,1,28,42,372,0,0,0,0,0,0,0,0,0
286324,36,bully,3065,1,42,6077142,372,0,2232,0,1,36,283259,3065,0,43,0,0,0,LEADER,1,4,1,39,42,372,0,0,0,0,0,0,0,0,0
286164,29,bully,2895,1,42,6070239,372,0,2232,0,1,29,283269,2895,0,43,0,0,0,LEADER,1,4,1,32,42,372,0,0,0,0,0,0,0,0,0
286345,35,bully,3086,1,42,6078080,372,0,2232,0,1,35,283259,3086,0,43,0,0,0,LEADER,1,4,1,38,42,372,0,0,0,0,0,0,0,0,0
286230,6,bully,2965,1,42,6073076,372,742,2232,4452,2,1,283265,2965,0,43,0,0,0,NORMAL,0,3,2,3,132,372,0,742,0,0,0,0,0,0,0
286402,48,bully,3133,1,42,6080235,372,0,2232,0,1,48,283269,3133,0,43,0,0,0,LEADER,1,4,1,51,42,372,0,0,0,0,0,0,0,0,0
286136,50,bully,2868,1,42,6069080,372,0,2232,0,1,50,283268,2868,0,43,0,0,0,LEADER,1,4,1,53,42,372,0,0,0,0,0,0,0,0,0
286078,41,bully,2813,1,42,6066651,372,0,2232,0,1,41,283265,2813,0,43,0,0,0,LEADER,1,4,1,44,42,372,0,0,0,0,0,0,0,0,0
286539,10,bully,3271,1,42,6086020,372,371,2232,2226,1,1,283268,3271,0,43,0,0,0,NORMAL,0,3,2,3,128,372,0,371,0,0,0,0,0,0,0
286371,3,bully,3101,1,42,6078914,372,742,2232,4452,1,1,283270,3101,0,43,0,0,0,NORMAL,0,3,2,3,128,372,0,742,0,0,0,0,0,0,0
285982,11,bully,2713,1,42,6062595,372,361,2232,2166,1,1,283269,2713,0,43,0,0,0,NORMAL,0,3,2,3,170,372,0,361,0,0,0,0,0,0,0
286388,45,bully,3119,1,42,6079647,372,0,2232,0,1,45,283269,3119,0,43,0,0,0,LEADER,1,4,1,48,42,372,0,0,0,0,0,0,0,0,0
286525,42,bully,3256,1,42,6085401,372,0,2232,0,1,42,283269,3256,0,43,0,0,0,LEADER,1,4,1,45,42,372,0,0,0,0,0,0,0,0,0
286491,46,bully,3222,1,42,6083973,372,0,2232,0,1,46,283269,3222,0,43,0,0,0,LEADER,1,4,1,49,42,372,0,0,0,0,0,0,0,0,0
286047,31,bully,2780,1,42,6065400,372,0,2232,0,1,31,283267,2780,0,43,0,0,0,LEADER,1,4,1,34,42,372,0,0,0,0,0,0,0,0,0
286655,8,bully,3386,1,42,6090861,372,371,2232,2226,2,1,283269,3386,0,43,0,0,0,NORMAL,0,3,2,3,134,372,0,371,0,0,0,0,0,0,0
286299,26,bully,3031,1,42,6075946,372,0,2232,0,1,26,283268,3031,0,43,0,0,0,LEADER,1,4,1,29,42,372,0,0,0,0,0,0,0,0,0
286708,17,bully,3440,1,42,6093109,372,0,2232,0,1,17,283268,3440,0,43,0,0,0,LEADER,1,4,1,20,42,372,0,0,0,0,0,0,0,0,0
286606,30,bully,3337,1,42,6088803,372,0,2232,0,1,30,283269,3337,0,43,0,0,0,LEADER,1,4,1,33,42,372,0,0,0,0,0,0,0,0,0
286791,5,bully,3522,1,42,6096573,372,743,2232,4458,2,1,283269,3522,0,43,0,0,0,NORMAL,0,3,2,3,130,372,0,743,0,0,0,0,0,0,0
286437,2,bully,3168,1,42,6081705,372,737,2232,4422,1,1,283269,3168,0,43,0,0,0,NORMAL,0,3,2,3,126,372,0,737,0,0,0,0,0,0,0
286185,28,bully,2916,1,42,6071121,372,0,2232,0,1,28,283269,2916,0,43,0,0,0,LEADER,1,4,1,31,42,372,0,0,0,0,0,0,0,0,0
286735,27,bully,3473,1,42,6094444,372,0,2232,0,1,27,283262,3473,0,43,0,0,0,LEADER,1,4,1,30,42,372,0,0,0,0,0,0,0,0,0
286776,37,bully,3507,1,42,6095943,372,0,2232,0,1,37,283269,3507,0,43,0,0,0,LEADER,1,4,1,40,42,372,0,0,0,0,0,0,0,0,0
286122,19,bully,2861,1,42,6068635,372,0,2232,0,1,19,283261,2861,0,43,0,0,0,LEADER,1,4,1,22,42,372,0,0,0,0,0,0,0,0,0
285993,22,bully,2725,1,42,6063082,372,0,2232,0,1,22,283268,2725,0,43,0,0,0,LEADER,1,4,1,25,42,372,0,0,0,0,0,0,0,0,0
286006,21,bully,2747,1,42,6063759,372,0,2232,0,1,21,283259,2747,0,43,0,0,0,LEADER,1,4,1,24,42,372,0,0,0,0,0,0,0,0,0
286470,33,bully,3201,1,42,6083091,372,0,2232,0,1,33,283269,3201,0,43,0,0,0,LEADER,1,4,1,36,42,372,0,0,0,0,0,0,0,0,0
286503,43,bully,3234,1,42,6084477,372,0,2232,0,1,43,283269,3234,0,43,0,0,0,LEADER,1,4,1,46,42,372,0,0,0,0,0,0,0,0,0
286267,16,bully,2998,1,42,6074565,372,373,2232,2238,2,1,283269,2998,0,43,0,0,0,NORMAL,0,3,2,3,135,372,0,373,0,0,0,0,0,0,0
286771,32,bully,3502,1,42,6095733,372,0,2232,0,1,32,283269,3502,0,43,0,0,0,LEADER,1,4,1,35,42,372,0,0,0,0,0,0,0,0,0
286812,4,bully,3543,1,42,6097455,372,742,2232,4452,1,1,283269,3543,0,43,0,0,0,NORMAL,0,3,2,3,129,372,0,742,0,0,0,0,0,0,0
286878,24,bully,3610,1,42,6100238,372,0,2232,0,1,24,283268,3610,0,43,0,0,0,LEADER,1,4,1,27,42,372,0,0,0,0,0,0,0,0,0
286573,20,bully,3304,1,42,6087417,372,0,2232,0,1,20,283269,3304,0,43,0,0,0,LEADER,1,4,1,23,42,372,0,0,0,0,0,0,0,0,0
286219,38,bully,2950,1,42,6072549,372,0,2232,0,1,38,283269,2950,0,43,0,0,0,LEADER,1,4,1,41,42,372,0,0,0,0,0,0,0,0,0
286856,23,bully,3585,1,42,6099257,372,0,2232,0,1,23,283271,3585,0,43,0,0,0,LEADER,1,4,1,26,42,372,0,0,0,0,0,0,0,0,0
286676,7,bully,3407,1,42,6091743,372,746,2232,4476,2,1,283269,3407,0,43,0,0,0,NORMAL,0,3,2,3,133,372,0,746,0,0,0,0,0,0,0
286809,47,bully,3540,1,42,6097329,372,0,2232,0,1,47,283269,3540,0,43,0,0,0,LEADER,1,4,1,50,42,372,0,0,0,0,0,0,0,0,0
286662,39,bully,3392,1,42,6091148,372,0,2232,0,1,39,283270,3392,0,43,0,0,0,LEADER,1,4,1,42,42,372,0,0,0,0,0,0,0,0,0
286818,15,bully,3555,1,42,6097851,372,366,2232,2196,2,1,283263,3555,0,43,0,0,0,NORMAL,0,3,2,3,150,372,0,366,0,0,0,0,0,0,0
286694,49,bully,3425,1,42,6092499,372,0,2232,0,1,49,283269,3425,0,43,0,0,0,LEADER,1,4,1,52,42,372,0,0,0,0,0,0,0,0,0
286476,1,bully,3216,1,42,6083530,372,745,2232,4470,1,1,283260,3216,0,43,0,0,0,LEADER,1,4,1,4,42,372,0,745,0,0,0,0,0,0,0
286635,40,bully,3371,1,42,6090092,372,0,2232,0,1,40,283264,3371,0,43,0,0,0,LEADER,1,4,1,43,42,372,0,0,0,0,0,0,0,0,0
286844,14,bully,3577,1,42,6098826,372,372,2232,2232,2,1,283267,3577,0,43,0,0,0,NORMAL,0,3,2,3,133,372,0,372,0,0,0,0,0,0,0
286947,44,bully,3677,1,42,6103098,372,0,2232,0,1,44,283270,3677,0,43,0,0,0,LEADER,1,4,1,47,42,372,0,0,0,0,0,0,0,0,0
286961,12,bully,3692,1,42,6103713,372,373,2232,2238,1,1,283269,3692,0,43,0,0,0,NORMAL,0,3,2,3,129,372,0,373,0,0,0,0,0,0,0
286912,34,bully,3643,1,42,6101655,372,0,2232,0,1,34,283269,3643,0,43,0,0,0,LEADER,1,4,1,37,42,372,0,0,0,0,0,0,0,0,0
288455,18,bully,2883,1,42,6069735,375,0,2250,0,1,18,285572,2883,0,43,0,0,0,LEADER,1,4,1,24,42,375,0,0,0,0,0,0,0,0,0
288400,9,bully,2828,1,42,6067425,375,373,2250,2238,1,1,285572,2828,0,43,0,0,0,NORMAL,0,3,1,6,126,375,0,373,0,0,0,0,0,0,0
288553,13,bully,2983,1,42,6073906,375,371,2250,2226,2,1,285570,2983,0,43,0,0,0,NORMAL,0,3,1,6,132,375,0,371,0,0,0,0,0,0,0
288625,25,bully,3053,1,42,6076875,375,0,2250,0,1,25,285572,3053,0,43,0,0,0,LEADER,1,4,1,31,42,375,0,0,0,0,0,0,0,0,0
288627,36,bully,3065,1,42,6077142,375,0,2250,0,1,36,285562,3065,0,43,0,0,0,LEADER,1,4,1,42,42,375,0,0,0,0,0,0,0,0,0
288467,29,bully,2895,1,42,6070239,375,0,2250,0,1,29,285572,2895,0,43,0,0,0,LEADER,1,4,1,35,42,375,0,0,0,0,0,0,0,0,0
288648,35,bully,3086,1,42,6078080,375,0,2250,0,1,35,285562,3086,0,43,0,0,0,LEADER,1,4,1,41,42,375,0,0,0,0,0,0,0,0,0
288533,6,bully,2965,1,42,6073076,375,748,2250,4488,2,1,285568,2965,0,43,0,0,0,NORMAL,0,3,1,6,132,375,0,748,0,0,0,0,0,0,0
288705,48,bully,3133,1,42,6080235,375,0,2250,0,1,48,285572,3133,0,43,0,0,0,LEADER,1,4,1,54,42,375,0,0,0,0,0,0,0,0,0
288439,50,bully,2868,1,42,6069080,375,0,2250,0,1,50,285571,2868,0,43,0,0,0,LEADER,1,4,1,56,42,375,0,0,0,0,0,0,0,0,0
288381,41,bully,2813,1,42,6066651,375,0,2250,0,1,41,285568,2813,0,43,0,0,0,LEADER,1,4,1,47,42,375,0,0,0,0,0,0,0,0,0
288842,10,bully,3271,1,42,6086020,375,374,2250,2244,1,1,285571,3271,0,43,0,0,0,NORMAL,0,3,1,6,128,375,0,374,0,0,0,0,0,0,0
288674,3,bully,3101,1,42,6078914,375,748,2250,4488,1,1,285573,3101,0,43,0,0,0,NORMAL,0,3,1,6,128,375,0,748,0,0,0,0,0,0,0
288285,11,bully,2713,1,42,6062595,375,364,2250,2184,1,1,285572,2713,0,43,0,0,0,NORMAL,0,3,1,6,170,375,0,364,0,0,0,0,0,0,0
288691,45,bully,3119,1,42,6079647,375,0,2250,0,1,45,285572,3119,0,43,0,0,0,LEADER,1,4,1,51,42,375,0,0,0,0,0,0,0,0,0
288828,42,bully,3256,1,42,6085401,375,0,2250,0,1,42,285572,3256,0,43,0,0,0,LEADER,1,4,1,48,42,375,0,0,0,0,0,0,0,0,0
288794,46,bully,3222,1,42,6083973,375,0,2250,0,1,46,285572,3222,0,43,0,0,0,LEADER,1,4,1,52,42,375,0,0,0,0,0,0,0,0,0
288350,31,bully,2780,1,42,6065400,375,0,2250,0,1,31,285570,2780,0,43,0,0,0,LEADER,1,4,1,37,42,375,0,0,0,0,0,0,0,0,0
288958,8,bully,3386,1,42,6090861,375,374,2250,2244,2,1,285572,3386,0,43,0,0,0,NORMAL,0,3,1,6,134,375,0,374,0,0,0,0,0,0,0
288602,26,bully,3031,1,42,6075946,375,0,2250,0,1,26,285571,3031,0,43,0,0,0,LEADER,1,4,1,32,42,375,0,0,0,0,0,0,0,0,0
289011,17,bully,3440,1,42,6093109,375,0,2250,0,1,17,285571,3440,0,43,0,0,0,LEADER,1,4,1,23,42,375,0,0,0,0,0,0,0,0,0
288909,30,bully,3337,1,42,6088803,375,0,2250,0,1,30,285572,3337,0,43,0,0,0,LEADER,1,4,1,36,42,375,0,0,0,0,0,0,0,0,0
289094,5,bully,3522,1,42,6096573,375,749,2250,4494,2,1,285572,3522,0,43,0,0,0,NORMAL,0,3,1,6,130,375,0,749,0,0,0,0,0,0,0
288740,2,bully,3168,1,42,6081705,375,743,2250,4458,1,1,285572,3168,0,43,0,0,0,NORMAL,0,3,1,6,126,375,0,743,0,0,0,0,0,0,0
288488,28,bully,2916,1,42,6071121,375,0,2250,0,1,28,285572,2916,0,43,0,0,0,LEADER,1,4,1,34,42,375,0,0,0,0,0,0,0,0,0
289038,27,bully,3473,1,42,6094444,375,0,2250,0,1,27,285565,3473,0,43,0,0,0,LEADER,1,4,1,33,42,375,0,0,0,0,0,0,0,0,0
289079,37,bully,3507,1,42,6095943,375,0,2250,0,1,37,285572,3507,0,43,0,0,0,LEADER,1,4,1,43,42,375,0,0,0,0,0,0,0,0,0
288425,19,bully,2861,1,42,6068635,375,0,2250,0,1,19,285564,2861,0,43,0,0,0,LEADER,1,4,1,25,42,375,0,0,0,0,0,0,0,0,0
288296,22,bully,2725,1,42,6063082,375,0,2250,0,1,22,285571,2725,0,43,0,0,0,LEADER,1,4,1,28,42,375,0,0,0,0,0,0,0,0,0
288309,21,bully,2747,1,42,6063759,375,0,2250,0,1,21,285562,2747,0,43,0,0,0,LEADER,1,4,1,27,42,375,0,0,0,0,0,0,0,0,0
288773,33,bully,3201,1,42,6083091,375,0,2250,0,1,33,285572,3201,0,43,0,0,0,LEADER,1,4,1,39,42,375,0,0,0,0,0,0,0,0,0
288806,43,bully,3234,1,42,6084477,375,0,2250,0,1,43,285572,3234,0,43,0,0,0,LEADER,1,4,1,49,42,375,0,0,0,0,0,0,0,0,0
288570,16,bully,2998,1,42,6074565,375,376,2250,2256,2,1,285572,2998,0,43,0,0,0,NORMAL,0,3,1,6,135,375,0,376,0,0,0,0,0,0,0
289074,32,bully,3502,1,42,6095733,375,0,2250,0,1,32,285572,3502,0,43,0,0,0,LEADER,1,4,1,38,42,375,0,0,0,0,0,0,0,0,0
289115,4,bully,3543,1,42,6097455,375,748,2250,4488,1,1,285572,3543,0,43,0,0,0,NORMAL,0,3,1,6,129,375,0,748,0,0,0,0,0,0,0
289181,24,bully,3610,1,42,6100238,375,0,2250,0,1,24,285571,3610,0,43,0,0,0,LEADER,1,4,1,30,42,375,0,0,0,0,0,0,0,0,0
288876,20,bully,3304,1,42,6087417,375,0,2250,0,1,20,285572,3304,0,43,0,0,0,LEADER,1,4,1,26,42,375,0,0,0,0,0,0,0,0,0
288522,38,bully,2950,1,42,6072549,375,0,2250,0,1,38,285572,2950,0,43,0,0,0,LEADER,1,4,1,44,42,375,0,0,0,0,0,0,0,0,0
289159,23,bully,3585,1,42,6099257,375,0,2250,0,1,23,285574,3585,0,43,0,0,0,LEADER,1,4,1,29,42,375,0,0,0,0,0,0,0,0,0
288979,7,bully,3407,1,42,6091743,375,752,2250,4512,2,1,285572,3407,0,43,0,0,0,NORMAL,0,3,1,6,133,375,0,752,0,0,0,0,0,0,0
289112,47,bully,3540,1,42,6097329,375,0,2250,0,1,47,285572,3540,0,43,0,0,0,LEADER,1,4,1,53,42,375,0,0,0,0,0,0,0,0,0
288965,39,bully,3392,1,42,6091148,375,0,2250,0,1,39,285573,3392,0,43,0,0,0,LEADER,1,4,1,45,42,375,0,0,0,0,0,0,0,0,0
289121,15,bully,3555,1,42,6097851,375,369,2250,2214,2,1,285566,3555,0,43,0,0,0,NORMAL,0,3,1,6,150,375,0,369,0,0,0,0,0,0,0
288997,49,bully,3425,1,42,6092499,375,0,2250,0,1,49,285572,3425,0,43,0,0,0,LEADER,1,4,1,55,42,375,0,0,0,0,0,0,0,0,0
288779,1,bully,3216,1,42,6083530,375,751,2250,4506,1,1,285563,3216,0,43,0,0,0,LEADER,1,4,1,7,42,375,0,751,0,0,0,0,0,0,0
288938,40,bully,3371,1,42,6090092,375,0,2250,0,1,40,285567,3371,0,43,0,0,0,LEADER,1,4,1,46,42,375,0,0,0,0,0,0,0,0,0
289147,14,bully,3577,1,42,6098826,375,375,2250,2250,2,1,285570,3577,0,43,0,0,0,NORMAL,0,3,1,6,133,375,0,375,0,0,0,0,0,0,0
289250,44,bully,3677,1,42,6103098,375,0,2250,0,1,44,285573,3677,0,43,0,0,0,LEADER,1,4,1,50,42,375,0,0,0,0,0,0,0,0,0
289264,12,bully,3692,1,42,6103713,375,376,2250,2256,1,1,285572,3692,0,43,0,0,0,NORMAL,0,3,1,6,129,375,0,376,0,0,0,0,0,0,0
289215,34,bully,3643,1,42,6101655,375,0,2250,0,1,34,285572,3643,0,43,0,0,0,LEADER,1,4,1,40,42,375,0,0,0,0,0,0,0,0,0
290758,18,bully,2883,1,42,6069735,378,0,2268,0,1,18,287875,2883,0,43,0,0,0,LEADER,1,4,1,27,42,378,0,0,0,0,0,0,0,0,0
290703,9,bully,2828,1,42,6067425,378,376,2268,2256,1,1,287875,2828,0,43,0,0,0,NORMAL,0,3,1,9,126,378,0,376,0,0,0,0,0,0,0
290856,13,bully,2983,1,42,6073906,378,374,2268,2244,2,1,287873,2983,0,43,0,0,0,NORMAL,0,3,1,9,132,378,0,374,0,0,0,0,0,0,0
290928,25,bully,3053,1,42,6076875,378,0,2268,0,1,25,287875,3053,0,43,0,0,0,LEADER,1,4,1,34,42,378,0,0,0,0,0,0,0,0,0
290930,36,bully,3065,1,42,6077142,378,0,2268,0,1,36,287865,3065,0,43,0,0,0,LEADER,1,4,1,45,42,378,0,0,0,0,0,0,0,0,0
290770,29,bully,2895,1,42,6070239,378,0,2268,0,1,29,287875,2895,0,43,0,0,0,LEADER,1,4,1,38,42,378,0,0,0,0,0,0,0,0,0
290951,35,bully,3086,1,42,6078080,378,0,2268,0,1,35,287865,3086,0,43,0,0,0,LEADER,1,4,1,44,42,378,0,0,0,0,0,0,0,0,0
290836,6,bully,2965,1,42,6073076,378,754,2268,4524,2,1,287871,2965,0,43,0,0,0,NORMAL,0,3,1,9,132,378,0,754,0,0,0,0,0,0,0
291008,48,bully,3133,1,42,6080235,378,0,2268,0,1,48,287875,3133,0,43,0,0,0,LEADER,1,4,1,57,42,378,0,0,0,0,0,0,0,0,0
290742,50,bully,2868,1,42,6069080,378,0,2268,0,1,50,287874,2868,0,43,0,0,0,LEADER,1,4,1,59,42,378,0,0,0,0,0,0,0,0,0
290684,41,bully,2813,1,42,6066651,378,0,2268,0,1,41,287871,2813,0,43,0,0,0,LEADER,1,4,1,50,42,378,0,0,0,0,0,0,0,0,0
291145,10,bully,3271,1,42,6086020,378,377,2268,2262,1,1,287874,3271,0,43,0,0,0,NORMAL,0,3,1,9,128,378,0,377,0,0,0,0,0,0,0
290977,3,bully,3101,1,42,6078914,378,754,2268,4524,1,1,287876,3101,0,43,0,0,0,NORMAL,0,3,1,9,128,378,0,754,0,0,0,0,0,0,0
290588,11,bully,2713,1,42,6062595,378,367,2268,2202,1,1,287875,2713,0,43,0,0,0,NORMAL,0,3,1,9,170,378,0,367,0,0,0,0,0,0,0
290994,45,bully,3119,1,42,6079647,378,0,2268,0,1,45,287875,3119,0,43,0,0,0,LEADER,1,4,1,54,42,378,0,0,0,0,0,0,0,0,0
291131,42,bully,3256,1,42,6085401,378,0,2268,0,1,42,287875,3256,0,43,0,0,0,LEADER,1,4,1,51,42,378,0,0,0,0,0,0,0,0,0
291097,46,bully,3222,1,42,6083973,378,0,2268,0,1,46,287875,3222,0,43,0,0,0,LEADER,1,4,1,55,42,378,0,0,0,0,0,0,0,0,0
290653,31,bully,2780,1,42,6065400,378,0,2268,0,1,31,287873,2780,0,43,0,0,0,LEADER,1,4,1,40,42,378,0,0,0,0,0,0,0,0,0
291261,8,bully,3386,1,42,6090861,378,377,2268,2262,2,1,287875,3386,0,43,0,0,0,NORMAL,0,3,1,9,134,378,0,377,0,0,0,0,0,0,0
290905,26,bully,3031,1,42,6075946,378,0,2268,0,1,26,287874,3031,0,43,0,0,0,LEADER,1,4,1,35,42,378,0,0,0,0,0,0,0,0,0
291314,17,bully,3440,1,42,6093109,378,0,2268,0,1,17,287874,3440,0,43,0,0,0,LEADER,1,4,1,26,42,378,0,0,0,0,0,0,0,0,0
291212,30,bully,3337,1,42,6088803,378,0,2268,0,1,30,287875,3337,0,43,0,0,0,LEADER,1,4,1,39,42,378,0,0,0,0,0,0,0,0,0
291397,5,bully,3522,1,42,6096573,378,755,2268,4530,2,1,287875,3522,0,43,0,0,0,NORMAL,0,3,1,9,130,378,0,755,0,0,0,0,0,0,0
291043,2,bully,3168,1,42,6081705,378,749,2268,4494,1,1,287875,3168,0,43,0,0,0,NORMAL,0,3,1,9,126,378,0,749,0,0,0,0,0,0,0
290791,28,bully,2916,1,42,6071121,378,0,2268,0,1,28,287875,2916,0,43,0,0,0,LEADER,1,4,1,37,42,378,0,0,0,0,0,0,0,0,0
291341,27,bully,3473,1,42,6094444,378,0,2268,0,1,27,287868,3473,0,43,0,0,0,LEADER,1,4,1,36,42,378,0,0,0,0,0,0,0,0,0
291382,37,bully,3507,1,42,6095943,378,0,2268,0,1,37,287875,3507,0,43,0,0,0,LEADER,1,4,1,46,42,378,0,0,0,0,0,0,0,0,0
290728,19,bully,2861,1,42,6068635,378,0,2268,0,1,19,287867,2861,0,43,0,0,0,LEADER,1,4,1,28,42,378,0,0,0,0,0,0,0,0,0
290599,22,bully,2725,1,42,6063082,378,0,2268,0,1,22,287874,2725,0,43,0,0,0,LEADER,1,4,1,31,42,378,0,0,0,0,0,0,0,0,0
290612,21,bully,2747,1,42,6063759,378,0,2268,0,1,21,287865,2747,0,43,0,0,0,LEADER,1,4,1,30,42,378,0,0,0,0,0,0,0,0,0
291076,33,bully,3201,1,42,6083091,378,0,2268,0,1,33,287875,3201,0,43,0,0,0,LEADER,1,4,1,42,42,378,0,0,0,0,0,0,0,0,0
291109,43,bully,3234,1,42,6084477,378,0,2268,0,1,43,287875,3234,0,43,0,0,0,LEADER,1,4,1,52,42,378,0,0,0,0,0,0,0,0,0
290873,16,bully,2998,1,42,6074565,378,379,2268,2274,2,1,287875,2998,0,43,0,0,0,NORMAL,0,3,1,9,135,378,0,379,0,0,0,0,0,0,0
291377,32,bully,3502,1,42,6095733,378,0,2268,0,1,32,287875,3502,0,43,0,0,0,LEADER,1,4,1,41,42,378,0,0,0,0,0,0,0,0,0
291418,4,bully,3543,1,42,6097455,378,754,2268,4524,1,1,287875,3543,0,43,0,0,0,NORMAL,0,3,1,9,129,378,0,754,0,0,0,0,0,0,0
291484,24,bully,3610,1,42,6100238,378,0,2268,0,1,24,287874,3610,0,43,0,0,0,LEADER,1,4,1,33,42,378,0,0,0,0,0,0,0,0,0
291179,20,bully,3304,1,42,6087417,378,0,2268,0,1,20,287875,3304,0,43,0,0,0,LEADER,1,4,1,29,42,378,0,0,0,0,0,0,0,0,0
290825,38,bully,2950,1,42,6072549,378,0,2268,0,1,38,287875,2950,0,43,0,0,0,LEADER,1,4,1,47,42,378,0,0,0,0,0,0,0,0,0
291462,23,bully,3585,1,42,6099257,378,0,2268,0,1,23,287877,3585,0,43,0,0,0,LEADER,1,4,1,32,42,378,0,0,0,0,0,0,0,0,0
291282,7,bully,3407,1,42,6091743,378,758,2268,4548,2,1,287875,3407,0,43,0,0,0,NORMAL,0,3,1,9,133,378,0,758,0,0,0,0,0,0,0
291415,47,bully,3540,1,42,6097329,378,0,2268,0,1,47,287875,3540,0,43,0,0,0,LEADER,1,4,1,56,42,378,0,0,0,0,0,0,0,0,0
291268,39,bully,3392,1,42,6091148,378,0,2268,0,1,39,287876,3392,0,43,0,0,0,LEADER,1,4,1,48,42,378,0,0,0,0,0,0,0,0,0
291424,15,bully,3555,1,42,6097851,378,372,2268,2232,2,1,287869,3555,0,43,0,0,0,NORMAL,0,3,1,9,150,378,0,372,0,0,0,0,0,0,0
291300,49,bully,3425,1,42,6092499,378,0,2268,0,1,49,287875,3425,0,43,0,0,0,LEADER,1,4,1,58,42,378,0,0,0,0,0,0,0,0,0
291082,1,bully,3216,1,42,6083530,378,757,2268,4542,1,1,287866,3216,0,43,0,0,0,LEADER,1,4,1,10,42,378,0,757,0,0,0,0,0,0,0
291241,40,bully,3371,1,42,6090092,378,0,2268,0,1,40,287870,3371,0,43,0,0,0,LEADER,1,4,1,49,42,378,0,0,0,0,0,0,0,0,0
291450,14,bully,3577,1,42,6098826,378,378,2268,2268,2,1,287873,3577,0,43,0,0,0,NORMAL,0,3,1,9,133,378,0,378,0,0,0,0,0,0,0
291553,44,bully,3677,1,42,6103098,378,0,2268,0,1,44,287876,3677,0,43,0,0,0,LEADER,1,4,1,53,42,378,0,0,0,0,0,0,0,0,0
291567,12,bully,3692,1,42,6103713,378,379,2268,2274,1,1,287875,3692,0,43,0,0,0,NORMAL,0,3,1,9,129,378,0,379,0,0,0,0,0,0,0
291518,34,bully,3643,1,42,6101655,378,0,2268,0,1,34,287875,3643,0,43,0,0,0,LEADER,1,4,1,43,42,378,0,0,0,0,0,0,0,0,0
293061,18,bully,2883,1,43,6362796,381,0,2286,0,1,18,290178,2883,0,44,0,0,0,LEADER,1,4,1,21,43,381,0,0,0,0,0,0,0,0,0
293006,9,bully,2828,1,43,6360431,381,379,2286,2274,1,1,290178,2828,0,44,0,0,0,NORMAL,0,3,2,3,129,381,0,379,0,0,0,0,0,0,0
293159,13,bully,2983,1,43,6367065,381,377,2286,2262,2,1,290176,2983,0,44,0,0,0,NORMAL,0,3,2,3,135,381,0,377,0,0,0,0,0,0,0
293231,25,bully,3053,1,43,6370106,381,0,2286,0,1,25,290178,3053,0,44,0,0,0,LEADER,1,4,1,28,43,381,0,0,0,0,0,0,0,0,0
293233,36,bully,3065,1,43,6370375,381,0,2286,0,1,36,290168,3065,0,44,0,0,0,LEADER,1,4,1,39,43,381,0,0,0,0,0,0,0,0,0
293073,29,bully,2895,1,43,6363312,381,0,2286,0,1,29,290178,2895,0,44,0,0,0,LEADER,1,4,1,32,43,381,0,0,0,0,0,0,0,0,0
293253,35,bully,3086,1,43,6371333,381,0,2286,0,1,35,290167,3086,0,44,0,0,0,LEADER,1,4,1,38,43,381,0,0,0,0,0,0,0,0,0
293139,6,bully,2965,1,43,6366215,381,760,2286,4560,2,1,290174,2965,0,44,0,0,0,NORMAL,0,3,2,3,135,381,0,760,0,0,0,0,0,0,0
293311,48,bully,3133,1,43,6373546,381,0,2286,0,1,48,290178,3133,0,44,0,0,0,LEADER,1,4,1,51,43,381,0,0,0,0,0,0,0,0,0
293045,50,bully,2868,1,43,6362125,381,0,2286,0,1,50,290177,2868,0,44,0,0,0,LEADER,1,4,1,53,43,381,0,0,0,0,0,0,0,0,0
293448,10,bully,3271,1,43,6379468,381,380,2286,2280,1,1,290177,3271,0,44,0,0,0,NORMAL,0,3,2,3,131,381,0,380,0,0,0,0,0,0,0
292987,41,bully,2813,1,43,6359638,381,0,2286,0,1,41,290174,2813,0,44,0,0,0,LEADER,1,4,1,44,43,381,0,0,0,0,0,0,0,0,0
293280,3,bully,3101,1,43,6372194,381,760,2286,4560,1,1,290179,3101,0,44,0,0,0,NORMAL,0,3,2,3,131,381,0,760,0,0,0,0,0,0,0
292891,11,bully,2713,1,43,6355486,381,370,2286,2220,1,1,290178,2713,0,44,0,0,0,NORMAL,0,3,2,3,174,381,0,370,0,0,0,0,0,0,0
293297,45,bully,3119,1,43,6372944,381,0,2286,0,1,45,290178,3119,0,44,0,0,0,LEADER,1,4,1,48,43,381,0,0,0,0,0,0,0,0,0
293434,42,bully,3256,1,43,6378835,381,0,2286,0,1,42,290178,3256,0,44,0,0,0,LEADER,1,4,1,45,43,381,0,0,0,0,0,0,0,0,0
293400,46,bully,3222,1,43,6377373,381,0,2286,0,1,46,290178,3222,0,44,0,0,0,LEADER,1,4,1,49,43,381,0,0,0,0,0,0,0,0,0
292956,31,bully,2780,1,43,6358356,381,0,2286,0,1,31,290176,2780,0,44,0,0,0,LEADER,1,4,1,34,43,381,0,0,0,0,0,0,0,0,0
293564,8,bully,3386,1,43,6384425,381,380,2286,2280,2,1,290178,3386,0,44,0,0,0,NORMAL,0,3,2,3,137,381,0,380,0,0,0,0,0,0,0
293208,26,bully,3031,1,43,6369154,381,0,2286,0,1,26,290177,3031,0,44,0,0,0,LEADER,1,4,1,29,43,381,0,0,0,0,0,0,0,0,0
293617,17,bully,3440,1,43,6386726,381,0,2286,0,1,17,290177,3440,0,44,0,0,0,LEADER,1,4,1,20,43,381,0,0,0,0,0,0,0,0,0
293515,30,bully,3337,1,43,6382318,381,0,2286,0,1,30,290178,3337,0,44,0,0,0,LEADER,1,4,1,33,43,381,0,0,0,0,0,0,0,0,0
293700,5,bully,3522,1,43,6390273,381,761,2286,4566,2,1,290178,3522,0,44,0,0,0,NORMAL,0,3,2,3,133,381,0,761,0,0,0,0,0,0,0
293346,2,bully,3168,1,43,6375051,381,755,2286,4530,1,1,290178,3168,0,44,0,0,0,NORMAL,0,3,2,3,129,381,0,755,0,0,0,0,0,0,0
293094,28,bully,2916,1,43,6364215,381,0,2286,0,1,28,290178,2916,0,44,0,0,0,LEADER,1,4,1,31,43,381,0,0,0,0,0,0,0,0,0
293644,27,bully,3473,1,43,6388088,381,0,2286,0,1,27,290171,3473,0,44,0,0,0,LEADER,1,4,1,30,43,381,0,0,0,0,0,0,0,0,0
293685,37,bully,3507,1,43,6389628,381,0,2286,0,1,37,290178,3507,0,44,0,0,0,LEADER,1,4,1,40,43,381,0,0,0,0,0,0,0,0,0
293031,19,bully,2861,1,43,6361666,381,0,2286,0,1,19,290170,2861,0,44,0,0,0,LEADER,1,4,1,22,43,381,0,0,0,0,0,0,0,0,0
292902,22,bully,2725,1,43,6355984,381,0,2286,0,1,22,290177,2725,0,44,0,0,0,LEADER,1,4,1,25,43,381,0,0,0,0,0,0,0,0,0
292915,21,bully,2747,1,43,6356674,381,0,2286,0,1,21,290168,2747,0,44,0,0,0,LEADER,1,4,1,24,43,381,0,0,0,0,0,0,0,0,0
293379,33,bully,3201,1,43,6376470,381,0,2286,0,1,33,290178,3201,0,44,0,0,0,LEADER,1,4,1,36,43,381,0,0,0,0,0,0,0,0,0
293412,43,bully,3234,1,43,6377889,381,0,2286,0,1,43,290178,3234,0,44,0,0,0,LEADER,1,4,1,46,43,381,0,0,0,0,0,0,0,0,0
293176,16,bully,2998,1,43,6367741,381,382,2286,2292,2,1,290178,2998,0,44,0,0,0,NORMAL,0,3,2,3,138,381,0,382,0,0,0,0,0,0,0
293680,32,bully,3502,1,43,6389413,381,0,2286,0,1,32,290178,3502,0,44,0,0,0,LEADER,1,4,1,35,43,381,0,0,0,0,0,0,0,0,0
293721,4,bully,3543,1,43,6391176,381,760,2286,4560,1,1,290178,3543,0,44,0,0,0,NORMAL,0,3,2,3,132,381,0,760,0,0,0,0,0,0,0
293787,24,bully,3610,1,43,6394025,381,0,2286,0,1,24,290177,3610,0,44,0,0,0,LEADER,1,4,1,27,43,381,0,0,0,0,0,0,0,0,0
293482,20,bully,3304,1,43,6380899,381,0,2286,0,1,20,290178,3304,0,44,0,0,0,LEADER,1,4,1,23,43,381,0,0,0,0,0,0,0,0,0
293128,38,bully,2950,1,43,6365677,381,0,2286,0,1,38,290178,2950,0,44,0,0,0,LEADER,1,4,1,41,43,381,0,0,0,0,0,0,0,0,0
293765,23,bully,3585,1,43,6393022,381,0,2286,0,1,23,290180,3585,0,44,0,0,0,LEADER,1,4,1,26,43,381,0,0,0,0,0,0,0,0,0
293585,7,bully,3407,1,43,6385328,381,764,2286,4584,2,1,290178,3407,0,44,0,0,0,NORMAL,0,3,2,3,136,381,0,764,0,0,0,0,0,0,0
293718,47,bully,3540,1,43,6391047,381,0,2286,0,1,47,290178,3540,0,44,0,0,0,LEADER,1,4,1,50,43,381,0,0,0,0,0,0,0,0,0
293571,39,bully,3392,1,43,6384719,381,0,2286,0,1,39,290179,3392,0,44,0,0,0,LEADER,1,4,1,42,43,381,0,0,0,0,0,0,0,0,0
293727,15,bully,3555,1,43,6391578,381,376,2286,2256,2,1,290172,3555,0,44,0,0,0,NORMAL,0,3,2,3,154,381,0,376,0,0,0,0,0,0,0
293603,49,bully,3425,1,43,6386102,381,0,2286,0,1,49,290178,3425,0,44,0,0,0,LEADER,1,4,1,52,43,381,0,0,0,0,0,0,0,0,0
293385,1,bully,3216,1,43,6376915,381,763,2286,4578,1,1,290169,3216,0,44,0,0,0,LEADER,1,4,1,4,43,381,0,763,0,0,0,0,0,0,0
293544,40,bully,3371,1,43,6383636,381,0,2286,0,1,40,290173,3371,0,44,0,0,0,LEADER,1,4,1,43,43,381,0,0,0,0,0,0,0,0,0
293753,14,bully,3577,1,43,6392579,381,381,2286,2286,2,1,290176,3577,0,44,0,0,0,NORMAL,0,3,2,3,136,381,0,381,0,0,0,0,0,0,0
293856,44,bully,3677,1,43,6396954,381,0,2286,0,1,44,290179,3677,0,44,0,0,0,LEADER,1,4,1,47,43,381,0,0,0,0,0,0,0,0,0
293870,12,bully,3692,1,43,6397583,381,382,2286,2292,1,1,290178,3692,0,44,0,0,0,NORMAL,0,3,2,3,132,381,0,382,0,0,0,0,0,0,0
293821,34,bully,3643,1,43,6395476,381,0,2286,0,1,34,290178,3643,0,44,0,0,0,LEADER,1,4,1,37,43,381,0,0,0,0,0,0,0,0,0
295364,18,bully,2883,1,43,6362796,384,0,2304,0,1,18,292481,2883,0,44,0,0,0,LEADER,1,4,1,24,43,384,0,0,0,0,0,0,0,0,0
295309,9,bully,2828,1,43,6360431,384,382,2304,2292,1,1,292481,2828,0,44,0,0,0,NORMAL,0,3,1,6,129,384,0,382,0,0,0,0,0,0,0
295462,13,bully,2983,1,43,6367065,384,379,2304,2274,2,1,292479,2983,0,44,0,0,0,NORMAL,0,3,1,6,135,384,0,379,0,0,0,0,0,0,0
295534,25,bully,3053,1,43,6370106,384,0,2304,0,1,25,292481,3053,0,44,0,0,0,LEADER,1,4,1,31,43,384,0,0,0,0,0,0,0,0,0
295536,36,bully,3065,1,43,6370375,384,0,2304,0,1,36,292471,3065,0,44,0,0,0,LEADER,1,4,1,42,43,384,0,0,0,0,0,0,0,0,0
295376,29,bully,2895,1,43,6363312,384,0,2304,0,1,29,292481,2895,0,44,0,0,0,LEADER,1,4,1,35,43,384,0,0,0,0,0,0,0,0,0
295556,35,bully,3086,1,43,6371333,384,0,2304,0,1,35,292470,3086,0,44,0,0,0,LEADER,1,4,1,41,43,384,0,0,0,0,0,0,0,0,0
295442,6,bully,2965,1,43,6366215,384,766,2304,4596,2,1,292477,2965,0,44,0,0,0,NORMAL,0,3,1,6,135,384,0,766,0,0,0,0,0,0,0
295614,48,bully,3133,1,43,6373546,384,0,2304,0,1,48,292481,3133,0,44,0,0,0,LEADER,1,4,1,54,43,384,0,0,0,0,0,0,0,0,0
295348,50,bully,2868,1,43,6362125,384,0,2304,0,1,50,292480,2868,0,44,0,0,0,LEADER,1,4,1,56,43,384,0,0,0,0,0,0,0,0,0
295290,41,bully,2813,1,43,6359638,384,0,2304,0,1,41,292477,2813,0,44,0,0,0,LEADER,1,4,1,47,43,384,0,0,0,0,0,0,0,0,0
295751,10,bully,3271,1,43,6379468,384,383,2304,2298,1,1,292480,3271,0,44,0,0,0,NORMAL,0,3,1,6,131,384,0,383,0,0,0,0,0,0,0
295583,3,bully,3101,1,43,6372194,384,766,2304,4596,1,1,292482,3101,0,44,0,0,0,NORMAL,0,3,1,6,131,384,0,766,0,0,0,0,0,0,0
295194,11,bully,2713,1,43,6355486,384,372,2304,2232,1,1,292481,2713,0,44,0,0,0,NORMAL,0,3,1,6,174,384,0,372,0,0,0,0,0,0,0
295600,45,bully,3119,1,43,6372944,384,0,2304,0,1,45,292481,3119,0,44,0,0,0,LEADER,1,4,1,51,43,384,0,0,0,0,0,0,0,0,0
295737,42,bully,3256,1,43,6378835,384,0,2304,0,1,42,292481,3256,0,44,0,0,0,LEADER,1,4,1,48,43,384,0,0,0,0,0,0,0,0,0
295703,46,bully,3222,1,43,6377373,384,0,2304,0,1,46,292481,3222,0,44,0,0,0,LEADER,1,4,1,52,43,384,0,0,0,0,0,0,0,0,0
295259,31,bully,2780,1,43,6358356,384,0,2304,0,1,31,292479,2780,0,44,0,0,0,LEADER,1,4,1,37,43,384,0,0,0,0,0,0,0,0,0
295867,8,bully,3386,1,43,6384425,384,383,2304,2298,2,1,292481,3386,0,44,0,0,0,NORMAL,0,3,1,6,137,384,0,383,0,0,0,0,0,0,0
295511,26,bully,3031,1,43,6369154,384,0,2304,0,1,26,292480,3031,0,44,0,0,0,LEADER,1,4,1,32,43,384,0,0,0,0,0,0,0,0,0
295920,17,bully,3440,1,43,6386726,384,0,2304,0,1,17,292480,3440,0,44,0,0,0,LEADER,1,4,1,23,43,384,0,0,0,0,0,0,0,0,0
295818,30,bully,3337,1,43,6382318,384,0,2304,0,1,30,292481,3337,0,44,0,0,0,LEADER,1,4,1,36,43,384,0,0,0,0,0,0,0,0,0
296003,5,bully,3522,1,43,6390273,384,767,2304,4602,2,1,292481,3522,0,44,0,0,0,NORMAL,0,3,1,6,133,384,0,767,0,0,0,0,0,0,0
295649,2,bully,3168,1,43,6375051,384,760,2304,4560,1,1,292481,3168,0,44,0,0,0,NORMAL,0,3,1,6,129,384,0,760,0,0,0,0,0,0,0
295397,28,bully,2916,1,43,6364215,384,0,2304,0,1,28,292481,2916,0,44,0,0,0,LEADER,1,4,1,34,43,384,0,0,0,0,0,0,0,0,0
295947,27,bully,3473,1,43,6388088,384,0,2304,0,1,27,292474,3473,0,44,0,0,0,LEADER,1,4,1,33,43,384,0,0,0,0,0,0,0,0,0
295988,37,bully,3507,1,43,6389628,384,0,2304,0,1,37,292481,3507,0,44,0,0,0,LEADER,1,4,1,43,43,384,0,0,0,0,0,0,0,0,0
295334,19,bully,2861,1,43,6361666,384,0,2304,0,1,19,292473,2861,0,44,0,0,0,LEADER,1,4,1,25,43,384,0,0,0,0,0,0,0,0,0
295205,22,bully,2725,1,43,6355984,384,0,2304,0,1,22,292480,2725,0,44,0,0,0,LEADER,1,4,1,28,43,384,0,0,0,0,0,0,0,0,0
295218,21,bully,2747,1,43,6356674,384,0,2304,0,1,21,292471,2747,0,44,0,0,0,LEADER,1,4,1,27,43,384,0,0,0,0,0,0,0,0,0
295682,33,bully,3201,1,43,6376470,384,0,2304,0,1,33,292481,3201,0,44,0,0,0,LEADER,1,4,1,39,43,384,0,0,0,0,0,0,0,0,0
295715,43,bully,3234,1,43,6377889,384,0,2304,0,1,43,292481,3234,0,44,0,0,0,LEADER,1,4,1,49,43,384,0,0,0,0,0,0,0,0,0
295479,16,bully,2998,1,43,6367741,384,385,2304,2310,2,1,292481,2998,0,44,0,0,0,NORMAL,0,3,1,6,138,384,0,385,0,0,0,0,0,0,0
295983,32,bully,3502,1,43,6389413,384,0,2304,0,1,32,292481,3502,0,44,0,0,0,LEADER,1,4,1,38,43,384,0,0,0,0,0,0,0,0,0
296024,4,bully,3543,1,43,6391176,384,766,2304,4596,1,1,292481,3543,0,44,0,0,0,NORMAL,0,3,1,6,132,384,0,766,0,0,0,0,0,0,0
296090,24,bully,3610,1,43,6394025,384,0,2304,0,1,24,292480,3610,0,44,0,0,0,LEADER,1,4,1,30,43,384,0,0,0,0,0,0,0,0,0
295785,20,bully,3304,1,43,6380899,384,0,2304,0,1,20,292481,3304,0,44,0,0,0,LEADER,1,4,1,26,43,384,0,0,0,0,0,0,0,0,0
295431,38,bully,2950,1,43,6365677,384,0,2304,0,1,38,292481,2950,0,44,0,0,0,LEADER,1,4,1,44,43,384,0,0,0,0,0,0,0,0,0
296068,23,bully,3585,1,43,6393022,384,0,2304,0,1,23,292483,3585,0,44,0,0,0,LEADER,1,4,1,29,43,384,0,0,0,0,0,0,0,0,0
295888,7,bully,3407,1,43,6385328,384,770,2304,4620,2,1,292481,3407,0,44,0,0,0,NORMAL,0,3,1,6,136,384,0,770,0,0,0,0,0,0,0
296021,47,bully,3540,1,43,6391047,384,0,2304,0,1,47,292481,3540,0,44,0,0,0,LEADER,1,4,1,53,43,384,0,0,0,0,0,0,0,0,0
295874,39,bully,3392,1,43,6384719,384,0,2304,0,1,39,292482,3392,0,44,0,0,0,LEADER,1,4,1,45,43,384,0,0,0,0,0,0,0,0,0
296030,15,bully,3555,1,43,6391578,384,378,2304,2268,2,1,292475,3555,0,44,0,0,0,NORMAL,0,3,1,6,154,384,0,378,0,0,0,0,0,0,0
295906,49,bully,3425,1,43,6386102,384,0,2304,0,1,49,292481,3425,0,44,0,0,0,LEADER,1,4,1,55,43,384,0,0,0,0,0,0,0,0,0
295688,1,bully,3216,1,43,6376915,384,769,2304,4614,1,1,292472,3216,0,44,0,0,0,LEADER,1,4,1,7,43,384,0,769,0,0,0,0,0,0,0
295847,40,bully,3371,1,43,6383636,384,0,2304,0,1,40,292476,3371,0,44,0,0,0,LEADER,1,4,1,46,43,384,0,0,0,0,0,0,0,0,0
296056,14,bully,3577,1,43,6392579,384,384,2304,2304,2,1,292479,3577,0,44,0,0,0,NORMAL,0,3,1,6,136,384,0,384,0,0,0,0,0,0,0
296159,44,bully,3677,1,43,6396954,384,0,2304,0,1,44,292482,3677,0,44,0,0,0,LEADER,1,4,1,50,43,384,0,0,0,0,0,0,0,0,0
296173,12,bully,3692,1,43,6397583,384,385,2304,2310,1,1,292481,3692,0,44,0,0,0,NORMAL,0,3,1,6,132,384,0,385,0,0,0,0,0,0,0
296124,34,bully,3643,1,43,6395476,384,0,2304,0,1,34,292481,3643,0,44,0,0,0,LEADER,1,4,1,40,43,384,0,0,0,0,0,0,0,0,0
297667,18,bully,2883,1,43,6362796,387,0,2322,0,1,18,294784,2883,0,44,0,0,0,LEADER,1,4,1,27,43,387,0,0,0,0,0,0,0,0,0
297612,9,bully,2828,1,43,6360431,387,385,2322,2310,1,1,294784,2828,0,44,0,0,0,NORMAL,0,3,1,9,129,387,0,385,0,0,0,0,0,0,0
297765,13,bully,2983,1,43,6367065,387,382,2322,2292,2,1,294782,2983,0,44,0,0,0,NORMAL,0,3,1,9,135,387,0,382,0,0,0,0,0,0,0
297837,25,bully,3053,1,43,6370106,387,0,2322,0,1,25,294784,3053,0,44,0,0,0,LEADER,1,4,1,34,43,387,0,0,0,0,0,0,0,0,0
297839,36,bully,3065,1,43,6370375,387,0,2322,0,1,36,294774,3065,0,44,0,0,0,LEADER,1,4,1,45,43,387,0,0,0,0,0,0,0,0,0
297679,29,bully,2895,1,43,6363312,387,0,2322,0,1,29,294784,2895,0,44,0,0,0,LEADER,1,4,1,38,43,387,0,0,0,0,0,0,0,0,0
297859,35,bully,3086,1,43,6371333,387,0,2322,0,1,35,294773,3086,0,44,0,0,0,LEADER,1,4,1,44,43,387,0,0,0,0,0,0,0,0,0
297745,6,bully,2965,1,43,6366215,387,772,2322,4632,2,1,294780,2965,0,44,0,0,0,NORMAL,0,3,1,9,135,387,0,772,0,0,0,0,0,0,0
297917,48,bully,3133,1,43,6373546,387,0,2322,0,1,48,294784,3133,0,44,0,0,0,LEADER,1,4,1,57,43,387,0,0,0,0,0,0,0,0,0
297651,50,bully,2868,1,43,6362125,387,0,2322,0,1,50,294783,2868,0,44,0,0,0,LEADER,1,4,1,59,43,387,0,0,0,0,0,0,0,0,0
297593,41,bully,2813,1,43,6359638,387,0,2322,0,1,41,294780,2813,0,44,0,0,0,LEADER,1,4,1,50,43,387,0,0,0,0,0,0,0,0,0
298054,10,bully,3271,1,43,6379468,387,386,2322,2316,1,1,294783,3271,0,44,0,0,0,NORMAL,0,3,1,9,131,387,0,386,0,0,0,0,0,0,0
297886,3,bully,3101,1,43,6372194,387,772,2322,4632,1,1,294785,3101,0,44,0,0,0,NORMAL,0,3,1,9,131,387,0,772,0,0,0,0,0,0,0
297497,11,bully,2713,1,43,6355486,387,375,2322,2250,1,1,294784,2713,0,44,0,0,0,NORMAL,0,3,1,9,174,387,0,375,0,0,0,0,0,0,0
297903,45,bully,3119,1,43,6372944,387,0,2322,0,1,45,294784,3119,0,44,0,0,0,LEADER,1,4,1,54,43,387,0,0,0,0,0,0,0,0,0
298040,42,bully,3256,1,43,6378835,387,0,2322,0,1,42,294784,3256,0,44,0,0,0,LEADER,1,4,1,51,43,387,0,0,0,0,0,0,0,0,0
298006,46,bully,3222,1,43,6377373,387,0,2322,0,1,46,294784,3222,0,44,0,0,0,LEADER,1,4,1,55,43,387,0,0,0,0,0,0,0,0,0
297562,31,bully,2780,1,43,6358356,387,0,2322,0,1,31,294782,2780,0,44,0,0,0,LEADER,1,4,1,40,43,387,0,0,0,0,0,0,0,0,0
298170,8,bully,3386,1,43,6384425,387,386,2322,2316,2,1,294784,3386,0,44,0,0,0,NORMAL,0,3,1,9,137,387,0,386,0,0,0,0,0,0,0
297814,26,bully,3031,1,43,6369154,387,0,2322,0,1,26,294783,3031,0,44,0,0,0,LEADER,1,4,1,35,43,387,0,0,0,0,0,0,0,0,0
298223,17,bully,3440,1,43,6386726,387,0,2322,0,1,17,294783,3440,0,44,0,0,0,LEADER,1,4,1,26,43,387,0,0,0,0,0,0,0,0,0
298121,30,bully,3337,1,43,6382318,387,0,2322,0,1,30,294784,3337,0,44,0,0,0,LEADER,1,4,1,39,43,387,0,0,0,0,0,0,0,0,0
298306,5,bully,3522,1,43,6390273,387,773,2322,4638,2,1,294784,3522,0,44,0,0,0,NORMAL,0,3,1,9,133,387,0,773,0,0,0,0,0,0,0
297952,2,bully,3168,1,43,6375051,387,766,2322,4596,1,1,294784,3168,0,44,0,0,0,NORMAL,0,3,1,9,129,387,0,766,0,0,0,0,0,0,0
297700,28,bully,2916,1,43,6364215,387,0,2322,0,1,28,294784,2916,0,44,0,0,0,LEADER,1,4,1,37,43,387,0,0,0,0,0,0,0,0,0
298250,27,bully,3473,1,43,6388088,387,0,2322,0,1,27,294777,3473,0,44,0,0,0,LEADER,1,4,1,36,43,387,0,0,0,0,0,0,0,0,0
298291,37,bully,3507,1,43,6389628,387,0,2322,0,1,37,294784,3507,0,44,0,0,0,LEADER,1,4,1,46,43,387,0,0,0,0,0,0,0,0,0
297637,19,bully,2861,1,43,6361666,387,0,2322,0,1,19,294776,2861,0,44,0,0,0,LEADER,1,4,1,28,43,387,0,0,0,0,0,0,0,0,0
297508,22,bully,2725,1,43,6355984,387,0,2322,0,1,22,294783,2725,0,44,0,0,0,LEADER,1,4,1,31,43,387,0,0,0,0,0,0,0,0,0
297521,21,bully,2747,1,43,6356674,387,0,2322,0,1,21,294774,2747,0,44,0,0,0,LEADER,1,4,1,30,43,387,0,0,0,0,0,0,0,0,0
297985,33,bully,3201,1,43,6376470,387,0,2322,0,1,33,294784,3201,0,44,0,0,0,LEADER,1,4,1,42,43,387,0,0,0,0,0,0,0,0,0
298018,43,bully,3234,1,43,6377889,387,0,2322,0,1,43,294784,3234,0,44,0,0,0,LEADER,1,4,1,52,43,387,0,0,0,0,0,0,0,0,0
297782,16,bully,2998,1,43,6367741,387,388,2322,2328,2,1,294784,2998,0,44,0,0,0,NORMAL,0,3,1,9,138,387,0,388,0,0,0,0,0,0,0
298286,32,bully,3502,1,43,6389413,387,0,2322,0,1,32,294784,3502,0,44,0,0,0,LEADER,1,4,1,41,43,387,0,0,0,0,0,0,0,0,0
298327,4,bully,3543,1,43,6391176,387,772,2322,4632,1,1,294784,3543,0,44,0,0,0,NORMAL,0,3,1,9,132,387,0,772,0,0,0,0,0,0,0
298393,24,bully,3610,1,43,6394025,387,0,2322,0,1,24,294783,3610,0,44,0,0,0,LEADER,1,4,1,33,43,387,0,0,0,0,0,0,0,0,0
298088,20,bully,3304,1,43,6380899,387,0,2322,0,1,20,294784,3304,0,44,0,0,0,LEADER,1,4,1,29,43,387,0,0,0,0,0,0,0,0,0
297734,38,bully,2950,1,43,6365677,387,0,2322,0,1,38,294784,2950,0,44,0,0,0,LEADER,1,4,1,47,43,387,0,0,0,0,0,0,0,0,0
298371,23,bully,3585,1,43,6393022,387,0,2322,0,1,23,294786,3585,0,44,0,0,0,LEADER,1,4,1,32,43,387,0,0,0,0,0,0,0,0,0
298191,7,bully,3407,1,43,6385328,387,776,2322,4656,2,1,294784,3407,0,44,0,0,0,NORMAL,0,3,1,9,136,387,0,776,0,0,0,0,0,0,0
298324,47,bully,3540,1,43,6391047,387,0,2322,0,1,47,294784,3540,0,44,0,0,0,LEADER,1,4,1,56,43,387,0,0,0,0,0,0,0,0,0
298177,39,bully,3392,1,43,6384719,387,0,2322,0,1,39,294785,3392,0,44,0,0,0,LEADER,1,4,1,48,43,387,0,0,0,0,0,0,0,0,0
298333,15,bully,3555,1,43,6391578,387,382,2322,2292,2,1,294778,3555,0,44,0,0,0,NORMAL,0,3,1,9,154,387,0,382,0,0,0,0,0,0,0
298209,49,bully,3425,1,43,6386102,387,0,2322,0,1,49,294784,3425,0,44,0,0,0,LEADER,1,4,1,58,43,387,0,0,0,0,0,0,0,0,0
297990,1,bully,3216,1,43,6376915,387,775,2322,4650,1,1,294774,3216,0,44,0,0,0,LEADER,1,4,1,10,43,387,0,775,0,0,0,0,0,0,0
298150,40,bully,3371,1,43,6383636,387,0,2322,0,1,40,294779,3371,0,44,0,0,0,LEADER,1,4,1,49,43,387,0,0,0,0,0,0,0,0,0
298359,14,bully,3577,1,43,6392579,387,387,2322,2322,2,1,294782,3577,0,44,0,0,0,NORMAL,0,3,1,9,136,387,0,387,0,0,0,0,0,0,0
298462,44,bully,3677,1,43,6396954,387,0,2322,0,1,44,294785,3677,0,44,0,0,0,LEADER,1,4,1,53,43,387,0,0,0,0,0,0,0,0,0
298476,12,bully,3692,1,43,6397583,387,388,2322,2328,1,1,294784,3692,0,44,0,0,0,NORMAL,0,3,1,9,132,387,0,388,0,0,0,0,0,0,0
298427,34,bully,3643,1,43,6395476,387,0,2322,0,1,34,294784,3643,0,44,0,0,0,LEADER,1,4,1,43,43,387,0,0,0,0,0,0,0,0,0
299970,18,bully,2883,1,44,6662766,390,0,2340,0,1,18,297087,2883,0,45,0,0,0,LEADER,1,4,1,21,44,390,0,0,0,0,0,0,0,0,0
