timestamp,node_id,algorithm,first_convergence_time_ms,elections_started,elections_completed,total_election_time_ms,messages_sent,messages_received,bytes_sent,bytes_received,leader_changes,current_leader,time_in_normal_ms,time_in_election_ms,time_in_waiting_ms,state_transitions,timeouts_detected,heartbeats_sent,heartbeats_received,current_state,am_leader,ring_completions,forwards,msg_election_sent,msg_coordinator_sent,msg_alive_sent,msg_election_recv,msg_coordinator_recv,msg_alive_recv,acks_sent,acks_received,retries,nodes_marked_unreachable,nodes_recovered,ring_reconfigs
10110,46,ring,4871,2,1,36,51,1048,408,8384,5,50,5239,762,4000,12,1,0,2,NORMAL,0,0,0,2,49,0,51,987,8,0,0,0,0,0,1
10156,33,ring,4908,2,2,393,40,1052,320,8416,5,50,5248,393,4360,13,1,0,2,NORMAL,0,0,0,2,38,0,50,992,8,0,0,0,0,0,1
10101,9,ring,4691,2,2,32,11,1056,88,8448,5,50,5410,32,4559,13,1,0,2,NORMAL,0,0,0,2,9,0,48,998,8,0,0,0,0,0,1
10360,50,ring,4359,2,2,8002,66,1040,528,8320,1,50,2000,8002,0,4,1,3,0,LEADER,1,0,0,2,51,10,51,987,2,0,0,0,2,8,0
10171,1,ring,4646,2,2,277,2,1062,16,8496,5,50,5525,277,4199,13,1,0,3,NORMAL,0,0,0,2,0,0,48,1003,8,0,0,0,0,0,1
10292,30,ring,4742,2,1,48,36,1046,288,8368,5,50,5550,451,4000,12,1,0,3,NORMAL,0,0,0,2,34,0,49,986,8,0,0,0,0,0,1
10374,18,ring,4799,1,1,574,21,1055,168,8440,5,50,5575,574,3852,11,0,0,3,NORMAL,0,0,0,1,20,0,51,993,8,0,0,0,0,0,1
10027,29,ring,4399,2,1,23,32,1003,256,8024,5,50,5628,372,4000,12,1,0,3,NORMAL,0,0,0,2,30,0,44,948,8,0,0,0,0,0,1
10454,49,ring,4454,1,1,4000,54,1042,432,8336,2,50,6000,4000,0,8,1,0,3,NORMAL,0,0,0,1,50,3,51,982,6,0,0,0,0,2,0
10018,36,ring,4343,2,1,52,39,991,312,7928,5,50,5675,325,4000,12,1,0,3,NORMAL,0,0,0,2,37,0,43,937,8,0,0,0,0,0,1
10592,3,ring,4905,1,1,944,4,1072,32,8576,5,50,5687,944,3370,11,0,0,3,NORMAL,0,0,0,1,3,0,51,1010,8,0,0,0,0,0,1
10237,21,ring,4489,1,1,397,23,1027,184,8216,5,50,5748,397,3856,11,0,0,3,NORMAL,0,0,0,1,22,0,48,968,8,0,0,0,0,0,1
10647,12,ring,4867,2,1,100,15,1061,120,8488,5,50,5780,221,4000,12,1,0,3,NORMAL,0,0,0,2,13,0,50,1000,8,0,0,0,0,0,1
10765,23,ring,4977,2,2,113,27,1049,216,8392,5,50,5788,113,4100,13,1,0,3,NORMAL,0,0,0,2,25,0,50,988,8,0,0,0,0,0,1
10631,44,ring,4818,1,1,2337,48,1047,384,8376,5,50,5813,2337,1850,11,0,0,3,NORMAL,0,0,0,1,47,0,51,985,8,0,0,0,0,0,1
10294,40,ring,4391,1,1,1309,42,1004,336,8032,5,50,5903,1309,2789,11,0,0,3,NORMAL,0,0,0,1,41,0,45,948,8,0,0,0,0,0,1
10576,35,ring,4602,1,1,213,41,1032,328,8256,5,50,5974,213,3813,11,0,0,3,NORMAL,0,0,0,1,40,0,49,972,8,0,0,0,0,0,1
10985,26,ring,4989,1,1,525,30,1051,240,8408,5,50,5996,525,3479,11,0,0,3,NORMAL,0,0,0,1,29,0,51,989,8,0,0,0,0,0,1
10794,20,ring,4797,1,1,41,23,1053,184,8424,5,50,5997,41,3962,11,0,0,3,NORMAL,0,0,0,1,22,0,51,991,8,0,0,0,0,0,1
10440,38,ring,4310,1,1,2475,40,990,320,7920,5,50,6130,2475,1396,11,0,0,3,NORMAL,0,0,0,1,39,0,44,935,8,0,0,0,0,0,1
11121,4,ring,4978,1,1,83,5,1071,40,8568,5,50,6143,83,3774,11,0,0,3,NORMAL,0,0,0,1,4,0,51,1009,8,0,0,0,0,0,1
11052,22,ring,4871,1,1,553,25,1051,200,8408,5,50,6181,553,3266,11,0,0,3,NORMAL,0,0,0,1,24,0,51,989,8,0,0,0,0,0,1
11134,34,ring,4945,1,1,662,41,1045,328,8360,5,50,6189,662,3150,11,0,0,3,NORMAL,0,0,0,1,40,0,51,983,8,0,0,0,0,0,1
10768,41,ring,4416,1,1,1695,43,1004,344,8032,5,50,6352,1695,1954,11,0,0,3,NORMAL,0,0,0,1,42,0,45,948,8,0,0,0,0,0,1
11271,31,ring,4747,1,1,2241,37,1046,296,8368,5,50,6524,2241,1236,11,0,0,3,NORMAL,0,0,0,1,36,0,50,985,8,0,0,0,0,0,1
11188,43,ring,4613,1,0,0,47,1030,376,8240,5,50,6575,3425,0,10,0,0,3,NORMAL,0,0,0,1,46,0,50,969,8,0,0,0,0,0,1
11609,45,ring,5012,1,1,2690,49,1044,392,8352,5,50,6597,2690,713,11,0,0,3,NORMAL,0,0,0,1,48,0,51,982,8,0,0,0,0,0,1
11340,8,ring,4729,1,1,137,9,1066,72,8528,5,50,6611,137,3253,11,0,0,3,NORMAL,0,0,0,1,8,0,50,1005,8,0,0,0,0,0,1
11067,14,ring,4433,1,1,339,16,1026,128,8208,5,50,6634,339,3027,11,0,0,3,NORMAL,0,0,0,1,15,0,47,968,8,0,0,0,0,0,1
10968,25,ring,4317,1,1,1144,27,995,216,7960,5,50,6651,1144,2205,11,0,0,3,NORMAL,0,0,0,1,26,0,44,940,8,0,0,0,0,0,1
11407,28,ring,4665,1,1,2349,32,1041,256,8328,5,50,6742,2349,910,11,0,0,3,NORMAL,0,0,0,1,31,0,49,981,8,0,0,0,0,0,1
11204,11,ring,4461,1,1,549,12,1034,96,8272,5,50,6743,549,2708,11,0,0,3,NORMAL,0,0,0,1,11,0,48,975,8,0,0,0,0,0,1
11136,47,ring,4372,1,0,0,46,1004,368,8032,5,50,6764,3237,0,10,0,0,3,NORMAL,0,0,0,1,45,0,46,947,8,0,0,0,0,0,1
11568,6,ring,4782,1,1,38,7,1069,56,8552,5,50,6786,38,3176,11,0,0,3,NORMAL,0,0,0,1,6,0,51,1007,8,0,0,0,0,0,1
11964,27,ring,5074,1,1,668,31,1045,248,8360,5,50,6890,668,2442,11,0,0,3,NORMAL,0,0,0,1,30,0,51,983,8,0,0,0,0,0,1
11746,42,ring,4844,1,0,0,48,1046,384,8368,5,50,6902,3098,0,10,0,0,3,NORMAL,0,0,0,1,47,0,52,983,8,0,0,0,0,0,1
11476,5,ring,4569,1,1,27,6,1056,48,8448,5,50,6907,27,3066,11,0,0,3,NORMAL,0,0,0,1,5,0,48,997,8,0,0,0,0,0,1
11289,17,ring,4358,1,1,702,18,1007,144,8056,5,50,6931,702,2368,11,0,0,3,NORMAL,0,0,0,1,17,0,44,952,8,0,0,0,0,0,1
11462,37,ring,4486,1,0,0,43,1031,344,8248,5,50,6976,3025,0,10,0,0,3,NORMAL,0,0,0,1,42,0,49,971,8,0,0,0,0,0,1
11898,7,ring,4786,1,1,117,8,1068,64,8544,5,50,7112,117,2772,11,0,0,3,NORMAL,0,0,0,1,7,0,51,1006,8,0,0,0,0,0,1
11938,48,ring,4801,1,0,0,51,1049,408,8392,5,50,7137,2864,0,10,0,0,3,NORMAL,0,0,0,1,50,0,52,986,8,0,0,0,0,0,1
11612,2,ring,4449,1,1,526,3,1042,24,8336,5,50,7163,526,2311,11,0,0,3,NORMAL,0,0,0,1,2,0,48,983,8,0,0,0,0,0,1
11762,19,ring,4596,1,1,705,22,1041,176,8328,5,50,7166,705,2130,11,0,0,3,NORMAL,0,0,0,1,21,0,49,981,8,0,0,0,0,0,1
11867,24,ring,4691,1,1,1857,28,1047,224,8376,5,50,7176,1857,968,11,0,0,3,NORMAL,0,0,0,1,27,0,49,987,8,0,0,0,0,0,1
11544,32,ring,4318,1,1,1943,34,992,272,7936,5,50,7226,1943,832,11,0,0,3,NORMAL,0,0,0,1,33,0,44,937,8,0,0,0,0,0,1
11625,13,ring,4270,1,1,92,14,996,112,7968,5,50,7355,92,2554,11,0,0,3,NORMAL,0,0,0,1,13,0,43,942,8,0,0,0,0,0,1
11976,10,ring,4595,1,1,593,12,1051,96,8408,5,50,7381,593,2027,11,0,0,3,NORMAL,0,0,0,1,11,0,49,991,8,0,0,0,0,0,1
11953,16,ring,4565,1,1,799,18,1043,144,8344,5,50,7388,799,1814,11,0,0,3,NORMAL,0,0,0,1,17,0,48,984,8,0,0,0,0,0,1
11883,39,ring,4258,1,0,0,40,982,320,7856,5,50,7625,2376,0,10,0,0,4,NORMAL,0,0,0,1,39,0,44,926,8,0,0,0,0,0,1
11936,15,ring,4193,1,1,350,16,984,128,7872,5,50,7743,350,1907,11,0,0,4,NORMAL,0,0,0,1,15,0,43,929,8,0,0,0,0,0,1
20110,46,ring,4871,2,1,36,51,1053,408,8424,5,50,15239,762,4000,12,1,0,7,NORMAL,0,0,0,2,49,0,51,987,8,0,0,0,0,0,1
20156,33,ring,4908,2,2,393,40,1057,320,8456,5,50,15248,393,4360,13,1,0,7,NORMAL,0,0,0,2,38,0,50,992,8,0,0,0,0,0,1
20101,9,ring,4691,2,2,32,11,1061,88,8488,5,50,15410,32,4559,13,1,0,7,NORMAL,0,0,0,2,9,0,48,998,8,0,0,0,0,0,1
20360,50,ring,4359,2,2,8002,71,1040,568,8320,1,50,12000,8002,0,4,1,8,0,LEADER,1,0,0,2,51,10,51,987,2,0,0,0,2,8,0
20171,1,ring,4646,2,2,277,2,1067,16,8536,5,50,15525,277,4199,13,1,0,8,NORMAL,0,0,0,2,0,0,48,1003,8,0,0,0,0,0,1
20292,30,ring,4742,2,1,48,36,1051,288,8408,5,50,15550,451,4000,12,1,0,8,NORMAL,0,0,0,2,34,0,49,986,8,0,0,0,0,0,1
20374,18,ring,4799,1,1,574,21,1060,168,8480,5,50,15575,574,3852,11,0,0,8,NORMAL,0,0,0,1,20,0,51,993,8,0,0,0,0,0,1
20027,29,ring,4399,2,1,23,32,1008,256,8064,5,50,15628,372,4000,12,1,0,8,NORMAL,0,0,0,2,30,0,44,948,8,0,0,0,0,0,1
20454,49,ring,4454,1,1,4000,54,1047,432,8376,2,50,16000,4000,0,8,1,0,8,NORMAL,0,0,0,1,50,3,51,982,6,0,0,0,0,2,0
20018,36,ring,4343,2,1,52,39,996,312,7968,5,50,15675,325,4000,12,1,0,8,NORMAL,0,0,0,2,37,0,43,937,8,0,0,0,0,0,1
20592,3,ring,4905,1,1,944,4,1077,32,8616,5,50,15687,944,3370,11,0,0,8,NORMAL,0,0,0,1,3,0,51,1010,8,0,0,0,0,0,1
20237,21,ring,4489,1,1,397,23,1032,184,8256,5,50,15748,397,3856,11,0,0,8,NORMAL,0,0,0,1,22,0,48,968,8,0,0,0,0,0,1
20647,12,ring,4867,2,1,100,15,1066,120,8528,5,50,15780,221,4000,12,1,0,8,NORMAL,0,0,0,2,13,0,50,1000,8,0,0,0,0,0,1
20765,23,ring,4977,2,2,113,27,1054,216,8432,5,50,15788,113,4100,13,1,0,8,NORMAL,0,0,0,2,25,0,50,988,8,0,0,0,0,0,1
20631,44,ring,4818,1,1,2337,48,1052,384,8416,5,50,15813,2337,1850,11,0,0,8,NORMAL,0,0,0,1,47,0,51,985,8,0,0,0,0,0,1
20294,40,ring,4391,1,1,1309,42,1009,336,8072,5,50,15903,1309,2789,11,0,0,8,NORMAL,0,0,0,1,41,0,45,948,8,0,0,0,0,0,1
20576,35,ring,4602,1,1,213,41,1037,328,8296,5,50,15974,213,3813,11,0,0,8,NORMAL,0,0,0,1,40,0,49,972,8,0,0,0,0,0,1
20985,26,ring,4989,1,1,525,30,1056,240,8448,5,50,15996,525,3479,11,0,0,8,NORMAL,0,0,0,1,29,0,51,989,8,0,0,0,0,0,1
20794,20,ring,4797,1,1,41,23,1058,184,8464,5,50,15997,41,3962,11,0,0,8,NORMAL,0,0,0,1,22,0,51,991,8,0,0,0,0,0,1
20440,38,ring,4310,1,1,2475,40,995,320,7960,5,50,16130,2475,1396,11,0,0,8,NORMAL,0,0,0,1,39,0,44,935,8,0,0,0,0,0,1
21121,4,ring,4978,1,1,83,5,1076,40,8608,5,50,16143,83,3774,11,0,0,8,NORMAL,0,0,0,1,4,0,51,1009,8,0,0,0,0,0,1
21052,22,ring,4871,1,1,553,25,1056,200,8448,5,50,16181,553,3266,11,0,0,8,NORMAL,0,0,0,1,24,0,51,989,8,0,0,0,0,0,1
21134,34,ring,4945,1,1,662,41,1050,328,8400,5,50,16189,662,3150,11,0,0,8,NORMAL,0,0,0,1,40,0,51,983,8,0,0,0,0,0,1
20768,41,ring,4416,1,1,1695,43,1009,344,8072,5,50,16352,1695,1954,11,0,0,8,NORMAL,0,0,0,1,42,0,45,948,8,0,0,0,0,0,1
21271,31,ring,4747,1,1,2241,37,1051,296,8408,5,50,16524,2241,1236,11,0,0,8,NORMAL,0,0,0,1,36,0,50,985,8,0,0,0,0,0,1
21188,43,ring,4613,1,0,0,47,1035,376,8280,5,50,16575,3425,0,10,0,0,8,NORMAL,0,0,0,1,46,0,50,969,8,0,0,0,0,0,1
21609,45,ring,5012,1,1,2690,49,1049,392,8392,5,50,16597,2690,713,11,0,0,8,NORMAL,0,0,0,1,48,0,51,982,8,0,0,0,0,0,1
21340,8,ring,4729,1,1,137,9,1071,72,8568,5,50,16611,137,3253,11,0,0,8,NORMAL,0,0,0,1,8,0,50,1005,8,0,0,0,0,0,1
21067,14,ring,4433,1,1,339,16,1031,128,8248,5,50,16634,339,3027,11,0,0,8,NORMAL,0,0,0,1,15,0,47,968,8,0,0,0,0,0,1
20968,25,ring,4317,1,1,1144,27,1000,216,8000,5,50,16651,1144,2205,11,0,0,8,NORMAL,0,0,0,1,26,0,44,940,8,0,0,0,0,0,1
21407,28,ring,4665,1,1,2349,32,1046,256,8368,5,50,16742,2349,910,11,0,0,8,NORMAL,0,0,0,1,31,0,49,981,8,0,0,0,0,0,1
21204,11,ring,4461,1,1,549,12,1039,96,8312,5,50,16743,549,2708,11,0,0,8,NORMAL,0,0,0,1,11,0,48,975,8,0,0,0,0,0,1
21136,47,ring,4372,1,0,0,46,1009,368,8072,5,50,16764,3237,0,10,0,0,8,NORMAL,0,0,0,1,45,0,46,947,8,0,0,0,0,0,1
21568,6,ring,4782,1,1,38,7,1074,56,8592,5,50,16786,38,3176,11,0,0,8,NORMAL,0,0,0,1,6,0,51,1007,8,0,0,0,0,0,1
21964,27,ring,5074,1,1,668,31,1050,248,8400,5,50,16890,668,2442,11,0,0,8,NORMAL,0,0,0,1,30,0,51,983,8,0,0,0,0,0,1
21746,42,ring,4844,1,0,0,48,1051,384,8408,5,50,16902,3098,0,10,0,0,8,NORMAL,0,0,0,1,47,0,52,983,8,0,0,0,0,0,1
21476,5,ring,4569,1,1,27,6,1061,48,8488,5,50,16907,27,3066,11,0,0,8,NORMAL,0,0,0,1,5,0,48,997,8,0,0,0,0,0,1
21289,17,ring,4358,1,1,702,18,1012,144,8096,5,50,16931,702,2368,11,0,0,8,NORMAL,0,0,0,1,17,0,44,952,8,0,0,0,0,0,1
21462,37,ring,4486,1,0,0,43,1036,344,8288,5,50,16976,3025,0,10,0,0,8,NORMAL,0,0,0,1,42,0,49,971,8,0,0,0,0,0,1
21898,7,ring,4786,1,1,117,8,1073,64,8584,5,50,17112,117,2772,11,0,0,8,NORMAL,0,0,0,1,7,0,51,1006,8,0,0,0,0,0,1
21938,48,ring,4801,1,0,0,51,1054,408,8432,5,50,17137,2864,0,10,0,0,8,NORMAL,0,0,0,1,50,0,52,986,8,0,0,0,0,0,1
21612,2,ring,4449,1,1,526,3,1047,24,8376,5,50,17163,526,2311,11,0,0,8,NORMAL,0,0,0,1,2,0,48,983,8,0,0,0,0,0,1
21762,19,ring,4596,1,1,705,22,1046,176,8368,5,50,17166,705,2130,11,0,0,8,NORMAL,0,0,0,1,21,0,49,981,8,0,0,0,0,0,1
21867,24,ring,4691,1,1,1857,28,1052,224,8416,5,50,17176,1857,968,11,0,0,8,NORMAL,0,0,0,1,27,0,49,987,8,0,0,0,0,0,1
21544,32,ring,4318,1,1,1943,34,997,272,7976,5,50,17226,1943,832,11,0,0,8,NORMAL,0,0,0,1,33,0,44,937,8,0,0,0,0,0,1
21625,13,ring,4270,1,1,92,14,1001,112,8008,5,50,17355,92,2554,11,0,0,8,NORMAL,0,0,0,1,13,0,43,942,8,0,0,0,0,0,1
21976,10,ring,4595,1,1,593,12,1056,96,8448,5,50,17381,593,2027,11,0,0,8,NORMAL,0,0,0,1,11,0,49,991,8,0,0,0,0,0,1
21953,16,ring,4565,1,1,799,18,1048,144,8384,5,50,17388,799,1814,11,0,0,8,NORMAL,0,0,0,1,17,0,48,984,8,0,0,0,0,0,1
21883,39,ring,4258,1,0,0,40,987,320,7896,5,50,17625,2376,0,10,0,0,9,NORMAL,0,0,0,1,39,0,44,926,8,0,0,0,0,0,1
21936,15,ring,4193,1,1,350,16,989,128,7912,5,50,17743,350,1907,11,0,0,9,NORMAL,0,0,0,1,15,0,43,929,8,0,0,0,0,0,1
30110,46,ring,4871,2,1,36,51,1058,408,8464,5,50,25239,762,4000,12,1,0,12,NORMAL,0,0,0,2,49,0,51,987,8,0,0,0,0,0,1
30156,33,ring,4908,2,2,393,40,1062,320,8496,5,50,25248,393,4360,13,1,0,12,NORMAL,0,0,0,2,38,0,50,992,8,0,0,0,0,0,1
30101,9,ring,4691,2,2,32,11,1066,88,8528,5,50,25410,32,4559,13,1,0,12,NORMAL,0,0,0,2,9,0,48,998,8,0,0,0,0,0,1
30360,50,ring,4359,2,2,8002,76,1040,608,8320,1,50,22000,8002,0,4,1,13,0,LEADER,1,0,0,2,51,10,51,987,2,0,0,0,2,8,0
30171,1,ring,4646,2,2,277,2,1072,16,8576,5,50,25525,277,4199,13,1,0,13,NORMAL,0,0,0,2,0,0,48,1003,8,0,0,0,0,0,1
30292,30,ring,4742,2,1,48,36,1056,288,8448,5,50,25550,451,4000,12,1,0,13,NORMAL,0,0,0,2,34,0,49,986,8,0,0,0,0,0,1
30374,18,ring,4799,1,1,574,21,1065,168,8520,5,50,25575,574,3852,11,0,0,13,NORMAL,0,0,0,1,20,0,51,993,8,0,0,0,0,0,1
30027,29,ring,4399,2,1,23,32,1013,256,8104,5,50,25628,372,4000,12,1,0,13,NORMAL,0,0,0,2,30,0,44,948,8,0,0,0,0,0,1
30454,49,ring,4454,1,1,4000,54,1052,432,8416,2,50,26000,4000,0,8,1,0,13,NORMAL,0,0,0,1,50,3,51,982,6,0,0,0,0,2,0
30018,36,ring,4343,2,1,52,39,1001,312,8008,5,50,25675,325,4000,12,1,0,13,NORMAL,0,0,0,2,37,0,43,937,8,0,0,0,0,0,1
30592,3,ring,4905,1,1,944,4,1082,32,8656,5,50,25687,944,3370,11,0,0,13,NORMAL,0,0,0,1,3,0,51,1010,8,0,0,0,0,0,1
30237,21,ring,4489,1,1,397,23,1037,184,8296,5,50,25748,397,3856,11,0,0,13,NORMAL,0,0,0,1,22,0,48,968,8,0,0,0,0,0,1
30647,12,ring,4867,2,1,100,15,1071,120,8568,5,50,25780,221,4000,12,1,0,13,NORMAL,0,0,0,2,13,0,50,1000,8,0,0,0,0,0,1
30765,23,ring,4977,2,2,113,27,1059,216,8472,5,50,25788,113,4100,13,1,0,13,NORMAL,0,0,0,2,25,0,50,988,8,0,0,0,0,0,1
30631,44,ring,4818,1,1,2337,48,1057,384,8456,5,50,25813,2337,1850,11,0,0,13,NORMAL,0,0,0,1,47,0,51,985,8,0,0,0,0,0,1
30294,40,ring,4391,1,1,1309,42,1014,336,8112,5,50,25903,1309,2789,11,0,0,13,NORMAL,0,0,0,1,41,0,45,948,8,0,0,0,0,0,1
30576,35,ring,4602,1,1,213,41,1042,328,8336,5,50,25974,213,3813,11,0,0,13,NORMAL,0,0,0,1,40,0,49,972,8,0,0,0,0,0,1
30985,26,ring,4989,1,1,525,30,1061,240,8488,5,50,25996,525,3479,11,0,0,13,NORMAL,0,0,0,1,29,0,51,989,8,0,0,0,0,0,1
30794,20,ring,4797,1,1,41,23,1063,184,8504,5,50,25997,41,3962,11,0,0,13,NORMAL,0,0,0,1,22,0,51,991,8,0,0,0,0,0,1
30440,38,ring,4310,1,1,2475,40,1000,320,8000,5,50,26130,2475,1396,11,0,0,13,NORMAL,0,0,0,1,39,0,44,935,8,0,0,0,0,0,1
31121,4,ring,4978,1,1,83,5,1081,40,8648,5,50,26143,83,3774,11,0,0,13,NORMAL,0,0,0,1,4,0,51,1009,8,0,0,0,0,0,1
31052,22,ring,4871,1,1,553,25,1061,200,8488,5,50,26181,553,3266,11,0,0,13,NORMAL,0,0,0,1,24,0,51,989,8,0,0,0,0,0,1
31134,34,ring,4945,1,1,662,41,1055,328,8440,5,50,26189,662,3150,11,0,0,13,NORMAL,0,0,0,1,40,0,51,983,8,0,0,0,0,0,1
30768,41,ring,4416,1,1,1695,43,1014,344,8112,5,50,26352,1695,1954,11,0,0,13,NORMAL,0,0,0,1,42,0,45,948,8,0,0,0,0,0,1
31271,31,ring,4747,1,1,2241,37,1056,296,8448,5,50,26524,2241,1236,11,0,0,13,NORMAL,0,0,0,1,36,0,50,985,8,0,0,0,0,0,1
31188,43,ring,4613,1,0,0,47,1040,376,8320,5,50,26575,3425,0,10,0,0,13,NORMAL,0,0,0,1,46,0,50,969,8,0,0,0,0,0,1
31609,45,ring,5012,1,1,2690,49,1054,392,8432,5,50,26597,2690,713,11,0,0,13,NORMAL,0,0,0,1,48,0,51,982,8,0,0,0,0,0,1
31340,8,ring,4729,1,1,137,9,1076,72,8608,5,50,26611,137,3253,11,0,0,13,NORMAL,0,0,0,1,8,0,50,1005,8,0,0,0,0,0,1
31067,14,ring,4433,1,1,339,16,1036,128,8288,5,50,26634,339,3027,11,0,0,13,NORMAL,0,0,0,1,15,0,47,968,8,0,0,0,0,0,1
30968,25,ring,4317,1,1,1144,27,1005,216,8040,5,50,26651,1144,2205,11,0,0,13,NORMAL,0,0,0,1,26,0,44,940,8,0,0,0,0,0,1
31407,28,ring,4665,1,1,2349,32,1051,256,8408,5,50,26742,2349,910,11,0,0,13,NORMAL,0,0,0,1,31,0,49,981,8,0,0,0,0,0,1
31204,11,ring,4461,1,1,549,12,1044,96,8352,5,50,26743,549,2708,11,0,0,13,NORMAL,0,0,0,1,11,0,48,975,8,0,0,0,0,0,1
31136,47,ring,4372,1,0,0,46,1014,368,8112,5,50,26764,3237,0,10,0,0,13,NORMAL,0,0,0,1,45,0,46,947,8,0,0,0,0,0,1
31568,6,ring,4782,1,1,38,7,1079,56,8632,5,50,26786,38,3176,11,0,0,13,NORMAL,0,0,0,1,6,0,51,1007,8,0,0,0,0,0,1
31964,27,ring,5074,1,1,668,31,1055,248,8440,5,50,26890,668,2442,11,0,0,13,NORMAL,0,0,0,1,30,0,51,983,8,0,0,0,0,0,1
31746,42,ring,4844,1,0,0,48,1056,384,8448,5,50,26902,3098,0,10,0,0,13,NORMAL,0,0,0,1,47,0,52,983,8,0,0,0,0,0,1
31476,5,ring,4569,1,1,27,6,1066,48,8528,5,50,26907,27,3066,11,0,0,13,NORMAL,0,0,0,1,5,0,48,997,8,0,0,0,0,0,1
31289,17,ring,4358,1,1,702,18,1017,144,8136,5,50,26931,702,2368,11,0,0,13,NORMAL,0,0,0,1,17,0,44,952,8,0,0,0,0,0,1
31462,37,ring,4486,1,0,0,43,1041,344,8328,5,50,26976,3025,0,10,0,0,13,NORMAL,0,0,0,1,42,0,49,971,8,0,0,0,0,0,1
31898,7,ring,4786,1,1,117,8,1078,64,8624,5,50,27112,117,2772,11,0,0,13,NORMAL,0,0,0,1,7,0,51,1006,8,0,0,0,0,0,1
31938,48,ring,4801,1,0,0,51,1059,408,8472,5,50,27137,2864,0,10,0,0,13,NORMAL,0,0,0,1,50,0,52,986,8,0,0,0,0,0,1
31612,2,ring,4449,1,1,526,3,1052,24,8416,5,50,27163,526,2311,11,0,0,13,NORMAL,0,0,0,1,2,0,48,983,8,0,0,0,0,0,1
31762,19,ring,4596,1,1,705,22,1051,176,8408,5,50,27166,705,2130,11,0,0,13,NORMAL,0,0,0,1,21,0,49,981,8,0,0,0,0,0,1
31867,24,ring,4691,1,1,1857,28,1057,224,8456,5,50,27176,1857,968,11,0,0,13,NORMAL,0,0,0,1,27,0,49,987,8,0,0,0,0,0,1
31544,32,ring,4318,1,1,1943,34,1002,272,8016,5,50,27226,1943,832,11,0,0,13,NORMAL,0,0,0,1,33,0,44,937,8,0,0,0,0,0,1
31625,13,ring,4270,1,1,92,14,1006,112,8048,5,50,27355,92,2554,11,0,0,13,NORMAL,0,0,0,1,13,0,43,942,8,0,0,0,0,0,1
31976,10,ring,4595,1,1,593,12,1061,96,8488,5,50,27381,593,2027,11,0,0,13,NORMAL,0,0,0,1,11,0,49,991,8,0,0,0,0,0,1
31953,16,ring,4565,1,1,799,18,1053,144,8424,5,50,27388,799,1814,11,0,0,13,NORMAL,0,0,0,1,17,0,48,984,8,0,0,0,0,0,1
31883,39,ring,4258,1,0,0,40,992,320,7936,5,50,27625,2376,0,10,0,0,14,NORMAL,0,0,0,1,39,0,44,926,8,0,0,0,0,0,1
31936,15,ring,4193,1,1,350,16,994,128,7952,5,50,27743,350,1907,11,0,0,14,NORMAL,0,0,0,1,15,0,43,929,8,0,0,0,0,0,1
40110,46,ring,4871,2,1,36,51,1063,408,8504,5,50,35239,762,4000,12,1,0,17,NORMAL,0,0,0,2,49,0,51,987,8,0,0,0,0,0,1
40156,33,ring,4908,2,2,393,40,1067,320,8536,5,50,35248,393,4360,13,1,0,17,NORMAL,0,0,0,2,38,0,50,992,8,0,0,0,0,0,1
40101,9,ring,4691,2,2,32,11,1071,88,8568,5,50,35410,32,4559,13,1,0,17,NORMAL,0,0,0,2,9,0,48,998,8,0,0,0,0,0,1
40360,50,ring,4359,2,2,8002,81,1040,648,8320,1,50,32000,8002,0,4,1,18,0,LEADER,1,0,0,2,51,10,51,987,2,0,0,0,2,8,0
40171,1,ring,4646,2,2,277,2,1077,16,8616,5,50,35525,277,4199,13,1,0,18,NORMAL,0,0,0,2,0,0,48,1003,8,0,0,0,0,0,1
40292,30,ring,4742,2,1,48,36,1061,288,8488,5,50,35550,451,4000,12,1,0,18,NORMAL,0,0,0,2,34,0,49,986,8,0,0,0,0,0,1
40374,18,ring,4799,1,1,574,21,1070,168,8560,5,50,35575,574,3852,11,0,0,18,NORMAL,0,0,0,1,20,0,51,993,8,0,0,0,0,0,1
40027,29,ring,4399,2,1,23,32,1018,256,8144,5,50,35628,372,4000,12,1,0,18,NORMAL,0,0,0,2,30,0,44,948,8,0,0,0,0,0,1
40454,49,ring,4454,1,1,4000,54,1057,432,8456,2,50,36000,4000,0,8,1,0,18,NORMAL,0,0,0,1,50,3,51,982,6,0,0,0,0,2,0
40018,36,ring,4343,2,1,52,39,1006,312,8048,5,50,35675,325,4000,12,1,0,18,NORMAL,0,0,0,2,37,0,43,937,8,0,0,0,0,0,1
40592,3,ring,4905,1,1,944,4,1087,32,8696,5,50,35687,944,3370,11,0,0,18,NORMAL,0,0,0,1,3,0,51,1010,8,0,0,0,0,0,1
40237,21,ring,4489,1,1,397,23,1042,184,8336,5,50,35748,397,3856,11,0,0,18,NORMAL,0,0,0,1,22,0,48,968,8,0,0,0,0,0,1
40647,12,ring,4867,2,1,100,15,1076,120,8608,5,50,35780,221,4000,12,1,0,18,NORMAL,0,0,0,2,13,0,50,1000,8,0,0,0,0,0,1
40765,23,ring,4977,2,2,113,27,1064,216,8512,5,50,35788,113,4100,13,1,0,18,NORMAL,0,0,0,2,25,0,50,988,8,0,0,0,0,0,1
40631,44,ring,4818,1,1,2337,48,1062,384,8496,5,50,35813,2337,1850,11,0,0,18,NORMAL,0,0,0,1,47,0,51,985,8,0,0,0,0,0,1
40294,40,ring,4391,1,1,1309,42,1019,336,8152,5,50,35903,1309,2789,11,0,0,18,NORMAL,0,0,0,1,41,0,45,948,8,0,0,0,0,0,1
40576,35,ring,4602,1,1,213,41,1047,328,8376,5,50,35974,213,3813,11,0,0,18,NORMAL,0,0,0,1,40,0,49,972,8,0,0,0,0,0,1
40985,26,ring,4989,1,1,525,30,1066,240,8528,5,50,35996,525,3479,11,0,0,18,NORMAL,0,0,0,1,29,0,51,989,8,0,0,0,0,0,1
40794,20,ring,4797,1,1,41,23,1068,184,8544,5,50,35997,41,3962,11,0,0,18,NORMAL,0,0,0,1,22,0,51,991,8,0,0,0,0,0,1
40440,38,ring,4310,1,1,2475,40,1005,320,8040,5,50,36130,2475,1396,11,0,0,18,NORMAL,0,0,0,1,39,0,44,935,8,0,0,0,0,0,1
41121,4,ring,4978,1,1,83,5,1086,40,8688,5,50,36143,83,3774,11,0,0,18,NORMAL,0,0,0,1,4,0,51,1009,8,0,0,0,0,0,1
41052,22,ring,4871,1,1,553,25,1066,200,8528,5,50,36181,553,3266,11,0,0,18,NORMAL,0,0,0,1,24,0,51,989,8,0,0,0,0,0,1
41134,34,ring,4945,1,1,662,41,1060,328,8480,5,50,36189,662,3150,11,0,0,18,NORMAL,0,0,0,1,40,0,51,983,8,0,0,0,0,0,1
40768,41,ring,4416,1,1,1695,43,1019,344,8152,5,50,36352,1695,1954,11,0,0,18,NORMAL,0,0,0,1,42,0,45,948,8,0,0,0,0,0,1
41271,31,ring,4747,1,1,2241,37,1061,296,8488,5,50,36524,2241,1236,11,0,0,18,NORMAL,0,0,0,1,36,0,50,985,8,0,0,0,0,0,1
41188,43,ring,4613,1,0,0,47,1045,376,8360,5,50,36575,3425,0,10,0,0,18,NORMAL,0,0,0,1,46,0,50,969,8,0,0,0,0,0,1
41609,45,ring,5012,1,1,2690,49,1059,392,8472,5,50,36597,2690,713,11,0,0,18,NORMAL,0,0,0,1,48,0,51,982,8,0,0,0,0,0,1
41340,8,ring,4729,1,1,137,9,1081,72,8648,5,50,36611,137,3253,11,0,0,18,NORMAL,0,0,0,1,8,0,50,1005,8,0,0,0,0,0,1
41067,14,ring,4433,1,1,339,16,1041,128,8328,5,50,36634,339,3027,11,0,0,18,NORMAL,0,0,0,1,15,0,47,968,8,0,0,0,0,0,1
40968,25,ring,4317,1,1,1144,27,1010,216,8080,5,50,36651,1144,2205,11,0,0,18,NORMAL,0,0,0,1,26,0,44,940,8,0,0,0,0,0,1
41407,28,ring,4665,1,1,2349,32,1056,256,8448,5,50,36742,2349,910,11,0,0,18,NORMAL,0,0,0,1,31,0,49,981,8,0,0,0,0,0,1
41204,11,ring,4461,1,1,549,12,1049,96,8392,5,50,36743,549,2708,11,0,0,18,NORMAL,0,0,0,1,11,0,48,975,8,0,0,0,0,0,1
41136,47,ring,4372,1,0,0,46,1019,368,8152,5,50,36764,3237,0,10,0,0,18,NORMAL,0,0,0,1,45,0,46,947,8,0,0,0,0,0,1
41568,6,ring,4782,1,1,38,7,1084,56,8672,5,50,36786,38,3176,11,0,0,18,NORMAL,0,0,0,1,6,0,51,1007,8,0,0,0,0,0,1
41964,27,ring,5074,1,1,668,31,1060,248,8480,5,50,36890,668,2442,11,0,0,18,NORMAL,0,0,0,1,30,0,51,983,8,0,0,0,0,0,1
41746,42,ring,4844,1,0,0,48,1061,384,8488,5,50,36902,3098,0,10,0,0,18,NORMAL,0,0,0,1,47,0,52,983,8,0,0,0,0,0,1
41476,5,ring,4569,1,1,27,6,1071,48,8568,5,50,36907,27,3066,11,0,0,18,NORMAL,0,0,0,1,5,0,48,997,8,0,0,0,0,0,1
41289,17,ring,4358,1,1,702,18,1022,144,8176,5,50,36931,702,2368,11,0,0,18,NORMAL,0,0,0,1,17,0,44,952,8,0,0,0,0,0,1
41462,37,ring,4486,1,0,0,43,1046,344,8368,5,50,36976,3025,0,10,0,0,18,NORMAL,0,0,0,1,42,0,49,971,8,0,0,0,0,0,1
41898,7,ring,4786,1,1,117,8,1083,64,8664,5,50,37112,117,2772,11,0,0,18,NORMAL,0,0,0,1,7,0,51,1006,8,0,0,0,0,0,1
41938,48,ring,4801,1,0,0,51,1064,408,8512,5,50,37137,2864,0,10,0,0,18,NORMAL,0,0,0,1,50,0,52,986,8,0,0,0,0,0,1
41612,2,ring,4449,1,1,526,3,1057,24,8456,5,50,37163,526,2311,11,0,0,18,NORMAL,0,0,0,1,2,0,48,983,8,0,0,0,0,0,1
41762,19,ring,4596,1,1,705,22,1056,176,8448,5,50,37166,705,2130,11,0,0,18,NORMAL,0,0,0,1,21,0,49,981,8,0,0,0,0,0,1
41867,24,ring,4691,1,1,1857,28,1062,224,8496,5,50,37176,1857,968,11,0,0,18,NORMAL,0,0,0,1,27,0,49,987,8,0,0,0,0,0,1
41544,32,ring,4318,1,1,1943,34,1007,272,8056,5,50,37226,1943,832,11,0,0,18,NORMAL,0,0,0,1,33,0,44,937,8,0,0,0,0,0,1
41625,13,ring,4270,1,1,92,14,1011,112,8088,5,50,37355,92,2554,11,0,0,18,NORMAL,0,0,0,1,13,0,43,942,8,0,0,0,0,0,1
41976,10,ring,4595,1,1,593,12,1066,96,8528,5,50,37381,593,2027,11,0,0,18,NORMAL,0,0,0,1,11,0,49,991,8,0,0,0,0,0,1
41953,16,ring,4565,1,1,799,18,1058,144,8464,5,50,37388,799,1814,11,0,0,18,NORMAL,0,0,0,1,17,0,48,984,8,0,0,0,0,0,1
41883,39,ring,4258,1,0,0,40,997,320,7976,5,50,37625,2376,0,10,0,0,19,NORMAL,0,0,0,1,39,0,44,926,8,0,0,0,0,0,1
41936,15,ring,4193,1,1,350,16,999,128,7992,5,50,37743,350,1907,11,0,0,19,NORMAL,0,0,0,1,15,0,43,929,8,0,0,0,0,0,1
50110,46,ring,4871,2,1,36,51,1068,408,8544,5,50,45239,762,4000,12,1,0,22,NORMAL,0,0,0,2,49,0,51,987,8,0,0,0,0,0,1
50156,33,ring,4908,2,2,393,40,1072,320,8576,5,50,45248,393,4360,13,1,0,22,NORMAL,0,0,0,2,38,0,50,992,8,0,0,0,0,0,1
50101,9,ring,4691,2,2,32,11,1076,88,8608,5,50,45410,32,4559,13,1,0,22,NORMAL,0,0,0,2,9,0,48,998,8,0,0,0,0,0,1
50360,50,ring,4359,2,2,8002,86,1040,688,8320,1,50,42000,8002,0,4,1,23,0,LEADER,1,0,0,2,51,10,51,987,2,0,0,0,2,8,0
50171,1,ring,4646,2,2,277,2,1082,16,8656,5,50,45525,277,4199,13,1,0,23,NORMAL,0,0,0,2,0,0,48,1003,8,0,0,0,0,0,1
50292,30,ring,4742,2,1,48,36,1066,288,8528,5,50,45550,451,4000,12,1,0,23,NORMAL,0,0,0,2,34,0,49,986,8,0,0,0,0,0,1
50374,18,ring,4799,1,1,574,21,1075,168,8600,5,50,45575,574,3852,11,0,0,23,NORMAL,0,0,0,1,20,0,51,993,8,0,0,0,0,0,1
50027,29,ring,4399,2,1,23,32,1023,256,8184,5,50,45628,372,4000,12,1,0,23,NORMAL,0,0,0,2,30,0,44,948,8,0,0,0,0,0,1
50454,49,ring,4454,1,1,4000,54,1062,432,8496,2,50,46000,4000,0,8,1,0,23,NORMAL,0,0,0,1,50,3,51,982,6,0,0,0,0,2,0
50018,36,ring,4343,2,1,52,39,1011,312,8088,5,50,45675,325,4000,12,1,0,23,NORMAL,0,0,0,2,37,0,43,937,8,0,0,0,0,0,1
50592,3,ring,4905,1,1,944,4,1092,32,8736,5,50,45687,944,3370,11,0,0,23,NORMAL,0,0,0,1,3,0,51,1010,8,0,0,0,0,0,1
50237,21,ring,4489,1,1,397,23,1047,184,8376,5,50,45748,397,3856,11,0,0,23,NORMAL,0,0,0,1,22,0,48,968,8,0,0,0,0,0,1
50647,12,ring,4867,2,1,100,15,1081,120,8648,5,50,45780,221,4000,12,1,0,23,NORMAL,0,0,0,2,13,0,50,1000,8,0,0,0,0,0,1
50765,23,ring,4977,2,2,113,27,1069,216,8552,5,50,45788,113,4100,13,1,0,23,NORMAL,0,0,0,2,25,0,50,988,8,0,0,0,0,0,1
50631,44,ring,4818,1,1,2337,48,1067,384,8536,5,50,45813,2337,1850,11,0,0,23,NORMAL,0,0,0,1,47,0,51,985,8,0,0,0,0,0,1
50294,40,ring,4391,1,1,1309,42,1024,336,8192,5,50,45903,1309,2789,11,0,0,23,NORMAL,0,0,0,1,41,0,45,948,8,0,0,0,0,0,1
50576,35,ring,4602,1,1,213,41,1052,328,8416,5,50,45974,213,3813,11,0,0,23,NORMAL,0,0,0,1,40,0,49,972,8,0,0,0,0,0,1
50985,26,ring,4989,1,1,525,30,1071,240,8568,5,50,45996,525,3479,11,0,0,23,NORMAL,0,0,0,1,29,0,51,989,8,0,0,0,0,0,1
50794,20,ring,4797,1,1,41,23,1073,184,8584,5,50,45997,41,3962,11,0,0,23,NORMAL,0,0,0,1,22,0,51,991,8,0,0,0,0,0,1
50440,38,ring,4310,1,1,2475,40,1010,320,8080,5,50,46130,2475,1396,11,0,0,23,NORMAL,0,0,0,1,39,0,44,935,8,0,0,0,0,0,1
51121,4,ring,4978,1,1,83,5,1091,40,8728,5,50,46143,83,3774,11,0,0,23,NORMAL,0,0,0,1,4,0,51,1009,8,0,0,0,0,0,1
51052,22,ring,4871,1,1,553,25,1071,200,8568,5,50,46181,553,3266,11,0,0,23,NORMAL,0,0,0,1,24,0,51,989,8,0,0,0,0,0,1
51134,34,ring,4945,1,1,662,41,1065,328,8520,5,50,46189,662,3150,11,0,0,23,NORMAL,0,0,0,1,40,0,51,983,8,0,0,0,0,0,1
50768,41,ring,4416,1,1,1695,43,1024,344,8192,5,50,46352,1695,1954,11,0,0,23,NORMAL,0,0,0,1,42,0,45,948,8,0,0,0,0,0,1
51271,31,ring,4747,1,1,2241,37,1066,296,8528,5,50,46524,2241,1236,11,0,0,23,NORMAL,0,0,0,1,36,0,50,985,8,0,0,0,0,0,1
51188,43,ring,4613,1,0,0,47,1050,376,8400,5,50,46575,3425,0,10,0,0,23,NORMAL,0,0,0,1,46,0,50,969,8,0,0,0,0,0,1
51609,45,ring,5012,1,1,2690,49,1064,392,8512,5,50,46597,2690,713,11,0,0,23,NORMAL,0,0,0,1,48,0,51,982,8,0,0,0,0,0,1
51340,8,ring,4729,1,1,137,9,1086,72,8688,5,50,46611,137,3253,11,0,0,23,NORMAL,0,0,0,1,8,0,50,1005,8,0,0,0,0,0,1
51067,14,ring,4433,1,1,339,16,1046,128,8368,5,50,46634,339,3027,11,0,0,23,NORMAL,0,0,0,1,15,0,47,968,8,0,0,0,0,0,1
50968,25,ring,4317,1,1,1144,27,1015,216,8120,5,50,46651,1144,2205,11,0,0,23,NORMAL,0,0,0,1,26,0,44,940,8,0,0,0,0,0,1
51407,28,ring,4665,1,1,2349,32,1061,256,8488,5,50,46742,2349,910,11,0,0,23,NORMAL,0,0,0,1,31,0,49,981,8,0,0,0,0,0,1
51204,11,ring,4461,1,1,549,12,1054,96,8432,5,50,46743,549,2708,11,0,0,23,NORMAL,0,0,0,1,11,0,48,975,8,0,0,0,0,0,1
51136,47,ring,4372,1,0,0,46,1024,368,8192,5,50,46764,3237,0,10,0,0,23,NORMAL,0,0,0,1,45,0,46,947,8,0,0,0,0,0,1
51568,6,ring,4782,1,1,38,7,1089,56,8712,5,50,46786,38,3176,11,0,0,23,NORMAL,0,0,0,1,6,0,51,1007,8,0,0,0,0,0,1
51964,27,ring,5074,1,1,668,31,1065,248,8520,5,50,46890,668,2442,11,0,0,23,NORMAL,0,0,0,1,30,0,51,983,8,0,0,0,0,0,1
51746,42,ring,4844,1,0,0,48,1066,384,8528,5,50,46902,3098,0,10,0,0,23,NORMAL,0,0,0,1,47,0,52,983,8,0,0,0,0,0,1
51476,5,ring,4569,1,1,27,6,1076,48,8608,5,50,46907,27,3066,11,0,0,23,NORMAL,0,0,0,1,5,0,48,997,8,0,0,0,0,0,1
51289,17,ring,4358,1,1,702,18,1027,144,8216,5,50,46931,702,2368,11,0,0,23,NORMAL,0,0,0,1,17,0,44,952,8,0,0,0,0,0,1
51462,37,ring,4486,1,0,0,43,1051,344,8408,5,50,46976,3025,0,10,0,0,23,NORMAL,0,0,0,1,42,0,49,971,8,0,0,0,0,0,1
51898,7,ring,4786,1,1,117,8,1088,64,8704,5,50,47112,117,2772,11,0,0,23,NORMAL,0,0,0,1,7,0,51,1006,8,0,0,0,0,0,1
51938,48,ring,4801,1,0,0,51,1069,408,8552,5,50,47137,2864,0,10,0,0,23,NORMAL,0,0,0,1,50,0,52,986,8,0,0,0,0,0,1
51612,2,ring,4449,1,1,526,3,1062,24,8496,5,50,47163,526,2311,11,0,0,23,NORMAL,0,0,0,1,2,0,48,983,8,0,0,0,0,0,1
51762,19,ring,4596,1,1,705,22,1061,176,8488,5,50,47166,705,2130,11,0,0,23,NORMAL,0,0,0,1,21,0,49,981,8,0,0,0,0,0,1
51867,24,ring,4691,1,1,1857,28,1067,224,8536,5,50,47176,1857,968,11,0,0,23,NORMAL,0,0,0,1,27,0,49,987,8,0,0,0,0,0,1
51544,32,ring,4318,1,1,1943,34,1012,272,8096,5,50,47226,1943,832,11,0,0,23,NORMAL,0,0,0,1,33,0,44,937,8,0,0,0,0,0,1
51625,13,ring,4270,1,1,92,14,1016,112,8128,5,50,47355,92,2554,11,0,0,23,NORMAL,0,0,0,1,13,0,43,942,8,0,0,0,0,0,1
51976,10,ring,4595,1,1,593,12,1071,96,8568,5,50,47381,593,2027,11,0,0,23,NORMAL,0,0,0,1,11,0,49,991,8,0,0,0,0,0,1
51953,16,ring,4565,1,1,799,18,1063,144,8504,5,50,47388,799,1814,11,0,0,23,NORMAL,0,0,0,1,17,0,48,984,8,0,0,0,0,0,1
51883,39,ring,4258,1,0,0,40,1002,320,8016,5,50,47625,2376,0,10,0,0,24,NORMAL,0,0,0,1,39,0,44,926,8,0,0,0,0,0,1
51936,15,ring,4193,1,1,350,16,1004,128,8032,5,50,47743,350,1907,11,0,0,24,NORMAL,0,0,0,1,15,0,43,929,8,0,0,0,0,0,1
60110,46,ring,4871,2,1,36,51,1073,408,8584,5,50,55239,762,4000,12,1,0,27,NORMAL,0,0,0,2,49,0,51,987,8,0,0,0,0,0,1
60156,33,ring,4908,2,2,393,40,1077,320,8616,5,50,55248,393,4360,13,1,0,27,NORMAL,0,0,0,2,38,0,50,992,8,0,0,0,0,0,1
60101,9,ring,4691,2,2,32,11,1081,88,8648,5,50,55410,32,4559,13,1,0,27,NORMAL,0,0,0,2,9,0,48,998,8,0,0,0,0,0,1
60360,50,ring,4359,2,2,8002,91,1040,728,8320,1,50,52000,8002,0,4,1,28,0,LEADER,1,0,0,2,51,10,51,987,2,0,0,0,2,8,0
60171,1,ring,4646,2,2,277,2,1087,16,8696,5,50,55525,277,4199,13,1,0,28,NORMAL,0,0,0,2,0,0,48,1003,8,0,0,0,0,0,1
60292,30,ring,4742,2,1,48,36,1071,288,8568,5,50,55550,451,4000,12,1,0,28,NORMAL,0,0,0,2,34,0,49,986,8,0,0,0,0,0,1
60374,18,ring,4799,1,1,574,21,1080,168,8640,5,50,55575,574,3852,11,0,0,28,NORMAL,0,0,0,1,20,0,51,993,8,0,0,0,0,0,1
60027,29,ring,4399,2,1,23,32,1028,256,8224,5,50,55628,372,4000,12,1,0,28,NORMAL,0,0,0,2,30,0,44,948,8,0,0,0,0,0,1
60454,49,ring,4454,1,1,4000,54,1067,432,8536,2,50,56000,4000,0,8,1,0,28,NORMAL,0,0,0,1,50,3,51,982,6,0,0,0,0,2,0
60018,36,ring,4343,2,1,52,39,1016,312,8128,5,50,55675,325,4000,12,1,0,28,NORMAL,0,0,0,2,37,0,43,937,8,0,0,0,0,0,1
60592,3,ring,4905,1,1,944,4,1097,32,8776,5,50,55687,944,3370,11,0,0,28,NORMAL,0,0,0,1,3,0,51,1010,8,0,0,0,0,0,1
60237,21,ring,4489,1,1,397,23,1052,184,8416,5,50,55748,397,3856,11,0,0,28,NORMAL,0,0,0,1,22,0,48,968,8,0,0,0,0,0,1
60647,12,ring,4867,2,1,100,15,1086,120,8688,5,50,55780,221,4000,12,1,0,28,NORMAL,0,0,0,2,13,0,50,1000,8,0,0,0,0,0,1
60765,23,ring,4977,2,2,113,27,1074,216,8592,5,50,55788,113,4100,13,1,0,28,NORMAL,0,0,0,2,25,0,50,988,8,0,0,0,0,0,1
60631,44,ring,4818,1,1,2337,48,1072,384,8576,5,50,55813,2337,1850,11,0,0,28,NORMAL,0,0,0,1,47,0,51,985,8,0,0,0,0,0,1
60294,40,ring,4391,1,1,1309,42,1029,336,8232,5,50,55903,1309,2789,11,0,0,28,NORMAL,0,0,0,1,41,0,45,948,8,0,0,0,0,0,1
60576,35,ring,4602,1,1,213,41,1057,328,8456,5,50,55974,213,3813,11,0,0,28,NORMAL,0,0,0,1,40,0,49,972,8,0,0,0,0,0,1
60985,26,ring,4989,1,1,525,30,1076,240,8608,5,50,55996,525,3479,11,0,0,28,NORMAL,0,0,0,1,29,0,51,989,8,0,0,0,0,0,1
60794,20,ring,4797,1,1,41,23,1078,184,8624,5,50,55997,41,3962,11,0,0,28,NORMAL,0,0,0,1,22,0,51,991,8,0,0,0,0,0,1
60440,38,ring,4310,1,1,2475,40,1015,320,8120,5,50,56130,2475,1396,11,0,0,28,NORMAL,0,0,0,1,39,0,44,935,8,0,0,0,0,0,1
61121,4,ring,4978,1,1,83,5,1096,40,8768,5,50,56143,83,3774,11,0,0,28,NORMAL,0,0,0,1,4,0,51,1009,8,0,0,0,0,0,1
61052,22,ring,4871,1,1,553,25,1076,200,8608,5,50,56181,553,3266,11,0,0,28,NORMAL,0,0,0,1,24,0,51,989,8,0,0,0,0,0,1
61134,34,ring,4945,1,1,662,41,1070,328,8560,5,50,56189,662,3150,11,0,0,28,NORMAL,0,0,0,1,40,0,51,983,8,0,0,0,0,0,1
60768,41,ring,4416,1,1,1695,43,1029,344,8232,5,50,56352,1695,1954,11,0,0,28,NORMAL,0,0,0,1,42,0,45,948,8,0,0,0,0,0,1
61271,31,ring,4747,1,1,2241,37,1071,296,8568,5,50,56524,2241,1236,11,0,0,28,NORMAL,0,0,0,1,36,0,50,985,8,0,0,0,0,0,1
61188,43,ring,4613,1,0,0,47,1055,376,8440,5,50,56575,3425,0,10,0,0,28,NORMAL,0,0,0,1,46,0,50,969,8,0,0,0,0,0,1
61609,45,ring,5012,1,1,2690,49,1069,392,8552,5,50,56597,2690,713,11,0,0,28,NORMAL,0,0,0,1,48,0,51,982,8,0,0,0,0,0,1
61340,8,ring,4729,1,1,137,9,1091,72,8728,5,50,56611,137,3253,11,0,0,28,NORMAL,0,0,0,1,8,0,50,1005,8,0,0,0,0,0,1
61067,14,ring,4433,1,1,339,16,1051,128,8408,5,50,56634,339,3027,11,0,0,28,NORMAL,0,0,0,1,15,0,47,968,8,0,0,0,0,0,1
60968,25,ring,4317,1,1,1144,27,1020,216,8160,5,50,56651,1144,2205,11,0,0,28,NORMAL,0,0,0,1,26,0,44,940,8,0,0,0,0,0,1
61407,28,ring,4665,1,1,2349,32,1066,256,8528,5,50,56742,2349,910,11,0,0,28,NORMAL,0,0,0,1,31,0,49,981,8,0,0,0,0,0,1
61204,11,ring,4461,1,1,549,12,1059,96,8472,5,50,56743,549,2708,11,0,0,28,NORMAL,0,0,0,1,11,0,48,975,8,0,0,0,0,0,1
61136,47,ring,4372,1,0,0,46,1029,368,8232,5,50,56764,3237,0,10,0,0,28,NORMAL,0,0,0,1,45,0,46,947,8,0,0,0,0,0,1
61568,6,ring,4782,1,1,38,7,1094,56,8752,5,50,56786,38,3176,11,0,0,28,NORMAL,0,0,0,1,6,0,51,1007,8,0,0,0,0,0,1
61964,27,ring,5074,1,1,668,31,1070,248,8560,5,50,56890,668,2442,11,0,0,28,NORMAL,0,0,0,1,30,0,51,983,8,0,0,0,0,0,1
61746,42,ring,4844,1,0,0,48,1071,384,8568,5,50,56902,3098,0,10,0,0,28,NORMAL,0,0,0,1,47,0,52,983,8,0,0,0,0,0,1
61476,5,ring,4569,1,1,27,6,1081,48,8648,5,50,56907,27,3066,11,0,0,28,NORMAL,0,0,0,1,5,0,48,997,8,0,0,0,0,0,1
61289,17,ring,4358,1,1,702,18,1032,144,8256,5,50,56931,702,2368,11,0,0,28,NORMAL,0,0,0,1,17,0,44,952,8,0,0,0,0,0,1
61462,37,ring,4486,1,0,0,43,1056,344,8448,5,50,56976,3025,0,10,0,0,28,NORMAL,0,0,0,1,42,0,49,971,8,0,0,0,0,0,1
61898,7,ring,4786,1,1,117,8,1093,64,8744,5,50,57112,117,2772,11,0,0,28,NORMAL,0,0,0,1,7,0,51,1006,8,0,0,0,0,0,1
61938,48,ring,4801,1,0,0,51,1074,408,8592,5,50,57137,2864,0,10,0,0,28,NORMAL,0,0,0,1,50,0,52,986,8,0,0,0,0,0,1
61612,2,ring,4449,1,1,526,3,1067,24,8536,5,50,57163,526,2311,11,0,0,28,NORMAL,0,0,0,1,2,0,48,983,8,0,0,0,0,0,1
61762,19,ring,4596,1,1,705,22,1066,176,8528,5,50,57166,705,2130,11,0,0,28,NORMAL,0,0,0,1,21,0,49,981,8,0,0,0,0,0,1
61867,24,ring,4691,1,1,1857,28,1072,224,8576,5,50,57176,1857,968,11,0,0,28,NORMAL,0,0,0,1,27,0,49,987,8,0,0,0,0,0,1
61544,32,ring,4318,1,1,1943,34,1017,272,8136,5,50,57226,1943,832,11,0,0,28,NORMAL,0,0,0,1,33,0,44,937,8,0,0,0,0,0,1
61625,13,ring,4270,1,1,92,14,1021,112,8168,5,50,57355,92,2554,11,0,0,28,NORMAL,0,0,0,1,13,0,43,942,8,0,0,0,0,0,1
61976,10,ring,4595,1,1,593,12,1076,96,8608,5,50,57381,593,2027,11,0,0,28,NORMAL,0,0,0,1,11,0,49,991,8,0,0,0,0,0,1
61953,16,ring,4565,1,1,799,18,1068,144,8544,5,50,57388,799,1814,11,0,0,28,NORMAL,0,0,0,1,17,0,48,984,8,0,0,0,0,0,1
61883,39,ring,4258,1,0,0,40,1007,320,8056,5,50,57625,2376,0,10,0,0,29,NORMAL,0,0,0,1,39,0,44,926,8,0,0,0,0,0,1
61936,15,ring,4193,1,1,350,16,1009,128,8072,5,50,57743,350,1907,11,0,0,29,NORMAL,0,0,0,1,15,0,43,929,8,0,0,0,0,0,1
70110,46,ring,4871,2,1,36,51,1078,408,8624,5,50,65239,762,4000,12,1,0,32,NORMAL,0,0,0,2,49,0,51,987,8,0,0,0,0,0,1
70156,33,ring,4908,2,2,393,40,1082,320,8656,5,50,65248,393,4360,13,1,0,32,NORMAL,0,0,0,2,38,0,50,992,8,0,0,0,0,0,1
70101,9,ring,4691,2,2,32,11,1086,88,8688,5,50,65410,32,4559,13,1,0,32,NORMAL,0,0,0,2,9,0,48,998,8,0,0,0,0,0,1
70360,50,ring,4359,2,2,8002,96,1040,768,8320,1,50,62000,8002,0,4,1,33,0,LEADER,1,0,0,2,51,10,51,987,2,0,0,0,2,8,0
70171,1,ring,4646,2,2,277,2,1092,16,8736,5,50,65525,277,4199,13,1,0,33,NORMAL,0,0,0,2,0,0,48,1003,8,0,0,0,0,0,1
70292,30,ring,4742,2,1,48,36,1076,288,8608,5,50,65550,451,4000,12,1,0,33,NORMAL,0,0,0,2,34,0,49,986,8,0,0,0,0,0,1
70374,18,ring,4799,1,1,574,21,1085,168,8680,5,50,65575,574,3852,11,0,0,33,NORMAL,0,0,0,1,20,0,51,993,8,0,0,0,0,0,1
70027,29,ring,4399,2,1,23,32,1033,256,8264,5,50,65628,372,4000,12,1,0,33,NORMAL,0,0,0,2,30,0,44,948,8,0,0,0,0,0,1
70454,49,ring,4454,1,1,4000,54,1072,432,8576,2,50,66000,4000,0,8,1,0,33,NORMAL,0,0,0,1,50,3,51,982,6,0,0,0,0,2,0
70018,36,ring,4343,2,1,52,39,1021,312,8168,5,50,65675,325,4000,12,1,0,33,NORMAL,0,0,0,2,37,0,43,937,8,0,0,0,0,0,1
70592,3,ring,4905,1,1,944,4,1102,32,8816,5,50,65687,944,3370,11,0,0,33,NORMAL,0,0,0,1,3,0,51,1010,8,0,0,0,0,0,1
70237,21,ring,4489,1,1,397,23,1057,184,8456,5,50,65748,397,3856,11,0,0,33,NORMAL,0,0,0,1,22,0,48,968,8,0,0,0,0,0,1
70647,12,ring,4867,2,1,100,15,1091,120,8728,5,50,65780,221,4000,12,1,0,33,NORMAL,0,0,0,2,13,0,50,1000,8,0,0,0,0,0,1
70765,23,ring,4977,2,2,113,27,1079,216,8632,5,50,65788,113,4100,13,1,0,33,NORMAL,0,0,0,2,25,0,50,988,8,0,0,0,0,0,1
70631,44,ring,4818,1,1,2337,48,1077,384,8616,5,50,65813,2337,1850,11,0,0,33,NORMAL,0,0,0,1,47,0,51,985,8,0,0,0,0,0,1
70294,40,ring,4391,1,1,1309,42,1034,336,8272,5,50,65903,1309,2789,11,0,0,33,NORMAL,0,0,0,1,41,0,45,948,8,0,0,0,0,0,1
70576,35,ring,4602,1,1,213,41,1062,328,8496,5,50,65974,213,3813,11,0,0,33,NORMAL,0,0,0,1,40,0,49,972,8,0,0,0,0,0,1
70985,26,ring,4989,1,1,525,30,1081,240,8648,5,50,65996,525,3479,11,0,0,33,NORMAL,0,0,0,1,29,0,51,989,8,0,0,0,0,0,1
70794,20,ring,4797,1,1,41,23,1083,184,8664,5,50,65997,41,3962,11,0,0,33,NORMAL,0,0,0,1,22,0,51,991,8,0,0,0,0,0,1
70440,38,ring,4310,1,1,2475,40,1020,320,8160,5,50,66130,2475,1396,11,0,0,33,NORMAL,0,0,0,1,39,0,44,935,8,0,0,0,0,0,1
71121,4,ring,4978,1,1,83,5,1101,40,8808,5,50,66143,83,3774,11,0,0,33,NORMAL,0,0,0,1,4,0,51,1009,8,0,0,0,0,0,1
71052,22,ring,4871,1,1,553,25,1081,200,8648,5,50,66181,553,3266,11,0,0,33,NORMAL,0,0,0,1,24,0,51,989,8,0,0,0,0,0,1
71134,34,ring,4945,1,1,662,41,1075,328,8600,5,50,66189,662,3150,11,0,0,33,NORMAL,0,0,0,1,40,0,51,983,8,0,0,0,0,0,1
70768,41,ring,4416,1,1,1695,43,1034,344,8272,5,50,66352,1695,1954,11,0,0,33,NORMAL,0,0,0,1,42,0,45,948,8,0,0,0,0,0,1
71271,31,ring,4747,1,1,2241,37,1076,296,8608,5,50,66524,2241,1236,11,0,0,33,NORMAL,0,0,0,1,36,0,50,985,8,0,0,0,0,0,1
71188,43,ring,4613,1,0,0,47,1060,376,8480,5,50,66575,3425,0,10,0,0,33,NORMAL,0,0,0,1,46,0,50,969,8,0,0,0,0,0,1
71609,45,ring,5012,1,1,2690,49,1074,392,8592,5,50,66597,2690,713,11,0,0,33,NORMAL,0,0,0,1,48,0,51,982,8,0,0,0,0,0,1
71340,8,ring,4729,1,1,137,9,1096,72,8768,5,50,66611,137,3253,11,0,0,33,NORMAL,0,0,0,1,8,0,50,1005,8,0,0,0,0,0,1
71067,14,ring,4433,1,1,339,16,1056,128,8448,5,50,66634,339,3027,11,0,0,33,NORMAL,0,0,0,1,15,0,47,968,8,0,0,0,0,0,1
70968,25,ring,4317,1,1,1144,27,1025,216,8200,5,50,66651,1144,2205,11,0,0,33,NORMAL,0,0,0,1,26,0,44,940,8,0,0,0,0,0,1
71407,28,ring,4665,1,1,2349,32,1071,256,8568,5,50,66742,2349,910,11,0,0,33,NORMAL,0,0,0,1,31,0,49,981,8,0,0,0,0,0,1
71204,11,ring,4461,1,1,549,12,1064,96,8512,5,50,66743,549,2708,11,0,0,33,NORMAL,0,0,0,1,11,0,48,975,8,0,0,0,0,0,1
71136,47,ring,4372,1,0,0,46,1034,368,8272,5,50,66764,3237,0,10,0,0,33,NORMAL,0,0,0,1,45,0,46,947,8,0,0,0,0,0,1
71568,6,ring,4782,1,1,38,7,1099,56,8792,5,50,66786,38,3176,11,0,0,33,NORMAL,0,0,0,1,6,0,51,1007,8,0,0,0,0,0,1
71964,27,ring,5074,1,1,668,31,1075,248,8600,5,50,66890,668,2442,11,0,0,33,NORMAL,0,0,0,1,30,0,51,983,8,0,0,0,0,0,1
71746,42,ring,4844,1,0,0,48,1076,384,8608,5,50,66902,3098,0,10,0,0,33,NORMAL,0,0,0,1,47,0,52,983,8,0,0,0,0,0,1
71476,5,ring,4569,1,1,27,6,1086,48,8688,5,50,66907,27,3066,11,0,0,33,NORMAL,0,0,0,1,5,0,48,997,8,0,0,0,0,0,1
71289,17,ring,4358,1,1,702,18,1037,144,8296,5,50,66931,702,2368,11,0,0,33,NORMAL,0,0,0,1,17,0,44,952,8,0,0,0,0,0,1
71462,37,ring,4486,1,0,0,43,1061,344,8488,5,50,66976,3025,0,10,0,0,33,NORMAL,0,0,0,1,42,0,49,971,8,0,0,0,0,0,1
71898,7,ring,4786,1,1,117,8,1098,64,8784,5,50,67112,117,2772,11,0,0,33,NORMAL,0,0,0,1,7,0,51,1006,8,0,0,0,0,0,1
71938,48,ring,4801,1,0,0,51,1079,408,8632,5,50,67137,2864,0,10,0,0,33,NORMAL,0,0,0,1,50,0,52,986,8,0,0,0,0,0,1
71612,2,ring,4449,1,1,526,3,1072,24,8576,5,50,67163,526,2311,11,0,0,33,NORMAL,0,0,0,1,2,0,48,983,8,0,0,0,0,0,1
71762,19,ring,4596,1,1,705,22,1071,176,8568,5,50,67166,705,2130,11,0,0,33,NORMAL,0,0,0,1,21,0,49,981,8,0,0,0,0,0,1
71867,24,ring,4691,1,1,1857,28,1077,224,8616,5,50,67176,1857,968,11,0,0,33,NORMAL,0,0,0,1,27,0,49,987,8,0,0,0,0,0,1
71544,32,ring,4318,1,1,1943,34,1022,272,8176,5,50,67226,1943,832,11,0,0,33,NORMAL,0,0,0,1,33,0,44,937,8,0,0,0,0,0,1
71625,13,ring,4270,1,1,92,14,1026,112,8208,5,50,67355,92,2554,11,0,0,33,NORMAL,0,0,0,1,13,0,43,942,8,0,0,0,0,0,1
71976,10,ring,4595,1,1,593,12,1081,96,8648,5,50,67381,593,2027,11,0,0,33,NORMAL,0,0,0,1,11,0,49,991,8,0,0,0,0,0,1
71953,16,ring,4565,1,1,799,18,1073,144,8584,5,50,67388,799,1814,11,0,0,33,NORMAL,0,0,0,1,17,0,48,984,8,0,0,0,0,0,1
71883,39,ring,4258,1,0,0,40,1012,320,8096,5,50,67625,2376,0,10,0,0,34,NORMAL,0,0,0,1,39,0,44,926,8,0,0,0,0,0,1
71936,15,ring,4193,1,1,350,16,1014,128,8112,5,50,67743,350,1907,11,0,0,34,NORMAL,0,0,0,1,15,0,43,929,8,0,0,0,0,0,1
80110,46,ring,4871,2,1,36,51,1083,408,8664,5,50,75239,762,4000,12,1,0,37,NORMAL,0,0,0,2,49,0,51,987,8,0,0,0,0,0,1
80156,33,ring,4908,2,2,393,40,1087,320,8696,5,50,75248,393,4360,13,1,0,37,NORMAL,0,0,0,2,38,0,50,992,8,0,0,0,0,0,1
80101,9,ring,4691,2,2,32,11,1091,88,8728,5,50,75410,32,4559,13,1,0,37,NORMAL,0,0,0,2,9,0,48,998,8,0,0,0,0,0,1
80360,50,ring,4359,2,2,8002,101,1040,808,8320,1,50,72000,8002,0,4,1,38,0,LEADER,1,0,0,2,51,10,51,987,2,0,0,0,2,8,0
80171,1,ring,4646,2,2,277,2,1097,16,8776,5,50,75525,277,4199,13,1,0,38,NORMAL,0,0,0,2,0,0,48,1003,8,0,0,0,0,0,1
80292,30,ring,4742,2,1,48,36,1081,288,8648,5,50,75550,451,4000,12,1,0,38,NORMAL,0,0,0,2,34,0,49,986,8,0,0,0,0,0,1
80374,18,ring,4799,1,1,574,21,1090,168,8720,5,50,75575,574,3852,11,0,0,38,NORMAL,0,0,0,1,20,0,51,993,8,0,0,0,0,0,1
80027,29,ring,4399,2,1,23,32,1038,256,8304,5,50,75628,372,4000,12,1,0,38,NORMAL,0,0,0,2,30,0,44,948,8,0,0,0,0,0,1
80454,49,ring,4454,1,1,4000,54,1077,432,8616,2,50,76000,4000,0,8,1,0,38,NORMAL,0,0,0,1,50,3,51,982,6,0,0,0,0,2,0
80018,36,ring,4343,2,1,52,39,1026,312,8208,5,50,75675,325,4000,12,1,0,38,NORMAL,0,0,0,2,37,0,43,937,8,0,0,0,0,0,1
80592,3,ring,4905,1,1,944,4,1107,32,8856,5,50,75687,944,3370,11,0,0,38,NORMAL,0,0,0,1,3,0,51,1010,8,0,0,0,0,0,1
80237,21,ring,4489,1,1,397,23,1062,184,8496,5,50,75748,397,3856,11,0,0,38,NORMAL,0,0,0,1,22,0,48,968,8,0,0,0,0,0,1
80647,12,ring,4867,2,1,100,15,1096,120,8768,5,50,75780,221,4000,12,1,0,38,NORMAL,0,0,0,2,13,0,50,1000,8,0,0,0,0,0,1
80765,23,ring,4977,2,2,113,27,1084,216,8672,5,50,75788,113,4100,13,1,0,38,NORMAL,0,0,0,2,25,0,50,988,8,0,0,0,0,0,1
80631,44,ring,4818,1,1,2337,48,1082,384,8656,5,50,75813,2337,1850,11,0,0,38,NORMAL,0,0,0,1,47,0,51,985,8,0,0,0,0,0,1
80294,40,ring,4391,1,1,1309,42,1039,336,8312,5,50,75903,1309,2789,11,0,0,38,NORMAL,0,0,0,1,41,0,45,948,8,0,0,0,0,0,1
80576,35,ring,4602,1,1,213,41,1067,328,8536,5,50,75974,213,3813,11,0,0,38,NORMAL,0,0,0,1,40,0,49,972,8,0,0,0,0,0,1
80985,26,ring,4989,1,1,525,30,1086,240,8688,5,50,75996,525,3479,11,0,0,38,NORMAL,0,0,0,1,29,0,51,989,8,0,0,0,0,0,1
80794,20,ring,4797,1,1,41,23,1088,184,8704,5,50,75997,41,3962,11,0,0,38,NORMAL,0,0,0,1,22,0,51,991,8,0,0,0,0,0,1
80440,38,ring,4310,1,1,2475,40,1025,320,8200,5,50,76130,2475,1396,11,0,0,38,NORMAL,0,0,0,1,39,0,44,935,8,0,0,0,0,0,1
81121,4,ring,4978,1,1,83,5,1106,40,8848,5,50,76143,83,3774,11,0,0,38,NORMAL,0,0,0,1,4,0,51,1009,8,0,0,0,0,0,1
81052,22,ring,4871,1,1,553,25,1086,200,8688,5,50,76181,553,3266,11,0,0,38,NORMAL,0,0,0,1,24,0,51,989,8,0,0,0,0,0,1
81134,34,ring,4945,1,1,662,41,1080,328,8640,5,50,76189,662,3150,11,0,0,38,NORMAL,0,0,0,1,40,0,51,983,8,0,0,0,0,0,1
80768,41,ring,4416,1,1,1695,43,1039,344,8312,5,50,76352,1695,1954,11,0,0,38,NORMAL,0,0,0,1,42,0,45,948,8,0,0,0,0,0,1
81271,31,ring,4747,1,1,2241,37,1081,296,8648,5,50,76524,2241,1236,11,0,0,38,NORMAL,0,0,0,1,36,0,50,985,8,0,0,0,0,0,1
81188,43,ring,4613,1,0,0,47,1065,376,8520,5,50,76575,3425,0,10,0,0,38,NORMAL,0,0,0,1,46,0,50,969,8,0,0,0,0,0,1
81609,45,ring,5012,1,1,2690,49,1079,392,8632,5,50,76597,2690,713,11,0,0,38,NORMAL,0,0,0,1,48,0,51,982,8,0,0,0,0,0,1
81340,8,ring,4729,1,1,137,9,1101,72,8808,5,50,76611,137,3253,11,0,0,38,NORMAL,0,0,0,1,8,0,50,1005,8,0,0,0,0,0,1
81067,14,ring,4433,1,1,339,16,1061,128,8488,5,50,76634,339,3027,11,0,0,38,NORMAL,0,0,0,1,15,0,47,968,8,0,0,0,0,0,1
80968,25,ring,4317,1,1,1144,27,1030,216,8240,5,50,76651,1144,2205,11,0,0,38,NORMAL,0,0,0,1,26,0,44,940,8,0,0,0,0,0,1
81407,28,ring,4665,1,1,2349,32,1076,256,8608,5,50,76742,2349,910,11,0,0,38,NORMAL,0,0,0,1,31,0,49,981,8,0,0,0,0,0,1
81204,11,ring,4461,1,1,549,12,1069,96,8552,5,50,76743,549,2708,11,0,0,38,NORMAL,0,0,0,1,11,0,48,975,8,0,0,0,0,0,1
81136,47,ring,4372,1,0,0,46,1039,368,8312,5,50,76764,3237,0,10,0,0,38,NORMAL,0,0,0,1,45,0,46,947,8,0,0,0,0,0,1
81568,6,ring,4782,1,1,38,7,1104,56,8832,5,50,76786,38,3176,11,0,0,38,NORMAL,0,0,0,1,6,0,51,1007,8,0,0,0,0,0,1
81964,27,ring,5074,1,1,668,31,1080,248,8640,5,50,76890,668,2442,11,0,0,38,NORMAL,0,0,0,1,30,0,51,983,8,0,0,0,0,0,1
81746,42,ring,4844,1,0,0,48,1081,384,8648,5,50,76902,3098,0,10,0,0,38,NORMAL,0,0,0,1,47,0,52,983,8,0,0,0,0,0,1
81476,5,ring,4569,1,1,27,6,1091,48,8728,5,50,76907,27,3066,11,0,0,38,NORMAL,0,0,0,1,5,0,48,997,8,0,0,0,0,0,1
81289,17,ring,4358,1,1,702,18,1042,144,8336,5,50,76931,702,2368,11,0,0,38,NORMAL,0,0,0,1,17,0,44,952,8,0,0,0,0,0,1
81462,37,ring,4486,1,0,0,43,1066,344,8528,5,50,76976,3025,0,10,0,0,38,NORMAL,0,0,0,1,42,0,49,971,8,0,0,0,0,0,1
81898,7,ring,4786,1,1,117,8,1103,64,8824,5,50,77112,117,2772,11,0,0,38,NORMAL,0,0,0,1,7,0,51,1006,8,0,0,0,0,0,1
81938,48,ring,4801,1,0,0,51,1084,408,8672,5,50,77137,2864,0,10,0,0,38,NORMAL,0,0,0,1,50,0,52,986,8,0,0,0,0,0,1
81612,2,ring,4449,1,1,526,3,1077,24,8616,5,50,77163,526,2311,11,0,0,38,NORMAL,0,0,0,1,2,0,48,983,8,0,0,0,0,0,1
81762,19,ring,4596,1,1,705,22,1076,176,8608,5,50,77166,705,2130,11,0,0,38,NORMAL,0,0,0,1,21,0,49,981,8,0,0,0,0,0,1
81867,24,ring,4691,1,1,1857,28,1082,224,8656,5,50,77176,1857,968,11,0,0,38,NORMAL,0,0,0,1,27,0,49,987,8,0,0,0,0,0,1
81544,32,ring,4318,1,1,1943,34,1027,272,8216,5,50,77226,1943,832,11,0,0,38,NORMAL,0,0,0,1,33,0,44,937,8,0,0,0,0,0,1
81625,13,ring,4270,1,1,92,14,1031,112,8248,5,50,77355,92,2554,11,0,0,38,NORMAL,0,0,0,1,13,0,43,942,8,0,0,0,0,0,1
81976,10,ring,4595,1,1,593,12,1086,96,8688,5,50,77381,593,2027,11,0,0,38,NORMAL,0,0,0,1,11,0,49,991,8,0,0,0,0,0,1
81953,16,ring,4565,1,1,799,18,1078,144,8624,5,50,77388,799,1814,11,0,0,38,NORMAL,0,0,0,1,17,0,48,984,8,0,0,0,0,0,1
81883,39,ring,4258,1,0,0,40,1017,320,8136,5,50,77625,2376,0,10,0,0,39,NORMAL,0,0,0,1,39,0,44,926,8,0,0,0,0,0,1
81936,15,ring,4193,1,1,350,16,1019,128,8152,5,50,77743,350,1907,11,0,0,39,NORMAL,0,0,0,1,15,0,43,929,8,0,0,0,0,0,1
90110,46,ring,4871,2,1,36,51,1088,408,8704,5,50,85239,762,4000,12,1,0,42,NORMAL,0,0,0,2,49,0,51,987,8,0,0,0,0,0,1
90156,33,ring,4908,2,2,393,40,1092,320,8736,5,50,85248,393,4360,13,1,0,42,NORMAL,0,0,0,2,38,0,50,992,8,0,0,0,0,0,1
90101,9,ring,4691,2,2,32,11,1096,88,8768,5,50,85410,32,4559,13,1,0,42,NORMAL,0,0,0,2,9,0,48,998,8,0,0,0,0,0,1
90360,50,ring,4359,2,2,8002,106,1040,848,8320,1,50,82000,8002,0,4,1,43,0,LEADER,1,0,0,2,51,10,51,987,2,0,0,0,2,8,0
90171,1,ring,4646,2,2,277,2,1102,16,8816,5,50,85525,277,4199,13,1,0,43,NORMAL,0,0,0,2,0,0,48,1003,8,0,0,0,0,0,1
90292,30,ring,4742,2,1,48,36,1086,288,8688,5,50,85550,451,4000,12,1,0,43,NORMAL,0,0,0,2,34,0,49,986,8,0,0,0,0,0,1
90374,18,ring,4799,1,1,574,21,1095,168,8760,5,50,85575,574,3852,11,0,0,43,NORMAL,0,0,0,1,20,0,51,993,8,0,0,0,0,0,1
90027,29,ring,4399,2,1,23,32,1043,256,8344,5,50,85628,372,4000,12,1,0,43,NORMAL,0,0,0,2,30,0,44,948,8,0,0,0,0,0,1
90454,49,ring,4454,1,1,4000,54,1082,432,8656,2,50,86000,4000,0,8,1,0,43,NORMAL,0,0,0,1,50,3,51,982,6,0,0,0,0,2,0
90018,36,ring,4343,2,1,52,39,1031,312,8248,5,50,85675,325,4000,12,1,0,43,NORMAL,0,0,0,2,37,0,43,937,8,0,0,0,0,0,1
90592,3,ring,4905,1,1,944,4,1112,32,8896,5,50,85687,944,3370,11,0,0,43,NORMAL,0,0,0,1,3,0,51,1010,8,0,0,0,0,0,1
90237,21,ring,4489,1,1,397,23,1067,184,8536,5,50,85748,397,3856,11,0,0,43,NORMAL,0,0,0,1,22,0,48,968,8,0,0,0,0,0,1
90647,12,ring,4867,2,1,100,15,1101,120,8808,5,50,85780,221,4000,12,1,0,43,NORMAL,0,0,0,2,13,0,50,1000,8,0,0,0,0,0,1
90765,23,ring,4977,2,2,113,27,1089,216,8712,5,50,85788,113,4100,13,1,0,43,NORMAL,0,0,0,2,25,0,50,988,8,0,0,0,0,0,1
90631,44,ring,4818,1,1,2337,48,1087,384,8696,5,50,85813,2337,1850,11,0,0,43,NORMAL,0,0,0,1,47,0,51,985,8,0,0,0,0,0,1
90294,40,ring,4391,1,1,1309,42,1044,336,8352,5,50,85903,1309,2789,11,0,0,43,NORMAL,0,0,0,1,41,0,45,948,8,0,0,0,0,0,1
90576,35,ring,4602,1,1,213,41,1072,328,8576,5,50,85974,213,3813,11,0,0,43,NORMAL,0,0,0,1,40,0,49,972,8,0,0,0,0,0,1
90985,26,ring,4989,1,1,525,30,1091,240,8728,5,50,85996,525,3479,11,0,0,43,NORMAL,0,0,0,1,29,0,51,989,8,0,0,0,0,0,1
90794,20,ring,4797,1,1,41,23,1093,184,8744,5,50,85997,41,3962,11,0,0,43,NORMAL,0,0,0,1,22,0,51,991,8,0,0,0,0,0,1
90440,38,ring,4310,1,1,2475,40,1030,320,8240,5,50,86130,2475,1396,11,0,0,43,NORMAL,0,0,0,1,39,0,44,935,8,0,0,0,0,0,1
91121,4,ring,4978,1,1,83,5,1111,40,8888,5,50,86143,83,3774,11,0,0,43,NORMAL,0,0,0,1,4,0,51,1009,8,0,0,0,0,0,1
91052,22,ring,4871,1,1,553,25,1091,200,8728,5,50,86181,553,3266,11,0,0,43,NORMAL,0,0,0,1,24,0,51,989,8,0,0,0,0,0,1
91134,34,ring,4945,1,1,662,41,1085,328,8680,5,50,86189,662,3150,11,0,0,43,NORMAL,0,0,0,1,40,0,51,983,8,0,0,0,0,0,1
90768,41,ring,4416,1,1,1695,43,1044,344,8352,5,50,86352,1695,1954,11,0,0,43,NORMAL,0,0,0,1,42,0,45,948,8,0,0,0,0,0,1
91271,31,ring,4747,1,1,2241,37,1086,296,8688,5,50,86524,2241,1236,11,0,0,43,NORMAL,0,0,0,1,36,0,50,985,8,0,0,0,0,0,1
91188,43,ring,4613,1,0,0,47,1070,376,8560,5,50,86575,3425,0,10,0,0,43,NORMAL,0,0,0,1,46,0,50,969,8,0,0,0,0,0,1
91609,45,ring,5012,1,1,2690,49,1084,392,8672,5,50,86597,2690,713,11,0,0,43,NORMAL,0,0,0,1,48,0,51,982,8,0,0,0,0,0,1
91340,8,ring,4729,1,1,137,9,1106,72,8848,5,50,86611,137,3253,11,0,0,43,NORMAL,0,0,0,1,8,0,50,1005,8,0,0,0,0,0,1
91067,14,ring,4433,1,1,339,16,1066,128,8528,5,50,86634,339,3027,11,0,0,43,NORMAL,0,0,0,1,15,0,47,968,8,0,0,0,0,0,1
90968,25,ring,4317,1,1,1144,27,1035,216,8280,5,50,86651,1144,2205,11,0,0,43,NORMAL,0,0,0,1,26,0,44,940,8,0,0,0,0,0,1
91407,28,ring,4665,1,1,2349,32,1081,256,8648,5,50,86742,2349,910,11,0,0,43,NORMAL,0,0,0,1,31,0,49,981,8,0,0,0,0,0,1
91204,11,ring,4461,1,1,549,12,1074,96,8592,5,50,86743,549,2708,11,0,0,43,NORMAL,0,0,0,1,11,0,48,975,8,0,0,0,0,0,1
91136,47,ring,4372,1,0,0,46,1044,368,8352,5,50,86764,3237,0,10,0,0,43,NORMAL,0,0,0,1,45,0,46,947,8,0,0,0,0,0,1
91568,6,ring,4782,1,1,38,7,1109,56,8872,5,50,86786,38,3176,11,0,0,43,NORMAL,0,0,0,1,6,0,51,1007,8,0,0,0,0,0,1
91964,27,ring,5074,1,1,668,31,1085,248,8680,5,50,86890,668,2442,11,0,0,43,NORMAL,0,0,0,1,30,0,51,983,8,0,0,0,0,0,1
91746,42,ring,4844,1,0,0,48,1086,384,8688,5,50,86902,3098,0,10,0,0,43,NORMAL,0,0,0,1,47,0,52,983,8,0,0,0,0,0,1
91476,5,ring,4569,1,1,27,6,1096,48,8768,5,50,86907,27,3066,11,0,0,43,NORMAL,0,0,0,1,5,0,48,997,8,0,0,0,0,0,1
91289,17,ring,4358,1,1,702,18,1047,144,8376,5,50,86931,702,2368,11,0,0,43,NORMAL,0,0,0,1,17,0,44,952,8,0,0,0,0,0,1
91462,37,ring,4486,1,0,0,43,1071,344,8568,5,50,86976,3025,0,10,0,0,43,NORMAL,0,0,0,1,42,0,49,971,8,0,0,0,0,0,1
91898,7,ring,4786,1,1,117,8,1108,64,8864,5,50,87112,117,2772,11,0,0,43,NORMAL,0,0,0,1,7,0,51,1006,8,0,0,0,0,0,1
91938,48,ring,4801,1,0,0,51,1089,408,8712,5,50,87137,2864,0,10,0,0,43,NORMAL,0,0,0,1,50,0,52,986,8,0,0,0,0,0,1
91612,2,ring,4449,1,1,526,3,1082,24,8656,5,50,87163,526,2311,11,0,0,43,NORMAL,0,0,0,1,2,0,48,983,8,0,0,0,0,0,1
91762,19,ring,4596,1,1,705,22,1081,176,8648,5,50,87166,705,2130,11,0,0,43,NORMAL,0,0,0,1,21,0,49,981,8,0,0,0,0,0,1
91867,24,ring,4691,1,1,1857,28,1087,224,8696,5,50,87176,1857,968,11,0,0,43,NORMAL,0,0,0,1,27,0,49,987,8,0,0,0,0,0,1
91544,32,ring,4318,1,1,1943,34,1032,272,8256,5,50,87226,1943,832,11,0,0,43,NORMAL,0,0,0,1,33,0,44,937,8,0,0,0,0,0,1
91625,13,ring,4270,1,1,92,14,1036,112,8288,5,50,87355,92,2554,11,0,0,43,NORMAL,0,0,0,1,13,0,43,942,8,0,0,0,0,0,1
91976,10,ring,4595,1,1,593,12,1091,96,8728,5,50,87381,593,2027,11,0,0,43,NORMAL,0,0,0,1,11,0,49,991,8,0,0,0,0,0,1
91953,16,ring,4565,1,1,799,18,1083,144,8664,5,50,87388,799,1814,11,0,0,43,NORMAL,0,0,0,1,17,0,48,984,8,0,0,0,0,0,1
91883,39,ring,4258,1,0,0,40,1022,320,8176,5,50,87625,2376,0,10,0,0,44,NORMAL,0,0,0,1,39,0,44,926,8,0,0,0,0,0,1
91936,15,ring,4193,1,1,350,16,1024,128,8192,5,50,87743,350,1907,11,0,0,44,NORMAL,0,0,0,1,15,0,43,929,8,0,0,0,0,0,1
100110,46,ring,4871,2,1,36,51,1093,408,8744,5,50,95239,762,4000,12,1,0,47,NORMAL,0,0,0,2,49,0,51,987,8,0,0,0,0,0,1
100156,33,ring,4908,2,2,393,40,1097,320,8776,5,50,95248,393,4360,13,1,0,47,NORMAL,0,0,0,2,38,0,50,992,8,0,0,0,0,0,1
100101,9,ring,4691,2,2,32,11,1101,88,8808,5,50,95410,32,4559,13,1,0,47,NORMAL,0,0,0,2,9,0,48,998,8,0,0,0,0,0,1
100360,50,ring,4359,2,2,8002,111,1040,888,8320,1,50,92000,8002,0,4,1,48,0,LEADER,1,0,0,2,51,10,51,987,2,0,0,0,2,8,0
100171,1,ring,4646,2,2,277,2,1107,16,8856,5,50,95525,277,4199,13,1,0,48,NORMAL,0,0,0,2,0,0,48,1003,8,0,0,0,0,0,1
100292,30,ring,4742,2,1,48,36,1091,288,8728,5,50,95550,451,4000,12,1,0,48,NORMAL,0,0,0,2,34,0,49,986,8,0,0,0,0,0,1
100374,18,ring,4799,1,1,574,21,1100,168,8800,5,50,95575,574,3852,11,0,0,48,NORMAL,0,0,0,1,20,0,51,993,8,0,0,0,0,0,1
100027,29,ring,4399,2,1,23,32,1048,256,8384,5,50,95628,372,4000,12,1,0,48,NORMAL,0,0,0,2,30,0,44,948,8,0,0,0,0,0,1
100454,49,ring,4454,1,1,4000,54,1087,432,8696,2,50,96000,4000,0,8,1,0,48,NORMAL,0,0,0,1,50,3,51,982,6,0,0,0,0,2,0
100018,36,ring,4343,2,1,52,39,1036,312,8288,5,50,95675,325,4000,12,1,0,48,NORMAL,0,0,0,2,37,0,43,937,8,0,0,0,0,0,1
100592,3,ring,4905,1,1,944,4,1117,32,8936,5,50,95687,944,3370,11,0,0,48,NORMAL,0,0,0,1,3,0,51,1010,8,0,0,0,0,0,1
100237,21,ring,4489,1,1,397,23,1072,184,8576,5,50,95748,397,3856,11,0,0,48,NORMAL,0,0,0,1,22,0,48,968,8,0,0,0,0,0,1
100647,12,ring,4867,2,1,100,15,1106,120,8848,5,50,95780,221,4000,12,1,0,48,NORMAL,0,0,0,2,13,0,50,1000,8,0,0,0,0,0,1
100765,23,ring,4977,2,2,113,27,1094,216,8752,5,50,95788,113,4100,13,1,0,48,NORMAL,0,0,0,2,25,0,50,988,8,0,0,0,0,0,1
100631,44,ring,4818,1,1,2337,48,1092,384,8736,5,50,95813,2337,1850,11,0,0,48,NORMAL,0,0,0,1,47,0,51,985,8,0,0,0,0,0,1
100294,40,ring,4391,1,1,1309,42,1049,336,8392,5,50,95903,1309,2789,11,0,0,48,NORMAL,0,0,0,1,41,0,45,948,8,0,0,0,0,0,1
100576,35,ring,4602,1,1,213,41,1077,328,8616,5,50,95974,213,3813,11,0,0,48,NORMAL,0,0,0,1,40,0,49,972,8,0,0,0,0,0,1
100985,26,ring,4989,1,1,525,30,1096,240,8768,5,50,95996,525,3479,11,0,0,48,NORMAL,0,0,0,1,29,0,51,989,8,0,0,0,0,0,1
100794,20,ring,4797,1,1,41,23,1098,184,8784,5,50,95997,41,3962,11,0,0,48,NORMAL,0,0,0,1,22,0,51,991,8,0,0,0,0,0,1
100440,38,ring,4310,1,1,2475,40,1035,320,8280,5,50,96130,2475,1396,11,0,0,48,NORMAL,0,0,0,1,39,0,44,935,8,0,0,0,0,0,1
101121,4,ring,4978,1,1,83,5,1116,40,8928,5,50,96143,83,3774,11,0,0,48,NORMAL,0,0,0,1,4,0,51,1009,8,0,0,0,0,0,1
101052,22,ring,4871,1,1,553,25,1096,200,8768,5,50,96181,553,3266,11,0,0,48,NORMAL,0,0,0,1,24,0,51,989,8,0,0,0,0,0,1
101134,34,ring,4945,1,1,662,41,1090,328,8720,5,50,96189,662,3150,11,0,0,48,NORMAL,0,0,0,1,40,0,51,983,8,0,0,0,0,0,1
100768,41,ring,4416,1,1,1695,43,1049,344,8392,5,50,96352,1695,1954,11,0,0,48,NORMAL,0,0,0,1,42,0,45,948,8,0,0,0,0,0,1
101271,31,ring,4747,1,1,2241,37,1091,296,8728,5,50,96524,2241,1236,11,0,0,48,NORMAL,0,0,0,1,36,0,50,985,8,0,0,0,0,0,1
101188,43,ring,4613,1,0,0,47,1075,376,8600,5,50,96575,3425,0,10,0,0,48,NORMAL,0,0,0,1,46,0,50,969,8,0,0,0,0,0,1
101609,45,ring,5012,1,1,2690,49,1089,392,8712,5,50,96597,2690,713,11,0,0,48,NORMAL,0,0,0,1,48,0,51,982,8,0,0,0,0,0,1
101340,8,ring,4729,1,1,137,9,1111,72,8888,5,50,96611,137,3253,11,0,0,48,NORMAL,0,0,0,1,8,0,50,1005,8,0,0,0,0,0,1
101067,14,ring,4433,1,1,339,16,1071,128,8568,5,50,96634,339,3027,11,0,0,48,NORMAL,0,0,0,1,15,0,47,968,8,0,0,0,0,0,1
100968,25,ring,4317,1,1,1144,27,1040,216,8320,5,50,96651,1144,2205,11,0,0,48,NORMAL,0,0,0,1,26,0,44,940,8,0,0,0,0,0,1
101407,28,ring,4665,1,1,2349,32,1086,256,8688,5,50,96742,2349,910,11,0,0,48,NORMAL,0,0,0,1,31,0,49,981,8,0,0,0,0,0,1
101204,11,ring,4461,1,1,549,12,1079,96,8632,5,50,96743,549,2708,11,0,0,48,NORMAL,0,0,0,1,11,0,48,975,8,0,0,0,0,0,1
101136,47,ring,4372,1,0,0,46,1049,368,8392,5,50,96764,3237,0,10,0,0,48,NORMAL,0,0,0,1,45,0,46,947,8,0,0,0,0,0,1
101568,6,ring,4782,1,1,38,7,1114,56,8912,5,50,96786,38,3176,11,0,0,48,NORMAL,0,0,0,1,6,0,51,1007,8,0,0,0,0,0,1
101964,27,ring,5074,1,1,668,31,1090,248,8720,5,50,96890,668,2442,11,0,0,48,NORMAL,0,0,0,1,30,0,51,983,8,0,0,0,0,0,1
101746,42,ring,4844,1,0,0,48,1091,384,8728,5,50,96902,3098,0,10,0,0,48,NORMAL,0,0,0,1,47,0,52,983,8,0,0,0,0,0,1
101476,5,ring,4569,1,1,27,6,1101,48,8808,5,50,96907,27,3066,11,0,0,48,NORMAL,0,0,0,1,5,0,48,997,8,0,0,0,0,0,1
101289,17,ring,4358,1,1,702,18,1052,144,8416,5,50,96931,702,2368,11,0,0,48,NORMAL,0,0,0,1,17,0,44,952,8,0,0,0,0,0,1
101462,37,ring,4486,1,0,0,43,1076,344,8608,5,50,96976,3025,0,10,0,0,48,NORMAL,0,0,0,1,42,0,49,971,8,0,0,0,0,0,1
101898,7,ring,4786,1,1,117,8,1113,64,8904,5,50,97112,117,2772,11,0,0,48,NORMAL,0,0,0,1,7,0,51,1006,8,0,0,0,0,0,1
101938,48,ring,4801,1,0,0,51,1094,408,8752,5,50,97137,2864,0,10,0,0,48,NORMAL,0,0,0,1,50,0,52,986,8,0,0,0,0,0,1
101612,2,ring,4449,1,1,526,3,1087,24,8696,5,50,97163,526,2311,11,0,0,48,NORMAL,0,0,0,1,2,0,48,983,8,0,0,0,0,0,1
101762,19,ring,4596,1,1,705,22,1086,176,8688,5,50,97166,705,2130,11,0,0,48,NORMAL,0,0,0,1,21,0,49,981,8,0,0,0,0,0,1
101867,24,ring,4691,1,1,1857,28,1092,224,8736,5,50,97176,1857,968,11,0,0,48,NORMAL,0,0,0,1,27,0,49,987,8,0,0,0,0,0,1
101544,32,ring,4318,1,1,1943,34,1037,272,8296,5,50,97226,1943,832,11,0,0,48,NORMAL,0,0,0,1,33,0,44,937,8,0,0,0,0,0,1
101625,13,ring,4270,1,1,92,14,1041,112,8328,5,50,97355,92,2554,11,0,0,48,NORMAL,0,0,0,1,13,0,43,942,8,0,0,0,0,0,1
101976,10,ring,4595,1,1,593,12,1096,96,8768,5,50,97381,593,2027,11,0,0,48,NORMAL,0,0,0,1,11,0,49,991,8,0,0,0,0,0,1
101953,16,ring,4565,1,1,799,18,1088,144,8704,5,50,97388,799,1814,11,0,0,48,NORMAL,0,0,0,1,17,0,48,984,8,0,0,0,0,0,1
101883,39,ring,4258,1,0,0,40,1027,320,8216,5,50,97625,2376,0,10,0,0,49,NORMAL,0,0,0,1,39,0,44,926,8,0,0,0,0,0,1
101936,15,ring,4193,1,1,350,16,1029,128,8232,5,50,97743,350,1907,11,0,0,49,NORMAL,0,0,0,1,15,0,43,929,8,0,0,0,0,0,1
110110,46,ring,4871,2,1,36,51,1098,408,8784,5,50,105239,762,4000,12,1,0,52,NORMAL,0,0,0,2,49,0,51,987,8,0,0,0,0,0,1
110156,33,ring,4908,2,2,393,40,1102,320,8816,5,50,105248,393,4360,13,1,0,52,NORMAL,0,0,0,2,38,0,50,992,8,0,0,0,0,0,1
110101,9,ring,4691,2,2,32,11,1106,88,8848,5,50,105410,32,4559,13,1,0,52,NORMAL,0,0,0,2,9,0,48,998,8,0,0,0,0,0,1
110360,50,ring,4359,2,2,8002,116,1040,928,8320,1,50,102000,8002,0,4,1,53,0,LEADER,1,0,0,2,51,10,51,987,2,0,0,0,2,8,0
110171,1,ring,4646,2,2,277,2,1112,16,8896,5,50,105525,277,4199,13,1,0,53,NORMAL,0,0,0,2,0,0,48,1003,8,0,0,0,0,0,1
110292,30,ring,4742,2,1,48,36,1096,288,8768,5,50,105550,451,4000,12,1,0,53,NORMAL,0,0,0,2,34,0,49,986,8,0,0,0,0,0,1
110374,18,ring,4799,1,1,574,21,1105,168,8840,5,50,105575,574,3852,11,0,0,53,NORMAL,0,0,0,1,20,0,51,993,8,0,0,0,0,0,1
110027,29,ring,4399,2,1,23,32,1053,256,8424,5,50,105628,372,4000,12,1,0,53,NORMAL,0,0,0,2,30,0,44,948,8,0,0,0,0,0,1
110454,49,ring,4454,1,1,4000,54,1092,432,8736,2,50,106000,4000,0,8,1,0,53,NORMAL,0,0,0,1,50,3,51,982,6,0,0,0,0,2,0
110018,36,ring,4343,2,1,52,39,1041,312,8328,5,50,105675,325,4000,12,1,0,53,NORMAL,0,0,0,2,37,0,43,937,8,0,0,0,0,0,1
110592,3,ring,4905,1,1,944,4,1122,32,8976,5,50,105687,944,3370,11,0,0,53,NORMAL,0,0,0,1,3,0,51,1010,8,0,0,0,0,0,1
110237,21,ring,4489,1,1,397,23,1077,184,8616,5,50,105748,397,3856,11,0,0,53,NORMAL,0,0,0,1,22,0,48,968,8,0,0,0,0,0,1
110647,12,ring,4867,2,1,100,15,1111,120,8888,5,50,105780,221,4000,12,1,0,53,NORMAL,0,0,0,2,13,0,50,1000,8,0,0,0,0,0,1
110765,23,ring,4977,2,2,113,27,1099,216,8792,5,50,105788,113,4100,13,1,0,53,NORMAL,0,0,0,2,25,0,50,988,8,0,0,0,0,0,1
110631,44,ring,4818,1,1,2337,48,1097,384,8776,5,50,105813,2337,1850,11,0,0,53,NORMAL,0,0,0,1,47,0,51,985,8,0,0,0,0,0,1
110294,40,ring,4391,1,1,1309,42,1054,336,8432,5,50,105903,1309,2789,11,0,0,53,NORMAL,0,0,0,1,41,0,45,948,8,0,0,0,0,0,1
110576,35,ring,4602,1,1,213,41,1082,328,8656,5,50,105974,213,3813,11,0,0,53,NORMAL,0,0,0,1,40,0,49,972,8,0,0,0,0,0,1
110985,26,ring,4989,1,1,525,30,1101,240,8808,5,50,105996,525,3479,11,0,0,53,NORMAL,0,0,0,1,29,0,51,989,8,0,0,0,0,0,1
110794,20,ring,4797,1,1,41,23,1103,184,8824,5,50,105997,41,3962,11,0,0,53,NORMAL,0,0,0,1,22,0,51,991,8,0,0,0,0,0,1
110440,38,ring,4310,1,1,2475,40,1040,320,8320,5,50,106130,2475,1396,11,0,0,53,NORMAL,0,0,0,1,39,0,44,935,8,0,0,0,0,0,1
111121,4,ring,4978,1,1,83,5,1121,40,8968,5,50,106143,83,3774,11,0,0,53,NORMAL,0,0,0,1,4,0,51,1009,8,0,0,0,0,0,1
111052,22,ring,4871,1,1,553,25,1101,200,8808,5,50,106181,553,3266,11,0,0,53,NORMAL,0,0,0,1,24,0,51,989,8,0,0,0,0,0,1
111134,34,ring,4945,1,1,662,41,1095,328,8760,5,50,106189,662,3150,11,0,0,53,NORMAL,0,0,0,1,40,0,51,983,8,0,0,0,0,0,1
110768,41,ring,4416,1,1,1695,43,1054,344,8432,5,50,106352,1695,1954,11,0,0,53,NORMAL,0,0,0,1,42,0,45,948,8,0,0,0,0,0,1
111271,31,ring,4747,1,1,2241,37,1096,296,8768,5,50,106524,2241,1236,11,0,0,53,NORMAL,0,0,0,1,36,0,50,985,8,0,0,0,0,0,1
111188,43,ring,4613,1,0,0,47,1080,376,8640,5,50,106575,3425,0,10,0,0,53,NORMAL,0,0,0,1,46,0,50,969,8,0,0,0,0,0,1
111609,45,ring,5012,1,1,2690,49,1094,392,8752,5,50,106597,2690,713,11,0,0,53,NORMAL,0,0,0,1,48,0,51,982,8,0,0,0,0,0,1
111340,8,ring,4729,1,1,137,9,1116,72,8928,5,50,106611,137,3253,11,0,0,53,NORMAL,0,0,0,1,8,0,50,1005,8,0,0,0,0,0,1
111067,14,ring,4433,1,1,339,16,1076,128,8608,5,50,106634,339,3027,11,0,0,53,NORMAL,0,0,0,1,15,0,47,968,8,0,0,0,0,0,1
110968,25,ring,4317,1,1,1144,27,1045,216,8360,5,50,106651,1144,2205,11,0,0,53,NORMAL,0,0,0,1,26,0,44,940,8,0,0,0,0,0,1
111407,28,ring,4665,1,1,2349,32,1091,256,8728,5,50,106742,2349,910,11,0,0,53,NORMAL,0,0,0,1,31,0,49,981,8,0,0,0,0,0,1
111204,11,ring,4461,1,1,549,12,1084,96,8672,5,50,106743,549,2708,11,0,0,53,NORMAL,0,0,0,1,11,0,48,975,8,0,0,0,0,0,1
111136,47,ring,4372,1,0,0,46,1054,368,8432,5,50,106764,3237,0,10,0,0,53,NORMAL,0,0,0,1,45,0,46,947,8,0,0,0,0,0,1
111568,6,ring,4782,1,1,38,7,1119,56,8952,5,50,106786,38,3176,11,0,0,53,NORMAL,0,0,0,1,6,0,51,1007,8,0,0,0,0,0,1
111964,27,ring,5074,1,1,668,31,1095,248,8760,5,50,106890,668,2442,11,0,0,53,NORMAL,0,0,0,1,30,0,51,983,8,0,0,0,0,0,1
111746,42,ring,4844,1,0,0,48,1096,384,8768,5,50,106902,3098,0,10,0,0,53,NORMAL,0,0,0,1,47,0,52,983,8,0,0,0,0,0,1
111476,5,ring,4569,1,1,27,6,1106,48,8848,5,50,106907,27,3066,11,0,0,53,NORMAL,0,0,0,1,5,0,48,997,8,0,0,0,0,0,1
111289,17,ring,4358,1,1,702,18,1057,144,8456,5,50,106931,702,2368,11,0,0,53,NORMAL,0,0,0,1,17,0,44,952,8,0,0,0,0,0,1
111462,37,ring,4486,1,0,0,43,1081,344,8648,5,50,106976,3025,0,10,0,0,53,NORMAL,0,0,0,1,42,0,49,971,8,0,0,0,0,0,1
111898,7,ring,4786,1,1,117,8,1118,64,8944,5,50,107112,117,2772,11,0,0,53,NORMAL,0,0,0,1,7,0,51,1006,8,0,0,0,0,0,1
111938,48,ring,4801,1,0,0,51,1099,408,8792,5,50,107137,2864,0,10,0,0,53,NORMAL,0,0,0,1,50,0,52,986,8,0,0,0,0,0,1
111612,2,ring,4449,1,1,526,3,1092,24,8736,5,50,107163,526,2311,11,0,0,53,NORMAL,0,0,0,1,2,0,48,983,8,0,0,0,0,0,1
111762,19,ring,4596,1,1,705,22,1091,176,8728,5,50,107166,705,2130,11,0,0,53,NORMAL,0,0,0,1,21,0,49,981,8,0,0,0,0,0,1
111867,24,ring,4691,1,1,1857,28,1097,224,8776,5,50,107176,1857,968,11,0,0,53,NORMAL,0,0,0,1,27,0,49,987,8,0,0,0,0,0,1
111544,32,ring,4318,1,1,1943,34,1042,272,8336,5,50,107226,1943,832,11,0,0,53,NORMAL,0,0,0,1,33,0,44,937,8,0,0,0,0,0,1
111625,13,ring,4270,1,1,92,14,1046,112,8368,5,50,107355,92,2554,11,0,0,53,NORMAL,0,0,0,1,13,0,43,942,8,0,0,0,0,0,1
111976,10,ring,4595,1,1,593,12,1101,96,8808,5,50,107381,593,2027,11,0,0,53,NORMAL,0,0,0,1,11,0,49,991,8,0,0,0,0,0,1
111953,16,ring,4565,1,1,799,18,1093,144,8744,5,50,107388,799,1814,11,0,0,53,NORMAL,0,0,0,1,17,0,48,984,8,0,0,0,0,0,1
111883,39,ring,4258,1,0,0,40,1032,320,8256,5,50,107625,2376,0,10,0,0,54,NORMAL,0,0,0,1,39,0,44,926,8,0,0,0,0,0,1
111936,15,ring,4193,1,1,350,16,1034,128,8272,5,50,107743,350,1907,11,0,0,54,NORMAL,0,0,0,1,15,0,43,929,8,0,0,0,0,0,1
120110,46,ring,4871,2,1,36,51,1103,408,8824,5,50,115239,762,4000,12,1,0,57,NORMAL,0,0,0,2,49,0,51,987,8,0,0,0,0,0,1
120156,33,ring,4908,2,2,393,40,1107,320,8856,5,50,115248,393,4360,13,1,0,57,NORMAL,0,0,0,2,38,0,50,992,8,0,0,0,0,0,1
120101,9,ring,4691,2,2,32,11,1111,88,8888,5,50,115410,32,4559,13,1,0,57,NORMAL,0,0,0,2,9,0,48,998,8,0,0,0,0,0,1
120360,50,ring,4359,2,2,8002,121,1040,968,8320,1,50,112000,8002,0,4,1,58,0,LEADER,1,0,0,2,51,10,51,987,2,0,0,0,2,8,0
120171,1,ring,4646,2,2,277,2,1117,16,8936,5,50,115525,277,4199,13,1,0,58,NORMAL,0,0,0,2,0,0,48,1003,8,0,0,0,0,0,1
120292,30,ring,4742,2,1,48,36,1101,288,8808,5,50,115550,451,4000,12,1,0,58,NORMAL,0,0,0,2,34,0,49,986,8,0,0,0,0,0,1
120374,18,ring,4799,1,1,574,21,1110,168,8880,5,50,115575,574,3852,11,0,0,58,NORMAL,0,0,0,1,20,0,51,993,8,0,0,0,0,0,1
120027,29,ring,4399,2,1,23,32,1058,256,8464,5,50,115628,372,4000,12,1,0,58,NORMAL,0,0,0,2,30,0,44,948,8,0,0,0,0,0,1
120454,49,ring,4454,1,1,4000,54,1097,432,8776,2,50,116000,4000,0,8,1,0,58,NORMAL,0,0,0,1,50,3,51,982,6,0,0,0,0,2,0
120018,36,ring,4343,2,1,52,39,1046,312,8368,5,50,115675,325,4000,12,1,0,58,NORMAL,0,0,0,2,37,0,43,937,8,0,0,0,0,0,1
120592,3,ring,4905,1,1,944,4,1127,32,9016,5,50,115687,944,3370,11,0,0,58,NORMAL,0,0,0,1,3,0,51,1010,8,0,0,0,0,0,1
120237,21,ring,4489,1,1,397,23,1082,184,8656,5,50,115748,397,3856,11,0,0,58,NORMAL,0,0,0,1,22,0,48,968,8,0,0,0,0,0,1
120647,12,ring,4867,2,1,100,15,1116,120,8928,5,50,115780,221,4000,12,1,0,58,NORMAL,0,0,0,2,13,0,50,1000,8,0,0,0,0,0,1
120765,23,ring,4977,2,2,113,27,1104,216,8832,5,50,115788,113,4100,13,1,0,58,NORMAL,0,0,0,2,25,0,50,988,8,0,0,0,0,0,1
120631,44,ring,4818,1,1,2337,48,1102,384,8816,5,50,115813,2337,1850,11,0,0,58,NORMAL,0,0,0,1,47,0,51,985,8,0,0,0,0,0,1
120294,40,ring,4391,1,1,1309,42,1059,336,8472,5,50,115903,1309,2789,11,0,0,58,NORMAL,0,0,0,1,41,0,45,948,8,0,0,0,0,0,1
120576,35,ring,4602,1,1,213,41,1087,328,8696,5,50,115974,213,3813,11,0,0,58,NORMAL,0,0,0,1,40,0,49,972,8,0,0,0,0,0,1
120985,26,ring,4989,1,1,525,30,1106,240,8848,5,50,115996,525,3479,11,0,0,58,NORMAL,0,0,0,1,29,0,51,989,8,0,0,0,0,0,1
120794,20,ring,4797,1,1,41,23,1108,184,8864,5,50,115997,41,3962,11,0,0,58,NORMAL,0,0,0,1,22,0,51,991,8,0,0,0,0,0,1
120440,38,ring,4310,1,1,2475,40,1045,320,8360,5,50,116130,2475,1396,11,0,0,58,NORMAL,0,0,0,1,39,0,44,935,8,0,0,0,0,0,1
121121,4,ring,4978,1,1,83,5,1126,40,9008,5,50,116143,83,3774,11,0,0,58,NORMAL,0,0,0,1,4,0,51,1009,8,0,0,0,0,0,1
121052,22,ring,4871,1,1,553,25,1106,200,8848,5,50,116181,553,3266,11,0,0,58,NORMAL,0,0,0,1,24,0,51,989,8,0,0,0,0,0,1
121134,34,ring,4945,1,1,662,41,1100,328,8800,5,50,116189,662,3150,11,0,0,58,NORMAL,0,0,0,1,40,0,51,983,8,0,0,0,0,0,1
120768,41,ring,4416,1,1,1695,43,1059,344,8472,5,50,116352,1695,1954,11,0,0,58,NORMAL,0,0,0,1,42,0,45,948,8,0,0,0,0,0,1
121271,31,ring,4747,1,1,2241,37,1101,296,8808,5,50,116524,2241,1236,11,0,0,58,NORMAL,0,0,0,1,36,0,50,985,8,0,0,0,0,0,1
121188,43,ring,4613,1,0,0,47,1085,376,8680,5,50,116575,3425,0,10,0,0,58,NORMAL,0,0,0,1,46,0,50,969,8,0,0,0,0,0,1
121609,45,ring,5012,1,1,2690,49,1099,392,8792,5,50,116597,2690,713,11,0,0,58,NORMAL,0,0,0,1,48,0,51,982,8,0,0,0,0,0,1
121340,8,ring,4729,1,1,137,9,1121,72,8968,5,50,116611,137,3253,11,0,0,58,NORMAL,0,0,0,1,8,0,50,1005,8,0,0,0,0,0,1
121067,14,ring,4433,1,1,339,16,1081,128,8648,5,50,116634,339,3027,11,0,0,58,NORMAL,0,0,0,1,15,0,47,968,8,0,0,0,0,0,1
120968,25,ring,4317,1,1,1144,27,1050,216,8400,5,50,116651,1144,2205,11,0,0,58,NORMAL,0,0,0,1,26,0,44,940,8,0,0,0,0,0,1
121407,28,ring,4665,1,1,2349,32,1096,256,8768,5,50,116742,2349,910,11,0,0,58,NORMAL,0,0,0,1,31,0,49,981,8,0,0,0,0,0,1
121204,11,ring,4461,1,1,549,12,1089,96,8712,5,50,116743,549,2708,11,0,0,58,NORMAL,0,0,0,1,11,0,48,975,8,0,0,0,0,0,1
121136,47,ring,4372,1,0,0,46,1059,368,8472,5,50,116764,3237,0,10,0,0,58,NORMAL,0,0,0,1,45,0,46,947,8,0,0,0,0,0,1
121568,6,ring,4782,1,1,38,7,1124,56,8992,5,50,116786,38,3176,11,0,0,58,NORMAL,0,0,0,1,6,0,51,1007,8,0,0,0,0,0,1
121964,27,ring,5074,1,1,668,31,1100,248,8800,5,50,116890,668,2442,11,0,0,58,NORMAL,0,0,0,1,30,0,51,983,8,0,0,0,0,0,1
121746,42,ring,4844,1,0,0,48,1101,384,8808,5,50,116902,3098,0,10,0,0,58,NORMAL,0,0,0,1,47,0,52,983,8,0,0,0,0,0,1
121476,5,ring,4569,1,1,27,6,1111,48,8888,5,50,116907,27,3066,11,0,0,58,NORMAL,0,0,0,1,5,0,48,997,8,0,0,0,0,0,1
121289,17,ring,4358,1,1,702,18,1062,144,8496,5,50,116931,702,2368,11,0,0,58,NORMAL,0,0,0,1,17,0,44,952,8,0,0,0,0,0,1
121462,37,ring,4486,1,0,0,43,1086,344,8688,5,50,116976,3025,0,10,0,0,58,NORMAL,0,0,0,1,42,0,49,971,8,0,0,0,0,0,1
121898,7,ring,4786,1,1,117,8,1123,64,8984,5,50,117112,117,2772,11,0,0,58,NORMAL,0,0,0,1,7,0,51,1006,8,0,0,0,0,0,1
121938,48,ring,4801,1,0,0,51,1104,408,8832,5,50,117137,2864,0,10,0,0,58,NORMAL,0,0,0,1,50,0,52,986,8,0,0,0,0,0,1
121612,2,ring,4449,1,1,526,3,1097,24,8776,5,50,117163,526,2311,11,0,0,58,NORMAL,0,0,0,1,2,0,48,983,8,0,0,0,0,0,1
121762,19,ring,4596,1,1,705,22,1096,176,8768,5,50,117166,705,2130,11,0,0,58,NORMAL,0,0,0,1,21,0,49,981,8,0,0,0,0,0,1
121867,24,ring,4691,1,1,1857,28,1102,224,8816,5,50,117176,1857,968,11,0,0,58,NORMAL,0,0,0,1,27,0,49,987,8,0,0,0,0,0,1
121544,32,ring,4318,1,1,1943,34,1047,272,8376,5,50,117226,1943,832,11,0,0,58,NORMAL,0,0,0,1,33,0,44,937,8,0,0,0,0,0,1
121625,13,ring,4270,1,1,92,14,1051,112,8408,5,50,117355,92,2554,11,0,0,58,NORMAL,0,0,0,1,13,0,43,942,8,0,0,0,0,0,1
121976,10,ring,4595,1,1,593,12,1106,96,8848,5,50,117381,593,2027,11,0,0,58,NORMAL,0,0,0,1,11,0,49,991,8,0,0,0,0,0,1
121953,16,ring,4565,1,1,799,18,1098,144,8784,5,50,117388,799,1814,11,0,0,58,NORMAL,0,0,0,1,17,0,48,984,8,0,0,0,0,0,1
121883,39,ring,4258,1,0,0,40,1037,320,8296,5,50,117625,2376,0,10,0,0,59,NORMAL,0,0,0,1,39,0,44,926,8,0,0,0,0,0,1
121936,15,ring,4193,1,1,350,16,1039,128,8312,5,50,117743,350,1907,11,0,0,59,NORMAL,0,0,0,1,15,0,43,929,8,0,0,0,0,0,1
130110,46,ring,4871,2,1,36,51,1108,408,8864,5,50,125239,762,4000,12,1,0,62,NORMAL,0,0,0,2,49,0,51,987,8,0,0,0,0,0,1
130156,33,ring,4908,2,2,393,40,1112,320,8896,5,50,125248,393,4360,13,1,0,62,NORMAL,0,0,0,2,38,0,50,992,8,0,0,0,0,0,1
130101,9,ring,4691,2,2,32,11,1116,88,8928,5,50,125410,32,4559,13,1,0,62,NORMAL,0,0,0,2,9,0,48,998,8,0,0,0,0,0,1
130360,50,ring,4359,2,2,8002,126,1040,1008,8320,1,50,122000,8002,0,4,1,63,0,LEADER,1,0,0,2,51,10,51,987,2,0,0,0,2,8,0
130171,1,ring,4646,2,2,277,2,1122,16,8976,5,50,125525,277,4199,13,1,0,63,NORMAL,0,0,0,2,0,0,48,1003,8,0,0,0,0,0,1
130292,30,ring,4742,2,1,48,36,1106,288,8848,5,50,125550,451,4000,12,1,0,63,NORMAL,0,0,0,2,34,0,49,986,8,0,0,0,0,0,1
130374,18,ring,4799,1,1,574,21,1115,168,8920,5,50,125575,574,3852,11,0,0,63,NORMAL,0,0,0,1,20,0,51,993,8,0,0,0,0,0,1
130027,29,ring,4399,2,1,23,32,1063,256,8504,5,50,125628,372,4000,12,1,0,63,NORMAL,0,0,0,2,30,0,44,948,8,0,0,0,0,0,1
130454,49,ring,4454,1,1,4000,54,1102,432,8816,2,50,126000,4000,0,8,1,0,63,NORMAL,0,0,0,1,50,3,51,982,6,0,0,0,0,2,0
130018,36,ring,4343,2,1,52,39,1051,312,8408,5,50,125675,325,4000,12,1,0,63,NORMAL,0,0,0,2,37,0,43,937,8,0,0,0,0,0,1
130592,3,ring,4905,1,1,944,4,1132,32,9056,5,50,125687,944,3370,11,0,0,63,NORMAL,0,0,0,1,3,0,51,1010,8,0,0,0,0,0,1
130237,21,ring,4489,1,1,397,23,1087,184,8696,5,50,125748,397,3856,11,0,0,63,NORMAL,0,0,0,1,22,0,48,968,8,0,0,0,0,0,1
130647,12,ring,4867,2,1,100,15,1121,120,8968,5,50,125780,221,4000,12,1,0,63,NORMAL,0,0,0,2,13,0,50,1000,8,0,0,0,0,0,1
130765,23,ring,4977,2,2,113,27,1109,216,8872,5,50,125788,113,4100,13,1,0,63,NORMAL,0,0,0,2,25,0,50,988,8,0,0,0,0,0,1
130631,44,ring,4818,1,1,2337,48,1107,384,8856,5,50,125813,2337,1850,11,0,0,63,NORMAL,0,0,0,1,47,0,51,985,8,0,0,0,0,0,1
130294,40,ring,4391,1,1,1309,42,1064,336,8512,5,50,125903,1309,2789,11,0,0,63,NORMAL,0,0,0,1,41,0,45,948,8,0,0,0,0,0,1
130576,35,ring,4602,1,1,213,41,1092,328,8736,5,50,125974,213,3813,11,0,0,63,NORMAL,0,0,0,1,40,0,49,972,8,0,0,0,0,0,1
130985,26,ring,4989,1,1,525,30,1111,240,8888,5,50,125996,525,3479,11,0,0,63,NORMAL,0,0,0,1,29,0,51,989,8,0,0,0,0,0,1
130794,20,ring,4797,1,1,41,23,1113,184,8904,5,50,125997,41,3962,11,0,0,63,NORMAL,0,0,0,1,22,0,51,991,8,0,0,0,0,0,1
130440,38,ring,4310,1,1,2475,40,1050,320,8400,5,50,126130,2475,1396,11,0,0,63,NORMAL,0,0,0,1,39,0,44,935,8,0,0,0,0,0,1
131121,4,ring,4978,1,1,83,5,1131,40,9048,5,50,126143,83,3774,11,0,0,63,NORMAL,0,0,0,1,4,0,51,1009,8,0,0,0,0,0,1
131052,22,ring,4871,1,1,553,25,1111,200,8888,5,50,126181,553,3266,11,0,0,63,NORMAL,0,0,0,1,24,0,51,989,8,0,0,0,0,0,1
131134,34,ring,4945,1,1,662,41,1105,328,8840,5,50,126189,662,3150,11,0,0,63,NORMAL,0,0,0,1,40,0,51,983,8,0,0,0,0,0,1
130768,41,ring,4416,1,1,1695,43,1064,344,8512,5,50,126352,1695,1954,11,0,0,63,NORMAL,0,0,0,1,42,0,45,948,8,0,0,0,0,0,1
131271,31,ring,4747,1,1,2241,37,1106,296,8848,5,50,126524,2241,1236,11,0,0,63,NORMAL,0,0,0,1,36,0,50,985,8,0,0,0,0,0,1
131188,43,ring,4613,1,0,0,47,1090,376,8720,5,50,126575,3425,0,10,0,0,63,NORMAL,0,0,0,1,46,0,50,969,8,0,0,0,0,0,1
131609,45,ring,5012,1,1,2690,49,1104,392,8832,5,50,126597,2690,713,11,0,0,63,NORMAL,0,0,0,1,48,0,51,982,8,0,0,0,0,0,1
131340,8,ring,4729,1,1,137,9,1126,72,9008,5,50,126611,137,3253,11,0,0,63,NORMAL,0,0,0,1,8,0,50,1005,8,0,0,0,0,0,1
131067,14,ring,4433,1,1,339,16,1086,128,8688,5,50,126634,339,3027,11,0,0,63,NORMAL,0,0,0,1,15,0,47,968,8,0,0,0,0,0,1
130968,25,ring,4317,1,1,1144,27,1055,216,8440,5,50,126651,1144,2205,11,0,0,63,NORMAL,0,0,0,1,26,0,44,940,8,0,0,0,0,0,1
131407,28,ring,4665,1,1,2349,32,1101,256,8808,5,50,126742,2349,910,11,0,0,63,NORMAL,0,0,0,1,31,0,49,981,8,0,0,0,0,0,1
131204,11,ring,4461,1,1,549,12,1094,96,8752,5,50,126743,549,2708,11,0,0,63,NORMAL,0,0,0,1,11,0,48,975,8,0,0,0,0,0,1
131136,47,ring,4372,1,0,0,46,1064,368,8512,5,50,126764,3237,0,10,0,0,63,NORMAL,0,0,0,1,45,0,46,947,8,0,0,0,0,0,1
131568,6,ring,4782,1,1,38,7,1129,56,9032,5,50,126786,38,3176,11,0,0,63,NORMAL,0,0,0,1,6,0,51,1007,8,0,0,0,0,0,1
131964,27,ring,5074,1,1,668,31,1105,248,8840,5,50,126890,668,2442,11,0,0,63,NORMAL,0,0,0,1,30,0,51,983,8,0,0,0,0,0,1
131746,42,ring,4844,1,0,0,48,1106,384,8848,5,50,126902,3098,0,10,0,0,63,NORMAL,0,0,0,1,47,0,52,983,8,0,0,0,0,0,1
131476,5,ring,4569,1,1,27,6,1116,48,8928,5,50,126907,27,3066,11,0,0,63,NORMAL,0,0,0,1,5,0,48,997,8,0,0,0,0,0,1
131289,17,ring,4358,1,1,702,18,1067,144,8536,5,50,126931,702,2368,11,0,0,63,NORMAL,0,0,0,1,17,0,44,952,8,0,0,0,0,0,1
131462,37,ring,4486,1,0,0,43,1091,344,8728,5,50,126976,3025,0,10,0,0,63,NORMAL,0,0,0,1,42,0,49,971,8,0,0,0,0,0,1
131898,7,ring,4786,1,1,117,8,1128,64,9024,5,50,127112,117,2772,11,0,0,63,NORMAL,0,0,0,1,7,0,51,1006,8,0,0,0,0,0,1
131938,48,ring,4801,1,0,0,51,1109,408,8872,5,50,127137,2864,0,10,0,0,63,NORMAL,0,0,0,1,50,0,52,986,8,0,0,0,0,0,1
131612,2,ring,4449,1,1,526,3,1102,24,8816,5,50,127163,526,2311,11,0,0,63,NORMAL,0,0,0,1,2,0,48,983,8,0,0,0,0,0,1
131762,19,ring,4596,1,1,705,22,1101,176,8808,5,50,127166,705,2130,11,0,0,63,NORMAL,0,0,0,1,21,0,49,981,8,0,0,0,0,0,1
131867,24,ring,4691,1,1,1857,28,1107,224,8856,5,50,127176,1857,968,11,0,0,63,NORMAL,0,0,0,1,27,0,49,987,8,0,0,0,0,0,1
131544,32,ring,4318,1,1,1943,34,1052,272,8416,5,50,127226,1943,832,11,0,0,63,NORMAL,0,0,0,1,33,0,44,937,8,0,0,0,0,0,1
131625,13,ring,4270,1,1,92,14,1056,112,8448,5,50,127355,92,2554,11,0,0,63,NORMAL,0,0,0,1,13,0,43,942,8,0,0,0,0,0,1
131976,10,ring,4595,1,1,593,12,1111,96,8888,5,50,127381,593,2027,11,0,0,63,NORMAL,0,0,0,1,11,0,49,991,8,0,0,0,0,0,1
131953,16,ring,4565,1,1,799,18,1103,144,8824,5,50,127388,799,1814,11,0,0,63,NORMAL,0,0,0,1,17,0,48,984,8,0,0,0,0,0,1
131883,39,ring,4258,1,0,0,40,1042,320,8336,5,50,127625,2376,0,10,0,0,64,NORMAL,0,0,0,1,39,0,44,926,8,0,0,0,0,0,1
131936,15,ring,4193,1,1,350,16,1044,128,8352,5,50,127743,350,1907,11,0,0,64,NORMAL,0,0,0,1,15,0,43,929,8,0,0,0,0,0,1
140110,46,ring,4871,2,1,36,51,1113,408,8904,5,50,135239,762,4000,12,1,0,67,NORMAL,0,0,0,2,49,0,51,987,8,0,0,0,0,0,1
140156,33,ring,4908,2,2,393,40,1117,320,8936,5,50,135248,393,4360,13,1,0,67,NORMAL,0,0,0,2,38,0,50,992,8,0,0,0,0,0,1
140101,9,ring,4691,2,2,32,11,1121,88,8968,5,50,135410,32,4559,13,1,0,67,NORMAL,0,0,0,2,9,0,48,998,8,0,0,0,0,0,1
140360,50,ring,4359,2,2,8002,131,1040,1048,8320,1,50,132000,8002,0,4,1,68,0,LEADER,1,0,0,2,51,10,51,987,2,0,0,0,2,8,0
140171,1,ring,4646,2,2,277,2,1127,16,9016,5,50,135525,277,4199,13,1,0,68,NORMAL,0,0,0,2,0,0,48,1003,8,0,0,0,0,0,1
140292,30,ring,4742,2,1,48,36,1111,288,8888,5,50,135550,451,4000,12,1,0,68,NORMAL,0,0,0,2,34,0,49,986,8,0,0,0,0,0,1
140374,18,ring,4799,1,1,574,21,1120,168,8960,5,50,135575,574,3852,11,0,0,68,NORMAL,0,0,0,1,20,0,51,993,8,0,0,0,0,0,1
140027,29,ring,4399,2,1,23,32,1068,256,8544,5,50,135628,372,4000,12,1,0,68,NORMAL,0,0,0,2,30,0,44,948,8,0,0,0,0,0,1
140454,49,ring,4454,1,1,4000,54,1107,432,8856,2,50,136000,4000,0,8,1,0,68,NORMAL,0,0,0,1,50,3,51,982,6,0,0,0,0,2,0
140018,36,ring,4343,2,1,52,39,1056,312,8448,5,50,135675,325,4000,12,1,0,68,NORMAL,0,0,0,2,37,0,43,937,8,0,0,0,0,0,1
140592,3,ring,4905,1,1,944,4,1137,32,9096,5,50,135687,944,3370,11,0,0,68,NORMAL,0,0,0,1,3,0,51,1010,8,0,0,0,0,0,1
140237,21,ring,4489,1,1,397,23,1092,184,8736,5,50,135748,397,3856,11,0,0,68,NORMAL,0,0,0,1,22,0,48,968,8,0,0,0,0,0,1
140647,12,ring,4867,2,1,100,15,1126,120,9008,5,50,135780,221,4000,12,1,0,68,NORMAL,0,0,0,2,13,0,50,1000,8,0,0,0,0,0,1
140765,23,ring,4977,2,2,113,27,1114,216,8912,5,50,135788,113,4100,13,1,0,68,NORMAL,0,0,0,2,25,0,50,988,8,0,0,0,0,0,1
140631,44,ring,4818,1,1,2337,48,1112,384,8896,5,50,135813,2337,1850,11,0,0,68,NORMAL,0,0,0,1,47,0,51,985,8,0,0,0,0,0,1
140294,40,ring,4391,1,1,1309,42,1069,336,8552,5,50,135903,1309,2789,11,0,0,68,NORMAL,0,0,0,1,41,0,45,948,8,0,0,0,0,0,1
140576,35,ring,4602,1,1,213,41,1097,328,8776,5,50,135974,213,3813,11,0,0,68,NORMAL,0,0,0,1,40,0,49,972,8,0,0,0,0,0,1
140985,26,ring,4989,1,1,525,30,1116,240,8928,5,50,135996,525,3479,11,0,0,68,NORMAL,0,0,0,1,29,0,51,989,8,0,0,0,0,0,1
140794,20,ring,4797,1,1,41,23,1118,184,8944,5,50,135997,41,3962,11,0,0,68,NORMAL,0,0,0,1,22,0,51,991,8,0,0,0,0,0,1
140440,38,ring,4310,1,1,2475,40,1055,320,8440,5,50,136130,2475,1396,11,0,0,68,NORMAL,0,0,0,1,39,0,44,935,8,0,0,0,0,0,1
141121,4,ring,4978,1,1,83,5,1136,40,9088,5,50,136143,83,3774,11,0,0,68,NORMAL,0,0,0,1,4,0,51,1009,8,0,0,0,0,0,1
141052,22,ring,4871,1,1,553,25,1116,200,8928,5,50,136181,553,3266,11,0,0,68,NORMAL,0,0,0,1,24,0,51,989,8,0,0,0,0,0,1
141134,34,ring,4945,1,1,662,41,1110,328,8880,5,50,136189,662,3150,11,0,0,68,NORMAL,0,0,0,1,40,0,51,983,8,0,0,0,0,0,1
140768,41,ring,4416,1,1,1695,43,1069,344,8552,5,50,136352,1695,1954,11,0,0,68,NORMAL,0,0,0,1,42,0,45,948,8,0,0,0,0,0,1
141271,31,ring,4747,1,1,2241,37,1111,296,8888,5,50,136524,2241,1236,11,0,0,68,NORMAL,0,0,0,1,36,0,50,985,8,0,0,0,0,0,1
141188,43,ring,4613,1,0,0,47,1095,376,8760,5,50,136575,3425,0,10,0,0,68,NORMAL,0,0,0,1,46,0,50,969,8,0,0,0,0,0,1
141609,45,ring,5012,1,1,2690,49,1109,392,8872,5,50,136597,2690,713,11,0,0,68,NORMAL,0,0,0,1,48,0,51,982,8,0,0,0,0,0,1
141340,8,ring,4729,1,1,137,9,1131,72,9048,5,50,136611,137,3253,11,0,0,68,NORMAL,0,0,0,1,8,0,50,1005,8,0,0,0,0,0,1
141067,14,ring,4433,1,1,339,16,1091,128,8728,5,50,136634,339,3027,11,0,0,68,NORMAL,0,0,0,1,15,0,47,968,8,0,0,0,0,0,1
140968,25,ring,4317,1,1,1144,27,1060,216,8480,5,50,136651,1144,2205,11,0,0,68,NORMAL,0,0,0,1,26,0,44,940,8,0,0,0,0,0,1
141407,28,ring,4665,1,1,2349,32,1106,256,8848,5,50,136742,2349,910,11,0,0,68,NORMAL,0,0,0,1,31,0,49,981,8,0,0,0,0,0,1
141204,11,ring,4461,1,1,549,12,1099,96,8792,5,50,136743,549,2708,11,0,0,68,NORMAL,0,0,0,1,11,0,48,975,8,0,0,0,0,0,1
141136,47,ring,4372,1,0,0,46,1069,368,8552,5,50,136764,3237,0,10,0,0,68,NORMAL,0,0,0,1,45,0,46,947,8,0,0,0,0,0,1
141568,6,ring,4782,1,1,38,7,1134,56,9072,5,50,136786,38,3176,11,0,0,68,NORMAL,0,0,0,1,6,0,51,1007,8,0,0,0,0,0,1
141964,27,ring,5074,1,1,668,31,1110,248,8880,5,50,136890,668,2442,11,0,0,68,NORMAL,0,0,0,1,30,0,51,983,8,0,0,0,0,0,1
141746,42,ring,4844,1,0,0,48,1111,384,8888,5,50,136902,3098,0,10,0,0,68,NORMAL,0,0,0,1,47,0,52,983,8,0,0,0,0,0,1
141476,5,ring,4569,1,1,27,6,1121,48,8968,5,50,136907,27,3066,11,0,0,68,NORMAL,0,0,0,1,5,0,48,997,8,0,0,0,0,0,1
141289,17,ring,4358,1,1,702,18,1072,144,8576,5,50,136931,702,2368,11,0,0,68,NORMAL,0,0,0,1,17,0,44,952,8,0,0,0,0,0,1
141462,37,ring,4486,1,0,0,43,1096,344,8768,5,50,136976,3025,0,10,0,0,68,NORMAL,0,0,0,1,42,0,49,971,8,0,0,0,0,0,1
141898,7,ring,4786,1,1,117,8,1133,64,9064,5,50,137112,117,2772,11,0,0,68,NORMAL,0,0,0,1,7,0,51,1006,8,0,0,0,0,0,1
141938,48,ring,4801,1,0,0,51,1114,408,8912,5,50,137137,2864,0,10,0,0,68,NORMAL,0,0,0,1,50,0,52,986,8,0,0,0,0,0,1
141612,2,ring,4449,1,1,526,3,1107,24,8856,5,50,137163,526,2311,11,0,0,68,NORMAL,0,0,0,1,2,0,48,983,8,0,0,0,0,0,1
141762,19,ring,4596,1,1,705,22,1106,176,8848,5,50,137166,705,2130,11,0,0,68,NORMAL,0,0,0,1,21,0,49,981,8,0,0,0,0,0,1
141867,24,ring,4691,1,1,1857,28,1112,224,8896,5,50,137176,1857,968,11,0,0,68,NORMAL,0,0,0,1,27,0,49,987,8,0,0,0,0,0,1
141544,32,ring,4318,1,1,1943,34,1057,272,8456,5,50,137226,1943,832,11,0,0,68,NORMAL,0,0,0,1,33,0,44,937,8,0,0,0,0,0,1
141625,13,ring,4270,1,1,92,14,1061,112,8488,5,50,137355,92,2554,11,0,0,68,NORMAL,0,0,0,1,13,0,43,942,8,0,0,0,0,0,1
141976,10,ring,4595,1,1,593,12,1116,96,8928,5,50,137381,593,2027,11,0,0,68,NORMAL,0,0,0,1,11,0,49,991,8,0,0,0,0,0,1
141953,16,ring,4565,1,1,799,18,1108,144,8864,5,50,137388,799,1814,11,0,0,68,NORMAL,0,0,0,1,17,0,48,984,8,0,0,0,0,0,1
141883,39,ring,4258,1,0,0,40,1047,320,8376,5,50,137625,2376,0,10,0,0,69,NORMAL,0,0,0,1,39,0,44,926,8,0,0,0,0,0,1
141936,15,ring,4193,1,1,350,16,1049,128,8392,5,50,137743,350,1907,11,0,0,69,NORMAL,0,0,0,1,15,0,43,929,8,0,0,0,0,0,1
150110,46,ring,4871,2,1,36,51,1118,408,8944,5,50,145239,762,4000,12,1,0,72,NORMAL,0,0,0,2,49,0,51,987,8,0,0,0,0,0,1
150156,33,ring,4908,2,2,393,40,1122,320,8976,5,50,145248,393,4360,13,1,0,72,NORMAL,0,0,0,2,38,0,50,992,8,0,0,0,0,0,1
150101,9,ring,4691,2,2,32,11,1126,88,9008,5,50,145410,32,4559,13,1,0,72,NORMAL,0,0,0,2,9,0,48,998,8,0,0,0,0,0,1
150360,50,ring,4359,2,2,8002,136,1040,1088,8320,1,50,142000,8002,0,4,1,73,0,LEADER,1,0,0,2,51,10,51,987,2,0,0,0,2,8,0
150171,1,ring,4646,2,2,277,2,1132,16,9056,5,50,145525,277,4199,13,1,0,73,NORMAL,0,0,0,2,0,0,48,1003,8,0,0,0,0,0,1
150292,30,ring,4742,2,1,48,36,1116,288,8928,5,50,145550,451,4000,12,1,0,73,NORMAL,0,0,0,2,34,0,49,986,8,0,0,0,0,0,1
150374,18,ring,4799,1,1,574,21,1125,168,9000,5,50,145575,574,3852,11,0,0,73,NORMAL,0,0,0,1,20,0,51,993,8,0,0,0,0,0,1
150027,29,ring,4399,2,1,23,32,1073,256,8584,5,50,145628,372,4000,12,1,0,73,NORMAL,0,0,0,2,30,0,44,948,8,0,0,0,0,0,1
150454,49,ring,4454,1,1,4000,54,1112,432,8896,2,50,146000,4000,0,8,1,0,73,NORMAL,0,0,0,1,50,3,51,982,6,0,0,0,0,2,0
150018,36,ring,4343,2,1,52,39,1061,312,8488,5,50,145675,325,4000,12,1,0,73,NORMAL,0,0,0,2,37,0,43,937,8,0,0,0,0,0,1
150592,3,ring,4905,1,1,944,4,1142,32,9136,5,50,145687,944,3370,11,0,0,73,NORMAL,0,0,0,1,3,0,51,1010,8,0,0,0,0,0,1
150237,21,ring,4489,1,1,397,23,1097,184,8776,5,50,145748,397,3856,11,0,0,73,NORMAL,0,0,0,1,22,0,48,968,8,0,0,0,0,0,1
150647,12,ring,4867,2,1,100,15,1131,120,9048,5,50,145780,221,4000,12,1,0,73,NORMAL,0,0,0,2,13,0,50,1000,8,0,0,0,0,0,1
150765,23,ring,4977,2,2,113,27,1119,216,8952,5,50,145788,113,4100,13,1,0,73,NORMAL,0,0,0,2,25,0,50,988,8,0,0,0,0,0,1
150631,44,ring,4818,1,1,2337,48,1117,384,8936,5,50,145813,2337,1850,11,0,0,73,NORMAL,0,0,0,1,47,0,51,985,8,0,0,0,0,0,1
150294,40,ring,4391,1,1,1309,42,1074,336,8592,5,50,145903,1309,2789,11,0,0,73,NORMAL,0,0,0,1,41,0,45,948,8,0,0,0,0,0,1
150576,35,ring,4602,1,1,213,41,1102,328,8816,5,50,145974,213,3813,11,0,0,73,NORMAL,0,0,0,1,40,0,49,972,8,0,0,0,0,0,1
150985,26,ring,4989,1,1,525,30,1121,240,8968,5,50,145996,525,3479,11,0,0,73,NORMAL,0,0,0,1,29,0,51,989,8,0,0,0,0,0,1
150794,20,ring,4797,1,1,41,23,1123,184,8984,5,50,145997,41,3962,11,0,0,73,NORMAL,0,0,0,1,22,0,51,991,8,0,0,0,0,0,1
150440,38,ring,4310,1,1,2475,40,1060,320,8480,5,50,146130,2475,1396,11,0,0,73,NORMAL,0,0,0,1,39,0,44,935,8,0,0,0,0,0,1
151121,4,ring,4978,1,1,83,5,1141,40,9128,5,50,146143,83,3774,11,0,0,73,NORMAL,0,0,0,1,4,0,51,1009,8,0,0,0,0,0,1
151052,22,ring,4871,1,1,553,25,1121,200,8968,5,50,146181,553,3266,11,0,0,73,NORMAL,0,0,0,1,24,0,51,989,8,0,0,0,0,0,1
151134,34,ring,4945,1,1,662,41,1115,328,8920,5,50,146189,662,3150,11,0,0,73,NORMAL,0,0,0,1,40,0,51,983,8,0,0,0,0,0,1
150768,41,ring,4416,1,1,1695,43,1074,344,8592,5,50,146352,1695,1954,11,0,0,73,NORMAL,0,0,0,1,42,0,45,948,8,0,0,0,0,0,1
151271,31,ring,4747,1,1,2241,37,1116,296,8928,5,50,146524,2241,1236,11,0,0,73,NORMAL,0,0,0,1,36,0,50,985,8,0,0,0,0,0,1
151188,43,ring,4613,1,0,0,47,1100,376,8800,5,50,146575,3425,0,10,0,0,73,NORMAL,0,0,0,1,46,0,50,969,8,0,0,0,0,0,1
151609,45,ring,5012,1,1,2690,49,1114,392,8912,5,50,146597,2690,713,11,0,0,73,NORMAL,0,0,0,1,48,0,51,982,8,0,0,0,0,0,1
151340,8,ring,4729,1,1,137,9,1136,72,9088,5,50,146611,137,3253,11,0,0,73,NORMAL,0,0,0,1,8,0,50,1005,8,0,0,0,0,0,1
151067,14,ring,4433,1,1,339,16,1096,128,8768,5,50,146634,339,3027,11,0,0,73,NORMAL,0,0,0,1,15,0,47,968,8,0,0,0,0,0,1
150968,25,ring,4317,1,1,1144,27,1065,216,8520,5,50,146651,1144,2205,11,0,0,73,NORMAL,0,0,0,1,26,0,44,940,8,0,0,0,0,0,1
151407,28,ring,4665,1,1,2349,32,1111,256,8888,5,50,146742,2349,910,11,0,0,73,NORMAL,0,0,0,1,31,0,49,981,8,0,0,0,0,0,1
151204,11,ring,4461,1,1,549,12,1104,96,8832,5,50,146743,549,2708,11,0,0,73,NORMAL,0,0,0,1,11,0,48,975,8,0,0,0,0,0,1
151136,47,ring,4372,1,0,0,46,1074,368,8592,5,50,146764,3237,0,10,0,0,73,NORMAL,0,0,0,1,45,0,46,947,8,0,0,0,0,0,1
151568,6,ring,4782,1,1,38,7,1139,56,9112,5,50,146786,38,3176,11,0,0,73,NORMAL,0,0,0,1,6,0,51,1007,8,0,0,0,0,0,1
151964,27,ring,5074,1,1,668,31,1115,248,8920,5,50,146890,668,2442,11,0,0,73,NORMAL,0,0,0,1,30,0,51,983,8,0,0,0,0,0,1
151746,42,ring,4844,1,0,0,48,1116,384,8928,5,50,146902,3098,0,10,0,0,73,NORMAL,0,0,0,1,47,0,52,983,8,0,0,0,0,0,1
151476,5,ring,4569,1,1,27,6,1126,48,9008,5,50,146907,27,3066,11,0,0,73,NORMAL,0,0,0,1,5,0,48,997,8,0,0,0,0,0,1
151289,17,ring,4358,1,1,702,18,1077,144,8616,5,50,146931,702,2368,11,0,0,73,NORMAL,0,0,0,1,17,0,44,952,8,0,0,0,0,0,1
151462,37,ring,4486,1,0,0,43,1101,344,8808,5,50,146976,3025,0,10,0,0,73,NORMAL,0,0,0,1,42,0,49,971,8,0,0,0,0,0,1
151898,7,ring,4786,1,1,117,8,1138,64,9104,5,50,147112,117,2772,11,0,0,73,NORMAL,0,0,0,1,7,0,51,1006,8,0,0,0,0,0,1
151938,48,ring,4801,1,0,0,51,1119,408,8952,5,50,147137,2864,0,10,0,0,73,NORMAL,0,0,0,1,50,0,52,986,8,0,0,0,0,0,1
151612,2,ring,4449,1,1,526,3,1112,24,8896,5,50,147163,526,2311,11,0,0,73,NORMAL,0,0,0,1,2,0,48,983,8,0,0,0,0,0,1
151762,19,ring,4596,1,1,705,22,1111,176,8888,5,50,147166,705,2130,11,0,0,73,NORMAL,0,0,0,1,21,0,49,981,8,0,0,0,0,0,1
151867,24,ring,4691,1,1,1857,28,1117,224,8936,5,50,147176,1857,968,11,0,0,73,NORMAL,0,0,0,1,27,0,49,987,8,0,0,0,0,0,1
151544,32,ring,4318,1,1,1943,34,1062,272,8496,5,50,147226,1943,832,11,0,0,73,NORMAL,0,0,0,1,33,0,44,937,8,0,0,0,0,0,1
151625,13,ring,4270,1,1,92,14,1066,112,8528,5,50,147355,92,2554,11,0,0,73,NORMAL,0,0,0,1,13,0,43,942,8,0,0,0,0,0,1
151976,10,ring,4595,1,1,593,12,1121,96,8968,5,50,147381,593,2027,11,0,0,73,NORMAL,0,0,0,1,11,0,49,991,8,0,0,0,0,0,1
151953,16,ring,4565,1,1,799,18,1113,144,8904,5,50,147388,799,1814,11,0,0,73,NORMAL,0,0,0,1,17,0,48,984,8,0,0,0,0,0,1
151883,39,ring,4258,1,0,0,40,1052,320,8416,5,50,147625,2376,0,10,0,0,74,NORMAL,0,0,0,1,39,0,44,926,8,0,0,0,0,0,1
151936,15,ring,4193,1,1,350,16,1054,128,8432,5,50,147743,350,1907,11,0,0,74,NORMAL,0,0,0,1,15,0,43,929,8,0,0,0,0,0,1
160110,46,ring,4871,2,1,36,51,1123,408,8984,5,50,155239,762,4000,12,1,0,77,NORMAL,0,0,0,2,49,0,51,987,8,0,0,0,0,0,1
160156,33,ring,4908,2,2,393,40,1127,320,9016,5,50,155248,393,4360,13,1,0,77,NORMAL,0,0,0,2,38,0,50,992,8,0,0,0,0,0,1
160101,9,ring,4691,2,2,32,11,1131,88,9048,5,50,155410,32,4559,13,1,0,77,NORMAL,0,0,0,2,9,0,48,998,8,0,0,0,0,0,1
160360,50,ring,4359,2,2,8002,141,1040,1128,8320,1,50,152000,8002,0,4,1,78,0,LEADER,1,0,0,2,51,10,51,987,2,0,0,0,2,8,0
160171,1,ring,4646,2,2,277,2,1137,16,9096,5,50,155525,277,4199,13,1,0,78,NORMAL,0,0,0,2,0,0,48,1003,8,0,0,0,0,0,1
160292,30,ring,4742,2,1,48,36,1121,288,8968,5,50,155550,451,4000,12,1,0,78,NORMAL,0,0,0,2,34,0,49,986,8,0,0,0,0,0,1
160374,18,ring,4799,1,1,574,21,1130,168,9040,5,50,155575,574,3852,11,0,0,78,NORMAL,0,0,0,1,20,0,51,993,8,0,0,0,0,0,1
160027,29,ring,4399,2,1,23,32,1078,256,8624,5,50,155628,372,4000,12,1,0,78,NORMAL,0,0,0,2,30,0,44,948,8,0,0,0,0,0,1
160454,49,ring,4454,1,1,4000,54,1117,432,8936,2,50,156000,4000,0,8,1,0,78,NORMAL,0,0,0,1,50,3,51,982,6,0,0,0,0,2,0
160018,36,ring,4343,2,1,52,39,1066,312,8528,5,50,155675,325,4000,12,1,0,78,NORMAL,0,0,0,2,37,0,43,937,8,0,0,0,0,0,1
160592,3,ring,4905,1,1,944,4,1147,32,9176,5,50,155687,944,3370,11,0,0,78,NORMAL,0,0,0,1,3,0,51,1010,8,0,0,0,0,0,1
160237,21,ring,4489,1,1,397,23,1102,184,8816,5,50,155748,397,3856,11,0,0,78,NORMAL,0,0,0,1,22,0,48,968,8,0,0,0,0,0,1
160647,12,ring,4867,2,1,100,15,1136,120,9088,5,50,155780,221,4000,12,1,0,78,NORMAL,0,0,0,2,13,0,50,1000,8,0,0,0,0,0,1
160765,23,ring,4977,2,2,113,27,1124,216,8992,5,50,155788,113,4100,13,1,0,78,NORMAL,0,0,0,2,25,0,50,988,8,0,0,0,0,0,1
160631,44,ring,4818,1,1,2337,48,1122,384,8976,5,50,155813,2337,1850,11,0,0,78,NORMAL,0,0,0,1,47,0,51,985,8,0,0,0,0,0,1
160294,40,ring,4391,1,1,1309,42,1079,336,8632,5,50,155903,1309,2789,11,0,0,78,NORMAL,0,0,0,1,41,0,45,948,8,0,0,0,0,0,1
160576,35,ring,4602,1,1,213,41,1107,328,8856,5,50,155974,213,3813,11,0,0,78,NORMAL,0,0,0,1,40,0,49,972,8,0,0,0,0,0,1
160985,26,ring,4989,1,1,525,30,1126,240,9008,5,50,155996,525,3479,11,0,0,78,NORMAL,0,0,0,1,29,0,51,989,8,0,0,0,0,0,1
160794,20,ring,4797,1,1,41,23,1128,184,9024,5,50,155997,41,3962,11,0,0,78,NORMAL,0,0,0,1,22,0,51,991,8,0,0,0,0,0,1
160440,38,ring,4310,1,1,2475,40,1065,320,8520,5,50,156130,2475,1396,11,0,0,78,NORMAL,0,0,0,1,39,0,44,935,8,0,0,0,0,0,1
161121,4,ring,4978,1,1,83,5,1146,40,9168,5,50,156143,83,3774,11,0,0,78,NORMAL,0,0,0,1,4,0,51,1009,8,0,0,0,0,0,1
161052,22,ring,4871,1,1,553,25,1126,200,9008,5,50,156181,553,3266,11,0,0,78,NORMAL,0,0,0,1,24,0,51,989,8,0,0,0,0,0,1
161134,34,ring,4945,1,1,662,41,1120,328,8960,5,50,156189,662,3150,11,0,0,78,NORMAL,0,0,0,1,40,0,51,983,8,0,0,0,0,0,1
160768,41,ring,4416,1,1,1695,43,1079,344,8632,5,50,156352,1695,1954,11,0,0,78,NORMAL,0,0,0,1,42,0,45,948,8,0,0,0,0,0,1
161271,31,ring,4747,1,1,2241,37,1121,296,8968,5,50,156524,2241,1236,11,0,0,78,NORMAL,0,0,0,1,36,0,50,985,8,0,0,0,0,0,1
161188,43,ring,4613,1,0,0,47,1105,376,8840,5,50,156575,3425,0,10,0,0,78,NORMAL,0,0,0,1,46,0,50,969,8,0,0,0,0,0,1
161609,45,ring,5012,1,1,2690,49,1119,392,8952,5,50,156597,2690,713,11,0,0,78,NORMAL,0,0,0,1,48,0,51,982,8,0,0,0,0,0,1
161340,8,ring,4729,1,1,137,9,1141,72,9128,5,50,156611,137,3253,11,0,0,78,NORMAL,0,0,0,1,8,0,50,1005,8,0,0,0,0,0,1
161067,14,ring,4433,1,1,339,16,1101,128,8808,5,50,156634,339,3027,11,0,0,78,NORMAL,0,0,0,1,15,0,47,968,8,0,0,0,0,0,1
160968,25,ring,4317,1,1,1144,27,1070,216,8560,5,50,156651,1144,2205,11,0,0,78,NORMAL,0,0,0,1,26,0,44,940,8,0,0,0,0,0,1
161407,28,ring,4665,1,1,2349,32,1116,256,8928,5,50,156742,2349,910,11,0,0,78,NORMAL,0,0,0,1,31,0,49,981,8,0,0,0,0,0,1
161204,11,ring,4461,1,1,549,12,1109,96,8872,5,50,156743,549,2708,11,0,0,78,NORMAL,0,0,0,1,11,0,48,975,8,0,0,0,0,0,1
161136,47,ring,4372,1,0,0,46,1079,368,8632,5,50,156764,3237,0,10,0,0,78,NORMAL,0,0,0,1,45,0,46,947,8,0,0,0,0,0,1
161568,6,ring,4782,1,1,38,7,1144,56,9152,5,50,156786,38,3176,11,0,0,78,NORMAL,0,0,0,1,6,0,51,1007,8,0,0,0,0,0,1
161964,27,ring,5074,1,1,668,31,1120,248,8960,5,50,156890,668,2442,11,0,0,78,NORMAL,0,0,0,1,30,0,51,983,8,0,0,0,0,0,1
161746,42,ring,4844,1,0,0,48,1121,384,8968,5,50,156902,3098,0,10,0,0,78,NORMAL,0,0,0,1,47,0,52,983,8,0,0,0,0,0,1
161476,5,ring,4569,1,1,27,6,1131,48,9048,5,50,156907,27,3066,11,0,0,78,NORMAL,0,0,0,1,5,0,48,997,8,0,0,0,0,0,1
161289,17,ring,4358,1,1,702,18,1082,144,8656,5,50,156931,702,2368,11,0,0,78,NORMAL,0,0,0,1,17,0,44,952,8,0,0,0,0,0,1
161462,37,ring,4486,1,0,0,43,1106,344,8848,5,50,156976,3025,0,10,0,0,78,NORMAL,0,0,0,1,42,0,49,971,8,0,0,0,0,0,1
161898,7,ring,4786,1,1,117,8,1143,64,9144,5,50,157112,117,2772,11,0,0,78,NORMAL,0,0,0,1,7,0,51,1006,8,0,0,0,0,0,1
161938,48,ring,4801,1,0,0,51,1124,408,8992,5,50,157137,2864,0,10,0,0,78,NORMAL,0,0,0,1,50,0,52,986,8,0,0,0,0,0,1
161612,2,ring,4449,1,1,526,3,1117,24,8936,5,50,157163,526,2311,11,0,0,78,NORMAL,0,0,0,1,2,0,48,983,8,0,0,0,0,0,1
161762,19,ring,4596,1,1,705,22,1116,176,8928,5,50,157166,705,2130,11,0,0,78,NORMAL,0,0,0,1,21,0,49,981,8,0,0,0,0,0,1
161867,24,ring,4691,1,1,1857,28,1122,224,8976,5,50,157176,1857,968,11,0,0,78,NORMAL,0,0,0,1,27,0,49,987,8,0,0,0,0,0,1
161544,32,ring,4318,1,1,1943,34,1067,272,8536,5,50,157226,1943,832,11,0,0,78,NORMAL,0,0,0,1,33,0,44,937,8,0,0,0,0,0,1
161625,13,ring,4270,1,1,92,14,1071,112,8568,5,50,157355,92,2554,11,0,0,78,NORMAL,0,0,0,1,13,0,43,942,8,0,0,0,0,0,1
161976,10,ring,4595,1,1,593,12,1126,96,9008,5,50,157381,593,2027,11,0,0,78,NORMAL,0,0,0,1,11,0,49,991,8,0,0,0,0,0,1
161953,16,ring,4565,1,1,799,18,1118,144,8944,5,50,157388,799,1814,11,0,0,78,NORMAL,0,0,0,1,17,0,48,984,8,0,0,0,0,0,1
161883,39,ring,4258,1,0,0,40,1057,320,8456,5,50,157625,2376,0,10,0,0,79,NORMAL,0,0,0,1,39,0,44,926,8,0,0,0,0,0,1
161936,15,ring,4193,1,1,350,16,1059,128,8472,5,50,157743,350,1907,11,0,0,79,NORMAL,0,0,0,1,15,0,43,929,8,0,0,0,0,0,1
170110,46,ring,4871,2,1,36,51,1128,408,9024,5,50,165239,762,4000,12,1,0,82,NORMAL,0,0,0,2,49,0,51,987,8,0,0,0,0,0,1
170156,33,ring,4908,2,2,393,40,1132,320,9056,5,50,165248,393,4360,13,1,0,82,NORMAL,0,0,0,2,38,0,50,992,8,0,0,0,0,0,1
170101,9,ring,4691,2,2,32,11,1136,88,9088,5,50,165410,32,4559,13,1,0,82,NORMAL,0,0,0,2,9,0,48,998,8,0,0,0,0,0,1
170360,50,ring,4359,2,2,8002,146,1040,1168,8320,1,50,162000,8002,0,4,1,83,0,LEADER,1,0,0,2,51,10,51,987,2,0,0,0,2,8,0
170171,1,ring,4646,2,2,277,2,1142,16,9136,5,50,165525,277,4199,13,1,0,83,NORMAL,0,0,0,2,0,0,48,1003,8,0,0,0,0,0,1
170292,30,ring,4742,2,1,48,36,1126,288,9008,5,50,165550,451,4000,12,1,0,83,NORMAL,0,0,0,2,34,0,49,986,8,0,0,0,0,0,1
170374,18,ring,4799,1,1,574,21,1135,168,9080,5,50,165575,574,3852,11,0,0,83,NORMAL,0,0,0,1,20,0,51,993,8,0,0,0,0,0,1
170027,29,ring,4399,2,1,23,32,1083,256,8664,5,50,165628,372,4000,12,1,0,83,NORMAL,0,0,0,2,30,0,44,948,8,0,0,0,0,0,1
170454,49,ring,4454,1,1,4000,54,1122,432,8976,2,50,166000,4000,0,8,1,0,83,NORMAL,0,0,0,1,50,3,51,982,6,0,0,0,0,2,0
170018,36,ring,4343,2,1,52,39,1071,312,8568,5,50,165675,325,4000,12,1,0,83,NORMAL,0,0,0,2,37,0,43,937,8,0,0,0,0,0,1
170592,3,ring,4905,1,1,944,4,1152,32,9216,5,50,165687,944,3370,11,0,0,83,NORMAL,0,0,0,1,3,0,51,1010,8,0,0,0,0,0,1
170237,21,ring,4489,1,1,397,23,1107,184,8856,5,50,165748,397,3856,11,0,0,83,NORMAL,0,0,0,1,22,0,48,968,8,0,0,0,0,0,1
170647,12,ring,4867,2,1,100,15,1141,120,9128,5,50,165780,221,4000,12,1,0,83,NORMAL,0,0,0,2,13,0,50,1000,8,0,0,0,0,0,1
170765,23,ring,4977,2,2,113,27,1129,216,9032,5,50,165788,113,4100,13,1,0,83,NORMAL,0,0,0,2,25,0,50,988,8,0,0,0,0,0,1
170631,44,ring,4818,1,1,2337,48,1127,384,9016,5,50,165813,2337,1850,11,0,0,83,NORMAL,0,0,0,1,47,0,51,985,8,0,0,0,0,0,1
170294,40,ring,4391,1,1,1309,42,1084,336,8672,5,50,165903,1309,2789,11,0,0,83,NORMAL,0,0,0,1,41,0,45,948,8,0,0,0,0,0,1
170576,35,ring,4602,1,1,213,41,1112,328,8896,5,50,165974,213,3813,11,0,0,83,NORMAL,0,0,0,1,40,0,49,972,8,0,0,0,0,0,1
170985,26,ring,4989,1,1,525,30,1131,240,9048,5,50,165996,525,3479,11,0,0,83,NORMAL,0,0,0,1,29,0,51,989,8,0,0,0,0,0,1
170794,20,ring,4797,1,1,41,23,1133,184,9064,5,50,165997,41,3962,11,0,0,83,NORMAL,0,0,0,1,22,0,51,991,8,0,0,0,0,0,1
170440,38,ring,4310,1,1,2475,40,1070,320,8560,5,50,166130,2475,1396,11,0,0,83,NORMAL,0,0,0,1,39,0,44,935,8,0,0,0,0,0,1
171121,4,ring,4978,1,1,83,5,1151,40,9208,5,50,166143,83,3774,11,0,0,83,NORMAL,0,0,0,1,4,0,51,1009,8,0,0,0,0,0,1
171052,22,ring,4871,1,1,553,25,1131,200,9048,5,50,166181,553,3266,11,0,0,83,NORMAL,0,0,0,1,24,0,51,989,8,0,0,0,0,0,1
171134,34,ring,4945,1,1,662,41,1125,328,9000,5,50,166189,662,3150,11,0,0,83,NORMAL,0,0,0,1,40,0,51,983,8,0,0,0,0,0,1
170768,41,ring,4416,1,1,1695,43,1084,344,8672,5,50,166352,1695,1954,11,0,0,83,NORMAL,0,0,0,1,42,0,45,948,8,0,0,0,0,0,1
171271,31,ring,4747,1,1,2241,37,1126,296,9008,5,50,166524,2241,1236,11,0,0,83,NORMAL,0,0,0,1,36,0,50,985,8,0,0,0,0,0,1
171188,43,ring,4613,1,0,0,47,1110,376,8880,5,50,166575,3425,0,10,0,0,83,NORMAL,0,0,0,1,46,0,50,969,8,0,0,0,0,0,1
171609,45,ring,5012,1,1,2690,49,1124,392,8992,5,50,166597,2690,713,11,0,0,83,NORMAL,0,0,0,1,48,0,51,982,8,0,0,0,0,0,1
171340,8,ring,4729,1,1,137,9,1146,72,9168,5,50,166611,137,3253,11,0,0,83,NORMAL,0,0,0,1,8,0,50,1005,8,0,0,0,0,0,1
171067,14,ring,4433,1,1,339,16,1106,128,8848,5,50,166634,339,3027,11,0,0,83,NORMAL,0,0,0,1,15,0,47,968,8,0,0,0,0,0,1
170968,25,ring,4317,1,1,1144,27,1075,216,8600,5,50,166651,1144,2205,11,0,0,83,NORMAL,0,0,0,1,26,0,44,940,8,0,0,0,0,0,1
171407,28,ring,4665,1,1,2349,32,1121,256,8968,5,50,166742,2349,910,11,0,0,83,NORMAL,0,0,0,1,31,0,49,981,8,0,0,0,0,0,1
171204,11,ring,4461,1,1,549,12,1114,96,8912,5,50,166743,549,2708,11,0,0,83,NORMAL,0,0,0,1,11,0,48,975,8,0,0,0,0,0,1
171136,47,ring,4372,1,0,0,46,1084,368,8672,5,50,166764,3237,0,10,0,0,83,NORMAL,0,0,0,1,45,0,46,947,8,0,0,0,0,0,1
171568,6,ring,4782,1,1,38,7,1149,56,9192,5,50,166786,38,3176,11,0,0,83,NORMAL,0,0,0,1,6,0,51,1007,8,0,0,0,0,0,1
171964,27,ring,5074,1,1,668,31,1125,248,9000,5,50,166890,668,2442,11,0,0,83,NORMAL,0,0,0,1,30,0,51,983,8,0,0,0,0,0,1
171746,42,ring,4844,1,0,0,48,1126,384,9008,5,50,166902,3098,0,10,0,0,83,NORMAL,0,0,0,1,47,0,52,983,8,0,0,0,0,0,1
171476,5,ring,4569,1,1,27,6,1136,48,9088,5,50,166907,27,3066,11,0,0,83,NORMAL,0,0,0,1,5,0,48,997,8,0,0,0,0,0,1
171289,17,ring,4358,1,1,702,18,1087,144,8696,5,50,166931,702,2368,11,0,0,83,NORMAL,0,0,0,1,17,0,44,952,8,0,0,0,0,0,1
171462,37,ring,4486,1,0,0,43,1111,344,8888,5,50,166976,3025,0,10,0,0,83,NORMAL,0,0,0,1,42,0,49,971,8,0,0,0,0,0,1
171898,7,ring,4786,1,1,117,8,1148,64,9184,5,50,167112,117,2772,11,0,0,83,NORMAL,0,0,0,1,7,0,51,1006,8,0,0,0,0,0,1
171938,48,ring,4801,1,0,0,51,1129,408,9032,5,50,167137,2864,0,10,0,0,83,NORMAL,0,0,0,1,50,0,52,986,8,0,0,0,0,0,1
171612,2,ring,4449,1,1,526,3,1122,24,8976,5,50,167163,526,2311,11,0,0,83,NORMAL,0,0,0,1,2,0,48,983,8,0,0,0,0,0,1
171762,19,ring,4596,1,1,705,22,1121,176,8968,5,50,167166,705,2130,11,0,0,83,NORMAL,0,0,0,1,21,0,49,981,8,0,0,0,0,0,1
171867,24,ring,4691,1,1,1857,28,1127,224,9016,5,50,167176,1857,968,11,0,0,83,NORMAL,0,0,0,1,27,0,49,987,8,0,0,0,0,0,1
171544,32,ring,4318,1,1,1943,34,1072,272,8576,5,50,167226,1943,832,11,0,0,83,NORMAL,0,0,0,1,33,0,44,937,8,0,0,0,0,0,1
171625,13,ring,4270,1,1,92,14,1076,112,8608,5,50,167355,92,2554,11,0,0,83,NORMAL,0,0,0,1,13,0,43,942,8,0,0,0,0,0,1
171976,10,ring,4595,1,1,593,12,1131,96,9048,5,50,167381,593,2027,11,0,0,83,NORMAL,0,0,0,1,11,0,49,991,8,0,0,0,0,0,1
171953,16,ring,4565,1,1,799,18,1123,144,8984,5,50,167388,799,1814,11,0,0,83,NORMAL,0,0,0,1,17,0,48,984,8,0,0,0,0,0,1
171883,39,ring,4258,1,0,0,40,1062,320,8496,5,50,167625,2376,0,10,0,0,84,NORMAL,0,0,0,1,39,0,44,926,8,0,0,0,0,0,1
171936,15,ring,4193,1,1,350,16,1064,128,8512,5,50,167743,350,1907,11,0,0,84,NORMAL,0,0,0,1,15,0,43,929,8,0,0,0,0,0,1
180110,46,ring,4871,2,1,36,51,1133,408,9064,5,50,175239,762,4000,12,1,0,87,NORMAL,0,0,0,2,49,0,51,987,8,0,0,0,0,0,1
180156,33,ring,4908,2,2,393,40,1137,320,9096,5,50,175248,393,4360,13,1,0,87,NORMAL,0,0,0,2,38,0,50,992,8,0,0,0,0,0,1
180101,9,ring,4691,2,2,32,11,1141,88,9128,5,50,175410,32,4559,13,1,0,87,NORMAL,0,0,0,2,9,0,48,998,8,0,0,0,0,0,1
180360,50,ring,4359,2,2,8002,151,1040,1208,8320,1,50,172000,8002,0,4,1,88,0,LEADER,1,0,0,2,51,10,51,987,2,0,0,0,2,8,0
180171,1,ring,4646,2,2,277,2,1147,16,9176,5,50,175525,277,4199,13,1,0,88,NORMAL,0,0,0,2,0,0,48,1003,8,0,0,0,0,0,1
180292,30,ring,4742,2,1,48,36,1131,288,9048,5,50,175550,451,4000,12,1,0,88,NORMAL,0,0,0,2,34,0,49,986,8,0,0,0,0,0,1
180374,18,ring,4799,1,1,574,21,1140,168,9120,5,50,175575,574,3852,11,0,0,88,NORMAL,0,0,0,1,20,0,51,993,8,0,0,0,0,0,1
180027,29,ring,4399,2,1,23,32,1088,256,8704,5,50,175628,372,4000,12,1,0,88,NORMAL,0,0,0,2,30,0,44,948,8,0,0,0,0,0,1
180454,49,ring,4454,1,1,4000,54,1127,432,9016,2,50,176000,4000,0,8,1,0,88,NORMAL,0,0,0,1,50,3,51,982,6,0,0,0,0,2,0
180018,36,ring,4343,2,1,52,39,1076,312,8608,5,50,175675,325,4000,12,1,0,88,NORMAL,0,0,0,2,37,0,43,937,8,0,0,0,0,0,1
180592,3,ring,4905,1,1,944,4,1157,32,9256,5,50,175687,944,3370,11,0,0,88,NORMAL,0,0,0,1,3,0,51,1010,8,0,0,0,0,0,1
180237,21,ring,4489,1,1,397,23,1112,184,8896,5,50,175748,397,3856,11,0,0,88,NORMAL,0,0,0,1,22,0,48,968,8,0,0,0,0,0,1
180647,12,ring,4867,2,1,100,15,1146,120,9168,5,50,175780,221,4000,12,1,0,88,NORMAL,0,0,0,2,13,0,50,1000,8,0,0,0,0,0,1
180765,23,ring,4977,2,2,113,27,1134,216,9072,5,50,175788,113,4100,13,1,0,88,NORMAL,0,0,0,2,25,0,50,988,8,0,0,0,0,0,1
180631,44,ring,4818,1,1,2337,48,1132,384,9056,5,50,175813,2337,1850,11,0,0,88,NORMAL,0,0,0,1,47,0,51,985,8,0,0,0,0,0,1
180294,40,ring,4391,1,1,1309,42,1089,336,8712,5,50,175903,1309,2789,11,0,0,88,NORMAL,0,0,0,1,41,0,45,948,8,0,0,0,0,0,1
180576,35,ring,4602,1,1,213,41,1117,328,8936,5,50,175974,213,3813,11,0,0,88,NORMAL,0,0,0,1,40,0,49,972,8,0,0,0,0,0,1
180985,26,ring,4989,1,1,525,30,1136,240,9088,5,50,175996,525,3479,11,0,0,88,NORMAL,0,0,0,1,29,0,51,989,8,0,0,0,0,0,1
180794,20,ring,4797,1,1,41,23,1138,184,9104,5,50,175997,41,3962,11,0,0,88,NORMAL,0,0,0,1,22,0,51,991,8,0,0,0,0,0,1
180440,38,ring,4310,1,1,2475,40,1075,320,8600,5,50,176130,2475,1396,11,0,0,88,NORMAL,0,0,0,1,39,0,44,935,8,0,0,0,0,0,1
181121,4,ring,4978,1,1,83,5,1156,40,9248,5,50,176143,83,3774,11,0,0,88,NORMAL,0,0,0,1,4,0,51,1009,8,0,0,0,0,0,1
181052,22,ring,4871,1,1,553,25,1136,200,9088,5,50,176181,553,3266,11,0,0,88,NORMAL,0,0,0,1,24,0,51,989,8,0,0,0,0,0,1
181134,34,ring,4945,1,1,662,41,1130,328,9040,5,50,176189,662,3150,11,0,0,88,NORMAL,0,0,0,1,40,0,51,983,8,0,0,0,0,0,1
180768,41,ring,4416,1,1,1695,43,1089,344,8712,5,50,176352,1695,1954,11,0,0,88,NORMAL,0,0,0,1,42,0,45,948,8,0,0,0,0,0,1
181271,31,ring,4747,1,1,2241,37,1131,296,9048,5,50,176524,2241,1236,11,0,0,88,NORMAL,0,0,0,1,36,0,50,985,8,0,0,0,0,0,1
181188,43,ring,4613,1,0,0,47,1115,376,8920,5,50,176575,3425,0,10,0,0,88,NORMAL,0,0,0,1,46,0,50,969,8,0,0,0,0,0,1
181609,45,ring,5012,1,1,2690,49,1129,392,9032,5,50,176597,2690,713,11,0,0,88,NORMAL,0,0,0,1,48,0,51,982,8,0,0,0,0,0,1
181340,8,ring,4729,1,1,137,9,1151,72,9208,5,50,176611,137,3253,11,0,0,88,NORMAL,0,0,0,1,8,0,50,1005,8,0,0,0,0,0,1
181067,14,ring,4433,1,1,339,16,1111,128,8888,5,50,176634,339,3027,11,0,0,88,NORMAL,0,0,0,1,15,0,47,968,8,0,0,0,0,0,1
180968,25,ring,4317,1,1,1144,27,1080,216,8640,5,50,176651,1144,2205,11,0,0,88,NORMAL,0,0,0,1,26,0,44,940,8,0,0,0,0,0,1
181407,28,ring,4665,1,1,2349,32,1126,256,9008,5,50,176742,2349,910,11,0,0,88,NORMAL,0,0,0,1,31,0,49,981,8,0,0,0,0,0,1
181204,11,ring,4461,1,1,549,12,1119,96,8952,5,50,176743,549,2708,11,0,0,88,NORMAL,0,0,0,1,11,0,48,975,8,0,0,0,0,0,1
181136,47,ring,4372,1,0,0,46,1089,368,8712,5,50,176764,3237,0,10,0,0,88,NORMAL,0,0,0,1,45,0,46,947,8,0,0,0,0,0,1
181568,6,ring,4782,1,1,38,7,1154,56,9232,5,50,176786,38,3176,11,0,0,88,NORMAL,0,0,0,1,6,0,51,1007,8,0,0,0,0,0,1
181964,27,ring,5074,1,1,668,31,1130,248,9040,5,50,176890,668,2442,11,0,0,88,NORMAL,0,0,0,1,30,0,51,983,8,0,0,0,0,0,1
181746,42,ring,4844,1,0,0,48,1131,384,9048,5,50,176902,3098,0,10,0,0,88,NORMAL,0,0,0,1,47,0,52,983,8,0,0,0,0,0,1
181476,5,ring,4569,1,1,27,6,1141,48,9128,5,50,176907,27,3066,11,0,0,88,NORMAL,0,0,0,1,5,0,48,997,8,0,0,0,0,0,1
181289,17,ring,4358,1,1,702,18,1092,144,8736,5,50,176931,702,2368,11,0,0,88,NORMAL,0,0,0,1,17,0,44,952,8,0,0,0,0,0,1
181462,37,ring,4486,1,0,0,43,1116,344,8928,5,50,176976,3025,0,10,0,0,88,NORMAL,0,0,0,1,42,0,49,971,8,0,0,0,0,0,1
181898,7,ring,4786,1,1,117,8,1153,64,9224,5,50,177112,117,2772,11,0,0,88,NORMAL,0,0,0,1,7,0,51,1006,8,0,0,0,0,0,1
181938,48,ring,4801,1,0,0,51,1134,408,9072,5,50,177137,2864,0,10,0,0,88,NORMAL,0,0,0,1,50,0,52,986,8,0,0,0,0,0,1
181612,2,ring,4449,1,1,526,3,1127,24,9016,5,50,177163,526,2311,11,0,0,88,NORMAL,0,0,0,1,2,0,48,983,8,0,0,0,0,0,1
181762,19,ring,4596,1,1,705,22,1126,176,9008,5,50,177166,705,2130,11,0,0,88,NORMAL,0,0,0,1,21,0,49,981,8,0,0,0,0,0,1
181867,24,ring,4691,1,1,1857,28,1132,224,9056,5,50,177176,1857,968,11,0,0,88,NORMAL,0,0,0,1,27,0,49,987,8,0,0,0,0,0,1
181544,32,ring,4318,1,1,1943,34,1077,272,8616,5,50,177226,1943,832,11,0,0,88,NORMAL,0,0,0,1,33,0,44,937,8,0,0,0,0,0,1
181625,13,ring,4270,1,1,92,14,1081,112,8648,5,50,177355,92,2554,11,0,0,88,NORMAL,0,0,0,1,13,0,43,942,8,0,0,0,0,0,1
181976,10,ring,4595,1,1,593,12,1136,96,9088,5,50,177381,593,2027,11,0,0,88,NORMAL,0,0,0,1,11,0,49,991,8,0,0,0,0,0,1
181953,16,ring,4565,1,1,799,18,1128,144,9024,5,50,177388,799,1814,11,0,0,88,NORMAL,0,0,0,1,17,0,48,984,8,0,0,0,0,0,1
181883,39,ring,4258,1,0,0,40,1067,320,8536,5,50,177625,2376,0,10,0,0,89,NORMAL,0,0,0,1,39,0,44,926,8,0,0,0,0,0,1
181936,15,ring,4193,1,1,350,16,1069,128,8552,5,50,177743,350,1907,11,0,0,89,NORMAL,0,0,0,1,15,0,43,929,8,0,0,0,0,0,1
190110,46,ring,4871,2,1,36,51,1138,408,9104,5,50,185239,762,4000,12,1,0,92,NORMAL,0,0,0,2,49,0,51,987,8,0,0,0,0,0,1
190156,33,ring,4908,2,2,393,40,1142,320,9136,5,50,185248,393,4360,13,1,0,92,NORMAL,0,0,0,2,38,0,50,992,8,0,0,0,0,0,1
190101,9,ring,4691,2,2,32,11,1146,88,9168,5,50,185410,32,4559,13,1,0,92,NORMAL,0,0,0,2,9,0,48,998,8,0,0,0,0,0,1
190360,50,ring,4359,2,2,8002,156,1040,1248,8320,1,50,182000,8002,0,4,1,93,0,LEADER,1,0,0,2,51,10,51,987,2,0,0,0,2,8,0
190171,1,ring,4646,2,2,277,2,1152,16,9216,5,50,185525,277,4199,13,1,0,93,NORMAL,0,0,0,2,0,0,48,1003,8,0,0,0,0,0,1
190292,30,ring,4742,2,1,48,36,1136,288,9088,5,50,185550,451,4000,12,1,0,93,NORMAL,0,0,0,2,34,0,49,986,8,0,0,0,0,0,1
190374,18,ring,4799,1,1,574,21,1145,168,9160,5,50,185575,574,3852,11,0,0,93,NORMAL,0,0,0,1,20,0,51,993,8,0,0,0,0,0,1
190027,29,ring,4399,2,1,23,32,1093,256,8744,5,50,185628,372,4000,12,1,0,93,NORMAL,0,0,0,2,30,0,44,948,8,0,0,0,0,0,1
190454,49,ring,4454,1,1,4000,54,1132,432,9056,2,50,186000,4000,0,8,1,0,93,NORMAL,0,0,0,1,50,3,51,982,6,0,0,0,0,2,0
190018,36,ring,4343,2,1,52,39,1081,312,8648,5,50,185675,325,4000,12,1,0,93,NORMAL,0,0,0,2,37,0,43,937,8,0,0,0,0,0,1
190592,3,ring,4905,1,1,944,4,1162,32,9296,5,50,185687,944,3370,11,0,0,93,NORMAL,0,0,0,1,3,0,51,1010,8,0,0,0,0,0,1
190237,21,ring,4489,1,1,397,23,1117,184,8936,5,50,185748,397,3856,11,0,0,93,NORMAL,0,0,0,1,22,0,48,968,8,0,0,0,0,0,1
190647,12,ring,4867,2,1,100,15,1151,120,9208,5,50,185780,221,4000,12,1,0,93,NORMAL,0,0,0,2,13,0,50,1000,8,0,0,0,0,0,1
190765,23,ring,4977,2,2,113,27,1139,216,9112,5,50,185788,113,4100,13,1,0,93,NORMAL,0,0,0,2,25,0,50,988,8,0,0,0,0,0,1
190631,44,ring,4818,1,1,2337,48,1137,384,9096,5,50,185813,2337,1850,11,0,0,93,NORMAL,0,0,0,1,47,0,51,985,8,0,0,0,0,0,1
190294,40,ring,4391,1,1,1309,42,1094,336,8752,5,50,185903,1309,2789,11,0,0,93,NORMAL,0,0,0,1,41,0,45,948,8,0,0,0,0,0,1
190576,35,ring,4602,1,1,213,41,1122,328,8976,5,50,185974,213,3813,11,0,0,93,NORMAL,0,0,0,1,40,0,49,972,8,0,0,0,0,0,1
190985,26,ring,4989,1,1,525,30,1141,240,9128,5,50,185996,525,3479,11,0,0,93,NORMAL,0,0,0,1,29,0,51,989,8,0,0,0,0,0,1
190794,20,ring,4797,1,1,41,23,1143,184,9144,5,50,185997,41,3962,11,0,0,93,NORMAL,0,0,0,1,22,0,51,991,8,0,0,0,0,0,1
190440,38,ring,4310,1,1,2475,40,1080,320,8640,5,50,186130,2475,1396,11,0,0,93,NORMAL,0,0,0,1,39,0,44,935,8,0,0,0,0,0,1
191121,4,ring,4978,1,1,83,5,1161,40,9288,5,50,186143,83,3774,11,0,0,93,NORMAL,0,0,0,1,4,0,51,1009,8,0,0,0,0,0,1
191052,22,ring,4871,1,1,553,25,1141,200,9128,5,50,186181,553,3266,11,0,0,93,NORMAL,0,0,0,1,24,0,51,989,8,0,0,0,0,0,1
191134,34,ring,4945,1,1,662,41,1135,328,9080,5,50,186189,662,3150,11,0,0,93,NORMAL,0,0,0,1,40,0,51,983,8,0,0,0,0,0,1
190768,41,ring,4416,1,1,1695,43,1094,344,8752,5,50,186352,1695,1954,11,0,0,93,NORMAL,0,0,0,1,42,0,45,948,8,0,0,0,0,0,1
191271,31,ring,4747,1,1,2241,37,1136,296,9088,5,50,186524,2241,1236,11,0,0,93,NORMAL,0,0,0,1,36,0,50,985,8,0,0,0,0,0,1
191188,43,ring,4613,1,0,0,47,1120,376,8960,5,50,186575,3425,0,10,0,0,93,NORMAL,0,0,0,1,46,0,50,969,8,0,0,0,0,0,1
191609,45,ring,5012,1,1,2690,49,1134,392,9072,5,50,186597,2690,713,11,0,0,93,NORMAL,0,0,0,1,48,0,51,982,8,0,0,0,0,0,1
191340,8,ring,4729,1,1,137,9,1156,72,9248,5,50,186611,137,3253,11,0,0,93,NORMAL,0,0,0,1,8,0,50,1005,8,0,0,0,0,0,1
191067,14,ring,4433,1,1,339,16,1116,128,8928,5,50,186634,339,3027,11,0,0,93,NORMAL,0,0,0,1,15,0,47,968,8,0,0,0,0,0,1
190968,25,ring,4317,1,1,1144,27,1085,216,8680,5,50,186651,1144,2205,11,0,0,93,NORMAL,0,0,0,1,26,0,44,940,8,0,0,0,0,0,1
191407,28,ring,4665,1,1,2349,32,1131,256,9048,5,50,186742,2349,910,11,0,0,93,NORMAL,0,0,0,1,31,0,49,981,8,0,0,0,0,0,1
191204,11,ring,4461,1,1,549,12,1124,96,8992,5,50,186743,549,2708,11,0,0,93,NORMAL,0,0,0,1,11,0,48,975,8,0,0,0,0,0,1
191136,47,ring,4372,1,0,0,46,1094,368,8752,5,50,186764,3237,0,10,0,0,93,NORMAL,0,0,0,1,45,0,46,947,8,0,0,0,0,0,1
191568,6,ring,4782,1,1,38,7,1159,56,9272,5,50,186786,38,3176,11,0,0,93,NORMAL,0,0,0,1,6,0,51,1007,8,0,0,0,0,0,1
191964,27,ring,5074,1,1,668,31,1135,248,9080,5,50,186890,668,2442,11,0,0,93,NORMAL,0,0,0,1,30,0,51,983,8,0,0,0,0,0,1
191746,42,ring,4844,1,0,0,48,1136,384,9088,5,50,186902,3098,0,10,0,0,93,NORMAL,0,0,0,1,47,0,52,983,8,0,0,0,0,0,1
191476,5,ring,4569,1,1,27,6,1146,48,9168,5,50,186907,27,3066,11,0,0,93,NORMAL,0,0,0,1,5,0,48,997,8,0,0,0,0,0,1
191289,17,ring,4358,1,1,702,18,1097,144,8776,5,50,186931,702,2368,11,0,0,93,NORMAL,0,0,0,1,17,0,44,952,8,0,0,0,0,0,1
191462,37,ring,4486,1,0,0,43,1121,344,8968,5,50,186976,3025,0,10,0,0,93,NORMAL,0,0,0,1,42,0,49,971,8,0,0,0,0,0,1
191898,7,ring,4786,1,1,117,8,1158,64,9264,5,50,187112,117,2772,11,0,0,93,NORMAL,0,0,0,1,7,0,51,1006,8,0,0,0,0,0,1
191938,48,ring,4801,1,0,0,51,1139,408,9112,5,50,187137,2864,0,10,0,0,93,NORMAL,0,0,0,1,50,0,52,986,8,0,0,0,0,0,1
191612,2,ring,4449,1,1,526,3,1132,24,9056,5,50,187163,526,2311,11,0,0,93,NORMAL,0,0,0,1,2,0,48,983,8,0,0,0,0,0,1
191762,19,ring,4596,1,1,705,22,1131,176,9048,5,50,187166,705,2130,11,0,0,93,NORMAL,0,0,0,1,21,0,49,981,8,0,0,0,0,0,1
191867,24,ring,4691,1,1,1857,28,1137,224,9096,5,50,187176,1857,968,11,0,0,93,NORMAL,0,0,0,1,27,0,49,987,8,0,0,0,0,0,1
191544,32,ring,4318,1,1,1943,34,1082,272,8656,5,50,187226,1943,832,11,0,0,93,NORMAL,0,0,0,1,33,0,44,937,8,0,0,0,0,0,1
191625,13,ring,4270,1,1,92,14,1086,112,8688,5,50,187355,92,2554,11,0,0,93,NORMAL,0,0,0,1,13,0,43,942,8,0,0,0,0,0,1
191976,10,ring,4595,1,1,593,12,1141,96,9128,5,50,187381,593,2027,11,0,0,93,NORMAL,0,0,0,1,11,0,49,991,8,0,0,0,0,0,1
191953,16,ring,4565,1,1,799,18,1133,144,9064,5,50,187388,799,1814,11,0,0,93,NORMAL,0,0,0,1,17,0,48,984,8,0,0,0,0,0,1
191883,39,ring,4258,1,0,0,40,1072,320,8576,5,50,187625,2376,0,10,0,0,94,NORMAL,0,0,0,1,39,0,44,926,8,0,0,0,0,0,1
191936,15,ring,4193,1,1,350,16,1074,128,8592,5,50,187743,350,1907,11,0,0,94,NORMAL,0,0,0,1,15,0,43,929,8,0,0,0,0,0,1
200110,46,ring,4871,2,1,36,51,1143,408,9144,5,50,195239,762,4000,12,1,0,97,NORMAL,0,0,0,2,49,0,51,987,8,0,0,0,0,0,1
200156,33,ring,4908,2,2,393,40,1147,320,9176,5,50,195248,393,4360,13,1,0,97,NORMAL,0,0,0,2,38,0,50,992,8,0,0,0,0,0,1
200101,9,ring,4691,2,2,32,11,1151,88,9208,5,50,195410,32,4559,13,1,0,97,NORMAL,0,0,0,2,9,0,48,998,8,0,0,0,0,0,1
200360,50,ring,4359,2,2,8002,161,1040,1288,8320,1,50,192000,8002,0,4,1,98,0,LEADER,1,0,0,2,51,10,51,987,2,0,0,0,2,8,0
200171,1,ring,4646,2,2,277,2,1157,16,9256,5,50,195525,277,4199,13,1,0,98,NORMAL,0,0,0,2,0,0,48,1003,8,0,0,0,0,0,1
200292,30,ring,4742,2,1,48,36,1141,288,9128,5,50,195550,451,4000,12,1,0,98,NORMAL,0,0,0,2,34,0,49,986,8,0,0,0,0,0,1
200374,18,ring,4799,1,1,574,21,1150,168,9200,5,50,195575,574,3852,11,0,0,98,NORMAL,0,0,0,1,20,0,51,993,8,0,0,0,0,0,1
200027,29,ring,4399,2,1,23,32,1098,256,8784,5,50,195628,372,4000,12,1,0,98,NORMAL,0,0,0,2,30,0,44,948,8,0,0,0,0,0,1
200454,49,ring,4454,1,1,4000,54,1137,432,9096,2,50,196000,4000,0,8,1,0,98,NORMAL,0,0,0,1,50,3,51,982,6,0,0,0,0,2,0
200018,36,ring,4343,2,1,52,39,1086,312,8688,5,50,195675,325,4000,12,1,0,98,NORMAL,0,0,0,2,37,0,43,937,8,0,0,0,0,0,1
200592,3,ring,4905,1,1,944,4,1167,32,9336,5,50,195687,944,3370,11,0,0,98,NORMAL,0,0,0,1,3,0,51,1010,8,0,0,0,0,0,1
200237,21,ring,4489,1,1,397,23,1122,184,8976,5,50,195748,397,3856,11,0,0,98,NORMAL,0,0,0,1,22,0,48,968,8,0,0,0,0,0,1
200647,12,ring,4867,2,1,100,15,1156,120,9248,5,50,195780,221,4000,12,1,0,98,NORMAL,0,0,0,2,13,0,50,1000,8,0,0,0,0,0,1
200765,23,ring,4977,2,2,113,27,1144,216,9152,5,50,195788,113,4100,13,1,0,98,NORMAL,0,0,0,2,25,0,50,988,8,0,0,0,0,0,1
200631,44,ring,4818,1,1,2337,48,1142,384,9136,5,50,195813,2337,1850,11,0,0,98,NORMAL,0,0,0,1,47,0,51,985,8,0,0,0,0,0,1
200294,40,ring,4391,1,1,1309,42,1099,336,8792,5,50,195903,1309,2789,11,0,0,98,NORMAL,0,0,0,1,41,0,45,948,8,0,0,0,0,0,1
200576,35,ring,4602,1,1,213,41,1127,328,9016,5,50,195974,213,3813,11,0,0,98,NORMAL,0,0,0,1,40,0,49,972,8,0,0,0,0,0,1
200985,26,ring,4989,1,1,525,30,1146,240,9168,5,50,195996,525,3479,11,0,0,98,NORMAL,0,0,0,1,29,0,51,989,8,0,0,0,0,0,1
200794,20,ring,4797,1,1,41,23,1148,184,9184,5,50,195997,41,3962,11,0,0,98,NORMAL,0,0,0,1,22,0,51,991,8,0,0,0,0,0,1
200440,38,ring,4310,1,1,2475,40,1085,320,8680,5,50,196130,2475,1396,11,0,0,98,NORMAL,0,0,0,1,39,0,44,935,8,0,0,0,0,0,1
201121,4,ring,4978,1,1,83,5,1166,40,9328,5,50,196143,83,3774,11,0,0,98,NORMAL,0,0,0,1,4,0,51,1009,8,0,0,0,0,0,1
201052,22,ring,4871,1,1,553,25,1146,200,9168,5,50,196181,553,3266,11,0,0,98,NORMAL,0,0,0,1,24,0,51,989,8,0,0,0,0,0,1
201134,34,ring,4945,1,1,662,41,1140,328,9120,5,50,196189,662,3150,11,0,0,98,NORMAL,0,0,0,1,40,0,51,983,8,0,0,0,0,0,1
200768,41,ring,4416,1,1,1695,43,1099,344,8792,5,50,196352,1695,1954,11,0,0,98,NORMAL,0,0,0,1,42,0,45,948,8,0,0,0,0,0,1
201271,31,ring,4747,1,1,2241,37,1141,296,9128,5,50,196524,2241,1236,11,0,0,98,NORMAL,0,0,0,1,36,0,50,985,8,0,0,0,0,0,1
201188,43,ring,4613,1,0,0,47,1125,376,9000,5,50,196575,3425,0,10,0,0,98,NORMAL,0,0,0,1,46,0,50,969,8,0,0,0,0,0,1
201609,45,ring,5012,1,1,2690,49,1139,392,9112,5,50,196597,2690,713,11,0,0,98,NORMAL,0,0,0,1,48,0,51,982,8,0,0,0,0,0,1
201340,8,ring,4729,1,1,137,9,1161,72,9288,5,50,196611,137,3253,11,0,0,98,NORMAL,0,0,0,1,8,0,50,1005,8,0,0,0,0,0,1
201067,14,ring,4433,1,1,339,16,1121,128,8968,5,50,196634,339,3027,11,0,0,98,NORMAL,0,0,0,1,15,0,47,968,8,0,0,0,0,0,1
200968,25,ring,4317,1,1,1144,27,1090,216,8720,5,50,196651,1144,2205,11,0,0,98,NORMAL,0,0,0,1,26,0,44,940,8,0,0,0,0,0,1
201407,28,ring,4665,1,1,2349,32,1136,256,9088,5,50,196742,2349,910,11,0,0,98,NORMAL,0,0,0,1,31,0,49,981,8,0,0,0,0,0,1
201204,11,ring,4461,1,1,549,12,1129,96,9032,5,50,196743,549,2708,11,0,0,98,NORMAL,0,0,0,1,11,0,48,975,8,0,0,0,0,0,1
201136,47,ring,4372,1,0,0,46,1099,368,8792,5,50,196764,3237,0,10,0,0,98,NORMAL,0,0,0,1,45,0,46,947,8,0,0,0,0,0,1
201568,6,ring,4782,1,1,38,7,1164,56,9312,5,50,196786,38,3176,11,0,0,98,NORMAL,0,0,0,1,6,0,51,1007,8,0,0,0,0,0,1
201964,27,ring,5074,1,1,668,31,1140,248,9120,5,50,196890,668,2442,11,0,0,98,NORMAL,0,0,0,1,30,0,51,983,8,0,0,0,0,0,1
201746,42,ring,4844,1,0,0,48,1141,384,9128,5,50,196902,3098,0,10,0,0,98,NORMAL,0,0,0,1,47,0,52,983,8,0,0,0,0,0,1
201476,5,ring,4569,1,1,27,6,1151,48,9208,5,50,196907,27,3066,11,0,0,98,NORMAL,0,0,0,1,5,0,48,997,8,0,0,0,0,0,1
201289,17,ring,4358,1,1,702,18,1102,144,8816,5,50,196931,702,2368,11,0,0,98,NORMAL,0,0,0,1,17,0,44,952,8,0,0,0,0,0,1
201462,37,ring,4486,1,0,0,43,1126,344,9008,5,50,196976,3025,0,10,0,0,98,NORMAL,0,0,0,1,42,0,49,971,8,0,0,0,0,0,1
201898,7,ring,4786,1,1,117,8,1163,64,9304,5,50,197112,117,2772,11,0,0,98,NORMAL,0,0,0,1,7,0,51,1006,8,0,0,0,0,0,1
201938,48,ring,4801,1,0,0,51,1144,408,9152,5,50,197137,2864,0,10,0,0,98,NORMAL,0,0,0,1,50,0,52,986,8,0,0,0,0,0,1
201612,2,ring,4449,1,1,526,3,1137,24,9096,5,50,197163,526,2311,11,0,0,98,NORMAL,0,0,0,1,2,0,48,983,8,0,0,0,0,0,1
201762,19,ring,4596,1,1,705,22,1136,176,9088,5,50,197166,705,2130,11,0,0,98,NORMAL,0,0,0,1,21,0,49,981,8,0,0,0,0,0,1
201867,24,ring,4691,1,1,1857,28,1142,224,9136,5,50,197176,1857,968,11,0,0,98,NORMAL,0,0,0,1,27,0,49,987,8,0,0,0,0,0,1
201544,32,ring,4318,1,1,1943,34,1087,272,8696,5,50,197226,1943,832,11,0,0,98,NORMAL,0,0,0,1,33,0,44,937,8,0,0,0,0,0,1
201625,13,ring,4270,1,1,92,14,1091,112,8728,5,50,197355,92,2554,11,0,0,98,NORMAL,0,0,0,1,13,0,43,942,8,0,0,0,0,0,1
201976,10,ring,4595,1,1,593,12,1146,96,9168,5,50,197381,593,2027,11,0,0,98,NORMAL,0,0,0,1,11,0,49,991,8,0,0,0,0,0,1
201953,16,ring,4565,1,1,799,18,1138,144,9104,5,50,197388,799,1814,11,0,0,98,NORMAL,0,0,0,1,17,0,48,984,8,0,0,0,0,0,1
201883,39,ring,4258,1,0,0,40,1077,320,8616,5,50,197625,2376,0,10,0,0,99,NORMAL,0,0,0,1,39,0,44,926,8,0,0,0,0,0,1
201936,15,ring,4193,1,1,350,16,1079,128,8632,5,50,197743,350,1907,11,0,0,99,NORMAL,0,0,0,1,15,0,43,929,8,0,0,0,0,0,1
210110,46,ring,4871,2,1,36,51,1148,408,9184,5,50,205239,762,4000,12,1,0,102,NORMAL,0,0,0,2,49,0,51,987,8,0,0,0,0,0,1
210156,33,ring,4908,2,2,393,40,1152,320,9216,5,50,205248,393,4360,13,1,0,102,NORMAL,0,0,0,2,38,0,50,992,8,0,0,0,0,0,1
210101,9,ring,4691,2,2,32,11,1156,88,9248,5,50,205410,32,4559,13,1,0,102,NORMAL,0,0,0,2,9,0,48,998,8,0,0,0,0,0,1
210360,50,ring,4359,2,2,8002,166,1040,1328,8320,1,50,202000,8002,0,4,1,103,0,LEADER,1,0,0,2,51,10,51,987,2,0,0,0,2,8,0
210171,1,ring,4646,2,2,277,2,1162,16,9296,5,50,205525,277,4199,13,1,0,103,NORMAL,0,0,0,2,0,0,48,1003,8,0,0,0,0,0,1
210292,30,ring,4742,2,1,48,36,1146,288,9168,5,50,205550,451,4000,12,1,0,103,NORMAL,0,0,0,2,34,0,49,986,8,0,0,0,0,0,1
210374,18,ring,4799,1,1,574,21,1155,168,9240,5,50,205575,574,3852,11,0,0,103,NORMAL,0,0,0,1,20,0,51,993,8,0,0,0,0,0,1
210027,29,ring,4399,2,1,23,32,1103,256,8824,5,50,205628,372,4000,12,1,0,103,NORMAL,0,0,0,2,30,0,44,948,8,0,0,0,0,0,1
210454,49,ring,4454,1,1,4000,54,1142,432,9136,2,50,206000,4000,0,8,1,0,103,NORMAL,0,0,0,1,50,3,51,982,6,0,0,0,0,2,0
210018,36,ring,4343,2,1,52,39,1091,312,8728,5,50,205675,325,4000,12,1,0,103,NORMAL,0,0,0,2,37,0,43,937,8,0,0,0,0,0,1
210592,3,ring,4905,1,1,944,4,1172,32,9376,5,50,205687,944,3370,11,0,0,103,NORMAL,0,0,0,1,3,0,51,1010,8,0,0,0,0,0,1
210237,21,ring,4489,1,1,397,23,1127,184,9016,5,50,205748,397,3856,11,0,0,103,NORMAL,0,0,0,1,22,0,48,968,8,0,0,0,0,0,1
210647,12,ring,4867,2,1,100,15,1161,120,9288,5,50,205780,221,4000,12,1,0,103,NORMAL,0,0,0,2,13,0,50,1000,8,0,0,0,0,0,1
210765,23,ring,4977,2,2,113,27,1149,216,9192,5,50,205788,113,4100,13,1,0,103,NORMAL,0,0,0,2,25,0,50,988,8,0,0,0,0,0,1
210631,44,ring,4818,1,1,2337,48,1147,384,9176,5,50,205813,2337,1850,11,0,0,103,NORMAL,0,0,0,1,47,0,51,985,8,0,0,0,0,0,1
210294,40,ring,4391,1,1,1309,42,1104,336,8832,5,50,205903,1309,2789,11,0,0,103,NORMAL,0,0,0,1,41,0,45,948,8,0,0,0,0,0,1
210576,35,ring,4602,1,1,213,41,1132,328,9056,5,50,205974,213,3813,11,0,0,103,NORMAL,0,0,0,1,40,0,49,972,8,0,0,0,0,0,1
210985,26,ring,4989,1,1,525,30,1151,240,9208,5,50,205996,525,3479,11,0,0,103,NORMAL,0,0,0,1,29,0,51,989,8,0,0,0,0,0,1
210794,20,ring,4797,1,1,41,23,1153,184,9224,5,50,205997,41,3962,11,0,0,103,NORMAL,0,0,0,1,22,0,51,991,8,0,0,0,0,0,1
210440,38,ring,4310,1,1,2475,40,1090,320,8720,5,50,206130,2475,1396,11,0,0,103,NORMAL,0,0,0,1,39,0,44,935,8,0,0,0,0,0,1
211121,4,ring,4978,1,1,83,5,1171,40,9368,5,50,206143,83,3774,11,0,0,103,NORMAL,0,0,0,1,4,0,51,1009,8,0,0,0,0,0,1
211052,22,ring,4871,1,1,553,25,1151,200,9208,5,50,206181,553,3266,11,0,0,103,NORMAL,0,0,0,1,24,0,51,989,8,0,0,0,0,0,1
211134,34,ring,4945,1,1,662,41,1145,328,9160,5,50,206189,662,3150,11,0,0,103,NORMAL,0,0,0,1,40,0,51,983,8,0,0,0,0,0,1
210768,41,ring,4416,1,1,1695,43,1104,344,8832,5,50,206352,1695,1954,11,0,0,103,NORMAL,0,0,0,1,42,0,45,948,8,0,0,0,0,0,1
211271,31,ring,4747,1,1,2241,37,1146,296,9168,5,50,206524,2241,1236,11,0,0,103,NORMAL,0,0,0,1,36,0,50,985,8,0,0,0,0,0,1
211188,43,ring,4613,1,0,0,47,1130,376,9040,5,50,206575,3425,0,10,0,0,103,NORMAL,0,0,0,1,46,0,50,969,8,0,0,0,0,0,1
211609,45,ring,5012,1,1,2690,49,1144,392,9152,5,50,206597,2690,713,11,0,0,103,NORMAL,0,0,0,1,48,0,51,982,8,0,0,0,0,0,1
211340,8,ring,4729,1,1,137,9,1166,72,9328,5,50,206611,137,3253,11,0,0,103,NORMAL,0,0,0,1,8,0,50,1005,8,0,0,0,0,0,1
211067,14,ring,4433,1,1,339,16,1126,128,9008,5,50,206634,339,3027,11,0,0,103,NORMAL,0,0,0,1,15,0,47,968,8,0,0,0,0,0,1
210968,25,ring,4317,1,1,1144,27,1095,216,8760,5,50,206651,1144,2205,11,0,0,103,NORMAL,0,0,0,1,26,0,44,940,8,0,0,0,0,0,1
211407,28,ring,4665,1,1,2349,32,1141,256,9128,5,50,206742,2349,910,11,0,0,103,NORMAL,0,0,0,1,31,0,49,981,8,0,0,0,0,0,1
211204,11,ring,4461,1,1,549,12,1134,96,9072,5,50,206743,549,2708,11,0,0,103,NORMAL,0,0,0,1,11,0,48,975,8,0,0,0,0,0,1
211136,47,ring,4372,1,0,0,46,1104,368,8832,5,50,206764,3237,0,10,0,0,103,NORMAL,0,0,0,1,45,0,46,947,8,0,0,0,0,0,1
211568,6,ring,4782,1,1,38,7,1169,56,9352,5,50,206786,38,3176,11,0,0,103,NORMAL,0,0,0,1,6,0,51,1007,8,0,0,0,0,0,1
211964,27,ring,5074,1,1,668,31,1145,248,9160,5,50,206890,668,2442,11,0,0,103,NORMAL,0,0,0,1,30,0,51,983,8,0,0,0,0,0,1
211746,42,ring,4844,1,0,0,48,1146,384,9168,5,50,206902,3098,0,10,0,0,103,NORMAL,0,0,0,1,47,0,52,983,8,0,0,0,0,0,1
211476,5,ring,4569,1,1,27,6,1156,48,9248,5,50,206907,27,3066,11,0,0,103,NORMAL,0,0,0,1,5,0,48,997,8,0,0,0,0,0,1
211289,17,ring,4358,1,1,702,18,1107,144,8856,5,50,206931,702,2368,11,0,0,103,NORMAL,0,0,0,1,17,0,44,952,8,0,0,0,0,0,1
211462,37,ring,4486,1,0,0,43,1131,344,9048,5,50,206976,3025,0,10,0,0,103,NORMAL,0,0,0,1,42,0,49,971,8,0,0,0,0,0,1
211898,7,ring,4786,1,1,117,8,1168,64,9344,5,50,207112,117,2772,11,0,0,103,NORMAL,0,0,0,1,7,0,51,1006,8,0,0,0,0,0,1
211938,48,ring,4801,1,0,0,51,1149,408,9192,5,50,207137,2864,0,10,0,0,103,NORMAL,0,0,0,1,50,0,52,986,8,0,0,0,0,0,1
211612,2,ring,4449,1,1,526,3,1142,24,9136,5,50,207163,526,2311,11,0,0,103,NORMAL,0,0,0,1,2,0,48,983,8,0,0,0,0,0,1
211762,19,ring,4596,1,1,705,22,1141,176,9128,5,50,207166,705,2130,11,0,0,103,NORMAL,0,0,0,1,21,0,49,981,8,0,0,0,0,0,1
211867,24,ring,4691,1,1,1857,28,1147,224,9176,5,50,207176,1857,968,11,0,0,103,NORMAL,0,0,0,1,27,0,49,987,8,0,0,0,0,0,1
211544,32,ring,4318,1,1,1943,34,1092,272,8736,5,50,207226,1943,832,11,0,0,103,NORMAL,0,0,0,1,33,0,44,937,8,0,0,0,0,0,1
211625,13,ring,4270,1,1,92,14,1096,112,8768,5,50,207355,92,2554,11,0,0,103,NORMAL,0,0,0,1,13,0,43,942,8,0,0,0,0,0,1
211976,10,ring,4595,1,1,593,12,1151,96,9208,5,50,207381,593,2027,11,0,0,103,NORMAL,0,0,0,1,11,0,49,991,8,0,0,0,0,0,1
211953,16,ring,4565,1,1,799,18,1143,144,9144,5,50,207388,799,1814,11,0,0,103,NORMAL,0,0,0,1,17,0,48,984,8,0,0,0,0,0,1
211883,39,ring,4258,1,0,0,40,1082,320,8656,5,50,207625,2376,0,10,0,0,104,NORMAL,0,0,0,1,39,0,44,926,8,0,0,0,0,0,1
211936,15,ring,4193,1,1,350,16,1084,128,8672,5,50,207743,350,1907,11,0,0,104,NORMAL,0,0,0,1,15,0,43,929,8,0,0,0,0,0,1
220110,46,ring,4871,2,1,36,51,1153,408,9224,5,50,215239,762,4000,12,1,0,107,NORMAL,0,0,0,2,49,0,51,987,8,0,0,0,0,0,1
220156,33,ring,4908,2,2,393,40,1157,320,9256,5,50,215248,393,4360,13,1,0,107,NORMAL,0,0,0,2,38,0,50,992,8,0,0,0,0,0,1
220101,9,ring,4691,2,2,32,11,1161,88,9288,5,50,215410,32,4559,13,1,0,107,NORMAL,0,0,0,2,9,0,48,998,8,0,0,0,0,0,1
220360,50,ring,4359,2,2,8002,171,1040,1368,8320,1,50,212000,8002,0,4,1,108,0,LEADER,1,0,0,2,51,10,51,987,2,0,0,0,2,8,0
220171,1,ring,4646,2,2,277,2,1167,16,9336,5,50,215525,277,4199,13,1,0,108,NORMAL,0,0,0,2,0,0,48,1003,8,0,0,0,0,0,1
220292,30,ring,4742,2,1,48,36,1151,288,9208,5,50,215550,451,4000,12,1,0,108,NORMAL,0,0,0,2,34,0,49,986,8,0,0,0,0,0,1
220374,18,ring,4799,1,1,574,21,1160,168,9280,5,50,215575,574,3852,11,0,0,108,NORMAL,0,0,0,1,20,0,51,993,8,0,0,0,0,0,1
220027,29,ring,4399,2,1,23,32,1108,256,8864,5,50,215628,372,4000,12,1,0,108,NORMAL,0,0,0,2,30,0,44,948,8,0,0,0,0,0,1
220454,49,ring,4454,1,1,4000,54,1147,432,9176,2,50,216000,4000,0,8,1,0,108,NORMAL,0,0,0,1,50,3,51,982,6,0,0,0,0,2,0
220018,36,ring,4343,2,1,52,39,1096,312,8768,5,50,215675,325,4000,12,1,0,108,NORMAL,0,0,0,2,37,0,43,937,8,0,0,0,0,0,1
220592,3,ring,4905,1,1,944,4,1177,32,9416,5,50,215687,944,3370,11,0,0,108,NORMAL,0,0,0,1,3,0,51,1010,8,0,0,0,0,0,1
220237,21,ring,4489,1,1,397,23,1132,184,9056,5,50,215748,397,3856,11,0,0,108,NORMAL,0,0,0,1,22,0,48,968,8,0,0,0,0,0,1
220647,12,ring,4867,2,1,100,15,1166,120,9328,5,50,215780,221,4000,12,1,0,108,NORMAL,0,0,0,2,13,0,50,1000,8,0,0,0,0,0,1
220765,23,ring,4977,2,2,113,27,1154,216,9232,5,50,215788,113,4100,13,1,0,108,NORMAL,0,0,0,2,25,0,50,988,8,0,0,0,0,0,1
220631,44,ring,4818,1,1,2337,48,1152,384,9216,5,50,215813,2337,1850,11,0,0,108,NORMAL,0,0,0,1,47,0,51,985,8,0,0,0,0,0,1
220294,40,ring,4391,1,1,1309,42,1109,336,8872,5,50,215903,1309,2789,11,0,0,108,NORMAL,0,0,0,1,41,0,45,948,8,0,0,0,0,0,1
220576,35,ring,4602,1,1,213,41,1137,328,9096,5,50,215974,213,3813,11,0,0,108,NORMAL,0,0,0,1,40,0,49,972,8,0,0,0,0,0,1
220985,26,ring,4989,1,1,525,30,1156,240,9248,5,50,215996,525,3479,11,0,0,108,NORMAL,0,0,0,1,29,0,51,989,8,0,0,0,0,0,1
220794,20,ring,4797,1,1,41,23,1158,184,9264,5,50,215997,41,3962,11,0,0,108,NORMAL,0,0,0,1,22,0,51,991,8,0,0,0,0,0,1
220440,38,ring,4310,1,1,2475,40,1095,320,8760,5,50,216130,2475,1396,11,0,0,108,NORMAL,0,0,0,1,39,0,44,935,8,0,0,0,0,0,1
221121,4,ring,4978,1,1,83,5,1176,40,9408,5,50,216143,83,3774,11,0,0,108,NORMAL,0,0,0,1,4,0,51,1009,8,0,0,0,0,0,1
221052,22,ring,4871,1,1,553,25,1156,200,9248,5,50,216181,553,3266,11,0,0,108,NORMAL,0,0,0,1,24,0,51,989,8,0,0,0,0,0,1
221134,34,ring,4945,1,1,662,41,1150,328,9200,5,50,216189,662,3150,11,0,0,108,NORMAL,0,0,0,1,40,0,51,983,8,0,0,0,0,0,1
220768,41,ring,4416,1,1,1695,43,1109,344,8872,5,50,216352,1695,1954,11,0,0,108,NORMAL,0,0,0,1,42,0,45,948,8,0,0,0,0,0,1
221271,31,ring,4747,1,1,2241,37,1151,296,9208,5,50,216524,2241,1236,11,0,0,108,NORMAL,0,0,0,1,36,0,50,985,8,0,0,0,0,0,1
221188,43,ring,4613,1,0,0,47,1135,376,9080,5,50,216575,3425,0,10,0,0,108,NORMAL,0,0,0,1,46,0,50,969,8,0,0,0,0,0,1
221609,45,ring,5012,1,1,2690,49,1149,392,9192,5,50,216597,2690,713,11,0,0,108,NORMAL,0,0,0,1,48,0,51,982,8,0,0,0,0,0,1
221340,8,ring,4729,1,1,137,9,1171,72,9368,5,50,216611,137,3253,11,0,0,108,NORMAL,0,0,0,1,8,0,50,1005,8,0,0,0,0,0,1
221067,14,ring,4433,1,1,339,16,1131,128,9048,5,50,216634,339,3027,11,0,0,108,NORMAL,0,0,0,1,15,0,47,968,8,0,0,0,0,0,1
220968,25,ring,4317,1,1,1144,27,1100,216,8800,5,50,216651,1144,2205,11,0,0,108,NORMAL,0,0,0,1,26,0,44,940,8,0,0,0,0,0,1
221407,28,ring,4665,1,1,2349,32,1146,256,9168,5,50,216742,2349,910,11,0,0,108,NORMAL,0,0,0,1,31,0,49,981,8,0,0,0,0,0,1
221204,11,ring,4461,1,1,549,12,1139,96,9112,5,50,216743,549,2708,11,0,0,108,NORMAL,0,0,0,1,11,0,48,975,8,0,0,0,0,0,1
221136,47,ring,4372,1,0,0,46,1109,368,8872,5,50,216764,3237,0,10,0,0,108,NORMAL,0,0,0,1,45,0,46,947,8,0,0,0,0,0,1
221568,6,ring,4782,1,1,38,7,1174,56,9392,5,50,216786,38,3176,11,0,0,108,NORMAL,0,0,0,1,6,0,51,1007,8,0,0,0,0,0,1
221964,27,ring,5074,1,1,668,31,1150,248,9200,5,50,216890,668,2442,11,0,0,108,NORMAL,0,0,0,1,30,0,51,983,8,0,0,0,0,0,1
221746,42,ring,4844,1,0,0,48,1151,384,9208,5,50,216902,3098,0,10,0,0,108,NORMAL,0,0,0,1,47,0,52,983,8,0,0,0,0,0,1
221476,5,ring,4569,1,1,27,6,1161,48,9288,5,50,216907,27,3066,11,0,0,108,NORMAL,0,0,0,1,5,0,48,997,8,0,0,0,0,0,1
221289,17,ring,4358,1,1,702,18,1112,144,8896,5,50,216931,702,2368,11,0,0,108,NORMAL,0,0,0,1,17,0,44,952,8,0,0,0,0,0,1
221462,37,ring,4486,1,0,0,43,1136,344,9088,5,50,216976,3025,0,10,0,0,108,NORMAL,0,0,0,1,42,0,49,971,8,0,0,0,0,0,1
221898,7,ring,4786,1,1,117,8,1173,64,9384,5,50,217112,117,2772,11,0,0,108,NORMAL,0,0,0,1,7,0,51,1006,8,0,0,0,0,0,1
221938,48,ring,4801,1,0,0,51,1154,408,9232,5,50,217137,2864,0,10,0,0,108,NORMAL,0,0,0,1,50,0,52,986,8,0,0,0,0,0,1
221612,2,ring,4449,1,1,526,3,1147,24,9176,5,50,217163,526,2311,11,0,0,108,NORMAL,0,0,0,1,2,0,48,983,8,0,0,0,0,0,1
221762,19,ring,4596,1,1,705,22,1146,176,9168,5,50,217166,705,2130,11,0,0,108,NORMAL,0,0,0,1,21,0,49,981,8,0,0,0,0,0,1
221867,24,ring,4691,1,1,1857,28,1152,224,9216,5,50,217176,1857,968,11,0,0,108,NORMAL,0,0,0,1,27,0,49,987,8,0,0,0,0,0,1
221544,32,ring,4318,1,1,1943,34,1097,272,8776,5,50,217226,1943,832,11,0,0,108,NORMAL,0,0,0,1,33,0,44,937,8,0,0,0,0,0,1
221625,13,ring,4270,1,1,92,14,1101,112,8808,5,50,217355,92,2554,11,0,0,108,NORMAL,0,0,0,1,13,0,43,942,8,0,0,0,0,0,1
221976,10,ring,4595,1,1,593,12,1156,96,9248,5,50,217381,593,2027,11,0,0,108,NORMAL,0,0,0,1,11,0,49,991,8,0,0,0,0,0,1
221953,16,ring,4565,1,1,799,18,1148,144,9184,5,50,217388,799,1814,11,0,0,108,NORMAL,0,0,0,1,17,0,48,984,8,0,0,0,0,0,1
221883,39,ring,4258,1,0,0,40,1087,320,8696,5,50,217625,2376,0,10,0,0,109,NORMAL,0,0,0,1,39,0,44,926,8,0,0,0,0,0,1
221936,15,ring,4193,1,1,350,16,1089,128,8712,5,50,217743,350,1907,11,0,0,109,NORMAL,0,0,0,1,15,0,43,929,8,0,0,0,0,0,1
230110,46,ring,4871,2,1,36,51,1158,408,9264,5,50,225239,762,4000,12,1,0,112,NORMAL,0,0,0,2,49,0,51,987,8,0,0,0,0,0,1
230156,33,ring,4908,2,2,393,40,1162,320,9296,5,50,225248,393,4360,13,1,0,112,NORMAL,0,0,0,2,38,0,50,992,8,0,0,0,0,0,1
230101,9,ring,4691,2,2,32,11,1166,88,9328,5,50,225410,32,4559,13,1,0,112,NORMAL,0,0,0,2,9,0,48,998,8,0,0,0,0,0,1
230360,50,ring,4359,2,2,8002,176,1040,1408,8320,1,50,222000,8002,0,4,1,113,0,LEADER,1,0,0,2,51,10,51,987,2,0,0,0,2,8,0
230171,1,ring,4646,2,2,277,2,1172,16,9376,5,50,225525,277,4199,13,1,0,113,NORMAL,0,0,0,2,0,0,48,1003,8,0,0,0,0,0,1
230292,30,ring,4742,2,1,48,36,1156,288,9248,5,50,225550,451,4000,12,1,0,113,NORMAL,0,0,0,2,34,0,49,986,8,0,0,0,0,0,1
230374,18,ring,4799,1,1,574,21,1165,168,9320,5,50,225575,574,3852,11,0,0,113,NORMAL,0,0,0,1,20,0,51,993,8,0,0,0,0,0,1
230027,29,ring,4399,2,1,23,32,1113,256,8904,5,50,225628,372,4000,12,1,0,113,NORMAL,0,0,0,2,30,0,44,948,8,0,0,0,0,0,1
230454,49,ring,4454,1,1,4000,54,1152,432,9216,2,50,226000,4000,0,8,1,0,113,NORMAL,0,0,0,1,50,3,51,982,6,0,0,0,0,2,0
230018,36,ring,4343,2,1,52,39,1101,312,8808,5,50,225675,325,4000,12,1,0,113,NORMAL,0,0,0,2,37,0,43,937,8,0,0,0,0,0,1
230592,3,ring,4905,1,1,944,4,1182,32,9456,5,50,225687,944,3370,11,0,0,113,NORMAL,0,0,0,1,3,0,51,1010,8,0,0,0,0,0,1
230237,21,ring,4489,1,1,397,23,1137,184,9096,5,50,225748,397,3856,11,0,0,113,NORMAL,0,0,0,1,22,0,48,968,8,0,0,0,0,0,1
230647,12,ring,4867,2,1,100,15,1171,120,9368,5,50,225780,221,4000,12,1,0,113,NORMAL,0,0,0,2,13,0,50,1000,8,0,0,0,0,0,1
230765,23,ring,4977,2,2,113,27,1159,216,9272,5,50,225788,113,4100,13,1,0,113,NORMAL,0,0,0,2,25,0,50,988,8,0,0,0,0,0,1
230631,44,ring,4818,1,1,2337,48,1157,384,9256,5,50,225813,2337,1850,11,0,0,113,NORMAL,0,0,0,1,47,0,51,985,8,0,0,0,0,0,1
230294,40,ring,4391,1,1,1309,42,1114,336,8912,5,50,225903,1309,2789,11,0,0,113,NORMAL,0,0,0,1,41,0,45,948,8,0,0,0,0,0,1
230576,35,ring,4602,1,1,213,41,1142,328,9136,5,50,225974,213,3813,11,0,0,113,NORMAL,0,0,0,1,40,0,49,972,8,0,0,0,0,0,1
230985,26,ring,4989,1,1,525,30,1161,240,9288,5,50,225996,525,3479,11,0,0,113,NORMAL,0,0,0,1,29,0,51,989,8,0,0,0,0,0,1
230794,20,ring,4797,1,1,41,23,1163,184,9304,5,50,225997,41,3962,11,0,0,113,NORMAL,0,0,0,1,22,0,51,991,8,0,0,0,0,0,1
230440,38,ring,4310,1,1,2475,40,1100,320,8800,5,50,226130,2475,1396,11,0,0,113,NORMAL,0,0,0,1,39,0,44,935,8,0,0,0,0,0,1
231121,4,ring,4978,1,1,83,5,1181,40,9448,5,50,226143,83,3774,11,0,0,113,NORMAL,0,0,0,1,4,0,51,1009,8,0,0,0,0,0,1
231052,22,ring,4871,1,1,553,25,1161,200,9288,5,50,226181,553,3266,11,0,0,113,NORMAL,0,0,0,1,24,0,51,989,8,0,0,0,0,0,1
231134,34,ring,4945,1,1,662,41,1155,328,9240,5,50,226189,662,3150,11,0,0,113,NORMAL,0,0,0,1,40,0,51,983,8,0,0,0,0,0,1
230768,41,ring,4416,1,1,1695,43,1114,344,8912,5,50,226352,1695,1954,11,0,0,113,NORMAL,0,0,0,1,42,0,45,948,8,0,0,0,0,0,1
231271,31,ring,4747,1,1,2241,37,1156,296,9248,5,50,226524,2241,1236,11,0,0,113,NORMAL,0,0,0,1,36,0,50,985,8,0,0,0,0,0,1
231188,43,ring,4613,1,0,0,47,1140,376,9120,5,50,226575,3425,0,10,0,0,113,NORMAL,0,0,0,1,46,0,50,969,8,0,0,0,0,0,1
231609,45,ring,5012,1,1,2690,49,1154,392,9232,5,50,226597,2690,713,11,0,0,113,NORMAL,0,0,0,1,48,0,51,982,8,0,0,0,0,0,1
231340,8,ring,4729,1,1,137,9,1176,72,9408,5,50,226611,137,3253,11,0,0,113,NORMAL,0,0,0,1,8,0,50,1005,8,0,0,0,0,0,1
231067,14,ring,4433,1,1,339,16,1136,128,9088,5,50,226634,339,3027,11,0,0,113,NORMAL,0,0,0,1,15,0,47,968,8,0,0,0,0,0,1
230968,25,ring,4317,1,1,1144,27,1105,216,8840,5,50,226651,1144,2205,11,0,0,113,NORMAL,0,0,0,1,26,0,44,940,8,0,0,0,0,0,1
231407,28,ring,4665,1,1,2349,32,1151,256,9208,5,50,226742,2349,910,11,0,0,113,NORMAL,0,0,0,1,31,0,49,981,8,0,0,0,0,0,1
231204,11,ring,4461,1,1,549,12,1144,96,9152,5,50,226743,549,2708,11,0,0,113,NORMAL,0,0,0,1,11,0,48,975,8,0,0,0,0,0,1
231136,47,ring,4372,1,0,0,46,1114,368,8912,5,50,226764,3237,0,10,0,0,113,NORMAL,0,0,0,1,45,0,46,947,8,0,0,0,0,0,1
231568,6,ring,4782,1,1,38,7,1179,56,9432,5,50,226786,38,3176,11,0,0,113,NORMAL,0,0,0,1,6,0,51,1007,8,0,0,0,0,0,1
231964,27,ring,5074,1,1,668,31,1155,248,9240,5,50,226890,668,2442,11,0,0,113,NORMAL,0,0,0,1,30,0,51,983,8,0,0,0,0,0,1
231746,42,ring,4844,1,0,0,48,1156,384,9248,5,50,226902,3098,0,10,0,0,113,NORMAL,0,0,0,1,47,0,52,983,8,0,0,0,0,0,1
231476,5,ring,4569,1,1,27,6,1166,48,9328,5,50,226907,27,3066,11,0,0,113,NORMAL,0,0,0,1,5,0,48,997,8,0,0,0,0,0,1
231289,17,ring,4358,1,1,702,18,1117,144,8936,5,50,226931,702,2368,11,0,0,113,NORMAL,0,0,0,1,17,0,44,952,8,0,0,0,0,0,1
231462,37,ring,4486,1,0,0,43,1141,344,9128,5,50,226976,3025,0,10,0,0,113,NORMAL,0,0,0,1,42,0,49,971,8,0,0,0,0,0,1
231898,7,ring,4786,1,1,117,8,1178,64,9424,5,50,227112,117,2772,11,0,0,113,NORMAL,0,0,0,1,7,0,51,1006,8,0,0,0,0,0,1
231938,48,ring,4801,1,0,0,51,1159,408,9272,5,50,227137,2864,0,10,0,0,113,NORMAL,0,0,0,1,50,0,52,986,8,0,0,0,0,0,1
231612,2,ring,4449,1,1,526,3,1152,24,9216,5,50,227163,526,2311,11,0,0,113,NORMAL,0,0,0,1,2,0,48,983,8,0,0,0,0,0,1
231762,19,ring,4596,1,1,705,22,1151,176,9208,5,50,227166,705,2130,11,0,0,113,NORMAL,0,0,0,1,21,0,49,981,8,0,0,0,0,0,1
231867,24,ring,4691,1,1,1857,28,1157,224,9256,5,50,227176,1857,968,11,0,0,113,NORMAL,0,0,0,1,27,0,49,987,8,0,0,0,0,0,1
231544,32,ring,4318,1,1,1943,34,1102,272,8816,5,50,227226,1943,832,11,0,0,113,NORMAL,0,0,0,1,33,0,44,937,8,0,0,0,0,0,1
231625,13,ring,4270,1,1,92,14,1106,112,8848,5,50,227355,92,2554,11,0,0,113,NORMAL,0,0,0,1,13,0,43,942,8,0,0,0,0,0,1
231976,10,ring,4595,1,1,593,12,1161,96,9288,5,50,227381,593,2027,11,0,0,113,NORMAL,0,0,0,1,11,0,49,991,8,0,0,0,0,0,1
231953,16,ring,4565,1,1,799,18,1153,144,9224,5,50,227388,799,1814,11,0,0,113,NORMAL,0,0,0,1,17,0,48,984,8,0,0,0,0,0,1
231883,39,ring,4258,1,0,0,40,1092,320,8736,5,50,227625,2376,0,10,0,0,114,NORMAL,0,0,0,1,39,0,44,926,8,0,0,0,0,0,1
231936,15,ring,4193,1,1,350,16,1094,128,8752,5,50,227743,350,1907,11,0,0,114,NORMAL,0,0,0,1,15,0,43,929,8,0,0,0,0,0,1
240110,46,ring,4871,2,1,36,51,1163,408,9304,5,50,235239,762,4000,12,1,0,117,NORMAL,0,0,0,2,49,0,51,987,8,0,0,0,0,0,1
240156,33,ring,4908,2,2,393,40,1167,320,9336,5,50,235248,393,4360,13,1,0,117,NORMAL,0,0,0,2,38,0,50,992,8,0,0,0,0,0,1
240101,9,ring,4691,2,2,32,11,1171,88,9368,5,50,235410,32,4559,13,1,0,117,NORMAL,0,0,0,2,9,0,48,998,8,0,0,0,0,0,1
240360,50,ring,4359,2,2,8002,181,1040,1448,8320,1,50,232000,8002,0,4,1,118,0,LEADER,1,0,0,2,51,10,51,987,2,0,0,0,2,8,0
240171,1,ring,4646,2,2,277,2,1177,16,9416,5,50,235525,277,4199,13,1,0,118,NORMAL,0,0,0,2,0,0,48,1003,8,0,0,0,0,0,1
240292,30,ring,4742,2,1,48,36,1161,288,9288,5,50,235550,451,4000,12,1,0,118,NORMAL,0,0,0,2,34,0,49,986,8,0,0,0,0,0,1
240374,18,ring,4799,1,1,574,21,1170,168,9360,5,50,235575,574,3852,11,0,0,118,NORMAL,0,0,0,1,20,0,51,993,8,0,0,0,0,0,1
240027,29,ring,4399,2,1,23,32,1118,256,8944,5,50,235628,372,4000,12,1,0,118,NORMAL,0,0,0,2,30,0,44,948,8,0,0,0,0,0,1
240454,49,ring,4454,1,1,4000,54,1157,432,9256,2,50,236000,4000,0,8,1,0,118,NORMAL,0,0,0,1,50,3,51,982,6,0,0,0,0,2,0
240018,36,ring,4343,2,1,52,39,1106,312,8848,5,50,235675,325,4000,12,1,0,118,NORMAL,0,0,0,2,37,0,43,937,8,0,0,0,0,0,1
240592,3,ring,4905,1,1,944,4,1187,32,9496,5,50,235687,944,3370,11,0,0,118,NORMAL,0,0,0,1,3,0,51,1010,8,0,0,0,0,0,1
240237,21,ring,4489,1,1,397,23,1142,184,9136,5,50,235748,397,3856,11,0,0,118,NORMAL,0,0,0,1,22,0,48,968,8,0,0,0,0,0,1
240647,12,ring,4867,2,1,100,15,1176,120,9408,5,50,235780,221,4000,12,1,0,118,NORMAL,0,0,0,2,13,0,50,1000,8,0,0,0,0,0,1
240765,23,ring,4977,2,2,113,27,1164,216,9312,5,50,235788,113,4100,13,1,0,118,NORMAL,0,0,0,2,25,0,50,988,8,0,0,0,0,0,1
240631,44,ring,4818,1,1,2337,48,1162,384,9296,5,50,235813,2337,1850,11,0,0,118,NORMAL,0,0,0,1,47,0,51,985,8,0,0,0,0,0,1
240294,40,ring,4391,1,1,1309,42,1119,336,8952,5,50,235903,1309,2789,11,0,0,118,NORMAL,0,0,0,1,41,0,45,948,8,0,0,0,0,0,1
240576,35,ring,4602,1,1,213,41,1147,328,9176,5,50,235974,213,3813,11,0,0,118,NORMAL,0,0,0,1,40,0,49,972,8,0,0,0,0,0,1
240985,26,ring,4989,1,1,525,30,1166,240,9328,5,50,235996,525,3479,11,0,0,118,NORMAL,0,0,0,1,29,0,51,989,8,0,0,0,0,0,1
240794,20,ring,4797,1,1,41,23,1168,184,9344,5,50,235997,41,3962,11,0,0,118,NORMAL,0,0,0,1,22,0,51,991,8,0,0,0,0,0,1
240440,38,ring,4310,1,1,2475,40,1105,320,8840,5,50,236130,2475,1396,11,0,0,118,NORMAL,0,0,0,1,39,0,44,935,8,0,0,0,0,0,1
241121,4,ring,4978,1,1,83,5,1186,40,9488,5,50,236143,83,3774,11,0,0,118,NORMAL,0,0,0,1,4,0,51,1009,8,0,0,0,0,0,1
241052,22,ring,4871,1,1,553,25,1166,200,9328,5,50,236181,553,3266,11,0,0,118,NORMAL,0,0,0,1,24,0,51,989,8,0,0,0,0,0,1
241134,34,ring,4945,1,1,662,41,1160,328,9280,5,50,236189,662,3150,11,0,0,118,NORMAL,0,0,0,1,40,0,51,983,8,0,0,0,0,0,1
240768,41,ring,4416,1,1,1695,43,1119,344,8952,5,50,236352,1695,1954,11,0,0,118,NORMAL,0,0,0,1,42,0,45,948,8,0,0,0,0,0,1
241271,31,ring,4747,1,1,2241,37,1161,296,9288,5,50,236524,2241,1236,11,0,0,118,NORMAL,0,0,0,1,36,0,50,985,8,0,0,0,0,0,1
241188,43,ring,4613,1,0,0,47,1145,376,9160,5,50,236575,3425,0,10,0,0,118,NORMAL,0,0,0,1,46,0,50,969,8,0,0,0,0,0,1
241609,45,ring,5012,1,1,2690,49,1159,392,9272,5,50,236597,2690,713,11,0,0,118,NORMAL,0,0,0,1,48,0,51,982,8,0,0,0,0,0,1
241340,8,ring,4729,1,1,137,9,1181,72,9448,5,50,236611,137,3253,11,0,0,118,NORMAL,0,0,0,1,8,0,50,1005,8,0,0,0,0,0,1
241067,14,ring,4433,1,1,339,16,1141,128,9128,5,50,236634,339,3027,11,0,0,118,NORMAL,0,0,0,1,15,0,47,968,8,0,0,0,0,0,1
240968,25,ring,4317,1,1,1144,27,1110,216,8880,5,50,236651,1144,2205,11,0,0,118,NORMAL,0,0,0,1,26,0,44,940,8,0,0,0,0,0,1
241407,28,ring,4665,1,1,2349,32,1156,256,9248,5,50,236742,2349,910,11,0,0,118,NORMAL,0,0,0,1,31,0,49,981,8,0,0,0,0,0,1
241204,11,ring,4461,1,1,549,12,1149,96,9192,5,50,236743,549,2708,11,0,0,118,NORMAL,0,0,0,1,11,0,48,975,8,0,0,0,0,0,1
241136,47,ring,4372,1,0,0,46,1119,368,8952,5,50,236764,3237,0,10,0,0,118,NORMAL,0,0,0,1,45,0,46,947,8,0,0,0,0,0,1
241568,6,ring,4782,1,1,38,7,1184,56,9472,5,50,236786,38,3176,11,0,0,118,NORMAL,0,0,0,1,6,0,51,1007,8,0,0,0,0,0,1
241964,27,ring,5074,1,1,668,31,1160,248,9280,5,50,236890,668,2442,11,0,0,118,NORMAL,0,0,0,1,30,0,51,983,8,0,0,0,0,0,1
241746,42,ring,4844,1,0,0,48,1161,384,9288,5,50,236902,3098,0,10,0,0,118,NORMAL,0,0,0,1,47,0,52,983,8,0,0,0,0,0,1
241476,5,ring,4569,1,1,27,6,1171,48,9368,5,50,236907,27,3066,11,0,0,118,NORMAL,0,0,0,1,5,0,48,997,8,0,0,0,0,0,1
241289,17,ring,4358,1,1,702,18,1122,144,8976,5,50,236931,702,2368,11,0,0,118,NORMAL,0,0,0,1,17,0,44,952,8,0,0,0,0,0,1
241462,37,ring,4486,1,0,0,43,1146,344,9168,5,50,236976,3025,0,10,0,0,118,NORMAL,0,0,0,1,42,0,49,971,8,0,0,0,0,0,1
241898,7,ring,4786,1,1,117,8,1183,64,9464,5,50,237112,117,2772,11,0,0,118,NORMAL,0,0,0,1,7,0,51,1006,8,0,0,0,0,0,1
241938,48,ring,4801,1,0,0,51,1164,408,9312,5,50,237137,2864,0,10,0,0,118,NORMAL,0,0,0,1,50,0,52,986,8,0,0,0,0,0,1
241612,2,ring,4449,1,1,526,3,1157,24,9256,5,50,237163,526,2311,11,0,0,118,NORMAL,0,0,0,1,2,0,48,983,8,0,0,0,0,0,1
241762,19,ring,4596,1,1,705,22,1156,176,9248,5,50,237166,705,2130,11,0,0,118,NORMAL,0,0,0,1,21,0,49,981,8,0,0,0,0,0,1
241867,24,ring,4691,1,1,1857,28,1162,224,9296,5,50,237176,1857,968,11,0,0,118,NORMAL,0,0,0,1,27,0,49,987,8,0,0,0,0,0,1
241544,32,ring,4318,1,1,1943,34,1107,272,8856,5,50,237226,1943,832,11,0,0,118,NORMAL,0,0,0,1,33,0,44,937,8,0,0,0,0,0,1
241625,13,ring,4270,1,1,92,14,1111,112,8888,5,50,237355,92,2554,11,0,0,118,NORMAL,0,0,0,1,13,0,43,942,8,0,0,0,0,0,1
241976,10,ring,4595,1,1,593,12,1166,96,9328,5,50,237381,593,2027,11,0,0,118,NORMAL,0,0,0,1,11,0,49,991,8,0,0,0,0,0,1
241953,16,ring,4565,1,1,799,18,1158,144,9264,5,50,237388,799,1814,11,0,0,118,NORMAL,0,0,0,1,17,0,48,984,8,0,0,0,0,0,1
241883,39,ring,4258,1,0,0,40,1097,320,8776,5,50,237625,2376,0,10,0,0,119,NORMAL,0,0,0,1,39,0,44,926,8,0,0,0,0,0,1
241936,15,ring,4193,1,1,350,16,1099,128,8792,5,50,237743,350,1907,11,0,0,119,NORMAL,0,0,0,1,15,0,43,929,8,0,0,0,0,0,1
250110,46,ring,4871,2,1,36,51,1168,408,9344,5,50,245239,762,4000,12,1,0,122,NORMAL,0,0,0,2,49,0,51,987,8,0,0,0,0,0,1
250156,33,ring,4908,2,2,393,40,1172,320,9376,5,50,245248,393,4360,13,1,0,122,NORMAL,0,0,0,2,38,0,50,992,8,0,0,0,0,0,1
250101,9,ring,4691,2,2,32,11,1176,88,9408,5,50,245410,32,4559,13,1,0,122,NORMAL,0,0,0,2,9,0,48,998,8,0,0,0,0,0,1
250360,50,ring,4359,2,2,8002,186,1040,1488,8320,1,50,242000,8002,0,4,1,123,0,LEADER,1,0,0,2,51,10,51,987,2,0,0,0,2,8,0
250171,1,ring,4646,2,2,277,2,1182,16,9456,5,50,245525,277,4199,13,1,0,123,NORMAL,0,0,0,2,0,0,48,1003,8,0,0,0,0,0,1
250292,30,ring,4742,2,1,48,36,1166,288,9328,5,50,245550,451,4000,12,1,0,123,NORMAL,0,0,0,2,34,0,49,986,8,0,0,0,0,0,1
250374,18,ring,4799,1,1,574,21,1175,168,9400,5,50,245575,574,3852,11,0,0,123,NORMAL,0,0,0,1,20,0,51,993,8,0,0,0,0,0,1
250027,29,ring,4399,2,1,23,32,1123,256,8984,5,50,245628,372,4000,12,1,0,123,NORMAL,0,0,0,2,30,0,44,948,8,0,0,0,0,0,1
250454,49,ring,4454,1,1,4000,54,1162,432,9296,2,50,246000,4000,0,8,1,0,123,NORMAL,0,0,0,1,50,3,51,982,6,0,0,0,0,2,0
250018,36,ring,4343,2,1,52,39,1111,312,8888,5,50,245675,325,4000,12,1,0,123,NORMAL,0,0,0,2,37,0,43,937,8,0,0,0,0,0,1
250592,3,ring,4905,1,1,944,4,1192,32,9536,5,50,245687,944,3370,11,0,0,123,NORMAL,0,0,0,1,3,0,51,1010,8,0,0,0,0,0,1
250237,21,ring,4489,1,1,397,23,1147,184,9176,5,50,245748,397,3856,11,0,0,123,NORMAL,0,0,0,1,22,0,48,968,8,0,0,0,0,0,1
250647,12,ring,4867,2,1,100,15,1181,120,9448,5,50,245780,221,4000,12,1,0,123,NORMAL,0,0,0,2,13,0,50,1000,8,0,0,0,0,0,1
250765,23,ring,4977,2,2,113,27,1169,216,9352,5,50,245788,113,4100,13,1,0,123,NORMAL,0,0,0,2,25,0,50,988,8,0,0,0,0,0,1
250631,44,ring,4818,1,1,2337,48,1167,384,9336,5,50,245813,2337,1850,11,0,0,123,NORMAL,0,0,0,1,47,0,51,985,8,0,0,0,0,0,1
250294,40,ring,4391,1,1,1309,42,1124,336,8992,5,50,245903,1309,2789,11,0,0,123,NORMAL,0,0,0,1,41,0,45,948,8,0,0,0,0,0,1
250576,35,ring,4602,1,1,213,41,1152,328,9216,5,50,245974,213,3813,11,0,0,123,NORMAL,0,0,0,1,40,0,49,972,8,0,0,0,0,0,1
250985,26,ring,4989,1,1,525,30,1171,240,9368,5,50,245996,525,3479,11,0,0,123,NORMAL,0,0,0,1,29,0,51,989,8,0,0,0,0,0,1
250794,20,ring,4797,1,1,41,23,1173,184,9384,5,50,245997,41,3962,11,0,0,123,NORMAL,0,0,0,1,22,0,51,991,8,0,0,0,0,0,1
250440,38,ring,4310,1,1,2475,40,1110,320,8880,5,50,246130,2475,1396,11,0,0,123,NORMAL,0,0,0,1,39,0,44,935,8,0,0,0,0,0,1
251121,4,ring,4978,1,1,83,5,1191,40,9528,5,50,246143,83,3774,11,0,0,123,NORMAL,0,0,0,1,4,0,51,1009,8,0,0,0,0,0,1
251052,22,ring,4871,1,1,553,25,1171,200,9368,5,50,246181,553,3266,11,0,0,123,NORMAL,0,0,0,1,24,0,51,989,8,0,0,0,0,0,1
251134,34,ring,4945,1,1,662,41,1165,328,9320,5,50,246189,662,3150,11,0,0,123,NORMAL,0,0,0,1,40,0,51,983,8,0,0,0,0,0,1
250768,41,ring,4416,1,1,1695,43,1124,344,8992,5,50,246352,1695,1954,11,0,0,123,NORMAL,0,0,0,1,42,0,45,948,8,0,0,0,0,0,1
251271,31,ring,4747,1,1,2241,37,1166,296,9328,5,50,246524,2241,1236,11,0,0,123,NORMAL,0,0,0,1,36,0,50,985,8,0,0,0,0,0,1
251188,43,ring,4613,1,0,0,47,1150,376,9200,5,50,246575,3425,0,10,0,0,123,NORMAL,0,0,0,1,46,0,50,969,8,0,0,0,0,0,1
251609,45,ring,5012,1,1,2690,49,1164,392,9312,5,50,246597,2690,713,11,0,0,123,NORMAL,0,0,0,1,48,0,51,982,8,0,0,0,0,0,1
251340,8,ring,4729,1,1,137,9,1186,72,9488,5,50,246611,137,3253,11,0,0,123,NORMAL,0,0,0,1,8,0,50,1005,8,0,0,0,0,0,1
251067,14,ring,4433,1,1,339,16,1146,128,9168,5,50,246634,339,3027,11,0,0,123,NORMAL,0,0,0,1,15,0,47,968,8,0,0,0,0,0,1
250968,25,ring,4317,1,1,1144,27,1115,216,8920,5,50,246651,1144,2205,11,0,0,123,NORMAL,0,0,0,1,26,0,44,940,8,0,0,0,0,0,1
251407,28,ring,4665,1,1,2349,32,1161,256,9288,5,50,246742,2349,910,11,0,0,123,NORMAL,0,0,0,1,31,0,49,981,8,0,0,0,0,0,1
251204,11,ring,4461,1,1,549,12,1154,96,9232,5,50,246743,549,2708,11,0,0,123,NORMAL,0,0,0,1,11,0,48,975,8,0,0,0,0,0,1
251136,47,ring,4372,1,0,0,46,1124,368,8992,5,50,246764,3237,0,10,0,0,123,NORMAL,0,0,0,1,45,0,46,947,8,0,0,0,0,0,1
251568,6,ring,4782,1,1,38,7,1189,56,9512,5,50,246786,38,3176,11,0,0,123,NORMAL,0,0,0,1,6,0,51,1007,8,0,0,0,0,0,1
251964,27,ring,5074,1,1,668,31,1165,248,9320,5,50,246890,668,2442,11,0,0,123,NORMAL,0,0,0,1,30,0,51,983,8,0,0,0,0,0,1
251746,42,ring,4844,1,0,0,48,1166,384,9328,5,50,246902,3098,0,10,0,0,123,NORMAL,0,0,0,1,47,0,52,983,8,0,0,0,0,0,1
251476,5,ring,4569,1,1,27,6,1176,48,9408,5,50,246907,27,3066,11,0,0,123,NORMAL,0,0,0,1,5,0,48,997,8,0,0,0,0,0,1
251289,17,ring,4358,1,1,702,18,1127,144,9016,5,50,246931,702,2368,11,0,0,123,NORMAL,0,0,0,1,17,0,44,952,8,0,0,0,0,0,1
251462,37,ring,4486,1,0,0,43,1151,344,9208,5,50,246976,3025,0,10,0,0,123,NORMAL,0,0,0,1,42,0,49,971,8,0,0,0,0,0,1
251898,7,ring,4786,1,1,117,8,1188,64,9504,5,50,247112,117,2772,11,0,0,123,NORMAL,0,0,0,1,7,0,51,1006,8,0,0,0,0,0,1
251938,48,ring,4801,1,0,0,51,1169,408,9352,5,50,247137,2864,0,10,0,0,123,NORMAL,0,0,0,1,50,0,52,986,8,0,0,0,0,0,1
251612,2,ring,4449,1,1,526,3,1162,24,9296,5,50,247163,526,2311,11,0,0,123,NORMAL,0,0,0,1,2,0,48,983,8,0,0,0,0,0,1
251762,19,ring,4596,1,1,705,22,1161,176,9288,5,50,247166,705,2130,11,0,0,123,NORMAL,0,0,0,1,21,0,49,981,8,0,0,0,0,0,1
251867,24,ring,4691,1,1,1857,28,1167,224,9336,5,50,247176,1857,968,11,0,0,123,NORMAL,0,0,0,1,27,0,49,987,8,0,0,0,0,0,1
251544,32,ring,4318,1,1,1943,34,1112,272,8896,5,50,247226,1943,832,11,0,0,123,NORMAL,0,0,0,1,33,0,44,937,8,0,0,0,0,0,1
251625,13,ring,4270,1,1,92,14,1116,112,8928,5,50,247355,92,2554,11,0,0,123,NORMAL,0,0,0,1,13,0,43,942,8,0,0,0,0,0,1
251976,10,ring,4595,1,1,593,12,1171,96,9368,5,50,247381,593,2027,11,0,0,123,NORMAL,0,0,0,1,11,0,49,991,8,0,0,0,0,0,1
251953,16,ring,4565,1,1,799,18,1163,144,9304,5,50,247388,799,1814,11,0,0,123,NORMAL,0,0,0,1,17,0,48,984,8,0,0,0,0,0,1
251883,39,ring,4258,1,0,0,40,1102,320,8816,5,50,247625,2376,0,10,0,0,124,NORMAL,0,0,0,1,39,0,44,926,8,0,0,0,0,0,1
251936,15,ring,4193,1,1,350,16,1104,128,8832,5,50,247743,350,1907,11,0,0,124,NORMAL,0,0,0,1,15,0,43,929,8,0,0,0,0,0,1
260110,46,ring,4871,2,1,36,51,1173,408,9384,5,50,255239,762,4000,12,1,0,127,NORMAL,0,0,0,2,49,0,51,987,8,0,0,0,0,0,1
260156,33,ring,4908,2,2,393,40,1177,320,9416,5,50,255248,393,4360,13,1,0,127,NORMAL,0,0,0,2,38,0,50,992,8,0,0,0,0,0,1
260101,9,ring,4691,2,2,32,11,1181,88,9448,5,50,255410,32,4559,13,1,0,127,NORMAL,0,0,0,2,9,0,48,998,8,0,0,0,0,0,1
260360,50,ring,4359,2,2,8002,191,1040,1528,8320,1,50,252000,8002,0,4,1,128,0,LEADER,1,0,0,2,51,10,51,987,2,0,0,0,2,8,0
260171,1,ring,4646,2,2,277,2,1187,16,9496,5,50,255525,277,4199,13,1,0,128,NORMAL,0,0,0,2,0,0,48,1003,8,0,0,0,0,0,1
260292,30,ring,4742,2,1,48,36,1171,288,9368,5,50,255550,451,4000,12,1,0,128,NORMAL,0,0,0,2,34,0,49,986,8,0,0,0,0,0,1
260374,18,ring,4799,1,1,574,21,1180,168,9440,5,50,255575,574,3852,11,0,0,128,NORMAL,0,0,0,1,20,0,51,993,8,0,0,0,0,0,1
260027,29,ring,4399,2,1,23,32,1128,256,9024,5,50,255628,372,4000,12,1,0,128,NORMAL,0,0,0,2,30,0,44,948,8,0,0,0,0,0,1
260454,49,ring,4454,1,1,4000,54,1167,432,9336,2,50,256000,4000,0,8,1,0,128,NORMAL,0,0,0,1,50,3,51,982,6,0,0,0,0,2,0
260018,36,ring,4343,2,1,52,39,1116,312,8928,5,50,255675,325,4000,12,1,0,128,NORMAL,0,0,0,2,37,0,43,937,8,0,0,0,0,0,1
260592,3,ring,4905,1,1,944,4,1197,32,9576,5,50,255687,944,3370,11,0,0,128,NORMAL,0,0,0,1,3,0,51,1010,8,0,0,0,0,0,1
260237,21,ring,4489,1,1,397,23,1152,184,9216,5,50,255748,397,3856,11,0,0,128,NORMAL,0,0,0,1,22,0,48,968,8,0,0,0,0,0,1
260647,12,ring,4867,2,1,100,15,1186,120,9488,5,50,255780,221,4000,12,1,0,128,NORMAL,0,0,0,2,13,0,50,1000,8,0,0,0,0,0,1
260765,23,ring,4977,2,2,113,27,1174,216,9392,5,50,255788,113,4100,13,1,0,128,NORMAL,0,0,0,2,25,0,50,988,8,0,0,0,0,0,1
260631,44,ring,4818,1,1,2337,48,1172,384,9376,5,50,255813,2337,1850,11,0,0,128,NORMAL,0,0,0,1,47,0,51,985,8,0,0,0,0,0,1
260294,40,ring,4391,1,1,1309,42,1129,336,9032,5,50,255903,1309,2789,11,0,0,128,NORMAL,0,0,0,1,41,0,45,948,8,0,0,0,0,0,1
260576,35,ring,4602,1,1,213,41,1157,328,9256,5,50,255974,213,3813,11,0,0,128,NORMAL,0,0,0,1,40,0,49,972,8,0,0,0,0,0,1
260985,26,ring,4989,1,1,525,30,1176,240,9408,5,50,255996,525,3479,11,0,0,128,NORMAL,0,0,0,1,29,0,51,989,8,0,0,0,0,0,1
260794,20,ring,4797,1,1,41,23,1178,184,9424,5,50,255997,41,3962,11,0,0,128,NORMAL,0,0,0,1,22,0,51,991,8,0,0,0,0,0,1
260440,38,ring,4310,1,1,2475,40,1115,320,8920,5,50,256130,2475,1396,11,0,0,128,NORMAL,0,0,0,1,39,0,44,935,8,0,0,0,0,0,1
261121,4,ring,4978,1,1,83,5,1196,40,9568,5,50,256143,83,3774,11,0,0,128,NORMAL,0,0,0,1,4,0,51,1009,8,0,0,0,0,0,1
261052,22,ring,4871,1,1,553,25,1176,200,9408,5,50,256181,553,3266,11,0,0,128,NORMAL,0,0,0,1,24,0,51,989,8,0,0,0,0,0,1
261134,34,ring,4945,1,1,662,41,1170,328,9360,5,50,256189,662,3150,11,0,0,128,NORMAL,0,0,0,1,40,0,51,983,8,0,0,0,0,0,1
260768,41,ring,4416,1,1,1695,43,1129,344,9032,5,50,256352,1695,1954,11,0,0,128,NORMAL,0,0,0,1,42,0,45,948,8,0,0,0,0,0,1
261271,31,ring,4747,1,1,2241,37,1171,296,9368,5,50,256524,2241,1236,11,0,0,128,NORMAL,0,0,0,1,36,0,50,985,8,0,0,0,0,0,1
261188,43,ring,4613,1,0,0,47,1155,376,9240,5,50,256575,3425,0,10,0,0,128,NORMAL,0,0,0,1,46,0,50,969,8,0,0,0,0,0,1
261609,45,ring,5012,1,1,2690,49,1169,392,9352,5,50,256597,2690,713,11,0,0,128,NORMAL,0,0,0,1,48,0,51,982,8,0,0,0,0,0,1
261340,8,ring,4729,1,1,137,9,1191,72,9528,5,50,256611,137,3253,11,0,0,128,NORMAL,0,0,0,1,8,0,50,1005,8,0,0,0,0,0,1
261067,14,ring,4433,1,1,339,16,1151,128,9208,5,50,256634,339,3027,11,0,0,128,NORMAL,0,0,0,1,15,0,47,968,8,0,0,0,0,0,1
260968,25,ring,4317,1,1,1144,27,1120,216,8960,5,50,256651,1144,2205,11,0,0,128,NORMAL,0,0,0,1,26,0,44,940,8,0,0,0,0,0,1
261407,28,ring,4665,1,1,2349,32,1166,256,9328,5,50,256742,2349,910,11,0,0,128,NORMAL,0,0,0,1,31,0,49,981,8,0,0,0,0,0,1
261204,11,ring,4461,1,1,549,12,1159,96,9272,5,50,256743,549,2708,11,0,0,128,NORMAL,0,0,0,1,11,0,48,975,8,0,0,0,0,0,1
261136,47,ring,4372,1,0,0,46,1129,368,9032,5,50,256764,3237,0,10,0,0,128,NORMAL,0,0,0,1,45,0,46,947,8,0,0,0,0,0,1
261568,6,ring,4782,1,1,38,7,1194,56,9552,5,50,256786,38,3176,11,0,0,128,NORMAL,0,0,0,1,6,0,51,1007,8,0,0,0,0,0,1
261964,27,ring,5074,1,1,668,31,1170,248,9360,5,50,256890,668,2442,11,0,0,128,NORMAL,0,0,0,1,30,0,51,983,8,0,0,0,0,0,1
261746,42,ring,4844,1,0,0,48,1171,384,9368,5,50,256902,3098,0,10,0,0,128,NORMAL,0,0,0,1,47,0,52,983,8,0,0,0,0,0,1
261476,5,ring,4569,1,1,27,6,1181,48,9448,5,50,256907,27,3066,11,0,0,128,NORMAL,0,0,0,1,5,0,48,997,8,0,0,0,0,0,1
261289,17,ring,4358,1,1,702,18,1132,144,9056,5,50,256931,702,2368,11,0,0,128,NORMAL,0,0,0,1,17,0,44,952,8,0,0,0,0,0,1
261462,37,ring,4486,1,0,0,43,1156,344,9248,5,50,256976,3025,0,10,0,0,128,NORMAL,0,0,0,1,42,0,49,971,8,0,0,0,0,0,1
261898,7,ring,4786,1,1,117,8,1193,64,9544,5,50,257112,117,2772,11,0,0,128,NORMAL,0,0,0,1,7,0,51,1006,8,0,0,0,0,0,1
261938,48,ring,4801,1,0,0,51,1174,408,9392,5,50,257137,2864,0,10,0,0,128,NORMAL,0,0,0,1,50,0,52,986,8,0,0,0,0,0,1
261612,2,ring,4449,1,1,526,3,1167,24,9336,5,50,257163,526,2311,11,0,0,128,NORMAL,0,0,0,1,2,0,48,983,8,0,0,0,0,0,1
261762,19,ring,4596,1,1,705,22,1166,176,9328,5,50,257166,705,2130,11,0,0,128,NORMAL,0,0,0,1,21,0,49,981,8,0,0,0,0,0,1
261867,24,ring,4691,1,1,1857,28,1172,224,9376,5,50,257176,1857,968,11,0,0,128,NORMAL,0,0,0,1,27,0,49,987,8,0,0,0,0,0,1
261544,32,ring,4318,1,1,1943,34,1117,272,8936,5,50,257226,1943,832,11,0,0,128,NORMAL,0,0,0,1,33,0,44,937,8,0,0,0,0,0,1
261625,13,ring,4270,1,1,92,14,1121,112,8968,5,50,257355,92,2554,11,0,0,128,NORMAL,0,0,0,1,13,0,43,942,8,0,0,0,0,0,1
261976,10,ring,4595,1,1,593,12,1176,96,9408,5,50,257381,593,2027,11,0,0,128,NORMAL,0,0,0,1,11,0,49,991,8,0,0,0,0,0,1
261953,16,ring,4565,1,1,799,18,1168,144,9344,5,50,257388,799,1814,11,0,0,128,NORMAL,0,0,0,1,17,0,48,984,8,0,0,0,0,0,1
261883,39,ring,4258,1,0,0,40,1107,320,8856,5,50,257625,2376,0,10,0,0,129,NORMAL,0,0,0,1,39,0,44,926,8,0,0,0,0,0,1
261936,15,ring,4193,1,1,350,16,1109,128,8872,5,50,257743,350,1907,11,0,0,129,NORMAL,0,0,0,1,15,0,43,929,8,0,0,0,0,0,1
270110,46,ring,4871,2,1,36,51,1178,408,9424,5,50,265239,762,4000,12,1,0,132,NORMAL,0,0,0,2,49,0,51,987,8,0,0,0,0,0,1
270156,33,ring,4908,2,2,393,40,1182,320,9456,5,50,265248,393,4360,13,1,0,132,NORMAL,0,0,0,2,38,0,50,992,8,0,0,0,0,0,1
270101,9,ring,4691,2,2,32,11,1186,88,9488,5,50,265410,32,4559,13,1,0,132,NORMAL,0,0,0,2,9,0,48,998,8,0,0,0,0,0,1
270360,50,ring,4359,2,2,8002,196,1040,1568,8320,1,50,262000,8002,0,4,1,133,0,LEADER,1,0,0,2,51,10,51,987,2,0,0,0,2,8,0
270171,1,ring,4646,2,2,277,2,1192,16,9536,5,50,265525,277,4199,13,1,0,133,NORMAL,0,0,0,2,0,0,48,1003,8,0,0,0,0,0,1
270292,30,ring,4742,2,1,48,36,1176,288,9408,5,50,265550,451,4000,12,1,0,133,NORMAL,0,0,0,2,34,0,49,986,8,0,0,0,0,0,1
270374,18,ring,4799,1,1,574,21,1185,168,9480,5,50,265575,574,3852,11,0,0,133,NORMAL,0,0,0,1,20,0,51,993,8,0,0,0,0,0,1
270027,29,ring,4399,2,1,23,32,1133,256,9064,5,50,265628,372,4000,12,1,0,133,NORMAL,0,0,0,2,30,0,44,948,8,0,0,0,0,0,1
270454,49,ring,4454,1,1,4000,54,1172,432,9376,2,50,266000,4000,0,8,1,0,133,NORMAL,0,0,0,1,50,3,51,982,6,0,0,0,0,2,0
270018,36,ring,4343,2,1,52,39,1121,312,8968,5,50,265675,325,4000,12,1,0,133,NORMAL,0,0,0,2,37,0,43,937,8,0,0,0,0,0,1
270592,3,ring,4905,1,1,944,4,1202,32,9616,5,50,265687,944,3370,11,0,0,133,NORMAL,0,0,0,1,3,0,51,1010,8,0,0,0,0,0,1
270237,21,ring,4489,1,1,397,23,1157,184,9256,5,50,265748,397,3856,11,0,0,133,NORMAL,0,0,0,1,22,0,48,968,8,0,0,0,0,0,1
270647,12,ring,4867,2,1,100,15,1191,120,9528,5,50,265780,221,4000,12,1,0,133,NORMAL,0,0,0,2,13,0,50,1000,8,0,0,0,0,0,1
270765,23,ring,4977,2,2,113,27,1179,216,9432,5,50,265788,113,4100,13,1,0,133,NORMAL,0,0,0,2,25,0,50,988,8,0,0,0,0,0,1
270631,44,ring,4818,1,1,2337,48,1177,384,9416,5,50,265813,2337,1850,11,0,0,133,NORMAL,0,0,0,1,47,0,51,985,8,0,0,0,0,0,1
270294,40,ring,4391,1,1,1309,42,1134,336,9072,5,50,265903,1309,2789,11,0,0,133,NORMAL,0,0,0,1,41,0,45,948,8,0,0,0,0,0,1
270576,35,ring,4602,1,1,213,41,1162,328,9296,5,50,265974,213,3813,11,0,0,133,NORMAL,0,0,0,1,40,0,49,972,8,0,0,0,0,0,1
270985,26,ring,4989,1,1,525,30,1181,240,9448,5,50,265996,525,3479,11,0,0,133,NORMAL,0,0,0,1,29,0,51,989,8,0,0,0,0,0,1
270794,20,ring,4797,1,1,41,23,1183,184,9464,5,50,265997,41,3962,11,0,0,133,NORMAL,0,0,0,1,22,0,51,991,8,0,0,0,0,0,1
270440,38,ring,4310,1,1,2475,40,1120,320,8960,5,50,266130,2475,1396,11,0,0,133,NORMAL,0,0,0,1,39,0,44,935,8,0,0,0,0,0,1
271121,4,ring,4978,1,1,83,5,1201,40,9608,5,50,266143,83,3774,11,0,0,133,NORMAL,0,0,0,1,4,0,51,1009,8,0,0,0,0,0,1
271052,22,ring,4871,1,1,553,25,1181,200,9448,5,50,266181,553,3266,11,0,0,133,NORMAL,0,0,0,1,24,0,51,989,8,0,0,0,0,0,1
271134,34,ring,4945,1,1,662,41,1175,328,9400,5,50,266189,662,3150,11,0,0,133,NORMAL,0,0,0,1,40,0,51,983,8,0,0,0,0,0,1
270768,41,ring,4416,1,1,1695,43,1134,344,9072,5,50,266352,1695,1954,11,0,0,133,NORMAL,0,0,0,1,42,0,45,948,8,0,0,0,0,0,1
271271,31,ring,4747,1,1,2241,37,1176,296,9408,5,50,266524,2241,1236,11,0,0,133,NORMAL,0,0,0,1,36,0,50,985,8,0,0,0,0,0,1
271188,43,ring,4613,1,0,0,47,1160,376,9280,5,50,266575,3425,0,10,0,0,133,NORMAL,0,0,0,1,46,0,50,969,8,0,0,0,0,0,1
271609,45,ring,5012,1,1,2690,49,1174,392,9392,5,50,266597,2690,713,11,0,0,133,NORMAL,0,0,0,1,48,0,51,982,8,0,0,0,0,0,1
271340,8,ring,4729,1,1,137,9,1196,72,9568,5,50,266611,137,3253,11,0,0,133,NORMAL,0,0,0,1,8,0,50,1005,8,0,0,0,0,0,1
271067,14,ring,4433,1,1,339,16,1156,128,9248,5,50,266634,339,3027,11,0,0,133,NORMAL,0,0,0,1,15,0,47,968,8,0,0,0,0,0,1
270968,25,ring,4317,1,1,1144,27,1125,216,9000,5,50,266651,1144,2205,11,0,0,133,NORMAL,0,0,0,1,26,0,44,940,8,0,0,0,0,0,1
271407,28,ring,4665,1,1,2349,32,1171,256,9368,5,50,266742,2349,910,11,0,0,133,NORMAL,0,0,0,1,31,0,49,981,8,0,0,0,0,0,1
271204,11,ring,4461,1,1,549,12,1164,96,9312,5,50,266743,549,2708,11,0,0,133,NORMAL,0,0,0,1,11,0,48,975,8,0,0,0,0,0,1
271136,47,ring,4372,1,0,0,46,1134,368,9072,5,50,266764,3237,0,10,0,0,133,NORMAL,0,0,0,1,45,0,46,947,8,0,0,0,0,0,1
271568,6,ring,4782,1,1,38,7,1199,56,9592,5,50,266786,38,3176,11,0,0,133,NORMAL,0,0,0,1,6,0,51,1007,8,0,0,0,0,0,1
271964,27,ring,5074,1,1,668,31,1175,248,9400,5,50,266890,668,2442,11,0,0,133,NORMAL,0,0,0,1,30,0,51,983,8,0,0,0,0,0,1
271746,42,ring,4844,1,0,0,48,1176,384,9408,5,50,266902,3098,0,10,0,0,133,NORMAL,0,0,0,1,47,0,52,983,8,0,0,0,0,0,1
271476,5,ring,4569,1,1,27,6,1186,48,9488,5,50,266907,27,3066,11,0,0,133,NORMAL,0,0,0,1,5,0,48,997,8,0,0,0,0,0,1
271289,17,ring,4358,1,1,702,18,1137,144,9096,5,50,266931,702,2368,11,0,0,133,NORMAL,0,0,0,1,17,0,44,952,8,0,0,0,0,0,1
271462,37,ring,4486,1,0,0,43,1161,344,9288,5,50,266976,3025,0,10,0,0,133,NORMAL,0,0,0,1,42,0,49,971,8,0,0,0,0,0,1
271898,7,ring,4786,1,1,117,8,1198,64,9584,5,50,267112,117,2772,11,0,0,133,NORMAL,0,0,0,1,7,0,51,1006,8,0,0,0,0,0,1
271938,48,ring,4801,1,0,0,51,1179,408,9432,5,50,267137,2864,0,10,0,0,133,NORMAL,0,0,0,1,50,0,52,986,8,0,0,0,0,0,1
271612,2,ring,4449,1,1,526,3,1172,24,9376,5,50,267163,526,2311,11,0,0,133,NORMAL,0,0,0,1,2,0,48,983,8,0,0,0,0,0,1
271762,19,ring,4596,1,1,705,22,1171,176,9368,5,50,267166,705,2130,11,0,0,133,NORMAL,0,0,0,1,21,0,49,981,8,0,0,0,0,0,1
271867,24,ring,4691,1,1,1857,28,1177,224,9416,5,50,267176,1857,968,11,0,0,133,NORMAL,0,0,0,1,27,0,49,987,8,0,0,0,0,0,1
271544,32,ring,4318,1,1,1943,34,1122,272,8976,5,50,267226,1943,832,11,0,0,133,NORMAL,0,0,0,1,33,0,44,937,8,0,0,0,0,0,1
271625,13,ring,4270,1,1,92,14,1126,112,9008,5,50,267355,92,2554,11,0,0,133,NORMAL,0,0,0,1,13,0,43,942,8,0,0,0,0,0,1
271976,10,ring,4595,1,1,593,12,1181,96,9448,5,50,267381,593,2027,11,0,0,133,NORMAL,0,0,0,1,11,0,49,991,8,0,0,0,0,0,1
271953,16,ring,4565,1,1,799,18,1173,144,9384,5,50,267388,799,1814,11,0,0,133,NORMAL,0,0,0,1,17,0,48,984,8,0,0,0,0,0,1
271883,39,ring,4258,1,0,0,40,1112,320,8896,5,50,267625,2376,0,10,0,0,134,NORMAL,0,0,0,1,39,0,44,926,8,0,0,0,0,0,1
271936,15,ring,4193,1,1,350,16,1114,128,8912,5,50,267743,350,1907,11,0,0,134,NORMAL,0,0,0,1,15,0,43,929,8,0,0,0,0,0,1
280110,46,ring,4871,2,1,36,51,1183,408,9464,5,50,275239,762,4000,12,1,0,137,NORMAL,0,0,0,2,49,0,51,987,8,0,0,0,0,0,1
280156,33,ring,4908,2,2,393,40,1187,320,9496,5,50,275248,393,4360,13,1,0,137,NORMAL,0,0,0,2,38,0,50,992,8,0,0,0,0,0,1
280101,9,ring,4691,2,2,32,11,1191,88,9528,5,50,275410,32,4559,13,1,0,137,NORMAL,0,0,0,2,9,0,48,998,8,0,0,0,0,0,1
280360,50,ring,4359,2,2,8002,201,1040,1608,8320,1,50,272000,8002,0,4,1,138,0,LEADER,1,0,0,2,51,10,51,987,2,0,0,0,2,8,0
280171,1,ring,4646,2,2,277,2,1197,16,9576,5,50,275525,277,4199,13,1,0,138,NORMAL,0,0,0,2,0,0,48,1003,8,0,0,0,0,0,1
280292,30,ring,4742,2,1,48,36,1181,288,9448,5,50,275550,451,4000,12,1,0,138,NORMAL,0,0,0,2,34,0,49,986,8,0,0,0,0,0,1
280374,18,ring,4799,1,1,574,21,1190,168,9520,5,50,275575,574,3852,11,0,0,138,NORMAL,0,0,0,1,20,0,51,993,8,0,0,0,0,0,1
280027,29,ring,4399,2,1,23,32,1138,256,9104,5,50,275628,372,4000,12,1,0,138,NORMAL,0,0,0,2,30,0,44,948,8,0,0,0,0,0,1
280454,49,ring,4454,1,1,4000,54,1177,432,9416,2,50,276000,4000,0,8,1,0,138,NORMAL,0,0,0,1,50,3,51,982,6,0,0,0,0,2,0
280018,36,ring,4343,2,1,52,39,1126,312,9008,5,50,275675,325,4000,12,1,0,138,NORMAL,0,0,0,2,37,0,43,937,8,0,0,0,0,0,1
280592,3,ring,4905,1,1,944,4,1207,32,9656,5,50,275687,944,3370,11,0,0,138,NORMAL,0,0,0,1,3,0,51,1010,8,0,0,0,0,0,1
280237,21,ring,4489,1,1,397,23,1162,184,9296,5,50,275748,397,3856,11,0,0,138,NORMAL,0,0,0,1,22,0,48,968,8,0,0,0,0,0,1
280647,12,ring,4867,2,1,100,15,1196,120,9568,5,50,275780,221,4000,12,1,0,138,NORMAL,0,0,0,2,13,0,50,1000,8,0,0,0,0,0,1
280765,23,ring,4977,2,2,113,27,1184,216,9472,5,50,275788,113,4100,13,1,0,138,NORMAL,0,0,0,2,25,0,50,988,8,0,0,0,0,0,1
280631,44,ring,4818,1,1,2337,48,1182,384,9456,5,50,275813,2337,1850,11,0,0,138,NORMAL,0,0,0,1,47,0,51,985,8,0,0,0,0,0,1
280294,40,ring,4391,1,1,1309,42,1139,336,9112,5,50,275903,1309,2789,11,0,0,138,NORMAL,0,0,0,1,41,0,45,948,8,0,0,0,0,0,1
280576,35,ring,4602,1,1,213,41,1167,328,9336,5,50,275974,213,3813,11,0,0,138,NORMAL,0,0,0,1,40,0,49,972,8,0,0,0,0,0,1
280985,26,ring,4989,1,1,525,30,1186,240,9488,5,50,275996,525,3479,11,0,0,138,NORMAL,0,0,0,1,29,0,51,989,8,0,0,0,0,0,1
280794,20,ring,4797,1,1,41,23,1188,184,9504,5,50,275997,41,3962,11,0,0,138,NORMAL,0,0,0,1,22,0,51,991,8,0,0,0,0,0,1
280440,38,ring,4310,1,1,2475,40,1125,320,9000,5,50,276130,2475,1396,11,0,0,138,NORMAL,0,0,0,1,39,0,44,935,8,0,0,0,0,0,1
281121,4,ring,4978,1,1,83,5,1206,40,9648,5,50,276143,83,3774,11,0,0,138,NORMAL,0,0,0,1,4,0,51,1009,8,0,0,0,0,0,1
281052,22,ring,4871,1,1,553,25,1186,200,9488,5,50,276181,553,3266,11,0,0,138,NORMAL,0,0,0,1,24,0,51,989,8,0,0,0,0,0,1
281134,34,ring,4945,1,1,662,41,1180,328,9440,5,50,276189,662,3150,11,0,0,138,NORMAL,0,0,0,1,40,0,51,983,8,0,0,0,0,0,1
280768,41,ring,4416,1,1,1695,43,1139,344,9112,5,50,276352,1695,1954,11,0,0,138,NORMAL,0,0,0,1,42,0,45,948,8,0,0,0,0,0,1
281271,31,ring,4747,1,1,2241,37,1181,296,9448,5,50,276524,2241,1236,11,0,0,138,NORMAL,0,0,0,1,36,0,50,985,8,0,0,0,0,0,1
281188,43,ring,4613,1,0,0,47,1165,376,9320,5,50,276575,3425,0,10,0,0,138,NORMAL,0,0,0,1,46,0,50,969,8,0,0,0,0,0,1
281609,45,ring,5012,1,1,2690,49,1179,392,9432,5,50,276597,2690,713,11,0,0,138,NORMAL,0,0,0,1,48,0,51,982,8,0,0,0,0,0,1
281340,8,ring,4729,1,1,137,9,1201,72,9608,5,50,276611,137,3253,11,0,0,138,NORMAL,0,0,0,1,8,0,50,1005,8,0,0,0,0,0,1
281067,14,ring,4433,1,1,339,16,1161,128,9288,5,50,276634,339,3027,11,0,0,138,NORMAL,0,0,0,1,15,0,47,968,8,0,0,0,0,0,1
280968,25,ring,4317,1,1,1144,27,1130,216,9040,5,50,276651,1144,2205,11,0,0,138,NORMAL,0,0,0,1,26,0,44,940,8,0,0,0,0,0,1
281407,28,ring,4665,1,1,2349,32,1176,256,9408,5,50,276742,2349,910,11,0,0,138,NORMAL,0,0,0,1,31,0,49,981,8,0,0,0,0,0,1
281204,11,ring,4461,1,1,549,12,1169,96,9352,5,50,276743,549,2708,11,0,0,138,NORMAL,0,0,0,1,11,0,48,975,8,0,0,0,0,0,1
281136,47,ring,4372,1,0,0,46,1139,368,9112,5,50,276764,3237,0,10,0,0,138,NORMAL,0,0,0,1,45,0,46,947,8,0,0,0,0,0,1
281568,6,ring,4782,1,1,38,7,1204,56,9632,5,50,276786,38,3176,11,0,0,138,NORMAL,0,0,0,1,6,0,51,1007,8,0,0,0,0,0,1
281964,27,ring,5074,1,1,668,31,1180,248,9440,5,50,276890,668,2442,11,0,0,138,NORMAL,0,0,0,1,30,0,51,983,8,0,0,0,0,0,1
281746,42,ring,4844,1,0,0,48,1181,384,9448,5,50,276902,3098,0,10,0,0,138,NORMAL,0,0,0,1,47,0,52,983,8,0,0,0,0,0,1
281476,5,ring,4569,1,1,27,6,1191,48,9528,5,50,276907,27,3066,11,0,0,138,NORMAL,0,0,0,1,5,0,48,997,8,0,0,0,0,0,1
281289,17,ring,4358,1,1,702,18,1142,144,9136,5,50,276931,702,2368,11,0,0,138,NORMAL,0,0,0,1,17,0,44,952,8,0,0,0,0,0,1
281462,37,ring,4486,1,0,0,43,1166,344,9328,5,50,276976,3025,0,10,0,0,138,NORMAL,0,0,0,1,42,0,49,971,8,0,0,0,0,0,1
281898,7,ring,4786,1,1,117,8,1203,64,9624,5,50,277112,117,2772,11,0,0,138,NORMAL,0,0,0,1,7,0,51,1006,8,0,0,0,0,0,1
281938,48,ring,4801,1,0,0,51,1184,408,9472,5,50,277137,2864,0,10,0,0,138,NORMAL,0,0,0,1,50,0,52,986,8,0,0,0,0,0,1
281612,2,ring,4449,1,1,526,3,1177,24,9416,5,50,277163,526,2311,11,0,0,138,NORMAL,0,0,0,1,2,0,48,983,8,0,0,0,0,0,1
281762,19,ring,4596,1,1,705,22,1176,176,9408,5,50,277166,705,2130,11,0,0,138,NORMAL,0,0,0,1,21,0,49,981,8,0,0,0,0,0,1
281867,24,ring,4691,1,1,1857,28,1182,224,9456,5,50,277176,1857,968,11,0,0,138,NORMAL,0,0,0,1,27,0,49,987,8,0,0,0,0,0,1
281544,32,ring,4318,1,1,1943,34,1127,272,9016,5,50,277226,1943,832,11,0,0,138,NORMAL,0,0,0,1,33,0,44,937,8,0,0,0,0,0,1
281625,13,ring,4270,1,1,92,14,1131,112,9048,5,50,277355,92,2554,11,0,0,138,NORMAL,0,0,0,1,13,0,43,942,8,0,0,0,0,0,1
281976,10,ring,4595,1,1,593,12,1186,96,9488,5,50,277381,593,2027,11,0,0,138,NORMAL,0,0,0,1,11,0,49,991,8,0,0,0,0,0,1
281953,16,ring,4565,1,1,799,18,1178,144,9424,5,50,277388,799,1814,11,0,0,138,NORMAL,0,0,0,1,17,0,48,984,8,0,0,0,0,0,1
281883,39,ring,4258,1,0,0,40,1117,320,8936,5,50,277625,2376,0,10,0,0,139,NORMAL,0,0,0,1,39,0,44,926,8,0,0,0,0,0,1
281936,15,ring,4193,1,1,350,16,1119,128,8952,5,50,277743,350,1907,11,0,0,139,NORMAL,0,0,0,1,15,0,43,929,8,0,0,0,0,0,1
290110,46,ring,4871,2,1,36,51,1188,408,9504,5,50,285239,762,4000,12,1,0,142,NORMAL,0,0,0,2,49,0,51,987,8,0,0,0,0,0,1
290156,33,ring,4908,2,2,393,40,1192,320,9536,5,50,285248,393,4360,13,1,0,142,NORMAL,0,0,0,2,38,0,50,992,8,0,0,0,0,0,1
290101,9,ring,4691,2,2,32,11,1196,88,9568,5,50,285410,32,4559,13,1,0,142,NORMAL,0,0,0,2,9,0,48,998,8,0,0,0,0,0,1
290360,50,ring,4359,2,2,8002,206,1040,1648,8320,1,50,282000,8002,0,4,1,143,0,LEADER,1,0,0,2,51,10,51,987,2,0,0,0,2,8,0
290171,1,ring,4646,2,2,277,2,1202,16,9616,5,50,285525,277,4199,13,1,0,143,NORMAL,0,0,0,2,0,0,48,1003,8,0,0,0,0,0,1
290292,30,ring,4742,2,1,48,36,1186,288,9488,5,50,285550,451,4000,12,1,0,143,NORMAL,0,0,0,2,34,0,49,986,8,0,0,0,0,0,1
290374,18,ring,4799,1,1,574,21,1195,168,9560,5,50,285575,574,3852,11,0,0,143,NORMAL,0,0,0,1,20,0,51,993,8,0,0,0,0,0,1
290027,29,ring,4399,2,1,23,32,1143,256,9144,5,50,285628,372,4000,12,1,0,143,NORMAL,0,0,0,2,30,0,44,948,8,0,0,0,0,0,1
290454,49,ring,4454,1,1,4000,54,1182,432,9456,2,50,286000,4000,0,8,1,0,143,NORMAL,0,0,0,1,50,3,51,982,6,0,0,0,0,2,0
290018,36,ring,4343,2,1,52,39,1131,312,9048,5,50,285675,325,4000,12,1,0,143,NORMAL,0,0,0,2,37,0,43,937,8,0,0,0,0,0,1
290592,3,ring,4905,1,1,944,4,1212,32,9696,5,50,285687,944,3370,11,0,0,143,NORMAL,0,0,0,1,3,0,51,1010,8,0,0,0,0,0,1
290237,21,ring,4489,1,1,397,23,1167,184,9336,5,50,285748,397,3856,11,0,0,143,NORMAL,0,0,0,1,22,0,48,968,8,0,0,0,0,0,1
290647,12,ring,4867,2,1,100,15,1201,120,9608,5,50,285780,221,4000,12,1,0,143,NORMAL,0,0,0,2,13,0,50,1000,8,0,0,0,0,0,1
290765,23,ring,4977,2,2,113,27,1189,216,9512,5,50,285788,113,4100,13,1,0,143,NORMAL,0,0,0,2,25,0,50,988,8,0,0,0,0,0,1
290631,44,ring,4818,1,1,2337,48,1187,384,9496,5,50,285813,2337,1850,11,0,0,143,NORMAL,0,0,0,1,47,0,51,985,8,0,0,0,0,0,1
290294,40,ring,4391,1,1,1309,42,1144,336,9152,5,50,285903,1309,2789,11,0,0,143,NORMAL,0,0,0,1,41,0,45,948,8,0,0,0,0,0,1
290576,35,ring,4602,1,1,213,41,1172,328,9376,5,50,285974,213,3813,11,0,0,143,NORMAL,0,0,0,1,40,0,49,972,8,0,0,0,0,0,1
290985,26,ring,4989,1,1,525,30,1191,240,9528,5,50,285996,525,3479,11,0,0,143,NORMAL,0,0,0,1,29,0,51,989,8,0,0,0,0,0,1
290794,20,ring,4797,1,1,41,23,1193,184,9544,5,50,285997,41,3962,11,0,0,143,NORMAL,0,0,0,1,22,0,51,991,8,0,0,0,0,0,1
290440,38,ring,4310,1,1,2475,40,1130,320,9040,5,50,286130,2475,1396,11,0,0,143,NORMAL,0,0,0,1,39,0,44,935,8,0,0,0,0,0,1
291121,4,ring,4978,1,1,83,5,1211,40,9688,5,50,286143,83,3774,11,0,0,143,NORMAL,0,0,0,1,4,0,51,1009,8,0,0,0,0,0,1
291052,22,ring,4871,1,1,553,25,1191,200,9528,5,50,286181,553,3266,11,0,0,143,NORMAL,0,0,0,1,24,0,51,989,8,0,0,0,0,0,1
291134,34,ring,4945,1,1,662,41,1185,328,9480,5,50,286189,662,3150,11,0,0,143,NORMAL,0,0,0,1,40,0,51,983,8,0,0,0,0,0,1
290768,41,ring,4416,1,1,1695,43,1144,344,9152,5,50,286352,1695,1954,11,0,0,143,NORMAL,0,0,0,1,42,0,45,948,8,0,0,0,0,0,1
291271,31,ring,4747,1,1,2241,37,1186,296,9488,5,50,286524,2241,1236,11,0,0,143,NORMAL,0,0,0,1,36,0,50,985,8,0,0,0,0,0,1
291188,43,ring,4613,1,0,0,47,1170,376,9360,5,50,286575,3425,0,10,0,0,143,NORMAL,0,0,0,1,46,0,50,969,8,0,0,0,0,0,1
291609,45,ring,5012,1,1,2690,49,1184,392,9472,5,50,286597,2690,713,11,0,0,143,NORMAL,0,0,0,1,48,0,51,982,8,0,0,0,0,0,1
291340,8,ring,4729,1,1,137,9,1206,72,9648,5,50,286611,137,3253,11,0,0,143,NORMAL,0,0,0,1,8,0,50,1005,8,0,0,0,0,0,1
291067,14,ring,4433,1,1,339,16,1166,128,9328,5,50,286634,339,3027,11,0,0,143,NORMAL,0,0,0,1,15,0,47,968,8,0,0,0,0,0,1
290968,25,ring,4317,1,1,1144,27,1135,216,9080,5,50,286651,1144,2205,11,0,0,143,NORMAL,0,0,0,1,26,0,44,940,8,0,0,0,0,0,1
291407,28,ring,4665,1,1,2349,32,1181,256,9448,5,50,286742,2349,910,11,0,0,143,NORMAL,0,0,0,1,31,0,49,981,8,0,0,0,0,0,1
291204,11,ring,4461,1,1,549,12,1174,96,9392,5,50,286743,549,2708,11,0,0,143,NORMAL,0,0,0,1,11,0,48,975,8,0,0,0,0,0,1
291136,47,ring,4372,1,0,0,46,1144,368,9152,5,50,286764,3237,0,10,0,0,143,NORMAL,0,0,0,1,45,0,46,947,8,0,0,0,0,0,1
291568,6,ring,4782,1,1,38,7,1209,56,9672,5,50,286786,38,3176,11,0,0,143,NORMAL,0,0,0,1,6,0,51,1007,8,0,0,0,0,0,1
291964,27,ring,5074,1,1,668,31,1185,248,9480,5,50,286890,668,2442,11,0,0,143,NORMAL,0,0,0,1,30,0,51,983,8,0,0,0,0,0,1
291746,42,ring,4844,1,0,0,48,1186,384,9488,5,50,286902,3098,0,10,0,0,143,NORMAL,0,0,0,1,47,0,52,983,8,0,0,0,0,0,1
291476,5,ring,4569,1,1,27,6,1196,48,9568,5,50,286907,27,3066,11,0,0,143,NORMAL,0,0,0,1,5,0,48,997,8,0,0,0,0,0,1
291289,17,ring,4358,1,1,702,18,1147,144,9176,5,50,286931,702,2368,11,0,0,143,NORMAL,0,0,0,1,17,0,44,952,8,0,0,0,0,0,1
291462,37,ring,4486,1,0,0,43,1171,344,9368,5,50,286976,3025,0,10,0,0,143,NORMAL,0,0,0,1,42,0,49,971,8,0,0,0,0,0,1
291898,7,ring,4786,1,1,117,8,1208,64,9664,5,50,287112,117,2772,11,0,0,143,NORMAL,0,0,0,1,7,0,51,1006,8,0,0,0,0,0,1
291938,48,ring,4801,1,0,0,51,1189,408,9512,5,50,287137,2864,0,10,0,0,143,NORMAL,0,0,0,1,50,0,52,986,8,0,0,0,0,0,1
291612,2,ring,4449,1,1,526,3,1182,24,9456,5,50,287163,526,2311,11,0,0,143,NORMAL,0,0,0,1,2,0,48,983,8,0,0,0,0,0,1
291762,19,ring,4596,1,1,705,22,1181,176,9448,5,50,287166,705,2130,11,0,0,143,NORMAL,0,0,0,1,21,0,49,981,8,0,0,0,0,0,1
291867,24,ring,4691,1,1,1857,28,1187,224,9496,5,50,287176,1857,968,11,0,0,143,NORMAL,0,0,0,1,27,0,49,987,8,0,0,0,0,0,1
291544,32,ring,4318,1,1,1943,34,1132,272,9056,5,50,287226,1943,832,11,0,0,143,NORMAL,0,0,0,1,33,0,44,937,8,0,0,0,0,0,1
291625,13,ring,4270,1,1,92,14,1136,112,9088,5,50,287355,92,2554,11,0,0,143,NORMAL,0,0,0,1,13,0,43,942,8,0,0,0,0,0,1
291976,10,ring,4595,1,1,593,12,1191,96,9528,5,50,287381,593,2027,11,0,0,143,NORMAL,0,0,0,1,11,0,49,991,8,0,0,0,0,0,1
291953,16,ring,4565,1,1,799,18,1183,144,9464,5,50,287388,799,1814,11,0,0,143,NORMAL,0,0,0,1,17,0,48,984,8,0,0,0,0,0,1
291883,39,ring,4258,1,0,0,40,1122,320,8976,5,50,287625,2376,0,10,0,0,144,NORMAL,0,0,0,1,39,0,44,926,8,0,0,0,0,0,1
291936,15,ring,4193,1,1,350,16,1124,128,8992,5,50,287743,350,1907,11,0,0,144,NORMAL,0,0,0,1,15,0,43,929,8,0,0,0,0,0,1
