timestamp,node_id,algorithm,first_convergence_time_ms,elections_started,elections_completed,total_election_time_ms,messages_sent,messages_received,bytes_sent,bytes_received,leader_changes,current_leader,time_in_normal_ms,time_in_election_ms,time_in_waiting_ms,state_transitions,timeouts_detected,heartbeats_sent,heartbeats_received,current_state,am_leader,elections_won,elections_lost,msg_election_sent,msg_answer_sent,msg_coordinator_sent,msg_alive_sent,msg_election_recv,msg_answer_recv,msg_coordinator_recv,msg_alive_recv,duplicates_filtered,invalid_coordinators,coordinator_reannouncements,alive_adoptions
2944,29,bully,2944,1,1,2944,3,0,18,0,1,29,0,2944,0,2,0,0,0,LEADER,1,4,1,32,1,3,0,0,0,0,0,0,0,0,0
2910,19,bully,2910,1,1,2910,3,0,18,0,1,19,0,2910,0,2,0,0,0,LEADER,1,4,1,22,1,3,0,0,0,0,0,0,0,0,0
2707,2,bully,2707,1,1,2707,3,4,18,24,1,1,0,2707,0,2,0,0,0,NORMAL,0,3,2,3,3,3,0,4,0,0,0,0,0,0,0
3113,36,bully,3113,1,1,3113,3,0,18,0,1,36,0,3113,0,2,0,0,0,LEADER,1,4,1,39,1,3,0,0,0,0,0,0,0,0,0
2829,31,bully,2829,1,1,2829,3,0,18,0,1,31,0,2829,0,2,0,0,0,LEADER,1,4,1,34,1,3,0,0,0,0,0,0,0,0,0
3168,45,bully,3168,1,1,3168,3,0,18,0,1,45,0,3168,0,2,0,0,0,LEADER,1,4,1,48,1,3,0,0,0,0,0,0,0,0,0
2762,11,bully,2762,1,1,2762,3,2,18,12,1,1,0,2762,0,2,0,0,0,NORMAL,0,3,2,2,5,3,0,2,0,0,0,0,0,0,0
2862,41,bully,2862,1,1,2862,3,0,18,0,1,41,0,2862,0,2,0,0,0,LEADER,1,4,1,44,1,3,0,0,0,0,0,0,0,0,0
3080,26,bully,3080,1,1,3080,3,0,18,0,1,26,0,3080,0,2,0,0,0,LEADER,1,4,1,29,1,3,0,0,0,0,0,0,0,0,0
2854,4,bully,2854,1,1,2854,3,4,18,24,1,1,0,2854,0,2,0,0,0,NORMAL,0,3,2,2,5,3,0,4,0,0,0,0,0,0,0
3013,6,bully,3013,1,1,3013,3,4,18,24,1,2,0,3013,0,2,0,0,0,NORMAL,0,3,2,3,5,3,0,4,0,0,0,0,0,0,0
2740,12,bully,2740,1,1,2740,3,3,18,18,1,1,0,2740,0,2,0,0,0,NORMAL,0,3,2,2,6,3,0,3,0,0,0,0,0,0,0
2877,9,bully,2877,1,1,2877,3,2,18,12,1,1,0,2877,0,2,0,0,0,NORMAL,0,3,2,3,3,3,0,2,0,0,0,0,0,0,0
3032,48,bully,3032,1,1,3032,3,0,18,0,1,48,0,3032,0,2,0,0,0,LEADER,1,4,1,51,1,3,0,0,0,0,0,0,0,0,0
2726,44,bully,2726,1,1,2726,3,0,18,0,1,44,0,2726,0,2,0,0,0,LEADER,1,4,1,47,1,3,0,0,0,0,0,0,0,0,0
3434,8,bully,3434,1,1,3434,3,2,18,12,1,4,0,3434,0,2,0,0,0,NORMAL,0,3,2,5,5,3,0,2,0,0,0,0,0,0,0
2774,22,bully,2774,1,1,2774,3,0,18,0,1,22,0,2774,0,2,0,0,0,LEADER,1,4,1,25,1,3,0,0,0,0,0,0,0,0,0
3441,39,bully,3441,1,1,3441,3,0,18,0,1,39,0,3441,0,2,0,0,0,LEADER,1,4,1,42,1,3,0,0,0,0,0,0,0,0,0
2795,21,bully,2795,1,1,2795,3,0,18,0,1,21,0,2795,0,2,0,0,0,LEADER,1,4,1,24,1,3,0,0,0,0,0,0,0,0,0
3150,3,bully,3150,1,1,3150,3,8,18,48,1,1,0,3150,0,2,0,0,0,NORMAL,0,3,2,3,4,3,0,8,0,0,0,0,0,0,0
3571,5,bully,3571,1,1,3571,3,8,18,48,1,1,0,3571,0,2,0,0,0,NORMAL,0,3,2,2,6,3,0,8,0,0,0,0,0,0,0
3216,23,bully,3216,1,1,3216,3,0,18,0,1,23,0,3216,0,2,0,0,0,LEADER,1,4,1,26,1,3,0,0,0,0,0,0,0,0,0
2998,38,bully,2998,1,1,2998,3,0,18,0,1,38,0,2998,0,2,0,0,0,LEADER,1,4,1,41,1,3,0,0,0,0,0,0,0,0,0
3047,16,bully,3047,1,1,3047,3,3,18,18,1,4,0,3047,0,2,0,0,0,NORMAL,0,3,2,5,6,3,0,3,0,0,0,0,0,0,0
2932,25,bully,2932,1,1,2932,3,0,18,0,1,25,0,2932,0,2,0,0,0,LEADER,1,4,1,28,1,3,0,0,0,0,0,0,0,0,0
3250,33,bully,3250,1,1,3250,3,0,18,0,1,33,0,3250,0,2,0,0,0,LEADER,1,4,1,36,1,3,0,0,0,0,0,0,0,0,0
3218,37,bully,3218,1,1,3218,3,0,18,0,1,37,0,3218,0,2,0,0,0,LEADER,1,4,1,40,1,3,0,0,0,0,0,0,0,0,0
3474,49,bully,3474,1,1,3474,3,0,18,0,1,49,0,3474,0,2,0,0,0,LEADER,1,4,1,52,1,3,0,0,0,0,0,0,0,0,0
3135,35,bully,3135,1,1,3135,3,0,18,0,1,35,0,3135,0,2,0,0,0,LEADER,1,4,1,38,1,3,0,0,0,0,0,0,0,0,0
3611,46,bully,3611,1,1,3611,3,0,18,0,1,46,0,3611,0,2,0,0,0,LEADER,1,4,1,49,1,3,0,0,0,0,0,0,0,0,0
3489,17,bully,3489,1,1,3489,3,0,18,0,1,17,0,3489,0,2,0,0,0,LEADER,1,4,1,20,1,3,0,0,0,0,0,0,0,0,0
3626,14,bully,3626,1,1,3626,3,4,18,24,1,2,0,3626,0,2,0,0,0,NORMAL,0,3,2,3,6,3,0,4,0,0,0,0,0,0,0
3692,34,bully,3692,1,1,3692,3,0,18,0,1,34,0,3692,0,2,0,0,0,LEADER,1,4,1,37,1,3,0,0,0,0,0,0,0,0,0
3453,50,bully,3453,1,1,3453,3,0,18,0,1,50,0,3453,0,2,0,0,0,LEADER,1,4,1,53,1,3,0,0,0,0,0,0,0,0,0
3304,42,bully,3304,1,1,3304,3,0,18,0,1,42,0,3304,0,2,0,0,0,LEADER,1,4,1,45,1,3,0,0,0,0,0,0,0,0,0
2965,28,bully,2965,1,1,2965,3,0,18,0,1,28,0,2965,0,2,0,0,0,LEADER,1,4,1,31,1,3,0,0,0,0,0,0,0,0,0
3160,7,bully,3160,1,1,3160,3,8,18,48,1,2,0,3160,0,2,0,0,0,NORMAL,0,3,2,3,6,3,0,8,0,0,0,0,0,0,0
3603,15,bully,3603,1,1,3603,3,3,18,18,1,2,0,3603,0,2,0,0,0,NORMAL,0,3,2,3,6,3,0,3,0,0,0,0,0,0,0
3281,18,bully,3281,1,1,3281,3,0,18,0,1,18,0,3281,0,2,0,0,0,LEADER,1,4,1,21,1,3,0,0,0,0,0,0,0,0,0
3265,1,bully,3265,1,1,3265,3,8,18,48,1,1,0,3265,0,2,0,0,0,LEADER,1,4,1,4,1,3,0,8,0,0,0,0,0,0,0
3556,30,bully,3556,1,1,3556,3,0,18,0,1,30,0,3556,0,2,0,0,0,LEADER,1,4,1,33,1,3,0,0,0,0,0,0,0,0,0
3271,32,bully,3271,1,1,3271,3,0,18,0,1,32,0,3271,0,2,0,0,0,LEADER,1,4,1,35,1,3,0,0,0,0,0,0,0,0,0
3592,10,bully,3592,1,1,3592,3,4,18,24,1,1,0,3592,0,2,0,0,0,NORMAL,0,3,2,4,3,3,0,4,0,0,0,0,0,0,0
3183,13,bully,3183,1,1,3183,3,4,18,24,1,1,0,3183,0,2,0,0,0,NORMAL,0,3,2,2,6,3,0,4,0,0,0,0,0,0,0
3283,43,bully,3283,1,1,3283,3,0,18,0,1,43,0,3283,0,2,0,0,0,LEADER,1,4,1,46,1,3,0,0,0,0,0,0,0,0,0
3456,24,bully,3456,1,1,3456,3,0,18,0,1,24,0,3456,0,2,0,0,0,LEADER,1,4,1,27,1,3,0,0,0,0,0,0,0,0,0
3522,27,bully,3522,1,1,3522,3,0,18,0,1,27,0,3522,0,2,0,0,0,LEADER,1,4,1,30,1,3,0,0,0,0,0,0,0,0,0
3589,47,bully,3589,1,1,3589,3,0,18,0,1,47,0,3589,0,2,0,0,0,LEADER,1,4,1,50,1,3,0,0,0,0,0,0,0,0,0
3353,20,bully,3353,1,1,3353,3,0,18,0,1,20,0,3353,0,2,0,0,0,LEADER,1,4,1,23,1,3,0,0,0,0,0,0,0,0,0
3419,40,bully,3419,1,1,3419,3,0,18,0,1,40,0,3419,0,2,0,0,0,LEADER,1,4,1,43,1,3,0,0,0,0,0,0,0,0,0
5247,29,bully,2944,1,1,2944,6,0,36,0,1,29,2303,2944,0,2,0,0,0,LEADER,1,4,1,35,1,6,0,0,0,0,0,0,0,0,0
5213,19,bully,2910,1,1,2910,6,0,36,0,1,19,2303,2910,0,2,0,0,0,LEADER,1,4,1,25,1,6,0,0,0,0,0,0,0,0,0
5010,2,bully,2707,1,1,2707,6,9,36,54,1,1,2303,2707,0,2,0,0,0,NORMAL,0,3,1,6,3,6,0,9,0,0,0,0,0,0,0
5416,36,bully,3113,1,1,3113,6,0,36,0,1,36,2303,3113,0,2,0,0,0,LEADER,1,4,1,42,1,6,0,0,0,0,0,0,0,0,0
5132,31,bully,2829,1,1,2829,6,0,36,0,1,31,2303,2829,0,2,0,0,0,LEADER,1,4,1,37,1,6,0,0,0,0,0,0,0,0,0
5471,45,bully,3168,1,1,3168,6,0,36,0,1,45,2303,3168,0,2,0,0,0,LEADER,1,4,1,51,1,6,0,0,0,0,0,0,0,0,0
5065,11,bully,2762,1,1,2762,6,5,36,30,1,1,2303,2762,0,2,0,0,0,NORMAL,0,3,1,5,5,6,0,5,0,0,0,0,0,0,0
5165,41,bully,2862,1,1,2862,6,0,36,0,1,41,2303,2862,0,2,0,0,0,LEADER,1,4,1,47,1,6,0,0,0,0,0,0,0,0,0
5383,26,bully,3080,1,1,3080,6,0,36,0,1,26,2303,3080,0,2,0,0,0,LEADER,1,4,1,32,1,6,0,0,0,0,0,0,0,0,0
5157,4,bully,2854,1,1,2854,6,10,36,60,1,1,2303,2854,0,2,0,0,0,NORMAL,0,3,1,5,5,6,0,10,0,0,0,0,0,0,0
5316,6,bully,3013,1,1,3013,6,10,36,60,1,2,2303,3013,0,2,0,0,0,NORMAL,0,3,1,3,7,6,0,10,0,0,0,0,0,0,0
5043,12,bully,2740,1,1,2740,6,6,36,36,1,1,2303,2740,0,2,0,0,0,NORMAL,0,3,1,5,6,6,0,6,0,0,0,0,0,0,0
5180,9,bully,2877,1,1,2877,6,5,36,30,1,1,2303,2877,0,2,0,0,0,NORMAL,0,3,1,6,3,6,0,5,0,0,0,0,0,0,0
5335,48,bully,3032,1,1,3032,6,0,36,0,1,48,2303,3032,0,2,0,0,0,LEADER,1,4,1,54,1,6,0,0,0,0,0,0,0,0,0
5029,44,bully,2726,1,1,2726,6,0,36,0,1,44,2303,2726,0,2,0,0,0,LEADER,1,4,1,50,1,6,0,0,0,0,0,0,0,0,0
5737,8,bully,3434,1,1,3434,6,5,36,30,1,4,2303,3434,0,2,0,0,0,NORMAL,0,3,1,2,9,6,0,5,0,0,0,0,0,0,0
5077,22,bully,2774,1,1,2774,6,0,36,0,1,22,2303,2774,0,2,0,0,0,LEADER,1,4,1,28,1,6,0,0,0,0,0,0,0,0,0
5744,39,bully,3441,1,1,3441,6,0,36,0,1,39,2303,3441,0,2,0,0,0,LEADER,1,4,1,45,1,6,0,0,0,0,0,0,0,0,0
5098,21,bully,2795,1,1,2795,6,0,36,0,1,21,2303,2795,0,2,0,0,0,LEADER,1,4,1,27,1,6,0,0,0,0,0,0,0,0,0
5453,3,bully,3150,1,1,3150,6,14,36,84,1,1,2303,3150,0,2,0,0,0,NORMAL,0,3,1,6,4,6,0,14,0,0,0,0,0,0,0
5874,5,bully,3571,1,1,3571,6,14,36,84,1,1,2303,3571,0,2,0,0,0,NORMAL,0,3,1,5,6,6,0,14,0,0,0,0,0,0,0
5519,23,bully,3216,1,1,3216,6,0,36,0,1,23,2303,3216,0,2,0,0,0,LEADER,1,4,1,29,1,6,0,0,0,0,0,0,0,0,0
5301,38,bully,2998,1,1,2998,6,0,36,0,1,38,2303,2998,0,2,0,0,0,LEADER,1,4,1,44,1,6,0,0,0,0,0,0,0,0,0
5350,16,bully,3047,1,1,3047,6,6,36,36,1,4,2303,3047,0,2,0,0,0,NORMAL,0,3,1,2,10,6,0,6,0,0,0,0,0,0,0
5235,25,bully,2932,1,1,2932,6,0,36,0,1,25,2303,2932,0,2,0,0,0,LEADER,1,4,1,31,1,6,0,0,0,0,0,0,0,0,0
5553,33,bully,3250,1,1,3250,6,0,36,0,1,33,2303,3250,0,2,0,0,0,LEADER,1,4,1,39,1,6,0,0,0,0,0,0,0,0,0
5521,37,bully,3218,1,1,3218,6,0,36,0,1,37,2303,3218,0,2,0,0,0,LEADER,1,4,1,43,1,6,0,0,0,0,0,0,0,0,0
5777,49,bully,3474,1,1,3474,6,0,36,0,1,49,2303,3474,0,2,0,0,0,LEADER,1,4,1,55,1,6,0,0,0,0,0,0,0,0,0
5438,35,bully,3135,1,1,3135,6,0,36,0,1,35,2303,3135,0,2,0,0,0,LEADER,1,4,1,41,1,6,0,0,0,0,0,0,0,0,0
5914,46,bully,3611,1,1,3611,6,0,36,0,1,46,2303,3611,0,2,0,0,0,LEADER,1,4,1,52,1,6,0,0,0,0,0,0,0,0,0
5792,17,bully,3489,1,1,3489,6,0,36,0,1,17,2303,3489,0,2,0,0,0,LEADER,1,4,1,23,1,6,0,0,0,0,0,0,0,0,0
5929,14,bully,3626,1,1,3626,6,7,36,42,1,2,2303,3626,0,2,0,0,0,NORMAL,0,3,1,3,8,6,0,7,0,0,0,0,0,0,0
5995,34,bully,3692,1,1,3692,6,0,36,0,1,34,2303,3692,0,2,0,0,0,LEADER,1,4,1,40,1,6,0,0,0,0,0,0,0,0,0
5756,50,bully,3453,1,1,3453,6,0,36,0,1,50,2303,3453,0,2,0,0,0,LEADER,1,4,1,56,1,6,0,0,0,0,0,0,0,0,0
5607,42,bully,3304,1,1,3304,6,0,36,0,1,42,2303,3304,0,2,0,0,0,LEADER,1,4,1,48,1,6,0,0,0,0,0,0,0,0,0
5268,28,bully,2965,1,1,2965,6,0,36,0,1,28,2303,2965,0,2,0,0,0,LEADER,1,4,1,34,1,6,0,0,0,0,0,0,0,0,0
5463,7,bully,3160,1,1,3160,6,14,36,84,1,2,2303,3160,0,2,0,0,0,NORMAL,0,3,1,3,8,6,0,14,0,0,0,0,0,0,0
5906,15,bully,3603,1,1,3603,6,7,36,42,1,2,2303,3603,0,2,0,0,0,NORMAL,0,3,1,3,8,6,0,7,0,0,0,0,0,0,0
5584,18,bully,3281,1,1,3281,6,0,36,0,1,18,2303,3281,0,2,0,0,0,LEADER,1,4,1,24,1,6,0,0,0,0,0,0,0,0,0
5568,1,bully,3265,1,1,3265,6,14,36,84,1,1,2303,3265,0,2,0,0,0,LEADER,1,4,1,7,1,6,0,14,0,0,0,0,0,0,0
5859,30,bully,3556,1,1,3556,6,0,36,0,1,30,2303,3556,0,2,0,0,0,LEADER,1,4,1,36,1,6,0,0,0,0,0,0,0,0,0
5574,32,bully,3271,1,1,3271,6,0,36,0,1,32,2303,3271,0,2,0,0,0,LEADER,1,4,1,38,1,6,0,0,0,0,0,0,0,0,0
5895,10,bully,3592,1,1,3592,6,7,36,42,1,1,2303,3592,0,2,0,0,0,NORMAL,0,3,1,7,3,6,0,7,0,0,0,0,0,0,0
5486,13,bully,3183,1,1,3183,6,7,36,42,1,1,2303,3183,0,2,0,0,0,NORMAL,0,3,1,5,6,6,0,7,0,0,0,0,0,0,0
5586,43,bully,3283,1,1,3283,6,0,36,0,1,43,2303,3283,0,2,0,0,0,LEADER,1,4,1,49,1,6,0,0,0,0,0,0,0,0,0
5759,24,bully,3456,1,1,3456,6,0,36,0,1,24,2303,3456,0,2,0,0,0,LEADER,1,4,1,30,1,6,0,0,0,0,0,0,0,0,0
5825,27,bully,3522,1,1,3522,6,0,36,0,1,27,2303,3522,0,2,0,0,0,LEADER,1,4,1,33,1,6,0,0,0,0,0,0,0,0,0
5892,47,bully,3589,1,1,3589,6,0,36,0,1,47,2303,3589,0,2,0,0,0,LEADER,1,4,1,53,1,6,0,0,0,0,0,0,0,0,0
5656,20,bully,3353,1,1,3353,6,0,36,0,1,20,2303,3353,0,2,0,0,0,LEADER,1,4,1,26,1,6,0,0,0,0,0,0,0,0,0
5722,40,bully,3419,1,1,3419,6,0,36,0,1,40,2303,3419,0,2,0,0,0,LEADER,1,4,1,46,1,6,0,0,0,0,0,0,0,0,0
7550,29,bully,2944,1,1,2944,9,0,54,0,1,29,4606,2944,0,2,0,0,0,LEADER,1,4,1,38,1,9,0,0,0,0,0,0,0,0,0
7516,19,bully,2910,1,1,2910,9,0,54,0,1,19,4606,2910,0,2,0,0,0,LEADER,1,4,1,28,1,9,0,0,0,0,0,0,0,0,0
7313,2,bully,2707,1,1,2707,9,16,54,96,1,1,4606,2707,0,2,0,0,0,NORMAL,0,3,1,9,3,9,0,16,0,0,0,0,0,0,0
7719,36,bully,3113,1,1,3113,9,0,54,0,1,36,4606,3113,0,2,0,0,0,LEADER,1,4,1,45,1,9,0,0,0,0,0,0,0,0,0
7435,31,bully,2829,1,1,2829,9,0,54,0,1,31,4606,2829,0,2,0,0,0,LEADER,1,4,1,40,1,9,0,0,0,0,0,0,0,0,0
7774,45,bully,3168,1,1,3168,9,0,54,0,1,45,4606,3168,0,2,0,0,0,LEADER,1,4,1,54,1,9,0,0,0,0,0,0,0,0,0
7368,11,bully,2762,1,1,2762,9,8,54,48,1,1,4606,2762,0,2,0,0,0,NORMAL,0,3,1,8,5,9,0,8,0,0,0,0,0,0,0
7468,41,bully,2862,1,1,2862,9,0,54,0,1,41,4606,2862,0,2,0,0,0,LEADER,1,4,1,50,1,9,0,0,0,0,0,0,0,0,0
7686,26,bully,3080,1,1,3080,9,0,54,0,1,26,4606,3080,0,2,0,0,0,LEADER,1,4,1,35,1,9,0,0,0,0,0,0,0,0,0
7460,4,bully,2854,1,1,2854,9,16,54,96,1,1,4606,2854,0,2,0,0,0,NORMAL,0,3,1,8,5,9,0,16,0,0,0,0,0,0,0
7619,6,bully,3013,1,1,3013,9,16,54,96,1,2,4606,3013,0,2,0,0,0,NORMAL,0,3,1,6,7,9,0,16,0,0,0,0,0,0,0
7346,12,bully,2740,1,1,2740,9,8,54,48,1,1,4606,2740,0,2,0,0,0,NORMAL,0,3,1,8,6,9,0,8,0,0,0,0,0,0,0
7483,9,bully,2877,1,1,2877,9,8,54,48,1,1,4606,2877,0,2,0,0,0,NORMAL,0,3,1,9,3,9,0,8,0,0,0,0,0,0,0
7638,48,bully,3032,1,1,3032,9,0,54,0,1,48,4606,3032,0,2,0,0,0,LEADER,1,4,1,57,1,9,0,0,0,0,0,0,0,0,0
7332,44,bully,2726,1,1,2726,9,0,54,0,1,44,4606,2726,0,2,0,0,0,LEADER,1,4,1,53,1,9,0,0,0,0,0,0,0,0,0
8040,8,bully,3434,1,1,3434,9,8,54,48,1,4,4606,3434,0,2,0,0,0,NORMAL,0,3,1,5,9,9,0,8,0,0,0,0,0,0,0
7380,22,bully,2774,1,1,2774,9,0,54,0,1,22,4606,2774,0,2,0,0,0,LEADER,1,4,1,31,1,9,0,0,0,0,0,0,0,0,0
8047,39,bully,3441,1,1,3441,9,0,54,0,1,39,4606,3441,0,2,0,0,0,LEADER,1,4,1,48,1,9,0,0,0,0,0,0,0,0,0
7401,21,bully,2795,1,1,2795,9,0,54,0,1,21,4606,2795,0,2,0,0,0,LEADER,1,4,1,30,1,9,0,0,0,0,0,0,0,0,0
7756,3,bully,3150,1,1,3150,9,20,54,120,1,1,4606,3150,0,2,0,0,0,NORMAL,0,3,1,9,4,9,0,20,0,0,0,0,0,0,0
8177,5,bully,3571,1,1,3571,9,20,54,120,1,1,4606,3571,0,2,0,0,0,NORMAL,0,3,1,8,6,9,0,20,0,0,0,0,0,0,0
7822,23,bully,3216,1,1,3216,9,0,54,0,1,23,4606,3216,0,2,0,0,0,LEADER,1,4,1,32,1,9,0,0,0,0,0,0,0,0,0
7604,38,bully,2998,1,1,2998,9,0,54,0,1,38,4606,2998,0,2,0,0,0,LEADER,1,4,1,47,1,9,0,0,0,0,0,0,0,0,0
7653,16,bully,3047,1,1,3047,9,9,54,54,1,4,4606,3047,0,2,0,0,0,NORMAL,0,3,1,5,10,9,0,9,0,0,0,0,0,0,0
7538,25,bully,2932,1,1,2932,9,0,54,0,1,25,4606,2932,0,2,0,0,0,LEADER,1,4,1,34,1,9,0,0,0,0,0,0,0,0,0
7856,33,bully,3250,1,1,3250,9,0,54,0,1,33,4606,3250,0,2,0,0,0,LEADER,1,4,1,42,1,9,0,0,0,0,0,0,0,0,0
7824,37,bully,3218,1,1,3218,9,0,54,0,1,37,4606,3218,0,2,0,0,0,LEADER,1,4,1,46,1,9,0,0,0,0,0,0,0,0,0
8080,49,bully,3474,1,1,3474,9,0,54,0,1,49,4606,3474,0,2,0,0,0,LEADER,1,4,1,58,1,9,0,0,0,0,0,0,0,0,0
7741,35,bully,3135,1,1,3135,9,0,54,0,1,35,4606,3135,0,2,0,0,0,LEADER,1,4,1,44,1,9,0,0,0,0,0,0,0,0,0
8217,46,bully,3611,1,1,3611,9,0,54,0,1,46,4606,3611,0,2,0,0,0,LEADER,1,4,1,55,1,9,0,0,0,0,0,0,0,0,0
8095,17,bully,3489,1,1,3489,9,0,54,0,1,17,4606,3489,0,2,0,0,0,LEADER,1,4,1,26,1,9,0,0,0,0,0,0,0,0,0
8232,14,bully,3626,1,1,3626,9,10,54,60,1,2,4606,3626,0,2,0,0,0,NORMAL,0,3,1,6,8,9,0,10,0,0,0,0,0,0,0
8298,34,bully,3692,1,1,3692,9,0,54,0,1,34,4606,3692,0,2,0,0,0,LEADER,1,4,1,43,1,9,0,0,0,0,0,0,0,0,0
8059,50,bully,3453,1,1,3453,9,0,54,0,1,50,4606,3453,0,2,0,0,0,LEADER,1,4,1,59,1,9,0,0,0,0,0,0,0,0,0
7910,42,bully,3304,1,1,3304,9,0,54,0,1,42,4606,3304,0,2,0,0,0,LEADER,1,4,1,51,1,9,0,0,0,0,0,0,0,0,0
7571,28,bully,2965,1,1,2965,9,0,54,0,1,28,4606,2965,0,2,0,0,0,LEADER,1,4,1,37,1,9,0,0,0,0,0,0,0,0,0
7766,7,bully,3160,1,1,3160,9,20,54,120,1,2,4606,3160,0,2,0,0,0,NORMAL,0,3,1,6,8,9,0,20,0,0,0,0,0,0,0
8209,15,bully,3603,1,1,3603,9,9,54,54,1,2,4606,3603,0,2,0,0,0,NORMAL,0,3,1,6,8,9,0,9,0,0,0,0,0,0,0
7887,18,bully,3281,1,1,3281,9,0,54,0,1,18,4606,3281,0,2,0,0,0,LEADER,1,4,1,27,1,9,0,0,0,0,0,0,0,0,0
7871,1,bully,3265,1,1,3265,9,20,54,120,1,1,4606,3265,0,2,0,0,0,LEADER,1,4,1,10,1,9,0,20,0,0,0,0,0,0,0
8162,30,bully,3556,1,1,3556,9,0,54,0,1,30,4606,3556,0,2,0,0,0,LEADER,1,4,1,39,1,9,0,0,0,0,0,0,0,0,0
7877,32,bully,3271,1,1,3271,9,0,54,0,1,32,4606,3271,0,2,0,0,0,LEADER,1,4,1,41,1,9,0,0,0,0,0,0,0,0,0
8198,10,bully,3592,1,1,3592,9,10,54,60,1,1,4606,3592,0,2,0,0,0,NORMAL,0,3,1,10,3,9,0,10,0,0,0,0,0,0,0
7789,13,bully,3183,1,1,3183,9,10,54,60,1,1,4606,3183,0,2,0,0,0,NORMAL,0,3,1,8,6,9,0,10,0,0,0,0,0,0,0
7889,43,bully,3283,1,1,3283,9,0,54,0,1,43,4606,3283,0,2,0,0,0,LEADER,1,4,1,52,1,9,0,0,0,0,0,0,0,0,0
8062,24,bully,3456,1,1,3456,9,0,54,0,1,24,4606,3456,0,2,0,0,0,LEADER,1,4,1,33,1,9,0,0,0,0,0,0,0,0,0
8128,27,bully,3522,1,1,3522,9,0,54,0,1,27,4606,3522,0,2,0,0,0,LEADER,1,4,1,36,1,9,0,0,0,0,0,0,0,0,0
8195,47,bully,3589,1,1,3589,9,0,54,0,1,47,4606,3589,0,2,0,0,0,LEADER,1,4,1,56,1,9,0,0,0,0,0,0,0,0,0
7959,20,bully,3353,1,1,3353,9,0,54,0,1,20,4606,3353,0,2,0,0,0,LEADER,1,4,1,29,1,9,0,0,0,0,0,0,0,0,0
8025,40,bully,3419,1,1,3419,9,0,54,0,1,40,4606,3419,0,2,0,0,0,LEADER,1,4,1,49,1,9,0,0,0,0,0,0,0,0,0
9853,29,bully,2944,1,2,12797,12,0,72,0,1,29,6909,2944,0,3,0,0,0,LEADER,1,4,1,32,2,12,0,0,0,0,0,0,0,0,0
9819,19,bully,2910,1,2,12729,12,0,72,0,1,19,6909,2910,0,3,0,0,0,LEADER,1,4,1,22,2,12,0,0,0,0,0,0,0,0,0
9616,2,bully,2707,1,2,12323,12,22,72,132,1,1,6909,2707,0,3,0,0,0,NORMAL,0,3,2,3,6,12,0,22,0,0,0,0,0,0,0
10022,36,bully,3113,1,2,13135,12,0,72,0,1,36,6909,3113,0,3,0,0,0,LEADER,1,4,1,39,2,12,0,0,0,0,0,0,0,0,0
9738,31,bully,2829,1,2,12567,12,0,72,0,1,31,6909,2829,0,3,0,0,0,LEADER,1,4,1,34,2,12,0,0,0,0,0,0,0,0,0
10077,45,bully,3168,1,2,13245,12,0,72,0,1,45,6909,3168,0,3,0,0,0,LEADER,1,4,1,48,2,12,0,0,0,0,0,0,0,0,0
9671,11,bully,2762,1,2,12433,12,11,72,66,1,1,6909,2762,0,3,0,0,0,NORMAL,0,3,2,3,8,12,0,11,0,0,0,0,0,0,0
9771,41,bully,2862,1,2,12633,12,0,72,0,1,41,6909,2862,0,3,0,0,0,LEADER,1,4,1,44,2,12,0,0,0,0,0,0,0,0,0
9989,26,bully,3080,1,2,13069,12,0,72,0,1,26,6909,3080,0,3,0,0,0,LEADER,1,4,1,29,2,12,0,0,0,0,0,0,0,0,0
9763,4,bully,2854,1,2,12617,12,22,72,132,1,1,6909,2854,0,3,0,0,0,NORMAL,0,3,2,3,8,12,0,22,0,0,0,0,0,0,0
9922,6,bully,3013,1,2,12935,12,22,72,132,2,1,6909,3013,0,3,0,0,0,NORMAL,0,3,2,3,10,12,0,22,0,0,0,0,0,0,0
9649,12,bully,2740,1,2,12389,12,12,72,72,1,1,6909,2740,0,3,0,0,0,NORMAL,0,3,2,4,8,12,0,12,0,0,0,0,0,0,0
9786,9,bully,2877,1,2,12663,12,11,72,66,1,1,6909,2877,0,3,0,0,0,NORMAL,0,3,2,3,6,12,0,11,0,0,0,0,0,0,0
9941,48,bully,3032,1,2,12973,12,0,72,0,1,48,6909,3032,0,3,0,0,0,LEADER,1,4,1,51,2,12,0,0,0,0,0,0,0,0,0
9635,44,bully,2726,1,2,12361,12,0,72,0,1,44,6909,2726,0,3,0,0,0,LEADER,1,4,1,47,2,12,0,0,0,0,0,0,0,0,0
10343,8,bully,3434,1,2,13777,12,11,72,66,2,1,6909,3434,0,3,0,0,0,NORMAL,0,3,2,3,12,12,0,11,0,0,0,0,0,0,0
9683,22,bully,2774,1,2,12457,12,0,72,0,1,22,6909,2774,0,3,0,0,0,LEADER,1,4,1,25,2,12,0,0,0,0,0,0,0,0,0
10350,39,bully,3441,1,2,13791,12,0,72,0,1,39,6909,3441,0,3,0,0,0,LEADER,1,4,1,42,2,12,0,0,0,0,0,0,0,0,0
9704,21,bully,2795,1,2,12499,12,0,72,0,1,21,6909,2795,0,3,0,0,0,LEADER,1,4,1,24,2,12,0,0,0,0,0,0,0,0,0
10059,3,bully,3150,1,2,13209,12,26,72,156,1,1,6909,3150,0,3,0,0,0,NORMAL,0,3,2,3,7,12,0,26,0,0,0,0,0,0,0
10480,5,bully,3571,1,2,14051,12,26,72,156,1,1,6909,3571,0,3,0,0,0,NORMAL,0,3,2,3,9,12,0,26,0,0,0,0,0,0,0
10125,23,bully,3216,1,2,13341,12,0,72,0,1,23,6909,3216,0,3,0,0,0,LEADER,1,4,1,26,2,12,0,0,0,0,0,0,0,0,0
9907,38,bully,2998,1,2,12905,12,0,72,0,1,38,6909,2998,0,3,0,0,0,LEADER,1,4,1,41,2,12,0,0,0,0,0,0,0,0,0
9956,16,bully,3047,1,2,13003,12,12,72,72,2,1,6909,3047,0,3,0,0,0,NORMAL,0,3,2,3,14,12,0,12,0,0,0,0,0,0,0
9841,25,bully,2932,1,2,12773,12,0,72,0,1,25,6909,2932,0,3,0,0,0,LEADER,1,4,1,28,2,12,0,0,0,0,0,0,0,0,0
10159,33,bully,3250,1,2,13409,12,0,72,0,1,33,6909,3250,0,3,0,0,0,LEADER,1,4,1,36,2,12,0,0,0,0,0,0,0,0,0
10127,37,bully,3218,1,2,13345,12,0,72,0,1,37,6909,3218,0,3,0,0,0,LEADER,1,4,1,40,2,12,0,0,0,0,0,0,0,0,0
10383,49,bully,3474,1,2,13857,12,0,72,0,1,49,6909,3474,0,3,0,0,0,LEADER,1,4,1,52,2,12,0,0,0,0,0,0,0,0,0
10044,35,bully,3135,1,2,13179,12,0,72,0,1,35,6909,3135,0,3,0,0,0,LEADER,1,4,1,38,2,12,0,0,0,0,0,0,0,0,0
10520,46,bully,3611,1,2,14131,12,0,72,0,1,46,6909,3611,0,3,0,0,0,LEADER,1,4,1,49,2,12,0,0,0,0,0,0,0,0,0
10398,17,bully,3489,1,2,13887,12,0,72,0,1,17,6909,3489,0,3,0,0,0,LEADER,1,4,1,20,2,12,0,0,0,0,0,0,0,0,0
10535,14,bully,3626,1,2,14161,12,13,72,78,2,1,6909,3626,0,3,0,0,0,NORMAL,0,3,2,3,11,12,0,13,0,0,0,0,0,0,0
10601,34,bully,3692,1,2,14293,12,0,72,0,1,34,6909,3692,0,3,0,0,0,LEADER,1,4,1,37,2,12,0,0,0,0,0,0,0,0,0
10362,50,bully,3453,1,2,13815,12,0,72,0,1,50,6909,3453,0,3,0,0,0,LEADER,1,4,1,53,2,12,0,0,0,0,0,0,0,0,0
10213,42,bully,3304,1,2,13517,12,0,72,0,1,42,6909,3304,0,3,0,0,0,LEADER,1,4,1,45,2,12,0,0,0,0,0,0,0,0,0
9874,28,bully,2965,1,2,12839,12,0,72,0,1,28,6909,2965,0,3,0,0,0,LEADER,1,4,1,31,2,12,0,0,0,0,0,0,0,0,0
10069,7,bully,3160,1,2,13229,12,26,72,156,2,1,6909,3160,0,3,0,0,0,NORMAL,0,3,2,3,11,12,0,26,0,0,0,0,0,0,0
10512,15,bully,3603,1,2,14115,12,12,72,72,2,1,6909,3603,0,3,0,0,0,NORMAL,0,3,2,3,12,12,0,12,0,0,0,0,0,0,0
10190,18,bully,3281,1,2,13471,12,0,72,0,1,18,6909,3281,0,3,0,0,0,LEADER,1,4,1,21,2,12,0,0,0,0,0,0,0,0,0
10174,1,bully,3265,1,2,13439,12,26,72,156,1,1,6909,3265,0,3,0,0,0,LEADER,1,4,1,4,2,12,0,26,0,0,0,0,0,0,0
10465,30,bully,3556,1,2,14021,12,0,72,0,1,30,6909,3556,0,3,0,0,0,LEADER,1,4,1,33,2,12,0,0,0,0,0,0,0,0,0
10180,32,bully,3271,1,2,13451,12,0,72,0,1,32,6909,3271,0,3,0,0,0,LEADER,1,4,1,35,2,12,0,0,0,0,0,0,0,0,0
10501,10,bully,3592,1,2,14093,12,13,72,78,1,1,6909,3592,0,3,0,0,0,NORMAL,0,3,2,4,5,12,0,13,0,0,0,0,0,0,0
10092,13,bully,3183,1,2,13275,12,13,72,78,1,1,6909,3183,0,3,0,0,0,NORMAL,0,3,2,3,9,12,0,13,0,0,0,0,0,0,0
10192,43,bully,3283,1,2,13475,12,0,72,0,1,43,6909,3283,0,3,0,0,0,LEADER,1,4,1,46,2,12,0,0,0,0,0,0,0,0,0
10365,24,bully,3456,1,2,13821,12,0,72,0,1,24,6909,3456,0,3,0,0,0,LEADER,1,4,1,27,2,12,0,0,0,0,0,0,0,0,0
10431,27,bully,3522,1,2,13953,12,0,72,0,1,27,6909,3522,0,3,0,0,0,LEADER,1,4,1,30,2,12,0,0,0,0,0,0,0,0,0
10498,47,bully,3589,1,2,14087,12,0,72,0,1,47,6909,3589,0,3,0,0,0,LEADER,1,4,1,50,2,12,0,0,0,0,0,0,0,0,0
10262,20,bully,3353,1,2,13615,12,0,72,0,1,20,6909,3353,0,3,0,0,0,LEADER,1,4,1,23,2,12,0,0,0,0,0,0,0,0,0
10328,40,bully,3419,1,2,13747,12,0,72,0,1,40,6909,3419,0,3,0,0,0,LEADER,1,4,1,43,2,12,0,0,0,0,0,0,0,0,0
12156,29,bully,2944,1,2,12797,15,0,90,0,1,29,9212,2944,0,3,0,0,0,LEADER,1,4,1,35,2,15,0,0,0,0,0,0,0,0,0
12122,19,bully,2910,1,2,12729,15,0,90,0,1,19,9212,2910,0,3,0,0,0,LEADER,1,4,1,25,2,15,0,0,0,0,0,0,0,0,0
11918,2,bully,2707,1,2,12323,15,28,90,168,1,1,9211,2707,0,3,0,0,0,NORMAL,0,3,1,6,6,15,0,28,0,0,0,0,0,0,0
12325,36,bully,3113,1,2,13135,15,0,90,0,1,36,9212,3113,0,3,0,0,0,LEADER,1,4,1,42,2,15,0,0,0,0,0,0,0,0,0
12041,31,bully,2829,1,2,12567,15,0,90,0,1,31,9212,2829,0,3,0,0,0,LEADER,1,4,1,37,2,15,0,0,0,0,0,0,0,0,0
12380,45,bully,3168,1,2,13245,15,0,90,0,1,45,9212,3168,0,3,0,0,0,LEADER,1,4,1,51,2,15,0,0,0,0,0,0,0,0,0
11974,11,bully,2762,1,2,12433,15,14,90,84,1,1,9212,2762,0,3,0,0,0,NORMAL,0,3,1,6,8,15,0,14,0,0,0,0,0,0,0
12074,41,bully,2862,1,2,12633,15,0,90,0,1,41,9212,2862,0,3,0,0,0,LEADER,1,4,1,47,2,15,0,0,0,0,0,0,0,0,0
12292,26,bully,3080,1,2,13069,15,0,90,0,1,26,9212,3080,0,3,0,0,0,LEADER,1,4,1,32,2,15,0,0,0,0,0,0,0,0,0
12066,4,bully,2854,1,2,12617,15,28,90,168,1,1,9212,2854,0,3,0,0,0,NORMAL,0,3,1,6,8,15,0,28,0,0,0,0,0,0,0
12225,6,bully,3013,1,2,12935,15,28,90,168,2,1,9212,3013,0,3,0,0,0,NORMAL,0,3,1,6,10,15,0,28,0,0,0,0,0,0,0
11952,12,bully,2740,1,2,12389,15,15,90,90,1,1,9212,2740,0,3,0,0,0,NORMAL,0,3,1,7,8,15,0,15,0,0,0,0,0,0,0
12089,9,bully,2877,1,2,12663,15,14,90,84,1,1,9212,2877,0,3,0,0,0,NORMAL,0,3,1,6,6,15,0,14,0,0,0,0,0,0,0
12244,48,bully,3032,1,2,12973,15,0,90,0,1,48,9212,3032,0,3,0,0,0,LEADER,1,4,1,54,2,15,0,0,0,0,0,0,0,0,0
11938,44,bully,2726,1,2,12361,15,0,90,0,1,44,9212,2726,0,3,0,0,0,LEADER,1,4,1,50,2,15,0,0,0,0,0,0,0,0,0
12646,8,bully,3434,1,2,13777,15,14,90,84,2,1,9212,3434,0,3,0,0,0,NORMAL,0,3,1,6,12,15,0,14,0,0,0,0,0,0,0
11986,22,bully,2774,1,2,12457,15,0,90,0,1,22,9212,2774,0,3,0,0,0,LEADER,1,4,1,28,2,15,0,0,0,0,0,0,0,0,0
12653,39,bully,3441,1,2,13791,15,0,90,0,1,39,9212,3441,0,3,0,0,0,LEADER,1,4,1,45,2,15,0,0,0,0,0,0,0,0,0
12007,21,bully,2795,1,2,12499,15,0,90,0,1,21,9212,2795,0,3,0,0,0,LEADER,1,4,1,27,2,15,0,0,0,0,0,0,0,0,0
12362,3,bully,3150,1,2,13209,15,32,90,192,1,1,9212,3150,0,3,0,0,0,NORMAL,0,3,1,6,7,15,0,32,0,0,0,0,0,0,0
12783,5,bully,3571,1,2,14051,15,32,90,192,1,1,9212,3571,0,3,0,0,0,NORMAL,0,3,1,6,9,15,0,32,0,0,0,0,0,0,0
12428,23,bully,3216,1,2,13341,15,0,90,0,1,23,9212,3216,0,3,0,0,0,LEADER,1,4,1,29,2,15,0,0,0,0,0,0,0,0,0
12210,38,bully,2998,1,2,12905,15,0,90,0,1,38,9212,2998,0,3,0,0,0,LEADER,1,4,1,44,2,15,0,0,0,0,0,0,0,0,0
12259,16,bully,3047,1,2,13003,15,15,90,90,2,1,9212,3047,0,3,0,0,0,NORMAL,0,3,1,6,14,15,0,15,0,0,0,0,0,0,0
12144,25,bully,2932,1,2,12773,15,0,90,0,1,25,9212,2932,0,3,0,0,0,LEADER,1,4,1,31,2,15,0,0,0,0,0,0,0,0,0
12462,33,bully,3250,1,2,13409,15,0,90,0,1,33,9212,3250,0,3,0,0,0,LEADER,1,4,1,39,2,15,0,0,0,0,0,0,0,0,0
12430,37,bully,3218,1,2,13345,15,0,90,0,1,37,9212,3218,0,3,0,0,0,LEADER,1,4,1,43,2,15,0,0,0,0,0,0,0,0,0
12686,49,bully,3474,1,2,13857,15,0,90,0,1,49,9212,3474,0,3,0,0,0,LEADER,1,4,1,55,2,15,0,0,0,0,0,0,0,0,0
12347,35,bully,3135,1,2,13179,15,0,90,0,1,35,9212,3135,0,3,0,0,0,LEADER,1,4,1,41,2,15,0,0,0,0,0,0,0,0,0
12823,46,bully,3611,1,2,14131,15,0,90,0,1,46,9212,3611,0,3,0,0,0,LEADER,1,4,1,52,2,15,0,0,0,0,0,0,0,0,0
12701,17,bully,3489,1,2,13887,15,0,90,0,1,17,9212,3489,0,3,0,0,0,LEADER,1,4,1,23,2,15,0,0,0,0,0,0,0,0,0
12838,14,bully,3626,1,2,14161,15,16,90,96,2,1,9212,3626,0,3,0,0,0,NORMAL,0,3,1,6,11,15,0,16,0,0,0,0,0,0,0
12904,34,bully,3692,1,2,14293,15,0,90,0,1,34,9212,3692,0,3,0,0,0,LEADER,1,4,1,40,2,15,0,0,0,0,0,0,0,0,0
12665,50,bully,3453,1,2,13815,15,0,90,0,1,50,9212,3453,0,3,0,0,0,LEADER,1,4,1,56,2,15,0,0,0,0,0,0,0,0,0
12516,42,bully,3304,1,2,13517,15,0,90,0,1,42,9212,3304,0,3,0,0,0,LEADER,1,4,1,48,2,15,0,0,0,0,0,0,0,0,0
12177,28,bully,2965,1,2,12839,15,0,90,0,1,28,9212,2965,0,3,0,0,0,LEADER,1,4,1,34,2,15,0,0,0,0,0,0,0,0,0
12372,7,bully,3160,1,2,13229,15,32,90,192,2,1,9212,3160,0,3,0,0,0,NORMAL,0,3,1,6,11,15,0,32,0,0,0,0,0,0,0
12815,15,bully,3603,1,2,14115,15,15,90,90,2,1,9212,3603,0,3,0,0,0,NORMAL,0,3,1,6,12,15,0,15,0,0,0,0,0,0,0
12493,18,bully,3281,1,2,13471,15,0,90,0,1,18,9212,3281,0,3,0,0,0,LEADER,1,4,1,24,2,15,0,0,0,0,0,0,0,0,0
12477,1,bully,3265,1,2,13439,15,32,90,192,1,1,9212,3265,0,3,0,0,0,LEADER,1,4,1,7,2,15,0,32,0,0,0,0,0,0,0
12768,30,bully,3556,1,2,14021,15,0,90,0,1,30,9212,3556,0,3,0,0,0,LEADER,1,4,1,36,2,15,0,0,0,0,0,0,0,0,0
12483,32,bully,3271,1,2,13451,15,0,90,0,1,32,9212,3271,0,3,0,0,0,LEADER,1,4,1,38,2,15,0,0,0,0,0,0,0,0,0
12804,10,bully,3592,1,2,14093,15,16,90,96,1,1,9212,3592,0,3,0,0,0,NORMAL,0,3,1,7,5,15,0,16,0,0,0,0,0,0,0
12395,13,bully,3183,1,2,13275,15,16,90,96,1,1,9212,3183,0,3,0,0,0,NORMAL,0,3,1,6,9,15,0,16,0,0,0,0,0,0,0
12495,43,bully,3283,1,2,13475,15,0,90,0,1,43,9212,3283,0,3,0,0,0,LEADER,1,4,1,49,2,15,0,0,0,0,0,0,0,0,0
12668,24,bully,3456,1,2,13821,15,0,90,0,1,24,9212,3456,0,3,0,0,0,LEADER,1,4,1,30,2,15,0,0,0,0,0,0,0,0,0
12734,27,bully,3522,1,2,13953,15,0,90,0,1,27,9212,3522,0,3,0,0,0,LEADER,1,4,1,33,2,15,0,0,0,0,0,0,0,0,0
12801,47,bully,3589,1,2,14087,15,0,90,0,1,47,9212,3589,0,3,0,0,0,LEADER,1,4,1,53,2,15,0,0,0,0,0,0,0,0,0
12565,20,bully,3353,1,2,13615,15,0,90,0,1,20,9212,3353,0,3,0,0,0,LEADER,1,4,1,26,2,15,0,0,0,0,0,0,0,0,0
12631,40,bully,3419,1,2,13747,15,0,90,0,1,40,9212,3419,0,3,0,0,0,LEADER,1,4,1,46,2,15,0,0,0,0,0,0,0,0,0
14459,29,bully,2944,1,2,12797,18,0,108,0,1,29,11515,2944,0,3,0,0,0,LEADER,1,4,1,38,2,18,0,0,0,0,0,0,0,0,0
14425,19,bully,2910,1,2,12729,18,0,108,0,1,19,11515,2910,0,3,0,0,0,LEADER,1,4,1,28,2,18,0,0,0,0,0,0,0,0,0
14221,2,bully,2707,1,2,12323,18,33,108,198,1,1,11514,2707,0,3,0,0,0,NORMAL,0,3,1,9,6,18,0,33,0,0,0,0,0,0,0
14628,36,bully,3113,1,2,13135,18,0,108,0,1,36,11515,3113,0,3,0,0,0,LEADER,1,4,1,45,2,18,0,0,0,0,0,0,0,0,0
14344,31,bully,2829,1,2,12567,18,0,108,0,1,31,11515,2829,0,3,0,0,0,LEADER,1,4,1,40,2,18,0,0,0,0,0,0,0,0,0
14683,45,bully,3168,1,2,13245,18,0,108,0,1,45,11515,3168,0,3,0,0,0,LEADER,1,4,1,54,2,18,0,0,0,0,0,0,0,0,0
14277,11,bully,2762,1,2,12433,18,17,108,102,1,1,11515,2762,0,3,0,0,0,NORMAL,0,3,1,9,8,18,0,17,0,0,0,0,0,0,0
14377,41,bully,2862,1,2,12633,18,0,108,0,1,41,11515,2862,0,3,0,0,0,LEADER,1,4,1,50,2,18,0,0,0,0,0,0,0,0,0
14595,26,bully,3080,1,2,13069,18,0,108,0,1,26,11515,3080,0,3,0,0,0,LEADER,1,4,1,35,2,18,0,0,0,0,0,0,0,0,0
14369,4,bully,2854,1,2,12617,18,34,108,204,1,1,11515,2854,0,3,0,0,0,NORMAL,0,3,1,9,8,18,0,34,0,0,0,0,0,0,0
14528,6,bully,3013,1,2,12935,18,34,108,204,2,1,11515,3013,0,3,0,0,0,NORMAL,0,3,1,9,10,18,0,34,0,0,0,0,0,0,0
14255,12,bully,2740,1,2,12389,18,18,108,108,1,1,11515,2740,0,3,0,0,0,NORMAL,0,3,1,10,8,18,0,18,0,0,0,0,0,0,0
14392,9,bully,2877,1,2,12663,18,17,108,102,1,1,11515,2877,0,3,0,0,0,NORMAL,0,3,1,9,6,18,0,17,0,0,0,0,0,0,0
14547,48,bully,3032,1,2,12973,18,0,108,0,1,48,11515,3032,0,3,0,0,0,LEADER,1,4,1,57,2,18,0,0,0,0,0,0,0,0,0
14241,44,bully,2726,1,2,12361,18,0,108,0,1,44,11515,2726,0,3,0,0,0,LEADER,1,4,1,53,2,18,0,0,0,0,0,0,0,0,0
14949,8,bully,3434,1,2,13777,18,17,108,102,2,1,11515,3434,0,3,0,0,0,NORMAL,0,3,1,9,12,18,0,17,0,0,0,0,0,0,0
14289,22,bully,2774,1,2,12457,18,0,108,0,1,22,11515,2774,0,3,0,0,0,LEADER,1,4,1,31,2,18,0,0,0,0,0,0,0,0,0
14956,39,bully,3441,1,2,13791,18,0,108,0,1,39,11515,3441,0,3,0,0,0,LEADER,1,4,1,48,2,18,0,0,0,0,0,0,0,0,0
14310,21,bully,2795,1,2,12499,18,0,108,0,1,21,11515,2795,0,3,0,0,0,LEADER,1,4,1,30,2,18,0,0,0,0,0,0,0,0,0
14665,3,bully,3150,1,2,13209,18,38,108,228,1,1,11515,3150,0,3,0,0,0,NORMAL,0,3,1,9,7,18,0,38,0,0,0,0,0,0,0
15086,5,bully,3571,1,2,14051,18,38,108,228,1,1,11515,3571,0,3,0,0,0,NORMAL,0,3,1,9,9,18,0,38,0,0,0,0,0,0,0
14731,23,bully,3216,1,2,13341,18,0,108,0,1,23,11515,3216,0,3,0,0,0,LEADER,1,4,1,32,2,18,0,0,0,0,0,0,0,0,0
14513,38,bully,2998,1,2,12905,18,0,108,0,1,38,11515,2998,0,3,0,0,0,LEADER,1,4,1,47,2,18,0,0,0,0,0,0,0,0,0
14562,16,bully,3047,1,2,13003,18,18,108,108,2,1,11515,3047,0,3,0,0,0,NORMAL,0,3,1,9,14,18,0,18,0,0,0,0,0,0,0
14447,25,bully,2932,1,2,12773,18,0,108,0,1,25,11515,2932,0,3,0,0,0,LEADER,1,4,1,34,2,18,0,0,0,0,0,0,0,0,0
14765,33,bully,3250,1,2,13409,18,0,108,0,1,33,11515,3250,0,3,0,0,0,LEADER,1,4,1,42,2,18,0,0,0,0,0,0,0,0,0
14733,37,bully,3218,1,2,13345,18,0,108,0,1,37,11515,3218,0,3,0,0,0,LEADER,1,4,1,46,2,18,0,0,0,0,0,0,0,0,0
14989,49,bully,3474,1,2,13857,18,0,108,0,1,49,11515,3474,0,3,0,0,0,LEADER,1,4,1,58,2,18,0,0,0,0,0,0,0,0,0
14650,35,bully,3135,1,2,13179,18,0,108,0,1,35,11515,3135,0,3,0,0,0,LEADER,1,4,1,44,2,18,0,0,0,0,0,0,0,0,0
15126,46,bully,3611,1,2,14131,18,0,108,0,1,46,11515,3611,0,3,0,0,0,LEADER,1,4,1,55,2,18,0,0,0,0,0,0,0,0,0
15004,17,bully,3489,1,2,13887,18,0,108,0,1,17,11515,3489,0,3,0,0,0,LEADER,1,4,1,26,2,18,0,0,0,0,0,0,0,0,0
15141,14,bully,3626,1,2,14161,18,19,108,114,2,1,11515,3626,0,3,0,0,0,NORMAL,0,3,1,9,11,18,0,19,0,0,0,0,0,0,0
15207,34,bully,3692,1,2,14293,18,0,108,0,1,34,11515,3692,0,3,0,0,0,LEADER,1,4,1,43,2,18,0,0,0,0,0,0,0,0,0
14968,50,bully,3453,1,2,13815,18,0,108,0,1,50,11515,3453,0,3,0,0,0,LEADER,1,4,1,59,2,18,0,0,0,0,0,0,0,0,0
14818,42,bully,3304,1,2,13517,18,0,108,0,1,42,11514,3304,0,3,0,0,0,LEADER,1,4,1,51,2,18,0,0,0,0,0,0,0,0,0
14480,28,bully,2965,1,2,12839,18,0,108,0,1,28,11515,2965,0,3,0,0,0,LEADER,1,4,1,37,2,18,0,0,0,0,0,0,0,0,0
14675,7,bully,3160,1,2,13229,18,38,108,228,2,1,11515,3160,0,3,0,0,0,NORMAL,0,3,1,9,11,18,0,38,0,0,0,0,0,0,0
15118,15,bully,3603,1,2,14115,18,19,108,114,2,1,11515,3603,0,3,0,0,0,NORMAL,0,3,1,9,12,18,0,19,0,0,0,0,0,0,0
14796,18,bully,3281,1,2,13471,18,0,108,0,1,18,11515,3281,0,3,0,0,0,LEADER,1,4,1,27,2,18,0,0,0,0,0,0,0,0,0
14780,1,bully,3265,1,2,13439,18,38,108,228,1,1,11515,3265,0,3,0,0,0,LEADER,1,4,1,10,2,18,0,38,0,0,0,0,0,0,0
15071,30,bully,3556,1,2,14021,18,0,108,0,1,30,11515,3556,0,3,0,0,0,LEADER,1,4,1,39,2,18,0,0,0,0,0,0,0,0,0
14786,32,bully,3271,1,2,13451,18,0,108,0,1,32,11515,3271,0,3,0,0,0,LEADER,1,4,1,41,2,18,0,0,0,0,0,0,0,0,0
15107,10,bully,3592,1,2,14093,18,19,108,114,1,1,11515,3592,0,3,0,0,0,NORMAL,0,3,1,10,5,18,0,19,0,0,0,0,0,0,0
14698,13,bully,3183,1,2,13275,18,19,108,114,1,1,11515,3183,0,3,0,0,0,NORMAL,0,3,1,9,9,18,0,19,0,0,0,0,0,0,0
14798,43,bully,3283,1,2,13475,18,0,108,0,1,43,11515,3283,0,3,0,0,0,LEADER,1,4,1,52,2,18,0,0,0,0,0,0,0,0,0
14971,24,bully,3456,1,2,13821,18,0,108,0,1,24,11515,3456,0,3,0,0,0,LEADER,1,4,1,33,2,18,0,0,0,0,0,0,0,0,0
15037,27,bully,3522,1,2,13953,18,0,108,0,1,27,11515,3522,0,3,0,0,0,LEADER,1,4,1,36,2,18,0,0,0,0,0,0,0,0,0
15104,47,bully,3589,1,2,14087,18,0,108,0,1,47,11515,3589,0,3,0,0,0,LEADER,1,4,1,56,2,18,0,0,0,0,0,0,0,0,0
14868,20,bully,3353,1,2,13615,18,0,108,0,1,20,11515,3353,0,3,0,0,0,LEADER,1,4,1,29,2,18,0,0,0,0,0,0,0,0,0
14934,40,bully,3419,1,2,13747,18,0,108,0,1,40,11515,3419,0,3,0,0,0,LEADER,1,4,1,49,2,18,0,0,0,0,0,0,0,0,0
16762,29,bully,2944,1,3,29559,21,0,126,0,1,29,13818,2944,0,4,0,0,0,LEADER,1,4,1,32,3,21,0,0,0,0,0,0,0,0,0
16728,19,bully,2910,1,3,29457,21,0,126,0,1,19,13818,2910,0,4,0,0,0,LEADER,1,4,1,22,3,21,0,0,0,0,0,0,0,0,0
16524,2,bully,2707,1,3,28847,21,40,126,240,1,1,13817,2707,0,4,0,0,0,NORMAL,0,3,2,4,8,21,0,40,0,0,0,0,0,0,0
16931,36,bully,3113,1,3,30066,21,0,126,0,1,36,13818,3113,0,4,0,0,0,LEADER,1,4,1,39,3,21,0,0,0,0,0,0,0,0,0
16647,31,bully,2829,1,3,29214,21,0,126,0,1,31,13818,2829,0,4,0,0,0,LEADER,1,4,1,34,3,21,0,0,0,0,0,0,0,0,0
16986,45,bully,3168,1,3,30231,21,0,126,0,1,45,13818,3168,0,4,0,0,0,LEADER,1,4,1,48,3,21,0,0,0,0,0,0,0,0,0
16580,11,bully,2762,1,3,29013,21,20,126,120,1,1,13818,2762,0,4,0,0,0,NORMAL,0,3,2,3,11,21,0,20,0,0,0,0,0,0,0
16680,41,bully,2862,1,3,29313,21,0,126,0,1,41,13818,2862,0,4,0,0,0,LEADER,1,4,1,44,3,21,0,0,0,0,0,0,0,0,0
16898,26,bully,3080,1,3,29967,21,0,126,0,1,26,13818,3080,0,4,0,0,0,LEADER,1,4,1,29,3,21,0,0,0,0,0,0,0,0,0
16672,4,bully,2854,1,3,29289,21,40,126,240,1,1,13818,2854,0,4,0,0,0,NORMAL,0,3,2,3,11,21,0,40,0,0,0,0,0,0,0
16831,6,bully,3013,1,3,29766,21,40,126,240,2,1,13818,3013,0,4,0,0,0,NORMAL,0,3,2,3,13,21,0,40,0,0,0,0,0,0,0
16558,12,bully,2740,1,3,28947,21,21,126,126,1,1,13818,2740,0,4,0,0,0,NORMAL,0,3,2,3,12,21,0,21,0,0,0,0,0,0,0
16695,9,bully,2877,1,3,29358,21,20,126,120,1,1,13818,2877,0,4,0,0,0,NORMAL,0,3,2,3,9,21,0,20,0,0,0,0,0,0,0
16850,48,bully,3032,1,3,29823,21,0,126,0,1,48,13818,3032,0,4,0,0,0,LEADER,1,4,1,51,3,21,0,0,0,0,0,0,0,0,0
16544,44,bully,2726,1,3,28905,21,0,126,0,1,44,13818,2726,0,4,0,0,0,LEADER,1,4,1,47,3,21,0,0,0,0,0,0,0,0,0
17252,8,bully,3434,1,3,31029,21,20,126,120,2,1,13818,3434,0,4,0,0,0,NORMAL,0,3,2,3,15,21,0,20,0,0,0,0,0,0,0
16592,22,bully,2774,1,3,29049,21,0,126,0,1,22,13818,2774,0,4,0,0,0,LEADER,1,4,1,25,3,21,0,0,0,0,0,0,0,0,0
17259,39,bully,3441,1,3,31050,21,0,126,0,1,39,13818,3441,0,4,0,0,0,LEADER,1,4,1,42,3,21,0,0,0,0,0,0,0,0,0
16613,21,bully,2795,1,3,29112,21,0,126,0,1,21,13818,2795,0,4,0,0,0,LEADER,1,4,1,24,3,21,0,0,0,0,0,0,0,0,0
16968,3,bully,3150,1,3,30177,21,44,126,264,1,1,13818,3150,0,4,0,0,0,NORMAL,0,3,2,3,10,21,0,44,0,0,0,0,0,0,0
17389,5,bully,3571,1,3,31440,21,44,126,264,1,1,13818,3571,0,4,0,0,0,NORMAL,0,3,2,3,12,21,0,44,0,0,0,0,0,0,0
17034,23,bully,3216,1,3,30375,21,0,126,0,1,23,13818,3216,0,4,0,0,0,LEADER,1,4,1,26,3,21,0,0,0,0,0,0,0,0,0
16816,38,bully,2998,1,3,29721,21,0,126,0,1,38,13818,2998,0,4,0,0,0,LEADER,1,4,1,41,3,21,0,0,0,0,0,0,0,0,0
16865,16,bully,3047,1,3,29868,21,21,126,126,2,1,13818,3047,0,4,0,0,0,NORMAL,0,3,2,3,18,21,0,21,0,0,0,0,0,0,0
16750,25,bully,2932,1,3,29523,21,0,126,0,1,25,13818,2932,0,4,0,0,0,LEADER,1,4,1,28,3,21,0,0,0,0,0,0,0,0,0
17068,33,bully,3250,1,3,30477,21,0,126,0,1,33,13818,3250,0,4,0,0,0,LEADER,1,4,1,36,3,21,0,0,0,0,0,0,0,0,0
17036,37,bully,3218,1,3,30381,21,0,126,0,1,37,13818,3218,0,4,0,0,0,LEADER,1,4,1,40,3,21,0,0,0,0,0,0,0,0,0
17292,49,bully,3474,1,3,31149,21,0,126,0,1,49,13818,3474,0,4,0,0,0,LEADER,1,4,1,52,3,21,0,0,0,0,0,0,0,0,0
16953,35,bully,3135,1,3,30132,21,0,126,0,1,35,13818,3135,0,4,0,0,0,LEADER,1,4,1,38,3,21,0,0,0,0,0,0,0,0,0
17429,46,bully,3611,1,3,31560,21,0,126,0,1,46,13818,3611,0,4,0,0,0,LEADER,1,4,1,49,3,21,0,0,0,0,0,0,0,0,0
17307,17,bully,3489,1,3,31194,21,0,126,0,1,17,13818,3489,0,4,0,0,0,LEADER,1,4,1,20,3,21,0,0,0,0,0,0,0,0,0
17444,14,bully,3626,1,3,31605,21,22,126,132,2,1,13818,3626,0,4,0,0,0,NORMAL,0,3,2,3,14,21,0,22,0,0,0,0,0,0,0
17510,34,bully,3692,1,3,31803,21,0,126,0,1,34,13818,3692,0,4,0,0,0,LEADER,1,4,1,37,3,21,0,0,0,0,0,0,0,0,0
17271,50,bully,3453,1,3,31086,21,0,126,0,1,50,13818,3453,0,4,0,0,0,LEADER,1,4,1,53,3,21,0,0,0,0,0,0,0,0,0
17121,42,bully,3304,1,3,30638,21,0,126,0,1,42,13817,3304,0,4,0,0,0,LEADER,1,4,1,45,3,21,0,0,0,0,0,0,0,0,0
16783,28,bully,2965,1,3,29622,21,0,126,0,1,28,13818,2965,0,4,0,0,0,LEADER,1,4,1,31,3,21,0,0,0,0,0,0,0,0,0
16978,7,bully,3160,1,3,30207,21,44,126,264,2,1,13818,3160,0,4,0,0,0,NORMAL,0,3,2,3,14,21,0,44,0,0,0,0,0,0,0
17421,15,bully,3603,1,3,31536,21,21,126,126,2,1,13818,3603,0,4,0,0,0,NORMAL,0,3,2,3,15,21,0,21,0,0,0,0,0,0,0
17099,18,bully,3281,1,3,30570,21,0,126,0,1,18,13818,3281,0,4,0,0,0,LEADER,1,4,1,21,3,21,0,0,0,0,0,0,0,0,0
17083,1,bully,3265,1,3,30522,21,44,126,264,1,1,13818,3265,0,4,0,0,0,LEADER,1,4,1,4,3,21,0,44,0,0,0,0,0,0,0
17374,30,bully,3556,1,3,31395,21,0,126,0,1,30,13818,3556,0,4,0,0,0,LEADER,1,4,1,33,3,21,0,0,0,0,0,0,0,0,0
17089,32,bully,3271,1,3,30540,21,0,126,0,1,32,13818,3271,0,4,0,0,0,LEADER,1,4,1,35,3,21,0,0,0,0,0,0,0,0,0
17410,10,bully,3592,1,3,31503,21,22,126,132,1,1,13818,3592,0,4,0,0,0,NORMAL,0,3,2,4,7,21,0,22,0,0,0,0,0,0,0
17001,13,bully,3183,1,3,30276,21,22,126,132,1,1,13818,3183,0,4,0,0,0,NORMAL,0,3,2,3,12,21,0,22,0,0,0,0,0,0,0
17101,43,bully,3283,1,3,30576,21,0,126,0,1,43,13818,3283,0,4,0,0,0,LEADER,1,4,1,46,3,21,0,0,0,0,0,0,0,0,0
17274,24,bully,3456,1,3,31095,21,0,126,0,1,24,13818,3456,0,4,0,0,0,LEADER,1,4,1,27,3,21,0,0,0,0,0,0,0,0,0
17340,27,bully,3522,1,3,31293,21,0,126,0,1,27,13818,3522,0,4,0,0,0,LEADER,1,4,1,30,3,21,0,0,0,0,0,0,0,0,0
17407,47,bully,3589,1,3,31494,21,0,126,0,1,47,13818,3589,0,4,0,0,0,LEADER,1,4,1,50,3,21,0,0,0,0,0,0,0,0,0
17171,20,bully,3353,1,3,30786,21,0,126,0,1,20,13818,3353,0,4,0,0,0,LEADER,1,4,1,23,3,21,0,0,0,0,0,0,0,0,0
17237,40,bully,3419,1,3,30984,21,0,126,0,1,40,13818,3419,0,4,0,0,0,LEADER,1,4,1,43,3,21,0,0,0,0,0,0,0,0,0
19065,29,bully,2944,1,3,29559,24,0,144,0,1,29,16121,2944,0,4,0,0,0,LEADER,1,4,1,35,3,24,0,0,0,0,0,0,0,0,0
19031,19,bully,2910,1,3,29457,24,0,144,0,1,19,16121,2910,0,4,0,0,0,LEADER,1,4,1,25,3,24,0,0,0,0,0,0,0,0,0
18827,2,bully,2707,1,3,28847,24,46,144,276,1,1,16120,2707,0,4,0,0,0,NORMAL,0,3,1,7,8,24,0,46,0,0,0,0,0,0,0
19234,36,bully,3113,1,3,30066,24,0,144,0,1,36,16121,3113,0,4,0,0,0,LEADER,1,4,1,42,3,24,0,0,0,0,0,0,0,0,0
18950,31,bully,2829,1,3,29214,24,0,144,0,1,31,16121,2829,0,4,0,0,0,LEADER,1,4,1,37,3,24,0,0,0,0,0,0,0,0,0
19289,45,bully,3168,1,3,30231,24,0,144,0,1,45,16121,3168,0,4,0,0,0,LEADER,1,4,1,51,3,24,0,0,0,0,0,0,0,0,0
18883,11,bully,2762,1,3,29013,24,23,144,138,1,1,16121,2762,0,4,0,0,0,NORMAL,0,3,1,6,11,24,0,23,0,0,0,0,0,0,0
18983,41,bully,2862,1,3,29313,24,0,144,0,1,41,16121,2862,0,4,0,0,0,LEADER,1,4,1,47,3,24,0,0,0,0,0,0,0,0,0
19201,26,bully,3080,1,3,29967,24,0,144,0,1,26,16121,3080,0,4,0,0,0,LEADER,1,4,1,32,3,24,0,0,0,0,0,0,0,0,0
18975,4,bully,2854,1,3,29289,24,46,144,276,1,1,16121,2854,0,4,0,0,0,NORMAL,0,3,1,6,11,24,0,46,0,0,0,0,0,0,0
19134,6,bully,3013,1,3,29766,24,46,144,276,2,1,16121,3013,0,4,0,0,0,NORMAL,0,3,1,6,13,24,0,46,0,0,0,0,0,0,0
18861,12,bully,2740,1,3,28947,24,24,144,144,1,1,16121,2740,0,4,0,0,0,NORMAL,0,3,1,6,12,24,0,24,0,0,0,0,0,0,0
18998,9,bully,2877,1,3,29358,24,23,144,138,1,1,16121,2877,0,4,0,0,0,NORMAL,0,3,1,6,9,24,0,23,0,0,0,0,0,0,0
19153,48,bully,3032,1,3,29823,24,0,144,0,1,48,16121,3032,0,4,0,0,0,LEADER,1,4,1,54,3,24,0,0,0,0,0,0,0,0,0
18847,44,bully,2726,1,3,28905,24,0,144,0,1,44,16121,2726,0,4,0,0,0,LEADER,1,4,1,50,3,24,0,0,0,0,0,0,0,0,0
19555,8,bully,3434,1,3,31029,24,23,144,138,2,1,16121,3434,0,4,0,0,0,NORMAL,0,3,1,6,15,24,0,23,0,0,0,0,0,0,0
18895,22,bully,2774,1,3,29049,24,0,144,0,1,22,16121,2774,0,4,0,0,0,LEADER,1,4,1,28,3,24,0,0,0,0,0,0,0,0,0
19562,39,bully,3441,1,3,31050,24,0,144,0,1,39,16121,3441,0,4,0,0,0,LEADER,1,4,1,45,3,24,0,0,0,0,0,0,0,0,0
18916,21,bully,2795,1,3,29112,24,0,144,0,1,21,16121,2795,0,4,0,0,0,LEADER,1,4,1,27,3,24,0,0,0,0,0,0,0,0,0
19271,3,bully,3150,1,3,30177,24,50,144,300,1,1,16121,3150,0,4,0,0,0,NORMAL,0,3,1,6,10,24,0,50,0,0,0,0,0,0,0
19692,5,bully,3571,1,3,31440,24,50,144,300,1,1,16121,3571,0,4,0,0,0,NORMAL,0,3,1,6,12,24,0,50,0,0,0,0,0,0,0
19337,23,bully,3216,1,3,30375,24,0,144,0,1,23,16121,3216,0,4,0,0,0,LEADER,1,4,1,29,3,24,0,0,0,0,0,0,0,0,0
19119,38,bully,2998,1,3,29721,24,0,144,0,1,38,16121,2998,0,4,0,0,0,LEADER,1,4,1,44,3,24,0,0,0,0,0,0,0,0,0
19168,16,bully,3047,1,3,29868,24,24,144,144,2,1,16121,3047,0,4,0,0,0,NORMAL,0,3,1,6,18,24,0,24,0,0,0,0,0,0,0
19053,25,bully,2932,1,3,29523,24,0,144,0,1,25,16121,2932,0,4,0,0,0,LEADER,1,4,1,31,3,24,0,0,0,0,0,0,0,0,0
19371,33,bully,3250,1,3,30477,24,0,144,0,1,33,16121,3250,0,4,0,0,0,LEADER,1,4,1,39,3,24,0,0,0,0,0,0,0,0,0
19339,37,bully,3218,1,3,30381,24,0,144,0,1,37,16121,3218,0,4,0,0,0,LEADER,1,4,1,43,3,24,0,0,0,0,0,0,0,0,0
19595,49,bully,3474,1,3,31149,24,0,144,0,1,49,16121,3474,0,4,0,0,0,LEADER,1,4,1,55,3,24,0,0,0,0,0,0,0,0,0
19256,35,bully,3135,1,3,30132,24,0,144,0,1,35,16121,3135,0,4,0,0,0,LEADER,1,4,1,41,3,24,0,0,0,0,0,0,0,0,0
19732,46,bully,3611,1,3,31560,24,0,144,0,1,46,16121,3611,0,4,0,0,0,LEADER,1,4,1,52,3,24,0,0,0,0,0,0,0,0,0
19610,17,bully,3489,1,3,31194,24,0,144,0,1,17,16121,3489,0,4,0,0,0,LEADER,1,4,1,23,3,24,0,0,0,0,0,0,0,0,0
19747,14,bully,3626,1,3,31605,24,25,144,150,2,1,16121,3626,0,4,0,0,0,NORMAL,0,3,1,6,14,24,0,25,0,0,0,0,0,0,0
19813,34,bully,3692,1,3,31803,24,0,144,0,1,34,16121,3692,0,4,0,0,0,LEADER,1,4,1,40,3,24,0,0,0,0,0,0,0,0,0
19574,50,bully,3453,1,3,31086,24,0,144,0,1,50,16121,3453,0,4,0,0,0,LEADER,1,4,1,56,3,24,0,0,0,0,0,0,0,0,0
19424,42,bully,3304,1,3,30638,24,0,144,0,1,42,16120,3304,0,4,0,0,0,LEADER,1,4,1,48,3,24,0,0,0,0,0,0,0,0,0
19086,28,bully,2965,1,3,29622,24,0,144,0,1,28,16121,2965,0,4,0,0,0,LEADER,1,4,1,34,3,24,0,0,0,0,0,0,0,0,0
19281,7,bully,3160,1,3,30207,24,50,144,300,2,1,16121,3160,0,4,0,0,0,NORMAL,0,3,1,6,14,24,0,50,0,0,0,0,0,0,0
19724,15,bully,3603,1,3,31536,24,25,144,150,2,1,16121,3603,0,4,0,0,0,NORMAL,0,3,1,6,15,24,0,25,0,0,0,0,0,0,0
19402,18,bully,3281,1,3,30570,24,0,144,0,1,18,16121,3281,0,4,0,0,0,LEADER,1,4,1,24,3,24,0,0,0,0,0,0,0,0,0
19386,1,bully,3265,1,3,30522,24,50,144,300,1,1,16121,3265,0,4,0,0,0,LEADER,1,4,1,7,3,24,0,50,0,0,0,0,0,0,0
19677,30,bully,3556,1,3,31395,24,0,144,0,1,30,16121,3556,0,4,0,0,0,LEADER,1,4,1,36,3,24,0,0,0,0,0,0,0,0,0
19392,32,bully,3271,1,3,30540,24,0,144,0,1,32,16121,3271,0,4,0,0,0,LEADER,1,4,1,38,3,24,0,0,0,0,0,0,0,0,0
19713,10,bully,3592,1,3,31503,24,25,144,150,1,1,16121,3592,0,4,0,0,0,NORMAL,0,3,1,7,7,24,0,25,0,0,0,0,0,0,0
19304,13,bully,3183,1,3,30276,24,25,144,150,1,1,16121,3183,0,4,0,0,0,NORMAL,0,3,1,6,12,24,0,25,0,0,0,0,0,0,0
19404,43,bully,3283,1,3,30576,24,0,144,0,1,43,16121,3283,0,4,0,0,0,LEADER,1,4,1,49,3,24,0,0,0,0,0,0,0,0,0
19577,24,bully,3456,1,3,31095,24,0,144,0,1,24,16121,3456,0,4,0,0,0,LEADER,1,4,1,30,3,24,0,0,0,0,0,0,0,0,0
19643,27,bully,3522,1,3,31293,24,0,144,0,1,27,16121,3522,0,4,0,0,0,LEADER,1,4,1,33,3,24,0,0,0,0,0,0,0,0,0
19710,47,bully,3589,1,3,31494,24,0,144,0,1,47,16121,3589,0,4,0,0,0,LEADER,1,4,1,53,3,24,0,0,0,0,0,0,0,0,0
19474,20,bully,3353,1,3,30786,24,0,144,0,1,20,16121,3353,0,4,0,0,0,LEADER,1,4,1,26,3,24,0,0,0,0,0,0,0,0,0
19540,40,bully,3419,1,3,30984,24,0,144,0,1,40,16121,3419,0,4,0,0,0,LEADER,1,4,1,46,3,24,0,0,0,0,0,0,0,0,0
21368,29,bully,2944,1,3,29559,27,0,162,0,1,29,18424,2944,0,4,0,0,0,LEADER,1,4,1,38,3,27,0,0,0,0,0,0,0,0,0
21334,19,bully,2910,1,3,29457,27,0,162,0,1,19,18424,2910,0,4,0,0,0,LEADER,1,4,1,28,3,27,0,0,0,0,0,0,0,0,0
21130,2,bully,2707,1,3,28847,27,51,162,306,1,1,18423,2707,0,4,0,0,0,NORMAL,0,3,1,10,8,27,0,51,0,0,0,0,0,0,0
21537,36,bully,3113,1,3,30066,27,0,162,0,1,36,18424,3113,0,4,0,0,0,LEADER,1,4,1,45,3,27,0,0,0,0,0,0,0,0,0
21253,31,bully,2829,1,3,29214,27,0,162,0,1,31,18424,2829,0,4,0,0,0,LEADER,1,4,1,40,3,27,0,0,0,0,0,0,0,0,0
21592,45,bully,3168,1,3,30231,27,0,162,0,1,45,18424,3168,0,4,0,0,0,LEADER,1,4,1,54,3,27,0,0,0,0,0,0,0,0,0
21186,11,bully,2762,1,3,29013,27,26,162,156,1,1,18424,2762,0,4,0,0,0,NORMAL,0,3,1,9,11,27,0,26,0,0,0,0,0,0,0
21286,41,bully,2862,1,3,29313,27,0,162,0,1,41,18424,2862,0,4,0,0,0,LEADER,1,4,1,50,3,27,0,0,0,0,0,0,0,0,0
21504,26,bully,3080,1,3,29967,27,0,162,0,1,26,18424,3080,0,4,0,0,0,LEADER,1,4,1,35,3,27,0,0,0,0,0,0,0,0,0
21278,4,bully,2854,1,3,29289,27,52,162,312,1,1,18424,2854,0,4,0,0,0,NORMAL,0,3,1,9,11,27,0,52,0,0,0,0,0,0,0
21437,6,bully,3013,1,3,29766,27,52,162,312,2,1,18424,3013,0,4,0,0,0,NORMAL,0,3,1,9,13,27,0,52,0,0,0,0,0,0,0
21164,12,bully,2740,1,3,28947,27,27,162,162,1,1,18424,2740,0,4,0,0,0,NORMAL,0,3,1,9,12,27,0,27,0,0,0,0,0,0,0
21301,9,bully,2877,1,3,29358,27,26,162,156,1,1,18424,2877,0,4,0,0,0,NORMAL,0,3,1,9,9,27,0,26,0,0,0,0,0,0,0
21456,48,bully,3032,1,3,29823,27,0,162,0,1,48,18424,3032,0,4,0,0,0,LEADER,1,4,1,57,3,27,0,0,0,0,0,0,0,0,0
21150,44,bully,2726,1,3,28905,27,0,162,0,1,44,18424,2726,0,4,0,0,0,LEADER,1,4,1,53,3,27,0,0,0,0,0,0,0,0,0
21858,8,bully,3434,1,3,31029,27,26,162,156,2,1,18424,3434,0,4,0,0,0,NORMAL,0,3,1,9,15,27,0,26,0,0,0,0,0,0,0
21198,22,bully,2774,1,3,29049,27,0,162,0,1,22,18424,2774,0,4,0,0,0,LEADER,1,4,1,31,3,27,0,0,0,0,0,0,0,0,0
21865,39,bully,3441,1,3,31050,27,0,162,0,1,39,18424,3441,0,4,0,0,0,LEADER,1,4,1,48,3,27,0,0,0,0,0,0,0,0,0
21219,21,bully,2795,1,3,29112,27,0,162,0,1,21,18424,2795,0,4,0,0,0,LEADER,1,4,1,30,3,27,0,0,0,0,0,0,0,0,0
21574,3,bully,3150,1,3,30177,27,56,162,336,1,1,18424,3150,0,4,0,0,0,NORMAL,0,3,1,9,10,27,0,56,0,0,0,0,0,0,0
21995,5,bully,3571,1,3,31440,27,56,162,336,1,1,18424,3571,0,4,0,0,0,NORMAL,0,3,1,9,12,27,0,56,0,0,0,0,0,0,0
21640,23,bully,3216,1,3,30375,27,0,162,0,1,23,18424,3216,0,4,0,0,0,LEADER,1,4,1,32,3,27,0,0,0,0,0,0,0,0,0
21422,38,bully,2998,1,3,29721,27,0,162,0,1,38,18424,2998,0,4,0,0,0,LEADER,1,4,1,47,3,27,0,0,0,0,0,0,0,0,0
21471,16,bully,3047,1,3,29868,27,28,162,168,2,1,18424,3047,0,4,0,0,0,NORMAL,0,3,1,9,18,27,0,28,0,0,0,0,0,0,0
21356,25,bully,2932,1,3,29523,27,0,162,0,1,25,18424,2932,0,4,0,0,0,LEADER,1,4,1,34,3,27,0,0,0,0,0,0,0,0,0
21674,33,bully,3250,1,3,30477,27,0,162,0,1,33,18424,3250,0,4,0,0,0,LEADER,1,4,1,42,3,27,0,0,0,0,0,0,0,0,0
21642,37,bully,3218,1,3,30381,27,0,162,0,1,37,18424,3218,0,4,0,0,0,LEADER,1,4,1,46,3,27,0,0,0,0,0,0,0,0,0
21898,49,bully,3474,1,3,31149,27,0,162,0,1,49,18424,3474,0,4,0,0,0,LEADER,1,4,1,58,3,27,0,0,0,0,0,0,0,0,0
21559,35,bully,3135,1,3,30132,27,0,162,0,1,35,18424,3135,0,4,0,0,0,LEADER,1,4,1,44,3,27,0,0,0,0,0,0,0,0,0
22035,46,bully,3611,1,3,31560,27,0,162,0,1,46,18424,3611,0,4,0,0,0,LEADER,1,4,1,55,3,27,0,0,0,0,0,0,0,0,0
21913,17,bully,3489,1,3,31194,27,0,162,0,1,17,18424,3489,0,4,0,0,0,LEADER,1,4,1,26,3,27,0,0,0,0,0,0,0,0,0
22050,14,bully,3626,1,3,31605,27,28,162,168,2,1,18424,3626,0,4,0,0,0,NORMAL,0,3,1,9,14,27,0,28,0,0,0,0,0,0,0
22116,34,bully,3692,1,3,31803,27,0,162,0,1,34,18424,3692,0,4,0,0,0,LEADER,1,4,1,43,3,27,0,0,0,0,0,0,0,0,0
21726,42,bully,3304,1,3,30638,27,0,162,0,1,42,18422,3304,0,4,0,0,0,LEADER,1,4,1,51,3,27,0,0,0,0,0,0,0,0,0
21877,50,bully,3453,1,3,31086,27,0,162,0,1,50,18424,3453,0,4,0,0,0,LEADER,1,4,1,59,3,27,0,0,0,0,0,0,0,0,0
21389,28,bully,2965,1,3,29622,27,0,162,0,1,28,18424,2965,0,4,0,0,0,LEADER,1,4,1,37,3,27,0,0,0,0,0,0,0,0,0
21584,7,bully,3160,1,3,30207,27,56,162,336,2,1,18424,3160,0,4,0,0,0,NORMAL,0,3,1,9,14,27,0,56,0,0,0,0,0,0,0
22027,15,bully,3603,1,3,31536,27,28,162,168,2,1,18424,3603,0,4,0,0,0,NORMAL,0,3,1,9,15,27,0,28,0,0,0,0,0,0,0
21705,18,bully,3281,1,3,30570,27,0,162,0,1,18,18424,3281,0,4,0,0,0,LEADER,1,4,1,27,3,27,0,0,0,0,0,0,0,0,0
21689,1,bully,3265,1,3,30522,27,56,162,336,1,1,18424,3265,0,4,0,0,0,LEADER,1,4,1,10,3,27,0,56,0,0,0,0,0,0,0
21980,30,bully,3556,1,3,31395,27,0,162,0,1,30,18424,3556,0,4,0,0,0,LEADER,1,4,1,39,3,27,0,0,0,0,0,0,0,0,0
21695,32,bully,3271,1,3,30540,27,0,162,0,1,32,18424,3271,0,4,0,0,0,LEADER,1,4,1,41,3,27,0,0,0,0,0,0,0,0,0
22016,10,bully,3592,1,3,31503,27,28,162,168,1,1,18424,3592,0,4,0,0,0,NORMAL,0,3,1,10,7,27,0,28,0,0,0,0,0,0,0
21607,13,bully,3183,1,3,30276,27,28,162,168,1,1,18424,3183,0,4,0,0,0,NORMAL,0,3,1,9,12,27,0,28,0,0,0,0,0,0,0
21707,43,bully,3283,1,3,30576,27,0,162,0,1,43,18424,3283,0,4,0,0,0,LEADER,1,4,1,52,3,27,0,0,0,0,0,0,0,0,0
21880,24,bully,3456,1,3,31095,27,0,162,0,1,24,18424,3456,0,4,0,0,0,LEADER,1,4,1,33,3,27,0,0,0,0,0,0,0,0,0
21946,27,bully,3522,1,3,31293,27,0,162,0,1,27,18424,3522,0,4,0,0,0,LEADER,1,4,1,36,3,27,0,0,0,0,0,0,0,0,0
22013,47,bully,3589,1,3,31494,27,0,162,0,1,47,18424,3589,0,4,0,0,0,LEADER,1,4,1,56,3,27,0,0,0,0,0,0,0,0,0
21777,20,bully,3353,1,3,30786,27,0,162,0,1,20,18424,3353,0,4,0,0,0,LEADER,1,4,1,29,3,27,0,0,0,0,0,0,0,0,0
21843,40,bully,3419,1,3,30984,27,0,162,0,1,40,18424,3419,0,4,0,0,0,LEADER,1,4,1,49,3,27,0,0,0,0,0,0,0,0,0
23671,29,bully,2944,1,4,53230,30,0,180,0,1,29,20727,2944,0,5,0,0,0,LEADER,1,4,1,32,4,30,0,0,0,0,0,0,0,0,0
23637,19,bully,2910,1,4,53094,30,0,180,0,1,19,20727,2910,0,5,0,0,0,LEADER,1,4,1,22,4,30,0,0,0,0,0,0,0,0,0
23433,2,bully,2707,1,4,52280,30,58,180,348,1,1,20726,2707,0,5,0,0,0,NORMAL,0,3,2,4,10,30,0,58,0,0,0,0,0,0,0
23840,36,bully,3113,1,4,53906,30,0,180,0,1,36,20727,3113,0,5,0,0,0,LEADER,1,4,1,39,4,30,0,0,0,0,0,0,0,0,0
23556,31,bully,2829,1,4,52770,30,0,180,0,1,31,20727,2829,0,5,0,0,0,LEADER,1,4,1,34,4,30,0,0,0,0,0,0,0,0,0
23895,45,bully,3168,1,4,54126,30,0,180,0,1,45,20727,3168,0,5,0,0,0,LEADER,1,4,1,48,4,30,0,0,0,0,0,0,0,0,0
23489,11,bully,2762,1,4,52502,30,29,180,174,1,1,20727,2762,0,5,0,0,0,NORMAL,0,3,2,3,14,30,0,29,0,0,0,0,0,0,0
23589,41,bully,2862,1,4,52902,30,0,180,0,1,41,20727,2862,0,5,0,0,0,LEADER,1,4,1,44,4,30,0,0,0,0,0,0,0,0,0
23807,26,bully,3080,1,4,53774,30,0,180,0,1,26,20727,3080,0,5,0,0,0,LEADER,1,4,1,29,4,30,0,0,0,0,0,0,0,0,0
23581,4,bully,2854,1,4,52870,30,58,180,348,1,1,20727,2854,0,5,0,0,0,NORMAL,0,3,2,3,14,30,0,58,0,0,0,0,0,0,0
23740,6,bully,3013,1,4,53506,30,58,180,348,2,1,20727,3013,0,5,0,0,0,NORMAL,0,3,2,3,16,30,0,58,0,0,0,0,0,0,0
23466,12,bully,2740,1,4,52413,30,29,180,174,1,1,20726,2740,0,5,0,0,0,NORMAL,0,3,2,3,16,30,0,29,0,0,0,0,0,0,0
23604,9,bully,2877,1,4,52962,30,29,180,174,1,1,20727,2877,0,5,0,0,0,NORMAL,0,3,2,3,12,30,0,29,0,0,0,0,0,0,0
23759,48,bully,3032,1,4,53582,30,0,180,0,1,48,20727,3032,0,5,0,0,0,LEADER,1,4,1,51,4,30,0,0,0,0,0,0,0,0,0
23453,44,bully,2726,1,4,52358,30,0,180,0,1,44,20727,2726,0,5,0,0,0,LEADER,1,4,1,47,4,30,0,0,0,0,0,0,0,0,0
24161,8,bully,3434,1,4,55190,30,29,180,174,2,1,20727,3434,0,5,0,0,0,NORMAL,0,3,2,3,18,30,0,29,0,0,0,0,0,0,0
23501,22,bully,2774,1,4,52550,30,0,180,0,1,22,20727,2774,0,5,0,0,0,LEADER,1,4,1,25,4,30,0,0,0,0,0,0,0,0,0
24168,39,bully,3441,1,4,55218,30,0,180,0,1,39,20727,3441,0,5,0,0,0,LEADER,1,4,1,42,4,30,0,0,0,0,0,0,0,0,0
23522,21,bully,2795,1,4,52634,30,0,180,0,1,21,20727,2795,0,5,0,0,0,LEADER,1,4,1,24,4,30,0,0,0,0,0,0,0,0,0
23877,3,bully,3150,1,4,54054,30,62,180,372,1,1,20727,3150,0,5,0,0,0,NORMAL,0,3,2,3,13,30,0,62,0,0,0,0,0,0,0
24298,5,bully,3571,1,4,55738,30,62,180,372,1,1,20727,3571,0,5,0,0,0,NORMAL,0,3,2,3,15,30,0,62,0,0,0,0,0,0,0
23943,23,bully,3216,1,4,54318,30,0,180,0,1,23,20727,3216,0,5,0,0,0,LEADER,1,4,1,26,4,30,0,0,0,0,0,0,0,0,0
23725,38,bully,2998,1,4,53446,30,0,180,0,1,38,20727,2998,0,5,0,0,0,LEADER,1,4,1,41,4,30,0,0,0,0,0,0,0,0,0
23774,16,bully,3047,1,4,53642,30,30,180,180,2,1,20727,3047,0,5,0,0,0,NORMAL,0,3,2,3,21,30,0,30,0,0,0,0,0,0,0
23659,25,bully,2932,1,4,53182,30,0,180,0,1,25,20727,2932,0,5,0,0,0,LEADER,1,4,1,28,4,30,0,0,0,0,0,0,0,0,0
23977,33,bully,3250,1,4,54454,30,0,180,0,1,33,20727,3250,0,5,0,0,0,LEADER,1,4,1,36,4,30,0,0,0,0,0,0,0,0,0
23945,37,bully,3218,1,4,54326,30,0,180,0,1,37,20727,3218,0,5,0,0,0,LEADER,1,4,1,40,4,30,0,0,0,0,0,0,0,0,0
24201,49,bully,3474,1,4,55350,30,0,180,0,1,49,20727,3474,0,5,0,0,0,LEADER,1,4,1,52,4,30,0,0,0,0,0,0,0,0,0
23862,35,bully,3135,1,4,53994,30,0,180,0,1,35,20727,3135,0,5,0,0,0,LEADER,1,4,1,38,4,30,0,0,0,0,0,0,0,0,0
24338,46,bully,3611,1,4,55898,30,0,180,0,1,46,20727,3611,0,5,0,0,0,LEADER,1,4,1,49,4,30,0,0,0,0,0,0,0,0,0
24216,17,bully,3489,1,4,55410,30,0,180,0,1,17,20727,3489,0,5,0,0,0,LEADER,1,4,1,20,4,30,0,0,0,0,0,0,0,0,0
24353,14,bully,3626,1,4,55958,30,31,180,186,2,1,20727,3626,0,5,0,0,0,NORMAL,0,3,2,3,17,30,0,31,0,0,0,0,0,0,0
24419,34,bully,3692,1,4,56222,30,0,180,0,1,34,20727,3692,0,5,0,0,0,LEADER,1,4,1,37,4,30,0,0,0,0,0,0,0,0,0
24029,42,bully,3304,1,4,54667,30,0,180,0,1,42,20725,3304,0,5,0,0,0,LEADER,1,4,1,45,4,30,0,0,0,0,0,0,0,0,0
24180,50,bully,3453,1,4,55266,30,0,180,0,1,50,20727,3453,0,5,0,0,0,LEADER,1,4,1,53,4,30,0,0,0,0,0,0,0,0,0
23692,28,bully,2965,1,4,53314,30,0,180,0,1,28,20727,2965,0,5,0,0,0,LEADER,1,4,1,31,4,30,0,0,0,0,0,0,0,0,0
23887,7,bully,3160,1,4,54094,30,62,180,372,2,1,20727,3160,0,5,0,0,0,NORMAL,0,3,2,3,17,30,0,62,0,0,0,0,0,0,0
24330,15,bully,3603,1,4,55866,30,30,180,180,2,1,20727,3603,0,5,0,0,0,NORMAL,0,3,2,3,18,30,0,30,0,0,0,0,0,0,0
24008,18,bully,3281,1,4,54578,30,0,180,0,1,18,20727,3281,0,5,0,0,0,LEADER,1,4,1,21,4,30,0,0,0,0,0,0,0,0,0
23992,1,bully,3265,1,4,54514,30,62,180,372,1,1,20727,3265,0,5,0,0,0,LEADER,1,4,1,4,4,30,0,62,0,0,0,0,0,0,0
24283,30,bully,3556,1,4,55678,30,0,180,0,1,30,20727,3556,0,5,0,0,0,LEADER,1,4,1,33,4,30,0,0,0,0,0,0,0,0,0
23998,32,bully,3271,1,4,54538,30,0,180,0,1,32,20727,3271,0,5,0,0,0,LEADER,1,4,1,35,4,30,0,0,0,0,0,0,0,0,0
24319,10,bully,3592,1,4,55822,30,31,180,186,1,1,20727,3592,0,5,0,0,0,NORMAL,0,3,2,4,9,30,0,31,0,0,0,0,0,0,0
23910,13,bully,3183,1,4,54186,30,31,180,186,1,1,20727,3183,0,5,0,0,0,NORMAL,0,3,2,3,15,30,0,31,0,0,0,0,0,0,0
24010,43,bully,3283,1,4,54586,30,0,180,0,1,43,20727,3283,0,5,0,0,0,LEADER,1,4,1,46,4,30,0,0,0,0,0,0,0,0,0
24183,24,bully,3456,1,4,55278,30,0,180,0,1,24,20727,3456,0,5,0,0,0,LEADER,1,4,1,27,4,30,0,0,0,0,0,0,0,0,0
24249,27,bully,3522,1,4,55542,30,0,180,0,1,27,20727,3522,0,5,0,0,0,LEADER,1,4,1,30,4,30,0,0,0,0,0,0,0,0,0
24316,47,bully,3589,1,4,55810,30,0,180,0,1,47,20727,3589,0,5,0,0,0,LEADER,1,4,1,50,4,30,0,0,0,0,0,0,0,0,0
24080,20,bully,3353,1,4,54866,30,0,180,0,1,20,20727,3353,0,5,0,0,0,LEADER,1,4,1,23,4,30,0,0,0,0,0,0,0,0,0
24146,40,bully,3419,1,4,55130,30,0,180,0,1,40,20727,3419,0,5,0,0,0,LEADER,1,4,1,43,4,30,0,0,0,0,0,0,0,0,0
25974,29,bully,2944,1,4,53230,33,0,198,0,1,29,23030,2944,0,5,0,0,0,LEADER,1,4,1,35,4,33,0,0,0,0,0,0,0,0,0
25940,19,bully,2910,1,4,53094,33,0,198,0,1,19,23030,2910,0,5,0,0,0,LEADER,1,4,1,25,4,33,0,0,0,0,0,0,0,0,0
25735,2,bully,2707,1,4,52280,33,64,198,384,1,1,23028,2707,0,5,0,0,0,NORMAL,0,3,1,7,10,33,0,64,0,0,0,0,0,0,0
26143,36,bully,3113,1,4,53906,33,0,198,0,1,36,23030,3113,0,5,0,0,0,LEADER,1,4,1,42,4,33,0,0,0,0,0,0,0,0,0
25859,31,bully,2829,1,4,52770,33,0,198,0,1,31,23030,2829,0,5,0,0,0,LEADER,1,4,1,37,4,33,0,0,0,0,0,0,0,0,0
26198,45,bully,3168,1,4,54126,33,0,198,0,1,45,23030,3168,0,5,0,0,0,LEADER,1,4,1,51,4,33,0,0,0,0,0,0,0,0,0
25792,11,bully,2762,1,4,52502,33,32,198,192,1,1,23030,2762,0,5,0,0,0,NORMAL,0,3,1,6,14,33,0,32,0,0,0,0,0,0,0
25892,41,bully,2862,1,4,52902,33,0,198,0,1,41,23030,2862,0,5,0,0,0,LEADER,1,4,1,47,4,33,0,0,0,0,0,0,0,0,0
26110,26,bully,3080,1,4,53774,33,0,198,0,1,26,23030,3080,0,5,0,0,0,LEADER,1,4,1,32,4,33,0,0,0,0,0,0,0,0,0
25884,4,bully,2854,1,4,52870,33,64,198,384,1,1,23030,2854,0,5,0,0,0,NORMAL,0,3,1,6,14,33,0,64,0,0,0,0,0,0,0
26043,6,bully,3013,1,4,53506,33,64,198,384,2,1,23030,3013,0,5,0,0,0,NORMAL,0,3,1,6,16,33,0,64,0,0,0,0,0,0,0
25769,12,bully,2740,1,4,52413,33,33,198,198,1,1,23029,2740,0,5,0,0,0,NORMAL,0,3,1,6,16,33,0,33,0,0,0,0,0,0,0
25907,9,bully,2877,1,4,52962,33,32,198,192,1,1,23030,2877,0,5,0,0,0,NORMAL,0,3,1,6,12,33,0,32,0,0,0,0,0,0,0
26062,48,bully,3032,1,4,53582,33,0,198,0,1,48,23030,3032,0,5,0,0,0,LEADER,1,4,1,54,4,33,0,0,0,0,0,0,0,0,0
25756,44,bully,2726,1,4,52358,33,0,198,0,1,44,23030,2726,0,5,0,0,0,LEADER,1,4,1,50,4,33,0,0,0,0,0,0,0,0,0
26464,8,bully,3434,1,4,55190,33,32,198,192,2,1,23030,3434,0,5,0,0,0,NORMAL,0,3,1,6,18,33,0,32,0,0,0,0,0,0,0
25804,22,bully,2774,1,4,52550,33,0,198,0,1,22,23030,2774,0,5,0,0,0,LEADER,1,4,1,28,4,33,0,0,0,0,0,0,0,0,0
26471,39,bully,3441,1,4,55218,33,0,198,0,1,39,23030,3441,0,5,0,0,0,LEADER,1,4,1,45,4,33,0,0,0,0,0,0,0,0,0
25825,21,bully,2795,1,4,52634,33,0,198,0,1,21,23030,2795,0,5,0,0,0,LEADER,1,4,1,27,4,33,0,0,0,0,0,0,0,0,0
26180,3,bully,3150,1,4,54054,33,68,198,408,1,1,23030,3150,0,5,0,0,0,NORMAL,0,3,1,6,13,33,0,68,0,0,0,0,0,0,0
26601,5,bully,3571,1,4,55738,33,68,198,408,1,1,23030,3571,0,5,0,0,0,NORMAL,0,3,1,6,15,33,0,68,0,0,0,0,0,0,0
26246,23,bully,3216,1,4,54318,33,0,198,0,1,23,23030,3216,0,5,0,0,0,LEADER,1,4,1,29,4,33,0,0,0,0,0,0,0,0,0
26028,38,bully,2998,1,4,53446,33,0,198,0,1,38,23030,2998,0,5,0,0,0,LEADER,1,4,1,44,4,33,0,0,0,0,0,0,0,0,0
26077,16,bully,3047,1,4,53642,33,33,198,198,2,1,23030,3047,0,5,0,0,0,NORMAL,0,3,1,6,21,33,0,33,0,0,0,0,0,0,0
25962,25,bully,2932,1,4,53182,33,0,198,0,1,25,23030,2932,0,5,0,0,0,LEADER,1,4,1,31,4,33,0,0,0,0,0,0,0,0,0
26280,33,bully,3250,1,4,54454,33,0,198,0,1,33,23030,3250,0,5,0,0,0,LEADER,1,4,1,39,4,33,0,0,0,0,0,0,0,0,0
26248,37,bully,3218,1,4,54326,33,0,198,0,1,37,23030,3218,0,5,0,0,0,LEADER,1,4,1,43,4,33,0,0,0,0,0,0,0,0,0
26504,49,bully,3474,1,4,55350,33,0,198,0,1,49,23030,3474,0,5,0,0,0,LEADER,1,4,1,55,4,33,0,0,0,0,0,0,0,0,0
26165,35,bully,3135,1,4,53994,33,0,198,0,1,35,23030,3135,0,5,0,0,0,LEADER,1,4,1,41,4,33,0,0,0,0,0,0,0,0,0
26641,46,bully,3611,1,4,55898,33,0,198,0,1,46,23030,3611,0,5,0,0,0,LEADER,1,4,1,52,4,33,0,0,0,0,0,0,0,0,0
26519,17,bully,3489,1,4,55410,33,0,198,0,1,17,23030,3489,0,5,0,0,0,LEADER,1,4,1,23,4,33,0,0,0,0,0,0,0,0,0
26656,14,bully,3626,1,4,55958,33,34,198,204,2,1,23030,3626,0,5,0,0,0,NORMAL,0,3,1,6,17,33,0,34,0,0,0,0,0,0,0
26722,34,bully,3692,1,4,56222,33,0,198,0,1,34,23030,3692,0,5,0,0,0,LEADER,1,4,1,40,4,33,0,0,0,0,0,0,0,0,0
26332,42,bully,3304,1,4,54667,33,0,198,0,1,42,23028,3304,0,5,0,0,0,LEADER,1,4,1,48,4,33,0,0,0,0,0,0,0,0,0
26483,50,bully,3453,1,4,55266,33,0,198,0,1,50,23030,3453,0,5,0,0,0,LEADER,1,4,1,56,4,33,0,0,0,0,0,0,0,0,0
25995,28,bully,2965,1,4,53314,33,0,198,0,1,28,23030,2965,0,5,0,0,0,LEADER,1,4,1,34,4,33,0,0,0,0,0,0,0,0,0
26190,7,bully,3160,1,4,54094,33,68,198,408,2,1,23030,3160,0,5,0,0,0,NORMAL,0,3,1,6,17,33,0,68,0,0,0,0,0,0,0
26633,15,bully,3603,1,4,55866,33,33,198,198,2,1,23030,3603,0,5,0,0,0,NORMAL,0,3,1,6,18,33,0,33,0,0,0,0,0,0,0
26311,18,bully,3281,1,4,54578,33,0,198,0,1,18,23030,3281,0,5,0,0,0,LEADER,1,4,1,24,4,33,0,0,0,0,0,0,0,0,0
26295,1,bully,3265,1,4,54514,33,68,198,408,1,1,23030,3265,0,5,0,0,0,LEADER,1,4,1,7,4,33,0,68,0,0,0,0,0,0,0
26586,30,bully,3556,1,4,55678,33,0,198,0,1,30,23030,3556,0,5,0,0,0,LEADER,1,4,1,36,4,33,0,0,0,0,0,0,0,0,0
26301,32,bully,3271,1,4,54538,33,0,198,0,1,32,23030,3271,0,5,0,0,0,LEADER,1,4,1,38,4,33,0,0,0,0,0,0,0,0,0
26622,10,bully,3592,1,4,55822,33,34,198,204,1,1,23030,3592,0,5,0,0,0,NORMAL,0,3,1,7,9,33,0,34,0,0,0,0,0,0,0
26213,13,bully,3183,1,4,54186,33,34,198,204,1,1,23030,3183,0,5,0,0,0,NORMAL,0,3,1,6,15,33,0,34,0,0,0,0,0,0,0
26313,43,bully,3283,1,4,54586,33,0,198,0,1,43,23030,3283,0,5,0,0,0,LEADER,1,4,1,49,4,33,0,0,0,0,0,0,0,0,0
26486,24,bully,3456,1,4,55278,33,0,198,0,1,24,23030,3456,0,5,0,0,0,LEADER,1,4,1,30,4,33,0,0,0,0,0,0,0,0,0
26552,27,bully,3522,1,4,55542,33,0,198,0,1,27,23030,3522,0,5,0,0,0,LEADER,1,4,1,33,4,33,0,0,0,0,0,0,0,0,0
26619,47,bully,3589,1,4,55810,33,0,198,0,1,47,23030,3589,0,5,0,0,0,LEADER,1,4,1,53,4,33,0,0,0,0,0,0,0,0,0
26383,20,bully,3353,1,4,54866,33,0,198,0,1,20,23030,3353,0,5,0,0,0,LEADER,1,4,1,26,4,33,0,0,0,0,0,0,0,0,0
26449,40,bully,3419,1,4,55130,33,0,198,0,1,40,23030,3419,0,5,0,0,0,LEADER,1,4,1,46,4,33,0,0,0,0,0,0,0,0,0
28277,29,bully,2944,1,4,53230,36,0,216,0,1,29,25333,2944,0,5,0,0,0,LEADER,1,4,1,38,4,36,0,0,0,0,0,0,0,0,0
28243,19,bully,2910,1,4,53094,36,0,216,0,1,19,25333,2910,0,5,0,0,0,LEADER,1,4,1,28,4,36,0,0,0,0,0,0,0,0,0
28038,2,bully,2707,1,4,52280,36,69,216,414,1,1,25331,2707,0,5,0,0,0,NORMAL,0,3,1,10,10,36,0,69,0,0,0,0,0,0,0
28446,36,bully,3113,1,4,53906,36,0,216,0,1,36,25333,3113,0,5,0,0,0,LEADER,1,4,1,45,4,36,0,0,0,0,0,0,0,0,0
28162,31,bully,2829,1,4,52770,36,0,216,0,1,31,25333,2829,0,5,0,0,0,LEADER,1,4,1,40,4,36,0,0,0,0,0,0,0,0,0
28501,45,bully,3168,1,4,54126,36,0,216,0,1,45,25333,3168,0,5,0,0,0,LEADER,1,4,1,54,4,36,0,0,0,0,0,0,0,0,0
28095,11,bully,2762,1,4,52502,36,35,216,210,1,1,25333,2762,0,5,0,0,0,NORMAL,0,3,1,9,14,36,0,35,0,0,0,0,0,0,0
28195,41,bully,2862,1,4,52902,36,0,216,0,1,41,25333,2862,0,5,0,0,0,LEADER,1,4,1,50,4,36,0,0,0,0,0,0,0,0,0
28413,26,bully,3080,1,4,53774,36,0,216,0,1,26,25333,3080,0,5,0,0,0,LEADER,1,4,1,35,4,36,0,0,0,0,0,0,0,0,0
28187,4,bully,2854,1,4,52870,36,70,216,420,1,1,25333,2854,0,5,0,0,0,NORMAL,0,3,1,9,14,36,0,70,0,0,0,0,0,0,0
28346,6,bully,3013,1,4,53506,36,70,216,420,2,1,25333,3013,0,5,0,0,0,NORMAL,0,3,1,9,16,36,0,70,0,0,0,0,0,0,0
28072,12,bully,2740,1,4,52413,36,36,216,216,1,1,25332,2740,0,5,0,0,0,NORMAL,0,3,1,9,16,36,0,36,0,0,0,0,0,0,0
28210,9,bully,2877,1,4,52962,36,35,216,210,1,1,25333,2877,0,5,0,0,0,NORMAL,0,3,1,9,12,36,0,35,0,0,0,0,0,0,0
28365,48,bully,3032,1,4,53582,36,0,216,0,1,48,25333,3032,0,5,0,0,0,LEADER,1,4,1,57,4,36,0,0,0,0,0,0,0,0,0
28059,44,bully,2726,1,4,52358,36,0,216,0,1,44,25333,2726,0,5,0,0,0,LEADER,1,4,1,53,4,36,0,0,0,0,0,0,0,0,0
28767,8,bully,3434,1,4,55190,36,35,216,210,2,1,25333,3434,0,5,0,0,0,NORMAL,0,3,1,9,18,36,0,35,0,0,0,0,0,0,0
28107,22,bully,2774,1,4,52550,36,0,216,0,1,22,25333,2774,0,5,0,0,0,LEADER,1,4,1,31,4,36,0,0,0,0,0,0,0,0,0
28774,39,bully,3441,1,4,55218,36,0,216,0,1,39,25333,3441,0,5,0,0,0,LEADER,1,4,1,48,4,36,0,0,0,0,0,0,0,0,0
28128,21,bully,2795,1,4,52634,36,0,216,0,1,21,25333,2795,0,5,0,0,0,LEADER,1,4,1,30,4,36,0,0,0,0,0,0,0,0,0
28483,3,bully,3150,1,4,54054,36,74,216,444,1,1,25333,3150,0,5,0,0,0,NORMAL,0,3,1,9,13,36,0,74,0,0,0,0,0,0,0
28904,5,bully,3571,1,4,55738,36,74,216,444,1,1,25333,3571,0,5,0,0,0,NORMAL,0,3,1,9,15,36,0,74,0,0,0,0,0,0,0
28549,23,bully,3216,1,4,54318,36,0,216,0,1,23,25333,3216,0,5,0,0,0,LEADER,1,4,1,32,4,36,0,0,0,0,0,0,0,0,0
28331,38,bully,2998,1,4,53446,36,0,216,0,1,38,25333,2998,0,5,0,0,0,LEADER,1,4,1,47,4,36,0,0,0,0,0,0,0,0,0
28380,16,bully,3047,1,4,53642,36,36,216,216,2,1,25333,3047,0,5,0,0,0,NORMAL,0,3,1,9,21,36,0,36,0,0,0,0,0,0,0
28265,25,bully,2932,1,4,53182,36,0,216,0,1,25,25333,2932,0,5,0,0,0,LEADER,1,4,1,34,4,36,0,0,0,0,0,0,0,0,0
28583,33,bully,3250,1,4,54454,36,0,216,0,1,33,25333,3250,0,5,0,0,0,LEADER,1,4,1,42,4,36,0,0,0,0,0,0,0,0,0
28551,37,bully,3218,1,4,54326,36,0,216,0,1,37,25333,3218,0,5,0,0,0,LEADER,1,4,1,46,4,36,0,0,0,0,0,0,0,0,0
28807,49,bully,3474,1,4,55350,36,0,216,0,1,49,25333,3474,0,5,0,0,0,LEADER,1,4,1,58,4,36,0,0,0,0,0,0,0,0,0
28468,35,bully,3135,1,4,53994,36,0,216,0,1,35,25333,3135,0,5,0,0,0,LEADER,1,4,1,44,4,36,0,0,0,0,0,0,0,0,0
28944,46,bully,3611,1,4,55898,36,0,216,0,1,46,25333,3611,0,5,0,0,0,LEADER,1,4,1,55,4,36,0,0,0,0,0,0,0,0,0
28822,17,bully,3489,1,4,55410,36,0,216,0,1,17,25333,3489,0,5,0,0,0,LEADER,1,4,1,26,4,36,0,0,0,0,0,0,0,0,0
28959,14,bully,3626,1,4,55958,36,37,216,222,2,1,25333,3626,0,5,0,0,0,NORMAL,0,3,1,9,17,36,0,37,0,0,0,0,0,0,0
29025,34,bully,3692,1,4,56222,36,0,216,0,1,34,25333,3692,0,5,0,0,0,LEADER,1,4,1,43,4,36,0,0,0,0,0,0,0,0,0
28635,42,bully,3304,1,4,54667,36,0,216,0,1,42,25331,3304,0,5,0,0,0,LEADER,1,4,1,51,4,36,0,0,0,0,0,0,0,0,0
28786,50,bully,3453,1,4,55266,36,0,216,0,1,50,25333,3453,0,5,0,0,0,LEADER,1,4,1,59,4,36,0,0,0,0,0,0,0,0,0
28298,28,bully,2965,1,4,53314,36,0,216,0,1,28,25333,2965,0,5,0,0,0,LEADER,1,4,1,37,4,36,0,0,0,0,0,0,0,0,0
28493,7,bully,3160,1,4,54094,36,74,216,444,2,1,25333,3160,0,5,0,0,0,NORMAL,0,3,1,9,17,36,0,74,0,0,0,0,0,0,0
28936,15,bully,3603,1,4,55866,36,36,216,216,2,1,25333,3603,0,5,0,0,0,NORMAL,0,3,1,9,18,36,0,36,0,0,0,0,0,0,0
28614,18,bully,3281,1,4,54578,36,0,216,0,1,18,25333,3281,0,5,0,0,0,LEADER,1,4,1,27,4,36,0,0,0,0,0,0,0,0,0
28598,1,bully,3265,1,4,54514,36,74,216,444,1,1,25333,3265,0,5,0,0,0,LEADER,1,4,1,10,4,36,0,74,0,0,0,0,0,0,0
28889,30,bully,3556,1,4,55678,36,0,216,0,1,30,25333,3556,0,5,0,0,0,LEADER,1,4,1,39,4,36,0,0,0,0,0,0,0,0,0
28604,32,bully,3271,1,4,54538,36,0,216,0,1,32,25333,3271,0,5,0,0,0,LEADER,1,4,1,41,4,36,0,0,0,0,0,0,0,0,0
28925,10,bully,3592,1,4,55822,36,37,216,222,1,1,25333,3592,0,5,0,0,0,NORMAL,0,3,1,10,9,36,0,37,0,0,0,0,0,0,0
28516,13,bully,3183,1,4,54186,36,37,216,222,1,1,25333,3183,0,5,0,0,0,NORMAL,0,3,1,9,15,36,0,37,0,0,0,0,0,0,0
28616,43,bully,3283,1,4,54586,36,0,216,0,1,43,25333,3283,0,5,0,0,0,LEADER,1,4,1,52,4,36,0,0,0,0,0,0,0,0,0
28789,24,bully,3456,1,4,55278,36,0,216,0,1,24,25333,3456,0,5,0,0,0,LEADER,1,4,1,33,4,36,0,0,0,0,0,0,0,0,0
28855,27,bully,3522,1,4,55542,36,0,216,0,1,27,25333,3522,0,5,0,0,0,LEADER,1,4,1,36,4,36,0,0,0,0,0,0,0,0,0
28922,47,bully,3589,1,4,55810,36,0,216,0,1,47,25333,3589,0,5,0,0,0,LEADER,1,4,1,56,4,36,0,0,0,0,0,0,0,0,0
28686,20,bully,3353,1,4,54866,36,0,216,0,1,20,25333,3353,0,5,0,0,0,LEADER,1,4,1,29,4,36,0,0,0,0,0,0,0,0,0
28752,40,bully,3419,1,4,55130,36,0,216,0,1,40,25333,3419,0,5,0,0,0,LEADER,1,4,1,49,4,36,0,0,0,0,0,0,0,0,0
30580,29,bully,2944,1,5,83810,39,0,234,0,1,29,27636,2944,0,6,0,0,0,LEADER,1,4,1,32,5,39,0,0,0,0,0,0,0,0,0
30546,19,bully,2910,1,5,83640,39,0,234,0,1,19,27636,2910,0,6,0,0,0,LEADER,1,4,1,22,5,39,0,0,0,0,0,0,0,0,0
30341,2,bully,2707,1,5,82621,39,76,234,456,1,1,27634,2707,0,6,0,0,0,NORMAL,0,3,2,4,12,39,0,76,0,0,0,0,0,0,0
30749,36,bully,3113,1,5,84655,39,0,234,0,1,36,27636,3113,0,6,0,0,0,LEADER,1,4,1,39,5,39,0,0,0,0,0,0,0,0,0
30465,31,bully,2829,1,5,83235,39,0,234,0,1,31,27636,2829,0,6,0,0,0,LEADER,1,4,1,34,5,39,0,0,0,0,0,0,0,0,0
30804,45,bully,3168,1,5,84930,39,0,234,0,1,45,27636,3168,0,6,0,0,0,LEADER,1,4,1,48,5,39,0,0,0,0,0,0,0,0,0
30398,11,bully,2762,1,5,82900,39,38,234,228,1,1,27636,2762,0,6,0,0,0,NORMAL,0,3,2,3,17,39,0,38,0,0,0,0,0,0,0
30498,41,bully,2862,1,5,83400,39,0,234,0,1,41,27636,2862,0,6,0,0,0,LEADER,1,4,1,44,5,39,0,0,0,0,0,0,0,0,0
30716,26,bully,3080,1,5,84490,39,0,234,0,1,26,27636,3080,0,6,0,0,0,LEADER,1,4,1,29,5,39,0,0,0,0,0,0,0,0,0
30490,4,bully,2854,1,5,83360,39,76,234,456,1,1,27636,2854,0,6,0,0,0,NORMAL,0,3,2,3,17,39,0,76,0,0,0,0,0,0,0
30649,6,bully,3013,1,5,84155,39,76,234,456,2,1,27636,3013,0,6,0,0,0,NORMAL,0,3,2,3,19,39,0,76,0,0,0,0,0,0,0
30375,12,bully,2740,1,5,82788,39,38,234,228,1,1,27635,2740,0,6,0,0,0,NORMAL,0,3,2,3,20,39,0,38,0,0,0,0,0,0,0
30513,9,bully,2877,1,5,83475,39,38,234,228,1,1,27636,2877,0,6,0,0,0,NORMAL,0,3,2,3,15,39,0,38,0,0,0,0,0,0,0
30668,48,bully,3032,1,5,84250,39,0,234,0,1,48,27636,3032,0,6,0,0,0,LEADER,1,4,1,51,5,39,0,0,0,0,0,0,0,0,0
30362,44,bully,2726,1,5,82720,39,0,234,0,1,44,27636,2726,0,6,0,0,0,LEADER,1,4,1,47,5,39,0,0,0,0,0,0,0,0,0
31070,8,bully,3434,1,5,86260,39,38,234,228,2,1,27636,3434,0,6,0,0,0,NORMAL,0,3,2,3,21,39,0,38,0,0,0,0,0,0,0
30410,22,bully,2774,1,5,82960,39,0,234,0,1,22,27636,2774,0,6,0,0,0,LEADER,1,4,1,25,5,39,0,0,0,0,0,0,0,0,0
31077,39,bully,3441,1,5,86295,39,0,234,0,1,39,27636,3441,0,6,0,0,0,LEADER,1,4,1,42,5,39,0,0,0,0,0,0,0,0,0
30431,21,bully,2795,1,5,83065,39,0,234,0,1,21,27636,2795,0,6,0,0,0,LEADER,1,4,1,24,5,39,0,0,0,0,0,0,0,0,0
30786,3,bully,3150,1,5,84840,39,80,234,480,1,1,27636,3150,0,6,0,0,0,NORMAL,0,3,2,3,16,39,0,80,0,0,0,0,0,0,0
31207,5,bully,3571,1,5,86945,39,80,234,480,1,1,27636,3571,0,6,0,0,0,NORMAL,0,3,2,3,18,39,0,80,0,0,0,0,0,0,0
30852,23,bully,3216,1,5,85170,39,0,234,0,1,23,27636,3216,0,6,0,0,0,LEADER,1,4,1,26,5,39,0,0,0,0,0,0,0,0,0
30634,38,bully,2998,1,5,84080,39,0,234,0,1,38,27636,2998,0,6,0,0,0,LEADER,1,4,1,41,5,39,0,0,0,0,0,0,0,0,0
30683,16,bully,3047,1,5,84325,39,39,234,234,2,1,27636,3047,0,6,0,0,0,NORMAL,0,3,2,3,25,39,0,39,0,0,0,0,0,0,0
30568,25,bully,2932,1,5,83750,39,0,234,0,1,25,27636,2932,0,6,0,0,0,LEADER,1,4,1,28,5,39,0,0,0,0,0,0,0,0,0
30886,33,bully,3250,1,5,85340,39,0,234,0,1,33,27636,3250,0,6,0,0,0,LEADER,1,4,1,36,5,39,0,0,0,0,0,0,0,0,0
30854,37,bully,3218,1,5,85180,39,0,234,0,1,37,27636,3218,0,6,0,0,0,LEADER,1,4,1,40,5,39,0,0,0,0,0,0,0,0,0
31110,49,bully,3474,1,5,86460,39,0,234,0,1,49,27636,3474,0,6,0,0,0,LEADER,1,4,1,52,5,39,0,0,0,0,0,0,0,0,0
30771,35,bully,3135,1,5,84765,39,0,234,0,1,35,27636,3135,0,6,0,0,0,LEADER,1,4,1,38,5,39,0,0,0,0,0,0,0,0,0
31247,46,bully,3611,1,5,87145,39,0,234,0,1,46,27636,3611,0,6,0,0,0,LEADER,1,4,1,49,5,39,0,0,0,0,0,0,0,0,0
31125,17,bully,3489,1,5,86535,39,0,234,0,1,17,27636,3489,0,6,0,0,0,LEADER,1,4,1,20,5,39,0,0,0,0,0,0,0,0,0
31262,14,bully,3626,1,5,87220,39,40,234,240,2,1,27636,3626,0,6,0,0,0,NORMAL,0,3,2,3,20,39,0,40,0,0,0,0,0,0,0
31328,34,bully,3692,1,5,87550,39,0,234,0,1,34,27636,3692,0,6,0,0,0,LEADER,1,4,1,37,5,39,0,0,0,0,0,0,0,0,0
30938,42,bully,3304,1,5,85605,39,0,234,0,1,42,27634,3304,0,6,0,0,0,LEADER,1,4,1,45,5,39,0,0,0,0,0,0,0,0,0
31089,50,bully,3453,1,5,86355,39,0,234,0,1,50,27636,3453,0,6,0,0,0,LEADER,1,4,1,53,5,39,0,0,0,0,0,0,0,0,0
30601,28,bully,2965,1,5,83915,39,0,234,0,1,28,27636,2965,0,6,0,0,0,LEADER,1,4,1,31,5,39,0,0,0,0,0,0,0,0,0
30796,7,bully,3160,1,5,84890,39,80,234,480,2,1,27636,3160,0,6,0,0,0,NORMAL,0,3,2,3,20,39,0,80,0,0,0,0,0,0,0
31239,15,bully,3603,1,5,87105,39,40,234,240,2,1,27636,3603,0,6,0,0,0,NORMAL,0,3,2,3,22,39,0,40,0,0,0,0,0,0,0
30917,18,bully,3281,1,5,85495,39,0,234,0,1,18,27636,3281,0,6,0,0,0,LEADER,1,4,1,21,5,39,0,0,0,0,0,0,0,0,0
30901,1,bully,3265,1,5,85415,39,80,234,480,1,1,27636,3265,0,6,0,0,0,LEADER,1,4,1,4,5,39,0,80,0,0,0,0,0,0,0
31192,30,bully,3556,1,5,86870,39,0,234,0,1,30,27636,3556,0,6,0,0,0,LEADER,1,4,1,33,5,39,0,0,0,0,0,0,0,0,0
30907,32,bully,3271,1,5,85445,39,0,234,0,1,32,27636,3271,0,6,0,0,0,LEADER,1,4,1,35,5,39,0,0,0,0,0,0,0,0,0
31228,10,bully,3592,1,5,87050,39,40,234,240,1,1,27636,3592,0,6,0,0,0,NORMAL,0,3,2,4,11,39,0,40,0,0,0,0,0,0,0
30819,13,bully,3183,1,5,85005,39,40,234,240,1,1,27636,3183,0,6,0,0,0,NORMAL,0,3,2,3,18,39,0,40,0,0,0,0,0,0,0
30919,43,bully,3283,1,5,85505,39,0,234,0,1,43,27636,3283,0,6,0,0,0,LEADER,1,4,1,46,5,39,0,0,0,0,0,0,0,0,0
31092,24,bully,3456,1,5,86370,39,0,234,0,1,24,27636,3456,0,6,0,0,0,LEADER,1,4,1,27,5,39,0,0,0,0,0,0,0,0,0
31158,27,bully,3522,1,5,86700,39,0,234,0,1,27,27636,3522,0,6,0,0,0,LEADER,1,4,1,30,5,39,0,0,0,0,0,0,0,0,0
31225,47,bully,3589,1,5,87035,39,0,234,0,1,47,27636,3589,0,6,0,0,0,LEADER,1,4,1,50,5,39,0,0,0,0,0,0,0,0,0
30989,20,bully,3353,1,5,85855,39,0,234,0,1,20,27636,3353,0,6,0,0,0,LEADER,1,4,1,23,5,39,0,0,0,0,0,0,0,0,0
31055,40,bully,3419,1,5,86185,39,0,234,0,1,40,27636,3419,0,6,0,0,0,LEADER,1,4,1,43,5,39,0,0,0,0,0,0,0,0,0
32883,29,bully,2944,1,5,83810,42,0,252,0,1,29,29939,2944,0,6,0,0,0,LEADER,1,4,1,35,5,42,0,0,0,0,0,0,0,0,0
32849,19,bully,2910,1,5,83640,42,0,252,0,1,19,29939,2910,0,6,0,0,0,LEADER,1,4,1,25,5,42,0,0,0,0,0,0,0,0,0
32644,2,bully,2707,1,5,82621,42,81,252,486,1,1,29937,2707,0,6,0,0,0,NORMAL,0,3,1,7,12,42,0,81,0,0,0,0,0,0,0
33052,36,bully,3113,1,5,84655,42,0,252,0,1,36,29939,3113,0,6,0,0,0,LEADER,1,4,1,42,5,42,0,0,0,0,0,0,0,0,0
32768,31,bully,2829,1,5,83235,42,0,252,0,1,31,29939,2829,0,6,0,0,0,LEADER,1,4,1,37,5,42,0,0,0,0,0,0,0,0,0
33107,45,bully,3168,1,5,84930,42,0,252,0,1,45,29939,3168,0,6,0,0,0,LEADER,1,4,1,51,5,42,0,0,0,0,0,0,0,0,0
32701,11,bully,2762,1,5,82900,42,41,252,246,1,1,29939,2762,0,6,0,0,0,NORMAL,0,3,1,6,17,42,0,41,0,0,0,0,0,0,0
32801,41,bully,2862,1,5,83400,42,0,252,0,1,41,29939,2862,0,6,0,0,0,LEADER,1,4,1,47,5,42,0,0,0,0,0,0,0,0,0
33019,26,bully,3080,1,5,84490,42,0,252,0,1,26,29939,3080,0,6,0,0,0,LEADER,1,4,1,32,5,42,0,0,0,0,0,0,0,0,0
32793,4,bully,2854,1,5,83360,42,82,252,492,1,1,29939,2854,0,6,0,0,0,NORMAL,0,3,1,6,17,42,0,82,0,0,0,0,0,0,0
32952,6,bully,3013,1,5,84155,42,82,252,492,2,1,29939,3013,0,6,0,0,0,NORMAL,0,3,1,6,19,42,0,82,0,0,0,0,0,0,0
32678,12,bully,2740,1,5,82788,42,42,252,252,1,1,29938,2740,0,6,0,0,0,NORMAL,0,3,1,6,20,42,0,42,0,0,0,0,0,0,0
32816,9,bully,2877,1,5,83475,42,41,252,246,1,1,29939,2877,0,6,0,0,0,NORMAL,0,3,1,6,15,42,0,41,0,0,0,0,0,0,0
32971,48,bully,3032,1,5,84250,42,0,252,0,1,48,29939,3032,0,6,0,0,0,LEADER,1,4,1,54,5,42,0,0,0,0,0,0,0,0,0
32665,44,bully,2726,1,5,82720,42,0,252,0,1,44,29939,2726,0,6,0,0,0,LEADER,1,4,1,50,5,42,0,0,0,0,0,0,0,0,0
33373,8,bully,3434,1,5,86260,42,41,252,246,2,1,29939,3434,0,6,0,0,0,NORMAL,0,3,1,6,21,42,0,41,0,0,0,0,0,0,0
32713,22,bully,2774,1,5,82960,42,0,252,0,1,22,29939,2774,0,6,0,0,0,LEADER,1,4,1,28,5,42,0,0,0,0,0,0,0,0,0
33380,39,bully,3441,1,5,86295,42,0,252,0,1,39,29939,3441,0,6,0,0,0,LEADER,1,4,1,45,5,42,0,0,0,0,0,0,0,0,0
32734,21,bully,2795,1,5,83065,42,0,252,0,1,21,29939,2795,0,6,0,0,0,LEADER,1,4,1,27,5,42,0,0,0,0,0,0,0,0,0
33089,3,bully,3150,1,5,84840,42,86,252,516,1,1,29939,3150,0,6,0,0,0,NORMAL,0,3,1,6,16,42,0,86,0,0,0,0,0,0,0
33510,5,bully,3571,1,5,86945,42,86,252,516,1,1,29939,3571,0,6,0,0,0,NORMAL,0,3,1,6,18,42,0,86,0,0,0,0,0,0,0
33155,23,bully,3216,1,5,85170,42,0,252,0,1,23,29939,3216,0,6,0,0,0,LEADER,1,4,1,29,5,42,0,0,0,0,0,0,0,0,0
32937,38,bully,2998,1,5,84080,42,0,252,0,1,38,29939,2998,0,6,0,0,0,LEADER,1,4,1,44,5,42,0,0,0,0,0,0,0,0,0
32986,16,bully,3047,1,5,84325,42,43,252,258,2,1,29939,3047,0,6,0,0,0,NORMAL,0,3,1,6,25,42,0,43,0,0,0,0,0,0,0
32871,25,bully,2932,1,5,83750,42,0,252,0,1,25,29939,2932,0,6,0,0,0,LEADER,1,4,1,31,5,42,0,0,0,0,0,0,0,0,0
33189,33,bully,3250,1,5,85340,42,0,252,0,1,33,29939,3250,0,6,0,0,0,LEADER,1,4,1,39,5,42,0,0,0,0,0,0,0,0,0
33157,37,bully,3218,1,5,85180,42,0,252,0,1,37,29939,3218,0,6,0,0,0,LEADER,1,4,1,43,5,42,0,0,0,0,0,0,0,0,0
33413,49,bully,3474,1,5,86460,42,0,252,0,1,49,29939,3474,0,6,0,0,0,LEADER,1,4,1,55,5,42,0,0,0,0,0,0,0,0,0
33074,35,bully,3135,1,5,84765,42,0,252,0,1,35,29939,3135,0,6,0,0,0,LEADER,1,4,1,41,5,42,0,0,0,0,0,0,0,0,0
33550,46,bully,3611,1,5,87145,42,0,252,0,1,46,29939,3611,0,6,0,0,0,LEADER,1,4,1,52,5,42,0,0,0,0,0,0,0,0,0
33428,17,bully,3489,1,5,86535,42,0,252,0,1,17,29939,3489,0,6,0,0,0,LEADER,1,4,1,23,5,42,0,0,0,0,0,0,0,0,0
33565,14,bully,3626,1,5,87220,42,43,252,258,2,1,29939,3626,0,6,0,0,0,NORMAL,0,3,1,6,20,42,0,43,0,0,0,0,0,0,0
33631,34,bully,3692,1,5,87550,42,0,252,0,1,34,29939,3692,0,6,0,0,0,LEADER,1,4,1,40,5,42,0,0,0,0,0,0,0,0,0
33392,50,bully,3453,1,5,86355,42,0,252,0,1,50,29939,3453,0,6,0,0,0,LEADER,1,4,1,56,5,42,0,0,0,0,0,0,0,0,0
33241,42,bully,3304,1,5,85605,42,0,252,0,1,42,29937,3304,0,6,0,0,0,LEADER,1,4,1,48,5,42,0,0,0,0,0,0,0,0,0
32904,28,bully,2965,1,5,83915,42,0,252,0,1,28,29939,2965,0,6,0,0,0,LEADER,1,4,1,34,5,42,0,0,0,0,0,0,0,0,0
33099,7,bully,3160,1,5,84890,42,86,252,516,2,1,29939,3160,0,6,0,0,0,NORMAL,0,3,1,6,20,42,0,86,0,0,0,0,0,0,0
33542,15,bully,3603,1,5,87105,42,43,252,258,2,1,29939,3603,0,6,0,0,0,NORMAL,0,3,1,6,22,42,0,43,0,0,0,0,0,0,0
33220,18,bully,3281,1,5,85495,42,0,252,0,1,18,29939,3281,0,6,0,0,0,LEADER,1,4,1,24,5,42,0,0,0,0,0,0,0,0,0
33204,1,bully,3265,1,5,85415,42,86,252,516,1,1,29939,3265,0,6,0,0,0,LEADER,1,4,1,7,5,42,0,86,0,0,0,0,0,0,0
33495,30,bully,3556,1,5,86870,42,0,252,0,1,30,29939,3556,0,6,0,0,0,LEADER,1,4,1,36,5,42,0,0,0,0,0,0,0,0,0
33210,32,bully,3271,1,5,85445,42,0,252,0,1,32,29939,3271,0,6,0,0,0,LEADER,1,4,1,38,5,42,0,0,0,0,0,0,0,0,0
33531,10,bully,3592,1,5,87050,42,43,252,258,1,1,29939,3592,0,6,0,0,0,NORMAL,0,3,1,7,11,42,0,43,0,0,0,0,0,0,0
33122,13,bully,3183,1,5,85005,42,42,252,252,1,1,29939,3183,0,6,0,0,0,NORMAL,0,3,1,6,18,42,0,42,0,0,0,0,0,0,0
33222,43,bully,3283,1,5,85505,42,0,252,0,1,43,29939,3283,0,6,0,0,0,LEADER,1,4,1,49,5,42,0,0,0,0,0,0,0,0,0
33395,24,bully,3456,1,5,86370,42,0,252,0,1,24,29939,3456,0,6,0,0,0,LEADER,1,4,1,30,5,42,0,0,0,0,0,0,0,0,0
33461,27,bully,3522,1,5,86700,42,0,252,0,1,27,29939,3522,0,6,0,0,0,LEADER,1,4,1,33,5,42,0,0,0,0,0,0,0,0,0
33528,47,bully,3589,1,5,87035,42,0,252,0,1,47,29939,3589,0,6,0,0,0,LEADER,1,4,1,53,5,42,0,0,0,0,0,0,0,0,0
33292,20,bully,3353,1,5,85855,42,0,252,0,1,20,29939,3353,0,6,0,0,0,LEADER,1,4,1,26,5,42,0,0,0,0,0,0,0,0,0
33358,40,bully,3419,1,5,86185,42,0,252,0,1,40,29939,3419,0,6,0,0,0,LEADER,1,4,1,46,5,42,0,0,0,0,0,0,0,0,0
35186,29,bully,2944,1,5,83810,45,0,270,0,1,29,32242,2944,0,6,0,0,0,LEADER,1,4,1,38,5,45,0,0,0,0,0,0,0,0,0
35152,19,bully,2910,1,5,83640,45,0,270,0,1,19,32242,2910,0,6,0,0,0,LEADER,1,4,1,28,5,45,0,0,0,0,0,0,0,0,0
34947,2,bully,2707,1,5,82621,45,88,270,528,1,1,32240,2707,0,6,0,0,0,NORMAL,0,3,1,10,12,45,0,88,0,0,0,0,0,0,0
35355,36,bully,3113,1,5,84655,45,0,270,0,1,36,32242,3113,0,6,0,0,0,LEADER,1,4,1,45,5,45,0,0,0,0,0,0,0,0,0
35071,31,bully,2829,1,5,83235,45,0,270,0,1,31,32242,2829,0,6,0,0,0,LEADER,1,4,1,40,5,45,0,0,0,0,0,0,0,0,0
35410,45,bully,3168,1,5,84930,45,0,270,0,1,45,32242,3168,0,6,0,0,0,LEADER,1,4,1,54,5,45,0,0,0,0,0,0,0,0,0
35004,11,bully,2762,1,5,82900,45,44,270,264,1,1,32242,2762,0,6,0,0,0,NORMAL,0,3,1,9,17,45,0,44,0,0,0,0,0,0,0
35104,41,bully,2862,1,5,83400,45,0,270,0,1,41,32242,2862,0,6,0,0,0,LEADER,1,4,1,50,5,45,0,0,0,0,0,0,0,0,0
35322,26,bully,3080,1,5,84490,45,0,270,0,1,26,32242,3080,0,6,0,0,0,LEADER,1,4,1,35,5,45,0,0,0,0,0,0,0,0,0
35096,4,bully,2854,1,5,83360,45,88,270,528,1,1,32242,2854,0,6,0,0,0,NORMAL,0,3,1,9,17,45,0,88,0,0,0,0,0,0,0
35255,6,bully,3013,1,5,84155,45,88,270,528,2,1,32242,3013,0,6,0,0,0,NORMAL,0,3,1,9,19,45,0,88,0,0,0,0,0,0,0
34981,12,bully,2740,1,5,82788,45,45,270,270,1,1,32241,2740,0,6,0,0,0,NORMAL,0,3,1,9,20,45,0,45,0,0,0,0,0,0,0
35119,9,bully,2877,1,5,83475,45,44,270,264,1,1,32242,2877,0,6,0,0,0,NORMAL,0,3,1,9,15,45,0,44,0,0,0,0,0,0,0
35274,48,bully,3032,1,5,84250,45,0,270,0,1,48,32242,3032,0,6,0,0,0,LEADER,1,4,1,57,5,45,0,0,0,0,0,0,0,0,0
34968,44,bully,2726,1,5,82720,45,0,270,0,1,44,32242,2726,0,6,0,0,0,LEADER,1,4,1,53,5,45,0,0,0,0,0,0,0,0,0
35676,8,bully,3434,1,5,86260,45,44,270,264,2,1,32242,3434,0,6,0,0,0,NORMAL,0,3,1,9,21,45,0,44,0,0,0,0,0,0,0
35016,22,bully,2774,1,5,82960,45,0,270,0,1,22,32242,2774,0,6,0,0,0,LEADER,1,4,1,31,5,45,0,0,0,0,0,0,0,0,0
35683,39,bully,3441,1,5,86295,45,0,270,0,1,39,32242,3441,0,6,0,0,0,LEADER,1,4,1,48,5,45,0,0,0,0,0,0,0,0,0
35037,21,bully,2795,1,5,83065,45,0,270,0,1,21,32242,2795,0,6,0,0,0,LEADER,1,4,1,30,5,45,0,0,0,0,0,0,0,0,0
35392,3,bully,3150,1,5,84840,45,92,270,552,1,1,32242,3150,0,6,0,0,0,NORMAL,0,3,1,9,16,45,0,92,0,0,0,0,0,0,0
35813,5,bully,3571,1,5,86945,45,92,270,552,1,1,32242,3571,0,6,0,0,0,NORMAL,0,3,1,9,18,45,0,92,0,0,0,0,0,0,0
35458,23,bully,3216,1,5,85170,45,0,270,0,1,23,32242,3216,0,6,0,0,0,LEADER,1,4,1,32,5,45,0,0,0,0,0,0,0,0,0
35240,38,bully,2998,1,5,84080,45,0,270,0,1,38,32242,2998,0,6,0,0,0,LEADER,1,4,1,47,5,45,0,0,0,0,0,0,0,0,0
35289,16,bully,3047,1,5,84325,45,45,270,270,2,1,32242,3047,0,6,0,0,0,NORMAL,0,3,1,9,25,45,0,45,0,0,0,0,0,0,0
35174,25,bully,2932,1,5,83750,45,0,270,0,1,25,32242,2932,0,6,0,0,0,LEADER,1,4,1,34,5,45,0,0,0,0,0,0,0,0,0
35492,33,bully,3250,1,5,85340,45,0,270,0,1,33,32242,3250,0,6,0,0,0,LEADER,1,4,1,42,5,45,0,0,0,0,0,0,0,0,0
35460,37,bully,3218,1,5,85180,45,0,270,0,1,37,32242,3218,0,6,0,0,0,LEADER,1,4,1,46,5,45,0,0,0,0,0,0,0,0,0
35716,49,bully,3474,1,5,86460,45,0,270,0,1,49,32242,3474,0,6,0,0,0,LEADER,1,4,1,58,5,45,0,0,0,0,0,0,0,0,0
35377,35,bully,3135,1,5,84765,45,0,270,0,1,35,32242,3135,0,6,0,0,0,LEADER,1,4,1,44,5,45,0,0,0,0,0,0,0,0,0
35853,46,bully,3611,1,5,87145,45,0,270,0,1,46,32242,3611,0,6,0,0,0,LEADER,1,4,1,55,5,45,0,0,0,0,0,0,0,0,0
35731,17,bully,3489,1,5,86535,45,0,270,0,1,17,32242,3489,0,6,0,0,0,LEADER,1,4,1,26,5,45,0,0,0,0,0,0,0,0,0
35868,14,bully,3626,1,5,87220,45,46,270,276,2,1,32242,3626,0,6,0,0,0,NORMAL,0,3,1,9,20,45,0,46,0,0,0,0,0,0,0
35934,34,bully,3692,1,5,87550,45,0,270,0,1,34,32242,3692,0,6,0,0,0,LEADER,1,4,1,43,5,45,0,0,0,0,0,0,0,0,0
35544,42,bully,3304,1,5,85605,45,0,270,0,1,42,32240,3304,0,6,0,0,0,LEADER,1,4,1,51,5,45,0,0,0,0,0,0,0,0,0
35695,50,bully,3453,1,5,86355,45,0,270,0,1,50,32242,3453,0,6,0,0,0,LEADER,1,4,1,59,5,45,0,0,0,0,0,0,0,0,0
35207,28,bully,2965,1,5,83915,45,0,270,0,1,28,32242,2965,0,6,0,0,0,LEADER,1,4,1,37,5,45,0,0,0,0,0,0,0,0,0
35402,7,bully,3160,1,5,84890,45,92,270,552,2,1,32242,3160,0,6,0,0,0,NORMAL,0,3,1,9,20,45,0,92,0,0,0,0,0,0,0
35845,15,bully,3603,1,5,87105,45,45,270,270,2,1,32242,3603,0,6,0,0,0,NORMAL,0,3,1,9,22,45,0,45,0,0,0,0,0,0,0
35523,18,bully,3281,1,5,85495,45,0,270,0,1,18,32242,3281,0,6,0,0,0,LEADER,1,4,1,27,5,45,0,0,0,0,0,0,0,0,0
35507,1,bully,3265,1,5,85415,45,92,270,552,1,1,32242,3265,0,6,0,0,0,LEADER,1,4,1,10,5,45,0,92,0,0,0,0,0,0,0
35798,30,bully,3556,1,5,86870,45,0,270,0,1,30,32242,3556,0,6,0,0,0,LEADER,1,4,1,39,5,45,0,0,0,0,0,0,0,0,0
35513,32,bully,3271,1,5,85445,45,0,270,0,1,32,32242,3271,0,6,0,0,0,LEADER,1,4,1,41,5,45,0,0,0,0,0,0,0,0,0
35834,10,bully,3592,1,5,87050,45,46,270,276,1,1,32242,3592,0,6,0,0,0,NORMAL,0,3,1,10,11,45,0,46,0,0,0,0,0,0,0
35425,13,bully,3183,1,5,85005,45,45,270,270,1,1,32242,3183,0,6,0,0,0,NORMAL,0,3,1,9,18,45,0,45,0,0,0,0,0,0,0
35525,43,bully,3283,1,5,85505,45,0,270,0,1,43,32242,3283,0,6,0,0,0,LEADER,1,4,1,52,5,45,0,0,0,0,0,0,0,0,0
35698,24,bully,3456,1,5,86370,45,0,270,0,1,24,32242,3456,0,6,0,0,0,LEADER,1,4,1,33,5,45,0,0,0,0,0,0,0,0,0
35764,27,bully,3522,1,5,86700,45,0,270,0,1,27,32242,3522,0,6,0,0,0,LEADER,1,4,1,36,5,45,0,0,0,0,0,0,0,0,0
35831,47,bully,3589,1,5,87035,45,0,270,0,1,47,32242,3589,0,6,0,0,0,LEADER,1,4,1,56,5,45,0,0,0,0,0,0,0,0,0
35595,20,bully,3353,1,5,85855,45,0,270,0,1,20,32242,3353,0,6,0,0,0,LEADER,1,4,1,29,5,45,0,0,0,0,0,0,0,0,0
35661,40,bully,3419,1,5,86185,45,0,270,0,1,40,32242,3419,0,6,0,0,0,LEADER,1,4,1,49,5,45,0,0,0,0,0,0,0,0,0
37489,29,bully,2944,1,6,121299,48,0,288,0,1,29,34545,2944,0,7,0,0,0,LEADER,1,4,1,32,6,48,0,0,0,0,0,0,0,0,0
37455,19,bully,2910,1,6,121095,48,0,288,0,1,19,34545,2910,0,7,0,0,0,LEADER,1,4,1,22,6,48,0,0,0,0,0,0,0,0,0
37249,2,bully,2707,1,6,119870,48,94,288,564,1,1,34542,2707,0,7,0,0,0,NORMAL,0,3,2,3,15,48,0,94,0,0,0,0,0,0,0
37658,36,bully,3113,1,6,122313,48,0,288,0,1,36,34545,3113,0,7,0,0,0,LEADER,1,4,1,39,6,48,0,0,0,0,0,0,0,0,0
37374,31,bully,2829,1,6,120609,48,0,288,0,1,31,34545,2829,0,7,0,0,0,LEADER,1,4,1,34,6,48,0,0,0,0,0,0,0,0,0
37713,45,bully,3168,1,6,122643,48,0,288,0,1,45,34545,3168,0,7,0,0,0,LEADER,1,4,1,48,6,48,0,0,0,0,0,0,0,0,0
37307,11,bully,2762,1,6,120207,48,47,288,282,1,1,34545,2762,0,7,0,0,0,NORMAL,0,3,2,3,20,48,0,47,0,0,0,0,0,0,0
37407,41,bully,2862,1,6,120807,48,0,288,0,1,41,34545,2862,0,7,0,0,0,LEADER,1,4,1,44,6,48,0,0,0,0,0,0,0,0,0
37625,26,bully,3080,1,6,122115,48,0,288,0,1,26,34545,3080,0,7,0,0,0,LEADER,1,4,1,29,6,48,0,0,0,0,0,0,0,0,0
37399,4,bully,2854,1,6,120759,48,94,288,564,1,1,34545,2854,0,7,0,0,0,NORMAL,0,3,2,3,20,48,0,94,0,0,0,0,0,0,0
37558,6,bully,3013,1,6,121713,48,94,288,564,2,1,34545,3013,0,7,0,0,0,NORMAL,0,3,2,3,22,48,0,94,0,0,0,0,0,0,0
37284,12,bully,2740,1,6,120072,48,48,288,288,1,1,34544,2740,0,7,0,0,0,NORMAL,0,3,2,3,24,48,0,48,0,0,0,0,0,0,0
37422,9,bully,2877,1,6,120897,48,47,288,282,1,1,34545,2877,0,7,0,0,0,NORMAL,0,3,2,3,18,48,0,47,0,0,0,0,0,0,0
37577,48,bully,3032,1,6,121827,48,0,288,0,1,48,34545,3032,0,7,0,0,0,LEADER,1,4,1,51,6,48,0,0,0,0,0,0,0,0,0
37271,44,bully,2726,1,6,119991,48,0,288,0,1,44,34545,2726,0,7,0,0,0,LEADER,1,4,1,47,6,48,0,0,0,0,0,0,0,0,0
37979,8,bully,3434,1,6,124239,48,47,288,282,2,1,34545,3434,0,7,0,0,0,NORMAL,0,3,2,3,24,48,0,47,0,0,0,0,0,0,0
37319,22,bully,2774,1,6,120279,48,0,288,0,1,22,34545,2774,0,7,0,0,0,LEADER,1,4,1,25,6,48,0,0,0,0,0,0,0,0,0
37986,39,bully,3441,1,6,124281,48,0,288,0,1,39,34545,3441,0,7,0,0,0,LEADER,1,4,1,42,6,48,0,0,0,0,0,0,0,0,0
37340,21,bully,2795,1,6,120405,48,0,288,0,1,21,34545,2795,0,7,0,0,0,LEADER,1,4,1,24,6,48,0,0,0,0,0,0,0,0,0
37695,3,bully,3150,1,6,122535,48,98,288,588,1,1,34545,3150,0,7,0,0,0,NORMAL,0,3,2,3,19,48,0,98,0,0,0,0,0,0,0
38116,5,bully,3571,1,6,125061,48,98,288,588,1,1,34545,3571,0,7,0,0,0,NORMAL,0,3,2,3,21,48,0,98,0,0,0,0,0,0,0
37761,23,bully,3216,1,6,122931,48,0,288,0,1,23,34545,3216,0,7,0,0,0,LEADER,1,4,1,26,6,48,0,0,0,0,0,0,0,0,0
37543,38,bully,2998,1,6,121623,48,0,288,0,1,38,34545,2998,0,7,0,0,0,LEADER,1,4,1,41,6,48,0,0,0,0,0,0,0,0,0
37592,16,bully,3047,1,6,121917,48,48,288,288,2,1,34545,3047,0,7,0,0,0,NORMAL,0,3,2,3,29,48,0,48,0,0,0,0,0,0,0
37477,25,bully,2932,1,6,121227,48,0,288,0,1,25,34545,2932,0,7,0,0,0,LEADER,1,4,1,28,6,48,0,0,0,0,0,0,0,0,0
37795,33,bully,3250,1,6,123135,48,0,288,0,1,33,34545,3250,0,7,0,0,0,LEADER,1,4,1,36,6,48,0,0,0,0,0,0,0,0,0
37763,37,bully,3218,1,6,122943,48,0,288,0,1,37,34545,3218,0,7,0,0,0,LEADER,1,4,1,40,6,48,0,0,0,0,0,0,0,0,0
38019,49,bully,3474,1,6,124479,48,0,288,0,1,49,34545,3474,0,7,0,0,0,LEADER,1,4,1,52,6,48,0,0,0,0,0,0,0,0,0
37680,35,bully,3135,1,6,122445,48,0,288,0,1,35,34545,3135,0,7,0,0,0,LEADER,1,4,1,38,6,48,0,0,0,0,0,0,0,0,0
38156,46,bully,3611,1,6,125301,48,0,288,0,1,46,34545,3611,0,7,0,0,0,LEADER,1,4,1,49,6,48,0,0,0,0,0,0,0,0,0
38034,17,bully,3489,1,6,124569,48,0,288,0,1,17,34545,3489,0,7,0,0,0,LEADER,1,4,1,20,6,48,0,0,0,0,0,0,0,0,0
38171,14,bully,3626,1,6,125391,48,49,288,294,2,1,34545,3626,0,7,0,0,0,NORMAL,0,3,2,3,23,48,0,49,0,0,0,0,0,0,0
38237,34,bully,3692,1,6,125787,48,0,288,0,1,34,34545,3692,0,7,0,0,0,LEADER,1,4,1,37,6,48,0,0,0,0,0,0,0,0,0
37847,42,bully,3304,1,6,123452,48,0,288,0,1,42,34543,3304,0,7,0,0,0,LEADER,1,4,1,45,6,48,0,0,0,0,0,0,0,0,0
37998,50,bully,3453,1,6,124353,48,0,288,0,1,50,34545,3453,0,7,0,0,0,LEADER,1,4,1,53,6,48,0,0,0,0,0,0,0,0,0
37510,28,bully,2965,1,6,121425,48,0,288,0,1,28,34545,2965,0,7,0,0,0,LEADER,1,4,1,31,6,48,0,0,0,0,0,0,0,0,0
37705,7,bully,3160,1,6,122595,48,98,288,588,2,1,34545,3160,0,7,0,0,0,NORMAL,0,3,2,3,23,48,0,98,0,0,0,0,0,0,0
38148,15,bully,3603,1,6,125253,48,48,288,288,2,1,34545,3603,0,7,0,0,0,NORMAL,0,3,2,3,26,48,0,48,0,0,0,0,0,0,0
37826,18,bully,3281,1,6,123321,48,0,288,0,1,18,34545,3281,0,7,0,0,0,LEADER,1,4,1,21,6,48,0,0,0,0,0,0,0,0,0
37810,1,bully,3265,1,6,123225,48,98,288,588,1,1,34545,3265,0,7,0,0,0,LEADER,1,4,1,4,6,48,0,98,0,0,0,0,0,0,0
38101,30,bully,3556,1,6,124971,48,0,288,0,1,30,34545,3556,0,7,0,0,0,LEADER,1,4,1,33,6,48,0,0,0,0,0,0,0,0,0
37816,32,bully,3271,1,6,123261,48,0,288,0,1,32,34545,3271,0,7,0,0,0,LEADER,1,4,1,35,6,48,0,0,0,0,0,0,0,0,0
38137,10,bully,3592,1,6,125187,48,49,288,294,1,1,34545,3592,0,7,0,0,0,NORMAL,0,3,2,4,13,48,0,49,0,0,0,0,0,0,0
37728,13,bully,3183,1,6,122733,48,48,288,288,1,1,34545,3183,0,7,0,0,0,NORMAL,0,3,2,3,21,48,0,48,0,0,0,0,0,0,0
37828,43,bully,3283,1,6,123333,48,0,288,0,1,43,34545,3283,0,7,0,0,0,LEADER,1,4,1,46,6,48,0,0,0,0,0,0,0,0,0
38001,24,bully,3456,1,6,124371,48,0,288,0,1,24,34545,3456,0,7,0,0,0,LEADER,1,4,1,27,6,48,0,0,0,0,0,0,0,0,0
38067,27,bully,3522,1,6,124767,48,0,288,0,1,27,34545,3522,0,7,0,0,0,LEADER,1,4,1,30,6,48,0,0,0,0,0,0,0,0,0
38134,47,bully,3589,1,6,125169,48,0,288,0,1,47,34545,3589,0,7,0,0,0,LEADER,1,4,1,50,6,48,0,0,0,0,0,0,0,0,0
37898,20,bully,3353,1,6,123753,48,0,288,0,1,20,34545,3353,0,7,0,0,0,LEADER,1,4,1,23,6,48,0,0,0,0,0,0,0,0,0
37964,40,bully,3419,1,6,124149,48,0,288,0,1,40,34545,3419,0,7,0,0,0,LEADER,1,4,1,43,6,48,0,0,0,0,0,0,0,0,0
39792,29,bully,2944,1,6,121299,51,0,306,0,1,29,36848,2944,0,7,0,0,0,LEADER,1,4,1,35,6,51,0,0,0,0,0,0,0,0,0
39758,19,bully,2910,1,6,121095,51,0,306,0,1,19,36848,2910,0,7,0,0,0,LEADER,1,4,1,25,6,51,0,0,0,0,0,0,0,0,0
39551,2,bully,2707,1,6,119870,51,100,306,600,1,1,36844,2707,0,7,0,0,0,NORMAL,0,3,1,6,15,51,0,100,0,0,0,0,0,0,0
39961,36,bully,3113,1,6,122313,51,0,306,0,1,36,36848,3113,0,7,0,0,0,LEADER,1,4,1,42,6,51,0,0,0,0,0,0,0,0,0
39677,31,bully,2829,1,6,120609,51,0,306,0,1,31,36848,2829,0,7,0,0,0,LEADER,1,4,1,37,6,51,0,0,0,0,0,0,0,0,0
40016,45,bully,3168,1,6,122643,51,0,306,0,1,45,36848,3168,0,7,0,0,0,LEADER,1,4,1,51,6,51,0,0,0,0,0,0,0,0,0
39610,11,bully,2762,1,6,120207,51,50,306,300,1,1,36848,2762,0,7,0,0,0,NORMAL,0,3,1,6,20,51,0,50,0,0,0,0,0,0,0
39710,41,bully,2862,1,6,120807,51,0,306,0,1,41,36848,2862,0,7,0,0,0,LEADER,1,4,1,47,6,51,0,0,0,0,0,0,0,0,0
39928,26,bully,3080,1,6,122115,51,0,306,0,1,26,36848,3080,0,7,0,0,0,LEADER,1,4,1,32,6,51,0,0,0,0,0,0,0,0,0
39702,4,bully,2854,1,6,120759,51,100,306,600,1,1,36848,2854,0,7,0,0,0,NORMAL,0,3,1,6,20,51,0,100,0,0,0,0,0,0,0
39861,6,bully,3013,1,6,121713,51,100,306,600,2,1,36848,3013,0,7,0,0,0,NORMAL,0,3,1,6,22,51,0,100,0,0,0,0,0,0,0
39587,12,bully,2740,1,6,120072,51,51,306,306,1,1,36847,2740,0,7,0,0,0,NORMAL,0,3,1,6,24,51,0,51,0,0,0,0,0,0,0
39725,9,bully,2877,1,6,120897,51,50,306,300,1,1,36848,2877,0,7,0,0,0,NORMAL,0,3,1,6,18,51,0,50,0,0,0,0,0,0,0
39880,48,bully,3032,1,6,121827,51,0,306,0,1,48,36848,3032,0,7,0,0,0,LEADER,1,4,1,54,6,51,0,0,0,0,0,0,0,0,0
39574,44,bully,2726,1,6,119991,51,0,306,0,1,44,36848,2726,0,7,0,0,0,LEADER,1,4,1,50,6,51,0,0,0,0,0,0,0,0,0
40282,8,bully,3434,1,6,124239,51,50,306,300,2,1,36848,3434,0,7,0,0,0,NORMAL,0,3,1,6,24,51,0,50,0,0,0,0,0,0,0
39622,22,bully,2774,1,6,120279,51,0,306,0,1,22,36848,2774,0,7,0,0,0,LEADER,1,4,1,28,6,51,0,0,0,0,0,0,0,0,0
40289,39,bully,3441,1,6,124281,51,0,306,0,1,39,36848,3441,0,7,0,0,0,LEADER,1,4,1,45,6,51,0,0,0,0,0,0,0,0,0
39643,21,bully,2795,1,6,120405,51,0,306,0,1,21,36848,2795,0,7,0,0,0,LEADER,1,4,1,27,6,51,0,0,0,0,0,0,0,0,0
39998,3,bully,3150,1,6,122535,51,104,306,624,1,1,36848,3150,0,7,0,0,0,NORMAL,0,3,1,6,19,51,0,104,0,0,0,0,0,0,0
40419,5,bully,3571,1,6,125061,51,104,306,624,1,1,36848,3571,0,7,0,0,0,NORMAL,0,3,1,6,21,51,0,104,0,0,0,0,0,0,0
40064,23,bully,3216,1,6,122931,51,0,306,0,1,23,36848,3216,0,7,0,0,0,LEADER,1,4,1,29,6,51,0,0,0,0,0,0,0,0,0
39845,38,bully,2998,1,6,121623,51,0,306,0,1,38,36847,2998,0,7,0,0,0,LEADER,1,4,1,44,6,51,0,0,0,0,0,0,0,0,0
39895,16,bully,3047,1,6,121917,51,51,306,306,2,1,36848,3047,0,7,0,0,0,NORMAL,0,3,1,6,29,51,0,51,0,0,0,0,0,0,0
39780,25,bully,2932,1,6,121227,51,0,306,0,1,25,36848,2932,0,7,0,0,0,LEADER,1,4,1,31,6,51,0,0,0,0,0,0,0,0,0
40098,33,bully,3250,1,6,123135,51,0,306,0,1,33,36848,3250,0,7,0,0,0,LEADER,1,4,1,39,6,51,0,0,0,0,0,0,0,0,0
40066,37,bully,3218,1,6,122943,51,0,306,0,1,37,36848,3218,0,7,0,0,0,LEADER,1,4,1,43,6,51,0,0,0,0,0,0,0,0,0
40322,49,bully,3474,1,6,124479,51,0,306,0,1,49,36848,3474,0,7,0,0,0,LEADER,1,4,1,55,6,51,0,0,0,0,0,0,0,0,0
39983,35,bully,3135,1,6,122445,51,0,306,0,1,35,36848,3135,0,7,0,0,0,LEADER,1,4,1,41,6,51,0,0,0,0,0,0,0,0,0
40459,46,bully,3611,1,6,125301,51,0,306,0,1,46,36848,3611,0,7,0,0,0,LEADER,1,4,1,52,6,51,0,0,0,0,0,0,0,0,0
40337,17,bully,3489,1,6,124569,51,0,306,0,1,17,36848,3489,0,7,0,0,0,LEADER,1,4,1,23,6,51,0,0,0,0,0,0,0,0,0
40474,14,bully,3626,1,6,125391,51,52,306,312,2,1,36848,3626,0,7,0,0,0,NORMAL,0,3,1,6,23,51,0,52,0,0,0,0,0,0,0
40540,34,bully,3692,1,6,125787,51,0,306,0,1,34,36848,3692,0,7,0,0,0,LEADER,1,4,1,40,6,51,0,0,0,0,0,0,0,0,0
40150,42,bully,3304,1,6,123452,51,0,306,0,1,42,36846,3304,0,7,0,0,0,LEADER,1,4,1,48,6,51,0,0,0,0,0,0,0,0,0
40301,50,bully,3453,1,6,124353,51,0,306,0,1,50,36848,3453,0,7,0,0,0,LEADER,1,4,1,56,6,51,0,0,0,0,0,0,0,0,0
39813,28,bully,2965,1,6,121425,51,0,306,0,1,28,36848,2965,0,7,0,0,0,LEADER,1,4,1,34,6,51,0,0,0,0,0,0,0,0,0
40008,7,bully,3160,1,6,122595,51,104,306,624,2,1,36848,3160,0,7,0,0,0,NORMAL,0,3,1,6,23,51,0,104,0,0,0,0,0,0,0
40451,15,bully,3603,1,6,125253,51,51,306,306,2,1,36848,3603,0,7,0,0,0,NORMAL,0,3,1,6,26,51,0,51,0,0,0,0,0,0,0
40129,18,bully,3281,1,6,123321,51,0,306,0,1,18,36848,3281,0,7,0,0,0,LEADER,1,4,1,24,6,51,0,0,0,0,0,0,0,0,0
40113,1,bully,3265,1,6,123225,51,104,306,624,1,1,36848,3265,0,7,0,0,0,LEADER,1,4,1,7,6,51,0,104,0,0,0,0,0,0,0
40404,30,bully,3556,1,6,124971,51,0,306,0,1,30,36848,3556,0,7,0,0,0,LEADER,1,4,1,36,6,51,0,0,0,0,0,0,0,0,0
40119,32,bully,3271,1,6,123261,51,0,306,0,1,32,36848,3271,0,7,0,0,0,LEADER,1,4,1,38,6,51,0,0,0,0,0,0,0,0,0
40440,10,bully,3592,1,6,125187,51,52,306,312,1,1,36848,3592,0,7,0,0,0,NORMAL,0,3,1,7,13,51,0,52,0,0,0,0,0,0,0
40031,13,bully,3183,1,6,122733,51,51,306,306,1,1,36848,3183,0,7,0,0,0,NORMAL,0,3,1,6,21,51,0,51,0,0,0,0,0,0,0
40131,43,bully,3283,1,6,123333,51,0,306,0,1,43,36848,3283,0,7,0,0,0,LEADER,1,4,1,49,6,51,0,0,0,0,0,0,0,0,0
40304,24,bully,3456,1,6,124371,51,0,306,0,1,24,36848,3456,0,7,0,0,0,LEADER,1,4,1,30,6,51,0,0,0,0,0,0,0,0,0
40370,27,bully,3522,1,6,124767,51,0,306,0,1,27,36848,3522,0,7,0,0,0,LEADER,1,4,1,33,6,51,0,0,0,0,0,0,0,0,0
40437,47,bully,3589,1,6,125169,51,0,306,0,1,47,36848,3589,0,7,0,0,0,LEADER,1,4,1,53,6,51,0,0,0,0,0,0,0,0,0
40201,20,bully,3353,1,6,123753,51,0,306,0,1,20,36848,3353,0,7,0,0,0,LEADER,1,4,1,26,6,51,0,0,0,0,0,0,0,0,0
40267,40,bully,3419,1,6,124149,51,0,306,0,1,40,36848,3419,0,7,0,0,0,LEADER,1,4,1,46,6,51,0,0,0,0,0,0,0,0,0
42095,29,bully,2944,1,6,121299,54,0,324,0,1,29,39151,2944,0,7,0,0,0,LEADER,1,4,1,38,6,54,0,0,0,0,0,0,0,0,0
42061,19,bully,2910,1,6,121095,54,0,324,0,1,19,39151,2910,0,7,0,0,0,LEADER,1,4,1,28,6,54,0,0,0,0,0,0,0,0,0
41854,2,bully,2707,1,6,119870,54,106,324,636,1,1,39147,2707,0,7,0,0,0,NORMAL,0,3,1,9,15,54,0,106,0,0,0,0,0,0,0
42264,36,bully,3113,1,6,122313,54,0,324,0,1,36,39151,3113,0,7,0,0,0,LEADER,1,4,1,45,6,54,0,0,0,0,0,0,0,0,0
41980,31,bully,2829,1,6,120609,54,0,324,0,1,31,39151,2829,0,7,0,0,0,LEADER,1,4,1,40,6,54,0,0,0,0,0,0,0,0,0
42319,45,bully,3168,1,6,122643,54,0,324,0,1,45,39151,3168,0,7,0,0,0,LEADER,1,4,1,54,6,54,0,0,0,0,0,0,0,0,0
41913,11,bully,2762,1,6,120207,54,53,324,318,1,1,39151,2762,0,7,0,0,0,NORMAL,0,3,1,9,20,54,0,53,0,0,0,0,0,0,0
42013,41,bully,2862,1,6,120807,54,0,324,0,1,41,39151,2862,0,7,0,0,0,LEADER,1,4,1,50,6,54,0,0,0,0,0,0,0,0,0
42231,26,bully,3080,1,6,122115,54,0,324,0,1,26,39151,3080,0,7,0,0,0,LEADER,1,4,1,35,6,54,0,0,0,0,0,0,0,0,0
42005,4,bully,2854,1,6,120759,54,106,324,636,1,1,39151,2854,0,7,0,0,0,NORMAL,0,3,1,9,20,54,0,106,0,0,0,0,0,0,0
42164,6,bully,3013,1,6,121713,54,106,324,636,2,1,39151,3013,0,7,0,0,0,NORMAL,0,3,1,9,22,54,0,106,0,0,0,0,0,0,0
41890,12,bully,2740,1,6,120072,54,54,324,324,1,1,39150,2740,0,7,0,0,0,NORMAL,0,3,1,9,24,54,0,54,0,0,0,0,0,0,0
42028,9,bully,2877,1,6,120897,54,53,324,318,1,1,39151,2877,0,7,0,0,0,NORMAL,0,3,1,9,18,54,0,53,0,0,0,0,0,0,0
42183,48,bully,3032,1,6,121827,54,0,324,0,1,48,39151,3032,0,7,0,0,0,LEADER,1,4,1,57,6,54,0,0,0,0,0,0,0,0,0
41877,44,bully,2726,1,6,119991,54,0,324,0,1,44,39151,2726,0,7,0,0,0,LEADER,1,4,1,53,6,54,0,0,0,0,0,0,0,0,0
42585,8,bully,3434,1,6,124239,54,53,324,318,2,1,39151,3434,0,7,0,0,0,NORMAL,0,3,1,9,24,54,0,53,0,0,0,0,0,0,0
41925,22,bully,2774,1,6,120279,54,0,324,0,1,22,39151,2774,0,7,0,0,0,LEADER,1,4,1,31,6,54,0,0,0,0,0,0,0,0,0
42592,39,bully,3441,1,6,124281,54,0,324,0,1,39,39151,3441,0,7,0,0,0,LEADER,1,4,1,48,6,54,0,0,0,0,0,0,0,0,0
41946,21,bully,2795,1,6,120405,54,0,324,0,1,21,39151,2795,0,7,0,0,0,LEADER,1,4,1,30,6,54,0,0,0,0,0,0,0,0,0
42301,3,bully,3150,1,6,122535,54,110,324,660,1,1,39151,3150,0,7,0,0,0,NORMAL,0,3,1,9,19,54,0,110,0,0,0,0,0,0,0
42722,5,bully,3571,1,6,125061,54,110,324,660,1,1,39151,3571,0,7,0,0,0,NORMAL,0,3,1,9,21,54,0,110,0,0,0,0,0,0,0
42367,23,bully,3216,1,6,122931,54,0,324,0,1,23,39151,3216,0,7,0,0,0,LEADER,1,4,1,32,6,54,0,0,0,0,0,0,0,0,0
42148,38,bully,2998,1,6,121623,54,0,324,0,1,38,39150,2998,0,7,0,0,0,LEADER,1,4,1,47,6,54,0,0,0,0,0,0,0,0,0
42198,16,bully,3047,1,6,121917,54,54,324,324,2,1,39151,3047,0,7,0,0,0,NORMAL,0,3,1,9,29,54,0,54,0,0,0,0,0,0,0
42083,25,bully,2932,1,6,121227,54,0,324,0,1,25,39151,2932,0,7,0,0,0,LEADER,1,4,1,34,6,54,0,0,0,0,0,0,0,0,0
42401,33,bully,3250,1,6,123135,54,0,324,0,1,33,39151,3250,0,7,0,0,0,LEADER,1,4,1,42,6,54,0,0,0,0,0,0,0,0,0
42369,37,bully,3218,1,6,122943,54,0,324,0,1,37,39151,3218,0,7,0,0,0,LEADER,1,4,1,46,6,54,0,0,0,0,0,0,0,0,0
42625,49,bully,3474,1,6,124479,54,0,324,0,1,49,39151,3474,0,7,0,0,0,LEADER,1,4,1,58,6,54,0,0,0,0,0,0,0,0,0
42286,35,bully,3135,1,6,122445,54,0,324,0,1,35,39151,3135,0,7,0,0,0,LEADER,1,4,1,44,6,54,0,0,0,0,0,0,0,0,0
42762,46,bully,3611,1,6,125301,54,0,324,0,1,46,39151,3611,0,7,0,0,0,LEADER,1,4,1,55,6,54,0,0,0,0,0,0,0,0,0
42640,17,bully,3489,1,6,124569,54,0,324,0,1,17,39151,3489,0,7,0,0,0,LEADER,1,4,1,26,6,54,0,0,0,0,0,0,0,0,0
42777,14,bully,3626,1,6,125391,54,55,324,330,2,1,39151,3626,0,7,0,0,0,NORMAL,0,3,1,9,23,54,0,55,0,0,0,0,0,0,0
42843,34,bully,3692,1,6,125787,54,0,324,0,1,34,39151,3692,0,7,0,0,0,LEADER,1,4,1,43,6,54,0,0,0,0,0,0,0,0,0
42453,42,bully,3304,1,6,123452,54,0,324,0,1,42,39149,3304,0,7,0,0,0,LEADER,1,4,1,51,6,54,0,0,0,0,0,0,0,0,0
42604,50,bully,3453,1,6,124353,54,0,324,0,1,50,39151,3453,0,7,0,0,0,LEADER,1,4,1,59,6,54,0,0,0,0,0,0,0,0,0
42116,28,bully,2965,1,6,121425,54,0,324,0,1,28,39151,2965,0,7,0,0,0,LEADER,1,4,1,37,6,54,0,0,0,0,0,0,0,0,0
42311,7,bully,3160,1,6,122595,54,110,324,660,2,1,39151,3160,0,7,0,0,0,NORMAL,0,3,1,9,23,54,0,110,0,0,0,0,0,0,0
42754,15,bully,3603,1,6,125253,54,54,324,324,2,1,39151,3603,0,7,0,0,0,NORMAL,0,3,1,9,26,54,0,54,0,0,0,0,0,0,0
42432,18,bully,3281,1,6,123321,54,0,324,0,1,18,39151,3281,0,7,0,0,0,LEADER,1,4,1,27,6,54,0,0,0,0,0,0,0,0,0
42416,1,bully,3265,1,6,123225,54,110,324,660,1,1,39151,3265,0,7,0,0,0,LEADER,1,4,1,10,6,54,0,110,0,0,0,0,0,0,0
42707,30,bully,3556,1,6,124971,54,0,324,0,1,30,39151,3556,0,7,0,0,0,LEADER,1,4,1,39,6,54,0,0,0,0,0,0,0,0,0
42422,32,bully,3271,1,6,123261,54,0,324,0,1,32,39151,3271,0,7,0,0,0,LEADER,1,4,1,41,6,54,0,0,0,0,0,0,0,0,0
42743,10,bully,3592,1,6,125187,54,55,324,330,1,1,39151,3592,0,7,0,0,0,NORMAL,0,3,1,10,13,54,0,55,0,0,0,0,0,0,0
42334,13,bully,3183,1,6,122733,54,54,324,324,1,1,39151,3183,0,7,0,0,0,NORMAL,0,3,1,9,21,54,0,54,0,0,0,0,0,0,0
42434,43,bully,3283,1,6,123333,54,0,324,0,1,43,39151,3283,0,7,0,0,0,LEADER,1,4,1,52,6,54,0,0,0,0,0,0,0,0,0
42607,24,bully,3456,1,6,124371,54,0,324,0,1,24,39151,3456,0,7,0,0,0,LEADER,1,4,1,33,6,54,0,0,0,0,0,0,0,0,0
42673,27,bully,3522,1,6,124767,54,0,324,0,1,27,39151,3522,0,7,0,0,0,LEADER,1,4,1,36,6,54,0,0,0,0,0,0,0,0,0
42740,47,bully,3589,1,6,125169,54,0,324,0,1,47,39151,3589,0,7,0,0,0,LEADER,1,4,1,56,6,54,0,0,0,0,0,0,0,0,0
42504,20,bully,3353,1,6,123753,54,0,324,0,1,20,39151,3353,0,7,0,0,0,LEADER,1,4,1,29,6,54,0,0,0,0,0,0,0,0,0
42570,40,bully,3419,1,6,124149,54,0,324,0,1,40,39151,3419,0,7,0,0,0,LEADER,1,4,1,49,6,54,0,0,0,0,0,0,0,0,0
44398,29,bully,2944,1,7,165697,57,0,342,0,1,29,41454,2944,0,8,0,0,0,LEADER,1,4,1,32,7,57,0,0,0,0,0,0,0,0,0
44364,19,bully,2910,1,7,165459,57,0,342,0,1,19,41454,2910,0,8,0,0,0,LEADER,1,4,1,22,7,57,0,0,0,0,0,0,0,0,0
44155,2,bully,2707,1,7,164025,57,111,342,666,1,1,41448,2707,0,8,0,0,0,NORMAL,0,3,2,3,18,57,0,111,0,0,0,0,0,0,0
44567,36,bully,3113,1,7,166880,57,0,342,0,1,36,41454,3113,0,8,0,0,0,LEADER,1,4,1,39,7,57,0,0,0,0,0,0,0,0,0
44283,31,bully,2829,1,7,164892,57,0,342,0,1,31,41454,2829,0,8,0,0,0,LEADER,1,4,1,34,7,57,0,0,0,0,0,0,0,0,0
44622,45,bully,3168,1,7,167265,57,0,342,0,1,45,41454,3168,0,8,0,0,0,LEADER,1,4,1,48,7,57,0,0,0,0,0,0,0,0,0
44216,11,bully,2762,1,7,164423,57,56,342,336,1,1,41454,2762,0,8,0,0,0,NORMAL,0,3,2,3,23,57,0,56,0,0,0,0,0,0,0
44316,41,bully,2862,1,7,165123,57,0,342,0,1,41,41454,2862,0,8,0,0,0,LEADER,1,4,1,44,7,57,0,0,0,0,0,0,0,0,0
44534,26,bully,3080,1,7,166649,57,0,342,0,1,26,41454,3080,0,8,0,0,0,LEADER,1,4,1,29,7,57,0,0,0,0,0,0,0,0,0
44308,4,bully,2854,1,7,165067,57,110,342,660,1,1,41454,2854,0,8,0,0,0,NORMAL,0,3,2,2,25,57,0,110,0,0,0,0,0,0,0
44467,6,bully,3013,1,7,166180,57,112,342,672,2,1,41454,3013,0,8,0,0,0,NORMAL,0,3,2,3,25,57,0,112,0,0,0,0,0,0,0
44193,12,bully,2740,1,7,164265,57,57,342,342,1,1,41453,2740,0,8,0,0,0,NORMAL,0,3,2,2,30,57,0,57,0,0,0,0,0,0,0
44331,9,bully,2877,1,7,165228,57,56,342,336,1,1,41454,2877,0,8,0,0,0,NORMAL,0,3,2,3,21,57,0,56,0,0,0,0,0,0,0
44486,48,bully,3032,1,7,166313,57,0,342,0,1,48,41454,3032,0,8,0,0,0,LEADER,1,4,1,51,7,57,0,0,0,0,0,0,0,0,0
44180,44,bully,2726,1,7,164171,57,0,342,0,1,44,41454,2726,0,8,0,0,0,LEADER,1,4,1,47,7,57,0,0,0,0,0,0,0,0,0
44888,8,bully,3434,1,7,169127,57,56,342,336,2,1,41454,3434,0,8,0,0,0,NORMAL,0,3,2,3,27,57,0,56,0,0,0,0,0,0,0
44228,22,bully,2774,1,7,164507,57,0,342,0,1,22,41454,2774,0,8,0,0,0,LEADER,1,4,1,25,7,57,0,0,0,0,0,0,0,0,0
44895,39,bully,3441,1,7,169176,57,0,342,0,1,39,41454,3441,0,8,0,0,0,LEADER,1,4,1,42,7,57,0,0,0,0,0,0,0,0,0
44249,21,bully,2795,1,7,164654,57,0,342,0,1,21,41454,2795,0,8,0,0,0,LEADER,1,4,1,24,7,57,0,0,0,0,0,0,0,0,0
44604,3,bully,3150,1,7,167139,57,116,342,696,1,1,41454,3150,0,8,0,0,0,NORMAL,0,3,2,3,22,57,0,116,0,0,0,0,0,0,0
45025,5,bully,3571,1,7,170086,57,116,342,696,1,1,41454,3571,0,8,0,0,0,NORMAL,0,3,2,3,25,57,0,116,0,0,0,0,0,0,0
44670,23,bully,3216,1,7,167601,57,0,342,0,1,23,41454,3216,0,8,0,0,0,LEADER,1,4,1,26,7,57,0,0,0,0,0,0,0,0,0
44451,38,bully,2998,1,7,166074,57,0,342,0,1,38,41453,2998,0,8,0,0,0,LEADER,1,4,1,41,7,57,0,0,0,0,0,0,0,0,0
44501,16,bully,3047,1,7,166418,57,57,342,342,2,1,41454,3047,0,8,0,0,0,NORMAL,0,3,2,3,33,57,0,57,0,0,0,0,0,0,0
44386,25,bully,2932,1,7,165613,57,0,342,0,1,25,41454,2932,0,8,0,0,0,LEADER,1,4,1,28,7,57,0,0,0,0,0,0,0,0,0
44704,33,bully,3250,1,7,167839,57,0,342,0,1,33,41454,3250,0,8,0,0,0,LEADER,1,4,1,36,7,57,0,0,0,0,0,0,0,0,0
44672,37,bully,3218,1,7,167615,57,0,342,0,1,37,41454,3218,0,8,0,0,0,LEADER,1,4,1,40,7,57,0,0,0,0,0,0,0,0,0
44928,49,bully,3474,1,7,169407,57,0,342,0,1,49,41454,3474,0,8,0,0,0,LEADER,1,4,1,52,7,57,0,0,0,0,0,0,0,0,0
44589,35,bully,3135,1,7,167034,57,0,342,0,1,35,41454,3135,0,8,0,0,0,LEADER,1,4,1,38,7,57,0,0,0,0,0,0,0,0,0
45065,46,bully,3611,1,7,170366,57,0,342,0,1,46,41454,3611,0,8,0,0,0,LEADER,1,4,1,49,7,57,0,0,0,0,0,0,0,0,0
44943,17,bully,3489,1,7,169512,57,0,342,0,1,17,41454,3489,0,8,0,0,0,LEADER,1,4,1,20,7,57,0,0,0,0,0,0,0,0,0
45080,14,bully,3626,1,7,170471,57,58,342,348,2,1,41454,3626,0,8,0,0,0,NORMAL,0,3,2,3,26,57,0,58,0,0,0,0,0,0,0
45146,34,bully,3692,1,7,170933,57,0,342,0,1,34,41454,3692,0,8,0,0,0,LEADER,1,4,1,37,7,57,0,0,0,0,0,0,0,0,0
44755,42,bully,3304,1,7,168207,57,0,342,0,1,42,41451,3304,0,8,0,0,0,LEADER,1,4,1,45,7,57,0,0,0,0,0,0,0,0,0
44907,50,bully,3453,1,7,169260,57,0,342,0,1,50,41454,3453,0,8,0,0,0,LEADER,1,4,1,53,7,57,0,0,0,0,0,0,0,0,0
44419,28,bully,2965,1,7,165844,57,0,342,0,1,28,41454,2965,0,8,0,0,0,LEADER,1,4,1,31,7,57,0,0,0,0,0,0,0,0,0
44614,7,bully,3160,1,7,167209,57,116,342,696,2,1,41454,3160,0,8,0,0,0,NORMAL,0,3,2,3,26,57,0,116,0,0,0,0,0,0,0
45057,15,bully,3603,1,7,170310,57,57,342,342,2,1,41454,3603,0,8,0,0,0,NORMAL,0,3,2,3,30,57,0,57,0,0,0,0,0,0,0
44735,18,bully,3281,1,7,168056,57,0,342,0,1,18,41454,3281,0,8,0,0,0,LEADER,1,4,1,21,7,57,0,0,0,0,0,0,0,0,0
44719,1,bully,3265,1,7,167944,57,116,342,696,1,1,41454,3265,0,8,0,0,0,LEADER,1,4,1,4,7,57,0,116,0,0,0,0,0,0,0
45010,30,bully,3556,1,7,169981,57,0,342,0,1,30,41454,3556,0,8,0,0,0,LEADER,1,4,1,33,7,57,0,0,0,0,0,0,0,0,0
44725,32,bully,3271,1,7,167986,57,0,342,0,1,32,41454,3271,0,8,0,0,0,LEADER,1,4,1,35,7,57,0,0,0,0,0,0,0,0,0
45046,10,bully,3592,1,7,170233,57,58,342,348,1,1,41454,3592,0,8,0,0,0,NORMAL,0,3,2,4,15,57,0,58,0,0,0,0,0,0,0
44637,13,bully,3183,1,7,167370,57,57,342,342,1,1,41454,3183,0,8,0,0,0,NORMAL,0,3,2,3,24,57,0,57,0,0,0,0,0,0,0
44737,43,bully,3283,1,7,168070,57,0,342,0,1,43,41454,3283,0,8,0,0,0,LEADER,1,4,1,46,7,57,0,0,0,0,0,0,0,0,0
44910,24,bully,3456,1,7,169281,57,0,342,0,1,24,41454,3456,0,8,0,0,0,LEADER,1,4,1,27,7,57,0,0,0,0,0,0,0,0,0
44976,27,bully,3522,1,7,169743,57,0,342,0,1,27,41454,3522,0,8,0,0,0,LEADER,1,4,1,30,7,57,0,0,0,0,0,0,0,0,0
45043,47,bully,3589,1,7,170212,57,0,342,0,1,47,41454,3589,0,8,0,0,0,LEADER,1,4,1,50,7,57,0,0,0,0,0,0,0,0,0
44807,20,bully,3353,1,7,168560,57,0,342,0,1,20,41454,3353,0,8,0,0,0,LEADER,1,4,1,23,7,57,0,0,0,0,0,0,0,0,0
44873,40,bully,3419,1,7,169022,57,0,342,0,1,40,41454,3419,0,8,0,0,0,LEADER,1,4,1,43,7,57,0,0,0,0,0,0,0,0,0
46701,29,bully,2944,1,7,165697,60,0,360,0,1,29,43757,2944,0,8,0,0,0,LEADER,1,4,1,35,7,60,0,0,0,0,0,0,0,0,0
46667,19,bully,2910,1,7,165459,60,0,360,0,1,19,43757,2910,0,8,0,0,0,LEADER,1,4,1,25,7,60,0,0,0,0,0,0,0,0,0
46458,2,bully,2707,1,7,164025,60,118,360,708,1,1,43751,2707,0,8,0,0,0,NORMAL,0,3,1,6,18,60,0,118,0,0,0,0,0,0,0
46870,36,bully,3113,1,7,166880,60,0,360,0,1,36,43757,3113,0,8,0,0,0,LEADER,1,4,1,42,7,60,0,0,0,0,0,0,0,0,0
46586,31,bully,2829,1,7,164892,60,0,360,0,1,31,43757,2829,0,8,0,0,0,LEADER,1,4,1,37,7,60,0,0,0,0,0,0,0,0,0
46925,45,bully,3168,1,7,167265,60,0,360,0,1,45,43757,3168,0,8,0,0,0,LEADER,1,4,1,51,7,60,0,0,0,0,0,0,0,0,0
46519,11,bully,2762,1,7,164423,60,59,360,354,1,1,43757,2762,0,8,0,0,0,NORMAL,0,3,1,6,23,60,0,59,0,0,0,0,0,0,0
46619,41,bully,2862,1,7,165123,60,0,360,0,1,41,43757,2862,0,8,0,0,0,LEADER,1,4,1,47,7,60,0,0,0,0,0,0,0,0,0
46837,26,bully,3080,1,7,166649,60,0,360,0,1,26,43757,3080,0,8,0,0,0,LEADER,1,4,1,32,7,60,0,0,0,0,0,0,0,0,0
46611,4,bully,2854,1,7,165067,60,116,360,696,1,1,43757,2854,0,8,0,0,0,NORMAL,0,3,1,5,25,60,0,116,0,0,0,0,0,0,0
46770,6,bully,3013,1,7,166180,60,118,360,708,2,1,43757,3013,0,8,0,0,0,NORMAL,0,3,1,6,25,60,0,118,0,0,0,0,0,0,0
46496,12,bully,2740,1,7,164265,60,60,360,360,1,1,43756,2740,0,8,0,0,0,NORMAL,0,3,1,5,30,60,0,60,0,0,0,0,0,0,0
46634,9,bully,2877,1,7,165228,60,59,360,354,1,1,43757,2877,0,8,0,0,0,NORMAL,0,3,1,6,21,60,0,59,0,0,0,0,0,0,0
46789,48,bully,3032,1,7,166313,60,0,360,0,1,48,43757,3032,0,8,0,0,0,LEADER,1,4,1,54,7,60,0,0,0,0,0,0,0,0,0
46483,44,bully,2726,1,7,164171,60,0,360,0,1,44,43757,2726,0,8,0,0,0,LEADER,1,4,1,50,7,60,0,0,0,0,0,0,0,0,0
47191,8,bully,3434,1,7,169127,60,59,360,354,2,1,43757,3434,0,8,0,0,0,NORMAL,0,3,1,6,27,60,0,59,0,0,0,0,0,0,0
46531,22,bully,2774,1,7,164507,60,0,360,0,1,22,43757,2774,0,8,0,0,0,LEADER,1,4,1,28,7,60,0,0,0,0,0,0,0,0,0
47198,39,bully,3441,1,7,169176,60,0,360,0,1,39,43757,3441,0,8,0,0,0,LEADER,1,4,1,45,7,60,0,0,0,0,0,0,0,0,0
46552,21,bully,2795,1,7,164654,60,0,360,0,1,21,43757,2795,0,8,0,0,0,LEADER,1,4,1,27,7,60,0,0,0,0,0,0,0,0,0
46907,3,bully,3150,1,7,167139,60,122,360,732,1,1,43757,3150,0,8,0,0,0,NORMAL,0,3,1,6,22,60,0,122,0,0,0,0,0,0,0
47328,5,bully,3571,1,7,170086,60,122,360,732,1,1,43757,3571,0,8,0,0,0,NORMAL,0,3,1,6,25,60,0,122,0,0,0,0,0,0,0
46973,23,bully,3216,1,7,167601,60,0,360,0,1,23,43757,3216,0,8,0,0,0,LEADER,1,4,1,29,7,60,0,0,0,0,0,0,0,0,0
46754,38,bully,2998,1,7,166074,60,0,360,0,1,38,43756,2998,0,8,0,0,0,LEADER,1,4,1,44,7,60,0,0,0,0,0,0,0,0,0
46804,16,bully,3047,1,7,166418,60,60,360,360,2,1,43757,3047,0,8,0,0,0,NORMAL,0,3,1,6,33,60,0,60,0,0,0,0,0,0,0
46689,25,bully,2932,1,7,165613,60,0,360,0,1,25,43757,2932,0,8,0,0,0,LEADER,1,4,1,31,7,60,0,0,0,0,0,0,0,0,0
47007,33,bully,3250,1,7,167839,60,0,360,0,1,33,43757,3250,0,8,0,0,0,LEADER,1,4,1,39,7,60,0,0,0,0,0,0,0,0,0
46975,37,bully,3218,1,7,167615,60,0,360,0,1,37,43757,3218,0,8,0,0,0,LEADER,1,4,1,43,7,60,0,0,0,0,0,0,0,0,0
47231,49,bully,3474,1,7,169407,60,0,360,0,1,49,43757,3474,0,8,0,0,0,LEADER,1,4,1,55,7,60,0,0,0,0,0,0,0,0,0
46892,35,bully,3135,1,7,167034,60,0,360,0,1,35,43757,3135,0,8,0,0,0,LEADER,1,4,1,41,7,60,0,0,0,0,0,0,0,0,0
47368,46,bully,3611,1,7,170366,60,0,360,0,1,46,43757,3611,0,8,0,0,0,LEADER,1,4,1,52,7,60,0,0,0,0,0,0,0,0,0
47246,17,bully,3489,1,7,169512,60,0,360,0,1,17,43757,3489,0,8,0,0,0,LEADER,1,4,1,23,7,60,0,0,0,0,0,0,0,0,0
47383,14,bully,3626,1,7,170471,60,61,360,366,2,1,43757,3626,0,8,0,0,0,NORMAL,0,3,1,6,26,60,0,61,0,0,0,0,0,0,0
47449,34,bully,3692,1,7,170933,60,0,360,0,1,34,43757,3692,0,8,0,0,0,LEADER,1,4,1,40,7,60,0,0,0,0,0,0,0,0,0
47058,42,bully,3304,1,7,168207,60,0,360,0,1,42,43754,3304,0,8,0,0,0,LEADER,1,4,1,48,7,60,0,0,0,0,0,0,0,0,0
47210,50,bully,3453,1,7,169260,60,0,360,0,1,50,43757,3453,0,8,0,0,0,LEADER,1,4,1,56,7,60,0,0,0,0,0,0,0,0,0
46722,28,bully,2965,1,7,165844,60,0,360,0,1,28,43757,2965,0,8,0,0,0,LEADER,1,4,1,34,7,60,0,0,0,0,0,0,0,0,0
46917,7,bully,3160,1,7,167209,60,122,360,732,2,1,43757,3160,0,8,0,0,0,NORMAL,0,3,1,6,26,60,0,122,0,0,0,0,0,0,0
47360,15,bully,3603,1,7,170310,60,60,360,360,2,1,43757,3603,0,8,0,0,0,NORMAL,0,3,1,6,30,60,0,60,0,0,0,0,0,0,0
47038,18,bully,3281,1,7,168056,60,0,360,0,1,18,43757,3281,0,8,0,0,0,LEADER,1,4,1,24,7,60,0,0,0,0,0,0,0,0,0
47022,1,bully,3265,1,7,167944,60,122,360,732,1,1,43757,3265,0,8,0,0,0,LEADER,1,4,1,7,7,60,0,122,0,0,0,0,0,0,0
47313,30,bully,3556,1,7,169981,60,0,360,0,1,30,43757,3556,0,8,0,0,0,LEADER,1,4,1,36,7,60,0,0,0,0,0,0,0,0,0
47028,32,bully,3271,1,7,167986,60,0,360,0,1,32,43757,3271,0,8,0,0,0,LEADER,1,4,1,38,7,60,0,0,0,0,0,0,0,0,0
47349,10,bully,3592,1,7,170233,60,61,360,366,1,1,43757,3592,0,8,0,0,0,NORMAL,0,3,1,7,15,60,0,61,0,0,0,0,0,0,0
46940,13,bully,3183,1,7,167370,60,59,360,354,1,1,43757,3183,0,8,0,0,0,NORMAL,0,3,1,6,24,60,0,59,0,0,0,0,0,0,0
47040,43,bully,3283,1,7,168070,60,0,360,0,1,43,43757,3283,0,8,0,0,0,LEADER,1,4,1,49,7,60,0,0,0,0,0,0,0,0,0
47213,24,bully,3456,1,7,169281,60,0,360,0,1,24,43757,3456,0,8,0,0,0,LEADER,1,4,1,30,7,60,0,0,0,0,0,0,0,0,0
47279,27,bully,3522,1,7,169743,60,0,360,0,1,27,43757,3522,0,8,0,0,0,LEADER,1,4,1,33,7,60,0,0,0,0,0,0,0,0,0
47346,47,bully,3589,1,7,170212,60,0,360,0,1,47,43757,3589,0,8,0,0,0,LEADER,1,4,1,53,7,60,0,0,0,0,0,0,0,0,0
47110,20,bully,3353,1,7,168560,60,0,360,0,1,20,43757,3353,0,8,0,0,0,LEADER,1,4,1,26,7,60,0,0,0,0,0,0,0,0,0
47176,40,bully,3419,1,7,169022,60,0,360,0,1,40,43757,3419,0,8,0,0,0,LEADER,1,4,1,46,7,60,0,0,0,0,0,0,0,0,0
49004,29,bully,2944,1,7,165697,63,0,378,0,1,29,46060,2944,0,8,0,0,0,LEADER,1,4,1,38,7,63,0,0,0,0,0,0,0,0,0
48970,19,bully,2910,1,7,165459,63,0,378,0,1,19,46060,2910,0,8,0,0,0,LEADER,1,4,1,28,7,63,0,0,0,0,0,0,0,0,0
48761,2,bully,2707,1,7,164025,63,124,378,744,1,1,46054,2707,0,8,0,0,0,NORMAL,0,3,1,9,18,63,0,124,0,0,0,0,0,0,0
49173,36,bully,3113,1,7,166880,63,0,378,0,1,36,46060,3113,0,8,0,0,0,LEADER,1,4,1,45,7,63,0,0,0,0,0,0,0,0,0
48889,31,bully,2829,1,7,164892,63,0,378,0,1,31,46060,2829,0,8,0,0,0,LEADER,1,4,1,40,7,63,0,0,0,0,0,0,0,0,0
49228,45,bully,3168,1,7,167265,63,0,378,0,1,45,46060,3168,0,8,0,0,0,LEADER,1,4,1,54,7,63,0,0,0,0,0,0,0,0,0
48822,11,bully,2762,1,7,164423,63,62,378,372,1,1,46060,2762,0,8,0,0,0,NORMAL,0,3,1,9,23,63,0,62,0,0,0,0,0,0,0
48922,41,bully,2862,1,7,165123,63,0,378,0,1,41,46060,2862,0,8,0,0,0,LEADER,1,4,1,50,7,63,0,0,0,0,0,0,0,0,0
49140,26,bully,3080,1,7,166649,63,0,378,0,1,26,46060,3080,0,8,0,0,0,LEADER,1,4,1,35,7,63,0,0,0,0,0,0,0,0,0
48914,4,bully,2854,1,7,165067,63,122,378,732,1,1,46060,2854,0,8,0,0,0,NORMAL,0,3,1,8,25,63,0,122,0,0,0,0,0,0,0
49073,6,bully,3013,1,7,166180,63,124,378,744,2,1,46060,3013,0,8,0,0,0,NORMAL,0,3,1,9,25,63,0,124,0,0,0,0,0,0,0
48799,12,bully,2740,1,7,164265,63,63,378,378,1,1,46059,2740,0,8,0,0,0,NORMAL,0,3,1,8,30,63,0,63,0,0,0,0,0,0,0
48937,9,bully,2877,1,7,165228,63,62,378,372,1,1,46060,2877,0,8,0,0,0,NORMAL,0,3,1,9,21,63,0,62,0,0,0,0,0,0,0
49092,48,bully,3032,1,7,166313,63,0,378,0,1,48,46060,3032,0,8,0,0,0,LEADER,1,4,1,57,7,63,0,0,0,0,0,0,0,0,0
48786,44,bully,2726,1,7,164171,63,0,378,0,1,44,46060,2726,0,8,0,0,0,LEADER,1,4,1,53,7,63,0,0,0,0,0,0,0,0,0
49494,8,bully,3434,1,7,169127,63,62,378,372,2,1,46060,3434,0,8,0,0,0,NORMAL,0,3,1,9,27,63,0,62,0,0,0,0,0,0,0
48834,22,bully,2774,1,7,164507,63,0,378,0,1,22,46060,2774,0,8,0,0,0,LEADER,1,4,1,31,7,63,0,0,0,0,0,0,0,0,0
49501,39,bully,3441,1,7,169176,63,0,378,0,1,39,46060,3441,0,8,0,0,0,LEADER,1,4,1,48,7,63,0,0,0,0,0,0,0,0,0
48855,21,bully,2795,1,7,164654,63,0,378,0,1,21,46060,2795,0,8,0,0,0,LEADER,1,4,1,30,7,63,0,0,0,0,0,0,0,0,0
49210,3,bully,3150,1,7,167139,63,128,378,768,1,1,46060,3150,0,8,0,0,0,NORMAL,0,3,1,9,22,63,0,128,0,0,0,0,0,0,0
49631,5,bully,3571,1,7,170086,63,128,378,768,1,1,46060,3571,0,8,0,0,0,NORMAL,0,3,1,9,25,63,0,128,0,0,0,0,0,0,0
49276,23,bully,3216,1,7,167601,63,0,378,0,1,23,46060,3216,0,8,0,0,0,LEADER,1,4,1,32,7,63,0,0,0,0,0,0,0,0,0
49057,38,bully,2998,1,7,166074,63,0,378,0,1,38,46059,2998,0,8,0,0,0,LEADER,1,4,1,47,7,63,0,0,0,0,0,0,0,0,0
49107,16,bully,3047,1,7,166418,63,63,378,378,2,1,46060,3047,0,8,0,0,0,NORMAL,0,3,1,9,33,63,0,63,0,0,0,0,0,0,0
48992,25,bully,2932,1,7,165613,63,0,378,0,1,25,46060,2932,0,8,0,0,0,LEADER,1,4,1,34,7,63,0,0,0,0,0,0,0,0,0
49310,33,bully,3250,1,7,167839,63,0,378,0,1,33,46060,3250,0,8,0,0,0,LEADER,1,4,1,42,7,63,0,0,0,0,0,0,0,0,0
49278,37,bully,3218,1,7,167615,63,0,378,0,1,37,46060,3218,0,8,0,0,0,LEADER,1,4,1,46,7,63,0,0,0,0,0,0,0,0,0
49534,49,bully,3474,1,7,169407,63,0,378,0,1,49,46060,3474,0,8,0,0,0,LEADER,1,4,1,58,7,63,0,0,0,0,0,0,0,0,0
49195,35,bully,3135,1,7,167034,63,0,378,0,1,35,46060,3135,0,8,0,0,0,LEADER,1,4,1,44,7,63,0,0,0,0,0,0,0,0,0
49671,46,bully,3611,1,7,170366,63,0,378,0,1,46,46060,3611,0,8,0,0,0,LEADER,1,4,1,55,7,63,0,0,0,0,0,0,0,0,0
49549,17,bully,3489,1,7,169512,63,0,378,0,1,17,46060,3489,0,8,0,0,0,LEADER,1,4,1,26,7,63,0,0,0,0,0,0,0,0,0
49686,14,bully,3626,1,7,170471,63,64,378,384,2,1,46060,3626,0,8,0,0,0,NORMAL,0,3,1,9,26,63,0,64,0,0,0,0,0,0,0
49752,34,bully,3692,1,7,170933,63,0,378,0,1,34,46060,3692,0,8,0,0,0,LEADER,1,4,1,43,7,63,0,0,0,0,0,0,0,0,0
49360,42,bully,3304,1,7,168207,63,0,378,0,1,42,46056,3304,0,8,0,0,0,LEADER,1,4,1,51,7,63,0,0,0,0,0,0,0,0,0
49513,50,bully,3453,1,7,169260,63,0,378,0,1,50,46060,3453,0,8,0,0,0,LEADER,1,4,1,59,7,63,0,0,0,0,0,0,0,0,0
49025,28,bully,2965,1,7,165844,63,0,378,0,1,28,46060,2965,0,8,0,0,0,LEADER,1,4,1,37,7,63,0,0,0,0,0,0,0,0,0
49220,7,bully,3160,1,7,167209,63,128,378,768,2,1,46060,3160,0,8,0,0,0,NORMAL,0,3,1,9,26,63,0,128,0,0,0,0,0,0,0
49663,15,bully,3603,1,7,170310,63,64,378,384,2,1,46060,3603,0,8,0,0,0,NORMAL,0,3,1,9,30,63,0,64,0,0,0,0,0,0,0
49341,18,bully,3281,1,7,168056,63,0,378,0,1,18,46060,3281,0,8,0,0,0,LEADER,1,4,1,27,7,63,0,0,0,0,0,0,0,0,0
49325,1,bully,3265,1,7,167944,63,128,378,768,1,1,46060,3265,0,8,0,0,0,LEADER,1,4,1,10,7,63,0,128,0,0,0,0,0,0,0
49616,30,bully,3556,1,7,169981,63,0,378,0,1,30,46060,3556,0,8,0,0,0,LEADER,1,4,1,39,7,63,0,0,0,0,0,0,0,0,0
49331,32,bully,3271,1,7,167986,63,0,378,0,1,32,46060,3271,0,8,0,0,0,LEADER,1,4,1,41,7,63,0,0,0,0,0,0,0,0,0
49652,10,bully,3592,1,7,170233,63,64,378,384,1,1,46060,3592,0,8,0,0,0,NORMAL,0,3,1,10,15,63,0,64,0,0,0,0,0,0,0
49243,13,bully,3183,1,7,167370,63,62,378,372,1,1,46060,3183,0,8,0,0,0,NORMAL,0,3,1,9,24,63,0,62,0,0,0,0,0,0,0
49343,43,bully,3283,1,7,168070,63,0,378,0,1,43,46060,3283,0,8,0,0,0,LEADER,1,4,1,52,7,63,0,0,0,0,0,0,0,0,0
49516,24,bully,3456,1,7,169281,63,0,378,0,1,24,46060,3456,0,8,0,0,0,LEADER,1,4,1,33,7,63,0,0,0,0,0,0,0,0,0
49582,27,bully,3522,1,7,169743,63,0,378,0,1,27,46060,3522,0,8,0,0,0,LEADER,1,4,1,36,7,63,0,0,0,0,0,0,0,0,0
49649,47,bully,3589,1,7,170212,63,0,378,0,1,47,46060,3589,0,8,0,0,0,LEADER,1,4,1,56,7,63,0,0,0,0,0,0,0,0,0
49413,20,bully,3353,1,7,168560,63,0,378,0,1,20,46060,3353,0,8,0,0,0,LEADER,1,4,1,29,7,63,0,0,0,0,0,0,0,0,0
49479,40,bully,3419,1,7,169022,63,0,378,0,1,40,46060,3419,0,8,0,0,0,LEADER,1,4,1,49,7,63,0,0,0,0,0,0,0,0,0
51307,29,bully,2944,1,8,217004,66,0,396,0,1,29,48363,2944,0,9,0,0,0,LEADER,1,4,1,32,8,66,0,0,0,0,0,0,0,0,0
51273,19,bully,2910,1,8,216732,66,0,396,0,1,19,48363,2910,0,9,0,0,0,LEADER,1,4,1,22,8,66,0,0,0,0,0,0,0,0,0
51064,2,bully,2707,1,8,215089,66,130,396,780,1,1,48357,2707,0,9,0,0,0,NORMAL,0,3,2,3,21,66,0,130,0,0,0,0,0,0,0
51476,36,bully,3113,1,8,218356,66,0,396,0,1,36,48363,3113,0,9,0,0,0,LEADER,1,4,1,39,8,66,0,0,0,0,0,0,0,0,0
51192,31,bully,2829,1,8,216084,66,0,396,0,1,31,48363,2829,0,9,0,0,0,LEADER,1,4,1,34,8,66,0,0,0,0,0,0,0,0,0
51531,45,bully,3168,1,8,218796,66,0,396,0,1,45,48363,3168,0,9,0,0,0,LEADER,1,4,1,48,8,66,0,0,0,0,0,0,0,0,0
51125,11,bully,2762,1,8,215548,66,65,396,390,1,1,48363,2762,0,9,0,0,0,NORMAL,0,3,2,3,26,66,0,65,0,0,0,0,0,0,0
51225,41,bully,2862,1,8,216348,66,0,396,0,1,41,48363,2862,0,9,0,0,0,LEADER,1,4,1,44,8,66,0,0,0,0,0,0,0,0,0
51443,26,bully,3080,1,8,218092,66,0,396,0,1,26,48363,3080,0,9,0,0,0,LEADER,1,4,1,29,8,66,0,0,0,0,0,0,0,0,0
51217,4,bully,2854,1,8,216284,66,128,396,768,1,1,48363,2854,0,9,0,0,0,NORMAL,0,3,2,3,28,66,0,128,0,0,0,0,0,0,0
51376,6,bully,3013,1,8,217556,66,130,396,780,2,1,48363,3013,0,9,0,0,0,NORMAL,0,3,2,3,28,66,0,130,0,0,0,0,0,0,0
51102,12,bully,2740,1,8,215367,66,66,396,396,1,1,48362,2740,0,9,0,0,0,NORMAL,0,3,2,3,34,66,0,66,0,0,0,0,0,0,0
51240,9,bully,2877,1,8,216468,66,65,396,390,1,1,48363,2877,0,9,0,0,0,NORMAL,0,3,2,3,24,66,0,65,0,0,0,0,0,0,0
51395,48,bully,3032,1,8,217708,66,0,396,0,1,48,48363,3032,0,9,0,0,0,LEADER,1,4,1,51,8,66,0,0,0,0,0,0,0,0,0
51089,44,bully,2726,1,8,215260,66,0,396,0,1,44,48363,2726,0,9,0,0,0,LEADER,1,4,1,47,8,66,0,0,0,0,0,0,0,0,0
51797,8,bully,3434,1,8,220924,66,65,396,390,2,1,48363,3434,0,9,0,0,0,NORMAL,0,3,2,3,30,66,0,65,0,0,0,0,0,0,0
51137,22,bully,2774,1,8,215644,66,0,396,0,1,22,48363,2774,0,9,0,0,0,LEADER,1,4,1,25,8,66,0,0,0,0,0,0,0,0,0
51804,39,bully,3441,1,8,220980,66,0,396,0,1,39,48363,3441,0,9,0,0,0,LEADER,1,4,1,42,8,66,0,0,0,0,0,0,0,0,0
51158,21,bully,2795,1,8,215812,66,0,396,0,1,21,48363,2795,0,9,0,0,0,LEADER,1,4,1,24,8,66,0,0,0,0,0,0,0,0,0
51513,3,bully,3150,1,8,218652,66,134,396,804,1,1,48363,3150,0,9,0,0,0,NORMAL,0,3,2,3,25,66,0,134,0,0,0,0,0,0,0
51934,5,bully,3571,1,8,222020,66,134,396,804,1,1,48363,3571,0,9,0,0,0,NORMAL,0,3,2,3,28,66,0,134,0,0,0,0,0,0,0
51579,23,bully,3216,1,8,219180,66,0,396,0,1,23,48363,3216,0,9,0,0,0,LEADER,1,4,1,26,8,66,0,0,0,0,0,0,0,0,0
51360,38,bully,2998,1,8,217434,66,0,396,0,1,38,48362,2998,0,9,0,0,0,LEADER,1,4,1,41,8,66,0,0,0,0,0,0,0,0,0
51409,16,bully,3047,1,8,217827,66,66,396,396,2,1,48362,3047,0,9,0,0,0,NORMAL,0,3,2,3,37,66,0,66,0,0,0,0,0,0,0
51295,25,bully,2932,1,8,216908,66,0,396,0,1,25,48363,2932,0,9,0,0,0,LEADER,1,4,1,28,8,66,0,0,0,0,0,0,0,0,0
51613,33,bully,3250,1,8,219452,66,0,396,0,1,33,48363,3250,0,9,0,0,0,LEADER,1,4,1,36,8,66,0,0,0,0,0,0,0,0,0
51581,37,bully,3218,1,8,219196,66,0,396,0,1,37,48363,3218,0,9,0,0,0,LEADER,1,4,1,40,8,66,0,0,0,0,0,0,0,0,0
51837,49,bully,3474,1,8,221244,66,0,396,0,1,49,48363,3474,0,9,0,0,0,LEADER,1,4,1,52,8,66,0,0,0,0,0,0,0,0,0
51498,35,bully,3135,1,8,218532,66,0,396,0,1,35,48363,3135,0,9,0,0,0,LEADER,1,4,1,38,8,66,0,0,0,0,0,0,0,0,0
51974,46,bully,3611,1,8,222340,66,0,396,0,1,46,48363,3611,0,9,0,0,0,LEADER,1,4,1,49,8,66,0,0,0,0,0,0,0,0,0
51852,17,bully,3489,1,8,221364,66,0,396,0,1,17,48363,3489,0,9,0,0,0,LEADER,1,4,1,20,8,66,0,0,0,0,0,0,0,0,0
51989,14,bully,3626,1,8,222460,66,67,396,402,2,1,48363,3626,0,9,0,0,0,NORMAL,0,3,2,3,29,66,0,67,0,0,0,0,0,0,0
52055,34,bully,3692,1,8,222988,66,0,396,0,1,34,48363,3692,0,9,0,0,0,LEADER,1,4,1,37,8,66,0,0,0,0,0,0,0,0,0
51663,42,bully,3304,1,8,219870,66,0,396,0,1,42,48359,3304,0,9,0,0,0,LEADER,1,4,1,45,8,66,0,0,0,0,0,0,0,0,0
51816,50,bully,3453,1,8,221076,66,0,396,0,1,50,48363,3453,0,9,0,0,0,LEADER,1,4,1,53,8,66,0,0,0,0,0,0,0,0,0
51328,28,bully,2965,1,8,217172,66,0,396,0,1,28,48363,2965,0,9,0,0,0,LEADER,1,4,1,31,8,66,0,0,0,0,0,0,0,0,0
51523,7,bully,3160,1,8,218732,66,134,396,804,2,1,48363,3160,0,9,0,0,0,NORMAL,0,3,2,3,29,66,0,134,0,0,0,0,0,0,0
51966,15,bully,3603,1,8,222276,66,67,396,402,2,1,48363,3603,0,9,0,0,0,NORMAL,0,3,2,3,33,66,0,67,0,0,0,0,0,0,0
51644,18,bully,3281,1,8,219700,66,0,396,0,1,18,48363,3281,0,9,0,0,0,LEADER,1,4,1,21,8,66,0,0,0,0,0,0,0,0,0
51628,1,bully,3265,1,8,219572,66,134,396,804,1,1,48363,3265,0,9,0,0,0,LEADER,1,4,1,4,8,66,0,134,0,0,0,0,0,0,0
51919,30,bully,3556,1,8,221900,66,0,396,0,1,30,48363,3556,0,9,0,0,0,LEADER,1,4,1,33,8,66,0,0,0,0,0,0,0,0,0
51634,32,bully,3271,1,8,219620,66,0,396,0,1,32,48363,3271,0,9,0,0,0,LEADER,1,4,1,35,8,66,0,0,0,0,0,0,0,0,0
51955,10,bully,3592,1,8,222188,66,67,396,402,1,1,48363,3592,0,9,0,0,0,NORMAL,0,3,2,4,17,66,0,67,0,0,0,0,0,0,0
51546,13,bully,3183,1,8,218916,66,65,396,390,1,1,48363,3183,0,9,0,0,0,NORMAL,0,3,2,3,27,66,0,65,0,0,0,0,0,0,0
51646,43,bully,3283,1,8,219716,66,0,396,0,1,43,48363,3283,0,9,0,0,0,LEADER,1,4,1,46,8,66,0,0,0,0,0,0,0,0,0
51819,24,bully,3456,1,8,221100,66,0,396,0,1,24,48363,3456,0,9,0,0,0,LEADER,1,4,1,27,8,66,0,0,0,0,0,0,0,0,0
51885,27,bully,3522,1,8,221628,66,0,396,0,1,27,48363,3522,0,9,0,0,0,LEADER,1,4,1,30,8,66,0,0,0,0,0,0,0,0,0
51952,47,bully,3589,1,8,222164,66,0,396,0,1,47,48363,3589,0,9,0,0,0,LEADER,1,4,1,50,8,66,0,0,0,0,0,0,0,0,0
51716,20,bully,3353,1,8,220276,66,0,396,0,1,20,48363,3353,0,9,0,0,0,LEADER,1,4,1,23,8,66,0,0,0,0,0,0,0,0,0
51782,40,bully,3419,1,8,220804,66,0,396,0,1,40,48363,3419,0,9,0,0,0,LEADER,1,4,1,43,8,66,0,0,0,0,0,0,0,0,0
53610,29,bully,2944,1,8,217004,69,0,414,0,1,29,50666,2944,0,9,0,0,0,LEADER,1,4,1,35,8,69,0,0,0,0,0,0,0,0,0
53576,19,bully,2910,1,8,216732,69,0,414,0,1,19,50666,2910,0,9,0,0,0,LEADER,1,4,1,25,8,69,0,0,0,0,0,0,0,0,0
53367,2,bully,2707,1,8,215089,69,136,414,816,1,1,50660,2707,0,9,0,0,0,NORMAL,0,3,1,6,21,69,0,136,0,0,0,0,0,0,0
53779,36,bully,3113,1,8,218356,69,0,414,0,1,36,50666,3113,0,9,0,0,0,LEADER,1,4,1,42,8,69,0,0,0,0,0,0,0,0,0
53495,31,bully,2829,1,8,216084,69,0,414,0,1,31,50666,2829,0,9,0,0,0,LEADER,1,4,1,37,8,69,0,0,0,0,0,0,0,0,0
53834,45,bully,3168,1,8,218796,69,0,414,0,1,45,50666,3168,0,9,0,0,0,LEADER,1,4,1,51,8,69,0,0,0,0,0,0,0,0,0
53428,11,bully,2762,1,8,215548,69,68,414,408,1,1,50666,2762,0,9,0,0,0,NORMAL,0,3,1,6,26,69,0,68,0,0,0,0,0,0,0
53528,41,bully,2862,1,8,216348,69,0,414,0,1,41,50666,2862,0,9,0,0,0,LEADER,1,4,1,47,8,69,0,0,0,0,0,0,0,0,0
53746,26,bully,3080,1,8,218092,69,0,414,0,1,26,50666,3080,0,9,0,0,0,LEADER,1,4,1,32,8,69,0,0,0,0,0,0,0,0,0
53520,4,bully,2854,1,8,216284,69,132,414,792,1,1,50666,2854,0,9,0,0,0,NORMAL,0,3,1,6,28,69,0,132,0,0,0,0,0,0,0
53679,6,bully,3013,1,8,217556,69,136,414,816,2,1,50666,3013,0,9,0,0,0,NORMAL,0,3,1,6,28,69,0,136,0,0,0,0,0,0,0
53405,12,bully,2740,1,8,215367,69,69,414,414,1,1,50665,2740,0,9,0,0,0,NORMAL,0,3,1,6,34,69,0,69,0,0,0,0,0,0,0
53543,9,bully,2877,1,8,216468,69,68,414,408,1,1,50666,2877,0,9,0,0,0,NORMAL,0,3,1,6,24,69,0,68,0,0,0,0,0,0,0
53698,48,bully,3032,1,8,217708,69,0,414,0,1,48,50666,3032,0,9,0,0,0,LEADER,1,4,1,54,8,69,0,0,0,0,0,0,0,0,0
53392,44,bully,2726,1,8,215260,69,0,414,0,1,44,50666,2726,0,9,0,0,0,LEADER,1,4,1,50,8,69,0,0,0,0,0,0,0,0,0
54100,8,bully,3434,1,8,220924,69,68,414,408,2,1,50666,3434,0,9,0,0,0,NORMAL,0,3,1,6,30,69,0,68,0,0,0,0,0,0,0
53440,22,bully,2774,1,8,215644,69,0,414,0,1,22,50666,2774,0,9,0,0,0,LEADER,1,4,1,28,8,69,0,0,0,0,0,0,0,0,0
54107,39,bully,3441,1,8,220980,69,0,414,0,1,39,50666,3441,0,9,0,0,0,LEADER,1,4,1,45,8,69,0,0,0,0,0,0,0,0,0
53461,21,bully,2795,1,8,215812,69,0,414,0,1,21,50666,2795,0,9,0,0,0,LEADER,1,4,1,27,8,69,0,0,0,0,0,0,0,0,0
53816,3,bully,3150,1,8,218652,69,140,414,840,1,1,50666,3150,0,9,0,0,0,NORMAL,0,3,1,6,25,69,0,140,0,0,0,0,0,0,0
54237,5,bully,3571,1,8,222020,69,140,414,840,1,1,50666,3571,0,9,0,0,0,NORMAL,0,3,1,6,28,69,0,140,0,0,0,0,0,0,0
53882,23,bully,3216,1,8,219180,69,0,414,0,1,23,50666,3216,0,9,0,0,0,LEADER,1,4,1,29,8,69,0,0,0,0,0,0,0,0,0
53663,38,bully,2998,1,8,217434,69,0,414,0,1,38,50665,2998,0,9,0,0,0,LEADER,1,4,1,44,8,69,0,0,0,0,0,0,0,0,0
53711,16,bully,3047,1,8,217827,69,69,414,414,2,1,50664,3047,0,9,0,0,0,NORMAL,0,3,1,6,37,69,0,69,0,0,0,0,0,0,0
53598,25,bully,2932,1,8,216908,69,0,414,0,1,25,50666,2932,0,9,0,0,0,LEADER,1,4,1,31,8,69,0,0,0,0,0,0,0,0,0
53916,33,bully,3250,1,8,219452,69,0,414,0,1,33,50666,3250,0,9,0,0,0,LEADER,1,4,1,39,8,69,0,0,0,0,0,0,0,0,0
53884,37,bully,3218,1,8,219196,69,0,414,0,1,37,50666,3218,0,9,0,0,0,LEADER,1,4,1,43,8,69,0,0,0,0,0,0,0,0,0
54140,49,bully,3474,1,8,221244,69,0,414,0,1,49,50666,3474,0,9,0,0,0,LEADER,1,4,1,55,8,69,0,0,0,0,0,0,0,0,0
53801,35,bully,3135,1,8,218532,69,0,414,0,1,35,50666,3135,0,9,0,0,0,LEADER,1,4,1,41,8,69,0,0,0,0,0,0,0,0,0
54277,46,bully,3611,1,8,222340,69,0,414,0,1,46,50666,3611,0,9,0,0,0,LEADER,1,4,1,52,8,69,0,0,0,0,0,0,0,0,0
54155,17,bully,3489,1,8,221364,69,0,414,0,1,17,50666,3489,0,9,0,0,0,LEADER,1,4,1,23,8,69,0,0,0,0,0,0,0,0,0
54292,14,bully,3626,1,8,222460,69,70,414,420,2,1,50666,3626,0,9,0,0,0,NORMAL,0,3,1,6,29,69,0,70,0,0,0,0,0,0,0
54358,34,bully,3692,1,8,222988,69,0,414,0,1,34,50666,3692,0,9,0,0,0,LEADER,1,4,1,40,8,69,0,0,0,0,0,0,0,0,0
53966,42,bully,3304,1,8,219870,69,0,414,0,1,42,50662,3304,0,9,0,0,0,LEADER,1,4,1,48,8,69,0,0,0,0,0,0,0,0,0
54119,50,bully,3453,1,8,221076,69,0,414,0,1,50,50666,3453,0,9,0,0,0,LEADER,1,4,1,56,8,69,0,0,0,0,0,0,0,0,0
53631,28,bully,2965,1,8,217172,69,0,414,0,1,28,50666,2965,0,9,0,0,0,LEADER,1,4,1,34,8,69,0,0,0,0,0,0,0,0,0
53826,7,bully,3160,1,8,218732,69,140,414,840,2,1,50666,3160,0,9,0,0,0,NORMAL,0,3,1,6,29,69,0,140,0,0,0,0,0,0,0
54269,15,bully,3603,1,8,222276,69,69,414,414,2,1,50666,3603,0,9,0,0,0,NORMAL,0,3,1,6,33,69,0,69,0,0,0,0,0,0,0
53947,18,bully,3281,1,8,219700,69,0,414,0,1,18,50666,3281,0,9,0,0,0,LEADER,1,4,1,24,8,69,0,0,0,0,0,0,0,0,0
53931,1,bully,3265,1,8,219572,69,140,414,840,1,1,50666,3265,0,9,0,0,0,LEADER,1,4,1,7,8,69,0,140,0,0,0,0,0,0,0
54222,30,bully,3556,1,8,221900,69,0,414,0,1,30,50666,3556,0,9,0,0,0,LEADER,1,4,1,36,8,69,0,0,0,0,0,0,0,0,0
53937,32,bully,3271,1,8,219620,69,0,414,0,1,32,50666,3271,0,9,0,0,0,LEADER,1,4,1,38,8,69,0,0,0,0,0,0,0,0,0
54258,10,bully,3592,1,8,222188,69,70,414,420,1,1,50666,3592,0,9,0,0,0,NORMAL,0,3,1,7,17,69,0,70,0,0,0,0,0,0,0
53849,13,bully,3183,1,8,218916,69,68,414,408,1,1,50666,3183,0,9,0,0,0,NORMAL,0,3,1,6,27,69,0,68,0,0,0,0,0,0,0
53949,43,bully,3283,1,8,219716,69,0,414,0,1,43,50666,3283,0,9,0,0,0,LEADER,1,4,1,49,8,69,0,0,0,0,0,0,0,0,0
54122,24,bully,3456,1,8,221100,69,0,414,0,1,24,50666,3456,0,9,0,0,0,LEADER,1,4,1,30,8,69,0,0,0,0,0,0,0,0,0
54188,27,bully,3522,1,8,221628,69,0,414,0,1,27,50666,3522,0,9,0,0,0,LEADER,1,4,1,33,8,69,0,0,0,0,0,0,0,0,0
54255,47,bully,3589,1,8,222164,69,0,414,0,1,47,50666,3589,0,9,0,0,0,LEADER,1,4,1,53,8,69,0,0,0,0,0,0,0,0,0
54019,20,bully,3353,1,8,220276,69,0,414,0,1,20,50666,3353,0,9,0,0,0,LEADER,1,4,1,26,8,69,0,0,0,0,0,0,0,0,0
54085,40,bully,3419,1,8,220804,69,0,414,0,1,40,50666,3419,0,9,0,0,0,LEADER,1,4,1,46,8,69,0,0,0,0,0,0,0,0,0
55913,29,bully,2944,1,8,217004,72,0,432,0,1,29,52969,2944,0,9,0,0,0,LEADER,1,4,1,38,8,72,0,0,0,0,0,0,0,0,0
55878,19,bully,2910,1,8,216732,72,0,432,0,1,19,52968,2910,0,9,0,0,0,LEADER,1,4,1,28,8,72,0,0,0,0,0,0,0,0,0
55669,2,bully,2707,1,8,215089,72,142,432,852,1,1,52962,2707,0,9,0,0,0,NORMAL,0,3,1,9,21,72,0,142,0,0,0,0,0,0,0
56082,36,bully,3113,1,8,218356,72,0,432,0,1,36,52969,3113,0,9,0,0,0,LEADER,1,4,1,45,8,72,0,0,0,0,0,0,0,0,0
55798,31,bully,2829,1,8,216084,72,0,432,0,1,31,52969,2829,0,9,0,0,0,LEADER,1,4,1,40,8,72,0,0,0,0,0,0,0,0,0
56137,45,bully,3168,1,8,218796,72,0,432,0,1,45,52969,3168,0,9,0,0,0,LEADER,1,4,1,54,8,72,0,0,0,0,0,0,0,0,0
55731,11,bully,2762,1,8,215548,72,71,432,426,1,1,52969,2762,0,9,0,0,0,NORMAL,0,3,1,9,26,72,0,71,0,0,0,0,0,0,0
55831,41,bully,2862,1,8,216348,72,0,432,0,1,41,52969,2862,0,9,0,0,0,LEADER,1,4,1,50,8,72,0,0,0,0,0,0,0,0,0
56049,26,bully,3080,1,8,218092,72,0,432,0,1,26,52969,3080,0,9,0,0,0,LEADER,1,4,1,35,8,72,0,0,0,0,0,0,0,0,0
55823,4,bully,2854,1,8,216284,72,138,432,828,1,1,52969,2854,0,9,0,0,0,NORMAL,0,3,1,9,28,72,0,138,0,0,0,0,0,0,0
55982,6,bully,3013,1,8,217556,72,142,432,852,2,1,52969,3013,0,9,0,0,0,NORMAL,0,3,1,9,28,72,0,142,0,0,0,0,0,0,0
55707,12,bully,2740,1,8,215367,72,71,432,426,1,1,52967,2740,0,9,0,0,0,NORMAL,0,3,1,9,34,72,0,71,0,0,0,0,0,0,0
55846,9,bully,2877,1,8,216468,72,71,432,426,1,1,52969,2877,0,9,0,0,0,NORMAL,0,3,1,9,24,72,0,71,0,0,0,0,0,0,0
56001,48,bully,3032,1,8,217708,72,0,432,0,1,48,52969,3032,0,9,0,0,0,LEADER,1,4,1,57,8,72,0,0,0,0,0,0,0,0,0
55695,44,bully,2726,1,8,215260,72,0,432,0,1,44,52969,2726,0,9,0,0,0,LEADER,1,4,1,53,8,72,0,0,0,0,0,0,0,0,0
56403,8,bully,3434,1,8,220924,72,71,432,426,2,1,52969,3434,0,9,0,0,0,NORMAL,0,3,1,9,30,72,0,71,0,0,0,0,0,0,0
55743,22,bully,2774,1,8,215644,72,0,432,0,1,22,52969,2774,0,9,0,0,0,LEADER,1,4,1,31,8,72,0,0,0,0,0,0,0,0,0
56410,39,bully,3441,1,8,220980,72,0,432,0,1,39,52969,3441,0,9,0,0,0,LEADER,1,4,1,48,8,72,0,0,0,0,0,0,0,0,0
55764,21,bully,2795,1,8,215812,72,0,432,0,1,21,52969,2795,0,9,0,0,0,LEADER,1,4,1,30,8,72,0,0,0,0,0,0,0,0,0
56119,3,bully,3150,1,8,218652,72,146,432,876,1,1,52969,3150,0,9,0,0,0,NORMAL,0,3,1,9,25,72,0,146,0,0,0,0,0,0,0
56540,5,bully,3571,1,8,222020,72,146,432,876,1,1,52969,3571,0,9,0,0,0,NORMAL,0,3,1,9,28,72,0,146,0,0,0,0,0,0,0
56185,23,bully,3216,1,8,219180,72,0,432,0,1,23,52969,3216,0,9,0,0,0,LEADER,1,4,1,32,8,72,0,0,0,0,0,0,0,0,0
55966,38,bully,2998,1,8,217434,72,0,432,0,1,38,52968,2998,0,9,0,0,0,LEADER,1,4,1,47,8,72,0,0,0,0,0,0,0,0,0
56014,16,bully,3047,1,8,217827,72,73,432,438,2,1,52967,3047,0,9,0,0,0,NORMAL,0,3,1,9,37,72,0,73,0,0,0,0,0,0,0
55901,25,bully,2932,1,8,216908,72,0,432,0,1,25,52969,2932,0,9,0,0,0,LEADER,1,4,1,34,8,72,0,0,0,0,0,0,0,0,0
56219,33,bully,3250,1,8,219452,72,0,432,0,1,33,52969,3250,0,9,0,0,0,LEADER,1,4,1,42,8,72,0,0,0,0,0,0,0,0,0
56187,37,bully,3218,1,8,219196,72,0,432,0,1,37,52969,3218,0,9,0,0,0,LEADER,1,4,1,46,8,72,0,0,0,0,0,0,0,0,0
56443,49,bully,3474,1,8,221244,72,0,432,0,1,49,52969,3474,0,9,0,0,0,LEADER,1,4,1,58,8,72,0,0,0,0,0,0,0,0,0
56104,35,bully,3135,1,8,218532,72,0,432,0,1,35,52969,3135,0,9,0,0,0,LEADER,1,4,1,44,8,72,0,0,0,0,0,0,0,0,0
56580,46,bully,3611,1,8,222340,72,0,432,0,1,46,52969,3611,0,9,0,0,0,LEADER,1,4,1,55,8,72,0,0,0,0,0,0,0,0,0
56458,17,bully,3489,1,8,221364,72,0,432,0,1,17,52969,3489,0,9,0,0,0,LEADER,1,4,1,26,8,72,0,0,0,0,0,0,0,0,0
56595,14,bully,3626,1,8,222460,72,73,432,438,2,1,52969,3626,0,9,0,0,0,NORMAL,0,3,1,9,29,72,0,73,0,0,0,0,0,0,0
56661,34,bully,3692,1,8,222988,72,0,432,0,1,34,52969,3692,0,9,0,0,0,LEADER,1,4,1,43,8,72,0,0,0,0,0,0,0,0,0
56269,42,bully,3304,1,8,219870,72,0,432,0,1,42,52965,3304,0,9,0,0,0,LEADER,1,4,1,51,8,72,0,0,0,0,0,0,0,0,0
56422,50,bully,3453,1,8,221076,72,0,432,0,1,50,52969,3453,0,9,0,0,0,LEADER,1,4,1,59,8,72,0,0,0,0,0,0,0,0,0
55934,28,bully,2965,1,8,217172,72,0,432,0,1,28,52969,2965,0,9,0,0,0,LEADER,1,4,1,37,8,72,0,0,0,0,0,0,0,0,0
56129,7,bully,3160,1,8,218732,72,146,432,876,2,1,52969,3160,0,9,0,0,0,NORMAL,0,3,1,9,29,72,0,146,0,0,0,0,0,0,0
56572,15,bully,3603,1,8,222276,72,72,432,432,2,1,52969,3603,0,9,0,0,0,NORMAL,0,3,1,9,33,72,0,72,0,0,0,0,0,0,0
56250,18,bully,3281,1,8,219700,72,0,432,0,1,18,52969,3281,0,9,0,0,0,LEADER,1,4,1,27,8,72,0,0,0,0,0,0,0,0,0
56234,1,bully,3265,1,8,219572,72,146,432,876,1,1,52969,3265,0,9,0,0,0,LEADER,1,4,1,10,8,72,0,146,0,0,0,0,0,0,0
56525,30,bully,3556,1,8,221900,72,0,432,0,1,30,52969,3556,0,9,0,0,0,LEADER,1,4,1,39,8,72,0,0,0,0,0,0,0,0,0
56239,32,bully,3271,1,8,219620,72,0,432,0,1,32,52968,3271,0,9,0,0,0,LEADER,1,4,1,41,8,72,0,0,0,0,0,0,0,0,0
56561,10,bully,3592,1,8,222188,72,73,432,438,1,1,52969,3592,0,9,0,0,0,NORMAL,0,3,1,10,17,72,0,73,0,0,0,0,0,0,0
56152,13,bully,3183,1,8,218916,72,71,432,426,1,1,52969,3183,0,9,0,0,0,NORMAL,0,3,1,9,27,72,0,71,0,0,0,0,0,0,0
56252,43,bully,3283,1,8,219716,72,0,432,0,1,43,52969,3283,0,9,0,0,0,LEADER,1,4,1,52,8,72,0,0,0,0,0,0,0,0,0
56425,24,bully,3456,1,8,221100,72,0,432,0,1,24,52969,3456,0,9,0,0,0,LEADER,1,4,1,33,8,72,0,0,0,0,0,0,0,0,0
56491,27,bully,3522,1,8,221628,72,0,432,0,1,27,52969,3522,0,9,0,0,0,LEADER,1,4,1,36,8,72,0,0,0,0,0,0,0,0,0
56558,47,bully,3589,1,8,222164,72,0,432,0,1,47,52969,3589,0,9,0,0,0,LEADER,1,4,1,56,8,72,0,0,0,0,0,0,0,0,0
56322,20,bully,3353,1,8,220276,72,0,432,0,1,20,52969,3353,0,9,0,0,0,LEADER,1,4,1,29,8,72,0,0,0,0,0,0,0,0,0
56388,40,bully,3419,1,8,220804,72,0,432,0,1,40,52969,3419,0,9,0,0,0,LEADER,1,4,1,49,8,72,0,0,0,0,0,0,0,0,0
58216,29,bully,2944,1,9,275220,75,0,450,0,1,29,55272,2944,0,10,0,0,0,LEADER,1,4,1,32,9,75,0,0,0,0,0,0,0,0,0
58181,19,bully,2910,1,9,274913,75,0,450,0,1,19,55271,2910,0,10,0,0,0,LEADER,1,4,1,22,9,75,0,0,0,0,0,0,0,0,0
57972,2,bully,2707,1,9,273061,75,148,450,888,1,1,55265,2707,0,10,0,0,0,NORMAL,0,3,2,3,24,75,0,148,0,0,0,0,0,0,0
58385,36,bully,3113,1,9,276741,75,0,450,0,1,36,55272,3113,0,10,0,0,0,LEADER,1,4,1,39,9,75,0,0,0,0,0,0,0,0,0
58101,31,bully,2829,1,9,274185,75,0,450,0,1,31,55272,2829,0,10,0,0,0,LEADER,1,4,1,34,9,75,0,0,0,0,0,0,0,0,0
58440,45,bully,3168,1,9,277236,75,0,450,0,1,45,55272,3168,0,10,0,0,0,LEADER,1,4,1,48,9,75,0,0,0,0,0,0,0,0,0
58034,11,bully,2762,1,9,273582,75,74,450,444,1,1,55272,2762,0,10,0,0,0,NORMAL,0,3,2,3,29,75,0,74,0,0,0,0,0,0,0
58134,41,bully,2862,1,9,274482,75,0,450,0,1,41,55272,2862,0,10,0,0,0,LEADER,1,4,1,44,9,75,0,0,0,0,0,0,0,0,0
58352,26,bully,3080,1,9,276444,75,0,450,0,1,26,55272,3080,0,10,0,0,0,LEADER,1,4,1,29,9,75,0,0,0,0,0,0,0,0,0
58126,4,bully,2854,1,9,274410,75,144,450,864,1,1,55272,2854,0,10,0,0,0,NORMAL,0,3,2,3,31,75,0,144,0,0,0,0,0,0,0
58285,6,bully,3013,1,9,275841,75,148,450,888,2,1,55272,3013,0,10,0,0,0,NORMAL,0,3,2,3,31,75,0,148,0,0,0,0,0,0,0
58010,12,bully,2740,1,9,273377,75,75,450,450,1,1,55270,2740,0,10,0,0,0,NORMAL,0,3,2,4,36,75,0,75,0,0,0,0,0,0,0
58149,9,bully,2877,1,9,274617,75,74,450,444,1,1,55272,2877,0,10,0,0,0,NORMAL,0,3,2,3,27,75,0,74,0,0,0,0,0,0,0
58304,48,bully,3032,1,9,276012,75,0,450,0,1,48,55272,3032,0,10,0,0,0,LEADER,1,4,1,51,9,75,0,0,0,0,0,0,0,0,0
57998,44,bully,2726,1,9,273258,75,0,450,0,1,44,55272,2726,0,10,0,0,0,LEADER,1,4,1,47,9,75,0,0,0,0,0,0,0,0,0
58706,8,bully,3434,1,9,279630,75,74,450,444,2,1,55272,3434,0,10,0,0,0,NORMAL,0,3,2,3,33,75,0,74,0,0,0,0,0,0,0
58046,22,bully,2774,1,9,273690,75,0,450,0,1,22,55272,2774,0,10,0,0,0,LEADER,1,4,1,25,9,75,0,0,0,0,0,0,0,0,0
58713,39,bully,3441,1,9,279693,75,0,450,0,1,39,55272,3441,0,10,0,0,0,LEADER,1,4,1,42,9,75,0,0,0,0,0,0,0,0,0
58067,21,bully,2795,1,9,273879,75,0,450,0,1,21,55272,2795,0,10,0,0,0,LEADER,1,4,1,24,9,75,0,0,0,0,0,0,0,0,0
58422,3,bully,3150,1,9,277074,75,152,450,912,1,1,55272,3150,0,10,0,0,0,NORMAL,0,3,2,3,28,75,0,152,0,0,0,0,0,0,0
58843,5,bully,3571,1,9,280863,75,152,450,912,1,1,55272,3571,0,10,0,0,0,NORMAL,0,3,2,3,31,75,0,152,0,0,0,0,0,0,0
58488,23,bully,3216,1,9,277668,75,0,450,0,1,23,55272,3216,0,10,0,0,0,LEADER,1,4,1,26,9,75,0,0,0,0,0,0,0,0,0
58269,38,bully,2998,1,9,275703,75,0,450,0,1,38,55271,2998,0,10,0,0,0,LEADER,1,4,1,41,9,75,0,0,0,0,0,0,0,0,0
58317,16,bully,3047,1,9,276144,75,76,450,456,2,1,55270,3047,0,10,0,0,0,NORMAL,0,3,2,3,40,75,0,76,0,0,0,0,0,0,0
58204,25,bully,2932,1,9,275112,75,0,450,0,1,25,55272,2932,0,10,0,0,0,LEADER,1,4,1,28,9,75,0,0,0,0,0,0,0,0,0
58522,33,bully,3250,1,9,277974,75,0,450,0,1,33,55272,3250,0,10,0,0,0,LEADER,1,4,1,36,9,75,0,0,0,0,0,0,0,0,0
58490,37,bully,3218,1,9,277686,75,0,450,0,1,37,55272,3218,0,10,0,0,0,LEADER,1,4,1,40,9,75,0,0,0,0,0,0,0,0,0
58746,49,bully,3474,1,9,279990,75,0,450,0,1,49,55272,3474,0,10,0,0,0,LEADER,1,4,1,52,9,75,0,0,0,0,0,0,0,0,0
58407,35,bully,3135,1,9,276939,75,0,450,0,1,35,55272,3135,0,10,0,0,0,LEADER,1,4,1,38,9,75,0,0,0,0,0,0,0,0,0
58883,46,bully,3611,1,9,281223,75,0,450,0,1,46,55272,3611,0,10,0,0,0,LEADER,1,4,1,49,9,75,0,0,0,0,0,0,0,0,0
58761,17,bully,3489,1,9,280125,75,0,450,0,1,17,55272,3489,0,10,0,0,0,LEADER,1,4,1,20,9,75,0,0,0,0,0,0,0,0,0
58898,14,bully,3626,1,9,281358,75,76,450,456,2,1,55272,3626,0,10,0,0,0,NORMAL,0,3,2,3,32,75,0,76,0,0,0,0,0,0,0
58964,34,bully,3692,1,9,281952,75,0,450,0,1,34,55272,3692,0,10,0,0,0,LEADER,1,4,1,37,9,75,0,0,0,0,0,0,0,0,0
58572,42,bully,3304,1,9,278442,75,0,450,0,1,42,55268,3304,0,10,0,0,0,LEADER,1,4,1,45,9,75,0,0,0,0,0,0,0,0,0
58725,50,bully,3453,1,9,279801,75,0,450,0,1,50,55272,3453,0,10,0,0,0,LEADER,1,4,1,53,9,75,0,0,0,0,0,0,0,0,0
58237,28,bully,2965,1,9,275409,75,0,450,0,1,28,55272,2965,0,10,0,0,0,LEADER,1,4,1,31,9,75,0,0,0,0,0,0,0,0,0
58432,7,bully,3160,1,9,277164,75,152,450,912,2,1,55272,3160,0,10,0,0,0,NORMAL,0,3,2,3,32,75,0,152,0,0,0,0,0,0,0
58875,15,bully,3603,1,9,281151,75,75,450,450,2,1,55272,3603,0,10,0,0,0,NORMAL,0,3,2,3,37,75,0,75,0,0,0,0,0,0,0
58553,18,bully,3281,1,9,278253,75,0,450,0,1,18,55272,3281,0,10,0,0,0,LEADER,1,4,1,21,9,75,0,0,0,0,0,0,0,0,0
58537,1,bully,3265,1,9,278109,75,152,450,912,1,1,55272,3265,0,10,0,0,0,LEADER,1,4,1,4,9,75,0,152,0,0,0,0,0,0,0
58828,30,bully,3556,1,9,280728,75,0,450,0,1,30,55272,3556,0,10,0,0,0,LEADER,1,4,1,33,9,75,0,0,0,0,0,0,0,0,0
58542,32,bully,3271,1,9,278162,75,0,450,0,1,32,55271,3271,0,10,0,0,0,LEADER,1,4,1,35,9,75,0,0,0,0,0,0,0,0,0
58864,10,bully,3592,1,9,281052,75,76,450,456,1,1,55272,3592,0,10,0,0,0,NORMAL,0,3,2,4,19,75,0,76,0,0,0,0,0,0,0
58455,13,bully,3183,1,9,277371,75,74,450,444,1,1,55272,3183,0,10,0,0,0,NORMAL,0,3,2,3,30,75,0,74,0,0,0,0,0,0,0
58555,43,bully,3283,1,9,278271,75,0,450,0,1,43,55272,3283,0,10,0,0,0,LEADER,1,4,1,46,9,75,0,0,0,0,0,0,0,0,0
58728,24,bully,3456,1,9,279828,75,0,450,0,1,24,55272,3456,0,10,0,0,0,LEADER,1,4,1,27,9,75,0,0,0,0,0,0,0,0,0
58794,27,bully,3522,1,9,280422,75,0,450,0,1,27,55272,3522,0,10,0,0,0,LEADER,1,4,1,30,9,75,0,0,0,0,0,0,0,0,0
58861,47,bully,3589,1,9,281025,75,0,450,0,1,47,55272,3589,0,10,0,0,0,LEADER,1,4,1,50,9,75,0,0,0,0,0,0,0,0,0
58625,20,bully,3353,1,9,278901,75,0,450,0,1,20,55272,3353,0,10,0,0,0,LEADER,1,4,1,23,9,75,0,0,0,0,0,0,0,0,0
58691,40,bully,3419,1,9,279495,75,0,450,0,1,40,55272,3419,0,10,0,0,0,LEADER,1,4,1,43,9,75,0,0,0,0,0,0,0,0,0
60519,29,bully,2944,1,9,275220,78,0,468,0,1,29,57575,2944,0,10,0,0,0,LEADER,1,4,1,35,9,78,0,0,0,0,0,0,0,0,0
60484,19,bully,2910,1,9,274913,78,0,468,0,1,19,57574,2910,0,10,0,0,0,LEADER,1,4,1,25,9,78,0,0,0,0,0,0,0,0,0
60275,2,bully,2707,1,9,273061,78,153,468,918,1,1,57568,2707,0,10,0,0,0,NORMAL,0,3,1,6,24,78,0,153,0,0,0,0,0,0,0
60688,36,bully,3113,1,9,276741,78,0,468,0,1,36,57575,3113,0,10,0,0,0,LEADER,1,4,1,42,9,78,0,0,0,0,0,0,0,0,0
60404,31,bully,2829,1,9,274185,78,0,468,0,1,31,57575,2829,0,10,0,0,0,LEADER,1,4,1,37,9,78,0,0,0,0,0,0,0,0,0
60743,45,bully,3168,1,9,277236,78,0,468,0,1,45,57575,3168,0,10,0,0,0,LEADER,1,4,1,51,9,78,0,0,0,0,0,0,0,0,0
60337,11,bully,2762,1,9,273582,78,77,468,462,1,1,57575,2762,0,10,0,0,0,NORMAL,0,3,1,6,29,78,0,77,0,0,0,0,0,0,0
60437,41,bully,2862,1,9,274482,78,0,468,0,1,41,57575,2862,0,10,0,0,0,LEADER,1,4,1,47,9,78,0,0,0,0,0,0,0,0,0
60655,26,bully,3080,1,9,276444,78,0,468,0,1,26,57575,3080,0,10,0,0,0,LEADER,1,4,1,32,9,78,0,0,0,0,0,0,0,0,0
60429,4,bully,2854,1,9,274410,78,148,468,888,1,1,57575,2854,0,10,0,0,0,NORMAL,0,3,1,6,31,78,0,148,0,0,0,0,0,0,0
60588,6,bully,3013,1,9,275841,78,154,468,924,2,1,57575,3013,0,10,0,0,0,NORMAL,0,3,1,6,31,78,0,154,0,0,0,0,0,0,0
60313,12,bully,2740,1,9,273377,78,78,468,468,1,1,57573,2740,0,10,0,0,0,NORMAL,0,3,1,7,36,78,0,78,0,0,0,0,0,0,0
60452,9,bully,2877,1,9,274617,78,77,468,462,1,1,57575,2877,0,10,0,0,0,NORMAL,0,3,1,6,27,78,0,77,0,0,0,0,0,0,0
60607,48,bully,3032,1,9,276012,78,0,468,0,1,48,57575,3032,0,10,0,0,0,LEADER,1,4,1,54,9,78,0,0,0,0,0,0,0,0,0
60301,44,bully,2726,1,9,273258,78,0,468,0,1,44,57575,2726,0,10,0,0,0,LEADER,1,4,1,50,9,78,0,0,0,0,0,0,0,0,0
61009,8,bully,3434,1,9,279630,78,77,468,462,2,1,57575,3434,0,10,0,0,0,NORMAL,0,3,1,6,33,78,0,77,0,0,0,0,0,0,0
60349,22,bully,2774,1,9,273690,78,0,468,0,1,22,57575,2774,0,10,0,0,0,LEADER,1,4,1,28,9,78,0,0,0,0,0,0,0,0,0
61016,39,bully,3441,1,9,279693,78,0,468,0,1,39,57575,3441,0,10,0,0,0,LEADER,1,4,1,45,9,78,0,0,0,0,0,0,0,0,0
60370,21,bully,2795,1,9,273879,78,0,468,0,1,21,57575,2795,0,10,0,0,0,LEADER,1,4,1,27,9,78,0,0,0,0,0,0,0,0,0
60725,3,bully,3150,1,9,277074,78,158,468,948,1,1,57575,3150,0,10,0,0,0,NORMAL,0,3,1,6,28,78,0,158,0,0,0,0,0,0,0
61146,5,bully,3571,1,9,280863,78,158,468,948,1,1,57575,3571,0,10,0,0,0,NORMAL,0,3,1,6,31,78,0,158,0,0,0,0,0,0,0
60791,23,bully,3216,1,9,277668,78,0,468,0,1,23,57575,3216,0,10,0,0,0,LEADER,1,4,1,29,9,78,0,0,0,0,0,0,0,0,0
60572,38,bully,2998,1,9,275703,78,0,468,0,1,38,57574,2998,0,10,0,0,0,LEADER,1,4,1,44,9,78,0,0,0,0,0,0,0,0,0
60620,16,bully,3047,1,9,276144,78,78,468,468,2,1,57573,3047,0,10,0,0,0,NORMAL,0,3,1,6,40,78,0,78,0,0,0,0,0,0,0
60507,25,bully,2932,1,9,275112,78,0,468,0,1,25,57575,2932,0,10,0,0,0,LEADER,1,4,1,31,9,78,0,0,0,0,0,0,0,0,0
60825,33,bully,3250,1,9,277974,78,0,468,0,1,33,57575,3250,0,10,0,0,0,LEADER,1,4,1,39,9,78,0,0,0,0,0,0,0,0,0
60793,37,bully,3218,1,9,277686,78,0,468,0,1,37,57575,3218,0,10,0,0,0,LEADER,1,4,1,43,9,78,0,0,0,0,0,0,0,0,0
61049,49,bully,3474,1,9,279990,78,0,468,0,1,49,57575,3474,0,10,0,0,0,LEADER,1,4,1,55,9,78,0,0,0,0,0,0,0,0,0
60710,35,bully,3135,1,9,276939,78,0,468,0,1,35,57575,3135,0,10,0,0,0,LEADER,1,4,1,41,9,78,0,0,0,0,0,0,0,0,0
61186,46,bully,3611,1,9,281223,78,0,468,0,1,46,57575,3611,0,10,0,0,0,LEADER,1,4,1,52,9,78,0,0,0,0,0,0,0,0,0
61064,17,bully,3489,1,9,280125,78,0,468,0,1,17,57575,3489,0,10,0,0,0,LEADER,1,4,1,23,9,78,0,0,0,0,0,0,0,0,0
61201,14,bully,3626,1,9,281358,78,79,468,474,2,1,57575,3626,0,10,0,0,0,NORMAL,0,3,1,6,32,78,0,79,0,0,0,0,0,0,0
61267,34,bully,3692,1,9,281952,78,0,468,0,1,34,57575,3692,0,10,0,0,0,LEADER,1,4,1,40,9,78,0,0,0,0,0,0,0,0,0
60875,42,bully,3304,1,9,278442,78,0,468,0,1,42,57571,3304,0,10,0,0,0,LEADER,1,4,1,48,9,78,0,0,0,0,0,0,0,0,0
61028,50,bully,3453,1,9,279801,78,0,468,0,1,50,57575,3453,0,10,0,0,0,LEADER,1,4,1,56,9,78,0,0,0,0,0,0,0,0,0
60540,28,bully,2965,1,9,275409,78,0,468,0,1,28,57575,2965,0,10,0,0,0,LEADER,1,4,1,34,9,78,0,0,0,0,0,0,0,0,0
60735,7,bully,3160,1,9,277164,78,158,468,948,2,1,57575,3160,0,10,0,0,0,NORMAL,0,3,1,6,32,78,0,158,0,0,0,0,0,0,0
61178,15,bully,3603,1,9,281151,78,78,468,468,2,1,57575,3603,0,10,0,0,0,NORMAL,0,3,1,6,37,78,0,78,0,0,0,0,0,0,0
60856,18,bully,3281,1,9,278253,78,0,468,0,1,18,57575,3281,0,10,0,0,0,LEADER,1,4,1,24,9,78,0,0,0,0,0,0,0,0,0
60840,1,bully,3265,1,9,278109,78,158,468,948,1,1,57575,3265,0,10,0,0,0,LEADER,1,4,1,7,9,78,0,158,0,0,0,0,0,0,0
61131,30,bully,3556,1,9,280728,78,0,468,0,1,30,57575,3556,0,10,0,0,0,LEADER,1,4,1,36,9,78,0,0,0,0,0,0,0,0,0
60845,32,bully,3271,1,9,278162,78,0,468,0,1,32,57574,3271,0,10,0,0,0,LEADER,1,4,1,38,9,78,0,0,0,0,0,0,0,0,0
61167,10,bully,3592,1,9,281052,78,79,468,474,1,1,57575,3592,0,10,0,0,0,NORMAL,0,3,1,7,19,78,0,79,0,0,0,0,0,0,0
60758,13,bully,3183,1,9,277371,78,77,468,462,1,1,57575,3183,0,10,0,0,0,NORMAL,0,3,1,6,30,78,0,77,0,0,0,0,0,0,0
60858,43,bully,3283,1,9,278271,78,0,468,0,1,43,57575,3283,0,10,0,0,0,LEADER,1,4,1,49,9,78,0,0,0,0,0,0,0,0,0
61031,24,bully,3456,1,9,279828,78,0,468,0,1,24,57575,3456,0,10,0,0,0,LEADER,1,4,1,30,9,78,0,0,0,0,0,0,0,0,0
61097,27,bully,3522,1,9,280422,78,0,468,0,1,27,57575,3522,0,10,0,0,0,LEADER,1,4,1,33,9,78,0,0,0,0,0,0,0,0,0
61164,47,bully,3589,1,9,281025,78,0,468,0,1,47,57575,3589,0,10,0,0,0,LEADER,1,4,1,53,9,78,0,0,0,0,0,0,0,0,0
60928,20,bully,3353,1,9,278901,78,0,468,0,1,20,57575,3353,0,10,0,0,0,LEADER,1,4,1,26,9,78,0,0,0,0,0,0,0,0,0
60994,40,bully,3419,1,9,279495,78,0,468,0,1,40,57575,3419,0,10,0,0,0,LEADER,1,4,1,46,9,78,0,0,0,0,0,0,0,0,0
62822,29,bully,2944,1,9,275220,81,0,486,0,1,29,59878,2944,0,10,0,0,0,LEADER,1,4,1,38,9,81,0,0,0,0,0,0,0,0,0
62787,19,bully,2910,1,9,274913,81,0,486,0,1,19,59877,2910,0,10,0,0,0,LEADER,1,4,1,28,9,81,0,0,0,0,0,0,0,0,0
62578,2,bully,2707,1,9,273061,81,159,486,954,1,1,59871,2707,0,10,0,0,0,NORMAL,0,3,1,9,24,81,0,159,0,0,0,0,0,0,0
62991,36,bully,3113,1,9,276741,81,0,486,0,1,36,59878,3113,0,10,0,0,0,LEADER,1,4,1,45,9,81,0,0,0,0,0,0,0,0,0
62707,31,bully,2829,1,9,274185,81,0,486,0,1,31,59878,2829,0,10,0,0,0,LEADER,1,4,1,40,9,81,0,0,0,0,0,0,0,0,0
63046,45,bully,3168,1,9,277236,81,0,486,0,1,45,59878,3168,0,10,0,0,0,LEADER,1,4,1,54,9,81,0,0,0,0,0,0,0,0,0
62640,11,bully,2762,1,9,273582,81,80,486,480,1,1,59878,2762,0,10,0,0,0,NORMAL,0,3,1,9,29,81,0,80,0,0,0,0,0,0,0
62740,41,bully,2862,1,9,274482,81,0,486,0,1,41,59878,2862,0,10,0,0,0,LEADER,1,4,1,50,9,81,0,0,0,0,0,0,0,0,0
62958,26,bully,3080,1,9,276444,81,0,486,0,1,26,59878,3080,0,10,0,0,0,LEADER,1,4,1,35,9,81,0,0,0,0,0,0,0,0,0
62732,4,bully,2854,1,9,274410,81,154,486,924,1,1,59878,2854,0,10,0,0,0,NORMAL,0,3,1,9,31,81,0,154,0,0,0,0,0,0,0
62891,6,bully,3013,1,9,275841,81,160,486,960,2,1,59878,3013,0,10,0,0,0,NORMAL,0,3,1,9,31,81,0,160,0,0,0,0,0,0,0
62616,12,bully,2740,1,9,273377,81,81,486,486,1,1,59876,2740,0,10,0,0,0,NORMAL,0,3,1,10,36,81,0,81,0,0,0,0,0,0,0
62755,9,bully,2877,1,9,274617,81,80,486,480,1,1,59878,2877,0,10,0,0,0,NORMAL,0,3,1,9,27,81,0,80,0,0,0,0,0,0,0
62910,48,bully,3032,1,9,276012,81,0,486,0,1,48,59878,3032,0,10,0,0,0,LEADER,1,4,1,57,9,81,0,0,0,0,0,0,0,0,0
62604,44,bully,2726,1,9,273258,81,0,486,0,1,44,59878,2726,0,10,0,0,0,LEADER,1,4,1,53,9,81,0,0,0,0,0,0,0,0,0
63312,8,bully,3434,1,9,279630,81,80,486,480,2,1,59878,3434,0,10,0,0,0,NORMAL,0,3,1,9,33,81,0,80,0,0,0,0,0,0,0
62652,22,bully,2774,1,9,273690,81,0,486,0,1,22,59878,2774,0,10,0,0,0,LEADER,1,4,1,31,9,81,0,0,0,0,0,0,0,0,0
63319,39,bully,3441,1,9,279693,81,0,486,0,1,39,59878,3441,0,10,0,0,0,LEADER,1,4,1,48,9,81,0,0,0,0,0,0,0,0,0
62673,21,bully,2795,1,9,273879,81,0,486,0,1,21,59878,2795,0,10,0,0,0,LEADER,1,4,1,30,9,81,0,0,0,0,0,0,0,0,0
63028,3,bully,3150,1,9,277074,81,164,486,984,1,1,59878,3150,0,10,0,0,0,NORMAL,0,3,1,9,28,81,0,164,0,0,0,0,0,0,0
63449,5,bully,3571,1,9,280863,81,164,486,984,1,1,59878,3571,0,10,0,0,0,NORMAL,0,3,1,9,31,81,0,164,0,0,0,0,0,0,0
63094,23,bully,3216,1,9,277668,81,0,486,0,1,23,59878,3216,0,10,0,0,0,LEADER,1,4,1,32,9,81,0,0,0,0,0,0,0,0,0
62875,38,bully,2998,1,9,275703,81,0,486,0,1,38,59877,2998,0,10,0,0,0,LEADER,1,4,1,47,9,81,0,0,0,0,0,0,0,0,0
62923,16,bully,3047,1,9,276144,81,81,486,486,2,1,59876,3047,0,10,0,0,0,NORMAL,0,3,1,9,40,81,0,81,0,0,0,0,0,0,0
62810,25,bully,2932,1,9,275112,81,0,486,0,1,25,59878,2932,0,10,0,0,0,LEADER,1,4,1,34,9,81,0,0,0,0,0,0,0,0,0
63128,33,bully,3250,1,9,277974,81,0,486,0,1,33,59878,3250,0,10,0,0,0,LEADER,1,4,1,42,9,81,0,0,0,0,0,0,0,0,0
63096,37,bully,3218,1,9,277686,81,0,486,0,1,37,59878,3218,0,10,0,0,0,LEADER,1,4,1,46,9,81,0,0,0,0,0,0,0,0,0
63352,49,bully,3474,1,9,279990,81,0,486,0,1,49,59878,3474,0,10,0,0,0,LEADER,1,4,1,58,9,81,0,0,0,0,0,0,0,0,0
63013,35,bully,3135,1,9,276939,81,0,486,0,1,35,59878,3135,0,10,0,0,0,LEADER,1,4,1,44,9,81,0,0,0,0,0,0,0,0,0
63489,46,bully,3611,1,9,281223,81,0,486,0,1,46,59878,3611,0,10,0,0,0,LEADER,1,4,1,55,9,81,0,0,0,0,0,0,0,0,0
63367,17,bully,3489,1,9,280125,81,0,486,0,1,17,59878,3489,0,10,0,0,0,LEADER,1,4,1,26,9,81,0,0,0,0,0,0,0,0,0
63504,14,bully,3626,1,9,281358,81,82,486,492,2,1,59878,3626,0,10,0,0,0,NORMAL,0,3,1,9,32,81,0,82,0,0,0,0,0,0,0
63570,34,bully,3692,1,9,281952,81,0,486,0,1,34,59878,3692,0,10,0,0,0,LEADER,1,4,1,43,9,81,0,0,0,0,0,0,0,0,0
63178,42,bully,3304,1,9,278442,81,0,486,0,1,42,59874,3304,0,10,0,0,0,LEADER,1,4,1,51,9,81,0,0,0,0,0,0,0,0,0
63331,50,bully,3453,1,9,279801,81,0,486,0,1,50,59878,3453,0,10,0,0,0,LEADER,1,4,1,59,9,81,0,0,0,0,0,0,0,0,0
62843,28,bully,2965,1,9,275409,81,0,486,0,1,28,59878,2965,0,10,0,0,0,LEADER,1,4,1,37,9,81,0,0,0,0,0,0,0,0,0
63038,7,bully,3160,1,9,277164,81,164,486,984,2,1,59878,3160,0,10,0,0,0,NORMAL,0,3,1,9,32,81,0,164,0,0,0,0,0,0,0
63481,15,bully,3603,1,9,281151,81,81,486,486,2,1,59878,3603,0,10,0,0,0,NORMAL,0,3,1,9,37,81,0,81,0,0,0,0,0,0,0
63159,18,bully,3281,1,9,278253,81,0,486,0,1,18,59878,3281,0,10,0,0,0,LEADER,1,4,1,27,9,81,0,0,0,0,0,0,0,0,0
63143,1,bully,3265,1,9,278109,81,164,486,984,1,1,59878,3265,0,10,0,0,0,LEADER,1,4,1,10,9,81,0,164,0,0,0,0,0,0,0
63434,30,bully,3556,1,9,280728,81,0,486,0,1,30,59878,3556,0,10,0,0,0,LEADER,1,4,1,39,9,81,0,0,0,0,0,0,0,0,0
63148,32,bully,3271,1,9,278162,81,0,486,0,1,32,59877,3271,0,10,0,0,0,LEADER,1,4,1,41,9,81,0,0,0,0,0,0,0,0,0
63470,10,bully,3592,1,9,281052,81,82,486,492,1,1,59878,3592,0,10,0,0,0,NORMAL,0,3,1,10,19,81,0,82,0,0,0,0,0,0,0
63061,13,bully,3183,1,9,277371,81,80,486,480,1,1,59878,3183,0,10,0,0,0,NORMAL,0,3,1,9,30,81,0,80,0,0,0,0,0,0,0
63161,43,bully,3283,1,9,278271,81,0,486,0,1,43,59878,3283,0,10,0,0,0,LEADER,1,4,1,52,9,81,0,0,0,0,0,0,0,0,0
63334,24,bully,3456,1,9,279828,81,0,486,0,1,24,59878,3456,0,10,0,0,0,LEADER,1,4,1,33,9,81,0,0,0,0,0,0,0,0,0
63400,27,bully,3522,1,9,280422,81,0,486,0,1,27,59878,3522,0,10,0,0,0,LEADER,1,4,1,36,9,81,0,0,0,0,0,0,0,0,0
63467,47,bully,3589,1,9,281025,81,0,486,0,1,47,59878,3589,0,10,0,0,0,LEADER,1,4,1,56,9,81,0,0,0,0,0,0,0,0,0
63231,20,bully,3353,1,9,278901,81,0,486,0,1,20,59878,3353,0,10,0,0,0,LEADER,1,4,1,29,9,81,0,0,0,0,0,0,0,0,0
63297,40,bully,3419,1,9,279495,81,0,486,0,1,40,59878,3419,0,10,0,0,0,LEADER,1,4,1,49,9,81,0,0,0,0,0,0,0,0,0
65125,29,bully,2944,1,10,340345,84,0,504,0,1,29,62181,2944,0,11,0,0,0,LEADER,1,4,1,32,10,84,0,0,0,0,0,0,0,0,0
65090,19,bully,2910,1,10,340003,84,0,504,0,1,19,62180,2910,0,11,0,0,0,LEADER,1,4,1,22,10,84,0,0,0,0,0,0,0,0,0
64881,2,bully,2707,1,10,337942,84,165,504,990,1,1,62174,2707,0,11,0,0,0,NORMAL,0,3,2,4,26,84,0,165,0,0,0,0,0,0,0
65294,36,bully,3113,1,10,342035,84,0,504,0,1,36,62181,3113,0,11,0,0,0,LEADER,1,4,1,39,10,84,0,0,0,0,0,0,0,0,0
65010,31,bully,2829,1,10,339195,84,0,504,0,1,31,62181,2829,0,11,0,0,0,LEADER,1,4,1,34,10,84,0,0,0,0,0,0,0,0,0
65349,45,bully,3168,1,10,342585,84,0,504,0,1,45,62181,3168,0,11,0,0,0,LEADER,1,4,1,48,10,84,0,0,0,0,0,0,0,0,0
64943,11,bully,2762,1,10,338525,84,83,504,498,1,1,62181,2762,0,11,0,0,0,NORMAL,0,3,2,3,32,84,0,83,0,0,0,0,0,0,0
65043,41,bully,2862,1,10,339525,84,0,504,0,1,41,62181,2862,0,11,0,0,0,LEADER,1,4,1,44,10,84,0,0,0,0,0,0,0,0,0
65261,26,bully,3080,1,10,341705,84,0,504,0,1,26,62181,3080,0,11,0,0,0,LEADER,1,4,1,29,10,84,0,0,0,0,0,0,0,0,0
65035,4,bully,2854,1,10,339445,84,160,504,960,1,1,62181,2854,0,11,0,0,0,NORMAL,0,3,2,3,34,84,0,160,0,0,0,0,0,0,0
65194,6,bully,3013,1,10,341035,84,166,504,996,2,1,62181,3013,0,11,0,0,0,NORMAL,0,3,2,3,34,84,0,166,0,0,0,0,0,0,0
64919,12,bully,2740,1,10,338296,84,84,504,504,1,1,62179,2740,0,11,0,0,0,NORMAL,0,3,2,3,40,84,0,84,0,0,0,0,0,0,0
65058,9,bully,2877,1,10,339675,84,83,504,498,1,1,62181,2877,0,11,0,0,0,NORMAL,0,3,2,3,30,84,0,83,0,0,0,0,0,0,0
65213,48,bully,3032,1,10,341225,84,0,504,0,1,48,62181,3032,0,11,0,0,0,LEADER,1,4,1,51,10,84,0,0,0,0,0,0,0,0,0
64907,44,bully,2726,1,10,338165,84,0,504,0,1,44,62181,2726,0,11,0,0,0,LEADER,1,4,1,47,10,84,0,0,0,0,0,0,0,0,0
65615,8,bully,3434,1,10,345245,84,83,504,498,2,1,62181,3434,0,11,0,0,0,NORMAL,0,3,2,3,36,84,0,83,0,0,0,0,0,0,0
64955,22,bully,2774,1,10,338645,84,0,504,0,1,22,62181,2774,0,11,0,0,0,LEADER,1,4,1,25,10,84,0,0,0,0,0,0,0,0,0
65622,39,bully,3441,1,10,345315,84,0,504,0,1,39,62181,3441,0,11,0,0,0,LEADER,1,4,1,42,10,84,0,0,0,0,0,0,0,0,0
64976,21,bully,2795,1,10,338855,84,0,504,0,1,21,62181,2795,0,11,0,0,0,LEADER,1,4,1,24,10,84,0,0,0,0,0,0,0,0,0
65331,3,bully,3150,1,10,342405,84,170,504,1020,1,1,62181,3150,0,11,0,0,0,NORMAL,0,3,2,3,31,84,0,170,0,0,0,0,0,0,0
65752,5,bully,3571,1,10,346615,84,170,504,1020,1,1,62181,3571,0,11,0,0,0,NORMAL,0,3,2,3,34,84,0,170,0,0,0,0,0,0,0
65397,23,bully,3216,1,10,343065,84,0,504,0,1,23,62181,3216,0,11,0,0,0,LEADER,1,4,1,26,10,84,0,0,0,0,0,0,0,0,0
65178,38,bully,2998,1,10,340881,84,0,504,0,1,38,62180,2998,0,11,0,0,0,LEADER,1,4,1,41,10,84,0,0,0,0,0,0,0,0,0
65226,16,bully,3047,1,10,341370,84,84,504,504,2,1,62179,3047,0,11,0,0,0,NORMAL,0,3,2,3,44,84,0,84,0,0,0,0,0,0,0
65113,25,bully,2932,1,10,340225,84,0,504,0,1,25,62181,2932,0,11,0,0,0,LEADER,1,4,1,28,10,84,0,0,0,0,0,0,0,0,0
65431,33,bully,3250,1,10,343405,84,0,504,0,1,33,62181,3250,0,11,0,0,0,LEADER,1,4,1,36,10,84,0,0,0,0,0,0,0,0,0
65399,37,bully,3218,1,10,343085,84,0,504,0,1,37,62181,3218,0,11,0,0,0,LEADER,1,4,1,40,10,84,0,0,0,0,0,0,0,0,0
65655,49,bully,3474,1,10,345645,84,0,504,0,1,49,62181,3474,0,11,0,0,0,LEADER,1,4,1,52,10,84,0,0,0,0,0,0,0,0,0
65316,35,bully,3135,1,10,342255,84,0,504,0,1,35,62181,3135,0,11,0,0,0,LEADER,1,4,1,38,10,84,0,0,0,0,0,0,0,0,0
65792,46,bully,3611,1,10,347015,84,0,504,0,1,46,62181,3611,0,11,0,0,0,LEADER,1,4,1,49,10,84,0,0,0,0,0,0,0,0,0
65670,17,bully,3489,1,10,345795,84,0,504,0,1,17,62181,3489,0,11,0,0,0,LEADER,1,4,1,20,10,84,0,0,0,0,0,0,0,0,0
65807,14,bully,3626,1,10,347165,84,85,504,510,2,1,62181,3626,0,11,0,0,0,NORMAL,0,3,2,3,35,84,0,85,0,0,0,0,0,0,0
65873,34,bully,3692,1,10,347825,84,0,504,0,1,34,62181,3692,0,11,0,0,0,LEADER,1,4,1,37,10,84,0,0,0,0,0,0,0,0,0
65481,42,bully,3304,1,10,343923,84,0,504,0,1,42,62177,3304,0,11,0,0,0,LEADER,1,4,1,45,10,84,0,0,0,0,0,0,0,0,0
65634,50,bully,3453,1,10,345435,84,0,504,0,1,50,62181,3453,0,11,0,0,0,LEADER,1,4,1,53,10,84,0,0,0,0,0,0,0,0,0
65146,28,bully,2965,1,10,340555,84,0,504,0,1,28,62181,2965,0,11,0,0,0,LEADER,1,4,1,31,10,84,0,0,0,0,0,0,0,0,0
65341,7,bully,3160,1,10,342505,84,168,504,1008,2,1,62181,3160,0,11,0,0,0,NORMAL,0,3,2,3,35,84,0,168,0,0,0,0,0,0,0
65784,15,bully,3603,1,10,346935,84,84,504,504,2,1,62181,3603,0,11,0,0,0,NORMAL,0,3,2,3,41,84,0,84,0,0,0,0,0,0,0
65462,18,bully,3281,1,10,343715,84,0,504,0,1,18,62181,3281,0,11,0,0,0,LEADER,1,4,1,21,10,84,0,0,0,0,0,0,0,0,0
65446,1,bully,3265,1,10,343555,84,170,504,1020,1,1,62181,3265,0,11,0,0,0,LEADER,1,4,1,4,10,84,0,170,0,0,0,0,0,0,0
65737,30,bully,3556,1,10,346465,84,0,504,0,1,30,62181,3556,0,11,0,0,0,LEADER,1,4,1,33,10,84,0,0,0,0,0,0,0,0,0
65451,32,bully,3271,1,10,343613,84,0,504,0,1,32,62180,3271,0,11,0,0,0,LEADER,1,4,1,35,10,84,0,0,0,0,0,0,0,0,0
65773,10,bully,3592,1,10,346825,84,85,504,510,1,1,62181,3592,0,11,0,0,0,NORMAL,0,3,2,4,21,84,0,85,0,0,0,0,0,0,0
65364,13,bully,3183,1,10,342735,84,83,504,498,1,1,62181,3183,0,11,0,0,0,NORMAL,0,3,2,3,33,84,0,83,0,0,0,0,0,0,0
65464,43,bully,3283,1,10,343735,84,0,504,0,1,43,62181,3283,0,11,0,0,0,LEADER,1,4,1,46,10,84,0,0,0,0,0,0,0,0,0
65637,24,bully,3456,1,10,345465,84,0,504,0,1,24,62181,3456,0,11,0,0,0,LEADER,1,4,1,27,10,84,0,0,0,0,0,0,0,0,0
65703,27,bully,3522,1,10,346125,84,0,504,0,1,27,62181,3522,0,11,0,0,0,LEADER,1,4,1,30,10,84,0,0,0,0,0,0,0,0,0
65770,47,bully,3589,1,10,346795,84,0,504,0,1,47,62181,3589,0,11,0,0,0,LEADER,1,4,1,50,10,84,0,0,0,0,0,0,0,0,0
65534,20,bully,3353,1,10,344435,84,0,504,0,1,20,62181,3353,0,11,0,0,0,LEADER,1,4,1,23,10,84,0,0,0,0,0,0,0,0,0
65600,40,bully,3419,1,10,345095,84,0,504,0,1,40,62181,3419,0,11,0,0,0,LEADER,1,4,1,43,10,84,0,0,0,0,0,0,0,0,0
67428,29,bully,2944,1,10,340345,87,0,522,0,1,29,64484,2944,0,11,0,0,0,LEADER,1,4,1,35,10,87,0,0,0,0,0,0,0,0,0
67393,19,bully,2910,1,10,340003,87,0,522,0,1,19,64483,2910,0,11,0,0,0,LEADER,1,4,1,25,10,87,0,0,0,0,0,0,0,0,0
67183,2,bully,2707,1,10,337942,87,171,522,1026,1,1,64476,2707,0,11,0,0,0,NORMAL,0,3,1,7,26,87,0,171,0,0,0,0,0,0,0
67597,36,bully,3113,1,10,342035,87,0,522,0,1,36,64484,3113,0,11,0,0,0,LEADER,1,4,1,42,10,87,0,0,0,0,0,0,0,0,0
67313,31,bully,2829,1,10,339195,87,0,522,0,1,31,64484,2829,0,11,0,0,0,LEADER,1,4,1,37,10,87,0,0,0,0,0,0,0,0,0
67652,45,bully,3168,1,10,342585,87,0,522,0,1,45,64484,3168,0,11,0,0,0,LEADER,1,4,1,51,10,87,0,0,0,0,0,0,0,0,0
67246,11,bully,2762,1,10,338525,87,86,522,516,1,1,64484,2762,0,11,0,0,0,NORMAL,0,3,1,6,32,87,0,86,0,0,0,0,0,0,0
67346,41,bully,2862,1,10,339525,87,0,522,0,1,41,64484,2862,0,11,0,0,0,LEADER,1,4,1,47,10,87,0,0,0,0,0,0,0,0,0
67564,26,bully,3080,1,10,341705,87,0,522,0,1,26,64484,3080,0,11,0,0,0,LEADER,1,4,1,32,10,87,0,0,0,0,0,0,0,0,0
67338,4,bully,2854,1,10,339445,87,166,522,996,1,1,64484,2854,0,11,0,0,0,NORMAL,0,3,1,6,34,87,0,166,0,0,0,0,0,0,0
67497,6,bully,3013,1,10,341035,87,172,522,1032,2,1,64484,3013,0,11,0,0,0,NORMAL,0,3,1,6,34,87,0,172,0,0,0,0,0,0,0
67222,12,bully,2740,1,10,338296,87,87,522,522,1,1,64482,2740,0,11,0,0,0,NORMAL,0,3,1,6,40,87,0,87,0,0,0,0,0,0,0
67361,9,bully,2877,1,10,339675,87,86,522,516,1,1,64484,2877,0,11,0,0,0,NORMAL,0,3,1,6,30,87,0,86,0,0,0,0,0,0,0
67516,48,bully,3032,1,10,341225,87,0,522,0,1,48,64484,3032,0,11,0,0,0,LEADER,1,4,1,54,10,87,0,0,0,0,0,0,0,0,0
67210,44,bully,2726,1,10,338165,87,0,522,0,1,44,64484,2726,0,11,0,0,0,LEADER,1,4,1,50,10,87,0,0,0,0,0,0,0,0,0
67918,8,bully,3434,1,10,345245,87,86,522,516,2,1,64484,3434,0,11,0,0,0,NORMAL,0,3,1,6,36,87,0,86,0,0,0,0,0,0,0
67258,22,bully,2774,1,10,338645,87,0,522,0,1,22,64484,2774,0,11,0,0,0,LEADER,1,4,1,28,10,87,0,0,0,0,0,0,0,0,0
67925,39,bully,3441,1,10,345315,87,0,522,0,1,39,64484,3441,0,11,0,0,0,LEADER,1,4,1,45,10,87,0,0,0,0,0,0,0,0,0
67279,21,bully,2795,1,10,338855,87,0,522,0,1,21,64484,2795,0,11,0,0,0,LEADER,1,4,1,27,10,87,0,0,0,0,0,0,0,0,0
67634,3,bully,3150,1,10,342405,87,176,522,1056,1,1,64484,3150,0,11,0,0,0,NORMAL,0,3,1,6,31,87,0,176,0,0,0,0,0,0,0
68055,5,bully,3571,1,10,346615,87,176,522,1056,1,1,64484,3571,0,11,0,0,0,NORMAL,0,3,1,6,34,87,0,176,0,0,0,0,0,0,0
67700,23,bully,3216,1,10,343065,87,0,522,0,1,23,64484,3216,0,11,0,0,0,LEADER,1,4,1,29,10,87,0,0,0,0,0,0,0,0,0
67481,38,bully,2998,1,10,340881,87,0,522,0,1,38,64483,2998,0,11,0,0,0,LEADER,1,4,1,44,10,87,0,0,0,0,0,0,0,0,0
67529,16,bully,3047,1,10,341370,87,87,522,522,2,1,64482,3047,0,11,0,0,0,NORMAL,0,3,1,6,44,87,0,87,0,0,0,0,0,0,0
67416,25,bully,2932,1,10,340225,87,0,522,0,1,25,64484,2932,0,11,0,0,0,LEADER,1,4,1,31,10,87,0,0,0,0,0,0,0,0,0
67734,33,bully,3250,1,10,343405,87,0,522,0,1,33,64484,3250,0,11,0,0,0,LEADER,1,4,1,39,10,87,0,0,0,0,0,0,0,0,0
67702,37,bully,3218,1,10,343085,87,0,522,0,1,37,64484,3218,0,11,0,0,0,LEADER,1,4,1,43,10,87,0,0,0,0,0,0,0,0,0
67958,49,bully,3474,1,10,345645,87,0,522,0,1,49,64484,3474,0,11,0,0,0,LEADER,1,4,1,55,10,87,0,0,0,0,0,0,0,0,0
67619,35,bully,3135,1,10,342255,87,0,522,0,1,35,64484,3135,0,11,0,0,0,LEADER,1,4,1,41,10,87,0,0,0,0,0,0,0,0,0
68095,46,bully,3611,1,10,347015,87,0,522,0,1,46,64484,3611,0,11,0,0,0,LEADER,1,4,1,52,10,87,0,0,0,0,0,0,0,0,0
67973,17,bully,3489,1,10,345795,87,0,522,0,1,17,64484,3489,0,11,0,0,0,LEADER,1,4,1,23,10,87,0,0,0,0,0,0,0,0,0
68110,14,bully,3626,1,10,347165,87,88,522,528,2,1,64484,3626,0,11,0,0,0,NORMAL,0,3,1,6,35,87,0,88,0,0,0,0,0,0,0
68176,34,bully,3692,1,10,347825,87,0,522,0,1,34,64484,3692,0,11,0,0,0,LEADER,1,4,1,40,10,87,0,0,0,0,0,0,0,0,0
67784,42,bully,3304,1,10,343923,87,0,522,0,1,42,64480,3304,0,11,0,0,0,LEADER,1,4,1,48,10,87,0,0,0,0,0,0,0,0,0
67937,50,bully,3453,1,10,345435,87,0,522,0,1,50,64484,3453,0,11,0,0,0,LEADER,1,4,1,56,10,87,0,0,0,0,0,0,0,0,0
67449,28,bully,2965,1,10,340555,87,0,522,0,1,28,64484,2965,0,11,0,0,0,LEADER,1,4,1,34,10,87,0,0,0,0,0,0,0,0,0
67644,7,bully,3160,1,10,342505,87,174,522,1044,2,1,64484,3160,0,11,0,0,0,NORMAL,0,3,1,6,35,87,0,174,0,0,0,0,0,0,0
68087,15,bully,3603,1,10,346935,87,87,522,522,2,1,64484,3603,0,11,0,0,0,NORMAL,0,3,1,6,41,87,0,87,0,0,0,0,0,0,0
67765,18,bully,3281,1,10,343715,87,0,522,0,1,18,64484,3281,0,11,0,0,0,LEADER,1,4,1,24,10,87,0,0,0,0,0,0,0,0,0
67749,1,bully,3265,1,10,343555,87,176,522,1056,1,1,64484,3265,0,11,0,0,0,LEADER,1,4,1,7,10,87,0,176,0,0,0,0,0,0,0
68040,30,bully,3556,1,10,346465,87,0,522,0,1,30,64484,3556,0,11,0,0,0,LEADER,1,4,1,36,10,87,0,0,0,0,0,0,0,0,0
67754,32,bully,3271,1,10,343613,87,0,522,0,1,32,64483,3271,0,11,0,0,0,LEADER,1,4,1,38,10,87,0,0,0,0,0,0,0,0,0
68076,10,bully,3592,1,10,346825,87,88,522,528,1,1,64484,3592,0,11,0,0,0,NORMAL,0,3,1,7,21,87,0,88,0,0,0,0,0,0,0
67667,13,bully,3183,1,10,342735,87,86,522,516,1,1,64484,3183,0,11,0,0,0,NORMAL,0,3,1,6,33,87,0,86,0,0,0,0,0,0,0
67767,43,bully,3283,1,10,343735,87,0,522,0,1,43,64484,3283,0,11,0,0,0,LEADER,1,4,1,49,10,87,0,0,0,0,0,0,0,0,0
67940,24,bully,3456,1,10,345465,87,0,522,0,1,24,64484,3456,0,11,0,0,0,LEADER,1,4,1,30,10,87,0,0,0,0,0,0,0,0,0
68006,27,bully,3522,1,10,346125,87,0,522,0,1,27,64484,3522,0,11,0,0,0,LEADER,1,4,1,33,10,87,0,0,0,0,0,0,0,0,0
68073,47,bully,3589,1,10,346795,87,0,522,0,1,47,64484,3589,0,11,0,0,0,LEADER,1,4,1,53,10,87,0,0,0,0,0,0,0,0,0
67837,20,bully,3353,1,10,344435,87,0,522,0,1,20,64484,3353,0,11,0,0,0,LEADER,1,4,1,26,10,87,0,0,0,0,0,0,0,0,0
67903,40,bully,3419,1,10,345095,87,0,522,0,1,40,64484,3419,0,11,0,0,0,LEADER,1,4,1,46,10,87,0,0,0,0,0,0,0,0,0
69731,29,bully,2944,1,10,340345,90,0,540,0,1,29,66787,2944,0,11,0,0,0,LEADER,1,4,1,38,10,90,0,0,0,0,0,0,0,0,0
69696,19,bully,2910,1,10,340003,90,0,540,0,1,19,66786,2910,0,11,0,0,0,LEADER,1,4,1,28,10,90,0,0,0,0,0,0,0,0,0
69486,2,bully,2707,1,10,337942,90,177,540,1062,1,1,66779,2707,0,11,0,0,0,NORMAL,0,3,1,10,26,90,0,177,0,0,0,0,0,0,0
69900,36,bully,3113,1,10,342035,90,0,540,0,1,36,66787,3113,0,11,0,0,0,LEADER,1,4,1,45,10,90,0,0,0,0,0,0,0,0,0
69616,31,bully,2829,1,10,339195,90,0,540,0,1,31,66787,2829,0,11,0,0,0,LEADER,1,4,1,40,10,90,0,0,0,0,0,0,0,0,0
69955,45,bully,3168,1,10,342585,90,0,540,0,1,45,66787,3168,0,11,0,0,0,LEADER,1,4,1,54,10,90,0,0,0,0,0,0,0,0,0
69549,11,bully,2762,1,10,338525,90,89,540,534,1,1,66787,2762,0,11,0,0,0,NORMAL,0,3,1,9,32,90,0,89,0,0,0,0,0,0,0
69649,41,bully,2862,1,10,339525,90,0,540,0,1,41,66787,2862,0,11,0,0,0,LEADER,1,4,1,50,10,90,0,0,0,0,0,0,0,0,0
69867,26,bully,3080,1,10,341705,90,0,540,0,1,26,66787,3080,0,11,0,0,0,LEADER,1,4,1,35,10,90,0,0,0,0,0,0,0,0,0
69641,4,bully,2854,1,10,339445,90,172,540,1032,1,1,66787,2854,0,11,0,0,0,NORMAL,0,3,1,9,34,90,0,172,0,0,0,0,0,0,0
69800,6,bully,3013,1,10,341035,90,178,540,1068,2,1,66787,3013,0,11,0,0,0,NORMAL,0,3,1,9,34,90,0,178,0,0,0,0,0,0,0
69525,12,bully,2740,1,10,338296,90,90,540,540,1,1,66785,2740,0,11,0,0,0,NORMAL,0,3,1,9,40,90,0,90,0,0,0,0,0,0,0
69664,9,bully,2877,1,10,339675,90,89,540,534,1,1,66787,2877,0,11,0,0,0,NORMAL,0,3,1,9,30,90,0,89,0,0,0,0,0,0,0
69819,48,bully,3032,1,10,341225,90,0,540,0,1,48,66787,3032,0,11,0,0,0,LEADER,1,4,1,57,10,90,0,0,0,0,0,0,0,0,0
69513,44,bully,2726,1,10,338165,90,0,540,0,1,44,66787,2726,0,11,0,0,0,LEADER,1,4,1,53,10,90,0,0,0,0,0,0,0,0,0
70221,8,bully,3434,1,10,345245,90,89,540,534,2,1,66787,3434,0,11,0,0,0,NORMAL,0,3,1,9,36,90,0,89,0,0,0,0,0,0,0
69561,22,bully,2774,1,10,338645,90,0,540,0,1,22,66787,2774,0,11,0,0,0,LEADER,1,4,1,31,10,90,0,0,0,0,0,0,0,0,0
70228,39,bully,3441,1,10,345315,90,0,540,0,1,39,66787,3441,0,11,0,0,0,LEADER,1,4,1,48,10,90,0,0,0,0,0,0,0,0,0
69582,21,bully,2795,1,10,338855,90,0,540,0,1,21,66787,2795,0,11,0,0,0,LEADER,1,4,1,30,10,90,0,0,0,0,0,0,0,0,0
69937,3,bully,3150,1,10,342405,90,182,540,1092,1,1,66787,3150,0,11,0,0,0,NORMAL,0,3,1,9,31,90,0,182,0,0,0,0,0,0,0
70358,5,bully,3571,1,10,346615,90,182,540,1092,1,1,66787,3571,0,11,0,0,0,NORMAL,0,3,1,9,34,90,0,182,0,0,0,0,0,0,0
70003,23,bully,3216,1,10,343065,90,0,540,0,1,23,66787,3216,0,11,0,0,0,LEADER,1,4,1,32,10,90,0,0,0,0,0,0,0,0,0
69784,38,bully,2998,1,10,340881,90,0,540,0,1,38,66786,2998,0,11,0,0,0,LEADER,1,4,1,47,10,90,0,0,0,0,0,0,0,0,0
69832,16,bully,3047,1,10,341370,90,90,540,540,2,1,66785,3047,0,11,0,0,0,NORMAL,0,3,1,9,44,90,0,90,0,0,0,0,0,0,0
69719,25,bully,2932,1,10,340225,90,0,540,0,1,25,66787,2932,0,11,0,0,0,LEADER,1,4,1,34,10,90,0,0,0,0,0,0,0,0,0
70037,33,bully,3250,1,10,343405,90,0,540,0,1,33,66787,3250,0,11,0,0,0,LEADER,1,4,1,42,10,90,0,0,0,0,0,0,0,0,0
70005,37,bully,3218,1,10,343085,90,0,540,0,1,37,66787,3218,0,11,0,0,0,LEADER,1,4,1,46,10,90,0,0,0,0,0,0,0,0,0
70261,49,bully,3474,1,10,345645,90,0,540,0,1,49,66787,3474,0,11,0,0,0,LEADER,1,4,1,58,10,90,0,0,0,0,0,0,0,0,0
69922,35,bully,3135,1,10,342255,90,0,540,0,1,35,66787,3135,0,11,0,0,0,LEADER,1,4,1,44,10,90,0,0,0,0,0,0,0,0,0
70398,46,bully,3611,1,10,347015,90,0,540,0,1,46,66787,3611,0,11,0,0,0,LEADER,1,4,1,55,10,90,0,0,0,0,0,0,0,0,0
70276,17,bully,3489,1,10,345795,90,0,540,0,1,17,66787,3489,0,11,0,0,0,LEADER,1,4,1,26,10,90,0,0,0,0,0,0,0,0,0
70413,14,bully,3626,1,10,347165,90,91,540,546,2,1,66787,3626,0,11,0,0,0,NORMAL,0,3,1,9,35,90,0,91,0,0,0,0,0,0,0
70479,34,bully,3692,1,10,347825,90,0,540,0,1,34,66787,3692,0,11,0,0,0,LEADER,1,4,1,43,10,90,0,0,0,0,0,0,0,0,0
70087,42,bully,3304,1,10,343923,90,0,540,0,1,42,66783,3304,0,11,0,0,0,LEADER,1,4,1,51,10,90,0,0,0,0,0,0,0,0,0
70240,50,bully,3453,1,10,345435,90,0,540,0,1,50,66787,3453,0,11,0,0,0,LEADER,1,4,1,59,10,90,0,0,0,0,0,0,0,0,0
69752,28,bully,2965,1,10,340555,90,0,540,0,1,28,66787,2965,0,11,0,0,0,LEADER,1,4,1,37,10,90,0,0,0,0,0,0,0,0,0
69947,7,bully,3160,1,10,342505,90,180,540,1080,2,1,66787,3160,0,11,0,0,0,NORMAL,0,3,1,9,35,90,0,180,0,0,0,0,0,0,0
70390,15,bully,3603,1,10,346935,90,90,540,540,2,1,66787,3603,0,11,0,0,0,NORMAL,0,3,1,9,41,90,0,90,0,0,0,0,0,0,0
70068,18,bully,3281,1,10,343715,90,0,540,0,1,18,66787,3281,0,11,0,0,0,LEADER,1,4,1,27,10,90,0,0,0,0,0,0,0,0,0
70052,1,bully,3265,1,10,343555,90,182,540,1092,1,1,66787,3265,0,11,0,0,0,LEADER,1,4,1,10,10,90,0,182,0,0,0,0,0,0,0
70343,30,bully,3556,1,10,346465,90,0,540,0,1,30,66787,3556,0,11,0,0,0,LEADER,1,4,1,39,10,90,0,0,0,0,0,0,0,0,0
70057,32,bully,3271,1,10,343613,90,0,540,0,1,32,66786,3271,0,11,0,0,0,LEADER,1,4,1,41,10,90,0,0,0,0,0,0,0,0,0
70378,10,bully,3592,1,10,346825,90,91,540,546,1,1,66786,3592,0,11,0,0,0,NORMAL,0,3,1,10,21,90,0,91,0,0,0,0,0,0,0
69970,13,bully,3183,1,10,342735,90,89,540,534,1,1,66787,3183,0,11,0,0,0,NORMAL,0,3,1,9,33,90,0,89,0,0,0,0,0,0,0
70070,43,bully,3283,1,10,343735,90,0,540,0,1,43,66787,3283,0,11,0,0,0,LEADER,1,4,1,52,10,90,0,0,0,0,0,0,0,0,0
70243,24,bully,3456,1,10,345465,90,0,540,0,1,24,66787,3456,0,11,0,0,0,LEADER,1,4,1,33,10,90,0,0,0,0,0,0,0,0,0
70309,27,bully,3522,1,10,346125,90,0,540,0,1,27,66787,3522,0,11,0,0,0,LEADER,1,4,1,36,10,90,0,0,0,0,0,0,0,0,0
70376,47,bully,3589,1,10,346795,90,0,540,0,1,47,66787,3589,0,11,0,0,0,LEADER,1,4,1,56,10,90,0,0,0,0,0,0,0,0,0
70140,20,bully,3353,1,10,344435,90,0,540,0,1,20,66787,3353,0,11,0,0,0,LEADER,1,4,1,29,10,90,0,0,0,0,0,0,0,0,0
70206,40,bully,3419,1,10,345095,90,0,540,0,1,40,66787,3419,0,11,0,0,0,LEADER,1,4,1,49,10,90,0,0,0,0,0,0,0,0,0
71999,19,bully,2910,1,11,412002,93,0,558,0,1,19,69089,2910,0,12,0,0,0,LEADER,1,4,1,22,11,93,0,0,0,0,0,0,0,0,0
72034,29,bully,2944,1,11,412379,93,0,558,0,1,29,69090,2944,0,12,0,0,0,LEADER,1,4,1,32,11,93,0,0,0,0,0,0,0,0,0
71789,2,bully,2707,1,11,409731,93,184,558,1104,1,1,69082,2707,0,12,0,0,0,NORMAL,0,3,2,4,28,93,0,184,0,0,0,0,0,0,0
72203,36,bully,3113,1,11,414238,93,0,558,0,1,36,69090,3113,0,12,0,0,0,LEADER,1,4,1,39,11,93,0,0,0,0,0,0,0,0,0
71919,31,bully,2829,1,11,411114,93,0,558,0,1,31,69090,2829,0,12,0,0,0,LEADER,1,4,1,34,11,93,0,0,0,0,0,0,0,0,0
72258,45,bully,3168,1,11,414843,93,0,558,0,1,45,69090,3168,0,12,0,0,0,LEADER,1,4,1,48,11,93,0,0,0,0,0,0,0,0,0
71852,11,bully,2762,1,11,410377,93,92,558,552,1,1,69090,2762,0,12,0,0,0,NORMAL,0,3,2,3,35,93,0,92,0,0,0,0,0,0,0
71952,41,bully,2862,1,11,411477,93,0,558,0,1,41,69090,2862,0,12,0,0,0,LEADER,1,4,1,44,11,93,0,0,0,0,0,0,0,0,0
72170,26,bully,3080,1,11,413875,93,0,558,0,1,26,69090,3080,0,12,0,0,0,LEADER,1,4,1,29,11,93,0,0,0,0,0,0,0,0,0
71944,4,bully,2854,1,11,411389,93,178,558,1068,1,1,69090,2854,0,12,0,0,0,NORMAL,0,3,2,3,37,93,0,178,0,0,0,0,0,0,0
72103,6,bully,3013,1,11,413138,93,184,558,1104,2,1,69090,3013,0,12,0,0,0,NORMAL,0,3,2,3,37,93,0,184,0,0,0,0,0,0,0
71828,12,bully,2740,1,11,410124,93,93,558,558,1,1,69088,2740,0,12,0,0,0,NORMAL,0,3,2,3,44,93,0,93,0,0,0,0,0,0,0
71967,9,bully,2877,1,11,411642,93,92,558,552,1,1,69090,2877,0,12,0,0,0,NORMAL,0,3,2,3,33,93,0,92,0,0,0,0,0,0,0
72122,48,bully,3032,1,11,413347,93,0,558,0,1,48,69090,3032,0,12,0,0,0,LEADER,1,4,1,51,11,93,0,0,0,0,0,0,0,0,0
71816,44,bully,2726,1,11,409981,93,0,558,0,1,44,69090,2726,0,12,0,0,0,LEADER,1,4,1,47,11,93,0,0,0,0,0,0,0,0,0
72524,8,bully,3434,1,11,417769,93,92,558,552,2,1,69090,3434,0,12,0,0,0,NORMAL,0,3,2,3,39,93,0,92,0,0,0,0,0,0,0
71864,22,bully,2774,1,11,410509,93,0,558,0,1,22,69090,2774,0,12,0,0,0,LEADER,1,4,1,25,11,93,0,0,0,0,0,0,0,0,0
72531,39,bully,3441,1,11,417846,93,0,558,0,1,39,69090,3441,0,12,0,0,0,LEADER,1,4,1,42,11,93,0,0,0,0,0,0,0,0,0
71885,21,bully,2795,1,11,410740,93,0,558,0,1,21,69090,2795,0,12,0,0,0,LEADER,1,4,1,24,11,93,0,0,0,0,0,0,0,0,0
72240,3,bully,3150,1,11,414645,93,188,558,1128,1,1,69090,3150,0,12,0,0,0,NORMAL,0,3,2,3,34,93,0,188,0,0,0,0,0,0,0
72661,5,bully,3571,1,11,419276,93,188,558,1128,1,1,69090,3571,0,12,0,0,0,NORMAL,0,3,2,3,37,93,0,188,0,0,0,0,0,0,0
72306,23,bully,3216,1,11,415371,93,0,558,0,1,23,69090,3216,0,12,0,0,0,LEADER,1,4,1,26,11,93,0,0,0,0,0,0,0,0,0
72087,38,bully,2998,1,11,412968,93,0,558,0,1,38,69089,2998,0,12,0,0,0,LEADER,1,4,1,41,11,93,0,0,0,0,0,0,0,0,0
72135,16,bully,3047,1,11,413505,93,93,558,558,2,1,69088,3047,0,12,0,0,0,NORMAL,0,3,2,3,48,93,0,93,0,0,0,0,0,0,0
72022,25,bully,2932,1,11,412247,93,0,558,0,1,25,69090,2932,0,12,0,0,0,LEADER,1,4,1,28,11,93,0,0,0,0,0,0,0,0,0
72340,33,bully,3250,1,11,415745,93,0,558,0,1,33,69090,3250,0,12,0,0,0,LEADER,1,4,1,36,11,93,0,0,0,0,0,0,0,0,0
72308,37,bully,3218,1,11,415393,93,0,558,0,1,37,69090,3218,0,12,0,0,0,LEADER,1,4,1,40,11,93,0,0,0,0,0,0,0,0,0
72564,49,bully,3474,1,11,418209,93,0,558,0,1,49,69090,3474,0,12,0,0,0,LEADER,1,4,1,52,11,93,0,0,0,0,0,0,0,0,0
72225,35,bully,3135,1,11,414480,93,0,558,0,1,35,69090,3135,0,12,0,0,0,LEADER,1,4,1,38,11,93,0,0,0,0,0,0,0,0,0
72701,46,bully,3611,1,11,419716,93,0,558,0,1,46,69090,3611,0,12,0,0,0,LEADER,1,4,1,49,11,93,0,0,0,0,0,0,0,0,0
72579,17,bully,3489,1,11,418374,93,0,558,0,1,17,69090,3489,0,12,0,0,0,LEADER,1,4,1,20,11,93,0,0,0,0,0,0,0,0,0
72716,14,bully,3626,1,11,419881,93,94,558,564,2,1,69090,3626,0,12,0,0,0,NORMAL,0,3,2,3,38,93,0,94,0,0,0,0,0,0,0
72782,34,bully,3692,1,11,420607,93,0,558,0,1,34,69090,3692,0,12,0,0,0,LEADER,1,4,1,37,11,93,0,0,0,0,0,0,0,0,0
72390,42,bully,3304,1,11,416313,93,0,558,0,1,42,69086,3304,0,12,0,0,0,LEADER,1,4,1,45,11,93,0,0,0,0,0,0,0,0,0
72543,50,bully,3453,1,11,417978,93,0,558,0,1,50,69090,3453,0,12,0,0,0,LEADER,1,4,1,53,11,93,0,0,0,0,0,0,0,0,0
72055,28,bully,2965,1,11,412610,93,0,558,0,1,28,69090,2965,0,12,0,0,0,LEADER,1,4,1,31,11,93,0,0,0,0,0,0,0,0,0
72250,7,bully,3160,1,11,414755,93,186,558,1116,2,1,69090,3160,0,12,0,0,0,NORMAL,0,3,2,3,38,93,0,186,0,0,0,0,0,0,0
72693,15,bully,3603,1,11,419628,93,93,558,558,2,1,69090,3603,0,12,0,0,0,NORMAL,0,3,2,3,45,93,0,93,0,0,0,0,0,0,0
72371,18,bully,3281,1,11,416086,93,0,558,0,1,18,69090,3281,0,12,0,0,0,LEADER,1,4,1,21,11,93,0,0,0,0,0,0,0,0,0
72355,1,bully,3265,1,11,415910,93,188,558,1128,1,1,69090,3265,0,12,0,0,0,LEADER,1,4,1,4,11,93,0,188,0,0,0,0,0,0,0
72646,30,bully,3556,1,11,419111,93,0,558,0,1,30,69090,3556,0,12,0,0,0,LEADER,1,4,1,33,11,93,0,0,0,0,0,0,0,0,0
72360,32,bully,3271,1,11,415973,93,0,558,0,1,32,69089,3271,0,12,0,0,0,LEADER,1,4,1,35,11,93,0,0,0,0,0,0,0,0,0
72681,10,bully,3592,1,11,419506,93,94,558,564,1,1,69089,3592,0,12,0,0,0,NORMAL,0,3,2,4,23,93,0,94,0,0,0,0,0,0,0
72273,13,bully,3183,1,11,415008,93,92,558,552,1,1,69090,3183,0,12,0,0,0,NORMAL,0,3,2,3,36,93,0,92,0,0,0,0,0,0,0
72373,43,bully,3283,1,11,416108,93,0,558,0,1,43,69090,3283,0,12,0,0,0,LEADER,1,4,1,46,11,93,0,0,0,0,0,0,0,0,0
72546,24,bully,3456,1,11,418011,93,0,558,0,1,24,69090,3456,0,12,0,0,0,LEADER,1,4,1,27,11,93,0,0,0,0,0,0,0,0,0
72612,27,bully,3522,1,11,418737,93,0,558,0,1,27,69090,3522,0,12,0,0,0,LEADER,1,4,1,30,11,93,0,0,0,0,0,0,0,0,0
72679,47,bully,3589,1,11,419474,93,0,558,0,1,47,69090,3589,0,12,0,0,0,LEADER,1,4,1,50,11,93,0,0,0,0,0,0,0,0,0
72443,20,bully,3353,1,11,416878,93,0,558,0,1,20,69090,3353,0,12,0,0,0,LEADER,1,4,1,23,11,93,0,0,0,0,0,0,0,0,0
72509,40,bully,3419,1,11,417604,93,0,558,0,1,40,69090,3419,0,12,0,0,0,LEADER,1,4,1,43,11,93,0,0,0,0,0,0,0,0,0
74337,29,bully,2944,1,11,412379,96,0,576,0,1,29,71393,2944,0,12,0,0,0,LEADER,1,4,1,35,11,96,0,0,0,0,0,0,0,0,0
74302,19,bully,2910,1,11,412002,96,0,576,0,1,19,71392,2910,0,12,0,0,0,LEADER,1,4,1,25,11,96,0,0,0,0,0,0,0,0,0
74092,2,bully,2707,1,11,409731,96,189,576,1134,1,1,71385,2707,0,12,0,0,0,NORMAL,0,3,1,7,28,96,0,189,0,0,0,0,0,0,0
74506,36,bully,3113,1,11,414238,96,0,576,0,1,36,71393,3113,0,12,0,0,0,LEADER,1,4,1,42,11,96,0,0,0,0,0,0,0,0,0
74222,31,bully,2829,1,11,411114,96,0,576,0,1,31,71393,2829,0,12,0,0,0,LEADER,1,4,1,37,11,96,0,0,0,0,0,0,0,0,0
74561,45,bully,3168,1,11,414843,96,0,576,0,1,45,71393,3168,0,12,0,0,0,LEADER,1,4,1,51,11,96,0,0,0,0,0,0,0,0,0
74155,11,bully,2762,1,11,410377,96,95,576,570,1,1,71393,2762,0,12,0,0,0,NORMAL,0,3,1,6,35,96,0,95,0,0,0,0,0,0,0
74255,41,bully,2862,1,11,411477,96,0,576,0,1,41,71393,2862,0,12,0,0,0,LEADER,1,4,1,47,11,96,0,0,0,0,0,0,0,0,0
74473,26,bully,3080,1,11,413875,96,0,576,0,1,26,71393,3080,0,12,0,0,0,LEADER,1,4,1,32,11,96,0,0,0,0,0,0,0,0,0
74247,4,bully,2854,1,11,411389,96,184,576,1104,1,1,71393,2854,0,12,0,0,0,NORMAL,0,3,1,6,37,96,0,184,0,0,0,0,0,0,0
74406,6,bully,3013,1,11,413138,96,190,576,1140,2,1,71393,3013,0,12,0,0,0,NORMAL,0,3,1,6,37,96,0,190,0,0,0,0,0,0,0
74131,12,bully,2740,1,11,410124,96,96,576,576,1,1,71391,2740,0,12,0,0,0,NORMAL,0,3,1,6,44,96,0,96,0,0,0,0,0,0,0
74270,9,bully,2877,1,11,411642,96,95,576,570,1,1,71393,2877,0,12,0,0,0,NORMAL,0,3,1,6,33,96,0,95,0,0,0,0,0,0,0
74425,48,bully,3032,1,11,413347,96,0,576,0,1,48,71393,3032,0,12,0,0,0,LEADER,1,4,1,54,11,96,0,0,0,0,0,0,0,0,0
74119,44,bully,2726,1,11,409981,96,0,576,0,1,44,71393,2726,0,12,0,0,0,LEADER,1,4,1,50,11,96,0,0,0,0,0,0,0,0,0
74827,8,bully,3434,1,11,417769,96,95,576,570,2,1,71393,3434,0,12,0,0,0,NORMAL,0,3,1,6,39,96,0,95,0,0,0,0,0,0,0
74167,22,bully,2774,1,11,410509,96,0,576,0,1,22,71393,2774,0,12,0,0,0,LEADER,1,4,1,28,11,96,0,0,0,0,0,0,0,0,0
74834,39,bully,3441,1,11,417846,96,0,576,0,1,39,71393,3441,0,12,0,0,0,LEADER,1,4,1,45,11,96,0,0,0,0,0,0,0,0,0
74188,21,bully,2795,1,11,410740,96,0,576,0,1,21,71393,2795,0,12,0,0,0,LEADER,1,4,1,27,11,96,0,0,0,0,0,0,0,0,0
74543,3,bully,3150,1,11,414645,96,194,576,1164,1,1,71393,3150,0,12,0,0,0,NORMAL,0,3,1,6,34,96,0,194,0,0,0,0,0,0,0
74964,5,bully,3571,1,11,419276,96,194,576,1164,1,1,71393,3571,0,12,0,0,0,NORMAL,0,3,1,6,37,96,0,194,0,0,0,0,0,0,0
74609,23,bully,3216,1,11,415371,96,0,576,0,1,23,71393,3216,0,12,0,0,0,LEADER,1,4,1,29,11,96,0,0,0,0,0,0,0,0,0
74390,38,bully,2998,1,11,412968,96,0,576,0,1,38,71392,2998,0,12,0,0,0,LEADER,1,4,1,44,11,96,0,0,0,0,0,0,0,0,0
74438,16,bully,3047,1,11,413505,96,97,576,582,2,1,71391,3047,0,12,0,0,0,NORMAL,0,3,1,6,48,96,0,97,0,0,0,0,0,0,0
74325,25,bully,2932,1,11,412247,96,0,576,0,1,25,71393,2932,0,12,0,0,0,LEADER,1,4,1,31,11,96,0,0,0,0,0,0,0,0,0
74643,33,bully,3250,1,11,415745,96,0,576,0,1,33,71393,3250,0,12,0,0,0,LEADER,1,4,1,39,11,96,0,0,0,0,0,0,0,0,0
74611,37,bully,3218,1,11,415393,96,0,576,0,1,37,71393,3218,0,12,0,0,0,LEADER,1,4,1,43,11,96,0,0,0,0,0,0,0,0,0
74867,49,bully,3474,1,11,418209,96,0,576,0,1,49,71393,3474,0,12,0,0,0,LEADER,1,4,1,55,11,96,0,0,0,0,0,0,0,0,0
74528,35,bully,3135,1,11,414480,96,0,576,0,1,35,71393,3135,0,12,0,0,0,LEADER,1,4,1,41,11,96,0,0,0,0,0,0,0,0,0
75004,46,bully,3611,1,11,419716,96,0,576,0,1,46,71393,3611,0,12,0,0,0,LEADER,1,4,1,52,11,96,0,0,0,0,0,0,0,0,0
74882,17,bully,3489,1,11,418374,96,0,576,0,1,17,71393,3489,0,12,0,0,0,LEADER,1,4,1,23,11,96,0,0,0,0,0,0,0,0,0
75019,14,bully,3626,1,11,419881,96,97,576,582,2,1,71393,3626,0,12,0,0,0,NORMAL,0,3,1,6,38,96,0,97,0,0,0,0,0,0,0
75085,34,bully,3692,1,11,420607,96,0,576,0,1,34,71393,3692,0,12,0,0,0,LEADER,1,4,1,40,11,96,0,0,0,0,0,0,0,0,0
74693,42,bully,3304,1,11,416313,96,0,576,0,1,42,71389,3304,0,12,0,0,0,LEADER,1,4,1,48,11,96,0,0,0,0,0,0,0,0,0
74846,50,bully,3453,1,11,417978,96,0,576,0,1,50,71393,3453,0,12,0,0,0,LEADER,1,4,1,56,11,96,0,0,0,0,0,0,0,0,0
74358,28,bully,2965,1,11,412610,96,0,576,0,1,28,71393,2965,0,12,0,0,0,LEADER,1,4,1,34,11,96,0,0,0,0,0,0,0,0,0
74553,7,bully,3160,1,11,414755,96,192,576,1152,2,1,71393,3160,0,12,0,0,0,NORMAL,0,3,1,6,38,96,0,192,0,0,0,0,0,0,0
74996,15,bully,3603,1,11,419628,96,96,576,576,2,1,71393,3603,0,12,0,0,0,NORMAL,0,3,1,6,45,96,0,96,0,0,0,0,0,0,0
74674,18,bully,3281,1,11,416086,96,0,576,0,1,18,71393,3281,0,12,0,0,0,LEADER,1,4,1,24,11,96,0,0,0,0,0,0,0,0,0
74658,1,bully,3265,1,11,415910,96,194,576,1164,1,1,71393,3265,0,12,0,0,0,LEADER,1,4,1,7,11,96,0,194,0,0,0,0,0,0,0
74949,30,bully,3556,1,11,419111,96,0,576,0,1,30,71393,3556,0,12,0,0,0,LEADER,1,4,1,36,11,96,0,0,0,0,0,0,0,0,0
74663,32,bully,3271,1,11,415973,96,0,576,0,1,32,71392,3271,0,12,0,0,0,LEADER,1,4,1,38,11,96,0,0,0,0,0,0,0,0,0
74984,10,bully,3592,1,11,419506,96,97,576,582,1,1,71392,3592,0,12,0,0,0,NORMAL,0,3,1,7,23,96,0,97,0,0,0,0,0,0,0
74576,13,bully,3183,1,11,415008,96,95,576,570,1,1,71393,3183,0,12,0,0,0,NORMAL,0,3,1,6,36,96,0,95,0,0,0,0,0,0,0
74676,43,bully,3283,1,11,416108,96,0,576,0,1,43,71393,3283,0,12,0,0,0,LEADER,1,4,1,49,11,96,0,0,0,0,0,0,0,0,0
74849,24,bully,3456,1,11,418011,96,0,576,0,1,24,71393,3456,0,12,0,0,0,LEADER,1,4,1,30,11,96,0,0,0,0,0,0,0,0,0
74915,27,bully,3522,1,11,418737,96,0,576,0,1,27,71393,3522,0,12,0,0,0,LEADER,1,4,1,33,11,96,0,0,0,0,0,0,0,0,0
74982,47,bully,3589,1,11,419474,96,0,576,0,1,47,71393,3589,0,12,0,0,0,LEADER,1,4,1,53,11,96,0,0,0,0,0,0,0,0,0
74746,20,bully,3353,1,11,416878,96,0,576,0,1,20,71393,3353,0,12,0,0,0,LEADER,1,4,1,26,11,96,0,0,0,0,0,0,0,0,0
74812,40,bully,3419,1,11,417604,96,0,576,0,1,40,71393,3419,0,12,0,0,0,LEADER,1,4,1,46,11,96,0,0,0,0,0,0,0,0,0
76605,19,bully,2910,1,11,412002,99,0,594,0,1,19,73695,2910,0,12,0,0,0,LEADER,1,4,1,28,11,99,0,0,0,0,0,0,0,0,0
76640,29,bully,2944,1,11,412379,99,0,594,0,1,29,73696,2944,0,12,0,0,0,LEADER,1,4,1,38,11,99,0,0,0,0,0,0,0,0,0
76395,2,bully,2707,1,11,409731,99,196,594,1176,1,1,73688,2707,0,12,0,0,0,NORMAL,0,3,1,10,28,99,0,196,0,0,0,0,0,0,0
76809,36,bully,3113,1,11,414238,99,0,594,0,1,36,73696,3113,0,12,0,0,0,LEADER,1,4,1,45,11,99,0,0,0,0,0,0,0,0,0
76525,31,bully,2829,1,11,411114,99,0,594,0,1,31,73696,2829,0,12,0,0,0,LEADER,1,4,1,40,11,99,0,0,0,0,0,0,0,0,0
76864,45,bully,3168,1,11,414843,99,0,594,0,1,45,73696,3168,0,12,0,0,0,LEADER,1,4,1,54,11,99,0,0,0,0,0,0,0,0,0
76458,11,bully,2762,1,11,410377,99,98,594,588,1,1,73696,2762,0,12,0,0,0,NORMAL,0,3,1,9,35,99,0,98,0,0,0,0,0,0,0
76558,41,bully,2862,1,11,411477,99,0,594,0,1,41,73696,2862,0,12,0,0,0,LEADER,1,4,1,50,11,99,0,0,0,0,0,0,0,0,0
76776,26,bully,3080,1,11,413875,99,0,594,0,1,26,73696,3080,0,12,0,0,0,LEADER,1,4,1,35,11,99,0,0,0,0,0,0,0,0,0
76550,4,bully,2854,1,11,411389,99,188,594,1128,1,1,73696,2854,0,12,0,0,0,NORMAL,0,3,1,9,37,99,0,188,0,0,0,0,0,0,0
76709,6,bully,3013,1,11,413138,99,196,594,1176,2,1,73696,3013,0,12,0,0,0,NORMAL,0,3,1,9,37,99,0,196,0,0,0,0,0,0,0
76434,12,bully,2740,1,11,410124,99,98,594,588,1,1,73694,2740,0,12,0,0,0,NORMAL,0,3,1,9,44,99,0,98,0,0,0,0,0,0,0
76573,9,bully,2877,1,11,411642,99,98,594,588,1,1,73696,2877,0,12,0,0,0,NORMAL,0,3,1,9,33,99,0,98,0,0,0,0,0,0,0
76728,48,bully,3032,1,11,413347,99,0,594,0,1,48,73696,3032,0,12,0,0,0,LEADER,1,4,1,57,11,99,0,0,0,0,0,0,0,0,0
76422,44,bully,2726,1,11,409981,99,0,594,0,1,44,73696,2726,0,12,0,0,0,LEADER,1,4,1,53,11,99,0,0,0,0,0,0,0,0,0
77130,8,bully,3434,1,11,417769,99,98,594,588,2,1,73696,3434,0,12,0,0,0,NORMAL,0,3,1,9,39,99,0,98,0,0,0,0,0,0,0
76470,22,bully,2774,1,11,410509,99,0,594,0,1,22,73696,2774,0,12,0,0,0,LEADER,1,4,1,31,11,99,0,0,0,0,0,0,0,0,0
77137,39,bully,3441,1,11,417846,99,0,594,0,1,39,73696,3441,0,12,0,0,0,LEADER,1,4,1,48,11,99,0,0,0,0,0,0,0,0,0
76491,21,bully,2795,1,11,410740,99,0,594,0,1,21,73696,2795,0,12,0,0,0,LEADER,1,4,1,30,11,99,0,0,0,0,0,0,0,0,0
76846,3,bully,3150,1,11,414645,99,200,594,1200,1,1,73696,3150,0,12,0,0,0,NORMAL,0,3,1,9,34,99,0,200,0,0,0,0,0,0,0
77267,5,bully,3571,1,11,419276,99,200,594,1200,1,1,73696,3571,0,12,0,0,0,NORMAL,0,3,1,9,37,99,0,200,0,0,0,0,0,0,0
76912,23,bully,3216,1,11,415371,99,0,594,0,1,23,73696,3216,0,12,0,0,0,LEADER,1,4,1,32,11,99,0,0,0,0,0,0,0,0,0
76692,38,bully,2998,1,11,412968,99,0,594,0,1,38,73694,2998,0,12,0,0,0,LEADER,1,4,1,47,11,99,0,0,0,0,0,0,0,0,0
76740,16,bully,3047,1,11,413505,99,99,594,594,2,1,73693,3047,0,12,0,0,0,NORMAL,0,3,1,9,48,99,0,99,0,0,0,0,0,0,0
76628,25,bully,2932,1,11,412247,99,0,594,0,1,25,73696,2932,0,12,0,0,0,LEADER,1,4,1,34,11,99,0,0,0,0,0,0,0,0,0
76946,33,bully,3250,1,11,415745,99,0,594,0,1,33,73696,3250,0,12,0,0,0,LEADER,1,4,1,42,11,99,0,0,0,0,0,0,0,0,0
76914,37,bully,3218,1,11,415393,99,0,594,0,1,37,73696,3218,0,12,0,0,0,LEADER,1,4,1,46,11,99,0,0,0,0,0,0,0,0,0
77170,49,bully,3474,1,11,418209,99,0,594,0,1,49,73696,3474,0,12,0,0,0,LEADER,1,4,1,58,11,99,0,0,0,0,0,0,0,0,0
76831,35,bully,3135,1,11,414480,99,0,594,0,1,35,73696,3135,0,12,0,0,0,LEADER,1,4,1,44,11,99,0,0,0,0,0,0,0,0,0
77307,46,bully,3611,1,11,419716,99,0,594,0,1,46,73696,3611,0,12,0,0,0,LEADER,1,4,1,55,11,99,0,0,0,0,0,0,0,0,0
77185,17,bully,3489,1,11,418374,99,0,594,0,1,17,73696,3489,0,12,0,0,0,LEADER,1,4,1,26,11,99,0,0,0,0,0,0,0,0,0
77322,14,bully,3626,1,11,419881,99,100,594,600,2,1,73696,3626,0,12,0,0,0,NORMAL,0,3,1,9,38,99,0,100,0,0,0,0,0,0,0
77388,34,bully,3692,1,11,420607,99,0,594,0,1,34,73696,3692,0,12,0,0,0,LEADER,1,4,1,43,11,99,0,0,0,0,0,0,0,0,0
76996,42,bully,3304,1,11,416313,99,0,594,0,1,42,73692,3304,0,12,0,0,0,LEADER,1,4,1,51,11,99,0,0,0,0,0,0,0,0,0
77149,50,bully,3453,1,11,417978,99,0,594,0,1,50,73696,3453,0,12,0,0,0,LEADER,1,4,1,59,11,99,0,0,0,0,0,0,0,0,0
76661,28,bully,2965,1,11,412610,99,0,594,0,1,28,73696,2965,0,12,0,0,0,LEADER,1,4,1,37,11,99,0,0,0,0,0,0,0,0,0
76856,7,bully,3160,1,11,414755,99,198,594,1188,2,1,73696,3160,0,12,0,0,0,NORMAL,0,3,1,9,38,99,0,198,0,0,0,0,0,0,0
77299,15,bully,3603,1,11,419628,99,99,594,594,2,1,73696,3603,0,12,0,0,0,NORMAL,0,3,1,9,45,99,0,99,0,0,0,0,0,0,0
76977,18,bully,3281,1,11,416086,99,0,594,0,1,18,73696,3281,0,12,0,0,0,LEADER,1,4,1,27,11,99,0,0,0,0,0,0,0,0,0
76961,1,bully,3265,1,11,415910,99,200,594,1200,1,1,73696,3265,0,12,0,0,0,LEADER,1,4,1,10,11,99,0,200,0,0,0,0,0,0,0
77252,30,bully,3556,1,11,419111,99,0,594,0,1,30,73696,3556,0,12,0,0,0,LEADER,1,4,1,39,11,99,0,0,0,0,0,0,0,0,0
76966,32,bully,3271,1,11,415973,99,0,594,0,1,32,73695,3271,0,12,0,0,0,LEADER,1,4,1,41,11,99,0,0,0,0,0,0,0,0,0
77287,10,bully,3592,1,11,419506,99,100,594,600,1,1,73695,3592,0,12,0,0,0,NORMAL,0,3,1,10,23,99,0,100,0,0,0,0,0,0,0
76879,13,bully,3183,1,11,415008,99,98,594,588,1,1,73696,3183,0,12,0,0,0,NORMAL,0,3,1,9,36,99,0,98,0,0,0,0,0,0,0
76979,43,bully,3283,1,11,416108,99,0,594,0,1,43,73696,3283,0,12,0,0,0,LEADER,1,4,1,52,11,99,0,0,0,0,0,0,0,0,0
77152,24,bully,3456,1,11,418011,99,0,594,0,1,24,73696,3456,0,12,0,0,0,LEADER,1,4,1,33,11,99,0,0,0,0,0,0,0,0,0
77218,27,bully,3522,1,11,418737,99,0,594,0,1,27,73696,3522,0,12,0,0,0,LEADER,1,4,1,36,11,99,0,0,0,0,0,0,0,0,0
77285,47,bully,3589,1,11,419474,99,0,594,0,1,47,73696,3589,0,12,0,0,0,LEADER,1,4,1,56,11,99,0,0,0,0,0,0,0,0,0
77049,20,bully,3353,1,11,416878,99,0,594,0,1,20,73696,3353,0,12,0,0,0,LEADER,1,4,1,29,11,99,0,0,0,0,0,0,0,0,0
77115,40,bully,3419,1,11,417604,99,0,594,0,1,40,73696,3419,0,12,0,0,0,LEADER,1,4,1,49,11,99,0,0,0,0,0,0,0,0,0
78943,29,bully,2944,1,12,491322,102,0,612,0,1,29,75999,2944,0,13,0,0,0,LEADER,1,4,1,32,12,102,0,0,0,0,0,0,0,0,0
78908,19,bully,2910,1,12,490910,102,0,612,0,1,19,75998,2910,0,13,0,0,0,LEADER,1,4,1,22,12,102,0,0,0,0,0,0,0,0,0
78698,2,bully,2707,1,12,488429,102,201,612,1206,1,1,75991,2707,0,13,0,0,0,NORMAL,0,3,2,3,31,102,0,201,0,0,0,0,0,0,0
79112,36,bully,3113,1,12,493350,102,0,612,0,1,36,75999,3113,0,13,0,0,0,LEADER,1,4,1,39,12,102,0,0,0,0,0,0,0,0,0
78828,31,bully,2829,1,12,489942,102,0,612,0,1,31,75999,2829,0,13,0,0,0,LEADER,1,4,1,34,12,102,0,0,0,0,0,0,0,0,0
79167,45,bully,3168,1,12,494010,102,0,612,0,1,45,75999,3168,0,13,0,0,0,LEADER,1,4,1,48,12,102,0,0,0,0,0,0,0,0,0
78761,11,bully,2762,1,12,489138,102,101,612,606,1,1,75999,2762,0,13,0,0,0,NORMAL,0,3,2,3,38,102,0,101,0,0,0,0,0,0,0
78861,41,bully,2862,1,12,490338,102,0,612,0,1,41,75999,2862,0,13,0,0,0,LEADER,1,4,1,44,12,102,0,0,0,0,0,0,0,0,0
79079,26,bully,3080,1,12,492954,102,0,612,0,1,26,75999,3080,0,13,0,0,0,LEADER,1,4,1,29,12,102,0,0,0,0,0,0,0,0,0
78853,4,bully,2854,1,12,490242,102,194,612,1164,1,1,75999,2854,0,13,0,0,0,NORMAL,0,3,2,3,40,102,0,194,0,0,0,0,0,0,0
79012,6,bully,3013,1,12,492150,102,202,612,1212,2,1,75999,3013,0,13,0,0,0,NORMAL,0,3,2,3,40,102,0,202,0,0,0,0,0,0,0
78737,12,bully,2740,1,12,488861,102,102,612,612,1,1,75997,2740,0,13,0,0,0,NORMAL,0,3,2,4,46,102,0,102,0,0,0,0,0,0,0
78876,9,bully,2877,1,12,490518,102,101,612,606,1,1,75999,2877,0,13,0,0,0,NORMAL,0,3,2,3,36,102,0,101,0,0,0,0,0,0,0
79031,48,bully,3032,1,12,492378,102,0,612,0,1,48,75999,3032,0,13,0,0,0,LEADER,1,4,1,51,12,102,0,0,0,0,0,0,0,0,0
78725,44,bully,2726,1,12,488706,102,0,612,0,1,44,75999,2726,0,13,0,0,0,LEADER,1,4,1,47,12,102,0,0,0,0,0,0,0,0,0
79433,8,bully,3434,1,12,497202,102,101,612,606,2,1,75999,3434,0,13,0,0,0,NORMAL,0,3,2,3,42,102,0,101,0,0,0,0,0,0,0
78773,22,bully,2774,1,12,489282,102,0,612,0,1,22,75999,2774,0,13,0,0,0,LEADER,1,4,1,25,12,102,0,0,0,0,0,0,0,0,0
79440,39,bully,3441,1,12,497286,102,0,612,0,1,39,75999,3441,0,13,0,0,0,LEADER,1,4,1,42,12,102,0,0,0,0,0,0,0,0,0
78794,21,bully,2795,1,12,489534,102,0,612,0,1,21,75999,2795,0,13,0,0,0,LEADER,1,4,1,24,12,102,0,0,0,0,0,0,0,0,0
79149,3,bully,3150,1,12,493794,102,206,612,1236,1,1,75999,3150,0,13,0,0,0,NORMAL,0,3,2,3,37,102,0,206,0,0,0,0,0,0,0
79570,5,bully,3571,1,12,498846,102,206,612,1236,1,1,75999,3571,0,13,0,0,0,NORMAL,0,3,2,3,40,102,0,206,0,0,0,0,0,0,0
79215,23,bully,3216,1,12,494586,102,0,612,0,1,23,75999,3216,0,13,0,0,0,LEADER,1,4,1,26,12,102,0,0,0,0,0,0,0,0,0
78995,38,bully,2998,1,12,491963,102,0,612,0,1,38,75997,2998,0,13,0,0,0,LEADER,1,4,1,41,12,102,0,0,0,0,0,0,0,0,0
79043,16,bully,3047,1,12,492548,102,102,612,612,2,1,75996,3047,0,13,0,0,0,NORMAL,0,3,2,3,52,102,0,102,0,0,0,0,0,0,0
78931,25,bully,2932,1,12,491178,102,0,612,0,1,25,75999,2932,0,13,0,0,0,LEADER,1,4,1,28,12,102,0,0,0,0,0,0,0,0,0
79249,33,bully,3250,1,12,494994,102,0,612,0,1,33,75999,3250,0,13,0,0,0,LEADER,1,4,1,36,12,102,0,0,0,0,0,0,0,0,0
79217,37,bully,3218,1,12,494610,102,0,612,0,1,37,75999,3218,0,13,0,0,0,LEADER,1,4,1,40,12,102,0,0,0,0,0,0,0,0,0
79473,49,bully,3474,1,12,497682,102,0,612,0,1,49,75999,3474,0,13,0,0,0,LEADER,1,4,1,52,12,102,0,0,0,0,0,0,0,0,0
79134,35,bully,3135,1,12,493614,102,0,612,0,1,35,75999,3135,0,13,0,0,0,LEADER,1,4,1,38,12,102,0,0,0,0,0,0,0,0,0
79610,46,bully,3611,1,12,499326,102,0,612,0,1,46,75999,3611,0,13,0,0,0,LEADER,1,4,1,49,12,102,0,0,0,0,0,0,0,0,0
79488,17,bully,3489,1,12,497862,102,0,612,0,1,17,75999,3489,0,13,0,0,0,LEADER,1,4,1,20,12,102,0,0,0,0,0,0,0,0,0
79625,14,bully,3626,1,12,499506,102,103,612,618,2,1,75999,3626,0,13,0,0,0,NORMAL,0,3,2,3,41,102,0,103,0,0,0,0,0,0,0
79691,34,bully,3692,1,12,500298,102,0,612,0,1,34,75999,3692,0,13,0,0,0,LEADER,1,4,1,37,12,102,0,0,0,0,0,0,0,0,0
79299,42,bully,3304,1,12,495612,102,0,612,0,1,42,75995,3304,0,13,0,0,0,LEADER,1,4,1,45,12,102,0,0,0,0,0,0,0,0,0
79452,50,bully,3453,1,12,497430,102,0,612,0,1,50,75999,3453,0,13,0,0,0,LEADER,1,4,1,53,12,102,0,0,0,0,0,0,0,0,0
78964,28,bully,2965,1,12,491574,102,0,612,0,1,28,75999,2965,0,13,0,0,0,LEADER,1,4,1,31,12,102,0,0,0,0,0,0,0,0,0
79159,7,bully,3160,1,12,493914,102,204,612,1224,2,1,75999,3160,0,13,0,0,0,NORMAL,0,3,2,3,41,102,0,204,0,0,0,0,0,0,0
79602,15,bully,3603,1,12,499230,102,102,612,612,2,1,75999,3603,0,13,0,0,0,NORMAL,0,3,2,3,49,102,0,102,0,0,0,0,0,0,0
79280,18,bully,3281,1,12,495366,102,0,612,0,1,18,75999,3281,0,13,0,0,0,LEADER,1,4,1,21,12,102,0,0,0,0,0,0,0,0,0
79264,1,bully,3265,1,12,495174,102,206,612,1236,1,1,75999,3265,0,13,0,0,0,LEADER,1,4,1,4,12,102,0,206,0,0,0,0,0,0,0
79555,30,bully,3556,1,12,498666,102,0,612,0,1,30,75999,3556,0,13,0,0,0,LEADER,1,4,1,33,12,102,0,0,0,0,0,0,0,0,0
79269,32,bully,3271,1,12,495242,102,0,612,0,1,32,75998,3271,0,13,0,0,0,LEADER,1,4,1,35,12,102,0,0,0,0,0,0,0,0,0
79590,10,bully,3592,1,12,499096,102,103,612,618,1,1,75998,3592,0,13,0,0,0,NORMAL,0,3,2,4,25,102,0,103,0,0,0,0,0,0,0
79182,13,bully,3183,1,12,494190,102,101,612,606,1,1,75999,3183,0,13,0,0,0,NORMAL,0,3,2,3,39,102,0,101,0,0,0,0,0,0,0
79282,43,bully,3283,1,12,495390,102,0,612,0,1,43,75999,3283,0,13,0,0,0,LEADER,1,4,1,46,12,102,0,0,0,0,0,0,0,0,0
79455,24,bully,3456,1,12,497466,102,0,612,0,1,24,75999,3456,0,13,0,0,0,LEADER,1,4,1,27,12,102,0,0,0,0,0,0,0,0,0
79521,27,bully,3522,1,12,498258,102,0,612,0,1,27,75999,3522,0,13,0,0,0,LEADER,1,4,1,30,12,102,0,0,0,0,0,0,0,0,0
79588,47,bully,3589,1,12,499062,102,0,612,0,1,47,75999,3589,0,13,0,0,0,LEADER,1,4,1,50,12,102,0,0,0,0,0,0,0,0,0
79352,20,bully,3353,1,12,496230,102,0,612,0,1,20,75999,3353,0,13,0,0,0,LEADER,1,4,1,23,12,102,0,0,0,0,0,0,0,0,0
79418,40,bully,3419,1,12,497022,102,0,612,0,1,40,75999,3419,0,13,0,0,0,LEADER,1,4,1,43,12,102,0,0,0,0,0,0,0,0,0
81210,19,bully,2910,1,12,490910,105,0,630,0,1,19,78300,2910,0,13,0,0,0,LEADER,1,4,1,25,12,105,0,0,0,0,0,0,0,0,0
81246,29,bully,2944,1,12,491322,105,0,630,0,1,29,78302,2944,0,13,0,0,0,LEADER,1,4,1,35,12,105,0,0,0,0,0,0,0,0,0
81001,2,bully,2707,1,12,488429,105,208,630,1248,1,1,78294,2707,0,13,0,0,0,NORMAL,0,3,1,6,31,105,0,208,0,0,0,0,0,0,0
81415,36,bully,3113,1,12,493350,105,0,630,0,1,36,78302,3113,0,13,0,0,0,LEADER,1,4,1,42,12,105,0,0,0,0,0,0,0,0,0
81131,31,bully,2829,1,12,489942,105,0,630,0,1,31,78302,2829,0,13,0,0,0,LEADER,1,4,1,37,12,105,0,0,0,0,0,0,0,0,0
81470,45,bully,3168,1,12,494010,105,0,630,0,1,45,78302,3168,0,13,0,0,0,LEADER,1,4,1,51,12,105,0,0,0,0,0,0,0,0,0
81064,11,bully,2762,1,12,489138,105,104,630,624,1,1,78302,2762,0,13,0,0,0,NORMAL,0,3,1,6,38,105,0,104,0,0,0,0,0,0,0
81164,41,bully,2862,1,12,490338,105,0,630,0,1,41,78302,2862,0,13,0,0,0,LEADER,1,4,1,47,12,105,0,0,0,0,0,0,0,0,0
81382,26,bully,3080,1,12,492954,105,0,630,0,1,26,78302,3080,0,13,0,0,0,LEADER,1,4,1,32,12,105,0,0,0,0,0,0,0,0,0
81156,4,bully,2854,1,12,490242,105,200,630,1200,1,1,78302,2854,0,13,0,0,0,NORMAL,0,3,1,6,40,105,0,200,0,0,0,0,0,0,0
81315,6,bully,3013,1,12,492150,105,208,630,1248,2,1,78302,3013,0,13,0,0,0,NORMAL,0,3,1,6,40,105,0,208,0,0,0,0,0,0,0
81040,12,bully,2740,1,12,488861,105,105,630,630,1,1,78300,2740,0,13,0,0,0,NORMAL,0,3,1,7,46,105,0,105,0,0,0,0,0,0,0
81179,9,bully,2877,1,12,490518,105,104,630,624,1,1,78302,2877,0,13,0,0,0,NORMAL,0,3,1,6,36,105,0,104,0,0,0,0,0,0,0
81334,48,bully,3032,1,12,492378,105,0,630,0,1,48,78302,3032,0,13,0,0,0,LEADER,1,4,1,54,12,105,0,0,0,0,0,0,0,0,0
81028,44,bully,2726,1,12,488706,105,0,630,0,1,44,78302,2726,0,13,0,0,0,LEADER,1,4,1,50,12,105,0,0,0,0,0,0,0,0,0
81736,8,bully,3434,1,12,497202,105,104,630,624,2,1,78302,3434,0,13,0,0,0,NORMAL,0,3,1,6,42,105,0,104,0,0,0,0,0,0,0
81076,22,bully,2774,1,12,489282,105,0,630,0,1,22,78302,2774,0,13,0,0,0,LEADER,1,4,1,28,12,105,0,0,0,0,0,0,0,0,0
81743,39,bully,3441,1,12,497286,105,0,630,0,1,39,78302,3441,0,13,0,0,0,LEADER,1,4,1,45,12,105,0,0,0,0,0,0,0,0,0
81097,21,bully,2795,1,12,489534,105,0,630,0,1,21,78302,2795,0,13,0,0,0,LEADER,1,4,1,27,12,105,0,0,0,0,0,0,0,0,0
81452,3,bully,3150,1,12,493794,105,212,630,1272,1,1,78302,3150,0,13,0,0,0,NORMAL,0,3,1,6,37,105,0,212,0,0,0,0,0,0,0
81873,5,bully,3571,1,12,498846,105,212,630,1272,1,1,78302,3571,0,13,0,0,0,NORMAL,0,3,1,6,40,105,0,212,0,0,0,0,0,0,0
81518,23,bully,3216,1,12,494586,105,0,630,0,1,23,78302,3216,0,13,0,0,0,LEADER,1,4,1,29,12,105,0,0,0,0,0,0,0,0,0
81298,38,bully,2998,1,12,491963,105,0,630,0,1,38,78300,2998,0,13,0,0,0,LEADER,1,4,1,44,12,105,0,0,0,0,0,0,0,0,0
81346,16,bully,3047,1,12,492548,105,105,630,630,2,1,78299,3047,0,13,0,0,0,NORMAL,0,3,1,6,52,105,0,105,0,0,0,0,0,0,0
81234,25,bully,2932,1,12,491178,105,0,630,0,1,25,78302,2932,0,13,0,0,0,LEADER,1,4,1,31,12,105,0,0,0,0,0,0,0,0,0
81552,33,bully,3250,1,12,494994,105,0,630,0,1,33,78302,3250,0,13,0,0,0,LEADER,1,4,1,39,12,105,0,0,0,0,0,0,0,0,0
81520,37,bully,3218,1,12,494610,105,0,630,0,1,37,78302,3218,0,13,0,0,0,LEADER,1,4,1,43,12,105,0,0,0,0,0,0,0,0,0
81776,49,bully,3474,1,12,497682,105,0,630,0,1,49,78302,3474,0,13,0,0,0,LEADER,1,4,1,55,12,105,0,0,0,0,0,0,0,0,0
81437,35,bully,3135,1,12,493614,105,0,630,0,1,35,78302,3135,0,13,0,0,0,LEADER,1,4,1,41,12,105,0,0,0,0,0,0,0,0,0
81913,46,bully,3611,1,12,499326,105,0,630,0,1,46,78302,3611,0,13,0,0,0,LEADER,1,4,1,52,12,105,0,0,0,0,0,0,0,0,0
81791,17,bully,3489,1,12,497862,105,0,630,0,1,17,78302,3489,0,13,0,0,0,LEADER,1,4,1,23,12,105,0,0,0,0,0,0,0,0,0
81928,14,bully,3626,1,12,499506,105,106,630,636,2,1,78302,3626,0,13,0,0,0,NORMAL,0,3,1,6,41,105,0,106,0,0,0,0,0,0,0
81994,34,bully,3692,1,12,500298,105,0,630,0,1,34,78302,3692,0,13,0,0,0,LEADER,1,4,1,40,12,105,0,0,0,0,0,0,0,0,0
81602,42,bully,3304,1,12,495612,105,0,630,0,1,42,78298,3304,0,13,0,0,0,LEADER,1,4,1,48,12,105,0,0,0,0,0,0,0,0,0
81755,50,bully,3453,1,12,497430,105,0,630,0,1,50,78302,3453,0,13,0,0,0,LEADER,1,4,1,56,12,105,0,0,0,0,0,0,0,0,0
81267,28,bully,2965,1,12,491574,105,0,630,0,1,28,78302,2965,0,13,0,0,0,LEADER,1,4,1,34,12,105,0,0,0,0,0,0,0,0,0
81462,7,bully,3160,1,12,493914,105,210,630,1260,2,1,78302,3160,0,13,0,0,0,NORMAL,0,3,1,6,41,105,0,210,0,0,0,0,0,0,0
81905,15,bully,3603,1,12,499230,105,106,630,636,2,1,78302,3603,0,13,0,0,0,NORMAL,0,3,1,6,49,105,0,106,0,0,0,0,0,0,0
81583,18,bully,3281,1,12,495366,105,0,630,0,1,18,78302,3281,0,13,0,0,0,LEADER,1,4,1,24,12,105,0,0,0,0,0,0,0,0,0
81567,1,bully,3265,1,12,495174,105,212,630,1272,1,1,78302,3265,0,13,0,0,0,LEADER,1,4,1,7,12,105,0,212,0,0,0,0,0,0,0
81858,30,bully,3556,1,12,498666,105,0,630,0,1,30,78302,3556,0,13,0,0,0,LEADER,1,4,1,36,12,105,0,0,0,0,0,0,0,0,0
81572,32,bully,3271,1,12,495242,105,0,630,0,1,32,78301,3271,0,13,0,0,0,LEADER,1,4,1,38,12,105,0,0,0,0,0,0,0,0,0
81893,10,bully,3592,1,12,499096,105,106,630,636,1,1,78301,3592,0,13,0,0,0,NORMAL,0,3,1,7,25,105,0,106,0,0,0,0,0,0,0
81485,13,bully,3183,1,12,494190,105,104,630,624,1,1,78302,3183,0,13,0,0,0,NORMAL,0,3,1,6,39,105,0,104,0,0,0,0,0,0,0
81585,43,bully,3283,1,12,495390,105,0,630,0,1,43,78302,3283,0,13,0,0,0,LEADER,1,4,1,49,12,105,0,0,0,0,0,0,0,0,0
81758,24,bully,3456,1,12,497466,105,0,630,0,1,24,78302,3456,0,13,0,0,0,LEADER,1,4,1,30,12,105,0,0,0,0,0,0,0,0,0
81824,27,bully,3522,1,12,498258,105,0,630,0,1,27,78302,3522,0,13,0,0,0,LEADER,1,4,1,33,12,105,0,0,0,0,0,0,0,0,0
81891,47,bully,3589,1,12,499062,105,0,630,0,1,47,78302,3589,0,13,0,0,0,LEADER,1,4,1,53,12,105,0,0,0,0,0,0,0,0,0
81655,20,bully,3353,1,12,496230,105,0,630,0,1,20,78302,3353,0,13,0,0,0,LEADER,1,4,1,26,12,105,0,0,0,0,0,0,0,0,0
81721,40,bully,3419,1,12,497022,105,0,630,0,1,40,78302,3419,0,13,0,0,0,LEADER,1,4,1,46,12,105,0,0,0,0,0,0,0,0,0
83513,19,bully,2910,1,12,490910,108,0,648,0,1,19,80603,2910,0,13,0,0,0,LEADER,1,4,1,28,12,108,0,0,0,0,0,0,0,0,0
83549,29,bully,2944,1,12,491322,108,0,648,0,1,29,80605,2944,0,13,0,0,0,LEADER,1,4,1,38,12,108,0,0,0,0,0,0,0,0,0
83304,2,bully,2707,1,12,488429,108,213,648,1278,1,1,80597,2707,0,13,0,0,0,NORMAL,0,3,1,9,31,108,0,213,0,0,0,0,0,0,0
83718,36,bully,3113,1,12,493350,108,0,648,0,1,36,80605,3113,0,13,0,0,0,LEADER,1,4,1,45,12,108,0,0,0,0,0,0,0,0,0
83434,31,bully,2829,1,12,489942,108,0,648,0,1,31,80605,2829,0,13,0,0,0,LEADER,1,4,1,40,12,108,0,0,0,0,0,0,0,0,0
83773,45,bully,3168,1,12,494010,108,0,648,0,1,45,80605,3168,0,13,0,0,0,LEADER,1,4,1,54,12,108,0,0,0,0,0,0,0,0,0
83367,11,bully,2762,1,12,489138,108,107,648,642,1,1,80605,2762,0,13,0,0,0,NORMAL,0,3,1,9,38,108,0,107,0,0,0,0,0,0,0
83467,41,bully,2862,1,12,490338,108,0,648,0,1,41,80605,2862,0,13,0,0,0,LEADER,1,4,1,50,12,108,0,0,0,0,0,0,0,0,0
83685,26,bully,3080,1,12,492954,108,0,648,0,1,26,80605,3080,0,13,0,0,0,LEADER,1,4,1,35,12,108,0,0,0,0,0,0,0,0,0
83459,4,bully,2854,1,12,490242,108,204,648,1224,1,1,80605,2854,0,13,0,0,0,NORMAL,0,3,1,9,40,108,0,204,0,0,0,0,0,0,0
83618,6,bully,3013,1,12,492150,108,214,648,1284,2,1,80605,3013,0,13,0,0,0,NORMAL,0,3,1,9,40,108,0,214,0,0,0,0,0,0,0
83343,12,bully,2740,1,12,488861,108,108,648,648,1,1,80603,2740,0,13,0,0,0,NORMAL,0,3,1,10,46,108,0,108,0,0,0,0,0,0,0
83482,9,bully,2877,1,12,490518,108,107,648,642,1,1,80605,2877,0,13,0,0,0,NORMAL,0,3,1,9,36,108,0,107,0,0,0,0,0,0,0
83637,48,bully,3032,1,12,492378,108,0,648,0,1,48,80605,3032,0,13,0,0,0,LEADER,1,4,1,57,12,108,0,0,0,0,0,0,0,0,0
83331,44,bully,2726,1,12,488706,108,0,648,0,1,44,80605,2726,0,13,0,0,0,LEADER,1,4,1,53,12,108,0,0,0,0,0,0,0,0,0
84039,8,bully,3434,1,12,497202,108,107,648,642,2,1,80605,3434,0,13,0,0,0,NORMAL,0,3,1,9,42,108,0,107,0,0,0,0,0,0,0
83379,22,bully,2774,1,12,489282,108,0,648,0,1,22,80605,2774,0,13,0,0,0,LEADER,1,4,1,31,12,108,0,0,0,0,0,0,0,0,0
84046,39,bully,3441,1,12,497286,108,0,648,0,1,39,80605,3441,0,13,0,0,0,LEADER,1,4,1,48,12,108,0,0,0,0,0,0,0,0,0
83400,21,bully,2795,1,12,489534,108,0,648,0,1,21,80605,2795,0,13,0,0,0,LEADER,1,4,1,30,12,108,0,0,0,0,0,0,0,0,0
83755,3,bully,3150,1,12,493794,108,218,648,1308,1,1,80605,3150,0,13,0,0,0,NORMAL,0,3,1,9,37,108,0,218,0,0,0,0,0,0,0
84176,5,bully,3571,1,12,498846,108,218,648,1308,1,1,80605,3571,0,13,0,0,0,NORMAL,0,3,1,9,40,108,0,218,0,0,0,0,0,0,0
83821,23,bully,3216,1,12,494586,108,0,648,0,1,23,80605,3216,0,13,0,0,0,LEADER,1,4,1,32,12,108,0,0,0,0,0,0,0,0,0
83601,38,bully,2998,1,12,491963,108,0,648,0,1,38,80603,2998,0,13,0,0,0,LEADER,1,4,1,47,12,108,0,0,0,0,0,0,0,0,0
83649,16,bully,3047,1,12,492548,108,108,648,648,2,1,80602,3047,0,13,0,0,0,NORMAL,0,3,1,9,52,108,0,108,0,0,0,0,0,0,0
83537,25,bully,2932,1,12,491178,108,0,648,0,1,25,80605,2932,0,13,0,0,0,LEADER,1,4,1,34,12,108,0,0,0,0,0,0,0,0,0
83855,33,bully,3250,1,12,494994,108,0,648,0,1,33,80605,3250,0,13,0,0,0,LEADER,1,4,1,42,12,108,0,0,0,0,0,0,0,0,0
83823,37,bully,3218,1,12,494610,108,0,648,0,1,37,80605,3218,0,13,0,0,0,LEADER,1,4,1,46,12,108,0,0,0,0,0,0,0,0,0
84079,49,bully,3474,1,12,497682,108,0,648,0,1,49,80605,3474,0,13,0,0,0,LEADER,1,4,1,58,12,108,0,0,0,0,0,0,0,0,0
83740,35,bully,3135,1,12,493614,108,0,648,0,1,35,80605,3135,0,13,0,0,0,LEADER,1,4,1,44,12,108,0,0,0,0,0,0,0,0,0
84216,46,bully,3611,1,12,499326,108,0,648,0,1,46,80605,3611,0,13,0,0,0,LEADER,1,4,1,55,12,108,0,0,0,0,0,0,0,0,0
84094,17,bully,3489,1,12,497862,108,0,648,0,1,17,80605,3489,0,13,0,0,0,LEADER,1,4,1,26,12,108,0,0,0,0,0,0,0,0,0
84231,14,bully,3626,1,12,499506,108,109,648,654,2,1,80605,3626,0,13,0,0,0,NORMAL,0,3,1,9,41,108,0,109,0,0,0,0,0,0,0
84297,34,bully,3692,1,12,500298,108,0,648,0,1,34,80605,3692,0,13,0,0,0,LEADER,1,4,1,43,12,108,0,0,0,0,0,0,0,0,0
83905,42,bully,3304,1,12,495612,108,0,648,0,1,42,80601,3304,0,13,0,0,0,LEADER,1,4,1,51,12,108,0,0,0,0,0,0,0,0,0
84058,50,bully,3453,1,12,497430,108,0,648,0,1,50,80605,3453,0,13,0,0,0,LEADER,1,4,1,59,12,108,0,0,0,0,0,0,0,0,0
83570,28,bully,2965,1,12,491574,108,0,648,0,1,28,80605,2965,0,13,0,0,0,LEADER,1,4,1,37,12,108,0,0,0,0,0,0,0,0,0
83765,7,bully,3160,1,12,493914,108,216,648,1296,2,1,80605,3160,0,13,0,0,0,NORMAL,0,3,1,9,41,108,0,216,0,0,0,0,0,0,0
84208,15,bully,3603,1,12,499230,108,108,648,648,2,1,80605,3603,0,13,0,0,0,NORMAL,0,3,1,9,49,108,0,108,0,0,0,0,0,0,0
83886,18,bully,3281,1,12,495366,108,0,648,0,1,18,80605,3281,0,13,0,0,0,LEADER,1,4,1,27,12,108,0,0,0,0,0,0,0,0,0
83870,1,bully,3265,1,12,495174,108,218,648,1308,1,1,80605,3265,0,13,0,0,0,LEADER,1,4,1,10,12,108,0,218,0,0,0,0,0,0,0
84161,30,bully,3556,1,12,498666,108,0,648,0,1,30,80605,3556,0,13,0,0,0,LEADER,1,4,1,39,12,108,0,0,0,0,0,0,0,0,0
83875,32,bully,3271,1,12,495242,108,0,648,0,1,32,80604,3271,0,13,0,0,0,LEADER,1,4,1,41,12,108,0,0,0,0,0,0,0,0,0
84196,10,bully,3592,1,12,499096,108,109,648,654,1,1,80604,3592,0,13,0,0,0,NORMAL,0,3,1,10,25,108,0,109,0,0,0,0,0,0,0
83788,13,bully,3183,1,12,494190,108,107,648,642,1,1,80605,3183,0,13,0,0,0,NORMAL,0,3,1,9,39,108,0,107,0,0,0,0,0,0,0
83888,43,bully,3283,1,12,495390,108,0,648,0,1,43,80605,3283,0,13,0,0,0,LEADER,1,4,1,52,12,108,0,0,0,0,0,0,0,0,0
84061,24,bully,3456,1,12,497466,108,0,648,0,1,24,80605,3456,0,13,0,0,0,LEADER,1,4,1,33,12,108,0,0,0,0,0,0,0,0,0
84127,27,bully,3522,1,12,498258,108,0,648,0,1,27,80605,3522,0,13,0,0,0,LEADER,1,4,1,36,12,108,0,0,0,0,0,0,0,0,0
84194,47,bully,3589,1,12,499062,108,0,648,0,1,47,80605,3589,0,13,0,0,0,LEADER,1,4,1,56,12,108,0,0,0,0,0,0,0,0,0
83958,20,bully,3353,1,12,496230,108,0,648,0,1,20,80605,3353,0,13,0,0,0,LEADER,1,4,1,29,12,108,0,0,0,0,0,0,0,0,0
84024,40,bully,3419,1,12,497022,108,0,648,0,1,40,80605,3419,0,13,0,0,0,LEADER,1,4,1,49,12,108,0,0,0,0,0,0,0,0,0
85816,19,bully,2910,1,13,576726,111,0,666,0,1,19,82906,2910,0,14,0,0,0,LEADER,1,4,1,22,13,111,0,0,0,0,0,0,0,0,0
85852,29,bully,2944,1,13,577174,111,0,666,0,1,29,82908,2944,0,14,0,0,0,LEADER,1,4,1,32,13,111,0,0,0,0,0,0,0,0,0
85607,2,bully,2707,1,13,574036,111,220,666,1320,1,1,82900,2707,0,14,0,0,0,NORMAL,0,3,2,4,33,111,0,220,0,0,0,0,0,0,0
86021,36,bully,3113,1,13,579371,111,0,666,0,1,36,82908,3113,0,14,0,0,0,LEADER,1,4,1,39,13,111,0,0,0,0,0,0,0,0,0
85737,31,bully,2829,1,13,575679,111,0,666,0,1,31,82908,2829,0,14,0,0,0,LEADER,1,4,1,34,13,111,0,0,0,0,0,0,0,0,0
86076,45,bully,3168,1,13,580086,111,0,666,0,1,45,82908,3168,0,14,0,0,0,LEADER,1,4,1,48,13,111,0,0,0,0,0,0,0,0,0
85670,11,bully,2762,1,13,574808,111,110,666,660,1,1,82908,2762,0,14,0,0,0,NORMAL,0,3,2,3,41,111,0,110,0,0,0,0,0,0,0
85770,41,bully,2862,1,13,576108,111,0,666,0,1,41,82908,2862,0,14,0,0,0,LEADER,1,4,1,44,13,111,0,0,0,0,0,0,0,0,0
85988,26,bully,3080,1,13,578942,111,0,666,0,1,26,82908,3080,0,14,0,0,0,LEADER,1,4,1,29,13,111,0,0,0,0,0,0,0,0,0
85762,4,bully,2854,1,13,576004,111,210,666,1260,1,1,82908,2854,0,14,0,0,0,NORMAL,0,3,2,3,43,111,0,210,0,0,0,0,0,0,0
85921,6,bully,3013,1,13,578071,111,220,666,1320,2,1,82908,3013,0,14,0,0,0,NORMAL,0,3,2,3,43,111,0,220,0,0,0,0,0,0,0
85646,12,bully,2740,1,13,574507,111,111,666,666,1,1,82906,2740,0,14,0,0,0,NORMAL,0,3,2,3,50,111,0,111,0,0,0,0,0,0,0
85785,9,bully,2877,1,13,576303,111,110,666,660,1,1,82908,2877,0,14,0,0,0,NORMAL,0,3,2,3,39,111,0,110,0,0,0,0,0,0,0
85940,48,bully,3032,1,13,578318,111,0,666,0,1,48,82908,3032,0,14,0,0,0,LEADER,1,4,1,51,13,111,0,0,0,0,0,0,0,0,0
85634,44,bully,2726,1,13,574340,111,0,666,0,1,44,82908,2726,0,14,0,0,0,LEADER,1,4,1,47,13,111,0,0,0,0,0,0,0,0,0
86342,8,bully,3434,1,13,583544,111,110,666,660,2,1,82908,3434,0,14,0,0,0,NORMAL,0,3,2,3,45,111,0,110,0,0,0,0,0,0,0
85682,22,bully,2774,1,13,574964,111,0,666,0,1,22,82908,2774,0,14,0,0,0,LEADER,1,4,1,25,13,111,0,0,0,0,0,0,0,0,0
86349,39,bully,3441,1,13,583635,111,0,666,0,1,39,82908,3441,0,14,0,0,0,LEADER,1,4,1,42,13,111,0,0,0,0,0,0,0,0,0
85703,21,bully,2795,1,13,575237,111,0,666,0,1,21,82908,2795,0,14,0,0,0,LEADER,1,4,1,24,13,111,0,0,0,0,0,0,0,0,0
86058,3,bully,3150,1,13,579852,111,224,666,1344,1,1,82908,3150,0,14,0,0,0,NORMAL,0,3,2,3,40,111,0,224,0,0,0,0,0,0,0
86479,5,bully,3571,1,13,585325,111,224,666,1344,1,1,82908,3571,0,14,0,0,0,NORMAL,0,3,2,3,43,111,0,224,0,0,0,0,0,0,0
86124,23,bully,3216,1,13,580710,111,0,666,0,1,23,82908,3216,0,14,0,0,0,LEADER,1,4,1,26,13,111,0,0,0,0,0,0,0,0,0
85904,38,bully,2998,1,13,577867,111,0,666,0,1,38,82906,2998,0,14,0,0,0,LEADER,1,4,1,41,13,111,0,0,0,0,0,0,0,0,0
85952,16,bully,3047,1,13,578500,111,111,666,666,2,1,82905,3047,0,14,0,0,0,NORMAL,0,3,2,3,56,111,0,111,0,0,0,0,0,0,0
85840,25,bully,2932,1,13,577018,111,0,666,0,1,25,82908,2932,0,14,0,0,0,LEADER,1,4,1,28,13,111,0,0,0,0,0,0,0,0,0
86158,33,bully,3250,1,13,581152,111,0,666,0,1,33,82908,3250,0,14,0,0,0,LEADER,1,4,1,36,13,111,0,0,0,0,0,0,0,0,0
86126,37,bully,3218,1,13,580736,111,0,666,0,1,37,82908,3218,0,14,0,0,0,LEADER,1,4,1,40,13,111,0,0,0,0,0,0,0,0,0
86382,49,bully,3474,1,13,584064,111,0,666,0,1,49,82908,3474,0,14,0,0,0,LEADER,1,4,1,52,13,111,0,0,0,0,0,0,0,0,0
86043,35,bully,3135,1,13,579657,111,0,666,0,1,35,82908,3135,0,14,0,0,0,LEADER,1,4,1,38,13,111,0,0,0,0,0,0,0,0,0
86519,46,bully,3611,1,13,585845,111,0,666,0,1,46,82908,3611,0,14,0,0,0,LEADER,1,4,1,49,13,111,0,0,0,0,0,0,0,0,0
86397,17,bully,3489,1,13,584259,111,0,666,0,1,17,82908,3489,0,14,0,0,0,LEADER,1,4,1,20,13,111,0,0,0,0,0,0,0,0,0
86534,14,bully,3626,1,13,586040,111,112,666,672,2,1,82908,3626,0,14,0,0,0,NORMAL,0,3,2,3,44,111,0,112,0,0,0,0,0,0,0
86600,34,bully,3692,1,13,586898,111,0,666,0,1,34,82908,3692,0,14,0,0,0,LEADER,1,4,1,37,13,111,0,0,0,0,0,0,0,0,0
86208,42,bully,3304,1,13,581820,111,0,666,0,1,42,82904,3304,0,14,0,0,0,LEADER,1,4,1,45,13,111,0,0,0,0,0,0,0,0,0
86361,50,bully,3453,1,13,583791,111,0,666,0,1,50,82908,3453,0,14,0,0,0,LEADER,1,4,1,53,13,111,0,0,0,0,0,0,0,0,0
85873,28,bully,2965,1,13,577447,111,0,666,0,1,28,82908,2965,0,14,0,0,0,LEADER,1,4,1,31,13,111,0,0,0,0,0,0,0,0,0
86068,7,bully,3160,1,13,579982,111,222,666,1332,2,1,82908,3160,0,14,0,0,0,NORMAL,0,3,2,3,44,111,0,222,0,0,0,0,0,0,0
86511,15,bully,3603,1,13,585741,111,112,666,672,2,1,82908,3603,0,14,0,0,0,NORMAL,0,3,2,3,53,111,0,112,0,0,0,0,0,0,0
86189,18,bully,3281,1,13,581555,111,0,666,0,1,18,82908,3281,0,14,0,0,0,LEADER,1,4,1,21,13,111,0,0,0,0,0,0,0,0,0
86173,1,bully,3265,1,13,581347,111,224,666,1344,1,1,82908,3265,0,14,0,0,0,LEADER,1,4,1,4,13,111,0,224,0,0,0,0,0,0,0
86464,30,bully,3556,1,13,585130,111,0,666,0,1,30,82908,3556,0,14,0,0,0,LEADER,1,4,1,33,13,111,0,0,0,0,0,0,0,0,0
86178,32,bully,3271,1,13,581420,111,0,666,0,1,32,82907,3271,0,14,0,0,0,LEADER,1,4,1,35,13,111,0,0,0,0,0,0,0,0,0
86499,10,bully,3592,1,13,585595,111,112,666,672,1,1,82907,3592,0,14,0,0,0,NORMAL,0,3,2,4,27,111,0,112,0,0,0,0,0,0,0
86091,13,bully,3183,1,13,580281,111,110,666,660,1,1,82908,3183,0,14,0,0,0,NORMAL,0,3,2,3,42,111,0,110,0,0,0,0,0,0,0
86191,43,bully,3283,1,13,581581,111,0,666,0,1,43,82908,3283,0,14,0,0,0,LEADER,1,4,1,46,13,111,0,0,0,0,0,0,0,0,0
86364,24,bully,3456,1,13,583830,111,0,666,0,1,24,82908,3456,0,14,0,0,0,LEADER,1,4,1,27,13,111,0,0,0,0,0,0,0,0,0
86430,27,bully,3522,1,13,584688,111,0,666,0,1,27,82908,3522,0,14,0,0,0,LEADER,1,4,1,30,13,111,0,0,0,0,0,0,0,0,0
86497,47,bully,3589,1,13,585559,111,0,666,0,1,47,82908,3589,0,14,0,0,0,LEADER,1,4,1,50,13,111,0,0,0,0,0,0,0,0,0
86261,20,bully,3353,1,13,582491,111,0,666,0,1,20,82908,3353,0,14,0,0,0,LEADER,1,4,1,23,13,111,0,0,0,0,0,0,0,0,0
86327,40,bully,3419,1,13,583349,111,0,666,0,1,40,82908,3419,0,14,0,0,0,LEADER,1,4,1,43,13,111,0,0,0,0,0,0,0,0,0
88119,19,bully,2910,1,13,576726,114,0,684,0,1,19,85209,2910,0,14,0,0,0,LEADER,1,4,1,25,13,114,0,0,0,0,0,0,0,0,0
88155,29,bully,2944,1,13,577174,114,0,684,0,1,29,85211,2944,0,14,0,0,0,LEADER,1,4,1,35,13,114,0,0,0,0,0,0,0,0,0
87910,2,bully,2707,1,13,574036,114,225,684,1350,1,1,85203,2707,0,14,0,0,0,NORMAL,0,3,1,7,33,114,0,225,0,0,0,0,0,0,0
88324,36,bully,3113,1,13,579371,114,0,684,0,1,36,85211,3113,0,14,0,0,0,LEADER,1,4,1,42,13,114,0,0,0,0,0,0,0,0,0
88040,31,bully,2829,1,13,575679,114,0,684,0,1,31,85211,2829,0,14,0,0,0,LEADER,1,4,1,37,13,114,0,0,0,0,0,0,0,0,0
88379,45,bully,3168,1,13,580086,114,0,684,0,1,45,85211,3168,0,14,0,0,0,LEADER,1,4,1,51,13,114,0,0,0,0,0,0,0,0,0
87973,11,bully,2762,1,13,574808,114,113,684,678,1,1,85211,2762,0,14,0,0,0,NORMAL,0,3,1,6,41,114,0,113,0,0,0,0,0,0,0
88073,41,bully,2862,1,13,576108,114,0,684,0,1,41,85211,2862,0,14,0,0,0,LEADER,1,4,1,47,13,114,0,0,0,0,0,0,0,0,0
88291,26,bully,3080,1,13,578942,114,0,684,0,1,26,85211,3080,0,14,0,0,0,LEADER,1,4,1,32,13,114,0,0,0,0,0,0,0,0,0
88065,4,bully,2854,1,13,576004,114,216,684,1296,1,1,85211,2854,0,14,0,0,0,NORMAL,0,3,1,6,43,114,0,216,0,0,0,0,0,0,0
88224,6,bully,3013,1,13,578071,114,226,684,1356,2,1,85211,3013,0,14,0,0,0,NORMAL,0,3,1,6,43,114,0,226,0,0,0,0,0,0,0
87949,12,bully,2740,1,13,574507,114,114,684,684,1,1,85209,2740,0,14,0,0,0,NORMAL,0,3,1,6,50,114,0,114,0,0,0,0,0,0,0
88088,9,bully,2877,1,13,576303,114,113,684,678,1,1,85211,2877,0,14,0,0,0,NORMAL,0,3,1,6,39,114,0,113,0,0,0,0,0,0,0
88243,48,bully,3032,1,13,578318,114,0,684,0,1,48,85211,3032,0,14,0,0,0,LEADER,1,4,1,54,13,114,0,0,0,0,0,0,0,0,0
87937,44,bully,2726,1,13,574340,114,0,684,0,1,44,85211,2726,0,14,0,0,0,LEADER,1,4,1,50,13,114,0,0,0,0,0,0,0,0,0
88645,8,bully,3434,1,13,583544,114,113,684,678,2,1,85211,3434,0,14,0,0,0,NORMAL,0,3,1,6,45,114,0,113,0,0,0,0,0,0,0
87985,22,bully,2774,1,13,574964,114,0,684,0,1,22,85211,2774,0,14,0,0,0,LEADER,1,4,1,28,13,114,0,0,0,0,0,0,0,0,0
88652,39,bully,3441,1,13,583635,114,0,684,0,1,39,85211,3441,0,14,0,0,0,LEADER,1,4,1,45,13,114,0,0,0,0,0,0,0,0,0
88006,21,bully,2795,1,13,575237,114,0,684,0,1,21,85211,2795,0,14,0,0,0,LEADER,1,4,1,27,13,114,0,0,0,0,0,0,0,0,0
88361,3,bully,3150,1,13,579852,114,230,684,1380,1,1,85211,3150,0,14,0,0,0,NORMAL,0,3,1,6,40,114,0,230,0,0,0,0,0,0,0
88782,5,bully,3571,1,13,585325,114,230,684,1380,1,1,85211,3571,0,14,0,0,0,NORMAL,0,3,1,6,43,114,0,230,0,0,0,0,0,0,0
88427,23,bully,3216,1,13,580710,114,0,684,0,1,23,85211,3216,0,14,0,0,0,LEADER,1,4,1,29,13,114,0,0,0,0,0,0,0,0,0
88207,38,bully,2998,1,13,577867,114,0,684,0,1,38,85209,2998,0,14,0,0,0,LEADER,1,4,1,44,13,114,0,0,0,0,0,0,0,0,0
88255,16,bully,3047,1,13,578500,114,115,684,690,2,1,85208,3047,0,14,0,0,0,NORMAL,0,3,1,6,56,114,0,115,0,0,0,0,0,0,0
88143,25,bully,2932,1,13,577018,114,0,684,0,1,25,85211,2932,0,14,0,0,0,LEADER,1,4,1,31,13,114,0,0,0,0,0,0,0,0,0
88461,33,bully,3250,1,13,581152,114,0,684,0,1,33,85211,3250,0,14,0,0,0,LEADER,1,4,1,39,13,114,0,0,0,0,0,0,0,0,0
88429,37,bully,3218,1,13,580736,114,0,684,0,1,37,85211,3218,0,14,0,0,0,LEADER,1,4,1,43,13,114,0,0,0,0,0,0,0,0,0
88685,49,bully,3474,1,13,584064,114,0,684,0,1,49,85211,3474,0,14,0,0,0,LEADER,1,4,1,55,13,114,0,0,0,0,0,0,0,0,0
88346,35,bully,3135,1,13,579657,114,0,684,0,1,35,85211,3135,0,14,0,0,0,LEADER,1,4,1,41,13,114,0,0,0,0,0,0,0,0,0
88822,46,bully,3611,1,13,585845,114,0,684,0,1,46,85211,3611,0,14,0,0,0,LEADER,1,4,1,52,13,114,0,0,0,0,0,0,0,0,0
88700,17,bully,3489,1,13,584259,114,0,684,0,1,17,85211,3489,0,14,0,0,0,LEADER,1,4,1,23,13,114,0,0,0,0,0,0,0,0,0
88837,14,bully,3626,1,13,586040,114,115,684,690,2,1,85211,3626,0,14,0,0,0,NORMAL,0,3,1,6,44,114,0,115,0,0,0,0,0,0,0
88903,34,bully,3692,1,13,586898,114,0,684,0,1,34,85211,3692,0,14,0,0,0,LEADER,1,4,1,40,13,114,0,0,0,0,0,0,0,0,0
88511,42,bully,3304,1,13,581820,114,0,684,0,1,42,85207,3304,0,14,0,0,0,LEADER,1,4,1,48,13,114,0,0,0,0,0,0,0,0,0
88664,50,bully,3453,1,13,583791,114,0,684,0,1,50,85211,3453,0,14,0,0,0,LEADER,1,4,1,56,13,114,0,0,0,0,0,0,0,0,0
88176,28,bully,2965,1,13,577447,114,0,684,0,1,28,85211,2965,0,14,0,0,0,LEADER,1,4,1,34,13,114,0,0,0,0,0,0,0,0,0
88371,7,bully,3160,1,13,579982,114,228,684,1368,2,1,85211,3160,0,14,0,0,0,NORMAL,0,3,1,6,44,114,0,228,0,0,0,0,0,0,0
88814,15,bully,3603,1,13,585741,114,115,684,690,2,1,85211,3603,0,14,0,0,0,NORMAL,0,3,1,6,53,114,0,115,0,0,0,0,0,0,0
88492,18,bully,3281,1,13,581555,114,0,684,0,1,18,85211,3281,0,14,0,0,0,LEADER,1,4,1,24,13,114,0,0,0,0,0,0,0,0,0
88476,1,bully,3265,1,13,581347,114,230,684,1380,1,1,85211,3265,0,14,0,0,0,LEADER,1,4,1,7,13,114,0,230,0,0,0,0,0,0,0
88767,30,bully,3556,1,13,585130,114,0,684,0,1,30,85211,3556,0,14,0,0,0,LEADER,1,4,1,36,13,114,0,0,0,0,0,0,0,0,0
88481,32,bully,3271,1,13,581420,114,0,684,0,1,32,85210,3271,0,14,0,0,0,LEADER,1,4,1,38,13,114,0,0,0,0,0,0,0,0,0
88802,10,bully,3592,1,13,585595,114,115,684,690,1,1,85210,3592,0,14,0,0,0,NORMAL,0,3,1,7,27,114,0,115,0,0,0,0,0,0,0
88394,13,bully,3183,1,13,580281,114,112,684,672,1,1,85211,3183,0,14,0,0,0,NORMAL,0,3,1,6,42,114,0,112,0,0,0,0,0,0,0
88494,43,bully,3283,1,13,581581,114,0,684,0,1,43,85211,3283,0,14,0,0,0,LEADER,1,4,1,49,13,114,0,0,0,0,0,0,0,0,0
88667,24,bully,3456,1,13,583830,114,0,684,0,1,24,85211,3456,0,14,0,0,0,LEADER,1,4,1,30,13,114,0,0,0,0,0,0,0,0,0
88733,27,bully,3522,1,13,584688,114,0,684,0,1,27,85211,3522,0,14,0,0,0,LEADER,1,4,1,33,13,114,0,0,0,0,0,0,0,0,0
88800,47,bully,3589,1,13,585559,114,0,684,0,1,47,85211,3589,0,14,0,0,0,LEADER,1,4,1,53,13,114,0,0,0,0,0,0,0,0,0
88564,20,bully,3353,1,13,582491,114,0,684,0,1,20,85211,3353,0,14,0,0,0,LEADER,1,4,1,26,13,114,0,0,0,0,0,0,0,0,0
88630,40,bully,3419,1,13,583349,114,0,684,0,1,40,85211,3419,0,14,0,0,0,LEADER,1,4,1,46,13,114,0,0,0,0,0,0,0,0,0
90422,19,bully,2910,1,13,576726,117,0,702,0,1,19,87512,2910,0,14,0,0,0,LEADER,1,4,1,28,13,117,0,0,0,0,0,0,0,0,0
90458,29,bully,2944,1,13,577174,117,0,702,0,1,29,87514,2944,0,14,0,0,0,LEADER,1,4,1,38,13,117,0,0,0,0,0,0,0,0,0
90213,2,bully,2707,1,13,574036,117,232,702,1392,1,1,87506,2707,0,14,0,0,0,NORMAL,0,3,1,10,33,117,0,232,0,0,0,0,0,0,0
90627,36,bully,3113,1,13,579371,117,0,702,0,1,36,87514,3113,0,14,0,0,0,LEADER,1,4,1,45,13,117,0,0,0,0,0,0,0,0,0
90343,31,bully,2829,1,13,575679,117,0,702,0,1,31,87514,2829,0,14,0,0,0,LEADER,1,4,1,40,13,117,0,0,0,0,0,0,0,0,0
90682,45,bully,3168,1,13,580086,117,0,702,0,1,45,87514,3168,0,14,0,0,0,LEADER,1,4,1,54,13,117,0,0,0,0,0,0,0,0,0
90276,11,bully,2762,1,13,574808,117,116,702,696,1,1,87514,2762,0,14,0,0,0,NORMAL,0,3,1,9,41,117,0,116,0,0,0,0,0,0,0
90376,41,bully,2862,1,13,576108,117,0,702,0,1,41,87514,2862,0,14,0,0,0,LEADER,1,4,1,50,13,117,0,0,0,0,0,0,0,0,0
90594,26,bully,3080,1,13,578942,117,0,702,0,1,26,87514,3080,0,14,0,0,0,LEADER,1,4,1,35,13,117,0,0,0,0,0,0,0,0,0
90368,4,bully,2854,1,13,576004,117,222,702,1332,1,1,87514,2854,0,14,0,0,0,NORMAL,0,3,1,9,43,117,0,222,0,0,0,0,0,0,0
90527,6,bully,3013,1,13,578071,117,232,702,1392,2,1,87514,3013,0,14,0,0,0,NORMAL,0,3,1,9,43,117,0,232,0,0,0,0,0,0,0
90252,12,bully,2740,1,13,574507,117,117,702,702,1,1,87512,2740,0,14,0,0,0,NORMAL,0,3,1,9,50,117,0,117,0,0,0,0,0,0,0
90391,9,bully,2877,1,13,576303,117,116,702,696,1,1,87514,2877,0,14,0,0,0,NORMAL,0,3,1,9,39,117,0,116,0,0,0,0,0,0,0
90546,48,bully,3032,1,13,578318,117,0,702,0,1,48,87514,3032,0,14,0,0,0,LEADER,1,4,1,57,13,117,0,0,0,0,0,0,0,0,0
90240,44,bully,2726,1,13,574340,117,0,702,0,1,44,87514,2726,0,14,0,0,0,LEADER,1,4,1,53,13,117,0,0,0,0,0,0,0,0,0
90948,8,bully,3434,1,13,583544,117,116,702,696,2,1,87514,3434,0,14,0,0,0,NORMAL,0,3,1,9,45,117,0,116,0,0,0,0,0,0,0
90288,22,bully,2774,1,13,574964,117,0,702,0,1,22,87514,2774,0,14,0,0,0,LEADER,1,4,1,31,13,117,0,0,0,0,0,0,0,0,0
90955,39,bully,3441,1,13,583635,117,0,702,0,1,39,87514,3441,0,14,0,0,0,LEADER,1,4,1,48,13,117,0,0,0,0,0,0,0,0,0
90309,21,bully,2795,1,13,575237,117,0,702,0,1,21,87514,2795,0,14,0,0,0,LEADER,1,4,1,30,13,117,0,0,0,0,0,0,0,0,0
90664,3,bully,3150,1,13,579852,117,236,702,1416,1,1,87514,3150,0,14,0,0,0,NORMAL,0,3,1,9,40,117,0,236,0,0,0,0,0,0,0
91085,5,bully,3571,1,13,585325,117,236,702,1416,1,1,87514,3571,0,14,0,0,0,NORMAL,0,3,1,9,43,117,0,236,0,0,0,0,0,0,0
90730,23,bully,3216,1,13,580710,117,0,702,0,1,23,87514,3216,0,14,0,0,0,LEADER,1,4,1,32,13,117,0,0,0,0,0,0,0,0,0
90510,38,bully,2998,1,13,577867,117,0,702,0,1,38,87512,2998,0,14,0,0,0,LEADER,1,4,1,47,13,117,0,0,0,0,0,0,0,0,0
90558,16,bully,3047,1,13,578500,117,118,702,708,2,1,87511,3047,0,14,0,0,0,NORMAL,0,3,1,9,56,117,0,118,0,0,0,0,0,0,0
90446,25,bully,2932,1,13,577018,117,0,702,0,1,25,87514,2932,0,14,0,0,0,LEADER,1,4,1,34,13,117,0,0,0,0,0,0,0,0,0
90764,33,bully,3250,1,13,581152,117,0,702,0,1,33,87514,3250,0,14,0,0,0,LEADER,1,4,1,42,13,117,0,0,0,0,0,0,0,0,0
90732,37,bully,3218,1,13,580736,117,0,702,0,1,37,87514,3218,0,14,0,0,0,LEADER,1,4,1,46,13,117,0,0,0,0,0,0,0,0,0
90988,49,bully,3474,1,13,584064,117,0,702,0,1,49,87514,3474,0,14,0,0,0,LEADER,1,4,1,58,13,117,0,0,0,0,0,0,0,0,0
90649,35,bully,3135,1,13,579657,117,0,702,0,1,35,87514,3135,0,14,0,0,0,LEADER,1,4,1,44,13,117,0,0,0,0,0,0,0,0,0
91125,46,bully,3611,1,13,585845,117,0,702,0,1,46,87514,3611,0,14,0,0,0,LEADER,1,4,1,55,13,117,0,0,0,0,0,0,0,0,0
91003,17,bully,3489,1,13,584259,117,0,702,0,1,17,87514,3489,0,14,0,0,0,LEADER,1,4,1,26,13,117,0,0,0,0,0,0,0,0,0
91140,14,bully,3626,1,13,586040,117,118,702,708,2,1,87514,3626,0,14,0,0,0,NORMAL,0,3,1,9,44,117,0,118,0,0,0,0,0,0,0
91206,34,bully,3692,1,13,586898,117,0,702,0,1,34,87514,3692,0,14,0,0,0,LEADER,1,4,1,43,13,117,0,0,0,0,0,0,0,0,0
90814,42,bully,3304,1,13,581820,117,0,702,0,1,42,87510,3304,0,14,0,0,0,LEADER,1,4,1,51,13,117,0,0,0,0,0,0,0,0,0
90967,50,bully,3453,1,13,583791,117,0,702,0,1,50,87514,3453,0,14,0,0,0,LEADER,1,4,1,59,13,117,0,0,0,0,0,0,0,0,0
90479,28,bully,2965,1,13,577447,117,0,702,0,1,28,87514,2965,0,14,0,0,0,LEADER,1,4,1,37,13,117,0,0,0,0,0,0,0,0,0
90674,7,bully,3160,1,13,579982,117,234,702,1404,2,1,87514,3160,0,14,0,0,0,NORMAL,0,3,1,9,44,117,0,234,0,0,0,0,0,0,0
91117,15,bully,3603,1,13,585741,117,118,702,708,2,1,87514,3603,0,14,0,0,0,NORMAL,0,3,1,9,53,117,0,118,0,0,0,0,0,0,0
90795,18,bully,3281,1,13,581555,117,0,702,0,1,18,87514,3281,0,14,0,0,0,LEADER,1,4,1,27,13,117,0,0,0,0,0,0,0,0,0
90779,1,bully,3265,1,13,581347,117,236,702,1416,1,1,87514,3265,0,14,0,0,0,LEADER,1,4,1,10,13,117,0,236,0,0,0,0,0,0,0
91070,30,bully,3556,1,13,585130,117,0,702,0,1,30,87514,3556,0,14,0,0,0,LEADER,1,4,1,39,13,117,0,0,0,0,0,0,0,0,0
90784,32,bully,3271,1,13,581420,117,0,702,0,1,32,87513,3271,0,14,0,0,0,LEADER,1,4,1,41,13,117,0,0,0,0,0,0,0,0,0
91105,10,bully,3592,1,13,585595,117,118,702,708,1,1,87513,3592,0,14,0,0,0,NORMAL,0,3,1,10,27,117,0,118,0,0,0,0,0,0,0
90697,13,bully,3183,1,13,580281,117,115,702,690,1,1,87514,3183,0,14,0,0,0,NORMAL,0,3,1,9,42,117,0,115,0,0,0,0,0,0,0
90797,43,bully,3283,1,13,581581,117,0,702,0,1,43,87514,3283,0,14,0,0,0,LEADER,1,4,1,52,13,117,0,0,0,0,0,0,0,0,0
90970,24,bully,3456,1,13,583830,117,0,702,0,1,24,87514,3456,0,14,0,0,0,LEADER,1,4,1,33,13,117,0,0,0,0,0,0,0,0,0
91036,27,bully,3522,1,13,584688,117,0,702,0,1,27,87514,3522,0,14,0,0,0,LEADER,1,4,1,36,13,117,0,0,0,0,0,0,0,0,0
91103,47,bully,3589,1,13,585559,117,0,702,0,1,47,87514,3589,0,14,0,0,0,LEADER,1,4,1,56,13,117,0,0,0,0,0,0,0,0,0
90867,20,bully,3353,1,13,582491,117,0,702,0,1,20,87514,3353,0,14,0,0,0,LEADER,1,4,1,29,13,117,0,0,0,0,0,0,0,0,0
90933,40,bully,3419,1,13,583349,117,0,702,0,1,40,87514,3419,0,14,0,0,0,LEADER,1,4,1,49,13,117,0,0,0,0,0,0,0,0,0
92725,19,bully,2910,1,14,669451,120,0,720,0,1,19,89815,2910,0,15,0,0,0,LEADER,1,4,1,22,14,120,0,0,0,0,0,0,0,0,0
92761,29,bully,2944,1,14,669935,120,0,720,0,1,29,89817,2944,0,15,0,0,0,LEADER,1,4,1,32,14,120,0,0,0,0,0,0,0,0,0
92516,2,bully,2707,1,14,666552,120,238,720,1428,1,1,89809,2707,0,15,0,0,0,NORMAL,0,3,2,3,36,120,0,238,0,0,0,0,0,0,0
92930,36,bully,3113,1,14,672301,120,0,720,0,1,36,89817,3113,0,15,0,0,0,LEADER,1,4,1,39,14,120,0,0,0,0,0,0,0,0,0
92646,31,bully,2829,1,14,668325,120,0,720,0,1,31,89817,2829,0,15,0,0,0,LEADER,1,4,1,34,14,120,0,0,0,0,0,0,0,0,0
92985,45,bully,3168,1,14,673071,120,0,720,0,1,45,89817,3168,0,15,0,0,0,LEADER,1,4,1,48,14,120,0,0,0,0,0,0,0,0,0
92579,11,bully,2762,1,14,667387,120,119,720,714,1,1,89817,2762,0,15,0,0,0,NORMAL,0,3,2,3,44,120,0,119,0,0,0,0,0,0,0
92679,41,bully,2862,1,14,668787,120,0,720,0,1,41,89817,2862,0,15,0,0,0,LEADER,1,4,1,44,14,120,0,0,0,0,0,0,0,0,0
92897,26,bully,3080,1,14,671839,120,0,720,0,1,26,89817,3080,0,15,0,0,0,LEADER,1,4,1,29,14,120,0,0,0,0,0,0,0,0,0
92671,4,bully,2854,1,14,668675,120,228,720,1368,1,1,89817,2854,0,15,0,0,0,NORMAL,0,3,2,3,46,120,0,228,0,0,0,0,0,0,0
92830,6,bully,3013,1,14,670901,120,238,720,1428,2,1,89817,3013,0,15,0,0,0,NORMAL,0,3,2,3,46,120,0,238,0,0,0,0,0,0,0
92555,12,bully,2740,1,14,667062,120,120,720,720,1,1,89815,2740,0,15,0,0,0,NORMAL,0,3,2,3,54,120,0,120,0,0,0,0,0,0,0
92694,9,bully,2877,1,14,668997,120,119,720,714,1,1,89817,2877,0,15,0,0,0,NORMAL,0,3,2,3,42,120,0,119,0,0,0,0,0,0,0
92849,48,bully,3032,1,14,671167,120,0,720,0,1,48,89817,3032,0,15,0,0,0,LEADER,1,4,1,51,14,120,0,0,0,0,0,0,0,0,0
92543,44,bully,2726,1,14,666883,120,0,720,0,1,44,89817,2726,0,15,0,0,0,LEADER,1,4,1,47,14,120,0,0,0,0,0,0,0,0,0
93251,8,bully,3434,1,14,676795,120,119,720,714,2,1,89817,3434,0,15,0,0,0,NORMAL,0,3,2,3,48,120,0,119,0,0,0,0,0,0,0
92591,22,bully,2774,1,14,667555,120,0,720,0,1,22,89817,2774,0,15,0,0,0,LEADER,1,4,1,25,14,120,0,0,0,0,0,0,0,0,0
93258,39,bully,3441,1,14,676893,120,0,720,0,1,39,89817,3441,0,15,0,0,0,LEADER,1,4,1,42,14,120,0,0,0,0,0,0,0,0,0
92612,21,bully,2795,1,14,667849,120,0,720,0,1,21,89817,2795,0,15,0,0,0,LEADER,1,4,1,24,14,120,0,0,0,0,0,0,0,0,0
92967,3,bully,3150,1,14,672819,120,242,720,1452,1,1,89817,3150,0,15,0,0,0,NORMAL,0,3,2,3,43,120,0,242,0,0,0,0,0,0,0
93388,5,bully,3571,1,14,678713,120,242,720,1452,1,1,89817,3571,0,15,0,0,0,NORMAL,0,3,2,3,46,120,0,242,0,0,0,0,0,0,0
93033,23,bully,3216,1,14,673743,120,0,720,0,1,23,89817,3216,0,15,0,0,0,LEADER,1,4,1,26,14,120,0,0,0,0,0,0,0,0,0
92813,38,bully,2998,1,14,670680,120,0,720,0,1,38,89815,2998,0,15,0,0,0,LEADER,1,4,1,41,14,120,0,0,0,0,0,0,0,0,0
92861,16,bully,3047,1,14,671361,120,120,720,720,2,1,89814,3047,0,15,0,0,0,NORMAL,0,3,2,3,59,120,0,120,0,0,0,0,0,0,0
92749,25,bully,2932,1,14,669767,120,0,720,0,1,25,89817,2932,0,15,0,0,0,LEADER,1,4,1,28,14,120,0,0,0,0,0,0,0,0,0
93067,33,bully,3250,1,14,674219,120,0,720,0,1,33,89817,3250,0,15,0,0,0,LEADER,1,4,1,36,14,120,0,0,0,0,0,0,0,0,0
93035,37,bully,3218,1,14,673771,120,0,720,0,1,37,89817,3218,0,15,0,0,0,LEADER,1,4,1,40,14,120,0,0,0,0,0,0,0,0,0
93291,49,bully,3474,1,14,677355,120,0,720,0,1,49,89817,3474,0,15,0,0,0,LEADER,1,4,1,52,14,120,0,0,0,0,0,0,0,0,0
92952,35,bully,3135,1,14,672609,120,0,720,0,1,35,89817,3135,0,15,0,0,0,LEADER,1,4,1,38,14,120,0,0,0,0,0,0,0,0,0
93428,46,bully,3611,1,14,679273,120,0,720,0,1,46,89817,3611,0,15,0,0,0,LEADER,1,4,1,49,14,120,0,0,0,0,0,0,0,0,0
93306,17,bully,3489,1,14,677565,120,0,720,0,1,17,89817,3489,0,15,0,0,0,LEADER,1,4,1,20,14,120,0,0,0,0,0,0,0,0,0
93443,14,bully,3626,1,14,679483,120,121,720,726,2,1,89817,3626,0,15,0,0,0,NORMAL,0,3,2,3,47,120,0,121,0,0,0,0,0,0,0
93509,34,bully,3692,1,14,680407,120,0,720,0,1,34,89817,3692,0,15,0,0,0,LEADER,1,4,1,37,14,120,0,0,0,0,0,0,0,0,0
93117,42,bully,3304,1,14,674937,120,0,720,0,1,42,89813,3304,0,15,0,0,0,LEADER,1,4,1,45,14,120,0,0,0,0,0,0,0,0,0
93270,50,bully,3453,1,14,677061,120,0,720,0,1,50,89817,3453,0,15,0,0,0,LEADER,1,4,1,53,14,120,0,0,0,0,0,0,0,0,0
92782,28,bully,2965,1,14,670229,120,0,720,0,1,28,89817,2965,0,15,0,0,0,LEADER,1,4,1,31,14,120,0,0,0,0,0,0,0,0,0
92977,7,bully,3160,1,14,672959,120,240,720,1440,2,1,89817,3160,0,15,0,0,0,NORMAL,0,3,2,3,47,120,0,240,0,0,0,0,0,0,0
93420,15,bully,3603,1,14,679161,120,120,720,720,2,1,89817,3603,0,15,0,0,0,NORMAL,0,3,2,3,56,120,0,120,0,0,0,0,0,0,0
93098,18,bully,3281,1,14,674653,120,0,720,0,1,18,89817,3281,0,15,0,0,0,LEADER,1,4,1,21,14,120,0,0,0,0,0,0,0,0,0
93082,1,bully,3265,1,14,674429,120,242,720,1452,1,1,89817,3265,0,15,0,0,0,LEADER,1,4,1,4,14,120,0,242,0,0,0,0,0,0,0
93372,30,bully,3556,1,14,678502,120,0,720,0,1,30,89816,3556,0,15,0,0,0,LEADER,1,4,1,33,14,120,0,0,0,0,0,0,0,0,0
93087,32,bully,3271,1,14,674507,120,0,720,0,1,32,89816,3271,0,15,0,0,0,LEADER,1,4,1,35,14,120,0,0,0,0,0,0,0,0,0
93408,10,bully,3592,1,14,679003,120,121,720,726,1,1,89816,3592,0,15,0,0,0,NORMAL,0,3,2,4,29,120,0,121,0,0,0,0,0,0,0
93000,13,bully,3183,1,14,673281,120,117,720,702,1,1,89817,3183,0,15,0,0,0,NORMAL,0,3,2,3,45,120,0,117,0,0,0,0,0,0,0
93100,43,bully,3283,1,14,674681,120,0,720,0,1,43,89817,3283,0,15,0,0,0,LEADER,1,4,1,46,14,120,0,0,0,0,0,0,0,0,0
93273,24,bully,3456,1,14,677103,120,0,720,0,1,24,89817,3456,0,15,0,0,0,LEADER,1,4,1,27,14,120,0,0,0,0,0,0,0,0,0
93339,27,bully,3522,1,14,678027,120,0,720,0,1,27,89817,3522,0,15,0,0,0,LEADER,1,4,1,30,14,120,0,0,0,0,0,0,0,0,0
93406,47,bully,3589,1,14,678965,120,0,720,0,1,47,89817,3589,0,15,0,0,0,LEADER,1,4,1,50,14,120,0,0,0,0,0,0,0,0,0
93170,20,bully,3353,1,14,675661,120,0,720,0,1,20,89817,3353,0,15,0,0,0,LEADER,1,4,1,23,14,120,0,0,0,0,0,0,0,0,0
93236,40,bully,3419,1,14,676585,120,0,720,0,1,40,89817,3419,0,15,0,0,0,LEADER,1,4,1,43,14,120,0,0,0,0,0,0,0,0,0
95028,19,bully,2910,1,14,669451,123,0,738,0,1,19,92118,2910,0,15,0,0,0,LEADER,1,4,1,25,14,123,0,0,0,0,0,0,0,0,0
95064,29,bully,2944,1,14,669935,123,0,738,0,1,29,92120,2944,0,15,0,0,0,LEADER,1,4,1,35,14,123,0,0,0,0,0,0,0,0,0
94819,2,bully,2707,1,14,666552,123,243,738,1458,1,1,92112,2707,0,15,0,0,0,NORMAL,0,3,1,6,36,123,0,243,0,0,0,0,0,0,0
95233,36,bully,3113,1,14,672301,123,0,738,0,1,36,92120,3113,0,15,0,0,0,LEADER,1,4,1,42,14,123,0,0,0,0,0,0,0,0,0
94949,31,bully,2829,1,14,668325,123,0,738,0,1,31,92120,2829,0,15,0,0,0,LEADER,1,4,1,37,14,123,0,0,0,0,0,0,0,0,0
95288,45,bully,3168,1,14,673071,123,0,738,0,1,45,92120,3168,0,15,0,0,0,LEADER,1,4,1,51,14,123,0,0,0,0,0,0,0,0,0
94882,11,bully,2762,1,14,667387,123,122,738,732,1,1,92120,2762,0,15,0,0,0,NORMAL,0,3,1,6,44,123,0,122,0,0,0,0,0,0,0
94982,41,bully,2862,1,14,668787,123,0,738,0,1,41,92120,2862,0,15,0,0,0,LEADER,1,4,1,47,14,123,0,0,0,0,0,0,0,0,0
95200,26,bully,3080,1,14,671839,123,0,738,0,1,26,92120,3080,0,15,0,0,0,LEADER,1,4,1,32,14,123,0,0,0,0,0,0,0,0,0
94974,4,bully,2854,1,14,668675,123,234,738,1404,1,1,92120,2854,0,15,0,0,0,NORMAL,0,3,1,6,46,123,0,234,0,0,0,0,0,0,0
95133,6,bully,3013,1,14,670901,123,244,738,1464,2,1,92120,3013,0,15,0,0,0,NORMAL,0,3,1,6,46,123,0,244,0,0,0,0,0,0,0
94858,12,bully,2740,1,14,667062,123,123,738,738,1,1,92118,2740,0,15,0,0,0,NORMAL,0,3,1,6,54,123,0,123,0,0,0,0,0,0,0
94997,9,bully,2877,1,14,668997,123,122,738,732,1,1,92120,2877,0,15,0,0,0,NORMAL,0,3,1,6,42,123,0,122,0,0,0,0,0,0,0
95152,48,bully,3032,1,14,671167,123,0,738,0,1,48,92120,3032,0,15,0,0,0,LEADER,1,4,1,54,14,123,0,0,0,0,0,0,0,0,0
94846,44,bully,2726,1,14,666883,123,0,738,0,1,44,92120,2726,0,15,0,0,0,LEADER,1,4,1,50,14,123,0,0,0,0,0,0,0,0,0
95554,8,bully,3434,1,14,676795,123,122,738,732,2,1,92120,3434,0,15,0,0,0,NORMAL,0,3,1,6,48,123,0,122,0,0,0,0,0,0,0
94894,22,bully,2774,1,14,667555,123,0,738,0,1,22,92120,2774,0,15,0,0,0,LEADER,1,4,1,28,14,123,0,0,0,0,0,0,0,0,0
95561,39,bully,3441,1,14,676893,123,0,738,0,1,39,92120,3441,0,15,0,0,0,LEADER,1,4,1,45,14,123,0,0,0,0,0,0,0,0,0
94915,21,bully,2795,1,14,667849,123,0,738,0,1,21,92120,2795,0,15,0,0,0,LEADER,1,4,1,27,14,123,0,0,0,0,0,0,0,0,0
95270,3,bully,3150,1,14,672819,123,248,738,1488,1,1,92120,3150,0,15,0,0,0,NORMAL,0,3,1,6,43,123,0,248,0,0,0,0,0,0,0
95691,5,bully,3571,1,14,678713,123,248,738,1488,1,1,92120,3571,0,15,0,0,0,NORMAL,0,3,1,6,46,123,0,248,0,0,0,0,0,0,0
95336,23,bully,3216,1,14,673743,123,0,738,0,1,23,92120,3216,0,15,0,0,0,LEADER,1,4,1,29,14,123,0,0,0,0,0,0,0,0,0
95116,38,bully,2998,1,14,670680,123,0,738,0,1,38,92118,2998,0,15,0,0,0,LEADER,1,4,1,44,14,123,0,0,0,0,0,0,0,0,0
95164,16,bully,3047,1,14,671361,123,123,738,738,2,1,92117,3047,0,15,0,0,0,NORMAL,0,3,1,6,59,123,0,123,0,0,0,0,0,0,0
95052,25,bully,2932,1,14,669767,123,0,738,0,1,25,92120,2932,0,15,0,0,0,LEADER,1,4,1,31,14,123,0,0,0,0,0,0,0,0,0
95370,33,bully,3250,1,14,674219,123,0,738,0,1,33,92120,3250,0,15,0,0,0,LEADER,1,4,1,39,14,123,0,0,0,0,0,0,0,0,0
95338,37,bully,3218,1,14,673771,123,0,738,0,1,37,92120,3218,0,15,0,0,0,LEADER,1,4,1,43,14,123,0,0,0,0,0,0,0,0,0
95594,49,bully,3474,1,14,677355,123,0,738,0,1,49,92120,3474,0,15,0,0,0,LEADER,1,4,1,55,14,123,0,0,0,0,0,0,0,0,0
95255,35,bully,3135,1,14,672609,123,0,738,0,1,35,92120,3135,0,15,0,0,0,LEADER,1,4,1,41,14,123,0,0,0,0,0,0,0,0,0
95731,46,bully,3611,1,14,679273,123,0,738,0,1,46,92120,3611,0,15,0,0,0,LEADER,1,4,1,52,14,123,0,0,0,0,0,0,0,0,0
95609,17,bully,3489,1,14,677565,123,0,738,0,1,17,92120,3489,0,15,0,0,0,LEADER,1,4,1,23,14,123,0,0,0,0,0,0,0,0,0
95746,14,bully,3626,1,14,679483,123,124,738,744,2,1,92120,3626,0,15,0,0,0,NORMAL,0,3,1,6,47,123,0,124,0,0,0,0,0,0,0
95812,34,bully,3692,1,14,680407,123,0,738,0,1,34,92120,3692,0,15,0,0,0,LEADER,1,4,1,40,14,123,0,0,0,0,0,0,0,0,0
95420,42,bully,3304,1,14,674937,123,0,738,0,1,42,92116,3304,0,15,0,0,0,LEADER,1,4,1,48,14,123,0,0,0,0,0,0,0,0,0
95573,50,bully,3453,1,14,677061,123,0,738,0,1,50,92120,3453,0,15,0,0,0,LEADER,1,4,1,56,14,123,0,0,0,0,0,0,0,0,0
95085,28,bully,2965,1,14,670229,123,0,738,0,1,28,92120,2965,0,15,0,0,0,LEADER,1,4,1,34,14,123,0,0,0,0,0,0,0,0,0
95280,7,bully,3160,1,14,672959,123,246,738,1476,2,1,92120,3160,0,15,0,0,0,NORMAL,0,3,1,6,47,123,0,246,0,0,0,0,0,0,0
95723,15,bully,3603,1,14,679161,123,123,738,738,2,1,92120,3603,0,15,0,0,0,NORMAL,0,3,1,6,56,123,0,123,0,0,0,0,0,0,0
95401,18,bully,3281,1,14,674653,123,0,738,0,1,18,92120,3281,0,15,0,0,0,LEADER,1,4,1,24,14,123,0,0,0,0,0,0,0,0,0
95385,1,bully,3265,1,14,674429,123,248,738,1488,1,1,92120,3265,0,15,0,0,0,LEADER,1,4,1,7,14,123,0,248,0,0,0,0,0,0,0
95675,30,bully,3556,1,14,678502,123,0,738,0,1,30,92119,3556,0,15,0,0,0,LEADER,1,4,1,36,14,123,0,0,0,0,0,0,0,0,0
95390,32,bully,3271,1,14,674507,123,0,738,0,1,32,92119,3271,0,15,0,0,0,LEADER,1,4,1,38,14,123,0,0,0,0,0,0,0,0,0
95711,10,bully,3592,1,14,679003,123,124,738,744,1,1,92119,3592,0,15,0,0,0,NORMAL,0,3,1,7,29,123,0,124,0,0,0,0,0,0,0
95303,13,bully,3183,1,14,673281,123,119,738,714,1,1,92120,3183,0,15,0,0,0,NORMAL,0,3,1,6,45,123,0,119,0,0,0,0,0,0,0
95403,43,bully,3283,1,14,674681,123,0,738,0,1,43,92120,3283,0,15,0,0,0,LEADER,1,4,1,49,14,123,0,0,0,0,0,0,0,0,0
95576,24,bully,3456,1,14,677103,123,0,738,0,1,24,92120,3456,0,15,0,0,0,LEADER,1,4,1,30,14,123,0,0,0,0,0,0,0,0,0
95642,27,bully,3522,1,14,678027,123,0,738,0,1,27,92120,3522,0,15,0,0,0,LEADER,1,4,1,33,14,123,0,0,0,0,0,0,0,0,0
95709,47,bully,3589,1,14,678965,123,0,738,0,1,47,92120,3589,0,15,0,0,0,LEADER,1,4,1,53,14,123,0,0,0,0,0,0,0,0,0
95473,20,bully,3353,1,14,675661,123,0,738,0,1,20,92120,3353,0,15,0,0,0,LEADER,1,4,1,26,14,123,0,0,0,0,0,0,0,0,0
95539,40,bully,3419,1,14,676585,123,0,738,0,1,40,92120,3419,0,15,0,0,0,LEADER,1,4,1,46,14,123,0,0,0,0,0,0,0,0,0
97331,19,bully,2910,1,14,669451,126,0,756,0,1,19,94421,2910,0,15,0,0,0,LEADER,1,4,1,28,14,126,0,0,0,0,0,0,0,0,0
97367,29,bully,2944,1,14,669935,126,0,756,0,1,29,94423,2944,0,15,0,0,0,LEADER,1,4,1,38,14,126,0,0,0,0,0,0,0,0,0
97122,2,bully,2707,1,14,666552,126,250,756,1500,1,1,94415,2707,0,15,0,0,0,NORMAL,0,3,1,9,36,126,0,250,0,0,0,0,0,0,0
97536,36,bully,3113,1,14,672301,126,0,756,0,1,36,94423,3113,0,15,0,0,0,LEADER,1,4,1,45,14,126,0,0,0,0,0,0,0,0,0
97252,31,bully,2829,1,14,668325,126,0,756,0,1,31,94423,2829,0,15,0,0,0,LEADER,1,4,1,40,14,126,0,0,0,0,0,0,0,0,0
97591,45,bully,3168,1,14,673071,126,0,756,0,1,45,94423,3168,0,15,0,0,0,LEADER,1,4,1,54,14,126,0,0,0,0,0,0,0,0,0
97185,11,bully,2762,1,14,667387,126,125,756,750,1,1,94423,2762,0,15,0,0,0,NORMAL,0,3,1,9,44,126,0,125,0,0,0,0,0,0,0
97285,41,bully,2862,1,14,668787,126,0,756,0,1,41,94423,2862,0,15,0,0,0,LEADER,1,4,1,50,14,126,0,0,0,0,0,0,0,0,0
97503,26,bully,3080,1,14,671839,126,0,756,0,1,26,94423,3080,0,15,0,0,0,LEADER,1,4,1,35,14,126,0,0,0,0,0,0,0,0,0
97277,4,bully,2854,1,14,668675,126,240,756,1440,1,1,94423,2854,0,15,0,0,0,NORMAL,0,3,1,9,46,126,0,240,0,0,0,0,0,0,0
97436,6,bully,3013,1,14,670901,126,250,756,1500,2,1,94423,3013,0,15,0,0,0,NORMAL,0,3,1,9,46,126,0,250,0,0,0,0,0,0,0
97161,12,bully,2740,1,14,667062,126,126,756,756,1,1,94421,2740,0,15,0,0,0,NORMAL,0,3,1,9,54,126,0,126,0,0,0,0,0,0,0
97300,9,bully,2877,1,14,668997,126,125,756,750,1,1,94423,2877,0,15,0,0,0,NORMAL,0,3,1,9,42,126,0,125,0,0,0,0,0,0,0
97455,48,bully,3032,1,14,671167,126,0,756,0,1,48,94423,3032,0,15,0,0,0,LEADER,1,4,1,57,14,126,0,0,0,0,0,0,0,0,0
97149,44,bully,2726,1,14,666883,126,0,756,0,1,44,94423,2726,0,15,0,0,0,LEADER,1,4,1,53,14,126,0,0,0,0,0,0,0,0,0
97857,8,bully,3434,1,14,676795,126,125,756,750,2,1,94423,3434,0,15,0,0,0,NORMAL,0,3,1,9,48,126,0,125,0,0,0,0,0,0,0
97196,22,bully,2774,1,14,667555,126,0,756,0,1,22,94422,2774,0,15,0,0,0,LEADER,1,4,1,31,14,126,0,0,0,0,0,0,0,0,0
97864,39,bully,3441,1,14,676893,126,0,756,0,1,39,94423,3441,0,15,0,0,0,LEADER,1,4,1,48,14,126,0,0,0,0,0,0,0,0,0
97218,21,bully,2795,1,14,667849,126,0,756,0,1,21,94423,2795,0,15,0,0,0,LEADER,1,4,1,30,14,126,0,0,0,0,0,0,0,0,0
97573,3,bully,3150,1,14,672819,126,254,756,1524,1,1,94423,3150,0,15,0,0,0,NORMAL,0,3,1,9,43,126,0,254,0,0,0,0,0,0,0
97994,5,bully,3571,1,14,678713,126,254,756,1524,1,1,94423,3571,0,15,0,0,0,NORMAL,0,3,1,9,46,126,0,254,0,0,0,0,0,0,0
97639,23,bully,3216,1,14,673743,126,0,756,0,1,23,94423,3216,0,15,0,0,0,LEADER,1,4,1,32,14,126,0,0,0,0,0,0,0,0,0
97419,38,bully,2998,1,14,670680,126,0,756,0,1,38,94421,2998,0,15,0,0,0,LEADER,1,4,1,47,14,126,0,0,0,0,0,0,0,0,0
97467,16,bully,3047,1,14,671361,126,126,756,756,2,1,94420,3047,0,15,0,0,0,NORMAL,0,3,1,9,59,126,0,126,0,0,0,0,0,0,0
97355,25,bully,2932,1,14,669767,126,0,756,0,1,25,94423,2932,0,15,0,0,0,LEADER,1,4,1,34,14,126,0,0,0,0,0,0,0,0,0
97673,33,bully,3250,1,14,674219,126,0,756,0,1,33,94423,3250,0,15,0,0,0,LEADER,1,4,1,42,14,126,0,0,0,0,0,0,0,0,0
97641,37,bully,3218,1,14,673771,126,0,756,0,1,37,94423,3218,0,15,0,0,0,LEADER,1,4,1,46,14,126,0,0,0,0,0,0,0,0,0
97897,49,bully,3474,1,14,677355,126,0,756,0,1,49,94423,3474,0,15,0,0,0,LEADER,1,4,1,58,14,126,0,0,0,0,0,0,0,0,0
97558,35,bully,3135,1,14,672609,126,0,756,0,1,35,94423,3135,0,15,0,0,0,LEADER,1,4,1,44,14,126,0,0,0,0,0,0,0,0,0
98034,46,bully,3611,1,14,679273,126,0,756,0,1,46,94423,3611,0,15,0,0,0,LEADER,1,4,1,55,14,126,0,0,0,0,0,0,0,0,0
97912,17,bully,3489,1,14,677565,126,0,756,0,1,17,94423,3489,0,15,0,0,0,LEADER,1,4,1,26,14,126,0,0,0,0,0,0,0,0,0
98049,14,bully,3626,1,14,679483,126,127,756,762,2,1,94423,3626,0,15,0,0,0,NORMAL,0,3,1,9,47,126,0,127,0,0,0,0,0,0,0
98115,34,bully,3692,1,14,680407,126,0,756,0,1,34,94423,3692,0,15,0,0,0,LEADER,1,4,1,43,14,126,0,0,0,0,0,0,0,0,0
97723,42,bully,3304,1,14,674937,126,0,756,0,1,42,94419,3304,0,15,0,0,0,LEADER,1,4,1,51,14,126,0,0,0,0,0,0,0,0,0
97876,50,bully,3453,1,14,677061,126,0,756,0,1,50,94423,3453,0,15,0,0,0,LEADER,1,4,1,59,14,126,0,0,0,0,0,0,0,0,0
97388,28,bully,2965,1,14,670229,126,0,756,0,1,28,94423,2965,0,15,0,0,0,LEADER,1,4,1,37,14,126,0,0,0,0,0,0,0,0,0
97583,7,bully,3160,1,14,672959,126,252,756,1512,2,1,94423,3160,0,15,0,0,0,NORMAL,0,3,1,9,47,126,0,252,0,0,0,0,0,0,0
98026,15,bully,3603,1,14,679161,126,127,756,762,2,1,94423,3603,0,15,0,0,0,NORMAL,0,3,1,9,56,126,0,127,0,0,0,0,0,0,0
97704,18,bully,3281,1,14,674653,126,0,756,0,1,18,94423,3281,0,15,0,0,0,LEADER,1,4,1,27,14,126,0,0,0,0,0,0,0,0,0
97688,1,bully,3265,1,14,674429,126,254,756,1524,1,1,94423,3265,0,15,0,0,0,LEADER,1,4,1,10,14,126,0,254,0,0,0,0,0,0,0
97978,30,bully,3556,1,14,678502,126,0,756,0,1,30,94422,3556,0,15,0,0,0,LEADER,1,4,1,39,14,126,0,0,0,0,0,0,0,0,0
97693,32,bully,3271,1,14,674507,126,0,756,0,1,32,94422,3271,0,15,0,0,0,LEADER,1,4,1,41,14,126,0,0,0,0,0,0,0,0,0
98014,10,bully,3592,1,14,679003,126,127,756,762,1,1,94422,3592,0,15,0,0,0,NORMAL,0,3,1,10,29,126,0,127,0,0,0,0,0,0,0
97606,13,bully,3183,1,14,673281,126,122,756,732,1,1,94423,3183,0,15,0,0,0,NORMAL,0,3,1,9,45,126,0,122,0,0,0,0,0,0,0
97706,43,bully,3283,1,14,674681,126,0,756,0,1,43,94423,3283,0,15,0,0,0,LEADER,1,4,1,52,14,126,0,0,0,0,0,0,0,0,0
97879,24,bully,3456,1,14,677103,126,0,756,0,1,24,94423,3456,0,15,0,0,0,LEADER,1,4,1,33,14,126,0,0,0,0,0,0,0,0,0
97945,27,bully,3522,1,14,678027,126,0,756,0,1,27,94423,3522,0,15,0,0,0,LEADER,1,4,1,36,14,126,0,0,0,0,0,0,0,0,0
98012,47,bully,3589,1,14,678965,126,0,756,0,1,47,94423,3589,0,15,0,0,0,LEADER,1,4,1,56,14,126,0,0,0,0,0,0,0,0,0
97776,20,bully,3353,1,14,675661,126,0,756,0,1,20,94423,3353,0,15,0,0,0,LEADER,1,4,1,29,14,126,0,0,0,0,0,0,0,0,0
97842,40,bully,3419,1,14,676585,126,0,756,0,1,40,94423,3419,0,15,0,0,0,LEADER,1,4,1,49,14,126,0,0,0,0,0,0,0,0,0
99634,19,bully,2910,1,15,769085,129,0,774,0,1,19,96724,2910,0,16,0,0,0,LEADER,1,4,1,22,15,129,0,0,0,0,0,0,0,0,0
99670,29,bully,2944,1,15,769605,129,0,774,0,1,29,96726,2944,0,16,0,0,0,LEADER,1,4,1,32,15,129,0,0,0,0,0,0,0,0,0
99425,2,bully,2707,1,15,765977,129,256,774,1536,1,1,96718,2707,0,16,0,0,0,NORMAL,0,3,2,3,39,129,0,256,0,0,0,0,0,0,0
99839,36,bully,3113,1,15,772140,129,0,774,0,1,36,96726,3113,0,16,0,0,0,LEADER,1,4,1,39,15,129,0,0,0,0,0,0,0,0,0
99555,31,bully,2829,1,15,767880,129,0,774,0,1,31,96726,2829,0,16,0,0,0,LEADER,1,4,1,34,15,129,0,0,0,0,0,0,0,0,0
99894,45,bully,3168,1,15,772965,129,0,774,0,1,45,96726,3168,0,16,0,0,0,LEADER,1,4,1,48,15,129,0,0,0,0,0,0,0,0,0
99488,11,bully,2762,1,15,766875,129,128,774,768,1,1,96726,2762,0,16,0,0,0,NORMAL,0,3,2,3,47,129,0,128,0,0,0,0,0,0,0
99588,41,bully,2862,1,15,768375,129,0,774,0,1,41,96726,2862,0,16,0,0,0,LEADER,1,4,1,44,15,129,0,0,0,0,0,0,0,0,0
99806,26,bully,3080,1,15,771645,129,0,774,0,1,26,96726,3080,0,16,0,0,0,LEADER,1,4,1,29,15,129,0,0,0,0,0,0,0,0,0
99580,4,bully,2854,1,15,768255,129,244,774,1464,1,1,96726,2854,0,16,0,0,0,NORMAL,0,3,2,3,49,129,0,244,0,0,0,0,0,0,0
99739,6,bully,3013,1,15,770640,129,256,774,1536,2,1,96726,3013,0,16,0,0,0,NORMAL,0,3,2,3,49,129,0,256,0,0,0,0,0,0,0
99464,12,bully,2740,1,15,766526,129,129,774,774,1,1,96724,2740,0,16,0,0,0,NORMAL,0,3,2,3,58,129,0,129,0,0,0,0,0,0,0
99603,9,bully,2877,1,15,768600,129,128,774,768,1,1,96726,2877,0,16,0,0,0,NORMAL,0,3,2,3,45,129,0,128,0,0,0,0,0,0,0
99758,48,bully,3032,1,15,770925,129,0,774,0,1,48,96726,3032,0,16,0,0,0,LEADER,1,4,1,51,15,129,0,0,0,0,0,0,0,0,0
99452,44,bully,2726,1,15,766335,129,0,774,0,1,44,96726,2726,0,16,0,0,0,LEADER,1,4,1,47,15,129,0,0,0,0,0,0,0,0,0
100160,8,bully,3434,1,15,776955,129,128,774,768,2,1,96726,3434,0,16,0,0,0,NORMAL,0,3,2,3,51,129,0,128,0,0,0,0,0,0,0
99499,22,bully,2774,1,15,767054,129,0,774,0,1,22,96725,2774,0,16,0,0,0,LEADER,1,4,1,25,15,129,0,0,0,0,0,0,0,0,0
100167,39,bully,3441,1,15,777060,129,0,774,0,1,39,96726,3441,0,16,0,0,0,LEADER,1,4,1,42,15,129,0,0,0,0,0,0,0,0,0
99521,21,bully,2795,1,15,767370,129,0,774,0,1,21,96726,2795,0,16,0,0,0,LEADER,1,4,1,24,15,129,0,0,0,0,0,0,0,0,0
99876,3,bully,3150,1,15,772695,129,260,774,1560,1,1,96726,3150,0,16,0,0,0,NORMAL,0,3,2,3,46,129,0,260,0,0,0,0,0,0,0
100297,5,bully,3571,1,15,779010,129,260,774,1560,1,1,96726,3571,0,16,0,0,0,NORMAL,0,3,2,3,49,129,0,260,0,0,0,0,0,0,0
99942,23,bully,3216,1,15,773685,129,0,774,0,1,23,96726,3216,0,16,0,0,0,LEADER,1,4,1,26,15,129,0,0,0,0,0,0,0,0,0
99722,38,bully,2998,1,15,770402,129,0,774,0,1,38,96724,2998,0,16,0,0,0,LEADER,1,4,1,41,15,129,0,0,0,0,0,0,0,0,0
99770,16,bully,3047,1,15,771131,129,129,774,774,2,1,96723,3047,0,16,0,0,0,NORMAL,0,3,2,3,63,129,0,129,0,0,0,0,0,0,0
99658,25,bully,2932,1,15,769425,129,0,774,0,1,25,96726,2932,0,16,0,0,0,LEADER,1,4,1,28,15,129,0,0,0,0,0,0,0,0,0
99976,33,bully,3250,1,15,774195,129,0,774,0,1,33,96726,3250,0,16,0,0,0,LEADER,1,4,1,36,15,129,0,0,0,0,0,0,0,0,0
99944,37,bully,3218,1,15,773715,129,0,774,0,1,37,96726,3218,0,16,0,0,0,LEADER,1,4,1,40,15,129,0,0,0,0,0,0,0,0,0
100200,49,bully,3474,1,15,777555,129,0,774,0,1,49,96726,3474,0,16,0,0,0,LEADER,1,4,1,52,15,129,0,0,0,0,0,0,0,0,0
99861,35,bully,3135,1,15,772470,129,0,774,0,1,35,96726,3135,0,16,0,0,0,LEADER,1,4,1,38,15,129,0,0,0,0,0,0,0,0,0
100337,46,bully,3611,1,15,779610,129,0,774,0,1,46,96726,3611,0,16,0,0,0,LEADER,1,4,1,49,15,129,0,0,0,0,0,0,0,0,0
100215,17,bully,3489,1,15,777780,129,0,774,0,1,17,96726,3489,0,16,0,0,0,LEADER,1,4,1,20,15,129,0,0,0,0,0,0,0,0,0
100352,14,bully,3626,1,15,779835,129,130,774,780,2,1,96726,3626,0,16,0,0,0,NORMAL,0,3,2,3,50,129,0,130,0,0,0,0,0,0,0
100418,34,bully,3692,1,15,780825,129,0,774,0,1,34,96726,3692,0,16,0,0,0,LEADER,1,4,1,37,15,129,0,0,0,0,0,0,0,0,0
100026,42,bully,3304,1,15,774963,129,0,774,0,1,42,96722,3304,0,16,0,0,0,LEADER,1,4,1,45,15,129,0,0,0,0,0,0,0,0,0
100179,50,bully,3453,1,15,777240,129,0,774,0,1,50,96726,3453,0,16,0,0,0,LEADER,1,4,1,53,15,129,0,0,0,0,0,0,0,0,0
99691,28,bully,2965,1,15,769920,129,0,774,0,1,28,96726,2965,0,16,0,0,0,LEADER,1,4,1,31,15,129,0,0,0,0,0,0,0,0,0
99886,7,bully,3160,1,15,772845,129,258,774,1548,2,1,96726,3160,0,16,0,0,0,NORMAL,0,3,2,3,50,129,0,258,0,0,0,0,0,0,0
100329,15,bully,3603,1,15,779490,129,130,774,780,2,1,96726,3603,0,16,0,0,0,NORMAL,0,3,2,3,59,129,0,130,0,0,0,0,0,0,0
100007,18,bully,3281,1,15,774660,129,0,774,0,1,18,96726,3281,0,16,0,0,0,LEADER,1,4,1,21,15,129,0,0,0,0,0,0,0,0,0
99991,1,bully,3265,1,15,774420,129,260,774,1560,1,1,96726,3265,0,16,0,0,0,LEADER,1,4,1,4,15,129,0,260,0,0,0,0,0,0,0
100280,30,bully,3556,1,15,778782,129,0,774,0,1,30,96724,3556,0,16,0,0,0,LEADER,1,4,1,33,15,129,0,0,0,0,0,0,0,0,0
99996,32,bully,3271,1,15,774503,129,0,774,0,1,32,96725,3271,0,16,0,0,0,LEADER,1,4,1,35,15,129,0,0,0,0,0,0,0,0,0
100317,10,bully,3592,1,15,779320,129,130,774,780,1,1,96725,3592,0,16,0,0,0,NORMAL,0,3,2,4,31,129,0,130,0,0,0,0,0,0,0
99909,13,bully,3183,1,15,773190,129,124,774,744,1,1,96726,3183,0,16,0,0,0,NORMAL,0,3,2,2,48,129,0,124,0,0,0,0,0,0,0
100009,43,bully,3283,1,15,774690,129,0,774,0,1,43,96726,3283,0,16,0,0,0,LEADER,1,4,1,46,15,129,0,0,0,0,0,0,0,0,0
100182,24,bully,3456,1,15,777285,129,0,774,0,1,24,96726,3456,0,16,0,0,0,LEADER,1,4,1,27,15,129,0,0,0,0,0,0,0,0,0
100248,27,bully,3522,1,15,778275,129,0,774,0,1,27,96726,3522,0,16,0,0,0,LEADER,1,4,1,30,15,129,0,0,0,0,0,0,0,0,0
100315,47,bully,3589,1,15,779280,129,0,774,0,1,47,96726,3589,0,16,0,0,0,LEADER,1,4,1,50,15,129,0,0,0,0,0,0,0,0,0
100079,20,bully,3353,1,15,775740,129,0,774,0,1,20,96726,3353,0,16,0,0,0,LEADER,1,4,1,23,15,129,0,0,0,0,0,0,0,0,0
100145,40,bully,3419,1,15,776730,129,0,774,0,1,40,96726,3419,0,16,0,0,0,LEADER,1,4,1,43,15,129,0,0,0,0,0,0,0,0,0
101937,19,bully,2910,1,15,769085,132,0,792,0,1,19,99027,2910,0,16,0,0,0,LEADER,1,4,1,25,15,132,0,0,0,0,0,0,0,0,0
101973,29,bully,2944,1,15,769605,132,0,792,0,1,29,99029,2944,0,16,0,0,0,LEADER,1,4,1,35,15,132,0,0,0,0,0,0,0,0,0
101728,2,bully,2707,1,15,765977,132,262,792,1572,1,1,99021,2707,0,16,0,0,0,NORMAL,0,3,1,6,39,132,0,262,0,0,0,0,0,0,0
102142,36,bully,3113,1,15,772140,132,0,792,0,1,36,99029,3113,0,16,0,0,0,LEADER,1,4,1,42,15,132,0,0,0,0,0,0,0,0,0
101858,31,bully,2829,1,15,767880,132,0,792,0,1,31,99029,2829,0,16,0,0,0,LEADER,1,4,1,37,15,132,0,0,0,0,0,0,0,0,0
102197,45,bully,3168,1,15,772965,132,0,792,0,1,45,99029,3168,0,16,0,0,0,LEADER,1,4,1,51,15,132,0,0,0,0,0,0,0,0,0
101791,11,bully,2762,1,15,766875,132,131,792,786,1,1,99029,2762,0,16,0,0,0,NORMAL,0,3,1,6,47,132,0,131,0,0,0,0,0,0,0
101891,41,bully,2862,1,15,768375,132,0,792,0,1,41,99029,2862,0,16,0,0,0,LEADER,1,4,1,47,15,132,0,0,0,0,0,0,0,0,0
102109,26,bully,3080,1,15,771645,132,0,792,0,1,26,99029,3080,0,16,0,0,0,LEADER,1,4,1,32,15,132,0,0,0,0,0,0,0,0,0
101883,4,bully,2854,1,15,768255,132,250,792,1500,1,1,99029,2854,0,16,0,0,0,NORMAL,0,3,1,6,49,132,0,250,0,0,0,0,0,0,0
102042,6,bully,3013,1,15,770640,132,262,792,1572,2,1,99029,3013,0,16,0,0,0,NORMAL,0,3,1,6,49,132,0,262,0,0,0,0,0,0,0
101767,12,bully,2740,1,15,766526,132,131,792,786,1,1,99027,2740,0,16,0,0,0,NORMAL,0,3,1,6,58,132,0,131,0,0,0,0,0,0,0
101906,9,bully,2877,1,15,768600,132,131,792,786,1,1,99029,2877,0,16,0,0,0,NORMAL,0,3,1,6,45,132,0,131,0,0,0,0,0,0,0
102061,48,bully,3032,1,15,770925,132,0,792,0,1,48,99029,3032,0,16,0,0,0,LEADER,1,4,1,54,15,132,0,0,0,0,0,0,0,0,0
101755,44,bully,2726,1,15,766335,132,0,792,0,1,44,99029,2726,0,16,0,0,0,LEADER,1,4,1,50,15,132,0,0,0,0,0,0,0,0,0
102463,8,bully,3434,1,15,776955,132,131,792,786,2,1,99029,3434,0,16,0,0,0,NORMAL,0,3,1,6,51,132,0,131,0,0,0,0,0,0,0
101802,22,bully,2774,1,15,767054,132,0,792,0,1,22,99028,2774,0,16,0,0,0,LEADER,1,4,1,28,15,132,0,0,0,0,0,0,0,0,0
102470,39,bully,3441,1,15,777060,132,0,792,0,1,39,99029,3441,0,16,0,0,0,LEADER,1,4,1,45,15,132,0,0,0,0,0,0,0,0,0
101824,21,bully,2795,1,15,767370,132,0,792,0,1,21,99029,2795,0,16,0,0,0,LEADER,1,4,1,27,15,132,0,0,0,0,0,0,0,0,0
102179,3,bully,3150,1,15,772695,132,266,792,1596,1,1,99029,3150,0,16,0,0,0,NORMAL,0,3,1,6,46,132,0,266,0,0,0,0,0,0,0
102600,5,bully,3571,1,15,779010,132,266,792,1596,1,1,99029,3571,0,16,0,0,0,NORMAL,0,3,1,6,49,132,0,266,0,0,0,0,0,0,0
102245,23,bully,3216,1,15,773685,132,0,792,0,1,23,99029,3216,0,16,0,0,0,LEADER,1,4,1,29,15,132,0,0,0,0,0,0,0,0,0
102025,38,bully,2998,1,15,770402,132,0,792,0,1,38,99027,2998,0,16,0,0,0,LEADER,1,4,1,44,15,132,0,0,0,0,0,0,0,0,0
102073,16,bully,3047,1,15,771131,132,132,792,792,2,1,99026,3047,0,16,0,0,0,NORMAL,0,3,1,6,63,132,0,132,0,0,0,0,0,0,0
101961,25,bully,2932,1,15,769425,132,0,792,0,1,25,99029,2932,0,16,0,0,0,LEADER,1,4,1,31,15,132,0,0,0,0,0,0,0,0,0
102279,33,bully,3250,1,15,774195,132,0,792,0,1,33,99029,3250,0,16,0,0,0,LEADER,1,4,1,39,15,132,0,0,0,0,0,0,0,0,0
102247,37,bully,3218,1,15,773715,132,0,792,0,1,37,99029,3218,0,16,0,0,0,LEADER,1,4,1,43,15,132,0,0,0,0,0,0,0,0,0
102503,49,bully,3474,1,15,777555,132,0,792,0,1,49,99029,3474,0,16,0,0,0,LEADER,1,4,1,55,15,132,0,0,0,0,0,0,0,0,0
102164,35,bully,3135,1,15,772470,132,0,792,0,1,35,99029,3135,0,16,0,0,0,LEADER,1,4,1,41,15,132,0,0,0,0,0,0,0,0,0
102640,46,bully,3611,1,15,779610,132,0,792,0,1,46,99029,3611,0,16,0,0,0,LEADER,1,4,1,52,15,132,0,0,0,0,0,0,0,0,0
102518,17,bully,3489,1,15,777780,132,0,792,0,1,17,99029,3489,0,16,0,0,0,LEADER,1,4,1,23,15,132,0,0,0,0,0,0,0,0,0
102655,14,bully,3626,1,15,779835,132,133,792,798,2,1,99029,3626,0,16,0,0,0,NORMAL,0,3,1,6,50,132,0,133,0,0,0,0,0,0,0
102721,34,bully,3692,1,15,780825,132,0,792,0,1,34,99029,3692,0,16,0,0,0,LEADER,1,4,1,40,15,132,0,0,0,0,0,0,0,0,0
102329,42,bully,3304,1,15,774963,132,0,792,0,1,42,99025,3304,0,16,0,0,0,LEADER,1,4,1,48,15,132,0,0,0,0,0,0,0,0,0
102482,50,bully,3453,1,15,777240,132,0,792,0,1,50,99029,3453,0,16,0,0,0,LEADER,1,4,1,56,15,132,0,0,0,0,0,0,0,0,0
101994,28,bully,2965,1,15,769920,132,0,792,0,1,28,99029,2965,0,16,0,0,0,LEADER,1,4,1,34,15,132,0,0,0,0,0,0,0,0,0
102189,7,bully,3160,1,15,772845,132,264,792,1584,2,1,99029,3160,0,16,0,0,0,NORMAL,0,3,1,6,50,132,0,264,0,0,0,0,0,0,0
102632,15,bully,3603,1,15,779490,132,132,792,792,2,1,99029,3603,0,16,0,0,0,NORMAL,0,3,1,6,59,132,0,132,0,0,0,0,0,0,0
102310,18,bully,3281,1,15,774660,132,0,792,0,1,18,99029,3281,0,16,0,0,0,LEADER,1,4,1,24,15,132,0,0,0,0,0,0,0,0,0
102294,1,bully,3265,1,15,774420,132,266,792,1596,1,1,99029,3265,0,16,0,0,0,LEADER,1,4,1,7,15,132,0,266,0,0,0,0,0,0,0
102583,30,bully,3556,1,15,778782,132,0,792,0,1,30,99027,3556,0,16,0,0,0,LEADER,1,4,1,36,15,132,0,0,0,0,0,0,0,0,0
102299,32,bully,3271,1,15,774503,132,0,792,0,1,32,99028,3271,0,16,0,0,0,LEADER,1,4,1,38,15,132,0,0,0,0,0,0,0,0,0
102620,10,bully,3592,1,15,779320,132,133,792,798,1,1,99028,3592,0,16,0,0,0,NORMAL,0,3,1,7,31,132,0,133,0,0,0,0,0,0,0
102212,13,bully,3183,1,15,773190,132,126,792,756,1,1,99029,3183,0,16,0,0,0,NORMAL,0,3,1,5,48,132,0,126,0,0,0,0,0,0,0
102312,43,bully,3283,1,15,774690,132,0,792,0,1,43,99029,3283,0,16,0,0,0,LEADER,1,4,1,49,15,132,0,0,0,0,0,0,0,0,0
102485,24,bully,3456,1,15,777285,132,0,792,0,1,24,99029,3456,0,16,0,0,0,LEADER,1,4,1,30,15,132,0,0,0,0,0,0,0,0,0
102551,27,bully,3522,1,15,778275,132,0,792,0,1,27,99029,3522,0,16,0,0,0,LEADER,1,4,1,33,15,132,0,0,0,0,0,0,0,0,0
102618,47,bully,3589,1,15,779280,132,0,792,0,1,47,99029,3589,0,16,0,0,0,LEADER,1,4,1,53,15,132,0,0,0,0,0,0,0,0,0
102382,20,bully,3353,1,15,775740,132,0,792,0,1,20,99029,3353,0,16,0,0,0,LEADER,1,4,1,26,15,132,0,0,0,0,0,0,0,0,0
102448,40,bully,3419,1,15,776730,132,0,792,0,1,40,99029,3419,0,16,0,0,0,LEADER,1,4,1,46,15,132,0,0,0,0,0,0,0,0,0
104239,19,bully,2910,1,15,769085,135,0,810,0,1,19,101329,2910,0,16,0,0,0,LEADER,1,4,1,28,15,135,0,0,0,0,0,0,0,0,0
104276,29,bully,2944,1,15,769605,135,0,810,0,1,29,101332,2944,0,16,0,0,0,LEADER,1,4,1,38,15,135,0,0,0,0,0,0,0,0,0
104031,2,bully,2707,1,15,765977,135,268,810,1608,1,1,101324,2707,0,16,0,0,0,NORMAL,0,3,1,9,39,135,0,268,0,0,0,0,0,0,0
104445,36,bully,3113,1,15,772140,135,0,810,0,1,36,101332,3113,0,16,0,0,0,LEADER,1,4,1,45,15,135,0,0,0,0,0,0,0,0,0
104161,31,bully,2829,1,15,767880,135,0,810,0,1,31,101332,2829,0,16,0,0,0,LEADER,1,4,1,40,15,135,0,0,0,0,0,0,0,0,0
104500,45,bully,3168,1,15,772965,135,0,810,0,1,45,101332,3168,0,16,0,0,0,LEADER,1,4,1,54,15,135,0,0,0,0,0,0,0,0,0
104094,11,bully,2762,1,15,766875,135,134,810,804,1,1,101332,2762,0,16,0,0,0,NORMAL,0,3,1,9,47,135,0,134,0,0,0,0,0,0,0
104194,41,bully,2862,1,15,768375,135,0,810,0,1,41,101332,2862,0,16,0,0,0,LEADER,1,4,1,50,15,135,0,0,0,0,0,0,0,0,0
104412,26,bully,3080,1,15,771645,135,0,810,0,1,26,101332,3080,0,16,0,0,0,LEADER,1,4,1,35,15,135,0,0,0,0,0,0,0,0,0
104186,4,bully,2854,1,15,768255,135,256,810,1536,1,1,101332,2854,0,16,0,0,0,NORMAL,0,3,1,9,49,135,0,256,0,0,0,0,0,0,0
104345,6,bully,3013,1,15,770640,135,268,810,1608,2,1,101332,3013,0,16,0,0,0,NORMAL,0,3,1,9,49,135,0,268,0,0,0,0,0,0,0
104070,12,bully,2740,1,15,766526,135,135,810,810,1,1,101330,2740,0,16,0,0,0,NORMAL,0,3,1,9,58,135,0,135,0,0,0,0,0,0,0
104209,9,bully,2877,1,15,768600,135,134,810,804,1,1,101332,2877,0,16,0,0,0,NORMAL,0,3,1,9,45,135,0,134,0,0,0,0,0,0,0
104364,48,bully,3032,1,15,770925,135,0,810,0,1,48,101332,3032,0,16,0,0,0,LEADER,1,4,1,57,15,135,0,0,0,0,0,0,0,0,0
104058,44,bully,2726,1,15,766335,135,0,810,0,1,44,101332,2726,0,16,0,0,0,LEADER,1,4,1,53,15,135,0,0,0,0,0,0,0,0,0
104766,8,bully,3434,1,15,776955,135,134,810,804,2,1,101332,3434,0,16,0,0,0,NORMAL,0,3,1,9,51,135,0,134,0,0,0,0,0,0,0
104105,22,bully,2774,1,15,767054,135,0,810,0,1,22,101331,2774,0,16,0,0,0,LEADER,1,4,1,31,15,135,0,0,0,0,0,0,0,0,0
104773,39,bully,3441,1,15,777060,135,0,810,0,1,39,101332,3441,0,16,0,0,0,LEADER,1,4,1,48,15,135,0,0,0,0,0,0,0,0,0
104127,21,bully,2795,1,15,767370,135,0,810,0,1,21,101332,2795,0,16,0,0,0,LEADER,1,4,1,30,15,135,0,0,0,0,0,0,0,0,0
104482,3,bully,3150,1,15,772695,135,272,810,1632,1,1,101332,3150,0,16,0,0,0,NORMAL,0,3,1,9,46,135,0,272,0,0,0,0,0,0,0
104903,5,bully,3571,1,15,779010,135,272,810,1632,1,1,101332,3571,0,16,0,0,0,NORMAL,0,3,1,9,49,135,0,272,0,0,0,0,0,0,0
104548,23,bully,3216,1,15,773685,135,0,810,0,1,23,101332,3216,0,16,0,0,0,LEADER,1,4,1,32,15,135,0,0,0,0,0,0,0,0,0
104328,38,bully,2998,1,15,770402,135,0,810,0,1,38,101330,2998,0,16,0,0,0,LEADER,1,4,1,47,15,135,0,0,0,0,0,0,0,0,0
104376,16,bully,3047,1,15,771131,135,135,810,810,2,1,101329,3047,0,16,0,0,0,NORMAL,0,3,1,9,63,135,0,135,0,0,0,0,0,0,0
104264,25,bully,2932,1,15,769425,135,0,810,0,1,25,101332,2932,0,16,0,0,0,LEADER,1,4,1,34,15,135,0,0,0,0,0,0,0,0,0
104582,33,bully,3250,1,15,774195,135,0,810,0,1,33,101332,3250,0,16,0,0,0,LEADER,1,4,1,42,15,135,0,0,0,0,0,0,0,0,0
104550,37,bully,3218,1,15,773715,135,0,810,0,1,37,101332,3218,0,16,0,0,0,LEADER,1,4,1,46,15,135,0,0,0,0,0,0,0,0,0
104806,49,bully,3474,1,15,777555,135,0,810,0,1,49,101332,3474,0,16,0,0,0,LEADER,1,4,1,58,15,135,0,0,0,0,0,0,0,0,0
104467,35,bully,3135,1,15,772470,135,0,810,0,1,35,101332,3135,0,16,0,0,0,LEADER,1,4,1,44,15,135,0,0,0,0,0,0,0,0,0
104943,46,bully,3611,1,15,779610,135,0,810,0,1,46,101332,3611,0,16,0,0,0,LEADER,1,4,1,55,15,135,0,0,0,0,0,0,0,0,0
104821,17,bully,3489,1,15,777780,135,0,810,0,1,17,101332,3489,0,16,0,0,0,LEADER,1,4,1,26,15,135,0,0,0,0,0,0,0,0,0
104958,14,bully,3626,1,15,779835,135,136,810,816,2,1,101332,3626,0,16,0,0,0,NORMAL,0,3,1,9,50,135,0,136,0,0,0,0,0,0,0
105024,34,bully,3692,1,15,780825,135,0,810,0,1,34,101332,3692,0,16,0,0,0,LEADER,1,4,1,43,15,135,0,0,0,0,0,0,0,0,0
104632,42,bully,3304,1,15,774963,135,0,810,0,1,42,101328,3304,0,16,0,0,0,LEADER,1,4,1,51,15,135,0,0,0,0,0,0,0,0,0
104785,50,bully,3453,1,15,777240,135,0,810,0,1,50,101332,3453,0,16,0,0,0,LEADER,1,4,1,59,15,135,0,0,0,0,0,0,0,0,0
104297,28,bully,2965,1,15,769920,135,0,810,0,1,28,101332,2965,0,16,0,0,0,LEADER,1,4,1,37,15,135,0,0,0,0,0,0,0,0,0
104492,7,bully,3160,1,15,772845,135,270,810,1620,2,1,101332,3160,0,16,0,0,0,NORMAL,0,3,1,9,50,135,0,270,0,0,0,0,0,0,0
104935,15,bully,3603,1,15,779490,135,135,810,810,2,1,101332,3603,0,16,0,0,0,NORMAL,0,3,1,9,59,135,0,135,0,0,0,0,0,0,0
104613,18,bully,3281,1,15,774660,135,0,810,0,1,18,101332,3281,0,16,0,0,0,LEADER,1,4,1,27,15,135,0,0,0,0,0,0,0,0,0
104597,1,bully,3265,1,15,774420,135,272,810,1632,1,1,101332,3265,0,16,0,0,0,LEADER,1,4,1,10,15,135,0,272,0,0,0,0,0,0,0
104886,30,bully,3556,1,15,778782,135,0,810,0,1,30,101330,3556,0,16,0,0,0,LEADER,1,4,1,39,15,135,0,0,0,0,0,0,0,0,0
104602,32,bully,3271,1,15,774503,135,0,810,0,1,32,101331,3271,0,16,0,0,0,LEADER,1,4,1,41,15,135,0,0,0,0,0,0,0,0,0
104923,10,bully,3592,1,15,779320,135,136,810,816,1,1,101331,3592,0,16,0,0,0,NORMAL,0,3,1,10,31,135,0,136,0,0,0,0,0,0,0
104515,13,bully,3183,1,15,773190,135,129,810,774,1,1,101332,3183,0,16,0,0,0,NORMAL,0,3,1,8,48,135,0,129,0,0,0,0,0,0,0
104615,43,bully,3283,1,15,774690,135,0,810,0,1,43,101332,3283,0,16,0,0,0,LEADER,1,4,1,52,15,135,0,0,0,0,0,0,0,0,0
104788,24,bully,3456,1,15,777285,135,0,810,0,1,24,101332,3456,0,16,0,0,0,LEADER,1,4,1,33,15,135,0,0,0,0,0,0,0,0,0
104854,27,bully,3522,1,15,778275,135,0,810,0,1,27,101332,3522,0,16,0,0,0,LEADER,1,4,1,36,15,135,0,0,0,0,0,0,0,0,0
104921,47,bully,3589,1,15,779280,135,0,810,0,1,47,101332,3589,0,16,0,0,0,LEADER,1,4,1,56,15,135,0,0,0,0,0,0,0,0,0
104685,20,bully,3353,1,15,775740,135,0,810,0,1,20,101332,3353,0,16,0,0,0,LEADER,1,4,1,29,15,135,0,0,0,0,0,0,0,0,0
104751,40,bully,3419,1,15,776730,135,0,810,0,1,40,101332,3419,0,16,0,0,0,LEADER,1,4,1,49,15,135,0,0,0,0,0,0,0,0,0
106542,19,bully,2910,1,16,875627,138,0,828,0,1,19,103632,2910,0,17,0,0,0,LEADER,1,4,1,22,16,138,0,0,0,0,0,0,0,0,0
106579,29,bully,2944,1,16,876184,138,0,828,0,1,29,103635,2944,0,17,0,0,0,LEADER,1,4,1,32,16,138,0,0,0,0,0,0,0,0,0
106334,2,bully,2707,1,16,872311,138,273,828,1638,1,1,103627,2707,0,17,0,0,0,NORMAL,0,3,2,3,42,138,0,273,0,0,0,0,0,0,0
106748,36,bully,3113,1,16,878888,138,0,828,0,1,36,103635,3113,0,17,0,0,0,LEADER,1,4,1,39,16,138,0,0,0,0,0,0,0,0,0
106464,31,bully,2829,1,16,874344,138,0,828,0,1,31,103635,2829,0,17,0,0,0,LEADER,1,4,1,34,16,138,0,0,0,0,0,0,0,0,0
106803,45,bully,3168,1,16,879768,138,0,828,0,1,45,103635,3168,0,17,0,0,0,LEADER,1,4,1,48,16,138,0,0,0,0,0,0,0,0,0
106397,11,bully,2762,1,16,873272,138,137,828,822,1,1,103635,2762,0,17,0,0,0,NORMAL,0,3,2,3,50,138,0,137,0,0,0,0,0,0,0
106497,41,bully,2862,1,16,874872,138,0,828,0,1,41,103635,2862,0,17,0,0,0,LEADER,1,4,1,44,16,138,0,0,0,0,0,0,0,0,0
106715,26,bully,3080,1,16,878360,138,0,828,0,1,26,103635,3080,0,17,0,0,0,LEADER,1,4,1,29,16,138,0,0,0,0,0,0,0,0,0
106489,4,bully,2854,1,16,874744,138,262,828,1572,1,1,103635,2854,0,17,0,0,0,NORMAL,0,3,2,3,52,138,0,262,0,0,0,0,0,0,0
106648,6,bully,3013,1,16,877288,138,274,828,1644,2,1,103635,3013,0,17,0,0,0,NORMAL,0,3,2,3,52,138,0,274,0,0,0,0,0,0,0
106373,12,bully,2740,1,16,872899,138,138,828,828,1,1,103633,2740,0,17,0,0,0,NORMAL,0,3,2,3,62,138,0,138,0,0,0,0,0,0,0
106512,9,bully,2877,1,16,875112,138,137,828,822,1,1,103635,2877,0,17,0,0,0,NORMAL,0,3,2,3,48,138,0,137,0,0,0,0,0,0,0
106667,48,bully,3032,1,16,877592,138,0,828,0,1,48,103635,3032,0,17,0,0,0,LEADER,1,4,1,51,16,138,0,0,0,0,0,0,0,0,0
106361,44,bully,2726,1,16,872696,138,0,828,0,1,44,103635,2726,0,17,0,0,0,LEADER,1,4,1,47,16,138,0,0,0,0,0,0,0,0,0
107069,8,bully,3434,1,16,884024,138,137,828,822,2,1,103635,3434,0,17,0,0,0,NORMAL,0,3,2,3,54,138,0,137,0,0,0,0,0,0,0
106408,22,bully,2774,1,16,873462,138,0,828,0,1,22,103634,2774,0,17,0,0,0,LEADER,1,4,1,25,16,138,0,0,0,0,0,0,0,0,0
107076,39,bully,3441,1,16,884136,138,0,828,0,1,39,103635,3441,0,17,0,0,0,LEADER,1,4,1,42,16,138,0,0,0,0,0,0,0,0,0
106430,21,bully,2795,1,16,873800,138,0,828,0,1,21,103635,2795,0,17,0,0,0,LEADER,1,4,1,24,16,138,0,0,0,0,0,0,0,0,0
106785,3,bully,3150,1,16,879480,138,278,828,1668,1,1,103635,3150,0,17,0,0,0,NORMAL,0,3,2,3,49,138,0,278,0,0,0,0,0,0,0
107206,5,bully,3571,1,16,886216,138,278,828,1668,1,1,103635,3571,0,17,0,0,0,NORMAL,0,3,2,3,52,138,0,278,0,0,0,0,0,0,0
106851,23,bully,3216,1,16,880536,138,0,828,0,1,23,103635,3216,0,17,0,0,0,LEADER,1,4,1,26,16,138,0,0,0,0,0,0,0,0,0
106631,38,bully,2998,1,16,877033,138,0,828,0,1,38,103633,2998,0,17,0,0,0,LEADER,1,4,1,41,16,138,0,0,0,0,0,0,0,0,0
106679,16,bully,3047,1,16,877810,138,138,828,828,2,1,103632,3047,0,17,0,0,0,NORMAL,0,3,2,3,67,138,0,138,0,0,0,0,0,0,0
106567,25,bully,2932,1,16,875992,138,0,828,0,1,25,103635,2932,0,17,0,0,0,LEADER,1,4,1,28,16,138,0,0,0,0,0,0,0,0,0
106885,33,bully,3250,1,16,881080,138,0,828,0,1,33,103635,3250,0,17,0,0,0,LEADER,1,4,1,36,16,138,0,0,0,0,0,0,0,0,0
106853,37,bully,3218,1,16,880568,138,0,828,0,1,37,103635,3218,0,17,0,0,0,LEADER,1,4,1,40,16,138,0,0,0,0,0,0,0,0,0
107109,49,bully,3474,1,16,884664,138,0,828,0,1,49,103635,3474,0,17,0,0,0,LEADER,1,4,1,52,16,138,0,0,0,0,0,0,0,0,0
106770,35,bully,3135,1,16,879240,138,0,828,0,1,35,103635,3135,0,17,0,0,0,LEADER,1,4,1,38,16,138,0,0,0,0,0,0,0,0,0
107246,46,bully,3611,1,16,886856,138,0,828,0,1,46,103635,3611,0,17,0,0,0,LEADER,1,4,1,49,16,138,0,0,0,0,0,0,0,0,0
107124,17,bully,3489,1,16,884904,138,0,828,0,1,17,103635,3489,0,17,0,0,0,LEADER,1,4,1,20,16,138,0,0,0,0,0,0,0,0,0
107261,14,bully,3626,1,16,887096,138,139,828,834,2,1,103635,3626,0,17,0,0,0,NORMAL,0,3,2,3,53,138,0,139,0,0,0,0,0,0,0
107327,34,bully,3692,1,16,888152,138,0,828,0,1,34,103635,3692,0,17,0,0,0,LEADER,1,4,1,37,16,138,0,0,0,0,0,0,0,0,0
106935,42,bully,3304,1,16,881898,138,0,828,0,1,42,103631,3304,0,17,0,0,0,LEADER,1,4,1,45,16,138,0,0,0,0,0,0,0,0,0
107088,50,bully,3453,1,16,884328,138,0,828,0,1,50,103635,3453,0,17,0,0,0,LEADER,1,4,1,53,16,138,0,0,0,0,0,0,0,0,0
106600,28,bully,2965,1,16,876520,138,0,828,0,1,28,103635,2965,0,17,0,0,0,LEADER,1,4,1,31,16,138,0,0,0,0,0,0,0,0,0
106795,7,bully,3160,1,16,879640,138,276,828,1656,2,1,103635,3160,0,17,0,0,0,NORMAL,0,3,2,3,53,138,0,276,0,0,0,0,0,0,0
107238,15,bully,3603,1,16,886728,138,138,828,828,2,1,103635,3603,0,17,0,0,0,NORMAL,0,3,2,3,63,138,0,138,0,0,0,0,0,0,0
106916,18,bully,3281,1,16,881576,138,0,828,0,1,18,103635,3281,0,17,0,0,0,LEADER,1,4,1,21,16,138,0,0,0,0,0,0,0,0,0
106900,1,bully,3265,1,16,881320,138,278,828,1668,1,1,103635,3265,0,17,0,0,0,LEADER,1,4,1,4,16,138,0,278,0,0,0,0,0,0,0
107189,30,bully,3556,1,16,885971,138,0,828,0,1,30,103633,3556,0,17,0,0,0,LEADER,1,4,1,33,16,138,0,0,0,0,0,0,0,0,0
106905,32,bully,3271,1,16,881408,138,0,828,0,1,32,103634,3271,0,17,0,0,0,LEADER,1,4,1,35,16,138,0,0,0,0,0,0,0,0,0
107226,10,bully,3592,1,16,886546,138,139,828,834,1,1,103634,3592,0,17,0,0,0,NORMAL,0,3,2,4,33,138,0,139,0,0,0,0,0,0,0
106818,13,bully,3183,1,16,880008,138,132,828,792,1,1,103635,3183,0,17,0,0,0,NORMAL,0,3,2,3,51,138,0,132,0,0,0,0,0,0,0
106918,43,bully,3283,1,16,881608,138,0,828,0,1,43,103635,3283,0,17,0,0,0,LEADER,1,4,1,46,16,138,0,0,0,0,0,0,0,0,0
107091,24,bully,3456,1,16,884376,138,0,828,0,1,24,103635,3456,0,17,0,0,0,LEADER,1,4,1,27,16,138,0,0,0,0,0,0,0,0,0
107157,27,bully,3522,1,16,885432,138,0,828,0,1,27,103635,3522,0,17,0,0,0,LEADER,1,4,1,30,16,138,0,0,0,0,0,0,0,0,0
107224,47,bully,3589,1,16,886504,138,0,828,0,1,47,103635,3589,0,17,0,0,0,LEADER,1,4,1,50,16,138,0,0,0,0,0,0,0,0,0
106988,20,bully,3353,1,16,882728,138,0,828,0,1,20,103635,3353,0,17,0,0,0,LEADER,1,4,1,23,16,138,0,0,0,0,0,0,0,0,0
107054,40,bully,3419,1,16,883784,138,0,828,0,1,40,103635,3419,0,17,0,0,0,LEADER,1,4,1,43,16,138,0,0,0,0,0,0,0,0,0
108845,19,bully,2910,1,16,875627,141,0,846,0,1,19,105935,2910,0,17,0,0,0,LEADER,1,4,1,25,16,141,0,0,0,0,0,0,0,0,0
108882,29,bully,2944,1,16,876184,141,0,846,0,1,29,105938,2944,0,17,0,0,0,LEADER,1,4,1,35,16,141,0,0,0,0,0,0,0,0,0
108637,2,bully,2707,1,16,872311,141,279,846,1674,1,1,105930,2707,0,17,0,0,0,NORMAL,0,3,1,6,42,141,0,279,0,0,0,0,0,0,0
109051,36,bully,3113,1,16,878888,141,0,846,0,1,36,105938,3113,0,17,0,0,0,LEADER,1,4,1,42,16,141,0,0,0,0,0,0,0,0,0
108767,31,bully,2829,1,16,874344,141,0,846,0,1,31,105938,2829,0,17,0,0,0,LEADER,1,4,1,37,16,141,0,0,0,0,0,0,0,0,0
109106,45,bully,3168,1,16,879768,141,0,846,0,1,45,105938,3168,0,17,0,0,0,LEADER,1,4,1,51,16,141,0,0,0,0,0,0,0,0,0
108700,11,bully,2762,1,16,873272,141,140,846,840,1,1,105938,2762,0,17,0,0,0,NORMAL,0,3,1,6,50,141,0,140,0,0,0,0,0,0,0
108800,41,bully,2862,1,16,874872,141,0,846,0,1,41,105938,2862,0,17,0,0,0,LEADER,1,4,1,47,16,141,0,0,0,0,0,0,0,0,0
109018,26,bully,3080,1,16,878360,141,0,846,0,1,26,105938,3080,0,17,0,0,0,LEADER,1,4,1,32,16,141,0,0,0,0,0,0,0,0,0
108792,4,bully,2854,1,16,874744,141,268,846,1608,1,1,105938,2854,0,17,0,0,0,NORMAL,0,3,1,6,52,141,0,268,0,0,0,0,0,0,0
108951,6,bully,3013,1,16,877288,141,280,846,1680,2,1,105938,3013,0,17,0,0,0,NORMAL,0,3,1,6,52,141,0,280,0,0,0,0,0,0,0
108676,12,bully,2740,1,16,872899,141,141,846,846,1,1,105936,2740,0,17,0,0,0,NORMAL,0,3,1,6,62,141,0,141,0,0,0,0,0,0,0
108815,9,bully,2877,1,16,875112,141,140,846,840,1,1,105938,2877,0,17,0,0,0,NORMAL,0,3,1,6,48,141,0,140,0,0,0,0,0,0,0
108970,48,bully,3032,1,16,877592,141,0,846,0,1,48,105938,3032,0,17,0,0,0,LEADER,1,4,1,54,16,141,0,0,0,0,0,0,0,0,0
108664,44,bully,2726,1,16,872696,141,0,846,0,1,44,105938,2726,0,17,0,0,0,LEADER,1,4,1,50,16,141,0,0,0,0,0,0,0,0,0
109372,8,bully,3434,1,16,884024,141,140,846,840,2,1,105938,3434,0,17,0,0,0,NORMAL,0,3,1,6,54,141,0,140,0,0,0,0,0,0,0
108711,22,bully,2774,1,16,873462,141,0,846,0,1,22,105937,2774,0,17,0,0,0,LEADER,1,4,1,28,16,141,0,0,0,0,0,0,0,0,0
109379,39,bully,3441,1,16,884136,141,0,846,0,1,39,105938,3441,0,17,0,0,0,LEADER,1,4,1,45,16,141,0,0,0,0,0,0,0,0,0
108733,21,bully,2795,1,16,873800,141,0,846,0,1,21,105938,2795,0,17,0,0,0,LEADER,1,4,1,27,16,141,0,0,0,0,0,0,0,0,0
109088,3,bully,3150,1,16,879480,141,284,846,1704,1,1,105938,3150,0,17,0,0,0,NORMAL,0,3,1,6,49,141,0,284,0,0,0,0,0,0,0
109509,5,bully,3571,1,16,886216,141,284,846,1704,1,1,105938,3571,0,17,0,0,0,NORMAL,0,3,1,6,52,141,0,284,0,0,0,0,0,0,0
109154,23,bully,3216,1,16,880536,141,0,846,0,1,23,105938,3216,0,17,0,0,0,LEADER,1,4,1,29,16,141,0,0,0,0,0,0,0,0,0
108934,38,bully,2998,1,16,877033,141,0,846,0,1,38,105936,2998,0,17,0,0,0,LEADER,1,4,1,44,16,141,0,0,0,0,0,0,0,0,0
108982,16,bully,3047,1,16,877810,141,141,846,846,2,1,105935,3047,0,17,0,0,0,NORMAL,0,3,1,6,67,141,0,141,0,0,0,0,0,0,0
108870,25,bully,2932,1,16,875992,141,0,846,0,1,25,105938,2932,0,17,0,0,0,LEADER,1,4,1,31,16,141,0,0,0,0,0,0,0,0,0
109188,33,bully,3250,1,16,881080,141,0,846,0,1,33,105938,3250,0,17,0,0,0,LEADER,1,4,1,39,16,141,0,0,0,0,0,0,0,0,0
109156,37,bully,3218,1,16,880568,141,0,846,0,1,37,105938,3218,0,17,0,0,0,LEADER,1,4,1,43,16,141,0,0,0,0,0,0,0,0,0
109412,49,bully,3474,1,16,884664,141,0,846,0,1,49,105938,3474,0,17,0,0,0,LEADER,1,4,1,55,16,141,0,0,0,0,0,0,0,0,0
109073,35,bully,3135,1,16,879240,141,0,846,0,1,35,105938,3135,0,17,0,0,0,LEADER,1,4,1,41,16,141,0,0,0,0,0,0,0,0,0
109549,46,bully,3611,1,16,886856,141,0,846,0,1,46,105938,3611,0,17,0,0,0,LEADER,1,4,1,52,16,141,0,0,0,0,0,0,0,0,0
109427,17,bully,3489,1,16,884904,141,0,846,0,1,17,105938,3489,0,17,0,0,0,LEADER,1,4,1,23,16,141,0,0,0,0,0,0,0,0,0
109564,14,bully,3626,1,16,887096,141,142,846,852,2,1,105938,3626,0,17,0,0,0,NORMAL,0,3,1,6,53,141,0,142,0,0,0,0,0,0,0
109630,34,bully,3692,1,16,888152,141,0,846,0,1,34,105938,3692,0,17,0,0,0,LEADER,1,4,1,40,16,141,0,0,0,0,0,0,0,0,0
109238,42,bully,3304,1,16,881898,141,0,846,0,1,42,105934,3304,0,17,0,0,0,LEADER,1,4,1,48,16,141,0,0,0,0,0,0,0,0,0
109391,50,bully,3453,1,16,884328,141,0,846,0,1,50,105938,3453,0,17,0,0,0,LEADER,1,4,1,56,16,141,0,0,0,0,0,0,0,0,0
108903,28,bully,2965,1,16,876520,141,0,846,0,1,28,105938,2965,0,17,0,0,0,LEADER,1,4,1,34,16,141,0,0,0,0,0,0,0,0,0
109098,7,bully,3160,1,16,879640,141,282,846,1692,2,1,105938,3160,0,17,0,0,0,NORMAL,0,3,1,6,53,141,0,282,0,0,0,0,0,0,0
109541,15,bully,3603,1,16,886728,141,141,846,846,2,1,105938,3603,0,17,0,0,0,NORMAL,0,3,1,6,63,141,0,141,0,0,0,0,0,0,0
109219,18,bully,3281,1,16,881576,141,0,846,0,1,18,105938,3281,0,17,0,0,0,LEADER,1,4,1,24,16,141,0,0,0,0,0,0,0,0,0
109203,1,bully,3265,1,16,881320,141,284,846,1704,1,1,105938,3265,0,17,0,0,0,LEADER,1,4,1,7,16,141,0,284,0,0,0,0,0,0,0
109492,30,bully,3556,1,16,885971,141,0,846,0,1,30,105936,3556,0,17,0,0,0,LEADER,1,4,1,36,16,141,0,0,0,0,0,0,0,0,0
109208,32,bully,3271,1,16,881408,141,0,846,0,1,32,105937,3271,0,17,0,0,0,LEADER,1,4,1,38,16,141,0,0,0,0,0,0,0,0,0
109529,10,bully,3592,1,16,886546,141,142,846,852,1,1,105937,3592,0,17,0,0,0,NORMAL,0,3,1,7,33,141,0,142,0,0,0,0,0,0,0
109121,13,bully,3183,1,16,880008,141,135,846,810,1,1,105938,3183,0,17,0,0,0,NORMAL,0,3,1,6,51,141,0,135,0,0,0,0,0,0,0
109221,43,bully,3283,1,16,881608,141,0,846,0,1,43,105938,3283,0,17,0,0,0,LEADER,1,4,1,49,16,141,0,0,0,0,0,0,0,0,0
109394,24,bully,3456,1,16,884376,141,0,846,0,1,24,105938,3456,0,17,0,0,0,LEADER,1,4,1,30,16,141,0,0,0,0,0,0,0,0,0
109460,27,bully,3522,1,16,885432,141,0,846,0,1,27,105938,3522,0,17,0,0,0,LEADER,1,4,1,33,16,141,0,0,0,0,0,0,0,0,0
109527,47,bully,3589,1,16,886504,141,0,846,0,1,47,105938,3589,0,17,0,0,0,LEADER,1,4,1,53,16,141,0,0,0,0,0,0,0,0,0
109291,20,bully,3353,1,16,882728,141,0,846,0,1,20,105938,3353,0,17,0,0,0,LEADER,1,4,1,26,16,141,0,0,0,0,0,0,0,0,0
109357,40,bully,3419,1,16,883784,141,0,846,0,1,40,105938,3419,0,17,0,0,0,LEADER,1,4,1,46,16,141,0,0,0,0,0,0,0,0,0
111148,19,bully,2910,1,16,875627,144,0,864,0,1,19,108238,2910,0,17,0,0,0,LEADER,1,4,1,28,16,144,0,0,0,0,0,0,0,0,0
111185,29,bully,2944,1,16,876184,144,0,864,0,1,29,108241,2944,0,17,0,0,0,LEADER,1,4,1,38,16,144,0,0,0,0,0,0,0,0,0
110940,2,bully,2707,1,16,872311,144,285,864,1710,1,1,108233,2707,0,17,0,0,0,NORMAL,0,3,1,9,42,144,0,285,0,0,0,0,0,0,0
111354,36,bully,3113,1,16,878888,144,0,864,0,1,36,108241,3113,0,17,0,0,0,LEADER,1,4,1,45,16,144,0,0,0,0,0,0,0,0,0
111070,31,bully,2829,1,16,874344,144,0,864,0,1,31,108241,2829,0,17,0,0,0,LEADER,1,4,1,40,16,144,0,0,0,0,0,0,0,0,0
111409,45,bully,3168,1,16,879768,144,0,864,0,1,45,108241,3168,0,17,0,0,0,LEADER,1,4,1,54,16,144,0,0,0,0,0,0,0,0,0
111003,11,bully,2762,1,16,873272,144,143,864,858,1,1,108241,2762,0,17,0,0,0,NORMAL,0,3,1,9,50,144,0,143,0,0,0,0,0,0,0
111103,41,bully,2862,1,16,874872,144,0,864,0,1,41,108241,2862,0,17,0,0,0,LEADER,1,4,1,50,16,144,0,0,0,0,0,0,0,0,0
111321,26,bully,3080,1,16,878360,144,0,864,0,1,26,108241,3080,0,17,0,0,0,LEADER,1,4,1,35,16,144,0,0,0,0,0,0,0,0,0
111095,4,bully,2854,1,16,874744,144,274,864,1644,1,1,108241,2854,0,17,0,0,0,NORMAL,0,3,1,9,52,144,0,274,0,0,0,0,0,0,0
111254,6,bully,3013,1,16,877288,144,286,864,1716,2,1,108241,3013,0,17,0,0,0,NORMAL,0,3,1,9,52,144,0,286,0,0,0,0,0,0,0
110979,12,bully,2740,1,16,872899,144,144,864,864,1,1,108239,2740,0,17,0,0,0,NORMAL,0,3,1,9,62,144,0,144,0,0,0,0,0,0,0
111118,9,bully,2877,1,16,875112,144,143,864,858,1,1,108241,2877,0,17,0,0,0,NORMAL,0,3,1,9,48,144,0,143,0,0,0,0,0,0,0
111273,48,bully,3032,1,16,877592,144,0,864,0,1,48,108241,3032,0,17,0,0,0,LEADER,1,4,1,57,16,144,0,0,0,0,0,0,0,0,0
110967,44,bully,2726,1,16,872696,144,0,864,0,1,44,108241,2726,0,17,0,0,0,LEADER,1,4,1,53,16,144,0,0,0,0,0,0,0,0,0
111675,8,bully,3434,1,16,884024,144,143,864,858,2,1,108241,3434,0,17,0,0,0,NORMAL,0,3,1,9,54,144,0,143,0,0,0,0,0,0,0
111014,22,bully,2774,1,16,873462,144,0,864,0,1,22,108240,2774,0,17,0,0,0,LEADER,1,4,1,31,16,144,0,0,0,0,0,0,0,0,0
111682,39,bully,3441,1,16,884136,144,0,864,0,1,39,108241,3441,0,17,0,0,0,LEADER,1,4,1,48,16,144,0,0,0,0,0,0,0,0,0
111036,21,bully,2795,1,16,873800,144,0,864,0,1,21,108241,2795,0,17,0,0,0,LEADER,1,4,1,30,16,144,0,0,0,0,0,0,0,0,0
111391,3,bully,3150,1,16,879480,144,290,864,1740,1,1,108241,3150,0,17,0,0,0,NORMAL,0,3,1,9,49,144,0,290,0,0,0,0,0,0,0
111812,5,bully,3571,1,16,886216,144,290,864,1740,1,1,108241,3571,0,17,0,0,0,NORMAL,0,3,1,9,52,144,0,290,0,0,0,0,0,0,0
111457,23,bully,3216,1,16,880536,144,0,864,0,1,23,108241,3216,0,17,0,0,0,LEADER,1,4,1,32,16,144,0,0,0,0,0,0,0,0,0
111237,38,bully,2998,1,16,877033,144,0,864,0,1,38,108239,2998,0,17,0,0,0,LEADER,1,4,1,47,16,144,0,0,0,0,0,0,0,0,0
111285,16,bully,3047,1,16,877810,144,144,864,864,2,1,108238,3047,0,17,0,0,0,NORMAL,0,3,1,9,67,144,0,144,0,0,0,0,0,0,0
111173,25,bully,2932,1,16,875992,144,0,864,0,1,25,108241,2932,0,17,0,0,0,LEADER,1,4,1,34,16,144,0,0,0,0,0,0,0,0,0
111491,33,bully,3250,1,16,881080,144,0,864,0,1,33,108241,3250,0,17,0,0,0,LEADER,1,4,1,42,16,144,0,0,0,0,0,0,0,0,0
111459,37,bully,3218,1,16,880568,144,0,864,0,1,37,108241,3218,0,17,0,0,0,LEADER,1,4,1,46,16,144,0,0,0,0,0,0,0,0,0
111715,49,bully,3474,1,16,884664,144,0,864,0,1,49,108241,3474,0,17,0,0,0,LEADER,1,4,1,58,16,144,0,0,0,0,0,0,0,0,0
111376,35,bully,3135,1,16,879240,144,0,864,0,1,35,108241,3135,0,17,0,0,0,LEADER,1,4,1,44,16,144,0,0,0,0,0,0,0,0,0
111852,46,bully,3611,1,16,886856,144,0,864,0,1,46,108241,3611,0,17,0,0,0,LEADER,1,4,1,55,16,144,0,0,0,0,0,0,0,0,0
111730,17,bully,3489,1,16,884904,144,0,864,0,1,17,108241,3489,0,17,0,0,0,LEADER,1,4,1,26,16,144,0,0,0,0,0,0,0,0,0
111867,14,bully,3626,1,16,887096,144,145,864,870,2,1,108241,3626,0,17,0,0,0,NORMAL,0,3,1,9,53,144,0,145,0,0,0,0,0,0,0
111933,34,bully,3692,1,16,888152,144,0,864,0,1,34,108241,3692,0,17,0,0,0,LEADER,1,4,1,43,16,144,0,0,0,0,0,0,0,0,0
111541,42,bully,3304,1,16,881898,144,0,864,0,1,42,108237,3304,0,17,0,0,0,LEADER,1,4,1,51,16,144,0,0,0,0,0,0,0,0,0
111694,50,bully,3453,1,16,884328,144,0,864,0,1,50,108241,3453,0,17,0,0,0,LEADER,1,4,1,59,16,144,0,0,0,0,0,0,0,0,0
111206,28,bully,2965,1,16,876520,144,0,864,0,1,28,108241,2965,0,17,0,0,0,LEADER,1,4,1,37,16,144,0,0,0,0,0,0,0,0,0
111401,7,bully,3160,1,16,879640,144,288,864,1728,2,1,108241,3160,0,17,0,0,0,NORMAL,0,3,1,9,53,144,0,288,0,0,0,0,0,0,0
111844,15,bully,3603,1,16,886728,144,144,864,864,2,1,108241,3603,0,17,0,0,0,NORMAL,0,3,1,9,63,144,0,144,0,0,0,0,0,0,0
111522,18,bully,3281,1,16,881576,144,0,864,0,1,18,108241,3281,0,17,0,0,0,LEADER,1,4,1,27,16,144,0,0,0,0,0,0,0,0,0
111506,1,bully,3265,1,16,881320,144,290,864,1740,1,1,108241,3265,0,17,0,0,0,LEADER,1,4,1,10,16,144,0,290,0,0,0,0,0,0,0
111795,30,bully,3556,1,16,885971,144,0,864,0,1,30,108239,3556,0,17,0,0,0,LEADER,1,4,1,39,16,144,0,0,0,0,0,0,0,0,0
111511,32,bully,3271,1,16,881408,144,0,864,0,1,32,108240,3271,0,17,0,0,0,LEADER,1,4,1,41,16,144,0,0,0,0,0,0,0,0,0
111831,10,bully,3592,1,16,886546,144,145,864,870,1,1,108239,3592,0,17,0,0,0,NORMAL,0,3,1,10,33,144,0,145,0,0,0,0,0,0,0
111424,13,bully,3183,1,16,880008,144,138,864,828,1,1,108241,3183,0,17,0,0,0,NORMAL,0,3,1,9,51,144,0,138,0,0,0,0,0,0,0
111524,43,bully,3283,1,16,881608,144,0,864,0,1,43,108241,3283,0,17,0,0,0,LEADER,1,4,1,52,16,144,0,0,0,0,0,0,0,0,0
111697,24,bully,3456,1,16,884376,144,0,864,0,1,24,108241,3456,0,17,0,0,0,LEADER,1,4,1,33,16,144,0,0,0,0,0,0,0,0,0
111763,27,bully,3522,1,16,885432,144,0,864,0,1,27,108241,3522,0,17,0,0,0,LEADER,1,4,1,36,16,144,0,0,0,0,0,0,0,0,0
111830,47,bully,3589,1,16,886504,144,0,864,0,1,47,108241,3589,0,17,0,0,0,LEADER,1,4,1,56,16,144,0,0,0,0,0,0,0,0,0
111594,20,bully,3353,1,16,882728,144,0,864,0,1,20,108241,3353,0,17,0,0,0,LEADER,1,4,1,29,16,144,0,0,0,0,0,0,0,0,0
111660,40,bully,3419,1,16,883784,144,0,864,0,1,40,108241,3419,0,17,0,0,0,LEADER,1,4,1,49,16,144,0,0,0,0,0,0,0,0,0
113451,19,bully,2910,1,17,989078,147,0,882,0,1,19,110541,2910,0,18,0,0,0,LEADER,1,4,1,22,17,147,0,0,0,0,0,0,0,0,0
113488,29,bully,2944,1,17,989672,147,0,882,0,1,29,110544,2944,0,18,0,0,0,LEADER,1,4,1,32,17,147,0,0,0,0,0,0,0,0,0
113243,2,bully,2707,1,17,985554,147,291,882,1746,1,1,110536,2707,0,18,0,0,0,NORMAL,0,3,2,4,44,147,0,291,0,0,0,0,0,0,0
113657,36,bully,3113,1,17,992545,147,0,882,0,1,36,110544,3113,0,18,0,0,0,LEADER,1,4,1,39,17,147,0,0,0,0,0,0,0,0,0
113373,31,bully,2829,1,17,987717,147,0,882,0,1,31,110544,2829,0,18,0,0,0,LEADER,1,4,1,34,17,147,0,0,0,0,0,0,0,0,0
113712,45,bully,3168,1,17,993480,147,0,882,0,1,45,110544,3168,0,18,0,0,0,LEADER,1,4,1,48,17,147,0,0,0,0,0,0,0,0,0
113306,11,bully,2762,1,17,986578,147,146,882,876,1,1,110544,2762,0,18,0,0,0,NORMAL,0,3,2,3,53,147,0,146,0,0,0,0,0,0,0
113406,41,bully,2862,1,17,988278,147,0,882,0,1,41,110544,2862,0,18,0,0,0,LEADER,1,4,1,44,17,147,0,0,0,0,0,0,0,0,0
113624,26,bully,3080,1,17,991984,147,0,882,0,1,26,110544,3080,0,18,0,0,0,LEADER,1,4,1,29,17,147,0,0,0,0,0,0,0,0,0
113398,4,bully,2854,1,17,988142,147,280,882,1680,1,1,110544,2854,0,18,0,0,0,NORMAL,0,3,2,3,55,147,0,280,0,0,0,0,0,0,0
113557,6,bully,3013,1,17,990845,147,292,882,1752,2,1,110544,3013,0,18,0,0,0,NORMAL,0,3,2,3,55,147,0,292,0,0,0,0,0,0,0
113282,12,bully,2740,1,17,986181,147,147,882,882,1,1,110542,2740,0,18,0,0,0,NORMAL,0,3,2,3,66,147,0,147,0,0,0,0,0,0,0
113421,9,bully,2877,1,17,988533,147,146,882,876,1,1,110544,2877,0,18,0,0,0,NORMAL,0,3,2,3,51,147,0,146,0,0,0,0,0,0,0
113576,48,bully,3032,1,17,991168,147,0,882,0,1,48,110544,3032,0,18,0,0,0,LEADER,1,4,1,51,17,147,0,0,0,0,0,0,0,0,0
113270,44,bully,2726,1,17,985966,147,0,882,0,1,44,110544,2726,0,18,0,0,0,LEADER,1,4,1,47,17,147,0,0,0,0,0,0,0,0,0
113978,8,bully,3434,1,17,998002,147,146,882,876,2,1,110544,3434,0,18,0,0,0,NORMAL,0,3,2,3,57,147,0,146,0,0,0,0,0,0,0
113317,22,bully,2774,1,17,986779,147,0,882,0,1,22,110543,2774,0,18,0,0,0,LEADER,1,4,1,25,17,147,0,0,0,0,0,0,0,0,0
113985,39,bully,3441,1,17,998121,147,0,882,0,1,39,110544,3441,0,18,0,0,0,LEADER,1,4,1,42,17,147,0,0,0,0,0,0,0,0,0
113339,21,bully,2795,1,17,987139,147,0,882,0,1,21,110544,2795,0,18,0,0,0,LEADER,1,4,1,24,17,147,0,0,0,0,0,0,0,0,0
113694,3,bully,3150,1,17,993174,147,296,882,1776,1,1,110544,3150,0,18,0,0,0,NORMAL,0,3,2,3,52,147,0,296,0,0,0,0,0,0,0
114115,5,bully,3571,1,17,1000331,147,296,882,1776,1,1,110544,3571,0,18,0,0,0,NORMAL,0,3,2,3,55,147,0,296,0,0,0,0,0,0,0
113760,23,bully,3216,1,17,994296,147,0,882,0,1,23,110544,3216,0,18,0,0,0,LEADER,1,4,1,26,17,147,0,0,0,0,0,0,0,0,0
113540,38,bully,2998,1,17,990573,147,0,882,0,1,38,110542,2998,0,18,0,0,0,LEADER,1,4,1,41,17,147,0,0,0,0,0,0,0,0,0
113588,16,bully,3047,1,17,991398,147,147,882,882,2,1,110541,3047,0,18,0,0,0,NORMAL,0,3,2,3,71,147,0,147,0,0,0,0,0,0,0
113476,25,bully,2932,1,17,989468,147,0,882,0,1,25,110544,2932,0,18,0,0,0,LEADER,1,4,1,28,17,147,0,0,0,0,0,0,0,0,0
113792,33,bully,3250,1,17,994872,147,0,882,0,1,33,110542,3250,0,18,0,0,0,LEADER,1,4,1,36,17,147,0,0,0,0,0,0,0,0,0
113762,37,bully,3218,1,17,994330,147,0,882,0,1,37,110544,3218,0,18,0,0,0,LEADER,1,4,1,40,17,147,0,0,0,0,0,0,0,0,0
114018,49,bully,3474,1,17,998682,147,0,882,0,1,49,110544,3474,0,18,0,0,0,LEADER,1,4,1,52,17,147,0,0,0,0,0,0,0,0,0
113679,35,bully,3135,1,17,992919,147,0,882,0,1,35,110544,3135,0,18,0,0,0,LEADER,1,4,1,38,17,147,0,0,0,0,0,0,0,0,0
114155,46,bully,3611,1,17,1001011,147,0,882,0,1,46,110544,3611,0,18,0,0,0,LEADER,1,4,1,49,17,147,0,0,0,0,0,0,0,0,0
114033,17,bully,3489,1,17,998937,147,0,882,0,1,17,110544,3489,0,18,0,0,0,LEADER,1,4,1,20,17,147,0,0,0,0,0,0,0,0,0
114170,14,bully,3626,1,17,1001266,147,148,882,888,2,1,110544,3626,0,18,0,0,0,NORMAL,0,3,2,3,56,147,0,148,0,0,0,0,0,0,0
114236,34,bully,3692,1,17,1002388,147,0,882,0,1,34,110544,3692,0,18,0,0,0,LEADER,1,4,1,37,17,147,0,0,0,0,0,0,0,0,0
113844,42,bully,3304,1,17,995742,147,0,882,0,1,42,110540,3304,0,18,0,0,0,LEADER,1,4,1,45,17,147,0,0,0,0,0,0,0,0,0
113997,50,bully,3453,1,17,998325,147,0,882,0,1,50,110544,3453,0,18,0,0,0,LEADER,1,4,1,53,17,147,0,0,0,0,0,0,0,0,0
113509,28,bully,2965,1,17,990029,147,0,882,0,1,28,110544,2965,0,18,0,0,0,LEADER,1,4,1,31,17,147,0,0,0,0,0,0,0,0,0
113704,7,bully,3160,1,17,993344,147,294,882,1764,2,1,110544,3160,0,18,0,0,0,NORMAL,0,3,2,3,56,147,0,294,0,0,0,0,0,0,0
114147,15,bully,3603,1,17,1000875,147,147,882,882,2,1,110544,3603,0,18,0,0,0,NORMAL,0,3,2,3,67,147,0,147,0,0,0,0,0,0,0
113825,18,bully,3281,1,17,995401,147,0,882,0,1,18,110544,3281,0,18,0,0,0,LEADER,1,4,1,21,17,147,0,0,0,0,0,0,0,0,0
113809,1,bully,3265,1,17,995129,147,296,882,1776,1,1,110544,3265,0,18,0,0,0,LEADER,1,4,1,4,17,147,0,296,0,0,0,0,0,0,0
114098,30,bully,3556,1,17,1000069,147,0,882,0,1,30,110542,3556,0,18,0,0,0,LEADER,1,4,1,33,17,147,0,0,0,0,0,0,0,0,0
113814,32,bully,3271,1,17,995222,147,0,882,0,1,32,110543,3271,0,18,0,0,0,LEADER,1,4,1,35,17,147,0,0,0,0,0,0,0,0,0
114134,10,bully,3592,1,17,1000680,147,148,882,888,1,1,110542,3592,0,18,0,0,0,NORMAL,0,3,2,4,35,147,0,148,0,0,0,0,0,0,0
113727,13,bully,3183,1,17,993735,147,140,882,840,1,1,110544,3183,0,18,0,0,0,NORMAL,0,3,2,3,54,147,0,140,0,0,0,0,0,0,0
113827,43,bully,3283,1,17,995435,147,0,882,0,1,43,110544,3283,0,18,0,0,0,LEADER,1,4,1,46,17,147,0,0,0,0,0,0,0,0,0
114000,24,bully,3456,1,17,998376,147,0,882,0,1,24,110544,3456,0,18,0,0,0,LEADER,1,4,1,27,17,147,0,0,0,0,0,0,0,0,0
114066,27,bully,3522,1,17,999498,147,0,882,0,1,27,110544,3522,0,18,0,0,0,LEADER,1,4,1,30,17,147,0,0,0,0,0,0,0,0,0
114133,47,bully,3589,1,17,1000637,147,0,882,0,1,47,110544,3589,0,18,0,0,0,LEADER,1,4,1,50,17,147,0,0,0,0,0,0,0,0,0
113897,20,bully,3353,1,17,996625,147,0,882,0,1,20,110544,3353,0,18,0,0,0,LEADER,1,4,1,23,17,147,0,0,0,0,0,0,0,0,0
113963,40,bully,3419,1,17,997747,147,0,882,0,1,40,110544,3419,0,18,0,0,0,LEADER,1,4,1,43,17,147,0,0,0,0,0,0,0,0,0
115754,19,bully,2910,1,17,989078,150,0,900,0,1,19,112844,2910,0,18,0,0,0,LEADER,1,4,1,25,17,150,0,0,0,0,0,0,0,0,0
115791,29,bully,2944,1,17,989672,150,0,900,0,1,29,112847,2944,0,18,0,0,0,LEADER,1,4,1,35,17,150,0,0,0,0,0,0,0,0,0
115546,2,bully,2707,1,17,985554,150,298,900,1788,1,1,112839,2707,0,18,0,0,0,NORMAL,0,3,1,7,44,150,0,298,0,0,0,0,0,0,0
115960,36,bully,3113,1,17,992545,150,0,900,0,1,36,112847,3113,0,18,0,0,0,LEADER,1,4,1,42,17,150,0,0,0,0,0,0,0,0,0
115676,31,bully,2829,1,17,987717,150,0,900,0,1,31,112847,2829,0,18,0,0,0,LEADER,1,4,1,37,17,150,0,0,0,0,0,0,0,0,0
116015,45,bully,3168,1,17,993480,150,0,900,0,1,45,112847,3168,0,18,0,0,0,LEADER,1,4,1,51,17,150,0,0,0,0,0,0,0,0,0
115609,11,bully,2762,1,17,986578,150,149,900,894,1,1,112847,2762,0,18,0,0,0,NORMAL,0,3,1,6,53,150,0,149,0,0,0,0,0,0,0
115709,41,bully,2862,1,17,988278,150,0,900,0,1,41,112847,2862,0,18,0,0,0,LEADER,1,4,1,47,17,150,0,0,0,0,0,0,0,0,0
115927,26,bully,3080,1,17,991984,150,0,900,0,1,26,112847,3080,0,18,0,0,0,LEADER,1,4,1,32,17,150,0,0,0,0,0,0,0,0,0
115701,4,bully,2854,1,17,988142,150,286,900,1716,1,1,112847,2854,0,18,0,0,0,NORMAL,0,3,1,6,55,150,0,286,0,0,0,0,0,0,0
115860,6,bully,3013,1,17,990845,150,298,900,1788,2,1,112847,3013,0,18,0,0,0,NORMAL,0,3,1,6,55,150,0,298,0,0,0,0,0,0,0
115585,12,bully,2740,1,17,986181,150,150,900,900,1,1,112845,2740,0,18,0,0,0,NORMAL,0,3,1,6,66,150,0,150,0,0,0,0,0,0,0
115724,9,bully,2877,1,17,988533,150,149,900,894,1,1,112847,2877,0,18,0,0,0,NORMAL,0,3,1,6,51,150,0,149,0,0,0,0,0,0,0
115879,48,bully,3032,1,17,991168,150,0,900,0,1,48,112847,3032,0,18,0,0,0,LEADER,1,4,1,54,17,150,0,0,0,0,0,0,0,0,0
115573,44,bully,2726,1,17,985966,150,0,900,0,1,44,112847,2726,0,18,0,0,0,LEADER,1,4,1,50,17,150,0,0,0,0,0,0,0,0,0
116281,8,bully,3434,1,17,998002,150,149,900,894,2,1,112847,3434,0,18,0,0,0,NORMAL,0,3,1,6,57,150,0,149,0,0,0,0,0,0,0
115620,22,bully,2774,1,17,986779,150,0,900,0,1,22,112846,2774,0,18,0,0,0,LEADER,1,4,1,28,17,150,0,0,0,0,0,0,0,0,0
116288,39,bully,3441,1,17,998121,150,0,900,0,1,39,112847,3441,0,18,0,0,0,LEADER,1,4,1,45,17,150,0,0,0,0,0,0,0,0,0
115642,21,bully,2795,1,17,987139,150,0,900,0,1,21,112847,2795,0,18,0,0,0,LEADER,1,4,1,27,17,150,0,0,0,0,0,0,0,0,0
115997,3,bully,3150,1,17,993174,150,302,900,1812,1,1,112847,3150,0,18,0,0,0,NORMAL,0,3,1,6,52,150,0,302,0,0,0,0,0,0,0
116418,5,bully,3571,1,17,1000331,150,302,900,1812,1,1,112847,3571,0,18,0,0,0,NORMAL,0,3,1,6,55,150,0,302,0,0,0,0,0,0,0
116063,23,bully,3216,1,17,994296,150,0,900,0,1,23,112847,3216,0,18,0,0,0,LEADER,1,4,1,29,17,150,0,0,0,0,0,0,0,0,0
115843,38,bully,2998,1,17,990573,150,0,900,0,1,38,112845,2998,0,18,0,0,0,LEADER,1,4,1,44,17,150,0,0,0,0,0,0,0,0,0
115891,16,bully,3047,1,17,991398,150,150,900,900,2,1,112844,3047,0,18,0,0,0,NORMAL,0,3,1,6,71,150,0,150,0,0,0,0,0,0,0
115779,25,bully,2932,1,17,989468,150,0,900,0,1,25,112847,2932,0,18,0,0,0,LEADER,1,4,1,31,17,150,0,0,0,0,0,0,0,0,0
116095,33,bully,3250,1,17,994872,150,0,900,0,1,33,112845,3250,0,18,0,0,0,LEADER,1,4,1,39,17,150,0,0,0,0,0,0,0,0,0
116065,37,bully,3218,1,17,994330,150,0,900,0,1,37,112847,3218,0,18,0,0,0,LEADER,1,4,1,43,17,150,0,0,0,0,0,0,0,0,0
116321,49,bully,3474,1,17,998682,150,0,900,0,1,49,112847,3474,0,18,0,0,0,LEADER,1,4,1,55,17,150,0,0,0,0,0,0,0,0,0
115982,35,bully,3135,1,17,992919,150,0,900,0,1,35,112847,3135,0,18,0,0,0,LEADER,1,4,1,41,17,150,0,0,0,0,0,0,0,0,0
116458,46,bully,3611,1,17,1001011,150,0,900,0,1,46,112847,3611,0,18,0,0,0,LEADER,1,4,1,52,17,150,0,0,0,0,0,0,0,0,0
116336,17,bully,3489,1,17,998937,150,0,900,0,1,17,112847,3489,0,18,0,0,0,LEADER,1,4,1,23,17,150,0,0,0,0,0,0,0,0,0
116473,14,bully,3626,1,17,1001266,150,151,900,906,2,1,112847,3626,0,18,0,0,0,NORMAL,0,3,1,6,56,150,0,151,0,0,0,0,0,0,0
116539,34,bully,3692,1,17,1002388,150,0,900,0,1,34,112847,3692,0,18,0,0,0,LEADER,1,4,1,40,17,150,0,0,0,0,0,0,0,0,0
116147,42,bully,3304,1,17,995742,150,0,900,0,1,42,112843,3304,0,18,0,0,0,LEADER,1,4,1,48,17,150,0,0,0,0,0,0,0,0,0
116300,50,bully,3453,1,17,998325,150,0,900,0,1,50,112847,3453,0,18,0,0,0,LEADER,1,4,1,56,17,150,0,0,0,0,0,0,0,0,0
115812,28,bully,2965,1,17,990029,150,0,900,0,1,28,112847,2965,0,18,0,0,0,LEADER,1,4,1,34,17,150,0,0,0,0,0,0,0,0,0
116007,7,bully,3160,1,17,993344,150,300,900,1800,2,1,112847,3160,0,18,0,0,0,NORMAL,0,3,1,6,56,150,0,300,0,0,0,0,0,0,0
116450,15,bully,3603,1,17,1000875,150,150,900,900,2,1,112847,3603,0,18,0,0,0,NORMAL,0,3,1,6,67,150,0,150,0,0,0,0,0,0,0
116128,18,bully,3281,1,17,995401,150,0,900,0,1,18,112847,3281,0,18,0,0,0,LEADER,1,4,1,24,17,150,0,0,0,0,0,0,0,0,0
116112,1,bully,3265,1,17,995129,150,302,900,1812,1,1,112847,3265,0,18,0,0,0,LEADER,1,4,1,7,17,150,0,302,0,0,0,0,0,0,0
116401,30,bully,3556,1,17,1000069,150,0,900,0,1,30,112845,3556,0,18,0,0,0,LEADER,1,4,1,36,17,150,0,0,0,0,0,0,0,0,0
116117,32,bully,3271,1,17,995222,150,0,900,0,1,32,112846,3271,0,18,0,0,0,LEADER,1,4,1,38,17,150,0,0,0,0,0,0,0,0,0
116437,10,bully,3592,1,17,1000680,150,151,900,906,1,1,112845,3592,0,18,0,0,0,NORMAL,0,3,1,7,35,150,0,151,0,0,0,0,0,0,0
116030,13,bully,3183,1,17,993735,150,143,900,858,1,1,112847,3183,0,18,0,0,0,NORMAL,0,3,1,6,54,150,0,143,0,0,0,0,0,0,0
116130,43,bully,3283,1,17,995435,150,0,900,0,1,43,112847,3283,0,18,0,0,0,LEADER,1,4,1,49,17,150,0,0,0,0,0,0,0,0,0
116303,24,bully,3456,1,17,998376,150,0,900,0,1,24,112847,3456,0,18,0,0,0,LEADER,1,4,1,30,17,150,0,0,0,0,0,0,0,0,0
116369,27,bully,3522,1,17,999498,150,0,900,0,1,27,112847,3522,0,18,0,0,0,LEADER,1,4,1,33,17,150,0,0,0,0,0,0,0,0,0
116436,47,bully,3589,1,17,1000637,150,0,900,0,1,47,112847,3589,0,18,0,0,0,LEADER,1,4,1,53,17,150,0,0,0,0,0,0,0,0,0
116200,20,bully,3353,1,17,996625,150,0,900,0,1,20,112847,3353,0,18,0,0,0,LEADER,1,4,1,26,17,150,0,0,0,0,0,0,0,0,0
116266,40,bully,3419,1,17,997747,150,0,900,0,1,40,112847,3419,0,18,0,0,0,LEADER,1,4,1,46,17,150,0,0,0,0,0,0,0,0,0
118057,19,bully,2910,1,17,989078,153,0,918,0,1,19,115147,2910,0,18,0,0,0,LEADER,1,4,1,28,17,153,0,0,0,0,0,0,0,0,0
118094,29,bully,2944,1,17,989672,153,0,918,0,1,29,115150,2944,0,18,0,0,0,LEADER,1,4,1,38,17,153,0,0,0,0,0,0,0,0,0
117849,2,bully,2707,1,17,985554,153,304,918,1824,1,1,115142,2707,0,18,0,0,0,NORMAL,0,3,1,10,44,153,0,304,0,0,0,0,0,0,0
118263,36,bully,3113,1,17,992545,153,0,918,0,1,36,115150,3113,0,18,0,0,0,LEADER,1,4,1,45,17,153,0,0,0,0,0,0,0,0,0
117979,31,bully,2829,1,17,987717,153,0,918,0,1,31,115150,2829,0,18,0,0,0,LEADER,1,4,1,40,17,153,0,0,0,0,0,0,0,0,0
118318,45,bully,3168,1,17,993480,153,0,918,0,1,45,115150,3168,0,18,0,0,0,LEADER,1,4,1,54,17,153,0,0,0,0,0,0,0,0,0
117912,11,bully,2762,1,17,986578,153,152,918,912,1,1,115150,2762,0,18,0,0,0,NORMAL,0,3,1,9,53,153,0,152,0,0,0,0,0,0,0
118012,41,bully,2862,1,17,988278,153,0,918,0,1,41,115150,2862,0,18,0,0,0,LEADER,1,4,1,50,17,153,0,0,0,0,0,0,0,0,0
118230,26,bully,3080,1,17,991984,153,0,918,0,1,26,115150,3080,0,18,0,0,0,LEADER,1,4,1,35,17,153,0,0,0,0,0,0,0,0,0
118004,4,bully,2854,1,17,988142,153,292,918,1752,1,1,115150,2854,0,18,0,0,0,NORMAL,0,3,1,9,55,153,0,292,0,0,0,0,0,0,0
118163,6,bully,3013,1,17,990845,153,304,918,1824,2,1,115150,3013,0,18,0,0,0,NORMAL,0,3,1,9,55,153,0,304,0,0,0,0,0,0,0
117888,12,bully,2740,1,17,986181,153,153,918,918,1,1,115148,2740,0,18,0,0,0,NORMAL,0,3,1,9,66,153,0,153,0,0,0,0,0,0,0
118027,9,bully,2877,1,17,988533,153,152,918,912,1,1,115150,2877,0,18,0,0,0,NORMAL,0,3,1,9,51,153,0,152,0,0,0,0,0,0,0
118182,48,bully,3032,1,17,991168,153,0,918,0,1,48,115150,3032,0,18,0,0,0,LEADER,1,4,1,57,17,153,0,0,0,0,0,0,0,0,0
117876,44,bully,2726,1,17,985966,153,0,918,0,1,44,115150,2726,0,18,0,0,0,LEADER,1,4,1,53,17,153,0,0,0,0,0,0,0,0,0
118584,8,bully,3434,1,17,998002,153,152,918,912,2,1,115150,3434,0,18,0,0,0,NORMAL,0,3,1,9,57,153,0,152,0,0,0,0,0,0,0
117923,22,bully,2774,1,17,986779,153,0,918,0,1,22,115149,2774,0,18,0,0,0,LEADER,1,4,1,31,17,153,0,0,0,0,0,0,0,0,0
118591,39,bully,3441,1,17,998121,153,0,918,0,1,39,115150,3441,0,18,0,0,0,LEADER,1,4,1,48,17,153,0,0,0,0,0,0,0,0,0
117945,21,bully,2795,1,17,987139,153,0,918,0,1,21,115150,2795,0,18,0,0,0,LEADER,1,4,1,30,17,153,0,0,0,0,0,0,0,0,0
118300,3,bully,3150,1,17,993174,153,308,918,1848,1,1,115150,3150,0,18,0,0,0,NORMAL,0,3,1,9,52,153,0,308,0,0,0,0,0,0,0
118721,5,bully,3571,1,17,1000331,153,308,918,1848,1,1,115150,3571,0,18,0,0,0,NORMAL,0,3,1,9,55,153,0,308,0,0,0,0,0,0,0
118366,23,bully,3216,1,17,994296,153,0,918,0,1,23,115150,3216,0,18,0,0,0,LEADER,1,4,1,32,17,153,0,0,0,0,0,0,0,0,0
118145,38,bully,2998,1,17,990573,153,0,918,0,1,38,115147,2998,0,18,0,0,0,LEADER,1,4,1,47,17,153,0,0,0,0,0,0,0,0,0
118194,16,bully,3047,1,17,991398,153,153,918,918,2,1,115147,3047,0,18,0,0,0,NORMAL,0,3,1,9,71,153,0,153,0,0,0,0,0,0,0
118082,25,bully,2932,1,17,989468,153,0,918,0,1,25,115150,2932,0,18,0,0,0,LEADER,1,4,1,34,17,153,0,0,0,0,0,0,0,0,0
118398,33,bully,3250,1,17,994872,153,0,918,0,1,33,115148,3250,0,18,0,0,0,LEADER,1,4,1,42,17,153,0,0,0,0,0,0,0,0,0
118368,37,bully,3218,1,17,994330,153,0,918,0,1,37,115150,3218,0,18,0,0,0,LEADER,1,4,1,46,17,153,0,0,0,0,0,0,0,0,0
118624,49,bully,3474,1,17,998682,153,0,918,0,1,49,115150,3474,0,18,0,0,0,LEADER,1,4,1,58,17,153,0,0,0,0,0,0,0,0,0
118285,35,bully,3135,1,17,992919,153,0,918,0,1,35,115150,3135,0,18,0,0,0,LEADER,1,4,1,44,17,153,0,0,0,0,0,0,0,0,0
118761,46,bully,3611,1,17,1001011,153,0,918,0,1,46,115150,3611,0,18,0,0,0,LEADER,1,4,1,55,17,153,0,0,0,0,0,0,0,0,0
118639,17,bully,3489,1,17,998937,153,0,918,0,1,17,115150,3489,0,18,0,0,0,LEADER,1,4,1,26,17,153,0,0,0,0,0,0,0,0,0
118776,14,bully,3626,1,17,1001266,153,154,918,924,2,1,115150,3626,0,18,0,0,0,NORMAL,0,3,1,9,56,153,0,154,0,0,0,0,0,0,0
118842,34,bully,3692,1,17,1002388,153,0,918,0,1,34,115150,3692,0,18,0,0,0,LEADER,1,4,1,43,17,153,0,0,0,0,0,0,0,0,0
118450,42,bully,3304,1,17,995742,153,0,918,0,1,42,115146,3304,0,18,0,0,0,LEADER,1,4,1,51,17,153,0,0,0,0,0,0,0,0,0
118603,50,bully,3453,1,17,998325,153,0,918,0,1,50,115150,3453,0,18,0,0,0,LEADER,1,4,1,59,17,153,0,0,0,0,0,0,0,0,0
118115,28,bully,2965,1,17,990029,153,0,918,0,1,28,115150,2965,0,18,0,0,0,LEADER,1,4,1,37,17,153,0,0,0,0,0,0,0,0,0
118310,7,bully,3160,1,17,993344,153,306,918,1836,2,1,115150,3160,0,18,0,0,0,NORMAL,0,3,1,9,56,153,0,306,0,0,0,0,0,0,0
118753,15,bully,3603,1,17,1000875,153,153,918,918,2,1,115150,3603,0,18,0,0,0,NORMAL,0,3,1,9,67,153,0,153,0,0,0,0,0,0,0
118431,18,bully,3281,1,17,995401,153,0,918,0,1,18,115150,3281,0,18,0,0,0,LEADER,1,4,1,27,17,153,0,0,0,0,0,0,0,0,0
118415,1,bully,3265,1,17,995129,153,308,918,1848,1,1,115150,3265,0,18,0,0,0,LEADER,1,4,1,10,17,153,0,308,0,0,0,0,0,0,0
118704,30,bully,3556,1,17,1000069,153,0,918,0,1,30,115148,3556,0,18,0,0,0,LEADER,1,4,1,39,17,153,0,0,0,0,0,0,0,0,0
118420,32,bully,3271,1,17,995222,153,0,918,0,1,32,115149,3271,0,18,0,0,0,LEADER,1,4,1,41,17,153,0,0,0,0,0,0,0,0,0
118740,10,bully,3592,1,17,1000680,153,154,918,924,1,1,115148,3592,0,18,0,0,0,NORMAL,0,3,1,10,35,153,0,154,0,0,0,0,0,0,0
118333,13,bully,3183,1,17,993735,153,146,918,876,1,1,115150,3183,0,18,0,0,0,NORMAL,0,3,1,9,54,153,0,146,0,0,0,0,0,0,0
118433,43,bully,3283,1,17,995435,153,0,918,0,1,43,115150,3283,0,18,0,0,0,LEADER,1,4,1,52,17,153,0,0,0,0,0,0,0,0,0
118606,24,bully,3456,1,17,998376,153,0,918,0,1,24,115150,3456,0,18,0,0,0,LEADER,1,4,1,33,17,153,0,0,0,0,0,0,0,0,0
118672,27,bully,3522,1,17,999498,153,0,918,0,1,27,115150,3522,0,18,0,0,0,LEADER,1,4,1,36,17,153,0,0,0,0,0,0,0,0,0
118739,47,bully,3589,1,17,1000637,153,0,918,0,1,47,115150,3589,0,18,0,0,0,LEADER,1,4,1,56,17,153,0,0,0,0,0,0,0,0,0
118503,20,bully,3353,1,17,996625,153,0,918,0,1,20,115150,3353,0,18,0,0,0,LEADER,1,4,1,29,17,153,0,0,0,0,0,0,0,0,0
118569,40,bully,3419,1,17,997747,153,0,918,0,1,40,115150,3419,0,18,0,0,0,LEADER,1,4,1,49,17,153,0,0,0,0,0,0,0,0,0
120360,19,bully,2910,1,18,1109438,156,0,936,0,1,19,117450,2910,0,19,0,0,0,LEADER,1,4,1,22,18,156,0,0,0,0,0,0,0,0,0
120397,29,bully,2944,1,18,1110069,156,0,936,0,1,29,117453,2944,0,19,0,0,0,LEADER,1,4,1,32,18,156,0,0,0,0,0,0,0,0,0
120152,2,bully,2707,1,18,1105706,156,310,936,1860,1,1,117445,2707,0,19,0,0,0,NORMAL,0,3,2,3,47,156,0,310,0,0,0,0,0,0,0
120566,36,bully,3113,1,18,1113111,156,0,936,0,1,36,117453,3113,0,19,0,0,0,LEADER,1,4,1,39,18,156,0,0,0,0,0,0,0,0,0
120282,31,bully,2829,1,18,1107999,156,0,936,0,1,31,117453,2829,0,19,0,0,0,LEADER,1,4,1,34,18,156,0,0,0,0,0,0,0,0,0
120621,45,bully,3168,1,18,1114101,156,0,936,0,1,45,117453,3168,0,19,0,0,0,LEADER,1,4,1,48,18,156,0,0,0,0,0,0,0,0,0
120215,11,bully,2762,1,18,1106793,156,155,936,930,1,1,117453,2762,0,19,0,0,0,NORMAL,0,3,2,3,56,156,0,155,0,0,0,0,0,0,0
120315,41,bully,2862,1,18,1108593,156,0,936,0,1,41,117453,2862,0,19,0,0,0,LEADER,1,4,1,44,18,156,0,0,0,0,0,0,0,0,0
120533,26,bully,3080,1,18,1112517,156,0,936,0,1,26,117453,3080,0,19,0,0,0,LEADER,1,4,1,29,18,156,0,0,0,0,0,0,0,0,0
120307,4,bully,2854,1,18,1108449,156,298,936,1788,1,1,117453,2854,0,19,0,0,0,NORMAL,0,3,2,3,58,156,0,298,0,0,0,0,0,0,0
120466,6,bully,3013,1,18,1111311,156,310,936,1860,2,1,117453,3013,0,19,0,0,0,NORMAL,0,3,2,3,58,156,0,310,0,0,0,0,0,0,0
120191,12,bully,2740,1,18,1106372,156,156,936,936,1,1,117451,2740,0,19,0,0,0,NORMAL,0,3,2,3,70,156,0,156,0,0,0,0,0,0,0
120330,9,bully,2877,1,18,1108863,156,155,936,930,1,1,117453,2877,0,19,0,0,0,NORMAL,0,3,2,3,54,156,0,155,0,0,0,0,0,0,0
120485,48,bully,3032,1,18,1111653,156,0,936,0,1,48,117453,3032,0,19,0,0,0,LEADER,1,4,1,51,18,156,0,0,0,0,0,0,0,0,0
120179,44,bully,2726,1,18,1106145,156,0,936,0,1,44,117453,2726,0,19,0,0,0,LEADER,1,4,1,47,18,156,0,0,0,0,0,0,0,0,0
120887,8,bully,3434,1,18,1118889,156,155,936,930,2,1,117453,3434,0,19,0,0,0,NORMAL,0,3,2,3,60,156,0,155,0,0,0,0,0,0,0
120226,22,bully,2774,1,18,1107005,156,0,936,0,1,22,117452,2774,0,19,0,0,0,LEADER,1,4,1,25,18,156,0,0,0,0,0,0,0,0,0
120894,39,bully,3441,1,18,1119015,156,0,936,0,1,39,117453,3441,0,19,0,0,0,LEADER,1,4,1,42,18,156,0,0,0,0,0,0,0,0,0
120248,21,bully,2795,1,18,1107387,156,0,936,0,1,21,117453,2795,0,19,0,0,0,LEADER,1,4,1,24,18,156,0,0,0,0,0,0,0,0,0
120603,3,bully,3150,1,18,1113777,156,314,936,1884,1,1,117453,3150,0,19,0,0,0,NORMAL,0,3,2,3,55,156,0,314,0,0,0,0,0,0,0
121024,5,bully,3571,1,18,1121355,156,314,936,1884,1,1,117453,3571,0,19,0,0,0,NORMAL,0,3,2,3,58,156,0,314,0,0,0,0,0,0,0
120448,38,bully,2998,1,18,1111021,156,0,936,0,1,38,117450,2998,0,19,0,0,0,LEADER,1,4,1,41,18,156,0,0,0,0,0,0,0,0,0
120669,23,bully,3216,1,18,1114965,156,0,936,0,1,23,117453,3216,0,19,0,0,0,LEADER,1,4,1,26,18,156,0,0,0,0,0,0,0,0,0
120497,16,bully,3047,1,18,1111895,156,156,936,936,2,1,117450,3047,0,19,0,0,0,NORMAL,0,3,2,3,75,156,0,156,0,0,0,0,0,0,0
120385,25,bully,2932,1,18,1109853,156,0,936,0,1,25,117453,2932,0,19,0,0,0,LEADER,1,4,1,28,18,156,0,0,0,0,0,0,0,0,0
120701,33,bully,3250,1,18,1115573,156,0,936,0,1,33,117451,3250,0,19,0,0,0,LEADER,1,4,1,36,18,156,0,0,0,0,0,0,0,0,0
120671,37,bully,3218,1,18,1115001,156,0,936,0,1,37,117453,3218,0,19,0,0,0,LEADER,1,4,1,40,18,156,0,0,0,0,0,0,0,0,0
120927,49,bully,3474,1,18,1119609,156,0,936,0,1,49,117453,3474,0,19,0,0,0,LEADER,1,4,1,52,18,156,0,0,0,0,0,0,0,0,0
120588,35,bully,3135,1,18,1113507,156,0,936,0,1,35,117453,3135,0,19,0,0,0,LEADER,1,4,1,38,18,156,0,0,0,0,0,0,0,0,0
121064,46,bully,3611,1,18,1122075,156,0,936,0,1,46,117453,3611,0,19,0,0,0,LEADER,1,4,1,49,18,156,0,0,0,0,0,0,0,0,0
120942,17,bully,3489,1,18,1119879,156,0,936,0,1,17,117453,3489,0,19,0,0,0,LEADER,1,4,1,20,18,156,0,0,0,0,0,0,0,0,0
121079,14,bully,3626,1,18,1122345,156,157,936,942,2,1,117453,3626,0,19,0,0,0,NORMAL,0,3,2,3,59,156,0,157,0,0,0,0,0,0,0
121145,34,bully,3692,1,18,1123533,156,0,936,0,1,34,117453,3692,0,19,0,0,0,LEADER,1,4,1,37,18,156,0,0,0,0,0,0,0,0,0
120753,42,bully,3304,1,18,1116495,156,0,936,0,1,42,117449,3304,0,19,0,0,0,LEADER,1,4,1,45,18,156,0,0,0,0,0,0,0,0,0
120906,50,bully,3453,1,18,1119231,156,0,936,0,1,50,117453,3453,0,19,0,0,0,LEADER,1,4,1,53,18,156,0,0,0,0,0,0,0,0,0
120418,28,bully,2965,1,18,1110447,156,0,936,0,1,28,117453,2965,0,19,0,0,0,LEADER,1,4,1,31,18,156,0,0,0,0,0,0,0,0,0
120613,7,bully,3160,1,18,1113957,156,312,936,1872,2,1,117453,3160,0,19,0,0,0,NORMAL,0,3,2,3,59,156,0,312,0,0,0,0,0,0,0
121056,15,bully,3603,1,18,1121931,156,157,936,942,2,1,117453,3603,0,19,0,0,0,NORMAL,0,3,2,3,71,156,0,157,0,0,0,0,0,0,0
120734,18,bully,3281,1,18,1116135,156,0,936,0,1,18,117453,3281,0,19,0,0,0,LEADER,1,4,1,21,18,156,0,0,0,0,0,0,0,0,0
120718,1,bully,3265,1,18,1115847,156,314,936,1884,1,1,117453,3265,0,19,0,0,0,LEADER,1,4,1,4,18,156,0,314,0,0,0,0,0,0,0
121007,30,bully,3556,1,18,1121076,156,0,936,0,1,30,117451,3556,0,19,0,0,0,LEADER,1,4,1,33,18,156,0,0,0,0,0,0,0,0,0
120723,32,bully,3271,1,18,1115945,156,0,936,0,1,32,117452,3271,0,19,0,0,0,LEADER,1,4,1,35,18,156,0,0,0,0,0,0,0,0,0
121043,10,bully,3592,1,18,1121723,156,157,936,942,1,1,117451,3592,0,19,0,0,0,NORMAL,0,3,2,4,37,156,0,157,0,0,0,0,0,0,0
120636,13,bully,3183,1,18,1114371,156,149,936,894,1,1,117453,3183,0,19,0,0,0,NORMAL,0,3,2,3,57,156,0,149,0,0,0,0,0,0,0
120736,43,bully,3283,1,18,1116171,156,0,936,0,1,43,117453,3283,0,19,0,0,0,LEADER,1,4,1,46,18,156,0,0,0,0,0,0,0,0,0
120909,24,bully,3456,1,18,1119285,156,0,936,0,1,24,117453,3456,0,19,0,0,0,LEADER,1,4,1,27,18,156,0,0,0,0,0,0,0,0,0
120975,27,bully,3522,1,18,1120473,156,0,936,0,1,27,117453,3522,0,19,0,0,0,LEADER,1,4,1,30,18,156,0,0,0,0,0,0,0,0,0
121042,47,bully,3589,1,18,1121679,156,0,936,0,1,47,117453,3589,0,19,0,0,0,LEADER,1,4,1,50,18,156,0,0,0,0,0,0,0,0,0
120806,20,bully,3353,1,18,1117431,156,0,936,0,1,20,117453,3353,0,19,0,0,0,LEADER,1,4,1,23,18,156,0,0,0,0,0,0,0,0,0
120872,40,bully,3419,1,18,1118619,156,0,936,0,1,40,117453,3419,0,19,0,0,0,LEADER,1,4,1,43,18,156,0,0,0,0,0,0,0,0,0
122663,19,bully,2910,1,18,1109438,159,0,954,0,1,19,119753,2910,0,19,0,0,0,LEADER,1,4,1,25,18,159,0,0,0,0,0,0,0,0,0
122700,29,bully,2944,1,18,1110069,159,0,954,0,1,29,119756,2944,0,19,0,0,0,LEADER,1,4,1,35,18,159,0,0,0,0,0,0,0,0,0
122455,2,bully,2707,1,18,1105706,159,315,954,1890,1,1,119748,2707,0,19,0,0,0,NORMAL,0,3,1,6,47,159,0,315,0,0,0,0,0,0,0
122869,36,bully,3113,1,18,1113111,159,0,954,0,1,36,119756,3113,0,19,0,0,0,LEADER,1,4,1,42,18,159,0,0,0,0,0,0,0,0,0
122585,31,bully,2829,1,18,1107999,159,0,954,0,1,31,119756,2829,0,19,0,0,0,LEADER,1,4,1,37,18,159,0,0,0,0,0,0,0,0,0
122924,45,bully,3168,1,18,1114101,159,0,954,0,1,45,119756,3168,0,19,0,0,0,LEADER,1,4,1,51,18,159,0,0,0,0,0,0,0,0,0
122518,11,bully,2762,1,18,1106793,159,158,954,948,1,1,119756,2762,0,19,0,0,0,NORMAL,0,3,1,6,56,159,0,158,0,0,0,0,0,0,0
122618,41,bully,2862,1,18,1108593,159,0,954,0,1,41,119756,2862,0,19,0,0,0,LEADER,1,4,1,47,18,159,0,0,0,0,0,0,0,0,0
122836,26,bully,3080,1,18,1112517,159,0,954,0,1,26,119756,3080,0,19,0,0,0,LEADER,1,4,1,32,18,159,0,0,0,0,0,0,0,0,0
122610,4,bully,2854,1,18,1108449,159,304,954,1824,1,1,119756,2854,0,19,0,0,0,NORMAL,0,3,1,6,58,159,0,304,0,0,0,0,0,0,0
122769,6,bully,3013,1,18,1111311,159,316,954,1896,2,1,119756,3013,0,19,0,0,0,NORMAL,0,3,1,6,58,159,0,316,0,0,0,0,0,0,0
122494,12,bully,2740,1,18,1106372,159,159,954,954,1,1,119754,2740,0,19,0,0,0,NORMAL,0,3,1,6,70,159,0,159,0,0,0,0,0,0,0
122633,9,bully,2877,1,18,1108863,159,158,954,948,1,1,119756,2877,0,19,0,0,0,NORMAL,0,3,1,6,54,159,0,158,0,0,0,0,0,0,0
122788,48,bully,3032,1,18,1111653,159,0,954,0,1,48,119756,3032,0,19,0,0,0,LEADER,1,4,1,54,18,159,0,0,0,0,0,0,0,0,0
122482,44,bully,2726,1,18,1106145,159,0,954,0,1,44,119756,2726,0,19,0,0,0,LEADER,1,4,1,50,18,159,0,0,0,0,0,0,0,0,0
123190,8,bully,3434,1,18,1118889,159,158,954,948,2,1,119756,3434,0,19,0,0,0,NORMAL,0,3,1,6,60,159,0,158,0,0,0,0,0,0,0
122529,22,bully,2774,1,18,1107005,159,0,954,0,1,22,119755,2774,0,19,0,0,0,LEADER,1,4,1,28,18,159,0,0,0,0,0,0,0,0,0
123197,39,bully,3441,1,18,1119015,159,0,954,0,1,39,119756,3441,0,19,0,0,0,LEADER,1,4,1,45,18,159,0,0,0,0,0,0,0,0,0
122551,21,bully,2795,1,18,1107387,159,0,954,0,1,21,119756,2795,0,19,0,0,0,LEADER,1,4,1,27,18,159,0,0,0,0,0,0,0,0,0
122906,3,bully,3150,1,18,1113777,159,320,954,1920,1,1,119756,3150,0,19,0,0,0,NORMAL,0,3,1,6,55,159,0,320,0,0,0,0,0,0,0
123327,5,bully,3571,1,18,1121355,159,320,954,1920,1,1,119756,3571,0,19,0,0,0,NORMAL,0,3,1,6,58,159,0,320,0,0,0,0,0,0,0
122972,23,bully,3216,1,18,1114965,159,0,954,0,1,23,119756,3216,0,19,0,0,0,LEADER,1,4,1,29,18,159,0,0,0,0,0,0,0,0,0
122751,38,bully,2998,1,18,1111021,159,0,954,0,1,38,119753,2998,0,19,0,0,0,LEADER,1,4,1,44,18,159,0,0,0,0,0,0,0,0,0
122800,16,bully,3047,1,18,1111895,159,159,954,954,2,1,119753,3047,0,19,0,0,0,NORMAL,0,3,1,6,75,159,0,159,0,0,0,0,0,0,0
122688,25,bully,2932,1,18,1109853,159,0,954,0,1,25,119756,2932,0,19,0,0,0,LEADER,1,4,1,31,18,159,0,0,0,0,0,0,0,0,0
123004,33,bully,3250,1,18,1115573,159,0,954,0,1,33,119754,3250,0,19,0,0,0,LEADER,1,4,1,39,18,159,0,0,0,0,0,0,0,0,0
122974,37,bully,3218,1,18,1115001,159,0,954,0,1,37,119756,3218,0,19,0,0,0,LEADER,1,4,1,43,18,159,0,0,0,0,0,0,0,0,0
123230,49,bully,3474,1,18,1119609,159,0,954,0,1,49,119756,3474,0,19,0,0,0,LEADER,1,4,1,55,18,159,0,0,0,0,0,0,0,0,0
122891,35,bully,3135,1,18,1113507,159,0,954,0,1,35,119756,3135,0,19,0,0,0,LEADER,1,4,1,41,18,159,0,0,0,0,0,0,0,0,0
123367,46,bully,3611,1,18,1122075,159,0,954,0,1,46,119756,3611,0,19,0,0,0,LEADER,1,4,1,52,18,159,0,0,0,0,0,0,0,0,0
123245,17,bully,3489,1,18,1119879,159,0,954,0,1,17,119756,3489,0,19,0,0,0,LEADER,1,4,1,23,18,159,0,0,0,0,0,0,0,0,0
123382,14,bully,3626,1,18,1122345,159,160,954,960,2,1,119756,3626,0,19,0,0,0,NORMAL,0,3,1,6,59,159,0,160,0,0,0,0,0,0,0
123448,34,bully,3692,1,18,1123533,159,0,954,0,1,34,119756,3692,0,19,0,0,0,LEADER,1,4,1,40,18,159,0,0,0,0,0,0,0,0,0
123056,42,bully,3304,1,18,1116495,159,0,954,0,1,42,119752,3304,0,19,0,0,0,LEADER,1,4,1,48,18,159,0,0,0,0,0,0,0,0,0
123209,50,bully,3453,1,18,1119231,159,0,954,0,1,50,119756,3453,0,19,0,0,0,LEADER,1,4,1,56,18,159,0,0,0,0,0,0,0,0,0
122721,28,bully,2965,1,18,1110447,159,0,954,0,1,28,119756,2965,0,19,0,0,0,LEADER,1,4,1,34,18,159,0,0,0,0,0,0,0,0,0
122916,7,bully,3160,1,18,1113957,159,318,954,1908,2,1,119756,3160,0,19,0,0,0,NORMAL,0,3,1,6,59,159,0,318,0,0,0,0,0,0,0
123359,15,bully,3603,1,18,1121931,159,160,954,960,2,1,119756,3603,0,19,0,0,0,NORMAL,0,3,1,6,71,159,0,160,0,0,0,0,0,0,0
123037,18,bully,3281,1,18,1116135,159,0,954,0,1,18,119756,3281,0,19,0,0,0,LEADER,1,4,1,24,18,159,0,0,0,0,0,0,0,0,0
123021,1,bully,3265,1,18,1115847,159,320,954,1920,1,1,119756,3265,0,19,0,0,0,LEADER,1,4,1,7,18,159,0,320,0,0,0,0,0,0,0
123310,30,bully,3556,1,18,1121076,159,0,954,0,1,30,119754,3556,0,19,0,0,0,LEADER,1,4,1,36,18,159,0,0,0,0,0,0,0,0,0
123026,32,bully,3271,1,18,1115945,159,0,954,0,1,32,119755,3271,0,19,0,0,0,LEADER,1,4,1,38,18,159,0,0,0,0,0,0,0,0,0
123346,10,bully,3592,1,18,1121723,159,160,954,960,1,1,119754,3592,0,19,0,0,0,NORMAL,0,3,1,7,37,159,0,160,0,0,0,0,0,0,0
122939,13,bully,3183,1,18,1114371,159,152,954,912,1,1,119756,3183,0,19,0,0,0,NORMAL,0,3,1,6,57,159,0,152,0,0,0,0,0,0,0
123039,43,bully,3283,1,18,1116171,159,0,954,0,1,43,119756,3283,0,19,0,0,0,LEADER,1,4,1,49,18,159,0,0,0,0,0,0,0,0,0
123212,24,bully,3456,1,18,1119285,159,0,954,0,1,24,119756,3456,0,19,0,0,0,LEADER,1,4,1,30,18,159,0,0,0,0,0,0,0,0,0
123278,27,bully,3522,1,18,1120473,159,0,954,0,1,27,119756,3522,0,19,0,0,0,LEADER,1,4,1,33,18,159,0,0,0,0,0,0,0,0,0
123345,47,bully,3589,1,18,1121679,159,0,954,0,1,47,119756,3589,0,19,0,0,0,LEADER,1,4,1,53,18,159,0,0,0,0,0,0,0,0,0
123109,20,bully,3353,1,18,1117431,159,0,954,0,1,20,119756,3353,0,19,0,0,0,LEADER,1,4,1,26,18,159,0,0,0,0,0,0,0,0,0
123175,40,bully,3419,1,18,1118619,159,0,954,0,1,40,119756,3419,0,19,0,0,0,LEADER,1,4,1,46,18,159,0,0,0,0,0,0,0,0,0
124966,19,bully,2910,1,18,1109438,162,0,972,0,1,19,122056,2910,0,19,0,0,0,LEADER,1,4,1,28,18,162,0,0,0,0,0,0,0,0,0
125003,29,bully,2944,1,18,1110069,162,0,972,0,1,29,122059,2944,0,19,0,0,0,LEADER,1,4,1,38,18,162,0,0,0,0,0,0,0,0,0
124758,2,bully,2707,1,18,1105706,162,322,972,1932,1,1,122051,2707,0,19,0,0,0,NORMAL,0,3,1,9,47,162,0,322,0,0,0,0,0,0,0
125172,36,bully,3113,1,18,1113111,162,0,972,0,1,36,122059,3113,0,19,0,0,0,LEADER,1,4,1,45,18,162,0,0,0,0,0,0,0,0,0
124888,31,bully,2829,1,18,1107999,162,0,972,0,1,31,122059,2829,0,19,0,0,0,LEADER,1,4,1,40,18,162,0,0,0,0,0,0,0,0,0
125227,45,bully,3168,1,18,1114101,162,0,972,0,1,45,122059,3168,0,19,0,0,0,LEADER,1,4,1,54,18,162,0,0,0,0,0,0,0,0,0
124821,11,bully,2762,1,18,1106793,162,161,972,966,1,1,122059,2762,0,19,0,0,0,NORMAL,0,3,1,9,56,162,0,161,0,0,0,0,0,0,0
124921,41,bully,2862,1,18,1108593,162,0,972,0,1,41,122059,2862,0,19,0,0,0,LEADER,1,4,1,50,18,162,0,0,0,0,0,0,0,0,0
125139,26,bully,3080,1,18,1112517,162,0,972,0,1,26,122059,3080,0,19,0,0,0,LEADER,1,4,1,35,18,162,0,0,0,0,0,0,0,0,0
124913,4,bully,2854,1,18,1108449,162,310,972,1860,1,1,122059,2854,0,19,0,0,0,NORMAL,0,3,1,9,58,162,0,310,0,0,0,0,0,0,0
125072,6,bully,3013,1,18,1111311,162,322,972,1932,2,1,122059,3013,0,19,0,0,0,NORMAL,0,3,1,9,58,162,0,322,0,0,0,0,0,0,0
124797,12,bully,2740,1,18,1106372,162,161,972,966,1,1,122057,2740,0,19,0,0,0,NORMAL,0,3,1,9,70,162,0,161,0,0,0,0,0,0,0
124936,9,bully,2877,1,18,1108863,162,161,972,966,1,1,122059,2877,0,19,0,0,0,NORMAL,0,3,1,9,54,162,0,161,0,0,0,0,0,0,0
125091,48,bully,3032,1,18,1111653,162,0,972,0,1,48,122059,3032,0,19,0,0,0,LEADER,1,4,1,57,18,162,0,0,0,0,0,0,0,0,0
124785,44,bully,2726,1,18,1106145,162,0,972,0,1,44,122059,2726,0,19,0,0,0,LEADER,1,4,1,53,18,162,0,0,0,0,0,0,0,0,0
125493,8,bully,3434,1,18,1118889,162,161,972,966,2,1,122059,3434,0,19,0,0,0,NORMAL,0,3,1,9,60,162,0,161,0,0,0,0,0,0,0
124832,22,bully,2774,1,18,1107005,162,0,972,0,1,22,122058,2774,0,19,0,0,0,LEADER,1,4,1,31,18,162,0,0,0,0,0,0,0,0,0
125500,39,bully,3441,1,18,1119015,162,0,972,0,1,39,122059,3441,0,19,0,0,0,LEADER,1,4,1,48,18,162,0,0,0,0,0,0,0,0,0
124854,21,bully,2795,1,18,1107387,162,0,972,0,1,21,122059,2795,0,19,0,0,0,LEADER,1,4,1,30,18,162,0,0,0,0,0,0,0,0,0
125209,3,bully,3150,1,18,1113777,162,326,972,1956,1,1,122059,3150,0,19,0,0,0,NORMAL,0,3,1,9,55,162,0,326,0,0,0,0,0,0,0
125630,5,bully,3571,1,18,1121355,162,326,972,1956,1,1,122059,3571,0,19,0,0,0,NORMAL,0,3,1,9,58,162,0,326,0,0,0,0,0,0,0
125275,23,bully,3216,1,18,1114965,162,0,972,0,1,23,122059,3216,0,19,0,0,0,LEADER,1,4,1,32,18,162,0,0,0,0,0,0,0,0,0
125054,38,bully,2998,1,18,1111021,162,0,972,0,1,38,122056,2998,0,19,0,0,0,LEADER,1,4,1,47,18,162,0,0,0,0,0,0,0,0,0
125103,16,bully,3047,1,18,1111895,162,162,972,972,2,1,122056,3047,0,19,0,0,0,NORMAL,0,3,1,9,75,162,0,162,0,0,0,0,0,0,0
124991,25,bully,2932,1,18,1109853,162,0,972,0,1,25,122059,2932,0,19,0,0,0,LEADER,1,4,1,34,18,162,0,0,0,0,0,0,0,0,0
125307,33,bully,3250,1,18,1115573,162,0,972,0,1,33,122057,3250,0,19,0,0,0,LEADER,1,4,1,42,18,162,0,0,0,0,0,0,0,0,0
125277,37,bully,3218,1,18,1115001,162,0,972,0,1,37,122059,3218,0,19,0,0,0,LEADER,1,4,1,46,18,162,0,0,0,0,0,0,0,0,0
125533,49,bully,3474,1,18,1119609,162,0,972,0,1,49,122059,3474,0,19,0,0,0,LEADER,1,4,1,58,18,162,0,0,0,0,0,0,0,0,0
125194,35,bully,3135,1,18,1113507,162,0,972,0,1,35,122059,3135,0,19,0,0,0,LEADER,1,4,1,44,18,162,0,0,0,0,0,0,0,0,0
125670,46,bully,3611,1,18,1122075,162,0,972,0,1,46,122059,3611,0,19,0,0,0,LEADER,1,4,1,55,18,162,0,0,0,0,0,0,0,0,0
125548,17,bully,3489,1,18,1119879,162,0,972,0,1,17,122059,3489,0,19,0,0,0,LEADER,1,4,1,26,18,162,0,0,0,0,0,0,0,0,0
125685,14,bully,3626,1,18,1122345,162,163,972,978,2,1,122059,3626,0,19,0,0,0,NORMAL,0,3,1,9,59,162,0,163,0,0,0,0,0,0,0
125751,34,bully,3692,1,18,1123533,162,0,972,0,1,34,122059,3692,0,19,0,0,0,LEADER,1,4,1,43,18,162,0,0,0,0,0,0,0,0,0
125359,42,bully,3304,1,18,1116495,162,0,972,0,1,42,122055,3304,0,19,0,0,0,LEADER,1,4,1,51,18,162,0,0,0,0,0,0,0,0,0
125512,50,bully,3453,1,18,1119231,162,0,972,0,1,50,122059,3453,0,19,0,0,0,LEADER,1,4,1,59,18,162,0,0,0,0,0,0,0,0,0
125024,28,bully,2965,1,18,1110447,162,0,972,0,1,28,122059,2965,0,19,0,0,0,LEADER,1,4,1,37,18,162,0,0,0,0,0,0,0,0,0
125219,7,bully,3160,1,18,1113957,162,324,972,1944,2,1,122059,3160,0,19,0,0,0,NORMAL,0,3,1,9,59,162,0,324,0,0,0,0,0,0,0
125662,15,bully,3603,1,18,1121931,162,162,972,972,2,1,122059,3603,0,19,0,0,0,NORMAL,0,3,1,9,71,162,0,162,0,0,0,0,0,0,0
125340,18,bully,3281,1,18,1116135,162,0,972,0,1,18,122059,3281,0,19,0,0,0,LEADER,1,4,1,27,18,162,0,0,0,0,0,0,0,0,0
125324,1,bully,3265,1,18,1115847,162,326,972,1956,1,1,122059,3265,0,19,0,0,0,LEADER,1,4,1,10,18,162,0,326,0,0,0,0,0,0,0
125613,30,bully,3556,1,18,1121076,162,0,972,0,1,30,122057,3556,0,19,0,0,0,LEADER,1,4,1,39,18,162,0,0,0,0,0,0,0,0,0
125329,32,bully,3271,1,18,1115945,162,0,972,0,1,32,122058,3271,0,19,0,0,0,LEADER,1,4,1,41,18,162,0,0,0,0,0,0,0,0,0
125649,10,bully,3592,1,18,1121723,162,163,972,978,1,1,122057,3592,0,19,0,0,0,NORMAL,0,3,1,10,37,162,0,163,0,0,0,0,0,0,0
125242,13,bully,3183,1,18,1114371,162,155,972,930,1,1,122059,3183,0,19,0,0,0,NORMAL,0,3,1,9,57,162,0,155,0,0,0,0,0,0,0
125342,43,bully,3283,1,18,1116171,162,0,972,0,1,43,122059,3283,0,19,0,0,0,LEADER,1,4,1,52,18,162,0,0,0,0,0,0,0,0,0
125515,24,bully,3456,1,18,1119285,162,0,972,0,1,24,122059,3456,0,19,0,0,0,LEADER,1,4,1,33,18,162,0,0,0,0,0,0,0,0,0
125581,27,bully,3522,1,18,1120473,162,0,972,0,1,27,122059,3522,0,19,0,0,0,LEADER,1,4,1,36,18,162,0,0,0,0,0,0,0,0,0
125648,47,bully,3589,1,18,1121679,162,0,972,0,1,47,122059,3589,0,19,0,0,0,LEADER,1,4,1,56,18,162,0,0,0,0,0,0,0,0,0
125412,20,bully,3353,1,18,1117431,162,0,972,0,1,20,122059,3353,0,19,0,0,0,LEADER,1,4,1,29,18,162,0,0,0,0,0,0,0,0,0
125478,40,bully,3419,1,18,1118619,162,0,972,0,1,40,122059,3419,0,19,0,0,0,LEADER,1,4,1,49,18,162,0,0,0,0,0,0,0,0,0
127269,19,bully,2910,1,19,1236707,165,0,990,0,1,19,124359,2910,0,20,0,0,0,LEADER,1,4,1,22,19,165,0,0,0,0,0,0,0,0,0
127306,29,bully,2944,1,19,1237375,165,0,990,0,1,29,124362,2944,0,20,0,0,0,LEADER,1,4,1,32,19,165,0,0,0,0,0,0,0,0,0
127061,2,bully,2707,1,19,1232767,165,327,990,1962,1,1,124354,2707,0,20,0,0,0,NORMAL,0,3,2,3,50,165,0,327,0,0,0,0,0,0,0
127475,36,bully,3113,1,19,1240586,165,0,990,0,1,36,124362,3113,0,20,0,0,0,LEADER,1,4,1,39,19,165,0,0,0,0,0,0,0,0,0
127191,31,bully,2829,1,19,1235190,165,0,990,0,1,31,124362,2829,0,20,0,0,0,LEADER,1,4,1,34,19,165,0,0,0,0,0,0,0,0,0
127530,45,bully,3168,1,19,1241631,165,0,990,0,1,45,124362,3168,0,20,0,0,0,LEADER,1,4,1,48,19,165,0,0,0,0,0,0,0,0,0
127124,11,bully,2762,1,19,1233917,165,164,990,984,1,1,124362,2762,0,20,0,0,0,NORMAL,0,3,2,3,59,165,0,164,0,0,0,0,0,0,0
127224,41,bully,2862,1,19,1235817,165,0,990,0,1,41,124362,2862,0,20,0,0,0,LEADER,1,4,1,44,19,165,0,0,0,0,0,0,0,0,0
127442,26,bully,3080,1,19,1239959,165,0,990,0,1,26,124362,3080,0,20,0,0,0,LEADER,1,4,1,29,19,165,0,0,0,0,0,0,0,0,0
127216,4,bully,2854,1,19,1235665,165,316,990,1896,1,1,124362,2854,0,20,0,0,0,NORMAL,0,3,2,3,61,165,0,316,0,0,0,0,0,0,0
127375,6,bully,3013,1,19,1238686,165,328,990,1968,2,1,124362,3013,0,20,0,0,0,NORMAL,0,3,2,3,61,165,0,328,0,0,0,0,0,0,0
127100,12,bully,2740,1,19,1233472,165,165,990,990,1,1,124360,2740,0,20,0,0,0,NORMAL,0,3,2,4,72,165,0,165,0,0,0,0,0,0,0
127239,9,bully,2877,1,19,1236102,165,164,990,984,1,1,124362,2877,0,20,0,0,0,NORMAL,0,3,2,3,57,165,0,164,0,0,0,0,0,0,0
127394,48,bully,3032,1,19,1239047,165,0,990,0,1,48,124362,3032,0,20,0,0,0,LEADER,1,4,1,51,19,165,0,0,0,0,0,0,0,0,0
127088,44,bully,2726,1,19,1233233,165,0,990,0,1,44,124362,2726,0,20,0,0,0,LEADER,1,4,1,47,19,165,0,0,0,0,0,0,0,0,0
127796,8,bully,3434,1,19,1246685,165,164,990,984,2,1,124362,3434,0,20,0,0,0,NORMAL,0,3,2,3,63,165,0,164,0,0,0,0,0,0,0
127135,22,bully,2774,1,19,1234140,165,0,990,0,1,22,124361,2774,0,20,0,0,0,LEADER,1,4,1,25,19,165,0,0,0,0,0,0,0,0,0
127803,39,bully,3441,1,19,1246818,165,0,990,0,1,39,124362,3441,0,20,0,0,0,LEADER,1,4,1,42,19,165,0,0,0,0,0,0,0,0,0
127157,21,bully,2795,1,19,1234544,165,0,990,0,1,21,124362,2795,0,20,0,0,0,LEADER,1,4,1,24,19,165,0,0,0,0,0,0,0,0,0
127512,3,bully,3150,1,19,1241289,165,332,990,1992,1,1,124362,3150,0,20,0,0,0,NORMAL,0,3,2,3,58,165,0,332,0,0,0,0,0,0,0
127933,5,bully,3571,1,19,1249288,165,332,990,1992,1,1,124362,3571,0,20,0,0,0,NORMAL,0,3,2,3,61,165,0,332,0,0,0,0,0,0,0
127578,23,bully,3216,1,19,1242543,165,0,990,0,1,23,124362,3216,0,20,0,0,0,LEADER,1,4,1,26,19,165,0,0,0,0,0,0,0,0,0
127357,38,bully,2998,1,19,1238378,165,0,990,0,1,38,124359,2998,0,20,0,0,0,LEADER,1,4,1,41,19,165,0,0,0,0,0,0,0,0,0
127406,16,bully,3047,1,19,1239301,165,165,990,990,2,1,124359,3047,0,20,0,0,0,NORMAL,0,3,2,3,79,165,0,165,0,0,0,0,0,0,0
127294,25,bully,2932,1,19,1237147,165,0,990,0,1,25,124362,2932,0,20,0,0,0,LEADER,1,4,1,28,19,165,0,0,0,0,0,0,0,0,0
127610,33,bully,3250,1,19,1243183,165,0,990,0,1,33,124360,3250,0,20,0,0,0,LEADER,1,4,1,36,19,165,0,0,0,0,0,0,0,0,0
127580,37,bully,3218,1,19,1242581,165,0,990,0,1,37,124362,3218,0,20,0,0,0,LEADER,1,4,1,40,19,165,0,0,0,0,0,0,0,0,0
127836,49,bully,3474,1,19,1247445,165,0,990,0,1,49,124362,3474,0,20,0,0,0,LEADER,1,4,1,52,19,165,0,0,0,0,0,0,0,0,0
127497,35,bully,3135,1,19,1241004,165,0,990,0,1,35,124362,3135,0,20,0,0,0,LEADER,1,4,1,38,19,165,0,0,0,0,0,0,0,0,0
127973,46,bully,3611,1,19,1250048,165,0,990,0,1,46,124362,3611,0,20,0,0,0,LEADER,1,4,1,49,19,165,0,0,0,0,0,0,0,0,0
127851,17,bully,3489,1,19,1247730,165,0,990,0,1,17,124362,3489,0,20,0,0,0,LEADER,1,4,1,20,19,165,0,0,0,0,0,0,0,0,0
127988,14,bully,3626,1,19,1250333,165,166,990,996,2,1,124362,3626,0,20,0,0,0,NORMAL,0,3,2,3,62,165,0,166,0,0,0,0,0,0,0
128054,34,bully,3692,1,19,1251587,165,0,990,0,1,34,124362,3692,0,20,0,0,0,LEADER,1,4,1,37,19,165,0,0,0,0,0,0,0,0,0
127662,42,bully,3304,1,19,1244157,165,0,990,0,1,42,124358,3304,0,20,0,0,0,LEADER,1,4,1,45,19,165,0,0,0,0,0,0,0,0,0
127815,50,bully,3453,1,19,1247046,165,0,990,0,1,50,124362,3453,0,20,0,0,0,LEADER,1,4,1,53,19,165,0,0,0,0,0,0,0,0,0
127327,28,bully,2965,1,19,1237774,165,0,990,0,1,28,124362,2965,0,20,0,0,0,LEADER,1,4,1,31,19,165,0,0,0,0,0,0,0,0,0
127522,7,bully,3160,1,19,1241479,165,330,990,1980,2,1,124362,3160,0,20,0,0,0,NORMAL,0,3,2,3,62,165,0,330,0,0,0,0,0,0,0
127965,15,bully,3603,1,19,1249896,165,166,990,996,2,1,124362,3603,0,20,0,0,0,NORMAL,0,3,2,3,75,165,0,166,0,0,0,0,0,0,0
127643,18,bully,3281,1,19,1243778,165,0,990,0,1,18,124362,3281,0,20,0,0,0,LEADER,1,4,1,21,19,165,0,0,0,0,0,0,0,0,0
127627,1,bully,3265,1,19,1243474,165,332,990,1992,1,1,124362,3265,0,20,0,0,0,LEADER,1,4,1,4,19,165,0,332,0,0,0,0,0,0,0
127916,30,bully,3556,1,19,1248992,165,0,990,0,1,30,124360,3556,0,20,0,0,0,LEADER,1,4,1,33,19,165,0,0,0,0,0,0,0,0,0
127632,32,bully,3271,1,19,1243577,165,0,990,0,1,32,124361,3271,0,20,0,0,0,LEADER,1,4,1,35,19,165,0,0,0,0,0,0,0,0,0
127952,10,bully,3592,1,19,1249675,165,166,990,996,1,1,124360,3592,0,20,0,0,0,NORMAL,0,3,2,4,39,165,0,166,0,0,0,0,0,0,0
127545,13,bully,3183,1,19,1241916,165,158,990,948,1,1,124362,3183,0,20,0,0,0,NORMAL,0,3,2,3,60,165,0,158,0,0,0,0,0,0,0
127645,43,bully,3283,1,19,1243816,165,0,990,0,1,43,124362,3283,0,20,0,0,0,LEADER,1,4,1,46,19,165,0,0,0,0,0,0,0,0,0
127818,24,bully,3456,1,19,1247103,165,0,990,0,1,24,124362,3456,0,20,0,0,0,LEADER,1,4,1,27,19,165,0,0,0,0,0,0,0,0,0
127884,27,bully,3522,1,19,1248357,165,0,990,0,1,27,124362,3522,0,20,0,0,0,LEADER,1,4,1,30,19,165,0,0,0,0,0,0,0,0,0
127951,47,bully,3589,1,19,1249630,165,0,990,0,1,47,124362,3589,0,20,0,0,0,LEADER,1,4,1,50,19,165,0,0,0,0,0,0,0,0,0
127715,20,bully,3353,1,19,1245146,165,0,990,0,1,20,124362,3353,0,20,0,0,0,LEADER,1,4,1,23,19,165,0,0,0,0,0,0,0,0,0
127781,40,bully,3419,1,19,1246400,165,0,990,0,1,40,124362,3419,0,20,0,0,0,LEADER,1,4,1,43,19,165,0,0,0,0,0,0,0,0,0
129572,19,bully,2910,1,19,1236707,168,0,1008,0,1,19,126662,2910,0,20,0,0,0,LEADER,1,4,1,25,19,168,0,0,0,0,0,0,0,0,0
129609,29,bully,2944,1,19,1237375,168,0,1008,0,1,29,126665,2944,0,20,0,0,0,LEADER,1,4,1,35,19,168,0,0,0,0,0,0,0,0,0
129363,2,bully,2707,1,19,1232767,168,334,1008,2004,1,1,126656,2707,0,20,0,0,0,NORMAL,0,3,1,6,50,168,0,334,0,0,0,0,0,0,0
129778,36,bully,3113,1,19,1240586,168,0,1008,0,1,36,126665,3113,0,20,0,0,0,LEADER,1,4,1,42,19,168,0,0,0,0,0,0,0,0,0
129494,31,bully,2829,1,19,1235190,168,0,1008,0,1,31,126665,2829,0,20,0,0,0,LEADER,1,4,1,37,19,168,0,0,0,0,0,0,0,0,0
129833,45,bully,3168,1,19,1241631,168,0,1008,0,1,45,126665,3168,0,20,0,0,0,LEADER,1,4,1,51,19,168,0,0,0,0,0,0,0,0,0
129427,11,bully,2762,1,19,1233917,168,167,1008,1002,1,1,126665,2762,0,20,0,0,0,NORMAL,0,3,1,6,59,168,0,167,0,0,0,0,0,0,0
129527,41,bully,2862,1,19,1235817,168,0,1008,0,1,41,126665,2862,0,20,0,0,0,LEADER,1,4,1,47,19,168,0,0,0,0,0,0,0,0,0
129745,26,bully,3080,1,19,1239959,168,0,1008,0,1,26,126665,3080,0,20,0,0,0,LEADER,1,4,1,32,19,168,0,0,0,0,0,0,0,0,0
129519,4,bully,2854,1,19,1235665,168,322,1008,1932,1,1,126665,2854,0,20,0,0,0,NORMAL,0,3,1,6,61,168,0,322,0,0,0,0,0,0,0
129678,6,bully,3013,1,19,1238686,168,334,1008,2004,2,1,126665,3013,0,20,0,0,0,NORMAL,0,3,1,6,61,168,0,334,0,0,0,0,0,0,0
129403,12,bully,2740,1,19,1233472,168,168,1008,1008,1,1,126663,2740,0,20,0,0,0,NORMAL,0,3,1,7,72,168,0,168,0,0,0,0,0,0,0
129542,9,bully,2877,1,19,1236102,168,167,1008,1002,1,1,126665,2877,0,20,0,0,0,NORMAL,0,3,1,6,57,168,0,167,0,0,0,0,0,0,0
129697,48,bully,3032,1,19,1239047,168,0,1008,0,1,48,126665,3032,0,20,0,0,0,LEADER,1,4,1,54,19,168,0,0,0,0,0,0,0,0,0
129391,44,bully,2726,1,19,1233233,168,0,1008,0,1,44,126665,2726,0,20,0,0,0,LEADER,1,4,1,50,19,168,0,0,0,0,0,0,0,0,0
130099,8,bully,3434,1,19,1246685,168,167,1008,1002,2,1,126665,3434,0,20,0,0,0,NORMAL,0,3,1,6,63,168,0,167,0,0,0,0,0,0,0
129438,22,bully,2774,1,19,1234140,168,0,1008,0,1,22,126664,2774,0,20,0,0,0,LEADER,1,4,1,28,19,168,0,0,0,0,0,0,0,0,0
130106,39,bully,3441,1,19,1246818,168,0,1008,0,1,39,126665,3441,0,20,0,0,0,LEADER,1,4,1,45,19,168,0,0,0,0,0,0,0,0,0
129460,21,bully,2795,1,19,1234544,168,0,1008,0,1,21,126665,2795,0,20,0,0,0,LEADER,1,4,1,27,19,168,0,0,0,0,0,0,0,0,0
129815,3,bully,3150,1,19,1241289,168,338,1008,2028,1,1,126665,3150,0,20,0,0,0,NORMAL,0,3,1,6,58,168,0,338,0,0,0,0,0,0,0
130236,5,bully,3571,1,19,1249288,168,338,1008,2028,1,1,126665,3571,0,20,0,0,0,NORMAL,0,3,1,6,61,168,0,338,0,0,0,0,0,0,0
129881,23,bully,3216,1,19,1242543,168,0,1008,0,1,23,126665,3216,0,20,0,0,0,LEADER,1,4,1,29,19,168,0,0,0,0,0,0,0,0,0
129660,38,bully,2998,1,19,1238378,168,0,1008,0,1,38,126662,2998,0,20,0,0,0,LEADER,1,4,1,44,19,168,0,0,0,0,0,0,0,0,0
129709,16,bully,3047,1,19,1239301,168,168,1008,1008,2,1,126662,3047,0,20,0,0,0,NORMAL,0,3,1,6,79,168,0,168,0,0,0,0,0,0,0
129597,25,bully,2932,1,19,1237147,168,0,1008,0,1,25,126665,2932,0,20,0,0,0,LEADER,1,4,1,31,19,168,0,0,0,0,0,0,0,0,0
129913,33,bully,3250,1,19,1243183,168,0,1008,0,1,33,126663,3250,0,20,0,0,0,LEADER,1,4,1,39,19,168,0,0,0,0,0,0,0,0,0
129883,37,bully,3218,1,19,1242581,168,0,1008,0,1,37,126665,3218,0,20,0,0,0,LEADER,1,4,1,43,19,168,0,0,0,0,0,0,0,0,0
130139,49,bully,3474,1,19,1247445,168,0,1008,0,1,49,126665,3474,0,20,0,0,0,LEADER,1,4,1,55,19,168,0,0,0,0,0,0,0,0,0
129800,35,bully,3135,1,19,1241004,168,0,1008,0,1,35,126665,3135,0,20,0,0,0,LEADER,1,4,1,41,19,168,0,0,0,0,0,0,0,0,0
130276,46,bully,3611,1,19,1250048,168,0,1008,0,1,46,126665,3611,0,20,0,0,0,LEADER,1,4,1,52,19,168,0,0,0,0,0,0,0,0,0
130154,17,bully,3489,1,19,1247730,168,0,1008,0,1,17,126665,3489,0,20,0,0,0,LEADER,1,4,1,23,19,168,0,0,0,0,0,0,0,0,0
130291,14,bully,3626,1,19,1250333,168,169,1008,1014,2,1,126665,3626,0,20,0,0,0,NORMAL,0,3,1,6,62,168,0,169,0,0,0,0,0,0,0
130357,34,bully,3692,1,19,1251587,168,0,1008,0,1,34,126665,3692,0,20,0,0,0,LEADER,1,4,1,40,19,168,0,0,0,0,0,0,0,0,0
129965,42,bully,3304,1,19,1244157,168,0,1008,0,1,42,126661,3304,0,20,0,0,0,LEADER,1,4,1,48,19,168,0,0,0,0,0,0,0,0,0
130118,50,bully,3453,1,19,1247046,168,0,1008,0,1,50,126665,3453,0,20,0,0,0,LEADER,1,4,1,56,19,168,0,0,0,0,0,0,0,0,0
129630,28,bully,2965,1,19,1237774,168,0,1008,0,1,28,126665,2965,0,20,0,0,0,LEADER,1,4,1,34,19,168,0,0,0,0,0,0,0,0,0
129825,7,bully,3160,1,19,1241479,168,336,1008,2016,2,1,126665,3160,0,20,0,0,0,NORMAL,0,3,1,6,62,168,0,336,0,0,0,0,0,0,0
130268,15,bully,3603,1,19,1249896,168,168,1008,1008,2,1,126665,3603,0,20,0,0,0,NORMAL,0,3,1,6,75,168,0,168,0,0,0,0,0,0,0
129946,18,bully,3281,1,19,1243778,168,0,1008,0,1,18,126665,3281,0,20,0,0,0,LEADER,1,4,1,24,19,168,0,0,0,0,0,0,0,0,0
129930,1,bully,3265,1,19,1243474,168,338,1008,2028,1,1,126665,3265,0,20,0,0,0,LEADER,1,4,1,7,19,168,0,338,0,0,0,0,0,0,0
130219,30,bully,3556,1,19,1248992,168,0,1008,0,1,30,126663,3556,0,20,0,0,0,LEADER,1,4,1,36,19,168,0,0,0,0,0,0,0,0,0
129935,32,bully,3271,1,19,1243577,168,0,1008,0,1,32,126664,3271,0,20,0,0,0,LEADER,1,4,1,38,19,168,0,0,0,0,0,0,0,0,0
130255,10,bully,3592,1,19,1249675,168,169,1008,1014,1,1,126663,3592,0,20,0,0,0,NORMAL,0,3,1,7,39,168,0,169,0,0,0,0,0,0,0
129848,13,bully,3183,1,19,1241916,168,161,1008,966,1,1,126665,3183,0,20,0,0,0,NORMAL,0,3,1,6,60,168,0,161,0,0,0,0,0,0,0
129948,43,bully,3283,1,19,1243816,168,0,1008,0,1,43,126665,3283,0,20,0,0,0,LEADER,1,4,1,49,19,168,0,0,0,0,0,0,0,0,0
130121,24,bully,3456,1,19,1247103,168,0,1008,0,1,24,126665,3456,0,20,0,0,0,LEADER,1,4,1,30,19,168,0,0,0,0,0,0,0,0,0
130187,27,bully,3522,1,19,1248357,168,0,1008,0,1,27,126665,3522,0,20,0,0,0,LEADER,1,4,1,33,19,168,0,0,0,0,0,0,0,0,0
130254,47,bully,3589,1,19,1249630,168,0,1008,0,1,47,126665,3589,0,20,0,0,0,LEADER,1,4,1,53,19,168,0,0,0,0,0,0,0,0,0
130018,20,bully,3353,1,19,1245146,168,0,1008,0,1,20,126665,3353,0,20,0,0,0,LEADER,1,4,1,26,19,168,0,0,0,0,0,0,0,0,0
130084,40,bully,3419,1,19,1246400,168,0,1008,0,1,40,126665,3419,0,20,0,0,0,LEADER,1,4,1,46,19,168,0,0,0,0,0,0,0,0,0
131875,19,bully,2910,1,19,1236707,171,0,1026,0,1,19,128965,2910,0,20,0,0,0,LEADER,1,4,1,28,19,171,0,0,0,0,0,0,0,0,0
131912,29,bully,2944,1,19,1237375,171,0,1026,0,1,29,128968,2944,0,20,0,0,0,LEADER,1,4,1,38,19,171,0,0,0,0,0,0,0,0,0
131666,2,bully,2707,1,19,1232767,171,340,1026,2040,1,1,128959,2707,0,20,0,0,0,NORMAL,0,3,1,9,50,171,0,340,0,0,0,0,0,0,0
132081,36,bully,3113,1,19,1240586,171,0,1026,0,1,36,128968,3113,0,20,0,0,0,LEADER,1,4,1,45,19,171,0,0,0,0,0,0,0,0,0
131797,31,bully,2829,1,19,1235190,171,0,1026,0,1,31,128968,2829,0,20,0,0,0,LEADER,1,4,1,40,19,171,0,0,0,0,0,0,0,0,0
132136,45,bully,3168,1,19,1241631,171,0,1026,0,1,45,128968,3168,0,20,0,0,0,LEADER,1,4,1,54,19,171,0,0,0,0,0,0,0,0,0
131730,11,bully,2762,1,19,1233917,171,170,1026,1020,1,1,128968,2762,0,20,0,0,0,NORMAL,0,3,1,9,59,171,0,170,0,0,0,0,0,0,0
131830,41,bully,2862,1,19,1235817,171,0,1026,0,1,41,128968,2862,0,20,0,0,0,LEADER,1,4,1,50,19,171,0,0,0,0,0,0,0,0,0
132048,26,bully,3080,1,19,1239959,171,0,1026,0,1,26,128968,3080,0,20,0,0,0,LEADER,1,4,1,35,19,171,0,0,0,0,0,0,0,0,0
131822,4,bully,2854,1,19,1235665,171,328,1026,1968,1,1,128968,2854,0,20,0,0,0,NORMAL,0,3,1,9,61,171,0,328,0,0,0,0,0,0,0
131981,6,bully,3013,1,19,1238686,171,340,1026,2040,2,1,128968,3013,0,20,0,0,0,NORMAL,0,3,1,9,61,171,0,340,0,0,0,0,0,0,0
131706,12,bully,2740,1,19,1233472,171,171,1026,1026,1,1,128966,2740,0,20,0,0,0,NORMAL,0,3,1,10,72,171,0,171,0,0,0,0,0,0,0
131845,9,bully,2877,1,19,1236102,171,170,1026,1020,1,1,128968,2877,0,20,0,0,0,NORMAL,0,3,1,9,57,171,0,170,0,0,0,0,0,0,0
132000,48,bully,3032,1,19,1239047,171,0,1026,0,1,48,128968,3032,0,20,0,0,0,LEADER,1,4,1,57,19,171,0,0,0,0,0,0,0,0,0
131694,44,bully,2726,1,19,1233233,171,0,1026,0,1,44,128968,2726,0,20,0,0,0,LEADER,1,4,1,53,19,171,0,0,0,0,0,0,0,0,0
132402,8,bully,3434,1,19,1246685,171,170,1026,1020,2,1,128968,3434,0,20,0,0,0,NORMAL,0,3,1,9,63,171,0,170,0,0,0,0,0,0,0
131741,22,bully,2774,1,19,1234140,171,0,1026,0,1,22,128967,2774,0,20,0,0,0,LEADER,1,4,1,31,19,171,0,0,0,0,0,0,0,0,0
132409,39,bully,3441,1,19,1246818,171,0,1026,0,1,39,128968,3441,0,20,0,0,0,LEADER,1,4,1,48,19,171,0,0,0,0,0,0,0,0,0
131763,21,bully,2795,1,19,1234544,171,0,1026,0,1,21,128968,2795,0,20,0,0,0,LEADER,1,4,1,30,19,171,0,0,0,0,0,0,0,0,0
132118,3,bully,3150,1,19,1241289,171,344,1026,2064,1,1,128968,3150,0,20,0,0,0,NORMAL,0,3,1,9,58,171,0,344,0,0,0,0,0,0,0
132539,5,bully,3571,1,19,1249288,171,344,1026,2064,1,1,128968,3571,0,20,0,0,0,NORMAL,0,3,1,9,61,171,0,344,0,0,0,0,0,0,0
132184,23,bully,3216,1,19,1242543,171,0,1026,0,1,23,128968,3216,0,20,0,0,0,LEADER,1,4,1,32,19,171,0,0,0,0,0,0,0,0,0
131963,38,bully,2998,1,19,1238378,171,0,1026,0,1,38,128965,2998,0,20,0,0,0,LEADER,1,4,1,47,19,171,0,0,0,0,0,0,0,0,0
132012,16,bully,3047,1,19,1239301,171,171,1026,1026,2,1,128965,3047,0,20,0,0,0,NORMAL,0,3,1,9,79,171,0,171,0,0,0,0,0,0,0
131900,25,bully,2932,1,19,1237147,171,0,1026,0,1,25,128968,2932,0,20,0,0,0,LEADER,1,4,1,34,19,171,0,0,0,0,0,0,0,0,0
132216,33,bully,3250,1,19,1243183,171,0,1026,0,1,33,128966,3250,0,20,0,0,0,LEADER,1,4,1,42,19,171,0,0,0,0,0,0,0,0,0
132186,37,bully,3218,1,19,1242581,171,0,1026,0,1,37,128968,3218,0,20,0,0,0,LEADER,1,4,1,46,19,171,0,0,0,0,0,0,0,0,0
132442,49,bully,3474,1,19,1247445,171,0,1026,0,1,49,128968,3474,0,20,0,0,0,LEADER,1,4,1,58,19,171,0,0,0,0,0,0,0,0,0
132103,35,bully,3135,1,19,1241004,171,0,1026,0,1,35,128968,3135,0,20,0,0,0,LEADER,1,4,1,44,19,171,0,0,0,0,0,0,0,0,0
132579,46,bully,3611,1,19,1250048,171,0,1026,0,1,46,128968,3611,0,20,0,0,0,LEADER,1,4,1,55,19,171,0,0,0,0,0,0,0,0,0
132457,17,bully,3489,1,19,1247730,171,0,1026,0,1,17,128968,3489,0,20,0,0,0,LEADER,1,4,1,26,19,171,0,0,0,0,0,0,0,0,0
132594,14,bully,3626,1,19,1250333,171,172,1026,1032,2,1,128968,3626,0,20,0,0,0,NORMAL,0,3,1,9,62,171,0,172,0,0,0,0,0,0,0
132660,34,bully,3692,1,19,1251587,171,0,1026,0,1,34,128968,3692,0,20,0,0,0,LEADER,1,4,1,43,19,171,0,0,0,0,0,0,0,0,0
132268,42,bully,3304,1,19,1244157,171,0,1026,0,1,42,128964,3304,0,20,0,0,0,LEADER,1,4,1,51,19,171,0,0,0,0,0,0,0,0,0
132421,50,bully,3453,1,19,1247046,171,0,1026,0,1,50,128968,3453,0,20,0,0,0,LEADER,1,4,1,59,19,171,0,0,0,0,0,0,0,0,0
131933,28,bully,2965,1,19,1237774,171,0,1026,0,1,28,128968,2965,0,20,0,0,0,LEADER,1,4,1,37,19,171,0,0,0,0,0,0,0,0,0
132128,7,bully,3160,1,19,1241479,171,342,1026,2052,2,1,128968,3160,0,20,0,0,0,NORMAL,0,3,1,9,62,171,0,342,0,0,0,0,0,0,0
132571,15,bully,3603,1,19,1249896,171,171,1026,1026,2,1,128968,3603,0,20,0,0,0,NORMAL,0,3,1,9,75,171,0,171,0,0,0,0,0,0,0
132249,18,bully,3281,1,19,1243778,171,0,1026,0,1,18,128968,3281,0,20,0,0,0,LEADER,1,4,1,27,19,171,0,0,0,0,0,0,0,0,0
132233,1,bully,3265,1,19,1243474,171,344,1026,2064,1,1,128968,3265,0,20,0,0,0,LEADER,1,4,1,10,19,171,0,344,0,0,0,0,0,0,0
132522,30,bully,3556,1,19,1248992,171,0,1026,0,1,30,128966,3556,0,20,0,0,0,LEADER,1,4,1,39,19,171,0,0,0,0,0,0,0,0,0
132238,32,bully,3271,1,19,1243577,171,0,1026,0,1,32,128967,3271,0,20,0,0,0,LEADER,1,4,1,41,19,171,0,0,0,0,0,0,0,0,0
132558,10,bully,3592,1,19,1249675,171,172,1026,1032,1,1,128966,3592,0,20,0,0,0,NORMAL,0,3,1,10,39,171,0,172,0,0,0,0,0,0,0
132151,13,bully,3183,1,19,1241916,171,164,1026,984,1,1,128968,3183,0,20,0,0,0,NORMAL,0,3,1,9,60,171,0,164,0,0,0,0,0,0,0
132251,43,bully,3283,1,19,1243816,171,0,1026,0,1,43,128968,3283,0,20,0,0,0,LEADER,1,4,1,52,19,171,0,0,0,0,0,0,0,0,0
132424,24,bully,3456,1,19,1247103,171,0,1026,0,1,24,128968,3456,0,20,0,0,0,LEADER,1,4,1,33,19,171,0,0,0,0,0,0,0,0,0
132490,27,bully,3522,1,19,1248357,171,0,1026,0,1,27,128968,3522,0,20,0,0,0,LEADER,1,4,1,36,19,171,0,0,0,0,0,0,0,0,0
132557,47,bully,3589,1,19,1249630,171,0,1026,0,1,47,128968,3589,0,20,0,0,0,LEADER,1,4,1,56,19,171,0,0,0,0,0,0,0,0,0
132321,20,bully,3353,1,19,1245146,171,0,1026,0,1,20,128968,3353,0,20,0,0,0,LEADER,1,4,1,29,19,171,0,0,0,0,0,0,0,0,0
132387,40,bully,3419,1,19,1246400,171,0,1026,0,1,40,128968,3419,0,20,0,0,0,LEADER,1,4,1,49,19,171,0,0,0,0,0,0,0,0,0
134178,19,bully,2910,1,20,1370885,174,0,1044,0,1,19,131268,2910,0,21,0,0,0,LEADER,1,4,1,22,20,174,0,0,0,0,0,0,0,0,0
134215,29,bully,2944,1,20,1371590,174,0,1044,0,1,29,131271,2944,0,21,0,0,0,LEADER,1,4,1,32,20,174,0,0,0,0,0,0,0,0,0
133969,2,bully,2707,1,20,1366736,174,345,1044,2070,1,1,131262,2707,0,21,0,0,0,NORMAL,0,3,2,3,53,174,0,345,0,0,0,0,0,0,0
134384,36,bully,3113,1,20,1374970,174,0,1044,0,1,36,131271,3113,0,21,0,0,0,LEADER,1,4,1,39,20,174,0,0,0,0,0,0,0,0,0
134100,31,bully,2829,1,20,1369290,174,0,1044,0,1,31,131271,2829,0,21,0,0,0,LEADER,1,4,1,34,20,174,0,0,0,0,0,0,0,0,0
134439,45,bully,3168,1,20,1376070,174,0,1044,0,1,45,131271,3168,0,21,0,0,0,LEADER,1,4,1,48,20,174,0,0,0,0,0,0,0,0,0
134033,11,bully,2762,1,20,1367950,174,173,1044,1038,1,1,131271,2762,0,21,0,0,0,NORMAL,0,3,2,3,62,174,0,173,0,0,0,0,0,0,0
134133,41,bully,2862,1,20,1369950,174,0,1044,0,1,41,131271,2862,0,21,0,0,0,LEADER,1,4,1,44,20,174,0,0,0,0,0,0,0,0,0
134351,26,bully,3080,1,20,1374310,174,0,1044,0,1,26,131271,3080,0,21,0,0,0,LEADER,1,4,1,29,20,174,0,0,0,0,0,0,0,0,0
134125,4,bully,2854,1,20,1369790,174,334,1044,2004,1,1,131271,2854,0,21,0,0,0,NORMAL,0,3,2,3,64,174,0,334,0,0,0,0,0,0,0
134284,6,bully,3013,1,20,1372970,174,346,1044,2076,2,1,131271,3013,0,21,0,0,0,NORMAL,0,3,2,3,64,174,0,346,0,0,0,0,0,0,0
134009,12,bully,2740,1,20,1367481,174,174,1044,1044,1,1,131269,2740,0,21,0,0,0,NORMAL,0,3,2,3,76,174,0,174,0,0,0,0,0,0,0
134148,9,bully,2877,1,20,1370250,174,173,1044,1038,1,1,131271,2877,0,21,0,0,0,NORMAL,0,3,2,3,60,174,0,173,0,0,0,0,0,0,0
134303,48,bully,3032,1,20,1373350,174,0,1044,0,1,48,131271,3032,0,21,0,0,0,LEADER,1,4,1,51,20,174,0,0,0,0,0,0,0,0,0
133997,44,bully,2726,1,20,1367230,174,0,1044,0,1,44,131271,2726,0,21,0,0,0,LEADER,1,4,1,47,20,174,0,0,0,0,0,0,0,0,0
134705,8,bully,3434,1,20,1381390,174,173,1044,1038,2,1,131271,3434,0,21,0,0,0,NORMAL,0,3,2,3,66,174,0,173,0,0,0,0,0,0,0
134044,22,bully,2774,1,20,1368184,174,0,1044,0,1,22,131270,2774,0,21,0,0,0,LEADER,1,4,1,25,20,174,0,0,0,0,0,0,0,0,0
134712,39,bully,3441,1,20,1381530,174,0,1044,0,1,39,131271,3441,0,21,0,0,0,LEADER,1,4,1,42,20,174,0,0,0,0,0,0,0,0,0
134066,21,bully,2795,1,20,1368610,174,0,1044,0,1,21,131271,2795,0,21,0,0,0,LEADER,1,4,1,24,20,174,0,0,0,0,0,0,0,0,0
134421,3,bully,3150,1,20,1375710,174,350,1044,2100,1,1,131271,3150,0,21,0,0,0,NORMAL,0,3,2,3,61,174,0,350,0,0,0,0,0,0,0
134842,5,bully,3571,1,20,1384130,174,350,1044,2100,1,1,131271,3571,0,21,0,0,0,NORMAL,0,3,2,3,64,174,0,350,0,0,0,0,0,0,0
134487,23,bully,3216,1,20,1377030,174,0,1044,0,1,23,131271,3216,0,21,0,0,0,LEADER,1,4,1,26,20,174,0,0,0,0,0,0,0,0,0
134266,38,bully,2998,1,20,1372644,174,0,1044,0,1,38,131268,2998,0,21,0,0,0,LEADER,1,4,1,41,20,174,0,0,0,0,0,0,0,0,0
134315,16,bully,3047,1,20,1373616,174,174,1044,1044,2,1,131268,3047,0,21,0,0,0,NORMAL,0,3,2,3,83,174,0,174,0,0,0,0,0,0,0
134203,25,bully,2932,1,20,1371350,174,0,1044,0,1,25,131271,2932,0,21,0,0,0,LEADER,1,4,1,28,20,174,0,0,0,0,0,0,0,0,0
134518,33,bully,3250,1,20,1377701,174,0,1044,0,1,33,131268,3250,0,21,0,0,0,LEADER,1,4,1,36,20,174,0,0,0,0,0,0,0,0,0
134489,37,bully,3218,1,20,1377070,174,0,1044,0,1,37,131271,3218,0,21,0,0,0,LEADER,1,4,1,40,20,174,0,0,0,0,0,0,0,0,0
134745,49,bully,3474,1,20,1382190,174,0,1044,0,1,49,131271,3474,0,21,0,0,0,LEADER,1,4,1,52,20,174,0,0,0,0,0,0,0,0,0
134406,35,bully,3135,1,20,1375410,174,0,1044,0,1,35,131271,3135,0,21,0,0,0,LEADER,1,4,1,38,20,174,0,0,0,0,0,0,0,0,0
134882,46,bully,3611,1,20,1384930,174,0,1044,0,1,46,131271,3611,0,21,0,0,0,LEADER,1,4,1,49,20,174,0,0,0,0,0,0,0,0,0
134760,17,bully,3489,1,20,1382490,174,0,1044,0,1,17,131271,3489,0,21,0,0,0,LEADER,1,4,1,20,20,174,0,0,0,0,0,0,0,0,0
134897,14,bully,3626,1,20,1385230,174,175,1044,1050,2,1,131271,3626,0,21,0,0,0,NORMAL,0,3,2,3,65,174,0,175,0,0,0,0,0,0,0
134963,34,bully,3692,1,20,1386550,174,0,1044,0,1,34,131271,3692,0,21,0,0,0,LEADER,1,4,1,37,20,174,0,0,0,0,0,0,0,0,0
134571,42,bully,3304,1,20,1378728,174,0,1044,0,1,42,131267,3304,0,21,0,0,0,LEADER,1,4,1,45,20,174,0,0,0,0,0,0,0,0,0
134724,50,bully,3453,1,20,1381770,174,0,1044,0,1,50,131271,3453,0,21,0,0,0,LEADER,1,4,1,53,20,174,0,0,0,0,0,0,0,0,0
134236,28,bully,2965,1,20,1372010,174,0,1044,0,1,28,131271,2965,0,21,0,0,0,LEADER,1,4,1,31,20,174,0,0,0,0,0,0,0,0,0
134431,7,bully,3160,1,20,1375910,174,348,1044,2088,2,1,131271,3160,0,21,0,0,0,NORMAL,0,3,2,3,65,174,0,348,0,0,0,0,0,0,0
134874,15,bully,3603,1,20,1384770,174,175,1044,1050,2,1,131271,3603,0,21,0,0,0,NORMAL,0,3,2,3,79,174,0,175,0,0,0,0,0,0,0
134552,18,bully,3281,1,20,1378330,174,0,1044,0,1,18,131271,3281,0,21,0,0,0,LEADER,1,4,1,21,20,174,0,0,0,0,0,0,0,0,0
134536,1,bully,3265,1,20,1378010,174,350,1044,2100,1,1,131271,3265,0,21,0,0,0,LEADER,1,4,1,4,20,174,0,350,0,0,0,0,0,0,0
134825,30,bully,3556,1,20,1383817,174,0,1044,0,1,30,131269,3556,0,21,0,0,0,LEADER,1,4,1,33,20,174,0,0,0,0,0,0,0,0,0
134541,32,bully,3271,1,20,1378118,174,0,1044,0,1,32,131270,3271,0,21,0,0,0,LEADER,1,4,1,35,20,174,0,0,0,0,0,0,0,0,0
134861,10,bully,3592,1,20,1384536,174,175,1044,1050,1,1,131269,3592,0,21,0,0,0,NORMAL,0,3,2,4,41,174,0,175,0,0,0,0,0,0,0
134454,13,bully,3183,1,20,1376370,174,167,1044,1002,1,1,131271,3183,0,21,0,0,0,NORMAL,0,3,2,3,63,174,0,167,0,0,0,0,0,0,0
134554,43,bully,3283,1,20,1378370,174,0,1044,0,1,43,131271,3283,0,21,0,0,0,LEADER,1,4,1,46,20,174,0,0,0,0,0,0,0,0,0
134727,24,bully,3456,1,20,1381830,174,0,1044,0,1,24,131271,3456,0,21,0,0,0,LEADER,1,4,1,27,20,174,0,0,0,0,0,0,0,0,0
134793,27,bully,3522,1,20,1383150,174,0,1044,0,1,27,131271,3522,0,21,0,0,0,LEADER,1,4,1,30,20,174,0,0,0,0,0,0,0,0,0
134860,47,bully,3589,1,20,1384490,174,0,1044,0,1,47,131271,3589,0,21,0,0,0,LEADER,1,4,1,50,20,174,0,0,0,0,0,0,0,0,0
134624,20,bully,3353,1,20,1379770,174,0,1044,0,1,20,131271,3353,0,21,0,0,0,LEADER,1,4,1,23,20,174,0,0,0,0,0,0,0,0,0
134690,40,bully,3419,1,20,1381090,174,0,1044,0,1,40,131271,3419,0,21,0,0,0,LEADER,1,4,1,43,20,174,0,0,0,0,0,0,0,0,0
136481,19,bully,2910,1,20,1370885,177,0,1062,0,1,19,133571,2910,0,21,0,0,0,LEADER,1,4,1,25,20,177,0,0,0,0,0,0,0,0,0
136518,29,bully,2944,1,20,1371590,177,0,1062,0,1,29,133574,2944,0,21,0,0,0,LEADER,1,4,1,35,20,177,0,0,0,0,0,0,0,0,0
136272,2,bully,2707,1,20,1366736,177,352,1062,2112,1,1,133565,2707,0,21,0,0,0,NORMAL,0,3,1,6,53,177,0,352,0,0,0,0,0,0,0
136687,36,bully,3113,1,20,1374970,177,0,1062,0,1,36,133574,3113,0,21,0,0,0,LEADER,1,4,1,42,20,177,0,0,0,0,0,0,0,0,0
136403,31,bully,2829,1,20,1369290,177,0,1062,0,1,31,133574,2829,0,21,0,0,0,LEADER,1,4,1,37,20,177,0,0,0,0,0,0,0,0,0
136742,45,bully,3168,1,20,1376070,177,0,1062,0,1,45,133574,3168,0,21,0,0,0,LEADER,1,4,1,51,20,177,0,0,0,0,0,0,0,0,0
136336,11,bully,2762,1,20,1367950,177,176,1062,1056,1,1,133574,2762,0,21,0,0,0,NORMAL,0,3,1,6,62,177,0,176,0,0,0,0,0,0,0
136436,41,bully,2862,1,20,1369950,177,0,1062,0,1,41,133574,2862,0,21,0,0,0,LEADER,1,4,1,47,20,177,0,0,0,0,0,0,0,0,0
136654,26,bully,3080,1,20,1374310,177,0,1062,0,1,26,133574,3080,0,21,0,0,0,LEADER,1,4,1,32,20,177,0,0,0,0,0,0,0,0,0
136428,4,bully,2854,1,20,1369790,177,340,1062,2040,1,1,133574,2854,0,21,0,0,0,NORMAL,0,3,1,6,64,177,0,340,0,0,0,0,0,0,0
136587,6,bully,3013,1,20,1372970,177,352,1062,2112,2,1,133574,3013,0,21,0,0,0,NORMAL,0,3,1,6,64,177,0,352,0,0,0,0,0,0,0
136312,12,bully,2740,1,20,1367481,177,177,1062,1062,1,1,133572,2740,0,21,0,0,0,NORMAL,0,3,1,6,76,177,0,177,0,0,0,0,0,0,0
136451,9,bully,2877,1,20,1370250,177,176,1062,1056,1,1,133574,2877,0,21,0,0,0,NORMAL,0,3,1,6,60,177,0,176,0,0,0,0,0,0,0
136606,48,bully,3032,1,20,1373350,177,0,1062,0,1,48,133574,3032,0,21,0,0,0,LEADER,1,4,1,54,20,177,0,0,0,0,0,0,0,0,0
136300,44,bully,2726,1,20,1367230,177,0,1062,0,1,44,133574,2726,0,21,0,0,0,LEADER,1,4,1,50,20,177,0,0,0,0,0,0,0,0,0
137008,8,bully,3434,1,20,1381390,177,176,1062,1056,2,1,133574,3434,0,21,0,0,0,NORMAL,0,3,1,6,66,177,0,176,0,0,0,0,0,0,0
136347,22,bully,2774,1,20,1368184,177,0,1062,0,1,22,133573,2774,0,21,0,0,0,LEADER,1,4,1,28,20,177,0,0,0,0,0,0,0,0,0
137015,39,bully,3441,1,20,1381530,177,0,1062,0,1,39,133574,3441,0,21,0,0,0,LEADER,1,4,1,45,20,177,0,0,0,0,0,0,0,0,0
136369,21,bully,2795,1,20,1368610,177,0,1062,0,1,21,133574,2795,0,21,0,0,0,LEADER,1,4,1,27,20,177,0,0,0,0,0,0,0,0,0
136724,3,bully,3150,1,20,1375710,177,356,1062,2136,1,1,133574,3150,0,21,0,0,0,NORMAL,0,3,1,6,61,177,0,356,0,0,0,0,0,0,0
137145,5,bully,3571,1,20,1384130,177,356,1062,2136,1,1,133574,3571,0,21,0,0,0,NORMAL,0,3,1,6,64,177,0,356,0,0,0,0,0,0,0
136790,23,bully,3216,1,20,1377030,177,0,1062,0,1,23,133574,3216,0,21,0,0,0,LEADER,1,4,1,29,20,177,0,0,0,0,0,0,0,0,0
136569,38,bully,2998,1,20,1372644,177,0,1062,0,1,38,133571,2998,0,21,0,0,0,LEADER,1,4,1,44,20,177,0,0,0,0,0,0,0,0,0
136618,16,bully,3047,1,20,1373616,177,178,1062,1068,2,1,133571,3047,0,21,0,0,0,NORMAL,0,3,1,6,83,177,0,178,0,0,0,0,0,0,0
136506,25,bully,2932,1,20,1371350,177,0,1062,0,1,25,133574,2932,0,21,0,0,0,LEADER,1,4,1,31,20,177,0,0,0,0,0,0,0,0,0
136821,33,bully,3250,1,20,1377701,177,0,1062,0,1,33,133571,3250,0,21,0,0,0,LEADER,1,4,1,39,20,177,0,0,0,0,0,0,0,0,0
136792,37,bully,3218,1,20,1377070,177,0,1062,0,1,37,133574,3218,0,21,0,0,0,LEADER,1,4,1,43,20,177,0,0,0,0,0,0,0,0,0
137048,49,bully,3474,1,20,1382190,177,0,1062,0,1,49,133574,3474,0,21,0,0,0,LEADER,1,4,1,55,20,177,0,0,0,0,0,0,0,0,0
136709,35,bully,3135,1,20,1375410,177,0,1062,0,1,35,133574,3135,0,21,0,0,0,LEADER,1,4,1,41,20,177,0,0,0,0,0,0,0,0,0
137185,46,bully,3611,1,20,1384930,177,0,1062,0,1,46,133574,3611,0,21,0,0,0,LEADER,1,4,1,52,20,177,0,0,0,0,0,0,0,0,0
137063,17,bully,3489,1,20,1382490,177,0,1062,0,1,17,133574,3489,0,21,0,0,0,LEADER,1,4,1,23,20,177,0,0,0,0,0,0,0,0,0
137200,14,bully,3626,1,20,1385230,177,178,1062,1068,2,1,133574,3626,0,21,0,0,0,NORMAL,0,3,1,6,65,177,0,178,0,0,0,0,0,0,0
137266,34,bully,3692,1,20,1386550,177,0,1062,0,1,34,133574,3692,0,21,0,0,0,LEADER,1,4,1,40,20,177,0,0,0,0,0,0,0,0,0
136874,42,bully,3304,1,20,1378728,177,0,1062,0,1,42,133570,3304,0,21,0,0,0,LEADER,1,4,1,48,20,177,0,0,0,0,0,0,0,0,0
137027,50,bully,3453,1,20,1381770,177,0,1062,0,1,50,133574,3453,0,21,0,0,0,LEADER,1,4,1,56,20,177,0,0,0,0,0,0,0,0,0
136539,28,bully,2965,1,20,1372010,177,0,1062,0,1,28,133574,2965,0,21,0,0,0,LEADER,1,4,1,34,20,177,0,0,0,0,0,0,0,0,0
136734,7,bully,3160,1,20,1375910,177,354,1062,2124,2,1,133574,3160,0,21,0,0,0,NORMAL,0,3,1,6,65,177,0,354,0,0,0,0,0,0,0
137177,15,bully,3603,1,20,1384770,177,177,1062,1062,2,1,133574,3603,0,21,0,0,0,NORMAL,0,3,1,6,79,177,0,177,0,0,0,0,0,0,0
136855,18,bully,3281,1,20,1378330,177,0,1062,0,1,18,133574,3281,0,21,0,0,0,LEADER,1,4,1,24,20,177,0,0,0,0,0,0,0,0,0
136839,1,bully,3265,1,20,1378010,177,356,1062,2136,1,1,133574,3265,0,21,0,0,0,LEADER,1,4,1,7,20,177,0,356,0,0,0,0,0,0,0
137128,30,bully,3556,1,20,1383817,177,0,1062,0,1,30,133572,3556,0,21,0,0,0,LEADER,1,4,1,36,20,177,0,0,0,0,0,0,0,0,0
136843,32,bully,3271,1,20,1378118,177,0,1062,0,1,32,133572,3271,0,21,0,0,0,LEADER,1,4,1,38,20,177,0,0,0,0,0,0,0,0,0
137164,10,bully,3592,1,20,1384536,177,178,1062,1068,1,1,133572,3592,0,21,0,0,0,NORMAL,0,3,1,7,41,177,0,178,0,0,0,0,0,0,0
136757,13,bully,3183,1,20,1376370,177,170,1062,1020,1,1,133574,3183,0,21,0,0,0,NORMAL,0,3,1,6,63,177,0,170,0,0,0,0,0,0,0
136857,43,bully,3283,1,20,1378370,177,0,1062,0,1,43,133574,3283,0,21,0,0,0,LEADER,1,4,1,49,20,177,0,0,0,0,0,0,0,0,0
137030,24,bully,3456,1,20,1381830,177,0,1062,0,1,24,133574,3456,0,21,0,0,0,LEADER,1,4,1,30,20,177,0,0,0,0,0,0,0,0,0
137096,27,bully,3522,1,20,1383150,177,0,1062,0,1,27,133574,3522,0,21,0,0,0,LEADER,1,4,1,33,20,177,0,0,0,0,0,0,0,0,0
137163,47,bully,3589,1,20,1384490,177,0,1062,0,1,47,133574,3589,0,21,0,0,0,LEADER,1,4,1,53,20,177,0,0,0,0,0,0,0,0,0
136927,20,bully,3353,1,20,1379770,177,0,1062,0,1,20,133574,3353,0,21,0,0,0,LEADER,1,4,1,26,20,177,0,0,0,0,0,0,0,0,0
136993,40,bully,3419,1,20,1381090,177,0,1062,0,1,40,133574,3419,0,21,0,0,0,LEADER,1,4,1,46,20,177,0,0,0,0,0,0,0,0,0
138784,19,bully,2910,1,20,1370885,180,0,1080,0,1,19,135874,2910,0,21,0,0,0,LEADER,1,4,1,28,20,180,0,0,0,0,0,0,0,0,0
138821,29,bully,2944,1,20,1371590,180,0,1080,0,1,29,135877,2944,0,21,0,0,0,LEADER,1,4,1,38,20,180,0,0,0,0,0,0,0,0,0
138575,2,bully,2707,1,20,1366736,180,357,1080,2142,1,1,135868,2707,0,21,0,0,0,NORMAL,0,3,1,9,53,180,0,357,0,0,0,0,0,0,0
138990,36,bully,3113,1,20,1374970,180,0,1080,0,1,36,135877,3113,0,21,0,0,0,LEADER,1,4,1,45,20,180,0,0,0,0,0,0,0,0,0
138706,31,bully,2829,1,20,1369290,180,0,1080,0,1,31,135877,2829,0,21,0,0,0,LEADER,1,4,1,40,20,180,0,0,0,0,0,0,0,0,0
139045,45,bully,3168,1,20,1376070,180,0,1080,0,1,45,135877,3168,0,21,0,0,0,LEADER,1,4,1,54,20,180,0,0,0,0,0,0,0,0,0
138639,11,bully,2762,1,20,1367950,180,179,1080,1074,1,1,135877,2762,0,21,0,0,0,NORMAL,0,3,1,9,62,180,0,179,0,0,0,0,0,0,0
138739,41,bully,2862,1,20,1369950,180,0,1080,0,1,41,135877,2862,0,21,0,0,0,LEADER,1,4,1,50,20,180,0,0,0,0,0,0,0,0,0
138957,26,bully,3080,1,20,1374310,180,0,1080,0,1,26,135877,3080,0,21,0,0,0,LEADER,1,4,1,35,20,180,0,0,0,0,0,0,0,0,0
138731,4,bully,2854,1,20,1369790,180,346,1080,2076,1,1,135877,2854,0,21,0,0,0,NORMAL,0,3,1,9,64,180,0,346,0,0,0,0,0,0,0
138890,6,bully,3013,1,20,1372970,180,358,1080,2148,2,1,135877,3013,0,21,0,0,0,NORMAL,0,3,1,9,64,180,0,358,0,0,0,0,0,0,0
138615,12,bully,2740,1,20,1367481,180,179,1080,1074,1,1,135875,2740,0,21,0,0,0,NORMAL,0,3,1,9,76,180,0,179,0,0,0,0,0,0,0
138754,9,bully,2877,1,20,1370250,180,179,1080,1074,1,1,135877,2877,0,21,0,0,0,NORMAL,0,3,1,9,60,180,0,179,0,0,0,0,0,0,0
138909,48,bully,3032,1,20,1373350,180,0,1080,0,1,48,135877,3032,0,21,0,0,0,LEADER,1,4,1,57,20,180,0,0,0,0,0,0,0,0,0
138603,44,bully,2726,1,20,1367230,180,0,1080,0,1,44,135877,2726,0,21,0,0,0,LEADER,1,4,1,53,20,180,0,0,0,0,0,0,0,0,0
139311,8,bully,3434,1,20,1381390,180,179,1080,1074,2,1,135877,3434,0,21,0,0,0,NORMAL,0,3,1,9,66,180,0,179,0,0,0,0,0,0,0
138650,22,bully,2774,1,20,1368184,180,0,1080,0,1,22,135876,2774,0,21,0,0,0,LEADER,1,4,1,31,20,180,0,0,0,0,0,0,0,0,0
139318,39,bully,3441,1,20,1381530,180,0,1080,0,1,39,135877,3441,0,21,0,0,0,LEADER,1,4,1,48,20,180,0,0,0,0,0,0,0,0,0
138672,21,bully,2795,1,20,1368610,180,0,1080,0,1,21,135877,2795,0,21,0,0,0,LEADER,1,4,1,30,20,180,0,0,0,0,0,0,0,0,0
139027,3,bully,3150,1,20,1375710,180,362,1080,2172,1,1,135877,3150,0,21,0,0,0,NORMAL,0,3,1,9,61,180,0,362,0,0,0,0,0,0,0
139448,5,bully,3571,1,20,1384130,180,362,1080,2172,1,1,135877,3571,0,21,0,0,0,NORMAL,0,3,1,9,64,180,0,362,0,0,0,0,0,0,0
139093,23,bully,3216,1,20,1377030,180,0,1080,0,1,23,135877,3216,0,21,0,0,0,LEADER,1,4,1,32,20,180,0,0,0,0,0,0,0,0,0
138872,38,bully,2998,1,20,1372644,180,0,1080,0,1,38,135874,2998,0,21,0,0,0,LEADER,1,4,1,47,20,180,0,0,0,0,0,0,0,0,0
138921,16,bully,3047,1,20,1373616,180,180,1080,1080,2,1,135874,3047,0,21,0,0,0,NORMAL,0,3,1,9,83,180,0,180,0,0,0,0,0,0,0
138809,25,bully,2932,1,20,1371350,180,0,1080,0,1,25,135877,2932,0,21,0,0,0,LEADER,1,4,1,34,20,180,0,0,0,0,0,0,0,0,0
139124,33,bully,3250,1,20,1377701,180,0,1080,0,1,33,135874,3250,0,21,0,0,0,LEADER,1,4,1,42,20,180,0,0,0,0,0,0,0,0,0
139095,37,bully,3218,1,20,1377070,180,0,1080,0,1,37,135877,3218,0,21,0,0,0,LEADER,1,4,1,46,20,180,0,0,0,0,0,0,0,0,0
139351,49,bully,3474,1,20,1382190,180,0,1080,0,1,49,135877,3474,0,21,0,0,0,LEADER,1,4,1,58,20,180,0,0,0,0,0,0,0,0,0
139012,35,bully,3135,1,20,1375410,180,0,1080,0,1,35,135877,3135,0,21,0,0,0,LEADER,1,4,1,44,20,180,0,0,0,0,0,0,0,0,0
139488,46,bully,3611,1,20,1384930,180,0,1080,0,1,46,135877,3611,0,21,0,0,0,LEADER,1,4,1,55,20,180,0,0,0,0,0,0,0,0,0
139366,17,bully,3489,1,20,1382490,180,0,1080,0,1,17,135877,3489,0,21,0,0,0,LEADER,1,4,1,26,20,180,0,0,0,0,0,0,0,0,0
139503,14,bully,3626,1,20,1385230,180,181,1080,1086,2,1,135877,3626,0,21,0,0,0,NORMAL,0,3,1,9,65,180,0,181,0,0,0,0,0,0,0
139569,34,bully,3692,1,20,1386550,180,0,1080,0,1,34,135877,3692,0,21,0,0,0,LEADER,1,4,1,43,20,180,0,0,0,0,0,0,0,0,0
139177,42,bully,3304,1,20,1378728,180,0,1080,0,1,42,135873,3304,0,21,0,0,0,LEADER,1,4,1,51,20,180,0,0,0,0,0,0,0,0,0
139330,50,bully,3453,1,20,1381770,180,0,1080,0,1,50,135877,3453,0,21,0,0,0,LEADER,1,4,1,59,20,180,0,0,0,0,0,0,0,0,0
138842,28,bully,2965,1,20,1372010,180,0,1080,0,1,28,135877,2965,0,21,0,0,0,LEADER,1,4,1,37,20,180,0,0,0,0,0,0,0,0,0
139037,7,bully,3160,1,20,1375910,180,360,1080,2160,2,1,135877,3160,0,21,0,0,0,NORMAL,0,3,1,9,65,180,0,360,0,0,0,0,0,0,0
139480,15,bully,3603,1,20,1384770,180,180,1080,1080,2,1,135877,3603,0,21,0,0,0,NORMAL,0,3,1,9,79,180,0,180,0,0,0,0,0,0,0
139158,18,bully,3281,1,20,1378330,180,0,1080,0,1,18,135877,3281,0,21,0,0,0,LEADER,1,4,1,27,20,180,0,0,0,0,0,0,0,0,0
139142,1,bully,3265,1,20,1378010,180,362,1080,2172,1,1,135877,3265,0,21,0,0,0,LEADER,1,4,1,10,20,180,0,362,0,0,0,0,0,0,0
139431,30,bully,3556,1,20,1383817,180,0,1080,0,1,30,135875,3556,0,21,0,0,0,LEADER,1,4,1,39,20,180,0,0,0,0,0,0,0,0,0
139146,32,bully,3271,1,20,1378118,180,0,1080,0,1,32,135875,3271,0,21,0,0,0,LEADER,1,4,1,41,20,180,0,0,0,0,0,0,0,0,0
139467,10,bully,3592,1,20,1384536,180,181,1080,1086,1,1,135875,3592,0,21,0,0,0,NORMAL,0,3,1,10,41,180,0,181,0,0,0,0,0,0,0
139060,13,bully,3183,1,20,1376370,180,173,1080,1038,1,1,135877,3183,0,21,0,0,0,NORMAL,0,3,1,9,63,180,0,173,0,0,0,0,0,0,0
139160,43,bully,3283,1,20,1378370,180,0,1080,0,1,43,135877,3283,0,21,0,0,0,LEADER,1,4,1,52,20,180,0,0,0,0,0,0,0,0,0
139333,24,bully,3456,1,20,1381830,180,0,1080,0,1,24,135877,3456,0,21,0,0,0,LEADER,1,4,1,33,20,180,0,0,0,0,0,0,0,0,0
139399,27,bully,3522,1,20,1383150,180,0,1080,0,1,27,135877,3522,0,21,0,0,0,LEADER,1,4,1,36,20,180,0,0,0,0,0,0,0,0,0
139466,47,bully,3589,1,20,1384490,180,0,1080,0,1,47,135877,3589,0,21,0,0,0,LEADER,1,4,1,56,20,180,0,0,0,0,0,0,0,0,0
139230,20,bully,3353,1,20,1379770,180,0,1080,0,1,20,135877,3353,0,21,0,0,0,LEADER,1,4,1,29,20,180,0,0,0,0,0,0,0,0,0
139296,40,bully,3419,1,20,1381090,180,0,1080,0,1,40,135877,3419,0,21,0,0,0,LEADER,1,4,1,49,20,180,0,0,0,0,0,0,0,0,0
141087,19,bully,2910,1,21,1511972,183,0,1098,0,1,19,138177,2910,0,22,0,0,0,LEADER,1,4,1,22,21,183,0,0,0,0,0,0,0,0,0
141124,29,bully,2944,1,21,1512714,183,0,1098,0,1,29,138180,2944,0,22,0,0,0,LEADER,1,4,1,32,21,183,0,0,0,0,0,0,0,0,0
140878,2,bully,2707,1,21,1507614,183,364,1098,2184,1,1,138171,2707,0,22,0,0,0,NORMAL,0,3,2,4,55,183,0,364,0,0,0,0,0,0,0
141293,36,bully,3113,1,21,1516263,183,0,1098,0,1,36,138180,3113,0,22,0,0,0,LEADER,1,4,1,39,21,183,0,0,0,0,0,0,0,0,0
141009,31,bully,2829,1,21,1510299,183,0,1098,0,1,31,138180,2829,0,22,0,0,0,LEADER,1,4,1,34,21,183,0,0,0,0,0,0,0,0,0
141348,45,bully,3168,1,21,1517418,183,0,1098,0,1,45,138180,3168,0,22,0,0,0,LEADER,1,4,1,48,21,183,0,0,0,0,0,0,0,0,0
140942,11,bully,2762,1,21,1508892,183,182,1098,1092,1,1,138180,2762,0,22,0,0,0,NORMAL,0,3,2,3,65,183,0,182,0,0,0,0,0,0,0
141042,41,bully,2862,1,21,1510992,183,0,1098,0,1,41,138180,2862,0,22,0,0,0,LEADER,1,4,1,44,21,183,0,0,0,0,0,0,0,0,0
141260,26,bully,3080,1,21,1515570,183,0,1098,0,1,26,138180,3080,0,22,0,0,0,LEADER,1,4,1,29,21,183,0,0,0,0,0,0,0,0,0
141034,4,bully,2854,1,21,1510824,183,352,1098,2112,1,1,138180,2854,0,22,0,0,0,NORMAL,0,3,2,3,67,183,0,352,0,0,0,0,0,0,0
141193,6,bully,3013,1,21,1514163,183,364,1098,2184,2,1,138180,3013,0,22,0,0,0,NORMAL,0,3,2,3,67,183,0,364,0,0,0,0,0,0,0
140918,12,bully,2740,1,21,1508399,183,183,1098,1098,1,1,138178,2740,0,22,0,0,0,NORMAL,0,3,2,4,78,183,0,183,0,0,0,0,0,0,0
141057,9,bully,2877,1,21,1511307,183,182,1098,1092,1,1,138180,2877,0,22,0,0,0,NORMAL,0,3,2,3,63,183,0,182,0,0,0,0,0,0,0
141212,48,bully,3032,1,21,1514562,183,0,1098,0,1,48,138180,3032,0,22,0,0,0,LEADER,1,4,1,51,21,183,0,0,0,0,0,0,0,0,0
140906,44,bully,2726,1,21,1508136,183,0,1098,0,1,44,138180,2726,0,22,0,0,0,LEADER,1,4,1,47,21,183,0,0,0,0,0,0,0,0,0
141614,8,bully,3434,1,21,1523004,183,182,1098,1092,2,1,138180,3434,0,22,0,0,0,NORMAL,0,3,2,3,69,183,0,182,0,0,0,0,0,0,0
140953,22,bully,2774,1,21,1509137,183,0,1098,0,1,22,138179,2774,0,22,0,0,0,LEADER,1,4,1,25,21,183,0,0,0,0,0,0,0,0,0
141621,39,bully,3441,1,21,1523151,183,0,1098,0,1,39,138180,3441,0,22,0,0,0,LEADER,1,4,1,42,21,183,0,0,0,0,0,0,0,0,0
140975,21,bully,2795,1,21,1509585,183,0,1098,0,1,21,138180,2795,0,22,0,0,0,LEADER,1,4,1,24,21,183,0,0,0,0,0,0,0,0,0
141330,3,bully,3150,1,21,1517040,183,368,1098,2208,1,1,138180,3150,0,22,0,0,0,NORMAL,0,3,2,3,64,183,0,368,0,0,0,0,0,0,0
141751,5,bully,3571,1,21,1525881,183,368,1098,2208,1,1,138180,3571,0,22,0,0,0,NORMAL,0,3,2,3,67,183,0,368,0,0,0,0,0,0,0
141175,38,bully,2998,1,21,1513819,183,0,1098,0,1,38,138177,2998,0,22,0,0,0,LEADER,1,4,1,41,21,183,0,0,0,0,0,0,0,0,0
141396,23,bully,3216,1,21,1518426,183,0,1098,0,1,23,138180,3216,0,22,0,0,0,LEADER,1,4,1,26,21,183,0,0,0,0,0,0,0,0,0
141224,16,bully,3047,1,21,1514840,183,183,1098,1098,2,1,138177,3047,0,22,0,0,0,NORMAL,0,3,2,3,87,183,0,183,0,0,0,0,0,0,0
141112,25,bully,2932,1,21,1512462,183,0,1098,0,1,25,138180,2932,0,22,0,0,0,LEADER,1,4,1,28,21,183,0,0,0,0,0,0,0,0,0
141427,33,bully,3250,1,21,1519128,183,0,1098,0,1,33,138177,3250,0,22,0,0,0,LEADER,1,4,1,36,21,183,0,0,0,0,0,0,0,0,0
141398,37,bully,3218,1,21,1518468,183,0,1098,0,1,37,138180,3218,0,22,0,0,0,LEADER,1,4,1,40,21,183,0,0,0,0,0,0,0,0,0
141654,49,bully,3474,1,21,1523844,183,0,1098,0,1,49,138180,3474,0,22,0,0,0,LEADER,1,4,1,52,21,183,0,0,0,0,0,0,0,0,0
141315,35,bully,3135,1,21,1516725,183,0,1098,0,1,35,138180,3135,0,22,0,0,0,LEADER,1,4,1,38,21,183,0,0,0,0,0,0,0,0,0
141791,46,bully,3611,1,21,1526721,183,0,1098,0,1,46,138180,3611,0,22,0,0,0,LEADER,1,4,1,49,21,183,0,0,0,0,0,0,0,0,0
141669,17,bully,3489,1,21,1524159,183,0,1098,0,1,17,138180,3489,0,22,0,0,0,LEADER,1,4,1,20,21,183,0,0,0,0,0,0,0,0,0
141806,14,bully,3626,1,21,1527036,183,184,1098,1104,2,1,138180,3626,0,22,0,0,0,NORMAL,0,3,2,3,68,183,0,184,0,0,0,0,0,0,0
141872,34,bully,3692,1,21,1528422,183,0,1098,0,1,34,138180,3692,0,22,0,0,0,LEADER,1,4,1,37,21,183,0,0,0,0,0,0,0,0,0
141480,42,bully,3304,1,21,1520208,183,0,1098,0,1,42,138176,3304,0,22,0,0,0,LEADER,1,4,1,45,21,183,0,0,0,0,0,0,0,0,0
141633,50,bully,3453,1,21,1523403,183,0,1098,0,1,50,138180,3453,0,22,0,0,0,LEADER,1,4,1,53,21,183,0,0,0,0,0,0,0,0,0
141145,28,bully,2965,1,21,1513155,183,0,1098,0,1,28,138180,2965,0,22,0,0,0,LEADER,1,4,1,31,21,183,0,0,0,0,0,0,0,0,0
141340,7,bully,3160,1,21,1517250,183,366,1098,2196,2,1,138180,3160,0,22,0,0,0,NORMAL,0,3,2,3,68,183,0,366,0,0,0,0,0,0,0
141783,15,bully,3603,1,21,1526553,183,183,1098,1098,2,1,138180,3603,0,22,0,0,0,NORMAL,0,3,2,3,83,183,0,183,0,0,0,0,0,0,0
141461,18,bully,3281,1,21,1519791,183,0,1098,0,1,18,138180,3281,0,22,0,0,0,LEADER,1,4,1,21,21,183,0,0,0,0,0,0,0,0,0
141445,1,bully,3265,1,21,1519455,183,368,1098,2208,1,1,138180,3265,0,22,0,0,0,LEADER,1,4,1,4,21,183,0,368,0,0,0,0,0,0,0
141734,30,bully,3556,1,21,1525551,183,0,1098,0,1,30,138178,3556,0,22,0,0,0,LEADER,1,4,1,33,21,183,0,0,0,0,0,0,0,0,0
141449,32,bully,3271,1,21,1519567,183,0,1098,0,1,32,138178,3271,0,22,0,0,0,LEADER,1,4,1,35,21,183,0,0,0,0,0,0,0,0,0
141770,10,bully,3592,1,21,1526306,183,184,1098,1104,1,1,138178,3592,0,22,0,0,0,NORMAL,0,3,2,4,43,183,0,184,0,0,0,0,0,0,0
141363,13,bully,3183,1,21,1517733,183,176,1098,1056,1,1,138180,3183,0,22,0,0,0,NORMAL,0,3,2,3,66,183,0,176,0,0,0,0,0,0,0
141463,43,bully,3283,1,21,1519833,183,0,1098,0,1,43,138180,3283,0,22,0,0,0,LEADER,1,4,1,46,21,183,0,0,0,0,0,0,0,0,0
141636,24,bully,3456,1,21,1523466,183,0,1098,0,1,24,138180,3456,0,22,0,0,0,LEADER,1,4,1,27,21,183,0,0,0,0,0,0,0,0,0
141702,27,bully,3522,1,21,1524852,183,0,1098,0,1,27,138180,3522,0,22,0,0,0,LEADER,1,4,1,30,21,183,0,0,0,0,0,0,0,0,0
141769,47,bully,3589,1,21,1526259,183,0,1098,0,1,47,138180,3589,0,22,0,0,0,LEADER,1,4,1,50,21,183,0,0,0,0,0,0,0,0,0
141533,20,bully,3353,1,21,1521303,183,0,1098,0,1,20,138180,3353,0,22,0,0,0,LEADER,1,4,1,23,21,183,0,0,0,0,0,0,0,0,0
141599,40,bully,3419,1,21,1522689,183,0,1098,0,1,40,138180,3419,0,22,0,0,0,LEADER,1,4,1,43,21,183,0,0,0,0,0,0,0,0,0
143390,19,bully,2910,1,21,1511972,186,0,1116,0,1,19,140480,2910,0,22,0,0,0,LEADER,1,4,1,25,21,186,0,0,0,0,0,0,0,0,0
143427,29,bully,2944,1,21,1512714,186,0,1116,0,1,29,140483,2944,0,22,0,0,0,LEADER,1,4,1,35,21,186,0,0,0,0,0,0,0,0,0
143181,2,bully,2707,1,21,1507614,186,370,1116,2220,1,1,140474,2707,0,22,0,0,0,NORMAL,0,3,1,7,55,186,0,370,0,0,0,0,0,0,0
143596,36,bully,3113,1,21,1516263,186,0,1116,0,1,36,140483,3113,0,22,0,0,0,LEADER,1,4,1,42,21,186,0,0,0,0,0,0,0,0,0
143312,31,bully,2829,1,21,1510299,186,0,1116,0,1,31,140483,2829,0,22,0,0,0,LEADER,1,4,1,37,21,186,0,0,0,0,0,0,0,0,0
143651,45,bully,3168,1,21,1517418,186,0,1116,0,1,45,140483,3168,0,22,0,0,0,LEADER,1,4,1,51,21,186,0,0,0,0,0,0,0,0,0
143245,11,bully,2762,1,21,1508892,186,185,1116,1110,1,1,140483,2762,0,22,0,0,0,NORMAL,0,3,1,6,65,186,0,185,0,0,0,0,0,0,0
143345,41,bully,2862,1,21,1510992,186,0,1116,0,1,41,140483,2862,0,22,0,0,0,LEADER,1,4,1,47,21,186,0,0,0,0,0,0,0,0,0
143563,26,bully,3080,1,21,1515570,186,0,1116,0,1,26,140483,3080,0,22,0,0,0,LEADER,1,4,1,32,21,186,0,0,0,0,0,0,0,0,0
143337,4,bully,2854,1,21,1510824,186,358,1116,2148,1,1,140483,2854,0,22,0,0,0,NORMAL,0,3,1,6,67,186,0,358,0,0,0,0,0,0,0
143496,6,bully,3013,1,21,1514163,186,370,1116,2220,2,1,140483,3013,0,22,0,0,0,NORMAL,0,3,1,6,67,186,0,370,0,0,0,0,0,0,0
143221,12,bully,2740,1,21,1508399,186,186,1116,1116,1,1,140481,2740,0,22,0,0,0,NORMAL,0,3,1,7,78,186,0,186,0,0,0,0,0,0,0
143360,9,bully,2877,1,21,1511307,186,185,1116,1110,1,1,140483,2877,0,22,0,0,0,NORMAL,0,3,1,6,63,186,0,185,0,0,0,0,0,0,0
143515,48,bully,3032,1,21,1514562,186,0,1116,0,1,48,140483,3032,0,22,0,0,0,LEADER,1,4,1,54,21,186,0,0,0,0,0,0,0,0,0
143209,44,bully,2726,1,21,1508136,186,0,1116,0,1,44,140483,2726,0,22,0,0,0,LEADER,1,4,1,50,21,186,0,0,0,0,0,0,0,0,0
143917,8,bully,3434,1,21,1523004,186,185,1116,1110,2,1,140483,3434,0,22,0,0,0,NORMAL,0,3,1,6,69,186,0,185,0,0,0,0,0,0,0
143256,22,bully,2774,1,21,1509137,186,0,1116,0,1,22,140482,2774,0,22,0,0,0,LEADER,1,4,1,28,21,186,0,0,0,0,0,0,0,0,0
143924,39,bully,3441,1,21,1523151,186,0,1116,0,1,39,140483,3441,0,22,0,0,0,LEADER,1,4,1,45,21,186,0,0,0,0,0,0,0,0,0
143278,21,bully,2795,1,21,1509585,186,0,1116,0,1,21,140483,2795,0,22,0,0,0,LEADER,1,4,1,27,21,186,0,0,0,0,0,0,0,0,0
143633,3,bully,3150,1,21,1517040,186,374,1116,2244,1,1,140483,3150,0,22,0,0,0,NORMAL,0,3,1,6,64,186,0,374,0,0,0,0,0,0,0
144054,5,bully,3571,1,21,1525881,186,374,1116,2244,1,1,140483,3571,0,22,0,0,0,NORMAL,0,3,1,6,67,186,0,374,0,0,0,0,0,0,0
143477,38,bully,2998,1,21,1513819,186,0,1116,0,1,38,140479,2998,0,22,0,0,0,LEADER,1,4,1,44,21,186,0,0,0,0,0,0,0,0,0
143699,23,bully,3216,1,21,1518426,186,0,1116,0,1,23,140483,3216,0,22,0,0,0,LEADER,1,4,1,29,21,186,0,0,0,0,0,0,0,0,0
143527,16,bully,3047,1,21,1514840,186,187,1116,1122,2,1,140480,3047,0,22,0,0,0,NORMAL,0,3,1,6,87,186,0,187,0,0,0,0,0,0,0
143415,25,bully,2932,1,21,1512462,186,0,1116,0,1,25,140483,2932,0,22,0,0,0,LEADER,1,4,1,31,21,186,0,0,0,0,0,0,0,0,0
143730,33,bully,3250,1,21,1519128,186,0,1116,0,1,33,140480,3250,0,22,0,0,0,LEADER,1,4,1,39,21,186,0,0,0,0,0,0,0,0,0
143701,37,bully,3218,1,21,1518468,186,0,1116,0,1,37,140483,3218,0,22,0,0,0,LEADER,1,4,1,43,21,186,0,0,0,0,0,0,0,0,0
143957,49,bully,3474,1,21,1523844,186,0,1116,0,1,49,140483,3474,0,22,0,0,0,LEADER,1,4,1,55,21,186,0,0,0,0,0,0,0,0,0
143618,35,bully,3135,1,21,1516725,186,0,1116,0,1,35,140483,3135,0,22,0,0,0,LEADER,1,4,1,41,21,186,0,0,0,0,0,0,0,0,0
144094,46,bully,3611,1,21,1526721,186,0,1116,0,1,46,140483,3611,0,22,0,0,0,LEADER,1,4,1,52,21,186,0,0,0,0,0,0,0,0,0
143972,17,bully,3489,1,21,1524159,186,0,1116,0,1,17,140483,3489,0,22,0,0,0,LEADER,1,4,1,23,21,186,0,0,0,0,0,0,0,0,0
144109,14,bully,3626,1,21,1527036,186,186,1116,1116,2,1,140483,3626,0,22,0,0,0,NORMAL,0,3,1,6,68,186,0,186,0,0,0,0,0,0,0
144175,34,bully,3692,1,21,1528422,186,0,1116,0,1,34,140483,3692,0,22,0,0,0,LEADER,1,4,1,40,21,186,0,0,0,0,0,0,0,0,0
143783,42,bully,3304,1,21,1520208,186,0,1116,0,1,42,140479,3304,0,22,0,0,0,LEADER,1,4,1,48,21,186,0,0,0,0,0,0,0,0,0
143936,50,bully,3453,1,21,1523403,186,0,1116,0,1,50,140483,3453,0,22,0,0,0,LEADER,1,4,1,56,21,186,0,0,0,0,0,0,0,0,0
143448,28,bully,2965,1,21,1513155,186,0,1116,0,1,28,140483,2965,0,22,0,0,0,LEADER,1,4,1,34,21,186,0,0,0,0,0,0,0,0,0
143643,7,bully,3160,1,21,1517250,186,372,1116,2232,2,1,140483,3160,0,22,0,0,0,NORMAL,0,3,1,6,68,186,0,372,0,0,0,0,0,0,0
144086,15,bully,3603,1,21,1526553,186,186,1116,1116,2,1,140483,3603,0,22,0,0,0,NORMAL,0,3,1,6,83,186,0,186,0,0,0,0,0,0,0
143764,18,bully,3281,1,21,1519791,186,0,1116,0,1,18,140483,3281,0,22,0,0,0,LEADER,1,4,1,24,21,186,0,0,0,0,0,0,0,0,0
143748,1,bully,3265,1,21,1519455,186,374,1116,2244,1,1,140483,3265,0,22,0,0,0,LEADER,1,4,1,7,21,186,0,374,0,0,0,0,0,0,0
144037,30,bully,3556,1,21,1525551,186,0,1116,0,1,30,140481,3556,0,22,0,0,0,LEADER,1,4,1,36,21,186,0,0,0,0,0,0,0,0,0
143752,32,bully,3271,1,21,1519567,186,0,1116,0,1,32,140481,3271,0,22,0,0,0,LEADER,1,4,1,38,21,186,0,0,0,0,0,0,0,0,0
144073,10,bully,3592,1,21,1526306,186,187,1116,1122,1,1,140481,3592,0,22,0,0,0,NORMAL,0,3,1,7,43,186,0,187,0,0,0,0,0,0,0
143666,13,bully,3183,1,21,1517733,186,179,1116,1074,1,1,140483,3183,0,22,0,0,0,NORMAL,0,3,1,6,66,186,0,179,0,0,0,0,0,0,0
143766,43,bully,3283,1,21,1519833,186,0,1116,0,1,43,140483,3283,0,22,0,0,0,LEADER,1,4,1,49,21,186,0,0,0,0,0,0,0,0,0
143939,24,bully,3456,1,21,1523466,186,0,1116,0,1,24,140483,3456,0,22,0,0,0,LEADER,1,4,1,30,21,186,0,0,0,0,0,0,0,0,0
144005,27,bully,3522,1,21,1524852,186,0,1116,0,1,27,140483,3522,0,22,0,0,0,LEADER,1,4,1,33,21,186,0,0,0,0,0,0,0,0,0
144072,47,bully,3589,1,21,1526259,186,0,1116,0,1,47,140483,3589,0,22,0,0,0,LEADER,1,4,1,53,21,186,0,0,0,0,0,0,0,0,0
143836,20,bully,3353,1,21,1521303,186,0,1116,0,1,20,140483,3353,0,22,0,0,0,LEADER,1,4,1,26,21,186,0,0,0,0,0,0,0,0,0
143902,40,bully,3419,1,21,1522689,186,0,1116,0,1,40,140483,3419,0,22,0,0,0,LEADER,1,4,1,46,21,186,0,0,0,0,0,0,0,0,0
145693,19,bully,2910,1,21,1511972,189,0,1134,0,1,19,142783,2910,0,22,0,0,0,LEADER,1,4,1,28,21,189,0,0,0,0,0,0,0,0,0
145730,29,bully,2944,1,21,1512714,189,0,1134,0,1,29,142786,2944,0,22,0,0,0,LEADER,1,4,1,38,21,189,0,0,0,0,0,0,0,0,0
145484,2,bully,2707,1,21,1507614,189,375,1134,2250,1,1,142777,2707,0,22,0,0,0,NORMAL,0,3,1,10,55,189,0,375,0,0,0,0,0,0,0
145899,36,bully,3113,1,21,1516263,189,0,1134,0,1,36,142786,3113,0,22,0,0,0,LEADER,1,4,1,45,21,189,0,0,0,0,0,0,0,0,0
145615,31,bully,2829,1,21,1510299,189,0,1134,0,1,31,142786,2829,0,22,0,0,0,LEADER,1,4,1,40,21,189,0,0,0,0,0,0,0,0,0
145954,45,bully,3168,1,21,1517418,189,0,1134,0,1,45,142786,3168,0,22,0,0,0,LEADER,1,4,1,54,21,189,0,0,0,0,0,0,0,0,0
145548,11,bully,2762,1,21,1508892,189,188,1134,1128,1,1,142786,2762,0,22,0,0,0,NORMAL,0,3,1,9,65,189,0,188,0,0,0,0,0,0,0
145648,41,bully,2862,1,21,1510992,189,0,1134,0,1,41,142786,2862,0,22,0,0,0,LEADER,1,4,1,50,21,189,0,0,0,0,0,0,0,0,0
145866,26,bully,3080,1,21,1515570,189,0,1134,0,1,26,142786,3080,0,22,0,0,0,LEADER,1,4,1,35,21,189,0,0,0,0,0,0,0,0,0
145640,4,bully,2854,1,21,1510824,189,364,1134,2184,1,1,142786,2854,0,22,0,0,0,NORMAL,0,3,1,9,67,189,0,364,0,0,0,0,0,0,0
145799,6,bully,3013,1,21,1514163,189,376,1134,2256,2,1,142786,3013,0,22,0,0,0,NORMAL,0,3,1,9,67,189,0,376,0,0,0,0,0,0,0
145523,12,bully,2740,1,21,1508399,189,188,1134,1128,1,1,142783,2740,0,22,0,0,0,NORMAL,0,3,1,10,78,189,0,188,0,0,0,0,0,0,0
145663,9,bully,2877,1,21,1511307,189,188,1134,1128,1,1,142786,2877,0,22,0,0,0,NORMAL,0,3,1,9,63,189,0,188,0,0,0,0,0,0,0
145818,48,bully,3032,1,21,1514562,189,0,1134,0,1,48,142786,3032,0,22,0,0,0,LEADER,1,4,1,57,21,189,0,0,0,0,0,0,0,0,0
145512,44,bully,2726,1,21,1508136,189,0,1134,0,1,44,142786,2726,0,22,0,0,0,LEADER,1,4,1,53,21,189,0,0,0,0,0,0,0,0,0
146220,8,bully,3434,1,21,1523004,189,188,1134,1128,2,1,142786,3434,0,22,0,0,0,NORMAL,0,3,1,9,69,189,0,188,0,0,0,0,0,0,0
145559,22,bully,2774,1,21,1509137,189,0,1134,0,1,22,142785,2774,0,22,0,0,0,LEADER,1,4,1,31,21,189,0,0,0,0,0,0,0,0,0
146227,39,bully,3441,1,21,1523151,189,0,1134,0,1,39,142786,3441,0,22,0,0,0,LEADER,1,4,1,48,21,189,0,0,0,0,0,0,0,0,0
145581,21,bully,2795,1,21,1509585,189,0,1134,0,1,21,142786,2795,0,22,0,0,0,LEADER,1,4,1,30,21,189,0,0,0,0,0,0,0,0,0
145936,3,bully,3150,1,21,1517040,189,380,1134,2280,1,1,142786,3150,0,22,0,0,0,NORMAL,0,3,1,9,64,189,0,380,0,0,0,0,0,0,0
146357,5,bully,3571,1,21,1525881,189,380,1134,2280,1,1,142786,3571,0,22,0,0,0,NORMAL,0,3,1,9,67,189,0,380,0,0,0,0,0,0,0
145780,38,bully,2998,1,21,1513819,189,0,1134,0,1,38,142782,2998,0,22,0,0,0,LEADER,1,4,1,47,21,189,0,0,0,0,0,0,0,0,0
146002,23,bully,3216,1,21,1518426,189,0,1134,0,1,23,142786,3216,0,22,0,0,0,LEADER,1,4,1,32,21,189,0,0,0,0,0,0,0,0,0
145830,16,bully,3047,1,21,1514840,189,190,1134,1140,2,1,142783,3047,0,22,0,0,0,NORMAL,0,3,1,9,87,189,0,190,0,0,0,0,0,0,0
145718,25,bully,2932,1,21,1512462,189,0,1134,0,1,25,142786,2932,0,22,0,0,0,LEADER,1,4,1,34,21,189,0,0,0,0,0,0,0,0,0
146033,33,bully,3250,1,21,1519128,189,0,1134,0,1,33,142783,3250,0,22,0,0,0,LEADER,1,4,1,42,21,189,0,0,0,0,0,0,0,0,0
146004,37,bully,3218,1,21,1518468,189,0,1134,0,1,37,142786,3218,0,22,0,0,0,LEADER,1,4,1,46,21,189,0,0,0,0,0,0,0,0,0
146260,49,bully,3474,1,21,1523844,189,0,1134,0,1,49,142786,3474,0,22,0,0,0,LEADER,1,4,1,58,21,189,0,0,0,0,0,0,0,0,0
145921,35,bully,3135,1,21,1516725,189,0,1134,0,1,35,142786,3135,0,22,0,0,0,LEADER,1,4,1,44,21,189,0,0,0,0,0,0,0,0,0
146397,46,bully,3611,1,21,1526721,189,0,1134,0,1,46,142786,3611,0,22,0,0,0,LEADER,1,4,1,55,21,189,0,0,0,0,0,0,0,0,0
146275,17,bully,3489,1,21,1524159,189,0,1134,0,1,17,142786,3489,0,22,0,0,0,LEADER,1,4,1,26,21,189,0,0,0,0,0,0,0,0,0
146412,14,bully,3626,1,21,1527036,189,189,1134,1134,2,1,142786,3626,0,22,0,0,0,NORMAL,0,3,1,9,68,189,0,189,0,0,0,0,0,0,0
146478,34,bully,3692,1,21,1528422,189,0,1134,0,1,34,142786,3692,0,22,0,0,0,LEADER,1,4,1,43,21,189,0,0,0,0,0,0,0,0,0
146086,42,bully,3304,1,21,1520208,189,0,1134,0,1,42,142782,3304,0,22,0,0,0,LEADER,1,4,1,51,21,189,0,0,0,0,0,0,0,0,0
146239,50,bully,3453,1,21,1523403,189,0,1134,0,1,50,142786,3453,0,22,0,0,0,LEADER,1,4,1,59,21,189,0,0,0,0,0,0,0,0,0
145751,28,bully,2965,1,21,1513155,189,0,1134,0,1,28,142786,2965,0,22,0,0,0,LEADER,1,4,1,37,21,189,0,0,0,0,0,0,0,0,0
145946,7,bully,3160,1,21,1517250,189,378,1134,2268,2,1,142786,3160,0,22,0,0,0,NORMAL,0,3,1,9,68,189,0,378,0,0,0,0,0,0,0
146389,15,bully,3603,1,21,1526553,189,189,1134,1134,2,1,142786,3603,0,22,0,0,0,NORMAL,0,3,1,9,83,189,0,189,0,0,0,0,0,0,0
146067,18,bully,3281,1,21,1519791,189,0,1134,0,1,18,142786,3281,0,22,0,0,0,LEADER,1,4,1,27,21,189,0,0,0,0,0,0,0,0,0
146051,1,bully,3265,1,21,1519455,189,380,1134,2280,1,1,142786,3265,0,22,0,0,0,LEADER,1,4,1,10,21,189,0,380,0,0,0,0,0,0,0
146340,30,bully,3556,1,21,1525551,189,0,1134,0,1,30,142784,3556,0,22,0,0,0,LEADER,1,4,1,39,21,189,0,0,0,0,0,0,0,0,0
146055,32,bully,3271,1,21,1519567,189,0,1134,0,1,32,142784,3271,0,22,0,0,0,LEADER,1,4,1,41,21,189,0,0,0,0,0,0,0,0,0
146376,10,bully,3592,1,21,1526306,189,190,1134,1140,1,1,142784,3592,0,22,0,0,0,NORMAL,0,3,1,10,43,189,0,190,0,0,0,0,0,0,0
145969,13,bully,3183,1,21,1517733,189,182,1134,1092,1,1,142786,3183,0,22,0,0,0,NORMAL,0,3,1,9,66,189,0,182,0,0,0,0,0,0,0
146069,43,bully,3283,1,21,1519833,189,0,1134,0,1,43,142786,3283,0,22,0,0,0,LEADER,1,4,1,52,21,189,0,0,0,0,0,0,0,0,0
146242,24,bully,3456,1,21,1523466,189,0,1134,0,1,24,142786,3456,0,22,0,0,0,LEADER,1,4,1,33,21,189,0,0,0,0,0,0,0,0,0
146308,27,bully,3522,1,21,1524852,189,0,1134,0,1,27,142786,3522,0,22,0,0,0,LEADER,1,4,1,36,21,189,0,0,0,0,0,0,0,0,0
146375,47,bully,3589,1,21,1526259,189,0,1134,0,1,47,142786,3589,0,22,0,0,0,LEADER,1,4,1,56,21,189,0,0,0,0,0,0,0,0,0
146139,20,bully,3353,1,21,1521303,189,0,1134,0,1,20,142786,3353,0,22,0,0,0,LEADER,1,4,1,29,21,189,0,0,0,0,0,0,0,0,0
146205,40,bully,3419,1,21,1522689,189,0,1134,0,1,40,142786,3419,0,22,0,0,0,LEADER,1,4,1,49,21,189,0,0,0,0,0,0,0,0,0
147996,19,bully,2910,1,22,1659968,192,0,1152,0,1,19,145086,2910,0,23,0,0,0,LEADER,1,4,1,22,22,192,0,0,0,0,0,0,0,0,0
148033,29,bully,2944,1,22,1660747,192,0,1152,0,1,29,145089,2944,0,23,0,0,0,LEADER,1,4,1,32,22,192,0,0,0,0,0,0,0,0,0
147787,2,bully,2707,1,22,1655401,192,381,1152,2286,1,1,145080,2707,0,23,0,0,0,NORMAL,0,3,2,4,57,192,0,381,0,0,0,0,0,0,0
148202,36,bully,3113,1,22,1664465,192,0,1152,0,1,36,145089,3113,0,23,0,0,0,LEADER,1,4,1,39,22,192,0,0,0,0,0,0,0,0,0
147918,31,bully,2829,1,22,1658217,192,0,1152,0,1,31,145089,2829,0,23,0,0,0,LEADER,1,4,1,34,22,192,0,0,0,0,0,0,0,0,0
148257,45,bully,3168,1,22,1665675,192,0,1152,0,1,45,145089,3168,0,23,0,0,0,LEADER,1,4,1,48,22,192,0,0,0,0,0,0,0,0,0
147851,11,bully,2762,1,22,1656743,192,191,1152,1146,1,1,145089,2762,0,23,0,0,0,NORMAL,0,3,2,3,68,192,0,191,0,0,0,0,0,0,0
147951,41,bully,2862,1,22,1658943,192,0,1152,0,1,41,145089,2862,0,23,0,0,0,LEADER,1,4,1,44,22,192,0,0,0,0,0,0,0,0,0
148169,26,bully,3080,1,22,1663739,192,0,1152,0,1,26,145089,3080,0,23,0,0,0,LEADER,1,4,1,29,22,192,0,0,0,0,0,0,0,0,0
147943,4,bully,2854,1,22,1658767,192,370,1152,2220,1,1,145089,2854,0,23,0,0,0,NORMAL,0,3,2,3,70,192,0,370,0,0,0,0,0,0,0
148102,6,bully,3013,1,22,1662265,192,382,1152,2292,2,1,145089,3013,0,23,0,0,0,NORMAL,0,3,2,3,70,192,0,382,0,0,0,0,0,0,0
147826,12,bully,2740,1,22,1656225,192,191,1152,1146,1,1,145086,2740,0,23,0,0,0,NORMAL,0,3,2,4,80,192,0,191,0,0,0,0,0,0,0
147966,9,bully,2877,1,22,1659273,192,191,1152,1146,1,1,145089,2877,0,23,0,0,0,NORMAL,0,3,2,3,66,192,0,191,0,0,0,0,0,0,0
148121,48,bully,3032,1,22,1662683,192,0,1152,0,1,48,145089,3032,0,23,0,0,0,LEADER,1,4,1,51,22,192,0,0,0,0,0,0,0,0,0
147815,44,bully,2726,1,22,1655951,192,0,1152,0,1,44,145089,2726,0,23,0,0,0,LEADER,1,4,1,47,22,192,0,0,0,0,0,0,0,0,0
148523,8,bully,3434,1,22,1671527,192,191,1152,1146,2,1,145089,3434,0,23,0,0,0,NORMAL,0,3,2,3,72,192,0,191,0,0,0,0,0,0,0
147862,22,bully,2774,1,22,1656999,192,0,1152,0,1,22,145088,2774,0,23,0,0,0,LEADER,1,4,1,25,22,192,0,0,0,0,0,0,0,0,0
148530,39,bully,3441,1,22,1671681,192,0,1152,0,1,39,145089,3441,0,23,0,0,0,LEADER,1,4,1,42,22,192,0,0,0,0,0,0,0,0,0
147884,21,bully,2795,1,22,1657469,192,0,1152,0,1,21,145089,2795,0,23,0,0,0,LEADER,1,4,1,24,22,192,0,0,0,0,0,0,0,0,0
148239,3,bully,3150,1,22,1665279,192,386,1152,2316,1,1,145089,3150,0,23,0,0,0,NORMAL,0,3,2,3,67,192,0,386,0,0,0,0,0,0,0
148660,5,bully,3571,1,22,1674541,192,386,1152,2316,1,1,145089,3571,0,23,0,0,0,NORMAL,0,3,2,3,70,192,0,386,0,0,0,0,0,0,0
148083,38,bully,2998,1,22,1661902,192,0,1152,0,1,38,145085,2998,0,23,0,0,0,LEADER,1,4,1,41,22,192,0,0,0,0,0,0,0,0,0
148305,23,bully,3216,1,22,1666731,192,0,1152,0,1,23,145089,3216,0,23,0,0,0,LEADER,1,4,1,26,22,192,0,0,0,0,0,0,0,0,0
148133,16,bully,3047,1,22,1662973,192,192,1152,1152,2,1,145086,3047,0,23,0,0,0,NORMAL,0,3,2,3,90,192,0,192,0,0,0,0,0,0,0
148021,25,bully,2932,1,22,1660483,192,0,1152,0,1,25,145089,2932,0,23,0,0,0,LEADER,1,4,1,28,22,192,0,0,0,0,0,0,0,0,0
148335,33,bully,3250,1,22,1667463,192,0,1152,0,1,33,145085,3250,0,23,0,0,0,LEADER,1,4,1,36,22,192,0,0,0,0,0,0,0,0,0
148307,37,bully,3218,1,22,1666775,192,0,1152,0,1,37,145089,3218,0,23,0,0,0,LEADER,1,4,1,40,22,192,0,0,0,0,0,0,0,0,0
148562,49,bully,3474,1,22,1672406,192,0,1152,0,1,49,145088,3474,0,23,0,0,0,LEADER,1,4,1,52,22,192,0,0,0,0,0,0,0,0,0
148224,35,bully,3135,1,22,1664949,192,0,1152,0,1,35,145089,3135,0,23,0,0,0,LEADER,1,4,1,38,22,192,0,0,0,0,0,0,0,0,0
148700,46,bully,3611,1,22,1675421,192,0,1152,0,1,46,145089,3611,0,23,0,0,0,LEADER,1,4,1,49,22,192,0,0,0,0,0,0,0,0,0
148578,17,bully,3489,1,22,1672737,192,0,1152,0,1,17,145089,3489,0,23,0,0,0,LEADER,1,4,1,20,22,192,0,0,0,0,0,0,0,0,0
148715,14,bully,3626,1,22,1675751,192,192,1152,1152,2,1,145089,3626,0,23,0,0,0,NORMAL,0,3,2,3,71,192,0,192,0,0,0,0,0,0,0
148781,34,bully,3692,1,22,1677203,192,0,1152,0,1,34,145089,3692,0,23,0,0,0,LEADER,1,4,1,37,22,192,0,0,0,0,0,0,0,0,0
148389,42,bully,3304,1,22,1668597,192,0,1152,0,1,42,145085,3304,0,23,0,0,0,LEADER,1,4,1,45,22,192,0,0,0,0,0,0,0,0,0
148542,50,bully,3453,1,22,1671945,192,0,1152,0,1,50,145089,3453,0,23,0,0,0,LEADER,1,4,1,53,22,192,0,0,0,0,0,0,0,0,0
148054,28,bully,2965,1,22,1661209,192,0,1152,0,1,28,145089,2965,0,23,0,0,0,LEADER,1,4,1,31,22,192,0,0,0,0,0,0,0,0,0
148249,7,bully,3160,1,22,1665499,192,384,1152,2304,2,1,145089,3160,0,23,0,0,0,NORMAL,0,3,2,3,71,192,0,384,0,0,0,0,0,0,0
148692,15,bully,3603,1,22,1675245,192,192,1152,1152,2,1,145089,3603,0,23,0,0,0,NORMAL,0,3,2,3,87,192,0,192,0,0,0,0,0,0,0
148370,18,bully,3281,1,22,1668161,192,0,1152,0,1,18,145089,3281,0,23,0,0,0,LEADER,1,4,1,21,22,192,0,0,0,0,0,0,0,0,0
148354,1,bully,3265,1,22,1667809,192,386,1152,2316,1,1,145089,3265,0,23,0,0,0,LEADER,1,4,1,4,22,192,0,386,0,0,0,0,0,0,0
148643,30,bully,3556,1,22,1674194,192,0,1152,0,1,30,145087,3556,0,23,0,0,0,LEADER,1,4,1,33,22,192,0,0,0,0,0,0,0,0,0
148358,32,bully,3271,1,22,1667925,192,0,1152,0,1,32,145087,3271,0,23,0,0,0,LEADER,1,4,1,35,22,192,0,0,0,0,0,0,0,0,0
148679,10,bully,3592,1,22,1674985,192,193,1152,1158,1,1,145087,3592,0,23,0,0,0,NORMAL,0,3,2,4,45,192,0,193,0,0,0,0,0,0,0
148272,13,bully,3183,1,22,1666005,192,185,1152,1110,1,1,145089,3183,0,23,0,0,0,NORMAL,0,3,2,3,69,192,0,185,0,0,0,0,0,0,0
148372,43,bully,3283,1,22,1668205,192,0,1152,0,1,43,145089,3283,0,23,0,0,0,LEADER,1,4,1,46,22,192,0,0,0,0,0,0,0,0,0
148545,24,bully,3456,1,22,1672011,192,0,1152,0,1,24,145089,3456,0,23,0,0,0,LEADER,1,4,1,27,22,192,0,0,0,0,0,0,0,0,0
148611,27,bully,3522,1,22,1673463,192,0,1152,0,1,27,145089,3522,0,23,0,0,0,LEADER,1,4,1,30,22,192,0,0,0,0,0,0,0,0,0
148678,47,bully,3589,1,22,1674937,192,0,1152,0,1,47,145089,3589,0,23,0,0,0,LEADER,1,4,1,50,22,192,0,0,0,0,0,0,0,0,0
148442,20,bully,3353,1,22,1669745,192,0,1152,0,1,20,145089,3353,0,23,0,0,0,LEADER,1,4,1,23,22,192,0,0,0,0,0,0,0,0,0
148508,40,bully,3419,1,22,1671197,192,0,1152,0,1,40,145089,3419,0,23,0,0,0,LEADER,1,4,1,43,22,192,0,0,0,0,0,0,0,0,0
150299,19,bully,2910,1,22,1659968,195,0,1170,0,1,19,147389,2910,0,23,0,0,0,LEADER,1,4,1,25,22,195,0,0,0,0,0,0,0,0,0
150336,29,bully,2944,1,22,1660747,195,0,1170,0,1,29,147392,2944,0,23,0,0,0,LEADER,1,4,1,35,22,195,0,0,0,0,0,0,0,0,0
150090,2,bully,2707,1,22,1655401,195,387,1170,2322,1,1,147383,2707,0,23,0,0,0,NORMAL,0,3,1,7,57,195,0,387,0,0,0,0,0,0,0
150505,36,bully,3113,1,22,1664465,195,0,1170,0,1,36,147392,3113,0,23,0,0,0,LEADER,1,4,1,42,22,195,0,0,0,0,0,0,0,0,0
150221,31,bully,2829,1,22,1658217,195,0,1170,0,1,31,147392,2829,0,23,0,0,0,LEADER,1,4,1,37,22,195,0,0,0,0,0,0,0,0,0
150560,45,bully,3168,1,22,1665675,195,0,1170,0,1,45,147392,3168,0,23,0,0,0,LEADER,1,4,1,51,22,195,0,0,0,0,0,0,0,0,0
150154,11,bully,2762,1,22,1656743,195,194,1170,1164,1,1,147392,2762,0,23,0,0,0,NORMAL,0,3,1,6,68,195,0,194,0,0,0,0,0,0,0
150254,41,bully,2862,1,22,1658943,195,0,1170,0,1,41,147392,2862,0,23,0,0,0,LEADER,1,4,1,47,22,195,0,0,0,0,0,0,0,0,0
150472,26,bully,3080,1,22,1663739,195,0,1170,0,1,26,147392,3080,0,23,0,0,0,LEADER,1,4,1,32,22,195,0,0,0,0,0,0,0,0,0
150246,4,bully,2854,1,22,1658767,195,376,1170,2256,1,1,147392,2854,0,23,0,0,0,NORMAL,0,3,1,6,70,195,0,376,0,0,0,0,0,0,0
150405,6,bully,3013,1,22,1662265,195,388,1170,2328,2,1,147392,3013,0,23,0,0,0,NORMAL,0,3,1,6,70,195,0,388,0,0,0,0,0,0,0
150129,12,bully,2740,1,22,1656225,195,195,1170,1170,1,1,147389,2740,0,23,0,0,0,NORMAL,0,3,1,7,80,195,0,195,0,0,0,0,0,0,0
150269,9,bully,2877,1,22,1659273,195,194,1170,1164,1,1,147392,2877,0,23,0,0,0,NORMAL,0,3,1,6,66,195,0,194,0,0,0,0,0,0,0
150424,48,bully,3032,1,22,1662683,195,0,1170,0,1,48,147392,3032,0,23,0,0,0,LEADER,1,4,1,54,22,195,0,0,0,0,0,0,0,0,0
150118,44,bully,2726,1,22,1655951,195,0,1170,0,1,44,147392,2726,0,23,0,0,0,LEADER,1,4,1,50,22,195,0,0,0,0,0,0,0,0,0
150826,8,bully,3434,1,22,1671527,195,194,1170,1164,2,1,147392,3434,0,23,0,0,0,NORMAL,0,3,1,6,72,195,0,194,0,0,0,0,0,0,0
150165,22,bully,2774,1,22,1656999,195,0,1170,0,1,22,147391,2774,0,23,0,0,0,LEADER,1,4,1,28,22,195,0,0,0,0,0,0,0,0,0
150833,39,bully,3441,1,22,1671681,195,0,1170,0,1,39,147392,3441,0,23,0,0,0,LEADER,1,4,1,45,22,195,0,0,0,0,0,0,0,0,0
150187,21,bully,2795,1,22,1657469,195,0,1170,0,1,21,147392,2795,0,23,0,0,0,LEADER,1,4,1,27,22,195,0,0,0,0,0,0,0,0,0
150542,3,bully,3150,1,22,1665279,195,392,1170,2352,1,1,147392,3150,0,23,0,0,0,NORMAL,0,3,1,6,67,195,0,392,0,0,0,0,0,0,0
150963,5,bully,3571,1,22,1674541,195,392,1170,2352,1,1,147392,3571,0,23,0,0,0,NORMAL,0,3,1,6,70,195,0,392,0,0,0,0,0,0,0
150386,38,bully,2998,1,22,1661902,195,0,1170,0,1,38,147388,2998,0,23,0,0,0,LEADER,1,4,1,44,22,195,0,0,0,0,0,0,0,0,0
150608,23,bully,3216,1,22,1666731,195,0,1170,0,1,23,147392,3216,0,23,0,0,0,LEADER,1,4,1,29,22,195,0,0,0,0,0,0,0,0,0
150436,16,bully,3047,1,22,1662973,195,195,1170,1170,2,1,147389,3047,0,23,0,0,0,NORMAL,0,3,1,6,90,195,0,195,0,0,0,0,0,0,0
150324,25,bully,2932,1,22,1660483,195,0,1170,0,1,25,147392,2932,0,23,0,0,0,LEADER,1,4,1,31,22,195,0,0,0,0,0,0,0,0,0
150638,33,bully,3250,1,22,1667463,195,0,1170,0,1,33,147388,3250,0,23,0,0,0,LEADER,1,4,1,39,22,195,0,0,0,0,0,0,0,0,0
150610,37,bully,3218,1,22,1666775,195,0,1170,0,1,37,147392,3218,0,23,0,0,0,LEADER,1,4,1,43,22,195,0,0,0,0,0,0,0,0,0
150865,49,bully,3474,1,22,1672406,195,0,1170,0,1,49,147391,3474,0,23,0,0,0,LEADER,1,4,1,55,22,195,0,0,0,0,0,0,0,0,0
150527,35,bully,3135,1,22,1664949,195,0,1170,0,1,35,147392,3135,0,23,0,0,0,LEADER,1,4,1,41,22,195,0,0,0,0,0,0,0,0,0
151003,46,bully,3611,1,22,1675421,195,0,1170,0,1,46,147392,3611,0,23,0,0,0,LEADER,1,4,1,52,22,195,0,0,0,0,0,0,0,0,0
150881,17,bully,3489,1,22,1672737,195,0,1170,0,1,17,147392,3489,0,23,0,0,0,LEADER,1,4,1,23,22,195,0,0,0,0,0,0,0,0,0
151018,14,bully,3626,1,22,1675751,195,195,1170,1170,2,1,147392,3626,0,23,0,0,0,NORMAL,0,3,1,6,71,195,0,195,0,0,0,0,0,0,0
151084,34,bully,3692,1,22,1677203,195,0,1170,0,1,34,147392,3692,0,23,0,0,0,LEADER,1,4,1,40,22,195,0,0,0,0,0,0,0,0,0
150692,42,bully,3304,1,22,1668597,195,0,1170,0,1,42,147388,3304,0,23,0,0,0,LEADER,1,4,1,48,22,195,0,0,0,0,0,0,0,0,0
150845,50,bully,3453,1,22,1671945,195,0,1170,0,1,50,147392,3453,0,23,0,0,0,LEADER,1,4,1,56,22,195,0,0,0,0,0,0,0,0,0
150357,28,bully,2965,1,22,1661209,195,0,1170,0,1,28,147392,2965,0,23,0,0,0,LEADER,1,4,1,34,22,195,0,0,0,0,0,0,0,0,0
150552,7,bully,3160,1,22,1665499,195,390,1170,2340,2,1,147392,3160,0,23,0,0,0,NORMAL,0,3,1,6,71,195,0,390,0,0,0,0,0,0,0
150994,15,bully,3603,1,22,1675245,195,195,1170,1170,2,1,147391,3603,0,23,0,0,0,NORMAL,0,3,1,6,87,195,0,195,0,0,0,0,0,0,0
150673,18,bully,3281,1,22,1668161,195,0,1170,0,1,18,147392,3281,0,23,0,0,0,LEADER,1,4,1,24,22,195,0,0,0,0,0,0,0,0,0
150657,1,bully,3265,1,22,1667809,195,392,1170,2352,1,1,147392,3265,0,23,0,0,0,LEADER,1,4,1,7,22,195,0,392,0,0,0,0,0,0,0
150946,30,bully,3556,1,22,1674194,195,0,1170,0,1,30,147390,3556,0,23,0,0,0,LEADER,1,4,1,36,22,195,0,0,0,0,0,0,0,0,0
150661,32,bully,3271,1,22,1667925,195,0,1170,0,1,32,147390,3271,0,23,0,0,0,LEADER,1,4,1,38,22,195,0,0,0,0,0,0,0,0,0
150982,10,bully,3592,1,22,1674985,195,196,1170,1176,1,1,147390,3592,0,23,0,0,0,NORMAL,0,3,1,7,45,195,0,196,0,0,0,0,0,0,0
150575,13,bully,3183,1,22,1666005,195,188,1170,1128,1,1,147392,3183,0,23,0,0,0,NORMAL,0,3,1,6,69,195,0,188,0,0,0,0,0,0,0
150675,43,bully,3283,1,22,1668205,195,0,1170,0,1,43,147392,3283,0,23,0,0,0,LEADER,1,4,1,49,22,195,0,0,0,0,0,0,0,0,0
150848,24,bully,3456,1,22,1672011,195,0,1170,0,1,24,147392,3456,0,23,0,0,0,LEADER,1,4,1,30,22,195,0,0,0,0,0,0,0,0,0
150914,27,bully,3522,1,22,1673463,195,0,1170,0,1,27,147392,3522,0,23,0,0,0,LEADER,1,4,1,33,22,195,0,0,0,0,0,0,0,0,0
150981,47,bully,3589,1,22,1674937,195,0,1170,0,1,47,147392,3589,0,23,0,0,0,LEADER,1,4,1,53,22,195,0,0,0,0,0,0,0,0,0
150745,20,bully,3353,1,22,1669745,195,0,1170,0,1,20,147392,3353,0,23,0,0,0,LEADER,1,4,1,26,22,195,0,0,0,0,0,0,0,0,0
150811,40,bully,3419,1,22,1671197,195,0,1170,0,1,40,147392,3419,0,23,0,0,0,LEADER,1,4,1,46,22,195,0,0,0,0,0,0,0,0,0
152602,19,bully,2910,1,22,1659968,198,0,1188,0,1,19,149692,2910,0,23,0,0,0,LEADER,1,4,1,28,22,198,0,0,0,0,0,0,0,0,0
152639,29,bully,2944,1,22,1660747,198,0,1188,0,1,29,149695,2944,0,23,0,0,0,LEADER,1,4,1,38,22,198,0,0,0,0,0,0,0,0,0
152392,2,bully,2707,1,22,1655401,198,394,1188,2364,1,1,149685,2707,0,23,0,0,0,NORMAL,0,3,1,10,57,198,0,394,0,0,0,0,0,0,0
152808,36,bully,3113,1,22,1664465,198,0,1188,0,1,36,149695,3113,0,23,0,0,0,LEADER,1,4,1,45,22,198,0,0,0,0,0,0,0,0,0
152524,31,bully,2829,1,22,1658217,198,0,1188,0,1,31,149695,2829,0,23,0,0,0,LEADER,1,4,1,40,22,198,0,0,0,0,0,0,0,0,0
152863,45,bully,3168,1,22,1665675,198,0,1188,0,1,45,149695,3168,0,23,0,0,0,LEADER,1,4,1,54,22,198,0,0,0,0,0,0,0,0,0
152457,11,bully,2762,1,22,1656743,198,197,1188,1182,1,1,149695,2762,0,23,0,0,0,NORMAL,0,3,1,9,68,198,0,197,0,0,0,0,0,0,0
152557,41,bully,2862,1,22,1658943,198,0,1188,0,1,41,149695,2862,0,23,0,0,0,LEADER,1,4,1,50,22,198,0,0,0,0,0,0,0,0,0
152775,26,bully,3080,1,22,1663739,198,0,1188,0,1,26,149695,3080,0,23,0,0,0,LEADER,1,4,1,35,22,198,0,0,0,0,0,0,0,0,0
152549,4,bully,2854,1,22,1658767,198,382,1188,2292,1,1,149695,2854,0,23,0,0,0,NORMAL,0,3,1,9,70,198,0,382,0,0,0,0,0,0,0
152708,6,bully,3013,1,22,1662265,198,394,1188,2364,2,1,149695,3013,0,23,0,0,0,NORMAL,0,3,1,9,70,198,0,394,0,0,0,0,0,0,0
152432,12,bully,2740,1,22,1656225,198,197,1188,1182,1,1,149692,2740,0,23,0,0,0,NORMAL,0,3,1,10,80,198,0,197,0,0,0,0,0,0,0
152572,9,bully,2877,1,22,1659273,198,197,1188,1182,1,1,149695,2877,0,23,0,0,0,NORMAL,0,3,1,9,66,198,0,197,0,0,0,0,0,0,0
152727,48,bully,3032,1,22,1662683,198,0,1188,0,1,48,149695,3032,0,23,0,0,0,LEADER,1,4,1,57,22,198,0,0,0,0,0,0,0,0,0
152421,44,bully,2726,1,22,1655951,198,0,1188,0,1,44,149695,2726,0,23,0,0,0,LEADER,1,4,1,53,22,198,0,0,0,0,0,0,0,0,0
153129,8,bully,3434,1,22,1671527,198,197,1188,1182,2,1,149695,3434,0,23,0,0,0,NORMAL,0,3,1,9,72,198,0,197,0,0,0,0,0,0,0
152468,22,bully,2774,1,22,1656999,198,0,1188,0,1,22,149694,2774,0,23,0,0,0,LEADER,1,4,1,31,22,198,0,0,0,0,0,0,0,0,0
153136,39,bully,3441,1,22,1671681,198,0,1188,0,1,39,149695,3441,0,23,0,0,0,LEADER,1,4,1,48,22,198,0,0,0,0,0,0,0,0,0
152490,21,bully,2795,1,22,1657469,198,0,1188,0,1,21,149695,2795,0,23,0,0,0,LEADER,1,4,1,30,22,198,0,0,0,0,0,0,0,0,0
152845,3,bully,3150,1,22,1665279,198,398,1188,2388,1,1,149695,3150,0,23,0,0,0,NORMAL,0,3,1,9,67,198,0,398,0,0,0,0,0,0,0
153266,5,bully,3571,1,22,1674541,198,396,1188,2376,1,1,149695,3571,0,23,0,0,0,NORMAL,0,3,1,9,70,198,0,396,0,0,0,0,0,0,0
152689,38,bully,2998,1,22,1661902,198,0,1188,0,1,38,149691,2998,0,23,0,0,0,LEADER,1,4,1,47,22,198,0,0,0,0,0,0,0,0,0
152911,23,bully,3216,1,22,1666731,198,0,1188,0,1,23,149695,3216,0,23,0,0,0,LEADER,1,4,1,32,22,198,0,0,0,0,0,0,0,0,0
152739,16,bully,3047,1,22,1662973,198,198,1188,1188,2,1,149692,3047,0,23,0,0,0,NORMAL,0,3,1,9,90,198,0,198,0,0,0,0,0,0,0
152627,25,bully,2932,1,22,1660483,198,0,1188,0,1,25,149695,2932,0,23,0,0,0,LEADER,1,4,1,34,22,198,0,0,0,0,0,0,0,0,0
152941,33,bully,3250,1,22,1667463,198,0,1188,0,1,33,149691,3250,0,23,0,0,0,LEADER,1,4,1,42,22,198,0,0,0,0,0,0,0,0,0
152913,37,bully,3218,1,22,1666775,198,0,1188,0,1,37,149695,3218,0,23,0,0,0,LEADER,1,4,1,46,22,198,0,0,0,0,0,0,0,0,0
153168,49,bully,3474,1,22,1672406,198,0,1188,0,1,49,149694,3474,0,23,0,0,0,LEADER,1,4,1,58,22,198,0,0,0,0,0,0,0,0,0
152830,35,bully,3135,1,22,1664949,198,0,1188,0,1,35,149695,3135,0,23,0,0,0,LEADER,1,4,1,44,22,198,0,0,0,0,0,0,0,0,0
153306,46,bully,3611,1,22,1675421,198,0,1188,0,1,46,149695,3611,0,23,0,0,0,LEADER,1,4,1,55,22,198,0,0,0,0,0,0,0,0,0
153184,17,bully,3489,1,22,1672737,198,0,1188,0,1,17,149695,3489,0,23,0,0,0,LEADER,1,4,1,26,22,198,0,0,0,0,0,0,0,0,0
153321,14,bully,3626,1,22,1675751,198,198,1188,1188,2,1,149695,3626,0,23,0,0,0,NORMAL,0,3,1,9,71,198,0,198,0,0,0,0,0,0,0
153387,34,bully,3692,1,22,1677203,198,0,1188,0,1,34,149695,3692,0,23,0,0,0,LEADER,1,4,1,43,22,198,0,0,0,0,0,0,0,0,0
152995,42,bully,3304,1,22,1668597,198,0,1188,0,1,42,149691,3304,0,23,0,0,0,LEADER,1,4,1,51,22,198,0,0,0,0,0,0,0,0,0
153148,50,bully,3453,1,22,1671945,198,0,1188,0,1,50,149695,3453,0,23,0,0,0,LEADER,1,4,1,59,22,198,0,0,0,0,0,0,0,0,0
152660,28,bully,2965,1,22,1661209,198,0,1188,0,1,28,149695,2965,0,23,0,0,0,LEADER,1,4,1,37,22,198,0,0,0,0,0,0,0,0,0
152855,7,bully,3160,1,22,1665499,198,396,1188,2376,2,1,149695,3160,0,23,0,0,0,NORMAL,0,3,1,9,71,198,0,396,0,0,0,0,0,0,0
153297,15,bully,3603,1,22,1675245,198,198,1188,1188,2,1,149694,3603,0,23,0,0,0,NORMAL,0,3,1,9,87,198,0,198,0,0,0,0,0,0,0
152976,18,bully,3281,1,22,1668161,198,0,1188,0,1,18,149695,3281,0,23,0,0,0,LEADER,1,4,1,27,22,198,0,0,0,0,0,0,0,0,0
152960,1,bully,3265,1,22,1667809,198,398,1188,2388,1,1,149695,3265,0,23,0,0,0,LEADER,1,4,1,10,22,198,0,398,0,0,0,0,0,0,0
153249,30,bully,3556,1,22,1674194,198,0,1188,0,1,30,149693,3556,0,23,0,0,0,LEADER,1,4,1,39,22,198,0,0,0,0,0,0,0,0,0
152964,32,bully,3271,1,22,1667925,198,0,1188,0,1,32,149693,3271,0,23,0,0,0,LEADER,1,4,1,41,22,198,0,0,0,0,0,0,0,0,0
153285,10,bully,3592,1,22,1674985,198,199,1188,1194,1,1,149693,3592,0,23,0,0,0,NORMAL,0,3,1,10,45,198,0,199,0,0,0,0,0,0,0
152878,13,bully,3183,1,22,1666005,198,191,1188,1146,1,1,149695,3183,0,23,0,0,0,NORMAL,0,3,1,9,69,198,0,191,0,0,0,0,0,0,0
152978,43,bully,3283,1,22,1668205,198,0,1188,0,1,43,149695,3283,0,23,0,0,0,LEADER,1,4,1,52,22,198,0,0,0,0,0,0,0,0,0
153151,24,bully,3456,1,22,1672011,198,0,1188,0,1,24,149695,3456,0,23,0,0,0,LEADER,1,4,1,33,22,198,0,0,0,0,0,0,0,0,0
153217,27,bully,3522,1,22,1673463,198,0,1188,0,1,27,149695,3522,0,23,0,0,0,LEADER,1,4,1,36,22,198,0,0,0,0,0,0,0,0,0
153284,47,bully,3589,1,22,1674937,198,0,1188,0,1,47,149695,3589,0,23,0,0,0,LEADER,1,4,1,56,22,198,0,0,0,0,0,0,0,0,0
153048,20,bully,3353,1,22,1669745,198,0,1188,0,1,20,149695,3353,0,23,0,0,0,LEADER,1,4,1,29,22,198,0,0,0,0,0,0,0,0,0
153114,40,bully,3419,1,22,1671197,198,0,1188,0,1,40,149695,3419,0,23,0,0,0,LEADER,1,4,1,49,22,198,0,0,0,0,0,0,0,0,0
154905,19,bully,2910,1,23,1814873,201,0,1206,0,1,19,151995,2910,0,24,0,0,0,LEADER,1,4,1,22,23,201,0,0,0,0,0,0,0,0,0
154942,29,bully,2944,1,23,1815689,201,0,1206,0,1,29,151998,2944,0,24,0,0,0,LEADER,1,4,1,32,23,201,0,0,0,0,0,0,0,0,0
154695,2,bully,2707,1,23,1810096,201,400,1206,2400,1,1,151988,2707,0,24,0,0,0,NORMAL,0,3,2,3,60,201,0,400,0,0,0,0,0,0,0
155111,36,bully,3113,1,23,1819576,201,0,1206,0,1,36,151998,3113,0,24,0,0,0,LEADER,1,4,1,39,23,201,0,0,0,0,0,0,0,0,0
154827,31,bully,2829,1,23,1813044,201,0,1206,0,1,31,151998,2829,0,24,0,0,0,LEADER,1,4,1,34,23,201,0,0,0,0,0,0,0,0,0
155166,45,bully,3168,1,23,1820841,201,0,1206,0,1,45,151998,3168,0,24,0,0,0,LEADER,1,4,1,48,23,201,0,0,0,0,0,0,0,0,0
154760,11,bully,2762,1,23,1811503,201,200,1206,1200,1,1,151998,2762,0,24,0,0,0,NORMAL,0,3,2,3,71,201,0,200,0,0,0,0,0,0,0
154860,41,bully,2862,1,23,1813803,201,0,1206,0,1,41,151998,2862,0,24,0,0,0,LEADER,1,4,1,44,23,201,0,0,0,0,0,0,0,0,0
155078,26,bully,3080,1,23,1818817,201,0,1206,0,1,26,151998,3080,0,24,0,0,0,LEADER,1,4,1,29,23,201,0,0,0,0,0,0,0,0,0
154852,4,bully,2854,1,23,1813619,201,388,1206,2328,1,1,151998,2854,0,24,0,0,0,NORMAL,0,3,2,3,73,201,0,388,0,0,0,0,0,0,0
155011,6,bully,3013,1,23,1817276,201,400,1206,2400,2,1,151998,3013,0,24,0,0,0,NORMAL,0,3,2,3,73,201,0,400,0,0,0,0,0,0,0
154735,12,bully,2740,1,23,1810960,201,201,1206,1206,1,1,151995,2740,0,24,0,0,0,NORMAL,0,3,2,4,82,201,0,201,0,0,0,0,0,0,0
154875,9,bully,2877,1,23,1814148,201,200,1206,1200,1,1,151998,2877,0,24,0,0,0,NORMAL,0,3,2,3,69,201,0,200,0,0,0,0,0,0,0
155030,48,bully,3032,1,23,1817713,201,0,1206,0,1,48,151998,3032,0,24,0,0,0,LEADER,1,4,1,51,23,201,0,0,0,0,0,0,0,0,0
154724,44,bully,2726,1,23,1810675,201,0,1206,0,1,44,151998,2726,0,24,0,0,0,LEADER,1,4,1,47,23,201,0,0,0,0,0,0,0,0,0
155432,8,bully,3434,1,23,1826959,201,200,1206,1200,2,1,151998,3434,0,24,0,0,0,NORMAL,0,3,2,3,75,201,0,200,0,0,0,0,0,0,0
154771,22,bully,2774,1,23,1811770,201,0,1206,0,1,22,151997,2774,0,24,0,0,0,LEADER,1,4,1,25,23,201,0,0,0,0,0,0,0,0,0
155439,39,bully,3441,1,23,1827120,201,0,1206,0,1,39,151998,3441,0,24,0,0,0,LEADER,1,4,1,42,23,201,0,0,0,0,0,0,0,0,0
154793,21,bully,2795,1,23,1812262,201,0,1206,0,1,21,151998,2795,0,24,0,0,0,LEADER,1,4,1,24,23,201,0,0,0,0,0,0,0,0,0
155148,3,bully,3150,1,23,1820427,201,404,1206,2424,1,1,151998,3150,0,24,0,0,0,NORMAL,0,3,2,3,70,201,0,404,0,0,0,0,0,0,0
155569,5,bully,3571,1,23,1830110,201,402,1206,2412,1,1,151998,3571,0,24,0,0,0,NORMAL,0,3,2,3,73,201,0,402,0,0,0,0,0,0,0
154992,38,bully,2998,1,23,1816894,201,0,1206,0,1,38,151994,2998,0,24,0,0,0,LEADER,1,4,1,41,23,201,0,0,0,0,0,0,0,0,0
155214,23,bully,3216,1,23,1821945,201,0,1206,0,1,23,151998,3216,0,24,0,0,0,LEADER,1,4,1,26,23,201,0,0,0,0,0,0,0,0,0
155042,16,bully,3047,1,23,1818015,201,201,1206,1206,2,1,151995,3047,0,24,0,0,0,NORMAL,0,3,2,3,94,201,0,201,0,0,0,0,0,0,0
154930,25,bully,2932,1,23,1815413,201,0,1206,0,1,25,151998,2932,0,24,0,0,0,LEADER,1,4,1,28,23,201,0,0,0,0,0,0,0,0,0
155244,33,bully,3250,1,23,1822707,201,0,1206,0,1,33,151994,3250,0,24,0,0,0,LEADER,1,4,1,36,23,201,0,0,0,0,0,0,0,0,0
155216,37,bully,3218,1,23,1821991,201,0,1206,0,1,37,151998,3218,0,24,0,0,0,LEADER,1,4,1,40,23,201,0,0,0,0,0,0,0,0,0
155471,49,bully,3474,1,23,1827877,201,0,1206,0,1,49,151997,3474,0,24,0,0,0,LEADER,1,4,1,52,23,201,0,0,0,0,0,0,0,0,0
155133,35,bully,3135,1,23,1820082,201,0,1206,0,1,35,151998,3135,0,24,0,0,0,LEADER,1,4,1,38,23,201,0,0,0,0,0,0,0,0,0
155609,46,bully,3611,1,23,1831030,201,0,1206,0,1,46,151998,3611,0,24,0,0,0,LEADER,1,4,1,49,23,201,0,0,0,0,0,0,0,0,0
155487,17,bully,3489,1,23,1828224,201,0,1206,0,1,17,151998,3489,0,24,0,0,0,LEADER,1,4,1,20,23,201,0,0,0,0,0,0,0,0,0
155624,14,bully,3626,1,23,1831375,201,201,1206,1206,2,1,151998,3626,0,24,0,0,0,NORMAL,0,3,2,3,74,201,0,201,0,0,0,0,0,0,0
155690,34,bully,3692,1,23,1832893,201,0,1206,0,1,34,151998,3692,0,24,0,0,0,LEADER,1,4,1,37,23,201,0,0,0,0,0,0,0,0,0
155298,42,bully,3304,1,23,1823895,201,0,1206,0,1,42,151994,3304,0,24,0,0,0,LEADER,1,4,1,45,23,201,0,0,0,0,0,0,0,0,0
155451,50,bully,3453,1,23,1827396,201,0,1206,0,1,50,151998,3453,0,24,0,0,0,LEADER,1,4,1,53,23,201,0,0,0,0,0,0,0,0,0
154963,28,bully,2965,1,23,1816172,201,0,1206,0,1,28,151998,2965,0,24,0,0,0,LEADER,1,4,1,31,23,201,0,0,0,0,0,0,0,0,0
155158,7,bully,3160,1,23,1820657,201,402,1206,2412,2,1,151998,3160,0,24,0,0,0,NORMAL,0,3,2,3,74,201,0,402,0,0,0,0,0,0,0
155600,15,bully,3603,1,23,1830845,201,202,1206,1212,2,1,151997,3603,0,24,0,0,0,NORMAL,0,3,2,3,91,201,0,202,0,0,0,0,0,0,0
155279,18,bully,3281,1,23,1823440,201,0,1206,0,1,18,151998,3281,0,24,0,0,0,LEADER,1,4,1,21,23,201,0,0,0,0,0,0,0,0,0
155263,1,bully,3265,1,23,1823072,201,404,1206,2424,1,1,151998,3265,0,24,0,0,0,LEADER,1,4,1,4,23,201,0,404,0,0,0,0,0,0,0
155552,30,bully,3556,1,23,1829746,201,0,1206,0,1,30,151996,3556,0,24,0,0,0,LEADER,1,4,1,33,23,201,0,0,0,0,0,0,0,0,0
155267,32,bully,3271,1,23,1823192,201,0,1206,0,1,32,151996,3271,0,24,0,0,0,LEADER,1,4,1,35,23,201,0,0,0,0,0,0,0,0,0
155588,10,bully,3592,1,23,1830573,201,202,1206,1212,1,1,151996,3592,0,24,0,0,0,NORMAL,0,3,2,4,47,201,0,202,0,0,0,0,0,0,0
155181,13,bully,3183,1,23,1821186,201,194,1206,1164,1,1,151998,3183,0,24,0,0,0,NORMAL,0,3,2,3,72,201,0,194,0,0,0,0,0,0,0
155281,43,bully,3283,1,23,1823486,201,0,1206,0,1,43,151998,3283,0,24,0,0,0,LEADER,1,4,1,46,23,201,0,0,0,0,0,0,0,0,0
155454,24,bully,3456,1,23,1827465,201,0,1206,0,1,24,151998,3456,0,24,0,0,0,LEADER,1,4,1,27,23,201,0,0,0,0,0,0,0,0,0
155520,27,bully,3522,1,23,1828983,201,0,1206,0,1,27,151998,3522,0,24,0,0,0,LEADER,1,4,1,30,23,201,0,0,0,0,0,0,0,0,0
155587,47,bully,3589,1,23,1830524,201,0,1206,0,1,47,151998,3589,0,24,0,0,0,LEADER,1,4,1,50,23,201,0,0,0,0,0,0,0,0,0
155351,20,bully,3353,1,23,1825096,201,0,1206,0,1,20,151998,3353,0,24,0,0,0,LEADER,1,4,1,23,23,201,0,0,0,0,0,0,0,0,0
155417,40,bully,3419,1,23,1826614,201,0,1206,0,1,40,151998,3419,0,24,0,0,0,LEADER,1,4,1,43,23,201,0,0,0,0,0,0,0,0,0
157208,19,bully,2910,1,23,1814873,204,0,1224,0,1,19,154298,2910,0,24,0,0,0,LEADER,1,4,1,25,23,204,0,0,0,0,0,0,0,0,0
157245,29,bully,2944,1,23,1815689,204,0,1224,0,1,29,154301,2944,0,24,0,0,0,LEADER,1,4,1,35,23,204,0,0,0,0,0,0,0,0,0
156998,2,bully,2707,1,23,1810096,204,405,1224,2430,1,1,154291,2707,0,24,0,0,0,NORMAL,0,3,1,6,60,204,0,405,0,0,0,0,0,0,0
157414,36,bully,3113,1,23,1819576,204,0,1224,0,1,36,154301,3113,0,24,0,0,0,LEADER,1,4,1,42,23,204,0,0,0,0,0,0,0,0,0
157130,31,bully,2829,1,23,1813044,204,0,1224,0,1,31,154301,2829,0,24,0,0,0,LEADER,1,4,1,37,23,204,0,0,0,0,0,0,0,0,0
157469,45,bully,3168,1,23,1820841,204,0,1224,0,1,45,154301,3168,0,24,0,0,0,LEADER,1,4,1,51,23,204,0,0,0,0,0,0,0,0,0
157063,11,bully,2762,1,23,1811503,204,203,1224,1218,1,1,154301,2762,0,24,0,0,0,NORMAL,0,3,1,6,71,204,0,203,0,0,0,0,0,0,0
157163,41,bully,2862,1,23,1813803,204,0,1224,0,1,41,154301,2862,0,24,0,0,0,LEADER,1,4,1,47,23,204,0,0,0,0,0,0,0,0,0
157381,26,bully,3080,1,23,1818817,204,0,1224,0,1,26,154301,3080,0,24,0,0,0,LEADER,1,4,1,32,23,204,0,0,0,0,0,0,0,0,0
157155,4,bully,2854,1,23,1813619,204,394,1224,2364,1,1,154301,2854,0,24,0,0,0,NORMAL,0,3,1,6,73,204,0,394,0,0,0,0,0,0,0
157314,6,bully,3013,1,23,1817276,204,406,1224,2436,2,1,154301,3013,0,24,0,0,0,NORMAL,0,3,1,6,73,204,0,406,0,0,0,0,0,0,0
157038,12,bully,2740,1,23,1810960,204,204,1224,1224,1,1,154298,2740,0,24,0,0,0,NORMAL,0,3,1,7,82,204,0,204,0,0,0,0,0,0,0
157178,9,bully,2877,1,23,1814148,204,203,1224,1218,1,1,154301,2877,0,24,0,0,0,NORMAL,0,3,1,6,69,204,0,203,0,0,0,0,0,0,0
157333,48,bully,3032,1,23,1817713,204,0,1224,0,1,48,154301,3032,0,24,0,0,0,LEADER,1,4,1,54,23,204,0,0,0,0,0,0,0,0,0
157027,44,bully,2726,1,23,1810675,204,0,1224,0,1,44,154301,2726,0,24,0,0,0,LEADER,1,4,1,50,23,204,0,0,0,0,0,0,0,0,0
157735,8,bully,3434,1,23,1826959,204,203,1224,1218,2,1,154301,3434,0,24,0,0,0,NORMAL,0,3,1,6,75,204,0,203,0,0,0,0,0,0,0
157073,22,bully,2774,1,23,1811770,204,0,1224,0,1,22,154299,2774,0,24,0,0,0,LEADER,1,4,1,28,23,204,0,0,0,0,0,0,0,0,0
157742,39,bully,3441,1,23,1827120,204,0,1224,0,1,39,154301,3441,0,24,0,0,0,LEADER,1,4,1,45,23,204,0,0,0,0,0,0,0,0,0
157096,21,bully,2795,1,23,1812262,204,0,1224,0,1,21,154301,2795,0,24,0,0,0,LEADER,1,4,1,27,23,204,0,0,0,0,0,0,0,0,0
157451,3,bully,3150,1,23,1820427,204,410,1224,2460,1,1,154301,3150,0,24,0,0,0,NORMAL,0,3,1,6,70,204,0,410,0,0,0,0,0,0,0
157872,5,bully,3571,1,23,1830110,204,408,1224,2448,1,1,154301,3571,0,24,0,0,0,NORMAL,0,3,1,6,73,204,0,408,0,0,0,0,0,0,0
157295,38,bully,2998,1,23,1816894,204,0,1224,0,1,38,154297,2998,0,24,0,0,0,LEADER,1,4,1,44,23,204,0,0,0,0,0,0,0,0,0
157517,23,bully,3216,1,23,1821945,204,0,1224,0,1,23,154301,3216,0,24,0,0,0,LEADER,1,4,1,29,23,204,0,0,0,0,0,0,0,0,0
157345,16,bully,3047,1,23,1818015,204,204,1224,1224,2,1,154298,3047,0,24,0,0,0,NORMAL,0,3,1,6,94,204,0,204,0,0,0,0,0,0,0
157233,25,bully,2932,1,23,1815413,204,0,1224,0,1,25,154301,2932,0,24,0,0,0,LEADER,1,4,1,31,23,204,0,0,0,0,0,0,0,0,0
157547,33,bully,3250,1,23,1822707,204,0,1224,0,1,33,154297,3250,0,24,0,0,0,LEADER,1,4,1,39,23,204,0,0,0,0,0,0,0,0,0
157519,37,bully,3218,1,23,1821991,204,0,1224,0,1,37,154301,3218,0,24,0,0,0,LEADER,1,4,1,43,23,204,0,0,0,0,0,0,0,0,0
157774,49,bully,3474,1,23,1827877,204,0,1224,0,1,49,154300,3474,0,24,0,0,0,LEADER,1,4,1,55,23,204,0,0,0,0,0,0,0,0,0
157436,35,bully,3135,1,23,1820082,204,0,1224,0,1,35,154301,3135,0,24,0,0,0,LEADER,1,4,1,41,23,204,0,0,0,0,0,0,0,0,0
157912,46,bully,3611,1,23,1831030,204,0,1224,0,1,46,154301,3611,0,24,0,0,0,LEADER,1,4,1,52,23,204,0,0,0,0,0,0,0,0,0
157790,17,bully,3489,1,23,1828224,204,0,1224,0,1,17,154301,3489,0,24,0,0,0,LEADER,1,4,1,23,23,204,0,0,0,0,0,0,0,0,0
157927,14,bully,3626,1,23,1831375,204,204,1224,1224,2,1,154301,3626,0,24,0,0,0,NORMAL,0,3,1,6,74,204,0,204,0,0,0,0,0,0,0
157993,34,bully,3692,1,23,1832893,204,0,1224,0,1,34,154301,3692,0,24,0,0,0,LEADER,1,4,1,40,23,204,0,0,0,0,0,0,0,0,0
157601,42,bully,3304,1,23,1823895,204,0,1224,0,1,42,154297,3304,0,24,0,0,0,LEADER,1,4,1,48,23,204,0,0,0,0,0,0,0,0,0
157754,50,bully,3453,1,23,1827396,204,0,1224,0,1,50,154301,3453,0,24,0,0,0,LEADER,1,4,1,56,23,204,0,0,0,0,0,0,0,0,0
157266,28,bully,2965,1,23,1816172,204,0,1224,0,1,28,154301,2965,0,24,0,0,0,LEADER,1,4,1,34,23,204,0,0,0,0,0,0,0,0,0
157461,7,bully,3160,1,23,1820657,204,408,1224,2448,2,1,154301,3160,0,24,0,0,0,NORMAL,0,3,1,6,74,204,0,408,0,0,0,0,0,0,0
157903,15,bully,3603,1,23,1830845,204,204,1224,1224,2,1,154300,3603,0,24,0,0,0,NORMAL,0,3,1,6,91,204,0,204,0,0,0,0,0,0,0
157582,18,bully,3281,1,23,1823440,204,0,1224,0,1,18,154301,3281,0,24,0,0,0,LEADER,1,4,1,24,23,204,0,0,0,0,0,0,0,0,0
157566,1,bully,3265,1,23,1823072,204,410,1224,2460,1,1,154301,3265,0,24,0,0,0,LEADER,1,4,1,7,23,204,0,410,0,0,0,0,0,0,0
157855,30,bully,3556,1,23,1829746,204,0,1224,0,1,30,154299,3556,0,24,0,0,0,LEADER,1,4,1,36,23,204,0,0,0,0,0,0,0,0,0
157570,32,bully,3271,1,23,1823192,204,0,1224,0,1,32,154299,3271,0,24,0,0,0,LEADER,1,4,1,38,23,204,0,0,0,0,0,0,0,0,0
157891,10,bully,3592,1,23,1830573,204,205,1224,1230,1,1,154299,3592,0,24,0,0,0,NORMAL,0,3,1,7,47,204,0,205,0,0,0,0,0,0,0
157484,13,bully,3183,1,23,1821186,204,197,1224,1182,1,1,154301,3183,0,24,0,0,0,NORMAL,0,3,1,6,72,204,0,197,0,0,0,0,0,0,0
157584,43,bully,3283,1,23,1823486,204,0,1224,0,1,43,154301,3283,0,24,0,0,0,LEADER,1,4,1,49,23,204,0,0,0,0,0,0,0,0,0
157757,24,bully,3456,1,23,1827465,204,0,1224,0,1,24,154301,3456,0,24,0,0,0,LEADER,1,4,1,30,23,204,0,0,0,0,0,0,0,0,0
157823,27,bully,3522,1,23,1828983,204,0,1224,0,1,27,154301,3522,0,24,0,0,0,LEADER,1,4,1,33,23,204,0,0,0,0,0,0,0,0,0
157890,47,bully,3589,1,23,1830524,204,0,1224,0,1,47,154301,3589,0,24,0,0,0,LEADER,1,4,1,53,23,204,0,0,0,0,0,0,0,0,0
157654,20,bully,3353,1,23,1825096,204,0,1224,0,1,20,154301,3353,0,24,0,0,0,LEADER,1,4,1,26,23,204,0,0,0,0,0,0,0,0,0
157720,40,bully,3419,1,23,1826614,204,0,1224,0,1,40,154301,3419,0,24,0,0,0,LEADER,1,4,1,46,23,204,0,0,0,0,0,0,0,0,0
159511,19,bully,2910,1,23,1814873,207,0,1242,0,1,19,156601,2910,0,24,0,0,0,LEADER,1,4,1,28,23,207,0,0,0,0,0,0,0,0,0
159548,29,bully,2944,1,23,1815689,207,0,1242,0,1,29,156604,2944,0,24,0,0,0,LEADER,1,4,1,38,23,207,0,0,0,0,0,0,0,0,0
159300,2,bully,2707,1,23,1810096,207,411,1242,2466,1,1,156593,2707,0,24,0,0,0,NORMAL,0,3,1,9,60,207,0,411,0,0,0,0,0,0,0
159717,36,bully,3113,1,23,1819576,207,0,1242,0,1,36,156604,3113,0,24,0,0,0,LEADER,1,4,1,45,23,207,0,0,0,0,0,0,0,0,0
159433,31,bully,2829,1,23,1813044,207,0,1242,0,1,31,156604,2829,0,24,0,0,0,LEADER,1,4,1,40,23,207,0,0,0,0,0,0,0,0,0
159772,45,bully,3168,1,23,1820841,207,0,1242,0,1,45,156604,3168,0,24,0,0,0,LEADER,1,4,1,54,23,207,0,0,0,0,0,0,0,0,0
159366,11,bully,2762,1,23,1811503,207,206,1242,1236,1,1,156604,2762,0,24,0,0,0,NORMAL,0,3,1,9,71,207,0,206,0,0,0,0,0,0,0
159466,41,bully,2862,1,23,1813803,207,0,1242,0,1,41,156604,2862,0,24,0,0,0,LEADER,1,4,1,50,23,207,0,0,0,0,0,0,0,0,0
159684,26,bully,3080,1,23,1818817,207,0,1242,0,1,26,156604,3080,0,24,0,0,0,LEADER,1,4,1,35,23,207,0,0,0,0,0,0,0,0,0
159458,4,bully,2854,1,23,1813619,207,400,1242,2400,1,1,156604,2854,0,24,0,0,0,NORMAL,0,3,1,9,73,207,0,400,0,0,0,0,0,0,0
159617,6,bully,3013,1,23,1817276,207,412,1242,2472,2,1,156604,3013,0,24,0,0,0,NORMAL,0,3,1,9,73,207,0,412,0,0,0,0,0,0,0
159341,12,bully,2740,1,23,1810960,207,207,1242,1242,1,1,156601,2740,0,24,0,0,0,NORMAL,0,3,1,10,82,207,0,207,0,0,0,0,0,0,0
159481,9,bully,2877,1,23,1814148,207,206,1242,1236,1,1,156604,2877,0,24,0,0,0,NORMAL,0,3,1,9,69,207,0,206,0,0,0,0,0,0,0
159636,48,bully,3032,1,23,1817713,207,0,1242,0,1,48,156604,3032,0,24,0,0,0,LEADER,1,4,1,57,23,207,0,0,0,0,0,0,0,0,0
159330,44,bully,2726,1,23,1810675,207,0,1242,0,1,44,156604,2726,0,24,0,0,0,LEADER,1,4,1,53,23,207,0,0,0,0,0,0,0,0,0
160038,8,bully,3434,1,23,1826959,207,206,1242,1236,2,1,156604,3434,0,24,0,0,0,NORMAL,0,3,1,9,75,207,0,206,0,0,0,0,0,0,0
159376,22,bully,2774,1,23,1811770,207,0,1242,0,1,22,156602,2774,0,24,0,0,0,LEADER,1,4,1,31,23,207,0,0,0,0,0,0,0,0,0
160045,39,bully,3441,1,23,1827120,207,0,1242,0,1,39,156604,3441,0,24,0,0,0,LEADER,1,4,1,48,23,207,0,0,0,0,0,0,0,0,0
159399,21,bully,2795,1,23,1812262,207,0,1242,0,1,21,156604,2795,0,24,0,0,0,LEADER,1,4,1,30,23,207,0,0,0,0,0,0,0,0,0
159754,3,bully,3150,1,23,1820427,207,416,1242,2496,1,1,156604,3150,0,24,0,0,0,NORMAL,0,3,1,9,70,207,0,416,0,0,0,0,0,0,0
160175,5,bully,3571,1,23,1830110,207,414,1242,2484,1,1,156604,3571,0,24,0,0,0,NORMAL,0,3,1,9,73,207,0,414,0,0,0,0,0,0,0
159598,38,bully,2998,1,23,1816894,207,0,1242,0,1,38,156600,2998,0,24,0,0,0,LEADER,1,4,1,47,23,207,0,0,0,0,0,0,0,0,0
159820,23,bully,3216,1,23,1821945,207,0,1242,0,1,23,156604,3216,0,24,0,0,0,LEADER,1,4,1,32,23,207,0,0,0,0,0,0,0,0,0
159648,16,bully,3047,1,23,1818015,207,208,1242,1248,2,1,156601,3047,0,24,0,0,0,NORMAL,0,3,1,9,94,207,0,208,0,0,0,0,0,0,0
159536,25,bully,2932,1,23,1815413,207,0,1242,0,1,25,156604,2932,0,24,0,0,0,LEADER,1,4,1,34,23,207,0,0,0,0,0,0,0,0,0
159850,33,bully,3250,1,23,1822707,207,0,1242,0,1,33,156600,3250,0,24,0,0,0,LEADER,1,4,1,42,23,207,0,0,0,0,0,0,0,0,0
159822,37,bully,3218,1,23,1821991,207,0,1242,0,1,37,156604,3218,0,24,0,0,0,LEADER,1,4,1,46,23,207,0,0,0,0,0,0,0,0,0
160077,49,bully,3474,1,23,1827877,207,0,1242,0,1,49,156603,3474,0,24,0,0,0,LEADER,1,4,1,58,23,207,0,0,0,0,0,0,0,0,0
159739,35,bully,3135,1,23,1820082,207,0,1242,0,1,35,156604,3135,0,24,0,0,0,LEADER,1,4,1,44,23,207,0,0,0,0,0,0,0,0,0
160215,46,bully,3611,1,23,1831030,207,0,1242,0,1,46,156604,3611,0,24,0,0,0,LEADER,1,4,1,55,23,207,0,0,0,0,0,0,0,0,0
160093,17,bully,3489,1,23,1828224,207,0,1242,0,1,17,156604,3489,0,24,0,0,0,LEADER,1,4,1,26,23,207,0,0,0,0,0,0,0,0,0
160230,14,bully,3626,1,23,1831375,207,207,1242,1242,2,1,156604,3626,0,24,0,0,0,NORMAL,0,3,1,9,74,207,0,207,0,0,0,0,0,0,0
160296,34,bully,3692,1,23,1832893,207,0,1242,0,1,34,156604,3692,0,24,0,0,0,LEADER,1,4,1,43,23,207,0,0,0,0,0,0,0,0,0
159904,42,bully,3304,1,23,1823895,207,0,1242,0,1,42,156600,3304,0,24,0,0,0,LEADER,1,4,1,51,23,207,0,0,0,0,0,0,0,0,0
160057,50,bully,3453,1,23,1827396,207,0,1242,0,1,50,156604,3453,0,24,0,0,0,LEADER,1,4,1,59,23,207,0,0,0,0,0,0,0,0,0
159569,28,bully,2965,1,23,1816172,207,0,1242,0,1,28,156604,2965,0,24,0,0,0,LEADER,1,4,1,37,23,207,0,0,0,0,0,0,0,0,0
159764,7,bully,3160,1,23,1820657,207,414,1242,2484,2,1,156604,3160,0,24,0,0,0,NORMAL,0,3,1,9,74,207,0,414,0,0,0,0,0,0,0
160206,15,bully,3603,1,23,1830845,207,207,1242,1242,2,1,156603,3603,0,24,0,0,0,NORMAL,0,3,1,9,91,207,0,207,0,0,0,0,0,0,0
159885,18,bully,3281,1,23,1823440,207,0,1242,0,1,18,156604,3281,0,24,0,0,0,LEADER,1,4,1,27,23,207,0,0,0,0,0,0,0,0,0
159869,1,bully,3265,1,23,1823072,207,416,1242,2496,1,1,156604,3265,0,24,0,0,0,LEADER,1,4,1,10,23,207,0,416,0,0,0,0,0,0,0
160158,30,bully,3556,1,23,1829746,207,0,1242,0,1,30,156602,3556,0,24,0,0,0,LEADER,1,4,1,39,23,207,0,0,0,0,0,0,0,0,0
159873,32,bully,3271,1,23,1823192,207,0,1242,0,1,32,156602,3271,0,24,0,0,0,LEADER,1,4,1,41,23,207,0,0,0,0,0,0,0,0,0
160194,10,bully,3592,1,23,1830573,207,208,1242,1248,1,1,156602,3592,0,24,0,0,0,NORMAL,0,3,1,10,47,207,0,208,0,0,0,0,0,0,0
159787,13,bully,3183,1,23,1821186,207,200,1242,1200,1,1,156604,3183,0,24,0,0,0,NORMAL,0,3,1,9,72,207,0,200,0,0,0,0,0,0,0
159887,43,bully,3283,1,23,1823486,207,0,1242,0,1,43,156604,3283,0,24,0,0,0,LEADER,1,4,1,52,23,207,0,0,0,0,0,0,0,0,0
160060,24,bully,3456,1,23,1827465,207,0,1242,0,1,24,156604,3456,0,24,0,0,0,LEADER,1,4,1,33,23,207,0,0,0,0,0,0,0,0,0
160126,27,bully,3522,1,23,1828983,207,0,1242,0,1,27,156604,3522,0,24,0,0,0,LEADER,1,4,1,36,23,207,0,0,0,0,0,0,0,0,0
160193,47,bully,3589,1,23,1830524,207,0,1242,0,1,47,156604,3589,0,24,0,0,0,LEADER,1,4,1,56,23,207,0,0,0,0,0,0,0,0,0
159957,20,bully,3353,1,23,1825096,207,0,1242,0,1,20,156604,3353,0,24,0,0,0,LEADER,1,4,1,29,23,207,0,0,0,0,0,0,0,0,0
160023,40,bully,3419,1,23,1826614,207,0,1242,0,1,40,156604,3419,0,24,0,0,0,LEADER,1,4,1,49,23,207,0,0,0,0,0,0,0,0,0
161814,19,bully,2910,1,24,1976687,210,0,1260,0,1,19,158904,2910,0,25,0,0,0,LEADER,1,4,1,22,24,210,0,0,0,0,0,0,0,0,0
161851,29,bully,2944,1,24,1977540,210,0,1260,0,1,29,158907,2944,0,25,0,0,0,LEADER,1,4,1,32,24,210,0,0,0,0,0,0,0,0,0
161603,2,bully,2707,1,24,1971699,210,418,1260,2508,1,1,158896,2707,0,25,0,0,0,NORMAL,0,3,2,4,62,210,0,418,0,0,0,0,0,0,0
162020,36,bully,3113,1,24,1981596,210,0,1260,0,1,36,158907,3113,0,25,0,0,0,LEADER,1,4,1,39,24,210,0,0,0,0,0,0,0,0,0
161736,31,bully,2829,1,24,1974780,210,0,1260,0,1,31,158907,2829,0,25,0,0,0,LEADER,1,4,1,34,24,210,0,0,0,0,0,0,0,0,0
162075,45,bully,3168,1,24,1982916,210,0,1260,0,1,45,158907,3168,0,25,0,0,0,LEADER,1,4,1,48,24,210,0,0,0,0,0,0,0,0,0
161669,11,bully,2762,1,24,1973172,210,209,1260,1254,1,1,158907,2762,0,25,0,0,0,NORMAL,0,3,2,3,74,210,0,209,0,0,0,0,0,0,0
161769,41,bully,2862,1,24,1975572,210,0,1260,0,1,41,158907,2862,0,25,0,0,0,LEADER,1,4,1,44,24,210,0,0,0,0,0,0,0,0,0
161987,26,bully,3080,1,24,1980804,210,0,1260,0,1,26,158907,3080,0,25,0,0,0,LEADER,1,4,1,29,24,210,0,0,0,0,0,0,0,0,0
161761,4,bully,2854,1,24,1975380,210,406,1260,2436,1,1,158907,2854,0,25,0,0,0,NORMAL,0,3,2,3,76,210,0,406,0,0,0,0,0,0,0
161920,6,bully,3013,1,24,1979196,210,418,1260,2508,2,1,158907,3013,0,25,0,0,0,NORMAL,0,3,2,3,76,210,0,418,0,0,0,0,0,0,0
161644,12,bully,2740,1,24,1972604,210,210,1260,1260,1,1,158904,2740,0,25,0,0,0,NORMAL,0,3,2,2,86,210,0,210,0,0,0,0,0,0,0
161784,9,bully,2877,1,24,1975932,210,209,1260,1254,1,1,158907,2877,0,25,0,0,0,NORMAL,0,3,2,3,72,210,0,209,0,0,0,0,0,0,0
161939,48,bully,3032,1,24,1979652,210,0,1260,0,1,48,158907,3032,0,25,0,0,0,LEADER,1,4,1,51,24,210,0,0,0,0,0,0,0,0,0
161633,44,bully,2726,1,24,1972308,210,0,1260,0,1,44,158907,2726,0,25,0,0,0,LEADER,1,4,1,47,24,210,0,0,0,0,0,0,0,0,0
162341,8,bully,3434,1,24,1989300,210,209,1260,1254,2,1,158907,3434,0,25,0,0,0,NORMAL,0,3,2,3,78,210,0,209,0,0,0,0,0,0,0
161679,22,bully,2774,1,24,1973449,210,0,1260,0,1,22,158905,2774,0,25,0,0,0,LEADER,1,4,1,25,24,210,0,0,0,0,0,0,0,0,0
162348,39,bully,3441,1,24,1989468,210,0,1260,0,1,39,158907,3441,0,25,0,0,0,LEADER,1,4,1,42,24,210,0,0,0,0,0,0,0,0,0
161702,21,bully,2795,1,24,1973964,210,0,1260,0,1,21,158907,2795,0,25,0,0,0,LEADER,1,4,1,24,24,210,0,0,0,0,0,0,0,0,0
162057,3,bully,3150,1,24,1982484,210,422,1260,2532,1,1,158907,3150,0,25,0,0,0,NORMAL,0,3,2,3,73,210,0,422,0,0,0,0,0,0,0
162478,5,bully,3571,1,24,1992588,210,420,1260,2520,1,1,158907,3571,0,25,0,0,0,NORMAL,0,3,2,3,76,210,0,420,0,0,0,0,0,0,0
161901,38,bully,2998,1,24,1978795,210,0,1260,0,1,38,158903,2998,0,25,0,0,0,LEADER,1,4,1,41,24,210,0,0,0,0,0,0,0,0,0
162123,23,bully,3216,1,24,1984068,210,0,1260,0,1,23,158907,3216,0,25,0,0,0,LEADER,1,4,1,26,24,210,0,0,0,0,0,0,0,0,0
161951,16,bully,3047,1,24,1979966,210,210,1260,1260,2,1,158904,3047,0,25,0,0,0,NORMAL,0,3,2,3,97,210,0,210,0,0,0,0,0,0,0
161839,25,bully,2932,1,24,1977252,210,0,1260,0,1,25,158907,2932,0,25,0,0,0,LEADER,1,4,1,28,24,210,0,0,0,0,0,0,0,0,0
162153,33,bully,3250,1,24,1984860,210,0,1260,0,1,33,158903,3250,0,25,0,0,0,LEADER,1,4,1,36,24,210,0,0,0,0,0,0,0,0,0
162125,37,bully,3218,1,24,1984116,210,0,1260,0,1,37,158907,3218,0,25,0,0,0,LEADER,1,4,1,40,24,210,0,0,0,0,0,0,0,0,0
162380,49,bully,3474,1,24,1990257,210,0,1260,0,1,49,158906,3474,0,25,0,0,0,LEADER,1,4,1,52,24,210,0,0,0,0,0,0,0,0,0
162042,35,bully,3135,1,24,1982124,210,0,1260,0,1,35,158907,3135,0,25,0,0,0,LEADER,1,4,1,38,24,210,0,0,0,0,0,0,0,0,0
162518,46,bully,3611,1,24,1993548,210,0,1260,0,1,46,158907,3611,0,25,0,0,0,LEADER,1,4,1,49,24,210,0,0,0,0,0,0,0,0,0
162396,17,bully,3489,1,24,1990620,210,0,1260,0,1,17,158907,3489,0,25,0,0,0,LEADER,1,4,1,20,24,210,0,0,0,0,0,0,0,0,0
162533,14,bully,3626,1,24,1993908,210,210,1260,1260,2,1,158907,3626,0,25,0,0,0,NORMAL,0,3,2,3,77,210,0,210,0,0,0,0,0,0,0
162599,34,bully,3692,1,24,1995492,210,0,1260,0,1,34,158907,3692,0,25,0,0,0,LEADER,1,4,1,37,24,210,0,0,0,0,0,0,0,0,0
162207,42,bully,3304,1,24,1986102,210,0,1260,0,1,42,158903,3304,0,25,0,0,0,LEADER,1,4,1,45,24,210,0,0,0,0,0,0,0,0,0
162360,50,bully,3453,1,24,1989756,210,0,1260,0,1,50,158907,3453,0,25,0,0,0,LEADER,1,4,1,53,24,210,0,0,0,0,0,0,0,0,0
161872,28,bully,2965,1,24,1978044,210,0,1260,0,1,28,158907,2965,0,25,0,0,0,LEADER,1,4,1,31,24,210,0,0,0,0,0,0,0,0,0
162067,7,bully,3160,1,24,1982724,210,420,1260,2520,2,1,158907,3160,0,25,0,0,0,NORMAL,0,3,2,3,77,210,0,420,0,0,0,0,0,0,0
162509,15,bully,3603,1,24,1993354,210,211,1260,1266,2,1,158906,3603,0,25,0,0,0,NORMAL,0,3,2,3,95,210,0,211,0,0,0,0,0,0,0
162188,18,bully,3281,1,24,1985628,210,0,1260,0,1,18,158907,3281,0,25,0,0,0,LEADER,1,4,1,21,24,210,0,0,0,0,0,0,0,0,0
162172,1,bully,3265,1,24,1985244,210,422,1260,2532,1,1,158907,3265,0,25,0,0,0,LEADER,1,4,1,4,24,210,0,422,0,0,0,0,0,0,0
162461,30,bully,3556,1,24,1992207,210,0,1260,0,1,30,158905,3556,0,25,0,0,0,LEADER,1,4,1,33,24,210,0,0,0,0,0,0,0,0,0
162176,32,bully,3271,1,24,1985368,210,0,1260,0,1,32,158905,3271,0,25,0,0,0,LEADER,1,4,1,35,24,210,0,0,0,0,0,0,0,0,0
162497,10,bully,3592,1,24,1993070,210,211,1260,1266,1,1,158905,3592,0,25,0,0,0,NORMAL,0,3,2,4,49,210,0,211,0,0,0,0,0,0,0
162090,13,bully,3183,1,24,1983276,210,203,1260,1218,1,1,158907,3183,0,25,0,0,0,NORMAL,0,3,2,3,75,210,0,203,0,0,0,0,0,0,0
162190,43,bully,3283,1,24,1985676,210,0,1260,0,1,43,158907,3283,0,25,0,0,0,LEADER,1,4,1,46,24,210,0,0,0,0,0,0,0,0,0
162363,24,bully,3456,1,24,1989828,210,0,1260,0,1,24,158907,3456,0,25,0,0,0,LEADER,1,4,1,27,24,210,0,0,0,0,0,0,0,0,0
162429,27,bully,3522,1,24,1991412,210,0,1260,0,1,27,158907,3522,0,25,0,0,0,LEADER,1,4,1,30,24,210,0,0,0,0,0,0,0,0,0
162496,47,bully,3589,1,24,1993020,210,0,1260,0,1,47,158907,3589,0,25,0,0,0,LEADER,1,4,1,50,24,210,0,0,0,0,0,0,0,0,0
162260,20,bully,3353,1,24,1987356,210,0,1260,0,1,20,158907,3353,0,25,0,0,0,LEADER,1,4,1,23,24,210,0,0,0,0,0,0,0,0,0
162326,40,bully,3419,1,24,1988940,210,0,1260,0,1,40,158907,3419,0,25,0,0,0,LEADER,1,4,1,43,24,210,0,0,0,0,0,0,0,0,0
164117,19,bully,2910,1,24,1976687,213,0,1278,0,1,19,161207,2910,0,25,0,0,0,LEADER,1,4,1,25,24,213,0,0,0,0,0,0,0,0,0
164154,29,bully,2944,1,24,1977540,213,0,1278,0,1,29,161210,2944,0,25,0,0,0,LEADER,1,4,1,35,24,213,0,0,0,0,0,0,0,0,0
163906,2,bully,2707,1,24,1971699,213,424,1278,2544,1,1,161199,2707,0,25,0,0,0,NORMAL,0,3,1,7,62,213,0,424,0,0,0,0,0,0,0
164323,36,bully,3113,1,24,1981596,213,0,1278,0,1,36,161210,3113,0,25,0,0,0,LEADER,1,4,1,42,24,213,0,0,0,0,0,0,0,0,0
164039,31,bully,2829,1,24,1974780,213,0,1278,0,1,31,161210,2829,0,25,0,0,0,LEADER,1,4,1,37,24,213,0,0,0,0,0,0,0,0,0
164378,45,bully,3168,1,24,1982916,213,0,1278,0,1,45,161210,3168,0,25,0,0,0,LEADER,1,4,1,51,24,213,0,0,0,0,0,0,0,0,0
163972,11,bully,2762,1,24,1973172,213,212,1278,1272,1,1,161210,2762,0,25,0,0,0,NORMAL,0,3,1,6,74,213,0,212,0,0,0,0,0,0,0
164072,41,bully,2862,1,24,1975572,213,0,1278,0,1,41,161210,2862,0,25,0,0,0,LEADER,1,4,1,47,24,213,0,0,0,0,0,0,0,0,0
164290,26,bully,3080,1,24,1980804,213,0,1278,0,1,26,161210,3080,0,25,0,0,0,LEADER,1,4,1,32,24,213,0,0,0,0,0,0,0,0,0
164064,4,bully,2854,1,24,1975380,213,412,1278,2472,1,1,161210,2854,0,25,0,0,0,NORMAL,0,3,1,6,76,213,0,412,0,0,0,0,0,0,0
164223,6,bully,3013,1,24,1979196,213,424,1278,2544,2,1,161210,3013,0,25,0,0,0,NORMAL,0,3,1,6,76,213,0,424,0,0,0,0,0,0,0
163947,12,bully,2740,1,24,1972604,213,213,1278,1278,1,1,161207,2740,0,25,0,0,0,NORMAL,0,3,1,5,86,213,0,213,0,0,0,0,0,0,0
164087,9,bully,2877,1,24,1975932,213,212,1278,1272,1,1,161210,2877,0,25,0,0,0,NORMAL,0,3,1,6,72,213,0,212,0,0,0,0,0,0,0
164242,48,bully,3032,1,24,1979652,213,0,1278,0,1,48,161210,3032,0,25,0,0,0,LEADER,1,4,1,54,24,213,0,0,0,0,0,0,0,0,0
163936,44,bully,2726,1,24,1972308,213,0,1278,0,1,44,161210,2726,0,25,0,0,0,LEADER,1,4,1,50,24,213,0,0,0,0,0,0,0,0,0
164644,8,bully,3434,1,24,1989300,213,212,1278,1272,2,1,161210,3434,0,25,0,0,0,NORMAL,0,3,1,6,78,213,0,212,0,0,0,0,0,0,0
163982,22,bully,2774,1,24,1973449,213,0,1278,0,1,22,161208,2774,0,25,0,0,0,LEADER,1,4,1,28,24,213,0,0,0,0,0,0,0,0,0
164651,39,bully,3441,1,24,1989468,213,0,1278,0,1,39,161210,3441,0,25,0,0,0,LEADER,1,4,1,45,24,213,0,0,0,0,0,0,0,0,0
164005,21,bully,2795,1,24,1973964,213,0,1278,0,1,21,161210,2795,0,25,0,0,0,LEADER,1,4,1,27,24,213,0,0,0,0,0,0,0,0,0
164360,3,bully,3150,1,24,1982484,213,428,1278,2568,1,1,161210,3150,0,25,0,0,0,NORMAL,0,3,1,6,73,213,0,428,0,0,0,0,0,0,0
164781,5,bully,3571,1,24,1992588,213,426,1278,2556,1,1,161210,3571,0,25,0,0,0,NORMAL,0,3,1,6,76,213,0,426,0,0,0,0,0,0,0
164204,38,bully,2998,1,24,1978795,213,0,1278,0,1,38,161206,2998,0,25,0,0,0,LEADER,1,4,1,44,24,213,0,0,0,0,0,0,0,0,0
164426,23,bully,3216,1,24,1984068,213,0,1278,0,1,23,161210,3216,0,25,0,0,0,LEADER,1,4,1,29,24,213,0,0,0,0,0,0,0,0,0
164254,16,bully,3047,1,24,1979966,213,213,1278,1278,2,1,161207,3047,0,25,0,0,0,NORMAL,0,3,1,6,97,213,0,213,0,0,0,0,0,0,0
164142,25,bully,2932,1,24,1977252,213,0,1278,0,1,25,161210,2932,0,25,0,0,0,LEADER,1,4,1,31,24,213,0,0,0,0,0,0,0,0,0
164456,33,bully,3250,1,24,1984860,213,0,1278,0,1,33,161206,3250,0,25,0,0,0,LEADER,1,4,1,39,24,213,0,0,0,0,0,0,0,0,0
164428,37,bully,3218,1,24,1984116,213,0,1278,0,1,37,161210,3218,0,25,0,0,0,LEADER,1,4,1,43,24,213,0,0,0,0,0,0,0,0,0
164683,49,bully,3474,1,24,1990257,213,0,1278,0,1,49,161209,3474,0,25,0,0,0,LEADER,1,4,1,55,24,213,0,0,0,0,0,0,0,0,0
164345,35,bully,3135,1,24,1982124,213,0,1278,0,1,35,161210,3135,0,25,0,0,0,LEADER,1,4,1,41,24,213,0,0,0,0,0,0,0,0,0
164821,46,bully,3611,1,24,1993548,213,0,1278,0,1,46,161210,3611,0,25,0,0,0,LEADER,1,4,1,52,24,213,0,0,0,0,0,0,0,0,0
164699,17,bully,3489,1,24,1990620,213,0,1278,0,1,17,161210,3489,0,25,0,0,0,LEADER,1,4,1,23,24,213,0,0,0,0,0,0,0,0,0
164836,14,bully,3626,1,24,1993908,213,213,1278,1278,2,1,161210,3626,0,25,0,0,0,NORMAL,0,3,1,6,77,213,0,213,0,0,0,0,0,0,0
164902,34,bully,3692,1,24,1995492,213,0,1278,0,1,34,161210,3692,0,25,0,0,0,LEADER,1,4,1,40,24,213,0,0,0,0,0,0,0,0,0
164510,42,bully,3304,1,24,1986102,213,0,1278,0,1,42,161206,3304,0,25,0,0,0,LEADER,1,4,1,48,24,213,0,0,0,0,0,0,0,0,0
164663,50,bully,3453,1,24,1989756,213,0,1278,0,1,50,161210,3453,0,25,0,0,0,LEADER,1,4,1,56,24,213,0,0,0,0,0,0,0,0,0
164175,28,bully,2965,1,24,1978044,213,0,1278,0,1,28,161210,2965,0,25,0,0,0,LEADER,1,4,1,34,24,213,0,0,0,0,0,0,0,0,0
164370,7,bully,3160,1,24,1982724,213,426,1278,2556,2,1,161210,3160,0,25,0,0,0,NORMAL,0,3,1,6,77,213,0,426,0,0,0,0,0,0,0
164812,15,bully,3603,1,24,1993354,213,213,1278,1278,2,1,161209,3603,0,25,0,0,0,NORMAL,0,3,1,6,95,213,0,213,0,0,0,0,0,0,0
164491,18,bully,3281,1,24,1985628,213,0,1278,0,1,18,161210,3281,0,25,0,0,0,LEADER,1,4,1,24,24,213,0,0,0,0,0,0,0,0,0
164475,1,bully,3265,1,24,1985244,213,428,1278,2568,1,1,161210,3265,0,25,0,0,0,LEADER,1,4,1,7,24,213,0,428,0,0,0,0,0,0,0
164764,30,bully,3556,1,24,1992207,213,0,1278,0,1,30,161208,3556,0,25,0,0,0,LEADER,1,4,1,36,24,213,0,0,0,0,0,0,0,0,0
164479,32,bully,3271,1,24,1985368,213,0,1278,0,1,32,161208,3271,0,25,0,0,0,LEADER,1,4,1,38,24,213,0,0,0,0,0,0,0,0,0
164800,10,bully,3592,1,24,1993070,213,214,1278,1284,1,1,161208,3592,0,25,0,0,0,NORMAL,0,3,1,7,49,213,0,214,0,0,0,0,0,0,0
164393,13,bully,3183,1,24,1983276,213,206,1278,1236,1,1,161210,3183,0,25,0,0,0,NORMAL,0,3,1,6,75,213,0,206,0,0,0,0,0,0,0
164493,43,bully,3283,1,24,1985676,213,0,1278,0,1,43,161210,3283,0,25,0,0,0,LEADER,1,4,1,49,24,213,0,0,0,0,0,0,0,0,0
164666,24,bully,3456,1,24,1989828,213,0,1278,0,1,24,161210,3456,0,25,0,0,0,LEADER,1,4,1,30,24,213,0,0,0,0,0,0,0,0,0
164732,27,bully,3522,1,24,1991412,213,0,1278,0,1,27,161210,3522,0,25,0,0,0,LEADER,1,4,1,33,24,213,0,0,0,0,0,0,0,0,0
164799,47,bully,3589,1,24,1993020,213,0,1278,0,1,47,161210,3589,0,25,0,0,0,LEADER,1,4,1,53,24,213,0,0,0,0,0,0,0,0,0
164563,20,bully,3353,1,24,1987356,213,0,1278,0,1,20,161210,3353,0,25,0,0,0,LEADER,1,4,1,26,24,213,0,0,0,0,0,0,0,0,0
164629,40,bully,3419,1,24,1988940,213,0,1278,0,1,40,161210,3419,0,25,0,0,0,LEADER,1,4,1,46,24,213,0,0,0,0,0,0,0,0,0
166420,19,bully,2910,1,24,1976687,216,0,1296,0,1,19,163510,2910,0,25,0,0,0,LEADER,1,4,1,28,24,216,0,0,0,0,0,0,0,0,0
166209,2,bully,2707,1,24,1971699,216,429,1296,2574,1,1,163502,2707,0,25,0,0,0,NORMAL,0,3,1,10,62,216,0,429,0,0,0,0,0,0,0
166457,29,bully,2944,1,24,1977540,216,0,1296,0,1,29,163513,2944,0,25,0,0,0,LEADER,1,4,1,38,24,216,0,0,0,0,0,0,0,0,0
166626,36,bully,3113,1,24,1981596,216,0,1296,0,1,36,163513,3113,0,25,0,0,0,LEADER,1,4,1,45,24,216,0,0,0,0,0,0,0,0,0
166342,31,bully,2829,1,24,1974780,216,0,1296,0,1,31,163513,2829,0,25,0,0,0,LEADER,1,4,1,40,24,216,0,0,0,0,0,0,0,0,0
166681,45,bully,3168,1,24,1982916,216,0,1296,0,1,45,163513,3168,0,25,0,0,0,LEADER,1,4,1,54,24,216,0,0,0,0,0,0,0,0,0
166275,11,bully,2762,1,24,1973172,216,215,1296,1290,1,1,163513,2762,0,25,0,0,0,NORMAL,0,3,1,9,74,216,0,215,0,0,0,0,0,0,0
166375,41,bully,2862,1,24,1975572,216,0,1296,0,1,41,163513,2862,0,25,0,0,0,LEADER,1,4,1,50,24,216,0,0,0,0,0,0,0,0,0
166593,26,bully,3080,1,24,1980804,216,0,1296,0,1,26,163513,3080,0,25,0,0,0,LEADER,1,4,1,35,24,216,0,0,0,0,0,0,0,0,0
166367,4,bully,2854,1,24,1975380,216,418,1296,2508,1,1,163513,2854,0,25,0,0,0,NORMAL,0,3,1,9,76,216,0,418,0,0,0,0,0,0,0
166526,6,bully,3013,1,24,1979196,216,430,1296,2580,2,1,163513,3013,0,25,0,0,0,NORMAL,0,3,1,9,76,216,0,430,0,0,0,0,0,0,0
166250,12,bully,2740,1,24,1972604,216,216,1296,1296,1,1,163510,2740,0,25,0,0,0,NORMAL,0,3,1,8,86,216,0,216,0,0,0,0,0,0,0
166390,9,bully,2877,1,24,1975932,216,215,1296,1290,1,1,163513,2877,0,25,0,0,0,NORMAL,0,3,1,9,72,216,0,215,0,0,0,0,0,0,0
166545,48,bully,3032,1,24,1979652,216,0,1296,0,1,48,163513,3032,0,25,0,0,0,LEADER,1,4,1,57,24,216,0,0,0,0,0,0,0,0,0
166239,44,bully,2726,1,24,1972308,216,0,1296,0,1,44,163513,2726,0,25,0,0,0,LEADER,1,4,1,53,24,216,0,0,0,0,0,0,0,0,0
166947,8,bully,3434,1,24,1989300,216,215,1296,1290,2,1,163513,3434,0,25,0,0,0,NORMAL,0,3,1,9,78,216,0,215,0,0,0,0,0,0,0
166285,22,bully,2774,1,24,1973449,216,0,1296,0,1,22,163511,2774,0,25,0,0,0,LEADER,1,4,1,31,24,216,0,0,0,0,0,0,0,0,0
166954,39,bully,3441,1,24,1989468,216,0,1296,0,1,39,163513,3441,0,25,0,0,0,LEADER,1,4,1,48,24,216,0,0,0,0,0,0,0,0,0
166308,21,bully,2795,1,24,1973964,216,0,1296,0,1,21,163513,2795,0,25,0,0,0,LEADER,1,4,1,30,24,216,0,0,0,0,0,0,0,0,0
166663,3,bully,3150,1,24,1982484,216,434,1296,2604,1,1,163513,3150,0,25,0,0,0,NORMAL,0,3,1,9,73,216,0,434,0,0,0,0,0,0,0
167084,5,bully,3571,1,24,1992588,216,432,1296,2592,1,1,163513,3571,0,25,0,0,0,NORMAL,0,3,1,9,76,216,0,432,0,0,0,0,0,0,0
166507,38,bully,2998,1,24,1978795,216,0,1296,0,1,38,163509,2998,0,25,0,0,0,LEADER,1,4,1,47,24,216,0,0,0,0,0,0,0,0,0
166729,23,bully,3216,1,24,1984068,216,0,1296,0,1,23,163513,3216,0,25,0,0,0,LEADER,1,4,1,32,24,216,0,0,0,0,0,0,0,0,0
166557,16,bully,3047,1,24,1979966,216,216,1296,1296,2,1,163510,3047,0,25,0,0,0,NORMAL,0,3,1,9,97,216,0,216,0,0,0,0,0,0,0
166445,25,bully,2932,1,24,1977252,216,0,1296,0,1,25,163513,2932,0,25,0,0,0,LEADER,1,4,1,34,24,216,0,0,0,0,0,0,0,0,0
166759,33,bully,3250,1,24,1984860,216,0,1296,0,1,33,163509,3250,0,25,0,0,0,LEADER,1,4,1,42,24,216,0,0,0,0,0,0,0,0,0
166731,37,bully,3218,1,24,1984116,216,0,1296,0,1,37,163513,3218,0,25,0,0,0,LEADER,1,4,1,46,24,216,0,0,0,0,0,0,0,0,0
166986,49,bully,3474,1,24,1990257,216,0,1296,0,1,49,163512,3474,0,25,0,0,0,LEADER,1,4,1,58,24,216,0,0,0,0,0,0,0,0,0
166648,35,bully,3135,1,24,1982124,216,0,1296,0,1,35,163513,3135,0,25,0,0,0,LEADER,1,4,1,44,24,216,0,0,0,0,0,0,0,0,0
167124,46,bully,3611,1,24,1993548,216,0,1296,0,1,46,163513,3611,0,25,0,0,0,LEADER,1,4,1,55,24,216,0,0,0,0,0,0,0,0,0
167002,17,bully,3489,1,24,1990620,216,0,1296,0,1,17,163513,3489,0,25,0,0,0,LEADER,1,4,1,26,24,216,0,0,0,0,0,0,0,0,0
167139,14,bully,3626,1,24,1993908,216,216,1296,1296,2,1,163513,3626,0,25,0,0,0,NORMAL,0,3,1,9,77,216,0,216,0,0,0,0,0,0,0
167205,34,bully,3692,1,24,1995492,216,0,1296,0,1,34,163513,3692,0,25,0,0,0,LEADER,1,4,1,43,24,216,0,0,0,0,0,0,0,0,0
166813,42,bully,3304,1,24,1986102,216,0,1296,0,1,42,163509,3304,0,25,0,0,0,LEADER,1,4,1,51,24,216,0,0,0,0,0,0,0,0,0
166966,50,bully,3453,1,24,1989756,216,0,1296,0,1,50,163513,3453,0,25,0,0,0,LEADER,1,4,1,59,24,216,0,0,0,0,0,0,0,0,0
166478,28,bully,2965,1,24,1978044,216,0,1296,0,1,28,163513,2965,0,25,0,0,0,LEADER,1,4,1,37,24,216,0,0,0,0,0,0,0,0,0
166673,7,bully,3160,1,24,1982724,216,432,1296,2592,2,1,163513,3160,0,25,0,0,0,NORMAL,0,3,1,9,77,216,0,432,0,0,0,0,0,0,0
167114,15,bully,3603,1,24,1993354,216,216,1296,1296,2,1,163511,3603,0,25,0,0,0,NORMAL,0,3,1,9,95,216,0,216,0,0,0,0,0,0,0
166794,18,bully,3281,1,24,1985628,216,0,1296,0,1,18,163513,3281,0,25,0,0,0,LEADER,1,4,1,27,24,216,0,0,0,0,0,0,0,0,0
166778,1,bully,3265,1,24,1985244,216,434,1296,2604,1,1,163513,3265,0,25,0,0,0,LEADER,1,4,1,10,24,216,0,434,0,0,0,0,0,0,0
167067,30,bully,3556,1,24,1992207,216,0,1296,0,1,30,163511,3556,0,25,0,0,0,LEADER,1,4,1,39,24,216,0,0,0,0,0,0,0,0,0
166782,32,bully,3271,1,24,1985368,216,0,1296,0,1,32,163511,3271,0,25,0,0,0,LEADER,1,4,1,41,24,216,0,0,0,0,0,0,0,0,0
167103,10,bully,3592,1,24,1993070,216,217,1296,1302,1,1,163511,3592,0,25,0,0,0,NORMAL,0,3,1,10,49,216,0,217,0,0,0,0,0,0,0
166696,13,bully,3183,1,24,1983276,216,209,1296,1254,1,1,163513,3183,0,25,0,0,0,NORMAL,0,3,1,9,75,216,0,209,0,0,0,0,0,0,0
166796,43,bully,3283,1,24,1985676,216,0,1296,0,1,43,163513,3283,0,25,0,0,0,LEADER,1,4,1,52,24,216,0,0,0,0,0,0,0,0,0
166969,24,bully,3456,1,24,1989828,216,0,1296,0,1,24,163513,3456,0,25,0,0,0,LEADER,1,4,1,33,24,216,0,0,0,0,0,0,0,0,0
167035,27,bully,3522,1,24,1991412,216,0,1296,0,1,27,163513,3522,0,25,0,0,0,LEADER,1,4,1,36,24,216,0,0,0,0,0,0,0,0,0
167102,47,bully,3589,1,24,1993020,216,0,1296,0,1,47,163513,3589,0,25,0,0,0,LEADER,1,4,1,56,24,216,0,0,0,0,0,0,0,0,0
166866,20,bully,3353,1,24,1987356,216,0,1296,0,1,20,163513,3353,0,25,0,0,0,LEADER,1,4,1,29,24,216,0,0,0,0,0,0,0,0,0
166932,40,bully,3419,1,24,1988940,216,0,1296,0,1,40,163513,3419,0,25,0,0,0,LEADER,1,4,1,49,24,216,0,0,0,0,0,0,0,0,0
168723,19,bully,2910,1,25,2145410,219,0,1314,0,1,19,165813,2910,0,26,0,0,0,LEADER,1,4,1,22,25,219,0,0,0,0,0,0,0,0,0
168512,2,bully,2707,1,25,2140211,219,435,1314,2610,1,1,165805,2707,0,26,0,0,0,NORMAL,0,3,2,4,64,219,0,435,0,0,0,0,0,0,0
168760,29,bully,2944,1,25,2146300,219,0,1314,0,1,29,165816,2944,0,26,0,0,0,LEADER,1,4,1,32,25,219,0,0,0,0,0,0,0,0,0
168929,36,bully,3113,1,25,2150525,219,0,1314,0,1,36,165816,3113,0,26,0,0,0,LEADER,1,4,1,39,25,219,0,0,0,0,0,0,0,0,0
168645,31,bully,2829,1,25,2143425,219,0,1314,0,1,31,165816,2829,0,26,0,0,0,LEADER,1,4,1,34,25,219,0,0,0,0,0,0,0,0,0
168984,45,bully,3168,1,25,2151900,219,0,1314,0,1,45,165816,3168,0,26,0,0,0,LEADER,1,4,1,48,25,219,0,0,0,0,0,0,0,0,0
168578,11,bully,2762,1,25,2141750,219,218,1314,1308,1,1,165816,2762,0,26,0,0,0,NORMAL,0,3,2,3,77,219,0,218,0,0,0,0,0,0,0
168678,41,bully,2862,1,25,2144250,219,0,1314,0,1,41,165816,2862,0,26,0,0,0,LEADER,1,4,1,44,25,219,0,0,0,0,0,0,0,0,0
168896,26,bully,3080,1,25,2149700,219,0,1314,0,1,26,165816,3080,0,26,0,0,0,LEADER,1,4,1,29,25,219,0,0,0,0,0,0,0,0,0
168670,4,bully,2854,1,25,2144050,219,424,1314,2544,1,1,165816,2854,0,26,0,0,0,NORMAL,0,3,2,3,79,219,0,424,0,0,0,0,0,0,0
168829,6,bully,3013,1,25,2148025,219,436,1314,2616,2,1,165816,3013,0,26,0,0,0,NORMAL,0,3,2,3,79,219,0,436,0,0,0,0,0,0,0
168553,12,bully,2740,1,25,2141157,219,219,1314,1314,1,1,165813,2740,0,26,0,0,0,NORMAL,0,3,2,3,90,219,0,219,0,0,0,0,0,0,0
168693,9,bully,2877,1,25,2144625,219,218,1314,1308,1,1,165816,2877,0,26,0,0,0,NORMAL,0,3,2,3,75,219,0,218,0,0,0,0,0,0,0
168848,48,bully,3032,1,25,2148500,219,0,1314,0,1,48,165816,3032,0,26,0,0,0,LEADER,1,4,1,51,25,219,0,0,0,0,0,0,0,0,0
168542,44,bully,2726,1,25,2140850,219,0,1314,0,1,44,165816,2726,0,26,0,0,0,LEADER,1,4,1,47,25,219,0,0,0,0,0,0,0,0,0
169250,8,bully,3434,1,25,2158550,219,218,1314,1308,2,1,165816,3434,0,26,0,0,0,NORMAL,0,3,2,3,81,219,0,218,0,0,0,0,0,0,0
168588,22,bully,2774,1,25,2142037,219,0,1314,0,1,22,165814,2774,0,26,0,0,0,LEADER,1,4,1,25,25,219,0,0,0,0,0,0,0,0,0
169257,39,bully,3441,1,25,2158725,219,0,1314,0,1,39,165816,3441,0,26,0,0,0,LEADER,1,4,1,42,25,219,0,0,0,0,0,0,0,0,0
168611,21,bully,2795,1,25,2142575,219,0,1314,0,1,21,165816,2795,0,26,0,0,0,LEADER,1,4,1,24,25,219,0,0,0,0,0,0,0,0,0
168966,3,bully,3150,1,25,2151450,219,440,1314,2640,1,1,165816,3150,0,26,0,0,0,NORMAL,0,3,2,3,76,219,0,440,0,0,0,0,0,0,0
169387,5,bully,3571,1,25,2161975,219,438,1314,2628,1,1,165816,3571,0,26,0,0,0,NORMAL,0,3,2,3,79,219,0,438,0,0,0,0,0,0,0
168810,38,bully,2998,1,25,2147605,219,0,1314,0,1,38,165812,2998,0,26,0,0,0,LEADER,1,4,1,41,25,219,0,0,0,0,0,0,0,0,0
169032,23,bully,3216,1,25,2153100,219,0,1314,0,1,23,165816,3216,0,26,0,0,0,LEADER,1,4,1,26,25,219,0,0,0,0,0,0,0,0,0
168860,16,bully,3047,1,25,2148826,219,220,1314,1320,2,1,165813,3047,0,26,0,0,0,NORMAL,0,3,2,3,101,219,0,220,0,0,0,0,0,0,0
168748,25,bully,2932,1,25,2146000,219,0,1314,0,1,25,165816,2932,0,26,0,0,0,LEADER,1,4,1,28,25,219,0,0,0,0,0,0,0,0,0
169062,33,bully,3250,1,25,2153922,219,0,1314,0,1,33,165812,3250,0,26,0,0,0,LEADER,1,4,1,36,25,219,0,0,0,0,0,0,0,0,0
169034,37,bully,3218,1,25,2153150,219,0,1314,0,1,37,165816,3218,0,26,0,0,0,LEADER,1,4,1,40,25,219,0,0,0,0,0,0,0,0,0
169289,49,bully,3474,1,25,2159546,219,0,1314,0,1,49,165815,3474,0,26,0,0,0,LEADER,1,4,1,52,25,219,0,0,0,0,0,0,0,0,0
168951,35,bully,3135,1,25,2151075,219,0,1314,0,1,35,165816,3135,0,26,0,0,0,LEADER,1,4,1,38,25,219,0,0,0,0,0,0,0,0,0
169427,46,bully,3611,1,25,2162975,219,0,1314,0,1,46,165816,3611,0,26,0,0,0,LEADER,1,4,1,49,25,219,0,0,0,0,0,0,0,0,0
169305,17,bully,3489,1,25,2159925,219,0,1314,0,1,17,165816,3489,0,26,0,0,0,LEADER,1,4,1,20,25,219,0,0,0,0,0,0,0,0,0
169442,14,bully,3626,1,25,2163350,219,219,1314,1314,2,1,165816,3626,0,26,0,0,0,NORMAL,0,3,2,3,80,219,0,219,0,0,0,0,0,0,0
169508,34,bully,3692,1,25,2165000,219,0,1314,0,1,34,165816,3692,0,26,0,0,0,LEADER,1,4,1,37,25,219,0,0,0,0,0,0,0,0,0
169116,42,bully,3304,1,25,2155218,219,0,1314,0,1,42,165812,3304,0,26,0,0,0,LEADER,1,4,1,45,25,219,0,0,0,0,0,0,0,0,0
169269,50,bully,3453,1,25,2159025,219,0,1314,0,1,50,165816,3453,0,26,0,0,0,LEADER,1,4,1,53,25,219,0,0,0,0,0,0,0,0,0
168781,28,bully,2965,1,25,2146825,219,0,1314,0,1,28,165816,2965,0,26,0,0,0,LEADER,1,4,1,31,25,219,0,0,0,0,0,0,0,0,0
168976,7,bully,3160,1,25,2151700,219,438,1314,2628,2,1,165816,3160,0,26,0,0,0,NORMAL,0,3,2,3,80,219,0,438,0,0,0,0,0,0,0
169417,15,bully,3603,1,25,2162771,219,220,1314,1320,2,1,165814,3603,0,26,0,0,0,NORMAL,0,3,2,3,99,219,0,220,0,0,0,0,0,0,0
169097,18,bully,3281,1,25,2154725,219,0,1314,0,1,18,165816,3281,0,26,0,0,0,LEADER,1,4,1,21,25,219,0,0,0,0,0,0,0,0,0
169081,1,bully,3265,1,25,2154325,219,440,1314,2640,1,1,165816,3265,0,26,0,0,0,LEADER,1,4,1,4,25,219,0,440,0,0,0,0,0,0,0
169369,30,bully,3556,1,25,2161576,219,0,1314,0,1,30,165813,3556,0,26,0,0,0,LEADER,1,4,1,33,25,219,0,0,0,0,0,0,0,0,0
169085,32,bully,3271,1,25,2154453,219,0,1314,0,1,32,165814,3271,0,26,0,0,0,LEADER,1,4,1,35,25,219,0,0,0,0,0,0,0,0,0
169406,10,bully,3592,1,25,2162476,219,220,1314,1320,1,1,165814,3592,0,26,0,0,0,NORMAL,0,3,2,4,51,219,0,220,0,0,0,0,0,0,0
168999,13,bully,3183,1,25,2152275,219,212,1314,1272,1,1,165816,3183,0,26,0,0,0,NORMAL,0,3,2,3,78,219,0,212,0,0,0,0,0,0,0
169099,43,bully,3283,1,25,2154775,219,0,1314,0,1,43,165816,3283,0,26,0,0,0,LEADER,1,4,1,46,25,219,0,0,0,0,0,0,0,0,0
169272,24,bully,3456,1,25,2159100,219,0,1314,0,1,24,165816,3456,0,26,0,0,0,LEADER,1,4,1,27,25,219,0,0,0,0,0,0,0,0,0
169338,27,bully,3522,1,25,2160750,219,0,1314,0,1,27,165816,3522,0,26,0,0,0,LEADER,1,4,1,30,25,219,0,0,0,0,0,0,0,0,0
169405,47,bully,3589,1,25,2162425,219,0,1314,0,1,47,165816,3589,0,26,0,0,0,LEADER,1,4,1,50,25,219,0,0,0,0,0,0,0,0,0
169169,20,bully,3353,1,25,2156525,219,0,1314,0,1,20,165816,3353,0,26,0,0,0,LEADER,1,4,1,23,25,219,0,0,0,0,0,0,0,0,0
169235,40,bully,3419,1,25,2158175,219,0,1314,0,1,40,165816,3419,0,26,0,0,0,LEADER,1,4,1,43,25,219,0,0,0,0,0,0,0,0,0
171026,19,bully,2910,1,25,2145410,222,0,1332,0,1,19,168116,2910,0,26,0,0,0,LEADER,1,4,1,25,25,222,0,0,0,0,0,0,0,0,0
170815,2,bully,2707,1,25,2140211,222,441,1332,2646,1,1,168108,2707,0,26,0,0,0,NORMAL,0,3,1,7,64,222,0,441,0,0,0,0,0,0,0
171063,29,bully,2944,1,25,2146300,222,0,1332,0,1,29,168119,2944,0,26,0,0,0,LEADER,1,4,1,35,25,222,0,0,0,0,0,0,0,0,0
171232,36,bully,3113,1,25,2150525,222,0,1332,0,1,36,168119,3113,0,26,0,0,0,LEADER,1,4,1,42,25,222,0,0,0,0,0,0,0,0,0
170948,31,bully,2829,1,25,2143425,222,0,1332,0,1,31,168119,2829,0,26,0,0,0,LEADER,1,4,1,37,25,222,0,0,0,0,0,0,0,0,0
171287,45,bully,3168,1,25,2151900,222,0,1332,0,1,45,168119,3168,0,26,0,0,0,LEADER,1,4,1,51,25,222,0,0,0,0,0,0,0,0,0
170881,11,bully,2762,1,25,2141750,222,221,1332,1326,1,1,168119,2762,0,26,0,0,0,NORMAL,0,3,1,6,77,222,0,221,0,0,0,0,0,0,0
170981,41,bully,2862,1,25,2144250,222,0,1332,0,1,41,168119,2862,0,26,0,0,0,LEADER,1,4,1,47,25,222,0,0,0,0,0,0,0,0,0
171199,26,bully,3080,1,25,2149700,222,0,1332,0,1,26,168119,3080,0,26,0,0,0,LEADER,1,4,1,32,25,222,0,0,0,0,0,0,0,0,0
170973,4,bully,2854,1,25,2144050,222,430,1332,2580,1,1,168119,2854,0,26,0,0,0,NORMAL,0,3,1,6,79,222,0,430,0,0,0,0,0,0,0
171132,6,bully,3013,1,25,2148025,222,442,1332,2652,2,1,168119,3013,0,26,0,0,0,NORMAL,0,3,1,6,79,222,0,442,0,0,0,0,0,0,0
170856,12,bully,2740,1,25,2141157,222,222,1332,1332,1,1,168116,2740,0,26,0,0,0,NORMAL,0,3,1,6,90,222,0,222,0,0,0,0,0,0,0
170996,9,bully,2877,1,25,2144625,222,221,1332,1326,1,1,168119,2877,0,26,0,0,0,NORMAL,0,3,1,6,75,222,0,221,0,0,0,0,0,0,0
171151,48,bully,3032,1,25,2148500,222,0,1332,0,1,48,168119,3032,0,26,0,0,0,LEADER,1,4,1,54,25,222,0,0,0,0,0,0,0,0,0
170845,44,bully,2726,1,25,2140850,222,0,1332,0,1,44,168119,2726,0,26,0,0,0,LEADER,1,4,1,50,25,222,0,0,0,0,0,0,0,0,0
171553,8,bully,3434,1,25,2158550,222,221,1332,1326,2,1,168119,3434,0,26,0,0,0,NORMAL,0,3,1,6,81,222,0,221,0,0,0,0,0,0,0
170891,22,bully,2774,1,25,2142037,222,0,1332,0,1,22,168117,2774,0,26,0,0,0,LEADER,1,4,1,28,25,222,0,0,0,0,0,0,0,0,0
171560,39,bully,3441,1,25,2158725,222,0,1332,0,1,39,168119,3441,0,26,0,0,0,LEADER,1,4,1,45,25,222,0,0,0,0,0,0,0,0,0
170914,21,bully,2795,1,25,2142575,222,0,1332,0,1,21,168119,2795,0,26,0,0,0,LEADER,1,4,1,27,25,222,0,0,0,0,0,0,0,0,0
171269,3,bully,3150,1,25,2151450,222,446,1332,2676,1,1,168119,3150,0,26,0,0,0,NORMAL,0,3,1,6,76,222,0,446,0,0,0,0,0,0,0
171690,5,bully,3571,1,25,2161975,222,444,1332,2664,1,1,168119,3571,0,26,0,0,0,NORMAL,0,3,1,6,79,222,0,444,0,0,0,0,0,0,0
171113,38,bully,2998,1,25,2147605,222,0,1332,0,1,38,168115,2998,0,26,0,0,0,LEADER,1,4,1,44,25,222,0,0,0,0,0,0,0,0,0
171335,23,bully,3216,1,25,2153100,222,0,1332,0,1,23,168119,3216,0,26,0,0,0,LEADER,1,4,1,29,25,222,0,0,0,0,0,0,0,0,0
171163,16,bully,3047,1,25,2148826,222,223,1332,1338,2,1,168116,3047,0,26,0,0,0,NORMAL,0,3,1,6,101,222,0,223,0,0,0,0,0,0,0
171051,25,bully,2932,1,25,2146000,222,0,1332,0,1,25,168119,2932,0,26,0,0,0,LEADER,1,4,1,31,25,222,0,0,0,0,0,0,0,0,0
171365,33,bully,3250,1,25,2153922,222,0,1332,0,1,33,168115,3250,0,26,0,0,0,LEADER,1,4,1,39,25,222,0,0,0,0,0,0,0,0,0
171337,37,bully,3218,1,25,2153150,222,0,1332,0,1,37,168119,3218,0,26,0,0,0,LEADER,1,4,1,43,25,222,0,0,0,0,0,0,0,0,0
171592,49,bully,3474,1,25,2159546,222,0,1332,0,1,49,168118,3474,0,26,0,0,0,LEADER,1,4,1,55,25,222,0,0,0,0,0,0,0,0,0
171254,35,bully,3135,1,25,2151075,222,0,1332,0,1,35,168119,3135,0,26,0,0,0,LEADER,1,4,1,41,25,222,0,0,0,0,0,0,0,0,0
171730,46,bully,3611,1,25,2162975,222,0,1332,0,1,46,168119,3611,0,26,0,0,0,LEADER,1,4,1,52,25,222,0,0,0,0,0,0,0,0,0
171608,17,bully,3489,1,25,2159925,222,0,1332,0,1,17,168119,3489,0,26,0,0,0,LEADER,1,4,1,23,25,222,0,0,0,0,0,0,0,0,0
171745,14,bully,3626,1,25,2163350,222,222,1332,1332,2,1,168119,3626,0,26,0,0,0,NORMAL,0,3,1,6,80,222,0,222,0,0,0,0,0,0,0
171811,34,bully,3692,1,25,2165000,222,0,1332,0,1,34,168119,3692,0,26,0,0,0,LEADER,1,4,1,40,25,222,0,0,0,0,0,0,0,0,0
171419,42,bully,3304,1,25,2155218,222,0,1332,0,1,42,168115,3304,0,26,0,0,0,LEADER,1,4,1,48,25,222,0,0,0,0,0,0,0,0,0
171572,50,bully,3453,1,25,2159025,222,0,1332,0,1,50,168119,3453,0,26,0,0,0,LEADER,1,4,1,56,25,222,0,0,0,0,0,0,0,0,0
171084,28,bully,2965,1,25,2146825,222,0,1332,0,1,28,168119,2965,0,26,0,0,0,LEADER,1,4,1,34,25,222,0,0,0,0,0,0,0,0,0
171279,7,bully,3160,1,25,2151700,222,444,1332,2664,2,1,168119,3160,0,26,0,0,0,NORMAL,0,3,1,6,80,222,0,444,0,0,0,0,0,0,0
171720,15,bully,3603,1,25,2162771,222,223,1332,1338,2,1,168117,3603,0,26,0,0,0,NORMAL,0,3,1,6,99,222,0,223,0,0,0,0,0,0,0
171400,18,bully,3281,1,25,2154725,222,0,1332,0,1,18,168119,3281,0,26,0,0,0,LEADER,1,4,1,24,25,222,0,0,0,0,0,0,0,0,0
171384,1,bully,3265,1,25,2154325,222,446,1332,2676,1,1,168119,3265,0,26,0,0,0,LEADER,1,4,1,7,25,222,0,446,0,0,0,0,0,0,0
171672,30,bully,3556,1,25,2161576,222,0,1332,0,1,30,168116,3556,0,26,0,0,0,LEADER,1,4,1,36,25,222,0,0,0,0,0,0,0,0,0
171388,32,bully,3271,1,25,2154453,222,0,1332,0,1,32,168117,3271,0,26,0,0,0,LEADER,1,4,1,38,25,222,0,0,0,0,0,0,0,0,0
171709,10,bully,3592,1,25,2162476,222,223,1332,1338,1,1,168117,3592,0,26,0,0,0,NORMAL,0,3,1,7,51,222,0,223,0,0,0,0,0,0,0
171302,13,bully,3183,1,25,2152275,222,215,1332,1290,1,1,168119,3183,0,26,0,0,0,NORMAL,0,3,1,6,78,222,0,215,0,0,0,0,0,0,0
171402,43,bully,3283,1,25,2154775,222,0,1332,0,1,43,168119,3283,0,26,0,0,0,LEADER,1,4,1,49,25,222,0,0,0,0,0,0,0,0,0
171575,24,bully,3456,1,25,2159100,222,0,1332,0,1,24,168119,3456,0,26,0,0,0,LEADER,1,4,1,30,25,222,0,0,0,0,0,0,0,0,0
171641,27,bully,3522,1,25,2160750,222,0,1332,0,1,27,168119,3522,0,26,0,0,0,LEADER,1,4,1,33,25,222,0,0,0,0,0,0,0,0,0
171708,47,bully,3589,1,25,2162425,222,0,1332,0,1,47,168119,3589,0,26,0,0,0,LEADER,1,4,1,53,25,222,0,0,0,0,0,0,0,0,0
171472,20,bully,3353,1,25,2156525,222,0,1332,0,1,20,168119,3353,0,26,0,0,0,LEADER,1,4,1,26,25,222,0,0,0,0,0,0,0,0,0
171538,40,bully,3419,1,25,2158175,222,0,1332,0,1,40,168119,3419,0,26,0,0,0,LEADER,1,4,1,46,25,222,0,0,0,0,0,0,0,0,0
173329,19,bully,2910,1,25,2145410,225,0,1350,0,1,19,170419,2910,0,26,0,0,0,LEADER,1,4,1,28,25,225,0,0,0,0,0,0,0,0,0
173366,29,bully,2944,1,25,2146300,225,0,1350,0,1,29,170422,2944,0,26,0,0,0,LEADER,1,4,1,38,25,225,0,0,0,0,0,0,0,0,0
173118,2,bully,2707,1,25,2140211,225,448,1350,2688,1,1,170411,2707,0,26,0,0,0,NORMAL,0,3,1,10,64,225,0,448,0,0,0,0,0,0,0
173535,36,bully,3113,1,25,2150525,225,0,1350,0,1,36,170422,3113,0,26,0,0,0,LEADER,1,4,1,45,25,225,0,0,0,0,0,0,0,0,0
173251,31,bully,2829,1,25,2143425,225,0,1350,0,1,31,170422,2829,0,26,0,0,0,LEADER,1,4,1,40,25,225,0,0,0,0,0,0,0,0,0
173590,45,bully,3168,1,25,2151900,225,0,1350,0,1,45,170422,3168,0,26,0,0,0,LEADER,1,4,1,54,25,225,0,0,0,0,0,0,0,0,0
173184,11,bully,2762,1,25,2141750,225,224,1350,1344,1,1,170422,2762,0,26,0,0,0,NORMAL,0,3,1,9,77,225,0,224,0,0,0,0,0,0,0
173284,41,bully,2862,1,25,2144250,225,0,1350,0,1,41,170422,2862,0,26,0,0,0,LEADER,1,4,1,50,25,225,0,0,0,0,0,0,0,0,0
173502,26,bully,3080,1,25,2149700,225,0,1350,0,1,26,170422,3080,0,26,0,0,0,LEADER,1,4,1,35,25,225,0,0,0,0,0,0,0,0,0
173276,4,bully,2854,1,25,2144050,225,436,1350,2616,1,1,170422,2854,0,26,0,0,0,NORMAL,0,3,1,9,79,225,0,436,0,0,0,0,0,0,0
173435,6,bully,3013,1,25,2148025,225,448,1350,2688,2,1,170422,3013,0,26,0,0,0,NORMAL,0,3,1,9,79,225,0,448,0,0,0,0,0,0,0
173159,12,bully,2740,1,25,2141157,225,224,1350,1344,1,1,170419,2740,0,26,0,0,0,NORMAL,0,3,1,9,90,225,0,224,0,0,0,0,0,0,0
173299,9,bully,2877,1,25,2144625,225,224,1350,1344,1,1,170422,2877,0,26,0,0,0,NORMAL,0,3,1,9,75,225,0,224,0,0,0,0,0,0,0
173454,48,bully,3032,1,25,2148500,225,0,1350,0,1,48,170422,3032,0,26,0,0,0,LEADER,1,4,1,57,25,225,0,0,0,0,0,0,0,0,0
173148,44,bully,2726,1,25,2140850,225,0,1350,0,1,44,170422,2726,0,26,0,0,0,LEADER,1,4,1,53,25,225,0,0,0,0,0,0,0,0,0
173856,8,bully,3434,1,25,2158550,225,224,1350,1344,2,1,170422,3434,0,26,0,0,0,NORMAL,0,3,1,9,81,225,0,224,0,0,0,0,0,0,0
173193,22,bully,2774,1,25,2142037,225,0,1350,0,1,22,170419,2774,0,26,0,0,0,LEADER,1,4,1,31,25,225,0,0,0,0,0,0,0,0,0
173863,39,bully,3441,1,25,2158725,225,0,1350,0,1,39,170422,3441,0,26,0,0,0,LEADER,1,4,1,48,25,225,0,0,0,0,0,0,0,0,0
173217,21,bully,2795,1,25,2142575,225,0,1350,0,1,21,170422,2795,0,26,0,0,0,LEADER,1,4,1,30,25,225,0,0,0,0,0,0,0,0,0
173572,3,bully,3150,1,25,2151450,225,452,1350,2712,1,1,170422,3150,0,26,0,0,0,NORMAL,0,3,1,9,76,225,0,452,0,0,0,0,0,0,0
173993,5,bully,3571,1,25,2161975,225,450,1350,2700,1,1,170422,3571,0,26,0,0,0,NORMAL,0,3,1,9,79,225,0,450,0,0,0,0,0,0,0
173416,38,bully,2998,1,25,2147605,225,0,1350,0,1,38,170418,2998,0,26,0,0,0,LEADER,1,4,1,47,25,225,0,0,0,0,0,0,0,0,0
173638,23,bully,3216,1,25,2153100,225,0,1350,0,1,23,170422,3216,0,26,0,0,0,LEADER,1,4,1,32,25,225,0,0,0,0,0,0,0,0,0
173466,16,bully,3047,1,25,2148826,225,225,1350,1350,2,1,170419,3047,0,26,0,0,0,NORMAL,0,3,1,9,101,225,0,225,0,0,0,0,0,0,0
173356,25,bully,2932,1,25,2146000,225,0,1350,0,1,25,170424,2932,0,26,0,0,0,LEADER,1,4,1,34,25,225,0,0,0,0,0,0,0,0,0
173668,33,bully,3250,1,25,2153922,225,0,1350,0,1,33,170418,3250,0,26,0,0,0,LEADER,1,4,1,42,25,225,0,0,0,0,0,0,0,0,0
173640,37,bully,3218,1,25,2153150,225,0,1350,0,1,37,170422,3218,0,26,0,0,0,LEADER,1,4,1,46,25,225,0,0,0,0,0,0,0,0,0
173895,49,bully,3474,1,25,2159546,225,0,1350,0,1,49,170421,3474,0,26,0,0,0,LEADER,1,4,1,58,25,225,0,0,0,0,0,0,0,0,0
173557,35,bully,3135,1,25,2151075,225,0,1350,0,1,35,170422,3135,0,26,0,0,0,LEADER,1,4,1,44,25,225,0,0,0,0,0,0,0,0,0
174033,46,bully,3611,1,25,2162975,225,0,1350,0,1,46,170422,3611,0,26,0,0,0,LEADER,1,4,1,55,25,225,0,0,0,0,0,0,0,0,0
173911,17,bully,3489,1,25,2159925,225,0,1350,0,1,17,170422,3489,0,26,0,0,0,LEADER,1,4,1,26,25,225,0,0,0,0,0,0,0,0,0
174048,14,bully,3626,1,25,2163350,225,225,1350,1350,2,1,170422,3626,0,26,0,0,0,NORMAL,0,3,1,9,80,225,0,225,0,0,0,0,0,0,0
174114,34,bully,3692,1,25,2165000,225,0,1350,0,1,34,170422,3692,0,26,0,0,0,LEADER,1,4,1,43,25,225,0,0,0,0,0,0,0,0,0
173722,42,bully,3304,1,25,2155218,225,0,1350,0,1,42,170418,3304,0,26,0,0,0,LEADER,1,4,1,51,25,225,0,0,0,0,0,0,0,0,0
173875,50,bully,3453,1,25,2159025,225,0,1350,0,1,50,170422,3453,0,26,0,0,0,LEADER,1,4,1,59,25,225,0,0,0,0,0,0,0,0,0
173387,28,bully,2965,1,25,2146825,225,0,1350,0,1,28,170422,2965,0,26,0,0,0,LEADER,1,4,1,37,25,225,0,0,0,0,0,0,0,0,0
173582,7,bully,3160,1,25,2151700,225,450,1350,2700,2,1,170422,3160,0,26,0,0,0,NORMAL,0,3,1,9,80,225,0,450,0,0,0,0,0,0,0
174023,15,bully,3603,1,25,2162771,225,225,1350,1350,2,1,170420,3603,0,26,0,0,0,NORMAL,0,3,1,9,99,225,0,225,0,0,0,0,0,0,0
173703,18,bully,3281,1,25,2154725,225,0,1350,0,1,18,170422,3281,0,26,0,0,0,LEADER,1,4,1,27,25,225,0,0,0,0,0,0,0,0,0
173687,1,bully,3265,1,25,2154325,225,452,1350,2712,1,1,170422,3265,0,26,0,0,0,LEADER,1,4,1,10,25,225,0,452,0,0,0,0,0,0,0
173975,30,bully,3556,1,25,2161576,225,0,1350,0,1,30,170419,3556,0,26,0,0,0,LEADER,1,4,1,39,25,225,0,0,0,0,0,0,0,0,0
173691,32,bully,3271,1,25,2154453,225,0,1350,0,1,32,170420,3271,0,26,0,0,0,LEADER,1,4,1,41,25,225,0,0,0,0,0,0,0,0,0
174011,10,bully,3592,1,25,2162476,225,226,1350,1356,1,1,170419,3592,0,26,0,0,0,NORMAL,0,3,1,10,51,225,0,226,0,0,0,0,0,0,0
173605,13,bully,3183,1,25,2152275,225,218,1350,1308,1,1,170422,3183,0,26,0,0,0,NORMAL,0,3,1,9,78,225,0,218,0,0,0,0,0,0,0
173705,43,bully,3283,1,25,2154775,225,0,1350,0,1,43,170422,3283,0,26,0,0,0,LEADER,1,4,1,52,25,225,0,0,0,0,0,0,0,0,0
173878,24,bully,3456,1,25,2159100,225,0,1350,0,1,24,170422,3456,0,26,0,0,0,LEADER,1,4,1,33,25,225,0,0,0,0,0,0,0,0,0
173944,27,bully,3522,1,25,2160750,225,0,1350,0,1,27,170422,3522,0,26,0,0,0,LEADER,1,4,1,36,25,225,0,0,0,0,0,0,0,0,0
174011,47,bully,3589,1,25,2162425,225,0,1350,0,1,47,170422,3589,0,26,0,0,0,LEADER,1,4,1,56,25,225,0,0,0,0,0,0,0,0,0
173775,20,bully,3353,1,25,2156525,225,0,1350,0,1,20,170422,3353,0,26,0,0,0,LEADER,1,4,1,29,25,225,0,0,0,0,0,0,0,0,0
173841,40,bully,3419,1,25,2158175,225,0,1350,0,1,40,170422,3419,0,26,0,0,0,LEADER,1,4,1,49,25,225,0,0,0,0,0,0,0,0,0
175632,19,bully,2910,1,26,2321042,228,0,1368,0,1,19,172722,2910,0,27,0,0,0,LEADER,1,4,1,22,26,228,0,0,0,0,0,0,0,0,0
175421,2,bully,2707,1,26,2315632,228,453,1368,2718,1,1,172714,2707,0,27,0,0,0,NORMAL,0,3,2,3,67,228,0,453,0,0,0,0,0,0,0
175669,29,bully,2944,1,26,2321969,228,0,1368,0,1,29,172725,2944,0,27,0,0,0,LEADER,1,4,1,32,26,228,0,0,0,0,0,0,0,0,0
175838,36,bully,3113,1,26,2326363,228,0,1368,0,1,36,172725,3113,0,27,0,0,0,LEADER,1,4,1,39,26,228,0,0,0,0,0,0,0,0,0
175554,31,bully,2829,1,26,2318979,228,0,1368,0,1,31,172725,2829,0,27,0,0,0,LEADER,1,4,1,34,26,228,0,0,0,0,0,0,0,0,0
175893,45,bully,3168,1,26,2327793,228,0,1368,0,1,45,172725,3168,0,27,0,0,0,LEADER,1,4,1,48,26,228,0,0,0,0,0,0,0,0,0
175487,11,bully,2762,1,26,2317237,228,227,1368,1362,1,1,172725,2762,0,27,0,0,0,NORMAL,0,3,2,3,80,228,0,227,0,0,0,0,0,0,0
175587,41,bully,2862,1,26,2319837,228,0,1368,0,1,41,172725,2862,0,27,0,0,0,LEADER,1,4,1,44,26,228,0,0,0,0,0,0,0,0,0
175805,26,bully,3080,1,26,2325505,228,0,1368,0,1,26,172725,3080,0,27,0,0,0,LEADER,1,4,1,29,26,228,0,0,0,0,0,0,0,0,0
175579,4,bully,2854,1,26,2319629,228,442,1368,2652,1,1,172725,2854,0,27,0,0,0,NORMAL,0,3,2,3,82,228,0,442,0,0,0,0,0,0,0
175738,6,bully,3013,1,26,2323763,228,454,1368,2724,2,1,172725,3013,0,27,0,0,0,NORMAL,0,3,2,3,82,228,0,454,0,0,0,0,0,0,0
175462,12,bully,2740,1,26,2316619,228,227,1368,1362,1,1,172722,2740,0,27,0,0,0,NORMAL,0,3,2,4,92,228,0,227,0,0,0,0,0,0,0
175602,9,bully,2877,1,26,2320227,228,227,1368,1362,1,1,172725,2877,0,27,0,0,0,NORMAL,0,3,2,3,78,228,0,227,0,0,0,0,0,0,0
175757,48,bully,3032,1,26,2324257,228,0,1368,0,1,48,172725,3032,0,27,0,0,0,LEADER,1,4,1,51,26,228,0,0,0,0,0,0,0,0,0
175451,44,bully,2726,1,26,2316301,228,0,1368,0,1,44,172725,2726,0,27,0,0,0,LEADER,1,4,1,47,26,228,0,0,0,0,0,0,0,0,0
176159,8,bully,3434,1,26,2334709,228,227,1368,1362,2,1,172725,3434,0,27,0,0,0,NORMAL,0,3,2,3,84,228,0,227,0,0,0,0,0,0,0
175496,22,bully,2774,1,26,2317533,228,0,1368,0,1,22,172722,2774,0,27,0,0,0,LEADER,1,4,1,25,26,228,0,0,0,0,0,0,0,0,0
176166,39,bully,3441,1,26,2334891,228,0,1368,0,1,39,172725,3441,0,27,0,0,0,LEADER,1,4,1,42,26,228,0,0,0,0,0,0,0,0,0
175520,21,bully,2795,1,26,2318095,228,0,1368,0,1,21,172725,2795,0,27,0,0,0,LEADER,1,4,1,24,26,228,0,0,0,0,0,0,0,0,0
175875,3,bully,3150,1,26,2327325,228,458,1368,2748,1,1,172725,3150,0,27,0,0,0,NORMAL,0,3,2,3,79,228,0,458,0,0,0,0,0,0,0
176296,5,bully,3571,1,26,2338271,228,456,1368,2736,1,1,172725,3571,0,27,0,0,0,NORMAL,0,3,2,3,82,228,0,456,0,0,0,0,0,0,0
175719,38,bully,2998,1,26,2323324,228,0,1368,0,1,38,172721,2998,0,27,0,0,0,LEADER,1,4,1,41,26,228,0,0,0,0,0,0,0,0,0
175941,23,bully,3216,1,26,2329041,228,0,1368,0,1,23,172725,3216,0,27,0,0,0,LEADER,1,4,1,26,26,228,0,0,0,0,0,0,0,0,0
175769,16,bully,3047,1,26,2324595,228,228,1368,1368,2,1,172722,3047,0,27,0,0,0,NORMAL,0,3,2,3,105,228,0,228,0,0,0,0,0,0,0
175659,25,bully,2932,1,26,2321659,228,0,1368,0,1,25,172727,2932,0,27,0,0,0,LEADER,1,4,1,28,26,228,0,0,0,0,0,0,0,0,0
175971,33,bully,3250,1,26,2329893,228,0,1368,0,1,33,172721,3250,0,27,0,0,0,LEADER,1,4,1,36,26,228,0,0,0,0,0,0,0,0,0
175943,37,bully,3218,1,26,2329093,228,0,1368,0,1,37,172725,3218,0,27,0,0,0,LEADER,1,4,1,40,26,228,0,0,0,0,0,0,0,0,0
176198,49,bully,3474,1,26,2335744,228,0,1368,0,1,49,172724,3474,0,27,0,0,0,LEADER,1,4,1,52,26,228,0,0,0,0,0,0,0,0,0
175860,35,bully,3135,1,26,2326935,228,0,1368,0,1,35,172725,3135,0,27,0,0,0,LEADER,1,4,1,38,26,228,0,0,0,0,0,0,0,0,0
176336,46,bully,3611,1,26,2339311,228,0,1368,0,1,46,172725,3611,0,27,0,0,0,LEADER,1,4,1,49,26,228,0,0,0,0,0,0,0,0,0
176214,17,bully,3489,1,26,2336139,228,0,1368,0,1,17,172725,3489,0,27,0,0,0,LEADER,1,4,1,20,26,228,0,0,0,0,0,0,0,0,0
176351,14,bully,3626,1,26,2339701,228,228,1368,1368,2,1,172725,3626,0,27,0,0,0,NORMAL,0,3,2,3,83,228,0,228,0,0,0,0,0,0,0
176417,34,bully,3692,1,26,2341417,228,0,1368,0,1,34,172725,3692,0,27,0,0,0,LEADER,1,4,1,37,26,228,0,0,0,0,0,0,0,0,0
176025,42,bully,3304,1,26,2331243,228,0,1368,0,1,42,172721,3304,0,27,0,0,0,LEADER,1,4,1,45,26,228,0,0,0,0,0,0,0,0,0
176178,50,bully,3453,1,26,2335203,228,0,1368,0,1,50,172725,3453,0,27,0,0,0,LEADER,1,4,1,53,26,228,0,0,0,0,0,0,0,0,0
175690,28,bully,2965,1,26,2322515,228,0,1368,0,1,28,172725,2965,0,27,0,0,0,LEADER,1,4,1,31,26,228,0,0,0,0,0,0,0,0,0
175885,7,bully,3160,1,26,2327585,228,456,1368,2736,2,1,172725,3160,0,27,0,0,0,NORMAL,0,3,2,3,83,228,0,456,0,0,0,0,0,0,0
176326,15,bully,3603,1,26,2339097,228,228,1368,1368,2,1,172723,3603,0,27,0,0,0,NORMAL,0,3,2,3,103,228,0,228,0,0,0,0,0,0,0
176006,18,bully,3281,1,26,2330731,228,0,1368,0,1,18,172725,3281,0,27,0,0,0,LEADER,1,4,1,21,26,228,0,0,0,0,0,0,0,0,0
175990,1,bully,3265,1,26,2330315,228,458,1368,2748,1,1,172725,3265,0,27,0,0,0,LEADER,1,4,1,4,26,228,0,458,0,0,0,0,0,0,0
176278,30,bully,3556,1,26,2337854,228,0,1368,0,1,30,172722,3556,0,27,0,0,0,LEADER,1,4,1,33,26,228,0,0,0,0,0,0,0,0,0
175994,32,bully,3271,1,26,2330447,228,0,1368,0,1,32,172723,3271,0,27,0,0,0,LEADER,1,4,1,35,26,228,0,0,0,0,0,0,0,0,0
176314,10,bully,3592,1,26,2338790,228,229,1368,1374,1,1,172722,3592,0,27,0,0,0,NORMAL,0,3,2,4,53,228,0,229,0,0,0,0,0,0,0
175908,13,bully,3183,1,26,2328183,228,221,1368,1326,1,1,172725,3183,0,27,0,0,0,NORMAL,0,3,2,3,81,228,0,221,0,0,0,0,0,0,0
176008,43,bully,3283,1,26,2330783,228,0,1368,0,1,43,172725,3283,0,27,0,0,0,LEADER,1,4,1,46,26,228,0,0,0,0,0,0,0,0,0
176181,24,bully,3456,1,26,2335281,228,0,1368,0,1,24,172725,3456,0,27,0,0,0,LEADER,1,4,1,27,26,228,0,0,0,0,0,0,0,0,0
176247,27,bully,3522,1,26,2336997,228,0,1368,0,1,27,172725,3522,0,27,0,0,0,LEADER,1,4,1,30,26,228,0,0,0,0,0,0,0,0,0
176314,47,bully,3589,1,26,2338739,228,0,1368,0,1,47,172725,3589,0,27,0,0,0,LEADER,1,4,1,50,26,228,0,0,0,0,0,0,0,0,0
176078,20,bully,3353,1,26,2332603,228,0,1368,0,1,20,172725,3353,0,27,0,0,0,LEADER,1,4,1,23,26,228,0,0,0,0,0,0,0,0,0
176144,40,bully,3419,1,26,2334319,228,0,1368,0,1,40,172725,3419,0,27,0,0,0,LEADER,1,4,1,43,26,228,0,0,0,0,0,0,0,0,0
177935,19,bully,2910,1,26,2321042,231,0,1386,0,1,19,175025,2910,0,27,0,0,0,LEADER,1,4,1,25,26,231,0,0,0,0,0,0,0,0,0
177972,29,bully,2944,1,26,2321969,231,0,1386,0,1,29,175028,2944,0,27,0,0,0,LEADER,1,4,1,35,26,231,0,0,0,0,0,0,0,0,0
177724,2,bully,2707,1,26,2315632,231,460,1386,2760,1,1,175017,2707,0,27,0,0,0,NORMAL,0,3,1,6,67,231,0,460,0,0,0,0,0,0,0
178141,36,bully,3113,1,26,2326363,231,0,1386,0,1,36,175028,3113,0,27,0,0,0,LEADER,1,4,1,42,26,231,0,0,0,0,0,0,0,0,0
177857,31,bully,2829,1,26,2318979,231,0,1386,0,1,31,175028,2829,0,27,0,0,0,LEADER,1,4,1,37,26,231,0,0,0,0,0,0,0,0,0
178196,45,bully,3168,1,26,2327793,231,0,1386,0,1,45,175028,3168,0,27,0,0,0,LEADER,1,4,1,51,26,231,0,0,0,0,0,0,0,0,0
177790,11,bully,2762,1,26,2317237,231,230,1386,1380,1,1,175028,2762,0,27,0,0,0,NORMAL,0,3,1,6,80,231,0,230,0,0,0,0,0,0,0
177890,41,bully,2862,1,26,2319837,231,0,1386,0,1,41,175028,2862,0,27,0,0,0,LEADER,1,4,1,47,26,231,0,0,0,0,0,0,0,0,0
178108,26,bully,3080,1,26,2325505,231,0,1386,0,1,26,175028,3080,0,27,0,0,0,LEADER,1,4,1,32,26,231,0,0,0,0,0,0,0,0,0
177882,4,bully,2854,1,26,2319629,231,448,1386,2688,1,1,175028,2854,0,27,0,0,0,NORMAL,0,3,1,6,82,231,0,448,0,0,0,0,0,0,0
178041,6,bully,3013,1,26,2323763,231,460,1386,2760,2,1,175028,3013,0,27,0,0,0,NORMAL,0,3,1,6,82,231,0,460,0,0,0,0,0,0,0
177765,12,bully,2740,1,26,2316619,231,231,1386,1386,1,1,175025,2740,0,27,0,0,0,NORMAL,0,3,1,7,92,231,0,231,0,0,0,0,0,0,0
177905,9,bully,2877,1,26,2320227,231,230,1386,1380,1,1,175028,2877,0,27,0,0,0,NORMAL,0,3,1,6,78,231,0,230,0,0,0,0,0,0,0
178060,48,bully,3032,1,26,2324257,231,0,1386,0,1,48,175028,3032,0,27,0,0,0,LEADER,1,4,1,54,26,231,0,0,0,0,0,0,0,0,0
177754,44,bully,2726,1,26,2316301,231,0,1386,0,1,44,175028,2726,0,27,0,0,0,LEADER,1,4,1,50,26,231,0,0,0,0,0,0,0,0,0
178462,8,bully,3434,1,26,2334709,231,230,1386,1380,2,1,175028,3434,0,27,0,0,0,NORMAL,0,3,1,6,84,231,0,230,0,0,0,0,0,0,0
177799,22,bully,2774,1,26,2317533,231,0,1386,0,1,22,175025,2774,0,27,0,0,0,LEADER,1,4,1,28,26,231,0,0,0,0,0,0,0,0,0
178469,39,bully,3441,1,26,2334891,231,0,1386,0,1,39,175028,3441,0,27,0,0,0,LEADER,1,4,1,45,26,231,0,0,0,0,0,0,0,0,0
177823,21,bully,2795,1,26,2318095,231,0,1386,0,1,21,175028,2795,0,27,0,0,0,LEADER,1,4,1,27,26,231,0,0,0,0,0,0,0,0,0
178178,3,bully,3150,1,26,2327325,231,464,1386,2784,1,1,175028,3150,0,27,0,0,0,NORMAL,0,3,1,6,79,231,0,464,0,0,0,0,0,0,0
178599,5,bully,3571,1,26,2338271,231,462,1386,2772,1,1,175028,3571,0,27,0,0,0,NORMAL,0,3,1,6,82,231,0,462,0,0,0,0,0,0,0
178022,38,bully,2998,1,26,2323324,231,0,1386,0,1,38,175024,2998,0,27,0,0,0,LEADER,1,4,1,44,26,231,0,0,0,0,0,0,0,0,0
178244,23,bully,3216,1,26,2329041,231,0,1386,0,1,23,175028,3216,0,27,0,0,0,LEADER,1,4,1,29,26,231,0,0,0,0,0,0,0,0,0
178072,16,bully,3047,1,26,2324595,231,232,1386,1392,2,1,175025,3047,0,27,0,0,0,NORMAL,0,3,1,6,105,231,0,232,0,0,0,0,0,0,0
177962,25,bully,2932,1,26,2321659,231,0,1386,0,1,25,175030,2932,0,27,0,0,0,LEADER,1,4,1,31,26,231,0,0,0,0,0,0,0,0,0
178274,33,bully,3250,1,26,2329893,231,0,1386,0,1,33,175024,3250,0,27,0,0,0,LEADER,1,4,1,39,26,231,0,0,0,0,0,0,0,0,0
178246,37,bully,3218,1,26,2329093,231,0,1386,0,1,37,175028,3218,0,27,0,0,0,LEADER,1,4,1,43,26,231,0,0,0,0,0,0,0,0,0
178501,49,bully,3474,1,26,2335744,231,0,1386,0,1,49,175027,3474,0,27,0,0,0,LEADER,1,4,1,55,26,231,0,0,0,0,0,0,0,0,0
178163,35,bully,3135,1,26,2326935,231,0,1386,0,1,35,175028,3135,0,27,0,0,0,LEADER,1,4,1,41,26,231,0,0,0,0,0,0,0,0,0
178639,46,bully,3611,1,26,2339311,231,0,1386,0,1,46,175028,3611,0,27,0,0,0,LEADER,1,4,1,52,26,231,0,0,0,0,0,0,0,0,0
178517,17,bully,3489,1,26,2336139,231,0,1386,0,1,17,175028,3489,0,27,0,0,0,LEADER,1,4,1,23,26,231,0,0,0,0,0,0,0,0,0
178654,14,bully,3626,1,26,2339701,231,231,1386,1386,2,1,175028,3626,0,27,0,0,0,NORMAL,0,3,1,6,83,231,0,231,0,0,0,0,0,0,0
178720,34,bully,3692,1,26,2341417,231,0,1386,0,1,34,175028,3692,0,27,0,0,0,LEADER,1,4,1,40,26,231,0,0,0,0,0,0,0,0,0
178328,42,bully,3304,1,26,2331243,231,0,1386,0,1,42,175024,3304,0,27,0,0,0,LEADER,1,4,1,48,26,231,0,0,0,0,0,0,0,0,0
178481,50,bully,3453,1,26,2335203,231,0,1386,0,1,50,175028,3453,0,27,0,0,0,LEADER,1,4,1,56,26,231,0,0,0,0,0,0,0,0,0
177993,28,bully,2965,1,26,2322515,231,0,1386,0,1,28,175028,2965,0,27,0,0,0,LEADER,1,4,1,34,26,231,0,0,0,0,0,0,0,0,0
178188,7,bully,3160,1,26,2327585,231,462,1386,2772,2,1,175028,3160,0,27,0,0,0,NORMAL,0,3,1,6,83,231,0,462,0,0,0,0,0,0,0
178629,15,bully,3603,1,26,2339097,231,232,1386,1392,2,1,175026,3603,0,27,0,0,0,NORMAL,0,3,1,6,103,231,0,232,0,0,0,0,0,0,0
178309,18,bully,3281,1,26,2330731,231,0,1386,0,1,18,175028,3281,0,27,0,0,0,LEADER,1,4,1,24,26,231,0,0,0,0,0,0,0,0,0
178293,1,bully,3265,1,26,2330315,231,464,1386,2784,1,1,175028,3265,0,27,0,0,0,LEADER,1,4,1,7,26,231,0,464,0,0,0,0,0,0,0
178581,30,bully,3556,1,26,2337854,231,0,1386,0,1,30,175025,3556,0,27,0,0,0,LEADER,1,4,1,36,26,231,0,0,0,0,0,0,0,0,0
178297,32,bully,3271,1,26,2330447,231,0,1386,0,1,32,175026,3271,0,27,0,0,0,LEADER,1,4,1,38,26,231,0,0,0,0,0,0,0,0,0
178617,10,bully,3592,1,26,2338790,231,232,1386,1392,1,1,175025,3592,0,27,0,0,0,NORMAL,0,3,1,7,53,231,0,232,0,0,0,0,0,0,0
178211,13,bully,3183,1,26,2328183,231,224,1386,1344,1,1,175028,3183,0,27,0,0,0,NORMAL,0,3,1,6,81,231,0,224,0,0,0,0,0,0,0
178311,43,bully,3283,1,26,2330783,231,0,1386,0,1,43,175028,3283,0,27,0,0,0,LEADER,1,4,1,49,26,231,0,0,0,0,0,0,0,0,0
178484,24,bully,3456,1,26,2335281,231,0,1386,0,1,24,175028,3456,0,27,0,0,0,LEADER,1,4,1,30,26,231,0,0,0,0,0,0,0,0,0
178550,27,bully,3522,1,26,2336997,231,0,1386,0,1,27,175028,3522,0,27,0,0,0,LEADER,1,4,1,33,26,231,0,0,0,0,0,0,0,0,0
178617,47,bully,3589,1,26,2338739,231,0,1386,0,1,47,175028,3589,0,27,0,0,0,LEADER,1,4,1,53,26,231,0,0,0,0,0,0,0,0,0
178381,20,bully,3353,1,26,2332603,231,0,1386,0,1,20,175028,3353,0,27,0,0,0,LEADER,1,4,1,26,26,231,0,0,0,0,0,0,0,0,0
178447,40,bully,3419,1,26,2334319,231,0,1386,0,1,40,175028,3419,0,27,0,0,0,LEADER,1,4,1,46,26,231,0,0,0,0,0,0,0,0,0
180238,19,bully,2910,1,26,2321042,234,0,1404,0,1,19,177328,2910,0,27,0,0,0,LEADER,1,4,1,28,26,234,0,0,0,0,0,0,0,0,0
180275,29,bully,2944,1,26,2321969,234,0,1404,0,1,29,177331,2944,0,27,0,0,0,LEADER,1,4,1,38,26,234,0,0,0,0,0,0,0,0,0
180027,2,bully,2707,1,26,2315632,234,465,1404,2790,1,1,177320,2707,0,27,0,0,0,NORMAL,0,3,1,9,67,234,0,465,0,0,0,0,0,0,0
180444,36,bully,3113,1,26,2326363,234,0,1404,0,1,36,177331,3113,0,27,0,0,0,LEADER,1,4,1,45,26,234,0,0,0,0,0,0,0,0,0
180160,31,bully,2829,1,26,2318979,234,0,1404,0,1,31,177331,2829,0,27,0,0,0,LEADER,1,4,1,40,26,234,0,0,0,0,0,0,0,0,0
180499,45,bully,3168,1,26,2327793,234,0,1404,0,1,45,177331,3168,0,27,0,0,0,LEADER,1,4,1,54,26,234,0,0,0,0,0,0,0,0,0
180093,11,bully,2762,1,26,2317237,234,233,1404,1398,1,1,177331,2762,0,27,0,0,0,NORMAL,0,3,1,9,80,234,0,233,0,0,0,0,0,0,0
180193,41,bully,2862,1,26,2319837,234,0,1404,0,1,41,177331,2862,0,27,0,0,0,LEADER,1,4,1,50,26,234,0,0,0,0,0,0,0,0,0
180411,26,bully,3080,1,26,2325505,234,0,1404,0,1,26,177331,3080,0,27,0,0,0,LEADER,1,4,1,35,26,234,0,0,0,0,0,0,0,0,0
180185,4,bully,2854,1,26,2319629,234,454,1404,2724,1,1,177331,2854,0,27,0,0,0,NORMAL,0,3,1,9,82,234,0,454,0,0,0,0,0,0,0
180344,6,bully,3013,1,26,2323763,234,466,1404,2796,2,1,177331,3013,0,27,0,0,0,NORMAL,0,3,1,9,82,234,0,466,0,0,0,0,0,0,0
180068,12,bully,2740,1,26,2316619,234,234,1404,1404,1,1,177328,2740,0,27,0,0,0,NORMAL,0,3,1,10,92,234,0,234,0,0,0,0,0,0,0
180208,9,bully,2877,1,26,2320227,234,233,1404,1398,1,1,177331,2877,0,27,0,0,0,NORMAL,0,3,1,9,78,234,0,233,0,0,0,0,0,0,0
180363,48,bully,3032,1,26,2324257,234,0,1404,0,1,48,177331,3032,0,27,0,0,0,LEADER,1,4,1,57,26,234,0,0,0,0,0,0,0,0,0
180057,44,bully,2726,1,26,2316301,234,0,1404,0,1,44,177331,2726,0,27,0,0,0,LEADER,1,4,1,53,26,234,0,0,0,0,0,0,0,0,0
180765,8,bully,3434,1,26,2334709,234,233,1404,1398,2,1,177331,3434,0,27,0,0,0,NORMAL,0,3,1,9,84,234,0,233,0,0,0,0,0,0,0
180102,22,bully,2774,1,26,2317533,234,0,1404,0,1,22,177328,2774,0,27,0,0,0,LEADER,1,4,1,31,26,234,0,0,0,0,0,0,0,0,0
180772,39,bully,3441,1,26,2334891,234,0,1404,0,1,39,177331,3441,0,27,0,0,0,LEADER,1,4,1,48,26,234,0,0,0,0,0,0,0,0,0
180126,21,bully,2795,1,26,2318095,234,0,1404,0,1,21,177331,2795,0,27,0,0,0,LEADER,1,4,1,30,26,234,0,0,0,0,0,0,0,0,0
180481,3,bully,3150,1,26,2327325,234,470,1404,2820,1,1,177331,3150,0,27,0,0,0,NORMAL,0,3,1,9,79,234,0,470,0,0,0,0,0,0,0
180902,5,bully,3571,1,26,2338271,234,468,1404,2808,1,1,177331,3571,0,27,0,0,0,NORMAL,0,3,1,9,82,234,0,468,0,0,0,0,0,0,0
180325,38,bully,2998,1,26,2323324,234,0,1404,0,1,38,177327,2998,0,27,0,0,0,LEADER,1,4,1,47,26,234,0,0,0,0,0,0,0,0,0
180547,23,bully,3216,1,26,2329041,234,0,1404,0,1,23,177331,3216,0,27,0,0,0,LEADER,1,4,1,32,26,234,0,0,0,0,0,0,0,0,0
180375,16,bully,3047,1,26,2324595,234,234,1404,1404,2,1,177328,3047,0,27,0,0,0,NORMAL,0,3,1,9,105,234,0,234,0,0,0,0,0,0,0
180265,25,bully,2932,1,26,2321659,234,0,1404,0,1,25,177333,2932,0,27,0,0,0,LEADER,1,4,1,34,26,234,0,0,0,0,0,0,0,0,0
180577,33,bully,3250,1,26,2329893,234,0,1404,0,1,33,177327,3250,0,27,0,0,0,LEADER,1,4,1,42,26,234,0,0,0,0,0,0,0,0,0
180549,37,bully,3218,1,26,2329093,234,0,1404,0,1,37,177331,3218,0,27,0,0,0,LEADER,1,4,1,46,26,234,0,0,0,0,0,0,0,0,0
180804,49,bully,3474,1,26,2335744,234,0,1404,0,1,49,177330,3474,0,27,0,0,0,LEADER,1,4,1,58,26,234,0,0,0,0,0,0,0,0,0
180466,35,bully,3135,1,26,2326935,234,0,1404,0,1,35,177331,3135,0,27,0,0,0,LEADER,1,4,1,44,26,234,0,0,0,0,0,0,0,0,0
180942,46,bully,3611,1,26,2339311,234,0,1404,0,1,46,177331,3611,0,27,0,0,0,LEADER,1,4,1,55,26,234,0,0,0,0,0,0,0,0,0
180820,17,bully,3489,1,26,2336139,234,0,1404,0,1,17,177331,3489,0,27,0,0,0,LEADER,1,4,1,26,26,234,0,0,0,0,0,0,0,0,0
180957,14,bully,3626,1,26,2339701,234,234,1404,1404,2,1,177331,3626,0,27,0,0,0,NORMAL,0,3,1,9,83,234,0,234,0,0,0,0,0,0,0
181023,34,bully,3692,1,26,2341417,234,0,1404,0,1,34,177331,3692,0,27,0,0,0,LEADER,1,4,1,43,26,234,0,0,0,0,0,0,0,0,0
180631,42,bully,3304,1,26,2331243,234,0,1404,0,1,42,177327,3304,0,27,0,0,0,LEADER,1,4,1,51,26,234,0,0,0,0,0,0,0,0,0
180784,50,bully,3453,1,26,2335203,234,0,1404,0,1,50,177331,3453,0,27,0,0,0,LEADER,1,4,1,59,26,234,0,0,0,0,0,0,0,0,0
180296,28,bully,2965,1,26,2322515,234,0,1404,0,1,28,177331,2965,0,27,0,0,0,LEADER,1,4,1,37,26,234,0,0,0,0,0,0,0,0,0
180491,7,bully,3160,1,26,2327585,234,468,1404,2808,2,1,177331,3160,0,27,0,0,0,NORMAL,0,3,1,9,83,234,0,468,0,0,0,0,0,0,0
180932,15,bully,3603,1,26,2339097,234,234,1404,1404,2,1,177329,3603,0,27,0,0,0,NORMAL,0,3,1,9,103,234,0,234,0,0,0,0,0,0,0
180612,18,bully,3281,1,26,2330731,234,0,1404,0,1,18,177331,3281,0,27,0,0,0,LEADER,1,4,1,27,26,234,0,0,0,0,0,0,0,0,0
180596,1,bully,3265,1,26,2330315,234,470,1404,2820,1,1,177331,3265,0,27,0,0,0,LEADER,1,4,1,10,26,234,0,470,0,0,0,0,0,0,0
180884,30,bully,3556,1,26,2337854,234,0,1404,0,1,30,177328,3556,0,27,0,0,0,LEADER,1,4,1,39,26,234,0,0,0,0,0,0,0,0,0
180600,32,bully,3271,1,26,2330447,234,0,1404,0,1,32,177329,3271,0,27,0,0,0,LEADER,1,4,1,41,26,234,0,0,0,0,0,0,0,0,0
180920,10,bully,3592,1,26,2338790,234,235,1404,1410,1,1,177328,3592,0,27,0,0,0,NORMAL,0,3,1,10,53,234,0,235,0,0,0,0,0,0,0
180514,13,bully,3183,1,26,2328183,234,226,1404,1356,1,1,177331,3183,0,27,0,0,0,NORMAL,0,3,1,9,81,234,0,226,0,0,0,0,0,0,0
180614,43,bully,3283,1,26,2330783,234,0,1404,0,1,43,177331,3283,0,27,0,0,0,LEADER,1,4,1,52,26,234,0,0,0,0,0,0,0,0,0
180787,24,bully,3456,1,26,2335281,234,0,1404,0,1,24,177331,3456,0,27,0,0,0,LEADER,1,4,1,33,26,234,0,0,0,0,0,0,0,0,0
180853,27,bully,3522,1,26,2336997,234,0,1404,0,1,27,177331,3522,0,27,0,0,0,LEADER,1,4,1,36,26,234,0,0,0,0,0,0,0,0,0
180920,47,bully,3589,1,26,2338739,234,0,1404,0,1,47,177331,3589,0,27,0,0,0,LEADER,1,4,1,56,26,234,0,0,0,0,0,0,0,0,0
180684,20,bully,3353,1,26,2332603,234,0,1404,0,1,20,177331,3353,0,27,0,0,0,LEADER,1,4,1,29,26,234,0,0,0,0,0,0,0,0,0
180750,40,bully,3419,1,26,2334319,234,0,1404,0,1,40,177331,3419,0,27,0,0,0,LEADER,1,4,1,49,26,234,0,0,0,0,0,0,0,0,0
182541,19,bully,2910,1,27,2503583,237,0,1422,0,1,19,179631,2910,0,28,0,0,0,LEADER,1,4,1,22,27,237,0,0,0,0,0,0,0,0,0
182578,29,bully,2944,1,27,2504547,237,0,1422,0,1,29,179634,2944,0,28,0,0,0,LEADER,1,4,1,32,27,237,0,0,0,0,0,0,0,0,0
182330,2,bully,2707,1,27,2497962,237,471,1422,2826,1,1,179623,2707,0,28,0,0,0,NORMAL,0,3,2,3,70,237,0,471,0,0,0,0,0,0,0
182747,36,bully,3113,1,27,2509110,237,0,1422,0,1,36,179634,3113,0,28,0,0,0,LEADER,1,4,1,39,27,237,0,0,0,0,0,0,0,0,0
182463,31,bully,2829,1,27,2501442,237,0,1422,0,1,31,179634,2829,0,28,0,0,0,LEADER,1,4,1,34,27,237,0,0,0,0,0,0,0,0,0
182802,45,bully,3168,1,27,2510595,237,0,1422,0,1,45,179634,3168,0,28,0,0,0,LEADER,1,4,1,48,27,237,0,0,0,0,0,0,0,0,0
182396,11,bully,2762,1,27,2499633,237,236,1422,1416,1,1,179634,2762,0,28,0,0,0,NORMAL,0,3,2,3,83,237,0,236,0,0,0,0,0,0,0
182496,41,bully,2862,1,27,2502333,237,0,1422,0,1,41,179634,2862,0,28,0,0,0,LEADER,1,4,1,44,27,237,0,0,0,0,0,0,0,0,0
182714,26,bully,3080,1,27,2508219,237,0,1422,0,1,26,179634,3080,0,28,0,0,0,LEADER,1,4,1,29,27,237,0,0,0,0,0,0,0,0,0
182488,4,bully,2854,1,27,2502117,237,460,1422,2760,1,1,179634,2854,0,28,0,0,0,NORMAL,0,3,2,3,85,237,0,460,0,0,0,0,0,0,0
182647,6,bully,3013,1,27,2506410,237,472,1422,2832,2,1,179634,3013,0,28,0,0,0,NORMAL,0,3,2,3,85,237,0,472,0,0,0,0,0,0,0
182371,12,bully,2740,1,27,2498990,237,237,1422,1422,1,1,179631,2740,0,28,0,0,0,NORMAL,0,3,2,3,96,237,0,237,0,0,0,0,0,0,0
182511,9,bully,2877,1,27,2502738,237,236,1422,1416,1,1,179634,2877,0,28,0,0,0,NORMAL,0,3,2,3,81,237,0,236,0,0,0,0,0,0,0
182666,48,bully,3032,1,27,2506923,237,0,1422,0,1,48,179634,3032,0,28,0,0,0,LEADER,1,4,1,51,27,237,0,0,0,0,0,0,0,0,0
182360,44,bully,2726,1,27,2498661,237,0,1422,0,1,44,179634,2726,0,28,0,0,0,LEADER,1,4,1,47,27,237,0,0,0,0,0,0,0,0,0
183068,8,bully,3434,1,27,2517777,237,236,1422,1416,2,1,179634,3434,0,28,0,0,0,NORMAL,0,3,2,3,87,237,0,236,0,0,0,0,0,0,0
182405,22,bully,2774,1,27,2499938,237,0,1422,0,1,22,179631,2774,0,28,0,0,0,LEADER,1,4,1,25,27,237,0,0,0,0,0,0,0,0,0
183075,39,bully,3441,1,27,2517966,237,0,1422,0,1,39,179634,3441,0,28,0,0,0,LEADER,1,4,1,42,27,237,0,0,0,0,0,0,0,0,0
182429,21,bully,2795,1,27,2500524,237,0,1422,0,1,21,179634,2795,0,28,0,0,0,LEADER,1,4,1,24,27,237,0,0,0,0,0,0,0,0,0
182784,3,bully,3150,1,27,2510109,237,476,1422,2856,1,1,179634,3150,0,28,0,0,0,NORMAL,0,3,2,3,82,237,0,476,0,0,0,0,0,0,0
183205,5,bully,3571,1,27,2521476,237,474,1422,2844,1,1,179634,3571,0,28,0,0,0,NORMAL,0,3,2,3,85,237,0,474,0,0,0,0,0,0,0
182628,38,bully,2998,1,27,2505952,237,0,1422,0,1,38,179630,2998,0,28,0,0,0,LEADER,1,4,1,41,27,237,0,0,0,0,0,0,0,0,0
182850,23,bully,3216,1,27,2511891,237,0,1422,0,1,23,179634,3216,0,28,0,0,0,LEADER,1,4,1,26,27,237,0,0,0,0,0,0,0,0,0
182678,16,bully,3047,1,27,2507273,237,237,1422,1422,2,1,179631,3047,0,28,0,0,0,NORMAL,0,3,2,3,109,237,0,237,0,0,0,0,0,0,0
182568,25,bully,2932,1,27,2504227,237,0,1422,0,1,25,179636,2932,0,28,0,0,0,LEADER,1,4,1,28,27,237,0,0,0,0,0,0,0,0,0
182880,33,bully,3250,1,27,2512773,237,0,1422,0,1,33,179630,3250,0,28,0,0,0,LEADER,1,4,1,36,27,237,0,0,0,0,0,0,0,0,0
182852,37,bully,3218,1,27,2511945,237,0,1422,0,1,37,179634,3218,0,28,0,0,0,LEADER,1,4,1,40,27,237,0,0,0,0,0,0,0,0,0
183107,49,bully,3474,1,27,2518851,237,0,1422,0,1,49,179633,3474,0,28,0,0,0,LEADER,1,4,1,52,27,237,0,0,0,0,0,0,0,0,0
182769,35,bully,3135,1,27,2509704,237,0,1422,0,1,35,179634,3135,0,28,0,0,0,LEADER,1,4,1,38,27,237,0,0,0,0,0,0,0,0,0
183245,46,bully,3611,1,27,2522556,237,0,1422,0,1,46,179634,3611,0,28,0,0,0,LEADER,1,4,1,49,27,237,0,0,0,0,0,0,0,0,0
183123,17,bully,3489,1,27,2519262,237,0,1422,0,1,17,179634,3489,0,28,0,0,0,LEADER,1,4,1,20,27,237,0,0,0,0,0,0,0,0,0
183260,14,bully,3626,1,27,2522961,237,237,1422,1422,2,1,179634,3626,0,28,0,0,0,NORMAL,0,3,2,3,86,237,0,237,0,0,0,0,0,0,0
183326,34,bully,3692,1,27,2524743,237,0,1422,0,1,34,179634,3692,0,28,0,0,0,LEADER,1,4,1,37,27,237,0,0,0,0,0,0,0,0,0
182934,42,bully,3304,1,27,2514177,237,0,1422,0,1,42,179630,3304,0,28,0,0,0,LEADER,1,4,1,45,27,237,0,0,0,0,0,0,0,0,0
183087,50,bully,3453,1,27,2518290,237,0,1422,0,1,50,179634,3453,0,28,0,0,0,LEADER,1,4,1,53,27,237,0,0,0,0,0,0,0,0,0
182599,28,bully,2965,1,27,2505114,237,0,1422,0,1,28,179634,2965,0,28,0,0,0,LEADER,1,4,1,31,27,237,0,0,0,0,0,0,0,0,0
182794,7,bully,3160,1,27,2510379,237,474,1422,2844,2,1,179634,3160,0,28,0,0,0,NORMAL,0,3,2,3,86,237,0,474,0,0,0,0,0,0,0
183235,15,bully,3603,1,27,2522332,237,237,1422,1422,2,1,179632,3603,0,28,0,0,0,NORMAL,0,3,2,3,107,237,0,237,0,0,0,0,0,0,0
182915,18,bully,3281,1,27,2513646,237,0,1422,0,1,18,179634,3281,0,28,0,0,0,LEADER,1,4,1,21,27,237,0,0,0,0,0,0,0,0,0
182899,1,bully,3265,1,27,2513214,237,476,1422,2856,1,1,179634,3265,0,28,0,0,0,LEADER,1,4,1,4,27,237,0,476,0,0,0,0,0,0,0
183187,30,bully,3556,1,27,2521041,237,0,1422,0,1,30,179631,3556,0,28,0,0,0,LEADER,1,4,1,33,27,237,0,0,0,0,0,0,0,0,0
182903,32,bully,3271,1,27,2513350,237,0,1422,0,1,32,179632,3271,0,28,0,0,0,LEADER,1,4,1,35,27,237,0,0,0,0,0,0,0,0,0
183222,10,bully,3592,1,27,2522012,237,238,1422,1428,1,1,179630,3592,0,28,0,0,0,NORMAL,0,3,2,4,55,237,0,238,0,0,0,0,0,0,0
182817,13,bully,3183,1,27,2511000,237,229,1422,1374,1,1,179634,3183,0,28,0,0,0,NORMAL,0,3,2,3,84,237,0,229,0,0,0,0,0,0,0
182917,43,bully,3283,1,27,2513700,237,0,1422,0,1,43,179634,3283,0,28,0,0,0,LEADER,1,4,1,46,27,237,0,0,0,0,0,0,0,0,0
183090,24,bully,3456,1,27,2518371,237,0,1422,0,1,24,179634,3456,0,28,0,0,0,LEADER,1,4,1,27,27,237,0,0,0,0,0,0,0,0,0
183156,27,bully,3522,1,27,2520153,237,0,1422,0,1,27,179634,3522,0,28,0,0,0,LEADER,1,4,1,30,27,237,0,0,0,0,0,0,0,0,0
183223,47,bully,3589,1,27,2521962,237,0,1422,0,1,47,179634,3589,0,28,0,0,0,LEADER,1,4,1,50,27,237,0,0,0,0,0,0,0,0,0
182987,20,bully,3353,1,27,2515590,237,0,1422,0,1,20,179634,3353,0,28,0,0,0,LEADER,1,4,1,23,27,237,0,0,0,0,0,0,0,0,0
183053,40,bully,3419,1,27,2517372,237,0,1422,0,1,40,179634,3419,0,28,0,0,0,LEADER,1,4,1,43,27,237,0,0,0,0,0,0,0,0,0
184844,19,bully,2910,1,27,2503583,240,0,1440,0,1,19,181934,2910,0,28,0,0,0,LEADER,1,4,1,25,27,240,0,0,0,0,0,0,0,0,0
184881,29,bully,2944,1,27,2504547,240,0,1440,0,1,29,181937,2944,0,28,0,0,0,LEADER,1,4,1,35,27,240,0,0,0,0,0,0,0,0,0
184633,2,bully,2707,1,27,2497962,240,477,1440,2862,1,1,181926,2707,0,28,0,0,0,NORMAL,0,3,1,6,70,240,0,477,0,0,0,0,0,0,0
185050,36,bully,3113,1,27,2509110,240,0,1440,0,1,36,181937,3113,0,28,0,0,0,LEADER,1,4,1,42,27,240,0,0,0,0,0,0,0,0,0
184766,31,bully,2829,1,27,2501442,240,0,1440,0,1,31,181937,2829,0,28,0,0,0,LEADER,1,4,1,37,27,240,0,0,0,0,0,0,0,0,0
185105,45,bully,3168,1,27,2510595,240,0,1440,0,1,45,181937,3168,0,28,0,0,0,LEADER,1,4,1,51,27,240,0,0,0,0,0,0,0,0,0
184699,11,bully,2762,1,27,2499633,240,239,1440,1434,1,1,181937,2762,0,28,0,0,0,NORMAL,0,3,1,6,83,240,0,239,0,0,0,0,0,0,0
184799,41,bully,2862,1,27,2502333,240,0,1440,0,1,41,181937,2862,0,28,0,0,0,LEADER,1,4,1,47,27,240,0,0,0,0,0,0,0,0,0
185017,26,bully,3080,1,27,2508219,240,0,1440,0,1,26,181937,3080,0,28,0,0,0,LEADER,1,4,1,32,27,240,0,0,0,0,0,0,0,0,0
184791,4,bully,2854,1,27,2502117,240,466,1440,2796,1,1,181937,2854,0,28,0,0,0,NORMAL,0,3,1,6,85,240,0,466,0,0,0,0,0,0,0
184950,6,bully,3013,1,27,2506410,240,478,1440,2868,2,1,181937,3013,0,28,0,0,0,NORMAL,0,3,1,6,85,240,0,478,0,0,0,0,0,0,0
184674,12,bully,2740,1,27,2498990,240,240,1440,1440,1,1,181934,2740,0,28,0,0,0,NORMAL,0,3,1,6,96,240,0,240,0,0,0,0,0,0,0
184814,9,bully,2877,1,27,2502738,240,239,1440,1434,1,1,181937,2877,0,28,0,0,0,NORMAL,0,3,1,6,81,240,0,239,0,0,0,0,0,0,0
184969,48,bully,3032,1,27,2506923,240,0,1440,0,1,48,181937,3032,0,28,0,0,0,LEADER,1,4,1,54,27,240,0,0,0,0,0,0,0,0,0
184663,44,bully,2726,1,27,2498661,240,0,1440,0,1,44,181937,2726,0,28,0,0,0,LEADER,1,4,1,50,27,240,0,0,0,0,0,0,0,0,0
185371,8,bully,3434,1,27,2517777,240,239,1440,1434,2,1,181937,3434,0,28,0,0,0,NORMAL,0,3,1,6,87,240,0,239,0,0,0,0,0,0,0
184708,22,bully,2774,1,27,2499938,240,0,1440,0,1,22,181934,2774,0,28,0,0,0,LEADER,1,4,1,28,27,240,0,0,0,0,0,0,0,0,0
185378,39,bully,3441,1,27,2517966,240,0,1440,0,1,39,181937,3441,0,28,0,0,0,LEADER,1,4,1,45,27,240,0,0,0,0,0,0,0,0,0
184732,21,bully,2795,1,27,2500524,240,0,1440,0,1,21,181937,2795,0,28,0,0,0,LEADER,1,4,1,27,27,240,0,0,0,0,0,0,0,0,0
185087,3,bully,3150,1,27,2510109,240,482,1440,2892,1,1,181937,3150,0,28,0,0,0,NORMAL,0,3,1,6,82,240,0,482,0,0,0,0,0,0,0
185508,5,bully,3571,1,27,2521476,240,480,1440,2880,1,1,181937,3571,0,28,0,0,0,NORMAL,0,3,1,6,85,240,0,480,0,0,0,0,0,0,0
184931,38,bully,2998,1,27,2505952,240,0,1440,0,1,38,181933,2998,0,28,0,0,0,LEADER,1,4,1,44,27,240,0,0,0,0,0,0,0,0,0
185153,23,bully,3216,1,27,2511891,240,0,1440,0,1,23,181937,3216,0,28,0,0,0,LEADER,1,4,1,29,27,240,0,0,0,0,0,0,0,0,0
184981,16,bully,3047,1,27,2507273,240,240,1440,1440,2,1,181934,3047,0,28,0,0,0,NORMAL,0,3,1,6,109,240,0,240,0,0,0,0,0,0,0
184871,25,bully,2932,1,27,2504227,240,0,1440,0,1,25,181939,2932,0,28,0,0,0,LEADER,1,4,1,31,27,240,0,0,0,0,0,0,0,0,0
185183,33,bully,3250,1,27,2512773,240,0,1440,0,1,33,181933,3250,0,28,0,0,0,LEADER,1,4,1,39,27,240,0,0,0,0,0,0,0,0,0
185155,37,bully,3218,1,27,2511945,240,0,1440,0,1,37,181937,3218,0,28,0,0,0,LEADER,1,4,1,43,27,240,0,0,0,0,0,0,0,0,0
185410,49,bully,3474,1,27,2518851,240,0,1440,0,1,49,181936,3474,0,28,0,0,0,LEADER,1,4,1,55,27,240,0,0,0,0,0,0,0,0,0
185072,35,bully,3135,1,27,2509704,240,0,1440,0,1,35,181937,3135,0,28,0,0,0,LEADER,1,4,1,41,27,240,0,0,0,0,0,0,0,0,0
185548,46,bully,3611,1,27,2522556,240,0,1440,0,1,46,181937,3611,0,28,0,0,0,LEADER,1,4,1,52,27,240,0,0,0,0,0,0,0,0,0
185426,17,bully,3489,1,27,2519262,240,0,1440,0,1,17,181937,3489,0,28,0,0,0,LEADER,1,4,1,23,27,240,0,0,0,0,0,0,0,0,0
185563,14,bully,3626,1,27,2522961,240,240,1440,1440,2,1,181937,3626,0,28,0,0,0,NORMAL,0,3,1,6,86,240,0,240,0,0,0,0,0,0,0
185629,34,bully,3692,1,27,2524743,240,0,1440,0,1,34,181937,3692,0,28,0,0,0,LEADER,1,4,1,40,27,240,0,0,0,0,0,0,0,0,0
185237,42,bully,3304,1,27,2514177,240,0,1440,0,1,42,181933,3304,0,28,0,0,0,LEADER,1,4,1,48,27,240,0,0,0,0,0,0,0,0,0
185390,50,bully,3453,1,27,2518290,240,0,1440,0,1,50,181937,3453,0,28,0,0,0,LEADER,1,4,1,56,27,240,0,0,0,0,0,0,0,0,0
184902,28,bully,2965,1,27,2505114,240,0,1440,0,1,28,181937,2965,0,28,0,0,0,LEADER,1,4,1,34,27,240,0,0,0,0,0,0,0,0,0
185097,7,bully,3160,1,27,2510379,240,480,1440,2880,2,1,181937,3160,0,28,0,0,0,NORMAL,0,3,1,6,86,240,0,480,0,0,0,0,0,0,0
185538,15,bully,3603,1,27,2522332,240,241,1440,1446,2,1,181935,3603,0,28,0,0,0,NORMAL,0,3,1,6,107,240,0,241,0,0,0,0,0,0,0
185218,18,bully,3281,1,27,2513646,240,0,1440,0,1,18,181937,3281,0,28,0,0,0,LEADER,1,4,1,24,27,240,0,0,0,0,0,0,0,0,0
185202,1,bully,3265,1,27,2513214,240,482,1440,2892,1,1,181937,3265,0,28,0,0,0,LEADER,1,4,1,7,27,240,0,482,0,0,0,0,0,0,0
185490,30,bully,3556,1,27,2521041,240,0,1440,0,1,30,181934,3556,0,28,0,0,0,LEADER,1,4,1,36,27,240,0,0,0,0,0,0,0,0,0
185206,32,bully,3271,1,27,2513350,240,0,1440,0,1,32,181935,3271,0,28,0,0,0,LEADER,1,4,1,38,27,240,0,0,0,0,0,0,0,0,0
185524,10,bully,3592,1,27,2522012,240,241,1440,1446,1,1,181932,3592,0,28,0,0,0,NORMAL,0,3,1,7,55,240,0,241,0,0,0,0,0,0,0
185120,13,bully,3183,1,27,2511000,240,232,1440,1392,1,1,181937,3183,0,28,0,0,0,NORMAL,0,3,1,6,84,240,0,232,0,0,0,0,0,0,0
185220,43,bully,3283,1,27,2513700,240,0,1440,0,1,43,181937,3283,0,28,0,0,0,LEADER,1,4,1,49,27,240,0,0,0,0,0,0,0,0,0
185393,24,bully,3456,1,27,2518371,240,0,1440,0,1,24,181937,3456,0,28,0,0,0,LEADER,1,4,1,30,27,240,0,0,0,0,0,0,0,0,0
185459,27,bully,3522,1,27,2520153,240,0,1440,0,1,27,181937,3522,0,28,0,0,0,LEADER,1,4,1,33,27,240,0,0,0,0,0,0,0,0,0
185526,47,bully,3589,1,27,2521962,240,0,1440,0,1,47,181937,3589,0,28,0,0,0,LEADER,1,4,1,53,27,240,0,0,0,0,0,0,0,0,0
185290,20,bully,3353,1,27,2515590,240,0,1440,0,1,20,181937,3353,0,28,0,0,0,LEADER,1,4,1,26,27,240,0,0,0,0,0,0,0,0,0
185356,40,bully,3419,1,27,2517372,240,0,1440,0,1,40,181937,3419,0,28,0,0,0,LEADER,1,4,1,46,27,240,0,0,0,0,0,0,0,0,0
187147,19,bully,2910,1,27,2503583,243,0,1458,0,1,19,184237,2910,0,28,0,0,0,LEADER,1,4,1,28,27,243,0,0,0,0,0,0,0,0,0
186936,2,bully,2707,1,27,2497962,243,482,1458,2892,1,1,184229,2707,0,28,0,0,0,NORMAL,0,3,1,9,70,243,0,482,0,0,0,0,0,0,0
187184,29,bully,2944,1,27,2504547,243,0,1458,0,1,29,184240,2944,0,28,0,0,0,LEADER,1,4,1,38,27,243,0,0,0,0,0,0,0,0,0
187353,36,bully,3113,1,27,2509110,243,0,1458,0,1,36,184240,3113,0,28,0,0,0,LEADER,1,4,1,45,27,243,0,0,0,0,0,0,0,0,0
187069,31,bully,2829,1,27,2501442,243,0,1458,0,1,31,184240,2829,0,28,0,0,0,LEADER,1,4,1,40,27,243,0,0,0,0,0,0,0,0,0
187408,45,bully,3168,1,27,2510595,243,0,1458,0,1,45,184240,3168,0,28,0,0,0,LEADER,1,4,1,54,27,243,0,0,0,0,0,0,0,0,0
187002,11,bully,2762,1,27,2499633,243,242,1458,1452,1,1,184240,2762,0,28,0,0,0,NORMAL,0,3,1,9,83,243,0,242,0,0,0,0,0,0,0
187102,41,bully,2862,1,27,2502333,243,0,1458,0,1,41,184240,2862,0,28,0,0,0,LEADER,1,4,1,50,27,243,0,0,0,0,0,0,0,0,0
187320,26,bully,3080,1,27,2508219,243,0,1458,0,1,26,184240,3080,0,28,0,0,0,LEADER,1,4,1,35,27,243,0,0,0,0,0,0,0,0,0
187094,4,bully,2854,1,27,2502117,243,472,1458,2832,1,1,184240,2854,0,28,0,0,0,NORMAL,0,3,1,9,85,243,0,472,0,0,0,0,0,0,0
187253,6,bully,3013,1,27,2506410,243,484,1458,2904,2,1,184240,3013,0,28,0,0,0,NORMAL,0,3,1,9,85,243,0,484,0,0,0,0,0,0,0
186976,12,bully,2740,1,27,2498990,243,243,1458,1458,1,1,184236,2740,0,28,0,0,0,NORMAL,0,3,1,9,96,243,0,243,0,0,0,0,0,0,0
187117,9,bully,2877,1,27,2502738,243,242,1458,1452,1,1,184240,2877,0,28,0,0,0,NORMAL,0,3,1,9,81,243,0,242,0,0,0,0,0,0,0
187272,48,bully,3032,1,27,2506923,243,0,1458,0,1,48,184240,3032,0,28,0,0,0,LEADER,1,4,1,57,27,243,0,0,0,0,0,0,0,0,0
186966,44,bully,2726,1,27,2498661,243,0,1458,0,1,44,184240,2726,0,28,0,0,0,LEADER,1,4,1,53,27,243,0,0,0,0,0,0,0,0,0
187674,8,bully,3434,1,27,2517777,243,242,1458,1452,2,1,184240,3434,0,28,0,0,0,NORMAL,0,3,1,9,87,243,0,242,0,0,0,0,0,0,0
187011,22,bully,2774,1,27,2499938,243,0,1458,0,1,22,184237,2774,0,28,0,0,0,LEADER,1,4,1,31,27,243,0,0,0,0,0,0,0,0,0
187681,39,bully,3441,1,27,2517966,243,0,1458,0,1,39,184240,3441,0,28,0,0,0,LEADER,1,4,1,48,27,243,0,0,0,0,0,0,0,0,0
187035,21,bully,2795,1,27,2500524,243,0,1458,0,1,21,184240,2795,0,28,0,0,0,LEADER,1,4,1,30,27,243,0,0,0,0,0,0,0,0,0
187390,3,bully,3150,1,27,2510109,243,488,1458,2928,1,1,184240,3150,0,28,0,0,0,NORMAL,0,3,1,9,82,243,0,488,0,0,0,0,0,0,0
187811,5,bully,3571,1,27,2521476,243,486,1458,2916,1,1,184240,3571,0,28,0,0,0,NORMAL,0,3,1,9,85,243,0,486,0,0,0,0,0,0,0
187234,38,bully,2998,1,27,2505952,243,0,1458,0,1,38,184236,2998,0,28,0,0,0,LEADER,1,4,1,47,27,243,0,0,0,0,0,0,0,0,0
187456,23,bully,3216,1,27,2511891,243,0,1458,0,1,23,184240,3216,0,28,0,0,0,LEADER,1,4,1,32,27,243,0,0,0,0,0,0,0,0,0
187284,16,bully,3047,1,27,2507273,243,244,1458,1464,2,1,184237,3047,0,28,0,0,0,NORMAL,0,3,1,9,109,243,0,244,0,0,0,0,0,0,0
187174,25,bully,2932,1,27,2504227,243,0,1458,0,1,25,184242,2932,0,28,0,0,0,LEADER,1,4,1,34,27,243,0,0,0,0,0,0,0,0,0
187486,33,bully,3250,1,27,2512773,243,0,1458,0,1,33,184236,3250,0,28,0,0,0,LEADER,1,4,1,42,27,243,0,0,0,0,0,0,0,0,0
187458,37,bully,3218,1,27,2511945,243,0,1458,0,1,37,184240,3218,0,28,0,0,0,LEADER,1,4,1,46,27,243,0,0,0,0,0,0,0,0,0
187713,49,bully,3474,1,27,2518851,243,0,1458,0,1,49,184239,3474,0,28,0,0,0,LEADER,1,4,1,58,27,243,0,0,0,0,0,0,0,0,0
187375,35,bully,3135,1,27,2509704,243,0,1458,0,1,35,184240,3135,0,28,0,0,0,LEADER,1,4,1,44,27,243,0,0,0,0,0,0,0,0,0
187851,46,bully,3611,1,27,2522556,243,0,1458,0,1,46,184240,3611,0,28,0,0,0,LEADER,1,4,1,55,27,243,0,0,0,0,0,0,0,0,0
187729,17,bully,3489,1,27,2519262,243,0,1458,0,1,17,184240,3489,0,28,0,0,0,LEADER,1,4,1,26,27,243,0,0,0,0,0,0,0,0,0
187866,14,bully,3626,1,27,2522961,243,242,1458,1452,2,1,184240,3626,0,28,0,0,0,NORMAL,0,3,1,9,86,243,0,242,0,0,0,0,0,0,0
187932,34,bully,3692,1,27,2524743,243,0,1458,0,1,34,184240,3692,0,28,0,0,0,LEADER,1,4,1,43,27,243,0,0,0,0,0,0,0,0,0
187540,42,bully,3304,1,27,2514177,243,0,1458,0,1,42,184236,3304,0,28,0,0,0,LEADER,1,4,1,51,27,243,0,0,0,0,0,0,0,0,0
187693,50,bully,3453,1,27,2518290,243,0,1458,0,1,50,184240,3453,0,28,0,0,0,LEADER,1,4,1,59,27,243,0,0,0,0,0,0,0,0,0
187205,28,bully,2965,1,27,2505114,243,0,1458,0,1,28,184240,2965,0,28,0,0,0,LEADER,1,4,1,37,27,243,0,0,0,0,0,0,0,0,0
187400,7,bully,3160,1,27,2510379,243,486,1458,2916,2,1,184240,3160,0,28,0,0,0,NORMAL,0,3,1,9,86,243,0,486,0,0,0,0,0,0,0
187841,15,bully,3603,1,27,2522332,243,244,1458,1464,2,1,184238,3603,0,28,0,0,0,NORMAL,0,3,1,9,107,243,0,244,0,0,0,0,0,0,0
187521,18,bully,3281,1,27,2513646,243,0,1458,0,1,18,184240,3281,0,28,0,0,0,LEADER,1,4,1,27,27,243,0,0,0,0,0,0,0,0,0
187505,1,bully,3265,1,27,2513214,243,488,1458,2928,1,1,184240,3265,0,28,0,0,0,LEADER,1,4,1,10,27,243,0,488,0,0,0,0,0,0,0
187793,30,bully,3556,1,27,2521041,243,0,1458,0,1,30,184237,3556,0,28,0,0,0,LEADER,1,4,1,39,27,243,0,0,0,0,0,0,0,0,0
187509,32,bully,3271,1,27,2513350,243,0,1458,0,1,32,184238,3271,0,28,0,0,0,LEADER,1,4,1,41,27,243,0,0,0,0,0,0,0,0,0
187827,10,bully,3592,1,27,2522012,243,244,1458,1464,1,1,184235,3592,0,28,0,0,0,NORMAL,0,3,1,10,55,243,0,244,0,0,0,0,0,0,0
187423,13,bully,3183,1,27,2511000,243,235,1458,1410,1,1,184240,3183,0,28,0,0,0,NORMAL,0,3,1,9,84,243,0,235,0,0,0,0,0,0,0
187523,43,bully,3283,1,27,2513700,243,0,1458,0,1,43,184240,3283,0,28,0,0,0,LEADER,1,4,1,52,27,243,0,0,0,0,0,0,0,0,0
187696,24,bully,3456,1,27,2518371,243,0,1458,0,1,24,184240,3456,0,28,0,0,0,LEADER,1,4,1,33,27,243,0,0,0,0,0,0,0,0,0
187762,27,bully,3522,1,27,2520153,243,0,1458,0,1,27,184240,3522,0,28,0,0,0,LEADER,1,4,1,36,27,243,0,0,0,0,0,0,0,0,0
187829,47,bully,3589,1,27,2521962,243,0,1458,0,1,47,184240,3589,0,28,0,0,0,LEADER,1,4,1,56,27,243,0,0,0,0,0,0,0,0,0
187593,20,bully,3353,1,27,2515590,243,0,1458,0,1,20,184240,3353,0,28,0,0,0,LEADER,1,4,1,29,27,243,0,0,0,0,0,0,0,0,0
187659,40,bully,3419,1,27,2517372,243,0,1458,0,1,40,184240,3419,0,28,0,0,0,LEADER,1,4,1,49,27,243,0,0,0,0,0,0,0,0,0
189450,19,bully,2910,1,28,2693033,246,0,1476,0,1,19,186540,2910,0,29,0,0,0,LEADER,1,4,1,22,28,246,0,0,0,0,0,0,0,0,0
189487,29,bully,2944,1,28,2694034,246,0,1476,0,1,29,186543,2944,0,29,0,0,0,LEADER,1,4,1,32,28,246,0,0,0,0,0,0,0,0,0
189239,2,bully,2707,1,28,2687201,246,489,1476,2934,1,1,186532,2707,0,29,0,0,0,NORMAL,0,3,2,4,72,246,0,489,0,0,0,0,0,0,0
189656,36,bully,3113,1,28,2698766,246,0,1476,0,1,36,186543,3113,0,29,0,0,0,LEADER,1,4,1,39,28,246,0,0,0,0,0,0,0,0,0
189372,31,bully,2829,1,28,2690814,246,0,1476,0,1,31,186543,2829,0,29,0,0,0,LEADER,1,4,1,34,28,246,0,0,0,0,0,0,0,0,0
189711,45,bully,3168,1,28,2700306,246,0,1476,0,1,45,186543,3168,0,29,0,0,0,LEADER,1,4,1,48,28,246,0,0,0,0,0,0,0,0,0
189305,11,bully,2762,1,28,2688938,246,245,1476,1470,1,1,186543,2762,0,29,0,0,0,NORMAL,0,3,2,3,86,246,0,245,0,0,0,0,0,0,0
189405,41,bully,2862,1,28,2691738,246,0,1476,0,1,41,186543,2862,0,29,0,0,0,LEADER,1,4,1,44,28,246,0,0,0,0,0,0,0,0,0
189623,26,bully,3080,1,28,2697842,246,0,1476,0,1,26,186543,3080,0,29,0,0,0,LEADER,1,4,1,29,28,246,0,0,0,0,0,0,0,0,0
189397,4,bully,2854,1,28,2691514,246,478,1476,2868,1,1,186543,2854,0,29,0,0,0,NORMAL,0,3,2,3,88,246,0,478,0,0,0,0,0,0,0
189556,6,bully,3013,1,28,2695966,246,490,1476,2940,2,1,186543,3013,0,29,0,0,0,NORMAL,0,3,2,3,88,246,0,490,0,0,0,0,0,0,0
189279,12,bully,2740,1,28,2688269,246,246,1476,1476,1,1,186539,2740,0,29,0,0,0,NORMAL,0,3,2,3,100,246,0,246,0,0,0,0,0,0,0
189420,9,bully,2877,1,28,2692158,246,245,1476,1470,1,1,186543,2877,0,29,0,0,0,NORMAL,0,3,2,3,84,246,0,245,0,0,0,0,0,0,0
189575,48,bully,3032,1,28,2696498,246,0,1476,0,1,48,186543,3032,0,29,0,0,0,LEADER,1,4,1,51,28,246,0,0,0,0,0,0,0,0,0
189269,44,bully,2726,1,28,2687930,246,0,1476,0,1,44,186543,2726,0,29,0,0,0,LEADER,1,4,1,47,28,246,0,0,0,0,0,0,0,0,0
189977,8,bully,3434,1,28,2707754,246,245,1476,1470,2,1,186543,3434,0,29,0,0,0,NORMAL,0,3,2,3,90,246,0,245,0,0,0,0,0,0,0
189314,22,bully,2774,1,28,2689252,246,0,1476,0,1,22,186540,2774,0,29,0,0,0,LEADER,1,4,1,25,28,246,0,0,0,0,0,0,0,0,0
189984,39,bully,3441,1,28,2707950,246,0,1476,0,1,39,186543,3441,0,29,0,0,0,LEADER,1,4,1,42,28,246,0,0,0,0,0,0,0,0,0
189338,21,bully,2795,1,28,2689862,246,0,1476,0,1,21,186543,2795,0,29,0,0,0,LEADER,1,4,1,24,28,246,0,0,0,0,0,0,0,0,0
189693,3,bully,3150,1,28,2699802,246,494,1476,2964,1,1,186543,3150,0,29,0,0,0,NORMAL,0,3,2,3,85,246,0,494,0,0,0,0,0,0,0
190114,5,bully,3571,1,28,2711590,246,492,1476,2952,1,1,186543,3571,0,29,0,0,0,NORMAL,0,3,2,3,88,246,0,492,0,0,0,0,0,0,0
189537,38,bully,2998,1,28,2695489,246,0,1476,0,1,38,186539,2998,0,29,0,0,0,LEADER,1,4,1,41,28,246,0,0,0,0,0,0,0,0,0
189759,23,bully,3216,1,28,2701650,246,0,1476,0,1,23,186543,3216,0,29,0,0,0,LEADER,1,4,1,26,28,246,0,0,0,0,0,0,0,0,0
189587,16,bully,3047,1,28,2696860,246,247,1476,1482,2,1,186540,3047,0,29,0,0,0,NORMAL,0,3,2,3,112,246,0,247,0,0,0,0,0,0,0
189477,25,bully,2932,1,28,2693704,246,0,1476,0,1,25,186545,2932,0,29,0,0,0,LEADER,1,4,1,28,28,246,0,0,0,0,0,0,0,0,0
189789,33,bully,3250,1,28,2702562,246,0,1476,0,1,33,186539,3250,0,29,0,0,0,LEADER,1,4,1,36,28,246,0,0,0,0,0,0,0,0,0
189761,37,bully,3218,1,28,2701706,246,0,1476,0,1,37,186543,3218,0,29,0,0,0,LEADER,1,4,1,40,28,246,0,0,0,0,0,0,0,0,0
190016,49,bully,3474,1,28,2708867,246,0,1476,0,1,49,186542,3474,0,29,0,0,0,LEADER,1,4,1,52,28,246,0,0,0,0,0,0,0,0,0
189678,35,bully,3135,1,28,2699382,246,0,1476,0,1,35,186543,3135,0,29,0,0,0,LEADER,1,4,1,38,28,246,0,0,0,0,0,0,0,0,0
190154,46,bully,3611,1,28,2712710,246,0,1476,0,1,46,186543,3611,0,29,0,0,0,LEADER,1,4,1,49,28,246,0,0,0,0,0,0,0,0,0
190032,17,bully,3489,1,28,2709294,246,0,1476,0,1,17,186543,3489,0,29,0,0,0,LEADER,1,4,1,20,28,246,0,0,0,0,0,0,0,0,0
190169,14,bully,3626,1,28,2713130,246,245,1476,1470,2,1,186543,3626,0,29,0,0,0,NORMAL,0,3,2,3,89,246,0,245,0,0,0,0,0,0,0
190235,34,bully,3692,1,28,2714978,246,0,1476,0,1,34,186543,3692,0,29,0,0,0,LEADER,1,4,1,37,28,246,0,0,0,0,0,0,0,0,0
189843,42,bully,3304,1,28,2704020,246,0,1476,0,1,42,186539,3304,0,29,0,0,0,LEADER,1,4,1,45,28,246,0,0,0,0,0,0,0,0,0
189996,50,bully,3453,1,28,2708286,246,0,1476,0,1,50,186543,3453,0,29,0,0,0,LEADER,1,4,1,53,28,246,0,0,0,0,0,0,0,0,0
189508,28,bully,2965,1,28,2694622,246,0,1476,0,1,28,186543,2965,0,29,0,0,0,LEADER,1,4,1,31,28,246,0,0,0,0,0,0,0,0,0
189703,7,bully,3160,1,28,2700082,246,492,1476,2952,2,1,186543,3160,0,29,0,0,0,NORMAL,0,3,2,3,89,246,0,492,0,0,0,0,0,0,0
190144,15,bully,3603,1,28,2712476,246,247,1476,1482,2,1,186541,3603,0,29,0,0,0,NORMAL,0,3,2,3,110,246,0,247,0,0,0,0,0,0,0
189824,18,bully,3281,1,28,2703470,246,0,1476,0,1,18,186543,3281,0,29,0,0,0,LEADER,1,4,1,21,28,246,0,0,0,0,0,0,0,0,0
189808,1,bully,3265,1,28,2703022,246,494,1476,2964,1,1,186543,3265,0,29,0,0,0,LEADER,1,4,1,4,28,246,0,494,0,0,0,0,0,0,0
190096,30,bully,3556,1,28,2711137,246,0,1476,0,1,30,186540,3556,0,29,0,0,0,LEADER,1,4,1,33,28,246,0,0,0,0,0,0,0,0,0
189812,32,bully,3271,1,28,2703162,246,0,1476,0,1,32,186541,3271,0,29,0,0,0,LEADER,1,4,1,35,28,246,0,0,0,0,0,0,0,0,0
190130,10,bully,3592,1,28,2712142,246,247,1476,1482,1,1,186538,3592,0,29,0,0,0,NORMAL,0,3,2,4,57,246,0,247,0,0,0,0,0,0,0
189726,13,bully,3183,1,28,2700726,246,238,1476,1428,1,1,186543,3183,0,29,0,0,0,NORMAL,0,3,2,3,87,246,0,238,0,0,0,0,0,0,0
189826,43,bully,3283,1,28,2703526,246,0,1476,0,1,43,186543,3283,0,29,0,0,0,LEADER,1,4,1,46,28,246,0,0,0,0,0,0,0,0,0
189999,24,bully,3456,1,28,2708370,246,0,1476,0,1,24,186543,3456,0,29,0,0,0,LEADER,1,4,1,27,28,246,0,0,0,0,0,0,0,0,0
190065,27,bully,3522,1,28,2710218,246,0,1476,0,1,27,186543,3522,0,29,0,0,0,LEADER,1,4,1,30,28,246,0,0,0,0,0,0,0,0,0
190132,47,bully,3589,1,28,2712094,246,0,1476,0,1,47,186543,3589,0,29,0,0,0,LEADER,1,4,1,50,28,246,0,0,0,0,0,0,0,0,0
189896,20,bully,3353,1,28,2705486,246,0,1476,0,1,20,186543,3353,0,29,0,0,0,LEADER,1,4,1,23,28,246,0,0,0,0,0,0,0,0,0
189962,40,bully,3419,1,28,2707334,246,0,1476,0,1,40,186543,3419,0,29,0,0,0,LEADER,1,4,1,43,28,246,0,0,0,0,0,0,0,0,0
191753,19,bully,2910,1,28,2693033,249,0,1494,0,1,19,188843,2910,0,29,0,0,0,LEADER,1,4,1,25,28,249,0,0,0,0,0,0,0,0,0
191542,2,bully,2707,1,28,2687201,249,494,1494,2964,1,1,188835,2707,0,29,0,0,0,NORMAL,0,3,1,7,72,249,0,494,0,0,0,0,0,0,0
191790,29,bully,2944,1,28,2694034,249,0,1494,0,1,29,188846,2944,0,29,0,0,0,LEADER,1,4,1,35,28,249,0,0,0,0,0,0,0,0,0
191959,36,bully,3113,1,28,2698766,249,0,1494,0,1,36,188846,3113,0,29,0,0,0,LEADER,1,4,1,42,28,249,0,0,0,0,0,0,0,0,0
191675,31,bully,2829,1,28,2690814,249,0,1494,0,1,31,188846,2829,0,29,0,0,0,LEADER,1,4,1,37,28,249,0,0,0,0,0,0,0,0,0
192014,45,bully,3168,1,28,2700306,249,0,1494,0,1,45,188846,3168,0,29,0,0,0,LEADER,1,4,1,51,28,249,0,0,0,0,0,0,0,0,0
191608,11,bully,2762,1,28,2688938,249,248,1494,1488,1,1,188846,2762,0,29,0,0,0,NORMAL,0,3,1,6,86,249,0,248,0,0,0,0,0,0,0
191708,41,bully,2862,1,28,2691738,249,0,1494,0,1,41,188846,2862,0,29,0,0,0,LEADER,1,4,1,47,28,249,0,0,0,0,0,0,0,0,0
191926,26,bully,3080,1,28,2697842,249,0,1494,0,1,26,188846,3080,0,29,0,0,0,LEADER,1,4,1,32,28,249,0,0,0,0,0,0,0,0,0
191700,4,bully,2854,1,28,2691514,249,484,1494,2904,1,1,188846,2854,0,29,0,0,0,NORMAL,0,3,1,6,88,249,0,484,0,0,0,0,0,0,0
191859,6,bully,3013,1,28,2695966,249,496,1494,2976,2,1,188846,3013,0,29,0,0,0,NORMAL,0,3,1,6,88,249,0,496,0,0,0,0,0,0,0
191582,12,bully,2740,1,28,2688269,249,249,1494,1494,1,1,188842,2740,0,29,0,0,0,NORMAL,0,3,1,6,100,249,0,249,0,0,0,0,0,0,0
191723,9,bully,2877,1,28,2692158,249,248,1494,1488,1,1,188846,2877,0,29,0,0,0,NORMAL,0,3,1,6,84,249,0,248,0,0,0,0,0,0,0
191878,48,bully,3032,1,28,2696498,249,0,1494,0,1,48,188846,3032,0,29,0,0,0,LEADER,1,4,1,54,28,249,0,0,0,0,0,0,0,0,0
191572,44,bully,2726,1,28,2687930,249,0,1494,0,1,44,188846,2726,0,29,0,0,0,LEADER,1,4,1,50,28,249,0,0,0,0,0,0,0,0,0
192280,8,bully,3434,1,28,2707754,249,248,1494,1488,2,1,188846,3434,0,29,0,0,0,NORMAL,0,3,1,6,90,249,0,248,0,0,0,0,0,0,0
191617,22,bully,2774,1,28,2689252,249,0,1494,0,1,22,188843,2774,0,29,0,0,0,LEADER,1,4,1,28,28,249,0,0,0,0,0,0,0,0,0
192287,39,bully,3441,1,28,2707950,249,0,1494,0,1,39,188846,3441,0,29,0,0,0,LEADER,1,4,1,45,28,249,0,0,0,0,0,0,0,0,0
191641,21,bully,2795,1,28,2689862,249,0,1494,0,1,21,188846,2795,0,29,0,0,0,LEADER,1,4,1,27,28,249,0,0,0,0,0,0,0,0,0
191996,3,bully,3150,1,28,2699802,249,500,1494,3000,1,1,188846,3150,0,29,0,0,0,NORMAL,0,3,1,6,85,249,0,500,0,0,0,0,0,0,0
192417,5,bully,3571,1,28,2711590,249,498,1494,2988,1,1,188846,3571,0,29,0,0,0,NORMAL,0,3,1,6,88,249,0,498,0,0,0,0,0,0,0
191840,38,bully,2998,1,28,2695489,249,0,1494,0,1,38,188842,2998,0,29,0,0,0,LEADER,1,4,1,44,28,249,0,0,0,0,0,0,0,0,0
192062,23,bully,3216,1,28,2701650,249,0,1494,0,1,23,188846,3216,0,29,0,0,0,LEADER,1,4,1,29,28,249,0,0,0,0,0,0,0,0,0
191890,16,bully,3047,1,28,2696860,249,249,1494,1494,2,1,188843,3047,0,29,0,0,0,NORMAL,0,3,1,6,112,249,0,249,0,0,0,0,0,0,0
191780,25,bully,2932,1,28,2693704,249,0,1494,0,1,25,188848,2932,0,29,0,0,0,LEADER,1,4,1,31,28,249,0,0,0,0,0,0,0,0,0
192092,33,bully,3250,1,28,2702562,249,0,1494,0,1,33,188842,3250,0,29,0,0,0,LEADER,1,4,1,39,28,249,0,0,0,0,0,0,0,0,0
192064,37,bully,3218,1,28,2701706,249,0,1494,0,1,37,188846,3218,0,29,0,0,0,LEADER,1,4,1,43,28,249,0,0,0,0,0,0,0,0,0
192319,49,bully,3474,1,28,2708867,249,0,1494,0,1,49,188845,3474,0,29,0,0,0,LEADER,1,4,1,55,28,249,0,0,0,0,0,0,0,0,0
191981,35,bully,3135,1,28,2699382,249,0,1494,0,1,35,188846,3135,0,29,0,0,0,LEADER,1,4,1,41,28,249,0,0,0,0,0,0,0,0,0
192457,46,bully,3611,1,28,2712710,249,0,1494,0,1,46,188846,3611,0,29,0,0,0,LEADER,1,4,1,52,28,249,0,0,0,0,0,0,0,0,0
192335,17,bully,3489,1,28,2709294,249,0,1494,0,1,17,188846,3489,0,29,0,0,0,LEADER,1,4,1,23,28,249,0,0,0,0,0,0,0,0,0
192472,14,bully,3626,1,28,2713130,249,248,1494,1488,2,1,188846,3626,0,29,0,0,0,NORMAL,0,3,1,6,89,249,0,248,0,0,0,0,0,0,0
192538,34,bully,3692,1,28,2714978,249,0,1494,0,1,34,188846,3692,0,29,0,0,0,LEADER,1,4,1,40,28,249,0,0,0,0,0,0,0,0,0
192146,42,bully,3304,1,28,2704020,249,0,1494,0,1,42,188842,3304,0,29,0,0,0,LEADER,1,4,1,48,28,249,0,0,0,0,0,0,0,0,0
192299,50,bully,3453,1,28,2708286,249,0,1494,0,1,50,188846,3453,0,29,0,0,0,LEADER,1,4,1,56,28,249,0,0,0,0,0,0,0,0,0
191811,28,bully,2965,1,28,2694622,249,0,1494,0,1,28,188846,2965,0,29,0,0,0,LEADER,1,4,1,34,28,249,0,0,0,0,0,0,0,0,0
192006,7,bully,3160,1,28,2700082,249,498,1494,2988,2,1,188846,3160,0,29,0,0,0,NORMAL,0,3,1,6,89,249,0,498,0,0,0,0,0,0,0
192447,15,bully,3603,1,28,2712476,249,249,1494,1494,2,1,188844,3603,0,29,0,0,0,NORMAL,0,3,1,6,110,249,0,249,0,0,0,0,0,0,0
192127,18,bully,3281,1,28,2703470,249,0,1494,0,1,18,188846,3281,0,29,0,0,0,LEADER,1,4,1,24,28,249,0,0,0,0,0,0,0,0,0
192111,1,bully,3265,1,28,2703022,249,500,1494,3000,1,1,188846,3265,0,29,0,0,0,LEADER,1,4,1,7,28,249,0,500,0,0,0,0,0,0,0
192399,30,bully,3556,1,28,2711137,249,0,1494,0,1,30,188843,3556,0,29,0,0,0,LEADER,1,4,1,36,28,249,0,0,0,0,0,0,0,0,0
192115,32,bully,3271,1,28,2703162,249,0,1494,0,1,32,188844,3271,0,29,0,0,0,LEADER,1,4,1,38,28,249,0,0,0,0,0,0,0,0,0
192432,10,bully,3592,1,28,2712142,249,250,1494,1500,1,1,188840,3592,0,29,0,0,0,NORMAL,0,3,1,7,57,249,0,250,0,0,0,0,0,0,0
192029,13,bully,3183,1,28,2700726,249,241,1494,1446,1,1,188846,3183,0,29,0,0,0,NORMAL,0,3,1,6,87,249,0,241,0,0,0,0,0,0,0
192129,43,bully,3283,1,28,2703526,249,0,1494,0,1,43,188846,3283,0,29,0,0,0,LEADER,1,4,1,49,28,249,0,0,0,0,0,0,0,0,0
192302,24,bully,3456,1,28,2708370,249,0,1494,0,1,24,188846,3456,0,29,0,0,0,LEADER,1,4,1,30,28,249,0,0,0,0,0,0,0,0,0
192368,27,bully,3522,1,28,2710218,249,0,1494,0,1,27,188846,3522,0,29,0,0,0,LEADER,1,4,1,33,28,249,0,0,0,0,0,0,0,0,0
192435,47,bully,3589,1,28,2712094,249,0,1494,0,1,47,188846,3589,0,29,0,0,0,LEADER,1,4,1,53,28,249,0,0,0,0,0,0,0,0,0
192199,20,bully,3353,1,28,2705486,249,0,1494,0,1,20,188846,3353,0,29,0,0,0,LEADER,1,4,1,26,28,249,0,0,0,0,0,0,0,0,0
192265,40,bully,3419,1,28,2707334,249,0,1494,0,1,40,188846,3419,0,29,0,0,0,LEADER,1,4,1,46,28,249,0,0,0,0,0,0,0,0,0
194056,19,bully,2910,1,28,2693033,252,0,1512,0,1,19,191146,2910,0,29,0,0,0,LEADER,1,4,1,28,28,252,0,0,0,0,0,0,0,0,0
193845,2,bully,2707,1,28,2687201,252,500,1512,3000,1,1,191138,2707,0,29,0,0,0,NORMAL,0,3,1,10,72,252,0,500,0,0,0,0,0,0,0
194093,29,bully,2944,1,28,2694034,252,0,1512,0,1,29,191149,2944,0,29,0,0,0,LEADER,1,4,1,38,28,252,0,0,0,0,0,0,0,0,0
194262,36,bully,3113,1,28,2698766,252,0,1512,0,1,36,191149,3113,0,29,0,0,0,LEADER,1,4,1,45,28,252,0,0,0,0,0,0,0,0,0
193978,31,bully,2829,1,28,2690814,252,0,1512,0,1,31,191149,2829,0,29,0,0,0,LEADER,1,4,1,40,28,252,0,0,0,0,0,0,0,0,0
194317,45,bully,3168,1,28,2700306,252,0,1512,0,1,45,191149,3168,0,29,0,0,0,LEADER,1,4,1,54,28,252,0,0,0,0,0,0,0,0,0
193911,11,bully,2762,1,28,2688938,252,251,1512,1506,1,1,191149,2762,0,29,0,0,0,NORMAL,0,3,1,9,86,252,0,251,0,0,0,0,0,0,0
194011,41,bully,2862,1,28,2691738,252,0,1512,0,1,41,191149,2862,0,29,0,0,0,LEADER,1,4,1,50,28,252,0,0,0,0,0,0,0,0,0
194229,26,bully,3080,1,28,2697842,252,0,1512,0,1,26,191149,3080,0,29,0,0,0,LEADER,1,4,1,35,28,252,0,0,0,0,0,0,0,0,0
194003,4,bully,2854,1,28,2691514,252,490,1512,2940,1,1,191149,2854,0,29,0,0,0,NORMAL,0,3,1,9,88,252,0,490,0,0,0,0,0,0,0
194162,6,bully,3013,1,28,2695966,252,502,1512,3012,2,1,191149,3013,0,29,0,0,0,NORMAL,0,3,1,9,88,252,0,502,0,0,0,0,0,0,0
193885,12,bully,2740,1,28,2688269,252,252,1512,1512,1,1,191145,2740,0,29,0,0,0,NORMAL,0,3,1,9,100,252,0,252,0,0,0,0,0,0,0
194026,9,bully,2877,1,28,2692158,252,251,1512,1506,1,1,191149,2877,0,29,0,0,0,NORMAL,0,3,1,9,84,252,0,251,0,0,0,0,0,0,0
194181,48,bully,3032,1,28,2696498,252,0,1512,0,1,48,191149,3032,0,29,0,0,0,LEADER,1,4,1,57,28,252,0,0,0,0,0,0,0,0,0
193875,44,bully,2726,1,28,2687930,252,0,1512,0,1,44,191149,2726,0,29,0,0,0,LEADER,1,4,1,53,28,252,0,0,0,0,0,0,0,0,0
194583,8,bully,3434,1,28,2707754,252,251,1512,1506,2,1,191149,3434,0,29,0,0,0,NORMAL,0,3,1,9,90,252,0,251,0,0,0,0,0,0,0
193920,22,bully,2774,1,28,2689252,252,0,1512,0,1,22,191146,2774,0,29,0,0,0,LEADER,1,4,1,31,28,252,0,0,0,0,0,0,0,0,0
194590,39,bully,3441,1,28,2707950,252,0,1512,0,1,39,191149,3441,0,29,0,0,0,LEADER,1,4,1,48,28,252,0,0,0,0,0,0,0,0,0
193944,21,bully,2795,1,28,2689862,252,0,1512,0,1,21,191149,2795,0,29,0,0,0,LEADER,1,4,1,30,28,252,0,0,0,0,0,0,0,0,0
194299,3,bully,3150,1,28,2699802,252,506,1512,3036,1,1,191149,3150,0,29,0,0,0,NORMAL,0,3,1,9,85,252,0,506,0,0,0,0,0,0,0
194720,5,bully,3571,1,28,2711590,252,504,1512,3024,1,1,191149,3571,0,29,0,0,0,NORMAL,0,3,1,9,88,252,0,504,0,0,0,0,0,0,0
194143,38,bully,2998,1,28,2695489,252,0,1512,0,1,38,191145,2998,0,29,0,0,0,LEADER,1,4,1,47,28,252,0,0,0,0,0,0,0,0,0
194365,23,bully,3216,1,28,2701650,252,0,1512,0,1,23,191149,3216,0,29,0,0,0,LEADER,1,4,1,32,28,252,0,0,0,0,0,0,0,0,0
194193,16,bully,3047,1,28,2696860,252,252,1512,1512,2,1,191146,3047,0,29,0,0,0,NORMAL,0,3,1,9,112,252,0,252,0,0,0,0,0,0,0
194083,25,bully,2932,1,28,2693704,252,0,1512,0,1,25,191151,2932,0,29,0,0,0,LEADER,1,4,1,34,28,252,0,0,0,0,0,0,0,0,0
194395,33,bully,3250,1,28,2702562,252,0,1512,0,1,33,191145,3250,0,29,0,0,0,LEADER,1,4,1,42,28,252,0,0,0,0,0,0,0,0,0
194367,37,bully,3218,1,28,2701706,252,0,1512,0,1,37,191149,3218,0,29,0,0,0,LEADER,1,4,1,46,28,252,0,0,0,0,0,0,0,0,0
194622,49,bully,3474,1,28,2708867,252,0,1512,0,1,49,191148,3474,0,29,0,0,0,LEADER,1,4,1,58,28,252,0,0,0,0,0,0,0,0,0
194284,35,bully,3135,1,28,2699382,252,0,1512,0,1,35,191149,3135,0,29,0,0,0,LEADER,1,4,1,44,28,252,0,0,0,0,0,0,0,0,0
194760,46,bully,3611,1,28,2712710,252,0,1512,0,1,46,191149,3611,0,29,0,0,0,LEADER,1,4,1,55,28,252,0,0,0,0,0,0,0,0,0
194638,17,bully,3489,1,28,2709294,252,0,1512,0,1,17,191149,3489,0,29,0,0,0,LEADER,1,4,1,26,28,252,0,0,0,0,0,0,0,0,0
194775,14,bully,3626,1,28,2713130,252,251,1512,1506,2,1,191149,3626,0,29,0,0,0,NORMAL,0,3,1,9,89,252,0,251,0,0,0,0,0,0,0
194841,34,bully,3692,1,28,2714978,252,0,1512,0,1,34,191149,3692,0,29,0,0,0,LEADER,1,4,1,43,28,252,0,0,0,0,0,0,0,0,0
194449,42,bully,3304,1,28,2704020,252,0,1512,0,1,42,191145,3304,0,29,0,0,0,LEADER,1,4,1,51,28,252,0,0,0,0,0,0,0,0,0
194602,50,bully,3453,1,28,2708286,252,0,1512,0,1,50,191149,3453,0,29,0,0,0,LEADER,1,4,1,59,28,252,0,0,0,0,0,0,0,0,0
194114,28,bully,2965,1,28,2694622,252,0,1512,0,1,28,191149,2965,0,29,0,0,0,LEADER,1,4,1,37,28,252,0,0,0,0,0,0,0,0,0
194309,7,bully,3160,1,28,2700082,252,504,1512,3024,2,1,191149,3160,0,29,0,0,0,NORMAL,0,3,1,9,89,252,0,504,0,0,0,0,0,0,0
194750,15,bully,3603,1,28,2712476,252,252,1512,1512,2,1,191147,3603,0,29,0,0,0,NORMAL,0,3,1,9,110,252,0,252,0,0,0,0,0,0,0
194430,18,bully,3281,1,28,2703470,252,0,1512,0,1,18,191149,3281,0,29,0,0,0,LEADER,1,4,1,27,28,252,0,0,0,0,0,0,0,0,0
194414,1,bully,3265,1,28,2703022,252,506,1512,3036,1,1,191149,3265,0,29,0,0,0,LEADER,1,4,1,10,28,252,0,506,0,0,0,0,0,0,0
194702,30,bully,3556,1,28,2711137,252,0,1512,0,1,30,191146,3556,0,29,0,0,0,LEADER,1,4,1,39,28,252,0,0,0,0,0,0,0,0,0
194418,32,bully,3271,1,28,2703162,252,0,1512,0,1,32,191147,3271,0,29,0,0,0,LEADER,1,4,1,41,28,252,0,0,0,0,0,0,0,0,0
194735,10,bully,3592,1,28,2712142,252,253,1512,1518,1,1,191143,3592,0,29,0,0,0,NORMAL,0,3,1,10,57,252,0,253,0,0,0,0,0,0,0
194332,13,bully,3183,1,28,2700726,252,244,1512,1464,1,1,191149,3183,0,29,0,0,0,NORMAL,0,3,1,9,87,252,0,244,0,0,0,0,0,0,0
194432,43,bully,3283,1,28,2703526,252,0,1512,0,1,43,191149,3283,0,29,0,0,0,LEADER,1,4,1,52,28,252,0,0,0,0,0,0,0,0,0
194605,24,bully,3456,1,28,2708370,252,0,1512,0,1,24,191149,3456,0,29,0,0,0,LEADER,1,4,1,33,28,252,0,0,0,0,0,0,0,0,0
194671,27,bully,3522,1,28,2710218,252,0,1512,0,1,27,191149,3522,0,29,0,0,0,LEADER,1,4,1,36,28,252,0,0,0,0,0,0,0,0,0
194738,47,bully,3589,1,28,2712094,252,0,1512,0,1,47,191149,3589,0,29,0,0,0,LEADER,1,4,1,56,28,252,0,0,0,0,0,0,0,0,0
194502,20,bully,3353,1,28,2705486,252,0,1512,0,1,20,191149,3353,0,29,0,0,0,LEADER,1,4,1,29,28,252,0,0,0,0,0,0,0,0,0
194568,40,bully,3419,1,28,2707334,252,0,1512,0,1,40,191149,3419,0,29,0,0,0,LEADER,1,4,1,49,28,252,0,0,0,0,0,0,0,0,0
196359,19,bully,2910,1,29,2889392,255,0,1530,0,1,19,193449,2910,0,30,0,0,0,LEADER,1,4,1,22,29,255,0,0,0,0,0,0,0,0,0
196148,2,bully,2707,1,29,2883349,255,506,1530,3036,1,1,193441,2707,0,30,0,0,0,NORMAL,0,3,2,4,74,255,0,506,0,0,0,0,0,0,0
196396,29,bully,2944,1,29,2890430,255,0,1530,0,1,29,193452,2944,0,30,0,0,0,LEADER,1,4,1,32,29,255,0,0,0,0,0,0,0,0,0
196565,36,bully,3113,1,29,2895331,255,0,1530,0,1,36,193452,3113,0,30,0,0,0,LEADER,1,4,1,39,29,255,0,0,0,0,0,0,0,0,0
196281,31,bully,2829,1,29,2887095,255,0,1530,0,1,31,193452,2829,0,30,0,0,0,LEADER,1,4,1,34,29,255,0,0,0,0,0,0,0,0,0
196620,45,bully,3168,1,29,2896926,255,0,1530,0,1,45,193452,3168,0,30,0,0,0,LEADER,1,4,1,48,29,255,0,0,0,0,0,0,0,0,0
196214,11,bully,2762,1,29,2885152,255,254,1530,1524,1,1,193452,2762,0,30,0,0,0,NORMAL,0,3,2,3,89,255,0,254,0,0,0,0,0,0,0
196314,41,bully,2862,1,29,2888052,255,0,1530,0,1,41,193452,2862,0,30,0,0,0,LEADER,1,4,1,44,29,255,0,0,0,0,0,0,0,0,0
196532,26,bully,3080,1,29,2894374,255,0,1530,0,1,26,193452,3080,0,30,0,0,0,LEADER,1,4,1,29,29,255,0,0,0,0,0,0,0,0,0
196306,4,bully,2854,1,29,2887820,255,496,1530,2976,1,1,193452,2854,0,30,0,0,0,NORMAL,0,3,2,3,91,255,0,496,0,0,0,0,0,0,0
196465,6,bully,3013,1,29,2892431,255,508,1530,3048,2,1,193452,3013,0,30,0,0,0,NORMAL,0,3,2,3,91,255,0,508,0,0,0,0,0,0,0
196188,12,bully,2740,1,29,2884457,255,254,1530,1524,1,1,193448,2740,0,30,0,0,0,NORMAL,0,3,2,3,104,255,0,254,0,0,0,0,0,0,0
196329,9,bully,2877,1,29,2888487,255,254,1530,1524,1,1,193452,2877,0,30,0,0,0,NORMAL,0,3,2,3,87,255,0,254,0,0,0,0,0,0,0
196484,48,bully,3032,1,29,2892982,255,0,1530,0,1,48,193452,3032,0,30,0,0,0,LEADER,1,4,1,51,29,255,0,0,0,0,0,0,0,0,0
196178,44,bully,2726,1,29,2884108,255,0,1530,0,1,44,193452,2726,0,30,0,0,0,LEADER,1,4,1,47,29,255,0,0,0,0,0,0,0,0,0
196886,8,bully,3434,1,29,2904640,255,254,1530,1524,2,1,193452,3434,0,30,0,0,0,NORMAL,0,3,2,3,93,255,0,254,0,0,0,0,0,0,0
196223,22,bully,2774,1,29,2885475,255,0,1530,0,1,22,193449,2774,0,30,0,0,0,LEADER,1,4,1,25,29,255,0,0,0,0,0,0,0,0,0
196893,39,bully,3441,1,29,2904843,255,0,1530,0,1,39,193452,3441,0,30,0,0,0,LEADER,1,4,1,42,29,255,0,0,0,0,0,0,0,0,0
196247,21,bully,2795,1,29,2886109,255,0,1530,0,1,21,193452,2795,0,30,0,0,0,LEADER,1,4,1,24,29,255,0,0,0,0,0,0,0,0,0
196602,3,bully,3150,1,29,2896404,255,512,1530,3072,1,1,193452,3150,0,30,0,0,0,NORMAL,0,3,2,3,88,255,0,512,0,0,0,0,0,0,0
197023,5,bully,3571,1,29,2908613,255,510,1530,3060,1,1,193452,3571,0,30,0,0,0,NORMAL,0,3,2,3,91,255,0,510,0,0,0,0,0,0,0
196446,38,bully,2998,1,29,2891935,255,0,1530,0,1,38,193448,2998,0,30,0,0,0,LEADER,1,4,1,41,29,255,0,0,0,0,0,0,0,0,0
196668,23,bully,3216,1,29,2898318,255,0,1530,0,1,23,193452,3216,0,30,0,0,0,LEADER,1,4,1,26,29,255,0,0,0,0,0,0,0,0,0
196496,16,bully,3047,1,29,2893356,255,255,1530,1530,2,1,193449,3047,0,30,0,0,0,NORMAL,0,3,2,3,116,255,0,255,0,0,0,0,0,0,0
196386,25,bully,2932,1,29,2890090,255,0,1530,0,1,25,193454,2932,0,30,0,0,0,LEADER,1,4,1,28,29,255,0,0,0,0,0,0,0,0,0
196698,33,bully,3250,1,29,2899260,255,0,1530,0,1,33,193448,3250,0,30,0,0,0,LEADER,1,4,1,36,29,255,0,0,0,0,0,0,0,0,0
196670,37,bully,3218,1,29,2898376,255,0,1530,0,1,37,193452,3218,0,30,0,0,0,LEADER,1,4,1,40,29,255,0,0,0,0,0,0,0,0,0
196925,49,bully,3474,1,29,2905792,255,0,1530,0,1,49,193451,3474,0,30,0,0,0,LEADER,1,4,1,52,29,255,0,0,0,0,0,0,0,0,0
196587,35,bully,3135,1,29,2895969,255,0,1530,0,1,35,193452,3135,0,30,0,0,0,LEADER,1,4,1,38,29,255,0,0,0,0,0,0,0,0,0
197063,46,bully,3611,1,29,2909773,255,0,1530,0,1,46,193452,3611,0,30,0,0,0,LEADER,1,4,1,49,29,255,0,0,0,0,0,0,0,0,0
196941,17,bully,3489,1,29,2906235,255,0,1530,0,1,17,193452,3489,0,30,0,0,0,LEADER,1,4,1,20,29,255,0,0,0,0,0,0,0,0,0
197078,14,bully,3626,1,29,2910208,255,253,1530,1518,2,1,193452,3626,0,30,0,0,0,NORMAL,0,3,2,3,92,255,0,253,0,0,0,0,0,0,0
197144,34,bully,3692,1,29,2912122,255,0,1530,0,1,34,193452,3692,0,30,0,0,0,LEADER,1,4,1,37,29,255,0,0,0,0,0,0,0,0,0
196752,42,bully,3304,1,29,2900772,255,0,1530,0,1,42,193448,3304,0,30,0,0,0,LEADER,1,4,1,45,29,255,0,0,0,0,0,0,0,0,0
196905,50,bully,3453,1,29,2905191,255,0,1530,0,1,50,193452,3453,0,30,0,0,0,LEADER,1,4,1,53,29,255,0,0,0,0,0,0,0,0,0
196417,28,bully,2965,1,29,2891039,255,0,1530,0,1,28,193452,2965,0,30,0,0,0,LEADER,1,4,1,31,29,255,0,0,0,0,0,0,0,0,0
196612,7,bully,3160,1,29,2896694,255,510,1530,3060,2,1,193452,3160,0,30,0,0,0,NORMAL,0,3,2,3,92,255,0,510,0,0,0,0,0,0,0
197053,15,bully,3603,1,29,2909529,255,256,1530,1536,2,1,193450,3603,0,30,0,0,0,NORMAL,0,3,2,3,114,255,0,256,0,0,0,0,0,0,0
196733,18,bully,3281,1,29,2900203,255,0,1530,0,1,18,193452,3281,0,30,0,0,0,LEADER,1,4,1,21,29,255,0,0,0,0,0,0,0,0,0
196717,1,bully,3265,1,29,2899739,255,512,1530,3072,1,1,193452,3265,0,30,0,0,0,LEADER,1,4,1,4,29,255,0,512,0,0,0,0,0,0,0
197005,30,bully,3556,1,29,2908142,255,0,1530,0,1,30,193449,3556,0,30,0,0,0,LEADER,1,4,1,33,29,255,0,0,0,0,0,0,0,0,0
196721,32,bully,3271,1,29,2899883,255,0,1530,0,1,32,193450,3271,0,30,0,0,0,LEADER,1,4,1,35,29,255,0,0,0,0,0,0,0,0,0
197038,10,bully,3592,1,29,2909180,255,256,1530,1536,1,1,193446,3592,0,30,0,0,0,NORMAL,0,3,2,4,59,255,0,256,0,0,0,0,0,0,0
196635,13,bully,3183,1,29,2897361,255,247,1530,1482,1,1,193452,3183,0,30,0,0,0,NORMAL,0,3,2,3,90,255,0,247,0,0,0,0,0,0,0
196735,43,bully,3283,1,29,2900261,255,0,1530,0,1,43,193452,3283,0,30,0,0,0,LEADER,1,4,1,46,29,255,0,0,0,0,0,0,0,0,0
196908,24,bully,3456,1,29,2905278,255,0,1530,0,1,24,193452,3456,0,30,0,0,0,LEADER,1,4,1,27,29,255,0,0,0,0,0,0,0,0,0
196974,27,bully,3522,1,29,2907192,255,0,1530,0,1,27,193452,3522,0,30,0,0,0,LEADER,1,4,1,30,29,255,0,0,0,0,0,0,0,0,0
197041,47,bully,3589,1,29,2909135,255,0,1530,0,1,47,193452,3589,0,30,0,0,0,LEADER,1,4,1,50,29,255,0,0,0,0,0,0,0,0,0
196805,20,bully,3353,1,29,2902291,255,0,1530,0,1,20,193452,3353,0,30,0,0,0,LEADER,1,4,1,23,29,255,0,0,0,0,0,0,0,0,0
196871,40,bully,3419,1,29,2904205,255,0,1530,0,1,40,193452,3419,0,30,0,0,0,LEADER,1,4,1,43,29,255,0,0,0,0,0,0,0,0,0
198661,19,bully,2910,1,29,2889392,258,0,1548,0,1,19,195751,2910,0,30,0,0,0,LEADER,1,4,1,25,29,258,0,0,0,0,0,0,0,0,0
198451,2,bully,2707,1,29,2883349,258,512,1548,3072,1,1,195744,2707,0,30,0,0,0,NORMAL,0,3,1,7,74,258,0,512,0,0,0,0,0,0,0
198699,29,bully,2944,1,29,2890430,258,0,1548,0,1,29,195755,2944,0,30,0,0,0,LEADER,1,4,1,35,29,258,0,0,0,0,0,0,0,0,0
198868,36,bully,3113,1,29,2895331,258,0,1548,0,1,36,195755,3113,0,30,0,0,0,LEADER,1,4,1,42,29,258,0,0,0,0,0,0,0,0,0
198584,31,bully,2829,1,29,2887095,258,0,1548,0,1,31,195755,2829,0,30,0,0,0,LEADER,1,4,1,37,29,258,0,0,0,0,0,0,0,0,0
198923,45,bully,3168,1,29,2896926,258,0,1548,0,1,45,195755,3168,0,30,0,0,0,LEADER,1,4,1,51,29,258,0,0,0,0,0,0,0,0,0
198517,11,bully,2762,1,29,2885152,258,257,1548,1542,1,1,195755,2762,0,30,0,0,0,NORMAL,0,3,1,6,89,258,0,257,0,0,0,0,0,0,0
198617,41,bully,2862,1,29,2888052,258,0,1548,0,1,41,195755,2862,0,30,0,0,0,LEADER,1,4,1,47,29,258,0,0,0,0,0,0,0,0,0
198835,26,bully,3080,1,29,2894374,258,0,1548,0,1,26,195755,3080,0,30,0,0,0,LEADER,1,4,1,32,29,258,0,0,0,0,0,0,0,0,0
198609,4,bully,2854,1,29,2887820,258,502,1548,3012,1,1,195755,2854,0,30,0,0,0,NORMAL,0,3,1,6,91,258,0,502,0,0,0,0,0,0,0
198768,6,bully,3013,1,29,2892431,258,514,1548,3084,2,1,195755,3013,0,30,0,0,0,NORMAL,0,3,1,6,91,258,0,514,0,0,0,0,0,0,0
198491,12,bully,2740,1,29,2884457,258,258,1548,1548,1,1,195751,2740,0,30,0,0,0,NORMAL,0,3,1,6,104,258,0,258,0,0,0,0,0,0,0
198632,9,bully,2877,1,29,2888487,258,257,1548,1542,1,1,195755,2877,0,30,0,0,0,NORMAL,0,3,1,6,87,258,0,257,0,0,0,0,0,0,0
198787,48,bully,3032,1,29,2892982,258,0,1548,0,1,48,195755,3032,0,30,0,0,0,LEADER,1,4,1,54,29,258,0,0,0,0,0,0,0,0,0
198481,44,bully,2726,1,29,2884108,258,0,1548,0,1,44,195755,2726,0,30,0,0,0,LEADER,1,4,1,50,29,258,0,0,0,0,0,0,0,0,0
199189,8,bully,3434,1,29,2904640,258,257,1548,1542,2,1,195755,3434,0,30,0,0,0,NORMAL,0,3,1,6,93,258,0,257,0,0,0,0,0,0,0
198526,22,bully,2774,1,29,2885475,258,0,1548,0,1,22,195752,2774,0,30,0,0,0,LEADER,1,4,1,28,29,258,0,0,0,0,0,0,0,0,0
199196,39,bully,3441,1,29,2904843,258,0,1548,0,1,39,195755,3441,0,30,0,0,0,LEADER,1,4,1,45,29,258,0,0,0,0,0,0,0,0,0
198550,21,bully,2795,1,29,2886109,258,0,1548,0,1,21,195755,2795,0,30,0,0,0,LEADER,1,4,1,27,29,258,0,0,0,0,0,0,0,0,0
198905,3,bully,3150,1,29,2896404,258,518,1548,3108,1,1,195755,3150,0,30,0,0,0,NORMAL,0,3,1,6,88,258,0,518,0,0,0,0,0,0,0
199326,5,bully,3571,1,29,2908613,258,516,1548,3096,1,1,195755,3571,0,30,0,0,0,NORMAL,0,3,1,6,91,258,0,516,0,0,0,0,0,0,0
198749,38,bully,2998,1,29,2891935,258,0,1548,0,1,38,195751,2998,0,30,0,0,0,LEADER,1,4,1,44,29,258,0,0,0,0,0,0,0,0,0
198971,23,bully,3216,1,29,2898318,258,0,1548,0,1,23,195755,3216,0,30,0,0,0,LEADER,1,4,1,29,29,258,0,0,0,0,0,0,0,0,0
198799,16,bully,3047,1,29,2893356,258,258,1548,1548,2,1,195752,3047,0,30,0,0,0,NORMAL,0,3,1,6,116,258,0,258,0,0,0,0,0,0,0
198689,25,bully,2932,1,29,2890090,258,0,1548,0,1,25,195757,2932,0,30,0,0,0,LEADER,1,4,1,31,29,258,0,0,0,0,0,0,0,0,0
199000,33,bully,3250,1,29,2899260,258,0,1548,0,1,33,195750,3250,0,30,0,0,0,LEADER,1,4,1,39,29,258,0,0,0,0,0,0,0,0,0
198973,37,bully,3218,1,29,2898376,258,0,1548,0,1,37,195755,3218,0,30,0,0,0,LEADER,1,4,1,43,29,258,0,0,0,0,0,0,0,0,0
199228,49,bully,3474,1,29,2905792,258,0,1548,0,1,49,195754,3474,0,30,0,0,0,LEADER,1,4,1,55,29,258,0,0,0,0,0,0,0,0,0
198890,35,bully,3135,1,29,2895969,258,0,1548,0,1,35,195755,3135,0,30,0,0,0,LEADER,1,4,1,41,29,258,0,0,0,0,0,0,0,0,0
199366,46,bully,3611,1,29,2909773,258,0,1548,0,1,46,195755,3611,0,30,0,0,0,LEADER,1,4,1,52,29,258,0,0,0,0,0,0,0,0,0
199244,17,bully,3489,1,29,2906235,258,0,1548,0,1,17,195755,3489,0,30,0,0,0,LEADER,1,4,1,23,29,258,0,0,0,0,0,0,0,0,0
199381,14,bully,3626,1,29,2910208,258,256,1548,1536,2,1,195755,3626,0,30,0,0,0,NORMAL,0,3,1,6,92,258,0,256,0,0,0,0,0,0,0
199447,34,bully,3692,1,29,2912122,258,0,1548,0,1,34,195755,3692,0,30,0,0,0,LEADER,1,4,1,40,29,258,0,0,0,0,0,0,0,0,0
199055,42,bully,3304,1,29,2900772,258,0,1548,0,1,42,195751,3304,0,30,0,0,0,LEADER,1,4,1,48,29,258,0,0,0,0,0,0,0,0,0
199208,50,bully,3453,1,29,2905191,258,0,1548,0,1,50,195755,3453,0,30,0,0,0,LEADER,1,4,1,56,29,258,0,0,0,0,0,0,0,0,0
198720,28,bully,2965,1,29,2891039,258,0,1548,0,1,28,195755,2965,0,30,0,0,0,LEADER,1,4,1,34,29,258,0,0,0,0,0,0,0,0,0
198915,7,bully,3160,1,29,2896694,258,516,1548,3096,2,1,195755,3160,0,30,0,0,0,NORMAL,0,3,1,6,92,258,0,516,0,0,0,0,0,0,0
199356,15,bully,3603,1,29,2909529,258,258,1548,1548,2,1,195753,3603,0,30,0,0,0,NORMAL,0,3,1,6,114,258,0,258,0,0,0,0,0,0,0
199036,18,bully,3281,1,29,2900203,258,0,1548,0,1,18,195755,3281,0,30,0,0,0,LEADER,1,4,1,24,29,258,0,0,0,0,0,0,0,0,0
199020,1,bully,3265,1,29,2899739,258,518,1548,3108,1,1,195755,3265,0,30,0,0,0,LEADER,1,4,1,7,29,258,0,518,0,0,0,0,0,0,0
199308,30,bully,3556,1,29,2908142,258,0,1548,0,1,30,195752,3556,0,30,0,0,0,LEADER,1,4,1,36,29,258,0,0,0,0,0,0,0,0,0
199024,32,bully,3271,1,29,2899883,258,0,1548,0,1,32,195753,3271,0,30,0,0,0,LEADER,1,4,1,38,29,258,0,0,0,0,0,0,0,0,0
199341,10,bully,3592,1,29,2909180,258,259,1548,1554,1,1,195749,3592,0,30,0,0,0,NORMAL,0,3,1,7,59,258,0,259,0,0,0,0,0,0,0
198938,13,bully,3183,1,29,2897361,258,250,1548,1500,1,1,195755,3183,0,30,0,0,0,NORMAL,0,3,1,6,90,258,0,250,0,0,0,0,0,0,0
199038,43,bully,3283,1,29,2900261,258,0,1548,0,1,43,195755,3283,0,30,0,0,0,LEADER,1,4,1,49,29,258,0,0,0,0,0,0,0,0,0
199211,24,bully,3456,1,29,2905278,258,0,1548,0,1,24,195755,3456,0,30,0,0,0,LEADER,1,4,1,30,29,258,0,0,0,0,0,0,0,0,0
199277,27,bully,3522,1,29,2907192,258,0,1548,0,1,27,195755,3522,0,30,0,0,0,LEADER,1,4,1,33,29,258,0,0,0,0,0,0,0,0,0
199344,47,bully,3589,1,29,2909135,258,0,1548,0,1,47,195755,3589,0,30,0,0,0,LEADER,1,4,1,53,29,258,0,0,0,0,0,0,0,0,0
199108,20,bully,3353,1,29,2902291,258,0,1548,0,1,20,195755,3353,0,30,0,0,0,LEADER,1,4,1,26,29,258,0,0,0,0,0,0,0,0,0
199174,40,bully,3419,1,29,2904205,258,0,1548,0,1,40,195755,3419,0,30,0,0,0,LEADER,1,4,1,46,29,258,0,0,0,0,0,0,0,0,0
200964,19,bully,2910,1,29,2889392,261,0,1566,0,1,19,198054,2910,0,30,0,0,0,LEADER,1,4,1,28,29,261,0,0,0,0,0,0,0,0,0
201002,29,bully,2944,1,29,2890430,261,0,1566,0,1,29,198058,2944,0,30,0,0,0,LEADER,1,4,1,38,29,261,0,0,0,0,0,0,0,0,0
200754,2,bully,2707,1,29,2883349,261,519,1566,3114,1,1,198047,2707,0,30,0,0,0,NORMAL,0,3,1,10,74,261,0,519,0,0,0,0,0,0,0
201171,36,bully,3113,1,29,2895331,261,0,1566,0,1,36,198058,3113,0,30,0,0,0,LEADER,1,4,1,45,29,261,0,0,0,0,0,0,0,0,0
200887,31,bully,2829,1,29,2887095,261,0,1566,0,1,31,198058,2829,0,30,0,0,0,LEADER,1,4,1,40,29,261,0,0,0,0,0,0,0,0,0
201226,45,bully,3168,1,29,2896926,261,0,1566,0,1,45,198058,3168,0,30,0,0,0,LEADER,1,4,1,54,29,261,0,0,0,0,0,0,0,0,0
200820,11,bully,2762,1,29,2885152,261,260,1566,1560,1,1,198058,2762,0,30,0,0,0,NORMAL,0,3,1,9,89,261,0,260,0,0,0,0,0,0,0
200920,41,bully,2862,1,29,2888052,261,0,1566,0,1,41,198058,2862,0,30,0,0,0,LEADER,1,4,1,50,29,261,0,0,0,0,0,0,0,0,0
201138,26,bully,3080,1,29,2894374,261,0,1566,0,1,26,198058,3080,0,30,0,0,0,LEADER,1,4,1,35,29,261,0,0,0,0,0,0,0,0,0
200912,4,bully,2854,1,29,2887820,261,508,1566,3048,1,1,198058,2854,0,30,0,0,0,NORMAL,0,3,1,9,91,261,0,508,0,0,0,0,0,0,0
201071,6,bully,3013,1,29,2892431,261,520,1566,3120,2,1,198058,3013,0,30,0,0,0,NORMAL,0,3,1,9,91,261,0,520,0,0,0,0,0,0,0
200794,12,bully,2740,1,29,2884457,261,261,1566,1566,1,1,198054,2740,0,30,0,0,0,NORMAL,0,3,1,9,104,261,0,261,0,0,0,0,0,0,0
200935,9,bully,2877,1,29,2888487,261,260,1566,1560,1,1,198058,2877,0,30,0,0,0,NORMAL,0,3,1,9,87,261,0,260,0,0,0,0,0,0,0
201090,48,bully,3032,1,29,2892982,261,0,1566,0,1,48,198058,3032,0,30,0,0,0,LEADER,1,4,1,57,29,261,0,0,0,0,0,0,0,0,0
200784,44,bully,2726,1,29,2884108,261,0,1566,0,1,44,198058,2726,0,30,0,0,0,LEADER,1,4,1,53,29,261,0,0,0,0,0,0,0,0,0
201492,8,bully,3434,1,29,2904640,261,260,1566,1560,2,1,198058,3434,0,30,0,0,0,NORMAL,0,3,1,9,93,261,0,260,0,0,0,0,0,0,0
200829,22,bully,2774,1,29,2885475,261,0,1566,0,1,22,198055,2774,0,30,0,0,0,LEADER,1,4,1,31,29,261,0,0,0,0,0,0,0,0,0
201499,39,bully,3441,1,29,2904843,261,0,1566,0,1,39,198058,3441,0,30,0,0,0,LEADER,1,4,1,48,29,261,0,0,0,0,0,0,0,0,0
200853,21,bully,2795,1,29,2886109,261,0,1566,0,1,21,198058,2795,0,30,0,0,0,LEADER,1,4,1,30,29,261,0,0,0,0,0,0,0,0,0
201208,3,bully,3150,1,29,2896404,261,524,1566,3144,1,1,198058,3150,0,30,0,0,0,NORMAL,0,3,1,9,88,261,0,524,0,0,0,0,0,0,0
201629,5,bully,3571,1,29,2908613,261,522,1566,3132,1,1,198058,3571,0,30,0,0,0,NORMAL,0,3,1,9,91,261,0,522,0,0,0,0,0,0,0
201052,38,bully,2998,1,29,2891935,261,0,1566,0,1,38,198054,2998,0,30,0,0,0,LEADER,1,4,1,47,29,261,0,0,0,0,0,0,0,0,0
201274,23,bully,3216,1,29,2898318,261,0,1566,0,1,23,198058,3216,0,30,0,0,0,LEADER,1,4,1,32,29,261,0,0,0,0,0,0,0,0,0
201102,16,bully,3047,1,29,2893356,261,262,1566,1572,2,1,198055,3047,0,30,0,0,0,NORMAL,0,3,1,9,116,261,0,262,0,0,0,0,0,0,0
200992,25,bully,2932,1,29,2890090,261,0,1566,0,1,25,198060,2932,0,30,0,0,0,LEADER,1,4,1,34,29,261,0,0,0,0,0,0,0,0,0
201303,33,bully,3250,1,29,2899260,261,0,1566,0,1,33,198053,3250,0,30,0,0,0,LEADER,1,4,1,42,29,261,0,0,0,0,0,0,0,0,0
201276,37,bully,3218,1,29,2898376,261,0,1566,0,1,37,198058,3218,0,30,0,0,0,LEADER,1,4,1,46,29,261,0,0,0,0,0,0,0,0,0
201531,49,bully,3474,1,29,2905792,261,0,1566,0,1,49,198057,3474,0,30,0,0,0,LEADER,1,4,1,58,29,261,0,0,0,0,0,0,0,0,0
201193,35,bully,3135,1,29,2895969,261,0,1566,0,1,35,198058,3135,0,30,0,0,0,LEADER,1,4,1,44,29,261,0,0,0,0,0,0,0,0,0
201669,46,bully,3611,1,29,2909773,261,0,1566,0,1,46,198058,3611,0,30,0,0,0,LEADER,1,4,1,55,29,261,0,0,0,0,0,0,0,0,0
201547,17,bully,3489,1,29,2906235,261,0,1566,0,1,17,198058,3489,0,30,0,0,0,LEADER,1,4,1,26,29,261,0,0,0,0,0,0,0,0,0
201684,14,bully,3626,1,29,2910208,261,258,1566,1548,2,1,198058,3626,0,30,0,0,0,NORMAL,0,3,1,9,92,261,0,258,0,0,0,0,0,0,0
201750,34,bully,3692,1,29,2912122,261,0,1566,0,1,34,198058,3692,0,30,0,0,0,LEADER,1,4,1,43,29,261,0,0,0,0,0,0,0,0,0
201358,42,bully,3304,1,29,2900772,261,0,1566,0,1,42,198054,3304,0,30,0,0,0,LEADER,1,4,1,51,29,261,0,0,0,0,0,0,0,0,0
201511,50,bully,3453,1,29,2905191,261,0,1566,0,1,50,198058,3453,0,30,0,0,0,LEADER,1,4,1,59,29,261,0,0,0,0,0,0,0,0,0
201023,28,bully,2965,1,29,2891039,261,0,1566,0,1,28,198058,2965,0,30,0,0,0,LEADER,1,4,1,37,29,261,0,0,0,0,0,0,0,0,0
201218,7,bully,3160,1,29,2896694,261,522,1566,3132,2,1,198058,3160,0,30,0,0,0,NORMAL,0,3,1,9,92,261,0,522,0,0,0,0,0,0,0
201659,15,bully,3603,1,29,2909529,261,262,1566,1572,2,1,198056,3603,0,30,0,0,0,NORMAL,0,3,1,9,114,261,0,262,0,0,0,0,0,0,0
201339,18,bully,3281,1,29,2900203,261,0,1566,0,1,18,198058,3281,0,30,0,0,0,LEADER,1,4,1,27,29,261,0,0,0,0,0,0,0,0,0
201323,1,bully,3265,1,29,2899739,261,524,1566,3144,1,1,198058,3265,0,30,0,0,0,LEADER,1,4,1,10,29,261,0,524,0,0,0,0,0,0,0
201611,30,bully,3556,1,29,2908142,261,0,1566,0,1,30,198055,3556,0,30,0,0,0,LEADER,1,4,1,39,29,261,0,0,0,0,0,0,0,0,0
201327,32,bully,3271,1,29,2899883,261,0,1566,0,1,32,198056,3271,0,30,0,0,0,LEADER,1,4,1,41,29,261,0,0,0,0,0,0,0,0,0
201644,10,bully,3592,1,29,2909180,261,262,1566,1572,1,1,198052,3592,0,30,0,0,0,NORMAL,0,3,1,10,59,261,0,262,0,0,0,0,0,0,0
201241,13,bully,3183,1,29,2897361,261,253,1566,1518,1,1,198058,3183,0,30,0,0,0,NORMAL,0,3,1,9,90,261,0,253,0,0,0,0,0,0,0
201341,43,bully,3283,1,29,2900261,261,0,1566,0,1,43,198058,3283,0,30,0,0,0,LEADER,1,4,1,52,29,261,0,0,0,0,0,0,0,0,0
201514,24,bully,3456,1,29,2905278,261,0,1566,0,1,24,198058,3456,0,30,0,0,0,LEADER,1,4,1,33,29,261,0,0,0,0,0,0,0,0,0
201580,27,bully,3522,1,29,2907192,261,0,1566,0,1,27,198058,3522,0,30,0,0,0,LEADER,1,4,1,36,29,261,0,0,0,0,0,0,0,0,0
201647,47,bully,3589,1,29,2909135,261,0,1566,0,1,47,198058,3589,0,30,0,0,0,LEADER,1,4,1,56,29,261,0,0,0,0,0,0,0,0,0
201411,20,bully,3353,1,29,2902291,261,0,1566,0,1,20,198058,3353,0,30,0,0,0,LEADER,1,4,1,29,29,261,0,0,0,0,0,0,0,0,0
201477,40,bully,3419,1,29,2904205,261,0,1566,0,1,40,198058,3419,0,30,0,0,0,LEADER,1,4,1,49,29,261,0,0,0,0,0,0,0,0,0
203267,19,bully,2910,1,30,3092659,264,0,1584,0,1,19,200357,2910,0,31,0,0,0,LEADER,1,4,1,22,30,264,0,0,0,0,0,0,0,0,0
203305,29,bully,2944,1,30,3093735,264,0,1584,0,1,29,200361,2944,0,31,0,0,0,LEADER,1,4,1,32,30,264,0,0,0,0,0,0,0,0,0
203057,2,bully,2707,1,30,3086406,264,525,1584,3150,1,1,200350,2707,0,31,0,0,0,NORMAL,0,3,2,3,77,264,0,525,0,0,0,0,0,0,0
203474,36,bully,3113,1,30,3098805,264,0,1584,0,1,36,200361,3113,0,31,0,0,0,LEADER,1,4,1,39,30,264,0,0,0,0,0,0,0,0,0
203190,31,bully,2829,1,30,3090285,264,0,1584,0,1,31,200361,2829,0,31,0,0,0,LEADER,1,4,1,34,30,264,0,0,0,0,0,0,0,0,0
203529,45,bully,3168,1,30,3100455,264,0,1584,0,1,45,200361,3168,0,31,0,0,0,LEADER,1,4,1,48,30,264,0,0,0,0,0,0,0,0,0
203123,11,bully,2762,1,30,3088275,264,263,1584,1578,1,1,200361,2762,0,31,0,0,0,NORMAL,0,3,2,3,92,264,0,263,0,0,0,0,0,0,0
203223,41,bully,2862,1,30,3091275,264,0,1584,0,1,41,200361,2862,0,31,0,0,0,LEADER,1,4,1,44,30,264,0,0,0,0,0,0,0,0,0
203441,26,bully,3080,1,30,3097815,264,0,1584,0,1,26,200361,3080,0,31,0,0,0,LEADER,1,4,1,29,30,264,0,0,0,0,0,0,0,0,0
203215,4,bully,2854,1,30,3091035,264,514,1584,3084,1,1,200361,2854,0,31,0,0,0,NORMAL,0,3,2,3,94,264,0,514,0,0,0,0,0,0,0
203374,6,bully,3013,1,30,3095805,264,526,1584,3156,2,1,200361,3013,0,31,0,0,0,NORMAL,0,3,2,3,94,264,0,526,0,0,0,0,0,0,0
203097,12,bully,2740,1,30,3087554,264,264,1584,1584,1,1,200357,2740,0,31,0,0,0,NORMAL,0,3,2,3,108,264,0,264,0,0,0,0,0,0,0
203238,9,bully,2877,1,30,3091725,264,263,1584,1578,1,1,200361,2877,0,31,0,0,0,NORMAL,0,3,2,3,90,264,0,263,0,0,0,0,0,0,0
203393,48,bully,3032,1,30,3096375,264,0,1584,0,1,48,200361,3032,0,31,0,0,0,LEADER,1,4,1,51,30,264,0,0,0,0,0,0,0,0,0
203087,44,bully,2726,1,30,3087195,264,0,1584,0,1,44,200361,2726,0,31,0,0,0,LEADER,1,4,1,47,30,264,0,0,0,0,0,0,0,0,0
203795,8,bully,3434,1,30,3108435,264,263,1584,1578,2,1,200361,3434,0,31,0,0,0,NORMAL,0,3,2,3,96,264,0,263,0,0,0,0,0,0,0
203132,22,bully,2774,1,30,3088607,264,0,1584,0,1,22,200358,2774,0,31,0,0,0,LEADER,1,4,1,25,30,264,0,0,0,0,0,0,0,0,0
203802,39,bully,3441,1,30,3108645,264,0,1584,0,1,39,200361,3441,0,31,0,0,0,LEADER,1,4,1,42,30,264,0,0,0,0,0,0,0,0,0
203156,21,bully,2795,1,30,3089265,264,0,1584,0,1,21,200361,2795,0,31,0,0,0,LEADER,1,4,1,24,30,264,0,0,0,0,0,0,0,0,0
203511,3,bully,3150,1,30,3099915,264,530,1584,3180,1,1,200361,3150,0,31,0,0,0,NORMAL,0,3,2,3,91,264,0,530,0,0,0,0,0,0,0
203932,5,bully,3571,1,30,3112545,264,528,1584,3168,1,1,200361,3571,0,31,0,0,0,NORMAL,0,3,2,3,94,264,0,528,0,0,0,0,0,0,0
203355,38,bully,2998,1,30,3095290,264,0,1584,0,1,38,200357,2998,0,31,0,0,0,LEADER,1,4,1,41,30,264,0,0,0,0,0,0,0,0,0
203577,23,bully,3216,1,30,3101895,264,0,1584,0,1,23,200361,3216,0,31,0,0,0,LEADER,1,4,1,26,30,264,0,0,0,0,0,0,0,0,0
203405,16,bully,3047,1,30,3096761,264,265,1584,1590,2,1,200358,3047,0,31,0,0,0,NORMAL,0,3,2,3,119,264,0,265,0,0,0,0,0,0,0
203295,25,bully,2932,1,30,3093385,264,0,1584,0,1,25,200363,2932,0,31,0,0,0,LEADER,1,4,1,28,30,264,0,0,0,0,0,0,0,0,0
203606,33,bully,3250,1,30,3102866,264,0,1584,0,1,33,200356,3250,0,31,0,0,0,LEADER,1,4,1,36,30,264,0,0,0,0,0,0,0,0,0
203579,37,bully,3218,1,30,3101955,264,0,1584,0,1,37,200361,3218,0,31,0,0,0,LEADER,1,4,1,40,30,264,0,0,0,0,0,0,0,0,0
203834,49,bully,3474,1,30,3109626,264,0,1584,0,1,49,200360,3474,0,31,0,0,0,LEADER,1,4,1,52,30,264,0,0,0,0,0,0,0,0,0
203496,35,bully,3135,1,30,3099465,264,0,1584,0,1,35,200361,3135,0,31,0,0,0,LEADER,1,4,1,38,30,264,0,0,0,0,0,0,0,0,0
203972,46,bully,3611,1,30,3113745,264,0,1584,0,1,46,200361,3611,0,31,0,0,0,LEADER,1,4,1,49,30,264,0,0,0,0,0,0,0,0,0
203850,17,bully,3489,1,30,3110085,264,0,1584,0,1,17,200361,3489,0,31,0,0,0,LEADER,1,4,1,20,30,264,0,0,0,0,0,0,0,0,0
203987,14,bully,3626,1,30,3114195,264,261,1584,1566,2,1,200361,3626,0,31,0,0,0,NORMAL,0,3,2,3,95,264,0,261,0,0,0,0,0,0,0
204053,34,bully,3692,1,30,3116175,264,0,1584,0,1,34,200361,3692,0,31,0,0,0,LEADER,1,4,1,37,30,264,0,0,0,0,0,0,0,0,0
203661,42,bully,3304,1,30,3104433,264,0,1584,0,1,42,200357,3304,0,31,0,0,0,LEADER,1,4,1,45,30,264,0,0,0,0,0,0,0,0,0
203814,50,bully,3453,1,30,3109005,264,0,1584,0,1,50,200361,3453,0,31,0,0,0,LEADER,1,4,1,53,30,264,0,0,0,0,0,0,0,0,0
203326,28,bully,2965,1,30,3094365,264,0,1584,0,1,28,200361,2965,0,31,0,0,0,LEADER,1,4,1,31,30,264,0,0,0,0,0,0,0,0,0
203521,7,bully,3160,1,30,3100215,264,528,1584,3168,2,1,200361,3160,0,31,0,0,0,NORMAL,0,3,2,3,95,264,0,528,0,0,0,0,0,0,0
203962,15,bully,3603,1,30,3113491,264,264,1584,1584,2,1,200359,3603,0,31,0,0,0,NORMAL,0,3,2,3,117,264,0,264,0,0,0,0,0,0,0
203642,18,bully,3281,1,30,3103845,264,0,1584,0,1,18,200361,3281,0,31,0,0,0,LEADER,1,4,1,21,30,264,0,0,0,0,0,0,0,0,0
203626,1,bully,3265,1,30,3103365,264,530,1584,3180,1,1,200361,3265,0,31,0,0,0,LEADER,1,4,1,4,30,264,0,530,0,0,0,0,0,0,0
203914,30,bully,3556,1,30,3112056,264,0,1584,0,1,30,200358,3556,0,31,0,0,0,LEADER,1,4,1,33,30,264,0,0,0,0,0,0,0,0,0
203630,32,bully,3271,1,30,3103513,264,0,1584,0,1,32,200359,3271,0,31,0,0,0,LEADER,1,4,1,35,30,264,0,0,0,0,0,0,0,0,0
203947,10,bully,3592,1,30,3113127,264,265,1584,1590,1,1,200355,3592,0,31,0,0,0,NORMAL,0,3,2,4,61,264,0,265,0,0,0,0,0,0,0
203544,13,bully,3183,1,30,3100905,264,255,1584,1530,1,1,200361,3183,0,31,0,0,0,NORMAL,0,3,2,3,93,264,0,255,0,0,0,0,0,0,0
203644,43,bully,3283,1,30,3103905,264,0,1584,0,1,43,200361,3283,0,31,0,0,0,LEADER,1,4,1,46,30,264,0,0,0,0,0,0,0,0,0
203817,24,bully,3456,1,30,3109095,264,0,1584,0,1,24,200361,3456,0,31,0,0,0,LEADER,1,4,1,27,30,264,0,0,0,0,0,0,0,0,0
203883,27,bully,3522,1,30,3111075,264,0,1584,0,1,27,200361,3522,0,31,0,0,0,LEADER,1,4,1,30,30,264,0,0,0,0,0,0,0,0,0
203950,47,bully,3589,1,30,3113085,264,0,1584,0,1,47,200361,3589,0,31,0,0,0,LEADER,1,4,1,50,30,264,0,0,0,0,0,0,0,0,0
203714,20,bully,3353,1,30,3106005,264,0,1584,0,1,20,200361,3353,0,31,0,0,0,LEADER,1,4,1,23,30,264,0,0,0,0,0,0,0,0,0
203780,40,bully,3419,1,30,3107985,264,0,1584,0,1,40,200361,3419,0,31,0,0,0,LEADER,1,4,1,43,30,264,0,0,0,0,0,0,0,0,0
205570,19,bully,2910,1,30,3092659,267,0,1602,0,1,19,202660,2910,0,31,0,0,0,LEADER,1,4,1,25,30,267,0,0,0,0,0,0,0,0,0
205360,2,bully,2707,1,30,3086406,267,530,1602,3180,1,1,202653,2707,0,31,0,0,0,NORMAL,0,3,1,6,77,267,0,530,0,0,0,0,0,0,0
205608,29,bully,2944,1,30,3093735,267,0,1602,0,1,29,202664,2944,0,31,0,0,0,LEADER,1,4,1,35,30,267,0,0,0,0,0,0,0,0,0
205777,36,bully,3113,1,30,3098805,267,0,1602,0,1,36,202664,3113,0,31,0,0,0,LEADER,1,4,1,42,30,267,0,0,0,0,0,0,0,0,0
205493,31,bully,2829,1,30,3090285,267,0,1602,0,1,31,202664,2829,0,31,0,0,0,LEADER,1,4,1,37,30,267,0,0,0,0,0,0,0,0,0
205832,45,bully,3168,1,30,3100455,267,0,1602,0,1,45,202664,3168,0,31,0,0,0,LEADER,1,4,1,51,30,267,0,0,0,0,0,0,0,0,0
205426,11,bully,2762,1,30,3088275,267,266,1602,1596,1,1,202664,2762,0,31,0,0,0,NORMAL,0,3,1,6,92,267,0,266,0,0,0,0,0,0,0
205526,41,bully,2862,1,30,3091275,267,0,1602,0,1,41,202664,2862,0,31,0,0,0,LEADER,1,4,1,47,30,267,0,0,0,0,0,0,0,0,0
205744,26,bully,3080,1,30,3097815,267,0,1602,0,1,26,202664,3080,0,31,0,0,0,LEADER,1,4,1,32,30,267,0,0,0,0,0,0,0,0,0
205518,4,bully,2854,1,30,3091035,267,520,1602,3120,1,1,202664,2854,0,31,0,0,0,NORMAL,0,3,1,6,94,267,0,520,0,0,0,0,0,0,0
205677,6,bully,3013,1,30,3095805,267,532,1602,3192,2,1,202664,3013,0,31,0,0,0,NORMAL,0,3,1,6,94,267,0,532,0,0,0,0,0,0,0
205400,12,bully,2740,1,30,3087554,267,267,1602,1602,1,1,202660,2740,0,31,0,0,0,NORMAL,0,3,1,6,108,267,0,267,0,0,0,0,0,0,0
205541,9,bully,2877,1,30,3091725,267,266,1602,1596,1,1,202664,2877,0,31,0,0,0,NORMAL,0,3,1,6,90,267,0,266,0,0,0,0,0,0,0
205696,48,bully,3032,1,30,3096375,267,0,1602,0,1,48,202664,3032,0,31,0,0,0,LEADER,1,4,1,54,30,267,0,0,0,0,0,0,0,0,0
205390,44,bully,2726,1,30,3087195,267,0,1602,0,1,44,202664,2726,0,31,0,0,0,LEADER,1,4,1,50,30,267,0,0,0,0,0,0,0,0,0
206098,8,bully,3434,1,30,3108435,267,266,1602,1596,2,1,202664,3434,0,31,0,0,0,NORMAL,0,3,1,6,96,267,0,266,0,0,0,0,0,0,0
205435,22,bully,2774,1,30,3088607,267,0,1602,0,1,22,202661,2774,0,31,0,0,0,LEADER,1,4,1,28,30,267,0,0,0,0,0,0,0,0,0
206105,39,bully,3441,1,30,3108645,267,0,1602,0,1,39,202664,3441,0,31,0,0,0,LEADER,1,4,1,45,30,267,0,0,0,0,0,0,0,0,0
205459,21,bully,2795,1,30,3089265,267,0,1602,0,1,21,202664,2795,0,31,0,0,0,LEADER,1,4,1,27,30,267,0,0,0,0,0,0,0,0,0
205814,3,bully,3150,1,30,3099915,267,536,1602,3216,1,1,202664,3150,0,31,0,0,0,NORMAL,0,3,1,6,91,267,0,536,0,0,0,0,0,0,0
206235,5,bully,3571,1,30,3112545,267,534,1602,3204,1,1,202664,3571,0,31,0,0,0,NORMAL,0,3,1,6,94,267,0,534,0,0,0,0,0,0,0
205658,38,bully,2998,1,30,3095290,267,0,1602,0,1,38,202660,2998,0,31,0,0,0,LEADER,1,4,1,44,30,267,0,0,0,0,0,0,0,0,0
205880,23,bully,3216,1,30,3101895,267,0,1602,0,1,23,202664,3216,0,31,0,0,0,LEADER,1,4,1,29,30,267,0,0,0,0,0,0,0,0,0
205708,16,bully,3047,1,30,3096761,267,267,1602,1602,2,1,202661,3047,0,31,0,0,0,NORMAL,0,3,1,6,119,267,0,267,0,0,0,0,0,0,0
205598,25,bully,2932,1,30,3093385,267,0,1602,0,1,25,202666,2932,0,31,0,0,0,LEADER,1,4,1,31,30,267,0,0,0,0,0,0,0,0,0
205908,33,bully,3250,1,30,3102866,267,0,1602,0,1,33,202658,3250,0,31,0,0,0,LEADER,1,4,1,39,30,267,0,0,0,0,0,0,0,0,0
205882,37,bully,3218,1,30,3101955,267,0,1602,0,1,37,202664,3218,0,31,0,0,0,LEADER,1,4,1,43,30,267,0,0,0,0,0,0,0,0,0
206137,49,bully,3474,1,30,3109626,267,0,1602,0,1,49,202663,3474,0,31,0,0,0,LEADER,1,4,1,55,30,267,0,0,0,0,0,0,0,0,0
205799,35,bully,3135,1,30,3099465,267,0,1602,0,1,35,202664,3135,0,31,0,0,0,LEADER,1,4,1,41,30,267,0,0,0,0,0,0,0,0,0
206275,46,bully,3611,1,30,3113745,267,0,1602,0,1,46,202664,3611,0,31,0,0,0,LEADER,1,4,1,52,30,267,0,0,0,0,0,0,0,0,0
206153,17,bully,3489,1,30,3110085,267,0,1602,0,1,17,202664,3489,0,31,0,0,0,LEADER,1,4,1,23,30,267,0,0,0,0,0,0,0,0,0
206290,14,bully,3626,1,30,3114195,267,264,1602,1584,2,1,202664,3626,0,31,0,0,0,NORMAL,0,3,1,6,95,267,0,264,0,0,0,0,0,0,0
206356,34,bully,3692,1,30,3116175,267,0,1602,0,1,34,202664,3692,0,31,0,0,0,LEADER,1,4,1,40,30,267,0,0,0,0,0,0,0,0,0
205964,42,bully,3304,1,30,3104433,267,0,1602,0,1,42,202660,3304,0,31,0,0,0,LEADER,1,4,1,48,30,267,0,0,0,0,0,0,0,0,0
206117,50,bully,3453,1,30,3109005,267,0,1602,0,1,50,202664,3453,0,31,0,0,0,LEADER,1,4,1,56,30,267,0,0,0,0,0,0,0,0,0
205629,28,bully,2965,1,30,3094365,267,0,1602,0,1,28,202664,2965,0,31,0,0,0,LEADER,1,4,1,34,30,267,0,0,0,0,0,0,0,0,0
205824,7,bully,3160,1,30,3100215,267,534,1602,3204,2,1,202664,3160,0,31,0,0,0,NORMAL,0,3,1,6,95,267,0,534,0,0,0,0,0,0,0
206265,15,bully,3603,1,30,3113491,267,268,1602,1608,2,1,202662,3603,0,31,0,0,0,NORMAL,0,3,1,6,117,267,0,268,0,0,0,0,0,0,0
205945,18,bully,3281,1,30,3103845,267,0,1602,0,1,18,202664,3281,0,31,0,0,0,LEADER,1,4,1,24,30,267,0,0,0,0,0,0,0,0,0
205929,1,bully,3265,1,30,3103365,267,536,1602,3216,1,1,202664,3265,0,31,0,0,0,LEADER,1,4,1,7,30,267,0,536,0,0,0,0,0,0,0
206217,30,bully,3556,1,30,3112056,267,0,1602,0,1,30,202661,3556,0,31,0,0,0,LEADER,1,4,1,36,30,267,0,0,0,0,0,0,0,0,0
205933,32,bully,3271,1,30,3103513,267,0,1602,0,1,32,202662,3271,0,31,0,0,0,LEADER,1,4,1,38,30,267,0,0,0,0,0,0,0,0,0
206250,10,bully,3592,1,30,3113127,267,268,1602,1608,1,1,202658,3592,0,31,0,0,0,NORMAL,0,3,1,7,61,267,0,268,0,0,0,0,0,0,0
205847,13,bully,3183,1,30,3100905,267,258,1602,1548,1,1,202664,3183,0,31,0,0,0,NORMAL,0,3,1,6,93,267,0,258,0,0,0,0,0,0,0
205947,43,bully,3283,1,30,3103905,267,0,1602,0,1,43,202664,3283,0,31,0,0,0,LEADER,1,4,1,49,30,267,0,0,0,0,0,0,0,0,0
206120,24,bully,3456,1,30,3109095,267,0,1602,0,1,24,202664,3456,0,31,0,0,0,LEADER,1,4,1,30,30,267,0,0,0,0,0,0,0,0,0
206186,27,bully,3522,1,30,3111075,267,0,1602,0,1,27,202664,3522,0,31,0,0,0,LEADER,1,4,1,33,30,267,0,0,0,0,0,0,0,0,0
206253,47,bully,3589,1,30,3113085,267,0,1602,0,1,47,202664,3589,0,31,0,0,0,LEADER,1,4,1,53,30,267,0,0,0,0,0,0,0,0,0
206017,20,bully,3353,1,30,3106005,267,0,1602,0,1,20,202664,3353,0,31,0,0,0,LEADER,1,4,1,26,30,267,0,0,0,0,0,0,0,0,0
206083,40,bully,3419,1,30,3107985,267,0,1602,0,1,40,202664,3419,0,31,0,0,0,LEADER,1,4,1,46,30,267,0,0,0,0,0,0,0,0,0
207873,19,bully,2910,1,30,3092659,270,0,1620,0,1,19,204963,2910,0,31,0,0,0,LEADER,1,4,1,28,30,270,0,0,0,0,0,0,0,0,0
207911,29,bully,2944,1,30,3093735,270,0,1620,0,1,29,204967,2944,0,31,0,0,0,LEADER,1,4,1,38,30,270,0,0,0,0,0,0,0,0,0
207663,2,bully,2707,1,30,3086406,270,536,1620,3216,1,1,204956,2707,0,31,0,0,0,NORMAL,0,3,1,9,77,270,0,536,0,0,0,0,0,0,0
208080,36,bully,3113,1,30,3098805,270,0,1620,0,1,36,204967,3113,0,31,0,0,0,LEADER,1,4,1,45,30,270,0,0,0,0,0,0,0,0,0
207796,31,bully,2829,1,30,3090285,270,0,1620,0,1,31,204967,2829,0,31,0,0,0,LEADER,1,4,1,40,30,270,0,0,0,0,0,0,0,0,0
208135,45,bully,3168,1,30,3100455,270,0,1620,0,1,45,204967,3168,0,31,0,0,0,LEADER,1,4,1,54,30,270,0,0,0,0,0,0,0,0,0
207729,11,bully,2762,1,30,3088275,270,269,1620,1614,1,1,204967,2762,0,31,0,0,0,NORMAL,0,3,1,9,92,270,0,269,0,0,0,0,0,0,0
207829,41,bully,2862,1,30,3091275,270,0,1620,0,1,41,204967,2862,0,31,0,0,0,LEADER,1,4,1,50,30,270,0,0,0,0,0,0,0,0,0
208047,26,bully,3080,1,30,3097815,270,0,1620,0,1,26,204967,3080,0,31,0,0,0,LEADER,1,4,1,35,30,270,0,0,0,0,0,0,0,0,0
207821,4,bully,2854,1,30,3091035,270,526,1620,3156,1,1,204967,2854,0,31,0,0,0,NORMAL,0,3,1,9,94,270,0,526,0,0,0,0,0,0,0
207980,6,bully,3013,1,30,3095805,270,538,1620,3228,2,1,204967,3013,0,31,0,0,0,NORMAL,0,3,1,9,94,270,0,538,0,0,0,0,0,0,0
207703,12,bully,2740,1,30,3087554,270,270,1620,1620,1,1,204963,2740,0,31,0,0,0,NORMAL,0,3,1,9,108,270,0,270,0,0,0,0,0,0,0
207844,9,bully,2877,1,30,3091725,270,268,1620,1608,1,1,204967,2877,0,31,0,0,0,NORMAL,0,3,1,9,90,270,0,268,0,0,0,0,0,0,0
207999,48,bully,3032,1,30,3096375,270,0,1620,0,1,48,204967,3032,0,31,0,0,0,LEADER,1,4,1,57,30,270,0,0,0,0,0,0,0,0,0
207693,44,bully,2726,1,30,3087195,270,0,1620,0,1,44,204967,2726,0,31,0,0,0,LEADER,1,4,1,53,30,270,0,0,0,0,0,0,0,0,0
208401,8,bully,3434,1,30,3108435,270,269,1620,1614,2,1,204967,3434,0,31,0,0,0,NORMAL,0,3,1,9,96,270,0,269,0,0,0,0,0,0,0
207737,22,bully,2774,1,30,3088607,270,0,1620,0,1,22,204963,2774,0,31,0,0,0,LEADER,1,4,1,31,30,270,0,0,0,0,0,0,0,0,0
208408,39,bully,3441,1,30,3108645,270,0,1620,0,1,39,204967,3441,0,31,0,0,0,LEADER,1,4,1,48,30,270,0,0,0,0,0,0,0,0,0
207762,21,bully,2795,1,30,3089265,270,0,1620,0,1,21,204967,2795,0,31,0,0,0,LEADER,1,4,1,30,30,270,0,0,0,0,0,0,0,0,0
208117,3,bully,3150,1,30,3099915,270,542,1620,3252,1,1,204967,3150,0,31,0,0,0,NORMAL,0,3,1,9,91,270,0,542,0,0,0,0,0,0,0
208538,5,bully,3571,1,30,3112545,270,540,1620,3240,1,1,204967,3571,0,31,0,0,0,NORMAL,0,3,1,9,94,270,0,540,0,0,0,0,0,0,0
207961,38,bully,2998,1,30,3095290,270,0,1620,0,1,38,204963,2998,0,31,0,0,0,LEADER,1,4,1,47,30,270,0,0,0,0,0,0,0,0,0
208183,23,bully,3216,1,30,3101895,270,0,1620,0,1,23,204967,3216,0,31,0,0,0,LEADER,1,4,1,32,30,270,0,0,0,0,0,0,0,0,0
208010,16,bully,3047,1,30,3096761,270,270,1620,1620,2,1,204963,3047,0,31,0,0,0,NORMAL,0,3,1,9,119,270,0,270,0,0,0,0,0,0,0
207901,25,bully,2932,1,30,3093385,270,0,1620,0,1,25,204969,2932,0,31,0,0,0,LEADER,1,4,1,34,30,270,0,0,0,0,0,0,0,0,0
208211,33,bully,3250,1,30,3102866,270,0,1620,0,1,33,204961,3250,0,31,0,0,0,LEADER,1,4,1,42,30,270,0,0,0,0,0,0,0,0,0
208185,37,bully,3218,1,30,3101955,270,0,1620,0,1,37,204967,3218,0,31,0,0,0,LEADER,1,4,1,46,30,270,0,0,0,0,0,0,0,0,0
208440,49,bully,3474,1,30,3109626,270,0,1620,0,1,49,204966,3474,0,31,0,0,0,LEADER,1,4,1,58,30,270,0,0,0,0,0,0,0,0,0
208102,35,bully,3135,1,30,3099465,270,0,1620,0,1,35,204967,3135,0,31,0,0,0,LEADER,1,4,1,44,30,270,0,0,0,0,0,0,0,0,0
208578,46,bully,3611,1,30,3113745,270,0,1620,0,1,46,204967,3611,0,31,0,0,0,LEADER,1,4,1,55,30,270,0,0,0,0,0,0,0,0,0
208456,17,bully,3489,1,30,3110085,270,0,1620,0,1,17,204967,3489,0,31,0,0,0,LEADER,1,4,1,26,30,270,0,0,0,0,0,0,0,0,0
208593,14,bully,3626,1,30,3114195,270,267,1620,1602,2,1,204967,3626,0,31,0,0,0,NORMAL,0,3,1,9,95,270,0,267,0,0,0,0,0,0,0
208659,34,bully,3692,1,30,3116175,270,0,1620,0,1,34,204967,3692,0,31,0,0,0,LEADER,1,4,1,43,30,270,0,0,0,0,0,0,0,0,0
208267,42,bully,3304,1,30,3104433,270,0,1620,0,1,42,204963,3304,0,31,0,0,0,LEADER,1,4,1,51,30,270,0,0,0,0,0,0,0,0,0
208420,50,bully,3453,1,30,3109005,270,0,1620,0,1,50,204967,3453,0,31,0,0,0,LEADER,1,4,1,59,30,270,0,0,0,0,0,0,0,0,0
207932,28,bully,2965,1,30,3094365,270,0,1620,0,1,28,204967,2965,0,31,0,0,0,LEADER,1,4,1,37,30,270,0,0,0,0,0,0,0,0,0
208127,7,bully,3160,1,30,3100215,270,540,1620,3240,2,1,204967,3160,0,31,0,0,0,NORMAL,0,3,1,9,95,270,0,540,0,0,0,0,0,0,0
208568,15,bully,3603,1,30,3113491,270,270,1620,1620,2,1,204965,3603,0,31,0,0,0,NORMAL,0,3,1,9,117,270,0,270,0,0,0,0,0,0,0
208248,18,bully,3281,1,30,3103845,270,0,1620,0,1,18,204967,3281,0,31,0,0,0,LEADER,1,4,1,27,30,270,0,0,0,0,0,0,0,0,0
208232,1,bully,3265,1,30,3103365,270,542,1620,3252,1,1,204967,3265,0,31,0,0,0,LEADER,1,4,1,10,30,270,0,542,0,0,0,0,0,0,0
208520,30,bully,3556,1,30,3112056,270,0,1620,0,1,30,204964,3556,0,31,0,0,0,LEADER,1,4,1,39,30,270,0,0,0,0,0,0,0,0,0
208236,32,bully,3271,1,30,3103513,270,0,1620,0,1,32,204965,3271,0,31,0,0,0,LEADER,1,4,1,41,30,270,0,0,0,0,0,0,0,0,0
208553,10,bully,3592,1,30,3113127,270,271,1620,1626,1,1,204961,3592,0,31,0,0,0,NORMAL,0,3,1,10,61,270,0,271,0,0,0,0,0,0,0
208150,13,bully,3183,1,30,3100905,270,261,1620,1566,1,1,204967,3183,0,31,0,0,0,NORMAL,0,3,1,9,93,270,0,261,0,0,0,0,0,0,0
208250,43,bully,3283,1,30,3103905,270,0,1620,0,1,43,204967,3283,0,31,0,0,0,LEADER,1,4,1,52,30,270,0,0,0,0,0,0,0,0,0
208423,24,bully,3456,1,30,3109095,270,0,1620,0,1,24,204967,3456,0,31,0,0,0,LEADER,1,4,1,33,30,270,0,0,0,0,0,0,0,0,0
208489,27,bully,3522,1,30,3111075,270,0,1620,0,1,27,204967,3522,0,31,0,0,0,LEADER,1,4,1,36,30,270,0,0,0,0,0,0,0,0,0
208556,47,bully,3589,1,30,3113085,270,0,1620,0,1,47,204967,3589,0,31,0,0,0,LEADER,1,4,1,56,30,270,0,0,0,0,0,0,0,0,0
208320,20,bully,3353,1,30,3106005,270,0,1620,0,1,20,204967,3353,0,31,0,0,0,LEADER,1,4,1,29,30,270,0,0,0,0,0,0,0,0,0
208386,40,bully,3419,1,30,3107985,270,0,1620,0,1,40,204967,3419,0,31,0,0,0,LEADER,1,4,1,49,30,270,0,0,0,0,0,0,0,0,0
210176,19,bully,2910,1,31,3302835,273,0,1638,0,1,19,207266,2910,0,32,0,0,0,LEADER,1,4,1,22,31,273,0,0,0,0,0,0,0,0,0
209964,2,bully,2707,1,31,3296370,273,541,1638,3246,1,1,207257,2707,0,32,0,0,0,NORMAL,0,3,2,3,80,273,0,541,0,0,0,0,0,0,0
210214,29,bully,2944,1,31,3303949,273,0,1638,0,1,29,207270,2944,0,32,0,0,0,LEADER,1,4,1,32,31,273,0,0,0,0,0,0,0,0,0
210383,36,bully,3113,1,31,3309188,273,0,1638,0,1,36,207270,3113,0,32,0,0,0,LEADER,1,4,1,39,31,273,0,0,0,0,0,0,0,0,0
210099,31,bully,2829,1,31,3300384,273,0,1638,0,1,31,207270,2829,0,32,0,0,0,LEADER,1,4,1,34,31,273,0,0,0,0,0,0,0,0,0
210438,45,bully,3168,1,31,3310893,273,0,1638,0,1,45,207270,3168,0,32,0,0,0,LEADER,1,4,1,48,31,273,0,0,0,0,0,0,0,0,0
210032,11,bully,2762,1,31,3298307,273,272,1638,1632,1,1,207270,2762,0,32,0,0,0,NORMAL,0,3,2,3,95,273,0,272,0,0,0,0,0,0,0
210132,41,bully,2862,1,31,3301407,273,0,1638,0,1,41,207270,2862,0,32,0,0,0,LEADER,1,4,1,44,31,273,0,0,0,0,0,0,0,0,0
210350,26,bully,3080,1,31,3308165,273,0,1638,0,1,26,207270,3080,0,32,0,0,0,LEADER,1,4,1,29,31,273,0,0,0,0,0,0,0,0,0
210124,4,bully,2854,1,31,3301159,273,532,1638,3192,1,1,207270,2854,0,32,0,0,0,NORMAL,0,3,2,3,97,273,0,532,0,0,0,0,0,0,0
210283,6,bully,3013,1,31,3306088,273,544,1638,3264,2,1,207270,3013,0,32,0,0,0,NORMAL,0,3,2,3,97,273,0,544,0,0,0,0,0,0,0
210006,12,bully,2740,1,31,3297560,273,273,1638,1638,1,1,207266,2740,0,32,0,0,0,NORMAL,0,3,2,2,113,273,0,273,0,0,0,0,0,0,0
210147,9,bully,2877,1,31,3301872,273,271,1638,1626,1,1,207270,2877,0,32,0,0,0,NORMAL,0,3,2,3,93,273,0,271,0,0,0,0,0,0,0
210302,48,bully,3032,1,31,3306677,273,0,1638,0,1,48,207270,3032,0,32,0,0,0,LEADER,1,4,1,51,31,273,0,0,0,0,0,0,0,0,0
209996,44,bully,2726,1,31,3297191,273,0,1638,0,1,44,207270,2726,0,32,0,0,0,LEADER,1,4,1,47,31,273,0,0,0,0,0,0,0,0,0
210704,8,bully,3434,1,31,3319139,273,272,1638,1632,2,1,207270,3434,0,32,0,0,0,NORMAL,0,3,2,3,99,273,0,272,0,0,0,0,0,0,0
210040,22,bully,2774,1,31,3298647,273,0,1638,0,1,22,207266,2774,0,32,0,0,0,LEADER,1,4,1,25,31,273,0,0,0,0,0,0,0,0,0
210711,39,bully,3441,1,31,3319356,273,0,1638,0,1,39,207270,3441,0,32,0,0,0,LEADER,1,4,1,42,31,273,0,0,0,0,0,0,0,0,0
210065,21,bully,2795,1,31,3299330,273,0,1638,0,1,21,207270,2795,0,32,0,0,0,LEADER,1,4,1,24,31,273,0,0,0,0,0,0,0,0,0
210420,3,bully,3150,1,31,3310335,273,548,1638,3288,1,1,207270,3150,0,32,0,0,0,NORMAL,0,3,2,3,94,273,0,548,0,0,0,0,0,0,0
210841,5,bully,3571,1,31,3323386,273,546,1638,3276,1,1,207270,3571,0,32,0,0,0,NORMAL,0,3,2,3,97,273,0,546,0,0,0,0,0,0,0
210264,38,bully,2998,1,31,3305554,273,0,1638,0,1,38,207266,2998,0,32,0,0,0,LEADER,1,4,1,41,31,273,0,0,0,0,0,0,0,0,0
210486,23,bully,3216,1,31,3312381,273,0,1638,0,1,23,207270,3216,0,32,0,0,0,LEADER,1,4,1,26,31,273,0,0,0,0,0,0,0,0,0
210313,16,bully,3047,1,31,3307074,273,273,1638,1638,2,1,207266,3047,0,32,0,0,0,NORMAL,0,3,2,3,123,273,0,273,0,0,0,0,0,0,0
210204,25,bully,2932,1,31,3303589,273,0,1638,0,1,25,207272,2932,0,32,0,0,0,LEADER,1,4,1,28,31,273,0,0,0,0,0,0,0,0,0
210514,33,bully,3250,1,31,3313380,273,0,1638,0,1,33,207264,3250,0,32,0,0,0,LEADER,1,4,1,36,31,273,0,0,0,0,0,0,0,0,0
210488,37,bully,3218,1,31,3312443,273,0,1638,0,1,37,207270,3218,0,32,0,0,0,LEADER,1,4,1,40,31,273,0,0,0,0,0,0,0,0,0
210743,49,bully,3474,1,31,3320369,273,0,1638,0,1,49,207269,3474,0,32,0,0,0,LEADER,1,4,1,52,31,273,0,0,0,0,0,0,0,0,0
210405,35,bully,3135,1,31,3309870,273,0,1638,0,1,35,207270,3135,0,32,0,0,0,LEADER,1,4,1,38,31,273,0,0,0,0,0,0,0,0,0
210881,46,bully,3611,1,31,3324626,273,0,1638,0,1,46,207270,3611,0,32,0,0,0,LEADER,1,4,1,49,31,273,0,0,0,0,0,0,0,0,0
210759,17,bully,3489,1,31,3320844,273,0,1638,0,1,17,207270,3489,0,32,0,0,0,LEADER,1,4,1,20,31,273,0,0,0,0,0,0,0,0,0
210896,14,bully,3626,1,31,3325091,273,270,1638,1620,2,1,207270,3626,0,32,0,0,0,NORMAL,0,3,2,3,98,273,0,270,0,0,0,0,0,0,0
210962,34,bully,3692,1,31,3327137,273,0,1638,0,1,34,207270,3692,0,32,0,0,0,LEADER,1,4,1,37,31,273,0,0,0,0,0,0,0,0,0
210570,42,bully,3304,1,31,3315003,273,0,1638,0,1,42,207266,3304,0,32,0,0,0,LEADER,1,4,1,45,31,273,0,0,0,0,0,0,0,0,0
210723,50,bully,3453,1,31,3319728,273,0,1638,0,1,50,207270,3453,0,32,0,0,0,LEADER,1,4,1,53,31,273,0,0,0,0,0,0,0,0,0
210235,28,bully,2965,1,31,3304600,273,0,1638,0,1,28,207270,2965,0,32,0,0,0,LEADER,1,4,1,31,31,273,0,0,0,0,0,0,0,0,0
210430,7,bully,3160,1,31,3310645,273,546,1638,3276,2,1,207270,3160,0,32,0,0,0,NORMAL,0,3,2,3,98,273,0,546,0,0,0,0,0,0,0
210871,15,bully,3603,1,31,3324362,273,273,1638,1638,2,1,207268,3603,0,32,0,0,0,NORMAL,0,3,2,3,121,273,0,273,0,0,0,0,0,0,0
210551,18,bully,3281,1,31,3314396,273,0,1638,0,1,18,207270,3281,0,32,0,0,0,LEADER,1,4,1,21,31,273,0,0,0,0,0,0,0,0,0
210535,1,bully,3265,1,31,3313900,273,548,1638,3288,1,1,207270,3265,0,32,0,0,0,LEADER,1,4,1,4,31,273,0,548,0,0,0,0,0,0,0
210823,30,bully,3556,1,31,3322879,273,0,1638,0,1,30,207267,3556,0,32,0,0,0,LEADER,1,4,1,33,31,273,0,0,0,0,0,0,0,0,0
210539,32,bully,3271,1,31,3314052,273,0,1638,0,1,32,207268,3271,0,32,0,0,0,LEADER,1,4,1,35,31,273,0,0,0,0,0,0,0,0,0
210856,10,bully,3592,1,31,3323983,273,274,1638,1644,1,1,207264,3592,0,32,0,0,0,NORMAL,0,3,2,4,63,273,0,274,0,0,0,0,0,0,0
210453,13,bully,3183,1,31,3311358,273,264,1638,1584,1,1,207270,3183,0,32,0,0,0,NORMAL,0,3,2,3,96,273,0,264,0,0,0,0,0,0,0
210553,43,bully,3283,1,31,3314458,273,0,1638,0,1,43,207270,3283,0,32,0,0,0,LEADER,1,4,1,46,31,273,0,0,0,0,0,0,0,0,0
210726,24,bully,3456,1,31,3319821,273,0,1638,0,1,24,207270,3456,0,32,0,0,0,LEADER,1,4,1,27,31,273,0,0,0,0,0,0,0,0,0
210792,27,bully,3522,1,31,3321867,273,0,1638,0,1,27,207270,3522,0,32,0,0,0,LEADER,1,4,1,30,31,273,0,0,0,0,0,0,0,0,0
210859,47,bully,3589,1,31,3323944,273,0,1638,0,1,47,207270,3589,0,32,0,0,0,LEADER,1,4,1,50,31,273,0,0,0,0,0,0,0,0,0
210623,20,bully,3353,1,31,3316628,273,0,1638,0,1,20,207270,3353,0,32,0,0,0,LEADER,1,4,1,23,31,273,0,0,0,0,0,0,0,0,0
210689,40,bully,3419,1,31,3318674,273,0,1638,0,1,40,207270,3419,0,32,0,0,0,LEADER,1,4,1,43,31,273,0,0,0,0,0,0,0,0,0
212479,19,bully,2910,1,31,3302835,276,0,1656,0,1,19,209569,2910,0,32,0,0,0,LEADER,1,4,1,25,31,276,0,0,0,0,0,0,0,0,0
212267,2,bully,2707,1,31,3296370,276,548,1656,3288,1,1,209560,2707,0,32,0,0,0,NORMAL,0,3,1,6,80,276,0,548,0,0,0,0,0,0,0
212517,29,bully,2944,1,31,3303949,276,0,1656,0,1,29,209573,2944,0,32,0,0,0,LEADER,1,4,1,35,31,276,0,0,0,0,0,0,0,0,0
212686,36,bully,3113,1,31,3309188,276,0,1656,0,1,36,209573,3113,0,32,0,0,0,LEADER,1,4,1,42,31,276,0,0,0,0,0,0,0,0,0
212402,31,bully,2829,1,31,3300384,276,0,1656,0,1,31,209573,2829,0,32,0,0,0,LEADER,1,4,1,37,31,276,0,0,0,0,0,0,0,0,0
212741,45,bully,3168,1,31,3310893,276,0,1656,0,1,45,209573,3168,0,32,0,0,0,LEADER,1,4,1,51,31,276,0,0,0,0,0,0,0,0,0
212335,11,bully,2762,1,31,3298307,276,275,1656,1650,1,1,209573,2762,0,32,0,0,0,NORMAL,0,3,1,6,95,276,0,275,0,0,0,0,0,0,0
212435,41,bully,2862,1,31,3301407,276,0,1656,0,1,41,209573,2862,0,32,0,0,0,LEADER,1,4,1,47,31,276,0,0,0,0,0,0,0,0,0
212653,26,bully,3080,1,31,3308165,276,0,1656,0,1,26,209573,3080,0,32,0,0,0,LEADER,1,4,1,32,31,276,0,0,0,0,0,0,0,0,0
212427,4,bully,2854,1,31,3301159,276,538,1656,3228,1,1,209573,2854,0,32,0,0,0,NORMAL,0,3,1,6,97,276,0,538,0,0,0,0,0,0,0
212586,6,bully,3013,1,31,3306088,276,550,1656,3300,2,1,209573,3013,0,32,0,0,0,NORMAL,0,3,1,6,97,276,0,550,0,0,0,0,0,0,0
212309,12,bully,2740,1,31,3297560,276,276,1656,1656,1,1,209569,2740,0,32,0,0,0,NORMAL,0,3,1,5,113,276,0,276,0,0,0,0,0,0,0
212450,9,bully,2877,1,31,3301872,276,274,1656,1644,1,1,209573,2877,0,32,0,0,0,NORMAL,0,3,1,6,93,276,0,274,0,0,0,0,0,0,0
212605,48,bully,3032,1,31,3306677,276,0,1656,0,1,48,209573,3032,0,32,0,0,0,LEADER,1,4,1,54,31,276,0,0,0,0,0,0,0,0,0
212299,44,bully,2726,1,31,3297191,276,0,1656,0,1,44,209573,2726,0,32,0,0,0,LEADER,1,4,1,50,31,276,0,0,0,0,0,0,0,0,0
213007,8,bully,3434,1,31,3319139,276,275,1656,1650,2,1,209573,3434,0,32,0,0,0,NORMAL,0,3,1,6,99,276,0,275,0,0,0,0,0,0,0
212343,22,bully,2774,1,31,3298647,276,0,1656,0,1,22,209569,2774,0,32,0,0,0,LEADER,1,4,1,28,31,276,0,0,0,0,0,0,0,0,0
213014,39,bully,3441,1,31,3319356,276,0,1656,0,1,39,209573,3441,0,32,0,0,0,LEADER,1,4,1,45,31,276,0,0,0,0,0,0,0,0,0
212368,21,bully,2795,1,31,3299330,276,0,1656,0,1,21,209573,2795,0,32,0,0,0,LEADER,1,4,1,27,31,276,0,0,0,0,0,0,0,0,0
212723,3,bully,3150,1,31,3310335,276,554,1656,3324,1,1,209573,3150,0,32,0,0,0,NORMAL,0,3,1,6,94,276,0,554,0,0,0,0,0,0,0
213144,5,bully,3571,1,31,3323386,276,552,1656,3312,1,1,209573,3571,0,32,0,0,0,NORMAL,0,3,1,6,97,276,0,552,0,0,0,0,0,0,0
212566,38,bully,2998,1,31,3305554,276,0,1656,0,1,38,209568,2998,0,32,0,0,0,LEADER,1,4,1,44,31,276,0,0,0,0,0,0,0,0,0
212789,23,bully,3216,1,31,3312381,276,0,1656,0,1,23,209573,3216,0,32,0,0,0,LEADER,1,4,1,29,31,276,0,0,0,0,0,0,0,0,0
212616,16,bully,3047,1,31,3307074,276,276,1656,1656,2,1,209569,3047,0,32,0,0,0,NORMAL,0,3,1,6,123,276,0,276,0,0,0,0,0,0,0
212507,25,bully,2932,1,31,3303589,276,0,1656,0,1,25,209575,2932,0,32,0,0,0,LEADER,1,4,1,31,31,276,0,0,0,0,0,0,0,0,0
212817,33,bully,3250,1,31,3313380,276,0,1656,0,1,33,209567,3250,0,32,0,0,0,LEADER,1,4,1,39,31,276,0,0,0,0,0,0,0,0,0
212791,37,bully,3218,1,31,3312443,276,0,1656,0,1,37,209573,3218,0,32,0,0,0,LEADER,1,4,1,43,31,276,0,0,0,0,0,0,0,0,0
213046,49,bully,3474,1,31,3320369,276,0,1656,0,1,49,209572,3474,0,32,0,0,0,LEADER,1,4,1,55,31,276,0,0,0,0,0,0,0,0,0
212708,35,bully,3135,1,31,3309870,276,0,1656,0,1,35,209573,3135,0,32,0,0,0,LEADER,1,4,1,41,31,276,0,0,0,0,0,0,0,0,0
213184,46,bully,3611,1,31,3324626,276,0,1656,0,1,46,209573,3611,0,32,0,0,0,LEADER,1,4,1,52,31,276,0,0,0,0,0,0,0,0,0
213062,17,bully,3489,1,31,3320844,276,0,1656,0,1,17,209573,3489,0,32,0,0,0,LEADER,1,4,1,23,31,276,0,0,0,0,0,0,0,0,0
213199,14,bully,3626,1,31,3325091,276,273,1656,1638,2,1,209573,3626,0,32,0,0,0,NORMAL,0,3,1,6,98,276,0,273,0,0,0,0,0,0,0
213265,34,bully,3692,1,31,3327137,276,0,1656,0,1,34,209573,3692,0,32,0,0,0,LEADER,1,4,1,40,31,276,0,0,0,0,0,0,0,0,0
212873,42,bully,3304,1,31,3315003,276,0,1656,0,1,42,209569,3304,0,32,0,0,0,LEADER,1,4,1,48,31,276,0,0,0,0,0,0,0,0,0
213026,50,bully,3453,1,31,3319728,276,0,1656,0,1,50,209573,3453,0,32,0,0,0,LEADER,1,4,1,56,31,276,0,0,0,0,0,0,0,0,0
212538,28,bully,2965,1,31,3304600,276,0,1656,0,1,28,209573,2965,0,32,0,0,0,LEADER,1,4,1,34,31,276,0,0,0,0,0,0,0,0,0
212733,7,bully,3160,1,31,3310645,276,552,1656,3312,2,1,209573,3160,0,32,0,0,0,NORMAL,0,3,1,6,98,276,0,552,0,0,0,0,0,0,0
213174,15,bully,3603,1,31,3324362,276,276,1656,1656,2,1,209571,3603,0,32,0,0,0,NORMAL,0,3,1,6,121,276,0,276,0,0,0,0,0,0,0
212854,18,bully,3281,1,31,3314396,276,0,1656,0,1,18,209573,3281,0,32,0,0,0,LEADER,1,4,1,24,31,276,0,0,0,0,0,0,0,0,0
212838,1,bully,3265,1,31,3313900,276,554,1656,3324,1,1,209573,3265,0,32,0,0,0,LEADER,1,4,1,7,31,276,0,554,0,0,0,0,0,0,0
213126,30,bully,3556,1,31,3322879,276,0,1656,0,1,30,209570,3556,0,32,0,0,0,LEADER,1,4,1,36,31,276,0,0,0,0,0,0,0,0,0
212842,32,bully,3271,1,31,3314052,276,0,1656,0,1,32,209571,3271,0,32,0,0,0,LEADER,1,4,1,38,31,276,0,0,0,0,0,0,0,0,0
213159,10,bully,3592,1,31,3323983,276,277,1656,1662,1,1,209567,3592,0,32,0,0,0,NORMAL,0,3,1,7,63,276,0,277,0,0,0,0,0,0,0
212756,13,bully,3183,1,31,3311358,276,267,1656,1602,1,1,209573,3183,0,32,0,0,0,NORMAL,0,3,1,6,96,276,0,267,0,0,0,0,0,0,0
212856,43,bully,3283,1,31,3314458,276,0,1656,0,1,43,209573,3283,0,32,0,0,0,LEADER,1,4,1,49,31,276,0,0,0,0,0,0,0,0,0
213029,24,bully,3456,1,31,3319821,276,0,1656,0,1,24,209573,3456,0,32,0,0,0,LEADER,1,4,1,30,31,276,0,0,0,0,0,0,0,0,0
213095,27,bully,3522,1,31,3321867,276,0,1656,0,1,27,209573,3522,0,32,0,0,0,LEADER,1,4,1,33,31,276,0,0,0,0,0,0,0,0,0
213162,47,bully,3589,1,31,3323944,276,0,1656,0,1,47,209573,3589,0,32,0,0,0,LEADER,1,4,1,53,31,276,0,0,0,0,0,0,0,0,0
212926,20,bully,3353,1,31,3316628,276,0,1656,0,1,20,209573,3353,0,32,0,0,0,LEADER,1,4,1,26,31,276,0,0,0,0,0,0,0,0,0
212992,40,bully,3419,1,31,3318674,276,0,1656,0,1,40,209573,3419,0,32,0,0,0,LEADER,1,4,1,46,31,276,0,0,0,0,0,0,0,0,0
214782,19,bully,2910,1,31,3302835,279,0,1674,0,1,19,211872,2910,0,32,0,0,0,LEADER,1,4,1,28,31,279,0,0,0,0,0,0,0,0,0
214570,2,bully,2707,1,31,3296370,279,554,1674,3324,1,1,211863,2707,0,32,0,0,0,NORMAL,0,3,1,9,80,279,0,554,0,0,0,0,0,0,0
214820,29,bully,2944,1,31,3303949,279,0,1674,0,1,29,211876,2944,0,32,0,0,0,LEADER,1,4,1,38,31,279,0,0,0,0,0,0,0,0,0
214989,36,bully,3113,1,31,3309188,279,0,1674,0,1,36,211876,3113,0,32,0,0,0,LEADER,1,4,1,45,31,279,0,0,0,0,0,0,0,0,0
214705,31,bully,2829,1,31,3300384,279,0,1674,0,1,31,211876,2829,0,32,0,0,0,LEADER,1,4,1,40,31,279,0,0,0,0,0,0,0,0,0
215044,45,bully,3168,1,31,3310893,279,0,1674,0,1,45,211876,3168,0,32,0,0,0,LEADER,1,4,1,54,31,279,0,0,0,0,0,0,0,0,0
214638,11,bully,2762,1,31,3298307,279,278,1674,1668,1,1,211876,2762,0,32,0,0,0,NORMAL,0,3,1,9,95,279,0,278,0,0,0,0,0,0,0
214738,41,bully,2862,1,31,3301407,279,0,1674,0,1,41,211876,2862,0,32,0,0,0,LEADER,1,4,1,50,31,279,0,0,0,0,0,0,0,0,0
214956,26,bully,3080,1,31,3308165,279,0,1674,0,1,26,211876,3080,0,32,0,0,0,LEADER,1,4,1,35,31,279,0,0,0,0,0,0,0,0,0
214730,4,bully,2854,1,31,3301159,279,544,1674,3264,1,1,211876,2854,0,32,0,0,0,NORMAL,0,3,1,9,97,279,0,544,0,0,0,0,0,0,0
214889,6,bully,3013,1,31,3306088,279,556,1674,3336,2,1,211876,3013,0,32,0,0,0,NORMAL,0,3,1,9,97,279,0,556,0,0,0,0,0,0,0
214612,12,bully,2740,1,31,3297560,279,279,1674,1674,1,1,211872,2740,0,32,0,0,0,NORMAL,0,3,1,8,113,279,0,279,0,0,0,0,0,0,0
214753,9,bully,2877,1,31,3301872,279,277,1674,1662,1,1,211876,2877,0,32,0,0,0,NORMAL,0,3,1,9,93,279,0,277,0,0,0,0,0,0,0
214908,48,bully,3032,1,31,3306677,279,0,1674,0,1,48,211876,3032,0,32,0,0,0,LEADER,1,4,1,57,31,279,0,0,0,0,0,0,0,0,0
214602,44,bully,2726,1,31,3297191,279,0,1674,0,1,44,211876,2726,0,32,0,0,0,LEADER,1,4,1,53,31,279,0,0,0,0,0,0,0,0,0
215310,8,bully,3434,1,31,3319139,279,278,1674,1668,2,1,211876,3434,0,32,0,0,0,NORMAL,0,3,1,9,99,279,0,278,0,0,0,0,0,0,0
214646,22,bully,2774,1,31,3298647,279,0,1674,0,1,22,211872,2774,0,32,0,0,0,LEADER,1,4,1,31,31,279,0,0,0,0,0,0,0,0,0
215317,39,bully,3441,1,31,3319356,279,0,1674,0,1,39,211876,3441,0,32,0,0,0,LEADER,1,4,1,48,31,279,0,0,0,0,0,0,0,0,0
214671,21,bully,2795,1,31,3299330,279,0,1674,0,1,21,211876,2795,0,32,0,0,0,LEADER,1,4,1,30,31,279,0,0,0,0,0,0,0,0,0
215026,3,bully,3150,1,31,3310335,279,560,1674,3360,1,1,211876,3150,0,32,0,0,0,NORMAL,0,3,1,9,94,279,0,560,0,0,0,0,0,0,0
215447,5,bully,3571,1,31,3323386,279,558,1674,3348,1,1,211876,3571,0,32,0,0,0,NORMAL,0,3,1,9,97,279,0,558,0,0,0,0,0,0,0
214869,38,bully,2998,1,31,3305554,279,0,1674,0,1,38,211871,2998,0,32,0,0,0,LEADER,1,4,1,47,31,279,0,0,0,0,0,0,0,0,0
215092,23,bully,3216,1,31,3312381,279,0,1674,0,1,23,211876,3216,0,32,0,0,0,LEADER,1,4,1,32,31,279,0,0,0,0,0,0,0,0,0
214919,16,bully,3047,1,31,3307074,279,279,1674,1674,2,1,211872,3047,0,32,0,0,0,NORMAL,0,3,1,9,123,279,0,279,0,0,0,0,0,0,0
214810,25,bully,2932,1,31,3303589,279,0,1674,0,1,25,211878,2932,0,32,0,0,0,LEADER,1,4,1,34,31,279,0,0,0,0,0,0,0,0,0
215120,33,bully,3250,1,31,3313380,279,0,1674,0,1,33,211870,3250,0,32,0,0,0,LEADER,1,4,1,42,31,279,0,0,0,0,0,0,0,0,0
215094,37,bully,3218,1,31,3312443,279,0,1674,0,1,37,211876,3218,0,32,0,0,0,LEADER,1,4,1,46,31,279,0,0,0,0,0,0,0,0,0
215349,49,bully,3474,1,31,3320369,279,0,1674,0,1,49,211875,3474,0,32,0,0,0,LEADER,1,4,1,58,31,279,0,0,0,0,0,0,0,0,0
215011,35,bully,3135,1,31,3309870,279,0,1674,0,1,35,211876,3135,0,32,0,0,0,LEADER,1,4,1,44,31,279,0,0,0,0,0,0,0,0,0
215487,46,bully,3611,1,31,3324626,279,0,1674,0,1,46,211876,3611,0,32,0,0,0,LEADER,1,4,1,55,31,279,0,0,0,0,0,0,0,0,0
215365,17,bully,3489,1,31,3320844,279,0,1674,0,1,17,211876,3489,0,32,0,0,0,LEADER,1,4,1,26,31,279,0,0,0,0,0,0,0,0,0
215502,14,bully,3626,1,31,3325091,279,276,1674,1656,2,1,211876,3626,0,32,0,0,0,NORMAL,0,3,1,9,98,279,0,276,0,0,0,0,0,0,0
215568,34,bully,3692,1,31,3327137,279,0,1674,0,1,34,211876,3692,0,32,0,0,0,LEADER,1,4,1,43,31,279,0,0,0,0,0,0,0,0,0
215176,42,bully,3304,1,31,3315003,279,0,1674,0,1,42,211872,3304,0,32,0,0,0,LEADER,1,4,1,51,31,279,0,0,0,0,0,0,0,0,0
215329,50,bully,3453,1,31,3319728,279,0,1674,0,1,50,211876,3453,0,32,0,0,0,LEADER,1,4,1,59,31,279,0,0,0,0,0,0,0,0,0
214841,28,bully,2965,1,31,3304600,279,0,1674,0,1,28,211876,2965,0,32,0,0,0,LEADER,1,4,1,37,31,279,0,0,0,0,0,0,0,0,0
215036,7,bully,3160,1,31,3310645,279,558,1674,3348,2,1,211876,3160,0,32,0,0,0,NORMAL,0,3,1,9,98,279,0,558,0,0,0,0,0,0,0
215477,15,bully,3603,1,31,3324362,279,279,1674,1674,2,1,211874,3603,0,32,0,0,0,NORMAL,0,3,1,9,121,279,0,279,0,0,0,0,0,0,0
215157,18,bully,3281,1,31,3314396,279,0,1674,0,1,18,211876,3281,0,32,0,0,0,LEADER,1,4,1,27,31,279,0,0,0,0,0,0,0,0,0
215141,1,bully,3265,1,31,3313900,279,560,1674,3360,1,1,211876,3265,0,32,0,0,0,LEADER,1,4,1,10,31,279,0,560,0,0,0,0,0,0,0
215429,30,bully,3556,1,31,3322879,279,0,1674,0,1,30,211873,3556,0,32,0,0,0,LEADER,1,4,1,39,31,279,0,0,0,0,0,0,0,0,0
215145,32,bully,3271,1,31,3314052,279,0,1674,0,1,32,211874,3271,0,32,0,0,0,LEADER,1,4,1,41,31,279,0,0,0,0,0,0,0,0,0
215462,10,bully,3592,1,31,3323983,279,280,1674,1680,1,1,211870,3592,0,32,0,0,0,NORMAL,0,3,1,10,63,279,0,280,0,0,0,0,0,0,0
215059,13,bully,3183,1,31,3311358,279,270,1674,1620,1,1,211876,3183,0,32,0,0,0,NORMAL,0,3,1,9,96,279,0,270,0,0,0,0,0,0,0
215159,43,bully,3283,1,31,3314458,279,0,1674,0,1,43,211876,3283,0,32,0,0,0,LEADER,1,4,1,52,31,279,0,0,0,0,0,0,0,0,0
215332,24,bully,3456,1,31,3319821,279,0,1674,0,1,24,211876,3456,0,32,0,0,0,LEADER,1,4,1,33,31,279,0,0,0,0,0,0,0,0,0
215398,27,bully,3522,1,31,3321867,279,0,1674,0,1,27,211876,3522,0,32,0,0,0,LEADER,1,4,1,36,31,279,0,0,0,0,0,0,0,0,0
215465,47,bully,3589,1,31,3323944,279,0,1674,0,1,47,211876,3589,0,32,0,0,0,LEADER,1,4,1,56,31,279,0,0,0,0,0,0,0,0,0
215229,20,bully,3353,1,31,3316628,279,0,1674,0,1,20,211876,3353,0,32,0,0,0,LEADER,1,4,1,29,31,279,0,0,0,0,0,0,0,0,0
215295,40,bully,3419,1,31,3318674,279,0,1674,0,1,40,211876,3419,0,32,0,0,0,LEADER,1,4,1,49,31,279,0,0,0,0,0,0,0,0,0
217085,19,bully,2910,1,32,3519920,282,0,1692,0,1,19,214175,2910,0,33,0,0,0,LEADER,1,4,1,22,32,282,0,0,0,0,0,0,0,0,0
216873,2,bully,2707,1,32,3513243,282,560,1692,3360,1,1,214166,2707,0,33,0,0,0,NORMAL,0,3,2,3,83,282,0,560,0,0,0,0,0,0,0
217123,29,bully,2944,1,32,3521072,282,0,1692,0,1,29,214179,2944,0,33,0,0,0,LEADER,1,4,1,32,32,282,0,0,0,0,0,0,0,0,0
217292,36,bully,3113,1,32,3526480,282,0,1692,0,1,36,214179,3113,0,33,0,0,0,LEADER,1,4,1,39,32,282,0,0,0,0,0,0,0,0,0
217008,31,bully,2829,1,32,3517392,282,0,1692,0,1,31,214179,2829,0,33,0,0,0,LEADER,1,4,1,34,32,282,0,0,0,0,0,0,0,0,0
217347,45,bully,3168,1,32,3528240,282,0,1692,0,1,45,214179,3168,0,33,0,0,0,LEADER,1,4,1,48,32,282,0,0,0,0,0,0,0,0,0
216941,11,bully,2762,1,32,3515248,282,281,1692,1686,1,1,214179,2762,0,33,0,0,0,NORMAL,0,3,2,3,98,282,0,281,0,0,0,0,0,0,0
217041,41,bully,2862,1,32,3518448,282,0,1692,0,1,41,214179,2862,0,33,0,0,0,LEADER,1,4,1,44,32,282,0,0,0,0,0,0,0,0,0
217259,26,bully,3080,1,32,3525424,282,0,1692,0,1,26,214179,3080,0,33,0,0,0,LEADER,1,4,1,29,32,282,0,0,0,0,0,0,0,0,0
217033,4,bully,2854,1,32,3518192,282,550,1692,3300,1,1,214179,2854,0,33,0,0,0,NORMAL,0,3,2,3,100,282,0,550,0,0,0,0,0,0,0
217192,6,bully,3013,1,32,3523280,282,562,1692,3372,2,1,214179,3013,0,33,0,0,0,NORMAL,0,3,2,3,100,282,0,562,0,0,0,0,0,0,0
216915,12,bully,2740,1,32,3514475,282,282,1692,1692,1,1,214175,2740,0,33,0,0,0,NORMAL,0,3,2,3,117,282,0,282,0,0,0,0,0,0,0
217056,9,bully,2877,1,32,3518928,282,280,1692,1680,1,1,214179,2877,0,33,0,0,0,NORMAL,0,3,2,3,96,282,0,280,0,0,0,0,0,0,0
217211,48,bully,3032,1,32,3523888,282,0,1692,0,1,48,214179,3032,0,33,0,0,0,LEADER,1,4,1,51,32,282,0,0,0,0,0,0,0,0,0
216905,44,bully,2726,1,32,3514096,282,0,1692,0,1,44,214179,2726,0,33,0,0,0,LEADER,1,4,1,47,32,282,0,0,0,0,0,0,0,0,0
217613,8,bully,3434,1,32,3536752,282,281,1692,1686,2,1,214179,3434,0,33,0,0,0,NORMAL,0,3,2,3,102,282,0,281,0,0,0,0,0,0,0
216948,22,bully,2774,1,32,3515595,282,0,1692,0,1,22,214174,2774,0,33,0,0,0,LEADER,1,4,1,25,32,282,0,0,0,0,0,0,0,0,0
217620,39,bully,3441,1,32,3536976,282,0,1692,0,1,39,214179,3441,0,33,0,0,0,LEADER,1,4,1,42,32,282,0,0,0,0,0,0,0,0,0
216974,21,bully,2795,1,32,3516304,282,0,1692,0,1,21,214179,2795,0,33,0,0,0,LEADER,1,4,1,24,32,282,0,0,0,0,0,0,0,0,0
217329,3,bully,3150,1,32,3527664,282,566,1692,3396,1,1,214179,3150,0,33,0,0,0,NORMAL,0,3,2,3,97,282,0,566,0,0,0,0,0,0,0
217750,5,bully,3571,1,32,3541136,282,564,1692,3384,1,1,214179,3571,0,33,0,0,0,NORMAL,0,3,2,3,100,282,0,564,0,0,0,0,0,0,0
217172,38,bully,2998,1,32,3522726,282,0,1692,0,1,38,214174,2998,0,33,0,0,0,LEADER,1,4,1,41,32,282,0,0,0,0,0,0,0,0,0
217395,23,bully,3216,1,32,3529776,282,0,1692,0,1,23,214179,3216,0,33,0,0,0,LEADER,1,4,1,26,32,282,0,0,0,0,0,0,0,0,0
217222,16,bully,3047,1,32,3524296,282,282,1692,1692,2,1,214175,3047,0,33,0,0,0,NORMAL,0,3,2,3,127,282,0,282,0,0,0,0,0,0,0
217113,25,bully,2932,1,32,3520702,282,0,1692,0,1,25,214181,2932,0,33,0,0,0,LEADER,1,4,1,28,32,282,0,0,0,0,0,0,0,0,0
217423,33,bully,3250,1,32,3530803,282,0,1692,0,1,33,214173,3250,0,33,0,0,0,LEADER,1,4,1,36,32,282,0,0,0,0,0,0,0,0,0
217397,37,bully,3218,1,32,3529840,282,0,1692,0,1,37,214179,3218,0,33,0,0,0,LEADER,1,4,1,40,32,282,0,0,0,0,0,0,0,0,0
217652,49,bully,3474,1,32,3538021,282,0,1692,0,1,49,214178,3474,0,33,0,0,0,LEADER,1,4,1,52,32,282,0,0,0,0,0,0,0,0,0
217314,35,bully,3135,1,32,3527184,282,0,1692,0,1,35,214179,3135,0,33,0,0,0,LEADER,1,4,1,38,32,282,0,0,0,0,0,0,0,0,0
217790,46,bully,3611,1,32,3542416,282,0,1692,0,1,46,214179,3611,0,33,0,0,0,LEADER,1,4,1,49,32,282,0,0,0,0,0,0,0,0,0
217668,17,bully,3489,1,32,3538512,282,0,1692,0,1,17,214179,3489,0,33,0,0,0,LEADER,1,4,1,20,32,282,0,0,0,0,0,0,0,0,0
217805,14,bully,3626,1,32,3542896,282,279,1692,1674,2,1,214179,3626,0,33,0,0,0,NORMAL,0,3,2,3,101,282,0,279,0,0,0,0,0,0,0
217871,34,bully,3692,1,32,3545008,282,0,1692,0,1,34,214179,3692,0,33,0,0,0,LEADER,1,4,1,37,32,282,0,0,0,0,0,0,0,0,0
217479,42,bully,3304,1,32,3532482,282,0,1692,0,1,42,214175,3304,0,33,0,0,0,LEADER,1,4,1,45,32,282,0,0,0,0,0,0,0,0,0
217632,50,bully,3453,1,32,3537360,282,0,1692,0,1,50,214179,3453,0,33,0,0,0,LEADER,1,4,1,53,32,282,0,0,0,0,0,0,0,0,0
217144,28,bully,2965,1,32,3521744,282,0,1692,0,1,28,214179,2965,0,33,0,0,0,LEADER,1,4,1,31,32,282,0,0,0,0,0,0,0,0,0
217339,7,bully,3160,1,32,3527984,282,564,1692,3384,2,1,214179,3160,0,33,0,0,0,NORMAL,0,3,2,3,101,282,0,564,0,0,0,0,0,0,0
217780,15,bully,3603,1,32,3542142,282,282,1692,1692,2,1,214177,3603,0,33,0,0,0,NORMAL,0,3,2,3,125,282,0,282,0,0,0,0,0,0,0
217460,18,bully,3281,1,32,3531856,282,0,1692,0,1,18,214179,3281,0,33,0,0,0,LEADER,1,4,1,21,32,282,0,0,0,0,0,0,0,0,0
217444,1,bully,3265,1,32,3531344,282,566,1692,3396,1,1,214179,3265,0,33,0,0,0,LEADER,1,4,1,4,32,282,0,566,0,0,0,0,0,0,0
217732,30,bully,3556,1,32,3540611,282,0,1692,0,1,30,214176,3556,0,33,0,0,0,LEADER,1,4,1,33,32,282,0,0,0,0,0,0,0,0,0
217448,32,bully,3271,1,32,3531500,282,0,1692,0,1,32,214177,3271,0,33,0,0,0,LEADER,1,4,1,35,32,282,0,0,0,0,0,0,0,0,0
217765,10,bully,3592,1,32,3541748,282,283,1692,1698,1,1,214173,3592,0,33,0,0,0,NORMAL,0,3,2,4,65,282,0,283,0,0,0,0,0,0,0
217362,13,bully,3183,1,32,3528720,282,273,1692,1638,1,1,214179,3183,0,33,0,0,0,NORMAL,0,3,2,3,99,282,0,273,0,0,0,0,0,0,0
217462,43,bully,3283,1,32,3531920,282,0,1692,0,1,43,214179,3283,0,33,0,0,0,LEADER,1,4,1,46,32,282,0,0,0,0,0,0,0,0,0
217635,24,bully,3456,1,32,3537456,282,0,1692,0,1,24,214179,3456,0,33,0,0,0,LEADER,1,4,1,27,32,282,0,0,0,0,0,0,0,0,0
217701,27,bully,3522,1,32,3539568,282,0,1692,0,1,27,214179,3522,0,33,0,0,0,LEADER,1,4,1,30,32,282,0,0,0,0,0,0,0,0,0
217768,47,bully,3589,1,32,3541712,282,0,1692,0,1,47,214179,3589,0,33,0,0,0,LEADER,1,4,1,50,32,282,0,0,0,0,0,0,0,0,0
217532,20,bully,3353,1,32,3534160,282,0,1692,0,1,20,214179,3353,0,33,0,0,0,LEADER,1,4,1,23,32,282,0,0,0,0,0,0,0,0,0
217598,40,bully,3419,1,32,3536272,282,0,1692,0,1,40,214179,3419,0,33,0,0,0,LEADER,1,4,1,43,32,282,0,0,0,0,0,0,0,0,0
219388,19,bully,2910,1,32,3519920,285,0,1710,0,1,19,216478,2910,0,33,0,0,0,LEADER,1,4,1,25,32,285,0,0,0,0,0,0,0,0,0
219176,2,bully,2707,1,32,3513243,285,566,1710,3396,1,1,216469,2707,0,33,0,0,0,NORMAL,0,3,1,6,83,285,0,566,0,0,0,0,0,0,0
219426,29,bully,2944,1,32,3521072,285,0,1710,0,1,29,216482,2944,0,33,0,0,0,LEADER,1,4,1,35,32,285,0,0,0,0,0,0,0,0,0
219595,36,bully,3113,1,32,3526480,285,0,1710,0,1,36,216482,3113,0,33,0,0,0,LEADER,1,4,1,42,32,285,0,0,0,0,0,0,0,0,0
219311,31,bully,2829,1,32,3517392,285,0,1710,0,1,31,216482,2829,0,33,0,0,0,LEADER,1,4,1,37,32,285,0,0,0,0,0,0,0,0,0
219650,45,bully,3168,1,32,3528240,285,0,1710,0,1,45,216482,3168,0,33,0,0,0,LEADER,1,4,1,51,32,285,0,0,0,0,0,0,0,0,0
219244,11,bully,2762,1,32,3515248,285,284,1710,1704,1,1,216482,2762,0,33,0,0,0,NORMAL,0,3,1,6,98,285,0,284,0,0,0,0,0,0,0
219344,41,bully,2862,1,32,3518448,285,0,1710,0,1,41,216482,2862,0,33,0,0,0,LEADER,1,4,1,47,32,285,0,0,0,0,0,0,0,0,0
219562,26,bully,3080,1,32,3525424,285,0,1710,0,1,26,216482,3080,0,33,0,0,0,LEADER,1,4,1,32,32,285,0,0,0,0,0,0,0,0,0
219336,4,bully,2854,1,32,3518192,285,556,1710,3336,1,1,216482,2854,0,33,0,0,0,NORMAL,0,3,1,6,100,285,0,556,0,0,0,0,0,0,0
219495,6,bully,3013,1,32,3523280,285,568,1710,3408,2,1,216482,3013,0,33,0,0,0,NORMAL,0,3,1,6,100,285,0,568,0,0,0,0,0,0,0
219218,12,bully,2740,1,32,3514475,285,285,1710,1710,1,1,216478,2740,0,33,0,0,0,NORMAL,0,3,1,6,117,285,0,285,0,0,0,0,0,0,0
219359,9,bully,2877,1,32,3518928,285,283,1710,1698,1,1,216482,2877,0,33,0,0,0,NORMAL,0,3,1,6,96,285,0,283,0,0,0,0,0,0,0
219514,48,bully,3032,1,32,3523888,285,0,1710,0,1,48,216482,3032,0,33,0,0,0,LEADER,1,4,1,54,32,285,0,0,0,0,0,0,0,0,0
219208,44,bully,2726,1,32,3514096,285,0,1710,0,1,44,216482,2726,0,33,0,0,0,LEADER,1,4,1,50,32,285,0,0,0,0,0,0,0,0,0
219916,8,bully,3434,1,32,3536752,285,284,1710,1704,2,1,216482,3434,0,33,0,0,0,NORMAL,0,3,1,6,102,285,0,284,0,0,0,0,0,0,0
219251,22,bully,2774,1,32,3515595,285,0,1710,0,1,22,216477,2774,0,33,0,0,0,LEADER,1,4,1,28,32,285,0,0,0,0,0,0,0,0,0
219923,39,bully,3441,1,32,3536976,285,0,1710,0,1,39,216482,3441,0,33,0,0,0,LEADER,1,4,1,45,32,285,0,0,0,0,0,0,0,0,0
219277,21,bully,2795,1,32,3516304,285,0,1710,0,1,21,216482,2795,0,33,0,0,0,LEADER,1,4,1,27,32,285,0,0,0,0,0,0,0,0,0
219632,3,bully,3150,1,32,3527664,285,572,1710,3432,1,1,216482,3150,0,33,0,0,0,NORMAL,0,3,1,6,97,285,0,572,0,0,0,0,0,0,0
220053,5,bully,3571,1,32,3541136,285,570,1710,3420,1,1,216482,3571,0,33,0,0,0,NORMAL,0,3,1,6,100,285,0,570,0,0,0,0,0,0,0
219475,38,bully,2998,1,32,3522726,285,0,1710,0,1,38,216477,2998,0,33,0,0,0,LEADER,1,4,1,44,32,285,0,0,0,0,0,0,0,0,0
219698,23,bully,3216,1,32,3529776,285,0,1710,0,1,23,216482,3216,0,33,0,0,0,LEADER,1,4,1,29,32,285,0,0,0,0,0,0,0,0,0
219525,16,bully,3047,1,32,3524296,285,286,1710,1716,2,1,216478,3047,0,33,0,0,0,NORMAL,0,3,1,6,127,285,0,286,0,0,0,0,0,0,0
219416,25,bully,2932,1,32,3520702,285,0,1710,0,1,25,216484,2932,0,33,0,0,0,LEADER,1,4,1,31,32,285,0,0,0,0,0,0,0,0,0
219726,33,bully,3250,1,32,3530803,285,0,1710,0,1,33,216476,3250,0,33,0,0,0,LEADER,1,4,1,39,32,285,0,0,0,0,0,0,0,0,0
219700,37,bully,3218,1,32,3529840,285,0,1710,0,1,37,216482,3218,0,33,0,0,0,LEADER,1,4,1,43,32,285,0,0,0,0,0,0,0,0,0
219955,49,bully,3474,1,32,3538021,285,0,1710,0,1,49,216481,3474,0,33,0,0,0,LEADER,1,4,1,55,32,285,0,0,0,0,0,0,0,0,0
219617,35,bully,3135,1,32,3527184,285,0,1710,0,1,35,216482,3135,0,33,0,0,0,LEADER,1,4,1,41,32,285,0,0,0,0,0,0,0,0,0
220093,46,bully,3611,1,32,3542416,285,0,1710,0,1,46,216482,3611,0,33,0,0,0,LEADER,1,4,1,52,32,285,0,0,0,0,0,0,0,0,0
219971,17,bully,3489,1,32,3538512,285,0,1710,0,1,17,216482,3489,0,33,0,0,0,LEADER,1,4,1,23,32,285,0,0,0,0,0,0,0,0,0
220108,14,bully,3626,1,32,3542896,285,282,1710,1692,2,1,216482,3626,0,33,0,0,0,NORMAL,0,3,1,6,101,285,0,282,0,0,0,0,0,0,0
220174,34,bully,3692,1,32,3545008,285,0,1710,0,1,34,216482,3692,0,33,0,0,0,LEADER,1,4,1,40,32,285,0,0,0,0,0,0,0,0,0
219782,42,bully,3304,1,32,3532482,285,0,1710,0,1,42,216478,3304,0,33,0,0,0,LEADER,1,4,1,48,32,285,0,0,0,0,0,0,0,0,0
219935,50,bully,3453,1,32,3537360,285,0,1710,0,1,50,216482,3453,0,33,0,0,0,LEADER,1,4,1,56,32,285,0,0,0,0,0,0,0,0,0
219447,28,bully,2965,1,32,3521744,285,0,1710,0,1,28,216482,2965,0,33,0,0,0,LEADER,1,4,1,34,32,285,0,0,0,0,0,0,0,0,0
219642,7,bully,3160,1,32,3527984,285,570,1710,3420,2,1,216482,3160,0,33,0,0,0,NORMAL,0,3,1,6,101,285,0,570,0,0,0,0,0,0,0
220083,15,bully,3603,1,32,3542142,285,286,1710,1716,2,1,216480,3603,0,33,0,0,0,NORMAL,0,3,1,6,125,285,0,286,0,0,0,0,0,0,0
219763,18,bully,3281,1,32,3531856,285,0,1710,0,1,18,216482,3281,0,33,0,0,0,LEADER,1,4,1,24,32,285,0,0,0,0,0,0,0,0,0
219747,1,bully,3265,1,32,3531344,285,572,1710,3432,1,1,216482,3265,0,33,0,0,0,LEADER,1,4,1,7,32,285,0,572,0,0,0,0,0,0,0
220035,30,bully,3556,1,32,3540611,285,0,1710,0,1,30,216479,3556,0,33,0,0,0,LEADER,1,4,1,36,32,285,0,0,0,0,0,0,0,0,0
219751,32,bully,3271,1,32,3531500,285,0,1710,0,1,32,216480,3271,0,33,0,0,0,LEADER,1,4,1,38,32,285,0,0,0,0,0,0,0,0,0
220068,10,bully,3592,1,32,3541748,285,286,1710,1716,1,1,216476,3592,0,33,0,0,0,NORMAL,0,3,1,7,65,285,0,286,0,0,0,0,0,0,0
219665,13,bully,3183,1,32,3528720,285,276,1710,1656,1,1,216482,3183,0,33,0,0,0,NORMAL,0,3,1,6,99,285,0,276,0,0,0,0,0,0,0
219765,43,bully,3283,1,32,3531920,285,0,1710,0,1,43,216482,3283,0,33,0,0,0,LEADER,1,4,1,49,32,285,0,0,0,0,0,0,0,0,0
219938,24,bully,3456,1,32,3537456,285,0,1710,0,1,24,216482,3456,0,33,0,0,0,LEADER,1,4,1,30,32,285,0,0,0,0,0,0,0,0,0
220004,27,bully,3522,1,32,3539568,285,0,1710,0,1,27,216482,3522,0,33,0,0,0,LEADER,1,4,1,33,32,285,0,0,0,0,0,0,0,0,0
220071,47,bully,3589,1,32,3541712,285,0,1710,0,1,47,216482,3589,0,33,0,0,0,LEADER,1,4,1,53,32,285,0,0,0,0,0,0,0,0,0
219835,20,bully,3353,1,32,3534160,285,0,1710,0,1,20,216482,3353,0,33,0,0,0,LEADER,1,4,1,26,32,285,0,0,0,0,0,0,0,0,0
219901,40,bully,3419,1,32,3536272,285,0,1710,0,1,40,216482,3419,0,33,0,0,0,LEADER,1,4,1,46,32,285,0,0,0,0,0,0,0,0,0
221691,19,bully,2910,1,32,3519920,288,0,1728,0,1,19,218781,2910,0,33,0,0,0,LEADER,1,4,1,28,32,288,0,0,0,0,0,0,0,0,0
221479,2,bully,2707,1,32,3513243,288,571,1728,3426,1,1,218772,2707,0,33,0,0,0,NORMAL,0,3,1,9,83,288,0,571,0,0,0,0,0,0,0
221729,29,bully,2944,1,32,3521072,288,0,1728,0,1,29,218785,2944,0,33,0,0,0,LEADER,1,4,1,38,32,288,0,0,0,0,0,0,0,0,0
221898,36,bully,3113,1,32,3526480,288,0,1728,0,1,36,218785,3113,0,33,0,0,0,LEADER,1,4,1,45,32,288,0,0,0,0,0,0,0,0,0
221614,31,bully,2829,1,32,3517392,288,0,1728,0,1,31,218785,2829,0,33,0,0,0,LEADER,1,4,1,40,32,288,0,0,0,0,0,0,0,0,0
221953,45,bully,3168,1,32,3528240,288,0,1728,0,1,45,218785,3168,0,33,0,0,0,LEADER,1,4,1,54,32,288,0,0,0,0,0,0,0,0,0
221547,11,bully,2762,1,32,3515248,288,287,1728,1722,1,1,218785,2762,0,33,0,0,0,NORMAL,0,3,1,9,98,288,0,287,0,0,0,0,0,0,0
221647,41,bully,2862,1,32,3518448,288,0,1728,0,1,41,218785,2862,0,33,0,0,0,LEADER,1,4,1,50,32,288,0,0,0,0,0,0,0,0,0
221865,26,bully,3080,1,32,3525424,288,0,1728,0,1,26,218785,3080,0,33,0,0,0,LEADER,1,4,1,35,32,288,0,0,0,0,0,0,0,0,0
221639,4,bully,2854,1,32,3518192,288,562,1728,3372,1,1,218785,2854,0,33,0,0,0,NORMAL,0,3,1,9,100,288,0,562,0,0,0,0,0,0,0
221798,6,bully,3013,1,32,3523280,288,574,1728,3444,2,1,218785,3013,0,33,0,0,0,NORMAL,0,3,1,9,100,288,0,574,0,0,0,0,0,0,0
221521,12,bully,2740,1,32,3514475,288,288,1728,1728,1,1,218781,2740,0,33,0,0,0,NORMAL,0,3,1,9,117,288,0,288,0,0,0,0,0,0,0
221662,9,bully,2877,1,32,3518928,288,286,1728,1716,1,1,218785,2877,0,33,0,0,0,NORMAL,0,3,1,9,96,288,0,286,0,0,0,0,0,0,0
221817,48,bully,3032,1,32,3523888,288,0,1728,0,1,48,218785,3032,0,33,0,0,0,LEADER,1,4,1,57,32,288,0,0,0,0,0,0,0,0,0
221511,44,bully,2726,1,32,3514096,288,0,1728,0,1,44,218785,2726,0,33,0,0,0,LEADER,1,4,1,53,32,288,0,0,0,0,0,0,0,0,0
222219,8,bully,3434,1,32,3536752,288,287,1728,1722,2,1,218785,3434,0,33,0,0,0,NORMAL,0,3,1,9,102,288,0,287,0,0,0,0,0,0,0
221554,22,bully,2774,1,32,3515595,288,0,1728,0,1,22,218780,2774,0,33,0,0,0,LEADER,1,4,1,31,32,288,0,0,0,0,0,0,0,0,0
222226,39,bully,3441,1,32,3536976,288,0,1728,0,1,39,218785,3441,0,33,0,0,0,LEADER,1,4,1,48,32,288,0,0,0,0,0,0,0,0,0
221580,21,bully,2795,1,32,3516304,288,0,1728,0,1,21,218785,2795,0,33,0,0,0,LEADER,1,4,1,30,32,288,0,0,0,0,0,0,0,0,0
221935,3,bully,3150,1,32,3527664,288,578,1728,3468,1,1,218785,3150,0,33,0,0,0,NORMAL,0,3,1,9,97,288,0,578,0,0,0,0,0,0,0
222356,5,bully,3571,1,32,3541136,288,576,1728,3456,1,1,218785,3571,0,33,0,0,0,NORMAL,0,3,1,9,100,288,0,576,0,0,0,0,0,0,0
221778,38,bully,2998,1,32,3522726,288,0,1728,0,1,38,218780,2998,0,33,0,0,0,LEADER,1,4,1,47,32,288,0,0,0,0,0,0,0,0,0
222001,23,bully,3216,1,32,3529776,288,0,1728,0,1,23,218785,3216,0,33,0,0,0,LEADER,1,4,1,32,32,288,0,0,0,0,0,0,0,0,0
221828,16,bully,3047,1,32,3524296,288,288,1728,1728,2,1,218781,3047,0,33,0,0,0,NORMAL,0,3,1,9,127,288,0,288,0,0,0,0,0,0,0
221719,25,bully,2932,1,32,3520702,288,0,1728,0,1,25,218787,2932,0,33,0,0,0,LEADER,1,4,1,34,32,288,0,0,0,0,0,0,0,0,0
222029,33,bully,3250,1,32,3530803,288,0,1728,0,1,33,218779,3250,0,33,0,0,0,LEADER,1,4,1,42,32,288,0,0,0,0,0,0,0,0,0
222003,37,bully,3218,1,32,3529840,288,0,1728,0,1,37,218785,3218,0,33,0,0,0,LEADER,1,4,1,46,32,288,0,0,0,0,0,0,0,0,0
222258,49,bully,3474,1,32,3538021,288,0,1728,0,1,49,218784,3474,0,33,0,0,0,LEADER,1,4,1,58,32,288,0,0,0,0,0,0,0,0,0
221920,35,bully,3135,1,32,3527184,288,0,1728,0,1,35,218785,3135,0,33,0,0,0,LEADER,1,4,1,44,32,288,0,0,0,0,0,0,0,0,0
222396,46,bully,3611,1,32,3542416,288,0,1728,0,1,46,218785,3611,0,33,0,0,0,LEADER,1,4,1,55,32,288,0,0,0,0,0,0,0,0,0
222274,17,bully,3489,1,32,3538512,288,0,1728,0,1,17,218785,3489,0,33,0,0,0,LEADER,1,4,1,26,32,288,0,0,0,0,0,0,0,0,0
222411,14,bully,3626,1,32,3542896,288,285,1728,1710,2,1,218785,3626,0,33,0,0,0,NORMAL,0,3,1,9,101,288,0,285,0,0,0,0,0,0,0
222477,34,bully,3692,1,32,3545008,288,0,1728,0,1,34,218785,3692,0,33,0,0,0,LEADER,1,4,1,43,32,288,0,0,0,0,0,0,0,0,0
222085,42,bully,3304,1,32,3532482,288,0,1728,0,1,42,218781,3304,0,33,0,0,0,LEADER,1,4,1,51,32,288,0,0,0,0,0,0,0,0,0
222238,50,bully,3453,1,32,3537360,288,0,1728,0,1,50,218785,3453,0,33,0,0,0,LEADER,1,4,1,59,32,288,0,0,0,0,0,0,0,0,0
221750,28,bully,2965,1,32,3521744,288,0,1728,0,1,28,218785,2965,0,33,0,0,0,LEADER,1,4,1,37,32,288,0,0,0,0,0,0,0,0,0
221945,7,bully,3160,1,32,3527984,288,576,1728,3456,2,1,218785,3160,0,33,0,0,0,NORMAL,0,3,1,9,101,288,0,576,0,0,0,0,0,0,0
222386,15,bully,3603,1,32,3542142,288,288,1728,1728,2,1,218783,3603,0,33,0,0,0,NORMAL,0,3,1,9,125,288,0,288,0,0,0,0,0,0,0
222066,18,bully,3281,1,32,3531856,288,0,1728,0,1,18,218785,3281,0,33,0,0,0,LEADER,1,4,1,27,32,288,0,0,0,0,0,0,0,0,0
222050,1,bully,3265,1,32,3531344,288,578,1728,3468,1,1,218785,3265,0,33,0,0,0,LEADER,1,4,1,10,32,288,0,578,0,0,0,0,0,0,0
222338,30,bully,3556,1,32,3540611,288,0,1728,0,1,30,218782,3556,0,33,0,0,0,LEADER,1,4,1,39,32,288,0,0,0,0,0,0,0,0,0
222054,32,bully,3271,1,32,3531500,288,0,1728,0,1,32,218783,3271,0,33,0,0,0,LEADER,1,4,1,41,32,288,0,0,0,0,0,0,0,0,0
222371,10,bully,3592,1,32,3541748,288,289,1728,1734,1,1,218779,3592,0,33,0,0,0,NORMAL,0,3,1,10,65,288,0,289,0,0,0,0,0,0,0
221968,13,bully,3183,1,32,3528720,288,279,1728,1674,1,1,218785,3183,0,33,0,0,0,NORMAL,0,3,1,9,99,288,0,279,0,0,0,0,0,0,0
222068,43,bully,3283,1,32,3531920,288,0,1728,0,1,43,218785,3283,0,33,0,0,0,LEADER,1,4,1,52,32,288,0,0,0,0,0,0,0,0,0
222241,24,bully,3456,1,32,3537456,288,0,1728,0,1,24,218785,3456,0,33,0,0,0,LEADER,1,4,1,33,32,288,0,0,0,0,0,0,0,0,0
222307,27,bully,3522,1,32,3539568,288,0,1728,0,1,27,218785,3522,0,33,0,0,0,LEADER,1,4,1,36,32,288,0,0,0,0,0,0,0,0,0
222374,47,bully,3589,1,32,3541712,288,0,1728,0,1,47,218785,3589,0,33,0,0,0,LEADER,1,4,1,56,32,288,0,0,0,0,0,0,0,0,0
222138,20,bully,3353,1,32,3534160,288,0,1728,0,1,20,218785,3353,0,33,0,0,0,LEADER,1,4,1,29,32,288,0,0,0,0,0,0,0,0,0
222204,40,bully,3419,1,32,3536272,288,0,1728,0,1,40,218785,3419,0,33,0,0,0,LEADER,1,4,1,49,32,288,0,0,0,0,0,0,0,0,0
223994,19,bully,2910,1,33,3743914,291,0,1746,0,1,19,221084,2910,0,34,0,0,0,LEADER,1,4,1,22,33,291,0,0,0,0,0,0,0,0,0
223782,2,bully,2707,1,33,3737025,291,578,1746,3468,1,1,221075,2707,0,34,0,0,0,NORMAL,0,3,2,4,85,291,0,578,0,0,0,0,0,0,0
224032,29,bully,2944,1,33,3745104,291,0,1746,0,1,29,221088,2944,0,34,0,0,0,LEADER,1,4,1,32,33,291,0,0,0,0,0,0,0,0,0
224201,36,bully,3113,1,33,3750681,291,0,1746,0,1,36,221088,3113,0,34,0,0,0,LEADER,1,4,1,39,33,291,0,0,0,0,0,0,0,0,0
223917,31,bully,2829,1,33,3741309,291,0,1746,0,1,31,221088,2829,0,34,0,0,0,LEADER,1,4,1,34,33,291,0,0,0,0,0,0,0,0,0
224256,45,bully,3168,1,33,3752496,291,0,1746,0,1,45,221088,3168,0,34,0,0,0,LEADER,1,4,1,48,33,291,0,0,0,0,0,0,0,0,0
223850,11,bully,2762,1,33,3739098,291,290,1746,1740,1,1,221088,2762,0,34,0,0,0,NORMAL,0,3,2,3,101,291,0,290,0,0,0,0,0,0,0
223950,41,bully,2862,1,33,3742398,291,0,1746,0,1,41,221088,2862,0,34,0,0,0,LEADER,1,4,1,44,33,291,0,0,0,0,0,0,0,0,0
224168,26,bully,3080,1,33,3749592,291,0,1746,0,1,26,221088,3080,0,34,0,0,0,LEADER,1,4,1,29,33,291,0,0,0,0,0,0,0,0,0
223942,4,bully,2854,1,33,3742134,291,568,1746,3408,1,1,221088,2854,0,34,0,0,0,NORMAL,0,3,2,3,103,291,0,568,0,0,0,0,0,0,0
224101,6,bully,3013,1,33,3747381,291,580,1746,3480,2,1,221088,3013,0,34,0,0,0,NORMAL,0,3,2,3,103,291,0,580,0,0,0,0,0,0,0
223824,12,bully,2740,1,33,3738299,291,291,1746,1746,1,1,221084,2740,0,34,0,0,0,NORMAL,0,3,2,3,121,291,0,291,0,0,0,0,0,0,0
223965,9,bully,2877,1,33,3742893,291,289,1746,1734,1,1,221088,2877,0,34,0,0,0,NORMAL,0,3,2,3,99,291,0,289,0,0,0,0,0,0,0
224120,48,bully,3032,1,33,3748008,291,0,1746,0,1,48,221088,3032,0,34,0,0,0,LEADER,1,4,1,51,33,291,0,0,0,0,0,0,0,0,0
223814,44,bully,2726,1,33,3737910,291,0,1746,0,1,44,221088,2726,0,34,0,0,0,LEADER,1,4,1,47,33,291,0,0,0,0,0,0,0,0,0
224522,8,bully,3434,1,33,3761274,291,290,1746,1740,2,1,221088,3434,0,34,0,0,0,NORMAL,0,3,2,3,105,291,0,290,0,0,0,0,0,0,0
223857,22,bully,2774,1,33,3739452,291,0,1746,0,1,22,221083,2774,0,34,0,0,0,LEADER,1,4,1,25,33,291,0,0,0,0,0,0,0,0,0
224529,39,bully,3441,1,33,3761505,291,0,1746,0,1,39,221088,3441,0,34,0,0,0,LEADER,1,4,1,42,33,291,0,0,0,0,0,0,0,0,0
223883,21,bully,2795,1,33,3740187,291,0,1746,0,1,21,221088,2795,0,34,0,0,0,LEADER,1,4,1,24,33,291,0,0,0,0,0,0,0,0,0
224238,3,bully,3150,1,33,3751902,291,584,1746,3504,1,1,221088,3150,0,34,0,0,0,NORMAL,0,3,2,3,100,291,0,584,0,0,0,0,0,0,0
224659,5,bully,3571,1,33,3765795,291,582,1746,3492,1,1,221088,3571,0,34,0,0,0,NORMAL,0,3,2,3,103,291,0,582,0,0,0,0,0,0,0
224081,38,bully,2998,1,33,3746807,291,0,1746,0,1,38,221083,2998,0,34,0,0,0,LEADER,1,4,1,41,33,291,0,0,0,0,0,0,0,0,0
224304,23,bully,3216,1,33,3754080,291,0,1746,0,1,23,221088,3216,0,34,0,0,0,LEADER,1,4,1,26,33,291,0,0,0,0,0,0,0,0,0
224131,16,bully,3047,1,33,3748427,291,291,1746,1746,2,1,221084,3047,0,34,0,0,0,NORMAL,0,3,2,3,131,291,0,291,0,0,0,0,0,0,0
224022,25,bully,2932,1,33,3744724,291,0,1746,0,1,25,221090,2932,0,34,0,0,0,LEADER,1,4,1,28,33,291,0,0,0,0,0,0,0,0,0
224332,33,bully,3250,1,33,3755135,291,0,1746,0,1,33,221082,3250,0,34,0,0,0,LEADER,1,4,1,36,33,291,0,0,0,0,0,0,0,0,0
224306,37,bully,3218,1,33,3754146,291,0,1746,0,1,37,221088,3218,0,34,0,0,0,LEADER,1,4,1,40,33,291,0,0,0,0,0,0,0,0,0
224561,49,bully,3474,1,33,3762582,291,0,1746,0,1,49,221087,3474,0,34,0,0,0,LEADER,1,4,1,52,33,291,0,0,0,0,0,0,0,0,0
224223,35,bully,3135,1,33,3751407,291,0,1746,0,1,35,221088,3135,0,34,0,0,0,LEADER,1,4,1,38,33,291,0,0,0,0,0,0,0,0,0
224699,46,bully,3611,1,33,3767115,291,0,1746,0,1,46,221088,3611,0,34,0,0,0,LEADER,1,4,1,49,33,291,0,0,0,0,0,0,0,0,0
224577,17,bully,3489,1,33,3763089,291,0,1746,0,1,17,221088,3489,0,34,0,0,0,LEADER,1,4,1,20,33,291,0,0,0,0,0,0,0,0,0
224714,14,bully,3626,1,33,3767610,291,288,1746,1728,2,1,221088,3626,0,34,0,0,0,NORMAL,0,3,2,3,104,291,0,288,0,0,0,0,0,0,0
224780,34,bully,3692,1,33,3769788,291,0,1746,0,1,34,221088,3692,0,34,0,0,0,LEADER,1,4,1,37,33,291,0,0,0,0,0,0,0,0,0
224388,42,bully,3304,1,33,3756870,291,0,1746,0,1,42,221084,3304,0,34,0,0,0,LEADER,1,4,1,45,33,291,0,0,0,0,0,0,0,0,0
224541,50,bully,3453,1,33,3761901,291,0,1746,0,1,50,221088,3453,0,34,0,0,0,LEADER,1,4,1,53,33,291,0,0,0,0,0,0,0,0,0
224053,28,bully,2965,1,33,3745797,291,0,1746,0,1,28,221088,2965,0,34,0,0,0,LEADER,1,4,1,31,33,291,0,0,0,0,0,0,0,0,0
224248,7,bully,3160,1,33,3752232,291,582,1746,3492,2,1,221088,3160,0,34,0,0,0,NORMAL,0,3,2,3,104,291,0,582,0,0,0,0,0,0,0
224689,15,bully,3603,1,33,3766831,291,292,1746,1752,2,1,221086,3603,0,34,0,0,0,NORMAL,0,3,2,3,129,291,0,292,0,0,0,0,0,0,0
224369,18,bully,3281,1,33,3756225,291,0,1746,0,1,18,221088,3281,0,34,0,0,0,LEADER,1,4,1,21,33,291,0,0,0,0,0,0,0,0,0
224353,1,bully,3265,1,33,3755697,291,584,1746,3504,1,1,221088,3265,0,34,0,0,0,LEADER,1,4,1,4,33,291,0,584,0,0,0,0,0,0,0
224641,30,bully,3556,1,33,3765252,291,0,1746,0,1,30,221085,3556,0,34,0,0,0,LEADER,1,4,1,33,33,291,0,0,0,0,0,0,0,0,0
224357,32,bully,3271,1,33,3755857,291,0,1746,0,1,32,221086,3271,0,34,0,0,0,LEADER,1,4,1,35,33,291,0,0,0,0,0,0,0,0,0
224674,10,bully,3592,1,33,3766422,291,292,1746,1752,1,1,221082,3592,0,34,0,0,0,NORMAL,0,3,2,4,67,291,0,292,0,0,0,0,0,0,0
224271,13,bully,3183,1,33,3752991,291,282,1746,1692,1,1,221088,3183,0,34,0,0,0,NORMAL,0,3,2,3,102,291,0,282,0,0,0,0,0,0,0
224371,43,bully,3283,1,33,3756291,291,0,1746,0,1,43,221088,3283,0,34,0,0,0,LEADER,1,4,1,46,33,291,0,0,0,0,0,0,0,0,0
224544,24,bully,3456,1,33,3762000,291,0,1746,0,1,24,221088,3456,0,34,0,0,0,LEADER,1,4,1,27,33,291,0,0,0,0,0,0,0,0,0
224610,27,bully,3522,1,33,3764178,291,0,1746,0,1,27,221088,3522,0,34,0,0,0,LEADER,1,4,1,30,33,291,0,0,0,0,0,0,0,0,0
224677,47,bully,3589,1,33,3766389,291,0,1746,0,1,47,221088,3589,0,34,0,0,0,LEADER,1,4,1,50,33,291,0,0,0,0,0,0,0,0,0
224441,20,bully,3353,1,33,3758601,291,0,1746,0,1,20,221088,3353,0,34,0,0,0,LEADER,1,4,1,23,33,291,0,0,0,0,0,0,0,0,0
224507,40,bully,3419,1,33,3760779,291,0,1746,0,1,40,221088,3419,0,34,0,0,0,LEADER,1,4,1,43,33,291,0,0,0,0,0,0,0,0,0
226297,19,bully,2910,1,33,3743914,294,0,1764,0,1,19,223387,2910,0,34,0,0,0,LEADER,1,4,1,25,33,294,0,0,0,0,0,0,0,0,0
226085,2,bully,2707,1,33,3737025,294,583,1764,3498,1,1,223378,2707,0,34,0,0,0,NORMAL,0,3,1,7,85,294,0,583,0,0,0,0,0,0,0
226335,29,bully,2944,1,33,3745104,294,0,1764,0,1,29,223391,2944,0,34,0,0,0,LEADER,1,4,1,35,33,294,0,0,0,0,0,0,0,0,0
226504,36,bully,3113,1,33,3750681,294,0,1764,0,1,36,223391,3113,0,34,0,0,0,LEADER,1,4,1,42,33,294,0,0,0,0,0,0,0,0,0
226220,31,bully,2829,1,33,3741309,294,0,1764,0,1,31,223391,2829,0,34,0,0,0,LEADER,1,4,1,37,33,294,0,0,0,0,0,0,0,0,0
226559,45,bully,3168,1,33,3752496,294,0,1764,0,1,45,223391,3168,0,34,0,0,0,LEADER,1,4,1,51,33,294,0,0,0,0,0,0,0,0,0
226153,11,bully,2762,1,33,3739098,294,293,1764,1758,1,1,223391,2762,0,34,0,0,0,NORMAL,0,3,1,6,101,294,0,293,0,0,0,0,0,0,0
226253,41,bully,2862,1,33,3742398,294,0,1764,0,1,41,223391,2862,0,34,0,0,0,LEADER,1,4,1,47,33,294,0,0,0,0,0,0,0,0,0
226471,26,bully,3080,1,33,3749592,294,0,1764,0,1,26,223391,3080,0,34,0,0,0,LEADER,1,4,1,32,33,294,0,0,0,0,0,0,0,0,0
226245,4,bully,2854,1,33,3742134,294,574,1764,3444,1,1,223391,2854,0,34,0,0,0,NORMAL,0,3,1,6,103,294,0,574,0,0,0,0,0,0,0
226404,6,bully,3013,1,33,3747381,294,586,1764,3516,2,1,223391,3013,0,34,0,0,0,NORMAL,0,3,1,6,103,294,0,586,0,0,0,0,0,0,0
226127,12,bully,2740,1,33,3738299,294,294,1764,1764,1,1,223387,2740,0,34,0,0,0,NORMAL,0,3,1,6,121,294,0,294,0,0,0,0,0,0,0
226268,9,bully,2877,1,33,3742893,294,292,1764,1752,1,1,223391,2877,0,34,0,0,0,NORMAL,0,3,1,6,99,294,0,292,0,0,0,0,0,0,0
226423,48,bully,3032,1,33,3748008,294,0,1764,0,1,48,223391,3032,0,34,0,0,0,LEADER,1,4,1,54,33,294,0,0,0,0,0,0,0,0,0
226117,44,bully,2726,1,33,3737910,294,0,1764,0,1,44,223391,2726,0,34,0,0,0,LEADER,1,4,1,50,33,294,0,0,0,0,0,0,0,0,0
226825,8,bully,3434,1,33,3761274,294,293,1764,1758,2,1,223391,3434,0,34,0,0,0,NORMAL,0,3,1,6,105,294,0,293,0,0,0,0,0,0,0
226160,22,bully,2774,1,33,3739452,294,0,1764,0,1,22,223386,2774,0,34,0,0,0,LEADER,1,4,1,28,33,294,0,0,0,0,0,0,0,0,0
226832,39,bully,3441,1,33,3761505,294,0,1764,0,1,39,223391,3441,0,34,0,0,0,LEADER,1,4,1,45,33,294,0,0,0,0,0,0,0,0,0
226186,21,bully,2795,1,33,3740187,294,0,1764,0,1,21,223391,2795,0,34,0,0,0,LEADER,1,4,1,27,33,294,0,0,0,0,0,0,0,0,0
226541,3,bully,3150,1,33,3751902,294,590,1764,3540,1,1,223391,3150,0,34,0,0,0,NORMAL,0,3,1,6,100,294,0,590,0,0,0,0,0,0,0
226962,5,bully,3571,1,33,3765795,294,588,1764,3528,1,1,223391,3571,0,34,0,0,0,NORMAL,0,3,1,6,103,294,0,588,0,0,0,0,0,0,0
226384,38,bully,2998,1,33,3746807,294,0,1764,0,1,38,223386,2998,0,34,0,0,0,LEADER,1,4,1,44,33,294,0,0,0,0,0,0,0,0,0
226607,23,bully,3216,1,33,3754080,294,0,1764,0,1,23,223391,3216,0,34,0,0,0,LEADER,1,4,1,29,33,294,0,0,0,0,0,0,0,0,0
226434,16,bully,3047,1,33,3748427,294,294,1764,1764,2,1,223387,3047,0,34,0,0,0,NORMAL,0,3,1,6,131,294,0,294,0,0,0,0,0,0,0
226325,25,bully,2932,1,33,3744724,294,0,1764,0,1,25,223393,2932,0,34,0,0,0,LEADER,1,4,1,31,33,294,0,0,0,0,0,0,0,0,0
226635,33,bully,3250,1,33,3755135,294,0,1764,0,1,33,223385,3250,0,34,0,0,0,LEADER,1,4,1,39,33,294,0,0,0,0,0,0,0,0,0
226609,37,bully,3218,1,33,3754146,294,0,1764,0,1,37,223391,3218,0,34,0,0,0,LEADER,1,4,1,43,33,294,0,0,0,0,0,0,0,0,0
226864,49,bully,3474,1,33,3762582,294,0,1764,0,1,49,223390,3474,0,34,0,0,0,LEADER,1,4,1,55,33,294,0,0,0,0,0,0,0,0,0
226526,35,bully,3135,1,33,3751407,294,0,1764,0,1,35,223391,3135,0,34,0,0,0,LEADER,1,4,1,41,33,294,0,0,0,0,0,0,0,0,0
227002,46,bully,3611,1,33,3767115,294,0,1764,0,1,46,223391,3611,0,34,0,0,0,LEADER,1,4,1,52,33,294,0,0,0,0,0,0,0,0,0
226880,17,bully,3489,1,33,3763089,294,0,1764,0,1,17,223391,3489,0,34,0,0,0,LEADER,1,4,1,23,33,294,0,0,0,0,0,0,0,0,0
227017,14,bully,3626,1,33,3767610,294,291,1764,1746,2,1,223391,3626,0,34,0,0,0,NORMAL,0,3,1,6,104,294,0,291,0,0,0,0,0,0,0
227083,34,bully,3692,1,33,3769788,294,0,1764,0,1,34,223391,3692,0,34,0,0,0,LEADER,1,4,1,40,33,294,0,0,0,0,0,0,0,0,0
226691,42,bully,3304,1,33,3756870,294,0,1764,0,1,42,223387,3304,0,34,0,0,0,LEADER,1,4,1,48,33,294,0,0,0,0,0,0,0,0,0
226844,50,bully,3453,1,33,3761901,294,0,1764,0,1,50,223391,3453,0,34,0,0,0,LEADER,1,4,1,56,33,294,0,0,0,0,0,0,0,0,0
226356,28,bully,2965,1,33,3745797,294,0,1764,0,1,28,223391,2965,0,34,0,0,0,LEADER,1,4,1,34,33,294,0,0,0,0,0,0,0,0,0
226551,7,bully,3160,1,33,3752232,294,588,1764,3528,2,1,223391,3160,0,34,0,0,0,NORMAL,0,3,1,6,104,294,0,588,0,0,0,0,0,0,0
226992,15,bully,3603,1,33,3766831,294,294,1764,1764,2,1,223389,3603,0,34,0,0,0,NORMAL,0,3,1,6,129,294,0,294,0,0,0,0,0,0,0
226672,18,bully,3281,1,33,3756225,294,0,1764,0,1,18,223391,3281,0,34,0,0,0,LEADER,1,4,1,24,33,294,0,0,0,0,0,0,0,0,0
226656,1,bully,3265,1,33,3755697,294,590,1764,3540,1,1,223391,3265,0,34,0,0,0,LEADER,1,4,1,7,33,294,0,590,0,0,0,0,0,0,0
226943,30,bully,3556,1,33,3765252,294,0,1764,0,1,30,223387,3556,0,34,0,0,0,LEADER,1,4,1,36,33,294,0,0,0,0,0,0,0,0,0
226660,32,bully,3271,1,33,3755857,294,0,1764,0,1,32,223389,3271,0,34,0,0,0,LEADER,1,4,1,38,33,294,0,0,0,0,0,0,0,0,0
226977,10,bully,3592,1,33,3766422,294,295,1764,1770,1,1,223385,3592,0,34,0,0,0,NORMAL,0,3,1,7,67,294,0,295,0,0,0,0,0,0,0
226574,13,bully,3183,1,33,3752991,294,285,1764,1710,1,1,223391,3183,0,34,0,0,0,NORMAL,0,3,1,6,102,294,0,285,0,0,0,0,0,0,0
226674,43,bully,3283,1,33,3756291,294,0,1764,0,1,43,223391,3283,0,34,0,0,0,LEADER,1,4,1,49,33,294,0,0,0,0,0,0,0,0,0
226847,24,bully,3456,1,33,3762000,294,0,1764,0,1,24,223391,3456,0,34,0,0,0,LEADER,1,4,1,30,33,294,0,0,0,0,0,0,0,0,0
226913,27,bully,3522,1,33,3764178,294,0,1764,0,1,27,223391,3522,0,34,0,0,0,LEADER,1,4,1,33,33,294,0,0,0,0,0,0,0,0,0
226980,47,bully,3589,1,33,3766389,294,0,1764,0,1,47,223391,3589,0,34,0,0,0,LEADER,1,4,1,53,33,294,0,0,0,0,0,0,0,0,0
226744,20,bully,3353,1,33,3758601,294,0,1764,0,1,20,223391,3353,0,34,0,0,0,LEADER,1,4,1,26,33,294,0,0,0,0,0,0,0,0,0
226810,40,bully,3419,1,33,3760779,294,0,1764,0,1,40,223391,3419,0,34,0,0,0,LEADER,1,4,1,46,33,294,0,0,0,0,0,0,0,0,0
228600,19,bully,2910,1,33,3743914,297,0,1782,0,1,19,225690,2910,0,34,0,0,0,LEADER,1,4,1,28,33,297,0,0,0,0,0,0,0,0,0
228388,2,bully,2707,1,33,3737025,297,589,1782,3534,1,1,225681,2707,0,34,0,0,0,NORMAL,0,3,1,10,85,297,0,589,0,0,0,0,0,0,0
228638,29,bully,2944,1,33,3745104,297,0,1782,0,1,29,225694,2944,0,34,0,0,0,LEADER,1,4,1,38,33,297,0,0,0,0,0,0,0,0,0
228807,36,bully,3113,1,33,3750681,297,0,1782,0,1,36,225694,3113,0,34,0,0,0,LEADER,1,4,1,45,33,297,0,0,0,0,0,0,0,0,0
228523,31,bully,2829,1,33,3741309,297,0,1782,0,1,31,225694,2829,0,34,0,0,0,LEADER,1,4,1,40,33,297,0,0,0,0,0,0,0,0,0
228862,45,bully,3168,1,33,3752496,297,0,1782,0,1,45,225694,3168,0,34,0,0,0,LEADER,1,4,1,54,33,297,0,0,0,0,0,0,0,0,0
228456,11,bully,2762,1,33,3739098,297,296,1782,1776,1,1,225694,2762,0,34,0,0,0,NORMAL,0,3,1,9,101,297,0,296,0,0,0,0,0,0,0
228556,41,bully,2862,1,33,3742398,297,0,1782,0,1,41,225694,2862,0,34,0,0,0,LEADER,1,4,1,50,33,297,0,0,0,0,0,0,0,0,0
228774,26,bully,3080,1,33,3749592,297,0,1782,0,1,26,225694,3080,0,34,0,0,0,LEADER,1,4,1,35,33,297,0,0,0,0,0,0,0,0,0
228548,4,bully,2854,1,33,3742134,297,578,1782,3468,1,1,225694,2854,0,34,0,0,0,NORMAL,0,3,1,9,103,297,0,578,0,0,0,0,0,0,0
228707,6,bully,3013,1,33,3747381,297,592,1782,3552,2,1,225694,3013,0,34,0,0,0,NORMAL,0,3,1,9,103,297,0,592,0,0,0,0,0,0,0
228429,12,bully,2740,1,33,3738299,297,297,1782,1782,1,1,225689,2740,0,34,0,0,0,NORMAL,0,3,1,9,121,297,0,297,0,0,0,0,0,0,0
228571,9,bully,2877,1,33,3742893,297,295,1782,1770,1,1,225694,2877,0,34,0,0,0,NORMAL,0,3,1,9,99,297,0,295,0,0,0,0,0,0,0
228726,48,bully,3032,1,33,3748008,297,0,1782,0,1,48,225694,3032,0,34,0,0,0,LEADER,1,4,1,57,33,297,0,0,0,0,0,0,0,0,0
228420,44,bully,2726,1,33,3737910,297,0,1782,0,1,44,225694,2726,0,34,0,0,0,LEADER,1,4,1,53,33,297,0,0,0,0,0,0,0,0,0
229128,8,bully,3434,1,33,3761274,297,296,1782,1776,2,1,225694,3434,0,34,0,0,0,NORMAL,0,3,1,9,105,297,0,296,0,0,0,0,0,0,0
228463,22,bully,2774,1,33,3739452,297,0,1782,0,1,22,225689,2774,0,34,0,0,0,LEADER,1,4,1,31,33,297,0,0,0,0,0,0,0,0,0
229135,39,bully,3441,1,33,3761505,297,0,1782,0,1,39,225694,3441,0,34,0,0,0,LEADER,1,4,1,48,33,297,0,0,0,0,0,0,0,0,0
228489,21,bully,2795,1,33,3740187,297,0,1782,0,1,21,225694,2795,0,34,0,0,0,LEADER,1,4,1,30,33,297,0,0,0,0,0,0,0,0,0
228844,3,bully,3150,1,33,3751902,297,596,1782,3576,1,1,225694,3150,0,34,0,0,0,NORMAL,0,3,1,9,100,297,0,596,0,0,0,0,0,0,0
229265,5,bully,3571,1,33,3765795,297,594,1782,3564,1,1,225694,3571,0,34,0,0,0,NORMAL,0,3,1,9,103,297,0,594,0,0,0,0,0,0,0
228687,38,bully,2998,1,33,3746807,297,0,1782,0,1,38,225689,2998,0,34,0,0,0,LEADER,1,4,1,47,33,297,0,0,0,0,0,0,0,0,0
228910,23,bully,3216,1,33,3754080,297,0,1782,0,1,23,225694,3216,0,34,0,0,0,LEADER,1,4,1,32,33,297,0,0,0,0,0,0,0,0,0
228737,16,bully,3047,1,33,3748427,297,297,1782,1782,2,1,225690,3047,0,34,0,0,0,NORMAL,0,3,1,9,131,297,0,297,0,0,0,0,0,0,0
228628,25,bully,2932,1,33,3744724,297,0,1782,0,1,25,225696,2932,0,34,0,0,0,LEADER,1,4,1,34,33,297,0,0,0,0,0,0,0,0,0
228938,33,bully,3250,1,33,3755135,297,0,1782,0,1,33,225688,3250,0,34,0,0,0,LEADER,1,4,1,42,33,297,0,0,0,0,0,0,0,0,0
228912,37,bully,3218,1,33,3754146,297,0,1782,0,1,37,225694,3218,0,34,0,0,0,LEADER,1,4,1,46,33,297,0,0,0,0,0,0,0,0,0
229166,49,bully,3474,1,33,3762582,297,0,1782,0,1,49,225692,3474,0,34,0,0,0,LEADER,1,4,1,58,33,297,0,0,0,0,0,0,0,0,0
228829,35,bully,3135,1,33,3751407,297,0,1782,0,1,35,225694,3135,0,34,0,0,0,LEADER,1,4,1,44,33,297,0,0,0,0,0,0,0,0,0
229305,46,bully,3611,1,33,3767115,297,0,1782,0,1,46,225694,3611,0,34,0,0,0,LEADER,1,4,1,55,33,297,0,0,0,0,0,0,0,0,0
229183,17,bully,3489,1,33,3763089,297,0,1782,0,1,17,225694,3489,0,34,0,0,0,LEADER,1,4,1,26,33,297,0,0,0,0,0,0,0,0,0
229320,14,bully,3626,1,33,3767610,297,294,1782,1764,2,1,225694,3626,0,34,0,0,0,NORMAL,0,3,1,9,104,297,0,294,0,0,0,0,0,0,0
229386,34,bully,3692,1,33,3769788,297,0,1782,0,1,34,225694,3692,0,34,0,0,0,LEADER,1,4,1,43,33,297,0,0,0,0,0,0,0,0,0
228994,42,bully,3304,1,33,3756870,297,0,1782,0,1,42,225690,3304,0,34,0,0,0,LEADER,1,4,1,51,33,297,0,0,0,0,0,0,0,0,0
229147,50,bully,3453,1,33,3761901,297,0,1782,0,1,50,225694,3453,0,34,0,0,0,LEADER,1,4,1,59,33,297,0,0,0,0,0,0,0,0,0
228659,28,bully,2965,1,33,3745797,297,0,1782,0,1,28,225694,2965,0,34,0,0,0,LEADER,1,4,1,37,33,297,0,0,0,0,0,0,0,0,0
228854,7,bully,3160,1,33,3752232,297,594,1782,3564,2,1,225694,3160,0,34,0,0,0,NORMAL,0,3,1,9,104,297,0,594,0,0,0,0,0,0,0
229295,15,bully,3603,1,33,3766831,297,298,1782,1788,2,1,225692,3603,0,34,0,0,0,NORMAL,0,3,1,9,129,297,0,298,0,0,0,0,0,0,0
228975,18,bully,3281,1,33,3756225,297,0,1782,0,1,18,225694,3281,0,34,0,0,0,LEADER,1,4,1,27,33,297,0,0,0,0,0,0,0,0,0
228959,1,bully,3265,1,33,3755697,297,596,1782,3576,1,1,225694,3265,0,34,0,0,0,LEADER,1,4,1,10,33,297,0,596,0,0,0,0,0,0,0
229246,30,bully,3556,1,33,3765252,297,0,1782,0,1,30,225690,3556,0,34,0,0,0,LEADER,1,4,1,39,33,297,0,0,0,0,0,0,0,0,0
228963,32,bully,3271,1,33,3755857,297,0,1782,0,1,32,225692,3271,0,34,0,0,0,LEADER,1,4,1,41,33,297,0,0,0,0,0,0,0,0,0
229280,10,bully,3592,1,33,3766422,297,298,1782,1788,1,1,225688,3592,0,34,0,0,0,NORMAL,0,3,1,10,67,297,0,298,0,0,0,0,0,0,0
228877,13,bully,3183,1,33,3752991,297,288,1782,1728,1,1,225694,3183,0,34,0,0,0,NORMAL,0,3,1,9,102,297,0,288,0,0,0,0,0,0,0
228977,43,bully,3283,1,33,3756291,297,0,1782,0,1,43,225694,3283,0,34,0,0,0,LEADER,1,4,1,52,33,297,0,0,0,0,0,0,0,0,0
229150,24,bully,3456,1,33,3762000,297,0,1782,0,1,24,225694,3456,0,34,0,0,0,LEADER,1,4,1,33,33,297,0,0,0,0,0,0,0,0,0
229216,27,bully,3522,1,33,3764178,297,0,1782,0,1,27,225694,3522,0,34,0,0,0,LEADER,1,4,1,36,33,297,0,0,0,0,0,0,0,0,0
229283,47,bully,3589,1,33,3766389,297,0,1782,0,1,47,225694,3589,0,34,0,0,0,LEADER,1,4,1,56,33,297,0,0,0,0,0,0,0,0,0
229047,20,bully,3353,1,33,3758601,297,0,1782,0,1,20,225694,3353,0,34,0,0,0,LEADER,1,4,1,29,33,297,0,0,0,0,0,0,0,0,0
229113,40,bully,3419,1,33,3760779,297,0,1782,0,1,40,225694,3419,0,34,0,0,0,LEADER,1,4,1,49,33,297,0,0,0,0,0,0,0,0,0
230903,19,bully,2910,1,34,3974817,300,0,1800,0,1,19,227993,2910,0,35,0,0,0,LEADER,1,4,1,22,34,300,0,0,0,0,0,0,0,0,0
230691,2,bully,2707,1,34,3967716,300,595,1800,3570,1,1,227984,2707,0,35,0,0,0,NORMAL,0,3,2,4,87,300,0,595,0,0,0,0,0,0,0
230941,29,bully,2944,1,34,3976045,300,0,1800,0,1,29,227997,2944,0,35,0,0,0,LEADER,1,4,1,32,34,300,0,0,0,0,0,0,0,0,0
231110,36,bully,3113,1,34,3981791,300,0,1800,0,1,36,227997,3113,0,35,0,0,0,LEADER,1,4,1,39,34,300,0,0,0,0,0,0,0,0,0
230826,31,bully,2829,1,34,3972135,300,0,1800,0,1,31,227997,2829,0,35,0,0,0,LEADER,1,4,1,34,34,300,0,0,0,0,0,0,0,0,0
231165,45,bully,3168,1,34,3983661,300,0,1800,0,1,45,227997,3168,0,35,0,0,0,LEADER,1,4,1,48,34,300,0,0,0,0,0,0,0,0,0
230759,11,bully,2762,1,34,3969857,300,299,1800,1794,1,1,227997,2762,0,35,0,0,0,NORMAL,0,3,2,3,104,300,0,299,0,0,0,0,0,0,0
230859,41,bully,2862,1,34,3973257,300,0,1800,0,1,41,227997,2862,0,35,0,0,0,LEADER,1,4,1,44,34,300,0,0,0,0,0,0,0,0,0
231077,26,bully,3080,1,34,3980669,300,0,1800,0,1,26,227997,3080,0,35,0,0,0,LEADER,1,4,1,29,34,300,0,0,0,0,0,0,0,0,0
230851,4,bully,2854,1,34,3972985,300,584,1800,3504,1,1,227997,2854,0,35,0,0,0,NORMAL,0,3,2,3,106,300,0,584,0,0,0,0,0,0,0
231010,6,bully,3013,1,34,3978391,300,598,1800,3588,2,1,227997,3013,0,35,0,0,0,NORMAL,0,3,2,3,106,300,0,598,0,0,0,0,0,0,0
230732,12,bully,2740,1,34,3969031,300,300,1800,1800,1,1,227992,2740,0,35,0,0,0,NORMAL,0,3,2,3,125,300,0,300,0,0,0,0,0,0,0
230874,9,bully,2877,1,34,3973767,300,298,1800,1788,1,1,227997,2877,0,35,0,0,0,NORMAL,0,3,2,3,102,300,0,298,0,0,0,0,0,0,0
231029,48,bully,3032,1,34,3979037,300,0,1800,0,1,48,227997,3032,0,35,0,0,0,LEADER,1,4,1,51,34,300,0,0,0,0,0,0,0,0,0
230723,44,bully,2726,1,34,3968633,300,0,1800,0,1,44,227997,2726,0,35,0,0,0,LEADER,1,4,1,47,34,300,0,0,0,0,0,0,0,0,0
231431,8,bully,3434,1,34,3992705,300,299,1800,1794,2,1,227997,3434,0,35,0,0,0,NORMAL,0,3,2,3,108,300,0,299,0,0,0,0,0,0,0
230766,22,bully,2774,1,34,3970218,300,0,1800,0,1,22,227992,2774,0,35,0,0,0,LEADER,1,4,1,25,34,300,0,0,0,0,0,0,0,0,0
231438,39,bully,3441,1,34,3992943,300,0,1800,0,1,39,227997,3441,0,35,0,0,0,LEADER,1,4,1,42,34,300,0,0,0,0,0,0,0,0,0
230792,21,bully,2795,1,34,3970979,300,0,1800,0,1,21,227997,2795,0,35,0,0,0,LEADER,1,4,1,24,34,300,0,0,0,0,0,0,0,0,0
231147,3,bully,3150,1,34,3983049,300,602,1800,3612,1,1,227997,3150,0,35,0,0,0,NORMAL,0,3,2,3,103,300,0,602,0,0,0,0,0,0,0
231568,5,bully,3571,1,34,3997363,300,600,1800,3600,1,1,227997,3571,0,35,0,0,0,NORMAL,0,3,2,3,106,300,0,600,0,0,0,0,0,0,0
230990,38,bully,2998,1,34,3977797,300,0,1800,0,1,38,227992,2998,0,35,0,0,0,LEADER,1,4,1,41,34,300,0,0,0,0,0,0,0,0,0
231213,23,bully,3216,1,34,3985293,300,0,1800,0,1,23,227997,3216,0,35,0,0,0,LEADER,1,4,1,26,34,300,0,0,0,0,0,0,0,0,0
231039,16,bully,3047,1,34,3979466,300,300,1800,1800,2,1,227992,3047,0,35,0,0,0,NORMAL,0,3,2,3,135,300,0,300,0,0,0,0,0,0,0
230931,25,bully,2932,1,34,3975655,300,0,1800,0,1,25,227999,2932,0,35,0,0,0,LEADER,1,4,1,28,34,300,0,0,0,0,0,0,0,0,0
231241,33,bully,3250,1,34,3986376,300,0,1800,0,1,33,227991,3250,0,35,0,0,0,LEADER,1,4,1,36,34,300,0,0,0,0,0,0,0,0,0
231215,37,bully,3218,1,34,3985361,300,0,1800,0,1,37,227997,3218,0,35,0,0,0,LEADER,1,4,1,40,34,300,0,0,0,0,0,0,0,0,0
231469,49,bully,3474,1,34,3994051,300,0,1800,0,1,49,227995,3474,0,35,0,0,0,LEADER,1,4,1,52,34,300,0,0,0,0,0,0,0,0,0
231132,35,bully,3135,1,34,3982539,300,0,1800,0,1,35,227997,3135,0,35,0,0,0,LEADER,1,4,1,38,34,300,0,0,0,0,0,0,0,0,0
231608,46,bully,3611,1,34,3998723,300,0,1800,0,1,46,227997,3611,0,35,0,0,0,LEADER,1,4,1,49,34,300,0,0,0,0,0,0,0,0,0
231486,17,bully,3489,1,34,3994575,300,0,1800,0,1,17,227997,3489,0,35,0,0,0,LEADER,1,4,1,20,34,300,0,0,0,0,0,0,0,0,0
231623,14,bully,3626,1,34,3999233,300,297,1800,1782,2,1,227997,3626,0,35,0,0,0,NORMAL,0,3,2,3,107,300,0,297,0,0,0,0,0,0,0
231689,34,bully,3692,1,34,4001477,300,0,1800,0,1,34,227997,3692,0,35,0,0,0,LEADER,1,4,1,37,34,300,0,0,0,0,0,0,0,0,0
231297,42,bully,3304,1,34,3988167,300,0,1800,0,1,42,227993,3304,0,35,0,0,0,LEADER,1,4,1,45,34,300,0,0,0,0,0,0,0,0,0
231450,50,bully,3453,1,34,3993351,300,0,1800,0,1,50,227997,3453,0,35,0,0,0,LEADER,1,4,1,53,34,300,0,0,0,0,0,0,0,0,0
230962,28,bully,2965,1,34,3976759,300,0,1800,0,1,28,227997,2965,0,35,0,0,0,LEADER,1,4,1,31,34,300,0,0,0,0,0,0,0,0,0
231157,7,bully,3160,1,34,3983389,300,600,1800,3600,2,1,227997,3160,0,35,0,0,0,NORMAL,0,3,2,3,107,300,0,600,0,0,0,0,0,0,0
231598,15,bully,3603,1,34,3998429,300,300,1800,1800,2,1,227995,3603,0,35,0,0,0,NORMAL,0,3,2,3,132,300,0,300,0,0,0,0,0,0,0
231278,18,bully,3281,1,34,3987503,300,0,1800,0,1,18,227997,3281,0,35,0,0,0,LEADER,1,4,1,21,34,300,0,0,0,0,0,0,0,0,0
231262,1,bully,3265,1,34,3986959,300,602,1800,3612,1,1,227997,3265,0,35,0,0,0,LEADER,1,4,1,4,34,300,0,602,0,0,0,0,0,0,0
231549,30,bully,3556,1,34,3996801,300,0,1800,0,1,30,227993,3556,0,35,0,0,0,LEADER,1,4,1,33,34,300,0,0,0,0,0,0,0,0,0
231265,32,bully,3271,1,34,3987122,300,0,1800,0,1,32,227994,3271,0,35,0,0,0,LEADER,1,4,1,35,34,300,0,0,0,0,0,0,0,0,0
231583,10,bully,3592,1,34,3998005,300,301,1800,1806,1,1,227991,3592,0,35,0,0,0,NORMAL,0,3,2,4,69,300,0,301,0,0,0,0,0,0,0
231180,13,bully,3183,1,34,3984171,300,290,1800,1740,1,1,227997,3183,0,35,0,0,0,NORMAL,0,3,2,2,105,300,0,290,0,0,0,0,0,0,0
231280,43,bully,3283,1,34,3987571,300,0,1800,0,1,43,227997,3283,0,35,0,0,0,LEADER,1,4,1,46,34,300,0,0,0,0,0,0,0,0,0
231453,24,bully,3456,1,34,3993453,300,0,1800,0,1,24,227997,3456,0,35,0,0,0,LEADER,1,4,1,27,34,300,0,0,0,0,0,0,0,0,0
231519,27,bully,3522,1,34,3995697,300,0,1800,0,1,27,227997,3522,0,35,0,0,0,LEADER,1,4,1,30,34,300,0,0,0,0,0,0,0,0,0
231586,47,bully,3589,1,34,3997975,300,0,1800,0,1,47,227997,3589,0,35,0,0,0,LEADER,1,4,1,50,34,300,0,0,0,0,0,0,0,0,0
231350,20,bully,3353,1,34,3989951,300,0,1800,0,1,20,227997,3353,0,35,0,0,0,LEADER,1,4,1,23,34,300,0,0,0,0,0,0,0,0,0
231416,40,bully,3419,1,34,3992195,300,0,1800,0,1,40,227997,3419,0,35,0,0,0,LEADER,1,4,1,43,34,300,0,0,0,0,0,0,0,0,0
233206,19,bully,2910,1,34,3974817,303,0,1818,0,1,19,230296,2910,0,35,0,0,0,LEADER,1,4,1,25,34,303,0,0,0,0,0,0,0,0,0
232994,2,bully,2707,1,34,3967716,303,602,1818,3612,1,1,230287,2707,0,35,0,0,0,NORMAL,0,3,1,7,87,303,0,602,0,0,0,0,0,0,0
233244,29,bully,2944,1,34,3976045,303,0,1818,0,1,29,230300,2944,0,35,0,0,0,LEADER,1,4,1,35,34,303,0,0,0,0,0,0,0,0,0
233413,36,bully,3113,1,34,3981791,303,0,1818,0,1,36,230300,3113,0,35,0,0,0,LEADER,1,4,1,42,34,303,0,0,0,0,0,0,0,0,0
233129,31,bully,2829,1,34,3972135,303,0,1818,0,1,31,230300,2829,0,35,0,0,0,LEADER,1,4,1,37,34,303,0,0,0,0,0,0,0,0,0
233468,45,bully,3168,1,34,3983661,303,0,1818,0,1,45,230300,3168,0,35,0,0,0,LEADER,1,4,1,51,34,303,0,0,0,0,0,0,0,0,0
233062,11,bully,2762,1,34,3969857,303,302,1818,1812,1,1,230300,2762,0,35,0,0,0,NORMAL,0,3,1,6,104,303,0,302,0,0,0,0,0,0,0
233162,41,bully,2862,1,34,3973257,303,0,1818,0,1,41,230300,2862,0,35,0,0,0,LEADER,1,4,1,47,34,303,0,0,0,0,0,0,0,0,0
233380,26,bully,3080,1,34,3980669,303,0,1818,0,1,26,230300,3080,0,35,0,0,0,LEADER,1,4,1,32,34,303,0,0,0,0,0,0,0,0,0
233154,4,bully,2854,1,34,3972985,303,590,1818,3540,1,1,230300,2854,0,35,0,0,0,NORMAL,0,3,1,6,106,303,0,590,0,0,0,0,0,0,0
233313,6,bully,3013,1,34,3978391,303,604,1818,3624,2,1,230300,3013,0,35,0,0,0,NORMAL,0,3,1,6,106,303,0,604,0,0,0,0,0,0,0
233035,12,bully,2740,1,34,3969031,303,303,1818,1818,1,1,230295,2740,0,35,0,0,0,NORMAL,0,3,1,6,125,303,0,303,0,0,0,0,0,0,0
233177,9,bully,2877,1,34,3973767,303,301,1818,1806,1,1,230300,2877,0,35,0,0,0,NORMAL,0,3,1,6,102,303,0,301,0,0,0,0,0,0,0
233332,48,bully,3032,1,34,3979037,303,0,1818,0,1,48,230300,3032,0,35,0,0,0,LEADER,1,4,1,54,34,303,0,0,0,0,0,0,0,0,0
233026,44,bully,2726,1,34,3968633,303,0,1818,0,1,44,230300,2726,0,35,0,0,0,LEADER,1,4,1,50,34,303,0,0,0,0,0,0,0,0,0
233734,8,bully,3434,1,34,3992705,303,302,1818,1812,2,1,230300,3434,0,35,0,0,0,NORMAL,0,3,1,6,108,303,0,302,0,0,0,0,0,0,0
233069,22,bully,2774,1,34,3970218,303,0,1818,0,1,22,230295,2774,0,35,0,0,0,LEADER,1,4,1,28,34,303,0,0,0,0,0,0,0,0,0
233741,39,bully,3441,1,34,3992943,303,0,1818,0,1,39,230300,3441,0,35,0,0,0,LEADER,1,4,1,45,34,303,0,0,0,0,0,0,0,0,0
233095,21,bully,2795,1,34,3970979,303,0,1818,0,1,21,230300,2795,0,35,0,0,0,LEADER,1,4,1,27,34,303,0,0,0,0,0,0,0,0,0
233450,3,bully,3150,1,34,3983049,303,608,1818,3648,1,1,230300,3150,0,35,0,0,0,NORMAL,0,3,1,6,103,303,0,608,0,0,0,0,0,0,0
233871,5,bully,3571,1,34,3997363,303,606,1818,3636,1,1,230300,3571,0,35,0,0,0,NORMAL,0,3,1,6,106,303,0,606,0,0,0,0,0,0,0
233293,38,bully,2998,1,34,3977797,303,0,1818,0,1,38,230295,2998,0,35,0,0,0,LEADER,1,4,1,44,34,303,0,0,0,0,0,0,0,0,0
233516,23,bully,3216,1,34,3985293,303,0,1818,0,1,23,230300,3216,0,35,0,0,0,LEADER,1,4,1,29,34,303,0,0,0,0,0,0,0,0,0
233342,16,bully,3047,1,34,3979466,303,303,1818,1818,2,1,230295,3047,0,35,0,0,0,NORMAL,0,3,1,6,135,303,0,303,0,0,0,0,0,0,0
233234,25,bully,2932,1,34,3975655,303,0,1818,0,1,25,230302,2932,0,35,0,0,0,LEADER,1,4,1,31,34,303,0,0,0,0,0,0,0,0,0
233544,33,bully,3250,1,34,3986376,303,0,1818,0,1,33,230294,3250,0,35,0,0,0,LEADER,1,4,1,39,34,303,0,0,0,0,0,0,0,0,0
233518,37,bully,3218,1,34,3985361,303,0,1818,0,1,37,230300,3218,0,35,0,0,0,LEADER,1,4,1,43,34,303,0,0,0,0,0,0,0,0,0
233772,49,bully,3474,1,34,3994051,303,0,1818,0,1,49,230298,3474,0,35,0,0,0,LEADER,1,4,1,55,34,303,0,0,0,0,0,0,0,0,0
233435,35,bully,3135,1,34,3982539,303,0,1818,0,1,35,230300,3135,0,35,0,0,0,LEADER,1,4,1,41,34,303,0,0,0,0,0,0,0,0,0
233911,46,bully,3611,1,34,3998723,303,0,1818,0,1,46,230300,3611,0,35,0,0,0,LEADER,1,4,1,52,34,303,0,0,0,0,0,0,0,0,0
233789,17,bully,3489,1,34,3994575,303,0,1818,0,1,17,230300,3489,0,35,0,0,0,LEADER,1,4,1,23,34,303,0,0,0,0,0,0,0,0,0
233926,14,bully,3626,1,34,3999233,303,300,1818,1800,2,1,230300,3626,0,35,0,0,0,NORMAL,0,3,1,6,107,303,0,300,0,0,0,0,0,0,0
233992,34,bully,3692,1,34,4001477,303,0,1818,0,1,34,230300,3692,0,35,0,0,0,LEADER,1,4,1,40,34,303,0,0,0,0,0,0,0,0,0
233600,42,bully,3304,1,34,3988167,303,0,1818,0,1,42,230296,3304,0,35,0,0,0,LEADER,1,4,1,48,34,303,0,0,0,0,0,0,0,0,0
233753,50,bully,3453,1,34,3993351,303,0,1818,0,1,50,230300,3453,0,35,0,0,0,LEADER,1,4,1,56,34,303,0,0,0,0,0,0,0,0,0
233265,28,bully,2965,1,34,3976759,303,0,1818,0,1,28,230300,2965,0,35,0,0,0,LEADER,1,4,1,34,34,303,0,0,0,0,0,0,0,0,0
233460,7,bully,3160,1,34,3983389,303,606,1818,3636,2,1,230300,3160,0,35,0,0,0,NORMAL,0,3,1,6,107,303,0,606,0,0,0,0,0,0,0
233901,15,bully,3603,1,34,3998429,303,303,1818,1818,2,1,230298,3603,0,35,0,0,0,NORMAL,0,3,1,6,132,303,0,303,0,0,0,0,0,0,0
233581,18,bully,3281,1,34,3987503,303,0,1818,0,1,18,230300,3281,0,35,0,0,0,LEADER,1,4,1,24,34,303,0,0,0,0,0,0,0,0,0
233565,1,bully,3265,1,34,3986959,303,608,1818,3648,1,1,230300,3265,0,35,0,0,0,LEADER,1,4,1,7,34,303,0,608,0,0,0,0,0,0,0
233852,30,bully,3556,1,34,3996801,303,0,1818,0,1,30,230296,3556,0,35,0,0,0,LEADER,1,4,1,36,34,303,0,0,0,0,0,0,0,0,0
233568,32,bully,3271,1,34,3987122,303,0,1818,0,1,32,230297,3271,0,35,0,0,0,LEADER,1,4,1,38,34,303,0,0,0,0,0,0,0,0,0
233886,10,bully,3592,1,34,3998005,303,304,1818,1824,1,1,230294,3592,0,35,0,0,0,NORMAL,0,3,1,7,69,303,0,304,0,0,0,0,0,0,0
233483,13,bully,3183,1,34,3984171,303,293,1818,1758,1,1,230300,3183,0,35,0,0,0,NORMAL,0,3,1,5,105,303,0,293,0,0,0,0,0,0,0
233583,43,bully,3283,1,34,3987571,303,0,1818,0,1,43,230300,3283,0,35,0,0,0,LEADER,1,4,1,49,34,303,0,0,0,0,0,0,0,0,0
233756,24,bully,3456,1,34,3993453,303,0,1818,0,1,24,230300,3456,0,35,0,0,0,LEADER,1,4,1,30,34,303,0,0,0,0,0,0,0,0,0
233822,27,bully,3522,1,34,3995697,303,0,1818,0,1,27,230300,3522,0,35,0,0,0,LEADER,1,4,1,33,34,303,0,0,0,0,0,0,0,0,0
233889,47,bully,3589,1,34,3997975,303,0,1818,0,1,47,230300,3589,0,35,0,0,0,LEADER,1,4,1,53,34,303,0,0,0,0,0,0,0,0,0
233653,20,bully,3353,1,34,3989951,303,0,1818,0,1,20,230300,3353,0,35,0,0,0,LEADER,1,4,1,26,34,303,0,0,0,0,0,0,0,0,0
233719,40,bully,3419,1,34,3992195,303,0,1818,0,1,40,230300,3419,0,35,0,0,0,LEADER,1,4,1,46,34,303,0,0,0,0,0,0,0,0,0
235508,19,bully,2910,1,34,3974817,306,0,1836,0,1,19,232598,2910,0,35,0,0,0,LEADER,1,4,1,28,34,306,0,0,0,0,0,0,0,0,0
235297,2,bully,2707,1,34,3967716,306,608,1836,3648,1,1,232590,2707,0,35,0,0,0,NORMAL,0,3,1,10,87,306,0,608,0,0,0,0,0,0,0
235547,29,bully,2944,1,34,3976045,306,0,1836,0,1,29,232603,2944,0,35,0,0,0,LEADER,1,4,1,38,34,306,0,0,0,0,0,0,0,0,0
235716,36,bully,3113,1,34,3981791,306,0,1836,0,1,36,232603,3113,0,35,0,0,0,LEADER,1,4,1,45,34,306,0,0,0,0,0,0,0,0,0
235432,31,bully,2829,1,34,3972135,306,0,1836,0,1,31,232603,2829,0,35,0,0,0,LEADER,1,4,1,40,34,306,0,0,0,0,0,0,0,0,0
235771,45,bully,3168,1,34,3983661,306,0,1836,0,1,45,232603,3168,0,35,0,0,0,LEADER,1,4,1,54,34,306,0,0,0,0,0,0,0,0,0
235365,11,bully,2762,1,34,3969857,306,305,1836,1830,1,1,232603,2762,0,35,0,0,0,NORMAL,0,3,1,9,104,306,0,305,0,0,0,0,0,0,0
235465,41,bully,2862,1,34,3973257,306,0,1836,0,1,41,232603,2862,0,35,0,0,0,LEADER,1,4,1,50,34,306,0,0,0,0,0,0,0,0,0
235683,26,bully,3080,1,34,3980669,306,0,1836,0,1,26,232603,3080,0,35,0,0,0,LEADER,1,4,1,35,34,306,0,0,0,0,0,0,0,0,0
235457,4,bully,2854,1,34,3972985,306,596,1836,3576,1,1,232603,2854,0,35,0,0,0,NORMAL,0,3,1,9,106,306,0,596,0,0,0,0,0,0,0
235616,6,bully,3013,1,34,3978391,306,610,1836,3660,2,1,232603,3013,0,35,0,0,0,NORMAL,0,3,1,9,106,306,0,610,0,0,0,0,0,0,0
235338,12,bully,2740,1,34,3969031,306,305,1836,1830,1,1,232598,2740,0,35,0,0,0,NORMAL,0,3,1,9,125,306,0,305,0,0,0,0,0,0,0
235480,9,bully,2877,1,34,3973767,306,304,1836,1824,1,1,232603,2877,0,35,0,0,0,NORMAL,0,3,1,9,102,306,0,304,0,0,0,0,0,0,0
235635,48,bully,3032,1,34,3979037,306,0,1836,0,1,48,232603,3032,0,35,0,0,0,LEADER,1,4,1,57,34,306,0,0,0,0,0,0,0,0,0
235329,44,bully,2726,1,34,3968633,306,0,1836,0,1,44,232603,2726,0,35,0,0,0,LEADER,1,4,1,53,34,306,0,0,0,0,0,0,0,0,0
236037,8,bully,3434,1,34,3992705,306,305,1836,1830,2,1,232603,3434,0,35,0,0,0,NORMAL,0,3,1,9,108,306,0,305,0,0,0,0,0,0,0
235372,22,bully,2774,1,34,3970218,306,0,1836,0,1,22,232598,2774,0,35,0,0,0,LEADER,1,4,1,31,34,306,0,0,0,0,0,0,0,0,0
236044,39,bully,3441,1,34,3992943,306,0,1836,0,1,39,232603,3441,0,35,0,0,0,LEADER,1,4,1,48,34,306,0,0,0,0,0,0,0,0,0
235398,21,bully,2795,1,34,3970979,306,0,1836,0,1,21,232603,2795,0,35,0,0,0,LEADER,1,4,1,30,34,306,0,0,0,0,0,0,0,0,0
235753,3,bully,3150,1,34,3983049,306,614,1836,3684,1,1,232603,3150,0,35,0,0,0,NORMAL,0,3,1,9,103,306,0,614,0,0,0,0,0,0,0
236174,5,bully,3571,1,34,3997363,306,612,1836,3672,1,1,232603,3571,0,35,0,0,0,NORMAL,0,3,1,9,106,306,0,612,0,0,0,0,0,0,0
235596,38,bully,2998,1,34,3977797,306,0,1836,0,1,38,232598,2998,0,35,0,0,0,LEADER,1,4,1,47,34,306,0,0,0,0,0,0,0,0,0
235819,23,bully,3216,1,34,3985293,306,0,1836,0,1,23,232603,3216,0,35,0,0,0,LEADER,1,4,1,32,34,306,0,0,0,0,0,0,0,0,0
235645,16,bully,3047,1,34,3979466,306,306,1836,1836,2,1,232598,3047,0,35,0,0,0,NORMAL,0,3,1,9,135,306,0,306,0,0,0,0,0,0,0
235537,25,bully,2932,1,34,3975655,306,0,1836,0,1,25,232605,2932,0,35,0,0,0,LEADER,1,4,1,34,34,306,0,0,0,0,0,0,0,0,0
235847,33,bully,3250,1,34,3986376,306,0,1836,0,1,33,232597,3250,0,35,0,0,0,LEADER,1,4,1,42,34,306,0,0,0,0,0,0,0,0,0
235821,37,bully,3218,1,34,3985361,306,0,1836,0,1,37,232603,3218,0,35,0,0,0,LEADER,1,4,1,46,34,306,0,0,0,0,0,0,0,0,0
236075,49,bully,3474,1,34,3994051,306,0,1836,0,1,49,232601,3474,0,35,0,0,0,LEADER,1,4,1,58,34,306,0,0,0,0,0,0,0,0,0
235738,35,bully,3135,1,34,3982539,306,0,1836,0,1,35,232603,3135,0,35,0,0,0,LEADER,1,4,1,44,34,306,0,0,0,0,0,0,0,0,0
236214,46,bully,3611,1,34,3998723,306,0,1836,0,1,46,232603,3611,0,35,0,0,0,LEADER,1,4,1,55,34,306,0,0,0,0,0,0,0,0,0
236092,17,bully,3489,1,34,3994575,306,0,1836,0,1,17,232603,3489,0,35,0,0,0,LEADER,1,4,1,26,34,306,0,0,0,0,0,0,0,0,0
236229,14,bully,3626,1,34,3999233,306,303,1836,1818,2,1,232603,3626,0,35,0,0,0,NORMAL,0,3,1,9,107,306,0,303,0,0,0,0,0,0,0
236295,34,bully,3692,1,34,4001477,306,0,1836,0,1,34,232603,3692,0,35,0,0,0,LEADER,1,4,1,43,34,306,0,0,0,0,0,0,0,0,0
235903,42,bully,3304,1,34,3988167,306,0,1836,0,1,42,232599,3304,0,35,0,0,0,LEADER,1,4,1,51,34,306,0,0,0,0,0,0,0,0,0
236056,50,bully,3453,1,34,3993351,306,0,1836,0,1,50,232603,3453,0,35,0,0,0,LEADER,1,4,1,59,34,306,0,0,0,0,0,0,0,0,0
235568,28,bully,2965,1,34,3976759,306,0,1836,0,1,28,232603,2965,0,35,0,0,0,LEADER,1,4,1,37,34,306,0,0,0,0,0,0,0,0,0
235763,7,bully,3160,1,34,3983389,306,612,1836,3672,2,1,232603,3160,0,35,0,0,0,NORMAL,0,3,1,9,107,306,0,612,0,0,0,0,0,0,0
236204,15,bully,3603,1,34,3998429,306,306,1836,1836,2,1,232601,3603,0,35,0,0,0,NORMAL,0,3,1,9,132,306,0,306,0,0,0,0,0,0,0
235884,18,bully,3281,1,34,3987503,306,0,1836,0,1,18,232603,3281,0,35,0,0,0,LEADER,1,4,1,27,34,306,0,0,0,0,0,0,0,0,0
235868,1,bully,3265,1,34,3986959,306,614,1836,3684,1,1,232603,3265,0,35,0,0,0,LEADER,1,4,1,10,34,306,0,614,0,0,0,0,0,0,0
236155,30,bully,3556,1,34,3996801,306,0,1836,0,1,30,232599,3556,0,35,0,0,0,LEADER,1,4,1,39,34,306,0,0,0,0,0,0,0,0,0
235871,32,bully,3271,1,34,3987122,306,0,1836,0,1,32,232600,3271,0,35,0,0,0,LEADER,1,4,1,41,34,306,0,0,0,0,0,0,0,0,0
236189,10,bully,3592,1,34,3998005,306,307,1836,1842,1,1,232597,3592,0,35,0,0,0,NORMAL,0,3,1,10,69,306,0,307,0,0,0,0,0,0,0
235786,13,bully,3183,1,34,3984171,306,296,1836,1776,1,1,232603,3183,0,35,0,0,0,NORMAL,0,3,1,8,105,306,0,296,0,0,0,0,0,0,0
235886,43,bully,3283,1,34,3987571,306,0,1836,0,1,43,232603,3283,0,35,0,0,0,LEADER,1,4,1,52,34,306,0,0,0,0,0,0,0,0,0
236059,24,bully,3456,1,34,3993453,306,0,1836,0,1,24,232603,3456,0,35,0,0,0,LEADER,1,4,1,33,34,306,0,0,0,0,0,0,0,0,0
236125,27,bully,3522,1,34,3995697,306,0,1836,0,1,27,232603,3522,0,35,0,0,0,LEADER,1,4,1,36,34,306,0,0,0,0,0,0,0,0,0
236192,47,bully,3589,1,34,3997975,306,0,1836,0,1,47,232603,3589,0,35,0,0,0,LEADER,1,4,1,56,34,306,0,0,0,0,0,0,0,0,0
235956,20,bully,3353,1,34,3989951,306,0,1836,0,1,20,232603,3353,0,35,0,0,0,LEADER,1,4,1,29,34,306,0,0,0,0,0,0,0,0,0
236022,40,bully,3419,1,34,3992195,306,0,1836,0,1,40,232603,3419,0,35,0,0,0,LEADER,1,4,1,49,34,306,0,0,0,0,0,0,0,0,0
237811,19,bully,2910,1,35,4212628,309,0,1854,0,1,19,234901,2910,0,36,0,0,0,LEADER,1,4,1,22,35,309,0,0,0,0,0,0,0,0,0
237600,2,bully,2707,1,35,4205316,309,614,1854,3684,1,1,234893,2707,0,36,0,0,0,NORMAL,0,3,2,3,90,309,0,614,0,0,0,0,0,0,0
237850,29,bully,2944,1,35,4213895,309,0,1854,0,1,29,234906,2944,0,36,0,0,0,LEADER,1,4,1,32,35,309,0,0,0,0,0,0,0,0,0
238019,36,bully,3113,1,35,4219810,309,0,1854,0,1,36,234906,3113,0,36,0,0,0,LEADER,1,4,1,39,35,309,0,0,0,0,0,0,0,0,0
237735,31,bully,2829,1,35,4209870,309,0,1854,0,1,31,234906,2829,0,36,0,0,0,LEADER,1,4,1,34,35,309,0,0,0,0,0,0,0,0,0
238074,45,bully,3168,1,35,4221735,309,0,1854,0,1,45,234906,3168,0,36,0,0,0,LEADER,1,4,1,48,35,309,0,0,0,0,0,0,0,0,0
237668,11,bully,2762,1,35,4207525,309,308,1854,1848,1,1,234906,2762,0,36,0,0,0,NORMAL,0,3,2,3,107,309,0,308,0,0,0,0,0,0,0
237768,41,bully,2862,1,35,4211025,309,0,1854,0,1,41,234906,2862,0,36,0,0,0,LEADER,1,4,1,44,35,309,0,0,0,0,0,0,0,0,0
237986,26,bully,3080,1,35,4218655,309,0,1854,0,1,26,234906,3080,0,36,0,0,0,LEADER,1,4,1,29,35,309,0,0,0,0,0,0,0,0,0
237760,4,bully,2854,1,35,4210745,309,602,1854,3612,1,1,234906,2854,0,36,0,0,0,NORMAL,0,3,2,3,109,309,0,602,0,0,0,0,0,0,0
237919,6,bully,3013,1,35,4216310,309,616,1854,3696,2,1,234906,3013,0,36,0,0,0,NORMAL,0,3,2,3,109,309,0,616,0,0,0,0,0,0,0
237641,12,bully,2740,1,35,4206672,309,309,1854,1854,1,1,234901,2740,0,36,0,0,0,NORMAL,0,3,2,4,127,309,0,309,0,0,0,0,0,0,0
237783,9,bully,2877,1,35,4211550,309,307,1854,1842,1,1,234906,2877,0,36,0,0,0,NORMAL,0,3,2,3,105,309,0,307,0,0,0,0,0,0,0
237938,48,bully,3032,1,35,4216975,309,0,1854,0,1,48,234906,3032,0,36,0,0,0,LEADER,1,4,1,51,35,309,0,0,0,0,0,0,0,0,0
237632,44,bully,2726,1,35,4206265,309,0,1854,0,1,44,234906,2726,0,36,0,0,0,LEADER,1,4,1,47,35,309,0,0,0,0,0,0,0,0,0
238340,8,bully,3434,1,35,4231045,309,308,1854,1848,2,1,234906,3434,0,36,0,0,0,NORMAL,0,3,2,3,111,309,0,308,0,0,0,0,0,0,0
237675,22,bully,2774,1,35,4207893,309,0,1854,0,1,22,234901,2774,0,36,0,0,0,LEADER,1,4,1,25,35,309,0,0,0,0,0,0,0,0,0
238347,39,bully,3441,1,35,4231290,309,0,1854,0,1,39,234906,3441,0,36,0,0,0,LEADER,1,4,1,42,35,309,0,0,0,0,0,0,0,0,0
237701,21,bully,2795,1,35,4208680,309,0,1854,0,1,21,234906,2795,0,36,0,0,0,LEADER,1,4,1,24,35,309,0,0,0,0,0,0,0,0,0
238056,3,bully,3150,1,35,4221105,309,620,1854,3720,1,1,234906,3150,0,36,0,0,0,NORMAL,0,3,2,3,106,309,0,620,0,0,0,0,0,0,0
238477,5,bully,3571,1,35,4235840,309,618,1854,3708,1,1,234906,3571,0,36,0,0,0,NORMAL,0,3,2,3,109,309,0,618,0,0,0,0,0,0,0
237899,38,bully,2998,1,35,4215696,309,0,1854,0,1,38,234901,2998,0,36,0,0,0,LEADER,1,4,1,41,35,309,0,0,0,0,0,0,0,0,0
238122,23,bully,3216,1,35,4223415,309,0,1854,0,1,23,234906,3216,0,36,0,0,0,LEADER,1,4,1,26,35,309,0,0,0,0,0,0,0,0,0
237948,16,bully,3047,1,35,4217414,309,309,1854,1854,2,1,234901,3047,0,36,0,0,0,NORMAL,0,3,2,3,139,309,0,309,0,0,0,0,0,0,0
237840,25,bully,2932,1,35,4213495,309,0,1854,0,1,25,234908,2932,0,36,0,0,0,LEADER,1,4,1,28,35,309,0,0,0,0,0,0,0,0,0
238150,33,bully,3250,1,35,4224526,309,0,1854,0,1,33,234900,3250,0,36,0,0,0,LEADER,1,4,1,36,35,309,0,0,0,0,0,0,0,0,0
238124,37,bully,3218,1,35,4223485,309,0,1854,0,1,37,234906,3218,0,36,0,0,0,LEADER,1,4,1,40,35,309,0,0,0,0,0,0,0,0,0
238378,49,bully,3474,1,35,4232429,309,0,1854,0,1,49,234904,3474,0,36,0,0,0,LEADER,1,4,1,52,35,309,0,0,0,0,0,0,0,0,0
238041,35,bully,3135,1,35,4220580,309,0,1854,0,1,35,234906,3135,0,36,0,0,0,LEADER,1,4,1,38,35,309,0,0,0,0,0,0,0,0,0
238517,46,bully,3611,1,35,4237240,309,0,1854,0,1,46,234906,3611,0,36,0,0,0,LEADER,1,4,1,49,35,309,0,0,0,0,0,0,0,0,0
238395,17,bully,3489,1,35,4232970,309,0,1854,0,1,17,234906,3489,0,36,0,0,0,LEADER,1,4,1,20,35,309,0,0,0,0,0,0,0,0,0
238532,14,bully,3626,1,35,4237765,309,306,1854,1836,2,1,234906,3626,0,36,0,0,0,NORMAL,0,3,2,3,110,309,0,306,0,0,0,0,0,0,0
238598,34,bully,3692,1,35,4240075,309,0,1854,0,1,34,234906,3692,0,36,0,0,0,LEADER,1,4,1,37,35,309,0,0,0,0,0,0,0,0,0
238206,42,bully,3304,1,35,4226373,309,0,1854,0,1,42,234902,3304,0,36,0,0,0,LEADER,1,4,1,45,35,309,0,0,0,0,0,0,0,0,0
238359,50,bully,3453,1,35,4231710,309,0,1854,0,1,50,234906,3453,0,36,0,0,0,LEADER,1,4,1,53,35,309,0,0,0,0,0,0,0,0,0
237871,28,bully,2965,1,35,4214630,309,0,1854,0,1,28,234906,2965,0,36,0,0,0,LEADER,1,4,1,31,35,309,0,0,0,0,0,0,0,0,0
238066,7,bully,3160,1,35,4221455,309,618,1854,3708,2,1,234906,3160,0,36,0,0,0,NORMAL,0,3,2,3,110,309,0,618,0,0,0,0,0,0,0
238507,15,bully,3603,1,35,4236936,309,309,1854,1854,2,1,234904,3603,0,36,0,0,0,NORMAL,0,3,2,3,136,309,0,309,0,0,0,0,0,0,0
238187,18,bully,3281,1,35,4225690,309,0,1854,0,1,18,234906,3281,0,36,0,0,0,LEADER,1,4,1,21,35,309,0,0,0,0,0,0,0,0,0
238171,1,bully,3265,1,35,4225130,309,620,1854,3720,1,1,234906,3265,0,36,0,0,0,LEADER,1,4,1,4,35,309,0,620,0,0,0,0,0,0,0
238458,30,bully,3556,1,35,4235259,309,0,1854,0,1,30,234902,3556,0,36,0,0,0,LEADER,1,4,1,33,35,309,0,0,0,0,0,0,0,0,0
238174,32,bully,3271,1,35,4225296,309,0,1854,0,1,32,234903,3271,0,36,0,0,0,LEADER,1,4,1,35,35,309,0,0,0,0,0,0,0,0,0
238492,10,bully,3592,1,35,4236497,309,310,1854,1860,1,1,234900,3592,0,36,0,0,0,NORMAL,0,3,2,4,71,309,0,310,0,0,0,0,0,0,0
238089,13,bully,3183,1,35,4222260,309,299,1854,1794,1,1,234906,3183,0,36,0,0,0,NORMAL,0,3,2,3,108,309,0,299,0,0,0,0,0,0,0
238189,43,bully,3283,1,35,4225760,309,0,1854,0,1,43,234906,3283,0,36,0,0,0,LEADER,1,4,1,46,35,309,0,0,0,0,0,0,0,0,0
238362,24,bully,3456,1,35,4231815,309,0,1854,0,1,24,234906,3456,0,36,0,0,0,LEADER,1,4,1,27,35,309,0,0,0,0,0,0,0,0,0
238428,27,bully,3522,1,35,4234125,309,0,1854,0,1,27,234906,3522,0,36,0,0,0,LEADER,1,4,1,30,35,309,0,0,0,0,0,0,0,0,0
238495,47,bully,3589,1,35,4236470,309,0,1854,0,1,47,234906,3589,0,36,0,0,0,LEADER,1,4,1,50,35,309,0,0,0,0,0,0,0,0,0
238259,20,bully,3353,1,35,4228210,309,0,1854,0,1,20,234906,3353,0,36,0,0,0,LEADER,1,4,1,23,35,309,0,0,0,0,0,0,0,0,0
238325,40,bully,3419,1,35,4230520,309,0,1854,0,1,40,234906,3419,0,36,0,0,0,LEADER,1,4,1,43,35,309,0,0,0,0,0,0,0,0,0
240114,19,bully,2910,1,35,4212628,312,0,1872,0,1,19,237204,2910,0,36,0,0,0,LEADER,1,4,1,25,35,312,0,0,0,0,0,0,0,0,0
239902,2,bully,2707,1,35,4205316,312,620,1872,3720,1,1,237195,2707,0,36,0,0,0,NORMAL,0,3,1,6,90,312,0,620,0,0,0,0,0,0,0
240153,29,bully,2944,1,35,4213895,312,0,1872,0,1,29,237209,2944,0,36,0,0,0,LEADER,1,4,1,35,35,312,0,0,0,0,0,0,0,0,0
240322,36,bully,3113,1,35,4219810,312,0,1872,0,1,36,237209,3113,0,36,0,0,0,LEADER,1,4,1,42,35,312,0,0,0,0,0,0,0,0,0
240038,31,bully,2829,1,35,4209870,312,0,1872,0,1,31,237209,2829,0,36,0,0,0,LEADER,1,4,1,37,35,312,0,0,0,0,0,0,0,0,0
240377,45,bully,3168,1,35,4221735,312,0,1872,0,1,45,237209,3168,0,36,0,0,0,LEADER,1,4,1,51,35,312,0,0,0,0,0,0,0,0,0
239971,11,bully,2762,1,35,4207525,312,311,1872,1866,1,1,237209,2762,0,36,0,0,0,NORMAL,0,3,1,6,107,312,0,311,0,0,0,0,0,0,0
240071,41,bully,2862,1,35,4211025,312,0,1872,0,1,41,237209,2862,0,36,0,0,0,LEADER,1,4,1,47,35,312,0,0,0,0,0,0,0,0,0
240289,26,bully,3080,1,35,4218655,312,0,1872,0,1,26,237209,3080,0,36,0,0,0,LEADER,1,4,1,32,35,312,0,0,0,0,0,0,0,0,0
240063,4,bully,2854,1,35,4210745,312,608,1872,3648,1,1,237209,2854,0,36,0,0,0,NORMAL,0,3,1,6,109,312,0,608,0,0,0,0,0,0,0
240222,6,bully,3013,1,35,4216310,312,622,1872,3732,2,1,237209,3013,0,36,0,0,0,NORMAL,0,3,1,6,109,312,0,622,0,0,0,0,0,0,0
239944,12,bully,2740,1,35,4206672,312,311,1872,1866,1,1,237204,2740,0,36,0,0,0,NORMAL,0,3,1,7,127,312,0,311,0,0,0,0,0,0,0
240086,9,bully,2877,1,35,4211550,312,310,1872,1860,1,1,237209,2877,0,36,0,0,0,NORMAL,0,3,1,6,105,312,0,310,0,0,0,0,0,0,0
240241,48,bully,3032,1,35,4216975,312,0,1872,0,1,48,237209,3032,0,36,0,0,0,LEADER,1,4,1,54,35,312,0,0,0,0,0,0,0,0,0
239935,44,bully,2726,1,35,4206265,312,0,1872,0,1,44,237209,2726,0,36,0,0,0,LEADER,1,4,1,50,35,312,0,0,0,0,0,0,0,0,0
240643,8,bully,3434,1,35,4231045,312,311,1872,1866,2,1,237209,3434,0,36,0,0,0,NORMAL,0,3,1,6,111,312,0,311,0,0,0,0,0,0,0
239978,22,bully,2774,1,35,4207893,312,0,1872,0,1,22,237204,2774,0,36,0,0,0,LEADER,1,4,1,28,35,312,0,0,0,0,0,0,0,0,0
240650,39,bully,3441,1,35,4231290,312,0,1872,0,1,39,237209,3441,0,36,0,0,0,LEADER,1,4,1,45,35,312,0,0,0,0,0,0,0,0,0
240004,21,bully,2795,1,35,4208680,312,0,1872,0,1,21,237209,2795,0,36,0,0,0,LEADER,1,4,1,27,35,312,0,0,0,0,0,0,0,0,0
240359,3,bully,3150,1,35,4221105,312,626,1872,3756,1,1,237209,3150,0,36,0,0,0,NORMAL,0,3,1,6,106,312,0,626,0,0,0,0,0,0,0
240780,5,bully,3571,1,35,4235840,312,624,1872,3744,1,1,237209,3571,0,36,0,0,0,NORMAL,0,3,1,6,109,312,0,624,0,0,0,0,0,0,0
240202,38,bully,2998,1,35,4215696,312,0,1872,0,1,38,237204,2998,0,36,0,0,0,LEADER,1,4,1,44,35,312,0,0,0,0,0,0,0,0,0
240425,23,bully,3216,1,35,4223415,312,0,1872,0,1,23,237209,3216,0,36,0,0,0,LEADER,1,4,1,29,35,312,0,0,0,0,0,0,0,0,0
240251,16,bully,3047,1,35,4217414,312,313,1872,1878,2,1,237204,3047,0,36,0,0,0,NORMAL,0,3,1,6,139,312,0,313,0,0,0,0,0,0,0
240143,25,bully,2932,1,35,4213495,312,0,1872,0,1,25,237211,2932,0,36,0,0,0,LEADER,1,4,1,31,35,312,0,0,0,0,0,0,0,0,0
240453,33,bully,3250,1,35,4224526,312,0,1872,0,1,33,237203,3250,0,36,0,0,0,LEADER,1,4,1,39,35,312,0,0,0,0,0,0,0,0,0
240427,37,bully,3218,1,35,4223485,312,0,1872,0,1,37,237209,3218,0,36,0,0,0,LEADER,1,4,1,43,35,312,0,0,0,0,0,0,0,0,0
240681,49,bully,3474,1,35,4232429,312,0,1872,0,1,49,237207,3474,0,36,0,0,0,LEADER,1,4,1,55,35,312,0,0,0,0,0,0,0,0,0
240344,35,bully,3135,1,35,4220580,312,0,1872,0,1,35,237209,3135,0,36,0,0,0,LEADER,1,4,1,41,35,312,0,0,0,0,0,0,0,0,0
240820,46,bully,3611,1,35,4237240,312,0,1872,0,1,46,237209,3611,0,36,0,0,0,LEADER,1,4,1,52,35,312,0,0,0,0,0,0,0,0,0
240698,17,bully,3489,1,35,4232970,312,0,1872,0,1,17,237209,3489,0,36,0,0,0,LEADER,1,4,1,23,35,312,0,0,0,0,0,0,0,0,0
240835,14,bully,3626,1,35,4237765,312,309,1872,1854,2,1,237209,3626,0,36,0,0,0,NORMAL,0,3,1,6,110,312,0,309,0,0,0,0,0,0,0
240901,34,bully,3692,1,35,4240075,312,0,1872,0,1,34,237209,3692,0,36,0,0,0,LEADER,1,4,1,40,35,312,0,0,0,0,0,0,0,0,0
240509,42,bully,3304,1,35,4226373,312,0,1872,0,1,42,237205,3304,0,36,0,0,0,LEADER,1,4,1,48,35,312,0,0,0,0,0,0,0,0,0
240662,50,bully,3453,1,35,4231710,312,0,1872,0,1,50,237209,3453,0,36,0,0,0,LEADER,1,4,1,56,35,312,0,0,0,0,0,0,0,0,0
240174,28,bully,2965,1,35,4214630,312,0,1872,0,1,28,237209,2965,0,36,0,0,0,LEADER,1,4,1,34,35,312,0,0,0,0,0,0,0,0,0
240369,7,bully,3160,1,35,4221455,312,624,1872,3744,2,1,237209,3160,0,36,0,0,0,NORMAL,0,3,1,6,110,312,0,624,0,0,0,0,0,0,0
240810,15,bully,3603,1,35,4236936,312,312,1872,1872,2,1,237207,3603,0,36,0,0,0,NORMAL,0,3,1,6,136,312,0,312,0,0,0,0,0,0,0
240490,18,bully,3281,1,35,4225690,312,0,1872,0,1,18,237209,3281,0,36,0,0,0,LEADER,1,4,1,24,35,312,0,0,0,0,0,0,0,0,0
240474,1,bully,3265,1,35,4225130,312,626,1872,3756,1,1,237209,3265,0,36,0,0,0,LEADER,1,4,1,7,35,312,0,626,0,0,0,0,0,0,0
240761,30,bully,3556,1,35,4235259,312,0,1872,0,1,30,237205,3556,0,36,0,0,0,LEADER,1,4,1,36,35,312,0,0,0,0,0,0,0,0,0
240477,32,bully,3271,1,35,4225296,312,0,1872,0,1,32,237206,3271,0,36,0,0,0,LEADER,1,4,1,38,35,312,0,0,0,0,0,0,0,0,0
240795,10,bully,3592,1,35,4236497,312,313,1872,1878,1,1,237203,3592,0,36,0,0,0,NORMAL,0,3,1,7,71,312,0,313,0,0,0,0,0,0,0
240392,13,bully,3183,1,35,4222260,312,302,1872,1812,1,1,237209,3183,0,36,0,0,0,NORMAL,0,3,1,6,108,312,0,302,0,0,0,0,0,0,0
240492,43,bully,3283,1,35,4225760,312,0,1872,0,1,43,237209,3283,0,36,0,0,0,LEADER,1,4,1,49,35,312,0,0,0,0,0,0,0,0,0
240665,24,bully,3456,1,35,4231815,312,0,1872,0,1,24,237209,3456,0,36,0,0,0,LEADER,1,4,1,30,35,312,0,0,0,0,0,0,0,0,0
240731,27,bully,3522,1,35,4234125,312,0,1872,0,1,27,237209,3522,0,36,0,0,0,LEADER,1,4,1,33,35,312,0,0,0,0,0,0,0,0,0
240798,47,bully,3589,1,35,4236470,312,0,1872,0,1,47,237209,3589,0,36,0,0,0,LEADER,1,4,1,53,35,312,0,0,0,0,0,0,0,0,0
240562,20,bully,3353,1,35,4228210,312,0,1872,0,1,20,237209,3353,0,36,0,0,0,LEADER,1,4,1,26,35,312,0,0,0,0,0,0,0,0,0
240628,40,bully,3419,1,35,4230520,312,0,1872,0,1,40,237209,3419,0,36,0,0,0,LEADER,1,4,1,46,35,312,0,0,0,0,0,0,0,0,0
242417,19,bully,2910,1,35,4212628,315,0,1890,0,1,19,239507,2910,0,36,0,0,0,LEADER,1,4,1,28,35,315,0,0,0,0,0,0,0,0,0
242205,2,bully,2707,1,35,4205316,315,626,1890,3756,1,1,239498,2707,0,36,0,0,0,NORMAL,0,3,1,9,90,315,0,626,0,0,0,0,0,0,0
242456,29,bully,2944,1,35,4213895,315,0,1890,0,1,29,239512,2944,0,36,0,0,0,LEADER,1,4,1,38,35,315,0,0,0,0,0,0,0,0,0
242625,36,bully,3113,1,35,4219810,315,0,1890,0,1,36,239512,3113,0,36,0,0,0,LEADER,1,4,1,45,35,315,0,0,0,0,0,0,0,0,0
242341,31,bully,2829,1,35,4209870,315,0,1890,0,1,31,239512,2829,0,36,0,0,0,LEADER,1,4,1,40,35,315,0,0,0,0,0,0,0,0,0
242680,45,bully,3168,1,35,4221735,315,0,1890,0,1,45,239512,3168,0,36,0,0,0,LEADER,1,4,1,54,35,315,0,0,0,0,0,0,0,0,0
242274,11,bully,2762,1,35,4207525,315,314,1890,1884,1,1,239512,2762,0,36,0,0,0,NORMAL,0,3,1,9,107,315,0,314,0,0,0,0,0,0,0
242374,41,bully,2862,1,35,4211025,315,0,1890,0,1,41,239512,2862,0,36,0,0,0,LEADER,1,4,1,50,35,315,0,0,0,0,0,0,0,0,0
242592,26,bully,3080,1,35,4218655,315,0,1890,0,1,26,239512,3080,0,36,0,0,0,LEADER,1,4,1,35,35,315,0,0,0,0,0,0,0,0,0
242366,4,bully,2854,1,35,4210745,315,614,1890,3684,1,1,239512,2854,0,36,0,0,0,NORMAL,0,3,1,9,109,315,0,614,0,0,0,0,0,0,0
242525,6,bully,3013,1,35,4216310,315,628,1890,3768,2,1,239512,3013,0,36,0,0,0,NORMAL,0,3,1,9,109,315,0,628,0,0,0,0,0,0,0
242247,12,bully,2740,1,35,4206672,315,315,1890,1890,1,1,239507,2740,0,36,0,0,0,NORMAL,0,3,1,10,127,315,0,315,0,0,0,0,0,0,0
242389,9,bully,2877,1,35,4211550,315,313,1890,1878,1,1,239512,2877,0,36,0,0,0,NORMAL,0,3,1,9,105,315,0,313,0,0,0,0,0,0,0
242544,48,bully,3032,1,35,4216975,315,0,1890,0,1,48,239512,3032,0,36,0,0,0,LEADER,1,4,1,57,35,315,0,0,0,0,0,0,0,0,0
242238,44,bully,2726,1,35,4206265,315,0,1890,0,1,44,239512,2726,0,36,0,0,0,LEADER,1,4,1,53,35,315,0,0,0,0,0,0,0,0,0
242946,8,bully,3434,1,35,4231045,315,314,1890,1884,2,1,239512,3434,0,36,0,0,0,NORMAL,0,3,1,9,111,315,0,314,0,0,0,0,0,0,0
242281,22,bully,2774,1,35,4207893,315,0,1890,0,1,22,239507,2774,0,36,0,0,0,LEADER,1,4,1,31,35,315,0,0,0,0,0,0,0,0,0
242953,39,bully,3441,1,35,4231290,315,0,1890,0,1,39,239512,3441,0,36,0,0,0,LEADER,1,4,1,48,35,315,0,0,0,0,0,0,0,0,0
242307,21,bully,2795,1,35,4208680,315,0,1890,0,1,21,239512,2795,0,36,0,0,0,LEADER,1,4,1,30,35,315,0,0,0,0,0,0,0,0,0
242662,3,bully,3150,1,35,4221105,315,632,1890,3792,1,1,239512,3150,0,36,0,0,0,NORMAL,0,3,1,9,106,315,0,632,0,0,0,0,0,0,0
243083,5,bully,3571,1,35,4235840,315,630,1890,3780,1,1,239512,3571,0,36,0,0,0,NORMAL,0,3,1,9,109,315,0,630,0,0,0,0,0,0,0
242505,38,bully,2998,1,35,4215696,315,0,1890,0,1,38,239507,2998,0,36,0,0,0,LEADER,1,4,1,47,35,315,0,0,0,0,0,0,0,0,0
242728,23,bully,3216,1,35,4223415,315,0,1890,0,1,23,239512,3216,0,36,0,0,0,LEADER,1,4,1,32,35,315,0,0,0,0,0,0,0,0,0
242554,16,bully,3047,1,35,4217414,315,315,1890,1890,2,1,239507,3047,0,36,0,0,0,NORMAL,0,3,1,9,139,315,0,315,0,0,0,0,0,0,0
242446,25,bully,2932,1,35,4213495,315,0,1890,0,1,25,239514,2932,0,36,0,0,0,LEADER,1,4,1,34,35,315,0,0,0,0,0,0,0,0,0
242756,33,bully,3250,1,35,4224526,315,0,1890,0,1,33,239506,3250,0,36,0,0,0,LEADER,1,4,1,42,35,315,0,0,0,0,0,0,0,0,0
242730,37,bully,3218,1,35,4223485,315,0,1890,0,1,37,239512,3218,0,36,0,0,0,LEADER,1,4,1,46,35,315,0,0,0,0,0,0,0,0,0
242984,49,bully,3474,1,35,4232429,315,0,1890,0,1,49,239510,3474,0,36,0,0,0,LEADER,1,4,1,58,35,315,0,0,0,0,0,0,0,0,0
242647,35,bully,3135,1,35,4220580,315,0,1890,0,1,35,239512,3135,0,36,0,0,0,LEADER,1,4,1,44,35,315,0,0,0,0,0,0,0,0,0
243123,46,bully,3611,1,35,4237240,315,0,1890,0,1,46,239512,3611,0,36,0,0,0,LEADER,1,4,1,55,35,315,0,0,0,0,0,0,0,0,0
243001,17,bully,3489,1,35,4232970,315,0,1890,0,1,17,239512,3489,0,36,0,0,0,LEADER,1,4,1,26,35,315,0,0,0,0,0,0,0,0,0
243138,14,bully,3626,1,35,4237765,315,312,1890,1872,2,1,239512,3626,0,36,0,0,0,NORMAL,0,3,1,9,110,315,0,312,0,0,0,0,0,0,0
243204,34,bully,3692,1,35,4240075,315,0,1890,0,1,34,239512,3692,0,36,0,0,0,LEADER,1,4,1,43,35,315,0,0,0,0,0,0,0,0,0
242812,42,bully,3304,1,35,4226373,315,0,1890,0,1,42,239508,3304,0,36,0,0,0,LEADER,1,4,1,51,35,315,0,0,0,0,0,0,0,0,0
242964,50,bully,3453,1,35,4231710,315,0,1890,0,1,50,239511,3453,0,36,0,0,0,LEADER,1,4,1,59,35,315,0,0,0,0,0,0,0,0,0
242477,28,bully,2965,1,35,4214630,315,0,1890,0,1,28,239512,2965,0,36,0,0,0,LEADER,1,4,1,37,35,315,0,0,0,0,0,0,0,0,0
242672,7,bully,3160,1,35,4221455,315,630,1890,3780,2,1,239512,3160,0,36,0,0,0,NORMAL,0,3,1,9,110,315,0,630,0,0,0,0,0,0,0
243113,15,bully,3603,1,35,4236936,315,315,1890,1890,2,1,239510,3603,0,36,0,0,0,NORMAL,0,3,1,9,136,315,0,315,0,0,0,0,0,0,0
242793,18,bully,3281,1,35,4225690,315,0,1890,0,1,18,239512,3281,0,36,0,0,0,LEADER,1,4,1,27,35,315,0,0,0,0,0,0,0,0,0
242777,1,bully,3265,1,35,4225130,315,632,1890,3792,1,1,239512,3265,0,36,0,0,0,LEADER,1,4,1,10,35,315,0,632,0,0,0,0,0,0,0
243064,30,bully,3556,1,35,4235259,315,0,1890,0,1,30,239508,3556,0,36,0,0,0,LEADER,1,4,1,39,35,315,0,0,0,0,0,0,0,0,0
242780,32,bully,3271,1,35,4225296,315,0,1890,0,1,32,239509,3271,0,36,0,0,0,LEADER,1,4,1,41,35,315,0,0,0,0,0,0,0,0,0
243098,10,bully,3592,1,35,4236497,315,316,1890,1896,1,1,239506,3592,0,36,0,0,0,NORMAL,0,3,1,10,71,315,0,316,0,0,0,0,0,0,0
242695,13,bully,3183,1,35,4222260,315,305,1890,1830,1,1,239512,3183,0,36,0,0,0,NORMAL,0,3,1,9,108,315,0,305,0,0,0,0,0,0,0
242795,43,bully,3283,1,35,4225760,315,0,1890,0,1,43,239512,3283,0,36,0,0,0,LEADER,1,4,1,52,35,315,0,0,0,0,0,0,0,0,0
242968,24,bully,3456,1,35,4231815,315,0,1890,0,1,24,239512,3456,0,36,0,0,0,LEADER,1,4,1,33,35,315,0,0,0,0,0,0,0,0,0
243034,27,bully,3522,1,35,4234125,315,0,1890,0,1,27,239512,3522,0,36,0,0,0,LEADER,1,4,1,36,35,315,0,0,0,0,0,0,0,0,0
243101,47,bully,3589,1,35,4236470,315,0,1890,0,1,47,239512,3589,0,36,0,0,0,LEADER,1,4,1,56,35,315,0,0,0,0,0,0,0,0,0
242865,20,bully,3353,1,35,4228210,315,0,1890,0,1,20,239512,3353,0,36,0,0,0,LEADER,1,4,1,29,35,315,0,0,0,0,0,0,0,0,0
242931,40,bully,3419,1,35,4230520,315,0,1890,0,1,40,239512,3419,0,36,0,0,0,LEADER,1,4,1,49,35,315,0,0,0,0,0,0,0,0,0
244720,19,bully,2910,1,36,4457348,318,0,1908,0,1,19,241810,2910,0,37,0,0,0,LEADER,1,4,1,22,36,318,0,0,0,0,0,0,0,0,0
244508,2,bully,2707,1,36,4449824,318,632,1908,3792,1,1,241801,2707,0,37,0,0,0,NORMAL,0,3,2,3,93,318,0,632,0,0,0,0,0,0,0
244759,29,bully,2944,1,36,4458654,318,0,1908,0,1,29,241815,2944,0,37,0,0,0,LEADER,1,4,1,32,36,318,0,0,0,0,0,0,0,0,0
244928,36,bully,3113,1,36,4464738,318,0,1908,0,1,36,241815,3113,0,37,0,0,0,LEADER,1,4,1,39,36,318,0,0,0,0,0,0,0,0,0
244644,31,bully,2829,1,36,4454514,318,0,1908,0,1,31,241815,2829,0,37,0,0,0,LEADER,1,4,1,34,36,318,0,0,0,0,0,0,0,0,0
244983,45,bully,3168,1,36,4466718,318,0,1908,0,1,45,241815,3168,0,37,0,0,0,LEADER,1,4,1,48,36,318,0,0,0,0,0,0,0,0,0
244577,11,bully,2762,1,36,4452102,318,317,1908,1902,1,1,241815,2762,0,37,0,0,0,NORMAL,0,3,2,3,110,318,0,317,0,0,0,0,0,0,0
244677,41,bully,2862,1,36,4455702,318,0,1908,0,1,41,241815,2862,0,37,0,0,0,LEADER,1,4,1,44,36,318,0,0,0,0,0,0,0,0,0
244895,26,bully,3080,1,36,4463550,318,0,1908,0,1,26,241815,3080,0,37,0,0,0,LEADER,1,4,1,29,36,318,0,0,0,0,0,0,0,0,0
244669,4,bully,2854,1,36,4455414,318,620,1908,3720,1,1,241815,2854,0,37,0,0,0,NORMAL,0,3,2,3,112,318,0,620,0,0,0,0,0,0,0
244828,6,bully,3013,1,36,4461138,318,634,1908,3804,2,1,241815,3013,0,37,0,0,0,NORMAL,0,3,2,3,112,318,0,634,0,0,0,0,0,0,0
244550,12,bully,2740,1,36,4451222,318,318,1908,1908,1,1,241810,2740,0,37,0,0,0,NORMAL,0,3,2,3,131,318,0,318,0,0,0,0,0,0,0
244692,9,bully,2877,1,36,4456242,318,316,1908,1896,1,1,241815,2877,0,37,0,0,0,NORMAL,0,3,2,3,108,318,0,316,0,0,0,0,0,0,0
244847,48,bully,3032,1,36,4461822,318,0,1908,0,1,48,241815,3032,0,37,0,0,0,LEADER,1,4,1,51,36,318,0,0,0,0,0,0,0,0,0
244541,44,bully,2726,1,36,4450806,318,0,1908,0,1,44,241815,2726,0,37,0,0,0,LEADER,1,4,1,47,36,318,0,0,0,0,0,0,0,0,0
245249,8,bully,3434,1,36,4476294,318,317,1908,1902,2,1,241815,3434,0,37,0,0,0,NORMAL,0,3,2,3,114,318,0,317,0,0,0,0,0,0,0
244584,22,bully,2774,1,36,4452477,318,0,1908,0,1,22,241810,2774,0,37,0,0,0,LEADER,1,4,1,25,36,318,0,0,0,0,0,0,0,0,0
245256,39,bully,3441,1,36,4476546,318,0,1908,0,1,39,241815,3441,0,37,0,0,0,LEADER,1,4,1,42,36,318,0,0,0,0,0,0,0,0,0
244610,21,bully,2795,1,36,4453290,318,0,1908,0,1,21,241815,2795,0,37,0,0,0,LEADER,1,4,1,24,36,318,0,0,0,0,0,0,0,0,0
244965,3,bully,3150,1,36,4466070,318,638,1908,3828,1,1,241815,3150,0,37,0,0,0,NORMAL,0,3,2,3,109,318,0,638,0,0,0,0,0,0,0
245386,5,bully,3571,1,36,4481226,318,636,1908,3816,1,1,241815,3571,0,37,0,0,0,NORMAL,0,3,2,3,112,318,0,636,0,0,0,0,0,0,0
244808,38,bully,2998,1,36,4460504,318,0,1908,0,1,38,241810,2998,0,37,0,0,0,LEADER,1,4,1,41,36,318,0,0,0,0,0,0,0,0,0
245031,23,bully,3216,1,36,4468446,318,0,1908,0,1,23,241815,3216,0,37,0,0,0,LEADER,1,4,1,26,36,318,0,0,0,0,0,0,0,0,0
244857,16,bully,3047,1,36,4462271,318,318,1908,1908,2,1,241810,3047,0,37,0,0,0,NORMAL,0,3,2,3,143,318,0,318,0,0,0,0,0,0,0
244749,25,bully,2932,1,36,4458244,318,0,1908,0,1,25,241817,2932,0,37,0,0,0,LEADER,1,4,1,28,36,318,0,0,0,0,0,0,0,0,0
245059,33,bully,3250,1,36,4469585,318,0,1908,0,1,33,241809,3250,0,37,0,0,0,LEADER,1,4,1,36,36,318,0,0,0,0,0,0,0,0,0
245033,37,bully,3218,1,36,4468518,318,0,1908,0,1,37,241815,3218,0,37,0,0,0,LEADER,1,4,1,40,36,318,0,0,0,0,0,0,0,0,0
245287,49,bully,3474,1,36,4477716,318,0,1908,0,1,49,241813,3474,0,37,0,0,0,LEADER,1,4,1,52,36,318,0,0,0,0,0,0,0,0,0
244950,35,bully,3135,1,36,4465530,318,0,1908,0,1,35,241815,3135,0,37,0,0,0,LEADER,1,4,1,38,36,318,0,0,0,0,0,0,0,0,0
245426,46,bully,3611,1,36,4482666,318,0,1908,0,1,46,241815,3611,0,37,0,0,0,LEADER,1,4,1,49,36,318,0,0,0,0,0,0,0,0,0
245304,17,bully,3489,1,36,4478274,318,0,1908,0,1,17,241815,3489,0,37,0,0,0,LEADER,1,4,1,20,36,318,0,0,0,0,0,0,0,0,0
245441,14,bully,3626,1,36,4483206,318,315,1908,1890,2,1,241815,3626,0,37,0,0,0,NORMAL,0,3,2,3,113,318,0,315,0,0,0,0,0,0,0
245507,34,bully,3692,1,36,4485582,318,0,1908,0,1,34,241815,3692,0,37,0,0,0,LEADER,1,4,1,37,36,318,0,0,0,0,0,0,0,0,0
245115,42,bully,3304,1,36,4471488,318,0,1908,0,1,42,241811,3304,0,37,0,0,0,LEADER,1,4,1,45,36,318,0,0,0,0,0,0,0,0,0
245267,50,bully,3453,1,36,4476977,318,0,1908,0,1,50,241814,3453,0,37,0,0,0,LEADER,1,4,1,53,36,318,0,0,0,0,0,0,0,0,0
244780,28,bully,2965,1,36,4459410,318,0,1908,0,1,28,241815,2965,0,37,0,0,0,LEADER,1,4,1,31,36,318,0,0,0,0,0,0,0,0,0
244975,7,bully,3160,1,36,4466430,318,636,1908,3816,2,1,241815,3160,0,37,0,0,0,NORMAL,0,3,2,3,113,318,0,636,0,0,0,0,0,0,0
245416,15,bully,3603,1,36,4482352,318,319,1908,1914,2,1,241813,3603,0,37,0,0,0,NORMAL,0,3,2,3,140,318,0,319,0,0,0,0,0,0,0
245096,18,bully,3281,1,36,4470786,318,0,1908,0,1,18,241815,3281,0,37,0,0,0,LEADER,1,4,1,21,36,318,0,0,0,0,0,0,0,0,0
245080,1,bully,3265,1,36,4470210,318,638,1908,3828,1,1,241815,3265,0,37,0,0,0,LEADER,1,4,1,4,36,318,0,638,0,0,0,0,0,0,0
245367,30,bully,3556,1,36,4480626,318,0,1908,0,1,30,241811,3556,0,37,0,0,0,LEADER,1,4,1,33,36,318,0,0,0,0,0,0,0,0,0
245083,32,bully,3271,1,36,4470379,318,0,1908,0,1,32,241812,3271,0,37,0,0,0,LEADER,1,4,1,35,36,318,0,0,0,0,0,0,0,0,0
245401,10,bully,3592,1,36,4481898,318,319,1908,1914,1,1,241809,3592,0,37,0,0,0,NORMAL,0,3,2,4,73,318,0,319,0,0,0,0,0,0,0
244998,13,bully,3183,1,36,4467258,318,308,1908,1848,1,1,241815,3183,0,37,0,0,0,NORMAL,0,3,2,3,111,318,0,308,0,0,0,0,0,0,0
245098,43,bully,3283,1,36,4470858,318,0,1908,0,1,43,241815,3283,0,37,0,0,0,LEADER,1,4,1,46,36,318,0,0,0,0,0,0,0,0,0
245271,24,bully,3456,1,36,4477086,318,0,1908,0,1,24,241815,3456,0,37,0,0,0,LEADER,1,4,1,27,36,318,0,0,0,0,0,0,0,0,0
245337,27,bully,3522,1,36,4479462,318,0,1908,0,1,27,241815,3522,0,37,0,0,0,LEADER,1,4,1,30,36,318,0,0,0,0,0,0,0,0,0
245404,47,bully,3589,1,36,4481874,318,0,1908,0,1,47,241815,3589,0,37,0,0,0,LEADER,1,4,1,50,36,318,0,0,0,0,0,0,0,0,0
245168,20,bully,3353,1,36,4473378,318,0,1908,0,1,20,241815,3353,0,37,0,0,0,LEADER,1,4,1,23,36,318,0,0,0,0,0,0,0,0,0
245234,40,bully,3419,1,36,4475754,318,0,1908,0,1,40,241815,3419,0,37,0,0,0,LEADER,1,4,1,43,36,318,0,0,0,0,0,0,0,0,0
247023,19,bully,2910,1,36,4457348,321,0,1926,0,1,19,244113,2910,0,37,0,0,0,LEADER,1,4,1,25,36,321,0,0,0,0,0,0,0,0,0
246811,2,bully,2707,1,36,4449824,321,637,1926,3822,1,1,244104,2707,0,37,0,0,0,NORMAL,0,3,1,6,93,321,0,637,0,0,0,0,0,0,0
247062,29,bully,2944,1,36,4458654,321,0,1926,0,1,29,244118,2944,0,37,0,0,0,LEADER,1,4,1,35,36,321,0,0,0,0,0,0,0,0,0
247231,36,bully,3113,1,36,4464738,321,0,1926,0,1,36,244118,3113,0,37,0,0,0,LEADER,1,4,1,42,36,321,0,0,0,0,0,0,0,0,0
246947,31,bully,2829,1,36,4454514,321,0,1926,0,1,31,244118,2829,0,37,0,0,0,LEADER,1,4,1,37,36,321,0,0,0,0,0,0,0,0,0
247286,45,bully,3168,1,36,4466718,321,0,1926,0,1,45,244118,3168,0,37,0,0,0,LEADER,1,4,1,51,36,321,0,0,0,0,0,0,0,0,0
246880,11,bully,2762,1,36,4452102,321,320,1926,1920,1,1,244118,2762,0,37,0,0,0,NORMAL,0,3,1,6,110,321,0,320,0,0,0,0,0,0,0
246980,41,bully,2862,1,36,4455702,321,0,1926,0,1,41,244118,2862,0,37,0,0,0,LEADER,1,4,1,47,36,321,0,0,0,0,0,0,0,0,0
247198,26,bully,3080,1,36,4463550,321,0,1926,0,1,26,244118,3080,0,37,0,0,0,LEADER,1,4,1,32,36,321,0,0,0,0,0,0,0,0,0
246972,4,bully,2854,1,36,4455414,321,626,1926,3756,1,1,244118,2854,0,37,0,0,0,NORMAL,0,3,1,6,112,321,0,626,0,0,0,0,0,0,0
247131,6,bully,3013,1,36,4461138,321,640,1926,3840,2,1,244118,3013,0,37,0,0,0,NORMAL,0,3,1,6,112,321,0,640,0,0,0,0,0,0,0
246853,12,bully,2740,1,36,4451222,321,320,1926,1920,1,1,244113,2740,0,37,0,0,0,NORMAL,0,3,1,6,131,321,0,320,0,0,0,0,0,0,0
246995,9,bully,2877,1,36,4456242,321,319,1926,1914,1,1,244118,2877,0,37,0,0,0,NORMAL,0,3,1,6,108,321,0,319,0,0,0,0,0,0,0
247150,48,bully,3032,1,36,4461822,321,0,1926,0,1,48,244118,3032,0,37,0,0,0,LEADER,1,4,1,54,36,321,0,0,0,0,0,0,0,0,0
246844,44,bully,2726,1,36,4450806,321,0,1926,0,1,44,244118,2726,0,37,0,0,0,LEADER,1,4,1,50,36,321,0,0,0,0,0,0,0,0,0
247552,8,bully,3434,1,36,4476294,321,320,1926,1920,2,1,244118,3434,0,37,0,0,0,NORMAL,0,3,1,6,114,321,0,320,0,0,0,0,0,0,0
246887,22,bully,2774,1,36,4452477,321,0,1926,0,1,22,244113,2774,0,37,0,0,0,LEADER,1,4,1,28,36,321,0,0,0,0,0,0,0,0,0
247559,39,bully,3441,1,36,4476546,321,0,1926,0,1,39,244118,3441,0,37,0,0,0,LEADER,1,4,1,45,36,321,0,0,0,0,0,0,0,0,0
246913,21,bully,2795,1,36,4453290,321,0,1926,0,1,21,244118,2795,0,37,0,0,0,LEADER,1,4,1,27,36,321,0,0,0,0,0,0,0,0,0
247268,3,bully,3150,1,36,4466070,321,644,1926,3864,1,1,244118,3150,0,37,0,0,0,NORMAL,0,3,1,6,109,321,0,644,0,0,0,0,0,0,0
247689,5,bully,3571,1,36,4481226,321,642,1926,3852,1,1,244118,3571,0,37,0,0,0,NORMAL,0,3,1,6,112,321,0,642,0,0,0,0,0,0,0
247111,38,bully,2998,1,36,4460504,321,0,1926,0,1,38,244113,2998,0,37,0,0,0,LEADER,1,4,1,44,36,321,0,0,0,0,0,0,0,0,0
247334,23,bully,3216,1,36,4468446,321,0,1926,0,1,23,244118,3216,0,37,0,0,0,LEADER,1,4,1,29,36,321,0,0,0,0,0,0,0,0,0
247160,16,bully,3047,1,36,4462271,321,321,1926,1926,2,1,244113,3047,0,37,0,0,0,NORMAL,0,3,1,6,143,321,0,321,0,0,0,0,0,0,0
247052,25,bully,2932,1,36,4458244,321,0,1926,0,1,25,244120,2932,0,37,0,0,0,LEADER,1,4,1,31,36,321,0,0,0,0,0,0,0,0,0
247362,33,bully,3250,1,36,4469585,321,0,1926,0,1,33,244112,3250,0,37,0,0,0,LEADER,1,4,1,39,36,321,0,0,0,0,0,0,0,0,0
247336,37,bully,3218,1,36,4468518,321,0,1926,0,1,37,244118,3218,0,37,0,0,0,LEADER,1,4,1,43,36,321,0,0,0,0,0,0,0,0,0
247590,49,bully,3474,1,36,4477716,321,0,1926,0,1,49,244116,3474,0,37,0,0,0,LEADER,1,4,1,55,36,321,0,0,0,0,0,0,0,0,0
247253,35,bully,3135,1,36,4465530,321,0,1926,0,1,35,244118,3135,0,37,0,0,0,LEADER,1,4,1,41,36,321,0,0,0,0,0,0,0,0,0
247729,46,bully,3611,1,36,4482666,321,0,1926,0,1,46,244118,3611,0,37,0,0,0,LEADER,1,4,1,52,36,321,0,0,0,0,0,0,0,0,0
247607,17,bully,3489,1,36,4478274,321,0,1926,0,1,17,244118,3489,0,37,0,0,0,LEADER,1,4,1,23,36,321,0,0,0,0,0,0,0,0,0
247744,14,bully,3626,1,36,4483206,321,318,1926,1908,2,1,244118,3626,0,37,0,0,0,NORMAL,0,3,1,6,113,321,0,318,0,0,0,0,0,0,0
247810,34,bully,3692,1,36,4485582,321,0,1926,0,1,34,244118,3692,0,37,0,0,0,LEADER,1,4,1,40,36,321,0,0,0,0,0,0,0,0,0
247418,42,bully,3304,1,36,4471488,321,0,1926,0,1,42,244114,3304,0,37,0,0,0,LEADER,1,4,1,48,36,321,0,0,0,0,0,0,0,0,0
247570,50,bully,3453,1,36,4476977,321,0,1926,0,1,50,244117,3453,0,37,0,0,0,LEADER,1,4,1,56,36,321,0,0,0,0,0,0,0,0,0
247083,28,bully,2965,1,36,4459410,321,0,1926,0,1,28,244118,2965,0,37,0,0,0,LEADER,1,4,1,34,36,321,0,0,0,0,0,0,0,0,0
247278,7,bully,3160,1,36,4466430,321,642,1926,3852,2,1,244118,3160,0,37,0,0,0,NORMAL,0,3,1,6,113,321,0,642,0,0,0,0,0,0,0
247719,15,bully,3603,1,36,4482352,321,321,1926,1926,2,1,244116,3603,0,37,0,0,0,NORMAL,0,3,1,6,140,321,0,321,0,0,0,0,0,0,0
247399,18,bully,3281,1,36,4470786,321,0,1926,0,1,18,244118,3281,0,37,0,0,0,LEADER,1,4,1,24,36,321,0,0,0,0,0,0,0,0,0
247383,1,bully,3265,1,36,4470210,321,644,1926,3864,1,1,244118,3265,0,37,0,0,0,LEADER,1,4,1,7,36,321,0,644,0,0,0,0,0,0,0
247670,30,bully,3556,1,36,4480626,321,0,1926,0,1,30,244114,3556,0,37,0,0,0,LEADER,1,4,1,36,36,321,0,0,0,0,0,0,0,0,0
247386,32,bully,3271,1,36,4470379,321,0,1926,0,1,32,244115,3271,0,37,0,0,0,LEADER,1,4,1,38,36,321,0,0,0,0,0,0,0,0,0
247704,10,bully,3592,1,36,4481898,321,322,1926,1932,1,1,244112,3592,0,37,0,0,0,NORMAL,0,3,1,7,73,321,0,322,0,0,0,0,0,0,0
247301,13,bully,3183,1,36,4467258,321,311,1926,1866,1,1,244118,3183,0,37,0,0,0,NORMAL,0,3,1,6,111,321,0,311,0,0,0,0,0,0,0
247401,43,bully,3283,1,36,4470858,321,0,1926,0,1,43,244118,3283,0,37,0,0,0,LEADER,1,4,1,49,36,321,0,0,0,0,0,0,0,0,0
247574,24,bully,3456,1,36,4477086,321,0,1926,0,1,24,244118,3456,0,37,0,0,0,LEADER,1,4,1,30,36,321,0,0,0,0,0,0,0,0,0
247640,27,bully,3522,1,36,4479462,321,0,1926,0,1,27,244118,3522,0,37,0,0,0,LEADER,1,4,1,33,36,321,0,0,0,0,0,0,0,0,0
247707,47,bully,3589,1,36,4481874,321,0,1926,0,1,47,244118,3589,0,37,0,0,0,LEADER,1,4,1,53,36,321,0,0,0,0,0,0,0,0,0
247471,20,bully,3353,1,36,4473378,321,0,1926,0,1,20,244118,3353,0,37,0,0,0,LEADER,1,4,1,26,36,321,0,0,0,0,0,0,0,0,0
247537,40,bully,3419,1,36,4475754,321,0,1926,0,1,40,244118,3419,0,37,0,0,0,LEADER,1,4,1,46,36,321,0,0,0,0,0,0,0,0,0
249326,19,bully,2910,1,36,4457348,324,0,1944,0,1,19,246416,2910,0,37,0,0,0,LEADER,1,4,1,28,36,324,0,0,0,0,0,0,0,0,0
249114,2,bully,2707,1,36,4449824,324,643,1944,3858,1,1,246407,2707,0,37,0,0,0,NORMAL,0,3,1,9,93,324,0,643,0,0,0,0,0,0,0
249365,29,bully,2944,1,36,4458654,324,0,1944,0,1,29,246421,2944,0,37,0,0,0,LEADER,1,4,1,38,36,324,0,0,0,0,0,0,0,0,0
249534,36,bully,3113,1,36,4464738,324,0,1944,0,1,36,246421,3113,0,37,0,0,0,LEADER,1,4,1,45,36,324,0,0,0,0,0,0,0,0,0
249250,31,bully,2829,1,36,4454514,324,0,1944,0,1,31,246421,2829,0,37,0,0,0,LEADER,1,4,1,40,36,324,0,0,0,0,0,0,0,0,0
249589,45,bully,3168,1,36,4466718,324,0,1944,0,1,45,246421,3168,0,37,0,0,0,LEADER,1,4,1,54,36,324,0,0,0,0,0,0,0,0,0
249183,11,bully,2762,1,36,4452102,324,323,1944,1938,1,1,246421,2762,0,37,0,0,0,NORMAL,0,3,1,9,110,324,0,323,0,0,0,0,0,0,0
249283,41,bully,2862,1,36,4455702,324,0,1944,0,1,41,246421,2862,0,37,0,0,0,LEADER,1,4,1,50,36,324,0,0,0,0,0,0,0,0,0
249501,26,bully,3080,1,36,4463550,324,0,1944,0,1,26,246421,3080,0,37,0,0,0,LEADER,1,4,1,35,36,324,0,0,0,0,0,0,0,0,0
249275,4,bully,2854,1,36,4455414,324,632,1944,3792,1,1,246421,2854,0,37,0,0,0,NORMAL,0,3,1,9,112,324,0,632,0,0,0,0,0,0,0
249434,6,bully,3013,1,36,4461138,324,646,1944,3876,2,1,246421,3013,0,37,0,0,0,NORMAL,0,3,1,9,112,324,0,646,0,0,0,0,0,0,0
249156,12,bully,2740,1,36,4451222,324,324,1944,1944,1,1,246416,2740,0,37,0,0,0,NORMAL,0,3,1,9,131,324,0,324,0,0,0,0,0,0,0
249298,9,bully,2877,1,36,4456242,324,322,1944,1932,1,1,246421,2877,0,37,0,0,0,NORMAL,0,3,1,9,108,324,0,322,0,0,0,0,0,0,0
249453,48,bully,3032,1,36,4461822,324,0,1944,0,1,48,246421,3032,0,37,0,0,0,LEADER,1,4,1,57,36,324,0,0,0,0,0,0,0,0,0
249147,44,bully,2726,1,36,4450806,324,0,1944,0,1,44,246421,2726,0,37,0,0,0,LEADER,1,4,1,53,36,324,0,0,0,0,0,0,0,0,0
249855,8,bully,3434,1,36,4476294,324,323,1944,1938,2,1,246421,3434,0,37,0,0,0,NORMAL,0,3,1,9,114,324,0,323,0,0,0,0,0,0,0
249190,22,bully,2774,1,36,4452477,324,0,1944,0,1,22,246416,2774,0,37,0,0,0,LEADER,1,4,1,31,36,324,0,0,0,0,0,0,0,0,0
249862,39,bully,3441,1,36,4476546,324,0,1944,0,1,39,246421,3441,0,37,0,0,0,LEADER,1,4,1,48,36,324,0,0,0,0,0,0,0,0,0
249216,21,bully,2795,1,36,4453290,324,0,1944,0,1,21,246421,2795,0,37,0,0,0,LEADER,1,4,1,30,36,324,0,0,0,0,0,0,0,0,0
249571,3,bully,3150,1,36,4466070,324,650,1944,3900,1,1,246421,3150,0,37,0,0,0,NORMAL,0,3,1,9,109,324,0,650,0,0,0,0,0,0,0
249992,5,bully,3571,1,36,4481226,324,648,1944,3888,1,1,246421,3571,0,37,0,0,0,NORMAL,0,3,1,9,112,324,0,648,0,0,0,0,0,0,0
249414,38,bully,2998,1,36,4460504,324,0,1944,0,1,38,246416,2998,0,37,0,0,0,LEADER,1,4,1,47,36,324,0,0,0,0,0,0,0,0,0
249637,23,bully,3216,1,36,4468446,324,0,1944,0,1,23,246421,3216,0,37,0,0,0,LEADER,1,4,1,32,36,324,0,0,0,0,0,0,0,0,0
249463,16,bully,3047,1,36,4462271,324,324,1944,1944,2,1,246416,3047,0,37,0,0,0,NORMAL,0,3,1,9,143,324,0,324,0,0,0,0,0,0,0
249355,25,bully,2932,1,36,4458244,324,0,1944,0,1,25,246423,2932,0,37,0,0,0,LEADER,1,4,1,34,36,324,0,0,0,0,0,0,0,0,0
249665,33,bully,3250,1,36,4469585,324,0,1944,0,1,33,246415,3250,0,37,0,0,0,LEADER,1,4,1,42,36,324,0,0,0,0,0,0,0,0,0
249639,37,bully,3218,1,36,4468518,324,0,1944,0,1,37,246421,3218,0,37,0,0,0,LEADER,1,4,1,46,36,324,0,0,0,0,0,0,0,0,0
249893,49,bully,3474,1,36,4477716,324,0,1944,0,1,49,246419,3474,0,37,0,0,0,LEADER,1,4,1,58,36,324,0,0,0,0,0,0,0,0,0
249556,35,bully,3135,1,36,4465530,324,0,1944,0,1,35,246421,3135,0,37,0,0,0,LEADER,1,4,1,44,36,324,0,0,0,0,0,0,0,0,0
250032,46,bully,3611,1,36,4482666,324,0,1944,0,1,46,246421,3611,0,37,0,0,0,LEADER,1,4,1,55,36,324,0,0,0,0,0,0,0,0,0
249910,17,bully,3489,1,36,4478274,324,0,1944,0,1,17,246421,3489,0,37,0,0,0,LEADER,1,4,1,26,36,324,0,0,0,0,0,0,0,0,0
250047,14,bully,3626,1,36,4483206,324,321,1944,1926,2,1,246421,3626,0,37,0,0,0,NORMAL,0,3,1,9,113,324,0,321,0,0,0,0,0,0,0
250113,34,bully,3692,1,36,4485582,324,0,1944,0,1,34,246421,3692,0,37,0,0,0,LEADER,1,4,1,43,36,324,0,0,0,0,0,0,0,0,0
249721,42,bully,3304,1,36,4471488,324,0,1944,0,1,42,246417,3304,0,37,0,0,0,LEADER,1,4,1,51,36,324,0,0,0,0,0,0,0,0,0
249873,50,bully,3453,1,36,4476977,324,0,1944,0,1,50,246420,3453,0,37,0,0,0,LEADER,1,4,1,59,36,324,0,0,0,0,0,0,0,0,0
249386,28,bully,2965,1,36,4459410,324,0,1944,0,1,28,246421,2965,0,37,0,0,0,LEADER,1,4,1,37,36,324,0,0,0,0,0,0,0,0,0
249581,7,bully,3160,1,36,4466430,324,648,1944,3888,2,1,246421,3160,0,37,0,0,0,NORMAL,0,3,1,9,113,324,0,648,0,0,0,0,0,0,0
250022,15,bully,3603,1,36,4482352,324,324,1944,1944,2,1,246419,3603,0,37,0,0,0,NORMAL,0,3,1,9,140,324,0,324,0,0,0,0,0,0,0
249702,18,bully,3281,1,36,4470786,324,0,1944,0,1,18,246421,3281,0,37,0,0,0,LEADER,1,4,1,27,36,324,0,0,0,0,0,0,0,0,0
249686,1,bully,3265,1,36,4470210,324,650,1944,3900,1,1,246421,3265,0,37,0,0,0,LEADER,1,4,1,10,36,324,0,650,0,0,0,0,0,0,0
249973,30,bully,3556,1,36,4480626,324,0,1944,0,1,30,246417,3556,0,37,0,0,0,LEADER,1,4,1,39,36,324,0,0,0,0,0,0,0,0,0
249689,32,bully,3271,1,36,4470379,324,0,1944,0,1,32,246418,3271,0,37,0,0,0,LEADER,1,4,1,41,36,324,0,0,0,0,0,0,0,0,0
250007,10,bully,3592,1,36,4481898,324,325,1944,1950,1,1,246415,3592,0,37,0,0,0,NORMAL,0,3,1,10,73,324,0,325,0,0,0,0,0,0,0
249604,13,bully,3183,1,36,4467258,324,314,1944,1884,1,1,246421,3183,0,37,0,0,0,NORMAL,0,3,1,9,111,324,0,314,0,0,0,0,0,0,0
249704,43,bully,3283,1,36,4470858,324,0,1944,0,1,43,246421,3283,0,37,0,0,0,LEADER,1,4,1,52,36,324,0,0,0,0,0,0,0,0,0
249877,24,bully,3456,1,36,4477086,324,0,1944,0,1,24,246421,3456,0,37,0,0,0,LEADER,1,4,1,33,36,324,0,0,0,0,0,0,0,0,0
249943,27,bully,3522,1,36,4479462,324,0,1944,0,1,27,246421,3522,0,37,0,0,0,LEADER,1,4,1,36,36,324,0,0,0,0,0,0,0,0,0
250010,47,bully,3589,1,36,4481874,324,0,1944,0,1,47,246421,3589,0,37,0,0,0,LEADER,1,4,1,56,36,324,0,0,0,0,0,0,0,0,0
249774,20,bully,3353,1,36,4473378,324,0,1944,0,1,20,246421,3353,0,37,0,0,0,LEADER,1,4,1,29,36,324,0,0,0,0,0,0,0,0,0
249840,40,bully,3419,1,36,4475754,324,0,1944,0,1,40,246421,3419,0,37,0,0,0,LEADER,1,4,1,49,36,324,0,0,0,0,0,0,0,0,0
251629,19,bully,2910,1,37,4708977,327,0,1962,0,1,19,248719,2910,0,38,0,0,0,LEADER,1,4,1,22,37,327,0,0,0,0,0,0,0,0,0
251417,2,bully,2707,1,37,4701241,327,650,1962,3900,1,1,248710,2707,0,38,0,0,0,NORMAL,0,3,2,4,95,327,0,650,0,0,0,0,0,0,0
251668,29,bully,2944,1,37,4710322,327,0,1962,0,1,29,248724,2944,0,38,0,0,0,LEADER,1,4,1,32,37,327,0,0,0,0,0,0,0,0,0
251837,36,bully,3113,1,37,4716575,327,0,1962,0,1,36,248724,3113,0,38,0,0,0,LEADER,1,4,1,39,37,327,0,0,0,0,0,0,0,0,0
251553,31,bully,2829,1,37,4706067,327,0,1962,0,1,31,248724,2829,0,38,0,0,0,LEADER,1,4,1,34,37,327,0,0,0,0,0,0,0,0,0
251892,45,bully,3168,1,37,4718610,327,0,1962,0,1,45,248724,3168,0,38,0,0,0,LEADER,1,4,1,48,37,327,0,0,0,0,0,0,0,0,0
251486,11,bully,2762,1,37,4703588,327,326,1962,1956,1,1,248724,2762,0,38,0,0,0,NORMAL,0,3,2,3,113,327,0,326,0,0,0,0,0,0,0
251586,41,bully,2862,1,37,4707288,327,0,1962,0,1,41,248724,2862,0,38,0,0,0,LEADER,1,4,1,44,37,327,0,0,0,0,0,0,0,0,0
251804,26,bully,3080,1,37,4715354,327,0,1962,0,1,26,248724,3080,0,38,0,0,0,LEADER,1,4,1,29,37,327,0,0,0,0,0,0,0,0,0
251578,4,bully,2854,1,37,4706992,327,638,1962,3828,1,1,248724,2854,0,38,0,0,0,NORMAL,0,3,2,3,115,327,0,638,0,0,0,0,0,0,0
251737,6,bully,3013,1,37,4712875,327,652,1962,3912,2,1,248724,3013,0,38,0,0,0,NORMAL,0,3,2,3,115,327,0,652,0,0,0,0,0,0,0
251459,12,bully,2740,1,37,4702681,327,326,1962,1956,1,1,248719,2740,0,38,0,0,0,NORMAL,0,3,2,3,135,327,0,326,0,0,0,0,0,0,0
251601,9,bully,2877,1,37,4707843,327,325,1962,1950,1,1,248724,2877,0,38,0,0,0,NORMAL,0,3,2,3,111,327,0,325,0,0,0,0,0,0,0
251756,48,bully,3032,1,37,4713578,327,0,1962,0,1,48,248724,3032,0,38,0,0,0,LEADER,1,4,1,51,37,327,0,0,0,0,0,0,0,0,0
251450,44,bully,2726,1,37,4702256,327,0,1962,0,1,44,248724,2726,0,38,0,0,0,LEADER,1,4,1,47,37,327,0,0,0,0,0,0,0,0,0
252158,8,bully,3434,1,37,4728452,327,326,1962,1956,2,1,248724,3434,0,38,0,0,0,NORMAL,0,3,2,3,117,327,0,326,0,0,0,0,0,0,0
251493,22,bully,2774,1,37,4703970,327,0,1962,0,1,22,248719,2774,0,38,0,0,0,LEADER,1,4,1,25,37,327,0,0,0,0,0,0,0,0,0
252165,39,bully,3441,1,37,4728711,327,0,1962,0,1,39,248724,3441,0,38,0,0,0,LEADER,1,4,1,42,37,327,0,0,0,0,0,0,0,0,0
251519,21,bully,2795,1,37,4704809,327,0,1962,0,1,21,248724,2795,0,38,0,0,0,LEADER,1,4,1,24,37,327,0,0,0,0,0,0,0,0,0
251874,3,bully,3150,1,37,4717944,327,655,1962,3930,1,1,248724,3150,0,38,0,0,0,NORMAL,0,3,2,3,112,327,0,655,0,0,0,0,0,0,0
252295,5,bully,3571,1,37,4733521,327,654,1962,3924,1,1,248724,3571,0,38,0,0,0,NORMAL,0,3,2,3,115,327,0,654,0,0,0,0,0,0,0
251717,38,bully,2998,1,37,4712221,327,0,1962,0,1,38,248719,2998,0,38,0,0,0,LEADER,1,4,1,41,37,327,0,0,0,0,0,0,0,0,0
251940,23,bully,3216,1,37,4720386,327,0,1962,0,1,23,248724,3216,0,38,0,0,0,LEADER,1,4,1,26,37,327,0,0,0,0,0,0,0,0,0
251766,16,bully,3047,1,37,4714037,327,327,1962,1962,2,1,248719,3047,0,38,0,0,0,NORMAL,0,3,2,3,147,327,0,327,0,0,0,0,0,0,0
251658,25,bully,2932,1,37,4709902,327,0,1962,0,1,25,248726,2932,0,38,0,0,0,LEADER,1,4,1,28,37,327,0,0,0,0,0,0,0,0,0
251968,33,bully,3250,1,37,4721553,327,0,1962,0,1,33,248718,3250,0,38,0,0,0,LEADER,1,4,1,36,37,327,0,0,0,0,0,0,0,0,0
251942,37,bully,3218,1,37,4720460,327,0,1962,0,1,37,248724,3218,0,38,0,0,0,LEADER,1,4,1,40,37,327,0,0,0,0,0,0,0,0,0
252196,49,bully,3474,1,37,4729912,327,0,1962,0,1,49,248722,3474,0,38,0,0,0,LEADER,1,4,1,52,37,327,0,0,0,0,0,0,0,0,0
251859,35,bully,3135,1,37,4717389,327,0,1962,0,1,35,248724,3135,0,38,0,0,0,LEADER,1,4,1,38,37,327,0,0,0,0,0,0,0,0,0
252335,46,bully,3611,1,37,4735001,327,0,1962,0,1,46,248724,3611,0,38,0,0,0,LEADER,1,4,1,49,37,327,0,0,0,0,0,0,0,0,0
252213,17,bully,3489,1,37,4730487,327,0,1962,0,1,17,248724,3489,0,38,0,0,0,LEADER,1,4,1,20,37,327,0,0,0,0,0,0,0,0,0
252350,14,bully,3626,1,37,4735556,327,324,1962,1944,2,1,248724,3626,0,38,0,0,0,NORMAL,0,3,2,3,116,327,0,324,0,0,0,0,0,0,0
252416,34,bully,3692,1,37,4737998,327,0,1962,0,1,34,248724,3692,0,38,0,0,0,LEADER,1,4,1,37,37,327,0,0,0,0,0,0,0,0,0
252024,42,bully,3304,1,37,4723512,327,0,1962,0,1,42,248720,3304,0,38,0,0,0,LEADER,1,4,1,45,37,327,0,0,0,0,0,0,0,0,0
252176,50,bully,3453,1,37,4729153,327,0,1962,0,1,50,248723,3453,0,38,0,0,0,LEADER,1,4,1,53,37,327,0,0,0,0,0,0,0,0,0
251689,28,bully,2965,1,37,4711099,327,0,1962,0,1,28,248724,2965,0,38,0,0,0,LEADER,1,4,1,31,37,327,0,0,0,0,0,0,0,0,0
251884,7,bully,3160,1,37,4718314,327,654,1962,3924,2,1,248724,3160,0,38,0,0,0,NORMAL,0,3,2,3,116,327,0,654,0,0,0,0,0,0,0
252325,15,bully,3603,1,37,4734677,327,327,1962,1962,2,1,248722,3603,0,38,0,0,0,NORMAL,0,3,2,3,144,327,0,327,0,0,0,0,0,0,0
252005,18,bully,3281,1,37,4722791,327,0,1962,0,1,18,248724,3281,0,38,0,0,0,LEADER,1,4,1,21,37,327,0,0,0,0,0,0,0,0,0
251989,1,bully,3265,1,37,4722199,327,656,1962,3936,1,1,248724,3265,0,38,0,0,0,LEADER,1,4,1,4,37,327,0,656,0,0,0,0,0,0,0
252276,30,bully,3556,1,37,4732902,327,0,1962,0,1,30,248720,3556,0,38,0,0,0,LEADER,1,4,1,33,37,327,0,0,0,0,0,0,0,0,0
251992,32,bully,3271,1,37,4722371,327,0,1962,0,1,32,248721,3271,0,38,0,0,0,LEADER,1,4,1,35,37,327,0,0,0,0,0,0,0,0,0
252310,10,bully,3592,1,37,4734208,327,328,1962,1968,1,1,248718,3592,0,38,0,0,0,NORMAL,0,3,2,4,75,327,0,328,0,0,0,0,0,0,0
251907,13,bully,3183,1,37,4719165,327,317,1962,1902,1,1,248724,3183,0,38,0,0,0,NORMAL,0,3,2,3,114,327,0,317,0,0,0,0,0,0,0
252007,43,bully,3283,1,37,4722865,327,0,1962,0,1,43,248724,3283,0,38,0,0,0,LEADER,1,4,1,46,37,327,0,0,0,0,0,0,0,0,0
252180,24,bully,3456,1,37,4729266,327,0,1962,0,1,24,248724,3456,0,38,0,0,0,LEADER,1,4,1,27,37,327,0,0,0,0,0,0,0,0,0
252246,27,bully,3522,1,37,4731708,327,0,1962,0,1,27,248724,3522,0,38,0,0,0,LEADER,1,4,1,30,37,327,0,0,0,0,0,0,0,0,0
252313,47,bully,3589,1,37,4734187,327,0,1962,0,1,47,248724,3589,0,38,0,0,0,LEADER,1,4,1,50,37,327,0,0,0,0,0,0,0,0,0
252077,20,bully,3353,1,37,4725455,327,0,1962,0,1,20,248724,3353,0,38,0,0,0,LEADER,1,4,1,23,37,327,0,0,0,0,0,0,0,0,0
252143,40,bully,3419,1,37,4727897,327,0,1962,0,1,40,248724,3419,0,38,0,0,0,LEADER,1,4,1,43,37,327,0,0,0,0,0,0,0,0,0
253932,19,bully,2910,1,37,4708977,330,0,1980,0,1,19,251022,2910,0,38,0,0,0,LEADER,1,4,1,25,37,330,0,0,0,0,0,0,0,0,0
253720,2,bully,2707,1,37,4701241,330,656,1980,3936,1,1,251013,2707,0,38,0,0,0,NORMAL,0,3,1,7,95,330,0,656,0,0,0,0,0,0,0
253971,29,bully,2944,1,37,4710322,330,0,1980,0,1,29,251027,2944,0,38,0,0,0,LEADER,1,4,1,35,37,330,0,0,0,0,0,0,0,0,0
254140,36,bully,3113,1,37,4716575,330,0,1980,0,1,36,251027,3113,0,38,0,0,0,LEADER,1,4,1,42,37,330,0,0,0,0,0,0,0,0,0
253856,31,bully,2829,1,37,4706067,330,0,1980,0,1,31,251027,2829,0,38,0,0,0,LEADER,1,4,1,37,37,330,0,0,0,0,0,0,0,0,0
254195,45,bully,3168,1,37,4718610,330,0,1980,0,1,45,251027,3168,0,38,0,0,0,LEADER,1,4,1,51,37,330,0,0,0,0,0,0,0,0,0
253789,11,bully,2762,1,37,4703588,330,329,1980,1974,1,1,251027,2762,0,38,0,0,0,NORMAL,0,3,1,6,113,330,0,329,0,0,0,0,0,0,0
253889,41,bully,2862,1,37,4707288,330,0,1980,0,1,41,251027,2862,0,38,0,0,0,LEADER,1,4,1,47,37,330,0,0,0,0,0,0,0,0,0
254107,26,bully,3080,1,37,4715354,330,0,1980,0,1,26,251027,3080,0,38,0,0,0,LEADER,1,4,1,32,37,330,0,0,0,0,0,0,0,0,0
253881,4,bully,2854,1,37,4706992,330,644,1980,3864,1,1,251027,2854,0,38,0,0,0,NORMAL,0,3,1,6,115,330,0,644,0,0,0,0,0,0,0
254040,6,bully,3013,1,37,4712875,330,658,1980,3948,2,1,251027,3013,0,38,0,0,0,NORMAL,0,3,1,6,115,330,0,658,0,0,0,0,0,0,0
253762,12,bully,2740,1,37,4702681,330,328,1980,1968,1,1,251022,2740,0,38,0,0,0,NORMAL,0,3,1,6,135,330,0,328,0,0,0,0,0,0,0
253904,9,bully,2877,1,37,4707843,330,328,1980,1968,1,1,251027,2877,0,38,0,0,0,NORMAL,0,3,1,6,111,330,0,328,0,0,0,0,0,0,0
254059,48,bully,3032,1,37,4713578,330,0,1980,0,1,48,251027,3032,0,38,0,0,0,LEADER,1,4,1,54,37,330,0,0,0,0,0,0,0,0,0
253753,44,bully,2726,1,37,4702256,330,0,1980,0,1,44,251027,2726,0,38,0,0,0,LEADER,1,4,1,50,37,330,0,0,0,0,0,0,0,0,0
254461,8,bully,3434,1,37,4728452,330,329,1980,1974,2,1,251027,3434,0,38,0,0,0,NORMAL,0,3,1,6,117,330,0,329,0,0,0,0,0,0,0
253796,22,bully,2774,1,37,4703970,330,0,1980,0,1,22,251022,2774,0,38,0,0,0,LEADER,1,4,1,28,37,330,0,0,0,0,0,0,0,0,0
254468,39,bully,3441,1,37,4728711,330,0,1980,0,1,39,251027,3441,0,38,0,0,0,LEADER,1,4,1,45,37,330,0,0,0,0,0,0,0,0,0
253822,21,bully,2795,1,37,4704809,330,0,1980,0,1,21,251027,2795,0,38,0,0,0,LEADER,1,4,1,27,37,330,0,0,0,0,0,0,0,0,0
254177,3,bully,3150,1,37,4717944,330,661,1980,3966,1,1,251027,3150,0,38,0,0,0,NORMAL,0,3,1,6,112,330,0,661,0,0,0,0,0,0,0
254598,5,bully,3571,1,37,4733521,330,660,1980,3960,1,1,251027,3571,0,38,0,0,0,NORMAL,0,3,1,6,115,330,0,660,0,0,0,0,0,0,0
254020,38,bully,2998,1,37,4712221,330,0,1980,0,1,38,251022,2998,0,38,0,0,0,LEADER,1,4,1,44,37,330,0,0,0,0,0,0,0,0,0
254243,23,bully,3216,1,37,4720386,330,0,1980,0,1,23,251027,3216,0,38,0,0,0,LEADER,1,4,1,29,37,330,0,0,0,0,0,0,0,0,0
254069,16,bully,3047,1,37,4714037,330,330,1980,1980,2,1,251022,3047,0,38,0,0,0,NORMAL,0,3,1,6,147,330,0,330,0,0,0,0,0,0,0
253961,25,bully,2932,1,37,4709902,330,0,1980,0,1,25,251029,2932,0,38,0,0,0,LEADER,1,4,1,31,37,330,0,0,0,0,0,0,0,0,0
254271,33,bully,3250,1,37,4721553,330,0,1980,0,1,33,251021,3250,0,38,0,0,0,LEADER,1,4,1,39,37,330,0,0,0,0,0,0,0,0,0
254245,37,bully,3218,1,37,4720460,330,0,1980,0,1,37,251027,3218,0,38,0,0,0,LEADER,1,4,1,43,37,330,0,0,0,0,0,0,0,0,0
254499,49,bully,3474,1,37,4729912,330,0,1980,0,1,49,251025,3474,0,38,0,0,0,LEADER,1,4,1,55,37,330,0,0,0,0,0,0,0,0,0
254162,35,bully,3135,1,37,4717389,330,0,1980,0,1,35,251027,3135,0,38,0,0,0,LEADER,1,4,1,41,37,330,0,0,0,0,0,0,0,0,0
254638,46,bully,3611,1,37,4735001,330,0,1980,0,1,46,251027,3611,0,38,0,0,0,LEADER,1,4,1,52,37,330,0,0,0,0,0,0,0,0,0
254516,17,bully,3489,1,37,4730487,330,0,1980,0,1,17,251027,3489,0,38,0,0,0,LEADER,1,4,1,23,37,330,0,0,0,0,0,0,0,0,0
254653,14,bully,3626,1,37,4735556,330,327,1980,1962,2,1,251027,3626,0,38,0,0,0,NORMAL,0,3,1,6,116,330,0,327,0,0,0,0,0,0,0
254719,34,bully,3692,1,37,4737998,330,0,1980,0,1,34,251027,3692,0,38,0,0,0,LEADER,1,4,1,40,37,330,0,0,0,0,0,0,0,0,0
254327,42,bully,3304,1,37,4723512,330,0,1980,0,1,42,251023,3304,0,38,0,0,0,LEADER,1,4,1,48,37,330,0,0,0,0,0,0,0,0,0
254479,50,bully,3453,1,37,4729153,330,0,1980,0,1,50,251026,3453,0,38,0,0,0,LEADER,1,4,1,56,37,330,0,0,0,0,0,0,0,0,0
253992,28,bully,2965,1,37,4711099,330,0,1980,0,1,28,251027,2965,0,38,0,0,0,LEADER,1,4,1,34,37,330,0,0,0,0,0,0,0,0,0
254187,7,bully,3160,1,37,4718314,330,660,1980,3960,2,1,251027,3160,0,38,0,0,0,NORMAL,0,3,1,6,116,330,0,660,0,0,0,0,0,0,0
254628,15,bully,3603,1,37,4734677,330,330,1980,1980,2,1,251025,3603,0,38,0,0,0,NORMAL,0,3,1,6,144,330,0,330,0,0,0,0,0,0,0
254308,18,bully,3281,1,37,4722791,330,0,1980,0,1,18,251027,3281,0,38,0,0,0,LEADER,1,4,1,24,37,330,0,0,0,0,0,0,0,0,0
254292,1,bully,3265,1,37,4722199,330,662,1980,3972,1,1,251027,3265,0,38,0,0,0,LEADER,1,4,1,7,37,330,0,662,0,0,0,0,0,0,0
254579,30,bully,3556,1,37,4732902,330,0,1980,0,1,30,251023,3556,0,38,0,0,0,LEADER,1,4,1,36,37,330,0,0,0,0,0,0,0,0,0
254295,32,bully,3271,1,37,4722371,330,0,1980,0,1,32,251024,3271,0,38,0,0,0,LEADER,1,4,1,38,37,330,0,0,0,0,0,0,0,0,0
254613,10,bully,3592,1,37,4734208,330,331,1980,1986,1,1,251021,3592,0,38,0,0,0,NORMAL,0,3,1,7,75,330,0,331,0,0,0,0,0,0,0
254210,13,bully,3183,1,37,4719165,330,320,1980,1920,1,1,251027,3183,0,38,0,0,0,NORMAL,0,3,1,6,114,330,0,320,0,0,0,0,0,0,0
254310,43,bully,3283,1,37,4722865,330,0,1980,0,1,43,251027,3283,0,38,0,0,0,LEADER,1,4,1,49,37,330,0,0,0,0,0,0,0,0,0
254483,24,bully,3456,1,37,4729266,330,0,1980,0,1,24,251027,3456,0,38,0,0,0,LEADER,1,4,1,30,37,330,0,0,0,0,0,0,0,0,0
254549,27,bully,3522,1,37,4731708,330,0,1980,0,1,27,251027,3522,0,38,0,0,0,LEADER,1,4,1,33,37,330,0,0,0,0,0,0,0,0,0
254616,47,bully,3589,1,37,4734187,330,0,1980,0,1,47,251027,3589,0,38,0,0,0,LEADER,1,4,1,53,37,330,0,0,0,0,0,0,0,0,0
254380,20,bully,3353,1,37,4725455,330,0,1980,0,1,20,251027,3353,0,38,0,0,0,LEADER,1,4,1,26,37,330,0,0,0,0,0,0,0,0,0
254446,40,bully,3419,1,37,4727897,330,0,1980,0,1,40,251027,3419,0,38,0,0,0,LEADER,1,4,1,46,37,330,0,0,0,0,0,0,0,0,0
256235,19,bully,2910,1,37,4708977,333,0,1998,0,1,19,253325,2910,0,38,0,0,0,LEADER,1,4,1,28,37,333,0,0,0,0,0,0,0,0,0
256023,2,bully,2707,1,37,4701241,333,661,1998,3966,1,1,253316,2707,0,38,0,0,0,NORMAL,0,3,1,10,95,333,0,661,0,0,0,0,0,0,0
256274,29,bully,2944,1,37,4710322,333,0,1998,0,1,29,253330,2944,0,38,0,0,0,LEADER,1,4,1,38,37,333,0,0,0,0,0,0,0,0,0
256443,36,bully,3113,1,37,4716575,333,0,1998,0,1,36,253330,3113,0,38,0,0,0,LEADER,1,4,1,45,37,333,0,0,0,0,0,0,0,0,0
256159,31,bully,2829,1,37,4706067,333,0,1998,0,1,31,253330,2829,0,38,0,0,0,LEADER,1,4,1,40,37,333,0,0,0,0,0,0,0,0,0
256498,45,bully,3168,1,37,4718610,333,0,1998,0,1,45,253330,3168,0,38,0,0,0,LEADER,1,4,1,54,37,333,0,0,0,0,0,0,0,0,0
256092,11,bully,2762,1,37,4703588,333,332,1998,1992,1,1,253330,2762,0,38,0,0,0,NORMAL,0,3,1,9,113,333,0,332,0,0,0,0,0,0,0
256192,41,bully,2862,1,37,4707288,333,0,1998,0,1,41,253330,2862,0,38,0,0,0,LEADER,1,4,1,50,37,333,0,0,0,0,0,0,0,0,0
256410,26,bully,3080,1,37,4715354,333,0,1998,0,1,26,253330,3080,0,38,0,0,0,LEADER,1,4,1,35,37,333,0,0,0,0,0,0,0,0,0
256184,4,bully,2854,1,37,4706992,333,650,1998,3900,1,1,253330,2854,0,38,0,0,0,NORMAL,0,3,1,9,115,333,0,650,0,0,0,0,0,0,0
256343,6,bully,3013,1,37,4712875,333,664,1998,3984,2,1,253330,3013,0,38,0,0,0,NORMAL,0,3,1,9,115,333,0,664,0,0,0,0,0,0,0
256064,12,bully,2740,1,37,4702681,333,332,1998,1992,1,1,253324,2740,0,38,0,0,0,NORMAL,0,3,1,9,135,333,0,332,0,0,0,0,0,0,0
256207,9,bully,2877,1,37,4707843,333,331,1998,1986,1,1,253330,2877,0,38,0,0,0,NORMAL,0,3,1,9,111,333,0,331,0,0,0,0,0,0,0
256362,48,bully,3032,1,37,4713578,333,0,1998,0,1,48,253330,3032,0,38,0,0,0,LEADER,1,4,1,57,37,333,0,0,0,0,0,0,0,0,0
256056,44,bully,2726,1,37,4702256,333,0,1998,0,1,44,253330,2726,0,38,0,0,0,LEADER,1,4,1,53,37,333,0,0,0,0,0,0,0,0,0
256764,8,bully,3434,1,37,4728452,333,332,1998,1992,2,1,253330,3434,0,38,0,0,0,NORMAL,0,3,1,9,117,333,0,332,0,0,0,0,0,0,0
256099,22,bully,2774,1,37,4703970,333,0,1998,0,1,22,253325,2774,0,38,0,0,0,LEADER,1,4,1,31,37,333,0,0,0,0,0,0,0,0,0
256771,39,bully,3441,1,37,4728711,333,0,1998,0,1,39,253330,3441,0,38,0,0,0,LEADER,1,4,1,48,37,333,0,0,0,0,0,0,0,0,0
256125,21,bully,2795,1,37,4704809,333,0,1998,0,1,21,253330,2795,0,38,0,0,0,LEADER,1,4,1,30,37,333,0,0,0,0,0,0,0,0,0
256480,3,bully,3150,1,37,4717944,333,667,1998,4002,1,1,253330,3150,0,38,0,0,0,NORMAL,0,3,1,9,112,333,0,667,0,0,0,0,0,0,0
256901,5,bully,3571,1,37,4733521,333,666,1998,3996,1,1,253330,3571,0,38,0,0,0,NORMAL,0,3,1,9,115,333,0,666,0,0,0,0,0,0,0
256322,38,bully,2998,1,37,4712221,333,0,1998,0,1,38,253324,2998,0,38,0,0,0,LEADER,1,4,1,47,37,333,0,0,0,0,0,0,0,0,0
256546,23,bully,3216,1,37,4720386,333,0,1998,0,1,23,253330,3216,0,38,0,0,0,LEADER,1,4,1,32,37,333,0,0,0,0,0,0,0,0,0
256372,16,bully,3047,1,37,4714037,333,333,1998,1998,2,1,253325,3047,0,38,0,0,0,NORMAL,0,3,1,9,147,333,0,333,0,0,0,0,0,0,0
256264,25,bully,2932,1,37,4709902,333,0,1998,0,1,25,253332,2932,0,38,0,0,0,LEADER,1,4,1,34,37,333,0,0,0,0,0,0,0,0,0
256573,33,bully,3250,1,37,4721553,333,0,1998,0,1,33,253323,3250,0,38,0,0,0,LEADER,1,4,1,42,37,333,0,0,0,0,0,0,0,0,0
256548,37,bully,3218,1,37,4720460,333,0,1998,0,1,37,253330,3218,0,38,0,0,0,LEADER,1,4,1,46,37,333,0,0,0,0,0,0,0,0,0
256802,49,bully,3474,1,37,4729912,333,0,1998,0,1,49,253328,3474,0,38,0,0,0,LEADER,1,4,1,58,37,333,0,0,0,0,0,0,0,0,0
256465,35,bully,3135,1,37,4717389,333,0,1998,0,1,35,253330,3135,0,38,0,0,0,LEADER,1,4,1,44,37,333,0,0,0,0,0,0,0,0,0
256941,46,bully,3611,1,37,4735001,333,0,1998,0,1,46,253330,3611,0,38,0,0,0,LEADER,1,4,1,55,37,333,0,0,0,0,0,0,0,0,0
256819,17,bully,3489,1,37,4730487,333,0,1998,0,1,17,253330,3489,0,38,0,0,0,LEADER,1,4,1,26,37,333,0,0,0,0,0,0,0,0,0
256956,14,bully,3626,1,37,4735556,333,330,1998,1980,2,1,253330,3626,0,38,0,0,0,NORMAL,0,3,1,9,116,333,0,330,0,0,0,0,0,0,0
257022,34,bully,3692,1,37,4737998,333,0,1998,0,1,34,253330,3692,0,38,0,0,0,LEADER,1,4,1,43,37,333,0,0,0,0,0,0,0,0,0
256630,42,bully,3304,1,37,4723512,333,0,1998,0,1,42,253326,3304,0,38,0,0,0,LEADER,1,4,1,51,37,333,0,0,0,0,0,0,0,0,0
256782,50,bully,3453,1,37,4729153,333,0,1998,0,1,50,253329,3453,0,38,0,0,0,LEADER,1,4,1,59,37,333,0,0,0,0,0,0,0,0,0
256295,28,bully,2965,1,37,4711099,333,0,1998,0,1,28,253330,2965,0,38,0,0,0,LEADER,1,4,1,37,37,333,0,0,0,0,0,0,0,0,0
256490,7,bully,3160,1,37,4718314,333,666,1998,3996,2,1,253330,3160,0,38,0,0,0,NORMAL,0,3,1,9,116,333,0,666,0,0,0,0,0,0,0
256931,15,bully,3603,1,37,4734677,333,334,1998,2004,2,1,253328,3603,0,38,0,0,0,NORMAL,0,3,1,9,144,333,0,334,0,0,0,0,0,0,0
256611,18,bully,3281,1,37,4722791,333,0,1998,0,1,18,253330,3281,0,38,0,0,0,LEADER,1,4,1,27,37,333,0,0,0,0,0,0,0,0,0
256595,1,bully,3265,1,37,4722199,333,668,1998,4008,1,1,253330,3265,0,38,0,0,0,LEADER,1,4,1,10,37,333,0,668,0,0,0,0,0,0,0
256882,30,bully,3556,1,37,4732902,333,0,1998,0,1,30,253326,3556,0,38,0,0,0,LEADER,1,4,1,39,37,333,0,0,0,0,0,0,0,0,0
256598,32,bully,3271,1,37,4722371,333,0,1998,0,1,32,253327,3271,0,38,0,0,0,LEADER,1,4,1,41,37,333,0,0,0,0,0,0,0,0,0
256916,10,bully,3592,1,37,4734208,333,334,1998,2004,1,1,253324,3592,0,38,0,0,0,NORMAL,0,3,1,10,75,333,0,334,0,0,0,0,0,0,0
256513,13,bully,3183,1,37,4719165,333,323,1998,1938,1,1,253330,3183,0,38,0,0,0,NORMAL,0,3,1,9,114,333,0,323,0,0,0,0,0,0,0
256613,43,bully,3283,1,37,4722865,333,0,1998,0,1,43,253330,3283,0,38,0,0,0,LEADER,1,4,1,52,37,333,0,0,0,0,0,0,0,0,0
256786,24,bully,3456,1,37,4729266,333,0,1998,0,1,24,253330,3456,0,38,0,0,0,LEADER,1,4,1,33,37,333,0,0,0,0,0,0,0,0,0
256852,27,bully,3522,1,37,4731708,333,0,1998,0,1,27,253330,3522,0,38,0,0,0,LEADER,1,4,1,36,37,333,0,0,0,0,0,0,0,0,0
256919,47,bully,3589,1,37,4734187,333,0,1998,0,1,47,253330,3589,0,38,0,0,0,LEADER,1,4,1,56,37,333,0,0,0,0,0,0,0,0,0
256683,20,bully,3353,1,37,4725455,333,0,1998,0,1,20,253330,3353,0,38,0,0,0,LEADER,1,4,1,29,37,333,0,0,0,0,0,0,0,0,0
256749,40,bully,3419,1,37,4727897,333,0,1998,0,1,40,253330,3419,0,38,0,0,0,LEADER,1,4,1,49,37,333,0,0,0,0,0,0,0,0,0
258538,19,bully,2910,1,38,4967515,336,0,2016,0,1,19,255628,2910,0,39,0,0,0,LEADER,1,4,1,22,38,336,0,0,0,0,0,0,0,0,0
258326,2,bully,2707,1,38,4959567,336,667,2016,4002,1,1,255619,2707,0,39,0,0,0,NORMAL,0,3,2,4,97,336,0,667,0,0,0,0,0,0,0
258577,29,bully,2944,1,38,4968899,336,0,2016,0,1,29,255633,2944,0,39,0,0,0,LEADER,1,4,1,32,38,336,0,0,0,0,0,0,0,0,0
258746,36,bully,3113,1,38,4975321,336,0,2016,0,1,36,255633,3113,0,39,0,0,0,LEADER,1,4,1,39,38,336,0,0,0,0,0,0,0,0,0
258462,31,bully,2829,1,38,4964529,336,0,2016,0,1,31,255633,2829,0,39,0,0,0,LEADER,1,4,1,34,38,336,0,0,0,0,0,0,0,0,0
258801,45,bully,3168,1,38,4977411,336,0,2016,0,1,45,255633,3168,0,39,0,0,0,LEADER,1,4,1,48,38,336,0,0,0,0,0,0,0,0,0
258395,11,bully,2762,1,38,4961983,336,335,2016,2010,1,1,255633,2762,0,39,0,0,0,NORMAL,0,3,2,3,116,336,0,335,0,0,0,0,0,0,0
258495,41,bully,2862,1,38,4965783,336,0,2016,0,1,41,255633,2862,0,39,0,0,0,LEADER,1,4,1,44,38,336,0,0,0,0,0,0,0,0,0
258713,26,bully,3080,1,38,4974067,336,0,2016,0,1,26,255633,3080,0,39,0,0,0,LEADER,1,4,1,29,38,336,0,0,0,0,0,0,0,0,0
258487,4,bully,2854,1,38,4965479,336,656,2016,3936,1,1,255633,2854,0,39,0,0,0,NORMAL,0,3,2,3,118,336,0,656,0,0,0,0,0,0,0
258646,6,bully,3013,1,38,4971521,336,670,2016,4020,2,1,255633,3013,0,39,0,0,0,NORMAL,0,3,2,3,118,336,0,670,0,0,0,0,0,0,0
258367,12,bully,2740,1,38,4961048,336,335,2016,2010,1,1,255627,2740,0,39,0,0,0,NORMAL,0,3,2,2,140,336,0,335,0,0,0,0,0,0,0
258510,9,bully,2877,1,38,4966353,336,334,2016,2004,1,1,255633,2877,0,39,0,0,0,NORMAL,0,3,2,3,114,336,0,334,0,0,0,0,0,0,0
258665,48,bully,3032,1,38,4972243,336,0,2016,0,1,48,255633,3032,0,39,0,0,0,LEADER,1,4,1,51,38,336,0,0,0,0,0,0,0,0,0
258359,44,bully,2726,1,38,4960615,336,0,2016,0,1,44,255633,2726,0,39,0,0,0,LEADER,1,4,1,47,38,336,0,0,0,0,0,0,0,0,0
259067,8,bully,3434,1,38,4987519,336,335,2016,2010,2,1,255633,3434,0,39,0,0,0,NORMAL,0,3,2,3,120,336,0,335,0,0,0,0,0,0,0
258402,22,bully,2774,1,38,4962372,336,0,2016,0,1,22,255628,2774,0,39,0,0,0,LEADER,1,4,1,25,38,336,0,0,0,0,0,0,0,0,0
259074,39,bully,3441,1,38,4987785,336,0,2016,0,1,39,255633,3441,0,39,0,0,0,LEADER,1,4,1,42,38,336,0,0,0,0,0,0,0,0,0
258428,21,bully,2795,1,38,4963237,336,0,2016,0,1,21,255633,2795,0,39,0,0,0,LEADER,1,4,1,24,38,336,0,0,0,0,0,0,0,0,0
258783,3,bully,3150,1,38,4976727,336,673,2016,4038,1,1,255633,3150,0,39,0,0,0,NORMAL,0,3,2,3,115,336,0,673,0,0,0,0,0,0,0
259204,5,bully,3571,1,38,4992725,336,672,2016,4032,1,1,255633,3571,0,39,0,0,0,NORMAL,0,3,2,3,118,336,0,672,0,0,0,0,0,0,0
258625,38,bully,2998,1,38,4970846,336,0,2016,0,1,38,255627,2998,0,39,0,0,0,LEADER,1,4,1,41,38,336,0,0,0,0,0,0,0,0,0
258849,23,bully,3216,1,38,4979235,336,0,2016,0,1,23,255633,3216,0,39,0,0,0,LEADER,1,4,1,26,38,336,0,0,0,0,0,0,0,0,0
258675,16,bully,3047,1,38,4972712,336,336,2016,2016,2,1,255628,3047,0,39,0,0,0,NORMAL,0,3,2,3,151,336,0,336,0,0,0,0,0,0,0
258567,25,bully,2932,1,38,4968469,336,0,2016,0,1,25,255635,2932,0,39,0,0,0,LEADER,1,4,1,28,38,336,0,0,0,0,0,0,0,0,0
258876,33,bully,3250,1,38,4980429,336,0,2016,0,1,33,255626,3250,0,39,0,0,0,LEADER,1,4,1,36,38,336,0,0,0,0,0,0,0,0,0
258851,37,bully,3218,1,38,4979311,336,0,2016,0,1,37,255633,3218,0,39,0,0,0,LEADER,1,4,1,40,38,336,0,0,0,0,0,0,0,0,0
259105,49,bully,3474,1,38,4989017,336,0,2016,0,1,49,255631,3474,0,39,0,0,0,LEADER,1,4,1,52,38,336,0,0,0,0,0,0,0,0,0
258768,35,bully,3135,1,38,4976157,336,0,2016,0,1,35,255633,3135,0,39,0,0,0,LEADER,1,4,1,38,38,336,0,0,0,0,0,0,0,0,0
259244,46,bully,3611,1,38,4994245,336,0,2016,0,1,46,255633,3611,0,39,0,0,0,LEADER,1,4,1,49,38,336,0,0,0,0,0,0,0,0,0
259122,17,bully,3489,1,38,4989609,336,0,2016,0,1,17,255633,3489,0,39,0,0,0,LEADER,1,4,1,20,38,336,0,0,0,0,0,0,0,0,0
259259,14,bully,3626,1,38,4994815,336,333,2016,1998,2,1,255633,3626,0,39,0,0,0,NORMAL,0,3,2,3,119,336,0,333,0,0,0,0,0,0,0
259325,34,bully,3692,1,38,4997323,336,0,2016,0,1,34,255633,3692,0,39,0,0,0,LEADER,1,4,1,37,38,336,0,0,0,0,0,0,0,0,0
258933,42,bully,3304,1,38,4982445,336,0,2016,0,1,42,255629,3304,0,39,0,0,0,LEADER,1,4,1,45,38,336,0,0,0,0,0,0,0,0,0
259085,50,bully,3453,1,38,4988238,336,0,2016,0,1,50,255632,3453,0,39,0,0,0,LEADER,1,4,1,53,38,336,0,0,0,0,0,0,0,0,0
258598,28,bully,2965,1,38,4969697,336,0,2016,0,1,28,255633,2965,0,39,0,0,0,LEADER,1,4,1,31,38,336,0,0,0,0,0,0,0,0,0
258793,7,bully,3160,1,38,4977107,336,672,2016,4032,2,1,255633,3160,0,39,0,0,0,NORMAL,0,3,2,3,119,336,0,672,0,0,0,0,0,0,0
259234,15,bully,3603,1,38,4993911,336,336,2016,2016,2,1,255631,3603,0,39,0,0,0,NORMAL,0,3,2,3,147,336,0,336,0,0,0,0,0,0,0
258914,18,bully,3281,1,38,4981705,336,0,2016,0,1,18,255633,3281,0,39,0,0,0,LEADER,1,4,1,21,38,336,0,0,0,0,0,0,0,0,0
258898,1,bully,3265,1,38,4981097,336,674,2016,4044,1,1,255633,3265,0,39,0,0,0,LEADER,1,4,1,4,38,336,0,674,0,0,0,0,0,0,0
259185,30,bully,3556,1,38,4992087,336,0,2016,0,1,30,255629,3556,0,39,0,0,0,LEADER,1,4,1,33,38,336,0,0,0,0,0,0,0,0,0
258901,32,bully,3271,1,38,4981272,336,0,2016,0,1,32,255630,3271,0,39,0,0,0,LEADER,1,4,1,35,38,336,0,0,0,0,0,0,0,0,0
259219,10,bully,3592,1,38,4993427,336,337,2016,2022,1,1,255627,3592,0,39,0,0,0,NORMAL,0,3,2,4,77,336,0,337,0,0,0,0,0,0,0
258816,13,bully,3183,1,38,4977981,336,326,2016,1956,1,1,255633,3183,0,39,0,0,0,NORMAL,0,3,2,3,117,336,0,326,0,0,0,0,0,0,0
258916,43,bully,3283,1,38,4981781,336,0,2016,0,1,43,255633,3283,0,39,0,0,0,LEADER,1,4,1,46,38,336,0,0,0,0,0,0,0,0,0
259089,24,bully,3456,1,38,4988355,336,0,2016,0,1,24,255633,3456,0,39,0,0,0,LEADER,1,4,1,27,38,336,0,0,0,0,0,0,0,0,0
259155,27,bully,3522,1,38,4990863,336,0,2016,0,1,27,255633,3522,0,39,0,0,0,LEADER,1,4,1,30,38,336,0,0,0,0,0,0,0,0,0
259222,47,bully,3589,1,38,4993409,336,0,2016,0,1,47,255633,3589,0,39,0,0,0,LEADER,1,4,1,50,38,336,0,0,0,0,0,0,0,0,0
258986,20,bully,3353,1,38,4984441,336,0,2016,0,1,20,255633,3353,0,39,0,0,0,LEADER,1,4,1,23,38,336,0,0,0,0,0,0,0,0,0
259052,40,bully,3419,1,38,4986949,336,0,2016,0,1,40,255633,3419,0,39,0,0,0,LEADER,1,4,1,43,38,336,0,0,0,0,0,0,0,0,0
260841,19,bully,2910,1,38,4967515,339,0,2034,0,1,19,257931,2910,0,39,0,0,0,LEADER,1,4,1,25,38,339,0,0,0,0,0,0,0,0,0
260628,2,bully,2707,1,38,4959567,339,672,2034,4032,1,1,257921,2707,0,39,0,0,0,NORMAL,0,3,1,7,97,339,0,672,0,0,0,0,0,0,0
260880,29,bully,2944,1,38,4968899,339,0,2034,0,1,29,257936,2944,0,39,0,0,0,LEADER,1,4,1,35,38,339,0,0,0,0,0,0,0,0,0
261049,36,bully,3113,1,38,4975321,339,0,2034,0,1,36,257936,3113,0,39,0,0,0,LEADER,1,4,1,42,38,339,0,0,0,0,0,0,0,0,0
260765,31,bully,2829,1,38,4964529,339,0,2034,0,1,31,257936,2829,0,39,0,0,0,LEADER,1,4,1,37,38,339,0,0,0,0,0,0,0,0,0
261104,45,bully,3168,1,38,4977411,339,0,2034,0,1,45,257936,3168,0,39,0,0,0,LEADER,1,4,1,51,38,339,0,0,0,0,0,0,0,0,0
260698,11,bully,2762,1,38,4961983,339,338,2034,2028,1,1,257936,2762,0,39,0,0,0,NORMAL,0,3,1,6,116,339,0,338,0,0,0,0,0,0,0
260798,41,bully,2862,1,38,4965783,339,0,2034,0,1,41,257936,2862,0,39,0,0,0,LEADER,1,4,1,47,38,339,0,0,0,0,0,0,0,0,0
261016,26,bully,3080,1,38,4974067,339,0,2034,0,1,26,257936,3080,0,39,0,0,0,LEADER,1,4,1,32,38,339,0,0,0,0,0,0,0,0,0
260790,4,bully,2854,1,38,4965479,339,662,2034,3972,1,1,257936,2854,0,39,0,0,0,NORMAL,0,3,1,6,118,339,0,662,0,0,0,0,0,0,0
260949,6,bully,3013,1,38,4971521,339,676,2034,4056,2,1,257936,3013,0,39,0,0,0,NORMAL,0,3,1,6,118,339,0,676,0,0,0,0,0,0,0
260670,12,bully,2740,1,38,4961048,339,337,2034,2022,1,1,257930,2740,0,39,0,0,0,NORMAL,0,3,1,5,140,339,0,337,0,0,0,0,0,0,0
260813,9,bully,2877,1,38,4966353,339,336,2034,2016,1,1,257936,2877,0,39,0,0,0,NORMAL,0,3,1,6,114,339,0,336,0,0,0,0,0,0,0
260968,48,bully,3032,1,38,4972243,339,0,2034,0,1,48,257936,3032,0,39,0,0,0,LEADER,1,4,1,54,38,339,0,0,0,0,0,0,0,0,0
260662,44,bully,2726,1,38,4960615,339,0,2034,0,1,44,257936,2726,0,39,0,0,0,LEADER,1,4,1,50,38,339,0,0,0,0,0,0,0,0,0
261370,8,bully,3434,1,38,4987519,339,338,2034,2028,2,1,257936,3434,0,39,0,0,0,NORMAL,0,3,1,6,120,339,0,338,0,0,0,0,0,0,0
260705,22,bully,2774,1,38,4962372,339,0,2034,0,1,22,257931,2774,0,39,0,0,0,LEADER,1,4,1,28,38,339,0,0,0,0,0,0,0,0,0
261377,39,bully,3441,1,38,4987785,339,0,2034,0,1,39,257936,3441,0,39,0,0,0,LEADER,1,4,1,45,38,339,0,0,0,0,0,0,0,0,0
260731,21,bully,2795,1,38,4963237,339,0,2034,0,1,21,257936,2795,0,39,0,0,0,LEADER,1,4,1,27,38,339,0,0,0,0,0,0,0,0,0
261086,3,bully,3150,1,38,4976727,339,679,2034,4074,1,1,257936,3150,0,39,0,0,0,NORMAL,0,3,1,6,115,339,0,679,0,0,0,0,0,0,0
261507,5,bully,3571,1,38,4992725,339,678,2034,4068,1,1,257936,3571,0,39,0,0,0,NORMAL,0,3,1,6,118,339,0,678,0,0,0,0,0,0,0
260928,38,bully,2998,1,38,4970846,339,0,2034,0,1,38,257930,2998,0,39,0,0,0,LEADER,1,4,1,44,38,339,0,0,0,0,0,0,0,0,0
261152,23,bully,3216,1,38,4979235,339,0,2034,0,1,23,257936,3216,0,39,0,0,0,LEADER,1,4,1,29,38,339,0,0,0,0,0,0,0,0,0
260978,16,bully,3047,1,38,4972712,339,339,2034,2034,2,1,257931,3047,0,39,0,0,0,NORMAL,0,3,1,6,151,339,0,339,0,0,0,0,0,0,0
260870,25,bully,2932,1,38,4968469,339,0,2034,0,1,25,257938,2932,0,39,0,0,0,LEADER,1,4,1,31,38,339,0,0,0,0,0,0,0,0,0
261179,33,bully,3250,1,38,4980429,339,0,2034,0,1,33,257929,3250,0,39,0,0,0,LEADER,1,4,1,39,38,339,0,0,0,0,0,0,0,0,0
261154,37,bully,3218,1,38,4979311,339,0,2034,0,1,37,257936,3218,0,39,0,0,0,LEADER,1,4,1,43,38,339,0,0,0,0,0,0,0,0,0
261408,49,bully,3474,1,38,4989017,339,0,2034,0,1,49,257934,3474,0,39,0,0,0,LEADER,1,4,1,55,38,339,0,0,0,0,0,0,0,0,0
261071,35,bully,3135,1,38,4976157,339,0,2034,0,1,35,257936,3135,0,39,0,0,0,LEADER,1,4,1,41,38,339,0,0,0,0,0,0,0,0,0
261547,46,bully,3611,1,38,4994245,339,0,2034,0,1,46,257936,3611,0,39,0,0,0,LEADER,1,4,1,52,38,339,0,0,0,0,0,0,0,0,0
261425,17,bully,3489,1,38,4989609,339,0,2034,0,1,17,257936,3489,0,39,0,0,0,LEADER,1,4,1,23,38,339,0,0,0,0,0,0,0,0,0
261562,14,bully,3626,1,38,4994815,339,336,2034,2016,2,1,257936,3626,0,39,0,0,0,NORMAL,0,3,1,6,119,339,0,336,0,0,0,0,0,0,0
261628,34,bully,3692,1,38,4997323,339,0,2034,0,1,34,257936,3692,0,39,0,0,0,LEADER,1,4,1,40,38,339,0,0,0,0,0,0,0,0,0
261236,42,bully,3304,1,38,4982445,339,0,2034,0,1,42,257932,3304,0,39,0,0,0,LEADER,1,4,1,48,38,339,0,0,0,0,0,0,0,0,0
261388,50,bully,3453,1,38,4988238,339,0,2034,0,1,50,257935,3453,0,39,0,0,0,LEADER,1,4,1,56,38,339,0,0,0,0,0,0,0,0,0
260901,28,bully,2965,1,38,4969697,339,0,2034,0,1,28,257936,2965,0,39,0,0,0,LEADER,1,4,1,34,38,339,0,0,0,0,0,0,0,0,0
261096,7,bully,3160,1,38,4977107,339,678,2034,4068,2,1,257936,3160,0,39,0,0,0,NORMAL,0,3,1,6,119,339,0,678,0,0,0,0,0,0,0
261537,15,bully,3603,1,38,4993911,339,339,2034,2034,2,1,257934,3603,0,39,0,0,0,NORMAL,0,3,1,6,147,339,0,339,0,0,0,0,0,0,0
261217,18,bully,3281,1,38,4981705,339,0,2034,0,1,18,257936,3281,0,39,0,0,0,LEADER,1,4,1,24,38,339,0,0,0,0,0,0,0,0,0
261201,1,bully,3265,1,38,4981097,339,680,2034,4080,1,1,257936,3265,0,39,0,0,0,LEADER,1,4,1,7,38,339,0,680,0,0,0,0,0,0,0
261488,30,bully,3556,1,38,4992087,339,0,2034,0,1,30,257932,3556,0,39,0,0,0,LEADER,1,4,1,36,38,339,0,0,0,0,0,0,0,0,0
261204,32,bully,3271,1,38,4981272,339,0,2034,0,1,32,257933,3271,0,39,0,0,0,LEADER,1,4,1,38,38,339,0,0,0,0,0,0,0,0,0
261522,10,bully,3592,1,38,4993427,339,340,2034,2040,1,1,257930,3592,0,39,0,0,0,NORMAL,0,3,1,7,77,339,0,340,0,0,0,0,0,0,0
261119,13,bully,3183,1,38,4977981,339,329,2034,1974,1,1,257936,3183,0,39,0,0,0,NORMAL,0,3,1,6,117,339,0,329,0,0,0,0,0,0,0
261219,43,bully,3283,1,38,4981781,339,0,2034,0,1,43,257936,3283,0,39,0,0,0,LEADER,1,4,1,49,38,339,0,0,0,0,0,0,0,0,0
261392,24,bully,3456,1,38,4988355,339,0,2034,0,1,24,257936,3456,0,39,0,0,0,LEADER,1,4,1,30,38,339,0,0,0,0,0,0,0,0,0
261458,27,bully,3522,1,38,4990863,339,0,2034,0,1,27,257936,3522,0,39,0,0,0,LEADER,1,4,1,33,38,339,0,0,0,0,0,0,0,0,0
261525,47,bully,3589,1,38,4993409,339,0,2034,0,1,47,257936,3589,0,39,0,0,0,LEADER,1,4,1,53,38,339,0,0,0,0,0,0,0,0,0
261289,20,bully,3353,1,38,4984441,339,0,2034,0,1,20,257936,3353,0,39,0,0,0,LEADER,1,4,1,26,38,339,0,0,0,0,0,0,0,0,0
261355,40,bully,3419,1,38,4986949,339,0,2034,0,1,40,257936,3419,0,39,0,0,0,LEADER,1,4,1,46,38,339,0,0,0,0,0,0,0,0,0
262931,2,bully,2707,1,38,4959567,342,678,2052,4068,1,1,260224,2707,0,39,0,0,0,NORMAL,0,3,1,10,97,342,0,678,0,0,0,0,0,0,0
263144,19,bully,2910,1,38,4967515,342,0,2052,0,1,19,260234,2910,0,39,0,0,0,LEADER,1,4,1,28,38,342,0,0,0,0,0,0,0,0,0
263183,29,bully,2944,1,38,4968899,342,0,2052,0,1,29,260239,2944,0,39,0,0,0,LEADER,1,4,1,38,38,342,0,0,0,0,0,0,0,0,0
263352,36,bully,3113,1,38,4975321,342,0,2052,0,1,36,260239,3113,0,39,0,0,0,LEADER,1,4,1,45,38,342,0,0,0,0,0,0,0,0,0
263068,31,bully,2829,1,38,4964529,342,0,2052,0,1,31,260239,2829,0,39,0,0,0,LEADER,1,4,1,40,38,342,0,0,0,0,0,0,0,0,0
263407,45,bully,3168,1,38,4977411,342,0,2052,0,1,45,260239,3168,0,39,0,0,0,LEADER,1,4,1,54,38,342,0,0,0,0,0,0,0,0,0
263001,11,bully,2762,1,38,4961983,342,341,2052,2046,1,1,260239,2762,0,39,0,0,0,NORMAL,0,3,1,9,116,342,0,341,0,0,0,0,0,0,0
263101,41,bully,2862,1,38,4965783,342,0,2052,0,1,41,260239,2862,0,39,0,0,0,LEADER,1,4,1,50,38,342,0,0,0,0,0,0,0,0,0
263319,26,bully,3080,1,38,4974067,342,0,2052,0,1,26,260239,3080,0,39,0,0,0,LEADER,1,4,1,35,38,342,0,0,0,0,0,0,0,0,0
263093,4,bully,2854,1,38,4965479,342,668,2052,4008,1,1,260239,2854,0,39,0,0,0,NORMAL,0,3,1,9,118,342,0,668,0,0,0,0,0,0,0
263252,6,bully,3013,1,38,4971521,342,682,2052,4092,2,1,260239,3013,0,39,0,0,0,NORMAL,0,3,1,9,118,342,0,682,0,0,0,0,0,0,0
262973,12,bully,2740,1,38,4961048,342,340,2052,2040,1,1,260233,2740,0,39,0,0,0,NORMAL,0,3,1,8,140,342,0,340,0,0,0,0,0,0,0
263116,9,bully,2877,1,38,4966353,342,339,2052,2034,1,1,260239,2877,0,39,0,0,0,NORMAL,0,3,1,9,114,342,0,339,0,0,0,0,0,0,0
263271,48,bully,3032,1,38,4972243,342,0,2052,0,1,48,260239,3032,0,39,0,0,0,LEADER,1,4,1,57,38,342,0,0,0,0,0,0,0,0,0
262965,44,bully,2726,1,38,4960615,342,0,2052,0,1,44,260239,2726,0,39,0,0,0,LEADER,1,4,1,53,38,342,0,0,0,0,0,0,0,0,0
263673,8,bully,3434,1,38,4987519,342,341,2052,2046,2,1,260239,3434,0,39,0,0,0,NORMAL,0,3,1,9,120,342,0,341,0,0,0,0,0,0,0
263008,22,bully,2774,1,38,4962372,342,0,2052,0,1,22,260234,2774,0,39,0,0,0,LEADER,1,4,1,31,38,342,0,0,0,0,0,0,0,0,0
263680,39,bully,3441,1,38,4987785,342,0,2052,0,1,39,260239,3441,0,39,0,0,0,LEADER,1,4,1,48,38,342,0,0,0,0,0,0,0,0,0
263034,21,bully,2795,1,38,4963237,342,0,2052,0,1,21,260239,2795,0,39,0,0,0,LEADER,1,4,1,30,38,342,0,0,0,0,0,0,0,0,0
263389,3,bully,3150,1,38,4976727,342,684,2052,4104,1,1,260239,3150,0,39,0,0,0,NORMAL,0,3,1,9,115,342,0,684,0,0,0,0,0,0,0
263810,5,bully,3571,1,38,4992725,342,684,2052,4104,1,1,260239,3571,0,39,0,0,0,NORMAL,0,3,1,9,118,342,0,684,0,0,0,0,0,0,0
263231,38,bully,2998,1,38,4970846,342,0,2052,0,1,38,260233,2998,0,39,0,0,0,LEADER,1,4,1,47,38,342,0,0,0,0,0,0,0,0,0
263455,23,bully,3216,1,38,4979235,342,0,2052,0,1,23,260239,3216,0,39,0,0,0,LEADER,1,4,1,32,38,342,0,0,0,0,0,0,0,0,0
263281,16,bully,3047,1,38,4972712,342,342,2052,2052,2,1,260234,3047,0,39,0,0,0,NORMAL,0,3,1,9,151,342,0,342,0,0,0,0,0,0,0
263173,25,bully,2932,1,38,4968469,342,0,2052,0,1,25,260241,2932,0,39,0,0,0,LEADER,1,4,1,34,38,342,0,0,0,0,0,0,0,0,0
263482,33,bully,3250,1,38,4980429,342,0,2052,0,1,33,260232,3250,0,39,0,0,0,LEADER,1,4,1,42,38,342,0,0,0,0,0,0,0,0,0
263457,37,bully,3218,1,38,4979311,342,0,2052,0,1,37,260239,3218,0,39,0,0,0,LEADER,1,4,1,46,38,342,0,0,0,0,0,0,0,0,0
263711,49,bully,3474,1,38,4989017,342,0,2052,0,1,49,260237,3474,0,39,0,0,0,LEADER,1,4,1,58,38,342,0,0,0,0,0,0,0,0,0
263374,35,bully,3135,1,38,4976157,342,0,2052,0,1,35,260239,3135,0,39,0,0,0,LEADER,1,4,1,44,38,342,0,0,0,0,0,0,0,0,0
263850,46,bully,3611,1,38,4994245,342,0,2052,0,1,46,260239,3611,0,39,0,0,0,LEADER,1,4,1,55,38,342,0,0,0,0,0,0,0,0,0
263728,17,bully,3489,1,38,4989609,342,0,2052,0,1,17,260239,3489,0,39,0,0,0,LEADER,1,4,1,26,38,342,0,0,0,0,0,0,0,0,0
263865,14,bully,3626,1,38,4994815,342,339,2052,2034,2,1,260239,3626,0,39,0,0,0,NORMAL,0,3,1,9,119,342,0,339,0,0,0,0,0,0,0
263931,34,bully,3692,1,38,4997323,342,0,2052,0,1,34,260239,3692,0,39,0,0,0,LEADER,1,4,1,43,38,342,0,0,0,0,0,0,0,0,0
263539,42,bully,3304,1,38,4982445,342,0,2052,0,1,42,260235,3304,0,39,0,0,0,LEADER,1,4,1,51,38,342,0,0,0,0,0,0,0,0,0
263691,50,bully,3453,1,38,4988238,342,0,2052,0,1,50,260238,3453,0,39,0,0,0,LEADER,1,4,1,59,38,342,0,0,0,0,0,0,0,0,0
263204,28,bully,2965,1,38,4969697,342,0,2052,0,1,28,260239,2965,0,39,0,0,0,LEADER,1,4,1,37,38,342,0,0,0,0,0,0,0,0,0
263399,7,bully,3160,1,38,4977107,342,684,2052,4104,2,1,260239,3160,0,39,0,0,0,NORMAL,0,3,1,9,119,342,0,684,0,0,0,0,0,0,0
263840,15,bully,3603,1,38,4993911,342,342,2052,2052,2,1,260237,3603,0,39,0,0,0,NORMAL,0,3,1,9,147,342,0,342,0,0,0,0,0,0,0
263520,18,bully,3281,1,38,4981705,342,0,2052,0,1,18,260239,3281,0,39,0,0,0,LEADER,1,4,1,27,38,342,0,0,0,0,0,0,0,0,0
263504,1,bully,3265,1,38,4981097,342,686,2052,4116,1,1,260239,3265,0,39,0,0,0,LEADER,1,4,1,10,38,342,0,686,0,0,0,0,0,0,0
263791,30,bully,3556,1,38,4992087,342,0,2052,0,1,30,260235,3556,0,39,0,0,0,LEADER,1,4,1,39,38,342,0,0,0,0,0,0,0,0,0
263507,32,bully,3271,1,38,4981272,342,0,2052,0,1,32,260236,3271,0,39,0,0,0,LEADER,1,4,1,41,38,342,0,0,0,0,0,0,0,0,0
263825,10,bully,3592,1,38,4993427,342,343,2052,2058,1,1,260233,3592,0,39,0,0,0,NORMAL,0,3,1,10,77,342,0,343,0,0,0,0,0,0,0
263422,13,bully,3183,1,38,4977981,342,332,2052,1992,1,1,260239,3183,0,39,0,0,0,NORMAL,0,3,1,9,117,342,0,332,0,0,0,0,0,0,0
263522,43,bully,3283,1,38,4981781,342,0,2052,0,1,43,260239,3283,0,39,0,0,0,LEADER,1,4,1,52,38,342,0,0,0,0,0,0,0,0,0
263695,24,bully,3456,1,38,4988355,342,0,2052,0,1,24,260239,3456,0,39,0,0,0,LEADER,1,4,1,33,38,342,0,0,0,0,0,0,0,0,0
263761,27,bully,3522,1,38,4990863,342,0,2052,0,1,27,260239,3522,0,39,0,0,0,LEADER,1,4,1,36,38,342,0,0,0,0,0,0,0,0,0
263828,47,bully,3589,1,38,4993409,342,0,2052,0,1,47,260239,3589,0,39,0,0,0,LEADER,1,4,1,56,38,342,0,0,0,0,0,0,0,0,0
263592,20,bully,3353,1,38,4984441,342,0,2052,0,1,20,260239,3353,0,39,0,0,0,LEADER,1,4,1,29,38,342,0,0,0,0,0,0,0,0,0
263658,40,bully,3419,1,38,4986949,342,0,2052,0,1,40,260239,3419,0,39,0,0,0,LEADER,1,4,1,49,38,342,0,0,0,0,0,0,0,0,0
265234,2,bully,2707,1,39,5224801,345,684,2070,4104,1,1,262527,2707,0,40,0,0,0,NORMAL,0,3,2,4,99,345,0,684,0,0,0,0,0,0,0
265447,19,bully,2910,1,39,5232962,345,0,2070,0,1,19,262537,2910,0,40,0,0,0,LEADER,1,4,1,22,39,345,0,0,0,0,0,0,0,0,0
265486,29,bully,2944,1,39,5234385,345,0,2070,0,1,29,262542,2944,0,40,0,0,0,LEADER,1,4,1,32,39,345,0,0,0,0,0,0,0,0,0
265655,36,bully,3113,1,39,5240976,345,0,2070,0,1,36,262542,3113,0,40,0,0,0,LEADER,1,4,1,39,39,345,0,0,0,0,0,0,0,0,0
265371,31,bully,2829,1,39,5229900,345,0,2070,0,1,31,262542,2829,0,40,0,0,0,LEADER,1,4,1,34,39,345,0,0,0,0,0,0,0,0,0
265710,45,bully,3168,1,39,5243121,345,0,2070,0,1,45,262542,3168,0,40,0,0,0,LEADER,1,4,1,48,39,345,0,0,0,0,0,0,0,0,0
265304,11,bully,2762,1,39,5227287,345,344,2070,2064,1,1,262542,2762,0,40,0,0,0,NORMAL,0,3,2,3,119,345,0,344,0,0,0,0,0,0,0
265404,41,bully,2862,1,39,5231187,345,0,2070,0,1,41,262542,2862,0,40,0,0,0,LEADER,1,4,1,44,39,345,0,0,0,0,0,0,0,0,0
265622,26,bully,3080,1,39,5239689,345,0,2070,0,1,26,262542,3080,0,40,0,0,0,LEADER,1,4,1,29,39,345,0,0,0,0,0,0,0,0,0
265396,4,bully,2854,1,39,5230875,345,674,2070,4044,1,1,262542,2854,0,40,0,0,0,NORMAL,0,3,2,3,121,345,0,674,0,0,0,0,0,0,0
265555,6,bully,3013,1,39,5237076,345,688,2070,4128,2,1,262542,3013,0,40,0,0,0,NORMAL,0,3,2,3,121,345,0,688,0,0,0,0,0,0,0
265275,12,bully,2740,1,39,5226323,345,343,2070,2058,1,1,262535,2740,0,40,0,0,0,NORMAL,0,3,2,2,144,345,0,343,0,0,0,0,0,0,0
265419,9,bully,2877,1,39,5231772,345,342,2070,2052,1,1,262542,2877,0,40,0,0,0,NORMAL,0,3,2,3,117,345,0,342,0,0,0,0,0,0,0
265574,48,bully,3032,1,39,5237817,345,0,2070,0,1,48,262542,3032,0,40,0,0,0,LEADER,1,4,1,51,39,345,0,0,0,0,0,0,0,0,0
265268,44,bully,2726,1,39,5225883,345,0,2070,0,1,44,262542,2726,0,40,0,0,0,LEADER,1,4,1,47,39,345,0,0,0,0,0,0,0,0,0
265976,8,bully,3434,1,39,5253495,345,344,2070,2064,2,1,262542,3434,0,40,0,0,0,NORMAL,0,3,2,3,123,345,0,344,0,0,0,0,0,0,0
265311,22,bully,2774,1,39,5227683,345,0,2070,0,1,22,262537,2774,0,40,0,0,0,LEADER,1,4,1,25,39,345,0,0,0,0,0,0,0,0,0
265983,39,bully,3441,1,39,5253768,345,0,2070,0,1,39,262542,3441,0,40,0,0,0,LEADER,1,4,1,42,39,345,0,0,0,0,0,0,0,0,0
265337,21,bully,2795,1,39,5228574,345,0,2070,0,1,21,262542,2795,0,40,0,0,0,LEADER,1,4,1,24,39,345,0,0,0,0,0,0,0,0,0
265692,3,bully,3150,1,39,5242419,345,690,2070,4140,1,1,262542,3150,0,40,0,0,0,NORMAL,0,3,2,3,118,345,0,690,0,0,0,0,0,0,0
266113,5,bully,3571,1,39,5258838,345,690,2070,4140,1,1,262542,3571,0,40,0,0,0,NORMAL,0,3,2,3,121,345,0,690,0,0,0,0,0,0,0
265534,38,bully,2998,1,39,5236380,345,0,2070,0,1,38,262536,2998,0,40,0,0,0,LEADER,1,4,1,41,39,345,0,0,0,0,0,0,0,0,0
265758,23,bully,3216,1,39,5244993,345,0,2070,0,1,23,262542,3216,0,40,0,0,0,LEADER,1,4,1,26,39,345,0,0,0,0,0,0,0,0,0
265584,16,bully,3047,1,39,5238296,345,345,2070,2070,2,1,262537,3047,0,40,0,0,0,NORMAL,0,3,2,3,155,345,0,345,0,0,0,0,0,0,0
265476,25,bully,2932,1,39,5233945,345,0,2070,0,1,25,262544,2932,0,40,0,0,0,LEADER,1,4,1,28,39,345,0,0,0,0,0,0,0,0,0
265784,33,bully,3250,1,39,5246213,345,0,2070,0,1,33,262534,3250,0,40,0,0,0,LEADER,1,4,1,36,39,345,0,0,0,0,0,0,0,0,0
265760,37,bully,3218,1,39,5245071,345,0,2070,0,1,37,262542,3218,0,40,0,0,0,LEADER,1,4,1,40,39,345,0,0,0,0,0,0,0,0,0
266014,49,bully,3474,1,39,5255031,345,0,2070,0,1,49,262540,3474,0,40,0,0,0,LEADER,1,4,1,52,39,345,0,0,0,0,0,0,0,0,0
265677,35,bully,3135,1,39,5241834,345,0,2070,0,1,35,262542,3135,0,40,0,0,0,LEADER,1,4,1,38,39,345,0,0,0,0,0,0,0,0,0
266153,46,bully,3611,1,39,5260398,345,0,2070,0,1,46,262542,3611,0,40,0,0,0,LEADER,1,4,1,49,39,345,0,0,0,0,0,0,0,0,0
266031,17,bully,3489,1,39,5255640,345,0,2070,0,1,17,262542,3489,0,40,0,0,0,LEADER,1,4,1,20,39,345,0,0,0,0,0,0,0,0,0
266168,14,bully,3626,1,39,5260983,345,342,2070,2052,2,1,262542,3626,0,40,0,0,0,NORMAL,0,3,2,3,122,345,0,342,0,0,0,0,0,0,0
266234,34,bully,3692,1,39,5263557,345,0,2070,0,1,34,262542,3692,0,40,0,0,0,LEADER,1,4,1,37,39,345,0,0,0,0,0,0,0,0,0
265842,42,bully,3304,1,39,5248287,345,0,2070,0,1,42,262538,3304,0,40,0,0,0,LEADER,1,4,1,45,39,345,0,0,0,0,0,0,0,0,0
265994,50,bully,3453,1,39,5254232,345,0,2070,0,1,50,262541,3453,0,40,0,0,0,LEADER,1,4,1,53,39,345,0,0,0,0,0,0,0,0,0
265507,28,bully,2965,1,39,5235204,345,0,2070,0,1,28,262542,2965,0,40,0,0,0,LEADER,1,4,1,31,39,345,0,0,0,0,0,0,0,0,0
265702,7,bully,3160,1,39,5242809,345,690,2070,4140,2,1,262542,3160,0,40,0,0,0,NORMAL,0,3,2,3,122,345,0,690,0,0,0,0,0,0,0
266143,15,bully,3603,1,39,5260054,345,345,2070,2070,2,1,262540,3603,0,40,0,0,0,NORMAL,0,3,2,3,151,345,0,345,0,0,0,0,0,0,0
265823,18,bully,3281,1,39,5247528,345,0,2070,0,1,18,262542,3281,0,40,0,0,0,LEADER,1,4,1,21,39,345,0,0,0,0,0,0,0,0,0
265807,1,bully,3265,1,39,5246904,345,692,2070,4152,1,1,262542,3265,0,40,0,0,0,LEADER,1,4,1,4,39,345,0,692,0,0,0,0,0,0,0
266094,30,bully,3556,1,39,5258181,345,0,2070,0,1,30,262538,3556,0,40,0,0,0,LEADER,1,4,1,33,39,345,0,0,0,0,0,0,0,0,0
265810,32,bully,3271,1,39,5247082,345,0,2070,0,1,32,262539,3271,0,40,0,0,0,LEADER,1,4,1,35,39,345,0,0,0,0,0,0,0,0,0
266128,10,bully,3592,1,39,5259555,345,346,2070,2076,1,1,262536,3592,0,40,0,0,0,NORMAL,0,3,2,4,79,345,0,346,0,0,0,0,0,0,0
265725,13,bully,3183,1,39,5243706,345,335,2070,2010,1,1,262542,3183,0,40,0,0,0,NORMAL,0,3,2,3,120,345,0,335,0,0,0,0,0,0,0
265825,43,bully,3283,1,39,5247606,345,0,2070,0,1,43,262542,3283,0,40,0,0,0,LEADER,1,4,1,46,39,345,0,0,0,0,0,0,0,0,0
265998,24,bully,3456,1,39,5254353,345,0,2070,0,1,24,262542,3456,0,40,0,0,0,LEADER,1,4,1,27,39,345,0,0,0,0,0,0,0,0,0
266064,27,bully,3522,1,39,5256927,345,0,2070,0,1,27,262542,3522,0,40,0,0,0,LEADER,1,4,1,30,39,345,0,0,0,0,0,0,0,0,0
266131,47,bully,3589,1,39,5259540,345,0,2070,0,1,47,262542,3589,0,40,0,0,0,LEADER,1,4,1,50,39,345,0,0,0,0,0,0,0,0,0
265895,20,bully,3353,1,39,5250336,345,0,2070,0,1,20,262542,3353,0,40,0,0,0,LEADER,1,4,1,23,39,345,0,0,0,0,0,0,0,0,0
265961,40,bully,3419,1,39,5252910,345,0,2070,0,1,40,262542,3419,0,40,0,0,0,LEADER,1,4,1,43,39,345,0,0,0,0,0,0,0,0,0
267749,19,bully,2910,1,39,5232962,348,0,2088,0,1,19,264839,2910,0,40,0,0,0,LEADER,1,4,1,25,39,348,0,0,0,0,0,0,0,0,0
267537,2,bully,2707,1,39,5224801,348,690,2088,4140,1,1,264830,2707,0,40,0,0,0,NORMAL,0,3,1,7,99,348,0,690,0,0,0,0,0,0,0
267789,29,bully,2944,1,39,5234385,348,0,2088,0,1,29,264845,2944,0,40,0,0,0,LEADER,1,4,1,35,39,348,0,0,0,0,0,0,0,0,0
267958,36,bully,3113,1,39,5240976,348,0,2088,0,1,36,264845,3113,0,40,0,0,0,LEADER,1,4,1,42,39,348,0,0,0,0,0,0,0,0,0
267674,31,bully,2829,1,39,5229900,348,0,2088,0,1,31,264845,2829,0,40,0,0,0,LEADER,1,4,1,37,39,348,0,0,0,0,0,0,0,0,0
268013,45,bully,3168,1,39,5243121,348,0,2088,0,1,45,264845,3168,0,40,0,0,0,LEADER,1,4,1,51,39,348,0,0,0,0,0,0,0,0,0
267607,11,bully,2762,1,39,5227287,348,347,2088,2082,1,1,264845,2762,0,40,0,0,0,NORMAL,0,3,1,6,119,348,0,347,0,0,0,0,0,0,0
267707,41,bully,2862,1,39,5231187,348,0,2088,0,1,41,264845,2862,0,40,0,0,0,LEADER,1,4,1,47,39,348,0,0,0,0,0,0,0,0,0
267925,26,bully,3080,1,39,5239689,348,0,2088,0,1,26,264845,3080,0,40,0,0,0,LEADER,1,4,1,32,39,348,0,0,0,0,0,0,0,0,0
267699,4,bully,2854,1,39,5230875,348,680,2088,4080,1,1,264845,2854,0,40,0,0,0,NORMAL,0,3,1,6,121,348,0,680,0,0,0,0,0,0,0
267858,6,bully,3013,1,39,5237076,348,694,2088,4164,2,1,264845,3013,0,40,0,0,0,NORMAL,0,3,1,6,121,348,0,694,0,0,0,0,0,0,0
267578,12,bully,2740,1,39,5226323,348,345,2088,2070,1,1,264838,2740,0,40,0,0,0,NORMAL,0,3,1,5,144,348,0,345,0,0,0,0,0,0,0
267722,9,bully,2877,1,39,5231772,348,345,2088,2070,1,1,264845,2877,0,40,0,0,0,NORMAL,0,3,1,6,117,348,0,345,0,0,0,0,0,0,0
267877,48,bully,3032,1,39,5237817,348,0,2088,0,1,48,264845,3032,0,40,0,0,0,LEADER,1,4,1,54,39,348,0,0,0,0,0,0,0,0,0
267571,44,bully,2726,1,39,5225883,348,0,2088,0,1,44,264845,2726,0,40,0,0,0,LEADER,1,4,1,50,39,348,0,0,0,0,0,0,0,0,0
268279,8,bully,3434,1,39,5253495,348,347,2088,2082,2,1,264845,3434,0,40,0,0,0,NORMAL,0,3,1,6,123,348,0,347,0,0,0,0,0,0,0
267614,22,bully,2774,1,39,5227683,348,0,2088,0,1,22,264840,2774,0,40,0,0,0,LEADER,1,4,1,28,39,348,0,0,0,0,0,0,0,0,0
268286,39,bully,3441,1,39,5253768,348,0,2088,0,1,39,264845,3441,0,40,0,0,0,LEADER,1,4,1,45,39,348,0,0,0,0,0,0,0,0,0
267640,21,bully,2795,1,39,5228574,348,0,2088,0,1,21,264845,2795,0,40,0,0,0,LEADER,1,4,1,27,39,348,0,0,0,0,0,0,0,0,0
267995,3,bully,3150,1,39,5242419,348,696,2088,4176,1,1,264845,3150,0,40,0,0,0,NORMAL,0,3,1,6,118,348,0,696,0,0,0,0,0,0,0
268416,5,bully,3571,1,39,5258838,348,696,2088,4176,1,1,264845,3571,0,40,0,0,0,NORMAL,0,3,1,6,121,348,0,696,0,0,0,0,0,0,0
267837,38,bully,2998,1,39,5236380,348,0,2088,0,1,38,264839,2998,0,40,0,0,0,LEADER,1,4,1,44,39,348,0,0,0,0,0,0,0,0,0
268061,23,bully,3216,1,39,5244993,348,0,2088,0,1,23,264845,3216,0,40,0,0,0,LEADER,1,4,1,29,39,348,0,0,0,0,0,0,0,0,0
267887,16,bully,3047,1,39,5238296,348,348,2088,2088,2,1,264840,3047,0,40,0,0,0,NORMAL,0,3,1,6,155,348,0,348,0,0,0,0,0,0,0
267779,25,bully,2932,1,39,5233945,348,0,2088,0,1,25,264847,2932,0,40,0,0,0,LEADER,1,4,1,31,39,348,0,0,0,0,0,0,0,0,0
268087,33,bully,3250,1,39,5246213,348,0,2088,0,1,33,264837,3250,0,40,0,0,0,LEADER,1,4,1,39,39,348,0,0,0,0,0,0,0,0,0
268063,37,bully,3218,1,39,5245071,348,0,2088,0,1,37,264845,3218,0,40,0,0,0,LEADER,1,4,1,43,39,348,0,0,0,0,0,0,0,0,0
268317,49,bully,3474,1,39,5255031,348,0,2088,0,1,49,264843,3474,0,40,0,0,0,LEADER,1,4,1,55,39,348,0,0,0,0,0,0,0,0,0
267980,35,bully,3135,1,39,5241834,348,0,2088,0,1,35,264845,3135,0,40,0,0,0,LEADER,1,4,1,41,39,348,0,0,0,0,0,0,0,0,0
268456,46,bully,3611,1,39,5260398,348,0,2088,0,1,46,264845,3611,0,40,0,0,0,LEADER,1,4,1,52,39,348,0,0,0,0,0,0,0,0,0
268334,17,bully,3489,1,39,5255640,348,0,2088,0,1,17,264845,3489,0,40,0,0,0,LEADER,1,4,1,23,39,348,0,0,0,0,0,0,0,0,0
268471,14,bully,3626,1,39,5260983,348,345,2088,2070,2,1,264845,3626,0,40,0,0,0,NORMAL,0,3,1,6,122,348,0,345,0,0,0,0,0,0,0
268537,34,bully,3692,1,39,5263557,348,0,2088,0,1,34,264845,3692,0,40,0,0,0,LEADER,1,4,1,40,39,348,0,0,0,0,0,0,0,0,0
268145,42,bully,3304,1,39,5248287,348,0,2088,0,1,42,264841,3304,0,40,0,0,0,LEADER,1,4,1,48,39,348,0,0,0,0,0,0,0,0,0
268297,50,bully,3453,1,39,5254232,348,0,2088,0,1,50,264844,3453,0,40,0,0,0,LEADER,1,4,1,56,39,348,0,0,0,0,0,0,0,0,0
267810,28,bully,2965,1,39,5235204,348,0,2088,0,1,28,264845,2965,0,40,0,0,0,LEADER,1,4,1,34,39,348,0,0,0,0,0,0,0,0,0
268005,7,bully,3160,1,39,5242809,348,696,2088,4176,2,1,264845,3160,0,40,0,0,0,NORMAL,0,3,1,6,122,348,0,696,0,0,0,0,0,0,0
268446,15,bully,3603,1,39,5260054,348,349,2088,2094,2,1,264843,3603,0,40,0,0,0,NORMAL,0,3,1,6,151,348,0,349,0,0,0,0,0,0,0
268126,18,bully,3281,1,39,5247528,348,0,2088,0,1,18,264845,3281,0,40,0,0,0,LEADER,1,4,1,24,39,348,0,0,0,0,0,0,0,0,0
268110,1,bully,3265,1,39,5246904,348,698,2088,4188,1,1,264845,3265,0,40,0,0,0,LEADER,1,4,1,7,39,348,0,698,0,0,0,0,0,0,0
268397,30,bully,3556,1,39,5258181,348,0,2088,0,1,30,264841,3556,0,40,0,0,0,LEADER,1,4,1,36,39,348,0,0,0,0,0,0,0,0,0
268113,32,bully,3271,1,39,5247082,348,0,2088,0,1,32,264842,3271,0,40,0,0,0,LEADER,1,4,1,38,39,348,0,0,0,0,0,0,0,0,0
268431,10,bully,3592,1,39,5259555,348,349,2088,2094,1,1,264839,3592,0,40,0,0,0,NORMAL,0,3,1,7,79,348,0,349,0,0,0,0,0,0,0
268028,13,bully,3183,1,39,5243706,348,337,2088,2022,1,1,264845,3183,0,40,0,0,0,NORMAL,0,3,1,6,120,348,0,337,0,0,0,0,0,0,0
268128,43,bully,3283,1,39,5247606,348,0,2088,0,1,43,264845,3283,0,40,0,0,0,LEADER,1,4,1,49,39,348,0,0,0,0,0,0,0,0,0
268301,24,bully,3456,1,39,5254353,348,0,2088,0,1,24,264845,3456,0,40,0,0,0,LEADER,1,4,1,30,39,348,0,0,0,0,0,0,0,0,0
268367,27,bully,3522,1,39,5256927,348,0,2088,0,1,27,264845,3522,0,40,0,0,0,LEADER,1,4,1,33,39,348,0,0,0,0,0,0,0,0,0
268434,47,bully,3589,1,39,5259540,348,0,2088,0,1,47,264845,3589,0,40,0,0,0,LEADER,1,4,1,53,39,348,0,0,0,0,0,0,0,0,0
268198,20,bully,3353,1,39,5250336,348,0,2088,0,1,20,264845,3353,0,40,0,0,0,LEADER,1,4,1,26,39,348,0,0,0,0,0,0,0,0,0
268264,40,bully,3419,1,39,5252910,348,0,2088,0,1,40,264845,3419,0,40,0,0,0,LEADER,1,4,1,46,39,348,0,0,0,0,0,0,0,0,0
270052,19,bully,2910,1,39,5232962,351,0,2106,0,1,19,267142,2910,0,40,0,0,0,LEADER,1,4,1,28,39,351,0,0,0,0,0,0,0,0,0
269840,2,bully,2707,1,39,5224801,351,696,2106,4176,1,1,267133,2707,0,40,0,0,0,NORMAL,0,3,1,10,99,351,0,696,0,0,0,0,0,0,0
270092,29,bully,2944,1,39,5234385,351,0,2106,0,1,29,267148,2944,0,40,0,0,0,LEADER,1,4,1,38,39,351,0,0,0,0,0,0,0,0,0
270261,36,bully,3113,1,39,5240976,351,0,2106,0,1,36,267148,3113,0,40,0,0,0,LEADER,1,4,1,45,39,351,0,0,0,0,0,0,0,0,0
269977,31,bully,2829,1,39,5229900,351,0,2106,0,1,31,267148,2829,0,40,0,0,0,LEADER,1,4,1,40,39,351,0,0,0,0,0,0,0,0,0
270316,45,bully,3168,1,39,5243121,351,0,2106,0,1,45,267148,3168,0,40,0,0,0,LEADER,1,4,1,54,39,351,0,0,0,0,0,0,0,0,0
269910,11,bully,2762,1,39,5227287,351,350,2106,2100,1,1,267148,2762,0,40,0,0,0,NORMAL,0,3,1,9,119,351,0,350,0,0,0,0,0,0,0
270010,41,bully,2862,1,39,5231187,351,0,2106,0,1,41,267148,2862,0,40,0,0,0,LEADER,1,4,1,50,39,351,0,0,0,0,0,0,0,0,0
270228,26,bully,3080,1,39,5239689,351,0,2106,0,1,26,267148,3080,0,40,0,0,0,LEADER,1,4,1,35,39,351,0,0,0,0,0,0,0,0,0
270002,4,bully,2854,1,39,5230875,351,686,2106,4116,1,1,267148,2854,0,40,0,0,0,NORMAL,0,3,1,9,121,351,0,686,0,0,0,0,0,0,0
270161,6,bully,3013,1,39,5237076,351,700,2106,4200,2,1,267148,3013,0,40,0,0,0,NORMAL,0,3,1,9,121,351,0,700,0,0,0,0,0,0,0
269881,12,bully,2740,1,39,5226323,351,348,2106,2088,1,1,267141,2740,0,40,0,0,0,NORMAL,0,3,1,8,144,351,0,348,0,0,0,0,0,0,0
270025,9,bully,2877,1,39,5231772,351,348,2106,2088,1,1,267148,2877,0,40,0,0,0,NORMAL,0,3,1,9,117,351,0,348,0,0,0,0,0,0,0
270180,48,bully,3032,1,39,5237817,351,0,2106,0,1,48,267148,3032,0,40,0,0,0,LEADER,1,4,1,57,39,351,0,0,0,0,0,0,0,0,0
269874,44,bully,2726,1,39,5225883,351,0,2106,0,1,44,267148,2726,0,40,0,0,0,LEADER,1,4,1,53,39,351,0,0,0,0,0,0,0,0,0
270582,8,bully,3434,1,39,5253495,351,350,2106,2100,2,1,267148,3434,0,40,0,0,0,NORMAL,0,3,1,9,123,351,0,350,0,0,0,0,0,0,0
269917,22,bully,2774,1,39,5227683,351,0,2106,0,1,22,267143,2774,0,40,0,0,0,LEADER,1,4,1,31,39,351,0,0,0,0,0,0,0,0,0
270589,39,bully,3441,1,39,5253768,351,0,2106,0,1,39,267148,3441,0,40,0,0,0,LEADER,1,4,1,48,39,351,0,0,0,0,0,0,0,0,0
269943,21,bully,2795,1,39,5228574,351,0,2106,0,1,21,267148,2795,0,40,0,0,0,LEADER,1,4,1,30,39,351,0,0,0,0,0,0,0,0,0
270298,3,bully,3150,1,39,5242419,351,702,2106,4212,1,1,267148,3150,0,40,0,0,0,NORMAL,0,3,1,9,118,351,0,702,0,0,0,0,0,0,0
270719,5,bully,3571,1,39,5258838,351,702,2106,4212,1,1,267148,3571,0,40,0,0,0,NORMAL,0,3,1,9,121,351,0,702,0,0,0,0,0,0,0
270140,38,bully,2998,1,39,5236380,351,0,2106,0,1,38,267142,2998,0,40,0,0,0,LEADER,1,4,1,47,39,351,0,0,0,0,0,0,0,0,0
270364,23,bully,3216,1,39,5244993,351,0,2106,0,1,23,267148,3216,0,40,0,0,0,LEADER,1,4,1,32,39,351,0,0,0,0,0,0,0,0,0
270190,16,bully,3047,1,39,5238296,351,351,2106,2106,2,1,267143,3047,0,40,0,0,0,NORMAL,0,3,1,9,155,351,0,351,0,0,0,0,0,0,0
270082,25,bully,2932,1,39,5233945,351,0,2106,0,1,25,267150,2932,0,40,0,0,0,LEADER,1,4,1,34,39,351,0,0,0,0,0,0,0,0,0
270390,33,bully,3250,1,39,5246213,351,0,2106,0,1,33,267140,3250,0,40,0,0,0,LEADER,1,4,1,42,39,351,0,0,0,0,0,0,0,0,0
270366,37,bully,3218,1,39,5245071,351,0,2106,0,1,37,267148,3218,0,40,0,0,0,LEADER,1,4,1,46,39,351,0,0,0,0,0,0,0,0,0
270620,49,bully,3474,1,39,5255031,351,0,2106,0,1,49,267146,3474,0,40,0,0,0,LEADER,1,4,1,58,39,351,0,0,0,0,0,0,0,0,0
270283,35,bully,3135,1,39,5241834,351,0,2106,0,1,35,267148,3135,0,40,0,0,0,LEADER,1,4,1,44,39,351,0,0,0,0,0,0,0,0,0
270759,46,bully,3611,1,39,5260398,351,0,2106,0,1,46,267148,3611,0,40,0,0,0,LEADER,1,4,1,55,39,351,0,0,0,0,0,0,0,0,0
270637,17,bully,3489,1,39,5255640,351,0,2106,0,1,17,267148,3489,0,40,0,0,0,LEADER,1,4,1,26,39,351,0,0,0,0,0,0,0,0,0
270774,14,bully,3626,1,39,5260983,351,348,2106,2088,2,1,267148,3626,0,40,0,0,0,NORMAL,0,3,1,9,122,351,0,348,0,0,0,0,0,0,0
270840,34,bully,3692,1,39,5263557,351,0,2106,0,1,34,267148,3692,0,40,0,0,0,LEADER,1,4,1,43,39,351,0,0,0,0,0,0,0,0,0
270448,42,bully,3304,1,39,5248287,351,0,2106,0,1,42,267144,3304,0,40,0,0,0,LEADER,1,4,1,51,39,351,0,0,0,0,0,0,0,0,0
270600,50,bully,3453,1,39,5254232,351,0,2106,0,1,50,267147,3453,0,40,0,0,0,LEADER,1,4,1,59,39,351,0,0,0,0,0,0,0,0,0
270113,28,bully,2965,1,39,5235204,351,0,2106,0,1,28,267148,2965,0,40,0,0,0,LEADER,1,4,1,37,39,351,0,0,0,0,0,0,0,0,0
270308,7,bully,3160,1,39,5242809,351,702,2106,4212,2,1,267148,3160,0,40,0,0,0,NORMAL,0,3,1,9,122,351,0,702,0,0,0,0,0,0,0
270749,15,bully,3603,1,39,5260054,351,351,2106,2106,2,1,267146,3603,0,40,0,0,0,NORMAL,0,3,1,9,151,351,0,351,0,0,0,0,0,0,0
270429,18,bully,3281,1,39,5247528,351,0,2106,0,1,18,267148,3281,0,40,0,0,0,LEADER,1,4,1,27,39,351,0,0,0,0,0,0,0,0,0
270413,1,bully,3265,1,39,5246904,351,704,2106,4224,1,1,267148,3265,0,40,0,0,0,LEADER,1,4,1,10,39,351,0,704,0,0,0,0,0,0,0
270700,30,bully,3556,1,39,5258181,351,0,2106,0,1,30,267144,3556,0,40,0,0,0,LEADER,1,4,1,39,39,351,0,0,0,0,0,0,0,0,0
270416,32,bully,3271,1,39,5247082,351,0,2106,0,1,32,267145,3271,0,40,0,0,0,LEADER,1,4,1,41,39,351,0,0,0,0,0,0,0,0,0
270734,10,bully,3592,1,39,5259555,351,352,2106,2112,1,1,267142,3592,0,40,0,0,0,NORMAL,0,3,1,10,79,351,0,352,0,0,0,0,0,0,0
270331,13,bully,3183,1,39,5243706,351,340,2106,2040,1,1,267148,3183,0,40,0,0,0,NORMAL,0,3,1,9,120,351,0,340,0,0,0,0,0,0,0
270431,43,bully,3283,1,39,5247606,351,0,2106,0,1,43,267148,3283,0,40,0,0,0,LEADER,1,4,1,52,39,351,0,0,0,0,0,0,0,0,0
270604,24,bully,3456,1,39,5254353,351,0,2106,0,1,24,267148,3456,0,40,0,0,0,LEADER,1,4,1,33,39,351,0,0,0,0,0,0,0,0,0
270670,27,bully,3522,1,39,5256927,351,0,2106,0,1,27,267148,3522,0,40,0,0,0,LEADER,1,4,1,36,39,351,0,0,0,0,0,0,0,0,0
270737,47,bully,3589,1,39,5259540,351,0,2106,0,1,47,267148,3589,0,40,0,0,0,LEADER,1,4,1,56,39,351,0,0,0,0,0,0,0,0,0
270501,20,bully,3353,1,39,5250336,351,0,2106,0,1,20,267148,3353,0,40,0,0,0,LEADER,1,4,1,29,39,351,0,0,0,0,0,0,0,0,0
270567,40,bully,3419,1,39,5252910,351,0,2106,0,1,40,267148,3419,0,40,0,0,0,LEADER,1,4,1,49,39,351,0,0,0,0,0,0,0,0,0
272355,19,bully,2910,1,40,5505317,354,0,2124,0,1,19,269445,2910,0,41,0,0,0,LEADER,1,4,1,22,40,354,0,0,0,0,0,0,0,0,0
272143,2,bully,2707,1,40,5496944,354,702,2124,4212,1,1,269436,2707,0,41,0,0,0,NORMAL,0,3,2,4,101,354,0,702,0,0,0,0,0,0,0
272395,29,bully,2944,1,40,5506780,354,0,2124,0,1,29,269451,2944,0,41,0,0,0,LEADER,1,4,1,32,40,354,0,0,0,0,0,0,0,0,0
272564,36,bully,3113,1,40,5513540,354,0,2124,0,1,36,269451,3113,0,41,0,0,0,LEADER,1,4,1,39,40,354,0,0,0,0,0,0,0,0,0
272280,31,bully,2829,1,40,5502180,354,0,2124,0,1,31,269451,2829,0,41,0,0,0,LEADER,1,4,1,34,40,354,0,0,0,0,0,0,0,0,0
272619,45,bully,3168,1,40,5515740,354,0,2124,0,1,45,269451,3168,0,41,0,0,0,LEADER,1,4,1,48,40,354,0,0,0,0,0,0,0,0,0
272213,11,bully,2762,1,40,5499500,354,353,2124,2118,1,1,269451,2762,0,41,0,0,0,NORMAL,0,3,2,3,122,354,0,353,0,0,0,0,0,0,0
272313,41,bully,2862,1,40,5503500,354,0,2124,0,1,41,269451,2862,0,41,0,0,0,LEADER,1,4,1,44,40,354,0,0,0,0,0,0,0,0,0
272531,26,bully,3080,1,40,5512220,354,0,2124,0,1,26,269451,3080,0,41,0,0,0,LEADER,1,4,1,29,40,354,0,0,0,0,0,0,0,0,0
272305,4,bully,2854,1,40,5503180,354,692,2124,4152,1,1,269451,2854,0,41,0,0,0,NORMAL,0,3,2,3,124,354,0,692,0,0,0,0,0,0,0
272464,6,bully,3013,1,40,5509540,354,706,2124,4236,2,1,269451,3013,0,41,0,0,0,NORMAL,0,3,2,3,124,354,0,706,0,0,0,0,0,0,0
272184,12,bully,2740,1,40,5498507,354,351,2124,2106,1,1,269444,2740,0,41,0,0,0,NORMAL,0,3,2,4,146,354,0,351,0,0,0,0,0,0,0
272328,9,bully,2877,1,40,5504100,354,351,2124,2106,1,1,269451,2877,0,41,0,0,0,NORMAL,0,3,2,3,120,354,0,351,0,0,0,0,0,0,0
272483,48,bully,3032,1,40,5510300,354,0,2124,0,1,48,269451,3032,0,41,0,0,0,LEADER,1,4,1,51,40,354,0,0,0,0,0,0,0,0,0
272177,44,bully,2726,1,40,5498060,354,0,2124,0,1,44,269451,2726,0,41,0,0,0,LEADER,1,4,1,47,40,354,0,0,0,0,0,0,0,0,0
272885,8,bully,3434,1,40,5526380,354,353,2124,2118,2,1,269451,3434,0,41,0,0,0,NORMAL,0,3,2,3,126,354,0,353,0,0,0,0,0,0,0
272220,22,bully,2774,1,40,5499903,354,0,2124,0,1,22,269446,2774,0,41,0,0,0,LEADER,1,4,1,25,40,354,0,0,0,0,0,0,0,0,0
272892,39,bully,3441,1,40,5526660,354,0,2124,0,1,39,269451,3441,0,41,0,0,0,LEADER,1,4,1,42,40,354,0,0,0,0,0,0,0,0,0
272246,21,bully,2795,1,40,5500820,354,0,2124,0,1,21,269451,2795,0,41,0,0,0,LEADER,1,4,1,24,40,354,0,0,0,0,0,0,0,0,0
272601,3,bully,3150,1,40,5515020,354,708,2124,4248,1,1,269451,3150,0,41,0,0,0,NORMAL,0,3,2,3,121,354,0,708,0,0,0,0,0,0,0
273022,5,bully,3571,1,40,5531860,354,708,2124,4248,1,1,269451,3571,0,41,0,0,0,NORMAL,0,3,2,3,124,354,0,708,0,0,0,0,0,0,0
272443,38,bully,2998,1,40,5508823,354,0,2124,0,1,38,269445,2998,0,41,0,0,0,LEADER,1,4,1,41,40,354,0,0,0,0,0,0,0,0,0
272667,23,bully,3216,1,40,5517660,354,0,2124,0,1,23,269451,3216,0,41,0,0,0,LEADER,1,4,1,26,40,354,0,0,0,0,0,0,0,0,0
272493,16,bully,3047,1,40,5510789,354,354,2124,2124,2,1,269446,3047,0,41,0,0,0,NORMAL,0,3,2,3,159,354,0,354,0,0,0,0,0,0,0
272385,25,bully,2932,1,40,5506330,354,0,2124,0,1,25,269453,2932,0,41,0,0,0,LEADER,1,4,1,28,40,354,0,0,0,0,0,0,0,0,0
272693,33,bully,3250,1,40,5518906,354,0,2124,0,1,33,269443,3250,0,41,0,0,0,LEADER,1,4,1,36,40,354,0,0,0,0,0,0,0,0,0
272669,37,bully,3218,1,40,5517740,354,0,2124,0,1,37,269451,3218,0,41,0,0,0,LEADER,1,4,1,40,40,354,0,0,0,0,0,0,0,0,0
272923,49,bully,3474,1,40,5527954,354,0,2124,0,1,49,269449,3474,0,41,0,0,0,LEADER,1,4,1,52,40,354,0,0,0,0,0,0,0,0,0
272586,35,bully,3135,1,40,5514420,354,0,2124,0,1,35,269451,3135,0,41,0,0,0,LEADER,1,4,1,38,40,354,0,0,0,0,0,0,0,0,0
273062,46,bully,3611,1,40,5533460,354,0,2124,0,1,46,269451,3611,0,41,0,0,0,LEADER,1,4,1,49,40,354,0,0,0,0,0,0,0,0,0
272940,17,bully,3489,1,40,5528580,354,0,2124,0,1,17,269451,3489,0,41,0,0,0,LEADER,1,4,1,20,40,354,0,0,0,0,0,0,0,0,0
273077,14,bully,3626,1,40,5534060,354,351,2124,2106,2,1,269451,3626,0,41,0,0,0,NORMAL,0,3,2,3,125,354,0,351,0,0,0,0,0,0,0
273143,34,bully,3692,1,40,5536700,354,0,2124,0,1,34,269451,3692,0,41,0,0,0,LEADER,1,4,1,37,40,354,0,0,0,0,0,0,0,0,0
272751,42,bully,3304,1,40,5521038,354,0,2124,0,1,42,269447,3304,0,41,0,0,0,LEADER,1,4,1,45,40,354,0,0,0,0,0,0,0,0,0
272903,50,bully,3453,1,40,5527135,354,0,2124,0,1,50,269450,3453,0,41,0,0,0,LEADER,1,4,1,53,40,354,0,0,0,0,0,0,0,0,0
272416,28,bully,2965,1,40,5507620,354,0,2124,0,1,28,269451,2965,0,41,0,0,0,LEADER,1,4,1,31,40,354,0,0,0,0,0,0,0,0,0
272611,7,bully,3160,1,40,5515420,354,708,2124,4248,2,1,269451,3160,0,41,0,0,0,NORMAL,0,3,2,3,125,354,0,708,0,0,0,0,0,0,0
273052,15,bully,3603,1,40,5533106,354,354,2124,2124,2,1,269449,3603,0,41,0,0,0,NORMAL,0,3,2,3,155,354,0,354,0,0,0,0,0,0,0
272732,18,bully,3281,1,40,5520260,354,0,2124,0,1,18,269451,3281,0,41,0,0,0,LEADER,1,4,1,21,40,354,0,0,0,0,0,0,0,0,0
272716,1,bully,3265,1,40,5519620,354,710,2124,4260,1,1,269451,3265,0,41,0,0,0,LEADER,1,4,1,4,40,354,0,710,0,0,0,0,0,0,0
273003,30,bully,3556,1,40,5531184,354,0,2124,0,1,30,269447,3556,0,41,0,0,0,LEADER,1,4,1,33,40,354,0,0,0,0,0,0,0,0,0
272719,32,bully,3271,1,40,5519801,354,0,2124,0,1,32,269448,3271,0,41,0,0,0,LEADER,1,4,1,35,40,354,0,0,0,0,0,0,0,0,0
273037,10,bully,3592,1,40,5532592,354,355,2124,2130,1,1,269445,3592,0,41,0,0,0,NORMAL,0,3,2,4,81,354,0,355,0,0,0,0,0,0,0
272634,13,bully,3183,1,40,5516340,354,343,2124,2058,1,1,269451,3183,0,41,0,0,0,NORMAL,0,3,2,3,123,354,0,343,0,0,0,0,0,0,0
272734,43,bully,3283,1,40,5520340,354,0,2124,0,1,43,269451,3283,0,41,0,0,0,LEADER,1,4,1,46,40,354,0,0,0,0,0,0,0,0,0
272907,24,bully,3456,1,40,5527260,354,0,2124,0,1,24,269451,3456,0,41,0,0,0,LEADER,1,4,1,27,40,354,0,0,0,0,0,0,0,0,0
272973,27,bully,3522,1,40,5529900,354,0,2124,0,1,27,269451,3522,0,41,0,0,0,LEADER,1,4,1,30,40,354,0,0,0,0,0,0,0,0,0
273040,47,bully,3589,1,40,5532580,354,0,2124,0,1,47,269451,3589,0,41,0,0,0,LEADER,1,4,1,50,40,354,0,0,0,0,0,0,0,0,0
272804,20,bully,3353,1,40,5523140,354,0,2124,0,1,20,269451,3353,0,41,0,0,0,LEADER,1,4,1,23,40,354,0,0,0,0,0,0,0,0,0
272870,40,bully,3419,1,40,5525780,354,0,2124,0,1,40,269451,3419,0,41,0,0,0,LEADER,1,4,1,43,40,354,0,0,0,0,0,0,0,0,0
274658,19,bully,2910,1,40,5505317,357,0,2142,0,1,19,271748,2910,0,41,0,0,0,LEADER,1,4,1,25,40,357,0,0,0,0,0,0,0,0,0
274446,2,bully,2707,1,40,5496944,357,708,2142,4248,1,1,271739,2707,0,41,0,0,0,NORMAL,0,3,1,7,101,357,0,708,0,0,0,0,0,0,0
274698,29,bully,2944,1,40,5506780,357,0,2142,0,1,29,271754,2944,0,41,0,0,0,LEADER,1,4,1,35,40,357,0,0,0,0,0,0,0,0,0
274867,36,bully,3113,1,40,5513540,357,0,2142,0,1,36,271754,3113,0,41,0,0,0,LEADER,1,4,1,42,40,357,0,0,0,0,0,0,0,0,0
274583,31,bully,2829,1,40,5502180,357,0,2142,0,1,31,271754,2829,0,41,0,0,0,LEADER,1,4,1,37,40,357,0,0,0,0,0,0,0,0,0
274922,45,bully,3168,1,40,5515740,357,0,2142,0,1,45,271754,3168,0,41,0,0,0,LEADER,1,4,1,51,40,357,0,0,0,0,0,0,0,0,0
274516,11,bully,2762,1,40,5499500,357,356,2142,2136,1,1,271754,2762,0,41,0,0,0,NORMAL,0,3,1,6,122,357,0,356,0,0,0,0,0,0,0
274616,41,bully,2862,1,40,5503500,357,0,2142,0,1,41,271754,2862,0,41,0,0,0,LEADER,1,4,1,47,40,357,0,0,0,0,0,0,0,0,0
274834,26,bully,3080,1,40,5512220,357,0,2142,0,1,26,271754,3080,0,41,0,0,0,LEADER,1,4,1,32,40,357,0,0,0,0,0,0,0,0,0
274608,4,bully,2854,1,40,5503180,357,698,2142,4188,1,1,271754,2854,0,41,0,0,0,NORMAL,0,3,1,6,124,357,0,698,0,0,0,0,0,0,0
274767,6,bully,3013,1,40,5509540,357,712,2142,4272,2,1,271754,3013,0,41,0,0,0,NORMAL,0,3,1,6,124,357,0,712,0,0,0,0,0,0,0
274487,12,bully,2740,1,40,5498507,357,355,2142,2130,1,1,271747,2740,0,41,0,0,0,NORMAL,0,3,1,7,146,357,0,355,0,0,0,0,0,0,0
274631,9,bully,2877,1,40,5504100,357,354,2142,2124,1,1,271754,2877,0,41,0,0,0,NORMAL,0,3,1,6,120,357,0,354,0,0,0,0,0,0,0
274786,48,bully,3032,1,40,5510300,357,0,2142,0,1,48,271754,3032,0,41,0,0,0,LEADER,1,4,1,54,40,357,0,0,0,0,0,0,0,0,0
274480,44,bully,2726,1,40,5498060,357,0,2142,0,1,44,271754,2726,0,41,0,0,0,LEADER,1,4,1,50,40,357,0,0,0,0,0,0,0,0,0
275188,8,bully,3434,1,40,5526380,357,356,2142,2136,2,1,271754,3434,0,41,0,0,0,NORMAL,0,3,1,6,126,357,0,356,0,0,0,0,0,0,0
274523,22,bully,2774,1,40,5499903,357,0,2142,0,1,22,271749,2774,0,41,0,0,0,LEADER,1,4,1,28,40,357,0,0,0,0,0,0,0,0,0
275195,39,bully,3441,1,40,5526660,357,0,2142,0,1,39,271754,3441,0,41,0,0,0,LEADER,1,4,1,45,40,357,0,0,0,0,0,0,0,0,0
274549,21,bully,2795,1,40,5500820,357,0,2142,0,1,21,271754,2795,0,41,0,0,0,LEADER,1,4,1,27,40,357,0,0,0,0,0,0,0,0,0
274904,3,bully,3150,1,40,5515020,357,714,2142,4284,1,1,271754,3150,0,41,0,0,0,NORMAL,0,3,1,6,121,357,0,714,0,0,0,0,0,0,0
275325,5,bully,3571,1,40,5531860,357,714,2142,4284,1,1,271754,3571,0,41,0,0,0,NORMAL,0,3,1,6,124,357,0,714,0,0,0,0,0,0,0
274746,38,bully,2998,1,40,5508823,357,0,2142,0,1,38,271748,2998,0,41,0,0,0,LEADER,1,4,1,44,40,357,0,0,0,0,0,0,0,0,0
274970,23,bully,3216,1,40,5517660,357,0,2142,0,1,23,271754,3216,0,41,0,0,0,LEADER,1,4,1,29,40,357,0,0,0,0,0,0,0,0,0
274796,16,bully,3047,1,40,5510789,357,357,2142,2142,2,1,271749,3047,0,41,0,0,0,NORMAL,0,3,1,6,159,357,0,357,0,0,0,0,0,0,0
274688,25,bully,2932,1,40,5506330,357,0,2142,0,1,25,271756,2932,0,41,0,0,0,LEADER,1,4,1,31,40,357,0,0,0,0,0,0,0,0,0
274995,33,bully,3250,1,40,5518906,357,0,2142,0,1,33,271745,3250,0,41,0,0,0,LEADER,1,4,1,39,40,357,0,0,0,0,0,0,0,0,0
274972,37,bully,3218,1,40,5517740,357,0,2142,0,1,37,271754,3218,0,41,0,0,0,LEADER,1,4,1,43,40,357,0,0,0,0,0,0,0,0,0
275226,49,bully,3474,1,40,5527954,357,0,2142,0,1,49,271752,3474,0,41,0,0,0,LEADER,1,4,1,55,40,357,0,0,0,0,0,0,0,0,0
274889,35,bully,3135,1,40,5514420,357,0,2142,0,1,35,271754,3135,0,41,0,0,0,LEADER,1,4,1,41,40,357,0,0,0,0,0,0,0,0,0
275365,46,bully,3611,1,40,5533460,357,0,2142,0,1,46,271754,3611,0,41,0,0,0,LEADER,1,4,1,52,40,357,0,0,0,0,0,0,0,0,0
275243,17,bully,3489,1,40,5528580,357,0,2142,0,1,17,271754,3489,0,41,0,0,0,LEADER,1,4,1,23,40,357,0,0,0,0,0,0,0,0,0
275380,14,bully,3626,1,40,5534060,357,354,2142,2124,2,1,271754,3626,0,41,0,0,0,NORMAL,0,3,1,6,125,357,0,354,0,0,0,0,0,0,0
275446,34,bully,3692,1,40,5536700,357,0,2142,0,1,34,271754,3692,0,41,0,0,0,LEADER,1,4,1,40,40,357,0,0,0,0,0,0,0,0,0
275054,42,bully,3304,1,40,5521038,357,0,2142,0,1,42,271750,3304,0,41,0,0,0,LEADER,1,4,1,48,40,357,0,0,0,0,0,0,0,0,0
275206,50,bully,3453,1,40,5527135,357,0,2142,0,1,50,271753,3453,0,41,0,0,0,LEADER,1,4,1,56,40,357,0,0,0,0,0,0,0,0,0
274719,28,bully,2965,1,40,5507620,357,0,2142,0,1,28,271754,2965,0,41,0,0,0,LEADER,1,4,1,34,40,357,0,0,0,0,0,0,0,0,0
274914,7,bully,3160,1,40,5515420,357,714,2142,4284,2,1,271754,3160,0,41,0,0,0,NORMAL,0,3,1,6,125,357,0,714,0,0,0,0,0,0,0
275355,15,bully,3603,1,40,5533106,357,357,2142,2142,2,1,271752,3603,0,41,0,0,0,NORMAL,0,3,1,6,155,357,0,357,0,0,0,0,0,0,0
275035,18,bully,3281,1,40,5520260,357,0,2142,0,1,18,271754,3281,0,41,0,0,0,LEADER,1,4,1,24,40,357,0,0,0,0,0,0,0,0,0
275019,1,bully,3265,1,40,5519620,357,716,2142,4296,1,1,271754,3265,0,41,0,0,0,LEADER,1,4,1,7,40,357,0,716,0,0,0,0,0,0,0
275305,30,bully,3556,1,40,5531184,357,0,2142,0,1,30,271749,3556,0,41,0,0,0,LEADER,1,4,1,36,40,357,0,0,0,0,0,0,0,0,0
275022,32,bully,3271,1,40,5519801,357,0,2142,0,1,32,271751,3271,0,41,0,0,0,LEADER,1,4,1,38,40,357,0,0,0,0,0,0,0,0,0
275340,10,bully,3592,1,40,5532592,357,358,2142,2148,1,1,271748,3592,0,41,0,0,0,NORMAL,0,3,1,7,81,357,0,358,0,0,0,0,0,0,0
274937,13,bully,3183,1,40,5516340,357,346,2142,2076,1,1,271754,3183,0,41,0,0,0,NORMAL,0,3,1,6,123,357,0,346,0,0,0,0,0,0,0
275037,43,bully,3283,1,40,5520340,357,0,2142,0,1,43,271754,3283,0,41,0,0,0,LEADER,1,4,1,49,40,357,0,0,0,0,0,0,0,0,0
275210,24,bully,3456,1,40,5527260,357,0,2142,0,1,24,271754,3456,0,41,0,0,0,LEADER,1,4,1,30,40,357,0,0,0,0,0,0,0,0,0
275276,27,bully,3522,1,40,5529900,357,0,2142,0,1,27,271754,3522,0,41,0,0,0,LEADER,1,4,1,33,40,357,0,0,0,0,0,0,0,0,0
275343,47,bully,3589,1,40,5532580,357,0,2142,0,1,47,271754,3589,0,41,0,0,0,LEADER,1,4,1,53,40,357,0,0,0,0,0,0,0,0,0
275107,20,bully,3353,1,40,5523140,357,0,2142,0,1,20,271754,3353,0,41,0,0,0,LEADER,1,4,1,26,40,357,0,0,0,0,0,0,0,0,0
275173,40,bully,3419,1,40,5525780,357,0,2142,0,1,40,271754,3419,0,41,0,0,0,LEADER,1,4,1,46,40,357,0,0,0,0,0,0,0,0,0
276961,19,bully,2910,1,40,5505317,360,0,2160,0,1,19,274051,2910,0,41,0,0,0,LEADER,1,4,1,28,40,360,0,0,0,0,0,0,0,0,0
276749,2,bully,2707,1,40,5496944,360,714,2160,4284,1,1,274042,2707,0,41,0,0,0,NORMAL,0,3,1,10,101,360,0,714,0,0,0,0,0,0,0
277001,29,bully,2944,1,40,5506780,360,0,2160,0,1,29,274057,2944,0,41,0,0,0,LEADER,1,4,1,38,40,360,0,0,0,0,0,0,0,0,0
277170,36,bully,3113,1,40,5513540,360,0,2160,0,1,36,274057,3113,0,41,0,0,0,LEADER,1,4,1,45,40,360,0,0,0,0,0,0,0,0,0
276886,31,bully,2829,1,40,5502180,360,0,2160,0,1,31,274057,2829,0,41,0,0,0,LEADER,1,4,1,40,40,360,0,0,0,0,0,0,0,0,0
277225,45,bully,3168,1,40,5515740,360,0,2160,0,1,45,274057,3168,0,41,0,0,0,LEADER,1,4,1,54,40,360,0,0,0,0,0,0,0,0,0
276819,11,bully,2762,1,40,5499500,360,359,2160,2154,1,1,274057,2762,0,41,0,0,0,NORMAL,0,3,1,9,122,360,0,359,0,0,0,0,0,0,0
276919,41,bully,2862,1,40,5503500,360,0,2160,0,1,41,274057,2862,0,41,0,0,0,LEADER,1,4,1,50,40,360,0,0,0,0,0,0,0,0,0
277137,26,bully,3080,1,40,5512220,360,0,2160,0,1,26,274057,3080,0,41,0,0,0,LEADER,1,4,1,35,40,360,0,0,0,0,0,0,0,0,0
276911,4,bully,2854,1,40,5503180,360,704,2160,4224,1,1,274057,2854,0,41,0,0,0,NORMAL,0,3,1,9,124,360,0,704,0,0,0,0,0,0,0
277070,6,bully,3013,1,40,5509540,360,718,2160,4308,2,1,274057,3013,0,41,0,0,0,NORMAL,0,3,1,9,124,360,0,718,0,0,0,0,0,0,0
276790,12,bully,2740,1,40,5498507,360,358,2160,2148,1,1,274050,2740,0,41,0,0,0,NORMAL,0,3,1,10,146,360,0,358,0,0,0,0,0,0,0
276934,9,bully,2877,1,40,5504100,360,357,2160,2142,1,1,274057,2877,0,41,0,0,0,NORMAL,0,3,1,9,120,360,0,357,0,0,0,0,0,0,0
277089,48,bully,3032,1,40,5510300,360,0,2160,0,1,48,274057,3032,0,41,0,0,0,LEADER,1,4,1,57,40,360,0,0,0,0,0,0,0,0,0
276783,44,bully,2726,1,40,5498060,360,0,2160,0,1,44,274057,2726,0,41,0,0,0,LEADER,1,4,1,53,40,360,0,0,0,0,0,0,0,0,0
277491,8,bully,3434,1,40,5526380,360,359,2160,2154,2,1,274057,3434,0,41,0,0,0,NORMAL,0,3,1,9,126,360,0,359,0,0,0,0,0,0,0
276826,22,bully,2774,1,40,5499903,360,0,2160,0,1,22,274052,2774,0,41,0,0,0,LEADER,1,4,1,31,40,360,0,0,0,0,0,0,0,0,0
277498,39,bully,3441,1,40,5526660,360,0,2160,0,1,39,274057,3441,0,41,0,0,0,LEADER,1,4,1,48,40,360,0,0,0,0,0,0,0,0,0
276852,21,bully,2795,1,40,5500820,360,0,2160,0,1,21,274057,2795,0,41,0,0,0,LEADER,1,4,1,30,40,360,0,0,0,0,0,0,0,0,0
277207,3,bully,3150,1,40,5515020,360,720,2160,4320,1,1,274057,3150,0,41,0,0,0,NORMAL,0,3,1,9,121,360,0,720,0,0,0,0,0,0,0
277628,5,bully,3571,1,40,5531860,360,720,2160,4320,1,1,274057,3571,0,41,0,0,0,NORMAL,0,3,1,9,124,360,0,720,0,0,0,0,0,0,0
277049,38,bully,2998,1,40,5508823,360,0,2160,0,1,38,274051,2998,0,41,0,0,0,LEADER,1,4,1,47,40,360,0,0,0,0,0,0,0,0,0
277273,23,bully,3216,1,40,5517660,360,0,2160,0,1,23,274057,3216,0,41,0,0,0,LEADER,1,4,1,32,40,360,0,0,0,0,0,0,0,0,0
277099,16,bully,3047,1,40,5510789,360,360,2160,2160,2,1,274052,3047,0,41,0,0,0,NORMAL,0,3,1,9,159,360,0,360,0,0,0,0,0,0,0
276991,25,bully,2932,1,40,5506330,360,0,2160,0,1,25,274059,2932,0,41,0,0,0,LEADER,1,4,1,34,40,360,0,0,0,0,0,0,0,0,0
277298,33,bully,3250,1,40,5518906,360,0,2160,0,1,33,274048,3250,0,41,0,0,0,LEADER,1,4,1,42,40,360,0,0,0,0,0,0,0,0,0
277275,37,bully,3218,1,40,5517740,360,0,2160,0,1,37,274057,3218,0,41,0,0,0,LEADER,1,4,1,46,40,360,0,0,0,0,0,0,0,0,0
277529,49,bully,3474,1,40,5527954,360,0,2160,0,1,49,274055,3474,0,41,0,0,0,LEADER,1,4,1,58,40,360,0,0,0,0,0,0,0,0,0
277192,35,bully,3135,1,40,5514420,360,0,2160,0,1,35,274057,3135,0,41,0,0,0,LEADER,1,4,1,44,40,360,0,0,0,0,0,0,0,0,0
277668,46,bully,3611,1,40,5533460,360,0,2160,0,1,46,274057,3611,0,41,0,0,0,LEADER,1,4,1,55,40,360,0,0,0,0,0,0,0,0,0
277546,17,bully,3489,1,40,5528580,360,0,2160,0,1,17,274057,3489,0,41,0,0,0,LEADER,1,4,1,26,40,360,0,0,0,0,0,0,0,0,0
277683,14,bully,3626,1,40,5534060,360,357,2160,2142,2,1,274057,3626,0,41,0,0,0,NORMAL,0,3,1,9,125,360,0,357,0,0,0,0,0,0,0
277749,34,bully,3692,1,40,5536700,360,0,2160,0,1,34,274057,3692,0,41,0,0,0,LEADER,1,4,1,43,40,360,0,0,0,0,0,0,0,0,0
277509,50,bully,3453,1,40,5527135,360,0,2160,0,1,50,274056,3453,0,41,0,0,0,LEADER,1,4,1,59,40,360,0,0,0,0,0,0,0,0,0
277359,42,bully,3304,1,40,5521038,360,0,2160,0,1,42,274055,3304,0,41,0,0,0,LEADER,1,4,1,51,40,360,0,0,0,0,0,0,0,0,0
277022,28,bully,2965,1,40,5507620,360,0,2160,0,1,28,274057,2965,0,41,0,0,0,LEADER,1,4,1,37,40,360,0,0,0,0,0,0,0,0,0
277217,7,bully,3160,1,40,5515420,360,720,2160,4320,2,1,274057,3160,0,41,0,0,0,NORMAL,0,3,1,9,125,360,0,720,0,0,0,0,0,0,0
277658,15,bully,3603,1,40,5533106,360,361,2160,2166,2,1,274055,3603,0,41,0,0,0,NORMAL,0,3,1,9,155,360,0,361,0,0,0,0,0,0,0
277338,18,bully,3281,1,40,5520260,360,0,2160,0,1,18,274057,3281,0,41,0,0,0,LEADER,1,4,1,27,40,360,0,0,0,0,0,0,0,0,0
277322,1,bully,3265,1,40,5519620,360,722,2160,4332,1,1,274057,3265,0,41,0,0,0,LEADER,1,4,1,10,40,360,0,722,0,0,0,0,0,0,0
277608,30,bully,3556,1,40,5531184,360,0,2160,0,1,30,274052,3556,0,41,0,0,0,LEADER,1,4,1,39,40,360,0,0,0,0,0,0,0,0,0
277325,32,bully,3271,1,40,5519801,360,0,2160,0,1,32,274054,3271,0,41,0,0,0,LEADER,1,4,1,41,40,360,0,0,0,0,0,0,0,0,0
277643,10,bully,3592,1,40,5532592,360,361,2160,2166,1,1,274051,3592,0,41,0,0,0,NORMAL,0,3,1,10,81,360,0,361,0,0,0,0,0,0,0
277240,13,bully,3183,1,40,5516340,360,349,2160,2094,1,1,274057,3183,0,41,0,0,0,NORMAL,0,3,1,9,123,360,0,349,0,0,0,0,0,0,0
277340,43,bully,3283,1,40,5520340,360,0,2160,0,1,43,274057,3283,0,41,0,0,0,LEADER,1,4,1,52,40,360,0,0,0,0,0,0,0,0,0
277513,24,bully,3456,1,40,5527260,360,0,2160,0,1,24,274057,3456,0,41,0,0,0,LEADER,1,4,1,33,40,360,0,0,0,0,0,0,0,0,0
277579,27,bully,3522,1,40,5529900,360,0,2160,0,1,27,274057,3522,0,41,0,0,0,LEADER,1,4,1,36,40,360,0,0,0,0,0,0,0,0,0
277646,47,bully,3589,1,40,5532580,360,0,2160,0,1,47,274057,3589,0,41,0,0,0,LEADER,1,4,1,56,40,360,0,0,0,0,0,0,0,0,0
277410,20,bully,3353,1,40,5523140,360,0,2160,0,1,20,274057,3353,0,41,0,0,0,LEADER,1,4,1,29,40,360,0,0,0,0,0,0,0,0,0
277476,40,bully,3419,1,40,5525780,360,0,2160,0,1,40,274057,3419,0,41,0,0,0,LEADER,1,4,1,49,40,360,0,0,0,0,0,0,0,0,0
279264,19,bully,2910,1,41,5784581,363,0,2178,0,1,19,276354,2910,0,42,0,0,0,LEADER,1,4,1,22,41,363,0,0,0,0,0,0,0,0,0
279052,2,bully,2707,1,41,5775996,363,720,2178,4320,1,1,276345,2707,0,42,0,0,0,NORMAL,0,3,2,4,103,363,0,720,0,0,0,0,0,0,0
279304,29,bully,2944,1,41,5786084,363,0,2178,0,1,29,276360,2944,0,42,0,0,0,LEADER,1,4,1,32,41,363,0,0,0,0,0,0,0,0,0
279473,36,bully,3113,1,41,5793013,363,0,2178,0,1,36,276360,3113,0,42,0,0,0,LEADER,1,4,1,39,41,363,0,0,0,0,0,0,0,0,0
279189,31,bully,2829,1,41,5781369,363,0,2178,0,1,31,276360,2829,0,42,0,0,0,LEADER,1,4,1,34,41,363,0,0,0,0,0,0,0,0,0
279528,45,bully,3168,1,41,5795268,363,0,2178,0,1,45,276360,3168,0,42,0,0,0,LEADER,1,4,1,48,41,363,0,0,0,0,0,0,0,0,0
279122,11,bully,2762,1,41,5778622,363,362,2178,2172,1,1,276360,2762,0,42,0,0,0,NORMAL,0,3,2,3,125,363,0,362,0,0,0,0,0,0,0
279222,41,bully,2862,1,41,5782722,363,0,2178,0,1,41,276360,2862,0,42,0,0,0,LEADER,1,4,1,44,41,363,0,0,0,0,0,0,0,0,0
279440,26,bully,3080,1,41,5791660,363,0,2178,0,1,26,276360,3080,0,42,0,0,0,LEADER,1,4,1,29,41,363,0,0,0,0,0,0,0,0,0
279214,4,bully,2854,1,41,5782394,363,710,2178,4260,1,1,276360,2854,0,42,0,0,0,NORMAL,0,3,2,3,127,363,0,710,0,0,0,0,0,0,0
279373,6,bully,3013,1,41,5788913,363,724,2178,4344,2,1,276360,3013,0,42,0,0,0,NORMAL,0,3,2,3,127,363,0,724,0,0,0,0,0,0,0
279093,12,bully,2740,1,41,5777600,363,361,2178,2166,1,1,276353,2740,0,42,0,0,0,NORMAL,0,3,2,3,150,363,0,361,0,0,0,0,0,0,0
279237,9,bully,2877,1,41,5783337,363,360,2178,2160,1,1,276360,2877,0,42,0,0,0,NORMAL,0,3,2,3,123,363,0,360,0,0,0,0,0,0,0
279392,48,bully,3032,1,41,5789692,363,0,2178,0,1,48,276360,3032,0,42,0,0,0,LEADER,1,4,1,51,41,363,0,0,0,0,0,0,0,0,0
279086,44,bully,2726,1,41,5777146,363,0,2178,0,1,44,276360,2726,0,42,0,0,0,LEADER,1,4,1,47,41,363,0,0,0,0,0,0,0,0,0
279794,8,bully,3434,1,41,5806174,363,362,2178,2172,2,1,276360,3434,0,42,0,0,0,NORMAL,0,3,2,3,129,363,0,362,0,0,0,0,0,0,0
279129,22,bully,2774,1,41,5779032,363,0,2178,0,1,22,276355,2774,0,42,0,0,0,LEADER,1,4,1,25,41,363,0,0,0,0,0,0,0,0,0
279801,39,bully,3441,1,41,5806461,363,0,2178,0,1,39,276360,3441,0,42,0,0,0,LEADER,1,4,1,42,41,363,0,0,0,0,0,0,0,0,0
279155,21,bully,2795,1,41,5779975,363,0,2178,0,1,21,276360,2795,0,42,0,0,0,LEADER,1,4,1,24,41,363,0,0,0,0,0,0,0,0,0
279510,3,bully,3150,1,41,5794530,363,726,2178,4356,1,1,276360,3150,0,42,0,0,0,NORMAL,0,3,2,3,124,363,0,726,0,0,0,0,0,0,0
279931,5,bully,3571,1,41,5811791,363,726,2178,4356,1,1,276360,3571,0,42,0,0,0,NORMAL,0,3,2,3,127,363,0,726,0,0,0,0,0,0,0
279352,38,bully,2998,1,41,5788175,363,0,2178,0,1,38,276354,2998,0,42,0,0,0,LEADER,1,4,1,41,41,363,0,0,0,0,0,0,0,0,0
279576,23,bully,3216,1,41,5797236,363,0,2178,0,1,23,276360,3216,0,42,0,0,0,LEADER,1,4,1,26,41,363,0,0,0,0,0,0,0,0,0
279402,16,bully,3047,1,41,5790191,363,363,2178,2178,2,1,276355,3047,0,42,0,0,0,NORMAL,0,3,2,3,163,363,0,363,0,0,0,0,0,0,0
279294,25,bully,2932,1,41,5785624,363,0,2178,0,1,25,276362,2932,0,42,0,0,0,LEADER,1,4,1,28,41,363,0,0,0,0,0,0,0,0,0
279601,33,bully,3250,1,41,5798507,363,0,2178,0,1,33,276351,3250,0,42,0,0,0,LEADER,1,4,1,36,41,363,0,0,0,0,0,0,0,0,0
279578,37,bully,3218,1,41,5797318,363,0,2178,0,1,37,276360,3218,0,42,0,0,0,LEADER,1,4,1,40,41,363,0,0,0,0,0,0,0,0,0
279832,49,bully,3474,1,41,5807786,363,0,2178,0,1,49,276358,3474,0,42,0,0,0,LEADER,1,4,1,52,41,363,0,0,0,0,0,0,0,0,0
279495,35,bully,3135,1,41,5793915,363,0,2178,0,1,35,276360,3135,0,42,0,0,0,LEADER,1,4,1,38,41,363,0,0,0,0,0,0,0,0,0
279971,46,bully,3611,1,41,5813431,363,0,2178,0,1,46,276360,3611,0,42,0,0,0,LEADER,1,4,1,49,41,363,0,0,0,0,0,0,0,0,0
279849,17,bully,3489,1,41,5808429,363,0,2178,0,1,17,276360,3489,0,42,0,0,0,LEADER,1,4,1,20,41,363,0,0,0,0,0,0,0,0,0
279986,14,bully,3626,1,41,5814046,363,360,2178,2160,2,1,276360,3626,0,42,0,0,0,NORMAL,0,3,2,3,128,363,0,360,0,0,0,0,0,0,0
280052,34,bully,3692,1,41,5816752,363,0,2178,0,1,34,276360,3692,0,42,0,0,0,LEADER,1,4,1,37,41,363,0,0,0,0,0,0,0,0,0
279812,50,bully,3453,1,41,5806947,363,0,2178,0,1,50,276359,3453,0,42,0,0,0,LEADER,1,4,1,53,41,363,0,0,0,0,0,0,0,0,0
279662,42,bully,3304,1,41,5800700,363,0,2178,0,1,42,276358,3304,0,42,0,0,0,LEADER,1,4,1,45,41,363,0,0,0,0,0,0,0,0,0
279325,28,bully,2965,1,41,5786945,363,0,2178,0,1,28,276360,2965,0,42,0,0,0,LEADER,1,4,1,31,41,363,0,0,0,0,0,0,0,0,0
279520,7,bully,3160,1,41,5794940,363,726,2178,4356,2,1,276360,3160,0,42,0,0,0,NORMAL,0,3,2,3,128,363,0,726,0,0,0,0,0,0,0
279961,15,bully,3603,1,41,5813067,363,363,2178,2178,2,1,276358,3603,0,42,0,0,0,NORMAL,0,3,2,3,158,363,0,363,0,0,0,0,0,0,0
279641,18,bully,3281,1,41,5799901,363,0,2178,0,1,18,276360,3281,0,42,0,0,0,LEADER,1,4,1,21,41,363,0,0,0,0,0,0,0,0,0
279625,1,bully,3265,1,41,5799245,363,728,2178,4368,1,1,276360,3265,0,42,0,0,0,LEADER,1,4,1,4,41,363,0,728,0,0,0,0,0,0,0
279911,30,bully,3556,1,41,5811095,363,0,2178,0,1,30,276355,3556,0,42,0,0,0,LEADER,1,4,1,33,41,363,0,0,0,0,0,0,0,0,0
279628,32,bully,3271,1,41,5799429,363,0,2178,0,1,32,276357,3271,0,42,0,0,0,LEADER,1,4,1,35,41,363,0,0,0,0,0,0,0,0,0
279946,10,bully,3592,1,41,5812538,363,364,2178,2184,1,1,276354,3592,0,42,0,0,0,NORMAL,0,3,2,4,83,363,0,364,0,0,0,0,0,0,0
279543,13,bully,3183,1,41,5795883,363,352,2178,2112,1,1,276360,3183,0,42,0,0,0,NORMAL,0,3,2,3,126,363,0,352,0,0,0,0,0,0,0
279643,43,bully,3283,1,41,5799983,363,0,2178,0,1,43,276360,3283,0,42,0,0,0,LEADER,1,4,1,46,41,363,0,0,0,0,0,0,0,0,0
279816,24,bully,3456,1,41,5807076,363,0,2178,0,1,24,276360,3456,0,42,0,0,0,LEADER,1,4,1,27,41,363,0,0,0,0,0,0,0,0,0
279882,27,bully,3522,1,41,5809782,363,0,2178,0,1,27,276360,3522,0,42,0,0,0,LEADER,1,4,1,30,41,363,0,0,0,0,0,0,0,0,0
279949,47,bully,3589,1,41,5812529,363,0,2178,0,1,47,276360,3589,0,42,0,0,0,LEADER,1,4,1,50,41,363,0,0,0,0,0,0,0,0,0
279713,20,bully,3353,1,41,5802853,363,0,2178,0,1,20,276360,3353,0,42,0,0,0,LEADER,1,4,1,23,41,363,0,0,0,0,0,0,0,0,0
279779,40,bully,3419,1,41,5805559,363,0,2178,0,1,40,276360,3419,0,42,0,0,0,LEADER,1,4,1,43,41,363,0,0,0,0,0,0,0,0,0
281567,19,bully,2910,1,41,5784581,366,0,2196,0,1,19,278657,2910,0,42,0,0,0,LEADER,1,4,1,25,41,366,0,0,0,0,0,0,0,0,0
281355,2,bully,2707,1,41,5775996,366,726,2196,4356,1,1,278648,2707,0,42,0,0,0,NORMAL,0,3,1,7,103,366,0,726,0,0,0,0,0,0,0
281607,29,bully,2944,1,41,5786084,366,0,2196,0,1,29,278663,2944,0,42,0,0,0,LEADER,1,4,1,35,41,366,0,0,0,0,0,0,0,0,0
281776,36,bully,3113,1,41,5793013,366,0,2196,0,1,36,278663,3113,0,42,0,0,0,LEADER,1,4,1,42,41,366,0,0,0,0,0,0,0,0,0
281492,31,bully,2829,1,41,5781369,366,0,2196,0,1,31,278663,2829,0,42,0,0,0,LEADER,1,4,1,37,41,366,0,0,0,0,0,0,0,0,0
281831,45,bully,3168,1,41,5795268,366,0,2196,0,1,45,278663,3168,0,42,0,0,0,LEADER,1,4,1,51,41,366,0,0,0,0,0,0,0,0,0
281425,11,bully,2762,1,41,5778622,366,365,2196,2190,1,1,278663,2762,0,42,0,0,0,NORMAL,0,3,1,6,125,366,0,365,0,0,0,0,0,0,0
281525,41,bully,2862,1,41,5782722,366,0,2196,0,1,41,278663,2862,0,42,0,0,0,LEADER,1,4,1,47,41,366,0,0,0,0,0,0,0,0,0
281743,26,bully,3080,1,41,5791660,366,0,2196,0,1,26,278663,3080,0,42,0,0,0,LEADER,1,4,1,32,41,366,0,0,0,0,0,0,0,0,0
281517,4,bully,2854,1,41,5782394,366,716,2196,4296,1,1,278663,2854,0,42,0,0,0,NORMAL,0,3,1,6,127,366,0,716,0,0,0,0,0,0,0
281676,6,bully,3013,1,41,5788913,366,730,2196,4380,2,1,278663,3013,0,42,0,0,0,NORMAL,0,3,1,6,127,366,0,730,0,0,0,0,0,0,0
281396,12,bully,2740,1,41,5777600,366,363,2196,2178,1,1,278656,2740,0,42,0,0,0,NORMAL,0,3,1,6,150,366,0,363,0,0,0,0,0,0,0
281540,9,bully,2877,1,41,5783337,366,363,2196,2178,1,1,278663,2877,0,42,0,0,0,NORMAL,0,3,1,6,123,366,0,363,0,0,0,0,0,0,0
281695,48,bully,3032,1,41,5789692,366,0,2196,0,1,48,278663,3032,0,42,0,0,0,LEADER,1,4,1,54,41,366,0,0,0,0,0,0,0,0,0
281389,44,bully,2726,1,41,5777146,366,0,2196,0,1,44,278663,2726,0,42,0,0,0,LEADER,1,4,1,50,41,366,0,0,0,0,0,0,0,0,0
282097,8,bully,3434,1,41,5806174,366,365,2196,2190,2,1,278663,3434,0,42,0,0,0,NORMAL,0,3,1,6,129,366,0,365,0,0,0,0,0,0,0
281432,22,bully,2774,1,41,5779032,366,0,2196,0,1,22,278658,2774,0,42,0,0,0,LEADER,1,4,1,28,41,366,0,0,0,0,0,0,0,0,0
282104,39,bully,3441,1,41,5806461,366,0,2196,0,1,39,278663,3441,0,42,0,0,0,LEADER,1,4,1,45,41,366,0,0,0,0,0,0,0,0,0
281458,21,bully,2795,1,41,5779975,366,0,2196,0,1,21,278663,2795,0,42,0,0,0,LEADER,1,4,1,27,41,366,0,0,0,0,0,0,0,0,0
281813,3,bully,3150,1,41,5794530,366,732,2196,4392,1,1,278663,3150,0,42,0,0,0,NORMAL,0,3,1,6,124,366,0,732,0,0,0,0,0,0,0
282234,5,bully,3571,1,41,5811791,366,732,2196,4392,1,1,278663,3571,0,42,0,0,0,NORMAL,0,3,1,6,127,366,0,732,0,0,0,0,0,0,0
281655,38,bully,2998,1,41,5788175,366,0,2196,0,1,38,278657,2998,0,42,0,0,0,LEADER,1,4,1,44,41,366,0,0,0,0,0,0,0,0,0
281879,23,bully,3216,1,41,5797236,366,0,2196,0,1,23,278663,3216,0,42,0,0,0,LEADER,1,4,1,29,41,366,0,0,0,0,0,0,0,0,0
281705,16,bully,3047,1,41,5790191,366,366,2196,2196,2,1,278658,3047,0,42,0,0,0,NORMAL,0,3,1,6,163,366,0,366,0,0,0,0,0,0,0
281597,25,bully,2932,1,41,5785624,366,0,2196,0,1,25,278665,2932,0,42,0,0,0,LEADER,1,4,1,31,41,366,0,0,0,0,0,0,0,0,0
281904,33,bully,3250,1,41,5798507,366,0,2196,0,1,33,278654,3250,0,42,0,0,0,LEADER,1,4,1,39,41,366,0,0,0,0,0,0,0,0,0
281881,37,bully,3218,1,41,5797318,366,0,2196,0,1,37,278663,3218,0,42,0,0,0,LEADER,1,4,1,43,41,366,0,0,0,0,0,0,0,0,0
282135,49,bully,3474,1,41,5807786,366,0,2196,0,1,49,278661,3474,0,42,0,0,0,LEADER,1,4,1,55,41,366,0,0,0,0,0,0,0,0,0
281798,35,bully,3135,1,41,5793915,366,0,2196,0,1,35,278663,3135,0,42,0,0,0,LEADER,1,4,1,41,41,366,0,0,0,0,0,0,0,0,0
282274,46,bully,3611,1,41,5813431,366,0,2196,0,1,46,278663,3611,0,42,0,0,0,LEADER,1,4,1,52,41,366,0,0,0,0,0,0,0,0,0
282152,17,bully,3489,1,41,5808429,366,0,2196,0,1,17,278663,3489,0,42,0,0,0,LEADER,1,4,1,23,41,366,0,0,0,0,0,0,0,0,0
282289,14,bully,3626,1,41,5814046,366,363,2196,2178,2,1,278663,3626,0,42,0,0,0,NORMAL,0,3,1,6,128,366,0,363,0,0,0,0,0,0,0
282355,34,bully,3692,1,41,5816752,366,0,2196,0,1,34,278663,3692,0,42,0,0,0,LEADER,1,4,1,40,41,366,0,0,0,0,0,0,0,0,0
282115,50,bully,3453,1,41,5806947,366,0,2196,0,1,50,278662,3453,0,42,0,0,0,LEADER,1,4,1,56,41,366,0,0,0,0,0,0,0,0,0
281965,42,bully,3304,1,41,5800700,366,0,2196,0,1,42,278661,3304,0,42,0,0,0,LEADER,1,4,1,48,41,366,0,0,0,0,0,0,0,0,0
281628,28,bully,2965,1,41,5786945,366,0,2196,0,1,28,278663,2965,0,42,0,0,0,LEADER,1,4,1,34,41,366,0,0,0,0,0,0,0,0,0
281823,7,bully,3160,1,41,5794940,366,732,2196,4392,2,1,278663,3160,0,42,0,0,0,NORMAL,0,3,1,6,128,366,0,732,0,0,0,0,0,0,0
282264,15,bully,3603,1,41,5813067,366,366,2196,2196,2,1,278661,3603,0,42,0,0,0,NORMAL,0,3,1,6,158,366,0,366,0,0,0,0,0,0,0
281944,18,bully,3281,1,41,5799901,366,0,2196,0,1,18,278663,3281,0,42,0,0,0,LEADER,1,4,1,24,41,366,0,0,0,0,0,0,0,0,0
281928,1,bully,3265,1,41,5799245,366,734,2196,4404,1,1,278663,3265,0,42,0,0,0,LEADER,1,4,1,7,41,366,0,734,0,0,0,0,0,0,0
282214,30,bully,3556,1,41,5811095,366,0,2196,0,1,30,278658,3556,0,42,0,0,0,LEADER,1,4,1,36,41,366,0,0,0,0,0,0,0,0,0
281931,32,bully,3271,1,41,5799429,366,0,2196,0,1,32,278660,3271,0,42,0,0,0,LEADER,1,4,1,38,41,366,0,0,0,0,0,0,0,0,0
282249,10,bully,3592,1,41,5812538,366,367,2196,2202,1,1,278657,3592,0,42,0,0,0,NORMAL,0,3,1,7,83,366,0,367,0,0,0,0,0,0,0
281846,13,bully,3183,1,41,5795883,366,355,2196,2130,1,1,278663,3183,0,42,0,0,0,NORMAL,0,3,1,6,126,366,0,355,0,0,0,0,0,0,0
281946,43,bully,3283,1,41,5799983,366,0,2196,0,1,43,278663,3283,0,42,0,0,0,LEADER,1,4,1,49,41,366,0,0,0,0,0,0,0,0,0
282119,24,bully,3456,1,41,5807076,366,0,2196,0,1,24,278663,3456,0,42,0,0,0,LEADER,1,4,1,30,41,366,0,0,0,0,0,0,0,0,0
282185,27,bully,3522,1,41,5809782,366,0,2196,0,1,27,278663,3522,0,42,0,0,0,LEADER,1,4,1,33,41,366,0,0,0,0,0,0,0,0,0
282252,47,bully,3589,1,41,5812529,366,0,2196,0,1,47,278663,3589,0,42,0,0,0,LEADER,1,4,1,53,41,366,0,0,0,0,0,0,0,0,0
282016,20,bully,3353,1,41,5802853,366,0,2196,0,1,20,278663,3353,0,42,0,0,0,LEADER,1,4,1,26,41,366,0,0,0,0,0,0,0,0,0
282082,40,bully,3419,1,41,5805559,366,0,2196,0,1,40,278663,3419,0,42,0,0,0,LEADER,1,4,1,46,41,366,0,0,0,0,0,0,0,0,0
283657,2,bully,2707,1,41,5775996,369,732,2214,4392,1,1,280950,2707,0,42,0,0,0,NORMAL,0,3,1,10,103,369,0,732,0,0,0,0,0,0,0
283870,19,bully,2910,1,41,5784581,369,0,2214,0,1,19,280960,2910,0,42,0,0,0,LEADER,1,4,1,28,41,369,0,0,0,0,0,0,0,0,0
283910,29,bully,2944,1,41,5786084,369,0,2214,0,1,29,280966,2944,0,42,0,0,0,LEADER,1,4,1,38,41,369,0,0,0,0,0,0,0,0,0
284079,36,bully,3113,1,41,5793013,369,0,2214,0,1,36,280966,3113,0,42,0,0,0,LEADER,1,4,1,45,41,369,0,0,0,0,0,0,0,0,0
283795,31,bully,2829,1,41,5781369,369,0,2214,0,1,31,280966,2829,0,42,0,0,0,LEADER,1,4,1,40,41,369,0,0,0,0,0,0,0,0,0
284134,45,bully,3168,1,41,5795268,369,0,2214,0,1,45,280966,3168,0,42,0,0,0,LEADER,1,4,1,54,41,369,0,0,0,0,0,0,0,0,0
283728,11,bully,2762,1,41,5778622,369,368,2214,2208,1,1,280966,2762,0,42,0,0,0,NORMAL,0,3,1,9,125,369,0,368,0,0,0,0,0,0,0
283828,41,bully,2862,1,41,5782722,369,0,2214,0,1,41,280966,2862,0,42,0,0,0,LEADER,1,4,1,50,41,369,0,0,0,0,0,0,0,0,0
284046,26,bully,3080,1,41,5791660,369,0,2214,0,1,26,280966,3080,0,42,0,0,0,LEADER,1,4,1,35,41,369,0,0,0,0,0,0,0,0,0
283820,4,bully,2854,1,41,5782394,369,722,2214,4332,1,1,280966,2854,0,42,0,0,0,NORMAL,0,3,1,9,127,369,0,722,0,0,0,0,0,0,0
283979,6,bully,3013,1,41,5788913,369,736,2214,4416,2,1,280966,3013,0,42,0,0,0,NORMAL,0,3,1,9,127,369,0,736,0,0,0,0,0,0,0
283699,12,bully,2740,1,41,5777600,369,367,2214,2202,1,1,280959,2740,0,42,0,0,0,NORMAL,0,3,1,9,150,369,0,367,0,0,0,0,0,0,0
283843,9,bully,2877,1,41,5783337,369,366,2214,2196,1,1,280966,2877,0,42,0,0,0,NORMAL,0,3,1,9,123,369,0,366,0,0,0,0,0,0,0
283998,48,bully,3032,1,41,5789692,369,0,2214,0,1,48,280966,3032,0,42,0,0,0,LEADER,1,4,1,57,41,369,0,0,0,0,0,0,0,0,0
283692,44,bully,2726,1,41,5777146,369,0,2214,0,1,44,280966,2726,0,42,0,0,0,LEADER,1,4,1,53,41,369,0,0,0,0,0,0,0,0,0
284400,8,bully,3434,1,41,5806174,369,368,2214,2208,2,1,280966,3434,0,42,0,0,0,NORMAL,0,3,1,9,129,369,0,368,0,0,0,0,0,0,0
283734,22,bully,2774,1,41,5779032,369,0,2214,0,1,22,280960,2774,0,42,0,0,0,LEADER,1,4,1,31,41,369,0,0,0,0,0,0,0,0,0
284407,39,bully,3441,1,41,5806461,369,0,2214,0,1,39,280966,3441,0,42,0,0,0,LEADER,1,4,1,48,41,369,0,0,0,0,0,0,0,0,0
283761,21,bully,2795,1,41,5779975,369,0,2214,0,1,21,280966,2795,0,42,0,0,0,LEADER,1,4,1,30,41,369,0,0,0,0,0,0,0,0,0
284116,3,bully,3150,1,41,5794530,369,738,2214,4428,1,1,280966,3150,0,42,0,0,0,NORMAL,0,3,1,9,124,369,0,738,0,0,0,0,0,0,0
284537,5,bully,3571,1,41,5811791,369,738,2214,4428,1,1,280966,3571,0,42,0,0,0,NORMAL,0,3,1,9,127,369,0,738,0,0,0,0,0,0,0
283958,38,bully,2998,1,41,5788175,369,0,2214,0,1,38,280960,2998,0,42,0,0,0,LEADER,1,4,1,47,41,369,0,0,0,0,0,0,0,0,0
284182,23,bully,3216,1,41,5797236,369,0,2214,0,1,23,280966,3216,0,42,0,0,0,LEADER,1,4,1,32,41,369,0,0,0,0,0,0,0,0,0
284008,16,bully,3047,1,41,5790191,369,369,2214,2214,2,1,280961,3047,0,42,0,0,0,NORMAL,0,3,1,9,163,369,0,369,0,0,0,0,0,0,0
283900,25,bully,2932,1,41,5785624,369,0,2214,0,1,25,280968,2932,0,42,0,0,0,LEADER,1,4,1,34,41,369,0,0,0,0,0,0,0,0,0
284207,33,bully,3250,1,41,5798507,369,0,2214,0,1,33,280957,3250,0,42,0,0,0,LEADER,1,4,1,42,41,369,0,0,0,0,0,0,0,0,0
284184,37,bully,3218,1,41,5797318,369,0,2214,0,1,37,280966,3218,0,42,0,0,0,LEADER,1,4,1,46,41,369,0,0,0,0,0,0,0,0,0
284438,49,bully,3474,1,41,5807786,369,0,2214,0,1,49,280964,3474,0,42,0,0,0,LEADER,1,4,1,58,41,369,0,0,0,0,0,0,0,0,0
284101,35,bully,3135,1,41,5793915,369,0,2214,0,1,35,280966,3135,0,42,0,0,0,LEADER,1,4,1,44,41,369,0,0,0,0,0,0,0,0,0
284577,46,bully,3611,1,41,5813431,369,0,2214,0,1,46,280966,3611,0,42,0,0,0,LEADER,1,4,1,55,41,369,0,0,0,0,0,0,0,0,0
284455,17,bully,3489,1,41,5808429,369,0,2214,0,1,17,280966,3489,0,42,0,0,0,LEADER,1,4,1,26,41,369,0,0,0,0,0,0,0,0,0
284592,14,bully,3626,1,41,5814046,369,366,2214,2196,2,1,280966,3626,0,42,0,0,0,NORMAL,0,3,1,9,128,369,0,366,0,0,0,0,0,0,0
284658,34,bully,3692,1,41,5816752,369,0,2214,0,1,34,280966,3692,0,42,0,0,0,LEADER,1,4,1,43,41,369,0,0,0,0,0,0,0,0,0
284418,50,bully,3453,1,41,5806947,369,0,2214,0,1,50,280965,3453,0,42,0,0,0,LEADER,1,4,1,59,41,369,0,0,0,0,0,0,0,0,0
284268,42,bully,3304,1,41,5800700,369,0,2214,0,1,42,280964,3304,0,42,0,0,0,LEADER,1,4,1,51,41,369,0,0,0,0,0,0,0,0,0
283931,28,bully,2965,1,41,5786945,369,0,2214,0,1,28,280966,2965,0,42,0,0,0,LEADER,1,4,1,37,41,369,0,0,0,0,0,0,0,0,0
284126,7,bully,3160,1,41,5794940,369,738,2214,4428,2,1,280966,3160,0,42,0,0,0,NORMAL,0,3,1,9,128,369,0,738,0,0,0,0,0,0,0
284567,15,bully,3603,1,41,5813067,369,369,2214,2214,2,1,280964,3603,0,42,0,0,0,NORMAL,0,3,1,9,158,369,0,369,0,0,0,0,0,0,0
284247,18,bully,3281,1,41,5799901,369,0,2214,0,1,18,280966,3281,0,42,0,0,0,LEADER,1,4,1,27,41,369,0,0,0,0,0,0,0,0,0
284231,1,bully,3265,1,41,5799245,369,740,2214,4440,1,1,280966,3265,0,42,0,0,0,LEADER,1,4,1,10,41,369,0,740,0,0,0,0,0,0,0
284517,30,bully,3556,1,41,5811095,369,0,2214,0,1,30,280961,3556,0,42,0,0,0,LEADER,1,4,1,39,41,369,0,0,0,0,0,0,0,0,0
284234,32,bully,3271,1,41,5799429,369,0,2214,0,1,32,280963,3271,0,42,0,0,0,LEADER,1,4,1,41,41,369,0,0,0,0,0,0,0,0,0
284552,10,bully,3592,1,41,5812538,369,370,2214,2220,1,1,280960,3592,0,42,0,0,0,NORMAL,0,3,1,10,83,369,0,370,0,0,0,0,0,0,0
284149,13,bully,3183,1,41,5795883,369,358,2214,2148,1,1,280966,3183,0,42,0,0,0,NORMAL,0,3,1,9,126,369,0,358,0,0,0,0,0,0,0
284249,43,bully,3283,1,41,5799983,369,0,2214,0,1,43,280966,3283,0,42,0,0,0,LEADER,1,4,1,52,41,369,0,0,0,0,0,0,0,0,0
284422,24,bully,3456,1,41,5807076,369,0,2214,0,1,24,280966,3456,0,42,0,0,0,LEADER,1,4,1,33,41,369,0,0,0,0,0,0,0,0,0
284488,27,bully,3522,1,41,5809782,369,0,2214,0,1,27,280966,3522,0,42,0,0,0,LEADER,1,4,1,36,41,369,0,0,0,0,0,0,0,0,0
284555,47,bully,3589,1,41,5812529,369,0,2214,0,1,47,280966,3589,0,42,0,0,0,LEADER,1,4,1,56,41,369,0,0,0,0,0,0,0,0,0
284319,20,bully,3353,1,41,5802853,369,0,2214,0,1,20,280966,3353,0,42,0,0,0,LEADER,1,4,1,29,41,369,0,0,0,0,0,0,0,0,0
284385,40,bully,3419,1,41,5805559,369,0,2214,0,1,40,280966,3419,0,42,0,0,0,LEADER,1,4,1,49,41,369,0,0,0,0,0,0,0,0,0
286173,19,bully,2910,1,42,6070754,372,0,2232,0,1,19,283263,2910,0,43,0,0,0,LEADER,1,4,1,22,42,372,0,0,0,0,0,0,0,0,0
285960,2,bully,2707,1,42,6061956,372,739,2232,4434,1,1,283253,2707,0,43,0,0,0,NORMAL,0,3,2,4,105,372,0,739,0,0,0,0,0,0,0
286213,29,bully,2944,1,42,6072297,372,0,2232,0,1,29,283269,2944,0,43,0,0,0,LEADER,1,4,1,32,42,372,0,0,0,0,0,0,0,0,0
286382,36,bully,3113,1,42,6079395,372,0,2232,0,1,36,283269,3113,0,43,0,0,0,LEADER,1,4,1,39,42,372,0,0,0,0,0,0,0,0,0
286098,31,bully,2829,1,42,6067467,372,0,2232,0,1,31,283269,2829,0,43,0,0,0,LEADER,1,4,1,34,42,372,0,0,0,0,0,0,0,0,0
286437,45,bully,3168,1,42,6081705,372,0,2232,0,1,45,283269,3168,0,43,0,0,0,LEADER,1,4,1,48,42,372,0,0,0,0,0,0,0,0,0
286031,11,bully,2762,1,42,6064653,372,371,2232,2226,1,1,283269,2762,0,43,0,0,0,NORMAL,0,3,2,3,128,372,0,371,0,0,0,0,0,0,0
286131,41,bully,2862,1,42,6068853,372,0,2232,0,1,41,283269,2862,0,43,0,0,0,LEADER,1,4,1,44,42,372,0,0,0,0,0,0,0,0,0
286349,26,bully,3080,1,42,6078009,372,0,2232,0,1,26,283269,3080,0,43,0,0,0,LEADER,1,4,1,29,42,372,0,0,0,0,0,0,0,0,0
286123,4,bully,2854,1,42,6068517,372,728,2232,4368,1,1,283269,2854,0,43,0,0,0,NORMAL,0,3,2,3,130,372,0,728,0,0,0,0,0,0,0
286282,6,bully,3013,1,42,6075195,372,742,2232,4452,2,1,283269,3013,0,43,0,0,0,NORMAL,0,3,2,3,130,372,0,742,0,0,0,0,0,0,0
286002,12,bully,2740,1,42,6063602,372,369,2232,2214,1,1,283262,2740,0,43,0,0,0,NORMAL,0,3,2,2,154,372,0,369,0,0,0,0,0,0,0
286146,9,bully,2877,1,42,6069483,372,369,2232,2214,1,1,283269,2877,0,43,0,0,0,NORMAL,0,3,2,3,126,372,0,369,0,0,0,0,0,0,0
286301,48,bully,3032,1,42,6075993,372,0,2232,0,1,48,283269,3032,0,43,0,0,0,LEADER,1,4,1,51,42,372,0,0,0,0,0,0,0,0,0
285995,44,bully,2726,1,42,6063141,372,0,2232,0,1,44,283269,2726,0,43,0,0,0,LEADER,1,4,1,47,42,372,0,0,0,0,0,0,0,0,0
286703,8,bully,3434,1,42,6092877,372,371,2232,2226,2,1,283269,3434,0,43,0,0,0,NORMAL,0,3,2,3,132,372,0,371,0,0,0,0,0,0,0
286037,22,bully,2774,1,42,6065069,372,0,2232,0,1,22,283263,2774,0,43,0,0,0,LEADER,1,4,1,25,42,372,0,0,0,0,0,0,0,0,0
286710,39,bully,3441,1,42,6093171,372,0,2232,0,1,39,283269,3441,0,43,0,0,0,LEADER,1,4,1,42,42,372,0,0,0,0,0,0,0,0,0
286064,21,bully,2795,1,42,6066039,372,0,2232,0,1,21,283269,2795,0,43,0,0,0,LEADER,1,4,1,24,42,372,0,0,0,0,0,0,0,0,0
286419,3,bully,3150,1,42,6080949,372,744,2232,4464,1,1,283269,3150,0,43,0,0,0,NORMAL,0,3,2,3,127,372,0,744,0,0,0,0,0,0,0
286840,5,bully,3571,1,42,6098631,372,742,2232,4452,1,1,283269,3571,0,43,0,0,0,NORMAL,0,3,2,2,130,372,0,742,0,0,0,0,0,0,0
286261,38,bully,2998,1,42,6074436,372,0,2232,0,1,38,283263,2998,0,43,0,0,0,LEADER,1,4,1,41,42,372,0,0,0,0,0,0,0,0,0
286485,23,bully,3216,1,42,6083721,372,0,2232,0,1,23,283269,3216,0,43,0,0,0,LEADER,1,4,1,26,42,372,0,0,0,0,0,0,0,0,0
286311,16,bully,3047,1,42,6076502,372,372,2232,2232,2,1,283264,3047,0,43,0,0,0,NORMAL,0,3,2,3,167,372,0,372,0,0,0,0,0,0,0
286203,25,bully,2932,1,42,6071827,372,0,2232,0,1,25,283271,2932,0,43,0,0,0,LEADER,1,4,1,28,42,372,0,0,0,0,0,0,0,0,0
286510,33,bully,3250,1,42,6085017,372,0,2232,0,1,33,283260,3250,0,43,0,0,0,LEADER,1,4,1,36,42,372,0,0,0,0,0,0,0,0,0
286487,37,bully,3218,1,42,6083805,372,0,2232,0,1,37,283269,3218,0,43,0,0,0,LEADER,1,4,1,40,42,372,0,0,0,0,0,0,0,0,0
286741,49,bully,3474,1,42,6094527,372,0,2232,0,1,49,283267,3474,0,43,0,0,0,LEADER,1,4,1,52,42,372,0,0,0,0,0,0,0,0,0
286404,35,bully,3135,1,42,6080319,372,0,2232,0,1,35,283269,3135,0,43,0,0,0,LEADER,1,4,1,38,42,372,0,0,0,0,0,0,0,0,0
286880,46,bully,3611,1,42,6100311,372,0,2232,0,1,46,283269,3611,0,43,0,0,0,LEADER,1,4,1,49,42,372,0,0,0,0,0,0,0,0,0
286758,17,bully,3489,1,42,6095187,372,0,2232,0,1,17,283269,3489,0,43,0,0,0,LEADER,1,4,1,20,42,372,0,0,0,0,0,0,0,0,0
286895,14,bully,3626,1,42,6100941,372,369,2232,2214,2,1,283269,3626,0,43,0,0,0,NORMAL,0,3,2,3,131,372,0,369,0,0,0,0,0,0,0
286961,34,bully,3692,1,42,6103713,372,0,2232,0,1,34,283269,3692,0,43,0,0,0,LEADER,1,4,1,37,42,372,0,0,0,0,0,0,0,0,0
286570,42,bully,3304,1,42,6087270,372,0,2232,0,1,42,283266,3304,0,43,0,0,0,LEADER,1,4,1,45,42,372,0,0,0,0,0,0,0,0,0
286721,50,bully,3453,1,42,6093668,372,0,2232,0,1,50,283268,3453,0,43,0,0,0,LEADER,1,4,1,53,42,372,0,0,0,0,0,0,0,0,0
286234,28,bully,2965,1,42,6073179,372,0,2232,0,1,28,283269,2965,0,43,0,0,0,LEADER,1,4,1,31,42,372,0,0,0,0,0,0,0,0,0
286429,7,bully,3160,1,42,6081369,372,744,2232,4464,2,1,283269,3160,0,43,0,0,0,NORMAL,0,3,2,3,131,372,0,744,0,0,0,0,0,0,0
286870,15,bully,3603,1,42,6099937,372,373,2232,2238,2,1,283267,3603,0,43,0,0,0,NORMAL,0,3,2,3,162,372,0,373,0,0,0,0,0,0,0
286550,18,bully,3281,1,42,6086451,372,0,2232,0,1,18,283269,3281,0,43,0,0,0,LEADER,1,4,1,21,42,372,0,0,0,0,0,0,0,0,0
286534,1,bully,3265,1,42,6085779,372,746,2232,4476,1,1,283269,3265,0,43,0,0,0,LEADER,1,4,1,4,42,372,0,746,0,0,0,0,0,0,0
286820,30,bully,3556,1,42,6097915,372,0,2232,0,1,30,283264,3556,0,43,0,0,0,LEADER,1,4,1,33,42,372,0,0,0,0,0,0,0,0,0
286537,32,bully,3271,1,42,6085966,372,0,2232,0,1,32,283266,3271,0,43,0,0,0,LEADER,1,4,1,35,42,372,0,0,0,0,0,0,0,0,0
286855,10,bully,3592,1,42,6099393,372,373,2232,2238,1,1,283263,3592,0,43,0,0,0,NORMAL,0,3,2,4,85,372,0,373,0,0,0,0,0,0,0
286452,13,bully,3183,1,42,6082335,372,361,2232,2166,1,1,283269,3183,0,43,0,0,0,NORMAL,0,3,2,2,131,372,0,361,0,0,0,0,0,0,0
286552,43,bully,3283,1,42,6086535,372,0,2232,0,1,43,283269,3283,0,43,0,0,0,LEADER,1,4,1,46,42,372,0,0,0,0,0,0,0,0,0
286725,24,bully,3456,1,42,6093801,372,0,2232,0,1,24,283269,3456,0,43,0,0,0,LEADER,1,4,1,27,42,372,0,0,0,0,0,0,0,0,0
286791,27,bully,3522,1,42,6096573,372,0,2232,0,1,27,283269,3522,0,43,0,0,0,LEADER,1,4,1,30,42,372,0,0,0,0,0,0,0,0,0
286858,47,bully,3589,1,42,6099387,372,0,2232,0,1,47,283269,3589,0,43,0,0,0,LEADER,1,4,1,50,42,372,0,0,0,0,0,0,0,0,0
286622,20,bully,3353,1,42,6089475,372,0,2232,0,1,20,283269,3353,0,43,0,0,0,LEADER,1,4,1,23,42,372,0,0,0,0,0,0,0,0,0
286688,40,bully,3419,1,42,6092247,372,0,2232,0,1,40,283269,3419,0,43,0,0,0,LEADER,1,4,1,43,42,372,0,0,0,0,0,0,0,0,0
288263,2,bully,2707,1,42,6061956,375,744,2250,4464,1,1,285556,2707,0,43,0,0,0,NORMAL,0,3,1,7,105,375,0,744,0,0,0,0,0,0,0
288476,19,bully,2910,1,42,6070754,375,0,2250,0,1,19,285566,2910,0,43,0,0,0,LEADER,1,4,1,25,42,375,0,0,0,0,0,0,0,0,0
288516,29,bully,2944,1,42,6072297,375,0,2250,0,1,29,285572,2944,0,43,0,0,0,LEADER,1,4,1,35,42,375,0,0,0,0,0,0,0,0,0
288685,36,bully,3113,1,42,6079395,375,0,2250,0,1,36,285572,3113,0,43,0,0,0,LEADER,1,4,1,42,42,375,0,0,0,0,0,0,0,0,0
288401,31,bully,2829,1,42,6067467,375,0,2250,0,1,31,285572,2829,0,43,0,0,0,LEADER,1,4,1,37,42,375,0,0,0,0,0,0,0,0,0
288740,45,bully,3168,1,42,6081705,375,0,2250,0,1,45,285572,3168,0,43,0,0,0,LEADER,1,4,1,51,42,375,0,0,0,0,0,0,0,0,0
288334,11,bully,2762,1,42,6064653,375,374,2250,2244,1,1,285572,2762,0,43,0,0,0,NORMAL,0,3,1,6,128,375,0,374,0,0,0,0,0,0,0
288434,41,bully,2862,1,42,6068853,375,0,2250,0,1,41,285572,2862,0,43,0,0,0,LEADER,1,4,1,47,42,375,0,0,0,0,0,0,0,0,0
288652,26,bully,3080,1,42,6078009,375,0,2250,0,1,26,285572,3080,0,43,0,0,0,LEADER,1,4,1,32,42,375,0,0,0,0,0,0,0,0,0
288426,4,bully,2854,1,42,6068517,375,734,2250,4404,1,1,285572,2854,0,43,0,0,0,NORMAL,0,3,1,6,130,375,0,734,0,0,0,0,0,0,0
288585,6,bully,3013,1,42,6075195,375,748,2250,4488,2,1,285572,3013,0,43,0,0,0,NORMAL,0,3,1,6,130,375,0,748,0,0,0,0,0,0,0
288305,12,bully,2740,1,42,6063602,375,372,2250,2232,1,1,285565,2740,0,43,0,0,0,NORMAL,0,3,1,5,154,375,0,372,0,0,0,0,0,0,0
288449,9,bully,2877,1,42,6069483,375,372,2250,2232,1,1,285572,2877,0,43,0,0,0,NORMAL,0,3,1,6,126,375,0,372,0,0,0,0,0,0,0
288604,48,bully,3032,1,42,6075993,375,0,2250,0,1,48,285572,3032,0,43,0,0,0,LEADER,1,4,1,54,42,375,0,0,0,0,0,0,0,0,0
288298,44,bully,2726,1,42,6063141,375,0,2250,0,1,44,285572,2726,0,43,0,0,0,LEADER,1,4,1,50,42,375,0,0,0,0,0,0,0,0,0
289006,8,bully,3434,1,42,6092877,375,374,2250,2244,2,1,285572,3434,0,43,0,0,0,NORMAL,0,3,1,6,132,375,0,374,0,0,0,0,0,0,0
288340,22,bully,2774,1,42,6065069,375,0,2250,0,1,22,285566,2774,0,43,0,0,0,LEADER,1,4,1,28,42,375,0,0,0,0,0,0,0,0,0
289013,39,bully,3441,1,42,6093171,375,0,2250,0,1,39,285572,3441,0,43,0,0,0,LEADER,1,4,1,45,42,375,0,0,0,0,0,0,0,0,0
288367,21,bully,2795,1,42,6066039,375,0,2250,0,1,21,285572,2795,0,43,0,0,0,LEADER,1,4,1,27,42,375,0,0,0,0,0,0,0,0,0
288722,3,bully,3150,1,42,6080949,375,750,2250,4500,1,1,285572,3150,0,43,0,0,0,NORMAL,0,3,1,6,127,375,0,750,0,0,0,0,0,0,0
289143,5,bully,3571,1,42,6098631,375,748,2250,4488,1,1,285572,3571,0,43,0,0,0,NORMAL,0,3,1,5,130,375,0,748,0,0,0,0,0,0,0
288564,38,bully,2998,1,42,6074436,375,0,2250,0,1,38,285566,2998,0,43,0,0,0,LEADER,1,4,1,44,42,375,0,0,0,0,0,0,0,0,0
288788,23,bully,3216,1,42,6083721,375,0,2250,0,1,23,285572,3216,0,43,0,0,0,LEADER,1,4,1,29,42,375,0,0,0,0,0,0,0,0,0
288614,16,bully,3047,1,42,6076502,375,375,2250,2250,2,1,285567,3047,0,43,0,0,0,NORMAL,0,3,1,6,167,375,0,375,0,0,0,0,0,0,0
288506,25,bully,2932,1,42,6071827,375,0,2250,0,1,25,285574,2932,0,43,0,0,0,LEADER,1,4,1,31,42,375,0,0,0,0,0,0,0,0,0
288813,33,bully,3250,1,42,6085017,375,0,2250,0,1,33,285563,3250,0,43,0,0,0,LEADER,1,4,1,39,42,375,0,0,0,0,0,0,0,0,0
288790,37,bully,3218,1,42,6083805,375,0,2250,0,1,37,285572,3218,0,43,0,0,0,LEADER,1,4,1,43,42,375,0,0,0,0,0,0,0,0,0
289044,49,bully,3474,1,42,6094527,375,0,2250,0,1,49,285570,3474,0,43,0,0,0,LEADER,1,4,1,55,42,375,0,0,0,0,0,0,0,0,0
288707,35,bully,3135,1,42,6080319,375,0,2250,0,1,35,285572,3135,0,43,0,0,0,LEADER,1,4,1,41,42,375,0,0,0,0,0,0,0,0,0
289183,46,bully,3611,1,42,6100311,375,0,2250,0,1,46,285572,3611,0,43,0,0,0,LEADER,1,4,1,52,42,375,0,0,0,0,0,0,0,0,0
289061,17,bully,3489,1,42,6095187,375,0,2250,0,1,17,285572,3489,0,43,0,0,0,LEADER,1,4,1,23,42,375,0,0,0,0,0,0,0,0,0
289198,14,bully,3626,1,42,6100941,375,372,2250,2232,2,1,285572,3626,0,43,0,0,0,NORMAL,0,3,1,6,131,375,0,372,0,0,0,0,0,0,0
289264,34,bully,3692,1,42,6103713,375,0,2250,0,1,34,285572,3692,0,43,0,0,0,LEADER,1,4,1,40,42,375,0,0,0,0,0,0,0,0,0
288873,42,bully,3304,1,42,6087270,375,0,2250,0,1,42,285569,3304,0,43,0,0,0,LEADER,1,4,1,48,42,375,0,0,0,0,0,0,0,0,0
289024,50,bully,3453,1,42,6093668,375,0,2250,0,1,50,285571,3453,0,43,0,0,0,LEADER,1,4,1,56,42,375,0,0,0,0,0,0,0,0,0
288537,28,bully,2965,1,42,6073179,375,0,2250,0,1,28,285572,2965,0,43,0,0,0,LEADER,1,4,1,34,42,375,0,0,0,0,0,0,0,0,0
288732,7,bully,3160,1,42,6081369,375,750,2250,4500,2,1,285572,3160,0,43,0,0,0,NORMAL,0,3,1,6,131,375,0,750,0,0,0,0,0,0,0
289173,15,bully,3603,1,42,6099937,375,375,2250,2250,2,1,285570,3603,0,43,0,0,0,NORMAL,0,3,1,6,162,375,0,375,0,0,0,0,0,0,0
288853,18,bully,3281,1,42,6086451,375,0,2250,0,1,18,285572,3281,0,43,0,0,0,LEADER,1,4,1,24,42,375,0,0,0,0,0,0,0,0,0
288837,1,bully,3265,1,42,6085779,375,752,2250,4512,1,1,285572,3265,0,43,0,0,0,LEADER,1,4,1,7,42,375,0,752,0,0,0,0,0,0,0
289123,30,bully,3556,1,42,6097915,375,0,2250,0,1,30,285567,3556,0,43,0,0,0,LEADER,1,4,1,36,42,375,0,0,0,0,0,0,0,0,0
288840,32,bully,3271,1,42,6085966,375,0,2250,0,1,32,285569,3271,0,43,0,0,0,LEADER,1,4,1,38,42,375,0,0,0,0,0,0,0,0,0
289158,10,bully,3592,1,42,6099393,375,376,2250,2256,1,1,285566,3592,0,43,0,0,0,NORMAL,0,3,1,7,85,375,0,376,0,0,0,0,0,0,0
288755,13,bully,3183,1,42,6082335,375,364,2250,2184,1,1,285572,3183,0,43,0,0,0,NORMAL,0,3,1,5,131,375,0,364,0,0,0,0,0,0,0
288855,43,bully,3283,1,42,6086535,375,0,2250,0,1,43,285572,3283,0,43,0,0,0,LEADER,1,4,1,49,42,375,0,0,0,0,0,0,0,0,0
289028,24,bully,3456,1,42,6093801,375,0,2250,0,1,24,285572,3456,0,43,0,0,0,LEADER,1,4,1,30,42,375,0,0,0,0,0,0,0,0,0
289094,27,bully,3522,1,42,6096573,375,0,2250,0,1,27,285572,3522,0,43,0,0,0,LEADER,1,4,1,33,42,375,0,0,0,0,0,0,0,0,0
289161,47,bully,3589,1,42,6099387,375,0,2250,0,1,47,285572,3589,0,43,0,0,0,LEADER,1,4,1,53,42,375,0,0,0,0,0,0,0,0,0
288925,20,bully,3353,1,42,6089475,375,0,2250,0,1,20,285572,3353,0,43,0,0,0,LEADER,1,4,1,26,42,375,0,0,0,0,0,0,0,0,0
288991,40,bully,3419,1,42,6092247,375,0,2250,0,1,40,285572,3419,0,43,0,0,0,LEADER,1,4,1,46,42,375,0,0,0,0,0,0,0,0,0
290565,2,bully,2707,1,42,6061956,378,750,2268,4500,1,1,287858,2707,0,43,0,0,0,NORMAL,0,3,1,10,105,378,0,750,0,0,0,0,0,0,0
290779,19,bully,2910,1,42,6070754,378,0,2268,0,1,19,287869,2910,0,43,0,0,0,LEADER,1,4,1,28,42,378,0,0,0,0,0,0,0,0,0
290819,29,bully,2944,1,42,6072297,378,0,2268,0,1,29,287875,2944,0,43,0,0,0,LEADER,1,4,1,38,42,378,0,0,0,0,0,0,0,0,0
290988,36,bully,3113,1,42,6079395,378,0,2268,0,1,36,287875,3113,0,43,0,0,0,LEADER,1,4,1,45,42,378,0,0,0,0,0,0,0,0,0
290704,31,bully,2829,1,42,6067467,378,0,2268,0,1,31,287875,2829,0,43,0,0,0,LEADER,1,4,1,40,42,378,0,0,0,0,0,0,0,0,0
291043,45,bully,3168,1,42,6081705,378,0,2268,0,1,45,287875,3168,0,43,0,0,0,LEADER,1,4,1,54,42,378,0,0,0,0,0,0,0,0,0
290637,11,bully,2762,1,42,6064653,378,377,2268,2262,1,1,287875,2762,0,43,0,0,0,NORMAL,0,3,1,9,128,378,0,377,0,0,0,0,0,0,0
290737,41,bully,2862,1,42,6068853,378,0,2268,0,1,41,287875,2862,0,43,0,0,0,LEADER,1,4,1,50,42,378,0,0,0,0,0,0,0,0,0
290955,26,bully,3080,1,42,6078009,378,0,2268,0,1,26,287875,3080,0,43,0,0,0,LEADER,1,4,1,35,42,378,0,0,0,0,0,0,0,0,0
290729,4,bully,2854,1,42,6068517,378,740,2268,4440,1,1,287875,2854,0,43,0,0,0,NORMAL,0,3,1,9,130,378,0,740,0,0,0,0,0,0,0
290888,6,bully,3013,1,42,6075195,378,754,2268,4524,2,1,287875,3013,0,43,0,0,0,NORMAL,0,3,1,9,130,378,0,754,0,0,0,0,0,0,0
290608,12,bully,2740,1,42,6063602,378,375,2268,2250,1,1,287868,2740,0,43,0,0,0,NORMAL,0,3,1,8,154,378,0,375,0,0,0,0,0,0,0
290752,9,bully,2877,1,42,6069483,378,375,2268,2250,1,1,287875,2877,0,43,0,0,0,NORMAL,0,3,1,9,126,378,0,375,0,0,0,0,0,0,0
290907,48,bully,3032,1,42,6075993,378,0,2268,0,1,48,287875,3032,0,43,0,0,0,LEADER,1,4,1,57,42,378,0,0,0,0,0,0,0,0,0
290601,44,bully,2726,1,42,6063141,378,0,2268,0,1,44,287875,2726,0,43,0,0,0,LEADER,1,4,1,53,42,378,0,0,0,0,0,0,0,0,0
291309,8,bully,3434,1,42,6092877,378,377,2268,2262,2,1,287875,3434,0,43,0,0,0,NORMAL,0,3,1,9,132,378,0,377,0,0,0,0,0,0,0
290643,22,bully,2774,1,42,6065069,378,0,2268,0,1,22,287869,2774,0,43,0,0,0,LEADER,1,4,1,31,42,378,0,0,0,0,0,0,0,0,0
291316,39,bully,3441,1,42,6093171,378,0,2268,0,1,39,287875,3441,0,43,0,0,0,LEADER,1,4,1,48,42,378,0,0,0,0,0,0,0,0,0
290670,21,bully,2795,1,42,6066039,378,0,2268,0,1,21,287875,2795,0,43,0,0,0,LEADER,1,4,1,30,42,378,0,0,0,0,0,0,0,0,0
291025,3,bully,3150,1,42,6080949,378,756,2268,4536,1,1,287875,3150,0,43,0,0,0,NORMAL,0,3,1,9,127,378,0,756,0,0,0,0,0,0,0
291446,5,bully,3571,1,42,6098631,378,754,2268,4524,1,1,287875,3571,0,43,0,0,0,NORMAL,0,3,1,8,130,378,0,754,0,0,0,0,0,0,0
290867,38,bully,2998,1,42,6074436,378,0,2268,0,1,38,287869,2998,0,43,0,0,0,LEADER,1,4,1,47,42,378,0,0,0,0,0,0,0,0,0
291091,23,bully,3216,1,42,6083721,378,0,2268,0,1,23,287875,3216,0,43,0,0,0,LEADER,1,4,1,32,42,378,0,0,0,0,0,0,0,0,0
290917,16,bully,3047,1,42,6076502,378,378,2268,2268,2,1,287870,3047,0,43,0,0,0,NORMAL,0,3,1,9,167,378,0,378,0,0,0,0,0,0,0
290809,25,bully,2932,1,42,6071827,378,0,2268,0,1,25,287877,2932,0,43,0,0,0,LEADER,1,4,1,34,42,378,0,0,0,0,0,0,0,0,0
291116,33,bully,3250,1,42,6085017,378,0,2268,0,1,33,287866,3250,0,43,0,0,0,LEADER,1,4,1,42,42,378,0,0,0,0,0,0,0,0,0
291093,37,bully,3218,1,42,6083805,378,0,2268,0,1,37,287875,3218,0,43,0,0,0,LEADER,1,4,1,46,42,378,0,0,0,0,0,0,0,0,0
291347,49,bully,3474,1,42,6094527,378,0,2268,0,1,49,287873,3474,0,43,0,0,0,LEADER,1,4,1,58,42,378,0,0,0,0,0,0,0,0,0
291010,35,bully,3135,1,42,6080319,378,0,2268,0,1,35,287875,3135,0,43,0,0,0,LEADER,1,4,1,44,42,378,0,0,0,0,0,0,0,0,0
291486,46,bully,3611,1,42,6100311,378,0,2268,0,1,46,287875,3611,0,43,0,0,0,LEADER,1,4,1,55,42,378,0,0,0,0,0,0,0,0,0
291364,17,bully,3489,1,42,6095187,378,0,2268,0,1,17,287875,3489,0,43,0,0,0,LEADER,1,4,1,26,42,378,0,0,0,0,0,0,0,0,0
291501,14,bully,3626,1,42,6100941,378,375,2268,2250,2,1,287875,3626,0,43,0,0,0,NORMAL,0,3,1,9,131,378,0,375,0,0,0,0,0,0,0
291567,34,bully,3692,1,42,6103713,378,0,2268,0,1,34,287875,3692,0,43,0,0,0,LEADER,1,4,1,43,42,378,0,0,0,0,0,0,0,0,0
291176,42,bully,3304,1,42,6087270,378,0,2268,0,1,42,287872,3304,0,43,0,0,0,LEADER,1,4,1,51,42,378,0,0,0,0,0,0,0,0,0
291327,50,bully,3453,1,42,6093668,378,0,2268,0,1,50,287874,3453,0,43,0,0,0,LEADER,1,4,1,59,42,378,0,0,0,0,0,0,0,0,0
290840,28,bully,2965,1,42,6073179,378,0,2268,0,1,28,287875,2965,0,43,0,0,0,LEADER,1,4,1,37,42,378,0,0,0,0,0,0,0,0,0
291035,7,bully,3160,1,42,6081369,378,756,2268,4536,2,1,287875,3160,0,43,0,0,0,NORMAL,0,3,1,9,131,378,0,756,0,0,0,0,0,0,0
291476,15,bully,3603,1,42,6099937,378,378,2268,2268,2,1,287873,3603,0,43,0,0,0,NORMAL,0,3,1,9,162,378,0,378,0,0,0,0,0,0,0
291156,18,bully,3281,1,42,6086451,378,0,2268,0,1,18,287875,3281,0,43,0,0,0,LEADER,1,4,1,27,42,378,0,0,0,0,0,0,0,0,0
291140,1,bully,3265,1,42,6085779,378,758,2268,4548,1,1,287875,3265,0,43,0,0,0,LEADER,1,4,1,10,42,378,0,758,0,0,0,0,0,0,0
291426,30,bully,3556,1,42,6097915,378,0,2268,0,1,30,287870,3556,0,43,0,0,0,LEADER,1,4,1,39,42,378,0,0,0,0,0,0,0,0,0
291143,32,bully,3271,1,42,6085966,378,0,2268,0,1,32,287872,3271,0,43,0,0,0,LEADER,1,4,1,41,42,378,0,0,0,0,0,0,0,0,0
291461,10,bully,3592,1,42,6099393,378,379,2268,2274,1,1,287869,3592,0,43,0,0,0,NORMAL,0,3,1,10,85,378,0,379,0,0,0,0,0,0,0
291058,13,bully,3183,1,42,6082335,378,367,2268,2202,1,1,287875,3183,0,43,0,0,0,NORMAL,0,3,1,8,131,378,0,367,0,0,0,0,0,0,0
291158,43,bully,3283,1,42,6086535,378,0,2268,0,1,43,287875,3283,0,43,0,0,0,LEADER,1,4,1,52,42,378,0,0,0,0,0,0,0,0,0
291331,24,bully,3456,1,42,6093801,378,0,2268,0,1,24,287875,3456,0,43,0,0,0,LEADER,1,4,1,33,42,378,0,0,0,0,0,0,0,0,0
291397,27,bully,3522,1,42,6096573,378,0,2268,0,1,27,287875,3522,0,43,0,0,0,LEADER,1,4,1,36,42,378,0,0,0,0,0,0,0,0,0
291464,47,bully,3589,1,42,6099387,378,0,2268,0,1,47,287875,3589,0,43,0,0,0,LEADER,1,4,1,56,42,378,0,0,0,0,0,0,0,0,0
291228,20,bully,3353,1,42,6089475,378,0,2268,0,1,20,287875,3353,0,43,0,0,0,LEADER,1,4,1,29,42,378,0,0,0,0,0,0,0,0,0
291294,40,bully,3419,1,42,6092247,378,0,2268,0,1,40,287875,3419,0,43,0,0,0,LEADER,1,4,1,49,42,378,0,0,0,0,0,0,0,0,0
292868,2,bully,2707,1,43,6354824,381,756,2286,4536,1,1,290161,2707,0,44,0,0,0,NORMAL,0,3,2,4,107,381,0,756,0,0,0,0,0,0,0
293081,19,bully,2910,1,43,6363835,381,0,2286,0,1,19,290171,2910,0,44,0,0,0,LEADER,1,4,1,22,43,381,0,0,0,0,0,0,0,0,0
293122,29,bully,2944,1,43,6365419,381,0,2286,0,1,29,290178,2944,0,44,0,0,0,LEADER,1,4,1,32,43,381,0,0,0,0,0,0,0,0,0
293291,36,bully,3113,1,43,6372686,381,0,2286,0,1,36,290178,3113,0,44,0,0,0,LEADER,1,4,1,39,43,381,0,0,0,0,0,0,0,0,0
293007,31,bully,2829,1,43,6360474,381,0,2286,0,1,31,290178,2829,0,44,0,0,0,LEADER,1,4,1,34,43,381,0,0,0,0,0,0,0,0,0
293346,45,bully,3168,1,43,6375051,381,0,2286,0,1,45,290178,3168,0,44,0,0,0,LEADER,1,4,1,48,43,381,0,0,0,0,0,0,0,0,0
292940,11,bully,2762,1,43,6357593,381,380,2286,2280,1,1,290178,2762,0,44,0,0,0,NORMAL,0,3,2,3,131,381,0,380,0,0,0,0,0,0,0
293040,41,bully,2862,1,43,6361893,381,0,2286,0,1,41,290178,2862,0,44,0,0,0,LEADER,1,4,1,44,43,381,0,0,0,0,0,0,0,0,0
293258,26,bully,3080,1,43,6371267,381,0,2286,0,1,26,290178,3080,0,44,0,0,0,LEADER,1,4,1,29,43,381,0,0,0,0,0,0,0,0,0
293032,4,bully,2854,1,43,6361549,381,746,2286,4476,1,1,290178,2854,0,44,0,0,0,NORMAL,0,3,2,3,133,381,0,746,0,0,0,0,0,0,0
293191,6,bully,3013,1,43,6368386,381,760,2286,4560,2,1,290178,3013,0,44,0,0,0,NORMAL,0,3,2,3,133,381,0,760,0,0,0,0,0,0,0
292911,12,bully,2740,1,43,6356513,381,379,2286,2274,1,1,290171,2740,0,44,0,0,0,NORMAL,0,3,2,4,156,381,0,379,0,0,0,0,0,0,0
293055,9,bully,2877,1,43,6362538,381,378,2286,2268,1,1,290178,2877,0,44,0,0,0,NORMAL,0,3,2,3,129,381,0,378,0,0,0,0,0,0,0
293210,48,bully,3032,1,43,6369203,381,0,2286,0,1,48,290178,3032,0,44,0,0,0,LEADER,1,4,1,51,43,381,0,0,0,0,0,0,0,0,0
292904,44,bully,2726,1,43,6356045,381,0,2286,0,1,44,290178,2726,0,44,0,0,0,LEADER,1,4,1,47,43,381,0,0,0,0,0,0,0,0,0
293612,8,bully,3434,1,43,6386489,381,380,2286,2280,2,1,290178,3434,0,44,0,0,0,NORMAL,0,3,2,3,135,381,0,380,0,0,0,0,0,0,0
292946,22,bully,2774,1,43,6358015,381,0,2286,0,1,22,290172,2774,0,44,0,0,0,LEADER,1,4,1,25,43,381,0,0,0,0,0,0,0,0,0
293619,39,bully,3441,1,43,6386790,381,0,2286,0,1,39,290178,3441,0,44,0,0,0,LEADER,1,4,1,42,43,381,0,0,0,0,0,0,0,0,0
292973,21,bully,2795,1,43,6359012,381,0,2286,0,1,21,290178,2795,0,44,0,0,0,LEADER,1,4,1,24,43,381,0,0,0,0,0,0,0,0,0
293328,3,bully,3150,1,43,6374277,381,762,2286,4572,1,1,290178,3150,0,44,0,0,0,NORMAL,0,3,2,3,130,381,0,762,0,0,0,0,0,0,0
293749,5,bully,3571,1,43,6392380,381,760,2286,4560,1,1,290178,3571,0,44,0,0,0,NORMAL,0,3,2,3,133,381,0,760,0,0,0,0,0,0,0
293170,38,bully,2998,1,43,6367606,381,0,2286,0,1,38,290172,2998,0,44,0,0,0,LEADER,1,4,1,41,43,381,0,0,0,0,0,0,0,0,0
293394,23,bully,3216,1,43,6377115,381,0,2286,0,1,23,290178,3216,0,44,0,0,0,LEADER,1,4,1,26,43,381,0,0,0,0,0,0,0,0,0
293220,16,bully,3047,1,43,6369722,381,381,2286,2286,2,1,290173,3047,0,44,0,0,0,NORMAL,0,3,2,3,171,381,0,381,0,0,0,0,0,0,0
293112,25,bully,2932,1,43,6364939,381,0,2286,0,1,25,290180,2932,0,44,0,0,0,LEADER,1,4,1,28,43,381,0,0,0,0,0,0,0,0,0
293419,33,bully,3250,1,43,6378436,381,0,2286,0,1,33,290169,3250,0,44,0,0,0,LEADER,1,4,1,36,43,381,0,0,0,0,0,0,0,0,0
293396,37,bully,3218,1,43,6377201,381,0,2286,0,1,37,290178,3218,0,44,0,0,0,LEADER,1,4,1,40,43,381,0,0,0,0,0,0,0,0,0
293650,49,bully,3474,1,43,6388177,381,0,2286,0,1,49,290176,3474,0,44,0,0,0,LEADER,1,4,1,52,43,381,0,0,0,0,0,0,0,0,0
293313,35,bully,3135,1,43,6373632,381,0,2286,0,1,35,290178,3135,0,44,0,0,0,LEADER,1,4,1,38,43,381,0,0,0,0,0,0,0,0,0
293789,46,bully,3611,1,43,6394100,381,0,2286,0,1,46,290178,3611,0,44,0,0,0,LEADER,1,4,1,49,43,381,0,0,0,0,0,0,0,0,0
293667,17,bully,3489,1,43,6388854,381,0,2286,0,1,17,290178,3489,0,44,0,0,0,LEADER,1,4,1,20,43,381,0,0,0,0,0,0,0,0,0
293804,14,bully,3626,1,43,6394745,381,378,2286,2268,2,1,290178,3626,0,44,0,0,0,NORMAL,0,3,2,3,134,381,0,378,0,0,0,0,0,0,0
293870,34,bully,3692,1,43,6397583,381,0,2286,0,1,34,290178,3692,0,44,0,0,0,LEADER,1,4,1,37,43,381,0,0,0,0,0,0,0,0,0
293478,42,bully,3304,1,43,6380748,381,0,2286,0,1,42,290174,3304,0,44,0,0,0,LEADER,1,4,1,45,43,381,0,0,0,0,0,0,0,0,0
293630,50,bully,3453,1,43,6387298,381,0,2286,0,1,50,290177,3453,0,44,0,0,0,LEADER,1,4,1,53,43,381,0,0,0,0,0,0,0,0,0
293143,28,bully,2965,1,43,6366322,381,0,2286,0,1,28,290178,2965,0,44,0,0,0,LEADER,1,4,1,31,43,381,0,0,0,0,0,0,0,0,0
293338,7,bully,3160,1,43,6374707,381,762,2286,4572,2,1,290178,3160,0,44,0,0,0,NORMAL,0,3,2,3,134,381,0,762,0,0,0,0,0,0,0
293779,15,bully,3603,1,43,6393716,381,381,2286,2286,2,1,290176,3603,0,44,0,0,0,NORMAL,0,3,2,3,166,381,0,381,0,0,0,0,0,0,0
293459,18,bully,3281,1,43,6379910,381,0,2286,0,1,18,290178,3281,0,44,0,0,0,LEADER,1,4,1,21,43,381,0,0,0,0,0,0,0,0,0
293443,1,bully,3265,1,43,6379222,381,764,2286,4584,1,1,290178,3265,0,44,0,0,0,LEADER,1,4,1,4,43,381,0,764,0,0,0,0,0,0,0
293729,30,bully,3556,1,43,6391644,381,0,2286,0,1,30,290173,3556,0,44,0,0,0,LEADER,1,4,1,33,43,381,0,0,0,0,0,0,0,0,0
293446,32,bully,3271,1,43,6379412,381,0,2286,0,1,32,290175,3271,0,44,0,0,0,LEADER,1,4,1,35,43,381,0,0,0,0,0,0,0,0,0
293764,10,bully,3592,1,43,6393157,381,382,2286,2292,1,1,290172,3592,0,44,0,0,0,NORMAL,0,3,2,4,87,381,0,382,0,0,0,0,0,0,0
293361,13,bully,3183,1,43,6375696,381,370,2286,2220,1,1,290178,3183,0,44,0,0,0,NORMAL,0,3,2,3,134,381,0,370,0,0,0,0,0,0,0
293461,43,bully,3283,1,43,6379996,381,0,2286,0,1,43,290178,3283,0,44,0,0,0,LEADER,1,4,1,46,43,381,0,0,0,0,0,0,0,0,0
293634,24,bully,3456,1,43,6387435,381,0,2286,0,1,24,290178,3456,0,44,0,0,0,LEADER,1,4,1,27,43,381,0,0,0,0,0,0,0,0,0
293700,27,bully,3522,1,43,6390273,381,0,2286,0,1,27,290178,3522,0,44,0,0,0,LEADER,1,4,1,30,43,381,0,0,0,0,0,0,0,0,0
293767,47,bully,3589,1,43,6393154,381,0,2286,0,1,47,290178,3589,0,44,0,0,0,LEADER,1,4,1,50,43,381,0,0,0,0,0,0,0,0,0
293531,20,bully,3353,1,43,6383006,381,0,2286,0,1,20,290178,3353,0,44,0,0,0,LEADER,1,4,1,23,43,381,0,0,0,0,0,0,0,0,0
293597,40,bully,3419,1,43,6385844,381,0,2286,0,1,40,290178,3419,0,44,0,0,0,LEADER,1,4,1,43,43,381,0,0,0,0,0,0,0,0,0
295171,2,bully,2707,1,43,6354824,384,762,2304,4572,1,1,292464,2707,0,44,0,0,0,NORMAL,0,3,1,7,107,384,0,762,0,0,0,0,0,0,0
295384,19,bully,2910,1,43,6363835,384,0,2304,0,1,19,292474,2910,0,44,0,0,0,LEADER,1,4,1,25,43,384,0,0,0,0,0,0,0,0,0
295425,29,bully,2944,1,43,6365419,384,0,2304,0,1,29,292481,2944,0,44,0,0,0,LEADER,1,4,1,35,43,384,0,0,0,0,0,0,0,0,0
295594,36,bully,3113,1,43,6372686,384,0,2304,0,1,36,292481,3113,0,44,0,0,0,LEADER,1,4,1,42,43,384,0,0,0,0,0,0,0,0,0
295310,31,bully,2829,1,43,6360474,384,0,2304,0,1,31,292481,2829,0,44,0,0,0,LEADER,1,4,1,37,43,384,0,0,0,0,0,0,0,0,0
295649,45,bully,3168,1,43,6375051,384,0,2304,0,1,45,292481,3168,0,44,0,0,0,LEADER,1,4,1,51,43,384,0,0,0,0,0,0,0,0,0
295243,11,bully,2762,1,43,6357593,384,383,2304,2298,1,1,292481,2762,0,44,0,0,0,NORMAL,0,3,1,6,131,384,0,383,0,0,0,0,0,0,0
295343,41,bully,2862,1,43,6361893,384,0,2304,0,1,41,292481,2862,0,44,0,0,0,LEADER,1,4,1,47,43,384,0,0,0,0,0,0,0,0,0
295561,26,bully,3080,1,43,6371267,384,0,2304,0,1,26,292481,3080,0,44,0,0,0,LEADER,1,4,1,32,43,384,0,0,0,0,0,0,0,0,0
295335,4,bully,2854,1,43,6361549,384,752,2304,4512,1,1,292481,2854,0,44,0,0,0,NORMAL,0,3,1,6,133,384,0,752,0,0,0,0,0,0,0
295494,6,bully,3013,1,43,6368386,384,766,2304,4596,2,1,292481,3013,0,44,0,0,0,NORMAL,0,3,1,6,133,384,0,766,0,0,0,0,0,0,0
295214,12,bully,2740,1,43,6356513,384,382,2304,2292,1,1,292474,2740,0,44,0,0,0,NORMAL,0,3,1,7,156,384,0,382,0,0,0,0,0,0,0
295358,9,bully,2877,1,43,6362538,384,381,2304,2286,1,1,292481,2877,0,44,0,0,0,NORMAL,0,3,1,6,129,384,0,381,0,0,0,0,0,0,0
295513,48,bully,3032,1,43,6369203,384,0,2304,0,1,48,292481,3032,0,44,0,0,0,LEADER,1,4,1,54,43,384,0,0,0,0,0,0,0,0,0
295207,44,bully,2726,1,43,6356045,384,0,2304,0,1,44,292481,2726,0,44,0,0,0,LEADER,1,4,1,50,43,384,0,0,0,0,0,0,0,0,0
295915,8,bully,3434,1,43,6386489,384,383,2304,2298,2,1,292481,3434,0,44,0,0,0,NORMAL,0,3,1,6,135,384,0,383,0,0,0,0,0,0,0
295249,22,bully,2774,1,43,6358015,384,0,2304,0,1,22,292475,2774,0,44,0,0,0,LEADER,1,4,1,28,43,384,0,0,0,0,0,0,0,0,0
295923,39,bully,3441,1,43,6386790,384,0,2304,0,1,39,292482,3441,0,44,0,0,0,LEADER,1,4,1,45,43,384,0,0,0,0,0,0,0,0,0
295276,21,bully,2795,1,43,6359012,384,0,2304,0,1,21,292481,2795,0,44,0,0,0,LEADER,1,4,1,27,43,384,0,0,0,0,0,0,0,0,0
295631,3,bully,3150,1,43,6374277,384,768,2304,4608,1,1,292481,3150,0,44,0,0,0,NORMAL,0,3,1,6,130,384,0,768,0,0,0,0,0,0,0
296052,5,bully,3571,1,43,6392380,384,766,2304,4596,1,1,292481,3571,0,44,0,0,0,NORMAL,0,3,1,6,133,384,0,766,0,0,0,0,0,0,0
295473,38,bully,2998,1,43,6367606,384,0,2304,0,1,38,292475,2998,0,44,0,0,0,LEADER,1,4,1,44,43,384,0,0,0,0,0,0,0,0,0
295697,23,bully,3216,1,43,6377115,384,0,2304,0,1,23,292481,3216,0,44,0,0,0,LEADER,1,4,1,29,43,384,0,0,0,0,0,0,0,0,0
295523,16,bully,3047,1,43,6369722,384,384,2304,2304,2,1,292476,3047,0,44,0,0,0,NORMAL,0,3,1,6,171,384,0,384,0,0,0,0,0,0,0
295415,25,bully,2932,1,43,6364939,384,0,2304,0,1,25,292483,2932,0,44,0,0,0,LEADER,1,4,1,31,43,384,0,0,0,0,0,0,0,0,0
295722,33,bully,3250,1,43,6378436,384,0,2304,0,1,33,292472,3250,0,44,0,0,0,LEADER,1,4,1,39,43,384,0,0,0,0,0,0,0,0,0
295699,37,bully,3218,1,43,6377201,384,0,2304,0,1,37,292481,3218,0,44,0,0,0,LEADER,1,4,1,43,43,384,0,0,0,0,0,0,0,0,0
295953,49,bully,3474,1,43,6388177,384,0,2304,0,1,49,292479,3474,0,44,0,0,0,LEADER,1,4,1,55,43,384,0,0,0,0,0,0,0,0,0
295616,35,bully,3135,1,43,6373632,384,0,2304,0,1,35,292481,3135,0,44,0,0,0,LEADER,1,4,1,41,43,384,0,0,0,0,0,0,0,0,0
296092,46,bully,3611,1,43,6394100,384,0,2304,0,1,46,292481,3611,0,44,0,0,0,LEADER,1,4,1,52,43,384,0,0,0,0,0,0,0,0,0
295970,17,bully,3489,1,43,6388854,384,0,2304,0,1,17,292481,3489,0,44,0,0,0,LEADER,1,4,1,23,43,384,0,0,0,0,0,0,0,0,0
296107,14,bully,3626,1,43,6394745,384,381,2304,2286,2,1,292481,3626,0,44,0,0,0,NORMAL,0,3,1,6,134,384,0,381,0,0,0,0,0,0,0
296173,34,bully,3692,1,43,6397583,384,0,2304,0,1,34,292481,3692,0,44,0,0,0,LEADER,1,4,1,40,43,384,0,0,0,0,0,0,0,0,0
295781,42,bully,3304,1,43,6380748,384,0,2304,0,1,42,292477,3304,0,44,0,0,0,LEADER,1,4,1,48,43,384,0,0,0,0,0,0,0,0,0
295933,50,bully,3453,1,43,6387298,384,0,2304,0,1,50,292480,3453,0,44,0,0,0,LEADER,1,4,1,56,43,384,0,0,0,0,0,0,0,0,0
295446,28,bully,2965,1,43,6366322,384,0,2304,0,1,28,292481,2965,0,44,0,0,0,LEADER,1,4,1,34,43,384,0,0,0,0,0,0,0,0,0
295641,7,bully,3160,1,43,6374707,384,768,2304,4608,2,1,292481,3160,0,44,0,0,0,NORMAL,0,3,1,6,134,384,0,768,0,0,0,0,0,0,0
296082,15,bully,3603,1,43,6393716,384,384,2304,2304,2,1,292479,3603,0,44,0,0,0,NORMAL,0,3,1,6,166,384,0,384,0,0,0,0,0,0,0
295762,18,bully,3281,1,43,6379910,384,0,2304,0,1,18,292481,3281,0,44,0,0,0,LEADER,1,4,1,24,43,384,0,0,0,0,0,0,0,0,0
295746,1,bully,3265,1,43,6379222,384,770,2304,4620,1,1,292481,3265,0,44,0,0,0,LEADER,1,4,1,7,43,384,0,770,0,0,0,0,0,0,0
296032,30,bully,3556,1,43,6391644,384,0,2304,0,1,30,292476,3556,0,44,0,0,0,LEADER,1,4,1,36,43,384,0,0,0,0,0,0,0,0,0
295749,32,bully,3271,1,43,6379412,384,0,2304,0,1,32,292478,3271,0,44,0,0,0,LEADER,1,4,1,38,43,384,0,0,0,0,0,0,0,0,0
296067,10,bully,3592,1,43,6393157,384,385,2304,2310,1,1,292475,3592,0,44,0,0,0,NORMAL,0,3,1,7,87,384,0,385,0,0,0,0,0,0,0
295664,13,bully,3183,1,43,6375696,384,373,2304,2238,1,1,292481,3183,0,44,0,0,0,NORMAL,0,3,1,6,134,384,0,373,0,0,0,0,0,0,0
295764,43,bully,3283,1,43,6379996,384,0,2304,0,1,43,292481,3283,0,44,0,0,0,LEADER,1,4,1,49,43,384,0,0,0,0,0,0,0,0,0
295937,24,bully,3456,1,43,6387435,384,0,2304,0,1,24,292481,3456,0,44,0,0,0,LEADER,1,4,1,30,43,384,0,0,0,0,0,0,0,0,0
296003,27,bully,3522,1,43,6390273,384,0,2304,0,1,27,292481,3522,0,44,0,0,0,LEADER,1,4,1,33,43,384,0,0,0,0,0,0,0,0,0
296070,47,bully,3589,1,43,6393154,384,0,2304,0,1,47,292481,3589,0,44,0,0,0,LEADER,1,4,1,53,43,384,0,0,0,0,0,0,0,0,0
295834,20,bully,3353,1,43,6383006,384,0,2304,0,1,20,292481,3353,0,44,0,0,0,LEADER,1,4,1,26,43,384,0,0,0,0,0,0,0,0,0
295900,40,bully,3419,1,43,6385844,384,0,2304,0,1,40,292481,3419,0,44,0,0,0,LEADER,1,4,1,46,43,384,0,0,0,0,0,0,0,0,0
297687,19,bully,2910,1,43,6363835,387,0,2322,0,1,19,294777,2910,0,44,0,0,0,LEADER,1,4,1,28,43,387,0,0,0,0,0,0,0,0,0
297474,2,bully,2707,1,43,6354824,387,768,2322,4608,1,1,294767,2707,0,44,0,0,0,NORMAL,0,3,1,10,107,387,0,768,0,0,0,0,0,0,0
297728,29,bully,2944,1,43,6365419,387,0,2322,0,1,29,294784,2944,0,44,0,0,0,LEADER,1,4,1,38,43,387,0,0,0,0,0,0,0,0,0
297897,36,bully,3113,1,43,6372686,387,0,2322,0,1,36,294784,3113,0,44,0,0,0,LEADER,1,4,1,45,43,387,0,0,0,0,0,0,0,0,0
297613,31,bully,2829,1,43,6360474,387,0,2322,0,1,31,294784,2829,0,44,0,0,0,LEADER,1,4,1,40,43,387,0,0,0,0,0,0,0,0,0
297952,45,bully,3168,1,43,6375051,387,0,2322,0,1,45,294784,3168,0,44,0,0,0,LEADER,1,4,1,54,43,387,0,0,0,0,0,0,0,0,0
297546,11,bully,2762,1,43,6357593,387,386,2322,2316,1,1,294784,2762,0,44,0,0,0,NORMAL,0,3,1,9,131,387,0,386,0,0,0,0,0,0,0
297646,41,bully,2862,1,43,6361893,387,0,2322,0,1,41,294784,2862,0,44,0,0,0,LEADER,1,4,1,50,43,387,0,0,0,0,0,0,0,0,0
297864,26,bully,3080,1,43,6371267,387,0,2322,0,1,26,294784,3080,0,44,0,0,0,LEADER,1,4,1,35,43,387,0,0,0,0,0,0,0,0,0
297638,4,bully,2854,1,43,6361549,387,758,2322,4548,1,1,294784,2854,0,44,0,0,0,NORMAL,0,3,1,9,133,387,0,758,0,0,0,0,0,0,0
297797,6,bully,3013,1,43,6368386,387,772,2322,4632,2,1,294784,3013,0,44,0,0,0,NORMAL,0,3,1,9,133,387,0,772,0,0,0,0,0,0,0
297517,12,bully,2740,1,43,6356513,387,384,2322,2304,1,1,294777,2740,0,44,0,0,0,NORMAL,0,3,1,10,156,387,0,384,0,0,0,0,0,0,0
297661,9,bully,2877,1,43,6362538,387,384,2322,2304,1,1,294784,2877,0,44,0,0,0,NORMAL,0,3,1,9,129,387,0,384,0,0,0,0,0,0,0
297816,48,bully,3032,1,43,6369203,387,0,2322,0,1,48,294784,3032,0,44,0,0,0,LEADER,1,4,1,57,43,387,0,0,0,0,0,0,0,0,0
297510,44,bully,2726,1,43,6356045,387,0,2322,0,1,44,294784,2726,0,44,0,0,0,LEADER,1,4,1,53,43,387,0,0,0,0,0,0,0,0,0
298218,8,bully,3434,1,43,6386489,387,386,2322,2316,2,1,294784,3434,0,44,0,0,0,NORMAL,0,3,1,9,135,387,0,386,0,0,0,0,0,0,0
297552,22,bully,2774,1,43,6358015,387,0,2322,0,1,22,294778,2774,0,44,0,0,0,LEADER,1,4,1,31,43,387,0,0,0,0,0,0,0,0,0
298226,39,bully,3441,1,43,6386790,387,0,2322,0,1,39,294785,3441,0,44,0,0,0,LEADER,1,4,1,48,43,387,0,0,0,0,0,0,0,0,0
297579,21,bully,2795,1,43,6359012,387,0,2322,0,1,21,294784,2795,0,44,0,0,0,LEADER,1,4,1,30,43,387,0,0,0,0,0,0,0,0,0
297934,3,bully,3150,1,43,6374277,387,774,2322,4644,1,1,294784,3150,0,44,0,0,0,NORMAL,0,3,1,9,130,387,0,774,0,0,0,0,0,0,0
298355,5,bully,3571,1,43,6392380,387,772,2322,4632,1,1,294784,3571,0,44,0,0,0,NORMAL,0,3,1,9,133,387,0,772,0,0,0,0,0,0,0
297776,38,bully,2998,1,43,6367606,387,0,2322,0,1,38,294778,2998,0,44,0,0,0,LEADER,1,4,1,47,43,387,0,0,0,0,0,0,0,0,0
298000,23,bully,3216,1,43,6377115,387,0,2322,0,1,23,294784,3216,0,44,0,0,0,LEADER,1,4,1,32,43,387,0,0,0,0,0,0,0,0,0
297826,16,bully,3047,1,43,6369722,387,387,2322,2322,2,1,294779,3047,0,44,0,0,0,NORMAL,0,3,1,9,171,387,0,387,0,0,0,0,0,0,0
297718,25,bully,2932,1,43,6364939,387,0,2322,0,1,25,294786,2932,0,44,0,0,0,LEADER,1,4,1,34,43,387,0,0,0,0,0,0,0,0,0
298025,33,bully,3250,1,43,6378436,387,0,2322,0,1,33,294775,3250,0,44,0,0,0,LEADER,1,4,1,42,43,387,0,0,0,0,0,0,0,0,0
298002,37,bully,3218,1,43,6377201,387,0,2322,0,1,37,294784,3218,0,44,0,0,0,LEADER,1,4,1,46,43,387,0,0,0,0,0,0,0,0,0
298256,49,bully,3474,1,43,6388177,387,0,2322,0,1,49,294782,3474,0,44,0,0,0,LEADER,1,4,1,58,43,387,0,0,0,0,0,0,0,0,0
297919,35,bully,3135,1,43,6373632,387,0,2322,0,1,35,294784,3135,0,44,0,0,0,LEADER,1,4,1,44,43,387,0,0,0,0,0,0,0,0,0
298395,46,bully,3611,1,43,6394100,387,0,2322,0,1,46,294784,3611,0,44,0,0,0,LEADER,1,4,1,55,43,387,0,0,0,0,0,0,0,0,0
298273,17,bully,3489,1,43,6388854,387,0,2322,0,1,17,294784,3489,0,44,0,0,0,LEADER,1,4,1,26,43,387,0,0,0,0,0,0,0,0,0
298410,14,bully,3626,1,43,6394745,387,384,2322,2304,2,1,294784,3626,0,44,0,0,0,NORMAL,0,3,1,9,134,387,0,384,0,0,0,0,0,0,0
298476,34,bully,3692,1,43,6397583,387,0,2322,0,1,34,294784,3692,0,44,0,0,0,LEADER,1,4,1,43,43,387,0,0,0,0,0,0,0,0,0
298084,42,bully,3304,1,43,6380748,387,0,2322,0,1,42,294780,3304,0,44,0,0,0,LEADER,1,4,1,51,43,387,0,0,0,0,0,0,0,0,0
298236,50,bully,3453,1,43,6387298,387,0,2322,0,1,50,294783,3453,0,44,0,0,0,LEADER,1,4,1,59,43,387,0,0,0,0,0,0,0,0,0
297749,28,bully,2965,1,43,6366322,387,0,2322,0,1,28,294784,2965,0,44,0,0,0,LEADER,1,4,1,37,43,387,0,0,0,0,0,0,0,0,0
297944,7,bully,3160,1,43,6374707,387,774,2322,4644,2,1,294784,3160,0,44,0,0,0,NORMAL,0,3,1,9,134,387,0,774,0,0,0,0,0,0,0
298385,15,bully,3603,1,43,6393716,387,387,2322,2322,2,1,294782,3603,0,44,0,0,0,NORMAL,0,3,1,9,166,387,0,387,0,0,0,0,0,0,0
298065,18,bully,3281,1,43,6379910,387,0,2322,0,1,18,294784,3281,0,44,0,0,0,LEADER,1,4,1,27,43,387,0,0,0,0,0,0,0,0,0
298049,1,bully,3265,1,43,6379222,387,776,2322,4656,1,1,294784,3265,0,44,0,0,0,LEADER,1,4,1,10,43,387,0,776,0,0,0,0,0,0,0
298335,30,bully,3556,1,43,6391644,387,0,2322,0,1,30,294779,3556,0,44,0,0,0,LEADER,1,4,1,39,43,387,0,0,0,0,0,0,0,0,0
298052,32,bully,3271,1,43,6379412,387,0,2322,0,1,32,294781,3271,0,44,0,0,0,LEADER,1,4,1,41,43,387,0,0,0,0,0,0,0,0,0
298370,10,bully,3592,1,43,6393157,387,388,2322,2328,1,1,294778,3592,0,44,0,0,0,NORMAL,0,3,1,10,87,387,0,388,0,0,0,0,0,0,0
297967,13,bully,3183,1,43,6375696,387,376,2322,2256,1,1,294784,3183,0,44,0,0,0,NORMAL,0,3,1,9,134,387,0,376,0,0,0,0,0,0,0
298067,43,bully,3283,1,43,6379996,387,0,2322,0,1,43,294784,3283,0,44,0,0,0,LEADER,1,4,1,52,43,387,0,0,0,0,0,0,0,0,0
298240,24,bully,3456,1,43,6387435,387,0,2322,0,1,24,294784,3456,0,44,0,0,0,LEADER,1,4,1,33,43,387,0,0,0,0,0,0,0,0,0
298306,27,bully,3522,1,43,6390273,387,0,2322,0,1,27,294784,3522,0,44,0,0,0,LEADER,1,4,1,36,43,387,0,0,0,0,0,0,0,0,0
298373,47,bully,3589,1,43,6393154,387,0,2322,0,1,47,294784,3589,0,44,0,0,0,LEADER,1,4,1,56,43,387,0,0,0,0,0,0,0,0,0
298137,20,bully,3353,1,43,6383006,387,0,2322,0,1,20,294784,3353,0,44,0,0,0,LEADER,1,4,1,29,43,387,0,0,0,0,0,0,0,0,0
298203,40,bully,3419,1,43,6385844,387,0,2322,0,1,40,294784,3419,0,44,0,0,0,LEADER,1,4,1,49,43,387,0,0,0,0,0,0,0,0,0
