timestamp,node_id,algorithm,first_convergence_time_ms,elections_started,elections_completed,total_election_time_ms,messages_sent,messages_received,bytes_sent,bytes_received,leader_changes,current_leader,time_in_normal_ms,time_in_election_ms,time_in_waiting_ms,state_transitions,timeouts_detected,heartbeats_sent,heartbeats_received,current_state,am_leader,elections_won,elections_lost,msg_election_sent,msg_answer_sent,msg_coordinator_sent,msg_alive_sent,msg_election_recv,msg_answer_recv,msg_coordinator_recv,msg_alive_recv,duplicates_filtered,invalid_coordinators,coordinator_reannouncements,alive_adoptions
10148,70,bully,8180,5,2,4033,102,2227,816,17816,6,74,587,5414,4000,13,2,0,5,ELECTION,0,1,1,5,96,1,0,108,2094,20,5,0,14,0,0
10177,49,bully,8196,5,3,4481,73,2213,584,17704,14,58,1246,4667,4088,21,2,0,6,NORMAL,0,1,2,5,67,1,0,104,2084,19,6,0,8,0,2
10180,27,bully,6865,2,2,666,44,2224,352,17792,22,58,3315,666,6020,27,1,0,6,NORMAL,0,0,2,2,42,0,0,109,2089,20,6,0,0,0,3
10028,62,bully,7992,7,4,1101,96,2235,768,17880,6,88,574,5328,4098,18,1,0,8,NORMAL,0,0,4,7,89,0,0,106,2100,21,8,0,14,0,0
10095,82,bully,7873,4,1,49,108,2271,864,18168,4,88,657,5344,4000,9,1,0,8,NORMAL,0,0,1,4,104,0,0,110,2132,21,8,0,17,0,0
10262,15,bully,6650,2,2,534,28,2282,224,18256,24,87,3612,534,5855,29,1,0,8,NORMAL,0,0,2,2,26,0,0,111,2141,22,8,0,0,0,3
10167,72,bully,7814,6,1,144,106,2288,848,18304,7,87,874,5127,4000,15,1,0,8,ELECTION,0,0,1,6,100,0,0,113,2144,23,8,0,15,0,0
10505,55,bully,8071,6,4,955,86,2333,688,18664,12,85,1035,4799,4167,23,1,0,8,NORMAL,0,0,4,6,80,0,0,115,2185,25,8,0,14,0,2
10383,44,bully,6585,2,1,3894,57,2311,456,18488,26,85,3768,3924,2309,30,0,0,8,NORMAL,0,0,1,2,55,0,0,114,2164,25,8,0,1,0,3
10367,76,bully,7916,7,3,746,110,2319,880,18552,6,85,835,2765,6400,16,1,0,8,NORMAL,0,0,3,7,103,0,0,116,2170,25,8,0,19,0,0
10015,94,bully,8475,3,2,4462,139,2271,1112,18168,1,94,72,5930,4000,5,2,1,8,ELECTION,0,1,1,3,110,25,1,112,2125,26,8,0,26,24,0
10109,50,bully,7578,6,5,1963,76,2263,608,18104,19,90,1796,2020,6184,30,1,0,8,NORMAL,0,0,5,6,70,0,0,111,2118,26,8,0,9,0,2
10165,59,bully,7628,7,3,908,95,2275,760,18200,11,90,1075,2773,6153,22,1,0,8,NORMAL,0,0,3,7,88,0,0,113,2128,26,8,0,14,0,0
10789,78,bully,8249,8,4,1619,118,2342,944,18736,7,90,924,2838,6239,19,1,0,8,NORMAL,0,0,4,8,110,0,0,120,2188,26,8,0,19,0,0
10601,29,bully,6659,2,2,287,47,2345,376,18760,28,90,3942,287,5772,33,1,0,8,NORMAL,0,0,2,2,45,0,0,121,2190,26,8,0,0,0,3
10843,87,bully,4843,7,3,4919,158,2379,1264,19032,4,90,2855,7016,129,14,1,1,8,NORMAL,0,1,2,7,121,29,1,126,2220,25,8,0,21,28,0
10804,46,bully,6768,3,3,450,63,2376,504,19008,27,90,4006,450,5545,34,1,0,8,NORMAL,0,0,3,3,60,0,0,125,2217,26,8,0,1,0,3
10586,61,bully,7898,9,6,2536,104,2352,832,18816,11,90,1226,3290,5485,27,1,0,8,NORMAL,0,0,6,9,95,0,0,120,2198,26,8,0,14,0,0
10676,85,bully,4676,6,1,4000,154,2376,1232,19008,5,90,2839,7161,0,12,1,1,8,ELECTION,0,1,0,6,118,29,1,124,2218,26,8,0,21,28,0
10874,13,bully,6746,2,2,157,24,2407,192,19256,31,84,4128,157,5716,36,1,0,8,NORMAL,0,0,2,2,22,0,0,128,2242,29,8,0,0,0,3
10451,64,bully,7661,7,4,3920,110,2337,880,18696,13,84,1302,6279,2421,25,0,0,8,NORMAL,0,0,4,7,103,0,0,121,2179,29,8,0,15,0,0
11007,63,bully,5007,8,4,5342,140,2419,1120,19352,14,84,3178,6159,664,26,1,1,8,NORMAL,0,1,3,8,106,25,1,130,2253,28,8,0,14,24,0
11077,40,bully,6870,1,1,2139,54,2421,432,19368,31,84,4207,2139,3655,34,0,0,8,NORMAL,0,0,1,1,53,0,0,130,2254,29,8,0,0,0,3
10247,16,bully,6029,2,2,316,29,2302,232,18416,32,91,4218,316,5467,37,1,0,9,NORMAL,0,0,2,2,27,0,0,118,2146,29,9,0,0,0,4
10747,24,bully,6493,1,1,2251,40,2397,320,19176,32,91,4254,2251,3495,35,0,0,9,NORMAL,0,0,1,1,39,0,0,127,2232,29,9,0,0,0,4
10299,99,bully,4298,3,2,8002,198,2330,1584,18640,1,99,1768,8234,0,5,1,3,9,ELECTION,0,2,0,3,121,71,3,121,2170,30,9,0,30,69,0
10340,47,bully,4340,2,1,4001,82,2321,656,18568,28,84,5943,4058,0,30,1,1,8,NORMAL,0,1,0,2,61,18,1,120,2168,25,8,0,1,17,3
10571,93,bully,4571,3,2,7609,197,2379,1576,19032,1,93,1684,8229,88,5,1,3,9,ELECTION,0,1,1,3,123,68,3,126,2215,29,9,0,29,67,0
11198,69,bully,5198,7,1,4001,141,2454,1128,19632,14,84,3123,6878,0,22,1,1,9,NORMAL,0,1,0,7,111,22,1,132,2283,30,9,0,17,21,1
10331,35,bully,6005,2,1,871,50,2320,400,18560,33,84,4326,1675,4000,37,1,0,9,NORMAL,0,0,1,2,48,0,0,121,2160,30,9,0,0,0,4
11009,20,bully,6680,2,2,518,36,2433,288,19464,33,84,4329,518,5153,38,1,0,9,NORMAL,0,0,2,2,34,0,0,129,2265,30,9,0,0,0,4
10991,95,bully,4991,3,2,8001,205,2449,1640,19592,1,95,1738,8262,0,5,1,3,9,ELECTION,0,2,0,3,129,70,3,131,2279,30,9,0,30,68,0
11295,25,bully,6928,2,1,817,42,2462,336,19696,33,84,4367,1634,4000,37,1,0,9,NORMAL,0,0,1,2,40,0,0,132,2291,30,9,0,0,0,4
10818,14,bully,6441,2,1,1522,26,2422,208,19376,33,84,4377,1623,4000,37,1,0,9,NORMAL,0,0,1,2,24,0,0,127,2256,30,9,0,0,0,4
10520,41,bully,6135,1,1,2442,53,2357,424,18856,33,84,4385,2442,3174,36,0,0,9,NORMAL,0,0,1,1,52,0,0,124,2194,30,9,0,0,0,4
10435,96,bully,4435,3,2,8002,196,2358,1568,18864,1,96,1683,8318,0,5,1,3,9,ELECTION,0,2,0,3,121,69,3,122,2197,30,9,0,30,67,0
10543,34,bully,6149,2,2,109,48,2363,384,18904,33,84,4394,109,5498,38,1,0,9,NORMAL,0,0,2,2,46,0,0,123,2201,30,9,0,0,0,4
11158,28,bully,6759,1,1,2370,45,2458,360,19664,33,84,4399,2370,3231,36,0,0,9,NORMAL,0,0,1,1,44,0,0,132,2287,30,9,0,0,0,4
10956,11,bully,6542,2,2,377,20,2449,160,19592,33,84,4414,377,5210,38,1,0,9,NORMAL,0,0,2,2,18,0,0,130,2280,30,9,0,0,0,4
10684,17,bully,6251,2,2,130,31,2392,248,19136,33,84,4433,130,5438,38,1,0,9,NORMAL,0,0,2,2,29,0,0,128,2225,30,9,0,0,0,4
10708,90,bully,4708,3,1,4001,152,2409,1216,19272,2,93,1783,8218,0,5,1,1,9,ELECTION,0,1,0,3,126,22,1,130,2241,29,9,0,28,21,0
10465,3,bully,6023,2,2,65,5,2375,40,19000,33,84,4442,65,5494,38,1,0,9,NORMAL,0,0,2,2,3,0,0,123,2213,30,9,0,0,0,4
10593,9,bully,6139,2,2,341,16,2391,128,19128,33,84,4454,341,5206,38,1,0,9,NORMAL,0,0,2,2,14,0,0,127,2225,30,9,0,0,0,4
11144,60,bully,5144,5,1,4001,124,2473,992,19784,17,84,3178,6823,0,23,1,1,8,NORMAL,0,1,0,5,98,20,1,134,2301,30,8,0,14,19,1
10856,98,bully,4856,3,2,8002,210,2445,1680,19560,1,98,1612,8389,0,5,1,3,9,ELECTION,0,2,0,3,132,72,3,133,2273,30,9,0,30,70,0
11289,91,bully,5289,3,1,4001,159,2491,1272,19928,2,93,1742,8259,0,5,1,1,8,ELECTION,0,1,0,3,133,22,1,137,2316,30,8,0,29,21,0
10737,26,bully,6257,1,1,2984,41,2405,328,19240,33,84,4480,2984,2536,36,0,0,9,NORMAL,0,0,1,1,40,0,0,130,2236,30,9,0,0,0,4
10722,58,bully,4722,8,7,5923,119,2403,952,19224,17,84,3178,6099,723,32,1,1,8,NORMAL,0,1,6,8,90,20,1,128,2237,30,8,0,14,19,1
10994,52,bully,4994,4,1,4000,105,2441,840,19528,21,84,3654,6346,0,25,1,1,9,NORMAL,0,1,0,4,80,20,1,131,2272,29,9,0,11,19,2
10704,5,bully,6155,2,2,512,9,2421,72,19368,33,84,4549,512,4940,38,1,0,9,NORMAL,0,0,2,2,7,0,0,129,2253,30,9,0,0,0,4
10885,45,bully,4885,2,1,4001,70,2443,560,19544,33,84,5970,4031,0,36,1,0,9,NORMAL,0,1,0,2,56,12,0,131,2273,30,9,0,1,11,4
11331,21,bully,6762,1,1,1497,37,2493,296,19944,33,84,4569,1497,3934,36,0,0,9,NORMAL,0,0,1,1,36,0,0,138,2316,30,9,0,0,0,4
10873,23,bully,6263,1,1,3129,38,2434,304,19472,33,84,4610,3129,2261,36,0,0,9,NORMAL,0,0,1,1,37,0,0,133,2262,30,9,0,0,0,4
10652,81,bully,4652,6,1,4000,148,2399,1184,19192,12,84,3020,6980,0,18,1,1,9,NORMAL,0,1,0,6,121,20,1,128,2232,30,9,0,20,19,1
11482,74,bully,5485,6,1,4003,147,2521,1176,20168,13,96,3034,6966,0,19,1,1,10,NORMAL,0,1,0,6,121,19,1,140,2344,27,10,0,17,18,2
10941,43,bully,4941,1,1,4001,67,2449,536,19592,34,96,6000,4001,0,36,1,0,10,NORMAL,0,1,0,1,54,12,0,134,2276,29,10,0,0,11,5
11176,6,bully,6432,2,2,794,11,2513,88,20104,34,96,4744,794,4463,39,1,0,10,NORMAL,0,0,2,2,9,0,0,134,2339,30,10,0,0,0,5
11454,73,bully,5454,7,1,4001,146,2531,1168,20248,15,96,3123,6878,0,23,1,1,10,NORMAL,0,1,0,7,119,19,1,138,2353,30,10,0,17,18,2
11635,39,bully,6876,1,1,3278,53,2534,424,20272,34,96,4759,3278,1964,37,0,0,10,NORMAL,0,0,1,1,52,0,0,139,2355,30,10,0,0,0,5
10906,84,bully,4906,6,1,4001,151,2449,1208,19592,8,96,2882,7119,0,15,1,1,10,NORMAL,0,1,0,6,124,20,1,132,2280,27,10,0,21,19,2
11084,89,bully,5084,5,1,4000,153,2488,1224,19904,5,96,1892,8108,0,10,1,1,10,NORMAL,0,1,0,5,129,18,1,133,2315,30,10,0,28,17,2
11401,86,bully,5401,7,1,4000,157,2537,1256,20296,7,96,2346,7654,0,15,1,1,10,NORMAL,0,1,0,7,131,18,1,137,2360,30,10,0,25,17,2
11567,19,bully,6722,1,1,1563,34,2556,272,20448,34,96,4845,1563,3592,37,0,0,10,NORMAL,0,0,1,1,33,0,0,139,2377,30,10,0,0,0,5
11688,48,bully,5688,4,2,5054,84,2560,672,20480,27,96,4454,5240,306,32,1,1,9,NORMAL,0,1,1,4,65,14,1,138,2385,28,9,0,6,13,4
11685,10,bully,6814,2,2,204,18,2574,144,20592,34,96,4871,204,4925,39,1,0,10,NORMAL,0,0,2,2,16,0,0,139,2395,30,10,0,0,0,5
11430,22,bully,6546,1,1,2812,38,2541,304,20328,34,96,4884,2812,2304,37,0,0,10,NORMAL,0,0,1,1,37,0,0,137,2364,30,10,0,0,0,5
10926,75,bully,4926,6,1,4001,135,2460,1080,19680,13,96,3020,6981,0,19,1,1,10,NORMAL,0,1,0,6,112,16,1,130,2290,30,10,0,20,15,2
11837,56,bully,5837,5,1,4000,112,2576,896,20608,18,96,3178,6822,0,24,1,1,10,NORMAL,0,1,0,5,91,15,1,141,2395,30,10,0,14,14,2
11347,18,bully,6426,1,1,1601,33,2531,264,20248,34,96,4921,1601,3478,37,0,0,10,NORMAL,0,0,1,1,32,0,0,138,2353,30,10,0,0,0,5
11674,80,bully,5674,6,1,4001,152,2576,1216,20608,13,96,3020,6981,0,19,1,1,10,NORMAL,0,1,0,6,129,16,1,141,2395,30,10,0,20,15,2
11272,38,bully,5272,1,1,4000,60,2524,480,20192,35,96,6000,4000,0,37,1,0,10,NORMAL,0,1,0,1,50,9,0,137,2347,30,10,0,0,8,5
11365,2,bully,6399,2,2,318,3,2563,24,20504,34,96,4966,318,4717,39,1,0,10,NORMAL,0,0,2,2,1,0,0,137,2386,30,10,0,0,0,5
11264,67,bully,5266,7,1,4002,136,2522,1088,20176,15,96,3121,6879,0,23,1,1,10,NORMAL,0,1,0,7,113,15,1,137,2345,30,10,0,17,14,2
11128,92,bully,5128,3,1,4000,150,2499,1200,19992,3,96,1551,8449,0,6,1,1,10,NORMAL,0,1,0,3,130,16,1,135,2324,30,10,0,29,15,1
11280,57,bully,5280,5,3,5444,107,2505,856,20040,19,95,3178,6667,156,27,1,1,9,NORMAL,0,1,2,5,89,12,1,136,2329,31,9,0,14,11,2
11498,42,bully,5498,1,1,4000,62,2562,496,20496,36,95,6000,4000,0,38,1,0,10,NORMAL,0,1,0,1,54,7,0,139,2382,31,10,0,0,6,5
11840,12,bully,6746,2,2,796,22,2617,176,20936,36,70,5094,796,4110,41,1,0,10,NORMAL,0,0,2,2,20,0,0,143,2432,32,10,0,0,0,5
11590,31,bully,6480,1,1,2432,47,2576,376,20608,36,70,5110,2432,2459,39,0,0,10,NORMAL,0,0,1,1,46,0,0,141,2393,32,10,0,0,0,5
11552,51,bully,5552,6,4,4930,95,2564,760,20512,26,70,3786,5390,824,35,1,1,9,NORMAL,0,1,3,6,76,12,1,137,2388,30,9,0,9,11,4
11636,8,bully,6488,2,1,607,14,2602,112,20816,36,70,5148,852,4000,40,1,0,10,NORMAL,0,0,1,2,12,0,0,140,2420,32,10,0,0,0,5
11823,88,bully,5823,6,1,4001,158,2618,1264,20944,6,95,1772,8229,0,12,1,1,9,ELECTION,0,1,0,6,137,14,1,143,2436,30,9,0,27,13,2
11534,37,bully,6344,1,1,2238,50,2574,400,20592,36,70,5190,2238,2573,39,0,0,10,NORMAL,0,0,1,1,49,0,0,139,2393,32,10,0,0,0,5
11538,83,bully,5538,7,1,4001,151,2571,1208,20568,13,95,2893,7108,0,20,1,1,10,ELECTION,0,1,0,7,129,14,1,138,2392,31,10,0,21,13,2
11785,4,bully,6473,2,1,431,7,2642,56,21136,36,70,5312,688,4000,40,1,0,10,NORMAL,0,0,1,2,5,0,0,140,2460,32,10,0,0,0,5
11648,7,bully,6333,1,1,822,12,2615,96,20920,36,70,5315,822,3863,39,0,0,10,NORMAL,0,0,1,1,11,0,0,139,2434,32,10,0,0,0,5
11367,54,bully,5370,4,1,4004,97,2520,776,20160,20,70,3414,6587,0,25,1,1,9,NORMAL,0,1,0,4,82,10,1,134,2347,30,9,0,12,9,2
11334,66,bully,5334,6,1,4000,128,2533,1024,20264,17,70,3127,6873,0,24,1,1,10,NORMAL,0,1,0,6,110,11,1,134,2358,31,10,0,16,10,2
11620,71,bully,5620,8,2,4019,135,2598,1080,20784,16,95,2814,6896,291,26,1,0,10,WAITING,0,1,1,8,116,11,0,139,2417,32,10,0,18,10,2
11959,79,bully,5959,7,1,4001,146,2646,1168,21168,14,95,2711,7290,0,21,1,0,10,ELECTION,0,1,0,7,128,11,0,143,2461,32,10,0,21,10,2
11741,100,bully,5740,3,2,8001,216,2632,1728,21056,1,100,663,9338,0,5,1,3,10,ELECTION,0,2,0,3,140,70,3,140,2450,32,10,0,32,68,0
11756,68,bully,5756,7,1,4001,131,2623,1048,20984,17,70,3123,6878,0,25,1,0,10,NORMAL,0,1,0,7,114,10,0,139,2442,32,10,0,17,9,2
11861,77,bully,5861,7,2,4067,138,2640,1104,21120,14,95,2648,7047,305,22,1,0,10,WAITING,0,1,1,7,121,10,0,139,2459,32,10,0,21,9,2
11877,97,bully,5876,3,2,8001,220,2657,1760,21256,1,97,554,9447,0,5,1,3,10,ELECTION,0,2,0,3,142,72,3,143,2472,32,10,0,32,70,0
11701,30,bully,5701,1,1,4000,49,2618,392,20944,38,97,6000,4000,0,40,1,0,10,NORMAL,0,1,0,1,45,3,0,142,2433,33,10,0,0,2,5
11892,65,bully,5892,6,1,4001,127,2644,1016,21152,19,97,3127,6874,0,26,1,0,10,NORMAL,0,1,0,6,112,9,0,143,2459,32,10,0,15,8,2
11974,53,bully,5974,5,1,4001,96,2661,768,21288,25,97,3536,6465,0,30,1,0,10,NORMAL,0,1,0,5,83,8,0,144,2474,33,10,0,12,7,3
11771,36,bully,5771,1,1,4001,53,2629,424,21032,38,97,6000,4001,0,40,1,0,10,NORMAL,0,1,0,1,49,3,0,141,2445,33,10,0,0,2,5
11810,32,bully,5810,1,1,4000,50,2631,400,21048,38,97,6000,4000,0,40,1,0,10,NORMAL,0,1,0,1,46,3,0,141,2447,33,10,0,0,2,5
11906,33,bully,5906,1,1,4000,49,2646,392,21168,39,93,6000,4000,0,41,1,0,10,NORMAL,0,1,0,1,46,2,0,142,2460,34,10,0,0,1,5
11921,1,bully,5968,1,1,75,1,2681,8,21448,38,93,5953,75,3972,41,0,0,10,NORMAL,0,0,1,1,0,0,0,143,2494,34,10,0,0,0,5
20148,70,bully,8180,7,2,4033,129,3163,1032,25304,28,100,10451,5550,4000,41,2,0,17,NORMAL,0,1,1,7,121,1,0,167,2933,46,17,0,17,0,3
20177,49,bully,8196,5,3,4481,74,3155,592,25240,40,100,11246,4667,4088,51,2,0,17,NORMAL,0,1,2,5,68,1,0,163,2929,46,17,0,8,0,5
20180,27,bully,6865,2,2,666,44,3160,352,25280,48,100,13315,666,6020,57,1,0,17,NORMAL,0,0,2,2,42,0,0,166,2930,47,17,0,0,0,6
20028,62,bully,7992,7,4,1101,112,3141,896,25128,31,100,10574,5328,4098,47,1,0,17,NORMAL,0,0,4,7,105,0,0,162,2915,47,17,0,14,0,3
20095,82,bully,7873,7,1,49,151,3122,1208,24976,25,100,10149,5852,4000,37,1,0,18,NORMAL,0,0,1,7,144,0,0,161,2896,47,18,0,21,0,3
20262,15,bully,6650,2,2,534,28,3157,224,25256,48,100,13612,534,5855,57,1,0,18,NORMAL,0,0,2,2,26,0,0,163,2929,47,18,0,0,0,6
20167,72,bully,7814,8,1,144,128,3124,1024,24992,27,100,10383,5618,4000,41,1,0,18,NORMAL,0,0,1,8,120,0,0,161,2898,47,18,0,18,0,3
20505,55,bully,8071,6,4,955,92,3156,736,25248,33,100,11035,4799,4167,48,1,0,18,NORMAL,0,0,4,6,86,0,0,162,2929,47,18,0,14,0,5
20383,44,bully,6585,2,1,3894,57,3146,456,25168,47,100,13768,3924,2309,55,0,0,18,NORMAL,0,0,1,2,55,0,0,163,2918,47,18,0,1,0,6
20367,76,bully,7916,9,3,746,137,3132,1096,25056,25,100,10378,3222,6400,41,1,0,18,NORMAL,0,0,3,9,128,0,0,162,2905,47,18,0,21,0,3
20014,94,bully,8475,5,2,4462,205,3072,1640,24576,14,100,8515,7486,4000,24,2,1,18,NORMAL,0,1,1,5,155,44,1,158,2849,47,18,0,32,43,2
20109,50,bully,7578,6,5,1963,76,3074,608,24592,39,100,11796,2020,6184,54,1,0,18,NORMAL,0,0,5,6,70,0,0,157,2852,47,18,0,9,0,5
20165,59,bully,7628,7,3,908,101,3080,808,24640,31,100,11075,2773,6153,46,1,0,18,NORMAL,0,0,3,7,94,0,0,159,2856,47,18,0,14,0,3
20789,78,bully,8249,10,5,2030,148,3136,1184,25088,25,100,10467,3253,6281,44,1,0,18,NORMAL,0,0,5,10,138,0,0,163,2908,47,18,0,21,0,3
20601,29,bully,6659,2,2,287,47,3151,376,25208,48,100,13942,287,5772,57,1,0,18,NORMAL,0,0,2,2,45,0,0,164,2922,47,18,0,0,0,6
20843,87,bully,4843,10,3,4919,196,3153,1568,25224,19,100,11893,7978,129,36,1,1,18,NORMAL,0,1,2,10,156,29,1,166,2923,46,18,0,26,28,3
20804,46,bully,6768,3,3,450,63,3162,504,25296,47,100,14006,450,5545,58,1,0,18,NORMAL,0,0,3,3,60,0,0,165,2932,47,18,0,1,0,6
20586,61,bully,7898,9,6,2536,109,3126,872,25008,31,100,11226,3290,5485,51,1,0,18,NORMAL,0,0,6,9,100,0,0,160,2901,47,18,0,14,0,3
20676,85,bully,4676,8,1,4000,189,3134,1512,25072,20,100,11893,8107,0,33,1,1,18,NORMAL,0,1,0,8,151,29,1,163,2907,46,18,0,25,28,3
20874,13,bully,6746,2,2,157,24,3173,192,25384,48,100,14128,157,5716,57,1,0,18,NORMAL,0,0,2,2,22,0,0,166,2942,47,18,0,0,0,6
20449,64,bully,7661,7,4,3920,115,3088,920,24704,30,100,11300,6279,2421,46,0,0,18,NORMAL,0,0,4,7,108,0,0,158,2865,47,18,0,15,0,3
21007,63,bully,5007,8,4,5342,144,3163,1152,25304,31,100,13178,6159,664,47,1,1,18,NORMAL,0,1,3,8,110,25,1,166,2933,46,18,0,14,24,3
21077,40,bully,6870,1,1,2139,54,3169,432,25352,48,100,14207,2139,3655,55,0,0,18,NORMAL,0,0,1,1,53,0,0,167,2937,47,18,0,0,0,6
20247,16,bully,6029,2,2,316,29,3048,232,24384,48,100,14218,316,5467,57,1,0,18,NORMAL,0,0,2,2,27,0,0,155,2828,47,18,0,0,0,6
20747,24,bully,6493,1,1,2251,40,3134,320,25072,48,100,14254,2251,3495,55,0,0,18,NORMAL,0,0,1,1,39,0,0,163,2906,47,18,0,0,0,6
20298,99,bully,4298,5,2,8002,262,3033,2096,24264,2,100,8765,11236,0,13,1,4,17,NORMAL,0,2,0,5,155,98,4,155,2815,46,17,0,40,96,0
20340,47,bully,4340,2,1,4001,82,3045,656,24360,43,100,15943,4058,0,49,1,1,17,NORMAL,0,1,0,2,61,18,1,155,2831,42,17,0,1,17,5
20571,93,bully,4571,4,3,7888,237,3086,1896,24688,14,100,10880,8859,262,24,1,3,18,NORMAL,0,1,2,4,155,75,3,160,2863,45,18,0,30,74,2
21198,69,bully,5198,7,1,4001,149,3167,1192,25336,29,100,13123,6878,0,41,1,1,18,NORMAL,0,1,0,7,119,22,1,166,2936,47,18,0,17,21,3
20331,35,bully,6005,2,1,871,50,3041,400,24328,48,100,14326,1675,4000,56,1,0,18,NORMAL,0,0,1,2,48,0,0,156,2820,47,18,0,0,0,6
21009,20,bully,6680,2,2,518,36,3154,288,25232,48,100,14329,518,5153,57,1,0,18,NORMAL,0,0,2,2,34,0,0,164,2925,47,18,0,0,0,6
20991,95,bully,4991,5,2,8001,248,3151,1984,25208,12,100,10509,9491,0,22,1,3,18,NORMAL,0,2,0,5,163,77,3,166,2922,45,18,0,32,75,2
21295,25,bully,6928,2,1,817,42,3174,336,25392,48,100,14367,1634,4000,56,1,0,18,NORMAL,0,0,1,2,40,0,0,167,2942,47,18,0,0,0,6
20818,14,bully,6441,2,1,1522,26,3132,208,25056,48,100,14377,1623,4000,56,1,0,18,NORMAL,0,0,1,2,24,0,0,162,2905,47,18,0,0,0,6
20520,41,bully,6135,1,1,2442,53,3065,424,24520,48,100,14385,2442,3174,55,0,0,18,NORMAL,0,0,1,1,52,0,0,159,2841,47,18,0,0,0,6
20435,96,bully,4435,4,2,8002,247,3051,1976,24408,8,100,9977,10024,0,17,1,3,16,NORMAL,0,2,0,4,155,85,3,157,2833,45,16,0,34,83,0
20543,34,bully,6149,2,2,109,48,3070,384,24560,48,100,14394,109,5498,57,1,0,18,NORMAL,0,0,2,2,46,0,0,158,2847,47,18,0,0,0,6
21158,28,bully,6759,1,1,2370,45,3164,360,25312,48,100,14399,2370,3231,55,0,0,18,NORMAL,0,0,1,1,44,0,0,167,2932,47,18,0,0,0,6
20956,11,bully,6542,2,2,377,20,3151,160,25208,48,100,14414,377,5210,57,1,0,18,NORMAL,0,0,2,2,18,0,0,163,2923,47,18,0,0,0,6
20684,17,bully,6251,2,2,130,31,3090,248,24720,48,100,14433,130,5438,57,1,0,18,NORMAL,0,0,2,2,29,0,0,160,2865,47,18,0,0,0,6
20708,90,bully,4708,4,1,4001,182,3092,1456,24736,16,100,11098,8903,0,24,1,1,18,NORMAL,0,1,0,4,155,22,1,162,2866,46,18,0,29,21,2
20465,3,bully,6023,2,2,65,5,3071,40,24568,48,100,14442,65,5494,57,1,0,18,NORMAL,0,0,2,2,3,0,0,155,2851,47,18,0,0,0,6
20593,9,bully,6139,2,2,341,16,3085,128,24680,48,100,14454,341,5206,57,1,0,18,NORMAL,0,0,2,2,14,0,0,158,2862,47,18,0,0,0,6
21144,60,bully,5144,5,1,4001,125,3160,1000,25280,32,100,13178,6823,0,42,1,1,17,NORMAL,0,1,0,5,99,20,1,164,2932,47,17,0,14,19,3
20856,98,bully,4856,5,2,8002,266,3125,2128,25000,3,100,8807,11194,0,14,1,4,18,NORMAL,0,2,0,5,162,95,4,164,2896,47,18,0,40,93,0
21289,91,bully,5289,4,1,4001,188,3164,1504,25312,16,100,11098,8903,0,24,1,1,17,NORMAL,0,1,0,4,161,22,1,168,2932,47,17,0,30,21,2
20737,26,bully,6257,1,1,2984,41,3093,328,24744,48,100,14480,2984,2536,55,0,0,18,NORMAL,0,0,1,1,40,0,0,161,2867,47,18,0,0,0,6
20722,58,bully,4722,8,7,5923,120,3084,960,24672,32,100,13178,6099,723,51,1,1,17,NORMAL,0,1,6,8,91,20,1,159,2861,47,17,0,14,19,3
20994,52,bully,4994,4,1,4000,106,3121,848,24968,36,100,13654,6346,0,44,1,1,18,NORMAL,0,1,0,4,81,20,1,162,2895,46,18,0,11,19,4
20704,5,bully,6155,2,2,512,9,3095,72,24760,48,100,14549,512,4940,57,1,0,18,NORMAL,0,0,2,2,7,0,0,158,2872,47,18,0,0,0,6
20885,45,bully,4885,2,1,4001,70,3116,560,24928,48,100,15970,4031,0,55,1,0,18,NORMAL,0,1,0,2,56,12,0,160,2891,47,18,0,1,11,6
21331,21,bully,6762,1,1,1497,37,3163,296,25304,48,100,14569,1497,3934,55,0,0,18,NORMAL,0,0,1,1,36,0,0,167,2931,47,18,0,0,0,6
20873,23,bully,6263,1,1,3129,38,3096,304,24768,48,100,14610,3129,2261,55,0,0,18,NORMAL,0,0,1,1,37,0,0,161,2870,47,18,0,0,0,6
20652,81,bully,4652,7,1,4000,166,3035,1328,24280,26,100,12567,7433,0,37,1,1,18,NORMAL,0,1,0,7,138,20,1,156,2814,47,18,0,21,19,3
21482,74,bully,5485,7,1,4003,155,3157,1240,25256,26,100,12581,7419,0,37,1,1,18,NORMAL,0,1,0,7,128,19,1,166,2929,44,18,0,18,18,3
20941,43,bully,4941,1,1,4001,67,3087,536,24696,48,100,16000,4001,0,54,1,0,18,NORMAL,0,1,0,1,54,12,0,162,2861,46,18,0,0,11,6
21176,6,bully,6432,2,2,794,11,3145,88,25160,48,100,14744,794,4463,57,1,0,18,NORMAL,0,0,2,2,9,0,0,162,2918,47,18,0,0,0,6
21454,73,bully,5454,8,1,4001,153,3151,1224,25208,28,100,12670,7331,0,41,1,1,18,NORMAL,0,1,0,8,125,19,1,165,2921,47,18,0,18,18,3
21635,39,bully,6876,1,1,3278,53,3163,424,25304,48,100,14759,3278,1964,55,0,0,18,NORMAL,0,0,1,1,52,0,0,167,2931,47,18,0,0,0,6
20906,84,bully,4906,7,1,4001,174,3060,1392,24480,21,100,12429,7572,0,33,1,1,18,NORMAL,0,1,0,7,146,20,1,160,2838,44,18,0,22,19,3
21084,89,bully,5084,6,1,4000,178,3089,1424,24712,18,100,11439,8561,0,28,1,1,18,NORMAL,0,1,0,6,153,18,1,160,2864,47,18,0,29,17,3
21401,86,bully,5401,8,1,4000,180,3137,1440,25096,20,100,11893,8107,0,33,1,1,18,NORMAL,0,1,0,8,153,18,1,165,2907,47,18,0,26,17,3
21567,19,bully,6722,1,1,1563,34,3166,272,25328,48,100,14845,1563,3592,55,0,0,18,NORMAL,0,0,1,1,33,0,0,166,2935,47,18,0,0,0,6
21688,48,bully,5688,4,2,5054,84,3164,672,25312,41,100,14454,5240,306,50,1,1,17,NORMAL,0,1,1,4,65,14,1,165,2937,45,17,0,6,13,5
21685,10,bully,6814,2,2,204,18,3179,144,25432,48,100,14871,204,4925,57,1,0,18,NORMAL,0,0,2,2,16,0,0,166,2948,47,18,0,0,0,6
21430,22,bully,6546,1,1,2812,38,3143,304,25144,48,100,14884,2812,2304,55,0,0,18,NORMAL,0,0,1,1,37,0,0,164,2914,47,18,0,0,0,6
20926,75,bully,4926,7,1,4001,145,3047,1160,24376,26,100,12567,7434,0,37,1,1,18,NORMAL,0,1,0,7,121,16,1,156,2826,47,18,0,21,15,3
21837,56,bully,5837,5,1,4000,112,3165,896,25320,32,100,13178,6822,0,42,1,1,18,NORMAL,0,1,0,5,91,15,1,167,2933,47,18,0,14,14,3
21347,18,bully,6426,1,1,1601,33,3125,264,25000,48,100,14921,1601,3478,55,0,0,18,NORMAL,0,0,1,1,32,0,0,163,2897,47,18,0,0,0,6
21674,80,bully,5674,7,1,4001,168,3151,1344,25208,26,100,12567,7434,0,37,1,1,18,NORMAL,0,1,0,7,144,16,1,165,2921,47,18,0,21,15,3
21272,38,bully,5272,1,1,4000,60,3114,480,24912,49,100,16000,4000,0,55,1,0,18,NORMAL,0,1,0,1,50,9,0,162,2887,47,18,0,0,8,6
21365,2,bully,6399,2,2,318,3,3148,24,25184,48,100,14966,318,4717,57,1,0,18,NORMAL,0,0,2,2,1,0,0,162,2921,47,18,0,0,0,6
21264,67,bully,5266,7,1,4002,137,3095,1096,24760,29,100,13121,6879,0,41,1,1,18,NORMAL,0,1,0,7,114,15,1,162,2868,47,18,0,17,14,3
21128,92,bully,5128,4,1,4000,174,3059,1392,24472,16,100,11098,8902,0,24,1,1,18,NORMAL,0,1,0,4,153,16,1,160,2834,47,18,0,30,15,2
21280,57,bully,5280,5,3,5444,107,3074,856,24592,32,100,13178,6667,156,44,1,1,17,NORMAL,0,1,2,5,89,12,1,160,2850,47,17,0,14,11,3
21498,42,bully,5498,1,1,4000,62,3127,496,25016,49,100,16000,4000,0,55,1,0,18,NORMAL,0,1,0,1,54,7,0,163,2899,47,18,0,0,6,6
21840,12,bully,6746,2,2,796,22,3175,176,25400,48,100,15094,796,4110,57,1,0,18,NORMAL,0,0,2,2,20,0,0,166,2944,47,18,0,0,0,6
21590,31,bully,6480,1,1,2432,47,3131,376,25048,48,100,15110,2432,2459,55,0,0,18,NORMAL,0,0,1,1,46,0,0,163,2903,47,18,0,0,0,6
21552,51,bully,5552,6,4,4930,95,3110,760,24880,38,100,13786,5390,824,51,1,1,17,NORMAL,0,1,3,6,76,12,1,159,2889,45,17,0,9,11,5
21636,8,bully,6488,2,1,607,14,3148,112,25184,48,100,15148,852,4000,56,1,0,18,NORMAL,0,0,1,2,12,0,0,162,2921,47,18,0,0,0,6
21823,88,bully,5823,6,1,4001,176,3141,1408,25128,18,100,11439,8562,0,28,1,1,17,NORMAL,0,1,0,6,155,14,1,164,2915,45,17,0,27,13,3
21534,37,bully,6344,1,1,2238,50,3111,400,24888,48,100,15190,2238,2573,55,0,0,18,NORMAL,0,0,1,1,49,0,0,161,2885,47,18,0,0,0,6
21538,83,bully,5538,7,1,4001,167,3089,1336,24712,25,100,12567,7434,0,36,1,1,18,NORMAL,0,1,0,7,145,14,1,159,2866,46,18,0,21,13,3
21785,4,bully,6473,2,1,431,7,3154,56,25232,48,100,15312,688,4000,56,1,0,18,NORMAL,0,0,1,2,5,0,0,162,2927,47,18,0,0,0,6
21648,7,bully,6333,1,1,822,12,3126,96,25008,48,100,15315,822,3863,55,0,0,18,NORMAL,0,0,1,1,11,0,0,161,2900,47,18,0,0,0,6
21367,54,bully,5370,4,1,4004,97,3023,776,24184,32,100,13414,6587,0,41,1,1,17,NORMAL,0,1,0,4,82,10,1,156,2805,45,17,0,12,9,3
21334,66,bully,5334,6,1,4000,128,3035,1024,24280,29,100,13127,6873,0,40,1,1,18,NORMAL,0,1,0,6,110,11,1,156,2815,46,18,0,16,10,3
21620,71,bully,5620,8,2,4019,136,3090,1088,24720,28,100,12670,6896,435,42,1,0,18,NORMAL,0,1,1,8,117,11,0,160,2865,47,18,0,18,10,3
21959,79,bully,5959,7,1,4001,158,3131,1264,25048,26,100,12567,7434,0,37,1,0,18,NORMAL,0,1,0,7,140,11,0,164,2902,47,18,0,21,10,3
21741,100,bully,5740,3,3,12002,266,3101,2128,24808,1,100,7999,12002,0,6,1,8,13,LEADER,1,3,0,3,162,93,8,162,2885,41,13,0,41,90,0
21756,68,bully,5756,7,1,4001,131,3104,1048,24832,29,100,13123,6878,0,41,1,0,19,NORMAL,0,1,0,7,114,10,0,161,2877,47,19,0,17,9,3
21861,77,bully,5861,7,2,4067,147,3113,1176,24904,26,100,12567,7047,386,38,1,0,19,NORMAL,0,1,1,7,130,10,0,160,2887,47,19,0,21,9,3
21876,97,bully,5876,4,2,8001,250,3110,2000,24880,3,100,9147,10853,0,13,1,3,18,NORMAL,0,2,0,4,160,83,3,162,2887,43,18,0,36,81,0
21701,30,bully,5701,1,1,4000,49,3080,392,24640,49,100,16000,4000,0,55,1,0,19,NORMAL,0,1,0,1,45,3,0,160,2854,47,19,0,0,2,6
21892,65,bully,5892,6,1,4001,127,3103,1016,24824,30,100,13127,6874,0,41,1,0,19,NORMAL,0,1,0,6,112,9,0,161,2877,46,19,0,15,8,3
21974,53,bully,5974,5,1,4001,96,3116,768,24928,36,100,13536,6465,0,45,1,0,19,NORMAL,0,1,0,5,83,8,0,162,2888,47,19,0,12,7,4
21771,36,bully,5771,1,1,4001,53,3072,424,24576,49,100,16000,4001,0,55,1,0,19,NORMAL,0,1,0,1,49,3,0,159,2847,47,19,0,0,2,6
21810,32,bully,5810,1,1,4000,50,3045,400,24360,49,100,16000,4000,0,55,1,0,19,NORMAL,0,1,0,1,46,3,0,157,2822,47,19,0,0,2,6
21906,33,bully,5906,1,1,4000,49,3045,392,24360,49,100,16000,4000,0,55,1,0,19,NORMAL,0,1,0,1,46,2,0,157,2822,47,19,0,0,1,6
21921,1,bully,5968,1,1,75,1,3064,8,24512,48,100,15953,75,3972,55,0,0,19,NORMAL,0,0,1,1,0,0,0,156,2842,47,19,0,0,0,6
30148,70,bully,8180,7,2,4033,129,3168,1032,25344,28,100,20451,5550,4000,41,2,0,22,NORMAL,0,1,1,7,121,1,0,167,2933,46,22,0,17,0,3
30177,49,bully,8196,5,3,4481,74,3160,592,25280,40,100,21246,4667,4088,51,2,0,22,NORMAL,0,1,2,5,68,1,0,163,2929,46,22,0,8,0,5
30180,27,bully,6865,2,2,666,44,3165,352,25320,48,100,23315,666,6020,57,1,0,22,NORMAL,0,0,2,2,42,0,0,166,2930,47,22,0,0,0,6
30028,62,bully,7992,7,4,1101,112,3146,896,25168,31,100,20574,5328,4098,47,1,0,22,NORMAL,0,0,4,7,105,0,0,162,2915,47,22,0,14,0,3
30095,82,bully,7873,7,1,49,151,3127,1208,25016,25,100,20149,5852,4000,37,1,0,23,NORMAL,0,0,1,7,144,0,0,161,2896,47,23,0,21,0,3
30262,15,bully,6650,2,2,534,28,3162,224,25296,48,100,23612,534,5855,57,1,0,23,NORMAL,0,0,2,2,26,0,0,163,2929,47,23,0,0,0,6
30167,72,bully,7814,8,1,144,128,3129,1024,25032,27,100,20383,5618,4000,41,1,0,23,NORMAL,0,0,1,8,120,0,0,161,2898,47,23,0,18,0,3
30505,55,bully,8071,6,4,955,92,3161,736,25288,33,100,21035,4799,4167,48,1,0,23,NORMAL,0,0,4,6,86,0,0,162,2929,47,23,0,14,0,5
30383,44,bully,6585,2,1,3894,57,3151,456,25208,47,100,23768,3924,2309,55,0,0,23,NORMAL,0,0,1,2,55,0,0,163,2918,47,23,0,1,0,6
30367,76,bully,7916,9,3,746,137,3137,1096,25096,25,100,20378,3222,6400,41,1,0,23,NORMAL,0,0,3,9,128,0,0,162,2905,47,23,0,21,0,3
30014,94,bully,8475,5,2,4462,205,3077,1640,24616,14,100,18515,7486,4000,24,2,1,23,NORMAL,0,1,1,5,155,44,1,158,2849,47,23,0,32,43,2
30109,50,bully,7578,6,5,1963,76,3079,608,24632,39,100,21796,2020,6184,54,1,0,23,NORMAL,0,0,5,6,70,0,0,157,2852,47,23,0,9,0,5
30165,59,bully,7628,7,3,908,101,3085,808,24680,31,100,21075,2773,6153,46,1,0,23,NORMAL,0,0,3,7,94,0,0,159,2856,47,23,0,14,0,3
30789,78,bully,8249,10,5,2030,148,3141,1184,25128,25,100,20467,3253,6281,44,1,0,23,NORMAL,0,0,5,10,138,0,0,163,2908,47,23,0,21,0,3
30601,29,bully,6659,2,2,287,47,3156,376,25248,48,100,23942,287,5772,57,1,0,23,NORMAL,0,0,2,2,45,0,0,164,2922,47,23,0,0,0,6
30843,87,bully,4843,10,3,4919,196,3158,1568,25264,19,100,21893,7978,129,36,1,1,23,NORMAL,0,1,2,10,156,29,1,166,2923,46,23,0,26,28,3
30804,46,bully,6768,3,3,450,63,3167,504,25336,47,100,24006,450,5545,58,1,0,23,NORMAL,0,0,3,3,60,0,0,165,2932,47,23,0,1,0,6
30586,61,bully,7898,9,6,2536,109,3131,872,25048,31,100,21226,3290,5485,51,1,0,23,NORMAL,0,0,6,9,100,0,0,160,2901,47,23,0,14,0,3
30676,85,bully,4676,8,1,4000,189,3139,1512,25112,20,100,21893,8107,0,33,1,1,23,NORMAL,0,1,0,8,151,29,1,163,2907,46,23,0,25,28,3
30874,13,bully,6746,2,2,157,24,3178,192,25424,48,100,24128,157,5716,57,1,0,23,NORMAL,0,0,2,2,22,0,0,166,2942,47,23,0,0,0,6
30449,64,bully,7661,7,4,3920,115,3093,920,24744,30,100,21300,6279,2421,46,0,0,23,NORMAL,0,0,4,7,108,0,0,158,2865,47,23,0,15,0,3
31007,63,bully,5007,8,4,5342,144,3168,1152,25344,31,100,23178,6159,664,47,1,1,23,NORMAL,0,1,3,8,110,25,1,166,2933,46,23,0,14,24,3
31077,40,bully,6870,1,1,2139,54,3174,432,25392,48,100,24207,2139,3655,55,0,0,23,NORMAL,0,0,1,1,53,0,0,167,2937,47,23,0,0,0,6
30247,16,bully,6029,2,2,316,29,3053,232,24424,48,100,24218,316,5467,57,1,0,23,NORMAL,0,0,2,2,27,0,0,155,2828,47,23,0,0,0,6
30747,24,bully,6493,1,1,2251,40,3139,320,25112,48,100,24254,2251,3495,55,0,0,23,NORMAL,0,0,1,1,39,0,0,163,2906,47,23,0,0,0,6
30298,99,bully,4298,5,2,8002,262,3038,2096,24304,2,100,18765,11236,0,13,1,4,22,NORMAL,0,2,0,5,155,98,4,155,2815,46,22,0,40,96,0
30340,47,bully,4340,2,1,4001,82,3050,656,24400,43,100,25943,4058,0,49,1,1,22,NORMAL,0,1,0,2,61,18,1,155,2831,42,22,0,1,17,5
30571,93,bully,4571,4,3,7888,237,3091,1896,24728,14,100,20880,8859,262,24,1,3,23,NORMAL,0,1,2,4,155,75,3,160,2863,45,23,0,30,74,2
31198,69,bully,5198,7,1,4001,149,3172,1192,25376,29,100,23123,6878,0,41,1,1,23,NORMAL,0,1,0,7,119,22,1,166,2936,47,23,0,17,21,3
30331,35,bully,6005,2,1,871,50,3046,400,24368,48,100,24326,1675,4000,56,1,0,23,NORMAL,0,0,1,2,48,0,0,156,2820,47,23,0,0,0,6
31009,20,bully,6680,2,2,518,36,3159,288,25272,48,100,24329,518,5153,57,1,0,23,NORMAL,0,0,2,2,34,0,0,164,2925,47,23,0,0,0,6
30991,95,bully,4991,5,2,8001,248,3156,1984,25248,12,100,20509,9491,0,22,1,3,23,NORMAL,0,2,0,5,163,77,3,166,2922,45,23,0,32,75,2
31295,25,bully,6928,2,1,817,42,3179,336,25432,48,100,24367,1634,4000,56,1,0,23,NORMAL,0,0,1,2,40,0,0,167,2942,47,23,0,0,0,6
30818,14,bully,6441,2,1,1522,26,3137,208,25096,48,100,24377,1623,4000,56,1,0,23,NORMAL,0,0,1,2,24,0,0,162,2905,47,23,0,0,0,6
30520,41,bully,6135,1,1,2442,53,3070,424,24560,48,100,24385,2442,3174,55,0,0,23,NORMAL,0,0,1,1,52,0,0,159,2841,47,23,0,0,0,6
30435,96,bully,4435,4,2,8002,247,3056,1976,24448,8,100,19977,10024,0,17,1,3,21,NORMAL,0,2,0,4,155,85,3,157,2833,45,21,0,34,83,0
30543,34,bully,6149,2,2,109,48,3075,384,24600,48,100,24394,109,5498,57,1,0,23,NORMAL,0,0,2,2,46,0,0,158,2847,47,23,0,0,0,6
31158,28,bully,6759,1,1,2370,45,3169,360,25352,48,100,24399,2370,3231,55,0,0,23,NORMAL,0,0,1,1,44,0,0,167,2932,47,23,0,0,0,6
30956,11,bully,6542,2,2,377,20,3156,160,25248,48,100,24414,377,5210,57,1,0,23,NORMAL,0,0,2,2,18,0,0,163,2923,47,23,0,0,0,6
30684,17,bully,6251,2,2,130,31,3095,248,24760,48,100,24433,130,5438,57,1,0,23,NORMAL,0,0,2,2,29,0,0,160,2865,47,23,0,0,0,6
30708,90,bully,4708,4,1,4001,182,3097,1456,24776,16,100,21098,8903,0,24,1,1,23,NORMAL,0,1,0,4,155,22,1,162,2866,46,23,0,29,21,2
30465,3,bully,6023,2,2,65,5,3076,40,24608,48,100,24442,65,5494,57,1,0,23,NORMAL,0,0,2,2,3,0,0,155,2851,47,23,0,0,0,6
30593,9,bully,6139,2,2,341,16,3090,128,24720,48,100,24454,341,5206,57,1,0,23,NORMAL,0,0,2,2,14,0,0,158,2862,47,23,0,0,0,6
31144,60,bully,5144,5,1,4001,125,3165,1000,25320,32,100,23178,6823,0,42,1,1,22,NORMAL,0,1,0,5,99,20,1,164,2932,47,22,0,14,19,3
30856,98,bully,4856,5,2,8002,266,3130,2128,25040,3,100,18807,11194,0,14,1,4,23,NORMAL,0,2,0,5,162,95,4,164,2896,47,23,0,40,93,0
31289,91,bully,5289,4,1,4001,188,3169,1504,25352,16,100,21098,8903,0,24,1,1,22,NORMAL,0,1,0,4,161,22,1,168,2932,47,22,0,30,21,2
30737,26,bully,6257,1,1,2984,41,3098,328,24784,48,100,24480,2984,2536,55,0,0,23,NORMAL,0,0,1,1,40,0,0,161,2867,47,23,0,0,0,6
30722,58,bully,4722,8,7,5923,120,3089,960,24712,32,100,23178,6099,723,51,1,1,22,NORMAL,0,1,6,8,91,20,1,159,2861,47,22,0,14,19,3
30994,52,bully,4994,4,1,4000,106,3126,848,25008,36,100,23654,6346,0,44,1,1,23,NORMAL,0,1,0,4,81,20,1,162,2895,46,23,0,11,19,4
30704,5,bully,6155,2,2,512,9,3100,72,24800,48,100,24549,512,4940,57,1,0,23,NORMAL,0,0,2,2,7,0,0,158,2872,47,23,0,0,0,6
30885,45,bully,4885,2,1,4001,70,3121,560,24968,48,100,25970,4031,0,55,1,0,23,NORMAL,0,1,0,2,56,12,0,160,2891,47,23,0,1,11,6
31331,21,bully,6762,1,1,1497,37,3168,296,25344,48,100,24569,1497,3934,55,0,0,23,NORMAL,0,0,1,1,36,0,0,167,2931,47,23,0,0,0,6
30873,23,bully,6263,1,1,3129,38,3101,304,24808,48,100,24610,3129,2261,55,0,0,23,NORMAL,0,0,1,1,37,0,0,161,2870,47,23,0,0,0,6
30652,81,bully,4652,7,1,4000,166,3040,1328,24320,26,100,22567,7433,0,37,1,1,23,NORMAL,0,1,0,7,138,20,1,156,2814,47,23,0,21,19,3
31482,74,bully,5485,7,1,4003,155,3162,1240,25296,26,100,22581,7419,0,37,1,1,23,NORMAL,0,1,0,7,128,19,1,166,2929,44,23,0,18,18,3
30941,43,bully,4941,1,1,4001,67,3092,536,24736,48,100,26000,4001,0,54,1,0,23,NORMAL,0,1,0,1,54,12,0,162,2861,46,23,0,0,11,6
31176,6,bully,6432,2,2,794,11,3150,88,25200,48,100,24744,794,4463,57,1,0,23,NORMAL,0,0,2,2,9,0,0,162,2918,47,23,0,0,0,6
31454,73,bully,5454,8,1,4001,153,3156,1224,25248,28,100,22670,7331,0,41,1,1,23,NORMAL,0,1,0,8,125,19,1,165,2921,47,23,0,18,18,3
31635,39,bully,6876,1,1,3278,53,3168,424,25344,48,100,24759,3278,1964,55,0,0,23,NORMAL,0,0,1,1,52,0,0,167,2931,47,23,0,0,0,6
30906,84,bully,4906,7,1,4001,174,3065,1392,24520,21,100,22429,7572,0,33,1,1,23,NORMAL,0,1,0,7,146,20,1,160,2838,44,23,0,22,19,3
31084,89,bully,5084,6,1,4000,178,3094,1424,24752,18,100,21439,8561,0,28,1,1,23,NORMAL,0,1,0,6,153,18,1,160,2864,47,23,0,29,17,3
31401,86,bully,5401,8,1,4000,180,3142,1440,25136,20,100,21893,8107,0,33,1,1,23,NORMAL,0,1,0,8,153,18,1,165,2907,47,23,0,26,17,3
31567,19,bully,6722,1,1,1563,34,3171,272,25368,48,100,24845,1563,3592,55,0,0,23,NORMAL,0,0,1,1,33,0,0,166,2935,47,23,0,0,0,6
31688,48,bully,5688,4,2,5054,84,3169,672,25352,41,100,24454,5240,306,50,1,1,22,NORMAL,0,1,1,4,65,14,1,165,2937,45,22,0,6,13,5
31685,10,bully,6814,2,2,204,18,3184,144,25472,48,100,24871,204,4925,57,1,0,23,NORMAL,0,0,2,2,16,0,0,166,2948,47,23,0,0,0,6
31430,22,bully,6546,1,1,2812,38,3148,304,25184,48,100,24884,2812,2304,55,0,0,23,NORMAL,0,0,1,1,37,0,0,164,2914,47,23,0,0,0,6
30926,75,bully,4926,7,1,4001,145,3052,1160,24416,26,100,22567,7434,0,37,1,1,23,NORMAL,0,1,0,7,121,16,1,156,2826,47,23,0,21,15,3
31837,56,bully,5837,5,1,4000,112,3170,896,25360,32,100,23178,6822,0,42,1,1,23,NORMAL,0,1,0,5,91,15,1,167,2933,47,23,0,14,14,3
31347,18,bully,6426,1,1,1601,33,3130,264,25040,48,100,24921,1601,3478,55,0,0,23,NORMAL,0,0,1,1,32,0,0,163,2897,47,23,0,0,0,6
31674,80,bully,5674,7,1,4001,168,3156,1344,25248,26,100,22567,7434,0,37,1,1,23,NORMAL,0,1,0,7,144,16,1,165,2921,47,23,0,21,15,3
31272,38,bully,5272,1,1,4000,60,3119,480,24952,49,100,26000,4000,0,55,1,0,23,NORMAL,0,1,0,1,50,9,0,162,2887,47,23,0,0,8,6
31365,2,bully,6399,2,2,318,3,3153,24,25224,48,100,24966,318,4717,57,1,0,23,NORMAL,0,0,2,2,1,0,0,162,2921,47,23,0,0,0,6
31264,67,bully,5266,7,1,4002,137,3100,1096,24800,29,100,23121,6879,0,41,1,1,23,NORMAL,0,1,0,7,114,15,1,162,2868,47,23,0,17,14,3
31128,92,bully,5128,4,1,4000,174,3064,1392,24512,16,100,21098,8902,0,24,1,1,23,NORMAL,0,1,0,4,153,16,1,160,2834,47,23,0,30,15,2
31280,57,bully,5280,5,3,5444,107,3079,856,24632,32,100,23178,6667,156,44,1,1,22,NORMAL,0,1,2,5,89,12,1,160,2850,47,22,0,14,11,3
31498,42,bully,5498,1,1,4000,62,3132,496,25056,49,100,26000,4000,0,55,1,0,23,NORMAL,0,1,0,1,54,7,0,163,2899,47,23,0,0,6,6
31840,12,bully,6746,2,2,796,22,3180,176,25440,48,100,25094,796,4110,57,1,0,23,NORMAL,0,0,2,2,20,0,0,166,2944,47,23,0,0,0,6
31590,31,bully,6480,1,1,2432,47,3136,376,25088,48,100,25110,2432,2459,55,0,0,23,NORMAL,0,0,1,1,46,0,0,163,2903,47,23,0,0,0,6
31552,51,bully,5552,6,4,4930,95,3115,760,24920,38,100,23786,5390,824,51,1,1,22,NORMAL,0,1,3,6,76,12,1,159,2889,45,22,0,9,11,5
31636,8,bully,6488,2,1,607,14,3153,112,25224,48,100,25148,852,4000,56,1,0,23,NORMAL,0,0,1,2,12,0,0,162,2921,47,23,0,0,0,6
31823,88,bully,5823,6,1,4001,176,3146,1408,25168,18,100,21439,8562,0,28,1,1,22,NORMAL,0,1,0,6,155,14,1,164,2915,45,22,0,27,13,3
31534,37,bully,6344,1,1,2238,50,3116,400,24928,48,100,25190,2238,2573,55,0,0,23,NORMAL,0,0,1,1,49,0,0,161,2885,47,23,0,0,0,6
31538,83,bully,5538,7,1,4001,167,3094,1336,24752,25,100,22567,7434,0,36,1,1,23,NORMAL,0,1,0,7,145,14,1,159,2866,46,23,0,21,13,3
31785,4,bully,6473,2,1,431,7,3159,56,25272,48,100,25312,688,4000,56,1,0,23,NORMAL,0,0,1,2,5,0,0,162,2927,47,23,0,0,0,6
31648,7,bully,6333,1,1,822,12,3131,96,25048,48,100,25315,822,3863,55,0,0,23,NORMAL,0,0,1,1,11,0,0,161,2900,47,23,0,0,0,6
31367,54,bully,5370,4,1,4004,97,3028,776,24224,32,100,23414,6587,0,41,1,1,22,NORMAL,0,1,0,4,82,10,1,156,2805,45,22,0,12,9,3
31334,66,bully,5334,6,1,4000,128,3040,1024,24320,29,100,23127,6873,0,40,1,1,23,NORMAL,0,1,0,6,110,11,1,156,2815,46,23,0,16,10,3
31620,71,bully,5620,8,2,4019,136,3095,1088,24760,28,100,22670,6896,435,42,1,0,23,NORMAL,0,1,1,8,117,11,0,160,2865,47,23,0,18,10,3
31959,79,bully,5959,7,1,4001,158,3136,1264,25088,26,100,22567,7434,0,37,1,0,23,NORMAL,0,1,0,7,140,11,0,164,2902,47,23,0,21,10,3
31741,100,bully,5740,3,3,12002,271,3101,2168,24808,1,100,17999,12002,0,6,1,13,13,LEADER,1,3,0,3,162,93,13,162,2885,41,13,0,41,90,0
31756,68,bully,5756,7,1,4001,131,3109,1048,24872,29,100,23123,6878,0,41,1,0,24,NORMAL,0,1,0,7,114,10,0,161,2877,47,24,0,17,9,3
31861,77,bully,5861,7,2,4067,147,3118,1176,24944,26,100,22567,7047,386,38,1,0,24,NORMAL,0,1,1,7,130,10,0,160,2887,47,24,0,21,9,3
31876,97,bully,5876,4,2,8001,250,3115,2000,24920,3,100,19147,10853,0,13,1,3,23,NORMAL,0,2,0,4,160,83,3,162,2887,43,23,0,36,81,0
31701,30,bully,5701,1,1,4000,49,3085,392,24680,49,100,26000,4000,0,55,1,0,24,NORMAL,0,1,0,1,45,3,0,160,2854,47,24,0,0,2,6
31892,65,bully,5892,6,1,4001,127,3108,1016,24864,30,100,23127,6874,0,41,1,0,24,NORMAL,0,1,0,6,112,9,0,161,2877,46,24,0,15,8,3
31974,53,bully,5974,5,1,4001,96,3121,768,24968,36,100,23536,6465,0,45,1,0,24,NORMAL,0,1,0,5,83,8,0,162,2888,47,24,0,12,7,4
31771,36,bully,5771,1,1,4001,53,3077,424,24616,49,100,26000,4001,0,55,1,0,24,NORMAL,0,1,0,1,49,3,0,159,2847,47,24,0,0,2,6
31810,32,bully,5810,1,1,4000,50,3050,400,24400,49,100,26000,4000,0,55,1,0,24,NORMAL,0,1,0,1,46,3,0,157,2822,47,24,0,0,2,6
31906,33,bully,5906,1,1,4000,49,3050,392,24400,49,100,26000,4000,0,55,1,0,24,NORMAL,0,1,0,1,46,2,0,157,2822,47,24,0,0,1,6
31921,1,bully,5968,1,1,75,1,3069,8,24552,48,100,25953,75,3972,55,0,0,24,NORMAL,0,0,1,1,0,0,0,156,2842,47,24,0,0,0,6
40148,70,bully,8180,7,2,4033,129,3173,1032,25384,28,100,30451,5550,4000,41,2,0,27,NORMAL,0,1,1,7,121,1,0,167,2933,46,27,0,17,0,3
40177,49,bully,8196,5,3,4481,74,3165,592,25320,40,100,31246,4667,4088,51,2,0,27,NORMAL,0,1,2,5,68,1,0,163,2929,46,27,0,8,0,5
40180,27,bully,6865,2,2,666,44,3170,352,25360,48,100,33315,666,6020,57,1,0,27,NORMAL,0,0,2,2,42,0,0,166,2930,47,27,0,0,0,6
40028,62,bully,7992,7,4,1101,112,3151,896,25208,31,100,30574,5328,4098,47,1,0,27,NORMAL,0,0,4,7,105,0,0,162,2915,47,27,0,14,0,3
40095,82,bully,7873,7,1,49,151,3132,1208,25056,25,100,30149,5852,4000,37,1,0,28,NORMAL,0,0,1,7,144,0,0,161,2896,47,28,0,21,0,3
40262,15,bully,6650,2,2,534,28,3167,224,25336,48,100,33612,534,5855,57,1,0,28,NORMAL,0,0,2,2,26,0,0,163,2929,47,28,0,0,0,6
40167,72,bully,7814,8,1,144,128,3134,1024,25072,27,100,30383,5618,4000,41,1,0,28,NORMAL,0,0,1,8,120,0,0,161,2898,47,28,0,18,0,3
40505,55,bully,8071,6,4,955,92,3166,736,25328,33,100,31035,4799,4167,48,1,0,28,NORMAL,0,0,4,6,86,0,0,162,2929,47,28,0,14,0,5
40383,44,bully,6585,2,1,3894,57,3156,456,25248,47,100,33768,3924,2309,55,0,0,28,NORMAL,0,0,1,2,55,0,0,163,2918,47,28,0,1,0,6
40367,76,bully,7916,9,3,746,137,3142,1096,25136,25,100,30378,3222,6400,41,1,0,28,NORMAL,0,0,3,9,128,0,0,162,2905,47,28,0,21,0,3
40014,94,bully,8475,5,2,4462,205,3082,1640,24656,14,100,28515,7486,4000,24,2,1,28,NORMAL,0,1,1,5,155,44,1,158,2849,47,28,0,32,43,2
40109,50,bully,7578,6,5,1963,76,3084,608,24672,39,100,31796,2020,6184,54,1,0,28,NORMAL,0,0,5,6,70,0,0,157,2852,47,28,0,9,0,5
40165,59,bully,7628,7,3,908,101,3090,808,24720,31,100,31075,2773,6153,46,1,0,28,NORMAL,0,0,3,7,94,0,0,159,2856,47,28,0,14,0,3
40789,78,bully,8249,10,5,2030,148,3146,1184,25168,25,100,30467,3253,6281,44,1,0,28,NORMAL,0,0,5,10,138,0,0,163,2908,47,28,0,21,0,3
40601,29,bully,6659,2,2,287,47,3161,376,25288,48,100,33942,287,5772,57,1,0,28,NORMAL,0,0,2,2,45,0,0,164,2922,47,28,0,0,0,6
40843,87,bully,4843,10,3,4919,196,3163,1568,25304,19,100,31893,7978,129,36,1,1,28,NORMAL,0,1,2,10,156,29,1,166,2923,46,28,0,26,28,3
40804,46,bully,6768,3,3,450,63,3172,504,25376,47,100,34006,450,5545,58,1,0,28,NORMAL,0,0,3,3,60,0,0,165,2932,47,28,0,1,0,6
40586,61,bully,7898,9,6,2536,109,3136,872,25088,31,100,31226,3290,5485,51,1,0,28,NORMAL,0,0,6,9,100,0,0,160,2901,47,28,0,14,0,3
40676,85,bully,4676,8,1,4000,189,3144,1512,25152,20,100,31893,8107,0,33,1,1,28,NORMAL,0,1,0,8,151,29,1,163,2907,46,28,0,25,28,3
40874,13,bully,6746,2,2,157,24,3183,192,25464,48,100,34128,157,5716,57,1,0,28,NORMAL,0,0,2,2,22,0,0,166,2942,47,28,0,0,0,6
40449,64,bully,7661,7,4,3920,115,3098,920,24784,30,100,31300,6279,2421,46,0,0,28,NORMAL,0,0,4,7,108,0,0,158,2865,47,28,0,15,0,3
41007,63,bully,5007,8,4,5342,144,3173,1152,25384,31,100,33178,6159,664,47,1,1,28,NORMAL,0,1,3,8,110,25,1,166,2933,46,28,0,14,24,3
41077,40,bully,6870,1,1,2139,54,3179,432,25432,48,100,34207,2139,3655,55,0,0,28,NORMAL,0,0,1,1,53,0,0,167,2937,47,28,0,0,0,6
40247,16,bully,6029,2,2,316,29,3058,232,24464,48,100,34218,316,5467,57,1,0,28,NORMAL,0,0,2,2,27,0,0,155,2828,47,28,0,0,0,6
40747,24,bully,6493,1,1,2251,40,3144,320,25152,48,100,34254,2251,3495,55,0,0,28,NORMAL,0,0,1,1,39,0,0,163,2906,47,28,0,0,0,6
40298,99,bully,4298,5,2,8002,262,3043,2096,24344,2,100,28765,11236,0,13,1,4,27,NORMAL,0,2,0,5,155,98,4,155,2815,46,27,0,40,96,0
40340,47,bully,4340,2,1,4001,82,3055,656,24440,43,100,35943,4058,0,49,1,1,27,NORMAL,0,1,0,2,61,18,1,155,2831,42,27,0,1,17,5
40571,93,bully,4571,4,3,7888,237,3096,1896,24768,14,100,30880,8859,262,24,1,3,28,NORMAL,0,1,2,4,155,75,3,160,2863,45,28,0,30,74,2
41198,69,bully,5198,7,1,4001,149,3177,1192,25416,29,100,33123,6878,0,41,1,1,28,NORMAL,0,1,0,7,119,22,1,166,2936,47,28,0,17,21,3
40331,35,bully,6005,2,1,871,50,3051,400,24408,48,100,34326,1675,4000,56,1,0,28,NORMAL,0,0,1,2,48,0,0,156,2820,47,28,0,0,0,6
41009,20,bully,6680,2,2,518,36,3164,288,25312,48,100,34329,518,5153,57,1,0,28,NORMAL,0,0,2,2,34,0,0,164,2925,47,28,0,0,0,6
40991,95,bully,4991,5,2,8001,248,3161,1984,25288,12,100,30509,9491,0,22,1,3,28,NORMAL,0,2,0,5,163,77,3,166,2922,45,28,0,32,75,2
41295,25,bully,6928,2,1,817,42,3184,336,25472,48,100,34367,1634,4000,56,1,0,28,NORMAL,0,0,1,2,40,0,0,167,2942,47,28,0,0,0,6
40818,14,bully,6441,2,1,1522,26,3142,208,25136,48,100,34377,1623,4000,56,1,0,28,NORMAL,0,0,1,2,24,0,0,162,2905,47,28,0,0,0,6
40520,41,bully,6135,1,1,2442,53,3075,424,24600,48,100,34385,2442,3174,55,0,0,28,NORMAL,0,0,1,1,52,0,0,159,2841,47,28,0,0,0,6
40435,96,bully,4435,4,2,8002,247,3061,1976,24488,8,100,29977,10024,0,17,1,3,26,NORMAL,0,2,0,4,155,85,3,157,2833,45,26,0,34,83,0
40543,34,bully,6149,2,2,109,48,3080,384,24640,48,100,34394,109,5498,57,1,0,28,NORMAL,0,0,2,2,46,0,0,158,2847,47,28,0,0,0,6
41158,28,bully,6759,1,1,2370,45,3174,360,25392,48,100,34399,2370,3231,55,0,0,28,NORMAL,0,0,1,1,44,0,0,167,2932,47,28,0,0,0,6
40956,11,bully,6542,2,2,377,20,3161,160,25288,48,100,34414,377,5210,57,1,0,28,NORMAL,0,0,2,2,18,0,0,163,2923,47,28,0,0,0,6
40684,17,bully,6251,2,2,130,31,3100,248,24800,48,100,34433,130,5438,57,1,0,28,NORMAL,0,0,2,2,29,0,0,160,2865,47,28,0,0,0,6
40708,90,bully,4708,4,1,4001,182,3102,1456,24816,16,100,31098,8903,0,24,1,1,28,NORMAL,0,1,0,4,155,22,1,162,2866,46,28,0,29,21,2
40465,3,bully,6023,2,2,65,5,3081,40,24648,48,100,34442,65,5494,57,1,0,28,NORMAL,0,0,2,2,3,0,0,155,2851,47,28,0,0,0,6
40593,9,bully,6139,2,2,341,16,3095,128,24760,48,100,34454,341,5206,57,1,0,28,NORMAL,0,0,2,2,14,0,0,158,2862,47,28,0,0,0,6
41144,60,bully,5144,5,1,4001,125,3170,1000,25360,32,100,33178,6823,0,42,1,1,27,NORMAL,0,1,0,5,99,20,1,164,2932,47,27,0,14,19,3
40856,98,bully,4856,5,2,8002,266,3135,2128,25080,3,100,28807,11194,0,14,1,4,28,NORMAL,0,2,0,5,162,95,4,164,2896,47,28,0,40,93,0
41289,91,bully,5289,4,1,4001,188,3174,1504,25392,16,100,31098,8903,0,24,1,1,27,NORMAL,0,1,0,4,161,22,1,168,2932,47,27,0,30,21,2
40737,26,bully,6257,1,1,2984,41,3103,328,24824,48,100,34480,2984,2536,55,0,0,28,NORMAL,0,0,1,1,40,0,0,161,2867,47,28,0,0,0,6
40722,58,bully,4722,8,7,5923,120,3094,960,24752,32,100,33178,6099,723,51,1,1,27,NORMAL,0,1,6,8,91,20,1,159,2861,47,27,0,14,19,3
40994,52,bully,4994,4,1,4000,106,3131,848,25048,36,100,33654,6346,0,44,1,1,28,NORMAL,0,1,0,4,81,20,1,162,2895,46,28,0,11,19,4
40704,5,bully,6155,2,2,512,9,3105,72,24840,48,100,34549,512,4940,57,1,0,28,NORMAL,0,0,2,2,7,0,0,158,2872,47,28,0,0,0,6
40885,45,bully,4885,2,1,4001,70,3126,560,25008,48,100,35970,4031,0,55,1,0,28,NORMAL,0,1,0,2,56,12,0,160,2891,47,28,0,1,11,6
41331,21,bully,6762,1,1,1497,37,3173,296,25384,48,100,34569,1497,3934,55,0,0,28,NORMAL,0,0,1,1,36,0,0,167,2931,47,28,0,0,0,6
40873,23,bully,6263,1,1,3129,38,3106,304,24848,48,100,34610,3129,2261,55,0,0,28,NORMAL,0,0,1,1,37,0,0,161,2870,47,28,0,0,0,6
40652,81,bully,4652,7,1,4000,166,3045,1328,24360,26,100,32567,7433,0,37,1,1,28,NORMAL,0,1,0,7,138,20,1,156,2814,47,28,0,21,19,3
41482,74,bully,5485,7,1,4003,155,3167,1240,25336,26,100,32581,7419,0,37,1,1,28,NORMAL,0,1,0,7,128,19,1,166,2929,44,28,0,18,18,3
40941,43,bully,4941,1,1,4001,67,3097,536,24776,48,100,36000,4001,0,54,1,0,28,NORMAL,0,1,0,1,54,12,0,162,2861,46,28,0,0,11,6
41176,6,bully,6432,2,2,794,11,3155,88,25240,48,100,34744,794,4463,57,1,0,28,NORMAL,0,0,2,2,9,0,0,162,2918,47,28,0,0,0,6
41454,73,bully,5454,8,1,4001,153,3161,1224,25288,28,100,32670,7331,0,41,1,1,28,NORMAL,0,1,0,8,125,19,1,165,2921,47,28,0,18,18,3
41635,39,bully,6876,1,1,3278,53,3173,424,25384,48,100,34759,3278,1964,55,0,0,28,NORMAL,0,0,1,1,52,0,0,167,2931,47,28,0,0,0,6
40906,84,bully,4906,7,1,4001,174,3070,1392,24560,21,100,32429,7572,0,33,1,1,28,NORMAL,0,1,0,7,146,20,1,160,2838,44,28,0,22,19,3
41084,89,bully,5084,6,1,4000,178,3099,1424,24792,18,100,31439,8561,0,28,1,1,28,NORMAL,0,1,0,6,153,18,1,160,2864,47,28,0,29,17,3
41401,86,bully,5401,8,1,4000,180,3147,1440,25176,20,100,31893,8107,0,33,1,1,28,NORMAL,0,1,0,8,153,18,1,165,2907,47,28,0,26,17,3
41567,19,bully,6722,1,1,1563,34,3176,272,25408,48,100,34845,1563,3592,55,0,0,28,NORMAL,0,0,1,1,33,0,0,166,2935,47,28,0,0,0,6
41688,48,bully,5688,4,2,5054,84,3174,672,25392,41,100,34454,5240,306,50,1,1,27,NORMAL,0,1,1,4,65,14,1,165,2937,45,27,0,6,13,5
41685,10,bully,6814,2,2,204,18,3189,144,25512,48,100,34871,204,4925,57,1,0,28,NORMAL,0,0,2,2,16,0,0,166,2948,47,28,0,0,0,6
41430,22,bully,6546,1,1,2812,38,3153,304,25224,48,100,34884,2812,2304,55,0,0,28,NORMAL,0,0,1,1,37,0,0,164,2914,47,28,0,0,0,6
40926,75,bully,4926,7,1,4001,145,3057,1160,24456,26,100,32567,7434,0,37,1,1,28,NORMAL,0,1,0,7,121,16,1,156,2826,47,28,0,21,15,3
41837,56,bully,5837,5,1,4000,112,3175,896,25400,32,100,33178,6822,0,42,1,1,28,NORMAL,0,1,0,5,91,15,1,167,2933,47,28,0,14,14,3
41347,18,bully,6426,1,1,1601,33,3135,264,25080,48,100,34921,1601,3478,55,0,0,28,NORMAL,0,0,1,1,32,0,0,163,2897,47,28,0,0,0,6
41674,80,bully,5674,7,1,4001,168,3161,1344,25288,26,100,32567,7434,0,37,1,1,28,NORMAL,0,1,0,7,144,16,1,165,2921,47,28,0,21,15,3
41272,38,bully,5272,1,1,4000,60,3124,480,24992,49,100,36000,4000,0,55,1,0,28,NORMAL,0,1,0,1,50,9,0,162,2887,47,28,0,0,8,6
41365,2,bully,6399,2,2,318,3,3158,24,25264,48,100,34966,318,4717,57,1,0,28,NORMAL,0,0,2,2,1,0,0,162,2921,47,28,0,0,0,6
41264,67,bully,5266,7,1,4002,137,3105,1096,24840,29,100,33121,6879,0,41,1,1,28,NORMAL,0,1,0,7,114,15,1,162,2868,47,28,0,17,14,3
41128,92,bully,5128,4,1,4000,174,3069,1392,24552,16,100,31098,8902,0,24,1,1,28,NORMAL,0,1,0,4,153,16,1,160,2834,47,28,0,30,15,2
41280,57,bully,5280,5,3,5444,107,3084,856,24672,32,100,33178,6667,156,44,1,1,27,NORMAL,0,1,2,5,89,12,1,160,2850,47,27,0,14,11,3
41498,42,bully,5498,1,1,4000,62,3137,496,25096,49,100,36000,4000,0,55,1,0,28,NORMAL,0,1,0,1,54,7,0,163,2899,47,28,0,0,6,6
41840,12,bully,6746,2,2,796,22,3185,176,25480,48,100,35094,796,4110,57,1,0,28,NORMAL,0,0,2,2,20,0,0,166,2944,47,28,0,0,0,6
41590,31,bully,6480,1,1,2432,47,3141,376,25128,48,100,35110,2432,2459,55,0,0,28,NORMAL,0,0,1,1,46,0,0,163,2903,47,28,0,0,0,6
41552,51,bully,5552,6,4,4930,95,3120,760,24960,38,100,33786,5390,824,51,1,1,27,NORMAL,0,1,3,6,76,12,1,159,2889,45,27,0,9,11,5
41636,8,bully,6488,2,1,607,14,3158,112,25264,48,100,35148,852,4000,56,1,0,28,NORMAL,0,0,1,2,12,0,0,162,2921,47,28,0,0,0,6
41823,88,bully,5823,6,1,4001,176,3151,1408,25208,18,100,31439,8562,0,28,1,1,27,NORMAL,0,1,0,6,155,14,1,164,2915,45,27,0,27,13,3
41534,37,bully,6344,1,1,2238,50,3121,400,24968,48,100,35190,2238,2573,55,0,0,28,NORMAL,0,0,1,1,49,0,0,161,2885,47,28,0,0,0,6
41538,83,bully,5538,7,1,4001,167,3099,1336,24792,25,100,32567,7434,0,36,1,1,28,NORMAL,0,1,0,7,145,14,1,159,2866,46,28,0,21,13,3
41785,4,bully,6473,2,1,431,7,3164,56,25312,48,100,35312,688,4000,56,1,0,28,NORMAL,0,0,1,2,5,0,0,162,2927,47,28,0,0,0,6
41648,7,bully,6333,1,1,822,12,3136,96,25088,48,100,35315,822,3863,55,0,0,28,NORMAL,0,0,1,1,11,0,0,161,2900,47,28,0,0,0,6
41367,54,bully,5370,4,1,4004,97,3033,776,24264,32,100,33414,6587,0,41,1,1,27,NORMAL,0,1,0,4,82,10,1,156,2805,45,27,0,12,9,3
41334,66,bully,5334,6,1,4000,128,3045,1024,24360,29,100,33127,6873,0,40,1,1,28,NORMAL,0,1,0,6,110,11,1,156,2815,46,28,0,16,10,3
41620,71,bully,5620,8,2,4019,136,3100,1088,24800,28,100,32670,6896,435,42,1,0,28,NORMAL,0,1,1,8,117,11,0,160,2865,47,28,0,18,10,3
41959,79,bully,5959,7,1,4001,158,3141,1264,25128,26,100,32567,7434,0,37,1,0,28,NORMAL,0,1,0,7,140,11,0,164,2902,47,28,0,21,10,3
41741,100,bully,5740,3,3,12002,276,3101,2208,24808,1,100,27999,12002,0,6,1,18,13,LEADER,1,3,0,3,162,93,18,162,2885,41,13,0,41,90,0
41756,68,bully,5756,7,1,4001,131,3114,1048,24912,29,100,33123,6878,0,41,1,0,29,NORMAL,0,1,0,7,114,10,0,161,2877,47,29,0,17,9,3
41861,77,bully,5861,7,2,4067,147,3123,1176,24984,26,100,32567,7047,386,38,1,0,29,NORMAL,0,1,1,7,130,10,0,160,2887,47,29,0,21,9,3
41876,97,bully,5876,4,2,8001,250,3120,2000,24960,3,100,29147,10853,0,13,1,3,28,NORMAL,0,2,0,4,160,83,3,162,2887,43,28,0,36,81,0
41701,30,bully,5701,1,1,4000,49,3090,392,24720,49,100,36000,4000,0,55,1,0,29,NORMAL,0,1,0,1,45,3,0,160,2854,47,29,0,0,2,6
41892,65,bully,5892,6,1,4001,127,3113,1016,24904,30,100,33127,6874,0,41,1,0,29,NORMAL,0,1,0,6,112,9,0,161,2877,46,29,0,15,8,3
41974,53,bully,5974,5,1,4001,96,3126,768,25008,36,100,33536,6465,0,45,1,0,29,NORMAL,0,1,0,5,83,8,0,162,2888,47,29,0,12,7,4
41771,36,bully,5771,1,1,4001,53,3082,424,24656,49,100,36000,4001,0,55,1,0,29,NORMAL,0,1,0,1,49,3,0,159,2847,47,29,0,0,2,6
41810,32,bully,5810,1,1,4000,50,3055,400,24440,49,100,36000,4000,0,55,1,0,29,NORMAL,0,1,0,1,46,3,0,157,2822,47,29,0,0,2,6
41906,33,bully,5906,1,1,4000,49,3055,392,24440,49,100,36000,4000,0,55,1,0,29,NORMAL,0,1,0,1,46,2,0,157,2822,47,29,0,0,1,6
41921,1,bully,5968,1,1,75,1,3074,8,24592,48,100,35953,75,3972,55,0,0,29,NORMAL,0,0,1,1,0,0,0,156,2842,47,29,0,0,0,6
50148,70,bully,8180,7,2,4033,129,3178,1032,25424,28,100,40451,5550,4000,41,2,0,32,NORMAL,0,1,1,7,121,1,0,167,2933,46,32,0,17,0,3
50177,49,bully,8196,5,3,4481,74,3170,592,25360,40,100,41246,4667,4088,51,2,0,32,NORMAL,0,1,2,5,68,1,0,163,2929,46,32,0,8,0,5
50180,27,bully,6865,2,2,666,44,3175,352,25400,48,100,43315,666,6020,57,1,0,32,NORMAL,0,0,2,2,42,0,0,166,2930,47,32,0,0,0,6
50028,62,bully,7992,7,4,1101,112,3156,896,25248,31,100,40574,5328,4098,47,1,0,32,NORMAL,0,0,4,7,105,0,0,162,2915,47,32,0,14,0,3
50095,82,bully,7873,7,1,49,151,3137,1208,25096,25,100,40149,5852,4000,37,1,0,33,NORMAL,0,0,1,7,144,0,0,161,2896,47,33,0,21,0,3
50262,15,bully,6650,2,2,534,28,3172,224,25376,48,100,43612,534,5855,57,1,0,33,NORMAL,0,0,2,2,26,0,0,163,2929,47,33,0,0,0,6
50167,72,bully,7814,8,1,144,128,3139,1024,25112,27,100,40383,5618,4000,41,1,0,33,NORMAL,0,0,1,8,120,0,0,161,2898,47,33,0,18,0,3
50505,55,bully,8071,6,4,955,92,3171,736,25368,33,100,41035,4799,4167,48,1,0,33,NORMAL,0,0,4,6,86,0,0,162,2929,47,33,0,14,0,5
50383,44,bully,6585,2,1,3894,57,3161,456,25288,47,100,43768,3924,2309,55,0,0,33,NORMAL,0,0,1,2,55,0,0,163,2918,47,33,0,1,0,6
50367,76,bully,7916,9,3,746,137,3147,1096,25176,25,100,40378,3222,6400,41,1,0,33,NORMAL,0,0,3,9,128,0,0,162,2905,47,33,0,21,0,3
50014,94,bully,8475,5,2,4462,205,3087,1640,24696,14,100,38515,7486,4000,24,2,1,33,NORMAL,0,1,1,5,155,44,1,158,2849,47,33,0,32,43,2
50109,50,bully,7578,6,5,1963,76,3089,608,24712,39,100,41796,2020,6184,54,1,0,33,NORMAL,0,0,5,6,70,0,0,157,2852,47,33,0,9,0,5
50165,59,bully,7628,7,3,908,101,3095,808,24760,31,100,41075,2773,6153,46,1,0,33,NORMAL,0,0,3,7,94,0,0,159,2856,47,33,0,14,0,3
50789,78,bully,8249,10,5,2030,148,3151,1184,25208,25,100,40467,3253,6281,44,1,0,33,NORMAL,0,0,5,10,138,0,0,163,2908,47,33,0,21,0,3
50601,29,bully,6659,2,2,287,47,3166,376,25328,48,100,43942,287,5772,57,1,0,33,NORMAL,0,0,2,2,45,0,0,164,2922,47,33,0,0,0,6
50843,87,bully,4843,10,3,4919,196,3168,1568,25344,19,100,41893,7978,129,36,1,1,33,NORMAL,0,1,2,10,156,29,1,166,2923,46,33,0,26,28,3
50804,46,bully,6768,3,3,450,63,3177,504,25416,47,100,44006,450,5545,58,1,0,33,NORMAL,0,0,3,3,60,0,0,165,2932,47,33,0,1,0,6
50586,61,bully,7898,9,6,2536,109,3141,872,25128,31,100,41226,3290,5485,51,1,0,33,NORMAL,0,0,6,9,100,0,0,160,2901,47,33,0,14,0,3
50676,85,bully,4676,8,1,4000,189,3149,1512,25192,20,100,41893,8107,0,33,1,1,33,NORMAL,0,1,0,8,151,29,1,163,2907,46,33,0,25,28,3
50874,13,bully,6746,2,2,157,24,3188,192,25504,48,100,44128,157,5716,57,1,0,33,NORMAL,0,0,2,2,22,0,0,166,2942,47,33,0,0,0,6
50449,64,bully,7661,7,4,3920,115,3103,920,24824,30,100,41300,6279,2421,46,0,0,33,NORMAL,0,0,4,7,108,0,0,158,2865,47,33,0,15,0,3
51007,63,bully,5007,8,4,5342,144,3178,1152,25424,31,100,43178,6159,664,47,1,1,33,NORMAL,0,1,3,8,110,25,1,166,2933,46,33,0,14,24,3
51077,40,bully,6870,1,1,2139,54,3184,432,25472,48,100,44207,2139,3655,55,0,0,33,NORMAL,0,0,1,1,53,0,0,167,2937,47,33,0,0,0,6
50247,16,bully,6029,2,2,316,29,3063,232,24504,48,100,44218,316,5467,57,1,0,33,NORMAL,0,0,2,2,27,0,0,155,2828,47,33,0,0,0,6
50747,24,bully,6493,1,1,2251,40,3149,320,25192,48,100,44254,2251,3495,55,0,0,33,NORMAL,0,0,1,1,39,0,0,163,2906,47,33,0,0,0,6
50298,99,bully,4298,5,2,8002,262,3048,2096,24384,2,100,38765,11236,0,13,1,4,32,NORMAL,0,2,0,5,155,98,4,155,2815,46,32,0,40,96,0
50340,47,bully,4340,2,1,4001,82,3060,656,24480,43,100,45943,4058,0,49,1,1,32,NORMAL,0,1,0,2,61,18,1,155,2831,42,32,0,1,17,5
50571,93,bully,4571,4,3,7888,237,3101,1896,24808,14,100,40880,8859,262,24,1,3,33,NORMAL,0,1,2,4,155,75,3,160,2863,45,33,0,30,74,2
51198,69,bully,5198,7,1,4001,149,3182,1192,25456,29,100,43123,6878,0,41,1,1,33,NORMAL,0,1,0,7,119,22,1,166,2936,47,33,0,17,21,3
50331,35,bully,6005,2,1,871,50,3056,400,24448,48,100,44326,1675,4000,56,1,0,33,NORMAL,0,0,1,2,48,0,0,156,2820,47,33,0,0,0,6
51009,20,bully,6680,2,2,518,36,3169,288,25352,48,100,44329,518,5153,57,1,0,33,NORMAL,0,0,2,2,34,0,0,164,2925,47,33,0,0,0,6
50991,95,bully,4991,5,2,8001,248,3166,1984,25328,12,100,40509,9491,0,22,1,3,33,NORMAL,0,2,0,5,163,77,3,166,2922,45,33,0,32,75,2
51295,25,bully,6928,2,1,817,42,3189,336,25512,48,100,44367,1634,4000,56,1,0,33,NORMAL,0,0,1,2,40,0,0,167,2942,47,33,0,0,0,6
50818,14,bully,6441,2,1,1522,26,3147,208,25176,48,100,44377,1623,4000,56,1,0,33,NORMAL,0,0,1,2,24,0,0,162,2905,47,33,0,0,0,6
50520,41,bully,6135,1,1,2442,53,3080,424,24640,48,100,44385,2442,3174,55,0,0,33,NORMAL,0,0,1,1,52,0,0,159,2841,47,33,0,0,0,6
50435,96,bully,4435,4,2,8002,247,3066,1976,24528,8,100,39977,10024,0,17,1,3,31,NORMAL,0,2,0,4,155,85,3,157,2833,45,31,0,34,83,0
50543,34,bully,6149,2,2,109,48,3085,384,24680,48,100,44394,109,5498,57,1,0,33,NORMAL,0,0,2,2,46,0,0,158,2847,47,33,0,0,0,6
51158,28,bully,6759,1,1,2370,45,3179,360,25432,48,100,44399,2370,3231,55,0,0,33,NORMAL,0,0,1,1,44,0,0,167,2932,47,33,0,0,0,6
50956,11,bully,6542,2,2,377,20,3166,160,25328,48,100,44414,377,5210,57,1,0,33,NORMAL,0,0,2,2,18,0,0,163,2923,47,33,0,0,0,6
50684,17,bully,6251,2,2,130,31,3105,248,24840,48,100,44433,130,5438,57,1,0,33,NORMAL,0,0,2,2,29,0,0,160,2865,47,33,0,0,0,6
50708,90,bully,4708,4,1,4001,182,3107,1456,24856,16,100,41098,8903,0,24,1,1,33,NORMAL,0,1,0,4,155,22,1,162,2866,46,33,0,29,21,2
50465,3,bully,6023,2,2,65,5,3086,40,24688,48,100,44442,65,5494,57,1,0,33,NORMAL,0,0,2,2,3,0,0,155,2851,47,33,0,0,0,6
50593,9,bully,6139,2,2,341,16,3100,128,24800,48,100,44454,341,5206,57,1,0,33,NORMAL,0,0,2,2,14,0,0,158,2862,47,33,0,0,0,6
51144,60,bully,5144,5,1,4001,125,3175,1000,25400,32,100,43178,6823,0,42,1,1,32,NORMAL,0,1,0,5,99,20,1,164,2932,47,32,0,14,19,3
50856,98,bully,4856,5,2,8002,266,3140,2128,25120,3,100,38807,11194,0,14,1,4,33,NORMAL,0,2,0,5,162,95,4,164,2896,47,33,0,40,93,0
51289,91,bully,5289,4,1,4001,188,3179,1504,25432,16,100,41098,8903,0,24,1,1,32,NORMAL,0,1,0,4,161,22,1,168,2932,47,32,0,30,21,2
50737,26,bully,6257,1,1,2984,41,3108,328,24864,48,100,44480,2984,2536,55,0,0,33,NORMAL,0,0,1,1,40,0,0,161,2867,47,33,0,0,0,6
50722,58,bully,4722,8,7,5923,120,3099,960,24792,32,100,43178,6099,723,51,1,1,32,NORMAL,0,1,6,8,91,20,1,159,2861,47,32,0,14,19,3
50994,52,bully,4994,4,1,4000,106,3136,848,25088,36,100,43654,6346,0,44,1,1,33,NORMAL,0,1,0,4,81,20,1,162,2895,46,33,0,11,19,4
50704,5,bully,6155,2,2,512,9,3110,72,24880,48,100,44549,512,4940,57,1,0,33,NORMAL,0,0,2,2,7,0,0,158,2872,47,33,0,0,0,6
50885,45,bully,4885,2,1,4001,70,3131,560,25048,48,100,45970,4031,0,55,1,0,33,NORMAL,0,1,0,2,56,12,0,160,2891,47,33,0,1,11,6
51331,21,bully,6762,1,1,1497,37,3178,296,25424,48,100,44569,1497,3934,55,0,0,33,NORMAL,0,0,1,1,36,0,0,167,2931,47,33,0,0,0,6
50873,23,bully,6263,1,1,3129,38,3111,304,24888,48,100,44610,3129,2261,55,0,0,33,NORMAL,0,0,1,1,37,0,0,161,2870,47,33,0,0,0,6
50652,81,bully,4652,7,1,4000,166,3050,1328,24400,26,100,42567,7433,0,37,1,1,33,NORMAL,0,1,0,7,138,20,1,156,2814,47,33,0,21,19,3
51482,74,bully,5485,7,1,4003,155,3172,1240,25376,26,100,42581,7419,0,37,1,1,33,NORMAL,0,1,0,7,128,19,1,166,2929,44,33,0,18,18,3
50941,43,bully,4941,1,1,4001,67,3102,536,24816,48,100,46000,4001,0,54,1,0,33,NORMAL,0,1,0,1,54,12,0,162,2861,46,33,0,0,11,6
51176,6,bully,6432,2,2,794,11,3160,88,25280,48,100,44744,794,4463,57,1,0,33,NORMAL,0,0,2,2,9,0,0,162,2918,47,33,0,0,0,6
51454,73,bully,5454,8,1,4001,153,3166,1224,25328,28,100,42670,7331,0,41,1,1,33,NORMAL,0,1,0,8,125,19,1,165,2921,47,33,0,18,18,3
51635,39,bully,6876,1,1,3278,53,3178,424,25424,48,100,44759,3278,1964,55,0,0,33,NORMAL,0,0,1,1,52,0,0,167,2931,47,33,0,0,0,6
50906,84,bully,4906,7,1,4001,174,3075,1392,24600,21,100,42429,7572,0,33,1,1,33,NORMAL,0,1,0,7,146,20,1,160,2838,44,33,0,22,19,3
51084,89,bully,5084,6,1,4000,178,3104,1424,24832,18,100,41439,8561,0,28,1,1,33,NORMAL,0,1,0,6,153,18,1,160,2864,47,33,0,29,17,3
51401,86,bully,5401,8,1,4000,180,3152,1440,25216,20,100,41893,8107,0,33,1,1,33,NORMAL,0,1,0,8,153,18,1,165,2907,47,33,0,26,17,3
51567,19,bully,6722,1,1,1563,34,3181,272,25448,48,100,44845,1563,3592,55,0,0,33,NORMAL,0,0,1,1,33,0,0,166,2935,47,33,0,0,0,6
51688,48,bully,5688,4,2,5054,84,3179,672,25432,41,100,44454,5240,306,50,1,1,32,NORMAL,0,1,1,4,65,14,1,165,2937,45,32,0,6,13,5
51685,10,bully,6814,2,2,204,18,3194,144,25552,48,100,44871,204,4925,57,1,0,33,NORMAL,0,0,2,2,16,0,0,166,2948,47,33,0,0,0,6
51430,22,bully,6546,1,1,2812,38,3158,304,25264,48,100,44884,2812,2304,55,0,0,33,NORMAL,0,0,1,1,37,0,0,164,2914,47,33,0,0,0,6
50926,75,bully,4926,7,1,4001,145,3062,1160,24496,26,100,42567,7434,0,37,1,1,33,NORMAL,0,1,0,7,121,16,1,156,2826,47,33,0,21,15,3
51837,56,bully,5837,5,1,4000,112,3180,896,25440,32,100,43178,6822,0,42,1,1,33,NORMAL,0,1,0,5,91,15,1,167,2933,47,33,0,14,14,3
51347,18,bully,6426,1,1,1601,33,3140,264,25120,48,100,44921,1601,3478,55,0,0,33,NORMAL,0,0,1,1,32,0,0,163,2897,47,33,0,0,0,6
51674,80,bully,5674,7,1,4001,168,3166,1344,25328,26,100,42567,7434,0,37,1,1,33,NORMAL,0,1,0,7,144,16,1,165,2921,47,33,0,21,15,3
51272,38,bully,5272,1,1,4000,60,3129,480,25032,49,100,46000,4000,0,55,1,0,33,NORMAL,0,1,0,1,50,9,0,162,2887,47,33,0,0,8,6
51365,2,bully,6399,2,2,318,3,3163,24,25304,48,100,44966,318,4717,57,1,0,33,NORMAL,0,0,2,2,1,0,0,162,2921,47,33,0,0,0,6
51264,67,bully,5266,7,1,4002,137,3110,1096,24880,29,100,43121,6879,0,41,1,1,33,NORMAL,0,1,0,7,114,15,1,162,2868,47,33,0,17,14,3
51128,92,bully,5128,4,1,4000,174,3074,1392,24592,16,100,41098,8902,0,24,1,1,33,NORMAL,0,1,0,4,153,16,1,160,2834,47,33,0,30,15,2
51280,57,bully,5280,5,3,5444,107,3089,856,24712,32,100,43178,6667,156,44,1,1,32,NORMAL,0,1,2,5,89,12,1,160,2850,47,32,0,14,11,3
51498,42,bully,5498,1,1,4000,62,3142,496,25136,49,100,46000,4000,0,55,1,0,33,NORMAL,0,1,0,1,54,7,0,163,2899,47,33,0,0,6,6
51840,12,bully,6746,2,2,796,22,3190,176,25520,48,100,45094,796,4110,57,1,0,33,NORMAL,0,0,2,2,20,0,0,166,2944,47,33,0,0,0,6
51590,31,bully,6480,1,1,2432,47,3146,376,25168,48,100,45110,2432,2459,55,0,0,33,NORMAL,0,0,1,1,46,0,0,163,2903,47,33,0,0,0,6
51552,51,bully,5552,6,4,4930,95,3125,760,25000,38,100,43786,5390,824,51,1,1,32,NORMAL,0,1,3,6,76,12,1,159,2889,45,32,0,9,11,5
51636,8,bully,6488,2,1,607,14,3163,112,25304,48,100,45148,852,4000,56,1,0,33,NORMAL,0,0,1,2,12,0,0,162,2921,47,33,0,0,0,6
51823,88,bully,5823,6,1,4001,176,3156,1408,25248,18,100,41439,8562,0,28,1,1,32,NORMAL,0,1,0,6,155,14,1,164,2915,45,32,0,27,13,3
51534,37,bully,6344,1,1,2238,50,3126,400,25008,48,100,45190,2238,2573,55,0,0,33,NORMAL,0,0,1,1,49,0,0,161,2885,47,33,0,0,0,6
51538,83,bully,5538,7,1,4001,167,3104,1336,24832,25,100,42567,7434,0,36,1,1,33,NORMAL,0,1,0,7,145,14,1,159,2866,46,33,0,21,13,3
51785,4,bully,6473,2,1,431,7,3169,56,25352,48,100,45312,688,4000,56,1,0,33,NORMAL,0,0,1,2,5,0,0,162,2927,47,33,0,0,0,6
51648,7,bully,6333,1,1,822,12,3141,96,25128,48,100,45315,822,3863,55,0,0,33,NORMAL,0,0,1,1,11,0,0,161,2900,47,33,0,0,0,6
51367,54,bully,5370,4,1,4004,97,3038,776,24304,32,100,43414,6587,0,41,1,1,32,NORMAL,0,1,0,4,82,10,1,156,2805,45,32,0,12,9,3
51334,66,bully,5334,6,1,4000,128,3050,1024,24400,29,100,43127,6873,0,40,1,1,33,NORMAL,0,1,0,6,110,11,1,156,2815,46,33,0,16,10,3
51620,71,bully,5620,8,2,4019,136,3105,1088,24840,28,100,42670,6896,435,42,1,0,33,NORMAL,0,1,1,8,117,11,0,160,2865,47,33,0,18,10,3
51959,79,bully,5959,7,1,4001,158,3146,1264,25168,26,100,42567,7434,0,37,1,0,33,NORMAL,0,1,0,7,140,11,0,164,2902,47,33,0,21,10,3
51741,100,bully,5740,3,3,12002,281,3101,2248,24808,1,100,37999,12002,0,6,1,23,13,LEADER,1,3,0,3,162,93,23,162,2885,41,13,0,41,90,0
51756,68,bully,5756,7,1,4001,131,3118,1048,24944,29,100,43123,6878,0,41,1,0,33,NORMAL,0,1,0,7,114,10,0,161,2877,47,33,0,17,9,3
51861,77,bully,5861,7,2,4067,147,3127,1176,25016,26,100,42567,7047,386,38,1,0,33,NORMAL,0,1,1,7,130,10,0,160,2887,47,33,0,21,9,3
51876,97,bully,5876,4,2,8001,250,3125,2000,25000,3,100,39147,10853,0,13,1,3,33,NORMAL,0,2,0,4,160,83,3,162,2887,43,33,0,36,81,0
51701,30,bully,5701,1,1,4000,49,3095,392,24760,49,100,46000,4000,0,55,1,0,34,NORMAL,0,1,0,1,45,3,0,160,2854,47,34,0,0,2,6
51892,65,bully,5892,6,1,4001,127,3118,1016,24944,30,100,43127,6874,0,41,1,0,34,NORMAL,0,1,0,6,112,9,0,161,2877,46,34,0,15,8,3
51974,53,bully,5974,5,1,4001,96,3131,768,25048,36,100,43536,6465,0,45,1,0,34,NORMAL,0,1,0,5,83,8,0,162,2888,47,34,0,12,7,4
51771,36,bully,5771,1,1,4001,53,3087,424,24696,49,100,46000,4001,0,55,1,0,34,NORMAL,0,1,0,1,49,3,0,159,2847,47,34,0,0,2,6
51810,32,bully,5810,1,1,4000,50,3060,400,24480,49,100,46000,4000,0,55,1,0,34,NORMAL,0,1,0,1,46,3,0,157,2822,47,34,0,0,2,6
51906,33,bully,5906,1,1,4000,49,3060,392,24480,49,100,46000,4000,0,55,1,0,34,NORMAL,0,1,0,1,46,2,0,157,2822,47,34,0,0,1,6
51921,1,bully,5968,1,1,75,1,3079,8,24632,48,100,45953,75,3972,55,0,0,34,NORMAL,0,0,1,1,0,0,0,156,2842,47,34,0,0,0,6
60148,70,bully,8180,7,2,4033,129,3183,1032,25464,28,100,50451,5550,4000,41,2,0,37,NORMAL,0,1,1,7,121,1,0,167,2933,46,37,0,17,0,3
60177,49,bully,8196,5,3,4481,74,3175,592,25400,40,100,51246,4667,4088,51,2,0,37,NORMAL,0,1,2,5,68,1,0,163,2929,46,37,0,8,0,5
60180,27,bully,6865,2,2,666,44,3180,352,25440,48,100,53315,666,6020,57,1,0,37,NORMAL,0,0,2,2,42,0,0,166,2930,47,37,0,0,0,6
60028,62,bully,7992,7,4,1101,112,3161,896,25288,31,100,50574,5328,4098,47,1,0,37,NORMAL,0,0,4,7,105,0,0,162,2915,47,37,0,14,0,3
60095,82,bully,7873,7,1,49,151,3142,1208,25136,25,100,50149,5852,4000,37,1,0,38,NORMAL,0,0,1,7,144,0,0,161,2896,47,38,0,21,0,3
60262,15,bully,6650,2,2,534,28,3177,224,25416,48,100,53612,534,5855,57,1,0,38,NORMAL,0,0,2,2,26,0,0,163,2929,47,38,0,0,0,6
60167,72,bully,7814,8,1,144,128,3144,1024,25152,27,100,50383,5618,4000,41,1,0,38,NORMAL,0,0,1,8,120,0,0,161,2898,47,38,0,18,0,3
60505,55,bully,8071,6,4,955,92,3176,736,25408,33,100,51035,4799,4167,48,1,0,38,NORMAL,0,0,4,6,86,0,0,162,2929,47,38,0,14,0,5
60383,44,bully,6585,2,1,3894,57,3166,456,25328,47,100,53768,3924,2309,55,0,0,38,NORMAL,0,0,1,2,55,0,0,163,2918,47,38,0,1,0,6
60367,76,bully,7916,9,3,746,137,3152,1096,25216,25,100,50378,3222,6400,41,1,0,38,NORMAL,0,0,3,9,128,0,0,162,2905,47,38,0,21,0,3
60014,94,bully,8475,5,2,4462,205,3092,1640,24736,14,100,48515,7486,4000,24,2,1,38,NORMAL,0,1,1,5,155,44,1,158,2849,47,38,0,32,43,2
60109,50,bully,7578,6,5,1963,76,3094,608,24752,39,100,51796,2020,6184,54,1,0,38,NORMAL,0,0,5,6,70,0,0,157,2852,47,38,0,9,0,5
60165,59,bully,7628,7,3,908,101,3100,808,24800,31,100,51075,2773,6153,46,1,0,38,NORMAL,0,0,3,7,94,0,0,159,2856,47,38,0,14,0,3
60789,78,bully,8249,10,5,2030,148,3156,1184,25248,25,100,50467,3253,6281,44,1,0,38,NORMAL,0,0,5,10,138,0,0,163,2908,47,38,0,21,0,3
60601,29,bully,6659,2,2,287,47,3171,376,25368,48,100,53942,287,5772,57,1,0,38,NORMAL,0,0,2,2,45,0,0,164,2922,47,38,0,0,0,6
60843,87,bully,4843,10,3,4919,196,3173,1568,25384,19,100,51893,7978,129,36,1,1,38,NORMAL,0,1,2,10,156,29,1,166,2923,46,38,0,26,28,3
60804,46,bully,6768,3,3,450,63,3182,504,25456,47,100,54006,450,5545,58,1,0,38,NORMAL,0,0,3,3,60,0,0,165,2932,47,38,0,1,0,6
60586,61,bully,7898,9,6,2536,109,3146,872,25168,31,100,51226,3290,5485,51,1,0,38,NORMAL,0,0,6,9,100,0,0,160,2901,47,38,0,14,0,3
60676,85,bully,4676,8,1,4000,189,3154,1512,25232,20,100,51893,8107,0,33,1,1,38,NORMAL,0,1,0,8,151,29,1,163,2907,46,38,0,25,28,3
60874,13,bully,6746,2,2,157,24,3193,192,25544,48,100,54128,157,5716,57,1,0,38,NORMAL,0,0,2,2,22,0,0,166,2942,47,38,0,0,0,6
60449,64,bully,7661,7,4,3920,115,3108,920,24864,30,100,51300,6279,2421,46,0,0,38,NORMAL,0,0,4,7,108,0,0,158,2865,47,38,0,15,0,3
61007,63,bully,5007,8,4,5342,144,3183,1152,25464,31,100,53178,6159,664,47,1,1,38,NORMAL,0,1,3,8,110,25,1,166,2933,46,38,0,14,24,3
61077,40,bully,6870,1,1,2139,54,3189,432,25512,48,100,54207,2139,3655,55,0,0,38,NORMAL,0,0,1,1,53,0,0,167,2937,47,38,0,0,0,6
60247,16,bully,6029,2,2,316,29,3068,232,24544,48,100,54218,316,5467,57,1,0,38,NORMAL,0,0,2,2,27,0,0,155,2828,47,38,0,0,0,6
60747,24,bully,6493,1,1,2251,40,3154,320,25232,48,100,54254,2251,3495,55,0,0,38,NORMAL,0,0,1,1,39,0,0,163,2906,47,38,0,0,0,6
60298,99,bully,4298,5,2,8002,262,3053,2096,24424,2,100,48765,11236,0,13,1,4,37,NORMAL,0,2,0,5,155,98,4,155,2815,46,37,0,40,96,0
60340,47,bully,4340,2,1,4001,82,3065,656,24520,43,100,55943,4058,0,49,1,1,37,NORMAL,0,1,0,2,61,18,1,155,2831,42,37,0,1,17,5
60571,93,bully,4571,4,3,7888,237,3106,1896,24848,14,100,50880,8859,262,24,1,3,38,NORMAL,0,1,2,4,155,75,3,160,2863,45,38,0,30,74,2
61198,69,bully,5198,7,1,4001,149,3187,1192,25496,29,100,53123,6878,0,41,1,1,38,NORMAL,0,1,0,7,119,22,1,166,2936,47,38,0,17,21,3
60331,35,bully,6005,2,1,871,50,3061,400,24488,48,100,54326,1675,4000,56,1,0,38,NORMAL,0,0,1,2,48,0,0,156,2820,47,38,0,0,0,6
61009,20,bully,6680,2,2,518,36,3174,288,25392,48,100,54329,518,5153,57,1,0,38,NORMAL,0,0,2,2,34,0,0,164,2925,47,38,0,0,0,6
60991,95,bully,4991,5,2,8001,248,3171,1984,25368,12,100,50509,9491,0,22,1,3,38,NORMAL,0,2,0,5,163,77,3,166,2922,45,38,0,32,75,2
61295,25,bully,6928,2,1,817,42,3194,336,25552,48,100,54367,1634,4000,56,1,0,38,NORMAL,0,0,1,2,40,0,0,167,2942,47,38,0,0,0,6
60818,14,bully,6441,2,1,1522,26,3152,208,25216,48,100,54377,1623,4000,56,1,0,38,NORMAL,0,0,1,2,24,0,0,162,2905,47,38,0,0,0,6
60520,41,bully,6135,1,1,2442,53,3085,424,24680,48,100,54385,2442,3174,55,0,0,38,NORMAL,0,0,1,1,52,0,0,159,2841,47,38,0,0,0,6
60435,96,bully,4435,4,2,8002,247,3071,1976,24568,8,100,49977,10024,0,17,1,3,36,NORMAL,0,2,0,4,155,85,3,157,2833,45,36,0,34,83,0
60543,34,bully,6149,2,2,109,48,3090,384,24720,48,100,54394,109,5498,57,1,0,38,NORMAL,0,0,2,2,46,0,0,158,2847,47,38,0,0,0,6
61158,28,bully,6759,1,1,2370,45,3184,360,25472,48,100,54399,2370,3231,55,0,0,38,NORMAL,0,0,1,1,44,0,0,167,2932,47,38,0,0,0,6
60956,11,bully,6542,2,2,377,20,3171,160,25368,48,100,54414,377,5210,57,1,0,38,NORMAL,0,0,2,2,18,0,0,163,2923,47,38,0,0,0,6
60684,17,bully,6251,2,2,130,31,3110,248,24880,48,100,54433,130,5438,57,1,0,38,NORMAL,0,0,2,2,29,0,0,160,2865,47,38,0,0,0,6
60708,90,bully,4708,4,1,4001,182,3112,1456,24896,16,100,51098,8903,0,24,1,1,38,NORMAL,0,1,0,4,155,22,1,162,2866,46,38,0,29,21,2
60465,3,bully,6023,2,2,65,5,3091,40,24728,48,100,54442,65,5494,57,1,0,38,NORMAL,0,0,2,2,3,0,0,155,2851,47,38,0,0,0,6
60593,9,bully,6139,2,2,341,16,3105,128,24840,48,100,54454,341,5206,57,1,0,38,NORMAL,0,0,2,2,14,0,0,158,2862,47,38,0,0,0,6
61144,60,bully,5144,5,1,4001,125,3180,1000,25440,32,100,53178,6823,0,42,1,1,37,NORMAL,0,1,0,5,99,20,1,164,2932,47,37,0,14,19,3
60856,98,bully,4856,5,2,8002,266,3145,2128,25160,3,100,48807,11194,0,14,1,4,38,NORMAL,0,2,0,5,162,95,4,164,2896,47,38,0,40,93,0
61289,91,bully,5289,4,1,4001,188,3184,1504,25472,16,100,51098,8903,0,24,1,1,37,NORMAL,0,1,0,4,161,22,1,168,2932,47,37,0,30,21,2
60737,26,bully,6257,1,1,2984,41,3113,328,24904,48,100,54480,2984,2536,55,0,0,38,NORMAL,0,0,1,1,40,0,0,161,2867,47,38,0,0,0,6
60722,58,bully,4722,8,7,5923,120,3104,960,24832,32,100,53178,6099,723,51,1,1,37,NORMAL,0,1,6,8,91,20,1,159,2861,47,37,0,14,19,3
60994,52,bully,4994,4,1,4000,106,3141,848,25128,36,100,53654,6346,0,44,1,1,38,NORMAL,0,1,0,4,81,20,1,162,2895,46,38,0,11,19,4
60704,5,bully,6155,2,2,512,9,3115,72,24920,48,100,54549,512,4940,57,1,0,38,NORMAL,0,0,2,2,7,0,0,158,2872,47,38,0,0,0,6
60885,45,bully,4885,2,1,4001,70,3136,560,25088,48,100,55970,4031,0,55,1,0,38,NORMAL,0,1,0,2,56,12,0,160,2891,47,38,0,1,11,6
61331,21,bully,6762,1,1,1497,37,3183,296,25464,48,100,54569,1497,3934,55,0,0,38,NORMAL,0,0,1,1,36,0,0,167,2931,47,38,0,0,0,6
60873,23,bully,6263,1,1,3129,38,3116,304,24928,48,100,54610,3129,2261,55,0,0,38,NORMAL,0,0,1,1,37,0,0,161,2870,47,38,0,0,0,6
60652,81,bully,4652,7,1,4000,166,3055,1328,24440,26,100,52567,7433,0,37,1,1,38,NORMAL,0,1,0,7,138,20,1,156,2814,47,38,0,21,19,3
61482,74,bully,5485,7,1,4003,155,3177,1240,25416,26,100,52581,7419,0,37,1,1,38,NORMAL,0,1,0,7,128,19,1,166,2929,44,38,0,18,18,3
60941,43,bully,4941,1,1,4001,67,3107,536,24856,48,100,56000,4001,0,54,1,0,38,NORMAL,0,1,0,1,54,12,0,162,2861,46,38,0,0,11,6
61176,6,bully,6432,2,2,794,11,3165,88,25320,48,100,54744,794,4463,57,1,0,38,NORMAL,0,0,2,2,9,0,0,162,2918,47,38,0,0,0,6
61454,73,bully,5454,8,1,4001,153,3171,1224,25368,28,100,52670,7331,0,41,1,1,38,NORMAL,0,1,0,8,125,19,1,165,2921,47,38,0,18,18,3
61635,39,bully,6876,1,1,3278,53,3183,424,25464,48,100,54759,3278,1964,55,0,0,38,NORMAL,0,0,1,1,52,0,0,167,2931,47,38,0,0,0,6
60906,84,bully,4906,7,1,4001,174,3080,1392,24640,21,100,52429,7572,0,33,1,1,38,NORMAL,0,1,0,7,146,20,1,160,2838,44,38,0,22,19,3
61084,89,bully,5084,6,1,4000,178,3109,1424,24872,18,100,51439,8561,0,28,1,1,38,NORMAL,0,1,0,6,153,18,1,160,2864,47,38,0,29,17,3
61401,86,bully,5401,8,1,4000,180,3157,1440,25256,20,100,51893,8107,0,33,1,1,38,NORMAL,0,1,0,8,153,18,1,165,2907,47,38,0,26,17,3
61567,19,bully,6722,1,1,1563,34,3186,272,25488,48,100,54845,1563,3592,55,0,0,38,NORMAL,0,0,1,1,33,0,0,166,2935,47,38,0,0,0,6
61688,48,bully,5688,4,2,5054,84,3184,672,25472,41,100,54454,5240,306,50,1,1,37,NORMAL,0,1,1,4,65,14,1,165,2937,45,37,0,6,13,5
61685,10,bully,6814,2,2,204,18,3199,144,25592,48,100,54871,204,4925,57,1,0,38,NORMAL,0,0,2,2,16,0,0,166,2948,47,38,0,0,0,6
61430,22,bully,6546,1,1,2812,38,3163,304,25304,48,100,54884,2812,2304,55,0,0,38,NORMAL,0,0,1,1,37,0,0,164,2914,47,38,0,0,0,6
60926,75,bully,4926,7,1,4001,145,3067,1160,24536,26,100,52567,7434,0,37,1,1,38,NORMAL,0,1,0,7,121,16,1,156,2826,47,38,0,21,15,3
61837,56,bully,5837,5,1,4000,112,3185,896,25480,32,100,53178,6822,0,42,1,1,38,NORMAL,0,1,0,5,91,15,1,167,2933,47,38,0,14,14,3
61347,18,bully,6426,1,1,1601,33,3145,264,25160,48,100,54921,1601,3478,55,0,0,38,NORMAL,0,0,1,1,32,0,0,163,2897,47,38,0,0,0,6
61674,80,bully,5674,7,1,4001,168,3171,1344,25368,26,100,52567,7434,0,37,1,1,38,NORMAL,0,1,0,7,144,16,1,165,2921,47,38,0,21,15,3
61272,38,bully,5272,1,1,4000,60,3134,480,25072,49,100,56000,4000,0,55,1,0,38,NORMAL,0,1,0,1,50,9,0,162,2887,47,38,0,0,8,6
61365,2,bully,6399,2,2,318,3,3168,24,25344,48,100,54966,318,4717,57,1,0,38,NORMAL,0,0,2,2,1,0,0,162,2921,47,38,0,0,0,6
61264,67,bully,5266,7,1,4002,137,3115,1096,24920,29,100,53121,6879,0,41,1,1,38,NORMAL,0,1,0,7,114,15,1,162,2868,47,38,0,17,14,3
61128,92,bully,5128,4,1,4000,174,3079,1392,24632,16,100,51098,8902,0,24,1,1,38,NORMAL,0,1,0,4,153,16,1,160,2834,47,38,0,30,15,2
61280,57,bully,5280,5,3,5444,107,3094,856,24752,32,100,53178,6667,156,44,1,1,37,NORMAL,0,1,2,5,89,12,1,160,2850,47,37,0,14,11,3
61498,42,bully,5498,1,1,4000,62,3147,496,25176,49,100,56000,4000,0,55,1,0,38,NORMAL,0,1,0,1,54,7,0,163,2899,47,38,0,0,6,6
61840,12,bully,6746,2,2,796,22,3195,176,25560,48,100,55094,796,4110,57,1,0,38,NORMAL,0,0,2,2,20,0,0,166,2944,47,38,0,0,0,6
61590,31,bully,6480,1,1,2432,47,3151,376,25208,48,100,55110,2432,2459,55,0,0,38,NORMAL,0,0,1,1,46,0,0,163,2903,47,38,0,0,0,6
61552,51,bully,5552,6,4,4930,95,3130,760,25040,38,100,53786,5390,824,51,1,1,37,NORMAL,0,1,3,6,76,12,1,159,2889,45,37,0,9,11,5
61636,8,bully,6488,2,1,607,14,3168,112,25344,48,100,55148,852,4000,56,1,0,38,NORMAL,0,0,1,2,12,0,0,162,2921,47,38,0,0,0,6
61823,88,bully,5823,6,1,4001,176,3161,1408,25288,18,100,51439,8562,0,28,1,1,37,NORMAL,0,1,0,6,155,14,1,164,2915,45,37,0,27,13,3
61534,37,bully,6344,1,1,2238,50,3131,400,25048,48,100,55190,2238,2573,55,0,0,38,NORMAL,0,0,1,1,49,0,0,161,2885,47,38,0,0,0,6
61538,83,bully,5538,7,1,4001,167,3109,1336,24872,25,100,52567,7434,0,36,1,1,38,NORMAL,0,1,0,7,145,14,1,159,2866,46,38,0,21,13,3
61785,4,bully,6473,2,1,431,7,3174,56,25392,48,100,55312,688,4000,56,1,0,38,NORMAL,0,0,1,2,5,0,0,162,2927,47,38,0,0,0,6
61648,7,bully,6333,1,1,822,12,3146,96,25168,48,100,55315,822,3863,55,0,0,38,NORMAL,0,0,1,1,11,0,0,161,2900,47,38,0,0,0,6
61367,54,bully,5370,4,1,4004,97,3043,776,24344,32,100,53414,6587,0,41,1,1,37,NORMAL,0,1,0,4,82,10,1,156,2805,45,37,0,12,9,3
61334,66,bully,5334,6,1,4000,128,3055,1024,24440,29,100,53127,6873,0,40,1,1,38,NORMAL,0,1,0,6,110,11,1,156,2815,46,38,0,16,10,3
61620,71,bully,5620,8,2,4019,136,3110,1088,24880,28,100,52670,6896,435,42,1,0,38,NORMAL,0,1,1,8,117,11,0,160,2865,47,38,0,18,10,3
61959,79,bully,5959,7,1,4001,158,3151,1264,25208,26,100,52567,7434,0,37,1,0,38,NORMAL,0,1,0,7,140,11,0,164,2902,47,38,0,21,10,3
61741,100,bully,5740,3,3,12002,286,3101,2288,24808,1,100,47999,12002,0,6,1,28,13,LEADER,1,3,0,3,162,93,28,162,2885,41,13,0,41,90,0
61756,68,bully,5756,7,1,4001,131,3124,1048,24992,29,100,53123,6878,0,41,1,0,39,NORMAL,0,1,0,7,114,10,0,161,2877,47,39,0,17,9,3
61861,77,bully,5861,7,2,4067,147,3133,1176,25064,26,100,52567,7047,386,38,1,0,39,NORMAL,0,1,1,7,130,10,0,160,2887,47,39,0,21,9,3
61876,97,bully,5876,4,2,8001,250,3130,2000,25040,3,100,49147,10853,0,13,1,3,38,NORMAL,0,2,0,4,160,83,3,162,2887,43,38,0,36,81,0
61701,30,bully,5701,1,1,4000,49,3100,392,24800,49,100,56000,4000,0,55,1,0,39,NORMAL,0,1,0,1,45,3,0,160,2854,47,39,0,0,2,6
61892,65,bully,5892,6,1,4001,127,3123,1016,24984,30,100,53127,6874,0,41,1,0,39,NORMAL,0,1,0,6,112,9,0,161,2877,46,39,0,15,8,3
61974,53,bully,5974,5,1,4001,96,3136,768,25088,36,100,53536,6465,0,45,1,0,39,NORMAL,0,1,0,5,83,8,0,162,2888,47,39,0,12,7,4
61771,36,bully,5771,1,1,4001,53,3092,424,24736,49,100,56000,4001,0,55,1,0,39,NORMAL,0,1,0,1,49,3,0,159,2847,47,39,0,0,2,6
61810,32,bully,5810,1,1,4000,50,3065,400,24520,49,100,56000,4000,0,55,1,0,39,NORMAL,0,1,0,1,46,3,0,157,2822,47,39,0,0,2,6
61906,33,bully,5906,1,1,4000,49,3065,392,24520,49,100,56000,4000,0,55,1,0,39,NORMAL,0,1,0,1,46,2,0,157,2822,47,39,0,0,1,6
61921,1,bully,5968,1,1,75,1,3084,8,24672,48,100,55953,75,3972,55,0,0,39,NORMAL,0,0,1,1,0,0,0,156,2842,47,39,0,0,0,6
70148,70,bully,8180,7,2,4033,129,3188,1032,25504,28,100,60451,5550,4000,41,2,0,42,NORMAL,0,1,1,7,121,1,0,167,2933,46,42,0,17,0,3
70177,49,bully,8196,5,3,4481,74,3180,592,25440,40,100,61246,4667,4088,51,2,0,42,NORMAL,0,1,2,5,68,1,0,163,2929,46,42,0,8,0,5
70180,27,bully,6865,2,2,666,44,3185,352,25480,48,100,63315,666,6020,57,1,0,42,NORMAL,0,0,2,2,42,0,0,166,2930,47,42,0,0,0,6
70028,62,bully,7992,7,4,1101,112,3166,896,25328,31,100,60574,5328,4098,47,1,0,42,NORMAL,0,0,4,7,105,0,0,162,2915,47,42,0,14,0,3
70095,82,bully,7873,7,1,49,151,3147,1208,25176,25,100,60149,5852,4000,37,1,0,43,NORMAL,0,0,1,7,144,0,0,161,2896,47,43,0,21,0,3
70262,15,bully,6650,2,2,534,28,3182,224,25456,48,100,63612,534,5855,57,1,0,43,NORMAL,0,0,2,2,26,0,0,163,2929,47,43,0,0,0,6
70167,72,bully,7814,8,1,144,128,3149,1024,25192,27,100,60383,5618,4000,41,1,0,43,NORMAL,0,0,1,8,120,0,0,161,2898,47,43,0,18,0,3
70505,55,bully,8071,6,4,955,92,3181,736,25448,33,100,61035,4799,4167,48,1,0,43,NORMAL,0,0,4,6,86,0,0,162,2929,47,43,0,14,0,5
70383,44,bully,6585,2,1,3894,57,3171,456,25368,47,100,63768,3924,2309,55,0,0,43,NORMAL,0,0,1,2,55,0,0,163,2918,47,43,0,1,0,6
70367,76,bully,7916,9,3,746,137,3157,1096,25256,25,100,60378,3222,6400,41,1,0,43,NORMAL,0,0,3,9,128,0,0,162,2905,47,43,0,21,0,3
70014,94,bully,8475,5,2,4462,205,3097,1640,24776,14,100,58515,7486,4000,24,2,1,43,NORMAL,0,1,1,5,155,44,1,158,2849,47,43,0,32,43,2
70109,50,bully,7578,6,5,1963,76,3099,608,24792,39,100,61796,2020,6184,54,1,0,43,NORMAL,0,0,5,6,70,0,0,157,2852,47,43,0,9,0,5
70165,59,bully,7628,7,3,908,101,3105,808,24840,31,100,61075,2773,6153,46,1,0,43,NORMAL,0,0,3,7,94,0,0,159,2856,47,43,0,14,0,3
70789,78,bully,8249,10,5,2030,148,3161,1184,25288,25,100,60467,3253,6281,44,1,0,43,NORMAL,0,0,5,10,138,0,0,163,2908,47,43,0,21,0,3
70601,29,bully,6659,2,2,287,47,3176,376,25408,48,100,63942,287,5772,57,1,0,43,NORMAL,0,0,2,2,45,0,0,164,2922,47,43,0,0,0,6
70843,87,bully,4843,10,3,4919,196,3178,1568,25424,19,100,61893,7978,129,36,1,1,43,NORMAL,0,1,2,10,156,29,1,166,2923,46,43,0,26,28,3
70804,46,bully,6768,3,3,450,63,3187,504,25496,47,100,64006,450,5545,58,1,0,43,NORMAL,0,0,3,3,60,0,0,165,2932,47,43,0,1,0,6
70586,61,bully,7898,9,6,2536,109,3151,872,25208,31,100,61226,3290,5485,51,1,0,43,NORMAL,0,0,6,9,100,0,0,160,2901,47,43,0,14,0,3
70676,85,bully,4676,8,1,4000,189,3159,1512,25272,20,100,61893,8107,0,33,1,1,43,NORMAL,0,1,0,8,151,29,1,163,2907,46,43,0,25,28,3
70874,13,bully,6746,2,2,157,24,3198,192,25584,48,100,64128,157,5716,57,1,0,43,NORMAL,0,0,2,2,22,0,0,166,2942,47,43,0,0,0,6
70449,64,bully,7661,7,4,3920,115,3113,920,24904,30,100,61300,6279,2421,46,0,0,43,NORMAL,0,0,4,7,108,0,0,158,2865,47,43,0,15,0,3
71007,63,bully,5007,8,4,5342,144,3188,1152,25504,31,100,63178,6159,664,47,1,1,43,NORMAL,0,1,3,8,110,25,1,166,2933,46,43,0,14,24,3
71077,40,bully,6870,1,1,2139,54,3194,432,25552,48,100,64207,2139,3655,55,0,0,43,NORMAL,0,0,1,1,53,0,0,167,2937,47,43,0,0,0,6
70247,16,bully,6029,2,2,316,29,3073,232,24584,48,100,64218,316,5467,57,1,0,43,NORMAL,0,0,2,2,27,0,0,155,2828,47,43,0,0,0,6
70747,24,bully,6493,1,1,2251,40,3159,320,25272,48,100,64254,2251,3495,55,0,0,43,NORMAL,0,0,1,1,39,0,0,163,2906,47,43,0,0,0,6
70298,99,bully,4298,5,2,8002,262,3058,2096,24464,2,100,58765,11236,0,13,1,4,42,NORMAL,0,2,0,5,155,98,4,155,2815,46,42,0,40,96,0
70340,47,bully,4340,2,1,4001,82,3070,656,24560,43,100,65943,4058,0,49,1,1,42,NORMAL,0,1,0,2,61,18,1,155,2831,42,42,0,1,17,5
70571,93,bully,4571,4,3,7888,237,3111,1896,24888,14,100,60880,8859,262,24,1,3,43,NORMAL,0,1,2,4,155,75,3,160,2863,45,43,0,30,74,2
71198,69,bully,5198,7,1,4001,149,3192,1192,25536,29,100,63123,6878,0,41,1,1,43,NORMAL,0,1,0,7,119,22,1,166,2936,47,43,0,17,21,3
70331,35,bully,6005,2,1,871,50,3066,400,24528,48,100,64326,1675,4000,56,1,0,43,NORMAL,0,0,1,2,48,0,0,156,2820,47,43,0,0,0,6
71009,20,bully,6680,2,2,518,36,3179,288,25432,48,100,64329,518,5153,57,1,0,43,NORMAL,0,0,2,2,34,0,0,164,2925,47,43,0,0,0,6
70991,95,bully,4991,5,2,8001,248,3176,1984,25408,12,100,60509,9491,0,22,1,3,43,NORMAL,0,2,0,5,163,77,3,166,2922,45,43,0,32,75,2
71295,25,bully,6928,2,1,817,42,3199,336,25592,48,100,64367,1634,4000,56,1,0,43,NORMAL,0,0,1,2,40,0,0,167,2942,47,43,0,0,0,6
70818,14,bully,6441,2,1,1522,26,3157,208,25256,48,100,64377,1623,4000,56,1,0,43,NORMAL,0,0,1,2,24,0,0,162,2905,47,43,0,0,0,6
70520,41,bully,6135,1,1,2442,53,3090,424,24720,48,100,64385,2442,3174,55,0,0,43,NORMAL,0,0,1,1,52,0,0,159,2841,47,43,0,0,0,6
70435,96,bully,4435,4,2,8002,247,3076,1976,24608,8,100,59977,10024,0,17,1,3,41,NORMAL,0,2,0,4,155,85,3,157,2833,45,41,0,34,83,0
70543,34,bully,6149,2,2,109,48,3095,384,24760,48,100,64394,109,5498,57,1,0,43,NORMAL,0,0,2,2,46,0,0,158,2847,47,43,0,0,0,6
71158,28,bully,6759,1,1,2370,45,3189,360,25512,48,100,64399,2370,3231,55,0,0,43,NORMAL,0,0,1,1,44,0,0,167,2932,47,43,0,0,0,6
70956,11,bully,6542,2,2,377,20,3176,160,25408,48,100,64414,377,5210,57,1,0,43,NORMAL,0,0,2,2,18,0,0,163,2923,47,43,0,0,0,6
70684,17,bully,6251,2,2,130,31,3115,248,24920,48,100,64433,130,5438,57,1,0,43,NORMAL,0,0,2,2,29,0,0,160,2865,47,43,0,0,0,6
70708,90,bully,4708,4,1,4001,182,3117,1456,24936,16,100,61098,8903,0,24,1,1,43,NORMAL,0,1,0,4,155,22,1,162,2866,46,43,0,29,21,2
70465,3,bully,6023,2,2,65,5,3096,40,24768,48,100,64442,65,5494,57,1,0,43,NORMAL,0,0,2,2,3,0,0,155,2851,47,43,0,0,0,6
70593,9,bully,6139,2,2,341,16,3110,128,24880,48,100,64454,341,5206,57,1,0,43,NORMAL,0,0,2,2,14,0,0,158,2862,47,43,0,0,0,6
71144,60,bully,5144,5,1,4001,125,3185,1000,25480,32,100,63178,6823,0,42,1,1,42,NORMAL,0,1,0,5,99,20,1,164,2932,47,42,0,14,19,3
70856,98,bully,4856,5,2,8002,266,3150,2128,25200,3,100,58807,11194,0,14,1,4,43,NORMAL,0,2,0,5,162,95,4,164,2896,47,43,0,40,93,0
71289,91,bully,5289,4,1,4001,188,3189,1504,25512,16,100,61098,8903,0,24,1,1,42,NORMAL,0,1,0,4,161,22,1,168,2932,47,42,0,30,21,2
70737,26,bully,6257,1,1,2984,41,3118,328,24944,48,100,64480,2984,2536,55,0,0,43,NORMAL,0,0,1,1,40,0,0,161,2867,47,43,0,0,0,6
70722,58,bully,4722,8,7,5923,120,3109,960,24872,32,100,63178,6099,723,51,1,1,42,NORMAL,0,1,6,8,91,20,1,159,2861,47,42,0,14,19,3
70994,52,bully,4994,4,1,4000,106,3146,848,25168,36,100,63654,6346,0,44,1,1,43,NORMAL,0,1,0,4,81,20,1,162,2895,46,43,0,11,19,4
70704,5,bully,6155,2,2,512,9,3120,72,24960,48,100,64549,512,4940,57,1,0,43,NORMAL,0,0,2,2,7,0,0,158,2872,47,43,0,0,0,6
70885,45,bully,4885,2,1,4001,70,3141,560,25128,48,100,65970,4031,0,55,1,0,43,NORMAL,0,1,0,2,56,12,0,160,2891,47,43,0,1,11,6
71331,21,bully,6762,1,1,1497,37,3188,296,25504,48,100,64569,1497,3934,55,0,0,43,NORMAL,0,0,1,1,36,0,0,167,2931,47,43,0,0,0,6
70873,23,bully,6263,1,1,3129,38,3121,304,24968,48,100,64610,3129,2261,55,0,0,43,NORMAL,0,0,1,1,37,0,0,161,2870,47,43,0,0,0,6
70652,81,bully,4652,7,1,4000,166,3060,1328,24480,26,100,62567,7433,0,37,1,1,43,NORMAL,0,1,0,7,138,20,1,156,2814,47,43,0,21,19,3
71482,74,bully,5485,7,1,4003,155,3182,1240,25456,26,100,62581,7419,0,37,1,1,43,NORMAL,0,1,0,7,128,19,1,166,2929,44,43,0,18,18,3
70941,43,bully,4941,1,1,4001,67,3112,536,24896,48,100,66000,4001,0,54,1,0,43,NORMAL,0,1,0,1,54,12,0,162,2861,46,43,0,0,11,6
71176,6,bully,6432,2,2,794,11,3170,88,25360,48,100,64744,794,4463,57,1,0,43,NORMAL,0,0,2,2,9,0,0,162,2918,47,43,0,0,0,6
71454,73,bully,5454,8,1,4001,153,3176,1224,25408,28,100,62670,7331,0,41,1,1,43,NORMAL,0,1,0,8,125,19,1,165,2921,47,43,0,18,18,3
71635,39,bully,6876,1,1,3278,53,3188,424,25504,48,100,64759,3278,1964,55,0,0,43,NORMAL,0,0,1,1,52,0,0,167,2931,47,43,0,0,0,6
70906,84,bully,4906,7,1,4001,174,3085,1392,24680,21,100,62429,7572,0,33,1,1,43,NORMAL,0,1,0,7,146,20,1,160,2838,44,43,0,22,19,3
71084,89,bully,5084,6,1,4000,178,3114,1424,24912,18,100,61439,8561,0,28,1,1,43,NORMAL,0,1,0,6,153,18,1,160,2864,47,43,0,29,17,3
71401,86,bully,5401,8,1,4000,180,3162,1440,25296,20,100,61893,8107,0,33,1,1,43,NORMAL,0,1,0,8,153,18,1,165,2907,47,43,0,26,17,3
71567,19,bully,6722,1,1,1563,34,3191,272,25528,48,100,64845,1563,3592,55,0,0,43,NORMAL,0,0,1,1,33,0,0,166,2935,47,43,0,0,0,6
71688,48,bully,5688,4,2,5054,84,3189,672,25512,41,100,64454,5240,306,50,1,1,42,NORMAL,0,1,1,4,65,14,1,165,2937,45,42,0,6,13,5
71685,10,bully,6814,2,2,204,18,3204,144,25632,48,100,64871,204,4925,57,1,0,43,NORMAL,0,0,2,2,16,0,0,166,2948,47,43,0,0,0,6
71430,22,bully,6546,1,1,2812,38,3168,304,25344,48,100,64884,2812,2304,55,0,0,43,NORMAL,0,0,1,1,37,0,0,164,2914,47,43,0,0,0,6
70926,75,bully,4926,7,1,4001,145,3072,1160,24576,26,100,62567,7434,0,37,1,1,43,NORMAL,0,1,0,7,121,16,1,156,2826,47,43,0,21,15,3
71837,56,bully,5837,5,1,4000,112,3190,896,25520,32,100,63178,6822,0,42,1,1,43,NORMAL,0,1,0,5,91,15,1,167,2933,47,43,0,14,14,3
71347,18,bully,6426,1,1,1601,33,3150,264,25200,48,100,64921,1601,3478,55,0,0,43,NORMAL,0,0,1,1,32,0,0,163,2897,47,43,0,0,0,6
71674,80,bully,5674,7,1,4001,168,3176,1344,25408,26,100,62567,7434,0,37,1,1,43,NORMAL,0,1,0,7,144,16,1,165,2921,47,43,0,21,15,3
71272,38,bully,5272,1,1,4000,60,3139,480,25112,49,100,66000,4000,0,55,1,0,43,NORMAL,0,1,0,1,50,9,0,162,2887,47,43,0,0,8,6
71365,2,bully,6399,2,2,318,3,3173,24,25384,48,100,64966,318,4717,57,1,0,43,NORMAL,0,0,2,2,1,0,0,162,2921,47,43,0,0,0,6
71264,67,bully,5266,7,1,4002,137,3120,1096,24960,29,100,63121,6879,0,41,1,1,43,NORMAL,0,1,0,7,114,15,1,162,2868,47,43,0,17,14,3
71128,92,bully,5128,4,1,4000,174,3084,1392,24672,16,100,61098,8902,0,24,1,1,43,NORMAL,0,1,0,4,153,16,1,160,2834,47,43,0,30,15,2
71280,57,bully,5280,5,3,5444,107,3099,856,24792,32,100,63178,6667,156,44,1,1,42,NORMAL,0,1,2,5,89,12,1,160,2850,47,42,0,14,11,3
71498,42,bully,5498,1,1,4000,62,3152,496,25216,49,100,66000,4000,0,55,1,0,43,NORMAL,0,1,0,1,54,7,0,163,2899,47,43,0,0,6,6
71840,12,bully,6746,2,2,796,22,3200,176,25600,48,100,65094,796,4110,57,1,0,43,NORMAL,0,0,2,2,20,0,0,166,2944,47,43,0,0,0,6
71590,31,bully,6480,1,1,2432,47,3156,376,25248,48,100,65110,2432,2459,55,0,0,43,NORMAL,0,0,1,1,46,0,0,163,2903,47,43,0,0,0,6
71552,51,bully,5552,6,4,4930,95,3135,760,25080,38,100,63786,5390,824,51,1,1,42,NORMAL,0,1,3,6,76,12,1,159,2889,45,42,0,9,11,5
71636,8,bully,6488,2,1,607,14,3173,112,25384,48,100,65148,852,4000,56,1,0,43,NORMAL,0,0,1,2,12,0,0,162,2921,47,43,0,0,0,6
71823,88,bully,5823,6,1,4001,176,3166,1408,25328,18,100,61439,8562,0,28,1,1,42,NORMAL,0,1,0,6,155,14,1,164,2915,45,42,0,27,13,3
71534,37,bully,6344,1,1,2238,50,3136,400,25088,48,100,65190,2238,2573,55,0,0,43,NORMAL,0,0,1,1,49,0,0,161,2885,47,43,0,0,0,6
71538,83,bully,5538,7,1,4001,167,3114,1336,24912,25,100,62567,7434,0,36,1,1,43,NORMAL,0,1,0,7,145,14,1,159,2866,46,43,0,21,13,3
71785,4,bully,6473,2,1,431,7,3179,56,25432,48,100,65312,688,4000,56,1,0,43,NORMAL,0,0,1,2,5,0,0,162,2927,47,43,0,0,0,6
71648,7,bully,6333,1,1,822,12,3151,96,25208,48,100,65315,822,3863,55,0,0,43,NORMAL,0,0,1,1,11,0,0,161,2900,47,43,0,0,0,6
71367,54,bully,5370,4,1,4004,97,3048,776,24384,32,100,63414,6587,0,41,1,1,42,NORMAL,0,1,0,4,82,10,1,156,2805,45,42,0,12,9,3
71334,66,bully,5334,6,1,4000,128,3060,1024,24480,29,100,63127,6873,0,40,1,1,43,NORMAL,0,1,0,6,110,11,1,156,2815,46,43,0,16,10,3
71620,71,bully,5620,8,2,4019,136,3115,1088,24920,28,100,62670,6896,435,42,1,0,43,NORMAL,0,1,1,8,117,11,0,160,2865,47,43,0,18,10,3
71959,79,bully,5959,7,1,4001,158,3156,1264,25248,26,100,62567,7434,0,37,1,0,43,NORMAL,0,1,0,7,140,11,0,164,2902,47,43,0,21,10,3
71741,100,bully,5740,3,3,12002,291,3101,2328,24808,1,100,57999,12002,0,6,1,33,13,LEADER,1,3,0,3,162,93,33,162,2885,41,13,0,41,90,0
71756,68,bully,5756,7,1,4001,131,3129,1048,25032,29,100,63123,6878,0,41,1,0,44,NORMAL,0,1,0,7,114,10,0,161,2877,47,44,0,17,9,3
71861,77,bully,5861,7,2,4067,147,3138,1176,25104,26,100,62567,7047,386,38,1,0,44,NORMAL,0,1,1,7,130,10,0,160,2887,47,44,0,21,9,3
71876,97,bully,5876,4,2,8001,250,3135,2000,25080,3,100,59147,10853,0,13,1,3,43,NORMAL,0,2,0,4,160,83,3,162,2887,43,43,0,36,81,0
71701,30,bully,5701,1,1,4000,49,3105,392,24840,49,100,66000,4000,0,55,1,0,44,NORMAL,0,1,0,1,45,3,0,160,2854,47,44,0,0,2,6
71892,65,bully,5892,6,1,4001,127,3128,1016,25024,30,100,63127,6874,0,41,1,0,44,NORMAL,0,1,0,6,112,9,0,161,2877,46,44,0,15,8,3
71974,53,bully,5974,5,1,4001,96,3141,768,25128,36,100,63536,6465,0,45,1,0,44,NORMAL,0,1,0,5,83,8,0,162,2888,47,44,0,12,7,4
71771,36,bully,5771,1,1,4001,53,3097,424,24776,49,100,66000,4001,0,55,1,0,44,NORMAL,0,1,0,1,49,3,0,159,2847,47,44,0,0,2,6
71810,32,bully,5810,1,1,4000,50,3070,400,24560,49,100,66000,4000,0,55,1,0,44,NORMAL,0,1,0,1,46,3,0,157,2822,47,44,0,0,2,6
71906,33,bully,5906,1,1,4000,49,3070,392,24560,49,100,66000,4000,0,55,1,0,44,NORMAL,0,1,0,1,46,2,0,157,2822,47,44,0,0,1,6
71921,1,bully,5968,1,1,75,1,3089,8,24712,48,100,65953,75,3972,55,0,0,44,NORMAL,0,0,1,1,0,0,0,156,2842,47,44,0,0,0,6
80148,70,bully,8180,7,2,4033,129,3193,1032,25544,28,100,70451,5550,4000,41,2,0,47,NORMAL,0,1,1,7,121,1,0,167,2933,46,47,0,17,0,3
80177,49,bully,8196,5,3,4481,74,3185,592,25480,40,100,71246,4667,4088,51,2,0,47,NORMAL,0,1,2,5,68,1,0,163,2929,46,47,0,8,0,5
80180,27,bully,6865,2,2,666,44,3190,352,25520,48,100,73315,666,6020,57,1,0,47,NORMAL,0,0,2,2,42,0,0,166,2930,47,47,0,0,0,6
80028,62,bully,7992,7,4,1101,112,3171,896,25368,31,100,70574,5328,4098,47,1,0,47,NORMAL,0,0,4,7,105,0,0,162,2915,47,47,0,14,0,3
80095,82,bully,7873,7,1,49,151,3152,1208,25216,25,100,70149,5852,4000,37,1,0,48,NORMAL,0,0,1,7,144,0,0,161,2896,47,48,0,21,0,3
80262,15,bully,6650,2,2,534,28,3187,224,25496,48,100,73612,534,5855,57,1,0,48,NORMAL,0,0,2,2,26,0,0,163,2929,47,48,0,0,0,6
80167,72,bully,7814,8,1,144,128,3154,1024,25232,27,100,70383,5618,4000,41,1,0,48,NORMAL,0,0,1,8,120,0,0,161,2898,47,48,0,18,0,3
80505,55,bully,8071,6,4,955,92,3186,736,25488,33,100,71035,4799,4167,48,1,0,48,NORMAL,0,0,4,6,86,0,0,162,2929,47,48,0,14,0,5
80383,44,bully,6585,2,1,3894,57,3176,456,25408,47,100,73768,3924,2309,55,0,0,48,NORMAL,0,0,1,2,55,0,0,163,2918,47,48,0,1,0,6
80367,76,bully,7916,9,3,746,137,3162,1096,25296,25,100,70378,3222,6400,41,1,0,48,NORMAL,0,0,3,9,128,0,0,162,2905,47,48,0,21,0,3
80014,94,bully,8475,5,2,4462,205,3102,1640,24816,14,100,68515,7486,4000,24,2,1,48,NORMAL,0,1,1,5,155,44,1,158,2849,47,48,0,32,43,2
80109,50,bully,7578,6,5,1963,76,3104,608,24832,39,100,71796,2020,6184,54,1,0,48,NORMAL,0,0,5,6,70,0,0,157,2852,47,48,0,9,0,5
80165,59,bully,7628,7,3,908,101,3110,808,24880,31,100,71075,2773,6153,46,1,0,48,NORMAL,0,0,3,7,94,0,0,159,2856,47,48,0,14,0,3
80789,78,bully,8249,10,5,2030,148,3166,1184,25328,25,100,70467,3253,6281,44,1,0,48,NORMAL,0,0,5,10,138,0,0,163,2908,47,48,0,21,0,3
80601,29,bully,6659,2,2,287,47,3181,376,25448,48,100,73942,287,5772,57,1,0,48,NORMAL,0,0,2,2,45,0,0,164,2922,47,48,0,0,0,6
80843,87,bully,4843,10,3,4919,196,3183,1568,25464,19,100,71893,7978,129,36,1,1,48,NORMAL,0,1,2,10,156,29,1,166,2923,46,48,0,26,28,3
80804,46,bully,6768,3,3,450,63,3192,504,25536,47,100,74006,450,5545,58,1,0,48,NORMAL,0,0,3,3,60,0,0,165,2932,47,48,0,1,0,6
80586,61,bully,7898,9,6,2536,109,3156,872,25248,31,100,71226,3290,5485,51,1,0,48,NORMAL,0,0,6,9,100,0,0,160,2901,47,48,0,14,0,3
80676,85,bully,4676,8,1,4000,189,3164,1512,25312,20,100,71893,8107,0,33,1,1,48,NORMAL,0,1,0,8,151,29,1,163,2907,46,48,0,25,28,3
80874,13,bully,6746,2,2,157,24,3203,192,25624,48,100,74128,157,5716,57,1,0,48,NORMAL,0,0,2,2,22,0,0,166,2942,47,48,0,0,0,6
80449,64,bully,7661,7,4,3920,115,3118,920,24944,30,100,71300,6279,2421,46,0,0,48,NORMAL,0,0,4,7,108,0,0,158,2865,47,48,0,15,0,3
81007,63,bully,5007,8,4,5342,144,3193,1152,25544,31,100,73178,6159,664,47,1,1,48,NORMAL,0,1,3,8,110,25,1,166,2933,46,48,0,14,24,3
81077,40,bully,6870,1,1,2139,54,3199,432,25592,48,100,74207,2139,3655,55,0,0,48,NORMAL,0,0,1,1,53,0,0,167,2937,47,48,0,0,0,6
80247,16,bully,6029,2,2,316,29,3078,232,24624,48,100,74218,316,5467,57,1,0,48,NORMAL,0,0,2,2,27,0,0,155,2828,47,48,0,0,0,6
80747,24,bully,6493,1,1,2251,40,3164,320,25312,48,100,74254,2251,3495,55,0,0,48,NORMAL,0,0,1,1,39,0,0,163,2906,47,48,0,0,0,6
80298,99,bully,4298,5,2,8002,262,3063,2096,24504,2,100,68765,11236,0,13,1,4,47,NORMAL,0,2,0,5,155,98,4,155,2815,46,47,0,40,96,0
80340,47,bully,4340,2,1,4001,82,3075,656,24600,43,100,75943,4058,0,49,1,1,47,NORMAL,0,1,0,2,61,18,1,155,2831,42,47,0,1,17,5
80571,93,bully,4571,4,3,7888,237,3116,1896,24928,14,100,70880,8859,262,24,1,3,48,NORMAL,0,1,2,4,155,75,3,160,2863,45,48,0,30,74,2
81198,69,bully,5198,7,1,4001,149,3197,1192,25576,29,100,73123,6878,0,41,1,1,48,NORMAL,0,1,0,7,119,22,1,166,2936,47,48,0,17,21,3
80331,35,bully,6005,2,1,871,50,3071,400,24568,48,100,74326,1675,4000,56,1,0,48,NORMAL,0,0,1,2,48,0,0,156,2820,47,48,0,0,0,6
81009,20,bully,6680,2,2,518,36,3184,288,25472,48,100,74329,518,5153,57,1,0,48,NORMAL,0,0,2,2,34,0,0,164,2925,47,48,0,0,0,6
80991,95,bully,4991,5,2,8001,248,3181,1984,25448,12,100,70509,9491,0,22,1,3,48,NORMAL,0,2,0,5,163,77,3,166,2922,45,48,0,32,75,2
81295,25,bully,6928,2,1,817,42,3204,336,25632,48,100,74367,1634,4000,56,1,0,48,NORMAL,0,0,1,2,40,0,0,167,2942,47,48,0,0,0,6
80818,14,bully,6441,2,1,1522,26,3162,208,25296,48,100,74377,1623,4000,56,1,0,48,NORMAL,0,0,1,2,24,0,0,162,2905,47,48,0,0,0,6
80520,41,bully,6135,1,1,2442,53,3095,424,24760,48,100,74385,2442,3174,55,0,0,48,NORMAL,0,0,1,1,52,0,0,159,2841,47,48,0,0,0,6
80435,96,bully,4435,4,2,8002,247,3081,1976,24648,8,100,69977,10024,0,17,1,3,46,NORMAL,0,2,0,4,155,85,3,157,2833,45,46,0,34,83,0
80543,34,bully,6149,2,2,109,48,3100,384,24800,48,100,74394,109,5498,57,1,0,48,NORMAL,0,0,2,2,46,0,0,158,2847,47,48,0,0,0,6
81158,28,bully,6759,1,1,2370,45,3194,360,25552,48,100,74399,2370,3231,55,0,0,48,NORMAL,0,0,1,1,44,0,0,167,2932,47,48,0,0,0,6
80956,11,bully,6542,2,2,377,20,3181,160,25448,48,100,74414,377,5210,57,1,0,48,NORMAL,0,0,2,2,18,0,0,163,2923,47,48,0,0,0,6
80684,17,bully,6251,2,2,130,31,3120,248,24960,48,100,74433,130,5438,57,1,0,48,NORMAL,0,0,2,2,29,0,0,160,2865,47,48,0,0,0,6
80708,90,bully,4708,4,1,4001,182,3122,1456,24976,16,100,71098,8903,0,24,1,1,48,NORMAL,0,1,0,4,155,22,1,162,2866,46,48,0,29,21,2
80465,3,bully,6023,2,2,65,5,3101,40,24808,48,100,74442,65,5494,57,1,0,48,NORMAL,0,0,2,2,3,0,0,155,2851,47,48,0,0,0,6
80593,9,bully,6139,2,2,341,16,3115,128,24920,48,100,74454,341,5206,57,1,0,48,NORMAL,0,0,2,2,14,0,0,158,2862,47,48,0,0,0,6
81144,60,bully,5144,5,1,4001,125,3190,1000,25520,32,100,73178,6823,0,42,1,1,47,NORMAL,0,1,0,5,99,20,1,164,2932,47,47,0,14,19,3
80856,98,bully,4856,5,2,8002,266,3155,2128,25240,3,100,68807,11194,0,14,1,4,48,NORMAL,0,2,0,5,162,95,4,164,2896,47,48,0,40,93,0
81289,91,bully,5289,4,1,4001,188,3194,1504,25552,16,100,71098,8903,0,24,1,1,47,NORMAL,0,1,0,4,161,22,1,168,2932,47,47,0,30,21,2
80737,26,bully,6257,1,1,2984,41,3123,328,24984,48,100,74480,2984,2536,55,0,0,48,NORMAL,0,0,1,1,40,0,0,161,2867,47,48,0,0,0,6
80722,58,bully,4722,8,7,5923,120,3114,960,24912,32,100,73178,6099,723,51,1,1,47,NORMAL,0,1,6,8,91,20,1,159,2861,47,47,0,14,19,3
80994,52,bully,4994,4,1,4000,106,3151,848,25208,36,100,73654,6346,0,44,1,1,48,NORMAL,0,1,0,4,81,20,1,162,2895,46,48,0,11,19,4
80704,5,bully,6155,2,2,512,9,3125,72,25000,48,100,74549,512,4940,57,1,0,48,NORMAL,0,0,2,2,7,0,0,158,2872,47,48,0,0,0,6
80885,45,bully,4885,2,1,4001,70,3146,560,25168,48,100,75970,4031,0,55,1,0,48,NORMAL,0,1,0,2,56,12,0,160,2891,47,48,0,1,11,6
81331,21,bully,6762,1,1,1497,37,3193,296,25544,48,100,74569,1497,3934,55,0,0,48,NORMAL,0,0,1,1,36,0,0,167,2931,47,48,0,0,0,6
80873,23,bully,6263,1,1,3129,38,3126,304,25008,48,100,74610,3129,2261,55,0,0,48,NORMAL,0,0,1,1,37,0,0,161,2870,47,48,0,0,0,6
80652,81,bully,4652,7,1,4000,166,3065,1328,24520,26,100,72567,7433,0,37,1,1,48,NORMAL,0,1,0,7,138,20,1,156,2814,47,48,0,21,19,3
81482,74,bully,5485,7,1,4003,155,3187,1240,25496,26,100,72581,7419,0,37,1,1,48,NORMAL,0,1,0,7,128,19,1,166,2929,44,48,0,18,18,3
80941,43,bully,4941,1,1,4001,67,3117,536,24936,48,100,76000,4001,0,54,1,0,48,NORMAL,0,1,0,1,54,12,0,162,2861,46,48,0,0,11,6
81176,6,bully,6432,2,2,794,11,3175,88,25400,48,100,74744,794,4463,57,1,0,48,NORMAL,0,0,2,2,9,0,0,162,2918,47,48,0,0,0,6
81454,73,bully,5454,8,1,4001,153,3181,1224,25448,28,100,72670,7331,0,41,1,1,48,NORMAL,0,1,0,8,125,19,1,165,2921,47,48,0,18,18,3
81635,39,bully,6876,1,1,3278,53,3193,424,25544,48,100,74759,3278,1964,55,0,0,48,NORMAL,0,0,1,1,52,0,0,167,2931,47,48,0,0,0,6
80906,84,bully,4906,7,1,4001,174,3090,1392,24720,21,100,72429,7572,0,33,1,1,48,NORMAL,0,1,0,7,146,20,1,160,2838,44,48,0,22,19,3
81084,89,bully,5084,6,1,4000,178,3119,1424,24952,18,100,71439,8561,0,28,1,1,48,NORMAL,0,1,0,6,153,18,1,160,2864,47,48,0,29,17,3
81401,86,bully,5401,8,1,4000,180,3167,1440,25336,20,100,71893,8107,0,33,1,1,48,NORMAL,0,1,0,8,153,18,1,165,2907,47,48,0,26,17,3
81567,19,bully,6722,1,1,1563,34,3196,272,25568,48,100,74845,1563,3592,55,0,0,48,NORMAL,0,0,1,1,33,0,0,166,2935,47,48,0,0,0,6
81688,48,bully,5688,4,2,5054,84,3194,672,25552,41,100,74454,5240,306,50,1,1,47,NORMAL,0,1,1,4,65,14,1,165,2937,45,47,0,6,13,5
81685,10,bully,6814,2,2,204,18,3209,144,25672,48,100,74871,204,4925,57,1,0,48,NORMAL,0,0,2,2,16,0,0,166,2948,47,48,0,0,0,6
81430,22,bully,6546,1,1,2812,38,3173,304,25384,48,100,74884,2812,2304,55,0,0,48,NORMAL,0,0,1,1,37,0,0,164,2914,47,48,0,0,0,6
80926,75,bully,4926,7,1,4001,145,3077,1160,24616,26,100,72567,7434,0,37,1,1,48,NORMAL,0,1,0,7,121,16,1,156,2826,47,48,0,21,15,3
81837,56,bully,5837,5,1,4000,112,3195,896,25560,32,100,73178,6822,0,42,1,1,48,NORMAL,0,1,0,5,91,15,1,167,2933,47,48,0,14,14,3
81347,18,bully,6426,1,1,1601,33,3155,264,25240,48,100,74921,1601,3478,55,0,0,48,NORMAL,0,0,1,1,32,0,0,163,2897,47,48,0,0,0,6
81674,80,bully,5674,7,1,4001,168,3181,1344,25448,26,100,72567,7434,0,37,1,1,48,NORMAL,0,1,0,7,144,16,1,165,2921,47,48,0,21,15,3
81272,38,bully,5272,1,1,4000,60,3144,480,25152,49,100,76000,4000,0,55,1,0,48,NORMAL,0,1,0,1,50,9,0,162,2887,47,48,0,0,8,6
81365,2,bully,6399,2,2,318,3,3178,24,25424,48,100,74966,318,4717,57,1,0,48,NORMAL,0,0,2,2,1,0,0,162,2921,47,48,0,0,0,6
81264,67,bully,5266,7,1,4002,137,3125,1096,25000,29,100,73121,6879,0,41,1,1,48,NORMAL,0,1,0,7,114,15,1,162,2868,47,48,0,17,14,3
81128,92,bully,5128,4,1,4000,174,3089,1392,24712,16,100,71098,8902,0,24,1,1,48,NORMAL,0,1,0,4,153,16,1,160,2834,47,48,0,30,15,2
81280,57,bully,5280,5,3,5444,107,3104,856,24832,32,100,73178,6667,156,44,1,1,47,NORMAL,0,1,2,5,89,12,1,160,2850,47,47,0,14,11,3
81498,42,bully,5498,1,1,4000,62,3157,496,25256,49,100,76000,4000,0,55,1,0,48,NORMAL,0,1,0,1,54,7,0,163,2899,47,48,0,0,6,6
81840,12,bully,6746,2,2,796,22,3205,176,25640,48,100,75094,796,4110,57,1,0,48,NORMAL,0,0,2,2,20,0,0,166,2944,47,48,0,0,0,6
81590,31,bully,6480,1,1,2432,47,3161,376,25288,48,100,75110,2432,2459,55,0,0,48,NORMAL,0,0,1,1,46,0,0,163,2903,47,48,0,0,0,6
81552,51,bully,5552,6,4,4930,95,3140,760,25120,38,100,73786,5390,824,51,1,1,47,NORMAL,0,1,3,6,76,12,1,159,2889,45,47,0,9,11,5
81636,8,bully,6488,2,1,607,14,3178,112,25424,48,100,75148,852,4000,56,1,0,48,NORMAL,0,0,1,2,12,0,0,162,2921,47,48,0,0,0,6
81823,88,bully,5823,6,1,4001,176,3171,1408,25368,18,100,71439,8562,0,28,1,1,47,NORMAL,0,1,0,6,155,14,1,164,2915,45,47,0,27,13,3
81534,37,bully,6344,1,1,2238,50,3141,400,25128,48,100,75190,2238,2573,55,0,0,48,NORMAL,0,0,1,1,49,0,0,161,2885,47,48,0,0,0,6
81538,83,bully,5538,7,1,4001,167,3119,1336,24952,25,100,72567,7434,0,36,1,1,48,NORMAL,0,1,0,7,145,14,1,159,2866,46,48,0,21,13,3
81785,4,bully,6473,2,1,431,7,3184,56,25472,48,100,75312,688,4000,56,1,0,48,NORMAL,0,0,1,2,5,0,0,162,2927,47,48,0,0,0,6
81648,7,bully,6333,1,1,822,12,3156,96,25248,48,100,75315,822,3863,55,0,0,48,NORMAL,0,0,1,1,11,0,0,161,2900,47,48,0,0,0,6
81367,54,bully,5370,4,1,4004,97,3053,776,24424,32,100,73414,6587,0,41,1,1,47,NORMAL,0,1,0,4,82,10,1,156,2805,45,47,0,12,9,3
81334,66,bully,5334,6,1,4000,128,3065,1024,24520,29,100,73127,6873,0,40,1,1,48,NORMAL,0,1,0,6,110,11,1,156,2815,46,48,0,16,10,3
81620,71,bully,5620,8,2,4019,136,3120,1088,24960,28,100,72670,6896,435,42,1,0,48,NORMAL,0,1,1,8,117,11,0,160,2865,47,48,0,18,10,3
81959,79,bully,5959,7,1,4001,158,3161,1264,25288,26,100,72567,7434,0,37,1,0,48,NORMAL,0,1,0,7,140,11,0,164,2902,47,48,0,21,10,3
81741,100,bully,5740,3,3,12002,296,3101,2368,24808,1,100,67999,12002,0,6,1,38,13,LEADER,1,3,0,3,162,93,38,162,2885,41,13,0,41,90,0
81756,68,bully,5756,7,1,4001,131,3134,1048,25072,29,100,73123,6878,0,41,1,0,49,NORMAL,0,1,0,7,114,10,0,161,2877,47,49,0,17,9,3
81861,77,bully,5861,7,2,4067,147,3143,1176,25144,26,100,72567,7047,386,38,1,0,49,NORMAL,0,1,1,7,130,10,0,160,2887,47,49,0,21,9,3
81876,97,bully,5876,4,2,8001,250,3140,2000,25120,3,100,69147,10853,0,13,1,3,48,NORMAL,0,2,0,4,160,83,3,162,2887,43,48,0,36,81,0
81701,30,bully,5701,1,1,4000,49,3110,392,24880,49,100,76000,4000,0,55,1,0,49,NORMAL,0,1,0,1,45,3,0,160,2854,47,49,0,0,2,6
81892,65,bully,5892,6,1,4001,127,3133,1016,25064,30,100,73127,6874,0,41,1,0,49,NORMAL,0,1,0,6,112,9,0,161,2877,46,49,0,15,8,3
81974,53,bully,5974,5,1,4001,96,3146,768,25168,36,100,73536,6465,0,45,1,0,49,NORMAL,0,1,0,5,83,8,0,162,2888,47,49,0,12,7,4
81771,36,bully,5771,1,1,4001,53,3102,424,24816,49,100,76000,4001,0,55,1,0,49,NORMAL,0,1,0,1,49,3,0,159,2847,47,49,0,0,2,6
81810,32,bully,5810,1,1,4000,50,3075,400,24600,49,100,76000,4000,0,55,1,0,49,NORMAL,0,1,0,1,46,3,0,157,2822,47,49,0,0,2,6
81906,33,bully,5906,1,1,4000,49,3075,392,24600,49,100,76000,4000,0,55,1,0,49,NORMAL,0,1,0,1,46,2,0,157,2822,47,49,0,0,1,6
81921,1,bully,5968,1,1,75,1,3094,8,24752,48,100,75953,75,3972,55,0,0,49,NORMAL,0,0,1,1,0,0,0,156,2842,47,49,0,0,0,6
90148,70,bully,8180,7,2,4033,129,3198,1032,25584,28,100,80451,5550,4000,41,2,0,52,NORMAL,0,1,1,7,121,1,0,167,2933,46,52,0,17,0,3
90177,49,bully,8196,5,3,4481,74,3190,592,25520,40,100,81246,4667,4088,51,2,0,52,NORMAL,0,1,2,5,68,1,0,163,2929,46,52,0,8,0,5
90180,27,bully,6865,2,2,666,44,3195,352,25560,48,100,83315,666,6020,57,1,0,52,NORMAL,0,0,2,2,42,0,0,166,2930,47,52,0,0,0,6
90028,62,bully,7992,7,4,1101,112,3176,896,25408,31,100,80574,5328,4098,47,1,0,52,NORMAL,0,0,4,7,105,0,0,162,2915,47,52,0,14,0,3
90095,82,bully,7873,7,1,49,151,3157,1208,25256,25,100,80149,5852,4000,37,1,0,53,NORMAL,0,0,1,7,144,0,0,161,2896,47,53,0,21,0,3
90262,15,bully,6650,2,2,534,28,3192,224,25536,48,100,83612,534,5855,57,1,0,53,NORMAL,0,0,2,2,26,0,0,163,2929,47,53,0,0,0,6
90167,72,bully,7814,8,1,144,128,3159,1024,25272,27,100,80383,5618,4000,41,1,0,53,NORMAL,0,0,1,8,120,0,0,161,2898,47,53,0,18,0,3
90505,55,bully,8071,6,4,955,92,3191,736,25528,33,100,81035,4799,4167,48,1,0,53,NORMAL,0,0,4,6,86,0,0,162,2929,47,53,0,14,0,5
90383,44,bully,6585,2,1,3894,57,3181,456,25448,47,100,83768,3924,2309,55,0,0,53,NORMAL,0,0,1,2,55,0,0,163,2918,47,53,0,1,0,6
90367,76,bully,7916,9,3,746,137,3167,1096,25336,25,100,80378,3222,6400,41,1,0,53,NORMAL,0,0,3,9,128,0,0,162,2905,47,53,0,21,0,3
90014,94,bully,8475,5,2,4462,205,3107,1640,24856,14,100,78515,7486,4000,24,2,1,53,NORMAL,0,1,1,5,155,44,1,158,2849,47,53,0,32,43,2
90109,50,bully,7578,6,5,1963,76,3109,608,24872,39,100,81796,2020,6184,54,1,0,53,NORMAL,0,0,5,6,70,0,0,157,2852,47,53,0,9,0,5
90165,59,bully,7628,7,3,908,101,3115,808,24920,31,100,81075,2773,6153,46,1,0,53,NORMAL,0,0,3,7,94,0,0,159,2856,47,53,0,14,0,3
90789,78,bully,8249,10,5,2030,148,3171,1184,25368,25,100,80467,3253,6281,44,1,0,53,NORMAL,0,0,5,10,138,0,0,163,2908,47,53,0,21,0,3
90601,29,bully,6659,2,2,287,47,3186,376,25488,48,100,83942,287,5772,57,1,0,53,NORMAL,0,0,2,2,45,0,0,164,2922,47,53,0,0,0,6
90843,87,bully,4843,10,3,4919,196,3188,1568,25504,19,100,81893,7978,129,36,1,1,53,NORMAL,0,1,2,10,156,29,1,166,2923,46,53,0,26,28,3
90804,46,bully,6768,3,3,450,63,3197,504,25576,47,100,84006,450,5545,58,1,0,53,NORMAL,0,0,3,3,60,0,0,165,2932,47,53,0,1,0,6
90586,61,bully,7898,9,6,2536,109,3161,872,25288,31,100,81226,3290,5485,51,1,0,53,NORMAL,0,0,6,9,100,0,0,160,2901,47,53,0,14,0,3
90676,85,bully,4676,8,1,4000,189,3169,1512,25352,20,100,81893,8107,0,33,1,1,53,NORMAL,0,1,0,8,151,29,1,163,2907,46,53,0,25,28,3
90874,13,bully,6746,2,2,157,24,3208,192,25664,48,100,84128,157,5716,57,1,0,53,NORMAL,0,0,2,2,22,0,0,166,2942,47,53,0,0,0,6
90449,64,bully,7661,7,4,3920,115,3123,920,24984,30,100,81300,6279,2421,46,0,0,53,NORMAL,0,0,4,7,108,0,0,158,2865,47,53,0,15,0,3
91007,63,bully,5007,8,4,5342,144,3198,1152,25584,31,100,83178,6159,664,47,1,1,53,NORMAL,0,1,3,8,110,25,1,166,2933,46,53,0,14,24,3
91077,40,bully,6870,1,1,2139,54,3204,432,25632,48,100,84207,2139,3655,55,0,0,53,NORMAL,0,0,1,1,53,0,0,167,2937,47,53,0,0,0,6
90247,16,bully,6029,2,2,316,29,3083,232,24664,48,100,84218,316,5467,57,1,0,53,NORMAL,0,0,2,2,27,0,0,155,2828,47,53,0,0,0,6
90747,24,bully,6493,1,1,2251,40,3169,320,25352,48,100,84254,2251,3495,55,0,0,53,NORMAL,0,0,1,1,39,0,0,163,2906,47,53,0,0,0,6
90298,99,bully,4298,5,2,8002,262,3068,2096,24544,2,100,78765,11236,0,13,1,4,52,NORMAL,0,2,0,5,155,98,4,155,2815,46,52,0,40,96,0
90340,47,bully,4340,2,1,4001,82,3080,656,24640,43,100,85943,4058,0,49,1,1,52,NORMAL,0,1,0,2,61,18,1,155,2831,42,52,0,1,17,5
90571,93,bully,4571,4,3,7888,237,3121,1896,24968,14,100,80880,8859,262,24,1,3,53,NORMAL,0,1,2,4,155,75,3,160,2863,45,53,0,30,74,2
91198,69,bully,5198,7,1,4001,149,3202,1192,25616,29,100,83123,6878,0,41,1,1,53,NORMAL,0,1,0,7,119,22,1,166,2936,47,53,0,17,21,3
90331,35,bully,6005,2,1,871,50,3076,400,24608,48,100,84326,1675,4000,56,1,0,53,NORMAL,0,0,1,2,48,0,0,156,2820,47,53,0,0,0,6
91009,20,bully,6680,2,2,518,36,3189,288,25512,48,100,84329,518,5153,57,1,0,53,NORMAL,0,0,2,2,34,0,0,164,2925,47,53,0,0,0,6
90991,95,bully,4991,5,2,8001,248,3186,1984,25488,12,100,80509,9491,0,22,1,3,53,NORMAL,0,2,0,5,163,77,3,166,2922,45,53,0,32,75,2
91295,25,bully,6928,2,1,817,42,3209,336,25672,48,100,84367,1634,4000,56,1,0,53,NORMAL,0,0,1,2,40,0,0,167,2942,47,53,0,0,0,6
90818,14,bully,6441,2,1,1522,26,3167,208,25336,48,100,84377,1623,4000,56,1,0,53,NORMAL,0,0,1,2,24,0,0,162,2905,47,53,0,0,0,6
90520,41,bully,6135,1,1,2442,53,3100,424,24800,48,100,84385,2442,3174,55,0,0,53,NORMAL,0,0,1,1,52,0,0,159,2841,47,53,0,0,0,6
90435,96,bully,4435,4,2,8002,247,3086,1976,24688,8,100,79977,10024,0,17,1,3,51,NORMAL,0,2,0,4,155,85,3,157,2833,45,51,0,34,83,0
90543,34,bully,6149,2,2,109,48,3105,384,24840,48,100,84394,109,5498,57,1,0,53,NORMAL,0,0,2,2,46,0,0,158,2847,47,53,0,0,0,6
91158,28,bully,6759,1,1,2370,45,3199,360,25592,48,100,84399,2370,3231,55,0,0,53,NORMAL,0,0,1,1,44,0,0,167,2932,47,53,0,0,0,6
90956,11,bully,6542,2,2,377,20,3186,160,25488,48,100,84414,377,5210,57,1,0,53,NORMAL,0,0,2,2,18,0,0,163,2923,47,53,0,0,0,6
90684,17,bully,6251,2,2,130,31,3125,248,25000,48,100,84433,130,5438,57,1,0,53,NORMAL,0,0,2,2,29,0,0,160,2865,47,53,0,0,0,6
90708,90,bully,4708,4,1,4001,182,3127,1456,25016,16,100,81098,8903,0,24,1,1,53,NORMAL,0,1,0,4,155,22,1,162,2866,46,53,0,29,21,2
90465,3,bully,6023,2,2,65,5,3106,40,24848,48,100,84442,65,5494,57,1,0,53,NORMAL,0,0,2,2,3,0,0,155,2851,47,53,0,0,0,6
90593,9,bully,6139,2,2,341,16,3120,128,24960,48,100,84454,341,5206,57,1,0,53,NORMAL,0,0,2,2,14,0,0,158,2862,47,53,0,0,0,6
91144,60,bully,5144,5,1,4001,125,3195,1000,25560,32,100,83178,6823,0,42,1,1,52,NORMAL,0,1,0,5,99,20,1,164,2932,47,52,0,14,19,3
90856,98,bully,4856,5,2,8002,266,3160,2128,25280,3,100,78807,11194,0,14,1,4,53,NORMAL,0,2,0,5,162,95,4,164,2896,47,53,0,40,93,0
91289,91,bully,5289,4,1,4001,188,3199,1504,25592,16,100,81098,8903,0,24,1,1,52,NORMAL,0,1,0,4,161,22,1,168,2932,47,52,0,30,21,2
90737,26,bully,6257,1,1,2984,41,3128,328,25024,48,100,84480,2984,2536,55,0,0,53,NORMAL,0,0,1,1,40,0,0,161,2867,47,53,0,0,0,6
90722,58,bully,4722,8,7,5923,120,3119,960,24952,32,100,83178,6099,723,51,1,1,52,NORMAL,0,1,6,8,91,20,1,159,2861,47,52,0,14,19,3
90994,52,bully,4994,4,1,4000,106,3156,848,25248,36,100,83654,6346,0,44,1,1,53,NORMAL,0,1,0,4,81,20,1,162,2895,46,53,0,11,19,4
90704,5,bully,6155,2,2,512,9,3130,72,25040,48,100,84549,512,4940,57,1,0,53,NORMAL,0,0,2,2,7,0,0,158,2872,47,53,0,0,0,6
90885,45,bully,4885,2,1,4001,70,3151,560,25208,48,100,85970,4031,0,55,1,0,53,NORMAL,0,1,0,2,56,12,0,160,2891,47,53,0,1,11,6
91331,21,bully,6762,1,1,1497,37,3198,296,25584,48,100,84569,1497,3934,55,0,0,53,NORMAL,0,0,1,1,36,0,0,167,2931,47,53,0,0,0,6
90873,23,bully,6263,1,1,3129,38,3131,304,25048,48,100,84610,3129,2261,55,0,0,53,NORMAL,0,0,1,1,37,0,0,161,2870,47,53,0,0,0,6
90652,81,bully,4652,7,1,4000,166,3070,1328,24560,26,100,82567,7433,0,37,1,1,53,NORMAL,0,1,0,7,138,20,1,156,2814,47,53,0,21,19,3
91482,74,bully,5485,7,1,4003,155,3192,1240,25536,26,100,82581,7419,0,37,1,1,53,NORMAL,0,1,0,7,128,19,1,166,2929,44,53,0,18,18,3
90941,43,bully,4941,1,1,4001,67,3122,536,24976,48,100,86000,4001,0,54,1,0,53,NORMAL,0,1,0,1,54,12,0,162,2861,46,53,0,0,11,6
91176,6,bully,6432,2,2,794,11,3180,88,25440,48,100,84744,794,4463,57,1,0,53,NORMAL,0,0,2,2,9,0,0,162,2918,47,53,0,0,0,6
91454,73,bully,5454,8,1,4001,153,3186,1224,25488,28,100,82670,7331,0,41,1,1,53,NORMAL,0,1,0,8,125,19,1,165,2921,47,53,0,18,18,3
91635,39,bully,6876,1,1,3278,53,3198,424,25584,48,100,84759,3278,1964,55,0,0,53,NORMAL,0,0,1,1,52,0,0,167,2931,47,53,0,0,0,6
90906,84,bully,4906,7,1,4001,174,3095,1392,24760,21,100,82429,7572,0,33,1,1,53,NORMAL,0,1,0,7,146,20,1,160,2838,44,53,0,22,19,3
91084,89,bully,5084,6,1,4000,178,3124,1424,24992,18,100,81439,8561,0,28,1,1,53,NORMAL,0,1,0,6,153,18,1,160,2864,47,53,0,29,17,3
91401,86,bully,5401,8,1,4000,180,3172,1440,25376,20,100,81893,8107,0,33,1,1,53,NORMAL,0,1,0,8,153,18,1,165,2907,47,53,0,26,17,3
91567,19,bully,6722,1,1,1563,34,3201,272,25608,48,100,84845,1563,3592,55,0,0,53,NORMAL,0,0,1,1,33,0,0,166,2935,47,53,0,0,0,6
91688,48,bully,5688,4,2,5054,84,3199,672,25592,41,100,84454,5240,306,50,1,1,52,NORMAL,0,1,1,4,65,14,1,165,2937,45,52,0,6,13,5
91685,10,bully,6814,2,2,204,18,3214,144,25712,48,100,84871,204,4925,57,1,0,53,NORMAL,0,0,2,2,16,0,0,166,2948,47,53,0,0,0,6
91430,22,bully,6546,1,1,2812,38,3178,304,25424,48,100,84884,2812,2304,55,0,0,53,NORMAL,0,0,1,1,37,0,0,164,2914,47,53,0,0,0,6
90926,75,bully,4926,7,1,4001,145,3082,1160,24656,26,100,82567,7434,0,37,1,1,53,NORMAL,0,1,0,7,121,16,1,156,2826,47,53,0,21,15,3
91837,56,bully,5837,5,1,4000,112,3200,896,25600,32,100,83178,6822,0,42,1,1,53,NORMAL,0,1,0,5,91,15,1,167,2933,47,53,0,14,14,3
91347,18,bully,6426,1,1,1601,33,3160,264,25280,48,100,84921,1601,3478,55,0,0,53,NORMAL,0,0,1,1,32,0,0,163,2897,47,53,0,0,0,6
91674,80,bully,5674,7,1,4001,168,3186,1344,25488,26,100,82567,7434,0,37,1,1,53,NORMAL,0,1,0,7,144,16,1,165,2921,47,53,0,21,15,3
91272,38,bully,5272,1,1,4000,60,3149,480,25192,49,100,86000,4000,0,55,1,0,53,NORMAL,0,1,0,1,50,9,0,162,2887,47,53,0,0,8,6
91365,2,bully,6399,2,2,318,3,3183,24,25464,48,100,84966,318,4717,57,1,0,53,NORMAL,0,0,2,2,1,0,0,162,2921,47,53,0,0,0,6
91264,67,bully,5266,7,1,4002,137,3130,1096,25040,29,100,83121,6879,0,41,1,1,53,NORMAL,0,1,0,7,114,15,1,162,2868,47,53,0,17,14,3
91128,92,bully,5128,4,1,4000,174,3094,1392,24752,16,100,81098,8902,0,24,1,1,53,NORMAL,0,1,0,4,153,16,1,160,2834,47,53,0,30,15,2
91280,57,bully,5280,5,3,5444,107,3109,856,24872,32,100,83178,6667,156,44,1,1,52,NORMAL,0,1,2,5,89,12,1,160,2850,47,52,0,14,11,3
91498,42,bully,5498,1,1,4000,62,3162,496,25296,49,100,86000,4000,0,55,1,0,53,NORMAL,0,1,0,1,54,7,0,163,2899,47,53,0,0,6,6
91840,12,bully,6746,2,2,796,22,3210,176,25680,48,100,85094,796,4110,57,1,0,53,NORMAL,0,0,2,2,20,0,0,166,2944,47,53,0,0,0,6
91590,31,bully,6480,1,1,2432,47,3166,376,25328,48,100,85110,2432,2459,55,0,0,53,NORMAL,0,0,1,1,46,0,0,163,2903,47,53,0,0,0,6
91552,51,bully,5552,6,4,4930,95,3145,760,25160,38,100,83786,5390,824,51,1,1,52,NORMAL,0,1,3,6,76,12,1,159,2889,45,52,0,9,11,5
91636,8,bully,6488,2,1,607,14,3183,112,25464,48,100,85148,852,4000,56,1,0,53,NORMAL,0,0,1,2,12,0,0,162,2921,47,53,0,0,0,6
91823,88,bully,5823,6,1,4001,176,3176,1408,25408,18,100,81439,8562,0,28,1,1,52,NORMAL,0,1,0,6,155,14,1,164,2915,45,52,0,27,13,3
91534,37,bully,6344,1,1,2238,50,3146,400,25168,48,100,85190,2238,2573,55,0,0,53,NORMAL,0,0,1,1,49,0,0,161,2885,47,53,0,0,0,6
91538,83,bully,5538,7,1,4001,167,3124,1336,24992,25,100,82567,7434,0,36,1,1,53,NORMAL,0,1,0,7,145,14,1,159,2866,46,53,0,21,13,3
91785,4,bully,6473,2,1,431,7,3189,56,25512,48,100,85312,688,4000,56,1,0,53,NORMAL,0,0,1,2,5,0,0,162,2927,47,53,0,0,0,6
91648,7,bully,6333,1,1,822,12,3161,96,25288,48,100,85315,822,3863,55,0,0,53,NORMAL,0,0,1,1,11,0,0,161,2900,47,53,0,0,0,6
91367,54,bully,5370,4,1,4004,97,3058,776,24464,32,100,83414,6587,0,41,1,1,52,NORMAL,0,1,0,4,82,10,1,156,2805,45,52,0,12,9,3
91334,66,bully,5334,6,1,4000,128,3070,1024,24560,29,100,83127,6873,0,40,1,1,53,NORMAL,0,1,0,6,110,11,1,156,2815,46,53,0,16,10,3
91620,71,bully,5620,8,2,4019,136,3125,1088,25000,28,100,82670,6896,435,42,1,0,53,NORMAL,0,1,1,8,117,11,0,160,2865,47,53,0,18,10,3
91959,79,bully,5959,7,1,4001,158,3166,1264,25328,26,100,82567,7434,0,37,1,0,53,NORMAL,0,1,0,7,140,11,0,164,2902,47,53,0,21,10,3
91741,100,bully,5740,3,3,12002,301,3101,2408,24808,1,100,77999,12002,0,6,1,43,13,LEADER,1,3,0,3,162,93,43,162,2885,41,13,0,41,90,0
91756,68,bully,5756,7,1,4001,131,3138,1048,25104,29,100,83123,6878,0,41,1,0,53,NORMAL,0,1,0,7,114,10,0,161,2877,47,53,0,17,9,3
91861,77,bully,5861,7,2,4067,147,3147,1176,25176,26,100,82567,7047,386,38,1,0,53,NORMAL,0,1,1,7,130,10,0,160,2887,47,53,0,21,9,3
91876,97,bully,5876,4,2,8001,250,3145,2000,25160,3,100,79147,10853,0,13,1,3,53,NORMAL,0,2,0,4,160,83,3,162,2887,43,53,0,36,81,0
91701,30,bully,5701,1,1,4000,49,3115,392,24920,49,100,86000,4000,0,55,1,0,54,NORMAL,0,1,0,1,45,3,0,160,2854,47,54,0,0,2,6
91892,65,bully,5892,6,1,4001,127,3138,1016,25104,30,100,83127,6874,0,41,1,0,54,NORMAL,0,1,0,6,112,9,0,161,2877,46,54,0,15,8,3
91974,53,bully,5974,5,1,4001,96,3151,768,25208,36,100,83536,6465,0,45,1,0,54,NORMAL,0,1,0,5,83,8,0,162,2888,47,54,0,12,7,4
91771,36,bully,5771,1,1,4001,53,3107,424,24856,49,100,86000,4001,0,55,1,0,54,NORMAL,0,1,0,1,49,3,0,159,2847,47,54,0,0,2,6
91810,32,bully,5810,1,1,4000,50,3080,400,24640,49,100,86000,4000,0,55,1,0,54,NORMAL,0,1,0,1,46,3,0,157,2822,47,54,0,0,2,6
91906,33,bully,5906,1,1,4000,49,3080,392,24640,49,100,86000,4000,0,55,1,0,54,NORMAL,0,1,0,1,46,2,0,157,2822,47,54,0,0,1,6
91921,1,bully,5968,1,1,75,1,3099,8,24792,48,100,85953,75,3972,55,0,0,54,NORMAL,0,0,1,1,0,0,0,156,2842,47,54,0,0,0,6
100148,70,bully,8180,7,2,4033,129,3203,1032,25624,28,100,90451,5550,4000,41,2,0,57,NORMAL,0,1,1,7,121,1,0,167,2933,46,57,0,17,0,3
100177,49,bully,8196,5,3,4481,74,3195,592,25560,40,100,91246,4667,4088,51,2,0,57,NORMAL,0,1,2,5,68,1,0,163,2929,46,57,0,8,0,5
100180,27,bully,6865,2,2,666,44,3200,352,25600,48,100,93315,666,6020,57,1,0,57,NORMAL,0,0,2,2,42,0,0,166,2930,47,57,0,0,0,6
100028,62,bully,7992,7,4,1101,112,3181,896,25448,31,100,90574,5328,4098,47,1,0,57,NORMAL,0,0,4,7,105,0,0,162,2915,47,57,0,14,0,3
100095,82,bully,7873,7,1,49,151,3162,1208,25296,25,100,90149,5852,4000,37,1,0,58,NORMAL,0,0,1,7,144,0,0,161,2896,47,58,0,21,0,3
100262,15,bully,6650,2,2,534,28,3197,224,25576,48,100,93612,534,5855,57,1,0,58,NORMAL,0,0,2,2,26,0,0,163,2929,47,58,0,0,0,6
100167,72,bully,7814,8,1,144,128,3164,1024,25312,27,100,90383,5618,4000,41,1,0,58,NORMAL,0,0,1,8,120,0,0,161,2898,47,58,0,18,0,3
100505,55,bully,8071,6,4,955,92,3196,736,25568,33,100,91035,4799,4167,48,1,0,58,NORMAL,0,0,4,6,86,0,0,162,2929,47,58,0,14,0,5
100383,44,bully,6585,2,1,3894,57,3186,456,25488,47,100,93768,3924,2309,55,0,0,58,NORMAL,0,0,1,2,55,0,0,163,2918,47,58,0,1,0,6
100367,76,bully,7916,9,3,746,137,3172,1096,25376,25,100,90378,3222,6400,41,1,0,58,NORMAL,0,0,3,9,128,0,0,162,2905,47,58,0,21,0,3
100014,94,bully,8475,5,2,4462,205,3112,1640,24896,14,100,88515,7486,4000,24,2,1,58,NORMAL,0,1,1,5,155,44,1,158,2849,47,58,0,32,43,2
100109,50,bully,7578,6,5,1963,76,3114,608,24912,39,100,91796,2020,6184,54,1,0,58,NORMAL,0,0,5,6,70,0,0,157,2852,47,58,0,9,0,5
100165,59,bully,7628,7,3,908,101,3120,808,24960,31,100,91075,2773,6153,46,1,0,58,NORMAL,0,0,3,7,94,0,0,159,2856,47,58,0,14,0,3
100789,78,bully,8249,10,5,2030,148,3176,1184,25408,25,100,90467,3253,6281,44,1,0,58,NORMAL,0,0,5,10,138,0,0,163,2908,47,58,0,21,0,3
100601,29,bully,6659,2,2,287,47,3191,376,25528,48,100,93942,287,5772,57,1,0,58,NORMAL,0,0,2,2,45,0,0,164,2922,47,58,0,0,0,6
100843,87,bully,4843,10,3,4919,196,3193,1568,25544,19,100,91893,7978,129,36,1,1,58,NORMAL,0,1,2,10,156,29,1,166,2923,46,58,0,26,28,3
100804,46,bully,6768,3,3,450,63,3202,504,25616,47,100,94006,450,5545,58,1,0,58,NORMAL,0,0,3,3,60,0,0,165,2932,47,58,0,1,0,6
100586,61,bully,7898,9,6,2536,109,3166,872,25328,31,100,91226,3290,5485,51,1,0,58,NORMAL,0,0,6,9,100,0,0,160,2901,47,58,0,14,0,3
100676,85,bully,4676,8,1,4000,189,3174,1512,25392,20,100,91893,8107,0,33,1,1,58,NORMAL,0,1,0,8,151,29,1,163,2907,46,58,0,25,28,3
100874,13,bully,6746,2,2,157,24,3213,192,25704,48,100,94128,157,5716,57,1,0,58,NORMAL,0,0,2,2,22,0,0,166,2942,47,58,0,0,0,6
100449,64,bully,7661,7,4,3920,115,3128,920,25024,30,100,91300,6279,2421,46,0,0,58,NORMAL,0,0,4,7,108,0,0,158,2865,47,58,0,15,0,3
101007,63,bully,5007,8,4,5342,144,3203,1152,25624,31,100,93178,6159,664,47,1,1,58,NORMAL,0,1,3,8,110,25,1,166,2933,46,58,0,14,24,3
101077,40,bully,6870,1,1,2139,54,3209,432,25672,48,100,94207,2139,3655,55,0,0,58,NORMAL,0,0,1,1,53,0,0,167,2937,47,58,0,0,0,6
100247,16,bully,6029,2,2,316,29,3088,232,24704,48,100,94218,316,5467,57,1,0,58,NORMAL,0,0,2,2,27,0,0,155,2828,47,58,0,0,0,6
100747,24,bully,6493,1,1,2251,40,3174,320,25392,48,100,94254,2251,3495,55,0,0,58,NORMAL,0,0,1,1,39,0,0,163,2906,47,58,0,0,0,6
100298,99,bully,4298,5,2,8002,262,3073,2096,24584,2,100,88765,11236,0,13,1,4,57,NORMAL,0,2,0,5,155,98,4,155,2815,46,57,0,40,96,0
100340,47,bully,4340,2,1,4001,82,3085,656,24680,43,100,95943,4058,0,49,1,1,57,NORMAL,0,1,0,2,61,18,1,155,2831,42,57,0,1,17,5
100571,93,bully,4571,4,3,7888,237,3126,1896,25008,14,100,90880,8859,262,24,1,3,58,NORMAL,0,1,2,4,155,75,3,160,2863,45,58,0,30,74,2
101198,69,bully,5198,7,1,4001,149,3207,1192,25656,29,100,93123,6878,0,41,1,1,58,NORMAL,0,1,0,7,119,22,1,166,2936,47,58,0,17,21,3
100331,35,bully,6005,2,1,871,50,3081,400,24648,48,100,94326,1675,4000,56,1,0,58,NORMAL,0,0,1,2,48,0,0,156,2820,47,58,0,0,0,6
101009,20,bully,6680,2,2,518,36,3194,288,25552,48,100,94329,518,5153,57,1,0,58,NORMAL,0,0,2,2,34,0,0,164,2925,47,58,0,0,0,6
100991,95,bully,4991,5,2,8001,248,3191,1984,25528,12,100,90509,9491,0,22,1,3,58,NORMAL,0,2,0,5,163,77,3,166,2922,45,58,0,32,75,2
101295,25,bully,6928,2,1,817,42,3214,336,25712,48,100,94367,1634,4000,56,1,0,58,NORMAL,0,0,1,2,40,0,0,167,2942,47,58,0,0,0,6
100818,14,bully,6441,2,1,1522,26,3172,208,25376,48,100,94377,1623,4000,56,1,0,58,NORMAL,0,0,1,2,24,0,0,162,2905,47,58,0,0,0,6
100520,41,bully,6135,1,1,2442,53,3105,424,24840,48,100,94385,2442,3174,55,0,0,58,NORMAL,0,0,1,1,52,0,0,159,2841,47,58,0,0,0,6
100435,96,bully,4435,4,2,8002,247,3091,1976,24728,8,100,89977,10024,0,17,1,3,56,NORMAL,0,2,0,4,155,85,3,157,2833,45,56,0,34,83,0
100543,34,bully,6149,2,2,109,48,3110,384,24880,48,100,94394,109,5498,57,1,0,58,NORMAL,0,0,2,2,46,0,0,158,2847,47,58,0,0,0,6
101158,28,bully,6759,1,1,2370,45,3204,360,25632,48,100,94399,2370,3231,55,0,0,58,NORMAL,0,0,1,1,44,0,0,167,2932,47,58,0,0,0,6
100956,11,bully,6542,2,2,377,20,3191,160,25528,48,100,94414,377,5210,57,1,0,58,NORMAL,0,0,2,2,18,0,0,163,2923,47,58,0,0,0,6
100684,17,bully,6251,2,2,130,31,3130,248,25040,48,100,94433,130,5438,57,1,0,58,NORMAL,0,0,2,2,29,0,0,160,2865,47,58,0,0,0,6
100708,90,bully,4708,4,1,4001,182,3132,1456,25056,16,100,91098,8903,0,24,1,1,58,NORMAL,0,1,0,4,155,22,1,162,2866,46,58,0,29,21,2
100465,3,bully,6023,2,2,65,5,3111,40,24888,48,100,94442,65,5494,57,1,0,58,NORMAL,0,0,2,2,3,0,0,155,2851,47,58,0,0,0,6
100593,9,bully,6139,2,2,341,16,3125,128,25000,48,100,94454,341,5206,57,1,0,58,NORMAL,0,0,2,2,14,0,0,158,2862,47,58,0,0,0,6
101144,60,bully,5144,5,1,4001,125,3200,1000,25600,32,100,93178,6823,0,42,1,1,57,NORMAL,0,1,0,5,99,20,1,164,2932,47,57,0,14,19,3
100856,98,bully,4856,5,2,8002,266,3165,2128,25320,3,100,88807,11194,0,14,1,4,58,NORMAL,0,2,0,5,162,95,4,164,2896,47,58,0,40,93,0
101289,91,bully,5289,4,1,4001,188,3204,1504,25632,16,100,91098,8903,0,24,1,1,57,NORMAL,0,1,0,4,161,22,1,168,2932,47,57,0,30,21,2
100737,26,bully,6257,1,1,2984,41,3133,328,25064,48,100,94480,2984,2536,55,0,0,58,NORMAL,0,0,1,1,40,0,0,161,2867,47,58,0,0,0,6
100722,58,bully,4722,8,7,5923,120,3124,960,24992,32,100,93178,6099,723,51,1,1,57,NORMAL,0,1,6,8,91,20,1,159,2861,47,57,0,14,19,3
100994,52,bully,4994,4,1,4000,106,3161,848,25288,36,100,93654,6346,0,44,1,1,58,NORMAL,0,1,0,4,81,20,1,162,2895,46,58,0,11,19,4
100704,5,bully,6155,2,2,512,9,3135,72,25080,48,100,94549,512,4940,57,1,0,58,NORMAL,0,0,2,2,7,0,0,158,2872,47,58,0,0,0,6
100885,45,bully,4885,2,1,4001,70,3156,560,25248,48,100,95970,4031,0,55,1,0,58,NORMAL,0,1,0,2,56,12,0,160,2891,47,58,0,1,11,6
101331,21,bully,6762,1,1,1497,37,3203,296,25624,48,100,94569,1497,3934,55,0,0,58,NORMAL,0,0,1,1,36,0,0,167,2931,47,58,0,0,0,6
100873,23,bully,6263,1,1,3129,38,3136,304,25088,48,100,94610,3129,2261,55,0,0,58,NORMAL,0,0,1,1,37,0,0,161,2870,47,58,0,0,0,6
100652,81,bully,4652,7,1,4000,166,3075,1328,24600,26,100,92567,7433,0,37,1,1,58,NORMAL,0,1,0,7,138,20,1,156,2814,47,58,0,21,19,3
101482,74,bully,5485,7,1,4003,155,3197,1240,25576,26,100,92581,7419,0,37,1,1,58,NORMAL,0,1,0,7,128,19,1,166,2929,44,58,0,18,18,3
100941,43,bully,4941,1,1,4001,67,3127,536,25016,48,100,96000,4001,0,54,1,0,58,NORMAL,0,1,0,1,54,12,0,162,2861,46,58,0,0,11,6
101176,6,bully,6432,2,2,794,11,3185,88,25480,48,100,94744,794,4463,57,1,0,58,NORMAL,0,0,2,2,9,0,0,162,2918,47,58,0,0,0,6
101454,73,bully,5454,8,1,4001,153,3191,1224,25528,28,100,92670,7331,0,41,1,1,58,NORMAL,0,1,0,8,125,19,1,165,2921,47,58,0,18,18,3
101635,39,bully,6876,1,1,3278,53,3203,424,25624,48,100,94759,3278,1964,55,0,0,58,NORMAL,0,0,1,1,52,0,0,167,2931,47,58,0,0,0,6
100906,84,bully,4906,7,1,4001,174,3100,1392,24800,21,100,92429,7572,0,33,1,1,58,NORMAL,0,1,0,7,146,20,1,160,2838,44,58,0,22,19,3
101084,89,bully,5084,6,1,4000,178,3129,1424,25032,18,100,91439,8561,0,28,1,1,58,NORMAL,0,1,0,6,153,18,1,160,2864,47,58,0,29,17,3
101401,86,bully,5401,8,1,4000,180,3177,1440,25416,20,100,91893,8107,0,33,1,1,58,NORMAL,0,1,0,8,153,18,1,165,2907,47,58,0,26,17,3
101567,19,bully,6722,1,1,1563,34,3206,272,25648,48,100,94845,1563,3592,55,0,0,58,NORMAL,0,0,1,1,33,0,0,166,2935,47,58,0,0,0,6
101688,48,bully,5688,4,2,5054,84,3204,672,25632,41,100,94454,5240,306,50,1,1,57,NORMAL,0,1,1,4,65,14,1,165,2937,45,57,0,6,13,5
101685,10,bully,6814,2,2,204,18,3219,144,25752,48,100,94871,204,4925,57,1,0,58,NORMAL,0,0,2,2,16,0,0,166,2948,47,58,0,0,0,6
101430,22,bully,6546,1,1,2812,38,3183,304,25464,48,100,94884,2812,2304,55,0,0,58,NORMAL,0,0,1,1,37,0,0,164,2914,47,58,0,0,0,6
100926,75,bully,4926,7,1,4001,145,3087,1160,24696,26,100,92567,7434,0,37,1,1,58,NORMAL,0,1,0,7,121,16,1,156,2826,47,58,0,21,15,3
101837,56,bully,5837,5,1,4000,112,3205,896,25640,32,100,93178,6822,0,42,1,1,58,NORMAL,0,1,0,5,91,15,1,167,2933,47,58,0,14,14,3
101347,18,bully,6426,1,1,1601,33,3165,264,25320,48,100,94921,1601,3478,55,0,0,58,NORMAL,0,0,1,1,32,0,0,163,2897,47,58,0,0,0,6
101674,80,bully,5674,7,1,4001,168,3191,1344,25528,26,100,92567,7434,0,37,1,1,58,NORMAL,0,1,0,7,144,16,1,165,2921,47,58,0,21,15,3
101272,38,bully,5272,1,1,4000,60,3154,480,25232,49,100,96000,4000,0,55,1,0,58,NORMAL,0,1,0,1,50,9,0,162,2887,47,58,0,0,8,6
101365,2,bully,6399,2,2,318,3,3188,24,25504,48,100,94966,318,4717,57,1,0,58,NORMAL,0,0,2,2,1,0,0,162,2921,47,58,0,0,0,6
101264,67,bully,5266,7,1,4002,137,3135,1096,25080,29,100,93121,6879,0,41,1,1,58,NORMAL,0,1,0,7,114,15,1,162,2868,47,58,0,17,14,3
101128,92,bully,5128,4,1,4000,174,3099,1392,24792,16,100,91098,8902,0,24,1,1,58,NORMAL,0,1,0,4,153,16,1,160,2834,47,58,0,30,15,2
101280,57,bully,5280,5,3,5444,107,3114,856,24912,32,100,93178,6667,156,44,1,1,57,NORMAL,0,1,2,5,89,12,1,160,2850,47,57,0,14,11,3
101498,42,bully,5498,1,1,4000,62,3167,496,25336,49,100,96000,4000,0,55,1,0,58,NORMAL,0,1,0,1,54,7,0,163,2899,47,58,0,0,6,6
101840,12,bully,6746,2,2,796,22,3215,176,25720,48,100,95094,796,4110,57,1,0,58,NORMAL,0,0,2,2,20,0,0,166,2944,47,58,0,0,0,6
101590,31,bully,6480,1,1,2432,47,3171,376,25368,48,100,95110,2432,2459,55,0,0,58,NORMAL,0,0,1,1,46,0,0,163,2903,47,58,0,0,0,6
101552,51,bully,5552,6,4,4930,95,3150,760,25200,38,100,93786,5390,824,51,1,1,57,NORMAL,0,1,3,6,76,12,1,159,2889,45,57,0,9,11,5
101636,8,bully,6488,2,1,607,14,3188,112,25504,48,100,95148,852,4000,56,1,0,58,NORMAL,0,0,1,2,12,0,0,162,2921,47,58,0,0,0,6
101823,88,bully,5823,6,1,4001,176,3181,1408,25448,18,100,91439,8562,0,28,1,1,57,NORMAL,0,1,0,6,155,14,1,164,2915,45,57,0,27,13,3
101534,37,bully,6344,1,1,2238,50,3151,400,25208,48,100,95190,2238,2573,55,0,0,58,NORMAL,0,0,1,1,49,0,0,161,2885,47,58,0,0,0,6
101538,83,bully,5538,7,1,4001,167,3129,1336,25032,25,100,92567,7434,0,36,1,1,58,NORMAL,0,1,0,7,145,14,1,159,2866,46,58,0,21,13,3
101785,4,bully,6473,2,1,431,7,3194,56,25552,48,100,95312,688,4000,56,1,0,58,NORMAL,0,0,1,2,5,0,0,162,2927,47,58,0,0,0,6
101648,7,bully,6333,1,1,822,12,3166,96,25328,48,100,95315,822,3863,55,0,0,58,NORMAL,0,0,1,1,11,0,0,161,2900,47,58,0,0,0,6
101367,54,bully,5370,4,1,4004,97,3063,776,24504,32,100,93414,6587,0,41,1,1,57,NORMAL,0,1,0,4,82,10,1,156,2805,45,57,0,12,9,3
101334,66,bully,5334,6,1,4000,128,3075,1024,24600,29,100,93127,6873,0,40,1,1,58,NORMAL,0,1,0,6,110,11,1,156,2815,46,58,0,16,10,3
101620,71,bully,5620,8,2,4019,136,3130,1088,25040,28,100,92670,6896,435,42,1,0,58,NORMAL,0,1,1,8,117,11,0,160,2865,47,58,0,18,10,3
101959,79,bully,5959,7,1,4001,158,3171,1264,25368,26,100,92567,7434,0,37,1,0,58,NORMAL,0,1,0,7,140,11,0,164,2902,47,58,0,21,10,3
101741,100,bully,5740,3,3,12002,306,3101,2448,24808,1,100,87999,12002,0,6,1,48,13,LEADER,1,3,0,3,162,93,48,162,2885,41,13,0,41,90,0
101756,68,bully,5756,7,1,4001,131,3143,1048,25144,29,100,93123,6878,0,41,1,0,58,NORMAL,0,1,0,7,114,10,0,161,2877,47,58,0,17,9,3
101861,77,bully,5861,7,2,4067,147,3152,1176,25216,26,100,92567,7047,386,38,1,0,58,NORMAL,0,1,1,7,130,10,0,160,2887,47,58,0,21,9,3
101876,97,bully,5876,4,2,8001,250,3150,2000,25200,3,100,89147,10853,0,13,1,3,58,NORMAL,0,2,0,4,160,83,3,162,2887,43,58,0,36,81,0
101701,30,bully,5701,1,1,4000,49,3120,392,24960,49,100,96000,4000,0,55,1,0,59,NORMAL,0,1,0,1,45,3,0,160,2854,47,59,0,0,2,6
101892,65,bully,5892,6,1,4001,127,3143,1016,25144,30,100,93127,6874,0,41,1,0,59,NORMAL,0,1,0,6,112,9,0,161,2877,46,59,0,15,8,3
101974,53,bully,5974,5,1,4001,96,3156,768,25248,36,100,93536,6465,0,45,1,0,59,NORMAL,0,1,0,5,83,8,0,162,2888,47,59,0,12,7,4
101771,36,bully,5771,1,1,4001,53,3112,424,24896,49,100,96000,4001,0,55,1,0,59,NORMAL,0,1,0,1,49,3,0,159,2847,47,59,0,0,2,6
101810,32,bully,5810,1,1,4000,50,3085,400,24680,49,100,96000,4000,0,55,1,0,59,NORMAL,0,1,0,1,46,3,0,157,2822,47,59,0,0,2,6
101906,33,bully,5906,1,1,4000,49,3085,392,24680,49,100,96000,4000,0,55,1,0,59,NORMAL,0,1,0,1,46,2,0,157,2822,47,59,0,0,1,6
101921,1,bully,5968,1,1,75,1,3104,8,24832,48,100,95953,75,3972,55,0,0,59,NORMAL,0,0,1,1,0,0,0,156,2842,47,59,0,0,0,6
110148,70,bully,8180,7,2,4033,129,3208,1032,25664,28,100,100451,5550,4000,41,2,0,62,NORMAL,0,1,1,7,121,1,0,167,2933,46,62,0,17,0,3
110177,49,bully,8196,5,3,4481,74,3200,592,25600,40,100,101246,4667,4088,51,2,0,62,NORMAL,0,1,2,5,68,1,0,163,2929,46,62,0,8,0,5
110180,27,bully,6865,2,2,666,44,3205,352,25640,48,100,103315,666,6020,57,1,0,62,NORMAL,0,0,2,2,42,0,0,166,2930,47,62,0,0,0,6
110028,62,bully,7992,7,4,1101,112,3186,896,25488,31,100,100574,5328,4098,47,1,0,62,NORMAL,0,0,4,7,105,0,0,162,2915,47,62,0,14,0,3
110095,82,bully,7873,7,1,49,151,3167,1208,25336,25,100,100149,5852,4000,37,1,0,63,NORMAL,0,0,1,7,144,0,0,161,2896,47,63,0,21,0,3
110262,15,bully,6650,2,2,534,28,3202,224,25616,48,100,103612,534,5855,57,1,0,63,NORMAL,0,0,2,2,26,0,0,163,2929,47,63,0,0,0,6
110167,72,bully,7814,8,1,144,128,3169,1024,25352,27,100,100383,5618,4000,41,1,0,63,NORMAL,0,0,1,8,120,0,0,161,2898,47,63,0,18,0,3
110505,55,bully,8071,6,4,955,92,3201,736,25608,33,100,101035,4799,4167,48,1,0,63,NORMAL,0,0,4,6,86,0,0,162,2929,47,63,0,14,0,5
110383,44,bully,6585,2,1,3894,57,3191,456,25528,47,100,103768,3924,2309,55,0,0,63,NORMAL,0,0,1,2,55,0,0,163,2918,47,63,0,1,0,6
110367,76,bully,7916,9,3,746,137,3177,1096,25416,25,100,100378,3222,6400,41,1,0,63,NORMAL,0,0,3,9,128,0,0,162,2905,47,63,0,21,0,3
110014,94,bully,8475,5,2,4462,205,3117,1640,24936,14,100,98515,7486,4000,24,2,1,63,NORMAL,0,1,1,5,155,44,1,158,2849,47,63,0,32,43,2
110109,50,bully,7578,6,5,1963,76,3119,608,24952,39,100,101796,2020,6184,54,1,0,63,NORMAL,0,0,5,6,70,0,0,157,2852,47,63,0,9,0,5
110165,59,bully,7628,7,3,908,101,3125,808,25000,31,100,101075,2773,6153,46,1,0,63,NORMAL,0,0,3,7,94,0,0,159,2856,47,63,0,14,0,3
110789,78,bully,8249,10,5,2030,148,3181,1184,25448,25,100,100467,3253,6281,44,1,0,63,NORMAL,0,0,5,10,138,0,0,163,2908,47,63,0,21,0,3
110601,29,bully,6659,2,2,287,47,3196,376,25568,48,100,103942,287,5772,57,1,0,63,NORMAL,0,0,2,2,45,0,0,164,2922,47,63,0,0,0,6
110843,87,bully,4843,10,3,4919,196,3198,1568,25584,19,100,101893,7978,129,36,1,1,63,NORMAL,0,1,2,10,156,29,1,166,2923,46,63,0,26,28,3
110804,46,bully,6768,3,3,450,63,3207,504,25656,47,100,104006,450,5545,58,1,0,63,NORMAL,0,0,3,3,60,0,0,165,2932,47,63,0,1,0,6
110586,61,bully,7898,9,6,2536,109,3171,872,25368,31,100,101226,3290,5485,51,1,0,63,NORMAL,0,0,6,9,100,0,0,160,2901,47,63,0,14,0,3
110676,85,bully,4676,8,1,4000,189,3179,1512,25432,20,100,101893,8107,0,33,1,1,63,NORMAL,0,1,0,8,151,29,1,163,2907,46,63,0,25,28,3
110874,13,bully,6746,2,2,157,24,3218,192,25744,48,100,104128,157,5716,57,1,0,63,NORMAL,0,0,2,2,22,0,0,166,2942,47,63,0,0,0,6
110449,64,bully,7661,7,4,3920,115,3133,920,25064,30,100,101300,6279,2421,46,0,0,63,NORMAL,0,0,4,7,108,0,0,158,2865,47,63,0,15,0,3
111007,63,bully,5007,8,4,5342,144,3208,1152,25664,31,100,103178,6159,664,47,1,1,63,NORMAL,0,1,3,8,110,25,1,166,2933,46,63,0,14,24,3
111077,40,bully,6870,1,1,2139,54,3214,432,25712,48,100,104207,2139,3655,55,0,0,63,NORMAL,0,0,1,1,53,0,0,167,2937,47,63,0,0,0,6
110247,16,bully,6029,2,2,316,29,3093,232,24744,48,100,104218,316,5467,57,1,0,63,NORMAL,0,0,2,2,27,0,0,155,2828,47,63,0,0,0,6
110747,24,bully,6493,1,1,2251,40,3179,320,25432,48,100,104254,2251,3495,55,0,0,63,NORMAL,0,0,1,1,39,0,0,163,2906,47,63,0,0,0,6
110298,99,bully,4298,5,2,8002,262,3078,2096,24624,2,100,98765,11236,0,13,1,4,62,NORMAL,0,2,0,5,155,98,4,155,2815,46,62,0,40,96,0
110340,47,bully,4340,2,1,4001,82,3090,656,24720,43,100,105943,4058,0,49,1,1,62,NORMAL,0,1,0,2,61,18,1,155,2831,42,62,0,1,17,5
110571,93,bully,4571,4,3,7888,237,3131,1896,25048,14,100,100880,8859,262,24,1,3,63,NORMAL,0,1,2,4,155,75,3,160,2863,45,63,0,30,74,2
111198,69,bully,5198,7,1,4001,149,3212,1192,25696,29,100,103123,6878,0,41,1,1,63,NORMAL,0,1,0,7,119,22,1,166,2936,47,63,0,17,21,3
110331,35,bully,6005,2,1,871,50,3086,400,24688,48,100,104326,1675,4000,56,1,0,63,NORMAL,0,0,1,2,48,0,0,156,2820,47,63,0,0,0,6
111009,20,bully,6680,2,2,518,36,3199,288,25592,48,100,104329,518,5153,57,1,0,63,NORMAL,0,0,2,2,34,0,0,164,2925,47,63,0,0,0,6
110991,95,bully,4991,5,2,8001,248,3196,1984,25568,12,100,100509,9491,0,22,1,3,63,NORMAL,0,2,0,5,163,77,3,166,2922,45,63,0,32,75,2
111295,25,bully,6928,2,1,817,42,3219,336,25752,48,100,104367,1634,4000,56,1,0,63,NORMAL,0,0,1,2,40,0,0,167,2942,47,63,0,0,0,6
110818,14,bully,6441,2,1,1522,26,3177,208,25416,48,100,104377,1623,4000,56,1,0,63,NORMAL,0,0,1,2,24,0,0,162,2905,47,63,0,0,0,6
110520,41,bully,6135,1,1,2442,53,3110,424,24880,48,100,104385,2442,3174,55,0,0,63,NORMAL,0,0,1,1,52,0,0,159,2841,47,63,0,0,0,6
110435,96,bully,4435,4,2,8002,247,3096,1976,24768,8,100,99977,10024,0,17,1,3,61,NORMAL,0,2,0,4,155,85,3,157,2833,45,61,0,34,83,0
110543,34,bully,6149,2,2,109,48,3115,384,24920,48,100,104394,109,5498,57,1,0,63,NORMAL,0,0,2,2,46,0,0,158,2847,47,63,0,0,0,6
111158,28,bully,6759,1,1,2370,45,3209,360,25672,48,100,104399,2370,3231,55,0,0,63,NORMAL,0,0,1,1,44,0,0,167,2932,47,63,0,0,0,6
110956,11,bully,6542,2,2,377,20,3196,160,25568,48,100,104414,377,5210,57,1,0,63,NORMAL,0,0,2,2,18,0,0,163,2923,47,63,0,0,0,6
110684,17,bully,6251,2,2,130,31,3135,248,25080,48,100,104433,130,5438,57,1,0,63,NORMAL,0,0,2,2,29,0,0,160,2865,47,63,0,0,0,6
110708,90,bully,4708,4,1,4001,182,3137,1456,25096,16,100,101098,8903,0,24,1,1,63,NORMAL,0,1,0,4,155,22,1,162,2866,46,63,0,29,21,2
110465,3,bully,6023,2,2,65,5,3116,40,24928,48,100,104442,65,5494,57,1,0,63,NORMAL,0,0,2,2,3,0,0,155,2851,47,63,0,0,0,6
110593,9,bully,6139,2,2,341,16,3130,128,25040,48,100,104454,341,5206,57,1,0,63,NORMAL,0,0,2,2,14,0,0,158,2862,47,63,0,0,0,6
111144,60,bully,5144,5,1,4001,125,3205,1000,25640,32,100,103178,6823,0,42,1,1,62,NORMAL,0,1,0,5,99,20,1,164,2932,47,62,0,14,19,3
110856,98,bully,4856,5,2,8002,266,3170,2128,25360,3,100,98807,11194,0,14,1,4,63,NORMAL,0,2,0,5,162,95,4,164,2896,47,63,0,40,93,0
111289,91,bully,5289,4,1,4001,188,3209,1504,25672,16,100,101098,8903,0,24,1,1,62,NORMAL,0,1,0,4,161,22,1,168,2932,47,62,0,30,21,2
110737,26,bully,6257,1,1,2984,41,3138,328,25104,48,100,104480,2984,2536,55,0,0,63,NORMAL,0,0,1,1,40,0,0,161,2867,47,63,0,0,0,6
110722,58,bully,4722,8,7,5923,120,3129,960,25032,32,100,103178,6099,723,51,1,1,62,NORMAL,0,1,6,8,91,20,1,159,2861,47,62,0,14,19,3
110994,52,bully,4994,4,1,4000,106,3166,848,25328,36,100,103654,6346,0,44,1,1,63,NORMAL,0,1,0,4,81,20,1,162,2895,46,63,0,11,19,4
110704,5,bully,6155,2,2,512,9,3140,72,25120,48,100,104549,512,4940,57,1,0,63,NORMAL,0,0,2,2,7,0,0,158,2872,47,63,0,0,0,6
110885,45,bully,4885,2,1,4001,70,3161,560,25288,48,100,105970,4031,0,55,1,0,63,NORMAL,0,1,0,2,56,12,0,160,2891,47,63,0,1,11,6
111331,21,bully,6762,1,1,1497,37,3208,296,25664,48,100,104569,1497,3934,55,0,0,63,NORMAL,0,0,1,1,36,0,0,167,2931,47,63,0,0,0,6
110873,23,bully,6263,1,1,3129,38,3141,304,25128,48,100,104610,3129,2261,55,0,0,63,NORMAL,0,0,1,1,37,0,0,161,2870,47,63,0,0,0,6
110652,81,bully,4652,7,1,4000,166,3080,1328,24640,26,100,102567,7433,0,37,1,1,63,NORMAL,0,1,0,7,138,20,1,156,2814,47,63,0,21,19,3
111482,74,bully,5485,7,1,4003,155,3202,1240,25616,26,100,102581,7419,0,37,1,1,63,NORMAL,0,1,0,7,128,19,1,166,2929,44,63,0,18,18,3
110941,43,bully,4941,1,1,4001,67,3132,536,25056,48,100,106000,4001,0,54,1,0,63,NORMAL,0,1,0,1,54,12,0,162,2861,46,63,0,0,11,6
111176,6,bully,6432,2,2,794,11,3190,88,25520,48,100,104744,794,4463,57,1,0,63,NORMAL,0,0,2,2,9,0,0,162,2918,47,63,0,0,0,6
111454,73,bully,5454,8,1,4001,153,3196,1224,25568,28,100,102670,7331,0,41,1,1,63,NORMAL,0,1,0,8,125,19,1,165,2921,47,63,0,18,18,3
111635,39,bully,6876,1,1,3278,53,3208,424,25664,48,100,104759,3278,1964,55,0,0,63,NORMAL,0,0,1,1,52,0,0,167,2931,47,63,0,0,0,6
110906,84,bully,4906,7,1,4001,174,3105,1392,24840,21,100,102429,7572,0,33,1,1,63,NORMAL,0,1,0,7,146,20,1,160,2838,44,63,0,22,19,3
111084,89,bully,5084,6,1,4000,178,3134,1424,25072,18,100,101439,8561,0,28,1,1,63,NORMAL,0,1,0,6,153,18,1,160,2864,47,63,0,29,17,3
111401,86,bully,5401,8,1,4000,180,3182,1440,25456,20,100,101893,8107,0,33,1,1,63,NORMAL,0,1,0,8,153,18,1,165,2907,47,63,0,26,17,3
111567,19,bully,6722,1,1,1563,34,3211,272,25688,48,100,104845,1563,3592,55,0,0,63,NORMAL,0,0,1,1,33,0,0,166,2935,47,63,0,0,0,6
111688,48,bully,5688,4,2,5054,84,3209,672,25672,41,100,104454,5240,306,50,1,1,62,NORMAL,0,1,1,4,65,14,1,165,2937,45,62,0,6,13,5
111685,10,bully,6814,2,2,204,18,3224,144,25792,48,100,104871,204,4925,57,1,0,63,NORMAL,0,0,2,2,16,0,0,166,2948,47,63,0,0,0,6
111430,22,bully,6546,1,1,2812,38,3188,304,25504,48,100,104884,2812,2304,55,0,0,63,NORMAL,0,0,1,1,37,0,0,164,2914,47,63,0,0,0,6
110926,75,bully,4926,7,1,4001,145,3092,1160,24736,26,100,102567,7434,0,37,1,1,63,NORMAL,0,1,0,7,121,16,1,156,2826,47,63,0,21,15,3
111837,56,bully,5837,5,1,4000,112,3210,896,25680,32,100,103178,6822,0,42,1,1,63,NORMAL,0,1,0,5,91,15,1,167,2933,47,63,0,14,14,3
111347,18,bully,6426,1,1,1601,33,3170,264,25360,48,100,104921,1601,3478,55,0,0,63,NORMAL,0,0,1,1,32,0,0,163,2897,47,63,0,0,0,6
111674,80,bully,5674,7,1,4001,168,3196,1344,25568,26,100,102567,7434,0,37,1,1,63,NORMAL,0,1,0,7,144,16,1,165,2921,47,63,0,21,15,3
111272,38,bully,5272,1,1,4000,60,3159,480,25272,49,100,106000,4000,0,55,1,0,63,NORMAL,0,1,0,1,50,9,0,162,2887,47,63,0,0,8,6
111365,2,bully,6399,2,2,318,3,3193,24,25544,48,100,104966,318,4717,57,1,0,63,NORMAL,0,0,2,2,1,0,0,162,2921,47,63,0,0,0,6
111264,67,bully,5266,7,1,4002,137,3140,1096,25120,29,100,103121,6879,0,41,1,1,63,NORMAL,0,1,0,7,114,15,1,162,2868,47,63,0,17,14,3
111128,92,bully,5128,4,1,4000,174,3104,1392,24832,16,100,101098,8902,0,24,1,1,63,NORMAL,0,1,0,4,153,16,1,160,2834,47,63,0,30,15,2
111280,57,bully,5280,5,3,5444,107,3119,856,24952,32,100,103178,6667,156,44,1,1,62,NORMAL,0,1,2,5,89,12,1,160,2850,47,62,0,14,11,3
111498,42,bully,5498,1,1,4000,62,3172,496,25376,49,100,106000,4000,0,55,1,0,63,NORMAL,0,1,0,1,54,7,0,163,2899,47,63,0,0,6,6
111840,12,bully,6746,2,2,796,22,3220,176,25760,48,100,105094,796,4110,57,1,0,63,NORMAL,0,0,2,2,20,0,0,166,2944,47,63,0,0,0,6
111590,31,bully,6480,1,1,2432,47,3176,376,25408,48,100,105110,2432,2459,55,0,0,63,NORMAL,0,0,1,1,46,0,0,163,2903,47,63,0,0,0,6
111552,51,bully,5552,6,4,4930,95,3155,760,25240,38,100,103786,5390,824,51,1,1,62,NORMAL,0,1,3,6,76,12,1,159,2889,45,62,0,9,11,5
111636,8,bully,6488,2,1,607,14,3193,112,25544,48,100,105148,852,4000,56,1,0,63,NORMAL,0,0,1,2,12,0,0,162,2921,47,63,0,0,0,6
111823,88,bully,5823,6,1,4001,176,3186,1408,25488,18,100,101439,8562,0,28,1,1,62,NORMAL,0,1,0,6,155,14,1,164,2915,45,62,0,27,13,3
111534,37,bully,6344,1,1,2238,50,3156,400,25248,48,100,105190,2238,2573,55,0,0,63,NORMAL,0,0,1,1,49,0,0,161,2885,47,63,0,0,0,6
111538,83,bully,5538,7,1,4001,167,3134,1336,25072,25,100,102567,7434,0,36,1,1,63,NORMAL,0,1,0,7,145,14,1,159,2866,46,63,0,21,13,3
111785,4,bully,6473,2,1,431,7,3199,56,25592,48,100,105312,688,4000,56,1,0,63,NORMAL,0,0,1,2,5,0,0,162,2927,47,63,0,0,0,6
111648,7,bully,6333,1,1,822,12,3171,96,25368,48,100,105315,822,3863,55,0,0,63,NORMAL,0,0,1,1,11,0,0,161,2900,47,63,0,0,0,6
111367,54,bully,5370,4,1,4004,97,3068,776,24544,32,100,103414,6587,0,41,1,1,62,NORMAL,0,1,0,4,82,10,1,156,2805,45,62,0,12,9,3
111334,66,bully,5334,6,1,4000,128,3080,1024,24640,29,100,103127,6873,0,40,1,1,63,NORMAL,0,1,0,6,110,11,1,156,2815,46,63,0,16,10,3
111620,71,bully,5620,8,2,4019,136,3135,1088,25080,28,100,102670,6896,435,42,1,0,63,NORMAL,0,1,1,8,117,11,0,160,2865,47,63,0,18,10,3
111959,79,bully,5959,7,1,4001,158,3176,1264,25408,26,100,102567,7434,0,37,1,0,63,NORMAL,0,1,0,7,140,11,0,164,2902,47,63,0,21,10,3
111741,100,bully,5740,3,3,12002,311,3101,2488,24808,1,100,97999,12002,0,6,1,53,13,LEADER,1,3,0,3,162,93,53,162,2885,41,13,0,41,90,0
111756,68,bully,5756,7,1,4001,131,3148,1048,25184,29,100,103123,6878,0,41,1,0,63,NORMAL,0,1,0,7,114,10,0,161,2877,47,63,0,17,9,3
111861,77,bully,5861,7,2,4067,147,3157,1176,25256,26,100,102567,7047,386,38,1,0,63,NORMAL,0,1,1,7,130,10,0,160,2887,47,63,0,21,9,3
111876,97,bully,5876,4,2,8001,250,3155,2000,25240,3,100,99147,10853,0,13,1,3,63,NORMAL,0,2,0,4,160,83,3,162,2887,43,63,0,36,81,0
111701,30,bully,5701,1,1,4000,49,3125,392,25000,49,100,106000,4000,0,55,1,0,64,NORMAL,0,1,0,1,45,3,0,160,2854,47,64,0,0,2,6
111892,65,bully,5892,6,1,4001,127,3148,1016,25184,30,100,103127,6874,0,41,1,0,64,NORMAL,0,1,0,6,112,9,0,161,2877,46,64,0,15,8,3
111974,53,bully,5974,5,1,4001,96,3161,768,25288,36,100,103536,6465,0,45,1,0,64,NORMAL,0,1,0,5,83,8,0,162,2888,47,64,0,12,7,4
111771,36,bully,5771,1,1,4001,53,3117,424,24936,49,100,106000,4001,0,55,1,0,64,NORMAL,0,1,0,1,49,3,0,159,2847,47,64,0,0,2,6
111810,32,bully,5810,1,1,4000,50,3090,400,24720,49,100,106000,4000,0,55,1,0,64,NORMAL,0,1,0,1,46,3,0,157,2822,47,64,0,0,2,6
111906,33,bully,5906,1,1,4000,49,3090,392,24720,49,100,106000,4000,0,55,1,0,64,NORMAL,0,1,0,1,46,2,0,157,2822,47,64,0,0,1,6
111921,1,bully,5968,1,1,75,1,3109,8,24872,48,100,105953,75,3972,55,0,0,64,NORMAL,0,0,1,1,0,0,0,156,2842,47,64,0,0,0,6
120148,70,bully,8180,7,2,4033,129,3213,1032,25704,28,100,110451,5550,4000,41,2,0,67,NORMAL,0,1,1,7,121,1,0,167,2933,46,67,0,17,0,3
120177,49,bully,8196,5,3,4481,74,3205,592,25640,40,100,111246,4667,4088,51,2,0,67,NORMAL,0,1,2,5,68,1,0,163,2929,46,67,0,8,0,5
120180,27,bully,6865,2,2,666,44,3210,352,25680,48,100,113315,666,6020,57,1,0,67,NORMAL,0,0,2,2,42,0,0,166,2930,47,67,0,0,0,6
120028,62,bully,7992,7,4,1101,112,3191,896,25528,31,100,110574,5328,4098,47,1,0,67,NORMAL,0,0,4,7,105,0,0,162,2915,47,67,0,14,0,3
120095,82,bully,7873,7,1,49,151,3172,1208,25376,25,100,110149,5852,4000,37,1,0,68,NORMAL,0,0,1,7,144,0,0,161,2896,47,68,0,21,0,3
120262,15,bully,6650,2,2,534,28,3207,224,25656,48,100,113612,534,5855,57,1,0,68,NORMAL,0,0,2,2,26,0,0,163,2929,47,68,0,0,0,6
120167,72,bully,7814,8,1,144,128,3174,1024,25392,27,100,110383,5618,4000,41,1,0,68,NORMAL,0,0,1,8,120,0,0,161,2898,47,68,0,18,0,3
120505,55,bully,8071,6,4,955,92,3206,736,25648,33,100,111035,4799,4167,48,1,0,68,NORMAL,0,0,4,6,86,0,0,162,2929,47,68,0,14,0,5
120383,44,bully,6585,2,1,3894,57,3196,456,25568,47,100,113768,3924,2309,55,0,0,68,NORMAL,0,0,1,2,55,0,0,163,2918,47,68,0,1,0,6
120367,76,bully,7916,9,3,746,137,3182,1096,25456,25,100,110378,3222,6400,41,1,0,68,NORMAL,0,0,3,9,128,0,0,162,2905,47,68,0,21,0,3
120014,94,bully,8475,5,2,4462,205,3122,1640,24976,14,100,108515,7486,4000,24,2,1,68,NORMAL,0,1,1,5,155,44,1,158,2849,47,68,0,32,43,2
120109,50,bully,7578,6,5,1963,76,3124,608,24992,39,100,111796,2020,6184,54,1,0,68,NORMAL,0,0,5,6,70,0,0,157,2852,47,68,0,9,0,5
120165,59,bully,7628,7,3,908,101,3130,808,25040,31,100,111075,2773,6153,46,1,0,68,NORMAL,0,0,3,7,94,0,0,159,2856,47,68,0,14,0,3
120789,78,bully,8249,10,5,2030,148,3186,1184,25488,25,100,110467,3253,6281,44,1,0,68,NORMAL,0,0,5,10,138,0,0,163,2908,47,68,0,21,0,3
120601,29,bully,6659,2,2,287,47,3201,376,25608,48,100,113942,287,5772,57,1,0,68,NORMAL,0,0,2,2,45,0,0,164,2922,47,68,0,0,0,6
120843,87,bully,4843,10,3,4919,196,3203,1568,25624,19,100,111893,7978,129,36,1,1,68,NORMAL,0,1,2,10,156,29,1,166,2923,46,68,0,26,28,3
120804,46,bully,6768,3,3,450,63,3212,504,25696,47,100,114006,450,5545,58,1,0,68,NORMAL,0,0,3,3,60,0,0,165,2932,47,68,0,1,0,6
120586,61,bully,7898,9,6,2536,109,3176,872,25408,31,100,111226,3290,5485,51,1,0,68,NORMAL,0,0,6,9,100,0,0,160,2901,47,68,0,14,0,3
120676,85,bully,4676,8,1,4000,189,3184,1512,25472,20,100,111893,8107,0,33,1,1,68,NORMAL,0,1,0,8,151,29,1,163,2907,46,68,0,25,28,3
120874,13,bully,6746,2,2,157,24,3223,192,25784,48,100,114128,157,5716,57,1,0,68,NORMAL,0,0,2,2,22,0,0,166,2942,47,68,0,0,0,6
120449,64,bully,7661,7,4,3920,115,3138,920,25104,30,100,111300,6279,2421,46,0,0,68,NORMAL,0,0,4,7,108,0,0,158,2865,47,68,0,15,0,3
121007,63,bully,5007,8,4,5342,144,3213,1152,25704,31,100,113178,6159,664,47,1,1,68,NORMAL,0,1,3,8,110,25,1,166,2933,46,68,0,14,24,3
121077,40,bully,6870,1,1,2139,54,3219,432,25752,48,100,114207,2139,3655,55,0,0,68,NORMAL,0,0,1,1,53,0,0,167,2937,47,68,0,0,0,6
120247,16,bully,6029,2,2,316,29,3098,232,24784,48,100,114218,316,5467,57,1,0,68,NORMAL,0,0,2,2,27,0,0,155,2828,47,68,0,0,0,6
120747,24,bully,6493,1,1,2251,40,3184,320,25472,48,100,114254,2251,3495,55,0,0,68,NORMAL,0,0,1,1,39,0,0,163,2906,47,68,0,0,0,6
120298,99,bully,4298,5,2,8002,262,3083,2096,24664,2,100,108765,11236,0,13,1,4,67,NORMAL,0,2,0,5,155,98,4,155,2815,46,67,0,40,96,0
120340,47,bully,4340,2,1,4001,82,3095,656,24760,43,100,115943,4058,0,49,1,1,67,NORMAL,0,1,0,2,61,18,1,155,2831,42,67,0,1,17,5
120571,93,bully,4571,4,3,7888,237,3136,1896,25088,14,100,110880,8859,262,24,1,3,68,NORMAL,0,1,2,4,155,75,3,160,2863,45,68,0,30,74,2
121198,69,bully,5198,7,1,4001,149,3217,1192,25736,29,100,113123,6878,0,41,1,1,68,NORMAL,0,1,0,7,119,22,1,166,2936,47,68,0,17,21,3
120331,35,bully,6005,2,1,871,50,3091,400,24728,48,100,114326,1675,4000,56,1,0,68,NORMAL,0,0,1,2,48,0,0,156,2820,47,68,0,0,0,6
121009,20,bully,6680,2,2,518,36,3204,288,25632,48,100,114329,518,5153,57,1,0,68,NORMAL,0,0,2,2,34,0,0,164,2925,47,68,0,0,0,6
120991,95,bully,4991,5,2,8001,248,3201,1984,25608,12,100,110509,9491,0,22,1,3,68,NORMAL,0,2,0,5,163,77,3,166,2922,45,68,0,32,75,2
121295,25,bully,6928,2,1,817,42,3224,336,25792,48,100,114367,1634,4000,56,1,0,68,NORMAL,0,0,1,2,40,0,0,167,2942,47,68,0,0,0,6
120818,14,bully,6441,2,1,1522,26,3182,208,25456,48,100,114377,1623,4000,56,1,0,68,NORMAL,0,0,1,2,24,0,0,162,2905,47,68,0,0,0,6
120520,41,bully,6135,1,1,2442,53,3115,424,24920,48,100,114385,2442,3174,55,0,0,68,NORMAL,0,0,1,1,52,0,0,159,2841,47,68,0,0,0,6
120435,96,bully,4435,4,2,8002,247,3101,1976,24808,8,100,109977,10024,0,17,1,3,66,NORMAL,0,2,0,4,155,85,3,157,2833,45,66,0,34,83,0
120543,34,bully,6149,2,2,109,48,3120,384,24960,48,100,114394,109,5498,57,1,0,68,NORMAL,0,0,2,2,46,0,0,158,2847,47,68,0,0,0,6
121158,28,bully,6759,1,1,2370,45,3214,360,25712,48,100,114399,2370,3231,55,0,0,68,NORMAL,0,0,1,1,44,0,0,167,2932,47,68,0,0,0,6
120956,11,bully,6542,2,2,377,20,3201,160,25608,48,100,114414,377,5210,57,1,0,68,NORMAL,0,0,2,2,18,0,0,163,2923,47,68,0,0,0,6
120684,17,bully,6251,2,2,130,31,3140,248,25120,48,100,114433,130,5438,57,1,0,68,NORMAL,0,0,2,2,29,0,0,160,2865,47,68,0,0,0,6
120708,90,bully,4708,4,1,4001,182,3142,1456,25136,16,100,111098,8903,0,24,1,1,68,NORMAL,0,1,0,4,155,22,1,162,2866,46,68,0,29,21,2
120465,3,bully,6023,2,2,65,5,3121,40,24968,48,100,114442,65,5494,57,1,0,68,NORMAL,0,0,2,2,3,0,0,155,2851,47,68,0,0,0,6
120593,9,bully,6139,2,2,341,16,3135,128,25080,48,100,114454,341,5206,57,1,0,68,NORMAL,0,0,2,2,14,0,0,158,2862,47,68,0,0,0,6
121144,60,bully,5144,5,1,4001,125,3210,1000,25680,32,100,113178,6823,0,42,1,1,67,NORMAL,0,1,0,5,99,20,1,164,2932,47,67,0,14,19,3
120856,98,bully,4856,5,2,8002,266,3175,2128,25400,3,100,108807,11194,0,14,1,4,68,NORMAL,0,2,0,5,162,95,4,164,2896,47,68,0,40,93,0
121289,91,bully,5289,4,1,4001,188,3214,1504,25712,16,100,111098,8903,0,24,1,1,67,NORMAL,0,1,0,4,161,22,1,168,2932,47,67,0,30,21,2
120737,26,bully,6257,1,1,2984,41,3143,328,25144,48,100,114480,2984,2536,55,0,0,68,NORMAL,0,0,1,1,40,0,0,161,2867,47,68,0,0,0,6
120722,58,bully,4722,8,7,5923,120,3134,960,25072,32,100,113178,6099,723,51,1,1,67,NORMAL,0,1,6,8,91,20,1,159,2861,47,67,0,14,19,3
120994,52,bully,4994,4,1,4000,106,3171,848,25368,36,100,113654,6346,0,44,1,1,68,NORMAL,0,1,0,4,81,20,1,162,2895,46,68,0,11,19,4
120704,5,bully,6155,2,2,512,9,3145,72,25160,48,100,114549,512,4940,57,1,0,68,NORMAL,0,0,2,2,7,0,0,158,2872,47,68,0,0,0,6
120885,45,bully,4885,2,1,4001,70,3166,560,25328,48,100,115970,4031,0,55,1,0,68,NORMAL,0,1,0,2,56,12,0,160,2891,47,68,0,1,11,6
121331,21,bully,6762,1,1,1497,37,3213,296,25704,48,100,114569,1497,3934,55,0,0,68,NORMAL,0,0,1,1,36,0,0,167,2931,47,68,0,0,0,6
120873,23,bully,6263,1,1,3129,38,3146,304,25168,48,100,114610,3129,2261,55,0,0,68,NORMAL,0,0,1,1,37,0,0,161,2870,47,68,0,0,0,6
120652,81,bully,4652,7,1,4000,166,3085,1328,24680,26,100,112567,7433,0,37,1,1,68,NORMAL,0,1,0,7,138,20,1,156,2814,47,68,0,21,19,3
121482,74,bully,5485,7,1,4003,155,3207,1240,25656,26,100,112581,7419,0,37,1,1,68,NORMAL,0,1,0,7,128,19,1,166,2929,44,68,0,18,18,3
120941,43,bully,4941,1,1,4001,67,3137,536,25096,48,100,116000,4001,0,54,1,0,68,NORMAL,0,1,0,1,54,12,0,162,2861,46,68,0,0,11,6
121176,6,bully,6432,2,2,794,11,3195,88,25560,48,100,114744,794,4463,57,1,0,68,NORMAL,0,0,2,2,9,0,0,162,2918,47,68,0,0,0,6
121454,73,bully,5454,8,1,4001,153,3201,1224,25608,28,100,112670,7331,0,41,1,1,68,NORMAL,0,1,0,8,125,19,1,165,2921,47,68,0,18,18,3
121635,39,bully,6876,1,1,3278,53,3213,424,25704,48,100,114759,3278,1964,55,0,0,68,NORMAL,0,0,1,1,52,0,0,167,2931,47,68,0,0,0,6
120906,84,bully,4906,7,1,4001,174,3110,1392,24880,21,100,112429,7572,0,33,1,1,68,NORMAL,0,1,0,7,146,20,1,160,2838,44,68,0,22,19,3
121084,89,bully,5084,6,1,4000,178,3139,1424,25112,18,100,111439,8561,0,28,1,1,68,NORMAL,0,1,0,6,153,18,1,160,2864,47,68,0,29,17,3
121401,86,bully,5401,8,1,4000,180,3187,1440,25496,20,100,111893,8107,0,33,1,1,68,NORMAL,0,1,0,8,153,18,1,165,2907,47,68,0,26,17,3
121567,19,bully,6722,1,1,1563,34,3216,272,25728,48,100,114845,1563,3592,55,0,0,68,NORMAL,0,0,1,1,33,0,0,166,2935,47,68,0,0,0,6
121688,48,bully,5688,4,2,5054,84,3214,672,25712,41,100,114454,5240,306,50,1,1,67,NORMAL,0,1,1,4,65,14,1,165,2937,45,67,0,6,13,5
121685,10,bully,6814,2,2,204,18,3229,144,25832,48,100,114871,204,4925,57,1,0,68,NORMAL,0,0,2,2,16,0,0,166,2948,47,68,0,0,0,6
121430,22,bully,6546,1,1,2812,38,3193,304,25544,48,100,114884,2812,2304,55,0,0,68,NORMAL,0,0,1,1,37,0,0,164,2914,47,68,0,0,0,6
120926,75,bully,4926,7,1,4001,145,3097,1160,24776,26,100,112567,7434,0,37,1,1,68,NORMAL,0,1,0,7,121,16,1,156,2826,47,68,0,21,15,3
121837,56,bully,5837,5,1,4000,112,3215,896,25720,32,100,113178,6822,0,42,1,1,68,NORMAL,0,1,0,5,91,15,1,167,2933,47,68,0,14,14,3
121347,18,bully,6426,1,1,1601,33,3175,264,25400,48,100,114921,1601,3478,55,0,0,68,NORMAL,0,0,1,1,32,0,0,163,2897,47,68,0,0,0,6
121674,80,bully,5674,7,1,4001,168,3201,1344,25608,26,100,112567,7434,0,37,1,1,68,NORMAL,0,1,0,7,144,16,1,165,2921,47,68,0,21,15,3
121272,38,bully,5272,1,1,4000,60,3164,480,25312,49,100,116000,4000,0,55,1,0,68,NORMAL,0,1,0,1,50,9,0,162,2887,47,68,0,0,8,6
121365,2,bully,6399,2,2,318,3,3198,24,25584,48,100,114966,318,4717,57,1,0,68,NORMAL,0,0,2,2,1,0,0,162,2921,47,68,0,0,0,6
121264,67,bully,5266,7,1,4002,137,3145,1096,25160,29,100,113121,6879,0,41,1,1,68,NORMAL,0,1,0,7,114,15,1,162,2868,47,68,0,17,14,3
121128,92,bully,5128,4,1,4000,174,3109,1392,24872,16,100,111098,8902,0,24,1,1,68,NORMAL,0,1,0,4,153,16,1,160,2834,47,68,0,30,15,2
121280,57,bully,5280,5,3,5444,107,3124,856,24992,32,100,113178,6667,156,44,1,1,67,NORMAL,0,1,2,5,89,12,1,160,2850,47,67,0,14,11,3
121498,42,bully,5498,1,1,4000,62,3177,496,25416,49,100,116000,4000,0,55,1,0,68,NORMAL,0,1,0,1,54,7,0,163,2899,47,68,0,0,6,6
121840,12,bully,6746,2,2,796,22,3225,176,25800,48,100,115094,796,4110,57,1,0,68,NORMAL,0,0,2,2,20,0,0,166,2944,47,68,0,0,0,6
121590,31,bully,6480,1,1,2432,47,3181,376,25448,48,100,115110,2432,2459,55,0,0,68,NORMAL,0,0,1,1,46,0,0,163,2903,47,68,0,0,0,6
121552,51,bully,5552,6,4,4930,95,3160,760,25280,38,100,113786,5390,824,51,1,1,67,NORMAL,0,1,3,6,76,12,1,159,2889,45,67,0,9,11,5
121636,8,bully,6488,2,1,607,14,3198,112,25584,48,100,115148,852,4000,56,1,0,68,NORMAL,0,0,1,2,12,0,0,162,2921,47,68,0,0,0,6
121823,88,bully,5823,6,1,4001,176,3191,1408,25528,18,100,111439,8562,0,28,1,1,67,NORMAL,0,1,0,6,155,14,1,164,2915,45,67,0,27,13,3
121534,37,bully,6344,1,1,2238,50,3161,400,25288,48,100,115190,2238,2573,55,0,0,68,NORMAL,0,0,1,1,49,0,0,161,2885,47,68,0,0,0,6
121538,83,bully,5538,7,1,4001,167,3139,1336,25112,25,100,112567,7434,0,36,1,1,68,NORMAL,0,1,0,7,145,14,1,159,2866,46,68,0,21,13,3
121785,4,bully,6473,2,1,431,7,3204,56,25632,48,100,115312,688,4000,56,1,0,68,NORMAL,0,0,1,2,5,0,0,162,2927,47,68,0,0,0,6
121648,7,bully,6333,1,1,822,12,3176,96,25408,48,100,115315,822,3863,55,0,0,68,NORMAL,0,0,1,1,11,0,0,161,2900,47,68,0,0,0,6
121367,54,bully,5370,4,1,4004,97,3073,776,24584,32,100,113414,6587,0,41,1,1,67,NORMAL,0,1,0,4,82,10,1,156,2805,45,67,0,12,9,3
121334,66,bully,5334,6,1,4000,128,3085,1024,24680,29,100,113127,6873,0,40,1,1,68,NORMAL,0,1,0,6,110,11,1,156,2815,46,68,0,16,10,3
121620,71,bully,5620,8,2,4019,136,3140,1088,25120,28,100,112670,6896,435,42,1,0,68,NORMAL,0,1,1,8,117,11,0,160,2865,47,68,0,18,10,3
121959,79,bully,5959,7,1,4001,158,3181,1264,25448,26,100,112567,7434,0,37,1,0,68,NORMAL,0,1,0,7,140,11,0,164,2902,47,68,0,21,10,3
121741,100,bully,5740,3,3,12002,316,3101,2528,24808,1,100,107999,12002,0,6,1,58,13,LEADER,1,3,0,3,162,93,58,162,2885,41,13,0,41,90,0
121756,68,bully,5756,7,1,4001,131,3153,1048,25224,29,100,113123,6878,0,41,1,0,68,NORMAL,0,1,0,7,114,10,0,161,2877,47,68,0,17,9,3
121861,77,bully,5861,7,2,4067,147,3162,1176,25296,26,100,112567,7047,386,38,1,0,68,NORMAL,0,1,1,7,130,10,0,160,2887,47,68,0,21,9,3
121876,97,bully,5876,4,2,8001,250,3160,2000,25280,3,100,109147,10853,0,13,1,3,68,NORMAL,0,2,0,4,160,83,3,162,2887,43,68,0,36,81,0
121701,30,bully,5701,1,1,4000,49,3130,392,25040,49,100,116000,4000,0,55,1,0,69,NORMAL,0,1,0,1,45,3,0,160,2854,47,69,0,0,2,6
121892,65,bully,5892,6,1,4001,127,3153,1016,25224,30,100,113127,6874,0,41,1,0,69,NORMAL,0,1,0,6,112,9,0,161,2877,46,69,0,15,8,3
121974,53,bully,5974,5,1,4001,96,3166,768,25328,36,100,113536,6465,0,45,1,0,69,NORMAL,0,1,0,5,83,8,0,162,2888,47,69,0,12,7,4
121771,36,bully,5771,1,1,4001,53,3122,424,24976,49,100,116000,4001,0,55,1,0,69,NORMAL,0,1,0,1,49,3,0,159,2847,47,69,0,0,2,6
121810,32,bully,5810,1,1,4000,50,3095,400,24760,49,100,116000,4000,0,55,1,0,69,NORMAL,0,1,0,1,46,3,0,157,2822,47,69,0,0,2,6
121906,33,bully,5906,1,1,4000,49,3095,392,24760,49,100,116000,4000,0,55,1,0,69,NORMAL,0,1,0,1,46,2,0,157,2822,47,69,0,0,1,6
121921,1,bully,5968,1,1,75,1,3114,8,24912,48,100,115953,75,3972,55,0,0,69,NORMAL,0,0,1,1,0,0,0,156,2842,47,69,0,0,0,6
130148,70,bully,8180,7,2,4033,129,3218,1032,25744,28,100,120451,5550,4000,41,2,0,72,NORMAL,0,1,1,7,121,1,0,167,2933,46,72,0,17,0,3
130177,49,bully,8196,5,3,4481,74,3210,592,25680,40,100,121246,4667,4088,51,2,0,72,NORMAL,0,1,2,5,68,1,0,163,2929,46,72,0,8,0,5
130180,27,bully,6865,2,2,666,44,3215,352,25720,48,100,123315,666,6020,57,1,0,72,NORMAL,0,0,2,2,42,0,0,166,2930,47,72,0,0,0,6
130028,62,bully,7992,7,4,1101,112,3196,896,25568,31,100,120574,5328,4098,47,1,0,72,NORMAL,0,0,4,7,105,0,0,162,2915,47,72,0,14,0,3
130095,82,bully,7873,7,1,49,151,3177,1208,25416,25,100,120149,5852,4000,37,1,0,73,NORMAL,0,0,1,7,144,0,0,161,2896,47,73,0,21,0,3
130262,15,bully,6650,2,2,534,28,3212,224,25696,48,100,123612,534,5855,57,1,0,73,NORMAL,0,0,2,2,26,0,0,163,2929,47,73,0,0,0,6
130167,72,bully,7814,8,1,144,128,3179,1024,25432,27,100,120383,5618,4000,41,1,0,73,NORMAL,0,0,1,8,120,0,0,161,2898,47,73,0,18,0,3
130505,55,bully,8071,6,4,955,92,3211,736,25688,33,100,121035,4799,4167,48,1,0,73,NORMAL,0,0,4,6,86,0,0,162,2929,47,73,0,14,0,5
130383,44,bully,6585,2,1,3894,57,3201,456,25608,47,100,123768,3924,2309,55,0,0,73,NORMAL,0,0,1,2,55,0,0,163,2918,47,73,0,1,0,6
130367,76,bully,7916,9,3,746,137,3187,1096,25496,25,100,120378,3222,6400,41,1,0,73,NORMAL,0,0,3,9,128,0,0,162,2905,47,73,0,21,0,3
130014,94,bully,8475,5,2,4462,205,3127,1640,25016,14,100,118515,7486,4000,24,2,1,73,NORMAL,0,1,1,5,155,44,1,158,2849,47,73,0,32,43,2
130109,50,bully,7578,6,5,1963,76,3129,608,25032,39,100,121796,2020,6184,54,1,0,73,NORMAL,0,0,5,6,70,0,0,157,2852,47,73,0,9,0,5
130165,59,bully,7628,7,3,908,101,3135,808,25080,31,100,121075,2773,6153,46,1,0,73,NORMAL,0,0,3,7,94,0,0,159,2856,47,73,0,14,0,3
130789,78,bully,8249,10,5,2030,148,3191,1184,25528,25,100,120467,3253,6281,44,1,0,73,NORMAL,0,0,5,10,138,0,0,163,2908,47,73,0,21,0,3
130601,29,bully,6659,2,2,287,47,3206,376,25648,48,100,123942,287,5772,57,1,0,73,NORMAL,0,0,2,2,45,0,0,164,2922,47,73,0,0,0,6
130843,87,bully,4843,10,3,4919,196,3208,1568,25664,19,100,121893,7978,129,36,1,1,73,NORMAL,0,1,2,10,156,29,1,166,2923,46,73,0,26,28,3
130804,46,bully,6768,3,3,450,63,3217,504,25736,47,100,124006,450,5545,58,1,0,73,NORMAL,0,0,3,3,60,0,0,165,2932,47,73,0,1,0,6
130586,61,bully,7898,9,6,2536,109,3181,872,25448,31,100,121226,3290,5485,51,1,0,73,NORMAL,0,0,6,9,100,0,0,160,2901,47,73,0,14,0,3
130676,85,bully,4676,8,1,4000,189,3189,1512,25512,20,100,121893,8107,0,33,1,1,73,NORMAL,0,1,0,8,151,29,1,163,2907,46,73,0,25,28,3
130874,13,bully,6746,2,2,157,24,3228,192,25824,48,100,124128,157,5716,57,1,0,73,NORMAL,0,0,2,2,22,0,0,166,2942,47,73,0,0,0,6
130449,64,bully,7661,7,4,3920,115,3143,920,25144,30,100,121300,6279,2421,46,0,0,73,NORMAL,0,0,4,7,108,0,0,158,2865,47,73,0,15,0,3
131007,63,bully,5007,8,4,5342,144,3218,1152,25744,31,100,123178,6159,664,47,1,1,73,NORMAL,0,1,3,8,110,25,1,166,2933,46,73,0,14,24,3
131077,40,bully,6870,1,1,2139,54,3224,432,25792,48,100,124207,2139,3655,55,0,0,73,NORMAL,0,0,1,1,53,0,0,167,2937,47,73,0,0,0,6
130247,16,bully,6029,2,2,316,29,3103,232,24824,48,100,124218,316,5467,57,1,0,73,NORMAL,0,0,2,2,27,0,0,155,2828,47,73,0,0,0,6
130747,24,bully,6493,1,1,2251,40,3189,320,25512,48,100,124254,2251,3495,55,0,0,73,NORMAL,0,0,1,1,39,0,0,163,2906,47,73,0,0,0,6
130298,99,bully,4298,5,2,8002,262,3088,2096,24704,2,100,118765,11236,0,13,1,4,72,NORMAL,0,2,0,5,155,98,4,155,2815,46,72,0,40,96,0
130340,47,bully,4340,2,1,4001,82,3100,656,24800,43,100,125943,4058,0,49,1,1,72,NORMAL,0,1,0,2,61,18,1,155,2831,42,72,0,1,17,5
130571,93,bully,4571,4,3,7888,237,3141,1896,25128,14,100,120880,8859,262,24,1,3,73,NORMAL,0,1,2,4,155,75,3,160,2863,45,73,0,30,74,2
131198,69,bully,5198,7,1,4001,149,3222,1192,25776,29,100,123123,6878,0,41,1,1,73,NORMAL,0,1,0,7,119,22,1,166,2936,47,73,0,17,21,3
130331,35,bully,6005,2,1,871,50,3096,400,24768,48,100,124326,1675,4000,56,1,0,73,NORMAL,0,0,1,2,48,0,0,156,2820,47,73,0,0,0,6
131009,20,bully,6680,2,2,518,36,3209,288,25672,48,100,124329,518,5153,57,1,0,73,NORMAL,0,0,2,2,34,0,0,164,2925,47,73,0,0,0,6
130991,95,bully,4991,5,2,8001,248,3206,1984,25648,12,100,120509,9491,0,22,1,3,73,NORMAL,0,2,0,5,163,77,3,166,2922,45,73,0,32,75,2
131295,25,bully,6928,2,1,817,42,3229,336,25832,48,100,124367,1634,4000,56,1,0,73,NORMAL,0,0,1,2,40,0,0,167,2942,47,73,0,0,0,6
130818,14,bully,6441,2,1,1522,26,3187,208,25496,48,100,124377,1623,4000,56,1,0,73,NORMAL,0,0,1,2,24,0,0,162,2905,47,73,0,0,0,6
130520,41,bully,6135,1,1,2442,53,3120,424,24960,48,100,124385,2442,3174,55,0,0,73,NORMAL,0,0,1,1,52,0,0,159,2841,47,73,0,0,0,6
130435,96,bully,4435,4,2,8002,247,3106,1976,24848,8,100,119977,10024,0,17,1,3,71,NORMAL,0,2,0,4,155,85,3,157,2833,45,71,0,34,83,0
130543,34,bully,6149,2,2,109,48,3125,384,25000,48,100,124394,109,5498,57,1,0,73,NORMAL,0,0,2,2,46,0,0,158,2847,47,73,0,0,0,6
131158,28,bully,6759,1,1,2370,45,3219,360,25752,48,100,124399,2370,3231,55,0,0,73,NORMAL,0,0,1,1,44,0,0,167,2932,47,73,0,0,0,6
130956,11,bully,6542,2,2,377,20,3206,160,25648,48,100,124414,377,5210,57,1,0,73,NORMAL,0,0,2,2,18,0,0,163,2923,47,73,0,0,0,6
130684,17,bully,6251,2,2,130,31,3145,248,25160,48,100,124433,130,5438,57,1,0,73,NORMAL,0,0,2,2,29,0,0,160,2865,47,73,0,0,0,6
130708,90,bully,4708,4,1,4001,182,3147,1456,25176,16,100,121098,8903,0,24,1,1,73,NORMAL,0,1,0,4,155,22,1,162,2866,46,73,0,29,21,2
130465,3,bully,6023,2,2,65,5,3126,40,25008,48,100,124442,65,5494,57,1,0,73,NORMAL,0,0,2,2,3,0,0,155,2851,47,73,0,0,0,6
130593,9,bully,6139,2,2,341,16,3140,128,25120,48,100,124454,341,5206,57,1,0,73,NORMAL,0,0,2,2,14,0,0,158,2862,47,73,0,0,0,6
131144,60,bully,5144,5,1,4001,125,3215,1000,25720,32,100,123178,6823,0,42,1,1,72,NORMAL,0,1,0,5,99,20,1,164,2932,47,72,0,14,19,3
130856,98,bully,4856,5,2,8002,266,3180,2128,25440,3,100,118807,11194,0,14,1,4,73,NORMAL,0,2,0,5,162,95,4,164,2896,47,73,0,40,93,0
131289,91,bully,5289,4,1,4001,188,3219,1504,25752,16,100,121098,8903,0,24,1,1,72,NORMAL,0,1,0,4,161,22,1,168,2932,47,72,0,30,21,2
130737,26,bully,6257,1,1,2984,41,3148,328,25184,48,100,124480,2984,2536,55,0,0,73,NORMAL,0,0,1,1,40,0,0,161,2867,47,73,0,0,0,6
130722,58,bully,4722,8,7,5923,120,3139,960,25112,32,100,123178,6099,723,51,1,1,72,NORMAL,0,1,6,8,91,20,1,159,2861,47,72,0,14,19,3
130994,52,bully,4994,4,1,4000,106,3176,848,25408,36,100,123654,6346,0,44,1,1,73,NORMAL,0,1,0,4,81,20,1,162,2895,46,73,0,11,19,4
130704,5,bully,6155,2,2,512,9,3150,72,25200,48,100,124549,512,4940,57,1,0,73,NORMAL,0,0,2,2,7,0,0,158,2872,47,73,0,0,0,6
130885,45,bully,4885,2,1,4001,70,3171,560,25368,48,100,125970,4031,0,55,1,0,73,NORMAL,0,1,0,2,56,12,0,160,2891,47,73,0,1,11,6
131331,21,bully,6762,1,1,1497,37,3218,296,25744,48,100,124569,1497,3934,55,0,0,73,NORMAL,0,0,1,1,36,0,0,167,2931,47,73,0,0,0,6
130873,23,bully,6263,1,1,3129,38,3151,304,25208,48,100,124610,3129,2261,55,0,0,73,NORMAL,0,0,1,1,37,0,0,161,2870,47,73,0,0,0,6
130652,81,bully,4652,7,1,4000,166,3090,1328,24720,26,100,122567,7433,0,37,1,1,73,NORMAL,0,1,0,7,138,20,1,156,2814,47,73,0,21,19,3
131482,74,bully,5485,7,1,4003,155,3212,1240,25696,26,100,122581,7419,0,37,1,1,73,NORMAL,0,1,0,7,128,19,1,166,2929,44,73,0,18,18,3
130941,43,bully,4941,1,1,4001,67,3142,536,25136,48,100,126000,4001,0,54,1,0,73,NORMAL,0,1,0,1,54,12,0,162,2861,46,73,0,0,11,6
131176,6,bully,6432,2,2,794,11,3200,88,25600,48,100,124744,794,4463,57,1,0,73,NORMAL,0,0,2,2,9,0,0,162,2918,47,73,0,0,0,6
131454,73,bully,5454,8,1,4001,153,3206,1224,25648,28,100,122670,7331,0,41,1,1,73,NORMAL,0,1,0,8,125,19,1,165,2921,47,73,0,18,18,3
131635,39,bully,6876,1,1,3278,53,3218,424,25744,48,100,124759,3278,1964,55,0,0,73,NORMAL,0,0,1,1,52,0,0,167,2931,47,73,0,0,0,6
130906,84,bully,4906,7,1,4001,174,3115,1392,24920,21,100,122429,7572,0,33,1,1,73,NORMAL,0,1,0,7,146,20,1,160,2838,44,73,0,22,19,3
131084,89,bully,5084,6,1,4000,178,3144,1424,25152,18,100,121439,8561,0,28,1,1,73,NORMAL,0,1,0,6,153,18,1,160,2864,47,73,0,29,17,3
131401,86,bully,5401,8,1,4000,180,3192,1440,25536,20,100,121893,8107,0,33,1,1,73,NORMAL,0,1,0,8,153,18,1,165,2907,47,73,0,26,17,3
131567,19,bully,6722,1,1,1563,34,3221,272,25768,48,100,124845,1563,3592,55,0,0,73,NORMAL,0,0,1,1,33,0,0,166,2935,47,73,0,0,0,6
131688,48,bully,5688,4,2,5054,84,3219,672,25752,41,100,124454,5240,306,50,1,1,72,NORMAL,0,1,1,4,65,14,1,165,2937,45,72,0,6,13,5
131685,10,bully,6814,2,2,204,18,3234,144,25872,48,100,124871,204,4925,57,1,0,73,NORMAL,0,0,2,2,16,0,0,166,2948,47,73,0,0,0,6
131430,22,bully,6546,1,1,2812,38,3198,304,25584,48,100,124884,2812,2304,55,0,0,73,NORMAL,0,0,1,1,37,0,0,164,2914,47,73,0,0,0,6
130926,75,bully,4926,7,1,4001,145,3102,1160,24816,26,100,122567,7434,0,37,1,1,73,NORMAL,0,1,0,7,121,16,1,156,2826,47,73,0,21,15,3
131837,56,bully,5837,5,1,4000,112,3220,896,25760,32,100,123178,6822,0,42,1,1,73,NORMAL,0,1,0,5,91,15,1,167,2933,47,73,0,14,14,3
131347,18,bully,6426,1,1,1601,33,3180,264,25440,48,100,124921,1601,3478,55,0,0,73,NORMAL,0,0,1,1,32,0,0,163,2897,47,73,0,0,0,6
131674,80,bully,5674,7,1,4001,168,3206,1344,25648,26,100,122567,7434,0,37,1,1,73,NORMAL,0,1,0,7,144,16,1,165,2921,47,73,0,21,15,3
131272,38,bully,5272,1,1,4000,60,3169,480,25352,49,100,126000,4000,0,55,1,0,73,NORMAL,0,1,0,1,50,9,0,162,2887,47,73,0,0,8,6
131365,2,bully,6399,2,2,318,3,3203,24,25624,48,100,124966,318,4717,57,1,0,73,NORMAL,0,0,2,2,1,0,0,162,2921,47,73,0,0,0,6
131264,67,bully,5266,7,1,4002,137,3150,1096,25200,29,100,123121,6879,0,41,1,1,73,NORMAL,0,1,0,7,114,15,1,162,2868,47,73,0,17,14,3
131128,92,bully,5128,4,1,4000,174,3114,1392,24912,16,100,121098,8902,0,24,1,1,73,NORMAL,0,1,0,4,153,16,1,160,2834,47,73,0,30,15,2
131280,57,bully,5280,5,3,5444,107,3129,856,25032,32,100,123178,6667,156,44,1,1,72,NORMAL,0,1,2,5,89,12,1,160,2850,47,72,0,14,11,3
131498,42,bully,5498,1,1,4000,62,3182,496,25456,49,100,126000,4000,0,55,1,0,73,NORMAL,0,1,0,1,54,7,0,163,2899,47,73,0,0,6,6
131840,12,bully,6746,2,2,796,22,3230,176,25840,48,100,125094,796,4110,57,1,0,73,NORMAL,0,0,2,2,20,0,0,166,2944,47,73,0,0,0,6
131590,31,bully,6480,1,1,2432,47,3186,376,25488,48,100,125110,2432,2459,55,0,0,73,NORMAL,0,0,1,1,46,0,0,163,2903,47,73,0,0,0,6
131552,51,bully,5552,6,4,4930,95,3165,760,25320,38,100,123786,5390,824,51,1,1,72,NORMAL,0,1,3,6,76,12,1,159,2889,45,72,0,9,11,5
131636,8,bully,6488,2,1,607,14,3203,112,25624,48,100,125148,852,4000,56,1,0,73,NORMAL,0,0,1,2,12,0,0,162,2921,47,73,0,0,0,6
131823,88,bully,5823,6,1,4001,176,3196,1408,25568,18,100,121439,8562,0,28,1,1,72,NORMAL,0,1,0,6,155,14,1,164,2915,45,72,0,27,13,3
131534,37,bully,6344,1,1,2238,50,3166,400,25328,48,100,125190,2238,2573,55,0,0,73,NORMAL,0,0,1,1,49,0,0,161,2885,47,73,0,0,0,6
131538,83,bully,5538,7,1,4001,167,3144,1336,25152,25,100,122567,7434,0,36,1,1,73,NORMAL,0,1,0,7,145,14,1,159,2866,46,73,0,21,13,3
131785,4,bully,6473,2,1,431,7,3209,56,25672,48,100,125312,688,4000,56,1,0,73,NORMAL,0,0,1,2,5,0,0,162,2927,47,73,0,0,0,6
131648,7,bully,6333,1,1,822,12,3181,96,25448,48,100,125315,822,3863,55,0,0,73,NORMAL,0,0,1,1,11,0,0,161,2900,47,73,0,0,0,6
131367,54,bully,5370,4,1,4004,97,3078,776,24624,32,100,123414,6587,0,41,1,1,72,NORMAL,0,1,0,4,82,10,1,156,2805,45,72,0,12,9,3
131334,66,bully,5334,6,1,4000,128,3090,1024,24720,29,100,123127,6873,0,40,1,1,73,NORMAL,0,1,0,6,110,11,1,156,2815,46,73,0,16,10,3
131620,71,bully,5620,8,2,4019,136,3145,1088,25160,28,100,122670,6896,435,42,1,0,73,NORMAL,0,1,1,8,117,11,0,160,2865,47,73,0,18,10,3
131959,79,bully,5959,7,1,4001,158,3186,1264,25488,26,100,122567,7434,0,37,1,0,73,NORMAL,0,1,0,7,140,11,0,164,2902,47,73,0,21,10,3
131741,100,bully,5740,3,3,12002,321,3101,2568,24808,1,100,117999,12002,0,6,1,63,13,LEADER,1,3,0,3,162,93,63,162,2885,41,13,0,41,90,0
131756,68,bully,5756,7,1,4001,131,3158,1048,25264,29,100,123123,6878,0,41,1,0,73,NORMAL,0,1,0,7,114,10,0,161,2877,47,73,0,17,9,3
131861,77,bully,5861,7,2,4067,147,3167,1176,25336,26,100,122567,7047,386,38,1,0,73,NORMAL,0,1,1,7,130,10,0,160,2887,47,73,0,21,9,3
131876,97,bully,5876,4,2,8001,250,3165,2000,25320,3,100,119147,10853,0,13,1,3,73,NORMAL,0,2,0,4,160,83,3,162,2887,43,73,0,36,81,0
131701,30,bully,5701,1,1,4000,49,3135,392,25080,49,100,126000,4000,0,55,1,0,74,NORMAL,0,1,0,1,45,3,0,160,2854,47,74,0,0,2,6
131892,65,bully,5892,6,1,4001,127,3158,1016,25264,30,100,123127,6874,0,41,1,0,74,NORMAL,0,1,0,6,112,9,0,161,2877,46,74,0,15,8,3
131974,53,bully,5974,5,1,4001,96,3171,768,25368,36,100,123536,6465,0,45,1,0,74,NORMAL,0,1,0,5,83,8,0,162,2888,47,74,0,12,7,4
131771,36,bully,5771,1,1,4001,53,3127,424,25016,49,100,126000,4001,0,55,1,0,74,NORMAL,0,1,0,1,49,3,0,159,2847,47,74,0,0,2,6
131810,32,bully,5810,1,1,4000,50,3100,400,24800,49,100,126000,4000,0,55,1,0,74,NORMAL,0,1,0,1,46,3,0,157,2822,47,74,0,0,2,6
131906,33,bully,5906,1,1,4000,49,3100,392,24800,49,100,126000,4000,0,55,1,0,74,NORMAL,0,1,0,1,46,2,0,157,2822,47,74,0,0,1,6
131921,1,bully,5968,1,1,75,1,3119,8,24952,48,100,125953,75,3972,55,0,0,74,NORMAL,0,0,1,1,0,0,0,156,2842,47,74,0,0,0,6
140148,70,bully,8180,7,2,4033,129,3223,1032,25784,28,100,130451,5550,4000,41,2,0,77,NORMAL,0,1,1,7,121,1,0,167,2933,46,77,0,17,0,3
140177,49,bully,8196,5,3,4481,74,3215,592,25720,40,100,131246,4667,4088,51,2,0,77,NORMAL,0,1,2,5,68,1,0,163,2929,46,77,0,8,0,5
140180,27,bully,6865,2,2,666,44,3220,352,25760,48,100,133315,666,6020,57,1,0,77,NORMAL,0,0,2,2,42,0,0,166,2930,47,77,0,0,0,6
140028,62,bully,7992,7,4,1101,112,3201,896,25608,31,100,130574,5328,4098,47,1,0,77,NORMAL,0,0,4,7,105,0,0,162,2915,47,77,0,14,0,3
140095,82,bully,7873,7,1,49,151,3182,1208,25456,25,100,130149,5852,4000,37,1,0,78,NORMAL,0,0,1,7,144,0,0,161,2896,47,78,0,21,0,3
140262,15,bully,6650,2,2,534,28,3217,224,25736,48,100,133612,534,5855,57,1,0,78,NORMAL,0,0,2,2,26,0,0,163,2929,47,78,0,0,0,6
140167,72,bully,7814,8,1,144,128,3184,1024,25472,27,100,130383,5618,4000,41,1,0,78,NORMAL,0,0,1,8,120,0,0,161,2898,47,78,0,18,0,3
140505,55,bully,8071,6,4,955,92,3216,736,25728,33,100,131035,4799,4167,48,1,0,78,NORMAL,0,0,4,6,86,0,0,162,2929,47,78,0,14,0,5
140383,44,bully,6585,2,1,3894,57,3206,456,25648,47,100,133768,3924,2309,55,0,0,78,NORMAL,0,0,1,2,55,0,0,163,2918,47,78,0,1,0,6
140367,76,bully,7916,9,3,746,137,3192,1096,25536,25,100,130378,3222,6400,41,1,0,78,NORMAL,0,0,3,9,128,0,0,162,2905,47,78,0,21,0,3
140014,94,bully,8475,5,2,4462,205,3132,1640,25056,14,100,128515,7486,4000,24,2,1,78,NORMAL,0,1,1,5,155,44,1,158,2849,47,78,0,32,43,2
140109,50,bully,7578,6,5,1963,76,3134,608,25072,39,100,131796,2020,6184,54,1,0,78,NORMAL,0,0,5,6,70,0,0,157,2852,47,78,0,9,0,5
140165,59,bully,7628,7,3,908,101,3140,808,25120,31,100,131075,2773,6153,46,1,0,78,NORMAL,0,0,3,7,94,0,0,159,2856,47,78,0,14,0,3
140789,78,bully,8249,10,5,2030,148,3196,1184,25568,25,100,130467,3253,6281,44,1,0,78,NORMAL,0,0,5,10,138,0,0,163,2908,47,78,0,21,0,3
140601,29,bully,6659,2,2,287,47,3211,376,25688,48,100,133942,287,5772,57,1,0,78,NORMAL,0,0,2,2,45,0,0,164,2922,47,78,0,0,0,6
140843,87,bully,4843,10,3,4919,196,3213,1568,25704,19,100,131893,7978,129,36,1,1,78,NORMAL,0,1,2,10,156,29,1,166,2923,46,78,0,26,28,3
140804,46,bully,6768,3,3,450,63,3222,504,25776,47,100,134006,450,5545,58,1,0,78,NORMAL,0,0,3,3,60,0,0,165,2932,47,78,0,1,0,6
140586,61,bully,7898,9,6,2536,109,3186,872,25488,31,100,131226,3290,5485,51,1,0,78,NORMAL,0,0,6,9,100,0,0,160,2901,47,78,0,14,0,3
140676,85,bully,4676,8,1,4000,189,3194,1512,25552,20,100,131893,8107,0,33,1,1,78,NORMAL,0,1,0,8,151,29,1,163,2907,46,78,0,25,28,3
140874,13,bully,6746,2,2,157,24,3233,192,25864,48,100,134128,157,5716,57,1,0,78,NORMAL,0,0,2,2,22,0,0,166,2942,47,78,0,0,0,6
140449,64,bully,7661,7,4,3920,115,3148,920,25184,30,100,131300,6279,2421,46,0,0,78,NORMAL,0,0,4,7,108,0,0,158,2865,47,78,0,15,0,3
141007,63,bully,5007,8,4,5342,144,3223,1152,25784,31,100,133178,6159,664,47,1,1,78,NORMAL,0,1,3,8,110,25,1,166,2933,46,78,0,14,24,3
141077,40,bully,6870,1,1,2139,54,3229,432,25832,48,100,134207,2139,3655,55,0,0,78,NORMAL,0,0,1,1,53,0,0,167,2937,47,78,0,0,0,6
140247,16,bully,6029,2,2,316,29,3108,232,24864,48,100,134218,316,5467,57,1,0,78,NORMAL,0,0,2,2,27,0,0,155,2828,47,78,0,0,0,6
140747,24,bully,6493,1,1,2251,40,3194,320,25552,48,100,134254,2251,3495,55,0,0,78,NORMAL,0,0,1,1,39,0,0,163,2906,47,78,0,0,0,6
140298,99,bully,4298,5,2,8002,262,3093,2096,24744,2,100,128765,11236,0,13,1,4,77,NORMAL,0,2,0,5,155,98,4,155,2815,46,77,0,40,96,0
140340,47,bully,4340,2,1,4001,82,3105,656,24840,43,100,135943,4058,0,49,1,1,77,NORMAL,0,1,0,2,61,18,1,155,2831,42,77,0,1,17,5
140571,93,bully,4571,4,3,7888,237,3146,1896,25168,14,100,130880,8859,262,24,1,3,78,NORMAL,0,1,2,4,155,75,3,160,2863,45,78,0,30,74,2
141198,69,bully,5198,7,1,4001,149,3227,1192,25816,29,100,133123,6878,0,41,1,1,78,NORMAL,0,1,0,7,119,22,1,166,2936,47,78,0,17,21,3
140331,35,bully,6005,2,1,871,50,3101,400,24808,48,100,134326,1675,4000,56,1,0,78,NORMAL,0,0,1,2,48,0,0,156,2820,47,78,0,0,0,6
141009,20,bully,6680,2,2,518,36,3214,288,25712,48,100,134329,518,5153,57,1,0,78,NORMAL,0,0,2,2,34,0,0,164,2925,47,78,0,0,0,6
140991,95,bully,4991,5,2,8001,248,3211,1984,25688,12,100,130509,9491,0,22,1,3,78,NORMAL,0,2,0,5,163,77,3,166,2922,45,78,0,32,75,2
141295,25,bully,6928,2,1,817,42,3234,336,25872,48,100,134367,1634,4000,56,1,0,78,NORMAL,0,0,1,2,40,0,0,167,2942,47,78,0,0,0,6
140818,14,bully,6441,2,1,1522,26,3192,208,25536,48,100,134377,1623,4000,56,1,0,78,NORMAL,0,0,1,2,24,0,0,162,2905,47,78,0,0,0,6
140520,41,bully,6135,1,1,2442,53,3125,424,25000,48,100,134385,2442,3174,55,0,0,78,NORMAL,0,0,1,1,52,0,0,159,2841,47,78,0,0,0,6
140435,96,bully,4435,4,2,8002,247,3111,1976,24888,8,100,129977,10024,0,17,1,3,76,NORMAL,0,2,0,4,155,85,3,157,2833,45,76,0,34,83,0
140543,34,bully,6149,2,2,109,48,3130,384,25040,48,100,134394,109,5498,57,1,0,78,NORMAL,0,0,2,2,46,0,0,158,2847,47,78,0,0,0,6
141158,28,bully,6759,1,1,2370,45,3224,360,25792,48,100,134399,2370,3231,55,0,0,78,NORMAL,0,0,1,1,44,0,0,167,2932,47,78,0,0,0,6
140956,11,bully,6542,2,2,377,20,3211,160,25688,48,100,134414,377,5210,57,1,0,78,NORMAL,0,0,2,2,18,0,0,163,2923,47,78,0,0,0,6
140684,17,bully,6251,2,2,130,31,3150,248,25200,48,100,134433,130,5438,57,1,0,78,NORMAL,0,0,2,2,29,0,0,160,2865,47,78,0,0,0,6
140708,90,bully,4708,4,1,4001,182,3152,1456,25216,16,100,131098,8903,0,24,1,1,78,NORMAL,0,1,0,4,155,22,1,162,2866,46,78,0,29,21,2
140465,3,bully,6023,2,2,65,5,3131,40,25048,48,100,134442,65,5494,57,1,0,78,NORMAL,0,0,2,2,3,0,0,155,2851,47,78,0,0,0,6
140593,9,bully,6139,2,2,341,16,3145,128,25160,48,100,134454,341,5206,57,1,0,78,NORMAL,0,0,2,2,14,0,0,158,2862,47,78,0,0,0,6
141144,60,bully,5144,5,1,4001,125,3220,1000,25760,32,100,133178,6823,0,42,1,1,77,NORMAL,0,1,0,5,99,20,1,164,2932,47,77,0,14,19,3
140856,98,bully,4856,5,2,8002,266,3185,2128,25480,3,100,128807,11194,0,14,1,4,78,NORMAL,0,2,0,5,162,95,4,164,2896,47,78,0,40,93,0
141289,91,bully,5289,4,1,4001,188,3224,1504,25792,16,100,131098,8903,0,24,1,1,77,NORMAL,0,1,0,4,161,22,1,168,2932,47,77,0,30,21,2
140737,26,bully,6257,1,1,2984,41,3153,328,25224,48,100,134480,2984,2536,55,0,0,78,NORMAL,0,0,1,1,40,0,0,161,2867,47,78,0,0,0,6
140722,58,bully,4722,8,7,5923,120,3144,960,25152,32,100,133178,6099,723,51,1,1,77,NORMAL,0,1,6,8,91,20,1,159,2861,47,77,0,14,19,3
140994,52,bully,4994,4,1,4000,106,3181,848,25448,36,100,133654,6346,0,44,1,1,78,NORMAL,0,1,0,4,81,20,1,162,2895,46,78,0,11,19,4
140704,5,bully,6155,2,2,512,9,3155,72,25240,48,100,134549,512,4940,57,1,0,78,NORMAL,0,0,2,2,7,0,0,158,2872,47,78,0,0,0,6
140885,45,bully,4885,2,1,4001,70,3176,560,25408,48,100,135970,4031,0,55,1,0,78,NORMAL,0,1,0,2,56,12,0,160,2891,47,78,0,1,11,6
141331,21,bully,6762,1,1,1497,37,3223,296,25784,48,100,134569,1497,3934,55,0,0,78,NORMAL,0,0,1,1,36,0,0,167,2931,47,78,0,0,0,6
140873,23,bully,6263,1,1,3129,38,3156,304,25248,48,100,134610,3129,2261,55,0,0,78,NORMAL,0,0,1,1,37,0,0,161,2870,47,78,0,0,0,6
140652,81,bully,4652,7,1,4000,166,3095,1328,24760,26,100,132567,7433,0,37,1,1,78,NORMAL,0,1,0,7,138,20,1,156,2814,47,78,0,21,19,3
141482,74,bully,5485,7,1,4003,155,3217,1240,25736,26,100,132581,7419,0,37,1,1,78,NORMAL,0,1,0,7,128,19,1,166,2929,44,78,0,18,18,3
140941,43,bully,4941,1,1,4001,67,3147,536,25176,48,100,136000,4001,0,54,1,0,78,NORMAL,0,1,0,1,54,12,0,162,2861,46,78,0,0,11,6
141176,6,bully,6432,2,2,794,11,3205,88,25640,48,100,134744,794,4463,57,1,0,78,NORMAL,0,0,2,2,9,0,0,162,2918,47,78,0,0,0,6
141454,73,bully,5454,8,1,4001,153,3211,1224,25688,28,100,132670,7331,0,41,1,1,78,NORMAL,0,1,0,8,125,19,1,165,2921,47,78,0,18,18,3
141635,39,bully,6876,1,1,3278,53,3223,424,25784,48,100,134759,3278,1964,55,0,0,78,NORMAL,0,0,1,1,52,0,0,167,2931,47,78,0,0,0,6
140906,84,bully,4906,7,1,4001,174,3120,1392,24960,21,100,132429,7572,0,33,1,1,78,NORMAL,0,1,0,7,146,20,1,160,2838,44,78,0,22,19,3
141084,89,bully,5084,6,1,4000,178,3149,1424,25192,18,100,131439,8561,0,28,1,1,78,NORMAL,0,1,0,6,153,18,1,160,2864,47,78,0,29,17,3
141401,86,bully,5401,8,1,4000,180,3197,1440,25576,20,100,131893,8107,0,33,1,1,78,NORMAL,0,1,0,8,153,18,1,165,2907,47,78,0,26,17,3
141567,19,bully,6722,1,1,1563,34,3226,272,25808,48,100,134845,1563,3592,55,0,0,78,NORMAL,0,0,1,1,33,0,0,166,2935,47,78,0,0,0,6
141688,48,bully,5688,4,2,5054,84,3224,672,25792,41,100,134454,5240,306,50,1,1,77,NORMAL,0,1,1,4,65,14,1,165,2937,45,77,0,6,13,5
141685,10,bully,6814,2,2,204,18,3239,144,25912,48,100,134871,204,4925,57,1,0,78,NORMAL,0,0,2,2,16,0,0,166,2948,47,78,0,0,0,6
141430,22,bully,6546,1,1,2812,38,3203,304,25624,48,100,134884,2812,2304,55,0,0,78,NORMAL,0,0,1,1,37,0,0,164,2914,47,78,0,0,0,6
140926,75,bully,4926,7,1,4001,145,3107,1160,24856,26,100,132567,7434,0,37,1,1,78,NORMAL,0,1,0,7,121,16,1,156,2826,47,78,0,21,15,3
141837,56,bully,5837,5,1,4000,112,3225,896,25800,32,100,133178,6822,0,42,1,1,78,NORMAL,0,1,0,5,91,15,1,167,2933,47,78,0,14,14,3
141347,18,bully,6426,1,1,1601,33,3185,264,25480,48,100,134921,1601,3478,55,0,0,78,NORMAL,0,0,1,1,32,0,0,163,2897,47,78,0,0,0,6
141674,80,bully,5674,7,1,4001,168,3211,1344,25688,26,100,132567,7434,0,37,1,1,78,NORMAL,0,1,0,7,144,16,1,165,2921,47,78,0,21,15,3
141272,38,bully,5272,1,1,4000,60,3174,480,25392,49,100,136000,4000,0,55,1,0,78,NORMAL,0,1,0,1,50,9,0,162,2887,47,78,0,0,8,6
141365,2,bully,6399,2,2,318,3,3208,24,25664,48,100,134966,318,4717,57,1,0,78,NORMAL,0,0,2,2,1,0,0,162,2921,47,78,0,0,0,6
141264,67,bully,5266,7,1,4002,137,3155,1096,25240,29,100,133121,6879,0,41,1,1,78,NORMAL,0,1,0,7,114,15,1,162,2868,47,78,0,17,14,3
141128,92,bully,5128,4,1,4000,174,3119,1392,24952,16,100,131098,8902,0,24,1,1,78,NORMAL,0,1,0,4,153,16,1,160,2834,47,78,0,30,15,2
141280,57,bully,5280,5,3,5444,107,3134,856,25072,32,100,133178,6667,156,44,1,1,77,NORMAL,0,1,2,5,89,12,1,160,2850,47,77,0,14,11,3
141498,42,bully,5498,1,1,4000,62,3187,496,25496,49,100,136000,4000,0,55,1,0,78,NORMAL,0,1,0,1,54,7,0,163,2899,47,78,0,0,6,6
141840,12,bully,6746,2,2,796,22,3235,176,25880,48,100,135094,796,4110,57,1,0,78,NORMAL,0,0,2,2,20,0,0,166,2944,47,78,0,0,0,6
141590,31,bully,6480,1,1,2432,47,3191,376,25528,48,100,135110,2432,2459,55,0,0,78,NORMAL,0,0,1,1,46,0,0,163,2903,47,78,0,0,0,6
141552,51,bully,5552,6,4,4930,95,3170,760,25360,38,100,133786,5390,824,51,1,1,77,NORMAL,0,1,3,6,76,12,1,159,2889,45,77,0,9,11,5
141636,8,bully,6488,2,1,607,14,3208,112,25664,48,100,135148,852,4000,56,1,0,78,NORMAL,0,0,1,2,12,0,0,162,2921,47,78,0,0,0,6
141823,88,bully,5823,6,1,4001,176,3201,1408,25608,18,100,131439,8562,0,28,1,1,77,NORMAL,0,1,0,6,155,14,1,164,2915,45,77,0,27,13,3
141534,37,bully,6344,1,1,2238,50,3171,400,25368,48,100,135190,2238,2573,55,0,0,78,NORMAL,0,0,1,1,49,0,0,161,2885,47,78,0,0,0,6
141538,83,bully,5538,7,1,4001,167,3149,1336,25192,25,100,132567,7434,0,36,1,1,78,NORMAL,0,1,0,7,145,14,1,159,2866,46,78,0,21,13,3
141785,4,bully,6473,2,1,431,7,3214,56,25712,48,100,135312,688,4000,56,1,0,78,NORMAL,0,0,1,2,5,0,0,162,2927,47,78,0,0,0,6
141648,7,bully,6333,1,1,822,12,3186,96,25488,48,100,135315,822,3863,55,0,0,78,NORMAL,0,0,1,1,11,0,0,161,2900,47,78,0,0,0,6
141367,54,bully,5370,4,1,4004,97,3083,776,24664,32,100,133414,6587,0,41,1,1,77,NORMAL,0,1,0,4,82,10,1,156,2805,45,77,0,12,9,3
141334,66,bully,5334,6,1,4000,128,3095,1024,24760,29,100,133127,6873,0,40,1,1,78,NORMAL,0,1,0,6,110,11,1,156,2815,46,78,0,16,10,3
141620,71,bully,5620,8,2,4019,136,3150,1088,25200,28,100,132670,6896,435,42,1,0,78,NORMAL,0,1,1,8,117,11,0,160,2865,47,78,0,18,10,3
141959,79,bully,5959,7,1,4001,158,3191,1264,25528,26,100,132567,7434,0,37,1,0,78,NORMAL,0,1,0,7,140,11,0,164,2902,47,78,0,21,10,3
141741,100,bully,5740,3,3,12002,326,3101,2608,24808,1,100,127999,12002,0,6,1,68,13,LEADER,1,3,0,3,162,93,68,162,2885,41,13,0,41,90,0
141756,68,bully,5756,7,1,4001,131,3164,1048,25312,29,100,133123,6878,0,41,1,0,79,NORMAL,0,1,0,7,114,10,0,161,2877,47,79,0,17,9,3
141861,77,bully,5861,7,2,4067,147,3173,1176,25384,26,100,132567,7047,386,38,1,0,79,NORMAL,0,1,1,7,130,10,0,160,2887,47,79,0,21,9,3
141876,97,bully,5876,4,2,8001,250,3170,2000,25360,3,100,129147,10853,0,13,1,3,78,NORMAL,0,2,0,4,160,83,3,162,2887,43,78,0,36,81,0
141701,30,bully,5701,1,1,4000,49,3140,392,25120,49,100,136000,4000,0,55,1,0,79,NORMAL,0,1,0,1,45,3,0,160,2854,47,79,0,0,2,6
141892,65,bully,5892,6,1,4001,127,3163,1016,25304,30,100,133127,6874,0,41,1,0,79,NORMAL,0,1,0,6,112,9,0,161,2877,46,79,0,15,8,3
141974,53,bully,5974,5,1,4001,96,3176,768,25408,36,100,133536,6465,0,45,1,0,79,NORMAL,0,1,0,5,83,8,0,162,2888,47,79,0,12,7,4
141771,36,bully,5771,1,1,4001,53,3132,424,25056,49,100,136000,4001,0,55,1,0,79,NORMAL,0,1,0,1,49,3,0,159,2847,47,79,0,0,2,6
141810,32,bully,5810,1,1,4000,50,3105,400,24840,49,100,136000,4000,0,55,1,0,79,NORMAL,0,1,0,1,46,3,0,157,2822,47,79,0,0,2,6
141906,33,bully,5906,1,1,4000,49,3105,392,24840,49,100,136000,4000,0,55,1,0,79,NORMAL,0,1,0,1,46,2,0,157,2822,47,79,0,0,1,6
141921,1,bully,5968,1,1,75,1,3124,8,24992,48,100,135953,75,3972,55,0,0,79,NORMAL,0,0,1,1,0,0,0,156,2842,47,79,0,0,0,6
150148,70,bully,8180,7,2,4033,129,3228,1032,25824,28,100,140451,5550,4000,41,2,0,82,NORMAL,0,1,1,7,121,1,0,167,2933,46,82,0,17,0,3
150177,49,bully,8196,5,3,4481,74,3220,592,25760,40,100,141246,4667,4088,51,2,0,82,NORMAL,0,1,2,5,68,1,0,163,2929,46,82,0,8,0,5
150180,27,bully,6865,2,2,666,44,3225,352,25800,48,100,143315,666,6020,57,1,0,82,NORMAL,0,0,2,2,42,0,0,166,2930,47,82,0,0,0,6
150028,62,bully,7992,7,4,1101,112,3206,896,25648,31,100,140574,5328,4098,47,1,0,82,NORMAL,0,0,4,7,105,0,0,162,2915,47,82,0,14,0,3
150095,82,bully,7873,7,1,49,151,3187,1208,25496,25,100,140149,5852,4000,37,1,0,83,NORMAL,0,0,1,7,144,0,0,161,2896,47,83,0,21,0,3
150262,15,bully,6650,2,2,534,28,3222,224,25776,48,100,143612,534,5855,57,1,0,83,NORMAL,0,0,2,2,26,0,0,163,2929,47,83,0,0,0,6
150167,72,bully,7814,8,1,144,128,3189,1024,25512,27,100,140383,5618,4000,41,1,0,83,NORMAL,0,0,1,8,120,0,0,161,2898,47,83,0,18,0,3
150505,55,bully,8071,6,4,955,92,3221,736,25768,33,100,141035,4799,4167,48,1,0,83,NORMAL,0,0,4,6,86,0,0,162,2929,47,83,0,14,0,5
150383,44,bully,6585,2,1,3894,57,3211,456,25688,47,100,143768,3924,2309,55,0,0,83,NORMAL,0,0,1,2,55,0,0,163,2918,47,83,0,1,0,6
150367,76,bully,7916,9,3,746,137,3197,1096,25576,25,100,140378,3222,6400,41,1,0,83,NORMAL,0,0,3,9,128,0,0,162,2905,47,83,0,21,0,3
150014,94,bully,8475,5,2,4462,205,3137,1640,25096,14,100,138515,7486,4000,24,2,1,83,NORMAL,0,1,1,5,155,44,1,158,2849,47,83,0,32,43,2
150109,50,bully,7578,6,5,1963,76,3139,608,25112,39,100,141796,2020,6184,54,1,0,83,NORMAL,0,0,5,6,70,0,0,157,2852,47,83,0,9,0,5
150165,59,bully,7628,7,3,908,101,3145,808,25160,31,100,141075,2773,6153,46,1,0,83,NORMAL,0,0,3,7,94,0,0,159,2856,47,83,0,14,0,3
150789,78,bully,8249,10,5,2030,148,3201,1184,25608,25,100,140467,3253,6281,44,1,0,83,NORMAL,0,0,5,10,138,0,0,163,2908,47,83,0,21,0,3
150601,29,bully,6659,2,2,287,47,3216,376,25728,48,100,143942,287,5772,57,1,0,83,NORMAL,0,0,2,2,45,0,0,164,2922,47,83,0,0,0,6
150843,87,bully,4843,10,3,4919,196,3218,1568,25744,19,100,141893,7978,129,36,1,1,83,NORMAL,0,1,2,10,156,29,1,166,2923,46,83,0,26,28,3
150804,46,bully,6768,3,3,450,63,3227,504,25816,47,100,144006,450,5545,58,1,0,83,NORMAL,0,0,3,3,60,0,0,165,2932,47,83,0,1,0,6
150586,61,bully,7898,9,6,2536,109,3191,872,25528,31,100,141226,3290,5485,51,1,0,83,NORMAL,0,0,6,9,100,0,0,160,2901,47,83,0,14,0,3
150676,85,bully,4676,8,1,4000,189,3199,1512,25592,20,100,141893,8107,0,33,1,1,83,NORMAL,0,1,0,8,151,29,1,163,2907,46,83,0,25,28,3
150874,13,bully,6746,2,2,157,24,3238,192,25904,48,100,144128,157,5716,57,1,0,83,NORMAL,0,0,2,2,22,0,0,166,2942,47,83,0,0,0,6
150449,64,bully,7661,7,4,3920,115,3153,920,25224,30,100,141300,6279,2421,46,0,0,83,NORMAL,0,0,4,7,108,0,0,158,2865,47,83,0,15,0,3
151007,63,bully,5007,8,4,5342,144,3228,1152,25824,31,100,143178,6159,664,47,1,1,83,NORMAL,0,1,3,8,110,25,1,166,2933,46,83,0,14,24,3
151077,40,bully,6870,1,1,2139,54,3234,432,25872,48,100,144207,2139,3655,55,0,0,83,NORMAL,0,0,1,1,53,0,0,167,2937,47,83,0,0,0,6
150247,16,bully,6029,2,2,316,29,3113,232,24904,48,100,144218,316,5467,57,1,0,83,NORMAL,0,0,2,2,27,0,0,155,2828,47,83,0,0,0,6
150747,24,bully,6493,1,1,2251,40,3199,320,25592,48,100,144254,2251,3495,55,0,0,83,NORMAL,0,0,1,1,39,0,0,163,2906,47,83,0,0,0,6
150298,99,bully,4298,5,2,8002,262,3098,2096,24784,2,100,138765,11236,0,13,1,4,82,NORMAL,0,2,0,5,155,98,4,155,2815,46,82,0,40,96,0
150340,47,bully,4340,2,1,4001,82,3110,656,24880,43,100,145943,4058,0,49,1,1,82,NORMAL,0,1,0,2,61,18,1,155,2831,42,82,0,1,17,5
150571,93,bully,4571,4,3,7888,237,3151,1896,25208,14,100,140880,8859,262,24,1,3,83,NORMAL,0,1,2,4,155,75,3,160,2863,45,83,0,30,74,2
151198,69,bully,5198,7,1,4001,149,3232,1192,25856,29,100,143123,6878,0,41,1,1,83,NORMAL,0,1,0,7,119,22,1,166,2936,47,83,0,17,21,3
150331,35,bully,6005,2,1,871,50,3106,400,24848,48,100,144326,1675,4000,56,1,0,83,NORMAL,0,0,1,2,48,0,0,156,2820,47,83,0,0,0,6
151009,20,bully,6680,2,2,518,36,3219,288,25752,48,100,144329,518,5153,57,1,0,83,NORMAL,0,0,2,2,34,0,0,164,2925,47,83,0,0,0,6
150991,95,bully,4991,5,2,8001,248,3216,1984,25728,12,100,140509,9491,0,22,1,3,83,NORMAL,0,2,0,5,163,77,3,166,2922,45,83,0,32,75,2
151295,25,bully,6928,2,1,817,42,3239,336,25912,48,100,144367,1634,4000,56,1,0,83,NORMAL,0,0,1,2,40,0,0,167,2942,47,83,0,0,0,6
150818,14,bully,6441,2,1,1522,26,3197,208,25576,48,100,144377,1623,4000,56,1,0,83,NORMAL,0,0,1,2,24,0,0,162,2905,47,83,0,0,0,6
150520,41,bully,6135,1,1,2442,53,3130,424,25040,48,100,144385,2442,3174,55,0,0,83,NORMAL,0,0,1,1,52,0,0,159,2841,47,83,0,0,0,6
150435,96,bully,4435,4,2,8002,247,3116,1976,24928,8,100,139977,10024,0,17,1,3,81,NORMAL,0,2,0,4,155,85,3,157,2833,45,81,0,34,83,0
150543,34,bully,6149,2,2,109,48,3135,384,25080,48,100,144394,109,5498,57,1,0,83,NORMAL,0,0,2,2,46,0,0,158,2847,47,83,0,0,0,6
151158,28,bully,6759,1,1,2370,45,3229,360,25832,48,100,144399,2370,3231,55,0,0,83,NORMAL,0,0,1,1,44,0,0,167,2932,47,83,0,0,0,6
150956,11,bully,6542,2,2,377,20,3216,160,25728,48,100,144414,377,5210,57,1,0,83,NORMAL,0,0,2,2,18,0,0,163,2923,47,83,0,0,0,6
150684,17,bully,6251,2,2,130,31,3155,248,25240,48,100,144433,130,5438,57,1,0,83,NORMAL,0,0,2,2,29,0,0,160,2865,47,83,0,0,0,6
150708,90,bully,4708,4,1,4001,182,3157,1456,25256,16,100,141098,8903,0,24,1,1,83,NORMAL,0,1,0,4,155,22,1,162,2866,46,83,0,29,21,2
150465,3,bully,6023,2,2,65,5,3136,40,25088,48,100,144442,65,5494,57,1,0,83,NORMAL,0,0,2,2,3,0,0,155,2851,47,83,0,0,0,6
150593,9,bully,6139,2,2,341,16,3150,128,25200,48,100,144454,341,5206,57,1,0,83,NORMAL,0,0,2,2,14,0,0,158,2862,47,83,0,0,0,6
151144,60,bully,5144,5,1,4001,125,3225,1000,25800,32,100,143178,6823,0,42,1,1,82,NORMAL,0,1,0,5,99,20,1,164,2932,47,82,0,14,19,3
150856,98,bully,4856,5,2,8002,266,3190,2128,25520,3,100,138807,11194,0,14,1,4,83,NORMAL,0,2,0,5,162,95,4,164,2896,47,83,0,40,93,0
151289,91,bully,5289,4,1,4001,188,3229,1504,25832,16,100,141098,8903,0,24,1,1,82,NORMAL,0,1,0,4,161,22,1,168,2932,47,82,0,30,21,2
150737,26,bully,6257,1,1,2984,41,3158,328,25264,48,100,144480,2984,2536,55,0,0,83,NORMAL,0,0,1,1,40,0,0,161,2867,47,83,0,0,0,6
150722,58,bully,4722,8,7,5923,120,3149,960,25192,32,100,143178,6099,723,51,1,1,82,NORMAL,0,1,6,8,91,20,1,159,2861,47,82,0,14,19,3
150994,52,bully,4994,4,1,4000,106,3186,848,25488,36,100,143654,6346,0,44,1,1,83,NORMAL,0,1,0,4,81,20,1,162,2895,46,83,0,11,19,4
150704,5,bully,6155,2,2,512,9,3160,72,25280,48,100,144549,512,4940,57,1,0,83,NORMAL,0,0,2,2,7,0,0,158,2872,47,83,0,0,0,6
150885,45,bully,4885,2,1,4001,70,3181,560,25448,48,100,145970,4031,0,55,1,0,83,NORMAL,0,1,0,2,56,12,0,160,2891,47,83,0,1,11,6
151331,21,bully,6762,1,1,1497,37,3228,296,25824,48,100,144569,1497,3934,55,0,0,83,NORMAL,0,0,1,1,36,0,0,167,2931,47,83,0,0,0,6
150873,23,bully,6263,1,1,3129,38,3161,304,25288,48,100,144610,3129,2261,55,0,0,83,NORMAL,0,0,1,1,37,0,0,161,2870,47,83,0,0,0,6
150652,81,bully,4652,7,1,4000,166,3100,1328,24800,26,100,142567,7433,0,37,1,1,83,NORMAL,0,1,0,7,138,20,1,156,2814,47,83,0,21,19,3
151482,74,bully,5485,7,1,4003,155,3222,1240,25776,26,100,142581,7419,0,37,1,1,83,NORMAL,0,1,0,7,128,19,1,166,2929,44,83,0,18,18,3
150941,43,bully,4941,1,1,4001,67,3152,536,25216,48,100,146000,4001,0,54,1,0,83,NORMAL,0,1,0,1,54,12,0,162,2861,46,83,0,0,11,6
151176,6,bully,6432,2,2,794,11,3210,88,25680,48,100,144744,794,4463,57,1,0,83,NORMAL,0,0,2,2,9,0,0,162,2918,47,83,0,0,0,6
151454,73,bully,5454,8,1,4001,153,3216,1224,25728,28,100,142670,7331,0,41,1,1,83,NORMAL,0,1,0,8,125,19,1,165,2921,47,83,0,18,18,3
151635,39,bully,6876,1,1,3278,53,3228,424,25824,48,100,144759,3278,1964,55,0,0,83,NORMAL,0,0,1,1,52,0,0,167,2931,47,83,0,0,0,6
150906,84,bully,4906,7,1,4001,174,3125,1392,25000,21,100,142429,7572,0,33,1,1,83,NORMAL,0,1,0,7,146,20,1,160,2838,44,83,0,22,19,3
151084,89,bully,5084,6,1,4000,178,3154,1424,25232,18,100,141439,8561,0,28,1,1,83,NORMAL,0,1,0,6,153,18,1,160,2864,47,83,0,29,17,3
151401,86,bully,5401,8,1,4000,180,3202,1440,25616,20,100,141893,8107,0,33,1,1,83,NORMAL,0,1,0,8,153,18,1,165,2907,47,83,0,26,17,3
151567,19,bully,6722,1,1,1563,34,3231,272,25848,48,100,144845,1563,3592,55,0,0,83,NORMAL,0,0,1,1,33,0,0,166,2935,47,83,0,0,0,6
151688,48,bully,5688,4,2,5054,84,3229,672,25832,41,100,144454,5240,306,50,1,1,82,NORMAL,0,1,1,4,65,14,1,165,2937,45,82,0,6,13,5
151685,10,bully,6814,2,2,204,18,3244,144,25952,48,100,144871,204,4925,57,1,0,83,NORMAL,0,0,2,2,16,0,0,166,2948,47,83,0,0,0,6
151430,22,bully,6546,1,1,2812,38,3208,304,25664,48,100,144884,2812,2304,55,0,0,83,NORMAL,0,0,1,1,37,0,0,164,2914,47,83,0,0,0,6
150926,75,bully,4926,7,1,4001,145,3112,1160,24896,26,100,142567,7434,0,37,1,1,83,NORMAL,0,1,0,7,121,16,1,156,2826,47,83,0,21,15,3
151837,56,bully,5837,5,1,4000,112,3230,896,25840,32,100,143178,6822,0,42,1,1,83,NORMAL,0,1,0,5,91,15,1,167,2933,47,83,0,14,14,3
151347,18,bully,6426,1,1,1601,33,3190,264,25520,48,100,144921,1601,3478,55,0,0,83,NORMAL,0,0,1,1,32,0,0,163,2897,47,83,0,0,0,6
151674,80,bully,5674,7,1,4001,168,3216,1344,25728,26,100,142567,7434,0,37,1,1,83,NORMAL,0,1,0,7,144,16,1,165,2921,47,83,0,21,15,3
151272,38,bully,5272,1,1,4000,60,3179,480,25432,49,100,146000,4000,0,55,1,0,83,NORMAL,0,1,0,1,50,9,0,162,2887,47,83,0,0,8,6
151365,2,bully,6399,2,2,318,3,3213,24,25704,48,100,144966,318,4717,57,1,0,83,NORMAL,0,0,2,2,1,0,0,162,2921,47,83,0,0,0,6
151264,67,bully,5266,7,1,4002,137,3160,1096,25280,29,100,143121,6879,0,41,1,1,83,NORMAL,0,1,0,7,114,15,1,162,2868,47,83,0,17,14,3
151128,92,bully,5128,4,1,4000,174,3124,1392,24992,16,100,141098,8902,0,24,1,1,83,NORMAL,0,1,0,4,153,16,1,160,2834,47,83,0,30,15,2
151280,57,bully,5280,5,3,5444,107,3139,856,25112,32,100,143178,6667,156,44,1,1,82,NORMAL,0,1,2,5,89,12,1,160,2850,47,82,0,14,11,3
151498,42,bully,5498,1,1,4000,62,3192,496,25536,49,100,146000,4000,0,55,1,0,83,NORMAL,0,1,0,1,54,7,0,163,2899,47,83,0,0,6,6
151840,12,bully,6746,2,2,796,22,3240,176,25920,48,100,145094,796,4110,57,1,0,83,NORMAL,0,0,2,2,20,0,0,166,2944,47,83,0,0,0,6
151590,31,bully,6480,1,1,2432,47,3196,376,25568,48,100,145110,2432,2459,55,0,0,83,NORMAL,0,0,1,1,46,0,0,163,2903,47,83,0,0,0,6
151552,51,bully,5552,6,4,4930,95,3175,760,25400,38,100,143786,5390,824,51,1,1,82,NORMAL,0,1,3,6,76,12,1,159,2889,45,82,0,9,11,5
151636,8,bully,6488,2,1,607,14,3213,112,25704,48,100,145148,852,4000,56,1,0,83,NORMAL,0,0,1,2,12,0,0,162,2921,47,83,0,0,0,6
151823,88,bully,5823,6,1,4001,176,3206,1408,25648,18,100,141439,8562,0,28,1,1,82,NORMAL,0,1,0,6,155,14,1,164,2915,45,82,0,27,13,3
151534,37,bully,6344,1,1,2238,50,3176,400,25408,48,100,145190,2238,2573,55,0,0,83,NORMAL,0,0,1,1,49,0,0,161,2885,47,83,0,0,0,6
151538,83,bully,5538,7,1,4001,167,3154,1336,25232,25,100,142567,7434,0,36,1,1,83,NORMAL,0,1,0,7,145,14,1,159,2866,46,83,0,21,13,3
151785,4,bully,6473,2,1,431,7,3219,56,25752,48,100,145312,688,4000,56,1,0,83,NORMAL,0,0,1,2,5,0,0,162,2927,47,83,0,0,0,6
151648,7,bully,6333,1,1,822,12,3191,96,25528,48,100,145315,822,3863,55,0,0,83,NORMAL,0,0,1,1,11,0,0,161,2900,47,83,0,0,0,6
151367,54,bully,5370,4,1,4004,97,3088,776,24704,32,100,143414,6587,0,41,1,1,82,NORMAL,0,1,0,4,82,10,1,156,2805,45,82,0,12,9,3
151334,66,bully,5334,6,1,4000,128,3100,1024,24800,29,100,143127,6873,0,40,1,1,83,NORMAL,0,1,0,6,110,11,1,156,2815,46,83,0,16,10,3
151620,71,bully,5620,8,2,4019,136,3155,1088,25240,28,100,142670,6896,435,42,1,0,83,NORMAL,0,1,1,8,117,11,0,160,2865,47,83,0,18,10,3
151959,79,bully,5959,7,1,4001,158,3196,1264,25568,26,100,142567,7434,0,37,1,0,83,NORMAL,0,1,0,7,140,11,0,164,2902,47,83,0,21,10,3
151741,100,bully,5740,3,3,12002,331,3101,2648,24808,1,100,137999,12002,0,6,1,73,13,LEADER,1,3,0,3,162,93,73,162,2885,41,13,0,41,90,0
151756,68,bully,5756,7,1,4001,131,3168,1048,25344,29,100,143123,6878,0,41,1,0,83,NORMAL,0,1,0,7,114,10,0,161,2877,47,83,0,17,9,3
151861,77,bully,5861,7,2,4067,147,3177,1176,25416,26,100,142567,7047,386,38,1,0,83,NORMAL,0,1,1,7,130,10,0,160,2887,47,83,0,21,9,3
151876,97,bully,5876,4,2,8001,250,3175,2000,25400,3,100,139147,10853,0,13,1,3,83,NORMAL,0,2,0,4,160,83,3,162,2887,43,83,0,36,81,0
151701,30,bully,5701,1,1,4000,49,3145,392,25160,49,100,146000,4000,0,55,1,0,84,NORMAL,0,1,0,1,45,3,0,160,2854,47,84,0,0,2,6
151892,65,bully,5892,6,1,4001,127,3168,1016,25344,30,100,143127,6874,0,41,1,0,84,NORMAL,0,1,0,6,112,9,0,161,2877,46,84,0,15,8,3
151974,53,bully,5974,5,1,4001,96,3181,768,25448,36,100,143536,6465,0,45,1,0,84,NORMAL,0,1,0,5,83,8,0,162,2888,47,84,0,12,7,4
151771,36,bully,5771,1,1,4001,53,3137,424,25096,49,100,146000,4001,0,55,1,0,84,NORMAL,0,1,0,1,49,3,0,159,2847,47,84,0,0,2,6
151810,32,bully,5810,1,1,4000,50,3110,400,24880,49,100,146000,4000,0,55,1,0,84,NORMAL,0,1,0,1,46,3,0,157,2822,47,84,0,0,2,6
151906,33,bully,5906,1,1,4000,49,3110,392,24880,49,100,146000,4000,0,55,1,0,84,NORMAL,0,1,0,1,46,2,0,157,2822,47,84,0,0,1,6
151921,1,bully,5968,1,1,75,1,3129,8,25032,48,100,145953,75,3972,55,0,0,84,NORMAL,0,0,1,1,0,0,0,156,2842,47,84,0,0,0,6
160148,70,bully,8180,7,2,4033,129,3233,1032,25864,28,100,150451,5550,4000,41,2,0,87,NORMAL,0,1,1,7,121,1,0,167,2933,46,87,0,17,0,3
160177,49,bully,8196,5,3,4481,74,3225,592,25800,40,100,151246,4667,4088,51,2,0,87,NORMAL,0,1,2,5,68,1,0,163,2929,46,87,0,8,0,5
160180,27,bully,6865,2,2,666,44,3230,352,25840,48,100,153315,666,6020,57,1,0,87,NORMAL,0,0,2,2,42,0,0,166,2930,47,87,0,0,0,6
160028,62,bully,7992,7,4,1101,112,3211,896,25688,31,100,150574,5328,4098,47,1,0,87,NORMAL,0,0,4,7,105,0,0,162,2915,47,87,0,14,0,3
160095,82,bully,7873,7,1,49,151,3192,1208,25536,25,100,150149,5852,4000,37,1,0,88,NORMAL,0,0,1,7,144,0,0,161,2896,47,88,0,21,0,3
160262,15,bully,6650,2,2,534,28,3227,224,25816,48,100,153612,534,5855,57,1,0,88,NORMAL,0,0,2,2,26,0,0,163,2929,47,88,0,0,0,6
160167,72,bully,7814,8,1,144,128,3194,1024,25552,27,100,150383,5618,4000,41,1,0,88,NORMAL,0,0,1,8,120,0,0,161,2898,47,88,0,18,0,3
160505,55,bully,8071,6,4,955,92,3226,736,25808,33,100,151035,4799,4167,48,1,0,88,NORMAL,0,0,4,6,86,0,0,162,2929,47,88,0,14,0,5
160383,44,bully,6585,2,1,3894,57,3216,456,25728,47,100,153768,3924,2309,55,0,0,88,NORMAL,0,0,1,2,55,0,0,163,2918,47,88,0,1,0,6
160367,76,bully,7916,9,3,746,137,3202,1096,25616,25,100,150378,3222,6400,41,1,0,88,NORMAL,0,0,3,9,128,0,0,162,2905,47,88,0,21,0,3
160014,94,bully,8475,5,2,4462,205,3142,1640,25136,14,100,148515,7486,4000,24,2,1,88,NORMAL,0,1,1,5,155,44,1,158,2849,47,88,0,32,43,2
160109,50,bully,7578,6,5,1963,76,3144,608,25152,39,100,151796,2020,6184,54,1,0,88,NORMAL,0,0,5,6,70,0,0,157,2852,47,88,0,9,0,5
160165,59,bully,7628,7,3,908,101,3150,808,25200,31,100,151075,2773,6153,46,1,0,88,NORMAL,0,0,3,7,94,0,0,159,2856,47,88,0,14,0,3
160789,78,bully,8249,10,5,2030,148,3206,1184,25648,25,100,150467,3253,6281,44,1,0,88,NORMAL,0,0,5,10,138,0,0,163,2908,47,88,0,21,0,3
160601,29,bully,6659,2,2,287,47,3221,376,25768,48,100,153942,287,5772,57,1,0,88,NORMAL,0,0,2,2,45,0,0,164,2922,47,88,0,0,0,6
160843,87,bully,4843,10,3,4919,196,3223,1568,25784,19,100,151893,7978,129,36,1,1,88,NORMAL,0,1,2,10,156,29,1,166,2923,46,88,0,26,28,3
160804,46,bully,6768,3,3,450,63,3232,504,25856,47,100,154006,450,5545,58,1,0,88,NORMAL,0,0,3,3,60,0,0,165,2932,47,88,0,1,0,6
160586,61,bully,7898,9,6,2536,109,3196,872,25568,31,100,151226,3290,5485,51,1,0,88,NORMAL,0,0,6,9,100,0,0,160,2901,47,88,0,14,0,3
160676,85,bully,4676,8,1,4000,189,3204,1512,25632,20,100,151893,8107,0,33,1,1,88,NORMAL,0,1,0,8,151,29,1,163,2907,46,88,0,25,28,3
160874,13,bully,6746,2,2,157,24,3243,192,25944,48,100,154128,157,5716,57,1,0,88,NORMAL,0,0,2,2,22,0,0,166,2942,47,88,0,0,0,6
160449,64,bully,7661,7,4,3920,115,3158,920,25264,30,100,151300,6279,2421,46,0,0,88,NORMAL,0,0,4,7,108,0,0,158,2865,47,88,0,15,0,3
161007,63,bully,5007,8,4,5342,144,3233,1152,25864,31,100,153178,6159,664,47,1,1,88,NORMAL,0,1,3,8,110,25,1,166,2933,46,88,0,14,24,3
161077,40,bully,6870,1,1,2139,54,3239,432,25912,48,100,154207,2139,3655,55,0,0,88,NORMAL,0,0,1,1,53,0,0,167,2937,47,88,0,0,0,6
160247,16,bully,6029,2,2,316,29,3118,232,24944,48,100,154218,316,5467,57,1,0,88,NORMAL,0,0,2,2,27,0,0,155,2828,47,88,0,0,0,6
160747,24,bully,6493,1,1,2251,40,3204,320,25632,48,100,154254,2251,3495,55,0,0,88,NORMAL,0,0,1,1,39,0,0,163,2906,47,88,0,0,0,6
160298,99,bully,4298,5,2,8002,262,3103,2096,24824,2,100,148765,11236,0,13,1,4,87,NORMAL,0,2,0,5,155,98,4,155,2815,46,87,0,40,96,0
160340,47,bully,4340,2,1,4001,82,3115,656,24920,43,100,155943,4058,0,49,1,1,87,NORMAL,0,1,0,2,61,18,1,155,2831,42,87,0,1,17,5
160571,93,bully,4571,4,3,7888,237,3156,1896,25248,14,100,150880,8859,262,24,1,3,88,NORMAL,0,1,2,4,155,75,3,160,2863,45,88,0,30,74,2
161198,69,bully,5198,7,1,4001,149,3237,1192,25896,29,100,153123,6878,0,41,1,1,88,NORMAL,0,1,0,7,119,22,1,166,2936,47,88,0,17,21,3
160331,35,bully,6005,2,1,871,50,3111,400,24888,48,100,154326,1675,4000,56,1,0,88,NORMAL,0,0,1,2,48,0,0,156,2820,47,88,0,0,0,6
161009,20,bully,6680,2,2,518,36,3224,288,25792,48,100,154329,518,5153,57,1,0,88,NORMAL,0,0,2,2,34,0,0,164,2925,47,88,0,0,0,6
160991,95,bully,4991,5,2,8001,248,3221,1984,25768,12,100,150509,9491,0,22,1,3,88,NORMAL,0,2,0,5,163,77,3,166,2922,45,88,0,32,75,2
161295,25,bully,6928,2,1,817,42,3244,336,25952,48,100,154367,1634,4000,56,1,0,88,NORMAL,0,0,1,2,40,0,0,167,2942,47,88,0,0,0,6
160818,14,bully,6441,2,1,1522,26,3202,208,25616,48,100,154377,1623,4000,56,1,0,88,NORMAL,0,0,1,2,24,0,0,162,2905,47,88,0,0,0,6
160520,41,bully,6135,1,1,2442,53,3135,424,25080,48,100,154385,2442,3174,55,0,0,88,NORMAL,0,0,1,1,52,0,0,159,2841,47,88,0,0,0,6
160435,96,bully,4435,4,2,8002,247,3121,1976,24968,8,100,149977,10024,0,17,1,3,86,NORMAL,0,2,0,4,155,85,3,157,2833,45,86,0,34,83,0
160543,34,bully,6149,2,2,109,48,3140,384,25120,48,100,154394,109,5498,57,1,0,88,NORMAL,0,0,2,2,46,0,0,158,2847,47,88,0,0,0,6
161158,28,bully,6759,1,1,2370,45,3234,360,25872,48,100,154399,2370,3231,55,0,0,88,NORMAL,0,0,1,1,44,0,0,167,2932,47,88,0,0,0,6
160956,11,bully,6542,2,2,377,20,3221,160,25768,48,100,154414,377,5210,57,1,0,88,NORMAL,0,0,2,2,18,0,0,163,2923,47,88,0,0,0,6
160684,17,bully,6251,2,2,130,31,3160,248,25280,48,100,154433,130,5438,57,1,0,88,NORMAL,0,0,2,2,29,0,0,160,2865,47,88,0,0,0,6
160708,90,bully,4708,4,1,4001,182,3162,1456,25296,16,100,151098,8903,0,24,1,1,88,NORMAL,0,1,0,4,155,22,1,162,2866,46,88,0,29,21,2
160465,3,bully,6023,2,2,65,5,3141,40,25128,48,100,154442,65,5494,57,1,0,88,NORMAL,0,0,2,2,3,0,0,155,2851,47,88,0,0,0,6
160593,9,bully,6139,2,2,341,16,3155,128,25240,48,100,154454,341,5206,57,1,0,88,NORMAL,0,0,2,2,14,0,0,158,2862,47,88,0,0,0,6
161144,60,bully,5144,5,1,4001,125,3230,1000,25840,32,100,153178,6823,0,42,1,1,87,NORMAL,0,1,0,5,99,20,1,164,2932,47,87,0,14,19,3
160856,98,bully,4856,5,2,8002,266,3195,2128,25560,3,100,148807,11194,0,14,1,4,88,NORMAL,0,2,0,5,162,95,4,164,2896,47,88,0,40,93,0
161289,91,bully,5289,4,1,4001,188,3234,1504,25872,16,100,151098,8903,0,24,1,1,87,NORMAL,0,1,0,4,161,22,1,168,2932,47,87,0,30,21,2
160737,26,bully,6257,1,1,2984,41,3163,328,25304,48,100,154480,2984,2536,55,0,0,88,NORMAL,0,0,1,1,40,0,0,161,2867,47,88,0,0,0,6
160722,58,bully,4722,8,7,5923,120,3154,960,25232,32,100,153178,6099,723,51,1,1,87,NORMAL,0,1,6,8,91,20,1,159,2861,47,87,0,14,19,3
160994,52,bully,4994,4,1,4000,106,3191,848,25528,36,100,153654,6346,0,44,1,1,88,NORMAL,0,1,0,4,81,20,1,162,2895,46,88,0,11,19,4
160704,5,bully,6155,2,2,512,9,3165,72,25320,48,100,154549,512,4940,57,1,0,88,NORMAL,0,0,2,2,7,0,0,158,2872,47,88,0,0,0,6
160885,45,bully,4885,2,1,4001,70,3186,560,25488,48,100,155970,4031,0,55,1,0,88,NORMAL,0,1,0,2,56,12,0,160,2891,47,88,0,1,11,6
161331,21,bully,6762,1,1,1497,37,3233,296,25864,48,100,154569,1497,3934,55,0,0,88,NORMAL,0,0,1,1,36,0,0,167,2931,47,88,0,0,0,6
160873,23,bully,6263,1,1,3129,38,3166,304,25328,48,100,154610,3129,2261,55,0,0,88,NORMAL,0,0,1,1,37,0,0,161,2870,47,88,0,0,0,6
160652,81,bully,4652,7,1,4000,166,3105,1328,24840,26,100,152567,7433,0,37,1,1,88,NORMAL,0,1,0,7,138,20,1,156,2814,47,88,0,21,19,3
161482,74,bully,5485,7,1,4003,155,3227,1240,25816,26,100,152581,7419,0,37,1,1,88,NORMAL,0,1,0,7,128,19,1,166,2929,44,88,0,18,18,3
160941,43,bully,4941,1,1,4001,67,3157,536,25256,48,100,156000,4001,0,54,1,0,88,NORMAL,0,1,0,1,54,12,0,162,2861,46,88,0,0,11,6
161176,6,bully,6432,2,2,794,11,3215,88,25720,48,100,154744,794,4463,57,1,0,88,NORMAL,0,0,2,2,9,0,0,162,2918,47,88,0,0,0,6
161454,73,bully,5454,8,1,4001,153,3221,1224,25768,28,100,152670,7331,0,41,1,1,88,NORMAL,0,1,0,8,125,19,1,165,2921,47,88,0,18,18,3
161635,39,bully,6876,1,1,3278,53,3233,424,25864,48,100,154759,3278,1964,55,0,0,88,NORMAL,0,0,1,1,52,0,0,167,2931,47,88,0,0,0,6
160906,84,bully,4906,7,1,4001,174,3130,1392,25040,21,100,152429,7572,0,33,1,1,88,NORMAL,0,1,0,7,146,20,1,160,2838,44,88,0,22,19,3
161084,89,bully,5084,6,1,4000,178,3159,1424,25272,18,100,151439,8561,0,28,1,1,88,NORMAL,0,1,0,6,153,18,1,160,2864,47,88,0,29,17,3
161401,86,bully,5401,8,1,4000,180,3207,1440,25656,20,100,151893,8107,0,33,1,1,88,NORMAL,0,1,0,8,153,18,1,165,2907,47,88,0,26,17,3
161567,19,bully,6722,1,1,1563,34,3236,272,25888,48,100,154845,1563,3592,55,0,0,88,NORMAL,0,0,1,1,33,0,0,166,2935,47,88,0,0,0,6
161688,48,bully,5688,4,2,5054,84,3234,672,25872,41,100,154454,5240,306,50,1,1,87,NORMAL,0,1,1,4,65,14,1,165,2937,45,87,0,6,13,5
161685,10,bully,6814,2,2,204,18,3249,144,25992,48,100,154871,204,4925,57,1,0,88,NORMAL,0,0,2,2,16,0,0,166,2948,47,88,0,0,0,6
161430,22,bully,6546,1,1,2812,38,3213,304,25704,48,100,154884,2812,2304,55,0,0,88,NORMAL,0,0,1,1,37,0,0,164,2914,47,88,0,0,0,6
160926,75,bully,4926,7,1,4001,145,3117,1160,24936,26,100,152567,7434,0,37,1,1,88,NORMAL,0,1,0,7,121,16,1,156,2826,47,88,0,21,15,3
161837,56,bully,5837,5,1,4000,112,3235,896,25880,32,100,153178,6822,0,42,1,1,88,NORMAL,0,1,0,5,91,15,1,167,2933,47,88,0,14,14,3
161347,18,bully,6426,1,1,1601,33,3195,264,25560,48,100,154921,1601,3478,55,0,0,88,NORMAL,0,0,1,1,32,0,0,163,2897,47,88,0,0,0,6
161674,80,bully,5674,7,1,4001,168,3221,1344,25768,26,100,152567,7434,0,37,1,1,88,NORMAL,0,1,0,7,144,16,1,165,2921,47,88,0,21,15,3
161272,38,bully,5272,1,1,4000,60,3184,480,25472,49,100,156000,4000,0,55,1,0,88,NORMAL,0,1,0,1,50,9,0,162,2887,47,88,0,0,8,6
161365,2,bully,6399,2,2,318,3,3218,24,25744,48,100,154966,318,4717,57,1,0,88,NORMAL,0,0,2,2,1,0,0,162,2921,47,88,0,0,0,6
161264,67,bully,5266,7,1,4002,137,3165,1096,25320,29,100,153121,6879,0,41,1,1,88,NORMAL,0,1,0,7,114,15,1,162,2868,47,88,0,17,14,3
161128,92,bully,5128,4,1,4000,174,3129,1392,25032,16,100,151098,8902,0,24,1,1,88,NORMAL,0,1,0,4,153,16,1,160,2834,47,88,0,30,15,2
161280,57,bully,5280,5,3,5444,107,3144,856,25152,32,100,153178,6667,156,44,1,1,87,NORMAL,0,1,2,5,89,12,1,160,2850,47,87,0,14,11,3
161498,42,bully,5498,1,1,4000,62,3197,496,25576,49,100,156000,4000,0,55,1,0,88,NORMAL,0,1,0,1,54,7,0,163,2899,47,88,0,0,6,6
161840,12,bully,6746,2,2,796,22,3245,176,25960,48,100,155094,796,4110,57,1,0,88,NORMAL,0,0,2,2,20,0,0,166,2944,47,88,0,0,0,6
161590,31,bully,6480,1,1,2432,47,3201,376,25608,48,100,155110,2432,2459,55,0,0,88,NORMAL,0,0,1,1,46,0,0,163,2903,47,88,0,0,0,6
161552,51,bully,5552,6,4,4930,95,3180,760,25440,38,100,153786,5390,824,51,1,1,87,NORMAL,0,1,3,6,76,12,1,159,2889,45,87,0,9,11,5
161636,8,bully,6488,2,1,607,14,3218,112,25744,48,100,155148,852,4000,56,1,0,88,NORMAL,0,0,1,2,12,0,0,162,2921,47,88,0,0,0,6
161823,88,bully,5823,6,1,4001,176,3211,1408,25688,18,100,151439,8562,0,28,1,1,87,NORMAL,0,1,0,6,155,14,1,164,2915,45,87,0,27,13,3
161534,37,bully,6344,1,1,2238,50,3181,400,25448,48,100,155190,2238,2573,55,0,0,88,NORMAL,0,0,1,1,49,0,0,161,2885,47,88,0,0,0,6
161538,83,bully,5538,7,1,4001,167,3159,1336,25272,25,100,152567,7434,0,36,1,1,88,NORMAL,0,1,0,7,145,14,1,159,2866,46,88,0,21,13,3
161785,4,bully,6473,2,1,431,7,3224,56,25792,48,100,155312,688,4000,56,1,0,88,NORMAL,0,0,1,2,5,0,0,162,2927,47,88,0,0,0,6
161648,7,bully,6333,1,1,822,12,3196,96,25568,48,100,155315,822,3863,55,0,0,88,NORMAL,0,0,1,1,11,0,0,161,2900,47,88,0,0,0,6
161367,54,bully,5370,4,1,4004,97,3093,776,24744,32,100,153414,6587,0,41,1,1,87,NORMAL,0,1,0,4,82,10,1,156,2805,45,87,0,12,9,3
161334,66,bully,5334,6,1,4000,128,3105,1024,24840,29,100,153127,6873,0,40,1,1,88,NORMAL,0,1,0,6,110,11,1,156,2815,46,88,0,16,10,3
161620,71,bully,5620,8,2,4019,136,3160,1088,25280,28,100,152670,6896,435,42,1,0,88,NORMAL,0,1,1,8,117,11,0,160,2865,47,88,0,18,10,3
161959,79,bully,5959,7,1,4001,158,3201,1264,25608,26,100,152567,7434,0,37,1,0,88,NORMAL,0,1,0,7,140,11,0,164,2902,47,88,0,21,10,3
161741,100,bully,5740,3,3,12002,336,3101,2688,24808,1,100,147999,12002,0,6,1,78,13,LEADER,1,3,0,3,162,93,78,162,2885,41,13,0,41,90,0
161756,68,bully,5756,7,1,4001,131,3174,1048,25392,29,100,153123,6878,0,41,1,0,89,NORMAL,0,1,0,7,114,10,0,161,2877,47,89,0,17,9,3
161861,77,bully,5861,7,2,4067,147,3183,1176,25464,26,100,152567,7047,386,38,1,0,89,NORMAL,0,1,1,7,130,10,0,160,2887,47,89,0,21,9,3
161876,97,bully,5876,4,2,8001,250,3180,2000,25440,3,100,149147,10853,0,13,1,3,88,NORMAL,0,2,0,4,160,83,3,162,2887,43,88,0,36,81,0
161701,30,bully,5701,1,1,4000,49,3150,392,25200,49,100,156000,4000,0,55,1,0,89,NORMAL,0,1,0,1,45,3,0,160,2854,47,89,0,0,2,6
161892,65,bully,5892,6,1,4001,127,3173,1016,25384,30,100,153127,6874,0,41,1,0,89,NORMAL,0,1,0,6,112,9,0,161,2877,46,89,0,15,8,3
161974,53,bully,5974,5,1,4001,96,3186,768,25488,36,100,153536,6465,0,45,1,0,89,NORMAL,0,1,0,5,83,8,0,162,2888,47,89,0,12,7,4
161771,36,bully,5771,1,1,4001,53,3142,424,25136,49,100,156000,4001,0,55,1,0,89,NORMAL,0,1,0,1,49,3,0,159,2847,47,89,0,0,2,6
161810,32,bully,5810,1,1,4000,50,3115,400,24920,49,100,156000,4000,0,55,1,0,89,NORMAL,0,1,0,1,46,3,0,157,2822,47,89,0,0,2,6
161906,33,bully,5906,1,1,4000,49,3115,392,24920,49,100,156000,4000,0,55,1,0,89,NORMAL,0,1,0,1,46,2,0,157,2822,47,89,0,0,1,6
161921,1,bully,5968,1,1,75,1,3134,8,25072,48,100,155953,75,3972,55,0,0,89,NORMAL,0,0,1,1,0,0,0,156,2842,47,89,0,0,0,6
170148,70,bully,8180,7,2,4033,129,3238,1032,25904,28,100,160451,5550,4000,41,2,0,92,NORMAL,0,1,1,7,121,1,0,167,2933,46,92,0,17,0,3
170177,49,bully,8196,5,3,4481,74,3230,592,25840,40,100,161246,4667,4088,51,2,0,92,NORMAL,0,1,2,5,68,1,0,163,2929,46,92,0,8,0,5
170180,27,bully,6865,2,2,666,44,3235,352,25880,48,100,163315,666,6020,57,1,0,92,NORMAL,0,0,2,2,42,0,0,166,2930,47,92,0,0,0,6
170028,62,bully,7992,7,4,1101,112,3216,896,25728,31,100,160574,5328,4098,47,1,0,92,NORMAL,0,0,4,7,105,0,0,162,2915,47,92,0,14,0,3
170095,82,bully,7873,7,1,49,151,3197,1208,25576,25,100,160149,5852,4000,37,1,0,93,NORMAL,0,0,1,7,144,0,0,161,2896,47,93,0,21,0,3
170262,15,bully,6650,2,2,534,28,3232,224,25856,48,100,163612,534,5855,57,1,0,93,NORMAL,0,0,2,2,26,0,0,163,2929,47,93,0,0,0,6
170167,72,bully,7814,8,1,144,128,3199,1024,25592,27,100,160383,5618,4000,41,1,0,93,NORMAL,0,0,1,8,120,0,0,161,2898,47,93,0,18,0,3
170505,55,bully,8071,6,4,955,92,3231,736,25848,33,100,161035,4799,4167,48,1,0,93,NORMAL,0,0,4,6,86,0,0,162,2929,47,93,0,14,0,5
170383,44,bully,6585,2,1,3894,57,3221,456,25768,47,100,163768,3924,2309,55,0,0,93,NORMAL,0,0,1,2,55,0,0,163,2918,47,93,0,1,0,6
170367,76,bully,7916,9,3,746,137,3207,1096,25656,25,100,160378,3222,6400,41,1,0,93,NORMAL,0,0,3,9,128,0,0,162,2905,47,93,0,21,0,3
170014,94,bully,8475,5,2,4462,205,3147,1640,25176,14,100,158515,7486,4000,24,2,1,93,NORMAL,0,1,1,5,155,44,1,158,2849,47,93,0,32,43,2
170109,50,bully,7578,6,5,1963,76,3149,608,25192,39,100,161796,2020,6184,54,1,0,93,NORMAL,0,0,5,6,70,0,0,157,2852,47,93,0,9,0,5
170165,59,bully,7628,7,3,908,101,3155,808,25240,31,100,161075,2773,6153,46,1,0,93,NORMAL,0,0,3,7,94,0,0,159,2856,47,93,0,14,0,3
170789,78,bully,8249,10,5,2030,148,3211,1184,25688,25,100,160467,3253,6281,44,1,0,93,NORMAL,0,0,5,10,138,0,0,163,2908,47,93,0,21,0,3
170601,29,bully,6659,2,2,287,47,3226,376,25808,48,100,163942,287,5772,57,1,0,93,NORMAL,0,0,2,2,45,0,0,164,2922,47,93,0,0,0,6
170843,87,bully,4843,10,3,4919,196,3228,1568,25824,19,100,161893,7978,129,36,1,1,93,NORMAL,0,1,2,10,156,29,1,166,2923,46,93,0,26,28,3
170804,46,bully,6768,3,3,450,63,3237,504,25896,47,100,164006,450,5545,58,1,0,93,NORMAL,0,0,3,3,60,0,0,165,2932,47,93,0,1,0,6
170586,61,bully,7898,9,6,2536,109,3201,872,25608,31,100,161226,3290,5485,51,1,0,93,NORMAL,0,0,6,9,100,0,0,160,2901,47,93,0,14,0,3
170676,85,bully,4676,8,1,4000,189,3209,1512,25672,20,100,161893,8107,0,33,1,1,93,NORMAL,0,1,0,8,151,29,1,163,2907,46,93,0,25,28,3
170874,13,bully,6746,2,2,157,24,3248,192,25984,48,100,164128,157,5716,57,1,0,93,NORMAL,0,0,2,2,22,0,0,166,2942,47,93,0,0,0,6
170449,64,bully,7661,7,4,3920,115,3163,920,25304,30,100,161300,6279,2421,46,0,0,93,NORMAL,0,0,4,7,108,0,0,158,2865,47,93,0,15,0,3
171007,63,bully,5007,8,4,5342,144,3238,1152,25904,31,100,163178,6159,664,47,1,1,93,NORMAL,0,1,3,8,110,25,1,166,2933,46,93,0,14,24,3
171077,40,bully,6870,1,1,2139,54,3244,432,25952,48,100,164207,2139,3655,55,0,0,93,NORMAL,0,0,1,1,53,0,0,167,2937,47,93,0,0,0,6
170247,16,bully,6029,2,2,316,29,3123,232,24984,48,100,164218,316,5467,57,1,0,93,NORMAL,0,0,2,2,27,0,0,155,2828,47,93,0,0,0,6
170747,24,bully,6493,1,1,2251,40,3209,320,25672,48,100,164254,2251,3495,55,0,0,93,NORMAL,0,0,1,1,39,0,0,163,2906,47,93,0,0,0,6
170298,99,bully,4298,5,2,8002,262,3108,2096,24864,2,100,158765,11236,0,13,1,4,92,NORMAL,0,2,0,5,155,98,4,155,2815,46,92,0,40,96,0
170340,47,bully,4340,2,1,4001,82,3120,656,24960,43,100,165943,4058,0,49,1,1,92,NORMAL,0,1,0,2,61,18,1,155,2831,42,92,0,1,17,5
170571,93,bully,4571,4,3,7888,237,3161,1896,25288,14,100,160880,8859,262,24,1,3,93,NORMAL,0,1,2,4,155,75,3,160,2863,45,93,0,30,74,2
171198,69,bully,5198,7,1,4001,149,3242,1192,25936,29,100,163123,6878,0,41,1,1,93,NORMAL,0,1,0,7,119,22,1,166,2936,47,93,0,17,21,3
170331,35,bully,6005,2,1,871,50,3116,400,24928,48,100,164326,1675,4000,56,1,0,93,NORMAL,0,0,1,2,48,0,0,156,2820,47,93,0,0,0,6
171009,20,bully,6680,2,2,518,36,3229,288,25832,48,100,164329,518,5153,57,1,0,93,NORMAL,0,0,2,2,34,0,0,164,2925,47,93,0,0,0,6
170991,95,bully,4991,5,2,8001,248,3226,1984,25808,12,100,160509,9491,0,22,1,3,93,NORMAL,0,2,0,5,163,77,3,166,2922,45,93,0,32,75,2
171295,25,bully,6928,2,1,817,42,3249,336,25992,48,100,164367,1634,4000,56,1,0,93,NORMAL,0,0,1,2,40,0,0,167,2942,47,93,0,0,0,6
170818,14,bully,6441,2,1,1522,26,3207,208,25656,48,100,164377,1623,4000,56,1,0,93,NORMAL,0,0,1,2,24,0,0,162,2905,47,93,0,0,0,6
170520,41,bully,6135,1,1,2442,53,3140,424,25120,48,100,164385,2442,3174,55,0,0,93,NORMAL,0,0,1,1,52,0,0,159,2841,47,93,0,0,0,6
170435,96,bully,4435,4,2,8002,247,3126,1976,25008,8,100,159977,10024,0,17,1,3,91,NORMAL,0,2,0,4,155,85,3,157,2833,45,91,0,34,83,0
170543,34,bully,6149,2,2,109,48,3145,384,25160,48,100,164394,109,5498,57,1,0,93,NORMAL,0,0,2,2,46,0,0,158,2847,47,93,0,0,0,6
171158,28,bully,6759,1,1,2370,45,3239,360,25912,48,100,164399,2370,3231,55,0,0,93,NORMAL,0,0,1,1,44,0,0,167,2932,47,93,0,0,0,6
170956,11,bully,6542,2,2,377,20,3226,160,25808,48,100,164414,377,5210,57,1,0,93,NORMAL,0,0,2,2,18,0,0,163,2923,47,93,0,0,0,6
170684,17,bully,6251,2,2,130,31,3165,248,25320,48,100,164433,130,5438,57,1,0,93,NORMAL,0,0,2,2,29,0,0,160,2865,47,93,0,0,0,6
170708,90,bully,4708,4,1,4001,182,3167,1456,25336,16,100,161098,8903,0,24,1,1,93,NORMAL,0,1,0,4,155,22,1,162,2866,46,93,0,29,21,2
170465,3,bully,6023,2,2,65,5,3146,40,25168,48,100,164442,65,5494,57,1,0,93,NORMAL,0,0,2,2,3,0,0,155,2851,47,93,0,0,0,6
170593,9,bully,6139,2,2,341,16,3160,128,25280,48,100,164454,341,5206,57,1,0,93,NORMAL,0,0,2,2,14,0,0,158,2862,47,93,0,0,0,6
171144,60,bully,5144,5,1,4001,125,3235,1000,25880,32,100,163178,6823,0,42,1,1,92,NORMAL,0,1,0,5,99,20,1,164,2932,47,92,0,14,19,3
170856,98,bully,4856,5,2,8002,266,3200,2128,25600,3,100,158807,11194,0,14,1,4,93,NORMAL,0,2,0,5,162,95,4,164,2896,47,93,0,40,93,0
171289,91,bully,5289,4,1,4001,188,3239,1504,25912,16,100,161098,8903,0,24,1,1,92,NORMAL,0,1,0,4,161,22,1,168,2932,47,92,0,30,21,2
170737,26,bully,6257,1,1,2984,41,3168,328,25344,48,100,164480,2984,2536,55,0,0,93,NORMAL,0,0,1,1,40,0,0,161,2867,47,93,0,0,0,6
170722,58,bully,4722,8,7,5923,120,3159,960,25272,32,100,163178,6099,723,51,1,1,92,NORMAL,0,1,6,8,91,20,1,159,2861,47,92,0,14,19,3
170994,52,bully,4994,4,1,4000,106,3196,848,25568,36,100,163654,6346,0,44,1,1,93,NORMAL,0,1,0,4,81,20,1,162,2895,46,93,0,11,19,4
170704,5,bully,6155,2,2,512,9,3170,72,25360,48,100,164549,512,4940,57,1,0,93,NORMAL,0,0,2,2,7,0,0,158,2872,47,93,0,0,0,6
170885,45,bully,4885,2,1,4001,70,3191,560,25528,48,100,165970,4031,0,55,1,0,93,NORMAL,0,1,0,2,56,12,0,160,2891,47,93,0,1,11,6
171331,21,bully,6762,1,1,1497,37,3238,296,25904,48,100,164569,1497,3934,55,0,0,93,NORMAL,0,0,1,1,36,0,0,167,2931,47,93,0,0,0,6
170873,23,bully,6263,1,1,3129,38,3171,304,25368,48,100,164610,3129,2261,55,0,0,93,NORMAL,0,0,1,1,37,0,0,161,2870,47,93,0,0,0,6
170652,81,bully,4652,7,1,4000,166,3110,1328,24880,26,100,162567,7433,0,37,1,1,93,NORMAL,0,1,0,7,138,20,1,156,2814,47,93,0,21,19,3
171482,74,bully,5485,7,1,4003,155,3232,1240,25856,26,100,162581,7419,0,37,1,1,93,NORMAL,0,1,0,7,128,19,1,166,2929,44,93,0,18,18,3
170941,43,bully,4941,1,1,4001,67,3162,536,25296,48,100,166000,4001,0,54,1,0,93,NORMAL,0,1,0,1,54,12,0,162,2861,46,93,0,0,11,6
171176,6,bully,6432,2,2,794,11,3220,88,25760,48,100,164744,794,4463,57,1,0,93,NORMAL,0,0,2,2,9,0,0,162,2918,47,93,0,0,0,6
171454,73,bully,5454,8,1,4001,153,3226,1224,25808,28,100,162670,7331,0,41,1,1,93,NORMAL,0,1,0,8,125,19,1,165,2921,47,93,0,18,18,3
171635,39,bully,6876,1,1,3278,53,3238,424,25904,48,100,164759,3278,1964,55,0,0,93,NORMAL,0,0,1,1,52,0,0,167,2931,47,93,0,0,0,6
170906,84,bully,4906,7,1,4001,174,3135,1392,25080,21,100,162429,7572,0,33,1,1,93,NORMAL,0,1,0,7,146,20,1,160,2838,44,93,0,22,19,3
171084,89,bully,5084,6,1,4000,178,3164,1424,25312,18,100,161439,8561,0,28,1,1,93,NORMAL,0,1,0,6,153,18,1,160,2864,47,93,0,29,17,3
171401,86,bully,5401,8,1,4000,180,3212,1440,25696,20,100,161893,8107,0,33,1,1,93,NORMAL,0,1,0,8,153,18,1,165,2907,47,93,0,26,17,3
171567,19,bully,6722,1,1,1563,34,3241,272,25928,48,100,164845,1563,3592,55,0,0,93,NORMAL,0,0,1,1,33,0,0,166,2935,47,93,0,0,0,6
171688,48,bully,5688,4,2,5054,84,3239,672,25912,41,100,164454,5240,306,50,1,1,92,NORMAL,0,1,1,4,65,14,1,165,2937,45,92,0,6,13,5
171685,10,bully,6814,2,2,204,18,3254,144,26032,48,100,164871,204,4925,57,1,0,93,NORMAL,0,0,2,2,16,0,0,166,2948,47,93,0,0,0,6
171430,22,bully,6546,1,1,2812,38,3218,304,25744,48,100,164884,2812,2304,55,0,0,93,NORMAL,0,0,1,1,37,0,0,164,2914,47,93,0,0,0,6
170926,75,bully,4926,7,1,4001,145,3122,1160,24976,26,100,162567,7434,0,37,1,1,93,NORMAL,0,1,0,7,121,16,1,156,2826,47,93,0,21,15,3
171837,56,bully,5837,5,1,4000,112,3240,896,25920,32,100,163178,6822,0,42,1,1,93,NORMAL,0,1,0,5,91,15,1,167,2933,47,93,0,14,14,3
171347,18,bully,6426,1,1,1601,33,3200,264,25600,48,100,164921,1601,3478,55,0,0,93,NORMAL,0,0,1,1,32,0,0,163,2897,47,93,0,0,0,6
171674,80,bully,5674,7,1,4001,168,3226,1344,25808,26,100,162567,7434,0,37,1,1,93,NORMAL,0,1,0,7,144,16,1,165,2921,47,93,0,21,15,3
171272,38,bully,5272,1,1,4000,60,3189,480,25512,49,100,166000,4000,0,55,1,0,93,NORMAL,0,1,0,1,50,9,0,162,2887,47,93,0,0,8,6
171365,2,bully,6399,2,2,318,3,3223,24,25784,48,100,164966,318,4717,57,1,0,93,NORMAL,0,0,2,2,1,0,0,162,2921,47,93,0,0,0,6
171264,67,bully,5266,7,1,4002,137,3170,1096,25360,29,100,163121,6879,0,41,1,1,93,NORMAL,0,1,0,7,114,15,1,162,2868,47,93,0,17,14,3
171128,92,bully,5128,4,1,4000,174,3134,1392,25072,16,100,161098,8902,0,24,1,1,93,NORMAL,0,1,0,4,153,16,1,160,2834,47,93,0,30,15,2
171280,57,bully,5280,5,3,5444,107,3149,856,25192,32,100,163178,6667,156,44,1,1,92,NORMAL,0,1,2,5,89,12,1,160,2850,47,92,0,14,11,3
171498,42,bully,5498,1,1,4000,62,3202,496,25616,49,100,166000,4000,0,55,1,0,93,NORMAL,0,1,0,1,54,7,0,163,2899,47,93,0,0,6,6
171840,12,bully,6746,2,2,796,22,3250,176,26000,48,100,165094,796,4110,57,1,0,93,NORMAL,0,0,2,2,20,0,0,166,2944,47,93,0,0,0,6
171590,31,bully,6480,1,1,2432,47,3206,376,25648,48,100,165110,2432,2459,55,0,0,93,NORMAL,0,0,1,1,46,0,0,163,2903,47,93,0,0,0,6
171552,51,bully,5552,6,4,4930,95,3185,760,25480,38,100,163786,5390,824,51,1,1,92,NORMAL,0,1,3,6,76,12,1,159,2889,45,92,0,9,11,5
171636,8,bully,6488,2,1,607,14,3223,112,25784,48,100,165148,852,4000,56,1,0,93,NORMAL,0,0,1,2,12,0,0,162,2921,47,93,0,0,0,6
171823,88,bully,5823,6,1,4001,176,3216,1408,25728,18,100,161439,8562,0,28,1,1,92,NORMAL,0,1,0,6,155,14,1,164,2915,45,92,0,27,13,3
171538,83,bully,5538,7,1,4001,167,3164,1336,25312,25,100,162567,7434,0,36,1,1,93,NORMAL,0,1,0,7,145,14,1,159,2866,46,93,0,21,13,3
171534,37,bully,6344,1,1,2238,50,3186,400,25488,48,100,165190,2238,2573,55,0,0,93,NORMAL,0,0,1,1,49,0,0,161,2885,47,93,0,0,0,6
171785,4,bully,6473,2,1,431,7,3229,56,25832,48,100,165312,688,4000,56,1,0,93,NORMAL,0,0,1,2,5,0,0,162,2927,47,93,0,0,0,6
171648,7,bully,6333,1,1,822,12,3201,96,25608,48,100,165315,822,3863,55,0,0,93,NORMAL,0,0,1,1,11,0,0,161,2900,47,93,0,0,0,6
171367,54,bully,5370,4,1,4004,97,3098,776,24784,32,100,163414,6587,0,41,1,1,92,NORMAL,0,1,0,4,82,10,1,156,2805,45,92,0,12,9,3
171334,66,bully,5334,6,1,4000,128,3110,1024,24880,29,100,163127,6873,0,40,1,1,93,NORMAL,0,1,0,6,110,11,1,156,2815,46,93,0,16,10,3
171620,71,bully,5620,8,2,4019,136,3165,1088,25320,28,100,162670,6896,435,42,1,0,93,NORMAL,0,1,1,8,117,11,0,160,2865,47,93,0,18,10,3
171959,79,bully,5959,7,1,4001,158,3206,1264,25648,26,100,162567,7434,0,37,1,0,93,NORMAL,0,1,0,7,140,11,0,164,2902,47,93,0,21,10,3
171741,100,bully,5740,3,3,12002,341,3101,2728,24808,1,100,157999,12002,0,6,1,83,13,LEADER,1,3,0,3,162,93,83,162,2885,41,13,0,41,90,0
171756,68,bully,5756,7,1,4001,131,3179,1048,25432,29,100,163123,6878,0,41,1,0,94,NORMAL,0,1,0,7,114,10,0,161,2877,47,94,0,17,9,3
171861,77,bully,5861,7,2,4067,147,3188,1176,25504,26,100,162567,7047,386,38,1,0,94,NORMAL,0,1,1,7,130,10,0,160,2887,47,94,0,21,9,3
171876,97,bully,5876,4,2,8001,250,3185,2000,25480,3,100,159147,10853,0,13,1,3,93,NORMAL,0,2,0,4,160,83,3,162,2887,43,93,0,36,81,0
171701,30,bully,5701,1,1,4000,49,3155,392,25240,49,100,166000,4000,0,55,1,0,94,NORMAL,0,1,0,1,45,3,0,160,2854,47,94,0,0,2,6
171892,65,bully,5892,6,1,4001,127,3178,1016,25424,30,100,163127,6874,0,41,1,0,94,NORMAL,0,1,0,6,112,9,0,161,2877,46,94,0,15,8,3
171974,53,bully,5974,5,1,4001,96,3191,768,25528,36,100,163536,6465,0,45,1,0,94,NORMAL,0,1,0,5,83,8,0,162,2888,47,94,0,12,7,4
171771,36,bully,5771,1,1,4001,53,3147,424,25176,49,100,166000,4001,0,55,1,0,94,NORMAL,0,1,0,1,49,3,0,159,2847,47,94,0,0,2,6
171810,32,bully,5810,1,1,4000,50,3120,400,24960,49,100,166000,4000,0,55,1,0,94,NORMAL,0,1,0,1,46,3,0,157,2822,47,94,0,0,2,6
171906,33,bully,5906,1,1,4000,49,3120,392,24960,49,100,166000,4000,0,55,1,0,94,NORMAL,0,1,0,1,46,2,0,157,2822,47,94,0,0,1,6
171921,1,bully,5968,1,1,75,1,3139,8,25112,48,100,165953,75,3972,55,0,0,94,NORMAL,0,0,1,1,0,0,0,156,2842,47,94,0,0,0,6
180148,70,bully,8180,7,2,4033,129,3243,1032,25944,28,100,170451,5550,4000,41,2,0,97,NORMAL,0,1,1,7,121,1,0,167,2933,46,97,0,17,0,3
180177,49,bully,8196,5,3,4481,74,3235,592,25880,40,100,171246,4667,4088,51,2,0,97,NORMAL,0,1,2,5,68,1,0,163,2929,46,97,0,8,0,5
180180,27,bully,6865,2,2,666,44,3240,352,25920,48,100,173315,666,6020,57,1,0,97,NORMAL,0,0,2,2,42,0,0,166,2930,47,97,0,0,0,6
180028,62,bully,7992,7,4,1101,112,3221,896,25768,31,100,170574,5328,4098,47,1,0,97,NORMAL,0,0,4,7,105,0,0,162,2915,47,97,0,14,0,3
180095,82,bully,7873,7,1,49,151,3202,1208,25616,25,100,170149,5852,4000,37,1,0,98,NORMAL,0,0,1,7,144,0,0,161,2896,47,98,0,21,0,3
180262,15,bully,6650,2,2,534,28,3237,224,25896,48,100,173612,534,5855,57,1,0,98,NORMAL,0,0,2,2,26,0,0,163,2929,47,98,0,0,0,6
180167,72,bully,7814,8,1,144,128,3204,1024,25632,27,100,170383,5618,4000,41,1,0,98,NORMAL,0,0,1,8,120,0,0,161,2898,47,98,0,18,0,3
180505,55,bully,8071,6,4,955,92,3236,736,25888,33,100,171035,4799,4167,48,1,0,98,NORMAL,0,0,4,6,86,0,0,162,2929,47,98,0,14,0,5
180383,44,bully,6585,2,1,3894,57,3226,456,25808,47,100,173768,3924,2309,55,0,0,98,NORMAL,0,0,1,2,55,0,0,163,2918,47,98,0,1,0,6
180367,76,bully,7916,9,3,746,137,3212,1096,25696,25,100,170378,3222,6400,41,1,0,98,NORMAL,0,0,3,9,128,0,0,162,2905,47,98,0,21,0,3
180014,94,bully,8475,5,2,4462,205,3152,1640,25216,14,100,168515,7486,4000,24,2,1,98,NORMAL,0,1,1,5,155,44,1,158,2849,47,98,0,32,43,2
180109,50,bully,7578,6,5,1963,76,3154,608,25232,39,100,171796,2020,6184,54,1,0,98,NORMAL,0,0,5,6,70,0,0,157,2852,47,98,0,9,0,5
180165,59,bully,7628,7,3,908,101,3160,808,25280,31,100,171075,2773,6153,46,1,0,98,NORMAL,0,0,3,7,94,0,0,159,2856,47,98,0,14,0,3
180789,78,bully,8249,10,5,2030,148,3216,1184,25728,25,100,170467,3253,6281,44,1,0,98,NORMAL,0,0,5,10,138,0,0,163,2908,47,98,0,21,0,3
180601,29,bully,6659,2,2,287,47,3231,376,25848,48,100,173942,287,5772,57,1,0,98,NORMAL,0,0,2,2,45,0,0,164,2922,47,98,0,0,0,6
180843,87,bully,4843,10,3,4919,196,3233,1568,25864,19,100,171893,7978,129,36,1,1,98,NORMAL,0,1,2,10,156,29,1,166,2923,46,98,0,26,28,3
180804,46,bully,6768,3,3,450,63,3242,504,25936,47,100,174006,450,5545,58,1,0,98,NORMAL,0,0,3,3,60,0,0,165,2932,47,98,0,1,0,6
180586,61,bully,7898,9,6,2536,109,3206,872,25648,31,100,171226,3290,5485,51,1,0,98,NORMAL,0,0,6,9,100,0,0,160,2901,47,98,0,14,0,3
180676,85,bully,4676,8,1,4000,189,3214,1512,25712,20,100,171893,8107,0,33,1,1,98,NORMAL,0,1,0,8,151,29,1,163,2907,46,98,0,25,28,3
180874,13,bully,6746,2,2,157,24,3253,192,26024,48,100,174128,157,5716,57,1,0,98,NORMAL,0,0,2,2,22,0,0,166,2942,47,98,0,0,0,6
180449,64,bully,7661,7,4,3920,115,3168,920,25344,30,100,171300,6279,2421,46,0,0,98,NORMAL,0,0,4,7,108,0,0,158,2865,47,98,0,15,0,3
181007,63,bully,5007,8,4,5342,144,3243,1152,25944,31,100,173178,6159,664,47,1,1,98,NORMAL,0,1,3,8,110,25,1,166,2933,46,98,0,14,24,3
181077,40,bully,6870,1,1,2139,54,3249,432,25992,48,100,174207,2139,3655,55,0,0,98,NORMAL,0,0,1,1,53,0,0,167,2937,47,98,0,0,0,6
180247,16,bully,6029,2,2,316,29,3128,232,25024,48,100,174218,316,5467,57,1,0,98,NORMAL,0,0,2,2,27,0,0,155,2828,47,98,0,0,0,6
180747,24,bully,6493,1,1,2251,40,3214,320,25712,48,100,174254,2251,3495,55,0,0,98,NORMAL,0,0,1,1,39,0,0,163,2906,47,98,0,0,0,6
180298,99,bully,4298,5,2,8002,262,3113,2096,24904,2,100,168765,11236,0,13,1,4,97,NORMAL,0,2,0,5,155,98,4,155,2815,46,97,0,40,96,0
180340,47,bully,4340,2,1,4001,82,3125,656,25000,43,100,175943,4058,0,49,1,1,97,NORMAL,0,1,0,2,61,18,1,155,2831,42,97,0,1,17,5
180571,93,bully,4571,4,3,7888,237,3166,1896,25328,14,100,170880,8859,262,24,1,3,98,NORMAL,0,1,2,4,155,75,3,160,2863,45,98,0,30,74,2
181198,69,bully,5198,7,1,4001,149,3247,1192,25976,29,100,173123,6878,0,41,1,1,98,NORMAL,0,1,0,7,119,22,1,166,2936,47,98,0,17,21,3
180331,35,bully,6005,2,1,871,50,3121,400,24968,48,100,174326,1675,4000,56,1,0,98,NORMAL,0,0,1,2,48,0,0,156,2820,47,98,0,0,0,6
181009,20,bully,6680,2,2,518,36,3234,288,25872,48,100,174329,518,5153,57,1,0,98,NORMAL,0,0,2,2,34,0,0,164,2925,47,98,0,0,0,6
180991,95,bully,4991,5,2,8001,248,3231,1984,25848,12,100,170509,9491,0,22,1,3,98,NORMAL,0,2,0,5,163,77,3,166,2922,45,98,0,32,75,2
181295,25,bully,6928,2,1,817,42,3254,336,26032,48,100,174367,1634,4000,56,1,0,98,NORMAL,0,0,1,2,40,0,0,167,2942,47,98,0,0,0,6
180818,14,bully,6441,2,1,1522,26,3212,208,25696,48,100,174377,1623,4000,56,1,0,98,NORMAL,0,0,1,2,24,0,0,162,2905,47,98,0,0,0,6
180520,41,bully,6135,1,1,2442,53,3145,424,25160,48,100,174385,2442,3174,55,0,0,98,NORMAL,0,0,1,1,52,0,0,159,2841,47,98,0,0,0,6
180435,96,bully,4435,4,2,8002,247,3131,1976,25048,8,100,169977,10024,0,17,1,3,96,NORMAL,0,2,0,4,155,85,3,157,2833,45,96,0,34,83,0
180543,34,bully,6149,2,2,109,48,3150,384,25200,48,100,174394,109,5498,57,1,0,98,NORMAL,0,0,2,2,46,0,0,158,2847,47,98,0,0,0,6
181158,28,bully,6759,1,1,2370,45,3244,360,25952,48,100,174399,2370,3231,55,0,0,98,NORMAL,0,0,1,1,44,0,0,167,2932,47,98,0,0,0,6
180956,11,bully,6542,2,2,377,20,3231,160,25848,48,100,174414,377,5210,57,1,0,98,NORMAL,0,0,2,2,18,0,0,163,2923,47,98,0,0,0,6
180684,17,bully,6251,2,2,130,31,3170,248,25360,48,100,174433,130,5438,57,1,0,98,NORMAL,0,0,2,2,29,0,0,160,2865,47,98,0,0,0,6
180708,90,bully,4708,4,1,4001,182,3172,1456,25376,16,100,171098,8903,0,24,1,1,98,NORMAL,0,1,0,4,155,22,1,162,2866,46,98,0,29,21,2
180465,3,bully,6023,2,2,65,5,3151,40,25208,48,100,174442,65,5494,57,1,0,98,NORMAL,0,0,2,2,3,0,0,155,2851,47,98,0,0,0,6
180593,9,bully,6139,2,2,341,16,3165,128,25320,48,100,174454,341,5206,57,1,0,98,NORMAL,0,0,2,2,14,0,0,158,2862,47,98,0,0,0,6
181144,60,bully,5144,5,1,4001,125,3240,1000,25920,32,100,173178,6823,0,42,1,1,97,NORMAL,0,1,0,5,99,20,1,164,2932,47,97,0,14,19,3
180856,98,bully,4856,5,2,8002,266,3205,2128,25640,3,100,168807,11194,0,14,1,4,98,NORMAL,0,2,0,5,162,95,4,164,2896,47,98,0,40,93,0
181289,91,bully,5289,4,1,4001,188,3244,1504,25952,16,100,171098,8903,0,24,1,1,97,NORMAL,0,1,0,4,161,22,1,168,2932,47,97,0,30,21,2
180737,26,bully,6257,1,1,2984,41,3173,328,25384,48,100,174480,2984,2536,55,0,0,98,NORMAL,0,0,1,1,40,0,0,161,2867,47,98,0,0,0,6
180722,58,bully,4722,8,7,5923,120,3164,960,25312,32,100,173178,6099,723,51,1,1,97,NORMAL,0,1,6,8,91,20,1,159,2861,47,97,0,14,19,3
180994,52,bully,4994,4,1,4000,106,3201,848,25608,36,100,173654,6346,0,44,1,1,98,NORMAL,0,1,0,4,81,20,1,162,2895,46,98,0,11,19,4
180704,5,bully,6155,2,2,512,9,3175,72,25400,48,100,174549,512,4940,57,1,0,98,NORMAL,0,0,2,2,7,0,0,158,2872,47,98,0,0,0,6
180885,45,bully,4885,2,1,4001,70,3196,560,25568,48,100,175970,4031,0,55,1,0,98,NORMAL,0,1,0,2,56,12,0,160,2891,47,98,0,1,11,6
181331,21,bully,6762,1,1,1497,37,3243,296,25944,48,100,174569,1497,3934,55,0,0,98,NORMAL,0,0,1,1,36,0,0,167,2931,47,98,0,0,0,6
180873,23,bully,6263,1,1,3129,38,3176,304,25408,48,100,174610,3129,2261,55,0,0,98,NORMAL,0,0,1,1,37,0,0,161,2870,47,98,0,0,0,6
180652,81,bully,4652,7,1,4000,166,3115,1328,24920,26,100,172567,7433,0,37,1,1,98,NORMAL,0,1,0,7,138,20,1,156,2814,47,98,0,21,19,3
181482,74,bully,5485,7,1,4003,155,3237,1240,25896,26,100,172581,7419,0,37,1,1,98,NORMAL,0,1,0,7,128,19,1,166,2929,44,98,0,18,18,3
180941,43,bully,4941,1,1,4001,67,3167,536,25336,48,100,176000,4001,0,54,1,0,98,NORMAL,0,1,0,1,54,12,0,162,2861,46,98,0,0,11,6
181176,6,bully,6432,2,2,794,11,3225,88,25800,48,100,174744,794,4463,57,1,0,98,NORMAL,0,0,2,2,9,0,0,162,2918,47,98,0,0,0,6
181454,73,bully,5454,8,1,4001,153,3231,1224,25848,28,100,172670,7331,0,41,1,1,98,NORMAL,0,1,0,8,125,19,1,165,2921,47,98,0,18,18,3
181635,39,bully,6876,1,1,3278,53,3243,424,25944,48,100,174759,3278,1964,55,0,0,98,NORMAL,0,0,1,1,52,0,0,167,2931,47,98,0,0,0,6
180906,84,bully,4906,7,1,4001,174,3140,1392,25120,21,100,172429,7572,0,33,1,1,98,NORMAL,0,1,0,7,146,20,1,160,2838,44,98,0,22,19,3
181084,89,bully,5084,6,1,4000,178,3169,1424,25352,18,100,171439,8561,0,28,1,1,98,NORMAL,0,1,0,6,153,18,1,160,2864,47,98,0,29,17,3
181401,86,bully,5401,8,1,4000,180,3217,1440,25736,20,100,171893,8107,0,33,1,1,98,NORMAL,0,1,0,8,153,18,1,165,2907,47,98,0,26,17,3
181567,19,bully,6722,1,1,1563,34,3246,272,25968,48,100,174845,1563,3592,55,0,0,98,NORMAL,0,0,1,1,33,0,0,166,2935,47,98,0,0,0,6
181688,48,bully,5688,4,2,5054,84,3244,672,25952,41,100,174454,5240,306,50,1,1,97,NORMAL,0,1,1,4,65,14,1,165,2937,45,97,0,6,13,5
181685,10,bully,6814,2,2,204,18,3259,144,26072,48,100,174871,204,4925,57,1,0,98,NORMAL,0,0,2,2,16,0,0,166,2948,47,98,0,0,0,6
181430,22,bully,6546,1,1,2812,38,3223,304,25784,48,100,174884,2812,2304,55,0,0,98,NORMAL,0,0,1,1,37,0,0,164,2914,47,98,0,0,0,6
180926,75,bully,4926,7,1,4001,145,3127,1160,25016,26,100,172567,7434,0,37,1,1,98,NORMAL,0,1,0,7,121,16,1,156,2826,47,98,0,21,15,3
181837,56,bully,5837,5,1,4000,112,3245,896,25960,32,100,173178,6822,0,42,1,1,98,NORMAL,0,1,0,5,91,15,1,167,2933,47,98,0,14,14,3
181347,18,bully,6426,1,1,1601,33,3205,264,25640,48,100,174921,1601,3478,55,0,0,98,NORMAL,0,0,1,1,32,0,0,163,2897,47,98,0,0,0,6
181674,80,bully,5674,7,1,4001,168,3231,1344,25848,26,100,172567,7434,0,37,1,1,98,NORMAL,0,1,0,7,144,16,1,165,2921,47,98,0,21,15,3
181272,38,bully,5272,1,1,4000,60,3194,480,25552,49,100,176000,4000,0,55,1,0,98,NORMAL,0,1,0,1,50,9,0,162,2887,47,98,0,0,8,6
181365,2,bully,6399,2,2,318,3,3228,24,25824,48,100,174966,318,4717,57,1,0,98,NORMAL,0,0,2,2,1,0,0,162,2921,47,98,0,0,0,6
181264,67,bully,5266,7,1,4002,137,3175,1096,25400,29,100,173121,6879,0,41,1,1,98,NORMAL,0,1,0,7,114,15,1,162,2868,47,98,0,17,14,3
181128,92,bully,5128,4,1,4000,174,3139,1392,25112,16,100,171098,8902,0,24,1,1,98,NORMAL,0,1,0,4,153,16,1,160,2834,47,98,0,30,15,2
181280,57,bully,5280,5,3,5444,107,3154,856,25232,32,100,173178,6667,156,44,1,1,97,NORMAL,0,1,2,5,89,12,1,160,2850,47,97,0,14,11,3
181498,42,bully,5498,1,1,4000,62,3207,496,25656,49,100,176000,4000,0,55,1,0,98,NORMAL,0,1,0,1,54,7,0,163,2899,47,98,0,0,6,6
181840,12,bully,6746,2,2,796,22,3255,176,26040,48,100,175094,796,4110,57,1,0,98,NORMAL,0,0,2,2,20,0,0,166,2944,47,98,0,0,0,6
181590,31,bully,6480,1,1,2432,47,3211,376,25688,48,100,175110,2432,2459,55,0,0,98,NORMAL,0,0,1,1,46,0,0,163,2903,47,98,0,0,0,6
181552,51,bully,5552,6,4,4930,95,3190,760,25520,38,100,173786,5390,824,51,1,1,97,NORMAL,0,1,3,6,76,12,1,159,2889,45,97,0,9,11,5
181636,8,bully,6488,2,1,607,14,3228,112,25824,48,100,175148,852,4000,56,1,0,98,NORMAL,0,0,1,2,12,0,0,162,2921,47,98,0,0,0,6
181823,88,bully,5823,6,1,4001,176,3221,1408,25768,18,100,171439,8562,0,28,1,1,97,NORMAL,0,1,0,6,155,14,1,164,2915,45,97,0,27,13,3
181534,37,bully,6344,1,1,2238,50,3191,400,25528,48,100,175190,2238,2573,55,0,0,98,NORMAL,0,0,1,1,49,0,0,161,2885,47,98,0,0,0,6
181538,83,bully,5538,7,1,4001,167,3169,1336,25352,25,100,172567,7434,0,36,1,1,98,NORMAL,0,1,0,7,145,14,1,159,2866,46,98,0,21,13,3
181785,4,bully,6473,2,1,431,7,3234,56,25872,48,100,175312,688,4000,56,1,0,98,NORMAL,0,0,1,2,5,0,0,162,2927,47,98,0,0,0,6
181648,7,bully,6333,1,1,822,12,3206,96,25648,48,100,175315,822,3863,55,0,0,98,NORMAL,0,0,1,1,11,0,0,161,2900,47,98,0,0,0,6
181367,54,bully,5370,4,1,4004,97,3103,776,24824,32,100,173414,6587,0,41,1,1,97,NORMAL,0,1,0,4,82,10,1,156,2805,45,97,0,12,9,3
181334,66,bully,5334,6,1,4000,128,3115,1024,24920,29,100,173127,6873,0,40,1,1,98,NORMAL,0,1,0,6,110,11,1,156,2815,46,98,0,16,10,3
181620,71,bully,5620,8,2,4019,136,3170,1088,25360,28,100,172670,6896,435,42,1,0,98,NORMAL,0,1,1,8,117,11,0,160,2865,47,98,0,18,10,3
181959,79,bully,5959,7,1,4001,158,3211,1264,25688,26,100,172567,7434,0,37,1,0,98,NORMAL,0,1,0,7,140,11,0,164,2902,47,98,0,21,10,3
181741,100,bully,5740,3,3,12002,346,3101,2768,24808,1,100,167999,12002,0,6,1,88,13,LEADER,1,3,0,3,162,93,88,162,2885,41,13,0,41,90,0
181756,68,bully,5756,7,1,4001,131,3183,1048,25464,29,100,173123,6878,0,41,1,0,98,NORMAL,0,1,0,7,114,10,0,161,2877,47,98,0,17,9,3
181861,77,bully,5861,7,2,4067,147,3192,1176,25536,26,100,172567,7047,386,38,1,0,98,NORMAL,0,1,1,7,130,10,0,160,2887,47,98,0,21,9,3
181876,97,bully,5876,4,2,8001,250,3190,2000,25520,3,100,169147,10853,0,13,1,3,98,NORMAL,0,2,0,4,160,83,3,162,2887,43,98,0,36,81,0
181701,30,bully,5701,1,1,4000,49,3160,392,25280,49,100,176000,4000,0,55,1,0,99,NORMAL,0,1,0,1,45,3,0,160,2854,47,99,0,0,2,6
181892,65,bully,5892,6,1,4001,127,3183,1016,25464,30,100,173127,6874,0,41,1,0,99,NORMAL,0,1,0,6,112,9,0,161,2877,46,99,0,15,8,3
181974,53,bully,5974,5,1,4001,96,3196,768,25568,36,100,173536,6465,0,45,1,0,99,NORMAL,0,1,0,5,83,8,0,162,2888,47,99,0,12,7,4
181771,36,bully,5771,1,1,4001,53,3152,424,25216,49,100,176000,4001,0,55,1,0,99,NORMAL,0,1,0,1,49,3,0,159,2847,47,99,0,0,2,6
181810,32,bully,5810,1,1,4000,50,3125,400,25000,49,100,176000,4000,0,55,1,0,99,NORMAL,0,1,0,1,46,3,0,157,2822,47,99,0,0,2,6
181906,33,bully,5906,1,1,4000,49,3125,392,25000,49,100,176000,4000,0,55,1,0,99,NORMAL,0,1,0,1,46,2,0,157,2822,47,99,0,0,1,6
181921,1,bully,5968,1,1,75,1,3144,8,25152,48,100,175953,75,3972,55,0,0,99,NORMAL,0,0,1,1,0,0,0,156,2842,47,99,0,0,0,6
190148,70,bully,8180,7,2,4033,129,3248,1032,25984,28,100,180451,5550,4000,41,2,0,102,NORMAL,0,1,1,7,121,1,0,167,2933,46,102,0,17,0,3
190177,49,bully,8196,5,3,4481,74,3240,592,25920,40,100,181246,4667,4088,51,2,0,102,NORMAL,0,1,2,5,68,1,0,163,2929,46,102,0,8,0,5
190180,27,bully,6865,2,2,666,44,3245,352,25960,48,100,183315,666,6020,57,1,0,102,NORMAL,0,0,2,2,42,0,0,166,2930,47,102,0,0,0,6
190028,62,bully,7992,7,4,1101,112,3226,896,25808,31,100,180574,5328,4098,47,1,0,102,NORMAL,0,0,4,7,105,0,0,162,2915,47,102,0,14,0,3
190095,82,bully,7873,7,1,49,151,3207,1208,25656,25,100,180149,5852,4000,37,1,0,103,NORMAL,0,0,1,7,144,0,0,161,2896,47,103,0,21,0,3
190262,15,bully,6650,2,2,534,28,3242,224,25936,48,100,183612,534,5855,57,1,0,103,NORMAL,0,0,2,2,26,0,0,163,2929,47,103,0,0,0,6
190167,72,bully,7814,8,1,144,128,3209,1024,25672,27,100,180383,5618,4000,41,1,0,103,NORMAL,0,0,1,8,120,0,0,161,2898,47,103,0,18,0,3
190505,55,bully,8071,6,4,955,92,3241,736,25928,33,100,181035,4799,4167,48,1,0,103,NORMAL,0,0,4,6,86,0,0,162,2929,47,103,0,14,0,5
190383,44,bully,6585,2,1,3894,57,3231,456,25848,47,100,183768,3924,2309,55,0,0,103,NORMAL,0,0,1,2,55,0,0,163,2918,47,103,0,1,0,6
190367,76,bully,7916,9,3,746,137,3217,1096,25736,25,100,180378,3222,6400,41,1,0,103,NORMAL,0,0,3,9,128,0,0,162,2905,47,103,0,21,0,3
190014,94,bully,8475,5,2,4462,205,3157,1640,25256,14,100,178515,7486,4000,24,2,1,103,NORMAL,0,1,1,5,155,44,1,158,2849,47,103,0,32,43,2
190109,50,bully,7578,6,5,1963,76,3159,608,25272,39,100,181796,2020,6184,54,1,0,103,NORMAL,0,0,5,6,70,0,0,157,2852,47,103,0,9,0,5
190165,59,bully,7628,7,3,908,101,3165,808,25320,31,100,181075,2773,6153,46,1,0,103,NORMAL,0,0,3,7,94,0,0,159,2856,47,103,0,14,0,3
190789,78,bully,8249,10,5,2030,148,3221,1184,25768,25,100,180467,3253,6281,44,1,0,103,NORMAL,0,0,5,10,138,0,0,163,2908,47,103,0,21,0,3
190601,29,bully,6659,2,2,287,47,3236,376,25888,48,100,183942,287,5772,57,1,0,103,NORMAL,0,0,2,2,45,0,0,164,2922,47,103,0,0,0,6
190843,87,bully,4843,10,3,4919,196,3238,1568,25904,19,100,181893,7978,129,36,1,1,103,NORMAL,0,1,2,10,156,29,1,166,2923,46,103,0,26,28,3
190804,46,bully,6768,3,3,450,63,3247,504,25976,47,100,184006,450,5545,58,1,0,103,NORMAL,0,0,3,3,60,0,0,165,2932,47,103,0,1,0,6
190586,61,bully,7898,9,6,2536,109,3211,872,25688,31,100,181226,3290,5485,51,1,0,103,NORMAL,0,0,6,9,100,0,0,160,2901,47,103,0,14,0,3
190676,85,bully,4676,8,1,4000,189,3219,1512,25752,20,100,181893,8107,0,33,1,1,103,NORMAL,0,1,0,8,151,29,1,163,2907,46,103,0,25,28,3
190874,13,bully,6746,2,2,157,24,3258,192,26064,48,100,184128,157,5716,57,1,0,103,NORMAL,0,0,2,2,22,0,0,166,2942,47,103,0,0,0,6
190449,64,bully,7661,7,4,3920,115,3173,920,25384,30,100,181300,6279,2421,46,0,0,103,NORMAL,0,0,4,7,108,0,0,158,2865,47,103,0,15,0,3
191007,63,bully,5007,8,4,5342,144,3248,1152,25984,31,100,183178,6159,664,47,1,1,103,NORMAL,0,1,3,8,110,25,1,166,2933,46,103,0,14,24,3
191077,40,bully,6870,1,1,2139,54,3254,432,26032,48,100,184207,2139,3655,55,0,0,103,NORMAL,0,0,1,1,53,0,0,167,2937,47,103,0,0,0,6
190247,16,bully,6029,2,2,316,29,3133,232,25064,48,100,184218,316,5467,57,1,0,103,NORMAL,0,0,2,2,27,0,0,155,2828,47,103,0,0,0,6
190747,24,bully,6493,1,1,2251,40,3219,320,25752,48,100,184254,2251,3495,55,0,0,103,NORMAL,0,0,1,1,39,0,0,163,2906,47,103,0,0,0,6
190298,99,bully,4298,5,2,8002,262,3118,2096,24944,2,100,178765,11236,0,13,1,4,102,NORMAL,0,2,0,5,155,98,4,155,2815,46,102,0,40,96,0
190340,47,bully,4340,2,1,4001,82,3130,656,25040,43,100,185943,4058,0,49,1,1,102,NORMAL,0,1,0,2,61,18,1,155,2831,42,102,0,1,17,5
190571,93,bully,4571,4,3,7888,237,3171,1896,25368,14,100,180880,8859,262,24,1,3,103,NORMAL,0,1,2,4,155,75,3,160,2863,45,103,0,30,74,2
191198,69,bully,5198,7,1,4001,149,3252,1192,26016,29,100,183123,6878,0,41,1,1,103,NORMAL,0,1,0,7,119,22,1,166,2936,47,103,0,17,21,3
190331,35,bully,6005,2,1,871,50,3126,400,25008,48,100,184326,1675,4000,56,1,0,103,NORMAL,0,0,1,2,48,0,0,156,2820,47,103,0,0,0,6
191009,20,bully,6680,2,2,518,36,3239,288,25912,48,100,184329,518,5153,57,1,0,103,NORMAL,0,0,2,2,34,0,0,164,2925,47,103,0,0,0,6
190991,95,bully,4991,5,2,8001,248,3236,1984,25888,12,100,180509,9491,0,22,1,3,103,NORMAL,0,2,0,5,163,77,3,166,2922,45,103,0,32,75,2
191295,25,bully,6928,2,1,817,42,3259,336,26072,48,100,184367,1634,4000,56,1,0,103,NORMAL,0,0,1,2,40,0,0,167,2942,47,103,0,0,0,6
190818,14,bully,6441,2,1,1522,26,3217,208,25736,48,100,184377,1623,4000,56,1,0,103,NORMAL,0,0,1,2,24,0,0,162,2905,47,103,0,0,0,6
190520,41,bully,6135,1,1,2442,53,3150,424,25200,48,100,184385,2442,3174,55,0,0,103,NORMAL,0,0,1,1,52,0,0,159,2841,47,103,0,0,0,6
190435,96,bully,4435,4,2,8002,247,3136,1976,25088,8,100,179977,10024,0,17,1,3,101,NORMAL,0,2,0,4,155,85,3,157,2833,45,101,0,34,83,0
190543,34,bully,6149,2,2,109,48,3155,384,25240,48,100,184394,109,5498,57,1,0,103,NORMAL,0,0,2,2,46,0,0,158,2847,47,103,0,0,0,6
191158,28,bully,6759,1,1,2370,45,3249,360,25992,48,100,184399,2370,3231,55,0,0,103,NORMAL,0,0,1,1,44,0,0,167,2932,47,103,0,0,0,6
190956,11,bully,6542,2,2,377,20,3236,160,25888,48,100,184414,377,5210,57,1,0,103,NORMAL,0,0,2,2,18,0,0,163,2923,47,103,0,0,0,6
190684,17,bully,6251,2,2,130,31,3175,248,25400,48,100,184433,130,5438,57,1,0,103,NORMAL,0,0,2,2,29,0,0,160,2865,47,103,0,0,0,6
190708,90,bully,4708,4,1,4001,182,3177,1456,25416,16,100,181098,8903,0,24,1,1,103,NORMAL,0,1,0,4,155,22,1,162,2866,46,103,0,29,21,2
190465,3,bully,6023,2,2,65,5,3156,40,25248,48,100,184442,65,5494,57,1,0,103,NORMAL,0,0,2,2,3,0,0,155,2851,47,103,0,0,0,6
190593,9,bully,6139,2,2,341,16,3170,128,25360,48,100,184454,341,5206,57,1,0,103,NORMAL,0,0,2,2,14,0,0,158,2862,47,103,0,0,0,6
191144,60,bully,5144,5,1,4001,125,3245,1000,25960,32,100,183178,6823,0,42,1,1,102,NORMAL,0,1,0,5,99,20,1,164,2932,47,102,0,14,19,3
190856,98,bully,4856,5,2,8002,266,3210,2128,25680,3,100,178807,11194,0,14,1,4,103,NORMAL,0,2,0,5,162,95,4,164,2896,47,103,0,40,93,0
191289,91,bully,5289,4,1,4001,188,3249,1504,25992,16,100,181098,8903,0,24,1,1,102,NORMAL,0,1,0,4,161,22,1,168,2932,47,102,0,30,21,2
190737,26,bully,6257,1,1,2984,41,3178,328,25424,48,100,184480,2984,2536,55,0,0,103,NORMAL,0,0,1,1,40,0,0,161,2867,47,103,0,0,0,6
190722,58,bully,4722,8,7,5923,120,3169,960,25352,32,100,183178,6099,723,51,1,1,102,NORMAL,0,1,6,8,91,20,1,159,2861,47,102,0,14,19,3
190994,52,bully,4994,4,1,4000,106,3206,848,25648,36,100,183654,6346,0,44,1,1,103,NORMAL,0,1,0,4,81,20,1,162,2895,46,103,0,11,19,4
190704,5,bully,6155,2,2,512,9,3180,72,25440,48,100,184549,512,4940,57,1,0,103,NORMAL,0,0,2,2,7,0,0,158,2872,47,103,0,0,0,6
190885,45,bully,4885,2,1,4001,70,3201,560,25608,48,100,185970,4031,0,55,1,0,103,NORMAL,0,1,0,2,56,12,0,160,2891,47,103,0,1,11,6
191331,21,bully,6762,1,1,1497,37,3248,296,25984,48,100,184569,1497,3934,55,0,0,103,NORMAL,0,0,1,1,36,0,0,167,2931,47,103,0,0,0,6
190873,23,bully,6263,1,1,3129,38,3181,304,25448,48,100,184610,3129,2261,55,0,0,103,NORMAL,0,0,1,1,37,0,0,161,2870,47,103,0,0,0,6
190652,81,bully,4652,7,1,4000,166,3120,1328,24960,26,100,182567,7433,0,37,1,1,103,NORMAL,0,1,0,7,138,20,1,156,2814,47,103,0,21,19,3
191482,74,bully,5485,7,1,4003,155,3242,1240,25936,26,100,182581,7419,0,37,1,1,103,NORMAL,0,1,0,7,128,19,1,166,2929,44,103,0,18,18,3
190941,43,bully,4941,1,1,4001,67,3172,536,25376,48,100,186000,4001,0,54,1,0,103,NORMAL,0,1,0,1,54,12,0,162,2861,46,103,0,0,11,6
191176,6,bully,6432,2,2,794,11,3230,88,25840,48,100,184744,794,4463,57,1,0,103,NORMAL,0,0,2,2,9,0,0,162,2918,47,103,0,0,0,6
191454,73,bully,5454,8,1,4001,153,3236,1224,25888,28,100,182670,7331,0,41,1,1,103,NORMAL,0,1,0,8,125,19,1,165,2921,47,103,0,18,18,3
191635,39,bully,6876,1,1,3278,53,3248,424,25984,48,100,184759,3278,1964,55,0,0,103,NORMAL,0,0,1,1,52,0,0,167,2931,47,103,0,0,0,6
190906,84,bully,4906,7,1,4001,174,3145,1392,25160,21,100,182429,7572,0,33,1,1,103,NORMAL,0,1,0,7,146,20,1,160,2838,44,103,0,22,19,3
191084,89,bully,5084,6,1,4000,178,3174,1424,25392,18,100,181439,8561,0,28,1,1,103,NORMAL,0,1,0,6,153,18,1,160,2864,47,103,0,29,17,3
191401,86,bully,5401,8,1,4000,180,3222,1440,25776,20,100,181893,8107,0,33,1,1,103,NORMAL,0,1,0,8,153,18,1,165,2907,47,103,0,26,17,3
191567,19,bully,6722,1,1,1563,34,3251,272,26008,48,100,184845,1563,3592,55,0,0,103,NORMAL,0,0,1,1,33,0,0,166,2935,47,103,0,0,0,6
191688,48,bully,5688,4,2,5054,84,3249,672,25992,41,100,184454,5240,306,50,1,1,102,NORMAL,0,1,1,4,65,14,1,165,2937,45,102,0,6,13,5
191685,10,bully,6814,2,2,204,18,3264,144,26112,48,100,184871,204,4925,57,1,0,103,NORMAL,0,0,2,2,16,0,0,166,2948,47,103,0,0,0,6
191430,22,bully,6546,1,1,2812,38,3228,304,25824,48,100,184884,2812,2304,55,0,0,103,NORMAL,0,0,1,1,37,0,0,164,2914,47,103,0,0,0,6
190926,75,bully,4926,7,1,4001,145,3132,1160,25056,26,100,182567,7434,0,37,1,1,103,NORMAL,0,1,0,7,121,16,1,156,2826,47,103,0,21,15,3
191837,56,bully,5837,5,1,4000,112,3250,896,26000,32,100,183178,6822,0,42,1,1,103,NORMAL,0,1,0,5,91,15,1,167,2933,47,103,0,14,14,3
191347,18,bully,6426,1,1,1601,33,3210,264,25680,48,100,184921,1601,3478,55,0,0,103,NORMAL,0,0,1,1,32,0,0,163,2897,47,103,0,0,0,6
191674,80,bully,5674,7,1,4001,168,3236,1344,25888,26,100,182567,7434,0,37,1,1,103,NORMAL,0,1,0,7,144,16,1,165,2921,47,103,0,21,15,3
191272,38,bully,5272,1,1,4000,60,3199,480,25592,49,100,186000,4000,0,55,1,0,103,NORMAL,0,1,0,1,50,9,0,162,2887,47,103,0,0,8,6
191365,2,bully,6399,2,2,318,3,3233,24,25864,48,100,184966,318,4717,57,1,0,103,NORMAL,0,0,2,2,1,0,0,162,2921,47,103,0,0,0,6
191264,67,bully,5266,7,1,4002,137,3180,1096,25440,29,100,183121,6879,0,41,1,1,103,NORMAL,0,1,0,7,114,15,1,162,2868,47,103,0,17,14,3
191128,92,bully,5128,4,1,4000,174,3144,1392,25152,16,100,181098,8902,0,24,1,1,103,NORMAL,0,1,0,4,153,16,1,160,2834,47,103,0,30,15,2
191280,57,bully,5280,5,3,5444,107,3159,856,25272,32,100,183178,6667,156,44,1,1,102,NORMAL,0,1,2,5,89,12,1,160,2850,47,102,0,14,11,3
191498,42,bully,5498,1,1,4000,62,3212,496,25696,49,100,186000,4000,0,55,1,0,103,NORMAL,0,1,0,1,54,7,0,163,2899,47,103,0,0,6,6
191840,12,bully,6746,2,2,796,22,3260,176,26080,48,100,185094,796,4110,57,1,0,103,NORMAL,0,0,2,2,20,0,0,166,2944,47,103,0,0,0,6
191590,31,bully,6480,1,1,2432,47,3216,376,25728,48,100,185110,2432,2459,55,0,0,103,NORMAL,0,0,1,1,46,0,0,163,2903,47,103,0,0,0,6
191552,51,bully,5552,6,4,4930,95,3195,760,25560,38,100,183786,5390,824,51,1,1,102,NORMAL,0,1,3,6,76,12,1,159,2889,45,102,0,9,11,5
191636,8,bully,6488,2,1,607,14,3233,112,25864,48,100,185148,852,4000,56,1,0,103,NORMAL,0,0,1,2,12,0,0,162,2921,47,103,0,0,0,6
191823,88,bully,5823,6,1,4001,176,3226,1408,25808,18,100,181439,8562,0,28,1,1,102,NORMAL,0,1,0,6,155,14,1,164,2915,45,102,0,27,13,3
191534,37,bully,6344,1,1,2238,50,3196,400,25568,48,100,185190,2238,2573,55,0,0,103,NORMAL,0,0,1,1,49,0,0,161,2885,47,103,0,0,0,6
191538,83,bully,5538,7,1,4001,167,3174,1336,25392,25,100,182567,7434,0,36,1,1,103,NORMAL,0,1,0,7,145,14,1,159,2866,46,103,0,21,13,3
191785,4,bully,6473,2,1,431,7,3239,56,25912,48,100,185312,688,4000,56,1,0,103,NORMAL,0,0,1,2,5,0,0,162,2927,47,103,0,0,0,6
191648,7,bully,6333,1,1,822,12,3211,96,25688,48,100,185315,822,3863,55,0,0,103,NORMAL,0,0,1,1,11,0,0,161,2900,47,103,0,0,0,6
191367,54,bully,5370,4,1,4004,97,3108,776,24864,32,100,183414,6587,0,41,1,1,102,NORMAL,0,1,0,4,82,10,1,156,2805,45,102,0,12,9,3
191334,66,bully,5334,6,1,4000,128,3120,1024,24960,29,100,183127,6873,0,40,1,1,103,NORMAL,0,1,0,6,110,11,1,156,2815,46,103,0,16,10,3
191620,71,bully,5620,8,2,4019,136,3175,1088,25400,28,100,182670,6896,435,42,1,0,103,NORMAL,0,1,1,8,117,11,0,160,2865,47,103,0,18,10,3
191959,79,bully,5959,7,1,4001,158,3216,1264,25728,26,100,182567,7434,0,37,1,0,103,NORMAL,0,1,0,7,140,11,0,164,2902,47,103,0,21,10,3
191741,100,bully,5740,3,3,12002,351,3101,2808,24808,1,100,177999,12002,0,6,1,93,13,LEADER,1,3,0,3,162,93,93,162,2885,41,13,0,41,90,0
191756,68,bully,5756,7,1,4001,131,3188,1048,25504,29,100,183123,6878,0,41,1,0,103,NORMAL,0,1,0,7,114,10,0,161,2877,47,103,0,17,9,3
191861,77,bully,5861,7,2,4067,147,3197,1176,25576,26,100,182567,7047,386,38,1,0,103,NORMAL,0,1,1,7,130,10,0,160,2887,47,103,0,21,9,3
191876,97,bully,5876,4,2,8001,250,3195,2000,25560,3,100,179147,10853,0,13,1,3,103,NORMAL,0,2,0,4,160,83,3,162,2887,43,103,0,36,81,0
191701,30,bully,5701,1,1,4000,49,3165,392,25320,49,100,186000,4000,0,55,1,0,104,NORMAL,0,1,0,1,45,3,0,160,2854,47,104,0,0,2,6
191892,65,bully,5892,6,1,4001,127,3188,1016,25504,30,100,183127,6874,0,41,1,0,104,NORMAL,0,1,0,6,112,9,0,161,2877,46,104,0,15,8,3
191974,53,bully,5974,5,1,4001,96,3201,768,25608,36,100,183536,6465,0,45,1,0,104,NORMAL,0,1,0,5,83,8,0,162,2888,47,104,0,12,7,4
191771,36,bully,5771,1,1,4001,53,3157,424,25256,49,100,186000,4001,0,55,1,0,104,NORMAL,0,1,0,1,49,3,0,159,2847,47,104,0,0,2,6
191810,32,bully,5810,1,1,4000,50,3130,400,25040,49,100,186000,4000,0,55,1,0,104,NORMAL,0,1,0,1,46,3,0,157,2822,47,104,0,0,2,6
191906,33,bully,5906,1,1,4000,49,3130,392,25040,49,100,186000,4000,0,55,1,0,104,NORMAL,0,1,0,1,46,2,0,157,2822,47,104,0,0,1,6
191921,1,bully,5968,1,1,75,1,3149,8,25192,48,100,185953,75,3972,55,0,0,104,NORMAL,0,0,1,1,0,0,0,156,2842,47,104,0,0,0,6
200148,70,bully,8180,7,2,4033,129,3253,1032,26024,28,100,190451,5550,4000,41,2,0,107,NORMAL,0,1,1,7,121,1,0,167,2933,46,107,0,17,0,3
200177,49,bully,8196,5,3,4481,74,3245,592,25960,40,100,191246,4667,4088,51,2,0,107,NORMAL,0,1,2,5,68,1,0,163,2929,46,107,0,8,0,5
200180,27,bully,6865,2,2,666,44,3250,352,26000,48,100,193315,666,6020,57,1,0,107,NORMAL,0,0,2,2,42,0,0,166,2930,47,107,0,0,0,6
200028,62,bully,7992,7,4,1101,112,3231,896,25848,31,100,190574,5328,4098,47,1,0,107,NORMAL,0,0,4,7,105,0,0,162,2915,47,107,0,14,0,3
200095,82,bully,7873,7,1,49,151,3212,1208,25696,25,100,190149,5852,4000,37,1,0,108,NORMAL,0,0,1,7,144,0,0,161,2896,47,108,0,21,0,3
200262,15,bully,6650,2,2,534,28,3247,224,25976,48,100,193612,534,5855,57,1,0,108,NORMAL,0,0,2,2,26,0,0,163,2929,47,108,0,0,0,6
200167,72,bully,7814,8,1,144,128,3214,1024,25712,27,100,190383,5618,4000,41,1,0,108,NORMAL,0,0,1,8,120,0,0,161,2898,47,108,0,18,0,3
200505,55,bully,8071,6,4,955,92,3246,736,25968,33,100,191035,4799,4167,48,1,0,108,NORMAL,0,0,4,6,86,0,0,162,2929,47,108,0,14,0,5
200383,44,bully,6585,2,1,3894,57,3236,456,25888,47,100,193768,3924,2309,55,0,0,108,NORMAL,0,0,1,2,55,0,0,163,2918,47,108,0,1,0,6
200367,76,bully,7916,9,3,746,137,3222,1096,25776,25,100,190378,3222,6400,41,1,0,108,NORMAL,0,0,3,9,128,0,0,162,2905,47,108,0,21,0,3
200014,94,bully,8475,5,2,4462,205,3162,1640,25296,14,100,188515,7486,4000,24,2,1,108,NORMAL,0,1,1,5,155,44,1,158,2849,47,108,0,32,43,2
200109,50,bully,7578,6,5,1963,76,3164,608,25312,39,100,191796,2020,6184,54,1,0,108,NORMAL,0,0,5,6,70,0,0,157,2852,47,108,0,9,0,5
200165,59,bully,7628,7,3,908,101,3170,808,25360,31,100,191075,2773,6153,46,1,0,108,NORMAL,0,0,3,7,94,0,0,159,2856,47,108,0,14,0,3
200789,78,bully,8249,10,5,2030,148,3226,1184,25808,25,100,190467,3253,6281,44,1,0,108,NORMAL,0,0,5,10,138,0,0,163,2908,47,108,0,21,0,3
200601,29,bully,6659,2,2,287,47,3241,376,25928,48,100,193942,287,5772,57,1,0,108,NORMAL,0,0,2,2,45,0,0,164,2922,47,108,0,0,0,6
200843,87,bully,4843,10,3,4919,196,3243,1568,25944,19,100,191893,7978,129,36,1,1,108,NORMAL,0,1,2,10,156,29,1,166,2923,46,108,0,26,28,3
200804,46,bully,6768,3,3,450,63,3252,504,26016,47,100,194006,450,5545,58,1,0,108,NORMAL,0,0,3,3,60,0,0,165,2932,47,108,0,1,0,6
200586,61,bully,7898,9,6,2536,109,3216,872,25728,31,100,191226,3290,5485,51,1,0,108,NORMAL,0,0,6,9,100,0,0,160,2901,47,108,0,14,0,3
200676,85,bully,4676,8,1,4000,189,3224,1512,25792,20,100,191893,8107,0,33,1,1,108,NORMAL,0,1,0,8,151,29,1,163,2907,46,108,0,25,28,3
200874,13,bully,6746,2,2,157,24,3263,192,26104,48,100,194128,157,5716,57,1,0,108,NORMAL,0,0,2,2,22,0,0,166,2942,47,108,0,0,0,6
200449,64,bully,7661,7,4,3920,115,3178,920,25424,30,100,191300,6279,2421,46,0,0,108,NORMAL,0,0,4,7,108,0,0,158,2865,47,108,0,15,0,3
201007,63,bully,5007,8,4,5342,144,3253,1152,26024,31,100,193178,6159,664,47,1,1,108,NORMAL,0,1,3,8,110,25,1,166,2933,46,108,0,14,24,3
201077,40,bully,6870,1,1,2139,54,3259,432,26072,48,100,194207,2139,3655,55,0,0,108,NORMAL,0,0,1,1,53,0,0,167,2937,47,108,0,0,0,6
200247,16,bully,6029,2,2,316,29,3138,232,25104,48,100,194218,316,5467,57,1,0,108,NORMAL,0,0,2,2,27,0,0,155,2828,47,108,0,0,0,6
200747,24,bully,6493,1,1,2251,40,3224,320,25792,48,100,194254,2251,3495,55,0,0,108,NORMAL,0,0,1,1,39,0,0,163,2906,47,108,0,0,0,6
200298,99,bully,4298,5,2,8002,262,3123,2096,24984,2,100,188765,11236,0,13,1,4,107,NORMAL,0,2,0,5,155,98,4,155,2815,46,107,0,40,96,0
200340,47,bully,4340,2,1,4001,82,3135,656,25080,43,100,195943,4058,0,49,1,1,107,NORMAL,0,1,0,2,61,18,1,155,2831,42,107,0,1,17,5
200571,93,bully,4571,4,3,7888,237,3176,1896,25408,14,100,190880,8859,262,24,1,3,108,NORMAL,0,1,2,4,155,75,3,160,2863,45,108,0,30,74,2
201198,69,bully,5198,7,1,4001,149,3257,1192,26056,29,100,193123,6878,0,41,1,1,108,NORMAL,0,1,0,7,119,22,1,166,2936,47,108,0,17,21,3
200331,35,bully,6005,2,1,871,50,3131,400,25048,48,100,194326,1675,4000,56,1,0,108,NORMAL,0,0,1,2,48,0,0,156,2820,47,108,0,0,0,6
201009,20,bully,6680,2,2,518,36,3244,288,25952,48,100,194329,518,5153,57,1,0,108,NORMAL,0,0,2,2,34,0,0,164,2925,47,108,0,0,0,6
200991,95,bully,4991,5,2,8001,248,3241,1984,25928,12,100,190509,9491,0,22,1,3,108,NORMAL,0,2,0,5,163,77,3,166,2922,45,108,0,32,75,2
201295,25,bully,6928,2,1,817,42,3264,336,26112,48,100,194367,1634,4000,56,1,0,108,NORMAL,0,0,1,2,40,0,0,167,2942,47,108,0,0,0,6
200818,14,bully,6441,2,1,1522,26,3222,208,25776,48,100,194377,1623,4000,56,1,0,108,NORMAL,0,0,1,2,24,0,0,162,2905,47,108,0,0,0,6
200520,41,bully,6135,1,1,2442,53,3155,424,25240,48,100,194385,2442,3174,55,0,0,108,NORMAL,0,0,1,1,52,0,0,159,2841,47,108,0,0,0,6
200435,96,bully,4435,4,2,8002,247,3141,1976,25128,8,100,189977,10024,0,17,1,3,106,NORMAL,0,2,0,4,155,85,3,157,2833,45,106,0,34,83,0
200543,34,bully,6149,2,2,109,48,3160,384,25280,48,100,194394,109,5498,57,1,0,108,NORMAL,0,0,2,2,46,0,0,158,2847,47,108,0,0,0,6
201158,28,bully,6759,1,1,2370,45,3254,360,26032,48,100,194399,2370,3231,55,0,0,108,NORMAL,0,0,1,1,44,0,0,167,2932,47,108,0,0,0,6
200956,11,bully,6542,2,2,377,20,3241,160,25928,48,100,194414,377,5210,57,1,0,108,NORMAL,0,0,2,2,18,0,0,163,2923,47,108,0,0,0,6
200684,17,bully,6251,2,2,130,31,3180,248,25440,48,100,194433,130,5438,57,1,0,108,NORMAL,0,0,2,2,29,0,0,160,2865,47,108,0,0,0,6
200708,90,bully,4708,4,1,4001,182,3182,1456,25456,16,100,191098,8903,0,24,1,1,108,NORMAL,0,1,0,4,155,22,1,162,2866,46,108,0,29,21,2
200465,3,bully,6023,2,2,65,5,3161,40,25288,48,100,194442,65,5494,57,1,0,108,NORMAL,0,0,2,2,3,0,0,155,2851,47,108,0,0,0,6
200593,9,bully,6139,2,2,341,16,3175,128,25400,48,100,194454,341,5206,57,1,0,108,NORMAL,0,0,2,2,14,0,0,158,2862,47,108,0,0,0,6
201144,60,bully,5144,5,1,4001,125,3250,1000,26000,32,100,193178,6823,0,42,1,1,107,NORMAL,0,1,0,5,99,20,1,164,2932,47,107,0,14,19,3
200856,98,bully,4856,5,2,8002,266,3215,2128,25720,3,100,188807,11194,0,14,1,4,108,NORMAL,0,2,0,5,162,95,4,164,2896,47,108,0,40,93,0
201289,91,bully,5289,4,1,4001,188,3254,1504,26032,16,100,191098,8903,0,24,1,1,107,NORMAL,0,1,0,4,161,22,1,168,2932,47,107,0,30,21,2
200737,26,bully,6257,1,1,2984,41,3183,328,25464,48,100,194480,2984,2536,55,0,0,108,NORMAL,0,0,1,1,40,0,0,161,2867,47,108,0,0,0,6
200722,58,bully,4722,8,7,5923,120,3174,960,25392,32,100,193178,6099,723,51,1,1,107,NORMAL,0,1,6,8,91,20,1,159,2861,47,107,0,14,19,3
200994,52,bully,4994,4,1,4000,106,3211,848,25688,36,100,193654,6346,0,44,1,1,108,NORMAL,0,1,0,4,81,20,1,162,2895,46,108,0,11,19,4
200704,5,bully,6155,2,2,512,9,3185,72,25480,48,100,194549,512,4940,57,1,0,108,NORMAL,0,0,2,2,7,0,0,158,2872,47,108,0,0,0,6
200885,45,bully,4885,2,1,4001,70,3206,560,25648,48,100,195970,4031,0,55,1,0,108,NORMAL,0,1,0,2,56,12,0,160,2891,47,108,0,1,11,6
201331,21,bully,6762,1,1,1497,37,3253,296,26024,48,100,194569,1497,3934,55,0,0,108,NORMAL,0,0,1,1,36,0,0,167,2931,47,108,0,0,0,6
200873,23,bully,6263,1,1,3129,38,3186,304,25488,48,100,194610,3129,2261,55,0,0,108,NORMAL,0,0,1,1,37,0,0,161,2870,47,108,0,0,0,6
200652,81,bully,4652,7,1,4000,166,3125,1328,25000,26,100,192567,7433,0,37,1,1,108,NORMAL,0,1,0,7,138,20,1,156,2814,47,108,0,21,19,3
201482,74,bully,5485,7,1,4003,155,3247,1240,25976,26,100,192581,7419,0,37,1,1,108,NORMAL,0,1,0,7,128,19,1,166,2929,44,108,0,18,18,3
200941,43,bully,4941,1,1,4001,67,3177,536,25416,48,100,196000,4001,0,54,1,0,108,NORMAL,0,1,0,1,54,12,0,162,2861,46,108,0,0,11,6
201176,6,bully,6432,2,2,794,11,3235,88,25880,48,100,194744,794,4463,57,1,0,108,NORMAL,0,0,2,2,9,0,0,162,2918,47,108,0,0,0,6
201454,73,bully,5454,8,1,4001,153,3241,1224,25928,28,100,192670,7331,0,41,1,1,108,NORMAL,0,1,0,8,125,19,1,165,2921,47,108,0,18,18,3
201635,39,bully,6876,1,1,3278,53,3253,424,26024,48,100,194759,3278,1964,55,0,0,108,NORMAL,0,0,1,1,52,0,0,167,2931,47,108,0,0,0,6
200906,84,bully,4906,7,1,4001,174,3150,1392,25200,21,100,192429,7572,0,33,1,1,108,NORMAL,0,1,0,7,146,20,1,160,2838,44,108,0,22,19,3
201084,89,bully,5084,6,1,4000,178,3179,1424,25432,18,100,191439,8561,0,28,1,1,108,NORMAL,0,1,0,6,153,18,1,160,2864,47,108,0,29,17,3
201401,86,bully,5401,8,1,4000,180,3227,1440,25816,20,100,191893,8107,0,33,1,1,108,NORMAL,0,1,0,8,153,18,1,165,2907,47,108,0,26,17,3
201567,19,bully,6722,1,1,1563,34,3256,272,26048,48,100,194845,1563,3592,55,0,0,108,NORMAL,0,0,1,1,33,0,0,166,2935,47,108,0,0,0,6
201688,48,bully,5688,4,2,5054,84,3254,672,26032,41,100,194454,5240,306,50,1,1,107,NORMAL,0,1,1,4,65,14,1,165,2937,45,107,0,6,13,5
201685,10,bully,6814,2,2,204,18,3269,144,26152,48,100,194871,204,4925,57,1,0,108,NORMAL,0,0,2,2,16,0,0,166,2948,47,108,0,0,0,6
201430,22,bully,6546,1,1,2812,38,3233,304,25864,48,100,194884,2812,2304,55,0,0,108,NORMAL,0,0,1,1,37,0,0,164,2914,47,108,0,0,0,6
200926,75,bully,4926,7,1,4001,145,3137,1160,25096,26,100,192567,7434,0,37,1,1,108,NORMAL,0,1,0,7,121,16,1,156,2826,47,108,0,21,15,3
201837,56,bully,5837,5,1,4000,112,3255,896,26040,32,100,193178,6822,0,42,1,1,108,NORMAL,0,1,0,5,91,15,1,167,2933,47,108,0,14,14,3
201347,18,bully,6426,1,1,1601,33,3215,264,25720,48,100,194921,1601,3478,55,0,0,108,NORMAL,0,0,1,1,32,0,0,163,2897,47,108,0,0,0,6
201674,80,bully,5674,7,1,4001,168,3241,1344,25928,26,100,192567,7434,0,37,1,1,108,NORMAL,0,1,0,7,144,16,1,165,2921,47,108,0,21,15,3
201272,38,bully,5272,1,1,4000,60,3204,480,25632,49,100,196000,4000,0,55,1,0,108,NORMAL,0,1,0,1,50,9,0,162,2887,47,108,0,0,8,6
201365,2,bully,6399,2,2,318,3,3238,24,25904,48,100,194966,318,4717,57,1,0,108,NORMAL,0,0,2,2,1,0,0,162,2921,47,108,0,0,0,6
201264,67,bully,5266,7,1,4002,137,3185,1096,25480,29,100,193121,6879,0,41,1,1,108,NORMAL,0,1,0,7,114,15,1,162,2868,47,108,0,17,14,3
201128,92,bully,5128,4,1,4000,174,3149,1392,25192,16,100,191098,8902,0,24,1,1,108,NORMAL,0,1,0,4,153,16,1,160,2834,47,108,0,30,15,2
201280,57,bully,5280,5,3,5444,107,3164,856,25312,32,100,193178,6667,156,44,1,1,107,NORMAL,0,1,2,5,89,12,1,160,2850,47,107,0,14,11,3
201498,42,bully,5498,1,1,4000,62,3217,496,25736,49,100,196000,4000,0,55,1,0,108,NORMAL,0,1,0,1,54,7,0,163,2899,47,108,0,0,6,6
201840,12,bully,6746,2,2,796,22,3265,176,26120,48,100,195094,796,4110,57,1,0,108,NORMAL,0,0,2,2,20,0,0,166,2944,47,108,0,0,0,6
201590,31,bully,6480,1,1,2432,47,3221,376,25768,48,100,195110,2432,2459,55,0,0,108,NORMAL,0,0,1,1,46,0,0,163,2903,47,108,0,0,0,6
201552,51,bully,5552,6,4,4930,95,3200,760,25600,38,100,193786,5390,824,51,1,1,107,NORMAL,0,1,3,6,76,12,1,159,2889,45,107,0,9,11,5
201636,8,bully,6488,2,1,607,14,3238,112,25904,48,100,195148,852,4000,56,1,0,108,NORMAL,0,0,1,2,12,0,0,162,2921,47,108,0,0,0,6
201823,88,bully,5823,6,1,4001,176,3231,1408,25848,18,100,191439,8562,0,28,1,1,107,NORMAL,0,1,0,6,155,14,1,164,2915,45,107,0,27,13,3
201534,37,bully,6344,1,1,2238,50,3201,400,25608,48,100,195190,2238,2573,55,0,0,108,NORMAL,0,0,1,1,49,0,0,161,2885,47,108,0,0,0,6
201538,83,bully,5538,7,1,4001,167,3179,1336,25432,25,100,192567,7434,0,36,1,1,108,NORMAL,0,1,0,7,145,14,1,159,2866,46,108,0,21,13,3
201785,4,bully,6473,2,1,431,7,3244,56,25952,48,100,195312,688,4000,56,1,0,108,NORMAL,0,0,1,2,5,0,0,162,2927,47,108,0,0,0,6
201648,7,bully,6333,1,1,822,12,3216,96,25728,48,100,195315,822,3863,55,0,0,108,NORMAL,0,0,1,1,11,0,0,161,2900,47,108,0,0,0,6
201367,54,bully,5370,4,1,4004,97,3113,776,24904,32,100,193414,6587,0,41,1,1,107,NORMAL,0,1,0,4,82,10,1,156,2805,45,107,0,12,9,3
201334,66,bully,5334,6,1,4000,128,3125,1024,25000,29,100,193127,6873,0,40,1,1,108,NORMAL,0,1,0,6,110,11,1,156,2815,46,108,0,16,10,3
201620,71,bully,5620,8,2,4019,136,3180,1088,25440,28,100,192670,6896,435,42,1,0,108,NORMAL,0,1,1,8,117,11,0,160,2865,47,108,0,18,10,3
201959,79,bully,5959,7,1,4001,158,3221,1264,25768,26,100,192567,7434,0,37,1,0,108,NORMAL,0,1,0,7,140,11,0,164,2902,47,108,0,21,10,3
201741,100,bully,5740,3,3,12002,356,3101,2848,24808,1,100,187999,12002,0,6,1,98,13,LEADER,1,3,0,3,162,93,98,162,2885,41,13,0,41,90,0
201756,68,bully,5756,7,1,4001,131,3193,1048,25544,29,100,193123,6878,0,41,1,0,108,NORMAL,0,1,0,7,114,10,0,161,2877,47,108,0,17,9,3
201861,77,bully,5861,7,2,4067,147,3202,1176,25616,26,100,192567,7047,386,38,1,0,108,NORMAL,0,1,1,7,130,10,0,160,2887,47,108,0,21,9,3
201876,97,bully,5876,4,2,8001,250,3200,2000,25600,3,100,189147,10853,0,13,1,3,108,NORMAL,0,2,0,4,160,83,3,162,2887,43,108,0,36,81,0
201701,30,bully,5701,1,1,4000,49,3170,392,25360,49,100,196000,4000,0,55,1,0,109,NORMAL,0,1,0,1,45,3,0,160,2854,47,109,0,0,2,6
201892,65,bully,5892,6,1,4001,127,3193,1016,25544,30,100,193127,6874,0,41,1,0,109,NORMAL,0,1,0,6,112,9,0,161,2877,46,109,0,15,8,3
201974,53,bully,5974,5,1,4001,96,3206,768,25648,36,100,193536,6465,0,45,1,0,109,NORMAL,0,1,0,5,83,8,0,162,2888,47,109,0,12,7,4
201771,36,bully,5771,1,1,4001,53,3162,424,25296,49,100,196000,4001,0,55,1,0,109,NORMAL,0,1,0,1,49,3,0,159,2847,47,109,0,0,2,6
201810,32,bully,5810,1,1,4000,50,3135,400,25080,49,100,196000,4000,0,55,1,0,109,NORMAL,0,1,0,1,46,3,0,157,2822,47,109,0,0,2,6
201906,33,bully,5906,1,1,4000,49,3135,392,25080,49,100,196000,4000,0,55,1,0,109,NORMAL,0,1,0,1,46,2,0,157,2822,47,109,0,0,1,6
201921,1,bully,5968,1,1,75,1,3154,8,25232,48,100,195953,75,3972,55,0,0,109,NORMAL,0,0,1,1,0,0,0,156,2842,47,109,0,0,0,6
210148,70,bully,8180,7,2,4033,129,3258,1032,26064,28,100,200451,5550,4000,41,2,0,112,NORMAL,0,1,1,7,121,1,0,167,2933,46,112,0,17,0,3
210177,49,bully,8196,5,3,4481,74,3250,592,26000,40,100,201246,4667,4088,51,2,0,112,NORMAL,0,1,2,5,68,1,0,163,2929,46,112,0,8,0,5
210180,27,bully,6865,2,2,666,44,3255,352,26040,48,100,203315,666,6020,57,1,0,112,NORMAL,0,0,2,2,42,0,0,166,2930,47,112,0,0,0,6
210028,62,bully,7992,7,4,1101,112,3236,896,25888,31,100,200574,5328,4098,47,1,0,112,NORMAL,0,0,4,7,105,0,0,162,2915,47,112,0,14,0,3
210095,82,bully,7873,7,1,49,151,3217,1208,25736,25,100,200149,5852,4000,37,1,0,113,NORMAL,0,0,1,7,144,0,0,161,2896,47,113,0,21,0,3
210262,15,bully,6650,2,2,534,28,3252,224,26016,48,100,203612,534,5855,57,1,0,113,NORMAL,0,0,2,2,26,0,0,163,2929,47,113,0,0,0,6
210167,72,bully,7814,8,1,144,128,3219,1024,25752,27,100,200383,5618,4000,41,1,0,113,NORMAL,0,0,1,8,120,0,0,161,2898,47,113,0,18,0,3
210505,55,bully,8071,6,4,955,92,3251,736,26008,33,100,201035,4799,4167,48,1,0,113,NORMAL,0,0,4,6,86,0,0,162,2929,47,113,0,14,0,5
210383,44,bully,6585,2,1,3894,57,3241,456,25928,47,100,203768,3924,2309,55,0,0,113,NORMAL,0,0,1,2,55,0,0,163,2918,47,113,0,1,0,6
210367,76,bully,7916,9,3,746,137,3227,1096,25816,25,100,200378,3222,6400,41,1,0,113,NORMAL,0,0,3,9,128,0,0,162,2905,47,113,0,21,0,3
210014,94,bully,8475,5,2,4462,205,3167,1640,25336,14,100,198515,7486,4000,24,2,1,113,NORMAL,0,1,1,5,155,44,1,158,2849,47,113,0,32,43,2
210109,50,bully,7578,6,5,1963,76,3169,608,25352,39,100,201796,2020,6184,54,1,0,113,NORMAL,0,0,5,6,70,0,0,157,2852,47,113,0,9,0,5
210165,59,bully,7628,7,3,908,101,3175,808,25400,31,100,201075,2773,6153,46,1,0,113,NORMAL,0,0,3,7,94,0,0,159,2856,47,113,0,14,0,3
210789,78,bully,8249,10,5,2030,148,3231,1184,25848,25,100,200467,3253,6281,44,1,0,113,NORMAL,0,0,5,10,138,0,0,163,2908,47,113,0,21,0,3
210601,29,bully,6659,2,2,287,47,3246,376,25968,48,100,203942,287,5772,57,1,0,113,NORMAL,0,0,2,2,45,0,0,164,2922,47,113,0,0,0,6
210843,87,bully,4843,10,3,4919,196,3248,1568,25984,19,100,201893,7978,129,36,1,1,113,NORMAL,0,1,2,10,156,29,1,166,2923,46,113,0,26,28,3
210804,46,bully,6768,3,3,450,63,3257,504,26056,47,100,204006,450,5545,58,1,0,113,NORMAL,0,0,3,3,60,0,0,165,2932,47,113,0,1,0,6
210586,61,bully,7898,9,6,2536,109,3221,872,25768,31,100,201226,3290,5485,51,1,0,113,NORMAL,0,0,6,9,100,0,0,160,2901,47,113,0,14,0,3
210676,85,bully,4676,8,1,4000,189,3229,1512,25832,20,100,201893,8107,0,33,1,1,113,NORMAL,0,1,0,8,151,29,1,163,2907,46,113,0,25,28,3
210874,13,bully,6746,2,2,157,24,3268,192,26144,48,100,204128,157,5716,57,1,0,113,NORMAL,0,0,2,2,22,0,0,166,2942,47,113,0,0,0,6
210449,64,bully,7661,7,4,3920,115,3183,920,25464,30,100,201300,6279,2421,46,0,0,113,NORMAL,0,0,4,7,108,0,0,158,2865,47,113,0,15,0,3
211007,63,bully,5007,8,4,5342,144,3258,1152,26064,31,100,203178,6159,664,47,1,1,113,NORMAL,0,1,3,8,110,25,1,166,2933,46,113,0,14,24,3
211077,40,bully,6870,1,1,2139,54,3264,432,26112,48,100,204207,2139,3655,55,0,0,113,NORMAL,0,0,1,1,53,0,0,167,2937,47,113,0,0,0,6
210247,16,bully,6029,2,2,316,29,3143,232,25144,48,100,204218,316,5467,57,1,0,113,NORMAL,0,0,2,2,27,0,0,155,2828,47,113,0,0,0,6
210747,24,bully,6493,1,1,2251,40,3229,320,25832,48,100,204254,2251,3495,55,0,0,113,NORMAL,0,0,1,1,39,0,0,163,2906,47,113,0,0,0,6
210298,99,bully,4298,5,2,8002,262,3128,2096,25024,2,100,198765,11236,0,13,1,4,112,NORMAL,0,2,0,5,155,98,4,155,2815,46,112,0,40,96,0
210340,47,bully,4340,2,1,4001,82,3140,656,25120,43,100,205943,4058,0,49,1,1,112,NORMAL,0,1,0,2,61,18,1,155,2831,42,112,0,1,17,5
210571,93,bully,4571,4,3,7888,237,3181,1896,25448,14,100,200880,8859,262,24,1,3,113,NORMAL,0,1,2,4,155,75,3,160,2863,45,113,0,30,74,2
211198,69,bully,5198,7,1,4001,149,3262,1192,26096,29,100,203123,6878,0,41,1,1,113,NORMAL,0,1,0,7,119,22,1,166,2936,47,113,0,17,21,3
210331,35,bully,6005,2,1,871,50,3136,400,25088,48,100,204326,1675,4000,56,1,0,113,NORMAL,0,0,1,2,48,0,0,156,2820,47,113,0,0,0,6
211009,20,bully,6680,2,2,518,36,3249,288,25992,48,100,204329,518,5153,57,1,0,113,NORMAL,0,0,2,2,34,0,0,164,2925,47,113,0,0,0,6
210991,95,bully,4991,5,2,8001,248,3246,1984,25968,12,100,200509,9491,0,22,1,3,113,NORMAL,0,2,0,5,163,77,3,166,2922,45,113,0,32,75,2
211295,25,bully,6928,2,1,817,42,3269,336,26152,48,100,204367,1634,4000,56,1,0,113,NORMAL,0,0,1,2,40,0,0,167,2942,47,113,0,0,0,6
210818,14,bully,6441,2,1,1522,26,3227,208,25816,48,100,204377,1623,4000,56,1,0,113,NORMAL,0,0,1,2,24,0,0,162,2905,47,113,0,0,0,6
210520,41,bully,6135,1,1,2442,53,3160,424,25280,48,100,204385,2442,3174,55,0,0,113,NORMAL,0,0,1,1,52,0,0,159,2841,47,113,0,0,0,6
210435,96,bully,4435,4,2,8002,247,3146,1976,25168,8,100,199977,10024,0,17,1,3,111,NORMAL,0,2,0,4,155,85,3,157,2833,45,111,0,34,83,0
210543,34,bully,6149,2,2,109,48,3165,384,25320,48,100,204394,109,5498,57,1,0,113,NORMAL,0,0,2,2,46,0,0,158,2847,47,113,0,0,0,6
211158,28,bully,6759,1,1,2370,45,3259,360,26072,48,100,204399,2370,3231,55,0,0,113,NORMAL,0,0,1,1,44,0,0,167,2932,47,113,0,0,0,6
210956,11,bully,6542,2,2,377,20,3246,160,25968,48,100,204414,377,5210,57,1,0,113,NORMAL,0,0,2,2,18,0,0,163,2923,47,113,0,0,0,6
210684,17,bully,6251,2,2,130,31,3185,248,25480,48,100,204433,130,5438,57,1,0,113,NORMAL,0,0,2,2,29,0,0,160,2865,47,113,0,0,0,6
210708,90,bully,4708,4,1,4001,182,3187,1456,25496,16,100,201098,8903,0,24,1,1,113,NORMAL,0,1,0,4,155,22,1,162,2866,46,113,0,29,21,2
210465,3,bully,6023,2,2,65,5,3166,40,25328,48,100,204442,65,5494,57,1,0,113,NORMAL,0,0,2,2,3,0,0,155,2851,47,113,0,0,0,6
210593,9,bully,6139,2,2,341,16,3180,128,25440,48,100,204454,341,5206,57,1,0,113,NORMAL,0,0,2,2,14,0,0,158,2862,47,113,0,0,0,6
211144,60,bully,5144,5,1,4001,125,3255,1000,26040,32,100,203178,6823,0,42,1,1,112,NORMAL,0,1,0,5,99,20,1,164,2932,47,112,0,14,19,3
210856,98,bully,4856,5,2,8002,266,3220,2128,25760,3,100,198807,11194,0,14,1,4,113,NORMAL,0,2,0,5,162,95,4,164,2896,47,113,0,40,93,0
211289,91,bully,5289,4,1,4001,188,3259,1504,26072,16,100,201098,8903,0,24,1,1,112,NORMAL,0,1,0,4,161,22,1,168,2932,47,112,0,30,21,2
210737,26,bully,6257,1,1,2984,41,3188,328,25504,48,100,204480,2984,2536,55,0,0,113,NORMAL,0,0,1,1,40,0,0,161,2867,47,113,0,0,0,6
210722,58,bully,4722,8,7,5923,120,3179,960,25432,32,100,203178,6099,723,51,1,1,112,NORMAL,0,1,6,8,91,20,1,159,2861,47,112,0,14,19,3
210994,52,bully,4994,4,1,4000,106,3216,848,25728,36,100,203654,6346,0,44,1,1,113,NORMAL,0,1,0,4,81,20,1,162,2895,46,113,0,11,19,4
210704,5,bully,6155,2,2,512,9,3190,72,25520,48,100,204549,512,4940,57,1,0,113,NORMAL,0,0,2,2,7,0,0,158,2872,47,113,0,0,0,6
210885,45,bully,4885,2,1,4001,70,3211,560,25688,48,100,205970,4031,0,55,1,0,113,NORMAL,0,1,0,2,56,12,0,160,2891,47,113,0,1,11,6
211331,21,bully,6762,1,1,1497,37,3258,296,26064,48,100,204569,1497,3934,55,0,0,113,NORMAL,0,0,1,1,36,0,0,167,2931,47,113,0,0,0,6
210873,23,bully,6263,1,1,3129,38,3191,304,25528,48,100,204610,3129,2261,55,0,0,113,NORMAL,0,0,1,1,37,0,0,161,2870,47,113,0,0,0,6
210652,81,bully,4652,7,1,4000,166,3130,1328,25040,26,100,202567,7433,0,37,1,1,113,NORMAL,0,1,0,7,138,20,1,156,2814,47,113,0,21,19,3
211482,74,bully,5485,7,1,4003,155,3252,1240,26016,26,100,202581,7419,0,37,1,1,113,NORMAL,0,1,0,7,128,19,1,166,2929,44,113,0,18,18,3
210941,43,bully,4941,1,1,4001,67,3182,536,25456,48,100,206000,4001,0,54,1,0,113,NORMAL,0,1,0,1,54,12,0,162,2861,46,113,0,0,11,6
211176,6,bully,6432,2,2,794,11,3240,88,25920,48,100,204744,794,4463,57,1,0,113,NORMAL,0,0,2,2,9,0,0,162,2918,47,113,0,0,0,6
211454,73,bully,5454,8,1,4001,153,3246,1224,25968,28,100,202670,7331,0,41,1,1,113,NORMAL,0,1,0,8,125,19,1,165,2921,47,113,0,18,18,3
211635,39,bully,6876,1,1,3278,53,3258,424,26064,48,100,204759,3278,1964,55,0,0,113,NORMAL,0,0,1,1,52,0,0,167,2931,47,113,0,0,0,6
210906,84,bully,4906,7,1,4001,174,3155,1392,25240,21,100,202429,7572,0,33,1,1,113,NORMAL,0,1,0,7,146,20,1,160,2838,44,113,0,22,19,3
211084,89,bully,5084,6,1,4000,178,3184,1424,25472,18,100,201439,8561,0,28,1,1,113,NORMAL,0,1,0,6,153,18,1,160,2864,47,113,0,29,17,3
211401,86,bully,5401,8,1,4000,180,3232,1440,25856,20,100,201893,8107,0,33,1,1,113,NORMAL,0,1,0,8,153,18,1,165,2907,47,113,0,26,17,3
211567,19,bully,6722,1,1,1563,34,3261,272,26088,48,100,204845,1563,3592,55,0,0,113,NORMAL,0,0,1,1,33,0,0,166,2935,47,113,0,0,0,6
211688,48,bully,5688,4,2,5054,84,3259,672,26072,41,100,204454,5240,306,50,1,1,112,NORMAL,0,1,1,4,65,14,1,165,2937,45,112,0,6,13,5
211685,10,bully,6814,2,2,204,18,3274,144,26192,48,100,204871,204,4925,57,1,0,113,NORMAL,0,0,2,2,16,0,0,166,2948,47,113,0,0,0,6
211430,22,bully,6546,1,1,2812,38,3238,304,25904,48,100,204884,2812,2304,55,0,0,113,NORMAL,0,0,1,1,37,0,0,164,2914,47,113,0,0,0,6
210926,75,bully,4926,7,1,4001,145,3142,1160,25136,26,100,202567,7434,0,37,1,1,113,NORMAL,0,1,0,7,121,16,1,156,2826,47,113,0,21,15,3
211837,56,bully,5837,5,1,4000,112,3260,896,26080,32,100,203178,6822,0,42,1,1,113,NORMAL,0,1,0,5,91,15,1,167,2933,47,113,0,14,14,3
211347,18,bully,6426,1,1,1601,33,3220,264,25760,48,100,204921,1601,3478,55,0,0,113,NORMAL,0,0,1,1,32,0,0,163,2897,47,113,0,0,0,6
211674,80,bully,5674,7,1,4001,168,3246,1344,25968,26,100,202567,7434,0,37,1,1,113,NORMAL,0,1,0,7,144,16,1,165,2921,47,113,0,21,15,3
211272,38,bully,5272,1,1,4000,60,3209,480,25672,49,100,206000,4000,0,55,1,0,113,NORMAL,0,1,0,1,50,9,0,162,2887,47,113,0,0,8,6
211365,2,bully,6399,2,2,318,3,3243,24,25944,48,100,204966,318,4717,57,1,0,113,NORMAL,0,0,2,2,1,0,0,162,2921,47,113,0,0,0,6
211264,67,bully,5266,7,1,4002,137,3190,1096,25520,29,100,203121,6879,0,41,1,1,113,NORMAL,0,1,0,7,114,15,1,162,2868,47,113,0,17,14,3
211128,92,bully,5128,4,1,4000,174,3154,1392,25232,16,100,201098,8902,0,24,1,1,113,NORMAL,0,1,0,4,153,16,1,160,2834,47,113,0,30,15,2
211280,57,bully,5280,5,3,5444,107,3169,856,25352,32,100,203178,6667,156,44,1,1,112,NORMAL,0,1,2,5,89,12,1,160,2850,47,112,0,14,11,3
211498,42,bully,5498,1,1,4000,62,3222,496,25776,49,100,206000,4000,0,55,1,0,113,NORMAL,0,1,0,1,54,7,0,163,2899,47,113,0,0,6,6
211840,12,bully,6746,2,2,796,22,3270,176,26160,48,100,205094,796,4110,57,1,0,113,NORMAL,0,0,2,2,20,0,0,166,2944,47,113,0,0,0,6
211590,31,bully,6480,1,1,2432,47,3226,376,25808,48,100,205110,2432,2459,55,0,0,113,NORMAL,0,0,1,1,46,0,0,163,2903,47,113,0,0,0,6
211552,51,bully,5552,6,4,4930,95,3205,760,25640,38,100,203786,5390,824,51,1,1,112,NORMAL,0,1,3,6,76,12,1,159,2889,45,112,0,9,11,5
211636,8,bully,6488,2,1,607,14,3243,112,25944,48,100,205148,852,4000,56,1,0,113,NORMAL,0,0,1,2,12,0,0,162,2921,47,113,0,0,0,6
211823,88,bully,5823,6,1,4001,176,3236,1408,25888,18,100,201439,8562,0,28,1,1,112,NORMAL,0,1,0,6,155,14,1,164,2915,45,112,0,27,13,3
211534,37,bully,6344,1,1,2238,50,3206,400,25648,48,100,205190,2238,2573,55,0,0,113,NORMAL,0,0,1,1,49,0,0,161,2885,47,113,0,0,0,6
211538,83,bully,5538,7,1,4001,167,3184,1336,25472,25,100,202567,7434,0,36,1,1,113,NORMAL,0,1,0,7,145,14,1,159,2866,46,113,0,21,13,3
211785,4,bully,6473,2,1,431,7,3249,56,25992,48,100,205312,688,4000,56,1,0,113,NORMAL,0,0,1,2,5,0,0,162,2927,47,113,0,0,0,6
211648,7,bully,6333,1,1,822,12,3221,96,25768,48,100,205315,822,3863,55,0,0,113,NORMAL,0,0,1,1,11,0,0,161,2900,47,113,0,0,0,6
211367,54,bully,5370,4,1,4004,97,3118,776,24944,32,100,203414,6587,0,41,1,1,112,NORMAL,0,1,0,4,82,10,1,156,2805,45,112,0,12,9,3
211334,66,bully,5334,6,1,4000,128,3130,1024,25040,29,100,203127,6873,0,40,1,1,113,NORMAL,0,1,0,6,110,11,1,156,2815,46,113,0,16,10,3
211620,71,bully,5620,8,2,4019,136,3185,1088,25480,28,100,202670,6896,435,42,1,0,113,NORMAL,0,1,1,8,117,11,0,160,2865,47,113,0,18,10,3
211959,79,bully,5959,7,1,4001,158,3226,1264,25808,26,100,202567,7434,0,37,1,0,113,NORMAL,0,1,0,7,140,11,0,164,2902,47,113,0,21,10,3
211741,100,bully,5740,3,3,12002,361,3101,2888,24808,1,100,197999,12002,0,6,1,103,13,LEADER,1,3,0,3,162,93,103,162,2885,41,13,0,41,90,0
211756,68,bully,5756,7,1,4001,131,3199,1048,25592,29,100,203123,6878,0,41,1,0,114,NORMAL,0,1,0,7,114,10,0,161,2877,47,114,0,17,9,3
211861,77,bully,5861,7,2,4067,147,3208,1176,25664,26,100,202567,7047,386,38,1,0,114,NORMAL,0,1,1,7,130,10,0,160,2887,47,114,0,21,9,3
211876,97,bully,5876,4,2,8001,250,3205,2000,25640,3,100,199147,10853,0,13,1,3,113,NORMAL,0,2,0,4,160,83,3,162,2887,43,113,0,36,81,0
211701,30,bully,5701,1,1,4000,49,3175,392,25400,49,100,206000,4000,0,55,1,0,114,NORMAL,0,1,0,1,45,3,0,160,2854,47,114,0,0,2,6
211892,65,bully,5892,6,1,4001,127,3198,1016,25584,30,100,203127,6874,0,41,1,0,114,NORMAL,0,1,0,6,112,9,0,161,2877,46,114,0,15,8,3
211974,53,bully,5974,5,1,4001,96,3211,768,25688,36,100,203536,6465,0,45,1,0,114,NORMAL,0,1,0,5,83,8,0,162,2888,47,114,0,12,7,4
211771,36,bully,5771,1,1,4001,53,3167,424,25336,49,100,206000,4001,0,55,1,0,114,NORMAL,0,1,0,1,49,3,0,159,2847,47,114,0,0,2,6
211810,32,bully,5810,1,1,4000,50,3140,400,25120,49,100,206000,4000,0,55,1,0,114,NORMAL,0,1,0,1,46,3,0,157,2822,47,114,0,0,2,6
211906,33,bully,5906,1,1,4000,49,3140,392,25120,49,100,206000,4000,0,55,1,0,114,NORMAL,0,1,0,1,46,2,0,157,2822,47,114,0,0,1,6
211921,1,bully,5968,1,1,75,1,3159,8,25272,48,100,205953,75,3972,55,0,0,114,NORMAL,0,0,1,1,0,0,0,156,2842,47,114,0,0,0,6
220148,70,bully,8180,7,2,4033,129,3263,1032,26104,28,100,210451,5550,4000,41,2,0,117,NORMAL,0,1,1,7,121,1,0,167,2933,46,117,0,17,0,3
220177,49,bully,8196,5,3,4481,74,3255,592,26040,40,100,211246,4667,4088,51,2,0,117,NORMAL,0,1,2,5,68,1,0,163,2929,46,117,0,8,0,5
220180,27,bully,6865,2,2,666,44,3260,352,26080,48,100,213315,666,6020,57,1,0,117,NORMAL,0,0,2,2,42,0,0,166,2930,47,117,0,0,0,6
220028,62,bully,7992,7,4,1101,112,3241,896,25928,31,100,210574,5328,4098,47,1,0,117,NORMAL,0,0,4,7,105,0,0,162,2915,47,117,0,14,0,3
220095,82,bully,7873,7,1,49,151,3222,1208,25776,25,100,210149,5852,4000,37,1,0,118,NORMAL,0,0,1,7,144,0,0,161,2896,47,118,0,21,0,3
220262,15,bully,6650,2,2,534,28,3257,224,26056,48,100,213612,534,5855,57,1,0,118,NORMAL,0,0,2,2,26,0,0,163,2929,47,118,0,0,0,6
220167,72,bully,7814,8,1,144,128,3224,1024,25792,27,100,210383,5618,4000,41,1,0,118,NORMAL,0,0,1,8,120,0,0,161,2898,47,118,0,18,0,3
220505,55,bully,8071,6,4,955,92,3256,736,26048,33,100,211035,4799,4167,48,1,0,118,NORMAL,0,0,4,6,86,0,0,162,2929,47,118,0,14,0,5
220383,44,bully,6585,2,1,3894,57,3246,456,25968,47,100,213768,3924,2309,55,0,0,118,NORMAL,0,0,1,2,55,0,0,163,2918,47,118,0,1,0,6
220367,76,bully,7916,9,3,746,137,3232,1096,25856,25,100,210378,3222,6400,41,1,0,118,NORMAL,0,0,3,9,128,0,0,162,2905,47,118,0,21,0,3
220014,94,bully,8475,5,2,4462,205,3172,1640,25376,14,100,208515,7486,4000,24,2,1,118,NORMAL,0,1,1,5,155,44,1,158,2849,47,118,0,32,43,2
220109,50,bully,7578,6,5,1963,76,3174,608,25392,39,100,211796,2020,6184,54,1,0,118,NORMAL,0,0,5,6,70,0,0,157,2852,47,118,0,9,0,5
220165,59,bully,7628,7,3,908,101,3180,808,25440,31,100,211075,2773,6153,46,1,0,118,NORMAL,0,0,3,7,94,0,0,159,2856,47,118,0,14,0,3
220789,78,bully,8249,10,5,2030,148,3236,1184,25888,25,100,210467,3253,6281,44,1,0,118,NORMAL,0,0,5,10,138,0,0,163,2908,47,118,0,21,0,3
220601,29,bully,6659,2,2,287,47,3251,376,26008,48,100,213942,287,5772,57,1,0,118,NORMAL,0,0,2,2,45,0,0,164,2922,47,118,0,0,0,6
220843,87,bully,4843,10,3,4919,196,3253,1568,26024,19,100,211893,7978,129,36,1,1,118,NORMAL,0,1,2,10,156,29,1,166,2923,46,118,0,26,28,3
220804,46,bully,6768,3,3,450,63,3262,504,26096,47,100,214006,450,5545,58,1,0,118,NORMAL,0,0,3,3,60,0,0,165,2932,47,118,0,1,0,6
220586,61,bully,7898,9,6,2536,109,3226,872,25808,31,100,211226,3290,5485,51,1,0,118,NORMAL,0,0,6,9,100,0,0,160,2901,47,118,0,14,0,3
220676,85,bully,4676,8,1,4000,189,3234,1512,25872,20,100,211893,8107,0,33,1,1,118,NORMAL,0,1,0,8,151,29,1,163,2907,46,118,0,25,28,3
220874,13,bully,6746,2,2,157,24,3273,192,26184,48,100,214128,157,5716,57,1,0,118,NORMAL,0,0,2,2,22,0,0,166,2942,47,118,0,0,0,6
220449,64,bully,7661,7,4,3920,115,3188,920,25504,30,100,211300,6279,2421,46,0,0,118,NORMAL,0,0,4,7,108,0,0,158,2865,47,118,0,15,0,3
221007,63,bully,5007,8,4,5342,144,3263,1152,26104,31,100,213178,6159,664,47,1,1,118,NORMAL,0,1,3,8,110,25,1,166,2933,46,118,0,14,24,3
221077,40,bully,6870,1,1,2139,54,3269,432,26152,48,100,214207,2139,3655,55,0,0,118,NORMAL,0,0,1,1,53,0,0,167,2937,47,118,0,0,0,6
220247,16,bully,6029,2,2,316,29,3148,232,25184,48,100,214218,316,5467,57,1,0,118,NORMAL,0,0,2,2,27,0,0,155,2828,47,118,0,0,0,6
220747,24,bully,6493,1,1,2251,40,3234,320,25872,48,100,214254,2251,3495,55,0,0,118,NORMAL,0,0,1,1,39,0,0,163,2906,47,118,0,0,0,6
220298,99,bully,4298,5,2,8002,262,3133,2096,25064,2,100,208765,11236,0,13,1,4,117,NORMAL,0,2,0,5,155,98,4,155,2815,46,117,0,40,96,0
220340,47,bully,4340,2,1,4001,82,3145,656,25160,43,100,215943,4058,0,49,1,1,117,NORMAL,0,1,0,2,61,18,1,155,2831,42,117,0,1,17,5
220571,93,bully,4571,4,3,7888,237,3186,1896,25488,14,100,210880,8859,262,24,1,3,118,NORMAL,0,1,2,4,155,75,3,160,2863,45,118,0,30,74,2
221198,69,bully,5198,7,1,4001,149,3267,1192,26136,29,100,213123,6878,0,41,1,1,118,NORMAL,0,1,0,7,119,22,1,166,2936,47,118,0,17,21,3
220331,35,bully,6005,2,1,871,50,3141,400,25128,48,100,214326,1675,4000,56,1,0,118,NORMAL,0,0,1,2,48,0,0,156,2820,47,118,0,0,0,6
221009,20,bully,6680,2,2,518,36,3254,288,26032,48,100,214329,518,5153,57,1,0,118,NORMAL,0,0,2,2,34,0,0,164,2925,47,118,0,0,0,6
220991,95,bully,4991,5,2,8001,248,3251,1984,26008,12,100,210509,9491,0,22,1,3,118,NORMAL,0,2,0,5,163,77,3,166,2922,45,118,0,32,75,2
221295,25,bully,6928,2,1,817,42,3274,336,26192,48,100,214367,1634,4000,56,1,0,118,NORMAL,0,0,1,2,40,0,0,167,2942,47,118,0,0,0,6
220818,14,bully,6441,2,1,1522,26,3232,208,25856,48,100,214377,1623,4000,56,1,0,118,NORMAL,0,0,1,2,24,0,0,162,2905,47,118,0,0,0,6
220520,41,bully,6135,1,1,2442,53,3165,424,25320,48,100,214385,2442,3174,55,0,0,118,NORMAL,0,0,1,1,52,0,0,159,2841,47,118,0,0,0,6
220435,96,bully,4435,4,2,8002,247,3151,1976,25208,8,100,209977,10024,0,17,1,3,116,NORMAL,0,2,0,4,155,85,3,157,2833,45,116,0,34,83,0
220543,34,bully,6149,2,2,109,48,3170,384,25360,48,100,214394,109,5498,57,1,0,118,NORMAL,0,0,2,2,46,0,0,158,2847,47,118,0,0,0,6
221158,28,bully,6759,1,1,2370,45,3264,360,26112,48,100,214399,2370,3231,55,0,0,118,NORMAL,0,0,1,1,44,0,0,167,2932,47,118,0,0,0,6
220956,11,bully,6542,2,2,377,20,3251,160,26008,48,100,214414,377,5210,57,1,0,118,NORMAL,0,0,2,2,18,0,0,163,2923,47,118,0,0,0,6
220684,17,bully,6251,2,2,130,31,3190,248,25520,48,100,214433,130,5438,57,1,0,118,NORMAL,0,0,2,2,29,0,0,160,2865,47,118,0,0,0,6
220708,90,bully,4708,4,1,4001,182,3192,1456,25536,16,100,211098,8903,0,24,1,1,118,NORMAL,0,1,0,4,155,22,1,162,2866,46,118,0,29,21,2
220465,3,bully,6023,2,2,65,5,3171,40,25368,48,100,214442,65,5494,57,1,0,118,NORMAL,0,0,2,2,3,0,0,155,2851,47,118,0,0,0,6
220593,9,bully,6139,2,2,341,16,3185,128,25480,48,100,214454,341,5206,57,1,0,118,NORMAL,0,0,2,2,14,0,0,158,2862,47,118,0,0,0,6
221144,60,bully,5144,5,1,4001,125,3260,1000,26080,32,100,213178,6823,0,42,1,1,117,NORMAL,0,1,0,5,99,20,1,164,2932,47,117,0,14,19,3
220856,98,bully,4856,5,2,8002,266,3225,2128,25800,3,100,208807,11194,0,14,1,4,118,NORMAL,0,2,0,5,162,95,4,164,2896,47,118,0,40,93,0
221289,91,bully,5289,4,1,4001,188,3264,1504,26112,16,100,211098,8903,0,24,1,1,117,NORMAL,0,1,0,4,161,22,1,168,2932,47,117,0,30,21,2
220737,26,bully,6257,1,1,2984,41,3193,328,25544,48,100,214480,2984,2536,55,0,0,118,NORMAL,0,0,1,1,40,0,0,161,2867,47,118,0,0,0,6
220722,58,bully,4722,8,7,5923,120,3184,960,25472,32,100,213178,6099,723,51,1,1,117,NORMAL,0,1,6,8,91,20,1,159,2861,47,117,0,14,19,3
220994,52,bully,4994,4,1,4000,106,3221,848,25768,36,100,213654,6346,0,44,1,1,118,NORMAL,0,1,0,4,81,20,1,162,2895,46,118,0,11,19,4
220704,5,bully,6155,2,2,512,9,3195,72,25560,48,100,214549,512,4940,57,1,0,118,NORMAL,0,0,2,2,7,0,0,158,2872,47,118,0,0,0,6
220885,45,bully,4885,2,1,4001,70,3216,560,25728,48,100,215970,4031,0,55,1,0,118,NORMAL,0,1,0,2,56,12,0,160,2891,47,118,0,1,11,6
221331,21,bully,6762,1,1,1497,37,3263,296,26104,48,100,214569,1497,3934,55,0,0,118,NORMAL,0,0,1,1,36,0,0,167,2931,47,118,0,0,0,6
220873,23,bully,6263,1,1,3129,38,3196,304,25568,48,100,214610,3129,2261,55,0,0,118,NORMAL,0,0,1,1,37,0,0,161,2870,47,118,0,0,0,6
220652,81,bully,4652,7,1,4000,166,3135,1328,25080,26,100,212567,7433,0,37,1,1,118,NORMAL,0,1,0,7,138,20,1,156,2814,47,118,0,21,19,3
221482,74,bully,5485,7,1,4003,155,3257,1240,26056,26,100,212581,7419,0,37,1,1,118,NORMAL,0,1,0,7,128,19,1,166,2929,44,118,0,18,18,3
220941,43,bully,4941,1,1,4001,67,3187,536,25496,48,100,216000,4001,0,54,1,0,118,NORMAL,0,1,0,1,54,12,0,162,2861,46,118,0,0,11,6
221176,6,bully,6432,2,2,794,11,3245,88,25960,48,100,214744,794,4463,57,1,0,118,NORMAL,0,0,2,2,9,0,0,162,2918,47,118,0,0,0,6
221454,73,bully,5454,8,1,4001,153,3251,1224,26008,28,100,212670,7331,0,41,1,1,118,NORMAL,0,1,0,8,125,19,1,165,2921,47,118,0,18,18,3
221635,39,bully,6876,1,1,3278,53,3263,424,26104,48,100,214759,3278,1964,55,0,0,118,NORMAL,0,0,1,1,52,0,0,167,2931,47,118,0,0,0,6
220906,84,bully,4906,7,1,4001,174,3160,1392,25280,21,100,212429,7572,0,33,1,1,118,NORMAL,0,1,0,7,146,20,1,160,2838,44,118,0,22,19,3
221084,89,bully,5084,6,1,4000,178,3189,1424,25512,18,100,211439,8561,0,28,1,1,118,NORMAL,0,1,0,6,153,18,1,160,2864,47,118,0,29,17,3
221401,86,bully,5401,8,1,4000,180,3237,1440,25896,20,100,211893,8107,0,33,1,1,118,NORMAL,0,1,0,8,153,18,1,165,2907,47,118,0,26,17,3
221567,19,bully,6722,1,1,1563,34,3266,272,26128,48,100,214845,1563,3592,55,0,0,118,NORMAL,0,0,1,1,33,0,0,166,2935,47,118,0,0,0,6
221688,48,bully,5688,4,2,5054,84,3264,672,26112,41,100,214454,5240,306,50,1,1,117,NORMAL,0,1,1,4,65,14,1,165,2937,45,117,0,6,13,5
221685,10,bully,6814,2,2,204,18,3279,144,26232,48,100,214871,204,4925,57,1,0,118,NORMAL,0,0,2,2,16,0,0,166,2948,47,118,0,0,0,6
221430,22,bully,6546,1,1,2812,38,3243,304,25944,48,100,214884,2812,2304,55,0,0,118,NORMAL,0,0,1,1,37,0,0,164,2914,47,118,0,0,0,6
220926,75,bully,4926,7,1,4001,145,3147,1160,25176,26,100,212567,7434,0,37,1,1,118,NORMAL,0,1,0,7,121,16,1,156,2826,47,118,0,21,15,3
221837,56,bully,5837,5,1,4000,112,3265,896,26120,32,100,213178,6822,0,42,1,1,118,NORMAL,0,1,0,5,91,15,1,167,2933,47,118,0,14,14,3
221347,18,bully,6426,1,1,1601,33,3225,264,25800,48,100,214921,1601,3478,55,0,0,118,NORMAL,0,0,1,1,32,0,0,163,2897,47,118,0,0,0,6
221674,80,bully,5674,7,1,4001,168,3251,1344,26008,26,100,212567,7434,0,37,1,1,118,NORMAL,0,1,0,7,144,16,1,165,2921,47,118,0,21,15,3
221272,38,bully,5272,1,1,4000,60,3214,480,25712,49,100,216000,4000,0,55,1,0,118,NORMAL,0,1,0,1,50,9,0,162,2887,47,118,0,0,8,6
221365,2,bully,6399,2,2,318,3,3248,24,25984,48,100,214966,318,4717,57,1,0,118,NORMAL,0,0,2,2,1,0,0,162,2921,47,118,0,0,0,6
221264,67,bully,5266,7,1,4002,137,3195,1096,25560,29,100,213121,6879,0,41,1,1,118,NORMAL,0,1,0,7,114,15,1,162,2868,47,118,0,17,14,3
221128,92,bully,5128,4,1,4000,174,3159,1392,25272,16,100,211098,8902,0,24,1,1,118,NORMAL,0,1,0,4,153,16,1,160,2834,47,118,0,30,15,2
221280,57,bully,5280,5,3,5444,107,3174,856,25392,32,100,213178,6667,156,44,1,1,117,NORMAL,0,1,2,5,89,12,1,160,2850,47,117,0,14,11,3
221498,42,bully,5498,1,1,4000,62,3227,496,25816,49,100,216000,4000,0,55,1,0,118,NORMAL,0,1,0,1,54,7,0,163,2899,47,118,0,0,6,6
221840,12,bully,6746,2,2,796,22,3275,176,26200,48,100,215094,796,4110,57,1,0,118,NORMAL,0,0,2,2,20,0,0,166,2944,47,118,0,0,0,6
221590,31,bully,6480,1,1,2432,47,3231,376,25848,48,100,215110,2432,2459,55,0,0,118,NORMAL,0,0,1,1,46,0,0,163,2903,47,118,0,0,0,6
221552,51,bully,5552,6,4,4930,95,3210,760,25680,38,100,213786,5390,824,51,1,1,117,NORMAL,0,1,3,6,76,12,1,159,2889,45,117,0,9,11,5
221636,8,bully,6488,2,1,607,14,3248,112,25984,48,100,215148,852,4000,56,1,0,118,NORMAL,0,0,1,2,12,0,0,162,2921,47,118,0,0,0,6
221823,88,bully,5823,6,1,4001,176,3241,1408,25928,18,100,211439,8562,0,28,1,1,117,NORMAL,0,1,0,6,155,14,1,164,2915,45,117,0,27,13,3
221534,37,bully,6344,1,1,2238,50,3211,400,25688,48,100,215190,2238,2573,55,0,0,118,NORMAL,0,0,1,1,49,0,0,161,2885,47,118,0,0,0,6
221538,83,bully,5538,7,1,4001,167,3189,1336,25512,25,100,212567,7434,0,36,1,1,118,NORMAL,0,1,0,7,145,14,1,159,2866,46,118,0,21,13,3
221785,4,bully,6473,2,1,431,7,3254,56,26032,48,100,215312,688,4000,56,1,0,118,NORMAL,0,0,1,2,5,0,0,162,2927,47,118,0,0,0,6
221648,7,bully,6333,1,1,822,12,3226,96,25808,48,100,215315,822,3863,55,0,0,118,NORMAL,0,0,1,1,11,0,0,161,2900,47,118,0,0,0,6
221367,54,bully,5370,4,1,4004,97,3123,776,24984,32,100,213414,6587,0,41,1,1,117,NORMAL,0,1,0,4,82,10,1,156,2805,45,117,0,12,9,3
221334,66,bully,5334,6,1,4000,128,3135,1024,25080,29,100,213127,6873,0,40,1,1,118,NORMAL,0,1,0,6,110,11,1,156,2815,46,118,0,16,10,3
221620,71,bully,5620,8,2,4019,136,3190,1088,25520,28,100,212670,6896,435,42,1,0,118,NORMAL,0,1,1,8,117,11,0,160,2865,47,118,0,18,10,3
221959,79,bully,5959,7,1,4001,158,3231,1264,25848,26,100,212567,7434,0,37,1,0,118,NORMAL,0,1,0,7,140,11,0,164,2902,47,118,0,21,10,3
221741,100,bully,5740,3,3,12002,366,3101,2928,24808,1,100,207999,12002,0,6,1,108,13,LEADER,1,3,0,3,162,93,108,162,2885,41,13,0,41,90,0
221756,68,bully,5756,7,1,4001,131,3204,1048,25632,29,100,213123,6878,0,41,1,0,119,NORMAL,0,1,0,7,114,10,0,161,2877,47,119,0,17,9,3
221861,77,bully,5861,7,2,4067,147,3213,1176,25704,26,100,212567,7047,386,38,1,0,119,NORMAL,0,1,1,7,130,10,0,160,2887,47,119,0,21,9,3
221876,97,bully,5876,4,2,8001,250,3210,2000,25680,3,100,209147,10853,0,13,1,3,118,NORMAL,0,2,0,4,160,83,3,162,2887,43,118,0,36,81,0
221701,30,bully,5701,1,1,4000,49,3180,392,25440,49,100,216000,4000,0,55,1,0,119,NORMAL,0,1,0,1,45,3,0,160,2854,47,119,0,0,2,6
221892,65,bully,5892,6,1,4001,127,3203,1016,25624,30,100,213127,6874,0,41,1,0,119,NORMAL,0,1,0,6,112,9,0,161,2877,46,119,0,15,8,3
221974,53,bully,5974,5,1,4001,96,3216,768,25728,36,100,213536,6465,0,45,1,0,119,NORMAL,0,1,0,5,83,8,0,162,2888,47,119,0,12,7,4
221771,36,bully,5771,1,1,4001,53,3172,424,25376,49,100,216000,4001,0,55,1,0,119,NORMAL,0,1,0,1,49,3,0,159,2847,47,119,0,0,2,6
221810,32,bully,5810,1,1,4000,50,3145,400,25160,49,100,216000,4000,0,55,1,0,119,NORMAL,0,1,0,1,46,3,0,157,2822,47,119,0,0,2,6
221906,33,bully,5906,1,1,4000,49,3145,392,25160,49,100,216000,4000,0,55,1,0,119,NORMAL,0,1,0,1,46,2,0,157,2822,47,119,0,0,1,6
221921,1,bully,5968,1,1,75,1,3164,8,25312,48,100,215953,75,3972,55,0,0,119,NORMAL,0,0,1,1,0,0,0,156,2842,47,119,0,0,0,6
230148,70,bully,8180,7,2,4033,129,3268,1032,26144,28,100,220451,5550,4000,41,2,0,122,NORMAL,0,1,1,7,121,1,0,167,2933,46,122,0,17,0,3
230177,49,bully,8196,5,3,4481,74,3260,592,26080,40,100,221246,4667,4088,51,2,0,122,NORMAL,0,1,2,5,68,1,0,163,2929,46,122,0,8,0,5
230180,27,bully,6865,2,2,666,44,3265,352,26120,48,100,223315,666,6020,57,1,0,122,NORMAL,0,0,2,2,42,0,0,166,2930,47,122,0,0,0,6
230028,62,bully,7992,7,4,1101,112,3246,896,25968,31,100,220574,5328,4098,47,1,0,122,NORMAL,0,0,4,7,105,0,0,162,2915,47,122,0,14,0,3
230095,82,bully,7873,7,1,49,151,3227,1208,25816,25,100,220149,5852,4000,37,1,0,123,NORMAL,0,0,1,7,144,0,0,161,2896,47,123,0,21,0,3
230262,15,bully,6650,2,2,534,28,3262,224,26096,48,100,223612,534,5855,57,1,0,123,NORMAL,0,0,2,2,26,0,0,163,2929,47,123,0,0,0,6
230167,72,bully,7814,8,1,144,128,3229,1024,25832,27,100,220383,5618,4000,41,1,0,123,NORMAL,0,0,1,8,120,0,0,161,2898,47,123,0,18,0,3
230505,55,bully,8071,6,4,955,92,3261,736,26088,33,100,221035,4799,4167,48,1,0,123,NORMAL,0,0,4,6,86,0,0,162,2929,47,123,0,14,0,5
230383,44,bully,6585,2,1,3894,57,3251,456,26008,47,100,223768,3924,2309,55,0,0,123,NORMAL,0,0,1,2,55,0,0,163,2918,47,123,0,1,0,6
230367,76,bully,7916,9,3,746,137,3237,1096,25896,25,100,220378,3222,6400,41,1,0,123,NORMAL,0,0,3,9,128,0,0,162,2905,47,123,0,21,0,3
230014,94,bully,8475,5,2,4462,205,3177,1640,25416,14,100,218515,7486,4000,24,2,1,123,NORMAL,0,1,1,5,155,44,1,158,2849,47,123,0,32,43,2
230109,50,bully,7578,6,5,1963,76,3179,608,25432,39,100,221796,2020,6184,54,1,0,123,NORMAL,0,0,5,6,70,0,0,157,2852,47,123,0,9,0,5
230165,59,bully,7628,7,3,908,101,3185,808,25480,31,100,221075,2773,6153,46,1,0,123,NORMAL,0,0,3,7,94,0,0,159,2856,47,123,0,14,0,3
230789,78,bully,8249,10,5,2030,148,3241,1184,25928,25,100,220467,3253,6281,44,1,0,123,NORMAL,0,0,5,10,138,0,0,163,2908,47,123,0,21,0,3
230601,29,bully,6659,2,2,287,47,3256,376,26048,48,100,223942,287,5772,57,1,0,123,NORMAL,0,0,2,2,45,0,0,164,2922,47,123,0,0,0,6
230843,87,bully,4843,10,3,4919,196,3258,1568,26064,19,100,221893,7978,129,36,1,1,123,NORMAL,0,1,2,10,156,29,1,166,2923,46,123,0,26,28,3
230804,46,bully,6768,3,3,450,63,3267,504,26136,47,100,224006,450,5545,58,1,0,123,NORMAL,0,0,3,3,60,0,0,165,2932,47,123,0,1,0,6
230586,61,bully,7898,9,6,2536,109,3231,872,25848,31,100,221226,3290,5485,51,1,0,123,NORMAL,0,0,6,9,100,0,0,160,2901,47,123,0,14,0,3
230676,85,bully,4676,8,1,4000,189,3239,1512,25912,20,100,221893,8107,0,33,1,1,123,NORMAL,0,1,0,8,151,29,1,163,2907,46,123,0,25,28,3
230874,13,bully,6746,2,2,157,24,3278,192,26224,48,100,224128,157,5716,57,1,0,123,NORMAL,0,0,2,2,22,0,0,166,2942,47,123,0,0,0,6
230449,64,bully,7661,7,4,3920,115,3193,920,25544,30,100,221300,6279,2421,46,0,0,123,NORMAL,0,0,4,7,108,0,0,158,2865,47,123,0,15,0,3
231007,63,bully,5007,8,4,5342,144,3268,1152,26144,31,100,223178,6159,664,47,1,1,123,NORMAL,0,1,3,8,110,25,1,166,2933,46,123,0,14,24,3
231077,40,bully,6870,1,1,2139,54,3274,432,26192,48,100,224207,2139,3655,55,0,0,123,NORMAL,0,0,1,1,53,0,0,167,2937,47,123,0,0,0,6
230247,16,bully,6029,2,2,316,29,3153,232,25224,48,100,224218,316,5467,57,1,0,123,NORMAL,0,0,2,2,27,0,0,155,2828,47,123,0,0,0,6
230747,24,bully,6493,1,1,2251,40,3239,320,25912,48,100,224254,2251,3495,55,0,0,123,NORMAL,0,0,1,1,39,0,0,163,2906,47,123,0,0,0,6
230298,99,bully,4298,5,2,8002,262,3138,2096,25104,2,100,218765,11236,0,13,1,4,122,NORMAL,0,2,0,5,155,98,4,155,2815,46,122,0,40,96,0
230340,47,bully,4340,2,1,4001,82,3150,656,25200,43,100,225943,4058,0,49,1,1,122,NORMAL,0,1,0,2,61,18,1,155,2831,42,122,0,1,17,5
230571,93,bully,4571,4,3,7888,237,3191,1896,25528,14,100,220880,8859,262,24,1,3,123,NORMAL,0,1,2,4,155,75,3,160,2863,45,123,0,30,74,2
231198,69,bully,5198,7,1,4001,149,3272,1192,26176,29,100,223123,6878,0,41,1,1,123,NORMAL,0,1,0,7,119,22,1,166,2936,47,123,0,17,21,3
230331,35,bully,6005,2,1,871,50,3146,400,25168,48,100,224326,1675,4000,56,1,0,123,NORMAL,0,0,1,2,48,0,0,156,2820,47,123,0,0,0,6
231009,20,bully,6680,2,2,518,36,3259,288,26072,48,100,224329,518,5153,57,1,0,123,NORMAL,0,0,2,2,34,0,0,164,2925,47,123,0,0,0,6
230991,95,bully,4991,5,2,8001,248,3256,1984,26048,12,100,220509,9491,0,22,1,3,123,NORMAL,0,2,0,5,163,77,3,166,2922,45,123,0,32,75,2
231295,25,bully,6928,2,1,817,42,3279,336,26232,48,100,224367,1634,4000,56,1,0,123,NORMAL,0,0,1,2,40,0,0,167,2942,47,123,0,0,0,6
230818,14,bully,6441,2,1,1522,26,3237,208,25896,48,100,224377,1623,4000,56,1,0,123,NORMAL,0,0,1,2,24,0,0,162,2905,47,123,0,0,0,6
230520,41,bully,6135,1,1,2442,53,3170,424,25360,48,100,224385,2442,3174,55,0,0,123,NORMAL,0,0,1,1,52,0,0,159,2841,47,123,0,0,0,6
230435,96,bully,4435,4,2,8002,247,3156,1976,25248,8,100,219977,10024,0,17,1,3,121,NORMAL,0,2,0,4,155,85,3,157,2833,45,121,0,34,83,0
230543,34,bully,6149,2,2,109,48,3175,384,25400,48,100,224394,109,5498,57,1,0,123,NORMAL,0,0,2,2,46,0,0,158,2847,47,123,0,0,0,6
231158,28,bully,6759,1,1,2370,45,3269,360,26152,48,100,224399,2370,3231,55,0,0,123,NORMAL,0,0,1,1,44,0,0,167,2932,47,123,0,0,0,6
230956,11,bully,6542,2,2,377,20,3256,160,26048,48,100,224414,377,5210,57,1,0,123,NORMAL,0,0,2,2,18,0,0,163,2923,47,123,0,0,0,6
230684,17,bully,6251,2,2,130,31,3195,248,25560,48,100,224433,130,5438,57,1,0,123,NORMAL,0,0,2,2,29,0,0,160,2865,47,123,0,0,0,6
230708,90,bully,4708,4,1,4001,182,3197,1456,25576,16,100,221098,8903,0,24,1,1,123,NORMAL,0,1,0,4,155,22,1,162,2866,46,123,0,29,21,2
230465,3,bully,6023,2,2,65,5,3176,40,25408,48,100,224442,65,5494,57,1,0,123,NORMAL,0,0,2,2,3,0,0,155,2851,47,123,0,0,0,6
230593,9,bully,6139,2,2,341,16,3190,128,25520,48,100,224454,341,5206,57,1,0,123,NORMAL,0,0,2,2,14,0,0,158,2862,47,123,0,0,0,6
231144,60,bully,5144,5,1,4001,125,3265,1000,26120,32,100,223178,6823,0,42,1,1,122,NORMAL,0,1,0,5,99,20,1,164,2932,47,122,0,14,19,3
230856,98,bully,4856,5,2,8002,266,3230,2128,25840,3,100,218807,11194,0,14,1,4,123,NORMAL,0,2,0,5,162,95,4,164,2896,47,123,0,40,93,0
231289,91,bully,5289,4,1,4001,188,3269,1504,26152,16,100,221098,8903,0,24,1,1,122,NORMAL,0,1,0,4,161,22,1,168,2932,47,122,0,30,21,2
230737,26,bully,6257,1,1,2984,41,3198,328,25584,48,100,224480,2984,2536,55,0,0,123,NORMAL,0,0,1,1,40,0,0,161,2867,47,123,0,0,0,6
230722,58,bully,4722,8,7,5923,120,3189,960,25512,32,100,223178,6099,723,51,1,1,122,NORMAL,0,1,6,8,91,20,1,159,2861,47,122,0,14,19,3
230994,52,bully,4994,4,1,4000,106,3226,848,25808,36,100,223654,6346,0,44,1,1,123,NORMAL,0,1,0,4,81,20,1,162,2895,46,123,0,11,19,4
230704,5,bully,6155,2,2,512,9,3200,72,25600,48,100,224549,512,4940,57,1,0,123,NORMAL,0,0,2,2,7,0,0,158,2872,47,123,0,0,0,6
230885,45,bully,4885,2,1,4001,70,3221,560,25768,48,100,225970,4031,0,55,1,0,123,NORMAL,0,1,0,2,56,12,0,160,2891,47,123,0,1,11,6
231331,21,bully,6762,1,1,1497,37,3268,296,26144,48,100,224569,1497,3934,55,0,0,123,NORMAL,0,0,1,1,36,0,0,167,2931,47,123,0,0,0,6
230873,23,bully,6263,1,1,3129,38,3201,304,25608,48,100,224610,3129,2261,55,0,0,123,NORMAL,0,0,1,1,37,0,0,161,2870,47,123,0,0,0,6
230652,81,bully,4652,7,1,4000,166,3140,1328,25120,26,100,222567,7433,0,37,1,1,123,NORMAL,0,1,0,7,138,20,1,156,2814,47,123,0,21,19,3
231482,74,bully,5485,7,1,4003,155,3262,1240,26096,26,100,222581,7419,0,37,1,1,123,NORMAL,0,1,0,7,128,19,1,166,2929,44,123,0,18,18,3
230941,43,bully,4941,1,1,4001,67,3192,536,25536,48,100,226000,4001,0,54,1,0,123,NORMAL,0,1,0,1,54,12,0,162,2861,46,123,0,0,11,6
231176,6,bully,6432,2,2,794,11,3250,88,26000,48,100,224744,794,4463,57,1,0,123,NORMAL,0,0,2,2,9,0,0,162,2918,47,123,0,0,0,6
231454,73,bully,5454,8,1,4001,153,3256,1224,26048,28,100,222670,7331,0,41,1,1,123,NORMAL,0,1,0,8,125,19,1,165,2921,47,123,0,18,18,3
231635,39,bully,6876,1,1,3278,53,3268,424,26144,48,100,224759,3278,1964,55,0,0,123,NORMAL,0,0,1,1,52,0,0,167,2931,47,123,0,0,0,6
230906,84,bully,4906,7,1,4001,174,3165,1392,25320,21,100,222429,7572,0,33,1,1,123,NORMAL,0,1,0,7,146,20,1,160,2838,44,123,0,22,19,3
231084,89,bully,5084,6,1,4000,178,3194,1424,25552,18,100,221439,8561,0,28,1,1,123,NORMAL,0,1,0,6,153,18,1,160,2864,47,123,0,29,17,3
231401,86,bully,5401,8,1,4000,180,3242,1440,25936,20,100,221893,8107,0,33,1,1,123,NORMAL,0,1,0,8,153,18,1,165,2907,47,123,0,26,17,3
231567,19,bully,6722,1,1,1563,34,3271,272,26168,48,100,224845,1563,3592,55,0,0,123,NORMAL,0,0,1,1,33,0,0,166,2935,47,123,0,0,0,6
231688,48,bully,5688,4,2,5054,84,3269,672,26152,41,100,224454,5240,306,50,1,1,122,NORMAL,0,1,1,4,65,14,1,165,2937,45,122,0,6,13,5
231685,10,bully,6814,2,2,204,18,3284,144,26272,48,100,224871,204,4925,57,1,0,123,NORMAL,0,0,2,2,16,0,0,166,2948,47,123,0,0,0,6
231430,22,bully,6546,1,1,2812,38,3248,304,25984,48,100,224884,2812,2304,55,0,0,123,NORMAL,0,0,1,1,37,0,0,164,2914,47,123,0,0,0,6
230926,75,bully,4926,7,1,4001,145,3152,1160,25216,26,100,222567,7434,0,37,1,1,123,NORMAL,0,1,0,7,121,16,1,156,2826,47,123,0,21,15,3
231837,56,bully,5837,5,1,4000,112,3270,896,26160,32,100,223178,6822,0,42,1,1,123,NORMAL,0,1,0,5,91,15,1,167,2933,47,123,0,14,14,3
231347,18,bully,6426,1,1,1601,33,3230,264,25840,48,100,224921,1601,3478,55,0,0,123,NORMAL,0,0,1,1,32,0,0,163,2897,47,123,0,0,0,6
231674,80,bully,5674,7,1,4001,168,3256,1344,26048,26,100,222567,7434,0,37,1,1,123,NORMAL,0,1,0,7,144,16,1,165,2921,47,123,0,21,15,3
231272,38,bully,5272,1,1,4000,60,3219,480,25752,49,100,226000,4000,0,55,1,0,123,NORMAL,0,1,0,1,50,9,0,162,2887,47,123,0,0,8,6
231365,2,bully,6399,2,2,318,3,3253,24,26024,48,100,224966,318,4717,57,1,0,123,NORMAL,0,0,2,2,1,0,0,162,2921,47,123,0,0,0,6
231264,67,bully,5266,7,1,4002,137,3200,1096,25600,29,100,223121,6879,0,41,1,1,123,NORMAL,0,1,0,7,114,15,1,162,2868,47,123,0,17,14,3
231128,92,bully,5128,4,1,4000,174,3164,1392,25312,16,100,221098,8902,0,24,1,1,123,NORMAL,0,1,0,4,153,16,1,160,2834,47,123,0,30,15,2
231280,57,bully,5280,5,3,5444,107,3179,856,25432,32,100,223178,6667,156,44,1,1,122,NORMAL,0,1,2,5,89,12,1,160,2850,47,122,0,14,11,3
231498,42,bully,5498,1,1,4000,62,3232,496,25856,49,100,226000,4000,0,55,1,0,123,NORMAL,0,1,0,1,54,7,0,163,2899,47,123,0,0,6,6
231840,12,bully,6746,2,2,796,22,3280,176,26240,48,100,225094,796,4110,57,1,0,123,NORMAL,0,0,2,2,20,0,0,166,2944,47,123,0,0,0,6
231590,31,bully,6480,1,1,2432,47,3236,376,25888,48,100,225110,2432,2459,55,0,0,123,NORMAL,0,0,1,1,46,0,0,163,2903,47,123,0,0,0,6
231552,51,bully,5552,6,4,4930,95,3215,760,25720,38,100,223786,5390,824,51,1,1,122,NORMAL,0,1,3,6,76,12,1,159,2889,45,122,0,9,11,5
231636,8,bully,6488,2,1,607,14,3253,112,26024,48,100,225148,852,4000,56,1,0,123,NORMAL,0,0,1,2,12,0,0,162,2921,47,123,0,0,0,6
231823,88,bully,5823,6,1,4001,176,3246,1408,25968,18,100,221439,8562,0,28,1,1,122,NORMAL,0,1,0,6,155,14,1,164,2915,45,122,0,27,13,3
231534,37,bully,6344,1,1,2238,50,3216,400,25728,48,100,225190,2238,2573,55,0,0,123,NORMAL,0,0,1,1,49,0,0,161,2885,47,123,0,0,0,6
231538,83,bully,5538,7,1,4001,167,3194,1336,25552,25,100,222567,7434,0,36,1,1,123,NORMAL,0,1,0,7,145,14,1,159,2866,46,123,0,21,13,3
231785,4,bully,6473,2,1,431,7,3259,56,26072,48,100,225312,688,4000,56,1,0,123,NORMAL,0,0,1,2,5,0,0,162,2927,47,123,0,0,0,6
231648,7,bully,6333,1,1,822,12,3231,96,25848,48,100,225315,822,3863,55,0,0,123,NORMAL,0,0,1,1,11,0,0,161,2900,47,123,0,0,0,6
231367,54,bully,5370,4,1,4004,97,3128,776,25024,32,100,223414,6587,0,41,1,1,122,NORMAL,0,1,0,4,82,10,1,156,2805,45,122,0,12,9,3
231334,66,bully,5334,6,1,4000,128,3140,1024,25120,29,100,223127,6873,0,40,1,1,123,NORMAL,0,1,0,6,110,11,1,156,2815,46,123,0,16,10,3
231620,71,bully,5620,8,2,4019,136,3195,1088,25560,28,100,222670,6896,435,42,1,0,123,NORMAL,0,1,1,8,117,11,0,160,2865,47,123,0,18,10,3
231959,79,bully,5959,7,1,4001,158,3236,1264,25888,26,100,222567,7434,0,37,1,0,123,NORMAL,0,1,0,7,140,11,0,164,2902,47,123,0,21,10,3
231741,100,bully,5740,3,3,12002,371,3101,2968,24808,1,100,217999,12002,0,6,1,113,13,LEADER,1,3,0,3,162,93,113,162,2885,41,13,0,41,90,0
231756,68,bully,5756,7,1,4001,131,3208,1048,25664,29,100,223123,6878,0,41,1,0,123,NORMAL,0,1,0,7,114,10,0,161,2877,47,123,0,17,9,3
231861,77,bully,5861,7,2,4067,147,3217,1176,25736,26,100,222567,7047,386,38,1,0,123,NORMAL,0,1,1,7,130,10,0,160,2887,47,123,0,21,9,3
231876,97,bully,5876,4,2,8001,250,3215,2000,25720,3,100,219147,10853,0,13,1,3,123,NORMAL,0,2,0,4,160,83,3,162,2887,43,123,0,36,81,0
231701,30,bully,5701,1,1,4000,49,3185,392,25480,49,100,226000,4000,0,55,1,0,124,NORMAL,0,1,0,1,45,3,0,160,2854,47,124,0,0,2,6
231892,65,bully,5892,6,1,4001,127,3208,1016,25664,30,100,223127,6874,0,41,1,0,124,NORMAL,0,1,0,6,112,9,0,161,2877,46,124,0,15,8,3
231974,53,bully,5974,5,1,4001,96,3221,768,25768,36,100,223536,6465,0,45,1,0,124,NORMAL,0,1,0,5,83,8,0,162,2888,47,124,0,12,7,4
231771,36,bully,5771,1,1,4001,53,3177,424,25416,49,100,226000,4001,0,55,1,0,124,NORMAL,0,1,0,1,49,3,0,159,2847,47,124,0,0,2,6
231810,32,bully,5810,1,1,4000,50,3150,400,25200,49,100,226000,4000,0,55,1,0,124,NORMAL,0,1,0,1,46,3,0,157,2822,47,124,0,0,2,6
231906,33,bully,5906,1,1,4000,49,3150,392,25200,49,100,226000,4000,0,55,1,0,124,NORMAL,0,1,0,1,46,2,0,157,2822,47,124,0,0,1,6
231921,1,bully,5968,1,1,75,1,3169,8,25352,48,100,225953,75,3972,55,0,0,124,NORMAL,0,0,1,1,0,0,0,156,2842,47,124,0,0,0,6
240148,70,bully,8180,7,2,4033,129,3273,1032,26184,28,100,230451,5550,4000,41,2,0,127,NORMAL,0,1,1,7,121,1,0,167,2933,46,127,0,17,0,3
240177,49,bully,8196,5,3,4481,74,3265,592,26120,40,100,231246,4667,4088,51,2,0,127,NORMAL,0,1,2,5,68,1,0,163,2929,46,127,0,8,0,5
240180,27,bully,6865,2,2,666,44,3270,352,26160,48,100,233315,666,6020,57,1,0,127,NORMAL,0,0,2,2,42,0,0,166,2930,47,127,0,0,0,6
240028,62,bully,7992,7,4,1101,112,3251,896,26008,31,100,230574,5328,4098,47,1,0,127,NORMAL,0,0,4,7,105,0,0,162,2915,47,127,0,14,0,3
240095,82,bully,7873,7,1,49,151,3232,1208,25856,25,100,230149,5852,4000,37,1,0,128,NORMAL,0,0,1,7,144,0,0,161,2896,47,128,0,21,0,3
240262,15,bully,6650,2,2,534,28,3267,224,26136,48,100,233612,534,5855,57,1,0,128,NORMAL,0,0,2,2,26,0,0,163,2929,47,128,0,0,0,6
240167,72,bully,7814,8,1,144,128,3234,1024,25872,27,100,230383,5618,4000,41,1,0,128,NORMAL,0,0,1,8,120,0,0,161,2898,47,128,0,18,0,3
240505,55,bully,8071,6,4,955,92,3266,736,26128,33,100,231035,4799,4167,48,1,0,128,NORMAL,0,0,4,6,86,0,0,162,2929,47,128,0,14,0,5
240383,44,bully,6585,2,1,3894,57,3256,456,26048,47,100,233768,3924,2309,55,0,0,128,NORMAL,0,0,1,2,55,0,0,163,2918,47,128,0,1,0,6
240367,76,bully,7916,9,3,746,137,3242,1096,25936,25,100,230378,3222,6400,41,1,0,128,NORMAL,0,0,3,9,128,0,0,162,2905,47,128,0,21,0,3
240014,94,bully,8475,5,2,4462,205,3182,1640,25456,14,100,228515,7486,4000,24,2,1,128,NORMAL,0,1,1,5,155,44,1,158,2849,47,128,0,32,43,2
240109,50,bully,7578,6,5,1963,76,3184,608,25472,39,100,231796,2020,6184,54,1,0,128,NORMAL,0,0,5,6,70,0,0,157,2852,47,128,0,9,0,5
240165,59,bully,7628,7,3,908,101,3190,808,25520,31,100,231075,2773,6153,46,1,0,128,NORMAL,0,0,3,7,94,0,0,159,2856,47,128,0,14,0,3
240789,78,bully,8249,10,5,2030,148,3246,1184,25968,25,100,230467,3253,6281,44,1,0,128,NORMAL,0,0,5,10,138,0,0,163,2908,47,128,0,21,0,3
240601,29,bully,6659,2,2,287,47,3261,376,26088,48,100,233942,287,5772,57,1,0,128,NORMAL,0,0,2,2,45,0,0,164,2922,47,128,0,0,0,6
240843,87,bully,4843,10,3,4919,196,3263,1568,26104,19,100,231893,7978,129,36,1,1,128,NORMAL,0,1,2,10,156,29,1,166,2923,46,128,0,26,28,3
240804,46,bully,6768,3,3,450,63,3272,504,26176,47,100,234006,450,5545,58,1,0,128,NORMAL,0,0,3,3,60,0,0,165,2932,47,128,0,1,0,6
240586,61,bully,7898,9,6,2536,109,3236,872,25888,31,100,231226,3290,5485,51,1,0,128,NORMAL,0,0,6,9,100,0,0,160,2901,47,128,0,14,0,3
240676,85,bully,4676,8,1,4000,189,3244,1512,25952,20,100,231893,8107,0,33,1,1,128,NORMAL,0,1,0,8,151,29,1,163,2907,46,128,0,25,28,3
240874,13,bully,6746,2,2,157,24,3283,192,26264,48,100,234128,157,5716,57,1,0,128,NORMAL,0,0,2,2,22,0,0,166,2942,47,128,0,0,0,6
240449,64,bully,7661,7,4,3920,115,3198,920,25584,30,100,231300,6279,2421,46,0,0,128,NORMAL,0,0,4,7,108,0,0,158,2865,47,128,0,15,0,3
241007,63,bully,5007,8,4,5342,144,3273,1152,26184,31,100,233178,6159,664,47,1,1,128,NORMAL,0,1,3,8,110,25,1,166,2933,46,128,0,14,24,3
241077,40,bully,6870,1,1,2139,54,3279,432,26232,48,100,234207,2139,3655,55,0,0,128,NORMAL,0,0,1,1,53,0,0,167,2937,47,128,0,0,0,6
240247,16,bully,6029,2,2,316,29,3158,232,25264,48,100,234218,316,5467,57,1,0,128,NORMAL,0,0,2,2,27,0,0,155,2828,47,128,0,0,0,6
240747,24,bully,6493,1,1,2251,40,3244,320,25952,48,100,234254,2251,3495,55,0,0,128,NORMAL,0,0,1,1,39,0,0,163,2906,47,128,0,0,0,6
240298,99,bully,4298,5,2,8002,262,3143,2096,25144,2,100,228765,11236,0,13,1,4,127,NORMAL,0,2,0,5,155,98,4,155,2815,46,127,0,40,96,0
240340,47,bully,4340,2,1,4001,82,3155,656,25240,43,100,235943,4058,0,49,1,1,127,NORMAL,0,1,0,2,61,18,1,155,2831,42,127,0,1,17,5
240571,93,bully,4571,4,3,7888,237,3196,1896,25568,14,100,230880,8859,262,24,1,3,128,NORMAL,0,1,2,4,155,75,3,160,2863,45,128,0,30,74,2
241198,69,bully,5198,7,1,4001,149,3277,1192,26216,29,100,233123,6878,0,41,1,1,128,NORMAL,0,1,0,7,119,22,1,166,2936,47,128,0,17,21,3
240331,35,bully,6005,2,1,871,50,3151,400,25208,48,100,234326,1675,4000,56,1,0,128,NORMAL,0,0,1,2,48,0,0,156,2820,47,128,0,0,0,6
241009,20,bully,6680,2,2,518,36,3264,288,26112,48,100,234329,518,5153,57,1,0,128,NORMAL,0,0,2,2,34,0,0,164,2925,47,128,0,0,0,6
240991,95,bully,4991,5,2,8001,248,3261,1984,26088,12,100,230509,9491,0,22,1,3,128,NORMAL,0,2,0,5,163,77,3,166,2922,45,128,0,32,75,2
241295,25,bully,6928,2,1,817,42,3284,336,26272,48,100,234367,1634,4000,56,1,0,128,NORMAL,0,0,1,2,40,0,0,167,2942,47,128,0,0,0,6
240818,14,bully,6441,2,1,1522,26,3242,208,25936,48,100,234377,1623,4000,56,1,0,128,NORMAL,0,0,1,2,24,0,0,162,2905,47,128,0,0,0,6
240520,41,bully,6135,1,1,2442,53,3175,424,25400,48,100,234385,2442,3174,55,0,0,128,NORMAL,0,0,1,1,52,0,0,159,2841,47,128,0,0,0,6
240435,96,bully,4435,4,2,8002,247,3161,1976,25288,8,100,229977,10024,0,17,1,3,126,NORMAL,0,2,0,4,155,85,3,157,2833,45,126,0,34,83,0
240543,34,bully,6149,2,2,109,48,3180,384,25440,48,100,234394,109,5498,57,1,0,128,NORMAL,0,0,2,2,46,0,0,158,2847,47,128,0,0,0,6
241158,28,bully,6759,1,1,2370,45,3274,360,26192,48,100,234399,2370,3231,55,0,0,128,NORMAL,0,0,1,1,44,0,0,167,2932,47,128,0,0,0,6
240956,11,bully,6542,2,2,377,20,3261,160,26088,48,100,234414,377,5210,57,1,0,128,NORMAL,0,0,2,2,18,0,0,163,2923,47,128,0,0,0,6
240684,17,bully,6251,2,2,130,31,3200,248,25600,48,100,234433,130,5438,57,1,0,128,NORMAL,0,0,2,2,29,0,0,160,2865,47,128,0,0,0,6
240708,90,bully,4708,4,1,4001,182,3202,1456,25616,16,100,231098,8903,0,24,1,1,128,NORMAL,0,1,0,4,155,22,1,162,2866,46,128,0,29,21,2
240465,3,bully,6023,2,2,65,5,3181,40,25448,48,100,234442,65,5494,57,1,0,128,NORMAL,0,0,2,2,3,0,0,155,2851,47,128,0,0,0,6
240593,9,bully,6139,2,2,341,16,3195,128,25560,48,100,234454,341,5206,57,1,0,128,NORMAL,0,0,2,2,14,0,0,158,2862,47,128,0,0,0,6
241144,60,bully,5144,5,1,4001,125,3270,1000,26160,32,100,233178,6823,0,42,1,1,127,NORMAL,0,1,0,5,99,20,1,164,2932,47,127,0,14,19,3
240856,98,bully,4856,5,2,8002,266,3235,2128,25880,3,100,228807,11194,0,14,1,4,128,NORMAL,0,2,0,5,162,95,4,164,2896,47,128,0,40,93,0
241289,91,bully,5289,4,1,4001,188,3274,1504,26192,16,100,231098,8903,0,24,1,1,127,NORMAL,0,1,0,4,161,22,1,168,2932,47,127,0,30,21,2
240737,26,bully,6257,1,1,2984,41,3203,328,25624,48,100,234480,2984,2536,55,0,0,128,NORMAL,0,0,1,1,40,0,0,161,2867,47,128,0,0,0,6
240722,58,bully,4722,8,7,5923,120,3194,960,25552,32,100,233178,6099,723,51,1,1,127,NORMAL,0,1,6,8,91,20,1,159,2861,47,127,0,14,19,3
240994,52,bully,4994,4,1,4000,106,3231,848,25848,36,100,233654,6346,0,44,1,1,128,NORMAL,0,1,0,4,81,20,1,162,2895,46,128,0,11,19,4
240704,5,bully,6155,2,2,512,9,3205,72,25640,48,100,234549,512,4940,57,1,0,128,NORMAL,0,0,2,2,7,0,0,158,2872,47,128,0,0,0,6
240885,45,bully,4885,2,1,4001,70,3226,560,25808,48,100,235970,4031,0,55,1,0,128,NORMAL,0,1,0,2,56,12,0,160,2891,47,128,0,1,11,6
241331,21,bully,6762,1,1,1497,37,3273,296,26184,48,100,234569,1497,3934,55,0,0,128,NORMAL,0,0,1,1,36,0,0,167,2931,47,128,0,0,0,6
240873,23,bully,6263,1,1,3129,38,3206,304,25648,48,100,234610,3129,2261,55,0,0,128,NORMAL,0,0,1,1,37,0,0,161,2870,47,128,0,0,0,6
240652,81,bully,4652,7,1,4000,166,3145,1328,25160,26,100,232567,7433,0,37,1,1,128,NORMAL,0,1,0,7,138,20,1,156,2814,47,128,0,21,19,3
241482,74,bully,5485,7,1,4003,155,3267,1240,26136,26,100,232581,7419,0,37,1,1,128,NORMAL,0,1,0,7,128,19,1,166,2929,44,128,0,18,18,3
240941,43,bully,4941,1,1,4001,67,3197,536,25576,48,100,236000,4001,0,54,1,0,128,NORMAL,0,1,0,1,54,12,0,162,2861,46,128,0,0,11,6
241176,6,bully,6432,2,2,794,11,3255,88,26040,48,100,234744,794,4463,57,1,0,128,NORMAL,0,0,2,2,9,0,0,162,2918,47,128,0,0,0,6
241454,73,bully,5454,8,1,4001,153,3261,1224,26088,28,100,232670,7331,0,41,1,1,128,NORMAL,0,1,0,8,125,19,1,165,2921,47,128,0,18,18,3
241635,39,bully,6876,1,1,3278,53,3273,424,26184,48,100,234759,3278,1964,55,0,0,128,NORMAL,0,0,1,1,52,0,0,167,2931,47,128,0,0,0,6
240906,84,bully,4906,7,1,4001,174,3170,1392,25360,21,100,232429,7572,0,33,1,1,128,NORMAL,0,1,0,7,146,20,1,160,2838,44,128,0,22,19,3
241084,89,bully,5084,6,1,4000,178,3199,1424,25592,18,100,231439,8561,0,28,1,1,128,NORMAL,0,1,0,6,153,18,1,160,2864,47,128,0,29,17,3
241401,86,bully,5401,8,1,4000,180,3247,1440,25976,20,100,231893,8107,0,33,1,1,128,NORMAL,0,1,0,8,153,18,1,165,2907,47,128,0,26,17,3
241567,19,bully,6722,1,1,1563,34,3276,272,26208,48,100,234845,1563,3592,55,0,0,128,NORMAL,0,0,1,1,33,0,0,166,2935,47,128,0,0,0,6
241688,48,bully,5688,4,2,5054,84,3274,672,26192,41,100,234454,5240,306,50,1,1,127,NORMAL,0,1,1,4,65,14,1,165,2937,45,127,0,6,13,5
241685,10,bully,6814,2,2,204,18,3289,144,26312,48,100,234871,204,4925,57,1,0,128,NORMAL,0,0,2,2,16,0,0,166,2948,47,128,0,0,0,6
241430,22,bully,6546,1,1,2812,38,3253,304,26024,48,100,234884,2812,2304,55,0,0,128,NORMAL,0,0,1,1,37,0,0,164,2914,47,128,0,0,0,6
240926,75,bully,4926,7,1,4001,145,3157,1160,25256,26,100,232567,7434,0,37,1,1,128,NORMAL,0,1,0,7,121,16,1,156,2826,47,128,0,21,15,3
241837,56,bully,5837,5,1,4000,112,3275,896,26200,32,100,233178,6822,0,42,1,1,128,NORMAL,0,1,0,5,91,15,1,167,2933,47,128,0,14,14,3
241347,18,bully,6426,1,1,1601,33,3235,264,25880,48,100,234921,1601,3478,55,0,0,128,NORMAL,0,0,1,1,32,0,0,163,2897,47,128,0,0,0,6
241674,80,bully,5674,7,1,4001,168,3261,1344,26088,26,100,232567,7434,0,37,1,1,128,NORMAL,0,1,0,7,144,16,1,165,2921,47,128,0,21,15,3
241272,38,bully,5272,1,1,4000,60,3224,480,25792,49,100,236000,4000,0,55,1,0,128,NORMAL,0,1,0,1,50,9,0,162,2887,47,128,0,0,8,6
241365,2,bully,6399,2,2,318,3,3258,24,26064,48,100,234966,318,4717,57,1,0,128,NORMAL,0,0,2,2,1,0,0,162,2921,47,128,0,0,0,6
241264,67,bully,5266,7,1,4002,137,3205,1096,25640,29,100,233121,6879,0,41,1,1,128,NORMAL,0,1,0,7,114,15,1,162,2868,47,128,0,17,14,3
241128,92,bully,5128,4,1,4000,174,3169,1392,25352,16,100,231098,8902,0,24,1,1,128,NORMAL,0,1,0,4,153,16,1,160,2834,47,128,0,30,15,2
241280,57,bully,5280,5,3,5444,107,3184,856,25472,32,100,233178,6667,156,44,1,1,127,NORMAL,0,1,2,5,89,12,1,160,2850,47,127,0,14,11,3
241498,42,bully,5498,1,1,4000,62,3237,496,25896,49,100,236000,4000,0,55,1,0,128,NORMAL,0,1,0,1,54,7,0,163,2899,47,128,0,0,6,6
241840,12,bully,6746,2,2,796,22,3285,176,26280,48,100,235094,796,4110,57,1,0,128,NORMAL,0,0,2,2,20,0,0,166,2944,47,128,0,0,0,6
241590,31,bully,6480,1,1,2432,47,3241,376,25928,48,100,235110,2432,2459,55,0,0,128,NORMAL,0,0,1,1,46,0,0,163,2903,47,128,0,0,0,6
241552,51,bully,5552,6,4,4930,95,3220,760,25760,38,100,233786,5390,824,51,1,1,127,NORMAL,0,1,3,6,76,12,1,159,2889,45,127,0,9,11,5
241636,8,bully,6488,2,1,607,14,3258,112,26064,48,100,235148,852,4000,56,1,0,128,NORMAL,0,0,1,2,12,0,0,162,2921,47,128,0,0,0,6
241823,88,bully,5823,6,1,4001,176,3251,1408,26008,18,100,231439,8562,0,28,1,1,127,NORMAL,0,1,0,6,155,14,1,164,2915,45,127,0,27,13,3
241534,37,bully,6344,1,1,2238,50,3221,400,25768,48,100,235190,2238,2573,55,0,0,128,NORMAL,0,0,1,1,49,0,0,161,2885,47,128,0,0,0,6
241538,83,bully,5538,7,1,4001,167,3199,1336,25592,25,100,232567,7434,0,36,1,1,128,NORMAL,0,1,0,7,145,14,1,159,2866,46,128,0,21,13,3
241785,4,bully,6473,2,1,431,7,3264,56,26112,48,100,235312,688,4000,56,1,0,128,NORMAL,0,0,1,2,5,0,0,162,2927,47,128,0,0,0,6
241648,7,bully,6333,1,1,822,12,3236,96,25888,48,100,235315,822,3863,55,0,0,128,NORMAL,0,0,1,1,11,0,0,161,2900,47,128,0,0,0,6
241367,54,bully,5370,4,1,4004,97,3133,776,25064,32,100,233414,6587,0,41,1,1,127,NORMAL,0,1,0,4,82,10,1,156,2805,45,127,0,12,9,3
241334,66,bully,5334,6,1,4000,128,3145,1024,25160,29,100,233127,6873,0,40,1,1,128,NORMAL,0,1,0,6,110,11,1,156,2815,46,128,0,16,10,3
241620,71,bully,5620,8,2,4019,136,3200,1088,25600,28,100,232670,6896,435,42,1,0,128,NORMAL,0,1,1,8,117,11,0,160,2865,47,128,0,18,10,3
241959,79,bully,5959,7,1,4001,158,3241,1264,25928,26,100,232567,7434,0,37,1,0,128,NORMAL,0,1,0,7,140,11,0,164,2902,47,128,0,21,10,3
241741,100,bully,5740,3,3,12002,376,3101,3008,24808,1,100,227999,12002,0,6,1,118,13,LEADER,1,3,0,3,162,93,118,162,2885,41,13,0,41,90,0
241756,68,bully,5756,7,1,4001,131,3214,1048,25712,29,100,233123,6878,0,41,1,0,129,NORMAL,0,1,0,7,114,10,0,161,2877,47,129,0,17,9,3
241861,77,bully,5861,7,2,4067,147,3223,1176,25784,26,100,232567,7047,386,38,1,0,129,NORMAL,0,1,1,7,130,10,0,160,2887,47,129,0,21,9,3
241876,97,bully,5876,4,2,8001,250,3220,2000,25760,3,100,229147,10853,0,13,1,3,128,NORMAL,0,2,0,4,160,83,3,162,2887,43,128,0,36,81,0
241701,30,bully,5701,1,1,4000,49,3190,392,25520,49,100,236000,4000,0,55,1,0,129,NORMAL,0,1,0,1,45,3,0,160,2854,47,129,0,0,2,6
241892,65,bully,5892,6,1,4001,127,3213,1016,25704,30,100,233127,6874,0,41,1,0,129,NORMAL,0,1,0,6,112,9,0,161,2877,46,129,0,15,8,3
241974,53,bully,5974,5,1,4001,96,3226,768,25808,36,100,233536,6465,0,45,1,0,129,NORMAL,0,1,0,5,83,8,0,162,2888,47,129,0,12,7,4
241771,36,bully,5771,1,1,4001,53,3182,424,25456,49,100,236000,4001,0,55,1,0,129,NORMAL,0,1,0,1,49,3,0,159,2847,47,129,0,0,2,6
241810,32,bully,5810,1,1,4000,50,3155,400,25240,49,100,236000,4000,0,55,1,0,129,NORMAL,0,1,0,1,46,3,0,157,2822,47,129,0,0,2,6
241906,33,bully,5906,1,1,4000,49,3155,392,25240,49,100,236000,4000,0,55,1,0,129,NORMAL,0,1,0,1,46,2,0,157,2822,47,129,0,0,1,6
241921,1,bully,5968,1,1,75,1,3174,8,25392,48,100,235953,75,3972,55,0,0,129,NORMAL,0,0,1,1,0,0,0,156,2842,47,129,0,0,0,6
250148,70,bully,8180,7,2,4033,129,3278,1032,26224,28,100,240451,5550,4000,41,2,0,132,NORMAL,0,1,1,7,121,1,0,167,2933,46,132,0,17,0,3
250177,49,bully,8196,5,3,4481,74,3270,592,26160,40,100,241246,4667,4088,51,2,0,132,NORMAL,0,1,2,5,68,1,0,163,2929,46,132,0,8,0,5
250180,27,bully,6865,2,2,666,44,3275,352,26200,48,100,243315,666,6020,57,1,0,132,NORMAL,0,0,2,2,42,0,0,166,2930,47,132,0,0,0,6
250028,62,bully,7992,7,4,1101,112,3256,896,26048,31,100,240574,5328,4098,47,1,0,132,NORMAL,0,0,4,7,105,0,0,162,2915,47,132,0,14,0,3
250095,82,bully,7873,7,1,49,151,3237,1208,25896,25,100,240149,5852,4000,37,1,0,133,NORMAL,0,0,1,7,144,0,0,161,2896,47,133,0,21,0,3
250262,15,bully,6650,2,2,534,28,3272,224,26176,48,100,243612,534,5855,57,1,0,133,NORMAL,0,0,2,2,26,0,0,163,2929,47,133,0,0,0,6
250167,72,bully,7814,8,1,144,128,3239,1024,25912,27,100,240383,5618,4000,41,1,0,133,NORMAL,0,0,1,8,120,0,0,161,2898,47,133,0,18,0,3
250505,55,bully,8071,6,4,955,92,3271,736,26168,33,100,241035,4799,4167,48,1,0,133,NORMAL,0,0,4,6,86,0,0,162,2929,47,133,0,14,0,5
250383,44,bully,6585,2,1,3894,57,3261,456,26088,47,100,243768,3924,2309,55,0,0,133,NORMAL,0,0,1,2,55,0,0,163,2918,47,133,0,1,0,6
250367,76,bully,7916,9,3,746,137,3247,1096,25976,25,100,240378,3222,6400,41,1,0,133,NORMAL,0,0,3,9,128,0,0,162,2905,47,133,0,21,0,3
250014,94,bully,8475,5,2,4462,205,3187,1640,25496,14,100,238515,7486,4000,24,2,1,133,NORMAL,0,1,1,5,155,44,1,158,2849,47,133,0,32,43,2
250109,50,bully,7578,6,5,1963,76,3189,608,25512,39,100,241796,2020,6184,54,1,0,133,NORMAL,0,0,5,6,70,0,0,157,2852,47,133,0,9,0,5
250165,59,bully,7628,7,3,908,101,3195,808,25560,31,100,241075,2773,6153,46,1,0,133,NORMAL,0,0,3,7,94,0,0,159,2856,47,133,0,14,0,3
250789,78,bully,8249,10,5,2030,148,3251,1184,26008,25,100,240467,3253,6281,44,1,0,133,NORMAL,0,0,5,10,138,0,0,163,2908,47,133,0,21,0,3
250601,29,bully,6659,2,2,287,47,3266,376,26128,48,100,243942,287,5772,57,1,0,133,NORMAL,0,0,2,2,45,0,0,164,2922,47,133,0,0,0,6
250843,87,bully,4843,10,3,4919,196,3268,1568,26144,19,100,241893,7978,129,36,1,1,133,NORMAL,0,1,2,10,156,29,1,166,2923,46,133,0,26,28,3
250804,46,bully,6768,3,3,450,63,3277,504,26216,47,100,244006,450,5545,58,1,0,133,NORMAL,0,0,3,3,60,0,0,165,2932,47,133,0,1,0,6
250586,61,bully,7898,9,6,2536,109,3241,872,25928,31,100,241226,3290,5485,51,1,0,133,NORMAL,0,0,6,9,100,0,0,160,2901,47,133,0,14,0,3
250676,85,bully,4676,8,1,4000,189,3249,1512,25992,20,100,241893,8107,0,33,1,1,133,NORMAL,0,1,0,8,151,29,1,163,2907,46,133,0,25,28,3
250874,13,bully,6746,2,2,157,24,3288,192,26304,48,100,244128,157,5716,57,1,0,133,NORMAL,0,0,2,2,22,0,0,166,2942,47,133,0,0,0,6
250449,64,bully,7661,7,4,3920,115,3203,920,25624,30,100,241300,6279,2421,46,0,0,133,NORMAL,0,0,4,7,108,0,0,158,2865,47,133,0,15,0,3
251007,63,bully,5007,8,4,5342,144,3278,1152,26224,31,100,243178,6159,664,47,1,1,133,NORMAL,0,1,3,8,110,25,1,166,2933,46,133,0,14,24,3
251077,40,bully,6870,1,1,2139,54,3284,432,26272,48,100,244207,2139,3655,55,0,0,133,NORMAL,0,0,1,1,53,0,0,167,2937,47,133,0,0,0,6
250247,16,bully,6029,2,2,316,29,3163,232,25304,48,100,244218,316,5467,57,1,0,133,NORMAL,0,0,2,2,27,0,0,155,2828,47,133,0,0,0,6
250747,24,bully,6493,1,1,2251,40,3249,320,25992,48,100,244254,2251,3495,55,0,0,133,NORMAL,0,0,1,1,39,0,0,163,2906,47,133,0,0,0,6
250298,99,bully,4298,5,2,8002,262,3148,2096,25184,2,100,238765,11236,0,13,1,4,132,NORMAL,0,2,0,5,155,98,4,155,2815,46,132,0,40,96,0
250340,47,bully,4340,2,1,4001,82,3160,656,25280,43,100,245943,4058,0,49,1,1,132,NORMAL,0,1,0,2,61,18,1,155,2831,42,132,0,1,17,5
250571,93,bully,4571,4,3,7888,237,3201,1896,25608,14,100,240880,8859,262,24,1,3,133,NORMAL,0,1,2,4,155,75,3,160,2863,45,133,0,30,74,2
251198,69,bully,5198,7,1,4001,149,3282,1192,26256,29,100,243123,6878,0,41,1,1,133,NORMAL,0,1,0,7,119,22,1,166,2936,47,133,0,17,21,3
250331,35,bully,6005,2,1,871,50,3156,400,25248,48,100,244326,1675,4000,56,1,0,133,NORMAL,0,0,1,2,48,0,0,156,2820,47,133,0,0,0,6
251009,20,bully,6680,2,2,518,36,3269,288,26152,48,100,244329,518,5153,57,1,0,133,NORMAL,0,0,2,2,34,0,0,164,2925,47,133,0,0,0,6
250991,95,bully,4991,5,2,8001,248,3266,1984,26128,12,100,240509,9491,0,22,1,3,133,NORMAL,0,2,0,5,163,77,3,166,2922,45,133,0,32,75,2
251295,25,bully,6928,2,1,817,42,3289,336,26312,48,100,244367,1634,4000,56,1,0,133,NORMAL,0,0,1,2,40,0,0,167,2942,47,133,0,0,0,6
250818,14,bully,6441,2,1,1522,26,3247,208,25976,48,100,244377,1623,4000,56,1,0,133,NORMAL,0,0,1,2,24,0,0,162,2905,47,133,0,0,0,6
250520,41,bully,6135,1,1,2442,53,3180,424,25440,48,100,244385,2442,3174,55,0,0,133,NORMAL,0,0,1,1,52,0,0,159,2841,47,133,0,0,0,6
250435,96,bully,4435,4,2,8002,247,3166,1976,25328,8,100,239977,10024,0,17,1,3,131,NORMAL,0,2,0,4,155,85,3,157,2833,45,131,0,34,83,0
250543,34,bully,6149,2,2,109,48,3185,384,25480,48,100,244394,109,5498,57,1,0,133,NORMAL,0,0,2,2,46,0,0,158,2847,47,133,0,0,0,6
251158,28,bully,6759,1,1,2370,45,3279,360,26232,48,100,244399,2370,3231,55,0,0,133,NORMAL,0,0,1,1,44,0,0,167,2932,47,133,0,0,0,6
250956,11,bully,6542,2,2,377,20,3266,160,26128,48,100,244414,377,5210,57,1,0,133,NORMAL,0,0,2,2,18,0,0,163,2923,47,133,0,0,0,6
250684,17,bully,6251,2,2,130,31,3205,248,25640,48,100,244433,130,5438,57,1,0,133,NORMAL,0,0,2,2,29,0,0,160,2865,47,133,0,0,0,6
250708,90,bully,4708,4,1,4001,182,3207,1456,25656,16,100,241098,8903,0,24,1,1,133,NORMAL,0,1,0,4,155,22,1,162,2866,46,133,0,29,21,2
250465,3,bully,6023,2,2,65,5,3186,40,25488,48,100,244442,65,5494,57,1,0,133,NORMAL,0,0,2,2,3,0,0,155,2851,47,133,0,0,0,6
250593,9,bully,6139,2,2,341,16,3200,128,25600,48,100,244454,341,5206,57,1,0,133,NORMAL,0,0,2,2,14,0,0,158,2862,47,133,0,0,0,6
251144,60,bully,5144,5,1,4001,125,3275,1000,26200,32,100,243178,6823,0,42,1,1,132,NORMAL,0,1,0,5,99,20,1,164,2932,47,132,0,14,19,3
250856,98,bully,4856,5,2,8002,266,3240,2128,25920,3,100,238807,11194,0,14,1,4,133,NORMAL,0,2,0,5,162,95,4,164,2896,47,133,0,40,93,0
251289,91,bully,5289,4,1,4001,188,3279,1504,26232,16,100,241098,8903,0,24,1,1,132,NORMAL,0,1,0,4,161,22,1,168,2932,47,132,0,30,21,2
250737,26,bully,6257,1,1,2984,41,3208,328,25664,48,100,244480,2984,2536,55,0,0,133,NORMAL,0,0,1,1,40,0,0,161,2867,47,133,0,0,0,6
250722,58,bully,4722,8,7,5923,120,3199,960,25592,32,100,243178,6099,723,51,1,1,132,NORMAL,0,1,6,8,91,20,1,159,2861,47,132,0,14,19,3
250994,52,bully,4994,4,1,4000,106,3236,848,25888,36,100,243654,6346,0,44,1,1,133,NORMAL,0,1,0,4,81,20,1,162,2895,46,133,0,11,19,4
250704,5,bully,6155,2,2,512,9,3210,72,25680,48,100,244549,512,4940,57,1,0,133,NORMAL,0,0,2,2,7,0,0,158,2872,47,133,0,0,0,6
250885,45,bully,4885,2,1,4001,70,3231,560,25848,48,100,245970,4031,0,55,1,0,133,NORMAL,0,1,0,2,56,12,0,160,2891,47,133,0,1,11,6
251331,21,bully,6762,1,1,1497,37,3278,296,26224,48,100,244569,1497,3934,55,0,0,133,NORMAL,0,0,1,1,36,0,0,167,2931,47,133,0,0,0,6
250873,23,bully,6263,1,1,3129,38,3211,304,25688,48,100,244610,3129,2261,55,0,0,133,NORMAL,0,0,1,1,37,0,0,161,2870,47,133,0,0,0,6
250652,81,bully,4652,7,1,4000,166,3150,1328,25200,26,100,242567,7433,0,37,1,1,133,NORMAL,0,1,0,7,138,20,1,156,2814,47,133,0,21,19,3
251482,74,bully,5485,7,1,4003,155,3272,1240,26176,26,100,242581,7419,0,37,1,1,133,NORMAL,0,1,0,7,128,19,1,166,2929,44,133,0,18,18,3
250941,43,bully,4941,1,1,4001,67,3202,536,25616,48,100,246000,4001,0,54,1,0,133,NORMAL,0,1,0,1,54,12,0,162,2861,46,133,0,0,11,6
251176,6,bully,6432,2,2,794,11,3260,88,26080,48,100,244744,794,4463,57,1,0,133,NORMAL,0,0,2,2,9,0,0,162,2918,47,133,0,0,0,6
251454,73,bully,5454,8,1,4001,153,3266,1224,26128,28,100,242670,7331,0,41,1,1,133,NORMAL,0,1,0,8,125,19,1,165,2921,47,133,0,18,18,3
251635,39,bully,6876,1,1,3278,53,3278,424,26224,48,100,244759,3278,1964,55,0,0,133,NORMAL,0,0,1,1,52,0,0,167,2931,47,133,0,0,0,6
250906,84,bully,4906,7,1,4001,174,3175,1392,25400,21,100,242429,7572,0,33,1,1,133,NORMAL,0,1,0,7,146,20,1,160,2838,44,133,0,22,19,3
251084,89,bully,5084,6,1,4000,178,3204,1424,25632,18,100,241439,8561,0,28,1,1,133,NORMAL,0,1,0,6,153,18,1,160,2864,47,133,0,29,17,3
251401,86,bully,5401,8,1,4000,180,3252,1440,26016,20,100,241893,8107,0,33,1,1,133,NORMAL,0,1,0,8,153,18,1,165,2907,47,133,0,26,17,3
251567,19,bully,6722,1,1,1563,34,3281,272,26248,48,100,244845,1563,3592,55,0,0,133,NORMAL,0,0,1,1,33,0,0,166,2935,47,133,0,0,0,6
251688,48,bully,5688,4,2,5054,84,3279,672,26232,41,100,244454,5240,306,50,1,1,132,NORMAL,0,1,1,4,65,14,1,165,2937,45,132,0,6,13,5
251685,10,bully,6814,2,2,204,18,3294,144,26352,48,100,244871,204,4925,57,1,0,133,NORMAL,0,0,2,2,16,0,0,166,2948,47,133,0,0,0,6
251430,22,bully,6546,1,1,2812,38,3258,304,26064,48,100,244884,2812,2304,55,0,0,133,NORMAL,0,0,1,1,37,0,0,164,2914,47,133,0,0,0,6
250926,75,bully,4926,7,1,4001,145,3162,1160,25296,26,100,242567,7434,0,37,1,1,133,NORMAL,0,1,0,7,121,16,1,156,2826,47,133,0,21,15,3
251837,56,bully,5837,5,1,4000,112,3280,896,26240,32,100,243178,6822,0,42,1,1,133,NORMAL,0,1,0,5,91,15,1,167,2933,47,133,0,14,14,3
251347,18,bully,6426,1,1,1601,33,3240,264,25920,48,100,244921,1601,3478,55,0,0,133,NORMAL,0,0,1,1,32,0,0,163,2897,47,133,0,0,0,6
251674,80,bully,5674,7,1,4001,168,3266,1344,26128,26,100,242567,7434,0,37,1,1,133,NORMAL,0,1,0,7,144,16,1,165,2921,47,133,0,21,15,3
251272,38,bully,5272,1,1,4000,60,3229,480,25832,49,100,246000,4000,0,55,1,0,133,NORMAL,0,1,0,1,50,9,0,162,2887,47,133,0,0,8,6
251365,2,bully,6399,2,2,318,3,3263,24,26104,48,100,244966,318,4717,57,1,0,133,NORMAL,0,0,2,2,1,0,0,162,2921,47,133,0,0,0,6
251264,67,bully,5266,7,1,4002,137,3210,1096,25680,29,100,243121,6879,0,41,1,1,133,NORMAL,0,1,0,7,114,15,1,162,2868,47,133,0,17,14,3
251128,92,bully,5128,4,1,4000,174,3174,1392,25392,16,100,241098,8902,0,24,1,1,133,NORMAL,0,1,0,4,153,16,1,160,2834,47,133,0,30,15,2
251280,57,bully,5280,5,3,5444,107,3189,856,25512,32,100,243178,6667,156,44,1,1,132,NORMAL,0,1,2,5,89,12,1,160,2850,47,132,0,14,11,3
251498,42,bully,5498,1,1,4000,62,3242,496,25936,49,100,246000,4000,0,55,1,0,133,NORMAL,0,1,0,1,54,7,0,163,2899,47,133,0,0,6,6
251840,12,bully,6746,2,2,796,22,3290,176,26320,48,100,245094,796,4110,57,1,0,133,NORMAL,0,0,2,2,20,0,0,166,2944,47,133,0,0,0,6
251590,31,bully,6480,1,1,2432,47,3246,376,25968,48,100,245110,2432,2459,55,0,0,133,NORMAL,0,0,1,1,46,0,0,163,2903,47,133,0,0,0,6
251552,51,bully,5552,6,4,4930,95,3225,760,25800,38,100,243786,5390,824,51,1,1,132,NORMAL,0,1,3,6,76,12,1,159,2889,45,132,0,9,11,5
251636,8,bully,6488,2,1,607,14,3263,112,26104,48,100,245148,852,4000,56,1,0,133,NORMAL,0,0,1,2,12,0,0,162,2921,47,133,0,0,0,6
251823,88,bully,5823,6,1,4001,176,3256,1408,26048,18,100,241439,8562,0,28,1,1,132,NORMAL,0,1,0,6,155,14,1,164,2915,45,132,0,27,13,3
251534,37,bully,6344,1,1,2238,50,3226,400,25808,48,100,245190,2238,2573,55,0,0,133,NORMAL,0,0,1,1,49,0,0,161,2885,47,133,0,0,0,6
251538,83,bully,5538,7,1,4001,167,3204,1336,25632,25,100,242567,7434,0,36,1,1,133,NORMAL,0,1,0,7,145,14,1,159,2866,46,133,0,21,13,3
251785,4,bully,6473,2,1,431,7,3269,56,26152,48,100,245312,688,4000,56,1,0,133,NORMAL,0,0,1,2,5,0,0,162,2927,47,133,0,0,0,6
251648,7,bully,6333,1,1,822,12,3241,96,25928,48,100,245315,822,3863,55,0,0,133,NORMAL,0,0,1,1,11,0,0,161,2900,47,133,0,0,0,6
251367,54,bully,5370,4,1,4004,97,3138,776,25104,32,100,243414,6587,0,41,1,1,132,NORMAL,0,1,0,4,82,10,1,156,2805,45,132,0,12,9,3
251334,66,bully,5334,6,1,4000,128,3150,1024,25200,29,100,243127,6873,0,40,1,1,133,NORMAL,0,1,0,6,110,11,1,156,2815,46,133,0,16,10,3
251620,71,bully,5620,8,2,4019,136,3205,1088,25640,28,100,242670,6896,435,42,1,0,133,NORMAL,0,1,1,8,117,11,0,160,2865,47,133,0,18,10,3
251959,79,bully,5959,7,1,4001,158,3246,1264,25968,26,100,242567,7434,0,37,1,0,133,NORMAL,0,1,0,7,140,11,0,164,2902,47,133,0,21,10,3
251741,100,bully,5740,3,3,12002,381,3101,3048,24808,1,100,237999,12002,0,6,1,123,13,LEADER,1,3,0,3,162,93,123,162,2885,41,13,0,41,90,0
251756,68,bully,5756,7,1,4001,131,3218,1048,25744,29,100,243123,6878,0,41,1,0,133,NORMAL,0,1,0,7,114,10,0,161,2877,47,133,0,17,9,3
251861,77,bully,5861,7,2,4067,147,3227,1176,25816,26,100,242567,7047,386,38,1,0,133,NORMAL,0,1,1,7,130,10,0,160,2887,47,133,0,21,9,3
251876,97,bully,5876,4,2,8001,250,3225,2000,25800,3,100,239147,10853,0,13,1,3,133,NORMAL,0,2,0,4,160,83,3,162,2887,43,133,0,36,81,0
251701,30,bully,5701,1,1,4000,49,3195,392,25560,49,100,246000,4000,0,55,1,0,134,NORMAL,0,1,0,1,45,3,0,160,2854,47,134,0,0,2,6
251892,65,bully,5892,6,1,4001,127,3218,1016,25744,30,100,243127,6874,0,41,1,0,134,NORMAL,0,1,0,6,112,9,0,161,2877,46,134,0,15,8,3
251974,53,bully,5974,5,1,4001,96,3231,768,25848,36,100,243536,6465,0,45,1,0,134,NORMAL,0,1,0,5,83,8,0,162,2888,47,134,0,12,7,4
251771,36,bully,5771,1,1,4001,53,3187,424,25496,49,100,246000,4001,0,55,1,0,134,NORMAL,0,1,0,1,49,3,0,159,2847,47,134,0,0,2,6
251810,32,bully,5810,1,1,4000,50,3160,400,25280,49,100,246000,4000,0,55,1,0,134,NORMAL,0,1,0,1,46,3,0,157,2822,47,134,0,0,2,6
251906,33,bully,5906,1,1,4000,49,3160,392,25280,49,100,246000,4000,0,55,1,0,134,NORMAL,0,1,0,1,46,2,0,157,2822,47,134,0,0,1,6
251921,1,bully,5968,1,1,75,1,3179,8,25432,48,100,245953,75,3972,55,0,0,134,NORMAL,0,0,1,1,0,0,0,156,2842,47,134,0,0,0,6
260148,70,bully,8180,7,2,4033,129,3283,1032,26264,28,100,250451,5550,4000,41,2,0,137,NORMAL,0,1,1,7,121,1,0,167,2933,46,137,0,17,0,3
260177,49,bully,8196,5,3,4481,74,3275,592,26200,40,100,251246,4667,4088,51,2,0,137,NORMAL,0,1,2,5,68,1,0,163,2929,46,137,0,8,0,5
260180,27,bully,6865,2,2,666,44,3280,352,26240,48,100,253315,666,6020,57,1,0,137,NORMAL,0,0,2,2,42,0,0,166,2930,47,137,0,0,0,6
260028,62,bully,7992,7,4,1101,112,3261,896,26088,31,100,250574,5328,4098,47,1,0,137,NORMAL,0,0,4,7,105,0,0,162,2915,47,137,0,14,0,3
260095,82,bully,7873,7,1,49,151,3242,1208,25936,25,100,250149,5852,4000,37,1,0,138,NORMAL,0,0,1,7,144,0,0,161,2896,47,138,0,21,0,3
260262,15,bully,6650,2,2,534,28,3277,224,26216,48,100,253612,534,5855,57,1,0,138,NORMAL,0,0,2,2,26,0,0,163,2929,47,138,0,0,0,6
260167,72,bully,7814,8,1,144,128,3244,1024,25952,27,100,250383,5618,4000,41,1,0,138,NORMAL,0,0,1,8,120,0,0,161,2898,47,138,0,18,0,3
260505,55,bully,8071,6,4,955,92,3276,736,26208,33,100,251035,4799,4167,48,1,0,138,NORMAL,0,0,4,6,86,0,0,162,2929,47,138,0,14,0,5
260383,44,bully,6585,2,1,3894,57,3266,456,26128,47,100,253768,3924,2309,55,0,0,138,NORMAL,0,0,1,2,55,0,0,163,2918,47,138,0,1,0,6
260367,76,bully,7916,9,3,746,137,3252,1096,26016,25,100,250378,3222,6400,41,1,0,138,NORMAL,0,0,3,9,128,0,0,162,2905,47,138,0,21,0,3
260014,94,bully,8475,5,2,4462,205,3192,1640,25536,14,100,248515,7486,4000,24,2,1,138,NORMAL,0,1,1,5,155,44,1,158,2849,47,138,0,32,43,2
260109,50,bully,7578,6,5,1963,76,3194,608,25552,39,100,251796,2020,6184,54,1,0,138,NORMAL,0,0,5,6,70,0,0,157,2852,47,138,0,9,0,5
260165,59,bully,7628,7,3,908,101,3200,808,25600,31,100,251075,2773,6153,46,1,0,138,NORMAL,0,0,3,7,94,0,0,159,2856,47,138,0,14,0,3
260789,78,bully,8249,10,5,2030,148,3256,1184,26048,25,100,250467,3253,6281,44,1,0,138,NORMAL,0,0,5,10,138,0,0,163,2908,47,138,0,21,0,3
260601,29,bully,6659,2,2,287,47,3271,376,26168,48,100,253942,287,5772,57,1,0,138,NORMAL,0,0,2,2,45,0,0,164,2922,47,138,0,0,0,6
260843,87,bully,4843,10,3,4919,196,3273,1568,26184,19,100,251893,7978,129,36,1,1,138,NORMAL,0,1,2,10,156,29,1,166,2923,46,138,0,26,28,3
260804,46,bully,6768,3,3,450,63,3282,504,26256,47,100,254006,450,5545,58,1,0,138,NORMAL,0,0,3,3,60,0,0,165,2932,47,138,0,1,0,6
260586,61,bully,7898,9,6,2536,109,3246,872,25968,31,100,251226,3290,5485,51,1,0,138,NORMAL,0,0,6,9,100,0,0,160,2901,47,138,0,14,0,3
260676,85,bully,4676,8,1,4000,189,3254,1512,26032,20,100,251893,8107,0,33,1,1,138,NORMAL,0,1,0,8,151,29,1,163,2907,46,138,0,25,28,3
260874,13,bully,6746,2,2,157,24,3293,192,26344,48,100,254128,157,5716,57,1,0,138,NORMAL,0,0,2,2,22,0,0,166,2942,47,138,0,0,0,6
260449,64,bully,7661,7,4,3920,115,3208,920,25664,30,100,251300,6279,2421,46,0,0,138,NORMAL,0,0,4,7,108,0,0,158,2865,47,138,0,15,0,3
261007,63,bully,5007,8,4,5342,144,3283,1152,26264,31,100,253178,6159,664,47,1,1,138,NORMAL,0,1,3,8,110,25,1,166,2933,46,138,0,14,24,3
261077,40,bully,6870,1,1,2139,54,3289,432,26312,48,100,254207,2139,3655,55,0,0,138,NORMAL,0,0,1,1,53,0,0,167,2937,47,138,0,0,0,6
260247,16,bully,6029,2,2,316,29,3168,232,25344,48,100,254218,316,5467,57,1,0,138,NORMAL,0,0,2,2,27,0,0,155,2828,47,138,0,0,0,6
260747,24,bully,6493,1,1,2251,40,3254,320,26032,48,100,254254,2251,3495,55,0,0,138,NORMAL,0,0,1,1,39,0,0,163,2906,47,138,0,0,0,6
260298,99,bully,4298,5,2,8002,262,3153,2096,25224,2,100,248765,11236,0,13,1,4,137,NORMAL,0,2,0,5,155,98,4,155,2815,46,137,0,40,96,0
260340,47,bully,4340,2,1,4001,82,3165,656,25320,43,100,255943,4058,0,49,1,1,137,NORMAL,0,1,0,2,61,18,1,155,2831,42,137,0,1,17,5
260571,93,bully,4571,4,3,7888,237,3206,1896,25648,14,100,250880,8859,262,24,1,3,138,NORMAL,0,1,2,4,155,75,3,160,2863,45,138,0,30,74,2
261198,69,bully,5198,7,1,4001,149,3287,1192,26296,29,100,253123,6878,0,41,1,1,138,NORMAL,0,1,0,7,119,22,1,166,2936,47,138,0,17,21,3
260331,35,bully,6005,2,1,871,50,3161,400,25288,48,100,254326,1675,4000,56,1,0,138,NORMAL,0,0,1,2,48,0,0,156,2820,47,138,0,0,0,6
261009,20,bully,6680,2,2,518,36,3274,288,26192,48,100,254329,518,5153,57,1,0,138,NORMAL,0,0,2,2,34,0,0,164,2925,47,138,0,0,0,6
260991,95,bully,4991,5,2,8001,248,3271,1984,26168,12,100,250509,9491,0,22,1,3,138,NORMAL,0,2,0,5,163,77,3,166,2922,45,138,0,32,75,2
261295,25,bully,6928,2,1,817,42,3294,336,26352,48,100,254367,1634,4000,56,1,0,138,NORMAL,0,0,1,2,40,0,0,167,2942,47,138,0,0,0,6
260818,14,bully,6441,2,1,1522,26,3252,208,26016,48,100,254377,1623,4000,56,1,0,138,NORMAL,0,0,1,2,24,0,0,162,2905,47,138,0,0,0,6
260520,41,bully,6135,1,1,2442,53,3185,424,25480,48,100,254385,2442,3174,55,0,0,138,NORMAL,0,0,1,1,52,0,0,159,2841,47,138,0,0,0,6
260435,96,bully,4435,4,2,8002,247,3171,1976,25368,8,100,249977,10024,0,17,1,3,136,NORMAL,0,2,0,4,155,85,3,157,2833,45,136,0,34,83,0
260543,34,bully,6149,2,2,109,48,3190,384,25520,48,100,254394,109,5498,57,1,0,138,NORMAL,0,0,2,2,46,0,0,158,2847,47,138,0,0,0,6
261158,28,bully,6759,1,1,2370,45,3284,360,26272,48,100,254399,2370,3231,55,0,0,138,NORMAL,0,0,1,1,44,0,0,167,2932,47,138,0,0,0,6
260956,11,bully,6542,2,2,377,20,3271,160,26168,48,100,254414,377,5210,57,1,0,138,NORMAL,0,0,2,2,18,0,0,163,2923,47,138,0,0,0,6
260684,17,bully,6251,2,2,130,31,3210,248,25680,48,100,254433,130,5438,57,1,0,138,NORMAL,0,0,2,2,29,0,0,160,2865,47,138,0,0,0,6
260708,90,bully,4708,4,1,4001,182,3212,1456,25696,16,100,251098,8903,0,24,1,1,138,NORMAL,0,1,0,4,155,22,1,162,2866,46,138,0,29,21,2
260465,3,bully,6023,2,2,65,5,3191,40,25528,48,100,254442,65,5494,57,1,0,138,NORMAL,0,0,2,2,3,0,0,155,2851,47,138,0,0,0,6
260593,9,bully,6139,2,2,341,16,3205,128,25640,48,100,254454,341,5206,57,1,0,138,NORMAL,0,0,2,2,14,0,0,158,2862,47,138,0,0,0,6
261144,60,bully,5144,5,1,4001,125,3280,1000,26240,32,100,253178,6823,0,42,1,1,137,NORMAL,0,1,0,5,99,20,1,164,2932,47,137,0,14,19,3
260856,98,bully,4856,5,2,8002,266,3245,2128,25960,3,100,248807,11194,0,14,1,4,138,NORMAL,0,2,0,5,162,95,4,164,2896,47,138,0,40,93,0
261289,91,bully,5289,4,1,4001,188,3284,1504,26272,16,100,251098,8903,0,24,1,1,137,NORMAL,0,1,0,4,161,22,1,168,2932,47,137,0,30,21,2
260737,26,bully,6257,1,1,2984,41,3213,328,25704,48,100,254480,2984,2536,55,0,0,138,NORMAL,0,0,1,1,40,0,0,161,2867,47,138,0,0,0,6
260722,58,bully,4722,8,7,5923,120,3204,960,25632,32,100,253178,6099,723,51,1,1,137,NORMAL,0,1,6,8,91,20,1,159,2861,47,137,0,14,19,3
260994,52,bully,4994,4,1,4000,106,3241,848,25928,36,100,253654,6346,0,44,1,1,138,NORMAL,0,1,0,4,81,20,1,162,2895,46,138,0,11,19,4
260704,5,bully,6155,2,2,512,9,3215,72,25720,48,100,254549,512,4940,57,1,0,138,NORMAL,0,0,2,2,7,0,0,158,2872,47,138,0,0,0,6
260885,45,bully,4885,2,1,4001,70,3236,560,25888,48,100,255970,4031,0,55,1,0,138,NORMAL,0,1,0,2,56,12,0,160,2891,47,138,0,1,11,6
261331,21,bully,6762,1,1,1497,37,3283,296,26264,48,100,254569,1497,3934,55,0,0,138,NORMAL,0,0,1,1,36,0,0,167,2931,47,138,0,0,0,6
260873,23,bully,6263,1,1,3129,38,3216,304,25728,48,100,254610,3129,2261,55,0,0,138,NORMAL,0,0,1,1,37,0,0,161,2870,47,138,0,0,0,6
260652,81,bully,4652,7,1,4000,166,3155,1328,25240,26,100,252567,7433,0,37,1,1,138,NORMAL,0,1,0,7,138,20,1,156,2814,47,138,0,21,19,3
261482,74,bully,5485,7,1,4003,155,3277,1240,26216,26,100,252581,7419,0,37,1,1,138,NORMAL,0,1,0,7,128,19,1,166,2929,44,138,0,18,18,3
260941,43,bully,4941,1,1,4001,67,3207,536,25656,48,100,256000,4001,0,54,1,0,138,NORMAL,0,1,0,1,54,12,0,162,2861,46,138,0,0,11,6
261176,6,bully,6432,2,2,794,11,3265,88,26120,48,100,254744,794,4463,57,1,0,138,NORMAL,0,0,2,2,9,0,0,162,2918,47,138,0,0,0,6
261454,73,bully,5454,8,1,4001,153,3271,1224,26168,28,100,252670,7331,0,41,1,1,138,NORMAL,0,1,0,8,125,19,1,165,2921,47,138,0,18,18,3
261635,39,bully,6876,1,1,3278,53,3283,424,26264,48,100,254759,3278,1964,55,0,0,138,NORMAL,0,0,1,1,52,0,0,167,2931,47,138,0,0,0,6
260906,84,bully,4906,7,1,4001,174,3180,1392,25440,21,100,252429,7572,0,33,1,1,138,NORMAL,0,1,0,7,146,20,1,160,2838,44,138,0,22,19,3
261084,89,bully,5084,6,1,4000,178,3209,1424,25672,18,100,251439,8561,0,28,1,1,138,NORMAL,0,1,0,6,153,18,1,160,2864,47,138,0,29,17,3
261401,86,bully,5401,8,1,4000,180,3257,1440,26056,20,100,251893,8107,0,33,1,1,138,NORMAL,0,1,0,8,153,18,1,165,2907,47,138,0,26,17,3
261567,19,bully,6722,1,1,1563,34,3286,272,26288,48,100,254845,1563,3592,55,0,0,138,NORMAL,0,0,1,1,33,0,0,166,2935,47,138,0,0,0,6
261688,48,bully,5688,4,2,5054,84,3284,672,26272,41,100,254454,5240,306,50,1,1,137,NORMAL,0,1,1,4,65,14,1,165,2937,45,137,0,6,13,5
261685,10,bully,6814,2,2,204,18,3299,144,26392,48,100,254871,204,4925,57,1,0,138,NORMAL,0,0,2,2,16,0,0,166,2948,47,138,0,0,0,6
261430,22,bully,6546,1,1,2812,38,3263,304,26104,48,100,254884,2812,2304,55,0,0,138,NORMAL,0,0,1,1,37,0,0,164,2914,47,138,0,0,0,6
260926,75,bully,4926,7,1,4001,145,3167,1160,25336,26,100,252567,7434,0,37,1,1,138,NORMAL,0,1,0,7,121,16,1,156,2826,47,138,0,21,15,3
261837,56,bully,5837,5,1,4000,112,3285,896,26280,32,100,253178,6822,0,42,1,1,138,NORMAL,0,1,0,5,91,15,1,167,2933,47,138,0,14,14,3
261347,18,bully,6426,1,1,1601,33,3245,264,25960,48,100,254921,1601,3478,55,0,0,138,NORMAL,0,0,1,1,32,0,0,163,2897,47,138,0,0,0,6
261674,80,bully,5674,7,1,4001,168,3271,1344,26168,26,100,252567,7434,0,37,1,1,138,NORMAL,0,1,0,7,144,16,1,165,2921,47,138,0,21,15,3
261272,38,bully,5272,1,1,4000,60,3234,480,25872,49,100,256000,4000,0,55,1,0,138,NORMAL,0,1,0,1,50,9,0,162,2887,47,138,0,0,8,6
261365,2,bully,6399,2,2,318,3,3268,24,26144,48,100,254966,318,4717,57,1,0,138,NORMAL,0,0,2,2,1,0,0,162,2921,47,138,0,0,0,6
261264,67,bully,5266,7,1,4002,137,3215,1096,25720,29,100,253121,6879,0,41,1,1,138,NORMAL,0,1,0,7,114,15,1,162,2868,47,138,0,17,14,3
261128,92,bully,5128,4,1,4000,174,3179,1392,25432,16,100,251098,8902,0,24,1,1,138,NORMAL,0,1,0,4,153,16,1,160,2834,47,138,0,30,15,2
261280,57,bully,5280,5,3,5444,107,3194,856,25552,32,100,253178,6667,156,44,1,1,137,NORMAL,0,1,2,5,89,12,1,160,2850,47,137,0,14,11,3
261498,42,bully,5498,1,1,4000,62,3247,496,25976,49,100,256000,4000,0,55,1,0,138,NORMAL,0,1,0,1,54,7,0,163,2899,47,138,0,0,6,6
261840,12,bully,6746,2,2,796,22,3295,176,26360,48,100,255094,796,4110,57,1,0,138,NORMAL,0,0,2,2,20,0,0,166,2944,47,138,0,0,0,6
261590,31,bully,6480,1,1,2432,47,3251,376,26008,48,100,255110,2432,2459,55,0,0,138,NORMAL,0,0,1,1,46,0,0,163,2903,47,138,0,0,0,6
261552,51,bully,5552,6,4,4930,95,3230,760,25840,38,100,253786,5390,824,51,1,1,137,NORMAL,0,1,3,6,76,12,1,159,2889,45,137,0,9,11,5
261636,8,bully,6488,2,1,607,14,3268,112,26144,48,100,255148,852,4000,56,1,0,138,NORMAL,0,0,1,2,12,0,0,162,2921,47,138,0,0,0,6
261823,88,bully,5823,6,1,4001,176,3261,1408,26088,18,100,251439,8562,0,28,1,1,137,NORMAL,0,1,0,6,155,14,1,164,2915,45,137,0,27,13,3
261534,37,bully,6344,1,1,2238,50,3231,400,25848,48,100,255190,2238,2573,55,0,0,138,NORMAL,0,0,1,1,49,0,0,161,2885,47,138,0,0,0,6
261538,83,bully,5538,7,1,4001,167,3209,1336,25672,25,100,252567,7434,0,36,1,1,138,NORMAL,0,1,0,7,145,14,1,159,2866,46,138,0,21,13,3
261785,4,bully,6473,2,1,431,7,3274,56,26192,48,100,255312,688,4000,56,1,0,138,NORMAL,0,0,1,2,5,0,0,162,2927,47,138,0,0,0,6
261648,7,bully,6333,1,1,822,12,3246,96,25968,48,100,255315,822,3863,55,0,0,138,NORMAL,0,0,1,1,11,0,0,161,2900,47,138,0,0,0,6
261367,54,bully,5370,4,1,4004,97,3143,776,25144,32,100,253414,6587,0,41,1,1,137,NORMAL,0,1,0,4,82,10,1,156,2805,45,137,0,12,9,3
261334,66,bully,5334,6,1,4000,128,3155,1024,25240,29,100,253127,6873,0,40,1,1,138,NORMAL,0,1,0,6,110,11,1,156,2815,46,138,0,16,10,3
261620,71,bully,5620,8,2,4019,136,3210,1088,25680,28,100,252670,6896,435,42,1,0,138,NORMAL,0,1,1,8,117,11,0,160,2865,47,138,0,18,10,3
261959,79,bully,5959,7,1,4001,158,3251,1264,26008,26,100,252567,7434,0,37,1,0,138,NORMAL,0,1,0,7,140,11,0,164,2902,47,138,0,21,10,3
261741,100,bully,5740,3,3,12002,386,3101,3088,24808,1,100,247999,12002,0,6,1,128,13,LEADER,1,3,0,3,162,93,128,162,2885,41,13,0,41,90,0
261756,68,bully,5756,7,1,4001,131,3223,1048,25784,29,100,253123,6878,0,41,1,0,138,NORMAL,0,1,0,7,114,10,0,161,2877,47,138,0,17,9,3
261861,77,bully,5861,7,2,4067,147,3232,1176,25856,26,100,252567,7047,386,38,1,0,138,NORMAL,0,1,1,7,130,10,0,160,2887,47,138,0,21,9,3
261876,97,bully,5876,4,2,8001,250,3230,2000,25840,3,100,249147,10853,0,13,1,3,138,NORMAL,0,2,0,4,160,83,3,162,2887,43,138,0,36,81,0
261701,30,bully,5701,1,1,4000,49,3200,392,25600,49,100,256000,4000,0,55,1,0,139,NORMAL,0,1,0,1,45,3,0,160,2854,47,139,0,0,2,6
261892,65,bully,5892,6,1,4001,127,3223,1016,25784,30,100,253127,6874,0,41,1,0,139,NORMAL,0,1,0,6,112,9,0,161,2877,46,139,0,15,8,3
261974,53,bully,5974,5,1,4001,96,3236,768,25888,36,100,253536,6465,0,45,1,0,139,NORMAL,0,1,0,5,83,8,0,162,2888,47,139,0,12,7,4
261771,36,bully,5771,1,1,4001,53,3192,424,25536,49,100,256000,4001,0,55,1,0,139,NORMAL,0,1,0,1,49,3,0,159,2847,47,139,0,0,2,6
261810,32,bully,5810,1,1,4000,50,3165,400,25320,49,100,256000,4000,0,55,1,0,139,NORMAL,0,1,0,1,46,3,0,157,2822,47,139,0,0,2,6
261906,33,bully,5906,1,1,4000,49,3165,392,25320,49,100,256000,4000,0,55,1,0,139,NORMAL,0,1,0,1,46,2,0,157,2822,47,139,0,0,1,6
261921,1,bully,5968,1,1,75,1,3184,8,25472,48,100,255953,75,3972,55,0,0,139,NORMAL,0,0,1,1,0,0,0,156,2842,47,139,0,0,0,6
270148,70,bully,8180,7,2,4033,129,3288,1032,26304,28,100,260451,5550,4000,41,2,0,142,NORMAL,0,1,1,7,121,1,0,167,2933,46,142,0,17,0,3
270177,49,bully,8196,5,3,4481,74,3280,592,26240,40,100,261246,4667,4088,51,2,0,142,NORMAL,0,1,2,5,68,1,0,163,2929,46,142,0,8,0,5
270180,27,bully,6865,2,2,666,44,3285,352,26280,48,100,263315,666,6020,57,1,0,142,NORMAL,0,0,2,2,42,0,0,166,2930,47,142,0,0,0,6
270028,62,bully,7992,7,4,1101,112,3266,896,26128,31,100,260574,5328,4098,47,1,0,142,NORMAL,0,0,4,7,105,0,0,162,2915,47,142,0,14,0,3
270095,82,bully,7873,7,1,49,151,3247,1208,25976,25,100,260149,5852,4000,37,1,0,143,NORMAL,0,0,1,7,144,0,0,161,2896,47,143,0,21,0,3
270262,15,bully,6650,2,2,534,28,3282,224,26256,48,100,263612,534,5855,57,1,0,143,NORMAL,0,0,2,2,26,0,0,163,2929,47,143,0,0,0,6
270167,72,bully,7814,8,1,144,128,3249,1024,25992,27,100,260383,5618,4000,41,1,0,143,NORMAL,0,0,1,8,120,0,0,161,2898,47,143,0,18,0,3
270505,55,bully,8071,6,4,955,92,3281,736,26248,33,100,261035,4799,4167,48,1,0,143,NORMAL,0,0,4,6,86,0,0,162,2929,47,143,0,14,0,5
270383,44,bully,6585,2,1,3894,57,3271,456,26168,47,100,263768,3924,2309,55,0,0,143,NORMAL,0,0,1,2,55,0,0,163,2918,47,143,0,1,0,6
270367,76,bully,7916,9,3,746,137,3257,1096,26056,25,100,260378,3222,6400,41,1,0,143,NORMAL,0,0,3,9,128,0,0,162,2905,47,143,0,21,0,3
270014,94,bully,8475,5,2,4462,205,3197,1640,25576,14,100,258515,7486,4000,24,2,1,143,NORMAL,0,1,1,5,155,44,1,158,2849,47,143,0,32,43,2
270109,50,bully,7578,6,5,1963,76,3199,608,25592,39,100,261796,2020,6184,54,1,0,143,NORMAL,0,0,5,6,70,0,0,157,2852,47,143,0,9,0,5
270165,59,bully,7628,7,3,908,101,3205,808,25640,31,100,261075,2773,6153,46,1,0,143,NORMAL,0,0,3,7,94,0,0,159,2856,47,143,0,14,0,3
270789,78,bully,8249,10,5,2030,148,3261,1184,26088,25,100,260467,3253,6281,44,1,0,143,NORMAL,0,0,5,10,138,0,0,163,2908,47,143,0,21,0,3
270601,29,bully,6659,2,2,287,47,3276,376,26208,48,100,263942,287,5772,57,1,0,143,NORMAL,0,0,2,2,45,0,0,164,2922,47,143,0,0,0,6
270843,87,bully,4843,10,3,4919,196,3278,1568,26224,19,100,261893,7978,129,36,1,1,143,NORMAL,0,1,2,10,156,29,1,166,2923,46,143,0,26,28,3
270804,46,bully,6768,3,3,450,63,3287,504,26296,47,100,264006,450,5545,58,1,0,143,NORMAL,0,0,3,3,60,0,0,165,2932,47,143,0,1,0,6
270586,61,bully,7898,9,6,2536,109,3251,872,26008,31,100,261226,3290,5485,51,1,0,143,NORMAL,0,0,6,9,100,0,0,160,2901,47,143,0,14,0,3
270676,85,bully,4676,8,1,4000,189,3259,1512,26072,20,100,261893,8107,0,33,1,1,143,NORMAL,0,1,0,8,151,29,1,163,2907,46,143,0,25,28,3
270874,13,bully,6746,2,2,157,24,3298,192,26384,48,100,264128,157,5716,57,1,0,143,NORMAL,0,0,2,2,22,0,0,166,2942,47,143,0,0,0,6
270449,64,bully,7661,7,4,3920,115,3213,920,25704,30,100,261300,6279,2421,46,0,0,143,NORMAL,0,0,4,7,108,0,0,158,2865,47,143,0,15,0,3
271007,63,bully,5007,8,4,5342,144,3288,1152,26304,31,100,263178,6159,664,47,1,1,143,NORMAL,0,1,3,8,110,25,1,166,2933,46,143,0,14,24,3
271077,40,bully,6870,1,1,2139,54,3294,432,26352,48,100,264207,2139,3655,55,0,0,143,NORMAL,0,0,1,1,53,0,0,167,2937,47,143,0,0,0,6
270247,16,bully,6029,2,2,316,29,3173,232,25384,48,100,264218,316,5467,57,1,0,143,NORMAL,0,0,2,2,27,0,0,155,2828,47,143,0,0,0,6
270747,24,bully,6493,1,1,2251,40,3259,320,26072,48,100,264254,2251,3495,55,0,0,143,NORMAL,0,0,1,1,39,0,0,163,2906,47,143,0,0,0,6
270298,99,bully,4298,5,2,8002,262,3158,2096,25264,2,100,258765,11236,0,13,1,4,142,NORMAL,0,2,0,5,155,98,4,155,2815,46,142,0,40,96,0
270340,47,bully,4340,2,1,4001,82,3170,656,25360,43,100,265943,4058,0,49,1,1,142,NORMAL,0,1,0,2,61,18,1,155,2831,42,142,0,1,17,5
270571,93,bully,4571,4,3,7888,237,3211,1896,25688,14,100,260880,8859,262,24,1,3,143,NORMAL,0,1,2,4,155,75,3,160,2863,45,143,0,30,74,2
271198,69,bully,5198,7,1,4001,149,3292,1192,26336,29,100,263123,6878,0,41,1,1,143,NORMAL,0,1,0,7,119,22,1,166,2936,47,143,0,17,21,3
270331,35,bully,6005,2,1,871,50,3166,400,25328,48,100,264326,1675,4000,56,1,0,143,NORMAL,0,0,1,2,48,0,0,156,2820,47,143,0,0,0,6
271009,20,bully,6680,2,2,518,36,3279,288,26232,48,100,264329,518,5153,57,1,0,143,NORMAL,0,0,2,2,34,0,0,164,2925,47,143,0,0,0,6
270991,95,bully,4991,5,2,8001,248,3276,1984,26208,12,100,260509,9491,0,22,1,3,143,NORMAL,0,2,0,5,163,77,3,166,2922,45,143,0,32,75,2
271295,25,bully,6928,2,1,817,42,3299,336,26392,48,100,264367,1634,4000,56,1,0,143,NORMAL,0,0,1,2,40,0,0,167,2942,47,143,0,0,0,6
270818,14,bully,6441,2,1,1522,26,3257,208,26056,48,100,264377,1623,4000,56,1,0,143,NORMAL,0,0,1,2,24,0,0,162,2905,47,143,0,0,0,6
270520,41,bully,6135,1,1,2442,53,3190,424,25520,48,100,264385,2442,3174,55,0,0,143,NORMAL,0,0,1,1,52,0,0,159,2841,47,143,0,0,0,6
270435,96,bully,4435,4,2,8002,247,3176,1976,25408,8,100,259977,10024,0,17,1,3,141,NORMAL,0,2,0,4,155,85,3,157,2833,45,141,0,34,83,0
270543,34,bully,6149,2,2,109,48,3195,384,25560,48,100,264394,109,5498,57,1,0,143,NORMAL,0,0,2,2,46,0,0,158,2847,47,143,0,0,0,6
271158,28,bully,6759,1,1,2370,45,3289,360,26312,48,100,264399,2370,3231,55,0,0,143,NORMAL,0,0,1,1,44,0,0,167,2932,47,143,0,0,0,6
270956,11,bully,6542,2,2,377,20,3276,160,26208,48,100,264414,377,5210,57,1,0,143,NORMAL,0,0,2,2,18,0,0,163,2923,47,143,0,0,0,6
270684,17,bully,6251,2,2,130,31,3215,248,25720,48,100,264433,130,5438,57,1,0,143,NORMAL,0,0,2,2,29,0,0,160,2865,47,143,0,0,0,6
270708,90,bully,4708,4,1,4001,182,3217,1456,25736,16,100,261098,8903,0,24,1,1,143,NORMAL,0,1,0,4,155,22,1,162,2866,46,143,0,29,21,2
270465,3,bully,6023,2,2,65,5,3196,40,25568,48,100,264442,65,5494,57,1,0,143,NORMAL,0,0,2,2,3,0,0,155,2851,47,143,0,0,0,6
270593,9,bully,6139,2,2,341,16,3210,128,25680,48,100,264454,341,5206,57,1,0,143,NORMAL,0,0,2,2,14,0,0,158,2862,47,143,0,0,0,6
271144,60,bully,5144,5,1,4001,125,3285,1000,26280,32,100,263178,6823,0,42,1,1,142,NORMAL,0,1,0,5,99,20,1,164,2932,47,142,0,14,19,3
270856,98,bully,4856,5,2,8002,266,3250,2128,26000,3,100,258807,11194,0,14,1,4,143,NORMAL,0,2,0,5,162,95,4,164,2896,47,143,0,40,93,0
271289,91,bully,5289,4,1,4001,188,3289,1504,26312,16,100,261098,8903,0,24,1,1,142,NORMAL,0,1,0,4,161,22,1,168,2932,47,142,0,30,21,2
270722,58,bully,4722,8,7,5923,120,3209,960,25672,32,100,263178,6099,723,51,1,1,142,NORMAL,0,1,6,8,91,20,1,159,2861,47,142,0,14,19,3
270737,26,bully,6257,1,1,2984,41,3218,328,25744,48,100,264480,2984,2536,55,0,0,143,NORMAL,0,0,1,1,40,0,0,161,2867,47,143,0,0,0,6
270994,52,bully,4994,4,1,4000,106,3246,848,25968,36,100,263654,6346,0,44,1,1,143,NORMAL,0,1,0,4,81,20,1,162,2895,46,143,0,11,19,4
270704,5,bully,6155,2,2,512,9,3220,72,25760,48,100,264549,512,4940,57,1,0,143,NORMAL,0,0,2,2,7,0,0,158,2872,47,143,0,0,0,6
270885,45,bully,4885,2,1,4001,70,3241,560,25928,48,100,265970,4031,0,55,1,0,143,NORMAL,0,1,0,2,56,12,0,160,2891,47,143,0,1,11,6
271331,21,bully,6762,1,1,1497,37,3288,296,26304,48,100,264569,1497,3934,55,0,0,143,NORMAL,0,0,1,1,36,0,0,167,2931,47,143,0,0,0,6
270873,23,bully,6263,1,1,3129,38,3221,304,25768,48,100,264610,3129,2261,55,0,0,143,NORMAL,0,0,1,1,37,0,0,161,2870,47,143,0,0,0,6
270652,81,bully,4652,7,1,4000,166,3160,1328,25280,26,100,262567,7433,0,37,1,1,143,NORMAL,0,1,0,7,138,20,1,156,2814,47,143,0,21,19,3
271482,74,bully,5485,7,1,4003,155,3282,1240,26256,26,100,262581,7419,0,37,1,1,143,NORMAL,0,1,0,7,128,19,1,166,2929,44,143,0,18,18,3
270941,43,bully,4941,1,1,4001,67,3212,536,25696,48,100,266000,4001,0,54,1,0,143,NORMAL,0,1,0,1,54,12,0,162,2861,46,143,0,0,11,6
271176,6,bully,6432,2,2,794,11,3270,88,26160,48,100,264744,794,4463,57,1,0,143,NORMAL,0,0,2,2,9,0,0,162,2918,47,143,0,0,0,6
271454,73,bully,5454,8,1,4001,153,3276,1224,26208,28,100,262670,7331,0,41,1,1,143,NORMAL,0,1,0,8,125,19,1,165,2921,47,143,0,18,18,3
271635,39,bully,6876,1,1,3278,53,3288,424,26304,48,100,264759,3278,1964,55,0,0,143,NORMAL,0,0,1,1,52,0,0,167,2931,47,143,0,0,0,6
270906,84,bully,4906,7,1,4001,174,3185,1392,25480,21,100,262429,7572,0,33,1,1,143,NORMAL,0,1,0,7,146,20,1,160,2838,44,143,0,22,19,3
271084,89,bully,5084,6,1,4000,178,3214,1424,25712,18,100,261439,8561,0,28,1,1,143,NORMAL,0,1,0,6,153,18,1,160,2864,47,143,0,29,17,3
271401,86,bully,5401,8,1,4000,180,3262,1440,26096,20,100,261893,8107,0,33,1,1,143,NORMAL,0,1,0,8,153,18,1,165,2907,47,143,0,26,17,3
271567,19,bully,6722,1,1,1563,34,3291,272,26328,48,100,264845,1563,3592,55,0,0,143,NORMAL,0,0,1,1,33,0,0,166,2935,47,143,0,0,0,6
271688,48,bully,5688,4,2,5054,84,3289,672,26312,41,100,264454,5240,306,50,1,1,142,NORMAL,0,1,1,4,65,14,1,165,2937,45,142,0,6,13,5
271685,10,bully,6814,2,2,204,18,3304,144,26432,48,100,264871,204,4925,57,1,0,143,NORMAL,0,0,2,2,16,0,0,166,2948,47,143,0,0,0,6
271430,22,bully,6546,1,1,2812,38,3268,304,26144,48,100,264884,2812,2304,55,0,0,143,NORMAL,0,0,1,1,37,0,0,164,2914,47,143,0,0,0,6
270926,75,bully,4926,7,1,4001,145,3172,1160,25376,26,100,262567,7434,0,37,1,1,143,NORMAL,0,1,0,7,121,16,1,156,2826,47,143,0,21,15,3
271837,56,bully,5837,5,1,4000,112,3290,896,26320,32,100,263178,6822,0,42,1,1,143,NORMAL,0,1,0,5,91,15,1,167,2933,47,143,0,14,14,3
271347,18,bully,6426,1,1,1601,33,3250,264,26000,48,100,264921,1601,3478,55,0,0,143,NORMAL,0,0,1,1,32,0,0,163,2897,47,143,0,0,0,6
271674,80,bully,5674,7,1,4001,168,3276,1344,26208,26,100,262567,7434,0,37,1,1,143,NORMAL,0,1,0,7,144,16,1,165,2921,47,143,0,21,15,3
271272,38,bully,5272,1,1,4000,60,3239,480,25912,49,100,266000,4000,0,55,1,0,143,NORMAL,0,1,0,1,50,9,0,162,2887,47,143,0,0,8,6
271365,2,bully,6399,2,2,318,3,3273,24,26184,48,100,264966,318,4717,57,1,0,143,NORMAL,0,0,2,2,1,0,0,162,2921,47,143,0,0,0,6
271264,67,bully,5266,7,1,4002,137,3220,1096,25760,29,100,263121,6879,0,41,1,1,143,NORMAL,0,1,0,7,114,15,1,162,2868,47,143,0,17,14,3
271128,92,bully,5128,4,1,4000,174,3184,1392,25472,16,100,261098,8902,0,24,1,1,143,NORMAL,0,1,0,4,153,16,1,160,2834,47,143,0,30,15,2
271280,57,bully,5280,5,3,5444,107,3199,856,25592,32,100,263178,6667,156,44,1,1,142,NORMAL,0,1,2,5,89,12,1,160,2850,47,142,0,14,11,3
271498,42,bully,5498,1,1,4000,62,3252,496,26016,49,100,266000,4000,0,55,1,0,143,NORMAL,0,1,0,1,54,7,0,163,2899,47,143,0,0,6,6
271840,12,bully,6746,2,2,796,22,3300,176,26400,48,100,265094,796,4110,57,1,0,143,NORMAL,0,0,2,2,20,0,0,166,2944,47,143,0,0,0,6
271590,31,bully,6480,1,1,2432,47,3256,376,26048,48,100,265110,2432,2459,55,0,0,143,NORMAL,0,0,1,1,46,0,0,163,2903,47,143,0,0,0,6
271552,51,bully,5552,6,4,4930,95,3235,760,25880,38,100,263786,5390,824,51,1,1,142,NORMAL,0,1,3,6,76,12,1,159,2889,45,142,0,9,11,5
271636,8,bully,6488,2,1,607,14,3273,112,26184,48,100,265148,852,4000,56,1,0,143,NORMAL,0,0,1,2,12,0,0,162,2921,47,143,0,0,0,6
271823,88,bully,5823,6,1,4001,176,3266,1408,26128,18,100,261439,8562,0,28,1,1,142,NORMAL,0,1,0,6,155,14,1,164,2915,45,142,0,27,13,3
271534,37,bully,6344,1,1,2238,50,3236,400,25888,48,100,265190,2238,2573,55,0,0,143,NORMAL,0,0,1,1,49,0,0,161,2885,47,143,0,0,0,6
271538,83,bully,5538,7,1,4001,167,3214,1336,25712,25,100,262567,7434,0,36,1,1,143,NORMAL,0,1,0,7,145,14,1,159,2866,46,143,0,21,13,3
271785,4,bully,6473,2,1,431,7,3279,56,26232,48,100,265312,688,4000,56,1,0,143,NORMAL,0,0,1,2,5,0,0,162,2927,47,143,0,0,0,6
271648,7,bully,6333,1,1,822,12,3251,96,26008,48,100,265315,822,3863,55,0,0,143,NORMAL,0,0,1,1,11,0,0,161,2900,47,143,0,0,0,6
271367,54,bully,5370,4,1,4004,97,3148,776,25184,32,100,263414,6587,0,41,1,1,142,NORMAL,0,1,0,4,82,10,1,156,2805,45,142,0,12,9,3
271334,66,bully,5334,6,1,4000,128,3160,1024,25280,29,100,263127,6873,0,40,1,1,143,NORMAL,0,1,0,6,110,11,1,156,2815,46,143,0,16,10,3
271620,71,bully,5620,8,2,4019,136,3215,1088,25720,28,100,262670,6896,435,42,1,0,143,NORMAL,0,1,1,8,117,11,0,160,2865,47,143,0,18,10,3
271959,79,bully,5959,7,1,4001,158,3256,1264,26048,26,100,262567,7434,0,37,1,0,143,NORMAL,0,1,0,7,140,11,0,164,2902,47,143,0,21,10,3
271741,100,bully,5740,3,3,12002,391,3101,3128,24808,1,100,257999,12002,0,6,1,133,13,LEADER,1,3,0,3,162,93,133,162,2885,41,13,0,41,90,0
271756,68,bully,5756,7,1,4001,131,3229,1048,25832,29,100,263123,6878,0,41,1,0,144,NORMAL,0,1,0,7,114,10,0,161,2877,47,144,0,17,9,3
271861,77,bully,5861,7,2,4067,147,3238,1176,25904,26,100,262567,7047,386,38,1,0,144,NORMAL,0,1,1,7,130,10,0,160,2887,47,144,0,21,9,3
271876,97,bully,5876,4,2,8001,250,3235,2000,25880,3,100,259147,10853,0,13,1,3,143,NORMAL,0,2,0,4,160,83,3,162,2887,43,143,0,36,81,0
271701,30,bully,5701,1,1,4000,49,3205,392,25640,49,100,266000,4000,0,55,1,0,144,NORMAL,0,1,0,1,45,3,0,160,2854,47,144,0,0,2,6
271892,65,bully,5892,6,1,4001,127,3228,1016,25824,30,100,263127,6874,0,41,1,0,144,NORMAL,0,1,0,6,112,9,0,161,2877,46,144,0,15,8,3
271974,53,bully,5974,5,1,4001,96,3241,768,25928,36,100,263536,6465,0,45,1,0,144,NORMAL,0,1,0,5,83,8,0,162,2888,47,144,0,12,7,4
271771,36,bully,5771,1,1,4001,53,3197,424,25576,49,100,266000,4001,0,55,1,0,144,NORMAL,0,1,0,1,49,3,0,159,2847,47,144,0,0,2,6
271810,32,bully,5810,1,1,4000,50,3170,400,25360,49,100,266000,4000,0,55,1,0,144,NORMAL,0,1,0,1,46,3,0,157,2822,47,144,0,0,2,6
271906,33,bully,5906,1,1,4000,49,3170,392,25360,49,100,266000,4000,0,55,1,0,144,NORMAL,0,1,0,1,46,2,0,157,2822,47,144,0,0,1,6
271921,1,bully,5968,1,1,75,1,3189,8,25512,48,100,265953,75,3972,55,0,0,144,NORMAL,0,0,1,1,0,0,0,156,2842,47,144,0,0,0,6
280148,70,bully,8180,7,2,4033,129,3293,1032,26344,28,100,270451,5550,4000,41,2,0,147,NORMAL,0,1,1,7,121,1,0,167,2933,46,147,0,17,0,3
280177,49,bully,8196,5,3,4481,74,3285,592,26280,40,100,271246,4667,4088,51,2,0,147,NORMAL,0,1,2,5,68,1,0,163,2929,46,147,0,8,0,5
280180,27,bully,6865,2,2,666,44,3290,352,26320,48,100,273315,666,6020,57,1,0,147,NORMAL,0,0,2,2,42,0,0,166,2930,47,147,0,0,0,6
280028,62,bully,7992,7,4,1101,112,3271,896,26168,31,100,270574,5328,4098,47,1,0,147,NORMAL,0,0,4,7,105,0,0,162,2915,47,147,0,14,0,3
280095,82,bully,7873,7,1,49,151,3252,1208,26016,25,100,270149,5852,4000,37,1,0,148,NORMAL,0,0,1,7,144,0,0,161,2896,47,148,0,21,0,3
280262,15,bully,6650,2,2,534,28,3287,224,26296,48,100,273612,534,5855,57,1,0,148,NORMAL,0,0,2,2,26,0,0,163,2929,47,148,0,0,0,6
280167,72,bully,7814,8,1,144,128,3254,1024,26032,27,100,270383,5618,4000,41,1,0,148,NORMAL,0,0,1,8,120,0,0,161,2898,47,148,0,18,0,3
280505,55,bully,8071,6,4,955,92,3286,736,26288,33,100,271035,4799,4167,48,1,0,148,NORMAL,0,0,4,6,86,0,0,162,2929,47,148,0,14,0,5
280383,44,bully,6585,2,1,3894,57,3276,456,26208,47,100,273768,3924,2309,55,0,0,148,NORMAL,0,0,1,2,55,0,0,163,2918,47,148,0,1,0,6
280367,76,bully,7916,9,3,746,137,3262,1096,26096,25,100,270378,3222,6400,41,1,0,148,NORMAL,0,0,3,9,128,0,0,162,2905,47,148,0,21,0,3
280014,94,bully,8475,5,2,4462,205,3202,1640,25616,14,100,268515,7486,4000,24,2,1,148,NORMAL,0,1,1,5,155,44,1,158,2849,47,148,0,32,43,2
280109,50,bully,7578,6,5,1963,76,3204,608,25632,39,100,271796,2020,6184,54,1,0,148,NORMAL,0,0,5,6,70,0,0,157,2852,47,148,0,9,0,5
280165,59,bully,7628,7,3,908,101,3210,808,25680,31,100,271075,2773,6153,46,1,0,148,NORMAL,0,0,3,7,94,0,0,159,2856,47,148,0,14,0,3
280789,78,bully,8249,10,5,2030,148,3266,1184,26128,25,100,270467,3253,6281,44,1,0,148,NORMAL,0,0,5,10,138,0,0,163,2908,47,148,0,21,0,3
280601,29,bully,6659,2,2,287,47,3281,376,26248,48,100,273942,287,5772,57,1,0,148,NORMAL,0,0,2,2,45,0,0,164,2922,47,148,0,0,0,6
280843,87,bully,4843,10,3,4919,196,3283,1568,26264,19,100,271893,7978,129,36,1,1,148,NORMAL,0,1,2,10,156,29,1,166,2923,46,148,0,26,28,3
280804,46,bully,6768,3,3,450,63,3292,504,26336,47,100,274006,450,5545,58,1,0,148,NORMAL,0,0,3,3,60,0,0,165,2932,47,148,0,1,0,6
280586,61,bully,7898,9,6,2536,109,3256,872,26048,31,100,271226,3290,5485,51,1,0,148,NORMAL,0,0,6,9,100,0,0,160,2901,47,148,0,14,0,3
280676,85,bully,4676,8,1,4000,189,3264,1512,26112,20,100,271893,8107,0,33,1,1,148,NORMAL,0,1,0,8,151,29,1,163,2907,46,148,0,25,28,3
280874,13,bully,6746,2,2,157,24,3303,192,26424,48,100,274128,157,5716,57,1,0,148,NORMAL,0,0,2,2,22,0,0,166,2942,47,148,0,0,0,6
280449,64,bully,7661,7,4,3920,115,3218,920,25744,30,100,271300,6279,2421,46,0,0,148,NORMAL,0,0,4,7,108,0,0,158,2865,47,148,0,15,0,3
281007,63,bully,5007,8,4,5342,144,3293,1152,26344,31,100,273178,6159,664,47,1,1,148,NORMAL,0,1,3,8,110,25,1,166,2933,46,148,0,14,24,3
281077,40,bully,6870,1,1,2139,54,3299,432,26392,48,100,274207,2139,3655,55,0,0,148,NORMAL,0,0,1,1,53,0,0,167,2937,47,148,0,0,0,6
280247,16,bully,6029,2,2,316,29,3178,232,25424,48,100,274218,316,5467,57,1,0,148,NORMAL,0,0,2,2,27,0,0,155,2828,47,148,0,0,0,6
280747,24,bully,6493,1,1,2251,40,3264,320,26112,48,100,274254,2251,3495,55,0,0,148,NORMAL,0,0,1,1,39,0,0,163,2906,47,148,0,0,0,6
280298,99,bully,4298,5,2,8002,262,3163,2096,25304,2,100,268765,11236,0,13,1,4,147,NORMAL,0,2,0,5,155,98,4,155,2815,46,147,0,40,96,0
280340,47,bully,4340,2,1,4001,82,3175,656,25400,43,100,275943,4058,0,49,1,1,147,NORMAL,0,1,0,2,61,18,1,155,2831,42,147,0,1,17,5
280571,93,bully,4571,4,3,7888,237,3216,1896,25728,14,100,270880,8859,262,24,1,3,148,NORMAL,0,1,2,4,155,75,3,160,2863,45,148,0,30,74,2
281198,69,bully,5198,7,1,4001,149,3297,1192,26376,29,100,273123,6878,0,41,1,1,148,NORMAL,0,1,0,7,119,22,1,166,2936,47,148,0,17,21,3
280331,35,bully,6005,2,1,871,50,3171,400,25368,48,100,274326,1675,4000,56,1,0,148,NORMAL,0,0,1,2,48,0,0,156,2820,47,148,0,0,0,6
281009,20,bully,6680,2,2,518,36,3284,288,26272,48,100,274329,518,5153,57,1,0,148,NORMAL,0,0,2,2,34,0,0,164,2925,47,148,0,0,0,6
280991,95,bully,4991,5,2,8001,248,3281,1984,26248,12,100,270509,9491,0,22,1,3,148,NORMAL,0,2,0,5,163,77,3,166,2922,45,148,0,32,75,2
281295,25,bully,6928,2,1,817,42,3304,336,26432,48,100,274367,1634,4000,56,1,0,148,NORMAL,0,0,1,2,40,0,0,167,2942,47,148,0,0,0,6
280818,14,bully,6441,2,1,1522,26,3262,208,26096,48,100,274377,1623,4000,56,1,0,148,NORMAL,0,0,1,2,24,0,0,162,2905,47,148,0,0,0,6
280520,41,bully,6135,1,1,2442,53,3195,424,25560,48,100,274385,2442,3174,55,0,0,148,NORMAL,0,0,1,1,52,0,0,159,2841,47,148,0,0,0,6
280435,96,bully,4435,4,2,8002,247,3181,1976,25448,8,100,269977,10024,0,17,1,3,146,NORMAL,0,2,0,4,155,85,3,157,2833,45,146,0,34,83,0
280543,34,bully,6149,2,2,109,48,3200,384,25600,48,100,274394,109,5498,57,1,0,148,NORMAL,0,0,2,2,46,0,0,158,2847,47,148,0,0,0,6
281158,28,bully,6759,1,1,2370,45,3294,360,26352,48,100,274399,2370,3231,55,0,0,148,NORMAL,0,0,1,1,44,0,0,167,2932,47,148,0,0,0,6
280956,11,bully,6542,2,2,377,20,3281,160,26248,48,100,274414,377,5210,57,1,0,148,NORMAL,0,0,2,2,18,0,0,163,2923,47,148,0,0,0,6
280684,17,bully,6251,2,2,130,31,3220,248,25760,48,100,274433,130,5438,57,1,0,148,NORMAL,0,0,2,2,29,0,0,160,2865,47,148,0,0,0,6
280708,90,bully,4708,4,1,4001,182,3222,1456,25776,16,100,271098,8903,0,24,1,1,148,NORMAL,0,1,0,4,155,22,1,162,2866,46,148,0,29,21,2
280465,3,bully,6023,2,2,65,5,3201,40,25608,48,100,274442,65,5494,57,1,0,148,NORMAL,0,0,2,2,3,0,0,155,2851,47,148,0,0,0,6
280593,9,bully,6139,2,2,341,16,3215,128,25720,48,100,274454,341,5206,57,1,0,148,NORMAL,0,0,2,2,14,0,0,158,2862,47,148,0,0,0,6
281144,60,bully,5144,5,1,4001,125,3290,1000,26320,32,100,273178,6823,0,42,1,1,147,NORMAL,0,1,0,5,99,20,1,164,2932,47,147,0,14,19,3
280856,98,bully,4856,5,2,8002,266,3255,2128,26040,3,100,268807,11194,0,14,1,4,148,NORMAL,0,2,0,5,162,95,4,164,2896,47,148,0,40,93,0
281289,91,bully,5289,4,1,4001,188,3294,1504,26352,16,100,271098,8903,0,24,1,1,147,NORMAL,0,1,0,4,161,22,1,168,2932,47,147,0,30,21,2
280737,26,bully,6257,1,1,2984,41,3223,328,25784,48,100,274480,2984,2536,55,0,0,148,NORMAL,0,0,1,1,40,0,0,161,2867,47,148,0,0,0,6
280722,58,bully,4722,8,7,5923,120,3214,960,25712,32,100,273178,6099,723,51,1,1,147,NORMAL,0,1,6,8,91,20,1,159,2861,47,147,0,14,19,3
280994,52,bully,4994,4,1,4000,106,3251,848,26008,36,100,273654,6346,0,44,1,1,148,NORMAL,0,1,0,4,81,20,1,162,2895,46,148,0,11,19,4
280704,5,bully,6155,2,2,512,9,3225,72,25800,48,100,274549,512,4940,57,1,0,148,NORMAL,0,0,2,2,7,0,0,158,2872,47,148,0,0,0,6
280885,45,bully,4885,2,1,4001,70,3246,560,25968,48,100,275970,4031,0,55,1,0,148,NORMAL,0,1,0,2,56,12,0,160,2891,47,148,0,1,11,6
281331,21,bully,6762,1,1,1497,37,3293,296,26344,48,100,274569,1497,3934,55,0,0,148,NORMAL,0,0,1,1,36,0,0,167,2931,47,148,0,0,0,6
280873,23,bully,6263,1,1,3129,38,3226,304,25808,48,100,274610,3129,2261,55,0,0,148,NORMAL,0,0,1,1,37,0,0,161,2870,47,148,0,0,0,6
280652,81,bully,4652,7,1,4000,166,3165,1328,25320,26,100,272567,7433,0,37,1,1,148,NORMAL,0,1,0,7,138,20,1,156,2814,47,148,0,21,19,3
281482,74,bully,5485,7,1,4003,155,3287,1240,26296,26,100,272581,7419,0,37,1,1,148,NORMAL,0,1,0,7,128,19,1,166,2929,44,148,0,18,18,3
280941,43,bully,4941,1,1,4001,67,3217,536,25736,48,100,276000,4001,0,54,1,0,148,NORMAL,0,1,0,1,54,12,0,162,2861,46,148,0,0,11,6
281176,6,bully,6432,2,2,794,11,3275,88,26200,48,100,274744,794,4463,57,1,0,148,NORMAL,0,0,2,2,9,0,0,162,2918,47,148,0,0,0,6
281454,73,bully,5454,8,1,4001,153,3281,1224,26248,28,100,272670,7331,0,41,1,1,148,NORMAL,0,1,0,8,125,19,1,165,2921,47,148,0,18,18,3
281635,39,bully,6876,1,1,3278,53,3293,424,26344,48,100,274759,3278,1964,55,0,0,148,NORMAL,0,0,1,1,52,0,0,167,2931,47,148,0,0,0,6
280906,84,bully,4906,7,1,4001,174,3190,1392,25520,21,100,272429,7572,0,33,1,1,148,NORMAL,0,1,0,7,146,20,1,160,2838,44,148,0,22,19,3
281084,89,bully,5084,6,1,4000,178,3219,1424,25752,18,100,271439,8561,0,28,1,1,148,NORMAL,0,1,0,6,153,18,1,160,2864,47,148,0,29,17,3
281401,86,bully,5401,8,1,4000,180,3267,1440,26136,20,100,271893,8107,0,33,1,1,148,NORMAL,0,1,0,8,153,18,1,165,2907,47,148,0,26,17,3
281567,19,bully,6722,1,1,1563,34,3296,272,26368,48,100,274845,1563,3592,55,0,0,148,NORMAL,0,0,1,1,33,0,0,166,2935,47,148,0,0,0,6
281688,48,bully,5688,4,2,5054,84,3294,672,26352,41,100,274454,5240,306,50,1,1,147,NORMAL,0,1,1,4,65,14,1,165,2937,45,147,0,6,13,5
281685,10,bully,6814,2,2,204,18,3309,144,26472,48,100,274871,204,4925,57,1,0,148,NORMAL,0,0,2,2,16,0,0,166,2948,47,148,0,0,0,6
281430,22,bully,6546,1,1,2812,38,3273,304,26184,48,100,274884,2812,2304,55,0,0,148,NORMAL,0,0,1,1,37,0,0,164,2914,47,148,0,0,0,6
280926,75,bully,4926,7,1,4001,145,3177,1160,25416,26,100,272567,7434,0,37,1,1,148,NORMAL,0,1,0,7,121,16,1,156,2826,47,148,0,21,15,3
281837,56,bully,5837,5,1,4000,112,3295,896,26360,32,100,273178,6822,0,42,1,1,148,NORMAL,0,1,0,5,91,15,1,167,2933,47,148,0,14,14,3
281347,18,bully,6426,1,1,1601,33,3255,264,26040,48,100,274921,1601,3478,55,0,0,148,NORMAL,0,0,1,1,32,0,0,163,2897,47,148,0,0,0,6
281674,80,bully,5674,7,1,4001,168,3281,1344,26248,26,100,272567,7434,0,37,1,1,148,NORMAL,0,1,0,7,144,16,1,165,2921,47,148,0,21,15,3
281272,38,bully,5272,1,1,4000,60,3244,480,25952,49,100,276000,4000,0,55,1,0,148,NORMAL,0,1,0,1,50,9,0,162,2887,47,148,0,0,8,6
281365,2,bully,6399,2,2,318,3,3278,24,26224,48,100,274966,318,4717,57,1,0,148,NORMAL,0,0,2,2,1,0,0,162,2921,47,148,0,0,0,6
281264,67,bully,5266,7,1,4002,137,3225,1096,25800,29,100,273121,6879,0,41,1,1,148,NORMAL,0,1,0,7,114,15,1,162,2868,47,148,0,17,14,3
281128,92,bully,5128,4,1,4000,174,3189,1392,25512,16,100,271098,8902,0,24,1,1,148,NORMAL,0,1,0,4,153,16,1,160,2834,47,148,0,30,15,2
281280,57,bully,5280,5,3,5444,107,3204,856,25632,32,100,273178,6667,156,44,1,1,147,NORMAL,0,1,2,5,89,12,1,160,2850,47,147,0,14,11,3
281498,42,bully,5498,1,1,4000,62,3257,496,26056,49,100,276000,4000,0,55,1,0,148,NORMAL,0,1,0,1,54,7,0,163,2899,47,148,0,0,6,6
281840,12,bully,6746,2,2,796,22,3305,176,26440,48,100,275094,796,4110,57,1,0,148,NORMAL,0,0,2,2,20,0,0,166,2944,47,148,0,0,0,6
281590,31,bully,6480,1,1,2432,47,3261,376,26088,48,100,275110,2432,2459,55,0,0,148,NORMAL,0,0,1,1,46,0,0,163,2903,47,148,0,0,0,6
281552,51,bully,5552,6,4,4930,95,3240,760,25920,38,100,273786,5390,824,51,1,1,147,NORMAL,0,1,3,6,76,12,1,159,2889,45,147,0,9,11,5
281636,8,bully,6488,2,1,607,14,3278,112,26224,48,100,275148,852,4000,56,1,0,148,NORMAL,0,0,1,2,12,0,0,162,2921,47,148,0,0,0,6
281823,88,bully,5823,6,1,4001,176,3271,1408,26168,18,100,271439,8562,0,28,1,1,147,NORMAL,0,1,0,6,155,14,1,164,2915,45,147,0,27,13,3
281534,37,bully,6344,1,1,2238,50,3241,400,25928,48,100,275190,2238,2573,55,0,0,148,NORMAL,0,0,1,1,49,0,0,161,2885,47,148,0,0,0,6
281538,83,bully,5538,7,1,4001,167,3219,1336,25752,25,100,272567,7434,0,36,1,1,148,NORMAL,0,1,0,7,145,14,1,159,2866,46,148,0,21,13,3
281785,4,bully,6473,2,1,431,7,3284,56,26272,48,100,275312,688,4000,56,1,0,148,NORMAL,0,0,1,2,5,0,0,162,2927,47,148,0,0,0,6
281648,7,bully,6333,1,1,822,12,3256,96,26048,48,100,275315,822,3863,55,0,0,148,NORMAL,0,0,1,1,11,0,0,161,2900,47,148,0,0,0,6
281367,54,bully,5370,4,1,4004,97,3153,776,25224,32,100,273414,6587,0,41,1,1,147,NORMAL,0,1,0,4,82,10,1,156,2805,45,147,0,12,9,3
281334,66,bully,5334,6,1,4000,128,3165,1024,25320,29,100,273127,6873,0,40,1,1,148,NORMAL,0,1,0,6,110,11,1,156,2815,46,148,0,16,10,3
281959,79,bully,5959,7,1,4001,158,3261,1264,26088,26,100,272567,7434,0,37,1,0,148,NORMAL,0,1,0,7,140,11,0,164,2902,47,148,0,21,10,3
281620,71,bully,5620,8,2,4019,136,3220,1088,25760,28,100,272670,6896,435,42,1,0,148,NORMAL,0,1,1,8,117,11,0,160,2865,47,148,0,18,10,3
281741,100,bully,5740,3,3,12002,396,3101,3168,24808,1,100,267999,12002,0,6,1,138,13,LEADER,1,3,0,3,162,93,138,162,2885,41,13,0,41,90,0
281756,68,bully,5756,7,1,4001,131,3234,1048,25872,29,100,273123,6878,0,41,1,0,149,NORMAL,0,1,0,7,114,10,0,161,2877,47,149,0,17,9,3
281861,77,bully,5861,7,2,4067,147,3243,1176,25944,26,100,272567,7047,386,38,1,0,149,NORMAL,0,1,1,7,130,10,0,160,2887,47,149,0,21,9,3
281876,97,bully,5876,4,2,8001,250,3240,2000,25920,3,100,269147,10853,0,13,1,3,148,NORMAL,0,2,0,4,160,83,3,162,2887,43,148,0,36,81,0
281701,30,bully,5701,1,1,4000,49,3210,392,25680,49,100,276000,4000,0,55,1,0,149,NORMAL,0,1,0,1,45,3,0,160,2854,47,149,0,0,2,6
281892,65,bully,5892,6,1,4001,127,3233,1016,25864,30,100,273127,6874,0,41,1,0,149,NORMAL,0,1,0,6,112,9,0,161,2877,46,149,0,15,8,3
281974,53,bully,5974,5,1,4001,96,3246,768,25968,36,100,273536,6465,0,45,1,0,149,NORMAL,0,1,0,5,83,8,0,162,2888,47,149,0,12,7,4
281771,36,bully,5771,1,1,4001,53,3202,424,25616,49,100,276000,4001,0,55,1,0,149,NORMAL,0,1,0,1,49,3,0,159,2847,47,149,0,0,2,6
281810,32,bully,5810,1,1,4000,50,3175,400,25400,49,100,276000,4000,0,55,1,0,149,NORMAL,0,1,0,1,46,3,0,157,2822,47,149,0,0,2,6
281906,33,bully,5906,1,1,4000,49,3175,392,25400,49,100,276000,4000,0,55,1,0,149,NORMAL,0,1,0,1,46,2,0,157,2822,47,149,0,0,1,6
281921,1,bully,5968,1,1,75,1,3194,8,25552,48,100,275953,75,3972,55,0,0,149,NORMAL,0,0,1,1,0,0,0,156,2842,47,149,0,0,0,6
290148,70,bully,8180,7,2,4033,129,3298,1032,26384,28,100,280451,5550,4000,41,2,0,152,NORMAL,0,1,1,7,121,1,0,167,2933,46,152,0,17,0,3
290177,49,bully,8196,5,3,4481,74,3290,592,26320,40,100,281246,4667,4088,51,2,0,152,NORMAL,0,1,2,5,68,1,0,163,2929,46,152,0,8,0,5
290180,27,bully,6865,2,2,666,44,3295,352,26360,48,100,283315,666,6020,57,1,0,152,NORMAL,0,0,2,2,42,0,0,166,2930,47,152,0,0,0,6
290028,62,bully,7992,7,4,1101,112,3276,896,26208,31,100,280574,5328,4098,47,1,0,152,NORMAL,0,0,4,7,105,0,0,162,2915,47,152,0,14,0,3
290095,82,bully,7873,7,1,49,151,3257,1208,26056,25,100,280149,5852,4000,37,1,0,153,NORMAL,0,0,1,7,144,0,0,161,2896,47,153,0,21,0,3
290262,15,bully,6650,2,2,534,28,3292,224,26336,48,100,283612,534,5855,57,1,0,153,NORMAL,0,0,2,2,26,0,0,163,2929,47,153,0,0,0,6
290167,72,bully,7814,8,1,144,128,3259,1024,26072,27,100,280383,5618,4000,41,1,0,153,NORMAL,0,0,1,8,120,0,0,161,2898,47,153,0,18,0,3
290505,55,bully,8071,6,4,955,92,3291,736,26328,33,100,281035,4799,4167,48,1,0,153,NORMAL,0,0,4,6,86,0,0,162,2929,47,153,0,14,0,5
290383,44,bully,6585,2,1,3894,57,3281,456,26248,47,100,283768,3924,2309,55,0,0,153,NORMAL,0,0,1,2,55,0,0,163,2918,47,153,0,1,0,6
290367,76,bully,7916,9,3,746,137,3267,1096,26136,25,100,280378,3222,6400,41,1,0,153,NORMAL,0,0,3,9,128,0,0,162,2905,47,153,0,21,0,3
290014,94,bully,8475,5,2,4462,205,3207,1640,25656,14,100,278515,7486,4000,24,2,1,153,NORMAL,0,1,1,5,155,44,1,158,2849,47,153,0,32,43,2
290109,50,bully,7578,6,5,1963,76,3209,608,25672,39,100,281796,2020,6184,54,1,0,153,NORMAL,0,0,5,6,70,0,0,157,2852,47,153,0,9,0,5
290165,59,bully,7628,7,3,908,101,3215,808,25720,31,100,281075,2773,6153,46,1,0,153,NORMAL,0,0,3,7,94,0,0,159,2856,47,153,0,14,0,3
290789,78,bully,8249,10,5,2030,148,3271,1184,26168,25,100,280467,3253,6281,44,1,0,153,NORMAL,0,0,5,10,138,0,0,163,2908,47,153,0,21,0,3
290601,29,bully,6659,2,2,287,47,3286,376,26288,48,100,283942,287,5772,57,1,0,153,NORMAL,0,0,2,2,45,0,0,164,2922,47,153,0,0,0,6
290843,87,bully,4843,10,3,4919,196,3288,1568,26304,19,100,281893,7978,129,36,1,1,153,NORMAL,0,1,2,10,156,29,1,166,2923,46,153,0,26,28,3
290804,46,bully,6768,3,3,450,63,3297,504,26376,47,100,284006,450,5545,58,1,0,153,NORMAL,0,0,3,3,60,0,0,165,2932,47,153,0,1,0,6
290586,61,bully,7898,9,6,2536,109,3261,872,26088,31,100,281226,3290,5485,51,1,0,153,NORMAL,0,0,6,9,100,0,0,160,2901,47,153,0,14,0,3
290676,85,bully,4676,8,1,4000,189,3269,1512,26152,20,100,281893,8107,0,33,1,1,153,NORMAL,0,1,0,8,151,29,1,163,2907,46,153,0,25,28,3
290874,13,bully,6746,2,2,157,24,3308,192,26464,48,100,284128,157,5716,57,1,0,153,NORMAL,0,0,2,2,22,0,0,166,2942,47,153,0,0,0,6
290449,64,bully,7661,7,4,3920,115,3223,920,25784,30,100,281300,6279,2421,46,0,0,153,NORMAL,0,0,4,7,108,0,0,158,2865,47,153,0,15,0,3
291007,63,bully,5007,8,4,5342,144,3298,1152,26384,31,100,283178,6159,664,47,1,1,153,NORMAL,0,1,3,8,110,25,1,166,2933,46,153,0,14,24,3
291077,40,bully,6870,1,1,2139,54,3304,432,26432,48,100,284207,2139,3655,55,0,0,153,NORMAL,0,0,1,1,53,0,0,167,2937,47,153,0,0,0,6
290247,16,bully,6029,2,2,316,29,3183,232,25464,48,100,284218,316,5467,57,1,0,153,NORMAL,0,0,2,2,27,0,0,155,2828,47,153,0,0,0,6
290747,24,bully,6493,1,1,2251,40,3269,320,26152,48,100,284254,2251,3495,55,0,0,153,NORMAL,0,0,1,1,39,0,0,163,2906,47,153,0,0,0,6
290298,99,bully,4298,5,2,8002,262,3168,2096,25344,2,100,278765,11236,0,13,1,4,152,NORMAL,0,2,0,5,155,98,4,155,2815,46,152,0,40,96,0
290340,47,bully,4340,2,1,4001,82,3180,656,25440,43,100,285943,4058,0,49,1,1,152,NORMAL,0,1,0,2,61,18,1,155,2831,42,152,0,1,17,5
290571,93,bully,4571,4,3,7888,237,3221,1896,25768,14,100,280880,8859,262,24,1,3,153,NORMAL,0,1,2,4,155,75,3,160,2863,45,153,0,30,74,2
291198,69,bully,5198,7,1,4001,149,3302,1192,26416,29,100,283123,6878,0,41,1,1,153,NORMAL,0,1,0,7,119,22,1,166,2936,47,153,0,17,21,3
290331,35,bully,6005,2,1,871,50,3176,400,25408,48,100,284326,1675,4000,56,1,0,153,NORMAL,0,0,1,2,48,0,0,156,2820,47,153,0,0,0,6
291009,20,bully,6680,2,2,518,36,3289,288,26312,48,100,284329,518,5153,57,1,0,153,NORMAL,0,0,2,2,34,0,0,164,2925,47,153,0,0,0,6
290991,95,bully,4991,5,2,8001,248,3286,1984,26288,12,100,280509,9491,0,22,1,3,153,NORMAL,0,2,0,5,163,77,3,166,2922,45,153,0,32,75,2
291295,25,bully,6928,2,1,817,42,3309,336,26472,48,100,284367,1634,4000,56,1,0,153,NORMAL,0,0,1,2,40,0,0,167,2942,47,153,0,0,0,6
290818,14,bully,6441,2,1,1522,26,3267,208,26136,48,100,284377,1623,4000,56,1,0,153,NORMAL,0,0,1,2,24,0,0,162,2905,47,153,0,0,0,6
290520,41,bully,6135,1,1,2442,53,3200,424,25600,48,100,284385,2442,3174,55,0,0,153,NORMAL,0,0,1,1,52,0,0,159,2841,47,153,0,0,0,6
290435,96,bully,4435,4,2,8002,247,3186,1976,25488,8,100,279977,10024,0,17,1,3,151,NORMAL,0,2,0,4,155,85,3,157,2833,45,151,0,34,83,0
290543,34,bully,6149,2,2,109,48,3205,384,25640,48,100,284394,109,5498,57,1,0,153,NORMAL,0,0,2,2,46,0,0,158,2847,47,153,0,0,0,6
291158,28,bully,6759,1,1,2370,45,3299,360,26392,48,100,284399,2370,3231,55,0,0,153,NORMAL,0,0,1,1,44,0,0,167,2932,47,153,0,0,0,6
290956,11,bully,6542,2,2,377,20,3286,160,26288,48,100,284414,377,5210,57,1,0,153,NORMAL,0,0,2,2,18,0,0,163,2923,47,153,0,0,0,6
290684,17,bully,6251,2,2,130,31,3225,248,25800,48,100,284433,130,5438,57,1,0,153,NORMAL,0,0,2,2,29,0,0,160,2865,47,153,0,0,0,6
290708,90,bully,4708,4,1,4001,182,3227,1456,25816,16,100,281098,8903,0,24,1,1,153,NORMAL,0,1,0,4,155,22,1,162,2866,46,153,0,29,21,2
290465,3,bully,6023,2,2,65,5,3206,40,25648,48,100,284442,65,5494,57,1,0,153,NORMAL,0,0,2,2,3,0,0,155,2851,47,153,0,0,0,6
290593,9,bully,6139,2,2,341,16,3220,128,25760,48,100,284454,341,5206,57,1,0,153,NORMAL,0,0,2,2,14,0,0,158,2862,47,153,0,0,0,6
291144,60,bully,5144,5,1,4001,125,3295,1000,26360,32,100,283178,6823,0,42,1,1,152,NORMAL,0,1,0,5,99,20,1,164,2932,47,152,0,14,19,3
290856,98,bully,4856,5,2,8002,266,3260,2128,26080,3,100,278807,11194,0,14,1,4,153,NORMAL,0,2,0,5,162,95,4,164,2896,47,153,0,40,93,0
291289,91,bully,5289,4,1,4001,188,3299,1504,26392,16,100,281098,8903,0,24,1,1,152,NORMAL,0,1,0,4,161,22,1,168,2932,47,152,0,30,21,2
290737,26,bully,6257,1,1,2984,41,3228,328,25824,48,100,284480,2984,2536,55,0,0,153,NORMAL,0,0,1,1,40,0,0,161,2867,47,153,0,0,0,6
290722,58,bully,4722,8,7,5923,120,3219,960,25752,32,100,283178,6099,723,51,1,1,152,NORMAL,0,1,6,8,91,20,1,159,2861,47,152,0,14,19,3
290994,52,bully,4994,4,1,4000,106,3256,848,26048,36,100,283654,6346,0,44,1,1,153,NORMAL,0,1,0,4,81,20,1,162,2895,46,153,0,11,19,4
290704,5,bully,6155,2,2,512,9,3230,72,25840,48,100,284549,512,4940,57,1,0,153,NORMAL,0,0,2,2,7,0,0,158,2872,47,153,0,0,0,6
290885,45,bully,4885,2,1,4001,70,3251,560,26008,48,100,285970,4031,0,55,1,0,153,NORMAL,0,1,0,2,56,12,0,160,2891,47,153,0,1,11,6
291331,21,bully,6762,1,1,1497,37,3298,296,26384,48,100,284569,1497,3934,55,0,0,153,NORMAL,0,0,1,1,36,0,0,167,2931,47,153,0,0,0,6
290873,23,bully,6263,1,1,3129,38,3231,304,25848,48,100,284610,3129,2261,55,0,0,153,NORMAL,0,0,1,1,37,0,0,161,2870,47,153,0,0,0,6
290652,81,bully,4652,7,1,4000,166,3170,1328,25360,26,100,282567,7433,0,37,1,1,153,NORMAL,0,1,0,7,138,20,1,156,2814,47,153,0,21,19,3
291482,74,bully,5485,7,1,4003,155,3292,1240,26336,26,100,282581,7419,0,37,1,1,153,NORMAL,0,1,0,7,128,19,1,166,2929,44,153,0,18,18,3
290941,43,bully,4941,1,1,4001,67,3222,536,25776,48,100,286000,4001,0,54,1,0,153,NORMAL,0,1,0,1,54,12,0,162,2861,46,153,0,0,11,6
291176,6,bully,6432,2,2,794,11,3280,88,26240,48,100,284744,794,4463,57,1,0,153,NORMAL,0,0,2,2,9,0,0,162,2918,47,153,0,0,0,6
291454,73,bully,5454,8,1,4001,153,3286,1224,26288,28,100,282670,7331,0,41,1,1,153,NORMAL,0,1,0,8,125,19,1,165,2921,47,153,0,18,18,3
291635,39,bully,6876,1,1,3278,53,3298,424,26384,48,100,284759,3278,1964,55,0,0,153,NORMAL,0,0,1,1,52,0,0,167,2931,47,153,0,0,0,6
290906,84,bully,4906,7,1,4001,174,3195,1392,25560,21,100,282429,7572,0,33,1,1,153,NORMAL,0,1,0,7,146,20,1,160,2838,44,153,0,22,19,3
291084,89,bully,5084,6,1,4000,178,3224,1424,25792,18,100,281439,8561,0,28,1,1,153,NORMAL,0,1,0,6,153,18,1,160,2864,47,153,0,29,17,3
291401,86,bully,5401,8,1,4000,180,3272,1440,26176,20,100,281893,8107,0,33,1,1,153,NORMAL,0,1,0,8,153,18,1,165,2907,47,153,0,26,17,3
291567,19,bully,6722,1,1,1563,34,3301,272,26408,48,100,284845,1563,3592,55,0,0,153,NORMAL,0,0,1,1,33,0,0,166,2935,47,153,0,0,0,6
291688,48,bully,5688,4,2,5054,84,3299,672,26392,41,100,284454,5240,306,50,1,1,152,NORMAL,0,1,1,4,65,14,1,165,2937,45,152,0,6,13,5
291685,10,bully,6814,2,2,204,18,3314,144,26512,48,100,284871,204,4925,57,1,0,153,NORMAL,0,0,2,2,16,0,0,166,2948,47,153,0,0,0,6
291430,22,bully,6546,1,1,2812,38,3278,304,26224,48,100,284884,2812,2304,55,0,0,153,NORMAL,0,0,1,1,37,0,0,164,2914,47,153,0,0,0,6
290926,75,bully,4926,7,1,4001,145,3182,1160,25456,26,100,282567,7434,0,37,1,1,153,NORMAL,0,1,0,7,121,16,1,156,2826,47,153,0,21,15,3
291837,56,bully,5837,5,1,4000,112,3300,896,26400,32,100,283178,6822,0,42,1,1,153,NORMAL,0,1,0,5,91,15,1,167,2933,47,153,0,14,14,3
291347,18,bully,6426,1,1,1601,33,3260,264,26080,48,100,284921,1601,3478,55,0,0,153,NORMAL,0,0,1,1,32,0,0,163,2897,47,153,0,0,0,6
291674,80,bully,5674,7,1,4001,168,3286,1344,26288,26,100,282567,7434,0,37,1,1,153,NORMAL,0,1,0,7,144,16,1,165,2921,47,153,0,21,15,3
291272,38,bully,5272,1,1,4000,60,3249,480,25992,49,100,286000,4000,0,55,1,0,153,NORMAL,0,1,0,1,50,9,0,162,2887,47,153,0,0,8,6
291365,2,bully,6399,2,2,318,3,3283,24,26264,48,100,284966,318,4717,57,1,0,153,NORMAL,0,0,2,2,1,0,0,162,2921,47,153,0,0,0,6
291264,67,bully,5266,7,1,4002,137,3230,1096,25840,29,100,283121,6879,0,41,1,1,153,NORMAL,0,1,0,7,114,15,1,162,2868,47,153,0,17,14,3
291128,92,bully,5128,4,1,4000,174,3194,1392,25552,16,100,281098,8902,0,24,1,1,153,NORMAL,0,1,0,4,153,16,1,160,2834,47,153,0,30,15,2
291280,57,bully,5280,5,3,5444,107,3209,856,25672,32,100,283178,6667,156,44,1,1,152,NORMAL,0,1,2,5,89,12,1,160,2850,47,152,0,14,11,3
291498,42,bully,5498,1,1,4000,62,3262,496,26096,49,100,286000,4000,0,55,1,0,153,NORMAL,0,1,0,1,54,7,0,163,2899,47,153,0,0,6,6
291840,12,bully,6746,2,2,796,22,3310,176,26480,48,100,285094,796,4110,57,1,0,153,NORMAL,0,0,2,2,20,0,0,166,2944,47,153,0,0,0,6
291590,31,bully,6480,1,1,2432,47,3266,376,26128,48,100,285110,2432,2459,55,0,0,153,NORMAL,0,0,1,1,46,0,0,163,2903,47,153,0,0,0,6
291552,51,bully,5552,6,4,4930,95,3245,760,25960,38,100,283786,5390,824,51,1,1,152,NORMAL,0,1,3,6,76,12,1,159,2889,45,152,0,9,11,5
291636,8,bully,6488,2,1,607,14,3283,112,26264,48,100,285148,852,4000,56,1,0,153,NORMAL,0,0,1,2,12,0,0,162,2921,47,153,0,0,0,6
291823,88,bully,5823,6,1,4001,176,3276,1408,26208,18,100,281439,8562,0,28,1,1,152,NORMAL,0,1,0,6,155,14,1,164,2915,45,152,0,27,13,3
291534,37,bully,6344,1,1,2238,50,3246,400,25968,48,100,285190,2238,2573,55,0,0,153,NORMAL,0,0,1,1,49,0,0,161,2885,47,153,0,0,0,6
291538,83,bully,5538,7,1,4001,167,3224,1336,25792,25,100,282567,7434,0,36,1,1,153,NORMAL,0,1,0,7,145,14,1,159,2866,46,153,0,21,13,3
291785,4,bully,6473,2,1,431,7,3289,56,26312,48,100,285312,688,4000,56,1,0,153,NORMAL,0,0,1,2,5,0,0,162,2927,47,153,0,0,0,6
291648,7,bully,6333,1,1,822,12,3261,96,26088,48,100,285315,822,3863,55,0,0,153,NORMAL,0,0,1,1,11,0,0,161,2900,47,153,0,0,0,6
291367,54,bully,5370,4,1,4004,97,3158,776,25264,32,100,283414,6587,0,41,1,1,152,NORMAL,0,1,0,4,82,10,1,156,2805,45,152,0,12,9,3
291334,66,bully,5334,6,1,4000,128,3170,1024,25360,29,100,283127,6873,0,40,1,1,153,NORMAL,0,1,0,6,110,11,1,156,2815,46,153,0,16,10,3
291620,71,bully,5620,8,2,4019,136,3225,1088,25800,28,100,282670,6896,435,42,1,0,153,NORMAL,0,1,1,8,117,11,0,160,2865,47,153,0,18,10,3
291959,79,bully,5959,7,1,4001,158,3266,1264,26128,26,100,282567,7434,0,37,1,0,153,NORMAL,0,1,0,7,140,11,0,164,2902,47,153,0,21,10,3
291741,100,bully,5740,3,3,12002,401,3101,3208,24808,1,100,277999,12002,0,6,1,143,13,LEADER,1,3,0,3,162,93,143,162,2885,41,13,0,41,90,0
291756,68,bully,5756,7,1,4001,131,3239,1048,25912,29,100,283123,6878,0,41,1,0,154,NORMAL,0,1,0,7,114,10,0,161,2877,47,154,0,17,9,3
291861,77,bully,5861,7,2,4067,147,3248,1176,25984,26,100,282567,7047,386,38,1,0,154,NORMAL,0,1,1,7,130,10,0,160,2887,47,154,0,21,9,3
291876,97,bully,5876,4,2,8001,250,3245,2000,25960,3,100,279147,10853,0,13,1,3,153,NORMAL,0,2,0,4,160,83,3,162,2887,43,153,0,36,81,0
291701,30,bully,5701,1,1,4000,49,3215,392,25720,49,100,286000,4000,0,55,1,0,154,NORMAL,0,1,0,1,45,3,0,160,2854,47,154,0,0,2,6
291892,65,bully,5892,6,1,4001,127,3238,1016,25904,30,100,283127,6874,0,41,1,0,154,NORMAL,0,1,0,6,112,9,0,161,2877,46,154,0,15,8,3
291974,53,bully,5974,5,1,4001,96,3251,768,26008,36,100,283536,6465,0,45,1,0,154,NORMAL,0,1,0,5,83,8,0,162,2888,47,154,0,12,7,4
291771,36,bully,5771,1,1,4001,53,3207,424,25656,49,100,286000,4001,0,55,1,0,154,NORMAL,0,1,0,1,49,3,0,159,2847,47,154,0,0,2,6
291810,32,bully,5810,1,1,4000,50,3180,400,25440,49,100,286000,4000,0,55,1,0,154,NORMAL,0,1,0,1,46,3,0,157,2822,47,154,0,0,2,6
291906,33,bully,5906,1,1,4000,49,3180,392,25440,49,100,286000,4000,0,55,1,0,154,NORMAL,0,1,0,1,46,2,0,157,2822,47,154,0,0,1,6
291921,1,bully,5968,1,1,75,1,3199,8,25592,48,100,285953,75,3972,55,0,0,154,NORMAL,0,0,1,1,0,0,0,156,2842,47,154,0,0,0,6
