timestamp,node_id,algorithm,first_convergence_time_ms,elections_started,elections_completed,total_election_time_ms,messages_sent,messages_received,bytes_sent,bytes_received,leader_changes,current_leader,time_in_normal_ms,time_in_election_ms,time_in_waiting_ms,state_transitions,timeouts_detected,heartbeats_sent,heartbeats_received,current_state,am_leader,elections_won,elections_lost,msg_election_sent,msg_answer_sent,msg_coordinator_sent,msg_alive_sent,msg_election_recv,msg_answer_recv,msg_coordinator_recv,msg_alive_recv,duplicates_filtered,invalid_coordinators,coordinator_reannouncements,alive_adoptions
2760,8,bully,2760,1,1,2760,3,14,18,84,1,1,0,2760,0,2,0,0,0,NORMAL,0,3,2,3,5,3,0,14,0,0,0,0,0,0,0
2896,5,bully,2896,1,1,2896,3,16,18,96,1,1,0,2896,0,2,0,0,0,NORMAL,0,3,2,3,4,3,0,16,0,0,0,0,0,0,0
3317,7,bully,3317,1,1,3317,3,20,18,120,1,1,0,3317,0,2,0,0,0,NORMAL,0,3,2,3,5,3,0,20,0,0,0,0,0,0,0
3033,2,bully,3033,1,1,3033,3,21,18,126,1,1,0,3033,0,2,0,0,0,NORMAL,0,3,2,3,3,3,0,21,0,0,0,0,0,0,0
3339,6,bully,3339,1,1,3339,3,23,18,138,1,1,0,3339,0,2,0,0,0,NORMAL,0,3,2,3,5,3,0,23,0,0,0,0,0,0,0
3590,1,bully,3590,1,1,3590,3,26,18,156,1,1,0,3590,0,2,0,0,0,LEADER,1,4,1,4,1,3,0,26,0,0,0,0,0,0,0
3454,4,bully,3454,1,1,3454,3,27,18,162,1,1,0,3454,0,2,0,0,0,NORMAL,0,3,2,4,3,3,0,27,0,0,0,0,0,0,0
3202,9,bully,3202,1,1,3202,3,28,18,168,1,1,0,3202,0,2,0,0,0,NORMAL,0,3,2,4,4,3,0,28,0,0,0,0,0,0,0
3475,3,bully,3475,1,1,3475,3,32,18,192,1,1,0,3475,0,2,0,0,0,NORMAL,0,3,2,4,3,3,0,32,0,0,0,0,0,0,0
3645,10,bully,3645,1,1,3645,3,32,18,192,1,1,0,3645,0,2,0,0,0,NORMAL,0,3,2,4,4,3,0,32,0,0,0,0,0,0,0
5063,8,bully,2760,1,1,2760,6,38,36,228,1,1,2303,2760,0,2,0,0,0,NORMAL,0,3,1,6,5,6,0,38,0,0,0,0,0,0,0
5199,5,bully,2896,1,1,2896,6,40,36,240,1,1,2303,2896,0,2,0,0,0,NORMAL,0,3,1,6,4,6,0,40,0,0,0,0,0,0,0
5620,7,bully,3317,1,1,3317,6,44,36,264,1,1,2303,3317,0,2,0,0,0,NORMAL,0,3,1,6,5,6,0,44,0,0,0,0,0,0,0
5336,2,bully,3033,1,1,3033,6,45,36,270,1,1,2303,3033,0,2,0,0,0,NORMAL,0,3,1,6,3,6,0,45,0,0,0,0,0,0,0
5642,6,bully,3339,1,1,3339,6,46,36,276,1,1,2303,3339,0,2,0,0,0,NORMAL,0,3,1,6,5,6,0,46,0,0,0,0,0,0,0
5893,1,bully,3590,1,1,3590,6,50,36,300,1,1,2303,3590,0,2,0,0,0,LEADER,1,4,1,7,1,6,0,50,0,0,0,0,0,0,0
5757,4,bully,3454,1,1,3454,6,51,36,306,1,1,2303,3454,0,2,0,0,0,NORMAL,0,3,1,7,3,6,0,51,0,0,0,0,0,0,0
5505,9,bully,3202,1,1,3202,6,52,36,312,1,1,2303,3202,0,2,0,0,0,NORMAL,0,3,1,7,4,6,0,52,0,0,0,0,0,0,0
5778,3,bully,3475,1,1,3475,6,56,36,336,1,1,2303,3475,0,2,0,0,0,NORMAL,0,3,1,7,3,6,0,56,0,0,0,0,0,0,0
5948,10,bully,3645,1,1,3645,6,56,36,336,1,1,2303,3645,0,2,0,0,0,NORMAL,0,3,1,7,4,6,0,56,0,0,0,0,0,0,0
7366,8,bully,2760,1,1,2760,9,62,54,372,1,1,4606,2760,0,2,0,0,0,NORMAL,0,3,1,9,5,9,0,62,0,0,0,0,0,0,0
7502,5,bully,2896,1,1,2896,9,64,54,384,1,1,4606,2896,0,2,0,0,0,NORMAL,0,3,1,9,4,9,0,64,0,0,0,0,0,0,0
7923,7,bully,3317,1,1,3317,9,68,54,408,1,1,4606,3317,0,2,0,0,0,NORMAL,0,3,1,9,5,9,0,68,0,0,0,0,0,0,0
7639,2,bully,3033,1,1,3033,9,69,54,414,1,1,4606,3033,0,2,0,0,0,NORMAL,0,3,1,9,3,9,0,69,0,0,0,0,0,0,0
7945,6,bully,3339,1,1,3339,9,70,54,420,1,1,4606,3339,0,2,0,0,0,NORMAL,0,3,1,9,5,9,0,70,0,0,0,0,0,0,0
8196,1,bully,3590,1,1,3590,9,74,54,444,1,1,4606,3590,0,2,0,0,0,LEADER,1,4,1,10,1,9,0,74,0,0,0,0,0,0,0
8060,4,bully,3454,1,1,3454,9,75,54,450,1,1,4606,3454,0,2,0,0,0,NORMAL,0,3,1,10,3,9,0,75,0,0,0,0,0,0,0
7808,9,bully,3202,1,1,3202,9,76,54,456,1,1,4606,3202,0,2,0,0,0,NORMAL,0,3,1,10,4,9,0,76,0,0,0,0,0,0,0
8081,3,bully,3475,1,1,3475,9,80,54,480,1,1,4606,3475,0,2,0,0,0,NORMAL,0,3,1,10,3,9,0,80,0,0,0,0,0,0,0
8251,10,bully,3645,1,1,3645,9,79,54,474,1,1,4606,3645,0,2,0,0,0,NORMAL,0,3,1,10,4,9,0,79,0,0,0,0,0,0,0
9669,8,bully,2760,1,2,12429,12,86,72,516,1,1,6909,2760,0,3,0,0,0,NORMAL,0,3,2,4,7,12,0,86,0,0,0,0,0,0,0
9805,5,bully,2896,1,2,12701,12,88,72,528,1,1,6909,2896,0,3,0,0,0,NORMAL,0,3,2,4,6,12,0,88,0,0,0,0,0,0,0
10226,7,bully,3317,1,2,13543,12,92,72,552,1,1,6909,3317,0,3,0,0,0,NORMAL,0,3,2,4,7,12,0,92,0,0,0,0,0,0,0
9942,2,bully,3033,1,2,12975,12,93,72,558,1,1,6909,3033,0,3,0,0,0,NORMAL,0,3,2,4,5,12,0,93,0,0,0,0,0,0,0
10248,6,bully,3339,1,2,13587,12,94,72,564,1,1,6909,3339,0,3,0,0,0,NORMAL,0,3,2,4,7,12,0,94,0,0,0,0,0,0,0
10499,1,bully,3590,1,2,14089,12,98,72,588,1,1,6909,3590,0,3,0,0,0,LEADER,1,4,1,4,2,12,0,98,0,0,0,0,0,0,0
10363,4,bully,3454,1,2,13817,12,99,72,594,1,1,6909,3454,0,3,0,0,0,NORMAL,0,3,2,4,5,12,0,99,0,0,0,0,0,0,0
10111,9,bully,3202,1,2,13313,12,100,72,600,1,1,6909,3202,0,3,0,0,0,NORMAL,0,3,2,3,7,12,0,100,0,0,0,0,0,0,0
10384,3,bully,3475,1,2,13859,12,104,72,624,1,1,6909,3475,0,3,0,0,0,NORMAL,0,3,2,3,6,12,0,104,0,0,0,0,0,0,0
10554,10,bully,3645,1,2,14199,12,103,72,618,1,1,6909,3645,0,3,0,0,0,NORMAL,0,3,2,3,8,12,0,103,0,0,0,0,0,0,0
11972,8,bully,2760,1,2,12429,15,110,90,660,1,1,9212,2760,0,3,0,0,0,NORMAL,0,3,1,7,7,15,0,110,0,0,0,0,0,0,0
12108,5,bully,2896,1,2,12701,15,112,90,672,1,1,9212,2896,0,3,0,0,0,NORMAL,0,3,1,7,6,15,0,112,0,0,0,0,0,0,0
12529,7,bully,3317,1,2,13543,15,116,90,696,1,1,9212,3317,0,3,0,0,0,NORMAL,0,3,1,7,7,15,0,116,0,0,0,0,0,0,0
12245,2,bully,3033,1,2,12975,15,117,90,702,1,1,9212,3033,0,3,0,0,0,NORMAL,0,3,1,7,5,15,0,117,0,0,0,0,0,0,0
12551,6,bully,3339,1,2,13587,15,118,90,708,1,1,9212,3339,0,3,0,0,0,NORMAL,0,3,1,7,7,15,0,118,0,0,0,0,0,0,0
12802,1,bully,3590,1,2,14089,15,122,90,732,1,1,9212,3590,0,3,0,0,0,LEADER,1,4,1,7,2,15,0,122,0,0,0,0,0,0,0
12666,4,bully,3454,1,2,13817,15,123,90,738,1,1,9212,3454,0,3,0,0,0,NORMAL,0,3,1,7,5,15,0,123,0,0,0,0,0,0,0
12414,9,bully,3202,1,2,13313,15,123,90,738,1,1,9212,3202,0,3,0,0,0,NORMAL,0,3,1,6,7,15,0,123,0,0,0,0,0,0,0
12687,3,bully,3475,1,2,13859,15,128,90,768,1,1,9212,3475,0,3,0,0,0,NORMAL,0,3,1,6,6,15,0,128,0,0,0,0,0,0,0
12857,10,bully,3645,1,2,14199,15,126,90,756,1,1,9212,3645,0,3,0,0,0,NORMAL,0,3,1,6,8,15,0,126,0,0,0,0,0,0,0
14275,8,bully,2760,1,2,12429,18,133,108,798,1,1,11515,2760,0,3,0,0,0,NORMAL,0,3,1,10,7,18,0,133,0,0,0,0,0,0,0
14411,5,bully,2896,1,2,12701,18,135,108,810,1,1,11515,2896,0,3,0,0,0,NORMAL,0,3,1,10,6,18,0,135,0,0,0,0,0,0,0
14832,7,bully,3317,1,2,13543,18,139,108,834,1,1,11515,3317,0,3,0,0,0,NORMAL,0,3,1,10,7,18,0,139,0,0,0,0,0,0,0
14548,2,bully,3033,1,2,12975,18,141,108,846,1,1,11515,3033,0,3,0,0,0,NORMAL,0,3,1,10,5,18,0,141,0,0,0,0,0,0,0
14854,6,bully,3339,1,2,13587,18,141,108,846,1,1,11515,3339,0,3,0,0,0,NORMAL,0,3,1,10,7,18,0,141,0,0,0,0,0,0,0
15105,1,bully,3590,1,2,14089,18,146,108,876,1,1,11515,3590,0,3,0,0,0,LEADER,1,4,1,10,2,18,0,146,0,0,0,0,0,0,0
14969,4,bully,3454,1,2,13817,18,147,108,882,1,1,11515,3454,0,3,0,0,0,NORMAL,0,3,1,10,5,18,0,147,0,0,0,0,0,0,0
14717,9,bully,3202,1,2,13313,18,147,108,882,1,1,11515,3202,0,3,0,0,0,NORMAL,0,3,1,9,7,18,0,147,0,0,0,0,0,0,0
14990,3,bully,3475,1,2,13859,18,152,108,912,1,1,11515,3475,0,3,0,0,0,NORMAL,0,3,1,9,6,18,0,152,0,0,0,0,0,0,0
15160,10,bully,3645,1,2,14199,18,150,108,900,1,1,11515,3645,0,3,0,0,0,NORMAL,0,3,1,9,8,18,0,150,0,0,0,0,0,0,0
16578,8,bully,2760,1,3,29007,21,157,126,942,1,1,13818,2760,0,4,0,0,0,NORMAL,0,3,2,4,9,21,0,157,0,0,0,0,0,0,0
16714,5,bully,2896,1,3,29415,21,159,126,954,1,1,13818,2896,0,4,0,0,0,NORMAL,0,3,2,4,8,21,0,159,0,0,0,0,0,0,0
17135,7,bully,3317,1,3,30678,21,162,126,972,1,1,13818,3317,0,4,0,0,0,NORMAL,0,3,2,4,9,21,0,162,0,0,0,0,0,0,0
16851,2,bully,3033,1,3,29826,21,165,126,990,1,1,13818,3033,0,4,0,0,0,NORMAL,0,3,2,4,7,21,0,165,0,0,0,0,0,0,0
17157,6,bully,3339,1,3,30744,21,165,126,990,1,1,13818,3339,0,4,0,0,0,NORMAL,0,3,2,4,9,21,0,165,0,0,0,0,0,0,0
17408,1,bully,3590,1,3,31497,21,170,126,1020,1,1,13818,3590,0,4,0,0,0,LEADER,1,4,1,4,3,21,0,170,0,0,0,0,0,0,0
17272,4,bully,3454,1,3,31089,21,171,126,1026,1,1,13818,3454,0,4,0,0,0,NORMAL,0,3,2,4,7,21,0,171,0,0,0,0,0,0,0
17020,9,bully,3202,1,3,30333,21,170,126,1020,1,1,13818,3202,0,4,0,0,0,NORMAL,0,3,2,3,10,21,0,170,0,0,0,0,0,0,0
17293,3,bully,3475,1,3,31152,21,176,126,1056,1,1,13818,3475,0,4,0,0,0,NORMAL,0,3,2,3,9,21,0,176,0,0,0,0,0,0,0
17463,10,bully,3645,1,3,31662,21,173,126,1038,1,1,13818,3645,0,4,0,0,0,NORMAL,0,3,2,3,12,21,0,173,0,0,0,0,0,0,0
18881,8,bully,2760,1,3,29007,24,181,144,1086,1,1,16121,2760,0,4,0,0,0,NORMAL,0,3,1,7,9,24,0,181,0,0,0,0,0,0,0
19017,5,bully,2896,1,3,29415,24,183,144,1098,1,1,16121,2896,0,4,0,0,0,NORMAL,0,3,1,7,8,24,0,183,0,0,0,0,0,0,0
19438,7,bully,3317,1,3,30678,24,186,144,1116,1,1,16121,3317,0,4,0,0,0,NORMAL,0,3,1,7,9,24,0,186,0,0,0,0,0,0,0
19154,2,bully,3033,1,3,29826,24,189,144,1134,1,1,16121,3033,0,4,0,0,0,NORMAL,0,3,1,7,7,24,0,189,0,0,0,0,0,0,0
19460,6,bully,3339,1,3,30744,24,188,144,1128,1,1,16121,3339,0,4,0,0,0,NORMAL,0,3,1,7,9,24,0,188,0,0,0,0,0,0,0
19711,1,bully,3590,1,3,31497,24,194,144,1164,1,1,16121,3590,0,4,0,0,0,LEADER,1,4,1,7,3,24,0,194,0,0,0,0,0,0,0
19575,4,bully,3454,1,3,31089,24,195,144,1170,1,1,16121,3454,0,4,0,0,0,NORMAL,0,3,1,7,7,24,0,195,0,0,0,0,0,0,0
19323,9,bully,3202,1,3,30333,24,194,144,1164,1,1,16121,3202,0,4,0,0,0,NORMAL,0,3,1,6,10,24,0,194,0,0,0,0,0,0,0
19596,3,bully,3475,1,3,31152,24,200,144,1200,1,1,16121,3475,0,4,0,0,0,NORMAL,0,3,1,6,9,24,0,200,0,0,0,0,0,0,0
19766,10,bully,3645,1,3,31662,24,197,144,1182,1,1,16121,3645,0,4,0,0,0,NORMAL,0,3,1,6,12,24,0,197,0,0,0,0,0,0,0
21184,8,bully,2760,1,3,29007,27,205,162,1230,1,1,18424,2760,0,4,0,0,0,NORMAL,0,3,1,10,9,27,0,205,0,0,0,0,0,0,0
21320,5,bully,2896,1,3,29415,27,207,162,1242,1,1,18424,2896,0,4,0,0,0,NORMAL,0,3,1,10,8,27,0,207,0,0,0,0,0,0,0
21741,7,bully,3317,1,3,30678,27,210,162,1260,1,1,18424,3317,0,4,0,0,0,NORMAL,0,3,1,10,9,27,0,210,0,0,0,0,0,0,0
21457,2,bully,3033,1,3,29826,27,213,162,1278,1,1,18424,3033,0,4,0,0,0,NORMAL,0,3,1,10,7,27,0,213,0,0,0,0,0,0,0
21763,6,bully,3339,1,3,30744,27,212,162,1272,1,1,18424,3339,0,4,0,0,0,NORMAL,0,3,1,10,9,27,0,212,0,0,0,0,0,0,0
22014,1,bully,3590,1,3,31497,27,218,162,1308,1,1,18424,3590,0,4,0,0,0,LEADER,1,4,1,10,3,27,0,218,0,0,0,0,0,0,0
21878,4,bully,3454,1,3,31089,27,219,162,1314,1,1,18424,3454,0,4,0,0,0,NORMAL,0,3,1,10,7,27,0,219,0,0,0,0,0,0,0
21626,9,bully,3202,1,3,30333,27,218,162,1308,1,1,18424,3202,0,4,0,0,0,NORMAL,0,3,1,9,10,27,0,218,0,0,0,0,0,0,0
21899,3,bully,3475,1,3,31152,27,224,162,1344,1,1,18424,3475,0,4,0,0,0,NORMAL,0,3,1,9,9,27,0,224,0,0,0,0,0,0,0
22069,10,bully,3645,1,3,31662,27,221,162,1326,1,1,18424,3645,0,4,0,0,0,NORMAL,0,3,1,9,12,27,0,221,0,0,0,0,0,0,0
23487,8,bully,2760,1,4,52494,30,229,180,1374,1,1,20727,2760,0,5,0,0,0,NORMAL,0,3,2,4,11,30,0,229,0,0,0,0,0,0,0
23623,5,bully,2896,1,4,53038,30,231,180,1386,1,1,20727,2896,0,5,0,0,0,NORMAL,0,3,2,4,10,30,0,231,0,0,0,0,0,0,0
24044,7,bully,3317,1,4,54722,30,234,180,1404,1,1,20727,3317,0,5,0,0,0,NORMAL,0,3,2,4,11,30,0,234,0,0,0,0,0,0,0
23760,2,bully,3033,1,4,53586,30,237,180,1422,1,1,20727,3033,0,5,0,0,0,NORMAL,0,3,2,4,9,30,0,237,0,0,0,0,0,0,0
24066,6,bully,3339,1,4,54810,30,237,180,1422,1,1,20727,3339,0,5,0,0,0,NORMAL,0,3,2,4,11,30,0,237,0,0,0,0,0,0,0
24317,1,bully,3590,1,4,55814,30,242,180,1452,1,1,20727,3590,0,5,0,0,0,LEADER,1,4,1,4,4,30,0,242,0,0,0,0,0,0,0
24181,4,bully,3454,1,4,55270,30,243,180,1458,1,1,20727,3454,0,5,0,0,0,NORMAL,0,3,2,4,9,30,0,243,0,0,0,0,0,0,0
23929,9,bully,3202,1,4,54262,30,242,180,1452,1,1,20727,3202,0,5,0,0,0,NORMAL,0,3,2,4,12,30,0,242,0,0,0,0,0,0,0
24202,3,bully,3475,1,4,55354,30,248,180,1488,1,1,20727,3475,0,5,0,0,0,NORMAL,0,3,2,3,12,30,0,248,0,0,0,0,0,0,0
24372,10,bully,3645,1,4,56034,30,245,180,1470,1,1,20727,3645,0,5,0,0,0,NORMAL,0,3,2,3,16,30,0,245,0,0,0,0,0,0,0
25790,8,bully,2760,1,4,52494,33,253,198,1518,1,1,23030,2760,0,5,0,0,0,NORMAL,0,3,1,7,11,33,0,253,0,0,0,0,0,0,0
25926,5,bully,2896,1,4,53038,33,255,198,1530,1,1,23030,2896,0,5,0,0,0,NORMAL,0,3,1,7,10,33,0,255,0,0,0,0,0,0,0
26347,7,bully,3317,1,4,54722,33,258,198,1548,1,1,23030,3317,0,5,0,0,0,NORMAL,0,3,1,7,11,33,0,258,0,0,0,0,0,0,0
26063,2,bully,3033,1,4,53586,33,261,198,1566,1,1,23030,3033,0,5,0,0,0,NORMAL,0,3,1,7,9,33,0,261,0,0,0,0,0,0,0
26369,6,bully,3339,1,4,54810,33,260,198,1560,1,1,23030,3339,0,5,0,0,0,NORMAL,0,3,1,7,11,33,0,260,0,0,0,0,0,0,0
26620,1,bully,3590,1,4,55814,33,266,198,1596,1,1,23030,3590,0,5,0,0,0,LEADER,1,4,1,7,4,33,0,266,0,0,0,0,0,0,0
26484,4,bully,3454,1,4,55270,33,267,198,1602,1,1,23030,3454,0,5,0,0,0,NORMAL,0,3,1,7,9,33,0,267,0,0,0,0,0,0,0
26232,9,bully,3202,1,4,54262,33,266,198,1596,1,1,23030,3202,0,5,0,0,0,NORMAL,0,3,1,7,12,33,0,266,0,0,0,0,0,0,0
26505,3,bully,3475,1,4,55354,33,272,198,1632,1,1,23030,3475,0,5,0,0,0,NORMAL,0,3,1,6,12,33,0,272,0,0,0,0,0,0,0
26675,10,bully,3645,1,4,56034,33,269,198,1614,1,1,23030,3645,0,5,0,0,0,NORMAL,0,3,1,6,16,33,0,269,0,0,0,0,0,0,0
28093,8,bully,2760,1,4,52494,36,277,216,1662,1,1,25333,2760,0,5,0,0,0,NORMAL,0,3,1,10,11,36,0,277,0,0,0,0,0,0,0
28229,5,bully,2896,1,4,53038,36,279,216,1674,1,1,25333,2896,0,5,0,0,0,NORMAL,0,3,1,10,10,36,0,279,0,0,0,0,0,0,0
28650,7,bully,3317,1,4,54722,36,282,216,1692,1,1,25333,3317,0,5,0,0,0,NORMAL,0,3,1,10,11,36,0,282,0,0,0,0,0,0,0
28366,2,bully,3033,1,4,53586,36,285,216,1710,1,1,25333,3033,0,5,0,0,0,NORMAL,0,3,1,10,9,36,0,285,0,0,0,0,0,0,0
28672,6,bully,3339,1,4,54810,36,284,216,1704,1,1,25333,3339,0,5,0,0,0,NORMAL,0,3,1,10,11,36,0,284,0,0,0,0,0,0,0
28923,1,bully,3590,1,4,55814,36,290,216,1740,1,1,25333,3590,0,5,0,0,0,LEADER,1,4,1,10,4,36,0,290,0,0,0,0,0,0,0
28787,4,bully,3454,1,4,55270,36,291,216,1746,1,1,25333,3454,0,5,0,0,0,NORMAL,0,3,1,10,9,36,0,291,0,0,0,0,0,0,0
28535,9,bully,3202,1,4,54262,36,290,216,1740,1,1,25333,3202,0,5,0,0,0,NORMAL,0,3,1,10,12,36,0,290,0,0,0,0,0,0,0
28808,3,bully,3475,1,4,55354,36,296,216,1776,1,1,25333,3475,0,5,0,0,0,NORMAL,0,3,1,9,12,36,0,296,0,0,0,0,0,0,0
28978,10,bully,3645,1,4,56034,36,293,216,1758,1,1,25333,3645,0,5,0,0,0,NORMAL,0,3,1,9,16,36,0,293,0,0,0,0,0,0,0
30396,8,bully,2760,1,5,82890,39,301,234,1806,1,1,27636,2760,0,6,0,0,0,NORMAL,0,3,2,4,13,39,0,301,0,0,0,0,0,0,0
30532,5,bully,2896,1,5,83570,39,303,234,1818,1,1,27636,2896,0,6,0,0,0,NORMAL,0,3,2,4,12,39,0,303,0,0,0,0,0,0,0
30953,7,bully,3317,1,5,85675,39,306,234,1836,1,1,27636,3317,0,6,0,0,0,NORMAL,0,3,2,4,13,39,0,306,0,0,0,0,0,0,0
30669,2,bully,3033,1,5,84255,39,309,234,1854,1,1,27636,3033,0,6,0,0,0,NORMAL,0,3,2,4,11,39,0,309,0,0,0,0,0,0,0
30975,6,bully,3339,1,5,85785,39,308,234,1848,1,1,27636,3339,0,6,0,0,0,NORMAL,0,3,2,4,13,39,0,308,0,0,0,0,0,0,0
31226,1,bully,3590,1,5,87040,39,314,234,1884,1,1,27636,3590,0,6,0,0,0,LEADER,1,4,1,4,5,39,0,314,0,0,0,0,0,0,0
31090,4,bully,3454,1,5,86360,39,315,234,1890,1,1,27636,3454,0,6,0,0,0,NORMAL,0,3,2,4,11,39,0,315,0,0,0,0,0,0,0
30838,9,bully,3202,1,5,85100,39,314,234,1884,1,1,27636,3202,0,6,0,0,0,NORMAL,0,3,2,3,15,39,0,314,0,0,0,0,0,0,0
31111,3,bully,3475,1,5,86465,39,320,234,1920,1,1,27636,3475,0,6,0,0,0,NORMAL,0,3,2,3,15,39,0,320,0,0,0,0,0,0,0
31281,10,bully,3645,1,5,87315,39,317,234,1902,1,1,27636,3645,0,6,0,0,0,NORMAL,0,3,2,3,20,39,0,317,0,0,0,0,0,0,0
32699,8,bully,2760,1,5,82890,42,325,252,1950,1,1,29939,2760,0,6,0,0,0,NORMAL,0,3,1,7,13,42,0,325,0,0,0,0,0,0,0
32835,5,bully,2896,1,5,83570,42,327,252,1962,1,1,29939,2896,0,6,0,0,0,NORMAL,0,3,1,7,12,42,0,327,0,0,0,0,0,0,0
33256,7,bully,3317,1,5,85675,42,330,252,1980,1,1,29939,3317,0,6,0,0,0,NORMAL,0,3,1,7,13,42,0,330,0,0,0,0,0,0,0
32972,2,bully,3033,1,5,84255,42,333,252,1998,1,1,29939,3033,0,6,0,0,0,NORMAL,0,3,1,7,11,42,0,333,0,0,0,0,0,0,0
33278,6,bully,3339,1,5,85785,42,333,252,1998,1,1,29939,3339,0,6,0,0,0,NORMAL,0,3,1,7,13,42,0,333,0,0,0,0,0,0,0
33529,1,bully,3590,1,5,87040,42,338,252,2028,1,1,29939,3590,0,6,0,0,0,LEADER,1,4,1,7,5,42,0,338,0,0,0,0,0,0,0
33393,4,bully,3454,1,5,86360,42,339,252,2034,1,1,29939,3454,0,6,0,0,0,NORMAL,0,3,1,7,11,42,0,339,0,0,0,0,0,0,0
33140,9,bully,3202,1,5,85100,42,338,252,2028,1,1,29938,3202,0,6,0,0,0,NORMAL,0,3,1,6,15,42,0,338,0,0,0,0,0,0,0
33414,3,bully,3475,1,5,86465,42,344,252,2064,1,1,29939,3475,0,6,0,0,0,NORMAL,0,3,1,6,15,42,0,344,0,0,0,0,0,0,0
33584,10,bully,3645,1,5,87315,42,341,252,2046,1,1,29939,3645,0,6,0,0,0,NORMAL,0,3,1,6,20,42,0,341,0,0,0,0,0,0,0
35002,8,bully,2760,1,5,82890,45,349,270,2094,1,1,32242,2760,0,6,0,0,0,NORMAL,0,3,1,10,13,45,0,349,0,0,0,0,0,0,0
35138,5,bully,2896,1,5,83570,45,351,270,2106,1,1,32242,2896,0,6,0,0,0,NORMAL,0,3,1,10,12,45,0,351,0,0,0,0,0,0,0
35559,7,bully,3317,1,5,85675,45,354,270,2124,1,1,32242,3317,0,6,0,0,0,NORMAL,0,3,1,10,13,45,0,354,0,0,0,0,0,0,0
35275,2,bully,3033,1,5,84255,45,357,270,2142,1,1,32242,3033,0,6,0,0,0,NORMAL,0,3,1,10,11,45,0,357,0,0,0,0,0,0,0
35581,6,bully,3339,1,5,85785,45,356,270,2136,1,1,32242,3339,0,6,0,0,0,NORMAL,0,3,1,10,13,45,0,356,0,0,0,0,0,0,0
35832,1,bully,3590,1,5,87040,45,362,270,2172,1,1,32242,3590,0,6,0,0,0,LEADER,1,4,1,10,5,45,0,362,0,0,0,0,0,0,0
35696,4,bully,3454,1,5,86360,45,363,270,2178,1,1,32242,3454,0,6,0,0,0,NORMAL,0,3,1,10,11,45,0,363,0,0,0,0,0,0,0
35443,9,bully,3202,1,5,85100,45,362,270,2172,1,1,32241,3202,0,6,0,0,0,NORMAL,0,3,1,9,15,45,0,362,0,0,0,0,0,0,0
35717,3,bully,3475,1,5,86465,45,368,270,2208,1,1,32242,3475,0,6,0,0,0,NORMAL,0,3,1,9,15,45,0,368,0,0,0,0,0,0,0
35887,10,bully,3645,1,5,87315,45,365,270,2190,1,1,32242,3645,0,6,0,0,0,NORMAL,0,3,1,9,20,45,0,365,0,0,0,0,0,0,0
37305,8,bully,2760,1,6,120195,48,373,288,2238,1,1,34545,2760,0,7,0,0,0,NORMAL,0,3,2,4,15,48,0,373,0,0,0,0,0,0,0
37441,5,bully,2896,1,6,121011,48,375,288,2250,1,1,34545,2896,0,7,0,0,0,NORMAL,0,3,2,4,14,48,0,375,0,0,0,0,0,0,0
37862,7,bully,3317,1,6,123537,48,378,288,2268,1,1,34545,3317,0,7,0,0,0,NORMAL,0,3,2,4,15,48,0,378,0,0,0,0,0,0,0
37578,2,bully,3033,1,6,121833,48,381,288,2286,1,1,34545,3033,0,7,0,0,0,NORMAL,0,3,2,4,13,48,0,381,0,0,0,0,0,0,0
37884,6,bully,3339,1,6,123669,48,381,288,2286,1,1,34545,3339,0,7,0,0,0,NORMAL,0,3,2,4,15,48,0,381,0,0,0,0,0,0,0
38135,1,bully,3590,1,6,125175,48,386,288,2316,1,1,34545,3590,0,7,0,0,0,LEADER,1,4,1,4,6,48,0,386,0,0,0,0,0,0,0
37999,4,bully,3454,1,6,124359,48,387,288,2322,1,1,34545,3454,0,7,0,0,0,NORMAL,0,3,2,4,13,48,0,387,0,0,0,0,0,0,0
37746,9,bully,3202,1,6,122846,48,386,288,2316,1,1,34544,3202,0,7,0,0,0,NORMAL,0,3,2,3,18,48,0,386,0,0,0,0,0,0,0
38020,3,bully,3475,1,6,124485,48,392,288,2352,1,1,34545,3475,0,7,0,0,0,NORMAL,0,3,2,3,18,48,0,392,0,0,0,0,0,0,0
38190,10,bully,3645,1,6,125505,48,389,288,2334,1,1,34545,3645,0,7,0,0,0,NORMAL,0,3,2,3,24,48,0,389,0,0,0,0,0,0,0
39607,8,bully,2760,1,6,120195,51,397,306,2382,1,1,36847,2760,0,7,0,0,0,NORMAL,0,3,1,7,15,51,0,397,0,0,0,0,0,0,0
39744,5,bully,2896,1,6,121011,51,399,306,2394,1,1,36848,2896,0,7,0,0,0,NORMAL,0,3,1,7,14,51,0,399,0,0,0,0,0,0,0
40165,7,bully,3317,1,6,123537,51,402,306,2412,1,1,36848,3317,0,7,0,0,0,NORMAL,0,3,1,7,15,51,0,402,0,0,0,0,0,0,0
39881,2,bully,3033,1,6,121833,51,405,306,2430,1,1,36848,3033,0,7,0,0,0,NORMAL,0,3,1,7,13,51,0,405,0,0,0,0,0,0,0
40187,6,bully,3339,1,6,123669,51,405,306,2430,1,1,36848,3339,0,7,0,0,0,NORMAL,0,3,1,7,15,51,0,405,0,0,0,0,0,0,0
40438,1,bully,3590,1,6,125175,51,410,306,2460,1,1,36848,3590,0,7,0,0,0,LEADER,1,4,1,7,6,51,0,410,0,0,0,0,0,0,0
40302,4,bully,3454,1,6,124359,51,411,306,2466,1,1,36848,3454,0,7,0,0,0,NORMAL,0,3,1,7,13,51,0,411,0,0,0,0,0,0,0
40049,9,bully,3202,1,6,122846,51,410,306,2460,1,1,36847,3202,0,7,0,0,0,NORMAL,0,3,1,6,18,51,0,410,0,0,0,0,0,0,0
40323,3,bully,3475,1,6,124485,51,416,306,2496,1,1,36848,3475,0,7,0,0,0,NORMAL,0,3,1,6,18,51,0,416,0,0,0,0,0,0,0
40493,10,bully,3645,1,6,125505,51,413,306,2478,1,1,36848,3645,0,7,0,0,0,NORMAL,0,3,1,6,24,51,0,413,0,0,0,0,0,0,0
41910,8,bully,2760,1,6,120195,54,421,324,2526,1,1,39150,2760,0,7,0,0,0,NORMAL,0,3,1,10,15,54,0,421,0,0,0,0,0,0,0
42047,5,bully,2896,1,6,121011,54,423,324,2538,1,1,39151,2896,0,7,0,0,0,NORMAL,0,3,1,10,14,54,0,423,0,0,0,0,0,0,0
42468,7,bully,3317,1,6,123537,54,426,324,2556,1,1,39151,3317,0,7,0,0,0,NORMAL,0,3,1,10,15,54,0,426,0,0,0,0,0,0,0
42184,2,bully,3033,1,6,121833,54,429,324,2574,1,1,39151,3033,0,7,0,0,0,NORMAL,0,3,1,10,13,54,0,429,0,0,0,0,0,0,0
42490,6,bully,3339,1,6,123669,54,428,324,2568,1,1,39151,3339,0,7,0,0,0,NORMAL,0,3,1,10,15,54,0,428,0,0,0,0,0,0,0
42741,1,bully,3590,1,6,125175,54,434,324,2604,1,1,39151,3590,0,7,0,0,0,LEADER,1,4,1,10,6,54,0,434,0,0,0,0,0,0,0
42605,4,bully,3454,1,6,124359,54,435,324,2610,1,1,39151,3454,0,7,0,0,0,NORMAL,0,3,1,10,13,54,0,435,0,0,0,0,0,0,0
42352,9,bully,3202,1,6,122846,54,434,324,2604,1,1,39150,3202,0,7,0,0,0,NORMAL,0,3,1,9,18,54,0,434,0,0,0,0,0,0,0
42626,3,bully,3475,1,6,124485,54,440,324,2640,1,1,39151,3475,0,7,0,0,0,NORMAL,0,3,1,9,18,54,0,440,0,0,0,0,0,0,0
42796,10,bully,3645,1,6,125505,54,437,324,2622,1,1,39151,3645,0,7,0,0,0,NORMAL,0,3,1,9,24,54,0,437,0,0,0,0,0,0,0
44213,8,bully,2760,1,7,164408,57,445,342,2670,1,1,41453,2760,0,8,0,0,0,NORMAL,0,3,2,4,17,57,0,445,0,0,0,0,0,0,0
44350,5,bully,2896,1,7,165361,57,447,342,2682,1,1,41454,2896,0,8,0,0,0,NORMAL,0,3,2,4,16,57,0,447,0,0,0,0,0,0,0
44771,7,bully,3317,1,7,168308,57,450,342,2700,1,1,41454,3317,0,8,0,0,0,NORMAL,0,3,2,4,17,57,0,450,0,0,0,0,0,0,0
44487,2,bully,3033,1,7,166320,57,453,342,2718,1,1,41454,3033,0,8,0,0,0,NORMAL,0,3,2,4,15,57,0,453,0,0,0,0,0,0,0
44793,6,bully,3339,1,7,168462,57,453,342,2718,1,1,41454,3339,0,8,0,0,0,NORMAL,0,3,2,4,17,57,0,453,0,0,0,0,0,0,0
45044,1,bully,3590,1,7,170219,57,458,342,2748,1,1,41454,3590,0,8,0,0,0,LEADER,1,4,1,4,7,57,0,458,0,0,0,0,0,0,0
44908,4,bully,3454,1,7,169267,57,459,342,2754,1,1,41454,3454,0,8,0,0,0,NORMAL,0,3,2,4,15,57,0,459,0,0,0,0,0,0,0
44655,9,bully,3202,1,7,167501,57,458,342,2748,1,1,41453,3202,0,8,0,0,0,NORMAL,0,3,2,3,21,57,0,458,0,0,0,0,0,0,0
44929,3,bully,3475,1,7,169414,57,464,342,2784,1,1,41454,3475,0,8,0,0,0,NORMAL,0,3,2,3,21,57,0,464,0,0,0,0,0,0,0
45099,10,bully,3645,1,7,170604,57,461,342,2766,1,1,41454,3645,0,8,0,0,0,NORMAL,0,3,2,3,28,57,0,461,0,0,0,0,0,0,0
46516,8,bully,2760,1,7,164408,60,469,360,2814,1,1,43756,2760,0,8,0,0,0,NORMAL,0,3,1,7,17,60,0,469,0,0,0,0,0,0,0
46653,5,bully,2896,1,7,165361,60,471,360,2826,1,1,43757,2896,0,8,0,0,0,NORMAL,0,3,1,7,16,60,0,471,0,0,0,0,0,0,0
47074,7,bully,3317,1,7,168308,60,474,360,2844,1,1,43757,3317,0,8,0,0,0,NORMAL,0,3,1,7,17,60,0,474,0,0,0,0,0,0,0
46790,2,bully,3033,1,7,166320,60,477,360,2862,1,1,43757,3033,0,8,0,0,0,NORMAL,0,3,1,7,15,60,0,477,0,0,0,0,0,0,0
47096,6,bully,3339,1,7,168462,60,476,360,2856,1,1,43757,3339,0,8,0,0,0,NORMAL,0,3,1,7,17,60,0,476,0,0,0,0,0,0,0
47347,1,bully,3590,1,7,170219,60,482,360,2892,1,1,43757,3590,0,8,0,0,0,LEADER,1,4,1,7,7,60,0,482,0,0,0,0,0,0,0
47211,4,bully,3454,1,7,169267,60,483,360,2898,1,1,43757,3454,0,8,0,0,0,NORMAL,0,3,1,7,15,60,0,483,0,0,0,0,0,0,0
46958,9,bully,3202,1,7,167501,60,482,360,2892,1,1,43756,3202,0,8,0,0,0,NORMAL,0,3,1,6,21,60,0,482,0,0,0,0,0,0,0
47232,3,bully,3475,1,7,169414,60,488,360,2928,1,1,43757,3475,0,8,0,0,0,NORMAL,0,3,1,6,21,60,0,488,0,0,0,0,0,0,0
47402,10,bully,3645,1,7,170604,60,485,360,2910,1,1,43757,3645,0,8,0,0,0,NORMAL,0,3,1,6,28,60,0,485,0,0,0,0,0,0,0
48819,8,bully,2760,1,7,164408,63,493,378,2958,1,1,46059,2760,0,8,0,0,0,NORMAL,0,3,1,10,17,63,0,493,0,0,0,0,0,0,0
48956,5,bully,2896,1,7,165361,63,495,378,2970,1,1,46060,2896,0,8,0,0,0,NORMAL,0,3,1,10,16,63,0,495,0,0,0,0,0,0,0
49377,7,bully,3317,1,7,168308,63,498,378,2988,1,1,46060,3317,0,8,0,0,0,NORMAL,0,3,1,10,17,63,0,498,0,0,0,0,0,0,0
49093,2,bully,3033,1,7,166320,63,501,378,3006,1,1,46060,3033,0,8,0,0,0,NORMAL,0,3,1,10,15,63,0,501,0,0,0,0,0,0,0
49399,6,bully,3339,1,7,168462,63,500,378,3000,1,1,46060,3339,0,8,0,0,0,NORMAL,0,3,1,10,17,63,0,500,0,0,0,0,0,0,0
49650,1,bully,3590,1,7,170219,63,506,378,3036,1,1,46060,3590,0,8,0,0,0,LEADER,1,4,1,10,7,63,0,506,0,0,0,0,0,0,0
49514,4,bully,3454,1,7,169267,63,507,378,3042,1,1,46060,3454,0,8,0,0,0,NORMAL,0,3,1,10,15,63,0,507,0,0,0,0,0,0,0
49261,9,bully,3202,1,7,167501,63,506,378,3036,1,1,46059,3202,0,8,0,0,0,NORMAL,0,3,1,9,21,63,0,506,0,0,0,0,0,0,0
49535,3,bully,3475,1,7,169414,63,512,378,3072,1,1,46060,3475,0,8,0,0,0,NORMAL,0,3,1,9,21,63,0,512,0,0,0,0,0,0,0
49705,10,bully,3645,1,7,170604,63,509,378,3054,1,1,46060,3645,0,8,0,0,0,NORMAL,0,3,1,9,28,63,0,509,0,0,0,0,0,0,0
51122,8,bully,2760,1,8,215530,66,517,396,3102,1,1,48362,2760,0,9,0,0,0,NORMAL,0,3,2,4,19,66,0,517,0,0,0,0,0,0,0
51259,5,bully,2896,1,8,216620,66,519,396,3114,1,1,48363,2896,0,9,0,0,0,NORMAL,0,3,2,4,18,66,0,519,0,0,0,0,0,0,0
51680,7,bully,3317,1,8,219988,66,522,396,3132,1,1,48363,3317,0,9,0,0,0,NORMAL,0,3,2,4,19,66,0,522,0,0,0,0,0,0,0
51396,2,bully,3033,1,8,217716,66,525,396,3150,1,1,48363,3033,0,9,0,0,0,NORMAL,0,3,2,4,17,66,0,525,0,0,0,0,0,0,0
51702,6,bully,3339,1,8,220164,66,525,396,3150,1,1,48363,3339,0,9,0,0,0,NORMAL,0,3,2,4,19,66,0,525,0,0,0,0,0,0,0
51953,1,bully,3590,1,8,222172,66,530,396,3180,1,1,48363,3590,0,9,0,0,0,LEADER,1,4,1,4,8,66,0,530,0,0,0,0,0,0,0
51817,4,bully,3454,1,8,221084,66,531,396,3186,1,1,48363,3454,0,9,0,0,0,NORMAL,0,3,2,4,17,66,0,531,0,0,0,0,0,0,0
51564,9,bully,3202,1,8,219065,66,530,396,3180,1,1,48362,3202,0,9,0,0,0,NORMAL,0,3,2,3,24,66,0,530,0,0,0,0,0,0,0
51838,3,bully,3475,1,8,221252,66,536,396,3216,1,1,48363,3475,0,9,0,0,0,NORMAL,0,3,2,3,24,66,0,536,0,0,0,0,0,0,0
52008,10,bully,3645,1,8,222612,66,533,396,3198,1,1,48363,3645,0,9,0,0,0,NORMAL,0,3,2,3,32,66,0,533,0,0,0,0,0,0,0
53425,8,bully,2760,1,8,215530,69,541,414,3246,1,1,50665,2760,0,9,0,0,0,NORMAL,0,3,1,7,19,69,0,541,0,0,0,0,0,0,0
53562,5,bully,2896,1,8,216620,69,543,414,3258,1,1,50666,2896,0,9,0,0,0,NORMAL,0,3,1,7,18,69,0,543,0,0,0,0,0,0,0
53983,7,bully,3317,1,8,219988,69,546,414,3276,1,1,50666,3317,0,9,0,0,0,NORMAL,0,3,1,7,19,69,0,546,0,0,0,0,0,0,0
53699,2,bully,3033,1,8,217716,69,549,414,3294,1,1,50666,3033,0,9,0,0,0,NORMAL,0,3,1,7,17,69,0,549,0,0,0,0,0,0,0
54005,6,bully,3339,1,8,220164,69,548,414,3288,1,1,50666,3339,0,9,0,0,0,NORMAL,0,3,1,7,19,69,0,548,0,0,0,0,0,0,0
54256,1,bully,3590,1,8,222172,69,554,414,3324,1,1,50666,3590,0,9,0,0,0,LEADER,1,4,1,7,8,69,0,554,0,0,0,0,0,0,0
54120,4,bully,3454,1,8,221084,69,555,414,3330,1,1,50666,3454,0,9,0,0,0,NORMAL,0,3,1,7,17,69,0,555,0,0,0,0,0,0,0
53867,9,bully,3202,1,8,219065,69,554,414,3324,1,1,50665,3202,0,9,0,0,0,NORMAL,0,3,1,6,24,69,0,554,0,0,0,0,0,0,0
54141,3,bully,3475,1,8,221252,69,560,414,3360,1,1,50666,3475,0,9,0,0,0,NORMAL,0,3,1,6,24,69,0,560,0,0,0,0,0,0,0
54311,10,bully,3645,1,8,222612,69,557,414,3342,1,1,50666,3645,0,9,0,0,0,NORMAL,0,3,1,6,32,69,0,557,0,0,0,0,0,0,0
55728,8,bully,2760,1,8,215530,72,565,432,3390,1,1,52968,2760,0,9,0,0,0,NORMAL,0,3,1,10,19,72,0,565,0,0,0,0,0,0,0
55865,5,bully,2896,1,8,216620,72,567,432,3402,1,1,52969,2896,0,9,0,0,0,NORMAL,0,3,1,10,18,72,0,567,0,0,0,0,0,0,0
56286,7,bully,3317,1,8,219988,72,570,432,3420,1,1,52969,3317,0,9,0,0,0,NORMAL,0,3,1,10,19,72,0,570,0,0,0,0,0,0,0
56002,2,bully,3033,1,8,217716,72,573,432,3438,1,1,52969,3033,0,9,0,0,0,NORMAL,0,3,1,10,17,72,0,573,0,0,0,0,0,0,0
56308,6,bully,3339,1,8,220164,72,573,432,3438,1,1,52969,3339,0,9,0,0,0,NORMAL,0,3,1,10,19,72,0,573,0,0,0,0,0,0,0
56559,1,bully,3590,1,8,222172,72,578,432,3468,1,1,52969,3590,0,9,0,0,0,LEADER,1,4,1,10,8,72,0,578,0,0,0,0,0,0,0
56423,4,bully,3454,1,8,221084,72,579,432,3474,1,1,52969,3454,0,9,0,0,0,NORMAL,0,3,1,10,17,72,0,579,0,0,0,0,0,0,0
56170,9,bully,3202,1,8,219065,72,578,432,3468,1,1,52968,3202,0,9,0,0,0,NORMAL,0,3,1,9,24,72,0,578,0,0,0,0,0,0,0
56444,3,bully,3475,1,8,221252,72,584,432,3504,1,1,52969,3475,0,9,0,0,0,NORMAL,0,3,1,9,24,72,0,584,0,0,0,0,0,0,0
56614,10,bully,3645,1,8,222612,72,581,432,3486,1,1,52969,3645,0,9,0,0,0,NORMAL,0,3,1,9,32,72,0,581,0,0,0,0,0,0,0
58031,8,bully,2760,1,9,273561,75,589,450,3534,1,1,55271,2760,0,10,0,0,0,NORMAL,0,3,2,4,21,75,0,589,0,0,0,0,0,0,0
58168,5,bully,2896,1,9,274788,75,591,450,3546,1,1,55272,2896,0,10,0,0,0,NORMAL,0,3,2,4,20,75,0,591,0,0,0,0,0,0,0
58589,7,bully,3317,1,9,278577,75,594,450,3564,1,1,55272,3317,0,10,0,0,0,NORMAL,0,3,2,4,21,75,0,594,0,0,0,0,0,0,0
58305,2,bully,3033,1,9,276021,75,597,450,3582,1,1,55272,3033,0,10,0,0,0,NORMAL,0,3,2,4,19,75,0,597,0,0,0,0,0,0,0
58611,6,bully,3339,1,9,278775,75,596,450,3576,1,1,55272,3339,0,10,0,0,0,NORMAL,0,3,2,4,21,75,0,596,0,0,0,0,0,0,0
58861,1,bully,3590,1,9,281033,75,602,450,3612,1,1,55271,3590,0,10,0,0,0,LEADER,1,4,1,4,9,75,0,602,0,0,0,0,0,0,0
58726,4,bully,3454,1,9,279810,75,603,450,3618,1,1,55272,3454,0,10,0,0,0,NORMAL,0,3,2,4,19,75,0,603,0,0,0,0,0,0,0
58473,9,bully,3202,1,9,277538,75,602,450,3612,1,1,55271,3202,0,10,0,0,0,NORMAL,0,3,2,3,27,75,0,602,0,0,0,0,0,0,0
58747,3,bully,3475,1,9,279999,75,608,450,3648,1,1,55272,3475,0,10,0,0,0,NORMAL,0,3,2,3,27,75,0,608,0,0,0,0,0,0,0
58917,10,bully,3645,1,9,281529,75,605,450,3630,1,1,55272,3645,0,10,0,0,0,NORMAL,0,3,2,3,36,75,0,605,0,0,0,0,0,0,0
60334,8,bully,2760,1,9,273561,78,613,468,3678,1,1,57574,2760,0,10,0,0,0,NORMAL,0,3,1,7,21,78,0,613,0,0,0,0,0,0,0
60471,5,bully,2896,1,9,274788,78,615,468,3690,1,1,57575,2896,0,10,0,0,0,NORMAL,0,3,1,7,20,78,0,615,0,0,0,0,0,0,0
60892,7,bully,3317,1,9,278577,78,618,468,3708,1,1,57575,3317,0,10,0,0,0,NORMAL,0,3,1,7,21,78,0,618,0,0,0,0,0,0,0
60608,2,bully,3033,1,9,276021,78,621,468,3726,1,1,57575,3033,0,10,0,0,0,NORMAL,0,3,1,7,19,78,0,621,0,0,0,0,0,0,0
60914,6,bully,3339,1,9,278775,78,621,468,3726,1,1,57575,3339,0,10,0,0,0,NORMAL,0,3,1,7,21,78,0,621,0,0,0,0,0,0,0
61164,1,bully,3590,1,9,281033,78,626,468,3756,1,1,57574,3590,0,10,0,0,0,LEADER,1,4,1,7,9,78,0,626,0,0,0,0,0,0,0
61029,4,bully,3454,1,9,279810,78,627,468,3762,1,1,57575,3454,0,10,0,0,0,NORMAL,0,3,1,7,19,78,0,627,0,0,0,0,0,0,0
60776,9,bully,3202,1,9,277538,78,626,468,3756,1,1,57574,3202,0,10,0,0,0,NORMAL,0,3,1,6,27,78,0,626,0,0,0,0,0,0,0
61050,3,bully,3475,1,9,279999,78,632,468,3792,1,1,57575,3475,0,10,0,0,0,NORMAL,0,3,1,6,27,78,0,632,0,0,0,0,0,0,0
61220,10,bully,3645,1,9,281529,78,629,468,3774,1,1,57575,3645,0,10,0,0,0,NORMAL,0,3,1,6,36,78,0,629,0,0,0,0,0,0,0
62637,8,bully,2760,1,9,273561,81,637,486,3822,1,1,59877,2760,0,10,0,0,0,NORMAL,0,3,1,10,21,81,0,637,0,0,0,0,0,0,0
62774,5,bully,2896,1,9,274788,81,639,486,3834,1,1,59878,2896,0,10,0,0,0,NORMAL,0,3,1,10,20,81,0,639,0,0,0,0,0,0,0
63195,7,bully,3317,1,9,278577,81,642,486,3852,1,1,59878,3317,0,10,0,0,0,NORMAL,0,3,1,10,21,81,0,642,0,0,0,0,0,0,0
62911,2,bully,3033,1,9,276021,81,645,486,3870,1,1,59878,3033,0,10,0,0,0,NORMAL,0,3,1,10,19,81,0,645,0,0,0,0,0,0,0
63217,6,bully,3339,1,9,278775,81,645,486,3870,1,1,59878,3339,0,10,0,0,0,NORMAL,0,3,1,10,21,81,0,645,0,0,0,0,0,0,0
63467,1,bully,3590,1,9,281033,81,650,486,3900,1,1,59877,3590,0,10,0,0,0,LEADER,1,4,1,10,9,81,0,650,0,0,0,0,0,0,0
63332,4,bully,3454,1,9,279810,81,651,486,3906,1,1,59878,3454,0,10,0,0,0,NORMAL,0,3,1,10,19,81,0,651,0,0,0,0,0,0,0
63079,9,bully,3202,1,9,277538,81,650,486,3900,1,1,59877,3202,0,10,0,0,0,NORMAL,0,3,1,9,27,81,0,650,0,0,0,0,0,0,0
63353,3,bully,3475,1,9,279999,81,656,486,3936,1,1,59878,3475,0,10,0,0,0,NORMAL,0,3,1,9,27,81,0,656,0,0,0,0,0,0,0
63523,10,bully,3645,1,9,281529,81,653,486,3918,1,1,59878,3645,0,10,0,0,0,NORMAL,0,3,1,9,36,81,0,653,0,0,0,0,0,0,0
64940,8,bully,2760,1,10,338501,84,661,504,3966,1,1,62180,2760,0,11,0,0,0,NORMAL,0,3,2,4,23,84,0,661,0,0,0,0,0,0,0
65077,5,bully,2896,1,10,339865,84,663,504,3978,1,1,62181,2896,0,11,0,0,0,NORMAL,0,3,2,4,22,84,0,663,0,0,0,0,0,0,0
65498,7,bully,3317,1,10,344075,84,666,504,3996,1,1,62181,3317,0,11,0,0,0,NORMAL,0,3,2,4,23,84,0,666,0,0,0,0,0,0,0
65214,2,bully,3033,1,10,341235,84,669,504,4014,1,1,62181,3033,0,11,0,0,0,NORMAL,0,3,2,4,21,84,0,669,0,0,0,0,0,0,0
65520,6,bully,3339,1,10,344295,84,668,504,4008,1,1,62181,3339,0,11,0,0,0,NORMAL,0,3,2,4,23,84,0,668,0,0,0,0,0,0,0
65770,1,bully,3590,1,10,346803,84,674,504,4044,1,1,62180,3590,0,11,0,0,0,LEADER,1,4,1,4,10,84,0,674,0,0,0,0,0,0,0
65635,4,bully,3454,1,10,345445,84,675,504,4050,1,1,62181,3454,0,11,0,0,0,NORMAL,0,3,2,4,21,84,0,675,0,0,0,0,0,0,0
65382,9,bully,3202,1,10,342920,84,674,504,4044,1,1,62180,3202,0,11,0,0,0,NORMAL,0,3,2,3,30,84,0,674,0,0,0,0,0,0,0
65656,3,bully,3475,1,10,345655,84,680,504,4080,1,1,62181,3475,0,11,0,0,0,NORMAL,0,3,2,3,30,84,0,680,0,0,0,0,0,0,0
65826,10,bully,3645,1,10,347355,84,677,504,4062,1,1,62181,3645,0,11,0,0,0,NORMAL,0,3,2,3,40,84,0,677,0,0,0,0,0,0,0
67243,8,bully,2760,1,10,338501,87,685,522,4110,1,1,64483,2760,0,11,0,0,0,NORMAL,0,3,1,7,23,87,0,685,0,0,0,0,0,0,0
67380,5,bully,2896,1,10,339865,87,687,522,4122,1,1,64484,2896,0,11,0,0,0,NORMAL,0,3,1,7,22,87,0,687,0,0,0,0,0,0,0
67801,7,bully,3317,1,10,344075,87,690,522,4140,1,1,64484,3317,0,11,0,0,0,NORMAL,0,3,1,7,23,87,0,690,0,0,0,0,0,0,0
67517,2,bully,3033,1,10,341235,87,693,522,4158,1,1,64484,3033,0,11,0,0,0,NORMAL,0,3,1,7,21,87,0,693,0,0,0,0,0,0,0
67823,6,bully,3339,1,10,344295,87,692,522,4152,1,1,64484,3339,0,11,0,0,0,NORMAL,0,3,1,7,23,87,0,692,0,0,0,0,0,0,0
68073,1,bully,3590,1,10,346803,87,698,522,4188,1,1,64483,3590,0,11,0,0,0,LEADER,1,4,1,7,10,87,0,698,0,0,0,0,0,0,0
67938,4,bully,3454,1,10,345445,87,699,522,4194,1,1,64484,3454,0,11,0,0,0,NORMAL,0,3,1,7,21,87,0,699,0,0,0,0,0,0,0
67685,9,bully,3202,1,10,342920,87,698,522,4188,1,1,64483,3202,0,11,0,0,0,NORMAL,0,3,1,6,30,87,0,698,0,0,0,0,0,0,0
67959,3,bully,3475,1,10,345655,87,704,522,4224,1,1,64484,3475,0,11,0,0,0,NORMAL,0,3,1,6,30,87,0,704,0,0,0,0,0,0,0
68129,10,bully,3645,1,10,347355,87,701,522,4206,1,1,64484,3645,0,11,0,0,0,NORMAL,0,3,1,6,40,87,0,701,0,0,0,0,0,0,0
69546,8,bully,2760,1,10,338501,90,709,540,4254,1,1,66786,2760,0,11,0,0,0,NORMAL,0,3,1,10,23,90,0,709,0,0,0,0,0,0,0
69683,5,bully,2896,1,10,339865,90,711,540,4266,1,1,66787,2896,0,11,0,0,0,NORMAL,0,3,1,10,22,90,0,711,0,0,0,0,0,0,0
70104,7,bully,3317,1,10,344075,90,714,540,4284,1,1,66787,3317,0,11,0,0,0,NORMAL,0,3,1,10,23,90,0,714,0,0,0,0,0,0,0
69820,2,bully,3033,1,10,341235,90,717,540,4302,1,1,66787,3033,0,11,0,0,0,NORMAL,0,3,1,10,21,90,0,717,0,0,0,0,0,0,0
70126,6,bully,3339,1,10,344295,90,716,540,4296,1,1,66787,3339,0,11,0,0,0,NORMAL,0,3,1,10,23,90,0,716,0,0,0,0,0,0,0
70376,1,bully,3590,1,10,346803,90,722,540,4332,1,1,66786,3590,0,11,0,0,0,LEADER,1,4,1,10,10,90,0,722,0,0,0,0,0,0,0
70241,4,bully,3454,1,10,345445,90,723,540,4338,1,1,66787,3454,0,11,0,0,0,NORMAL,0,3,1,10,21,90,0,723,0,0,0,0,0,0,0
69988,9,bully,3202,1,10,342920,90,722,540,4332,1,1,66786,3202,0,11,0,0,0,NORMAL,0,3,1,9,30,90,0,722,0,0,0,0,0,0,0
70262,3,bully,3475,1,10,345655,90,728,540,4368,1,1,66787,3475,0,11,0,0,0,NORMAL,0,3,1,9,30,90,0,728,0,0,0,0,0,0,0
70432,10,bully,3645,1,10,347355,90,725,540,4350,1,1,66787,3645,0,11,0,0,0,NORMAL,0,3,1,9,40,90,0,725,0,0,0,0,0,0,0
71849,8,bully,2760,1,11,410350,93,733,558,4398,1,1,69089,2760,0,12,0,0,0,NORMAL,0,3,2,4,25,93,0,733,0,0,0,0,0,0,0
71986,5,bully,2896,1,11,411851,93,735,558,4410,1,1,69090,2896,0,12,0,0,0,NORMAL,0,3,2,4,24,93,0,735,0,0,0,0,0,0,0
72407,7,bully,3317,1,11,416482,93,738,558,4428,1,1,69090,3317,0,12,0,0,0,NORMAL,0,3,2,4,25,93,0,738,0,0,0,0,0,0,0
72123,2,bully,3033,1,11,413358,93,741,558,4446,1,1,69090,3033,0,12,0,0,0,NORMAL,0,3,2,4,23,93,0,741,0,0,0,0,0,0,0
72429,6,bully,3339,1,11,416724,93,740,558,4440,1,1,69090,3339,0,12,0,0,0,NORMAL,0,3,2,4,25,93,0,740,0,0,0,0,0,0,0
72679,1,bully,3590,1,11,419482,93,746,558,4476,1,1,69089,3590,0,12,0,0,0,LEADER,1,4,1,4,11,93,0,746,0,0,0,0,0,0,0
72544,4,bully,3454,1,11,417989,93,747,558,4482,1,1,69090,3454,0,12,0,0,0,NORMAL,0,3,2,4,23,93,0,747,0,0,0,0,0,0,0
72291,9,bully,3202,1,11,415211,93,746,558,4476,1,1,69089,3202,0,12,0,0,0,NORMAL,0,3,2,3,33,93,0,746,0,0,0,0,0,0,0
72565,3,bully,3475,1,11,418220,93,752,558,4512,1,1,69090,3475,0,12,0,0,0,NORMAL,0,3,2,3,33,93,0,752,0,0,0,0,0,0,0
72735,10,bully,3645,1,11,420090,93,749,558,4494,1,1,69090,3645,0,12,0,0,0,NORMAL,0,3,2,3,44,93,0,749,0,0,0,0,0,0,0
74152,8,bully,2760,1,11,410350,96,757,576,4542,1,1,71392,2760,0,12,0,0,0,NORMAL,0,3,1,7,25,96,0,757,0,0,0,0,0,0,0
74289,5,bully,2896,1,11,411851,96,759,576,4554,1,1,71393,2896,0,12,0,0,0,NORMAL,0,3,1,7,24,96,0,759,0,0,0,0,0,0,0
74710,7,bully,3317,1,11,416482,96,762,576,4572,1,1,71393,3317,0,12,0,0,0,NORMAL,0,3,1,7,25,96,0,762,0,0,0,0,0,0,0
74426,2,bully,3033,1,11,413358,96,765,576,4590,1,1,71393,3033,0,12,0,0,0,NORMAL,0,3,1,7,23,96,0,765,0,0,0,0,0,0,0
74732,6,bully,3339,1,11,416724,96,765,576,4590,1,1,71393,3339,0,12,0,0,0,NORMAL,0,3,1,7,25,96,0,765,0,0,0,0,0,0,0
74982,1,bully,3590,1,11,419482,96,770,576,4620,1,1,71392,3590,0,12,0,0,0,LEADER,1,4,1,7,11,96,0,770,0,0,0,0,0,0,0
74847,4,bully,3454,1,11,417989,96,771,576,4626,1,1,71393,3454,0,12,0,0,0,NORMAL,0,3,1,7,23,96,0,771,0,0,0,0,0,0,0
74594,9,bully,3202,1,11,415211,96,770,576,4620,1,1,71392,3202,0,12,0,0,0,NORMAL,0,3,1,6,33,96,0,770,0,0,0,0,0,0,0
74868,3,bully,3475,1,11,418220,96,776,576,4656,1,1,71393,3475,0,12,0,0,0,NORMAL,0,3,1,6,33,96,0,776,0,0,0,0,0,0,0
75038,10,bully,3645,1,11,420090,96,773,576,4638,1,1,71393,3645,0,12,0,0,0,NORMAL,0,3,1,6,44,96,0,773,0,0,0,0,0,0,0
76455,8,bully,2760,1,11,410350,99,781,594,4686,1,1,73695,2760,0,12,0,0,0,NORMAL,0,3,1,10,25,99,0,781,0,0,0,0,0,0,0
76592,5,bully,2896,1,11,411851,99,783,594,4698,1,1,73696,2896,0,12,0,0,0,NORMAL,0,3,1,10,24,99,0,783,0,0,0,0,0,0,0
77013,7,bully,3317,1,11,416482,99,786,594,4716,1,1,73696,3317,0,12,0,0,0,NORMAL,0,3,1,10,25,99,0,786,0,0,0,0,0,0,0
76729,2,bully,3033,1,11,413358,99,789,594,4734,1,1,73696,3033,0,12,0,0,0,NORMAL,0,3,1,10,23,99,0,789,0,0,0,0,0,0,0
77035,6,bully,3339,1,11,416724,99,788,594,4728,1,1,73696,3339,0,12,0,0,0,NORMAL,0,3,1,10,25,99,0,788,0,0,0,0,0,0,0
77285,1,bully,3590,1,11,419482,99,794,594,4764,1,1,73695,3590,0,12,0,0,0,LEADER,1,4,1,10,11,99,0,794,0,0,0,0,0,0,0
77150,4,bully,3454,1,11,417989,99,795,594,4770,1,1,73696,3454,0,12,0,0,0,NORMAL,0,3,1,10,23,99,0,795,0,0,0,0,0,0,0
76897,9,bully,3202,1,11,415211,99,794,594,4764,1,1,73695,3202,0,12,0,0,0,NORMAL,0,3,1,9,33,99,0,794,0,0,0,0,0,0,0
77170,3,bully,3475,1,11,418220,99,800,594,4800,1,1,73695,3475,0,12,0,0,0,NORMAL,0,3,1,9,33,99,0,800,0,0,0,0,0,0,0
77341,10,bully,3645,1,11,420090,99,797,594,4782,1,1,73696,3645,0,12,0,0,0,NORMAL,0,3,1,9,44,99,0,797,0,0,0,0,0,0,0
78758,8,bully,2760,1,12,489108,102,805,612,4830,1,1,75998,2760,0,13,0,0,0,NORMAL,0,3,2,4,27,102,0,805,0,0,0,0,0,0,0
78895,5,bully,2896,1,12,490746,102,807,612,4842,1,1,75999,2896,0,13,0,0,0,NORMAL,0,3,2,4,26,102,0,807,0,0,0,0,0,0,0
79316,7,bully,3317,1,12,495798,102,810,612,4860,1,1,75999,3317,0,13,0,0,0,NORMAL,0,3,2,4,27,102,0,810,0,0,0,0,0,0,0
79032,2,bully,3033,1,12,492390,102,813,612,4878,1,1,75999,3033,0,13,0,0,0,NORMAL,0,3,2,4,25,102,0,813,0,0,0,0,0,0,0
79338,6,bully,3339,1,12,496062,102,812,612,4872,1,1,75999,3339,0,13,0,0,0,NORMAL,0,3,2,4,27,102,0,812,0,0,0,0,0,0,0
79588,1,bully,3590,1,12,499070,102,818,612,4908,1,1,75998,3590,0,13,0,0,0,LEADER,1,4,1,4,12,102,0,818,0,0,0,0,0,0,0
79453,4,bully,3454,1,12,497442,102,819,612,4914,1,1,75999,3454,0,13,0,0,0,NORMAL,0,3,2,4,25,102,0,819,0,0,0,0,0,0,0
79200,9,bully,3202,1,12,494411,102,818,612,4908,1,1,75998,3202,0,13,0,0,0,NORMAL,0,3,2,3,36,102,0,818,0,0,0,0,0,0,0
79473,3,bully,3475,1,12,497693,102,824,612,4944,1,1,75998,3475,0,13,0,0,0,NORMAL,0,3,2,3,36,102,0,824,0,0,0,0,0,0,0
79644,10,bully,3645,1,12,499734,102,821,612,4926,1,1,75999,3645,0,13,0,0,0,NORMAL,0,3,2,3,48,102,0,821,0,0,0,0,0,0,0
81061,8,bully,2760,1,12,489108,105,829,630,4974,1,1,78301,2760,0,13,0,0,0,NORMAL,0,3,1,7,27,105,0,829,0,0,0,0,0,0,0
81198,5,bully,2896,1,12,490746,105,831,630,4986,1,1,78302,2896,0,13,0,0,0,NORMAL,0,3,1,7,26,105,0,831,0,0,0,0,0,0,0
81619,7,bully,3317,1,12,495798,105,834,630,5004,1,1,78302,3317,0,13,0,0,0,NORMAL,0,3,1,7,27,105,0,834,0,0,0,0,0,0,0
81335,2,bully,3033,1,12,492390,105,837,630,5022,1,1,78302,3033,0,13,0,0,0,NORMAL,0,3,1,7,25,105,0,837,0,0,0,0,0,0,0
81641,6,bully,3339,1,12,496062,105,837,630,5022,1,1,78302,3339,0,13,0,0,0,NORMAL,0,3,1,7,27,105,0,837,0,0,0,0,0,0,0
81891,1,bully,3590,1,12,499070,105,842,630,5052,1,1,78301,3590,0,13,0,0,0,LEADER,1,4,1,7,12,105,0,842,0,0,0,0,0,0,0
81756,4,bully,3454,1,12,497442,105,843,630,5058,1,1,78302,3454,0,13,0,0,0,NORMAL,0,3,1,7,25,105,0,843,0,0,0,0,0,0,0
81503,9,bully,3202,1,12,494411,105,842,630,5052,1,1,78301,3202,0,13,0,0,0,NORMAL,0,3,1,6,36,105,0,842,0,0,0,0,0,0,0
81776,3,bully,3475,1,12,497693,105,848,630,5088,1,1,78301,3475,0,13,0,0,0,NORMAL,0,3,1,6,36,105,0,848,0,0,0,0,0,0,0
81947,10,bully,3645,1,12,499734,105,845,630,5070,1,1,78302,3645,0,13,0,0,0,NORMAL,0,3,1,6,48,105,0,845,0,0,0,0,0,0,0
83364,8,bully,2760,1,12,489108,108,853,648,5118,1,1,80604,2760,0,13,0,0,0,NORMAL,0,3,1,10,27,108,0,853,0,0,0,0,0,0,0
83501,5,bully,2896,1,12,490746,108,855,648,5130,1,1,80605,2896,0,13,0,0,0,NORMAL,0,3,1,10,26,108,0,855,0,0,0,0,0,0,0
83922,7,bully,3317,1,12,495798,108,858,648,5148,1,1,80605,3317,0,13,0,0,0,NORMAL,0,3,1,10,27,108,0,858,0,0,0,0,0,0,0
83638,2,bully,3033,1,12,492390,108,861,648,5166,1,1,80605,3033,0,13,0,0,0,NORMAL,0,3,1,10,25,108,0,861,0,0,0,0,0,0,0
83944,6,bully,3339,1,12,496062,108,860,648,5160,1,1,80605,3339,0,13,0,0,0,NORMAL,0,3,1,10,27,108,0,860,0,0,0,0,0,0,0
84194,1,bully,3590,1,12,499070,108,866,648,5196,1,1,80604,3590,0,13,0,0,0,LEADER,1,4,1,10,12,108,0,866,0,0,0,0,0,0,0
84059,4,bully,3454,1,12,497442,108,867,648,5202,1,1,80605,3454,0,13,0,0,0,NORMAL,0,3,1,10,25,108,0,867,0,0,0,0,0,0,0
83806,9,bully,3202,1,12,494411,108,865,648,5190,1,1,80604,3202,0,13,0,0,0,NORMAL,0,3,1,9,36,108,0,865,0,0,0,0,0,0,0
84079,3,bully,3475,1,12,497693,108,872,648,5232,1,1,80604,3475,0,13,0,0,0,NORMAL,0,3,1,9,36,108,0,872,0,0,0,0,0,0,0
84250,10,bully,3645,1,12,499734,108,868,648,5208,1,1,80605,3645,0,13,0,0,0,NORMAL,0,3,1,9,48,108,0,868,0,0,0,0,0,0,0
85667,8,bully,2760,1,13,574775,111,877,666,5262,1,1,82907,2760,0,14,0,0,0,NORMAL,0,3,2,4,29,111,0,877,0,0,0,0,0,0,0
85804,5,bully,2896,1,13,576550,111,878,666,5268,1,1,82908,2896,0,14,0,0,0,NORMAL,0,3,2,4,28,111,0,878,0,0,0,0,0,0,0
86225,7,bully,3317,1,13,582023,111,882,666,5292,1,1,82908,3317,0,14,0,0,0,NORMAL,0,3,2,4,29,111,0,882,0,0,0,0,0,0,0
85941,2,bully,3033,1,13,578331,111,885,666,5310,1,1,82908,3033,0,14,0,0,0,NORMAL,0,3,2,4,27,111,0,885,0,0,0,0,0,0,0
86247,6,bully,3339,1,13,582309,111,884,666,5304,1,1,82908,3339,0,14,0,0,0,NORMAL,0,3,2,4,29,111,0,884,0,0,0,0,0,0,0
86497,1,bully,3590,1,13,585567,111,890,666,5340,1,1,82907,3590,0,14,0,0,0,LEADER,1,4,1,4,13,111,0,890,0,0,0,0,0,0,0
86362,4,bully,3454,1,13,583804,111,891,666,5346,1,1,82908,3454,0,14,0,0,0,NORMAL,0,3,2,4,27,111,0,891,0,0,0,0,0,0,0
86109,9,bully,3202,1,13,580520,111,889,666,5334,1,1,82907,3202,0,14,0,0,0,NORMAL,0,3,2,3,39,111,0,889,0,0,0,0,0,0,0
86382,3,bully,3475,1,13,584075,111,896,666,5376,1,1,82907,3475,0,14,0,0,0,NORMAL,0,3,2,3,39,111,0,896,0,0,0,0,0,0,0
86553,10,bully,3645,1,13,586287,111,892,666,5352,1,1,82908,3645,0,14,0,0,0,NORMAL,0,3,2,3,52,111,0,892,0,0,0,0,0,0,0
87970,8,bully,2760,1,13,574775,114,901,684,5406,1,1,85210,2760,0,14,0,0,0,NORMAL,0,3,1,7,29,114,0,901,0,0,0,0,0,0,0
88107,5,bully,2896,1,13,576550,114,903,684,5418,1,1,85211,2896,0,14,0,0,0,NORMAL,0,3,1,7,28,114,0,903,0,0,0,0,0,0,0
88528,7,bully,3317,1,13,582023,114,906,684,5436,1,1,85211,3317,0,14,0,0,0,NORMAL,0,3,1,7,29,114,0,906,0,0,0,0,0,0,0
88244,2,bully,3033,1,13,578331,114,909,684,5454,1,1,85211,3033,0,14,0,0,0,NORMAL,0,3,1,7,27,114,0,909,0,0,0,0,0,0,0
88550,6,bully,3339,1,13,582309,114,908,684,5448,1,1,85211,3339,0,14,0,0,0,NORMAL,0,3,1,7,29,114,0,908,0,0,0,0,0,0,0
88800,1,bully,3590,1,13,585567,114,914,684,5484,1,1,85210,3590,0,14,0,0,0,LEADER,1,4,1,7,13,114,0,914,0,0,0,0,0,0,0
88665,4,bully,3454,1,13,583804,114,915,684,5490,1,1,85211,3454,0,14,0,0,0,NORMAL,0,3,1,7,27,114,0,915,0,0,0,0,0,0,0
88412,9,bully,3202,1,13,580520,114,913,684,5478,1,1,85210,3202,0,14,0,0,0,NORMAL,0,3,1,6,39,114,0,913,0,0,0,0,0,0,0
88685,3,bully,3475,1,13,584075,114,920,684,5520,1,1,85210,3475,0,14,0,0,0,NORMAL,0,3,1,6,39,114,0,920,0,0,0,0,0,0,0
88856,10,bully,3645,1,13,586287,114,916,684,5496,1,1,85211,3645,0,14,0,0,0,NORMAL,0,3,1,6,52,114,0,916,0,0,0,0,0,0,0
90273,8,bully,2760,1,13,574775,117,925,702,5550,1,1,87513,2760,0,14,0,0,0,NORMAL,0,3,1,10,29,117,0,925,0,0,0,0,0,0,0
90410,5,bully,2896,1,13,576550,117,927,702,5562,1,1,87514,2896,0,14,0,0,0,NORMAL,0,3,1,10,28,117,0,927,0,0,0,0,0,0,0
90831,7,bully,3317,1,13,582023,117,930,702,5580,1,1,87514,3317,0,14,0,0,0,NORMAL,0,3,1,10,29,117,0,930,0,0,0,0,0,0,0
90547,2,bully,3033,1,13,578331,117,933,702,5598,1,1,87514,3033,0,14,0,0,0,NORMAL,0,3,1,10,27,117,0,933,0,0,0,0,0,0,0
90853,6,bully,3339,1,13,582309,117,932,702,5592,1,1,87514,3339,0,14,0,0,0,NORMAL,0,3,1,10,29,117,0,932,0,0,0,0,0,0,0
91103,1,bully,3590,1,13,585567,117,938,702,5628,1,1,87513,3590,0,14,0,0,0,LEADER,1,4,1,10,13,117,0,938,0,0,0,0,0,0,0
90968,4,bully,3454,1,13,583804,117,939,702,5634,1,1,87514,3454,0,14,0,0,0,NORMAL,0,3,1,10,27,117,0,939,0,0,0,0,0,0,0
90715,9,bully,3202,1,13,580520,117,937,702,5622,1,1,87513,3202,0,14,0,0,0,NORMAL,0,3,1,9,39,117,0,937,0,0,0,0,0,0,0
90988,3,bully,3475,1,13,584075,117,944,702,5664,1,1,87513,3475,0,14,0,0,0,NORMAL,0,3,1,9,39,117,0,944,0,0,0,0,0,0,0
91159,10,bully,3645,1,13,586287,117,940,702,5640,1,1,87514,3645,0,14,0,0,0,NORMAL,0,3,1,9,52,117,0,940,0,0,0,0,0,0,0
92576,8,bully,2760,1,14,667351,120,949,720,5694,1,1,89816,2760,0,15,0,0,0,NORMAL,0,3,2,4,31,120,0,949,0,0,0,0,0,0,0
92713,5,bully,2896,1,14,669263,120,951,720,5706,1,1,89817,2896,0,15,0,0,0,NORMAL,0,3,2,4,30,120,0,951,0,0,0,0,0,0,0
93134,7,bully,3317,1,14,675157,120,954,720,5724,1,1,89817,3317,0,15,0,0,0,NORMAL,0,3,2,4,31,120,0,954,0,0,0,0,0,0,0
92850,2,bully,3033,1,14,671181,120,957,720,5742,1,1,89817,3033,0,15,0,0,0,NORMAL,0,3,2,4,29,120,0,957,0,0,0,0,0,0,0
93156,6,bully,3339,1,14,675465,120,956,720,5736,1,1,89817,3339,0,15,0,0,0,NORMAL,0,3,2,4,31,120,0,956,0,0,0,0,0,0,0
93406,1,bully,3590,1,14,678973,120,962,720,5772,1,1,89816,3590,0,15,0,0,0,LEADER,1,4,1,4,14,120,0,962,0,0,0,0,0,0,0
93271,4,bully,3454,1,14,677075,120,963,720,5778,1,1,89817,3454,0,15,0,0,0,NORMAL,0,3,2,4,29,120,0,963,0,0,0,0,0,0,0
93018,9,bully,3202,1,14,673538,120,961,720,5766,1,1,89816,3202,0,15,0,0,0,NORMAL,0,3,2,4,41,120,0,961,0,0,0,0,0,0,0
93291,3,bully,3475,1,14,677366,120,968,720,5808,1,1,89816,3475,0,15,0,0,0,NORMAL,0,3,2,3,42,120,0,968,0,0,0,0,0,0,0
93462,10,bully,3645,1,14,679749,120,964,720,5784,1,1,89817,3645,0,15,0,0,0,NORMAL,0,3,2,3,56,120,0,964,0,0,0,0,0,0,0
94879,8,bully,2760,1,14,667351,123,973,738,5838,1,1,92119,2760,0,15,0,0,0,NORMAL,0,3,1,7,31,123,0,973,0,0,0,0,0,0,0
95016,5,bully,2896,1,14,669263,123,975,738,5850,1,1,92120,2896,0,15,0,0,0,NORMAL,0,3,1,7,30,123,0,975,0,0,0,0,0,0,0
95437,7,bully,3317,1,14,675157,123,978,738,5868,1,1,92120,3317,0,15,0,0,0,NORMAL,0,3,1,7,31,123,0,978,0,0,0,0,0,0,0
95153,2,bully,3033,1,14,671181,123,981,738,5886,1,1,92120,3033,0,15,0,0,0,NORMAL,0,3,1,7,29,123,0,981,0,0,0,0,0,0,0
95459,6,bully,3339,1,14,675465,123,981,738,5886,1,1,92120,3339,0,15,0,0,0,NORMAL,0,3,1,7,31,123,0,981,0,0,0,0,0,0,0
95709,1,bully,3590,1,14,678973,123,986,738,5916,1,1,92119,3590,0,15,0,0,0,LEADER,1,4,1,7,14,123,0,986,0,0,0,0,0,0,0
95574,4,bully,3454,1,14,677075,123,987,738,5922,1,1,92120,3454,0,15,0,0,0,NORMAL,0,3,1,7,29,123,0,987,0,0,0,0,0,0,0
95321,9,bully,3202,1,14,673538,123,985,738,5910,1,1,92119,3202,0,15,0,0,0,NORMAL,0,3,1,7,41,123,0,985,0,0,0,0,0,0,0
95594,3,bully,3475,1,14,677366,123,992,738,5952,1,1,92119,3475,0,15,0,0,0,NORMAL,0,3,1,6,42,123,0,992,0,0,0,0,0,0,0
95765,10,bully,3645,1,14,679749,123,988,738,5928,1,1,92120,3645,0,15,0,0,0,NORMAL,0,3,1,6,56,123,0,988,0,0,0,0,0,0,0
97182,8,bully,2760,1,14,667351,126,997,756,5982,1,1,94422,2760,0,15,0,0,0,NORMAL,0,3,1,10,31,126,0,997,0,0,0,0,0,0,0
97319,5,bully,2896,1,14,669263,126,999,756,5994,1,1,94423,2896,0,15,0,0,0,NORMAL,0,3,1,10,30,126,0,999,0,0,0,0,0,0,0
97740,7,bully,3317,1,14,675157,126,1002,756,6012,1,1,94423,3317,0,15,0,0,0,NORMAL,0,3,1,10,31,126,0,1002,0,0,0,0,0,0,0
97456,2,bully,3033,1,14,671181,126,1005,756,6030,1,1,94423,3033,0,15,0,0,0,NORMAL,0,3,1,10,29,126,0,1005,0,0,0,0,0,0,0
97762,6,bully,3339,1,14,675465,126,1004,756,6024,1,1,94423,3339,0,15,0,0,0,NORMAL,0,3,1,10,31,126,0,1004,0,0,0,0,0,0,0
98012,1,bully,3590,1,14,678973,126,1010,756,6060,1,1,94422,3590,0,15,0,0,0,LEADER,1,4,1,10,14,126,0,1010,0,0,0,0,0,0,0
97877,4,bully,3454,1,14,677075,126,1011,756,6066,1,1,94423,3454,0,15,0,0,0,NORMAL,0,3,1,10,29,126,0,1011,0,0,0,0,0,0,0
97624,9,bully,3202,1,14,673538,126,1009,756,6054,1,1,94422,3202,0,15,0,0,0,NORMAL,0,3,1,10,41,126,0,1009,0,0,0,0,0,0,0
97897,3,bully,3475,1,14,677366,126,1016,756,6096,1,1,94422,3475,0,15,0,0,0,NORMAL,0,3,1,9,42,126,0,1016,0,0,0,0,0,0,0
98068,10,bully,3645,1,14,679749,126,1012,756,6072,1,1,94423,3645,0,15,0,0,0,NORMAL,0,3,1,9,56,126,0,1012,0,0,0,0,0,0,0
99485,8,bully,2760,1,15,766836,129,1021,774,6126,1,1,96725,2760,0,16,0,0,0,NORMAL,0,3,2,4,33,129,0,1021,0,0,0,0,0,0,0
99622,5,bully,2896,1,15,768885,129,1023,774,6138,1,1,96726,2896,0,16,0,0,0,NORMAL,0,3,2,4,32,129,0,1023,0,0,0,0,0,0,0
100043,7,bully,3317,1,15,775200,129,1026,774,6156,1,1,96726,3317,0,16,0,0,0,NORMAL,0,3,2,4,33,129,0,1026,0,0,0,0,0,0,0
99759,2,bully,3033,1,15,770940,129,1029,774,6174,1,1,96726,3033,0,16,0,0,0,NORMAL,0,3,2,4,31,129,0,1029,0,0,0,0,0,0,0
100065,6,bully,3339,1,15,775530,129,1028,774,6168,1,1,96726,3339,0,16,0,0,0,NORMAL,0,3,2,4,33,129,0,1028,0,0,0,0,0,0,0
100315,1,bully,3590,1,15,779288,129,1034,774,6204,1,1,96725,3590,0,16,0,0,0,LEADER,1,4,1,4,15,129,0,1034,0,0,0,0,0,0,0
100180,4,bully,3454,1,15,777255,129,1035,774,6210,1,1,96726,3454,0,16,0,0,0,NORMAL,0,3,2,4,31,129,0,1035,0,0,0,0,0,0,0
99927,9,bully,3202,1,15,773465,129,1033,774,6198,1,1,96725,3202,0,16,0,0,0,NORMAL,0,3,2,3,44,129,0,1033,0,0,0,0,0,0,0
100200,3,bully,3475,1,15,777566,129,1040,774,6240,1,1,96725,3475,0,16,0,0,0,NORMAL,0,3,2,3,45,129,0,1040,0,0,0,0,0,0,0
100371,10,bully,3645,1,15,780120,129,1036,774,6216,1,1,96726,3645,0,16,0,0,0,NORMAL,0,3,2,3,60,129,0,1036,0,0,0,0,0,0,0
101788,8,bully,2760,1,15,766836,132,1045,792,6270,1,1,99028,2760,0,16,0,0,0,NORMAL,0,3,1,7,33,132,0,1045,0,0,0,0,0,0,0
101925,5,bully,2896,1,15,768885,132,1047,792,6282,1,1,99029,2896,0,16,0,0,0,NORMAL,0,3,1,7,32,132,0,1047,0,0,0,0,0,0,0
102346,7,bully,3317,1,15,775200,132,1050,792,6300,1,1,99029,3317,0,16,0,0,0,NORMAL,0,3,1,7,33,132,0,1050,0,0,0,0,0,0,0
102062,2,bully,3033,1,15,770940,132,1053,792,6318,1,1,99029,3033,0,16,0,0,0,NORMAL,0,3,1,7,31,132,0,1053,0,0,0,0,0,0,0
102368,6,bully,3339,1,15,775530,132,1052,792,6312,1,1,99029,3339,0,16,0,0,0,NORMAL,0,3,1,7,33,132,0,1052,0,0,0,0,0,0,0
102618,1,bully,3590,1,15,779288,132,1058,792,6348,1,1,99028,3590,0,16,0,0,0,LEADER,1,4,1,7,15,132,0,1058,0,0,0,0,0,0,0
102483,4,bully,3454,1,15,777255,132,1059,792,6354,1,1,99029,3454,0,16,0,0,0,NORMAL,0,3,1,7,31,132,0,1059,0,0,0,0,0,0,0
102230,9,bully,3202,1,15,773465,132,1057,792,6342,1,1,99028,3202,0,16,0,0,0,NORMAL,0,3,1,6,44,132,0,1057,0,0,0,0,0,0,0
102503,3,bully,3475,1,15,777566,132,1064,792,6384,1,1,99028,3475,0,16,0,0,0,NORMAL,0,3,1,6,45,132,0,1064,0,0,0,0,0,0,0
102674,10,bully,3645,1,15,780120,132,1060,792,6360,1,1,99029,3645,0,16,0,0,0,NORMAL,0,3,1,6,60,132,0,1060,0,0,0,0,0,0,0
104091,8,bully,2760,1,15,766836,135,1069,810,6414,1,1,101331,2760,0,16,0,0,0,NORMAL,0,3,1,10,33,135,0,1069,0,0,0,0,0,0,0
104228,5,bully,2896,1,15,768885,135,1071,810,6426,1,1,101332,2896,0,16,0,0,0,NORMAL,0,3,1,10,32,135,0,1071,0,0,0,0,0,0,0
104648,7,bully,3317,1,15,775200,135,1074,810,6444,1,1,101331,3317,0,16,0,0,0,NORMAL,0,3,1,10,33,135,0,1074,0,0,0,0,0,0,0
104365,2,bully,3033,1,15,770940,135,1077,810,6462,1,1,101332,3033,0,16,0,0,0,NORMAL,0,3,1,10,31,135,0,1077,0,0,0,0,0,0,0
104671,6,bully,3339,1,15,775530,135,1077,810,6462,1,1,101332,3339,0,16,0,0,0,NORMAL,0,3,1,10,33,135,0,1077,0,0,0,0,0,0,0
104921,1,bully,3590,1,15,779288,135,1082,810,6492,1,1,101331,3590,0,16,0,0,0,LEADER,1,4,1,10,15,135,0,1082,0,0,0,0,0,0,0
104786,4,bully,3454,1,15,777255,135,1083,810,6498,1,1,101332,3454,0,16,0,0,0,NORMAL,0,3,1,10,31,135,0,1083,0,0,0,0,0,0,0
104533,9,bully,3202,1,15,773465,135,1081,810,6486,1,1,101331,3202,0,16,0,0,0,NORMAL,0,3,1,9,44,135,0,1081,0,0,0,0,0,0,0
104806,3,bully,3475,1,15,777566,135,1088,810,6528,1,1,101331,3475,0,16,0,0,0,NORMAL,0,3,1,9,45,135,0,1088,0,0,0,0,0,0,0
104977,10,bully,3645,1,15,780120,135,1084,810,6504,1,1,101332,3645,0,16,0,0,0,NORMAL,0,3,1,9,60,135,0,1084,0,0,0,0,0,0,0
106394,8,bully,2760,1,16,873230,138,1093,828,6558,1,1,103634,2760,0,17,0,0,0,NORMAL,0,3,2,4,35,138,0,1093,0,0,0,0,0,0,0
106531,5,bully,2896,1,16,875416,138,1095,828,6570,1,1,103635,2896,0,17,0,0,0,NORMAL,0,3,2,4,34,138,0,1095,0,0,0,0,0,0,0
106950,7,bully,3317,1,16,882150,138,1098,828,6588,1,1,103633,3317,0,17,0,0,0,NORMAL,0,3,2,4,35,138,0,1098,0,0,0,0,0,0,0
106668,2,bully,3033,1,16,877608,138,1101,828,6606,1,1,103635,3033,0,17,0,0,0,NORMAL,0,3,2,4,33,138,0,1101,0,0,0,0,0,0,0
106974,6,bully,3339,1,16,882504,138,1101,828,6606,1,1,103635,3339,0,17,0,0,0,NORMAL,0,3,2,4,35,138,0,1101,0,0,0,0,0,0,0
107224,1,bully,3590,1,16,886512,138,1106,828,6636,1,1,103634,3590,0,17,0,0,0,LEADER,1,4,1,4,16,138,0,1106,0,0,0,0,0,0,0
107089,4,bully,3454,1,16,884344,138,1107,828,6642,1,1,103635,3454,0,17,0,0,0,NORMAL,0,3,2,4,33,138,0,1107,0,0,0,0,0,0,0
106836,9,bully,3202,1,16,880301,138,1105,828,6630,1,1,103634,3202,0,17,0,0,0,NORMAL,0,3,2,3,47,138,0,1105,0,0,0,0,0,0,0
107109,3,bully,3475,1,16,884675,138,1112,828,6672,1,1,103634,3475,0,17,0,0,0,NORMAL,0,3,2,3,48,138,0,1112,0,0,0,0,0,0,0
107280,10,bully,3645,1,16,887400,138,1108,828,6648,1,1,103635,3645,0,17,0,0,0,NORMAL,0,3,2,3,64,138,0,1108,0,0,0,0,0,0,0
108697,8,bully,2760,1,16,873230,141,1117,846,6702,1,1,105937,2760,0,17,0,0,0,NORMAL,0,3,1,7,35,141,0,1117,0,0,0,0,0,0,0
108834,5,bully,2896,1,16,875416,141,1119,846,6714,1,1,105938,2896,0,17,0,0,0,NORMAL,0,3,1,7,34,141,0,1119,0,0,0,0,0,0,0
109253,7,bully,3317,1,16,882150,141,1122,846,6732,1,1,105936,3317,0,17,0,0,0,NORMAL,0,3,1,7,35,141,0,1122,0,0,0,0,0,0,0
108971,2,bully,3033,1,16,877608,141,1125,846,6750,1,1,105938,3033,0,17,0,0,0,NORMAL,0,3,1,7,33,141,0,1125,0,0,0,0,0,0,0
109277,6,bully,3339,1,16,882504,141,1125,846,6750,1,1,105938,3339,0,17,0,0,0,NORMAL,0,3,1,7,35,141,0,1125,0,0,0,0,0,0,0
109527,1,bully,3590,1,16,886512,141,1130,846,6780,1,1,105937,3590,0,17,0,0,0,LEADER,1,4,1,7,16,141,0,1130,0,0,0,0,0,0,0
109392,4,bully,3454,1,16,884344,141,1131,846,6786,1,1,105938,3454,0,17,0,0,0,NORMAL,0,3,1,7,33,141,0,1131,0,0,0,0,0,0,0
109139,9,bully,3202,1,16,880301,141,1129,846,6774,1,1,105937,3202,0,17,0,0,0,NORMAL,0,3,1,6,47,141,0,1129,0,0,0,0,0,0,0
109412,3,bully,3475,1,16,884675,141,1136,846,6816,1,1,105937,3475,0,17,0,0,0,NORMAL,0,3,1,6,48,141,0,1136,0,0,0,0,0,0,0
109583,10,bully,3645,1,16,887400,141,1132,846,6792,1,1,105938,3645,0,17,0,0,0,NORMAL,0,3,1,6,64,141,0,1132,0,0,0,0,0,0,0
111000,8,bully,2760,1,16,873230,144,1141,864,6846,1,1,108240,2760,0,17,0,0,0,NORMAL,0,3,1,10,35,144,0,1141,0,0,0,0,0,0,0
111137,5,bully,2896,1,16,875416,144,1143,864,6858,1,1,108241,2896,0,17,0,0,0,NORMAL,0,3,1,10,34,144,0,1143,0,0,0,0,0,0,0
111556,7,bully,3317,1,16,882150,144,1146,864,6876,1,1,108239,3317,0,17,0,0,0,NORMAL,0,3,1,10,35,144,0,1146,0,0,0,0,0,0,0
111274,2,bully,3033,1,16,877608,144,1149,864,6894,1,1,108241,3033,0,17,0,0,0,NORMAL,0,3,1,10,33,144,0,1149,0,0,0,0,0,0,0
111579,6,bully,3339,1,16,882504,144,1148,864,6888,1,1,108240,3339,0,17,0,0,0,NORMAL,0,3,1,10,35,144,0,1148,0,0,0,0,0,0,0
111830,1,bully,3590,1,16,886512,144,1154,864,6924,1,1,108240,3590,0,17,0,0,0,LEADER,1,4,1,10,16,144,0,1154,0,0,0,0,0,0,0
111695,4,bully,3454,1,16,884344,144,1155,864,6930,1,1,108241,3454,0,17,0,0,0,NORMAL,0,3,1,10,33,144,0,1155,0,0,0,0,0,0,0
111442,9,bully,3202,1,16,880301,144,1153,864,6918,1,1,108240,3202,0,17,0,0,0,NORMAL,0,3,1,9,47,144,0,1153,0,0,0,0,0,0,0
111715,3,bully,3475,1,16,884675,144,1160,864,6960,1,1,108240,3475,0,17,0,0,0,NORMAL,0,3,1,9,48,144,0,1160,0,0,0,0,0,0,0
111886,10,bully,3645,1,16,887400,144,1156,864,6936,1,1,108241,3645,0,17,0,0,0,NORMAL,0,3,1,9,64,144,0,1156,0,0,0,0,0,0,0
113303,8,bully,2760,1,17,986533,147,1165,882,6990,1,1,110543,2760,0,18,0,0,0,NORMAL,0,3,2,4,37,147,0,1165,0,0,0,0,0,0,0
113440,5,bully,2896,1,17,988856,147,1167,882,7002,1,1,110544,2896,0,18,0,0,0,NORMAL,0,3,2,4,36,147,0,1167,0,0,0,0,0,0,0
113859,7,bully,3317,1,17,996009,147,1170,882,7020,1,1,110542,3317,0,18,0,0,0,NORMAL,0,3,2,4,37,147,0,1170,0,0,0,0,0,0,0
113577,2,bully,3033,1,17,991185,147,1173,882,7038,1,1,110544,3033,0,18,0,0,0,NORMAL,0,3,2,4,35,147,0,1173,0,0,0,0,0,0,0
113882,6,bully,3339,1,17,996386,147,1172,882,7032,1,1,110543,3339,0,18,0,0,0,NORMAL,0,3,2,4,37,147,0,1172,0,0,0,0,0,0,0
114133,1,bully,3590,1,17,1000645,147,1178,882,7068,1,1,110543,3590,0,18,0,0,0,LEADER,1,4,1,4,17,147,0,1178,0,0,0,0,0,0,0
113998,4,bully,3454,1,17,998342,147,1179,882,7074,1,1,110544,3454,0,18,0,0,0,NORMAL,0,3,2,4,35,147,0,1179,0,0,0,0,0,0,0
113745,9,bully,3202,1,17,994046,147,1177,882,7062,1,1,110543,3202,0,18,0,0,0,NORMAL,0,3,2,3,50,147,0,1177,0,0,0,0,0,0,0
114018,3,bully,3475,1,17,998693,147,1184,882,7104,1,1,110543,3475,0,18,0,0,0,NORMAL,0,3,2,3,51,147,0,1184,0,0,0,0,0,0,0
114189,10,bully,3645,1,17,1001589,147,1179,882,7074,1,1,110544,3645,0,18,0,0,0,NORMAL,0,3,2,3,68,147,0,1179,0,0,0,0,0,0,0
115606,8,bully,2760,1,17,986533,150,1189,900,7134,1,1,112846,2760,0,18,0,0,0,NORMAL,0,3,1,7,37,150,0,1189,0,0,0,0,0,0,0
115743,5,bully,2896,1,17,988856,150,1191,900,7146,1,1,112847,2896,0,18,0,0,0,NORMAL,0,3,1,7,36,150,0,1191,0,0,0,0,0,0,0
116162,7,bully,3317,1,17,996009,150,1194,900,7164,1,1,112845,3317,0,18,0,0,0,NORMAL,0,3,1,7,37,150,0,1194,0,0,0,0,0,0,0
115880,2,bully,3033,1,17,991185,150,1197,900,7182,1,1,112847,3033,0,18,0,0,0,NORMAL,0,3,1,7,35,150,0,1197,0,0,0,0,0,0,0
116185,6,bully,3339,1,17,996386,150,1196,900,7176,1,1,112846,3339,0,18,0,0,0,NORMAL,0,3,1,7,37,150,0,1196,0,0,0,0,0,0,0
116436,1,bully,3590,1,17,1000645,150,1202,900,7212,1,1,112846,3590,0,18,0,0,0,LEADER,1,4,1,7,17,150,0,1202,0,0,0,0,0,0,0
116301,4,bully,3454,1,17,998342,150,1203,900,7218,1,1,112847,3454,0,18,0,0,0,NORMAL,0,3,1,7,35,150,0,1203,0,0,0,0,0,0,0
116048,9,bully,3202,1,17,994046,150,1201,900,7206,1,1,112846,3202,0,18,0,0,0,NORMAL,0,3,1,6,50,150,0,1201,0,0,0,0,0,0,0
116321,3,bully,3475,1,17,998693,150,1208,900,7248,1,1,112846,3475,0,18,0,0,0,NORMAL,0,3,1,6,51,150,0,1208,0,0,0,0,0,0,0
116492,10,bully,3645,1,17,1001589,150,1203,900,7218,1,1,112847,3645,0,18,0,0,0,NORMAL,0,3,1,6,68,150,0,1203,0,0,0,0,0,0,0
117909,8,bully,2760,1,17,986533,153,1213,918,7278,1,1,115149,2760,0,18,0,0,0,NORMAL,0,3,1,10,37,153,0,1213,0,0,0,0,0,0,0
118046,5,bully,2896,1,17,988856,153,1215,918,7290,1,1,115150,2896,0,18,0,0,0,NORMAL,0,3,1,10,36,153,0,1215,0,0,0,0,0,0,0
118465,7,bully,3317,1,17,996009,153,1218,918,7308,1,1,115148,3317,0,18,0,0,0,NORMAL,0,3,1,10,37,153,0,1218,0,0,0,0,0,0,0
118183,2,bully,3033,1,17,991185,153,1221,918,7326,1,1,115150,3033,0,18,0,0,0,NORMAL,0,3,1,10,35,153,0,1221,0,0,0,0,0,0,0
118488,6,bully,3339,1,17,996386,153,1221,918,7326,1,1,115149,3339,0,18,0,0,0,NORMAL,0,3,1,10,37,153,0,1221,0,0,0,0,0,0,0
118739,1,bully,3590,1,17,1000645,153,1226,918,7356,1,1,115149,3590,0,18,0,0,0,LEADER,1,4,1,10,17,153,0,1226,0,0,0,0,0,0,0
118604,4,bully,3454,1,17,998342,153,1227,918,7362,1,1,115150,3454,0,18,0,0,0,NORMAL,0,3,1,10,35,153,0,1227,0,0,0,0,0,0,0
118351,9,bully,3202,1,17,994046,153,1225,918,7350,1,1,115149,3202,0,18,0,0,0,NORMAL,0,3,1,9,50,153,0,1225,0,0,0,0,0,0,0
118624,3,bully,3475,1,17,998693,153,1232,918,7392,1,1,115149,3475,0,18,0,0,0,NORMAL,0,3,1,9,51,153,0,1232,0,0,0,0,0,0,0
118795,10,bully,3645,1,17,1001589,153,1227,918,7362,1,1,115150,3645,0,18,0,0,0,NORMAL,0,3,1,9,68,153,0,1227,0,0,0,0,0,0,0
120212,8,bully,2760,1,18,1106745,156,1237,936,7422,1,1,117452,2760,0,19,0,0,0,NORMAL,0,3,2,4,39,156,0,1237,0,0,0,0,0,0,0
120349,5,bully,2896,1,18,1109205,156,1239,936,7434,1,1,117453,2896,0,19,0,0,0,NORMAL,0,3,2,4,38,156,0,1239,0,0,0,0,0,0,0
120768,7,bully,3317,1,18,1116777,156,1242,936,7452,1,1,117451,3317,0,19,0,0,0,NORMAL,0,3,2,4,39,156,0,1242,0,0,0,0,0,0,0
120486,2,bully,3033,1,18,1111671,156,1245,936,7470,1,1,117453,3033,0,19,0,0,0,NORMAL,0,3,2,4,37,156,0,1245,0,0,0,0,0,0,0
120791,6,bully,3339,1,18,1117177,156,1245,936,7470,1,1,117452,3339,0,19,0,0,0,NORMAL,0,3,2,4,39,156,0,1245,0,0,0,0,0,0,0
121042,1,bully,3590,1,18,1121687,156,1250,936,7500,1,1,117452,3590,0,19,0,0,0,LEADER,1,4,1,4,18,156,0,1250,0,0,0,0,0,0,0
120907,4,bully,3454,1,18,1119249,156,1251,936,7506,1,1,117453,3454,0,19,0,0,0,NORMAL,0,3,2,4,37,156,0,1251,0,0,0,0,0,0,0
120654,9,bully,3202,1,18,1114700,156,1249,936,7494,1,1,117452,3202,0,19,0,0,0,NORMAL,0,3,2,3,53,156,0,1249,0,0,0,0,0,0,0
120927,3,bully,3475,1,18,1119620,156,1256,936,7536,1,1,117452,3475,0,19,0,0,0,NORMAL,0,3,2,3,54,156,0,1256,0,0,0,0,0,0,0
121098,10,bully,3645,1,18,1122687,156,1251,936,7506,1,1,117453,3645,0,19,0,0,0,NORMAL,0,3,2,3,72,156,0,1251,0,0,0,0,0,0,0
122515,8,bully,2760,1,18,1106745,159,1261,954,7566,1,1,119755,2760,0,19,0,0,0,NORMAL,0,3,1,7,39,159,0,1261,0,0,0,0,0,0,0
122652,5,bully,2896,1,18,1109205,159,1263,954,7578,1,1,119756,2896,0,19,0,0,0,NORMAL,0,3,1,7,38,159,0,1263,0,0,0,0,0,0,0
123071,7,bully,3317,1,18,1116777,159,1266,954,7596,1,1,119754,3317,0,19,0,0,0,NORMAL,0,3,1,7,39,159,0,1266,0,0,0,0,0,0,0
122789,2,bully,3033,1,18,1111671,159,1269,954,7614,1,1,119756,3033,0,19,0,0,0,NORMAL,0,3,1,7,37,159,0,1269,0,0,0,0,0,0,0
123094,6,bully,3339,1,18,1117177,159,1269,954,7614,1,1,119755,3339,0,19,0,0,0,NORMAL,0,3,1,7,39,159,0,1269,0,0,0,0,0,0,0
123345,1,bully,3590,1,18,1121687,159,1274,954,7644,1,1,119755,3590,0,19,0,0,0,LEADER,1,4,1,7,18,159,0,1274,0,0,0,0,0,0,0
123210,4,bully,3454,1,18,1119249,159,1275,954,7650,1,1,119756,3454,0,19,0,0,0,NORMAL,0,3,1,7,37,159,0,1275,0,0,0,0,0,0,0
122956,9,bully,3202,1,18,1114700,159,1273,954,7638,1,1,119754,3202,0,19,0,0,0,NORMAL,0,3,1,6,53,159,0,1273,0,0,0,0,0,0,0
123230,3,bully,3475,1,18,1119620,159,1280,954,7680,1,1,119755,3475,0,19,0,0,0,NORMAL,0,3,1,6,54,159,0,1280,0,0,0,0,0,0,0
123401,10,bully,3645,1,18,1122687,159,1275,954,7650,1,1,119756,3645,0,19,0,0,0,NORMAL,0,3,1,6,72,159,0,1275,0,0,0,0,0,0,0
124818,8,bully,2760,1,18,1106745,162,1285,972,7710,1,1,122058,2760,0,19,0,0,0,NORMAL,0,3,1,10,39,162,0,1285,0,0,0,0,0,0,0
124955,5,bully,2896,1,18,1109205,162,1287,972,7722,1,1,122059,2896,0,19,0,0,0,NORMAL,0,3,1,10,38,162,0,1287,0,0,0,0,0,0,0
125374,7,bully,3317,1,18,1116777,162,1290,972,7740,1,1,122057,3317,0,19,0,0,0,NORMAL,0,3,1,10,39,162,0,1290,0,0,0,0,0,0,0
125092,2,bully,3033,1,18,1111671,162,1293,972,7758,1,1,122059,3033,0,19,0,0,0,NORMAL,0,3,1,10,37,162,0,1293,0,0,0,0,0,0,0
125397,6,bully,3339,1,18,1117177,162,1292,972,7752,1,1,122058,3339,0,19,0,0,0,NORMAL,0,3,1,10,39,162,0,1292,0,0,0,0,0,0,0
125648,1,bully,3590,1,18,1121687,162,1298,972,7788,1,1,122058,3590,0,19,0,0,0,LEADER,1,4,1,10,18,162,0,1298,0,0,0,0,0,0,0
125513,4,bully,3454,1,18,1119249,162,1299,972,7794,1,1,122059,3454,0,19,0,0,0,NORMAL,0,3,1,10,37,162,0,1299,0,0,0,0,0,0,0
125259,9,bully,3202,1,18,1114700,162,1297,972,7782,1,1,122057,3202,0,19,0,0,0,NORMAL,0,3,1,9,53,162,0,1297,0,0,0,0,0,0,0
125533,3,bully,3475,1,18,1119620,162,1304,972,7824,1,1,122058,3475,0,19,0,0,0,NORMAL,0,3,1,9,54,162,0,1304,0,0,0,0,0,0,0
125704,10,bully,3645,1,18,1122687,162,1299,972,7794,1,1,122059,3645,0,19,0,0,0,NORMAL,0,3,1,9,72,162,0,1299,0,0,0,0,0,0,0
127121,8,bully,2760,1,19,1233866,165,1309,990,7854,1,1,124361,2760,0,20,0,0,0,NORMAL,0,3,2,4,41,165,0,1309,0,0,0,0,0,0,0
127258,5,bully,2896,1,19,1236463,165,1311,990,7866,1,1,124362,2896,0,20,0,0,0,NORMAL,0,3,2,4,40,165,0,1311,0,0,0,0,0,0,0
127677,7,bully,3317,1,19,1244454,165,1314,990,7884,1,1,124360,3317,0,20,0,0,0,NORMAL,0,3,2,4,41,165,0,1314,0,0,0,0,0,0,0
127395,2,bully,3033,1,19,1239066,165,1317,990,7902,1,1,124362,3033,0,20,0,0,0,NORMAL,0,3,2,4,39,165,0,1317,0,0,0,0,0,0,0
127700,6,bully,3339,1,19,1244877,165,1316,990,7896,1,1,124361,3339,0,20,0,0,0,NORMAL,0,3,2,4,41,165,0,1316,0,0,0,0,0,0,0
127951,1,bully,3590,1,19,1249638,165,1322,990,7932,1,1,124361,3590,0,20,0,0,0,LEADER,1,4,1,4,19,165,0,1322,0,0,0,0,0,0,0
127816,4,bully,3454,1,19,1247065,165,1323,990,7938,1,1,124362,3454,0,20,0,0,0,NORMAL,0,3,2,4,39,165,0,1323,0,0,0,0,0,0,0
127562,9,bully,3202,1,19,1242262,165,1321,990,7926,1,1,124360,3202,0,20,0,0,0,NORMAL,0,3,2,3,56,165,0,1321,0,0,0,0,0,0,0
127836,3,bully,3475,1,19,1247456,165,1328,990,7968,1,1,124361,3475,0,20,0,0,0,NORMAL,0,3,2,3,57,165,0,1328,0,0,0,0,0,0,0
128007,10,bully,3645,1,19,1250694,165,1323,990,7938,1,1,124362,3645,0,20,0,0,0,NORMAL,0,3,2,3,76,165,0,1323,0,0,0,0,0,0,0
129424,8,bully,2760,1,19,1233866,168,1333,1008,7998,1,1,126664,2760,0,20,0,0,0,NORMAL,0,3,1,7,41,168,0,1333,0,0,0,0,0,0,0
129561,5,bully,2896,1,19,1236463,168,1335,1008,8010,1,1,126665,2896,0,20,0,0,0,NORMAL,0,3,1,7,40,168,0,1335,0,0,0,0,0,0,0
129980,7,bully,3317,1,19,1244454,168,1338,1008,8028,1,1,126663,3317,0,20,0,0,0,NORMAL,0,3,1,7,41,168,0,1338,0,0,0,0,0,0,0
129698,2,bully,3033,1,19,1239066,168,1341,1008,8046,1,1,126665,3033,0,20,0,0,0,NORMAL,0,3,1,7,39,168,0,1341,0,0,0,0,0,0,0
130003,6,bully,3339,1,19,1244877,168,1340,1008,8040,1,1,126664,3339,0,20,0,0,0,NORMAL,0,3,1,7,41,168,0,1340,0,0,0,0,0,0,0
130254,1,bully,3590,1,19,1249638,168,1346,1008,8076,1,1,126664,3590,0,20,0,0,0,LEADER,1,4,1,7,19,168,0,1346,0,0,0,0,0,0,0
130119,4,bully,3454,1,19,1247065,168,1347,1008,8082,1,1,126665,3454,0,20,0,0,0,NORMAL,0,3,1,7,39,168,0,1347,0,0,0,0,0,0,0
129865,9,bully,3202,1,19,1242262,168,1345,1008,8070,1,1,126663,3202,0,20,0,0,0,NORMAL,0,3,1,6,56,168,0,1345,0,0,0,0,0,0,0
130139,3,bully,3475,1,19,1247456,168,1352,1008,8112,1,1,126664,3475,0,20,0,0,0,NORMAL,0,3,1,6,57,168,0,1352,0,0,0,0,0,0,0
130310,10,bully,3645,1,19,1250694,168,1347,1008,8082,1,1,126665,3645,0,20,0,0,0,NORMAL,0,3,1,6,76,168,0,1347,0,0,0,0,0,0,0
131727,8,bully,2760,1,19,1233866,171,1357,1026,8142,1,1,128967,2760,0,20,0,0,0,NORMAL,0,3,1,10,41,171,0,1357,0,0,0,0,0,0,0
131864,5,bully,2896,1,19,1236463,171,1359,1026,8154,1,1,128968,2896,0,20,0,0,0,NORMAL,0,3,1,10,40,171,0,1359,0,0,0,0,0,0,0
132283,7,bully,3317,1,19,1244454,171,1362,1026,8172,1,1,128966,3317,0,20,0,0,0,NORMAL,0,3,1,10,41,171,0,1362,0,0,0,0,0,0,0
132001,2,bully,3033,1,19,1239066,171,1365,1026,8190,1,1,128968,3033,0,20,0,0,0,NORMAL,0,3,1,10,39,171,0,1365,0,0,0,0,0,0,0
132306,6,bully,3339,1,19,1244877,171,1364,1026,8184,1,1,128967,3339,0,20,0,0,0,NORMAL,0,3,1,10,41,171,0,1364,0,0,0,0,0,0,0
132557,1,bully,3590,1,19,1249638,171,1370,1026,8220,1,1,128967,3590,0,20,0,0,0,LEADER,1,4,1,10,19,171,0,1370,0,0,0,0,0,0,0
132422,4,bully,3454,1,19,1247065,171,1371,1026,8226,1,1,128968,3454,0,20,0,0,0,NORMAL,0,3,1,10,39,171,0,1371,0,0,0,0,0,0,0
132168,9,bully,3202,1,19,1242262,171,1368,1026,8208,1,1,128966,3202,0,20,0,0,0,NORMAL,0,3,1,9,56,171,0,1368,0,0,0,0,0,0,0
132442,3,bully,3475,1,19,1247456,171,1376,1026,8256,1,1,128967,3475,0,20,0,0,0,NORMAL,0,3,1,9,57,171,0,1376,0,0,0,0,0,0,0
132613,10,bully,3645,1,19,1250694,171,1370,1026,8220,1,1,128968,3645,0,20,0,0,0,NORMAL,0,3,1,9,76,171,0,1370,0,0,0,0,0,0,0
134030,8,bully,2760,1,20,1367896,174,1380,1044,8280,1,1,131270,2760,0,21,0,0,0,NORMAL,0,3,2,4,43,174,0,1380,0,0,0,0,0,0,0
134167,5,bully,2896,1,20,1370630,174,1383,1044,8298,1,1,131271,2896,0,21,0,0,0,NORMAL,0,3,2,4,42,174,0,1383,0,0,0,0,0,0,0
134586,7,bully,3317,1,20,1379040,174,1386,1044,8316,1,1,131269,3317,0,21,0,0,0,NORMAL,0,3,2,4,43,174,0,1386,0,0,0,0,0,0,0
134304,2,bully,3033,1,20,1373370,174,1389,1044,8334,1,1,131271,3033,0,21,0,0,0,NORMAL,0,3,2,4,41,174,0,1389,0,0,0,0,0,0,0
134609,6,bully,3339,1,20,1379486,174,1388,1044,8328,1,1,131270,3339,0,21,0,0,0,NORMAL,0,3,2,4,43,174,0,1388,0,0,0,0,0,0,0
134860,1,bully,3590,1,20,1384498,174,1394,1044,8364,1,1,131270,3590,0,21,0,0,0,LEADER,1,4,1,4,20,174,0,1394,0,0,0,0,0,0,0
134725,4,bully,3454,1,20,1381790,174,1395,1044,8370,1,1,131271,3454,0,21,0,0,0,NORMAL,0,3,2,4,41,174,0,1395,0,0,0,0,0,0,0
134471,9,bully,3202,1,20,1376733,174,1392,1044,8352,1,1,131269,3202,0,21,0,0,0,NORMAL,0,3,2,3,59,174,0,1392,0,0,0,0,0,0,0
134745,3,bully,3475,1,20,1382201,174,1400,1044,8400,1,1,131270,3475,0,21,0,0,0,NORMAL,0,3,2,3,60,174,0,1400,0,0,0,0,0,0,0
134916,10,bully,3645,1,20,1385610,174,1394,1044,8364,1,1,131271,3645,0,21,0,0,0,NORMAL,0,3,2,3,80,174,0,1394,0,0,0,0,0,0,0
136333,8,bully,2760,1,20,1367896,177,1404,1062,8424,1,1,133573,2760,0,21,0,0,0,NORMAL,0,3,1,7,43,177,0,1404,0,0,0,0,0,0,0
136470,5,bully,2896,1,20,1370630,177,1407,1062,8442,1,1,133574,2896,0,21,0,0,0,NORMAL,0,3,1,7,42,177,0,1407,0,0,0,0,0,0,0
136889,7,bully,3317,1,20,1379040,177,1410,1062,8460,1,1,133572,3317,0,21,0,0,0,NORMAL,0,3,1,7,43,177,0,1410,0,0,0,0,0,0,0
136607,2,bully,3033,1,20,1373370,177,1413,1062,8478,1,1,133574,3033,0,21,0,0,0,NORMAL,0,3,1,7,41,177,0,1413,0,0,0,0,0,0,0
136912,6,bully,3339,1,20,1379486,177,1412,1062,8472,1,1,133573,3339,0,21,0,0,0,NORMAL,0,3,1,7,43,177,0,1412,0,0,0,0,0,0,0
137163,1,bully,3590,1,20,1384498,177,1418,1062,8508,1,1,133573,3590,0,21,0,0,0,LEADER,1,4,1,7,20,177,0,1418,0,0,0,0,0,0,0
137028,4,bully,3454,1,20,1381790,177,1419,1062,8514,1,1,133574,3454,0,21,0,0,0,NORMAL,0,3,1,7,41,177,0,1419,0,0,0,0,0,0,0
136774,9,bully,3202,1,20,1376733,177,1416,1062,8496,1,1,133572,3202,0,21,0,0,0,NORMAL,0,3,1,6,59,177,0,1416,0,0,0,0,0,0,0
137048,3,bully,3475,1,20,1382201,177,1424,1062,8544,1,1,133573,3475,0,21,0,0,0,NORMAL,0,3,1,6,60,177,0,1424,0,0,0,0,0,0,0
137219,10,bully,3645,1,20,1385610,177,1418,1062,8508,1,1,133574,3645,0,21,0,0,0,NORMAL,0,3,1,6,80,177,0,1418,0,0,0,0,0,0,0
138636,8,bully,2760,1,20,1367896,180,1428,1080,8568,1,1,135876,2760,0,21,0,0,0,NORMAL,0,3,1,10,43,180,0,1428,0,0,0,0,0,0,0
138773,5,bully,2896,1,20,1370630,180,1431,1080,8586,1,1,135877,2896,0,21,0,0,0,NORMAL,0,3,1,10,42,180,0,1431,0,0,0,0,0,0,0
139191,7,bully,3317,1,20,1379040,180,1434,1080,8604,1,1,135874,3317,0,21,0,0,0,NORMAL,0,3,1,10,43,180,0,1434,0,0,0,0,0,0,0
138910,2,bully,3033,1,20,1373370,180,1437,1080,8622,1,1,135877,3033,0,21,0,0,0,NORMAL,0,3,1,10,41,180,0,1437,0,0,0,0,0,0,0
139215,6,bully,3339,1,20,1379486,180,1437,1080,8622,1,1,135876,3339,0,21,0,0,0,NORMAL,0,3,1,10,43,180,0,1437,0,0,0,0,0,0,0
139466,1,bully,3590,1,20,1384498,180,1442,1080,8652,1,1,135876,3590,0,21,0,0,0,LEADER,1,4,1,10,20,180,0,1442,0,0,0,0,0,0,0
139331,4,bully,3454,1,20,1381790,180,1443,1080,8658,1,1,135877,3454,0,21,0,0,0,NORMAL,0,3,1,10,41,180,0,1443,0,0,0,0,0,0,0
139077,9,bully,3202,1,20,1376733,180,1440,1080,8640,1,1,135875,3202,0,21,0,0,0,NORMAL,0,3,1,9,59,180,0,1440,0,0,0,0,0,0,0
139351,3,bully,3475,1,20,1382201,180,1448,1080,8688,1,1,135876,3475,0,21,0,0,0,NORMAL,0,3,1,9,60,180,0,1448,0,0,0,0,0,0,0
139522,10,bully,3645,1,20,1385610,180,1442,1080,8652,1,1,135877,3645,0,21,0,0,0,NORMAL,0,3,1,9,80,180,0,1442,0,0,0,0,0,0,0
140939,8,bully,2760,1,21,1508835,183,1452,1098,8712,1,1,138179,2760,0,22,0,0,0,NORMAL,0,3,2,4,45,183,0,1452,0,0,0,0,0,0,0
141076,5,bully,2896,1,21,1511706,183,1455,1098,8730,1,1,138180,2896,0,22,0,0,0,NORMAL,0,3,2,4,44,183,0,1455,0,0,0,0,0,0,0
141494,7,bully,3317,1,21,1520534,183,1458,1098,8748,1,1,138177,3317,0,22,0,0,0,NORMAL,0,3,2,4,45,183,0,1458,0,0,0,0,0,0,0
141213,2,bully,3033,1,21,1514583,183,1461,1098,8766,1,1,138180,3033,0,22,0,0,0,NORMAL,0,3,2,4,43,183,0,1461,0,0,0,0,0,0,0
141518,6,bully,3339,1,21,1521004,183,1461,1098,8766,1,1,138179,3339,0,22,0,0,0,NORMAL,0,3,2,4,45,183,0,1461,0,0,0,0,0,0,0
141769,1,bully,3590,1,21,1526267,183,1466,1098,8796,1,1,138179,3590,0,22,0,0,0,LEADER,1,4,1,4,21,183,0,1466,0,0,0,0,0,0,0
141634,4,bully,3454,1,21,1523424,183,1467,1098,8802,1,1,138180,3454,0,22,0,0,0,NORMAL,0,3,2,4,43,183,0,1467,0,0,0,0,0,0,0
141380,9,bully,3202,1,21,1518113,183,1464,1098,8784,1,1,138178,3202,0,22,0,0,0,NORMAL,0,3,2,3,62,183,0,1464,0,0,0,0,0,0,0
141654,3,bully,3475,1,21,1523855,183,1472,1098,8832,1,1,138179,3475,0,22,0,0,0,NORMAL,0,3,2,3,63,183,0,1472,0,0,0,0,0,0,0
141825,10,bully,3645,1,21,1527435,183,1465,1098,8790,1,1,138180,3645,0,22,0,0,0,NORMAL,0,3,2,3,84,183,0,1465,0,0,0,0,0,0,0
143242,8,bully,2760,1,21,1508835,186,1476,1116,8856,1,1,140482,2760,0,22,0,0,0,NORMAL,0,3,1,7,45,186,0,1476,0,0,0,0,0,0,0
143379,5,bully,2896,1,21,1511706,186,1479,1116,8874,1,1,140483,2896,0,22,0,0,0,NORMAL,0,3,1,7,44,186,0,1479,0,0,0,0,0,0,0
143797,7,bully,3317,1,21,1520534,186,1482,1116,8892,1,1,140480,3317,0,22,0,0,0,NORMAL,0,3,1,7,45,186,0,1482,0,0,0,0,0,0,0
143516,2,bully,3033,1,21,1514583,186,1485,1116,8910,1,1,140483,3033,0,22,0,0,0,NORMAL,0,3,1,7,43,186,0,1485,0,0,0,0,0,0,0
143821,6,bully,3339,1,21,1521004,186,1484,1116,8904,1,1,140482,3339,0,22,0,0,0,NORMAL,0,3,1,7,45,186,0,1484,0,0,0,0,0,0,0
144072,1,bully,3590,1,21,1526267,186,1490,1116,8940,1,1,140482,3590,0,22,0,0,0,LEADER,1,4,1,7,21,186,0,1490,0,0,0,0,0,0,0
143937,4,bully,3454,1,21,1523424,186,1491,1116,8946,1,1,140483,3454,0,22,0,0,0,NORMAL,0,3,1,7,43,186,0,1491,0,0,0,0,0,0,0
143683,9,bully,3202,1,21,1518113,186,1488,1116,8928,1,1,140481,3202,0,22,0,0,0,NORMAL,0,3,1,6,62,186,0,1488,0,0,0,0,0,0,0
143956,3,bully,3475,1,21,1523855,186,1496,1116,8976,1,1,140481,3475,0,22,0,0,0,NORMAL,0,3,1,6,63,186,0,1496,0,0,0,0,0,0,0
144128,10,bully,3645,1,21,1527435,186,1489,1116,8934,1,1,140483,3645,0,22,0,0,0,NORMAL,0,3,1,6,84,186,0,1489,0,0,0,0,0,0,0
145545,8,bully,2760,1,21,1508835,189,1500,1134,9000,1,1,142785,2760,0,22,0,0,0,NORMAL,0,3,1,10,45,189,0,1500,0,0,0,0,0,0,0
145682,5,bully,2896,1,21,1511706,189,1503,1134,9018,1,1,142786,2896,0,22,0,0,0,NORMAL,0,3,1,10,44,189,0,1503,0,0,0,0,0,0,0
146100,7,bully,3317,1,21,1520534,189,1506,1134,9036,1,1,142783,3317,0,22,0,0,0,NORMAL,0,3,1,10,45,189,0,1506,0,0,0,0,0,0,0
145819,2,bully,3033,1,21,1514583,189,1509,1134,9054,1,1,142786,3033,0,22,0,0,0,NORMAL,0,3,1,10,43,189,0,1509,0,0,0,0,0,0,0
146124,6,bully,3339,1,21,1521004,189,1508,1134,9048,1,1,142785,3339,0,22,0,0,0,NORMAL,0,3,1,10,45,189,0,1508,0,0,0,0,0,0,0
146375,1,bully,3590,1,21,1526267,189,1514,1134,9084,1,1,142785,3590,0,22,0,0,0,LEADER,1,4,1,10,21,189,0,1514,0,0,0,0,0,0,0
146240,4,bully,3454,1,21,1523424,189,1515,1134,9090,1,1,142786,3454,0,22,0,0,0,NORMAL,0,3,1,10,43,189,0,1515,0,0,0,0,0,0,0
145986,9,bully,3202,1,21,1518113,189,1512,1134,9072,1,1,142784,3202,0,22,0,0,0,NORMAL,0,3,1,9,62,189,0,1512,0,0,0,0,0,0,0
146259,3,bully,3475,1,21,1523855,189,1520,1134,9120,1,1,142784,3475,0,22,0,0,0,NORMAL,0,3,1,9,63,189,0,1520,0,0,0,0,0,0,0
146431,10,bully,3645,1,21,1527435,189,1513,1134,9078,1,1,142786,3645,0,22,0,0,0,NORMAL,0,3,1,9,84,189,0,1513,0,0,0,0,0,0,0
147848,8,bully,2760,1,22,1656683,192,1524,1152,9144,1,1,145088,2760,0,23,0,0,0,NORMAL,0,3,2,4,47,192,0,1524,0,0,0,0,0,0,0
147985,5,bully,2896,1,22,1659691,192,1527,1152,9162,1,1,145089,2896,0,23,0,0,0,NORMAL,0,3,2,4,46,192,0,1527,0,0,0,0,0,0,0
148403,7,bully,3317,1,22,1668937,192,1530,1152,9180,1,1,145086,3317,0,23,0,0,0,NORMAL,0,3,2,4,47,192,0,1530,0,0,0,0,0,0,0
148122,2,bully,3033,1,22,1662705,192,1533,1152,9198,1,1,145089,3033,0,23,0,0,0,NORMAL,0,3,2,4,45,192,0,1533,0,0,0,0,0,0,0
148427,6,bully,3339,1,22,1669431,192,1532,1152,9192,1,1,145088,3339,0,23,0,0,0,NORMAL,0,3,2,4,47,192,0,1532,0,0,0,0,0,0,0
148678,1,bully,3590,1,22,1674945,192,1538,1152,9228,1,1,145088,3590,0,23,0,0,0,LEADER,1,4,1,4,22,192,0,1538,0,0,0,0,0,0,0
148543,4,bully,3454,1,22,1671967,192,1539,1152,9234,1,1,145089,3454,0,23,0,0,0,NORMAL,0,3,2,4,45,192,0,1539,0,0,0,0,0,0,0
148289,9,bully,3202,1,22,1666402,192,1536,1152,9216,1,1,145087,3202,0,23,0,0,0,NORMAL,0,3,2,3,65,192,0,1536,0,0,0,0,0,0,0
148562,3,bully,3475,1,22,1672417,192,1544,1152,9264,1,1,145087,3475,0,23,0,0,0,NORMAL,0,3,2,3,66,192,0,1544,0,0,0,0,0,0,0
148734,10,bully,3645,1,22,1676169,192,1537,1152,9222,1,1,145089,3645,0,23,0,0,0,NORMAL,0,3,2,3,88,192,0,1537,0,0,0,0,0,0,0
150151,8,bully,2760,1,22,1656683,195,1548,1170,9288,1,1,147391,2760,0,23,0,0,0,NORMAL,0,3,1,7,47,195,0,1548,0,0,0,0,0,0,0
150288,5,bully,2896,1,22,1659691,195,1551,1170,9306,1,1,147392,2896,0,23,0,0,0,NORMAL,0,3,1,7,46,195,0,1551,0,0,0,0,0,0,0
150706,7,bully,3317,1,22,1668937,195,1554,1170,9324,1,1,147389,3317,0,23,0,0,0,NORMAL,0,3,1,7,47,195,0,1554,0,0,0,0,0,0,0
150425,2,bully,3033,1,22,1662705,195,1557,1170,9342,1,1,147392,3033,0,23,0,0,0,NORMAL,0,3,1,7,45,195,0,1557,0,0,0,0,0,0,0
150730,6,bully,3339,1,22,1669431,195,1556,1170,9336,1,1,147391,3339,0,23,0,0,0,NORMAL,0,3,1,7,47,195,0,1556,0,0,0,0,0,0,0
150981,1,bully,3590,1,22,1674945,195,1562,1170,9372,1,1,147391,3590,0,23,0,0,0,LEADER,1,4,1,7,22,195,0,1562,0,0,0,0,0,0,0
150846,4,bully,3454,1,22,1671967,195,1563,1170,9378,1,1,147392,3454,0,23,0,0,0,NORMAL,0,3,1,7,45,195,0,1563,0,0,0,0,0,0,0
150592,9,bully,3202,1,22,1666402,195,1560,1170,9360,1,1,147390,3202,0,23,0,0,0,NORMAL,0,3,1,6,65,195,0,1560,0,0,0,0,0,0,0
150865,3,bully,3475,1,22,1672417,195,1568,1170,9408,1,1,147390,3475,0,23,0,0,0,NORMAL,0,3,1,6,66,195,0,1568,0,0,0,0,0,0,0
151037,10,bully,3645,1,22,1676169,195,1561,1170,9366,1,1,147392,3645,0,23,0,0,0,NORMAL,0,3,1,6,88,195,0,1561,0,0,0,0,0,0,0
152454,8,bully,2760,1,22,1656683,198,1572,1188,9432,1,1,149694,2760,0,23,0,0,0,NORMAL,0,3,1,10,47,198,0,1572,0,0,0,0,0,0,0
152591,5,bully,2896,1,22,1659691,198,1575,1188,9450,1,1,149695,2896,0,23,0,0,0,NORMAL,0,3,1,10,46,198,0,1575,0,0,0,0,0,0,0
153009,7,bully,3317,1,22,1668937,198,1578,1188,9468,1,1,149692,3317,0,23,0,0,0,NORMAL,0,3,1,10,47,198,0,1578,0,0,0,0,0,0,0
152728,2,bully,3033,1,22,1662705,198,1581,1188,9486,1,1,149695,3033,0,23,0,0,0,NORMAL,0,3,1,10,45,198,0,1581,0,0,0,0,0,0,0
153033,6,bully,3339,1,22,1669431,198,1581,1188,9486,1,1,149694,3339,0,23,0,0,0,NORMAL,0,3,1,10,47,198,0,1581,0,0,0,0,0,0,0
153284,1,bully,3590,1,22,1674945,198,1586,1188,9516,1,1,149694,3590,0,23,0,0,0,LEADER,1,4,1,10,22,198,0,1586,0,0,0,0,0,0,0
153149,4,bully,3454,1,22,1671967,198,1587,1188,9522,1,1,149695,3454,0,23,0,0,0,NORMAL,0,3,1,10,45,198,0,1587,0,0,0,0,0,0,0
152895,9,bully,3202,1,22,1666402,198,1584,1188,9504,1,1,149693,3202,0,23,0,0,0,NORMAL,0,3,1,9,65,198,0,1584,0,0,0,0,0,0,0
153168,3,bully,3475,1,22,1672417,198,1592,1188,9552,1,1,149693,3475,0,23,0,0,0,NORMAL,0,3,1,9,66,198,0,1592,0,0,0,0,0,0,0
153340,10,bully,3645,1,22,1676169,198,1585,1188,9510,1,1,149695,3645,0,23,0,0,0,NORMAL,0,3,1,9,88,198,0,1585,0,0,0,0,0,0,0
154757,8,bully,2760,1,23,1811440,201,1596,1206,9576,1,1,151997,2760,0,24,0,0,0,NORMAL,0,3,2,4,49,201,0,1596,0,0,0,0,0,0,0
154894,5,bully,2896,1,23,1814585,201,1599,1206,9594,1,1,151998,2896,0,24,0,0,0,NORMAL,0,3,2,4,48,201,0,1599,0,0,0,0,0,0,0
155312,7,bully,3317,1,23,1824249,201,1602,1206,9612,1,1,151995,3317,0,24,0,0,0,NORMAL,0,3,2,4,49,201,0,1602,0,0,0,0,0,0,0
155031,2,bully,3033,1,23,1817736,201,1605,1206,9630,1,1,151998,3033,0,24,0,0,0,NORMAL,0,3,2,4,47,201,0,1605,0,0,0,0,0,0,0
155336,6,bully,3339,1,23,1824767,201,1604,1206,9624,1,1,151997,3339,0,24,0,0,0,NORMAL,0,3,2,4,49,201,0,1604,0,0,0,0,0,0,0
155587,1,bully,3590,1,23,1830532,201,1610,1206,9660,1,1,151997,3590,0,24,0,0,0,LEADER,1,4,1,4,23,201,0,1610,0,0,0,0,0,0,0
155452,4,bully,3454,1,23,1827419,201,1611,1206,9666,1,1,151998,3454,0,24,0,0,0,NORMAL,0,3,2,4,47,201,0,1611,0,0,0,0,0,0,0
155198,9,bully,3202,1,23,1821600,201,1608,1206,9648,1,1,151996,3202,0,24,0,0,0,NORMAL,0,3,2,3,68,201,0,1608,0,0,0,0,0,0,0
155471,3,bully,3475,1,23,1827888,201,1616,1206,9696,1,1,151996,3475,0,24,0,0,0,NORMAL,0,3,2,3,69,201,0,1616,0,0,0,0,0,0,0
155643,10,bully,3645,1,23,1831812,201,1609,1206,9654,1,1,151998,3645,0,24,0,0,0,NORMAL,0,3,2,3,92,201,0,1609,0,0,0,0,0,0,0
157060,8,bully,2760,1,23,1811440,204,1620,1224,9720,1,1,154300,2760,0,24,0,0,0,NORMAL,0,3,1,7,49,204,0,1620,0,0,0,0,0,0,0
157197,5,bully,2896,1,23,1814585,204,1623,1224,9738,1,1,154301,2896,0,24,0,0,0,NORMAL,0,3,1,7,48,204,0,1623,0,0,0,0,0,0,0
157615,7,bully,3317,1,23,1824249,204,1626,1224,9756,1,1,154298,3317,0,24,0,0,0,NORMAL,0,3,1,7,49,204,0,1626,0,0,0,0,0,0,0
157334,2,bully,3033,1,23,1817736,204,1629,1224,9774,1,1,154301,3033,0,24,0,0,0,NORMAL,0,3,1,7,47,204,0,1629,0,0,0,0,0,0,0
157639,6,bully,3339,1,23,1824767,204,1628,1224,9768,1,1,154300,3339,0,24,0,0,0,NORMAL,0,3,1,7,49,204,0,1628,0,0,0,0,0,0,0
157890,1,bully,3590,1,23,1830532,204,1634,1224,9804,1,1,154300,3590,0,24,0,0,0,LEADER,1,4,1,7,23,204,0,1634,0,0,0,0,0,0,0
157755,4,bully,3454,1,23,1827419,204,1635,1224,9810,1,1,154301,3454,0,24,0,0,0,NORMAL,0,3,1,7,47,204,0,1635,0,0,0,0,0,0,0
157501,9,bully,3202,1,23,1821600,204,1632,1224,9792,1,1,154299,3202,0,24,0,0,0,NORMAL,0,3,1,6,68,204,0,1632,0,0,0,0,0,0,0
157774,3,bully,3475,1,23,1827888,204,1640,1224,9840,1,1,154299,3475,0,24,0,0,0,NORMAL,0,3,1,6,69,204,0,1640,0,0,0,0,0,0,0
157946,10,bully,3645,1,23,1831812,204,1633,1224,9798,1,1,154301,3645,0,24,0,0,0,NORMAL,0,3,1,6,92,204,0,1633,0,0,0,0,0,0,0
159363,8,bully,2760,1,23,1811440,207,1644,1242,9864,1,1,156603,2760,0,24,0,0,0,NORMAL,0,3,1,10,49,207,0,1644,0,0,0,0,0,0,0
159500,5,bully,2896,1,23,1814585,207,1647,1242,9882,1,1,156604,2896,0,24,0,0,0,NORMAL,0,3,1,10,48,207,0,1647,0,0,0,0,0,0,0
159918,7,bully,3317,1,23,1824249,207,1650,1242,9900,1,1,156601,3317,0,24,0,0,0,NORMAL,0,3,1,10,49,207,0,1650,0,0,0,0,0,0,0
159637,2,bully,3033,1,23,1817736,207,1653,1242,9918,1,1,156604,3033,0,24,0,0,0,NORMAL,0,3,1,10,47,207,0,1653,0,0,0,0,0,0,0
159942,6,bully,3339,1,23,1824767,207,1653,1242,9918,1,1,156603,3339,0,24,0,0,0,NORMAL,0,3,1,10,49,207,0,1653,0,0,0,0,0,0,0
160193,1,bully,3590,1,23,1830532,207,1658,1242,9948,1,1,156603,3590,0,24,0,0,0,LEADER,1,4,1,10,23,207,0,1658,0,0,0,0,0,0,0
160058,4,bully,3454,1,23,1827419,207,1659,1242,9954,1,1,156604,3454,0,24,0,0,0,NORMAL,0,3,1,10,47,207,0,1659,0,0,0,0,0,0,0
159804,9,bully,3202,1,23,1821600,207,1656,1242,9936,1,1,156602,3202,0,24,0,0,0,NORMAL,0,3,1,9,68,207,0,1656,0,0,0,0,0,0,0
160077,3,bully,3475,1,23,1827888,207,1664,1242,9984,1,1,156602,3475,0,24,0,0,0,NORMAL,0,3,1,9,69,207,0,1664,0,0,0,0,0,0,0
160249,10,bully,3645,1,23,1831812,207,1657,1242,9942,1,1,156604,3645,0,24,0,0,0,NORMAL,0,3,1,9,92,207,0,1657,0,0,0,0,0,0,0
161666,8,bully,2760,1,24,1973106,210,1668,1260,10008,1,1,158906,2760,0,25,0,0,0,NORMAL,0,3,2,4,51,210,0,1668,0,0,0,0,0,0,0
161803,5,bully,2896,1,24,1976388,210,1671,1260,10026,1,1,158907,2896,0,25,0,0,0,NORMAL,0,3,2,4,50,210,0,1671,0,0,0,0,0,0,0
162221,7,bully,3317,1,24,1986470,210,1674,1260,10044,1,1,158904,3317,0,25,0,0,0,NORMAL,0,3,2,4,51,210,0,1674,0,0,0,0,0,0,0
161940,2,bully,3033,1,24,1979676,210,1677,1260,10062,1,1,158907,3033,0,25,0,0,0,NORMAL,0,3,2,4,49,210,0,1677,0,0,0,0,0,0,0
162245,6,bully,3339,1,24,1987012,210,1677,1260,10062,1,1,158906,3339,0,25,0,0,0,NORMAL,0,3,2,4,51,210,0,1677,0,0,0,0,0,0,0
162496,1,bully,3590,1,24,1993028,210,1682,1260,10092,1,1,158906,3590,0,25,0,0,0,LEADER,1,4,1,4,24,210,0,1682,0,0,0,0,0,0,0
162361,4,bully,3454,1,24,1989780,210,1683,1260,10098,1,1,158907,3454,0,25,0,0,0,NORMAL,0,3,2,4,49,210,0,1683,0,0,0,0,0,0,0
162107,9,bully,3202,1,24,1983707,210,1680,1260,10080,1,1,158905,3202,0,25,0,0,0,NORMAL,0,3,2,3,71,210,0,1680,0,0,0,0,0,0,0
162380,3,bully,3475,1,24,1990268,210,1688,1260,10128,1,1,158905,3475,0,25,0,0,0,NORMAL,0,3,2,3,72,210,0,1688,0,0,0,0,0,0,0
162552,10,bully,3645,1,24,1994364,210,1681,1260,10086,1,1,158907,3645,0,25,0,0,0,NORMAL,0,3,2,3,96,210,0,1681,0,0,0,0,0,0,0
163969,8,bully,2760,1,24,1973106,213,1692,1278,10152,1,1,161209,2760,0,25,0,0,0,NORMAL,0,3,1,7,51,213,0,1692,0,0,0,0,0,0,0
164106,5,bully,2896,1,24,1976388,213,1695,1278,10170,1,1,161210,2896,0,25,0,0,0,NORMAL,0,3,1,7,50,213,0,1695,0,0,0,0,0,0,0
164524,7,bully,3317,1,24,1986470,213,1698,1278,10188,1,1,161207,3317,0,25,0,0,0,NORMAL,0,3,1,7,51,213,0,1698,0,0,0,0,0,0,0
164243,2,bully,3033,1,24,1979676,213,1701,1278,10206,1,1,161210,3033,0,25,0,0,0,NORMAL,0,3,1,7,49,213,0,1701,0,0,0,0,0,0,0
164548,6,bully,3339,1,24,1987012,213,1700,1278,10200,1,1,161209,3339,0,25,0,0,0,NORMAL,0,3,1,7,51,213,0,1700,0,0,0,0,0,0,0
164799,1,bully,3590,1,24,1993028,213,1706,1278,10236,1,1,161209,3590,0,25,0,0,0,LEADER,1,4,1,7,24,213,0,1706,0,0,0,0,0,0,0
164664,4,bully,3454,1,24,1989780,213,1707,1278,10242,1,1,161210,3454,0,25,0,0,0,NORMAL,0,3,1,7,49,213,0,1707,0,0,0,0,0,0,0
164410,9,bully,3202,1,24,1983707,213,1704,1278,10224,1,1,161208,3202,0,25,0,0,0,NORMAL,0,3,1,6,71,213,0,1704,0,0,0,0,0,0,0
164683,3,bully,3475,1,24,1990268,213,1712,1278,10272,1,1,161208,3475,0,25,0,0,0,NORMAL,0,3,1,6,72,213,0,1712,0,0,0,0,0,0,0
164855,10,bully,3645,1,24,1994364,213,1705,1278,10230,1,1,161210,3645,0,25,0,0,0,NORMAL,0,3,1,6,96,213,0,1705,0,0,0,0,0,0,0
166272,8,bully,2760,1,24,1973106,216,1716,1296,10296,1,1,163512,2760,0,25,0,0,0,NORMAL,0,3,1,10,51,216,0,1716,0,0,0,0,0,0,0
166409,5,bully,2896,1,24,1976388,216,1719,1296,10314,1,1,163513,2896,0,25,0,0,0,NORMAL,0,3,1,10,50,216,0,1719,0,0,0,0,0,0,0
166827,7,bully,3317,1,24,1986470,216,1722,1296,10332,1,1,163510,3317,0,25,0,0,0,NORMAL,0,3,1,10,51,216,0,1722,0,0,0,0,0,0,0
166546,2,bully,3033,1,24,1979676,216,1725,1296,10350,1,1,163513,3033,0,25,0,0,0,NORMAL,0,3,1,10,49,216,0,1725,0,0,0,0,0,0,0
166851,6,bully,3339,1,24,1987012,216,1725,1296,10350,1,1,163512,3339,0,25,0,0,0,NORMAL,0,3,1,10,51,216,0,1725,0,0,0,0,0,0,0
167102,1,bully,3590,1,24,1993028,216,1730,1296,10380,1,1,163512,3590,0,25,0,0,0,LEADER,1,4,1,10,24,216,0,1730,0,0,0,0,0,0,0
166967,4,bully,3454,1,24,1989780,216,1731,1296,10386,1,1,163513,3454,0,25,0,0,0,NORMAL,0,3,1,10,49,216,0,1731,0,0,0,0,0,0,0
166713,9,bully,3202,1,24,1983707,216,1728,1296,10368,1,1,163511,3202,0,25,0,0,0,NORMAL,0,3,1,9,71,216,0,1728,0,0,0,0,0,0,0
166986,3,bully,3475,1,24,1990268,216,1736,1296,10416,1,1,163511,3475,0,25,0,0,0,NORMAL,0,3,1,9,72,216,0,1736,0,0,0,0,0,0,0
167158,10,bully,3645,1,24,1994364,216,1729,1296,10374,1,1,163513,3645,0,25,0,0,0,NORMAL,0,3,1,9,96,216,0,1729,0,0,0,0,0,0,0
168575,8,bully,2760,1,25,2141681,219,1740,1314,10440,1,1,165815,2760,0,26,0,0,0,NORMAL,0,3,2,4,53,219,0,1740,0,0,0,0,0,0,0
168712,5,bully,2896,1,25,2145100,219,1742,1314,10452,1,1,165816,2896,0,26,0,0,0,NORMAL,0,3,2,4,52,219,0,1742,0,0,0,0,0,0,0
169130,7,bully,3317,1,25,2155600,219,1746,1314,10476,1,1,165813,3317,0,26,0,0,0,NORMAL,0,3,2,4,53,219,0,1746,0,0,0,0,0,0,0
168849,2,bully,3033,1,25,2148525,219,1749,1314,10494,1,1,165816,3033,0,26,0,0,0,NORMAL,0,3,2,4,51,219,0,1749,0,0,0,0,0,0,0
169154,6,bully,3339,1,25,2156166,219,1748,1314,10488,1,1,165815,3339,0,26,0,0,0,NORMAL,0,3,2,4,53,219,0,1748,0,0,0,0,0,0,0
169405,1,bully,3590,1,25,2162433,219,1754,1314,10524,1,1,165815,3590,0,26,0,0,0,LEADER,1,4,1,4,25,219,0,1754,0,0,0,0,0,0,0
169270,4,bully,3454,1,25,2159050,219,1755,1314,10530,1,1,165816,3454,0,26,0,0,0,NORMAL,0,3,2,4,51,219,0,1755,0,0,0,0,0,0,0
169016,9,bully,3202,1,25,2152723,219,1752,1314,10512,1,1,165814,3202,0,26,0,0,0,NORMAL,0,3,2,3,74,219,0,1752,0,0,0,0,0,0,0
169289,3,bully,3475,1,25,2159557,219,1760,1314,10560,1,1,165814,3475,0,26,0,0,0,NORMAL,0,3,2,3,75,219,0,1760,0,0,0,0,0,0,0
169461,10,bully,3645,1,25,2163825,219,1753,1314,10518,1,1,165816,3645,0,26,0,0,0,NORMAL,0,3,2,3,100,219,0,1753,0,0,0,0,0,0,0
170878,8,bully,2760,1,25,2141681,222,1764,1332,10584,1,1,168118,2760,0,26,0,0,0,NORMAL,0,3,1,7,53,222,0,1764,0,0,0,0,0,0,0
171015,5,bully,2896,1,25,2145100,222,1767,1332,10602,1,1,168119,2896,0,26,0,0,0,NORMAL,0,3,1,7,52,222,0,1767,0,0,0,0,0,0,0
171433,7,bully,3317,1,25,2155600,222,1770,1332,10620,1,1,168116,3317,0,26,0,0,0,NORMAL,0,3,1,7,53,222,0,1770,0,0,0,0,0,0,0
171152,2,bully,3033,1,25,2148525,222,1773,1332,10638,1,1,168119,3033,0,26,0,0,0,NORMAL,0,3,1,7,51,222,0,1773,0,0,0,0,0,0,0
171457,6,bully,3339,1,25,2156166,222,1773,1332,10638,1,1,168118,3339,0,26,0,0,0,NORMAL,0,3,1,7,53,222,0,1773,0,0,0,0,0,0,0
171708,1,bully,3590,1,25,2162433,222,1778,1332,10668,1,1,168118,3590,0,26,0,0,0,LEADER,1,4,1,7,25,222,0,1778,0,0,0,0,0,0,0
171573,4,bully,3454,1,25,2159050,222,1779,1332,10674,1,1,168119,3454,0,26,0,0,0,NORMAL,0,3,1,7,51,222,0,1779,0,0,0,0,0,0,0
171319,9,bully,3202,1,25,2152723,222,1776,1332,10656,1,1,168117,3202,0,26,0,0,0,NORMAL,0,3,1,6,74,222,0,1776,0,0,0,0,0,0,0
171592,3,bully,3475,1,25,2159557,222,1784,1332,10704,1,1,168117,3475,0,26,0,0,0,NORMAL,0,3,1,6,75,222,0,1784,0,0,0,0,0,0,0
171764,10,bully,3645,1,25,2163825,222,1777,1332,10662,1,1,168119,3645,0,26,0,0,0,NORMAL,0,3,1,6,100,222,0,1777,0,0,0,0,0,0,0
173181,8,bully,2760,1,25,2141681,225,1788,1350,10728,1,1,170421,2760,0,26,0,0,0,NORMAL,0,3,1,10,53,225,0,1788,0,0,0,0,0,0,0
173318,5,bully,2896,1,25,2145100,225,1791,1350,10746,1,1,170422,2896,0,26,0,0,0,NORMAL,0,3,1,10,52,225,0,1791,0,0,0,0,0,0,0
173736,7,bully,3317,1,25,2155600,225,1794,1350,10764,1,1,170419,3317,0,26,0,0,0,NORMAL,0,3,1,10,53,225,0,1794,0,0,0,0,0,0,0
173455,2,bully,3033,1,25,2148525,225,1797,1350,10782,1,1,170422,3033,0,26,0,0,0,NORMAL,0,3,1,10,51,225,0,1797,0,0,0,0,0,0,0
173760,6,bully,3339,1,25,2156166,225,1797,1350,10782,1,1,170421,3339,0,26,0,0,0,NORMAL,0,3,1,10,53,225,0,1797,0,0,0,0,0,0,0
174011,1,bully,3590,1,25,2162433,225,1802,1350,10812,1,1,170421,3590,0,26,0,0,0,LEADER,1,4,1,10,25,225,0,1802,0,0,0,0,0,0,0
173876,4,bully,3454,1,25,2159050,225,1803,1350,10818,1,1,170422,3454,0,26,0,0,0,NORMAL,0,3,1,10,51,225,0,1803,0,0,0,0,0,0,0
173622,9,bully,3202,1,25,2152723,225,1800,1350,10800,1,1,170420,3202,0,26,0,0,0,NORMAL,0,3,1,9,74,225,0,1800,0,0,0,0,0,0,0
173895,3,bully,3475,1,25,2159557,225,1808,1350,10848,1,1,170420,3475,0,26,0,0,0,NORMAL,0,3,1,9,75,225,0,1808,0,0,0,0,0,0,0
174067,10,bully,3645,1,25,2163825,225,1801,1350,10806,1,1,170422,3645,0,26,0,0,0,NORMAL,0,3,1,9,100,225,0,1801,0,0,0,0,0,0,0
175484,8,bully,2760,1,26,2317165,228,1812,1368,10872,1,1,172724,2760,0,27,0,0,0,NORMAL,0,3,2,4,55,228,0,1812,0,0,0,0,0,0,0
175621,5,bully,2896,1,26,2320721,228,1815,1368,10890,1,1,172725,2896,0,27,0,0,0,NORMAL,0,3,2,4,54,228,0,1815,0,0,0,0,0,0,0
176039,7,bully,3317,1,26,2331639,228,1818,1368,10908,1,1,172722,3317,0,27,0,0,0,NORMAL,0,3,2,4,55,228,0,1818,0,0,0,0,0,0,0
175758,2,bully,3033,1,26,2324283,228,1821,1368,10926,1,1,172725,3033,0,27,0,0,0,NORMAL,0,3,2,4,53,228,0,1821,0,0,0,0,0,0,0
176063,6,bully,3339,1,26,2332229,228,1820,1368,10920,1,1,172724,3339,0,27,0,0,0,NORMAL,0,3,2,4,55,228,0,1820,0,0,0,0,0,0,0
176314,1,bully,3590,1,26,2338747,228,1826,1368,10956,1,1,172724,3590,0,27,0,0,0,LEADER,1,4,1,4,26,228,0,1826,0,0,0,0,0,0,0
176179,4,bully,3454,1,26,2335229,228,1827,1368,10962,1,1,172725,3454,0,27,0,0,0,NORMAL,0,3,2,4,53,228,0,1827,0,0,0,0,0,0,0
175925,9,bully,3202,1,26,2328648,228,1824,1368,10944,1,1,172723,3202,0,27,0,0,0,NORMAL,0,3,2,3,77,228,0,1824,0,0,0,0,0,0,0
176198,3,bully,3475,1,26,2335755,228,1832,1368,10992,1,1,172723,3475,0,27,0,0,0,NORMAL,0,3,2,3,78,228,0,1832,0,0,0,0,0,0,0
176370,10,bully,3645,1,26,2340195,228,1825,1368,10950,1,1,172725,3645,0,27,0,0,0,NORMAL,0,3,2,3,104,228,0,1825,0,0,0,0,0,0,0
177787,8,bully,2760,1,26,2317165,231,1836,1386,11016,1,1,175027,2760,0,27,0,0,0,NORMAL,0,3,1,7,55,231,0,1836,0,0,0,0,0,0,0
177924,5,bully,2896,1,26,2320721,231,1839,1386,11034,1,1,175028,2896,0,27,0,0,0,NORMAL,0,3,1,7,54,231,0,1839,0,0,0,0,0,0,0
178342,7,bully,3317,1,26,2331639,231,1842,1386,11052,1,1,175025,3317,0,27,0,0,0,NORMAL,0,3,1,7,55,231,0,1842,0,0,0,0,0,0,0
178061,2,bully,3033,1,26,2324283,231,1845,1386,11070,1,1,175028,3033,0,27,0,0,0,NORMAL,0,3,1,7,53,231,0,1845,0,0,0,0,0,0,0
178366,6,bully,3339,1,26,2332229,231,1844,1386,11064,1,1,175027,3339,0,27,0,0,0,NORMAL,0,3,1,7,55,231,0,1844,0,0,0,0,0,0,0
178617,1,bully,3590,1,26,2338747,231,1850,1386,11100,1,1,175027,3590,0,27,0,0,0,LEADER,1,4,1,7,26,231,0,1850,0,0,0,0,0,0,0
178482,4,bully,3454,1,26,2335229,231,1851,1386,11106,1,1,175028,3454,0,27,0,0,0,NORMAL,0,3,1,7,53,231,0,1851,0,0,0,0,0,0,0
178228,9,bully,3202,1,26,2328648,231,1848,1386,11088,1,1,175026,3202,0,27,0,0,0,NORMAL,0,3,1,6,77,231,0,1848,0,0,0,0,0,0,0
178501,3,bully,3475,1,26,2335755,231,1856,1386,11136,1,1,175026,3475,0,27,0,0,0,NORMAL,0,3,1,6,78,231,0,1856,0,0,0,0,0,0,0
178673,10,bully,3645,1,26,2340195,231,1849,1386,11094,1,1,175028,3645,0,27,0,0,0,NORMAL,0,3,1,6,104,231,0,1849,0,0,0,0,0,0,0
180090,8,bully,2760,1,26,2317165,234,1860,1404,11160,1,1,177330,2760,0,27,0,0,0,NORMAL,0,3,1,10,55,234,0,1860,0,0,0,0,0,0,0
180227,5,bully,2896,1,26,2320721,234,1863,1404,11178,1,1,177331,2896,0,27,0,0,0,NORMAL,0,3,1,10,54,234,0,1863,0,0,0,0,0,0,0
180645,7,bully,3317,1,26,2331639,234,1866,1404,11196,1,1,177328,3317,0,27,0,0,0,NORMAL,0,3,1,10,55,234,0,1866,0,0,0,0,0,0,0
180364,2,bully,3033,1,26,2324283,234,1869,1404,11214,1,1,177331,3033,0,27,0,0,0,NORMAL,0,3,1,10,53,234,0,1869,0,0,0,0,0,0,0
180669,6,bully,3339,1,26,2332229,234,1868,1404,11208,1,1,177330,3339,0,27,0,0,0,NORMAL,0,3,1,10,55,234,0,1868,0,0,0,0,0,0,0
180920,1,bully,3590,1,26,2338747,234,1874,1404,11244,1,1,177330,3590,0,27,0,0,0,LEADER,1,4,1,10,26,234,0,1874,0,0,0,0,0,0,0
180785,4,bully,3454,1,26,2335229,234,1875,1404,11250,1,1,177331,3454,0,27,0,0,0,NORMAL,0,3,1,10,53,234,0,1875,0,0,0,0,0,0,0
180531,9,bully,3202,1,26,2328648,234,1872,1404,11232,1,1,177329,3202,0,27,0,0,0,NORMAL,0,3,1,9,77,234,0,1872,0,0,0,0,0,0,0
180804,3,bully,3475,1,26,2335755,234,1880,1404,11280,1,1,177329,3475,0,27,0,0,0,NORMAL,0,3,1,9,78,234,0,1880,0,0,0,0,0,0,0
180976,10,bully,3645,1,26,2340195,234,1873,1404,11238,1,1,177331,3645,0,27,0,0,0,NORMAL,0,3,1,9,104,234,0,1873,0,0,0,0,0,0,0
182393,8,bully,2760,1,27,2499558,237,1884,1422,11304,1,1,179633,2760,0,28,0,0,0,NORMAL,0,3,2,4,57,237,0,1884,0,0,0,0,0,0,0
182530,5,bully,2896,1,27,2503251,237,1887,1422,11322,1,1,179634,2896,0,28,0,0,0,NORMAL,0,3,2,4,56,237,0,1887,0,0,0,0,0,0,0
182948,7,bully,3317,1,27,2514587,237,1890,1422,11340,1,1,179631,3317,0,28,0,0,0,NORMAL,0,3,2,4,57,237,0,1890,0,0,0,0,0,0,0
182667,2,bully,3033,1,27,2506950,237,1893,1422,11358,1,1,179634,3033,0,28,0,0,0,NORMAL,0,3,2,4,55,237,0,1893,0,0,0,0,0,0,0
182972,6,bully,3339,1,27,2515201,237,1892,1422,11352,1,1,179633,3339,0,28,0,0,0,NORMAL,0,3,2,4,57,237,0,1892,0,0,0,0,0,0,0
183223,1,bully,3590,1,27,2521970,237,1898,1422,11388,1,1,179633,3590,0,28,0,0,0,LEADER,1,4,1,4,27,237,0,1898,0,0,0,0,0,0,0
183088,4,bully,3454,1,27,2518317,237,1899,1422,11394,1,1,179634,3454,0,28,0,0,0,NORMAL,0,3,2,4,55,237,0,1899,0,0,0,0,0,0,0
182834,9,bully,3202,1,27,2511482,237,1896,1422,11376,1,1,179632,3202,0,28,0,0,0,NORMAL,0,3,2,4,79,237,0,1896,0,0,0,0,0,0,0
183107,3,bully,3475,1,27,2518862,237,1904,1422,11424,1,1,179632,3475,0,28,0,0,0,NORMAL,0,3,2,3,81,237,0,1904,0,0,0,0,0,0,0
183279,10,bully,3645,1,27,2523474,237,1897,1422,11382,1,1,179634,3645,0,28,0,0,0,NORMAL,0,3,2,3,108,237,0,1897,0,0,0,0,0,0,0
184696,8,bully,2760,1,27,2499558,240,1908,1440,11448,1,1,181936,2760,0,28,0,0,0,NORMAL,0,3,1,7,57,240,0,1908,0,0,0,0,0,0,0
184833,5,bully,2896,1,27,2503251,240,1911,1440,11466,1,1,181937,2896,0,28,0,0,0,NORMAL,0,3,1,7,56,240,0,1911,0,0,0,0,0,0,0
185251,7,bully,3317,1,27,2514587,240,1914,1440,11484,1,1,181934,3317,0,28,0,0,0,NORMAL,0,3,1,7,57,240,0,1914,0,0,0,0,0,0,0
184970,2,bully,3033,1,27,2506950,240,1917,1440,11502,1,1,181937,3033,0,28,0,0,0,NORMAL,0,3,1,7,55,240,0,1917,0,0,0,0,0,0,0
185275,6,bully,3339,1,27,2515201,240,1917,1440,11502,1,1,181936,3339,0,28,0,0,0,NORMAL,0,3,1,7,57,240,0,1917,0,0,0,0,0,0,0
185526,1,bully,3590,1,27,2521970,240,1922,1440,11532,1,1,181936,3590,0,28,0,0,0,LEADER,1,4,1,7,27,240,0,1922,0,0,0,0,0,0,0
185391,4,bully,3454,1,27,2518317,240,1923,1440,11538,1,1,181937,3454,0,28,0,0,0,NORMAL,0,3,1,7,55,240,0,1923,0,0,0,0,0,0,0
185137,9,bully,3202,1,27,2511482,240,1920,1440,11520,1,1,181935,3202,0,28,0,0,0,NORMAL,0,3,1,7,79,240,0,1920,0,0,0,0,0,0,0
185410,3,bully,3475,1,27,2518862,240,1928,1440,11568,1,1,181935,3475,0,28,0,0,0,NORMAL,0,3,1,6,81,240,0,1928,0,0,0,0,0,0,0
185582,10,bully,3645,1,27,2523474,240,1921,1440,11526,1,1,181937,3645,0,28,0,0,0,NORMAL,0,3,1,6,108,240,0,1921,0,0,0,0,0,0,0
186999,8,bully,2760,1,27,2499558,243,1932,1458,11592,1,1,184239,2760,0,28,0,0,0,NORMAL,0,3,1,10,57,243,0,1932,0,0,0,0,0,0,0
187136,5,bully,2896,1,27,2503251,243,1935,1458,11610,1,1,184240,2896,0,28,0,0,0,NORMAL,0,3,1,10,56,243,0,1935,0,0,0,0,0,0,0
187554,7,bully,3317,1,27,2514587,243,1938,1458,11628,1,1,184237,3317,0,28,0,0,0,NORMAL,0,3,1,10,57,243,0,1938,0,0,0,0,0,0,0
187273,2,bully,3033,1,27,2506950,243,1941,1458,11646,1,1,184240,3033,0,28,0,0,0,NORMAL,0,3,1,10,55,243,0,1941,0,0,0,0,0,0,0
187578,6,bully,3339,1,27,2515201,243,1940,1458,11640,1,1,184239,3339,0,28,0,0,0,NORMAL,0,3,1,10,57,243,0,1940,0,0,0,0,0,0,0
187829,1,bully,3590,1,27,2521970,243,1946,1458,11676,1,1,184239,3590,0,28,0,0,0,LEADER,1,4,1,10,27,243,0,1946,0,0,0,0,0,0,0
187694,4,bully,3454,1,27,2518317,243,1947,1458,11682,1,1,184240,3454,0,28,0,0,0,NORMAL,0,3,1,10,55,243,0,1947,0,0,0,0,0,0,0
187440,9,bully,3202,1,27,2511482,243,1944,1458,11664,1,1,184238,3202,0,28,0,0,0,NORMAL,0,3,1,10,79,243,0,1944,0,0,0,0,0,0,0
187713,3,bully,3475,1,27,2518862,243,1952,1458,11712,1,1,184238,3475,0,28,0,0,0,NORMAL,0,3,1,9,81,243,0,1952,0,0,0,0,0,0,0
187885,10,bully,3645,1,27,2523474,243,1945,1458,11670,1,1,184240,3645,0,28,0,0,0,NORMAL,0,3,1,9,108,243,0,1945,0,0,0,0,0,0,0
189301,8,bully,2760,1,28,2688859,246,1956,1476,11736,1,1,186541,2760,0,29,0,0,0,NORMAL,0,3,2,4,59,246,0,1956,0,0,0,0,0,0,0
189439,5,bully,2896,1,28,2692690,246,1959,1476,11754,1,1,186543,2896,0,29,0,0,0,NORMAL,0,3,2,4,58,246,0,1959,0,0,0,0,0,0,0
189857,7,bully,3317,1,28,2704444,246,1962,1476,11772,1,1,186540,3317,0,29,0,0,0,NORMAL,0,3,2,4,59,246,0,1962,0,0,0,0,0,0,0
189576,2,bully,3033,1,28,2696526,246,1965,1476,11790,1,1,186543,3033,0,29,0,0,0,NORMAL,0,3,2,4,57,246,0,1965,0,0,0,0,0,0,0
189881,6,bully,3339,1,28,2705082,246,1965,1476,11790,1,1,186542,3339,0,29,0,0,0,NORMAL,0,3,2,4,59,246,0,1965,0,0,0,0,0,0,0
190132,1,bully,3590,1,28,2712102,246,1970,1476,11820,1,1,186542,3590,0,29,0,0,0,LEADER,1,4,1,4,28,246,0,1970,0,0,0,0,0,0,0
189997,4,bully,3454,1,28,2708314,246,1971,1476,11826,1,1,186543,3454,0,29,0,0,0,NORMAL,0,3,2,4,57,246,0,1971,0,0,0,0,0,0,0
189743,9,bully,3202,1,28,2701225,246,1968,1476,11808,1,1,186541,3202,0,29,0,0,0,NORMAL,0,3,2,3,82,246,0,1968,0,0,0,0,0,0,0
190016,3,bully,3475,1,28,2708878,246,1976,1476,11856,1,1,186541,3475,0,29,0,0,0,NORMAL,0,3,2,3,84,246,0,1976,0,0,0,0,0,0,0
190188,10,bully,3645,1,28,2713662,246,1969,1476,11814,1,1,186543,3645,0,29,0,0,0,NORMAL,0,3,2,3,112,246,0,1969,0,0,0,0,0,0,0
191604,8,bully,2760,1,28,2688859,249,1980,1494,11880,1,1,188844,2760,0,29,0,0,0,NORMAL,0,3,1,7,59,249,0,1980,0,0,0,0,0,0,0
191742,5,bully,2896,1,28,2692690,249,1983,1494,11898,1,1,188846,2896,0,29,0,0,0,NORMAL,0,3,1,7,58,249,0,1983,0,0,0,0,0,0,0
192160,7,bully,3317,1,28,2704444,249,1986,1494,11916,1,1,188843,3317,0,29,0,0,0,NORMAL,0,3,1,7,59,249,0,1986,0,0,0,0,0,0,0
191879,2,bully,3033,1,28,2696526,249,1989,1494,11934,1,1,188846,3033,0,29,0,0,0,NORMAL,0,3,1,7,57,249,0,1989,0,0,0,0,0,0,0
192184,6,bully,3339,1,28,2705082,249,1988,1494,11928,1,1,188845,3339,0,29,0,0,0,NORMAL,0,3,1,7,59,249,0,1988,0,0,0,0,0,0,0
192434,1,bully,3590,1,28,2712102,249,1994,1494,11964,1,1,188844,3590,0,29,0,0,0,LEADER,1,4,1,7,28,249,0,1994,0,0,0,0,0,0,0
192300,4,bully,3454,1,28,2708314,249,1995,1494,11970,1,1,188846,3454,0,29,0,0,0,NORMAL,0,3,1,7,57,249,0,1995,0,0,0,0,0,0,0
192046,9,bully,3202,1,28,2701225,249,1992,1494,11952,1,1,188844,3202,0,29,0,0,0,NORMAL,0,3,1,6,82,249,0,1992,0,0,0,0,0,0,0
192319,3,bully,3475,1,28,2708878,249,2000,1494,12000,1,1,188844,3475,0,29,0,0,0,NORMAL,0,3,1,6,84,249,0,2000,0,0,0,0,0,0,0
192491,10,bully,3645,1,28,2713662,249,1993,1494,11958,1,1,188846,3645,0,29,0,0,0,NORMAL,0,3,1,6,112,249,0,1993,0,0,0,0,0,0,0
193907,8,bully,2760,1,28,2688859,252,2004,1512,12024,1,1,191147,2760,0,29,0,0,0,NORMAL,0,3,1,10,59,252,0,2004,0,0,0,0,0,0,0
194045,5,bully,2896,1,28,2692690,252,2007,1512,12042,1,1,191149,2896,0,29,0,0,0,NORMAL,0,3,1,10,58,252,0,2007,0,0,0,0,0,0,0
194463,7,bully,3317,1,28,2704444,252,2010,1512,12060,1,1,191146,3317,0,29,0,0,0,NORMAL,0,3,1,10,59,252,0,2010,0,0,0,0,0,0,0
194182,2,bully,3033,1,28,2696526,252,2013,1512,12078,1,1,191149,3033,0,29,0,0,0,NORMAL,0,3,1,10,57,252,0,2013,0,0,0,0,0,0,0
194487,6,bully,3339,1,28,2705082,252,2012,1512,12072,1,1,191148,3339,0,29,0,0,0,NORMAL,0,3,1,10,59,252,0,2012,0,0,0,0,0,0,0
194737,1,bully,3590,1,28,2712102,252,2018,1512,12108,1,1,191147,3590,0,29,0,0,0,LEADER,1,4,1,10,28,252,0,2018,0,0,0,0,0,0,0
194603,4,bully,3454,1,28,2708314,252,2019,1512,12114,1,1,191149,3454,0,29,0,0,0,NORMAL,0,3,1,10,57,252,0,2019,0,0,0,0,0,0,0
194349,9,bully,3202,1,28,2701225,252,2016,1512,12096,1,1,191147,3202,0,29,0,0,0,NORMAL,0,3,1,9,82,252,0,2016,0,0,0,0,0,0,0
194622,3,bully,3475,1,28,2708878,252,2024,1512,12144,1,1,191147,3475,0,29,0,0,0,NORMAL,0,3,1,9,84,252,0,2024,0,0,0,0,0,0,0
194794,10,bully,3645,1,28,2713662,252,2017,1512,12102,1,1,191149,3645,0,29,0,0,0,NORMAL,0,3,1,9,112,252,0,2017,0,0,0,0,0,0,0
196210,8,bully,2760,1,29,2885069,255,2028,1530,12168,1,1,193450,2760,0,30,0,0,0,NORMAL,0,3,2,4,61,255,0,2028,0,0,0,0,0,0,0
196348,5,bully,2896,1,29,2889038,255,2031,1530,12186,1,1,193452,2896,0,30,0,0,0,NORMAL,0,3,2,4,60,255,0,2031,0,0,0,0,0,0,0
196766,7,bully,3317,1,29,2901210,255,2034,1530,12204,1,1,193449,3317,0,30,0,0,0,NORMAL,0,3,2,4,61,255,0,2034,0,0,0,0,0,0,0
196485,2,bully,3033,1,29,2893011,255,2037,1530,12222,1,1,193452,3033,0,30,0,0,0,NORMAL,0,3,2,4,59,255,0,2037,0,0,0,0,0,0,0
196790,6,bully,3339,1,29,2901872,255,2036,1530,12216,1,1,193451,3339,0,30,0,0,0,NORMAL,0,3,2,4,61,255,0,2036,0,0,0,0,0,0,0
197040,1,bully,3590,1,29,2909142,255,2042,1530,12252,1,1,193450,3590,0,30,0,0,0,LEADER,1,4,1,4,29,255,0,2042,0,0,0,0,0,0,0
196906,4,bully,3454,1,29,2905220,255,2043,1530,12258,1,1,193452,3454,0,30,0,0,0,NORMAL,0,3,2,4,59,255,0,2043,0,0,0,0,0,0,0
196652,9,bully,3202,1,29,2897877,255,2040,1530,12240,1,1,193450,3202,0,30,0,0,0,NORMAL,0,3,2,3,85,255,0,2040,0,0,0,0,0,0,0
196925,3,bully,3475,1,29,2905803,255,2048,1530,12288,1,1,193450,3475,0,30,0,0,0,NORMAL,0,3,2,3,87,255,0,2048,0,0,0,0,0,0,0
197097,10,bully,3645,1,29,2910759,255,2041,1530,12246,1,1,193452,3645,0,30,0,0,0,NORMAL,0,3,2,3,116,255,0,2041,0,0,0,0,0,0,0
198513,8,bully,2760,1,29,2885069,258,2052,1548,12312,1,1,195753,2760,0,30,0,0,0,NORMAL,0,3,1,7,61,258,0,2052,0,0,0,0,0,0,0
198651,5,bully,2896,1,29,2889038,258,2055,1548,12330,1,1,195755,2896,0,30,0,0,0,NORMAL,0,3,1,7,60,258,0,2055,0,0,0,0,0,0,0
199069,7,bully,3317,1,29,2901210,258,2058,1548,12348,1,1,195752,3317,0,30,0,0,0,NORMAL,0,3,1,7,61,258,0,2058,0,0,0,0,0,0,0
198788,2,bully,3033,1,29,2893011,258,2061,1548,12366,1,1,195755,3033,0,30,0,0,0,NORMAL,0,3,1,7,59,258,0,2061,0,0,0,0,0,0,0
199093,6,bully,3339,1,29,2901872,258,2061,1548,12366,1,1,195754,3339,0,30,0,0,0,NORMAL,0,3,1,7,61,258,0,2061,0,0,0,0,0,0,0
199343,1,bully,3590,1,29,2909142,258,2066,1548,12396,1,1,195753,3590,0,30,0,0,0,LEADER,1,4,1,7,29,258,0,2066,0,0,0,0,0,0,0
199209,4,bully,3454,1,29,2905220,258,2067,1548,12402,1,1,195755,3454,0,30,0,0,0,NORMAL,0,3,1,7,59,258,0,2067,0,0,0,0,0,0,0
198955,9,bully,3202,1,29,2897877,258,2064,1548,12384,1,1,195753,3202,0,30,0,0,0,NORMAL,0,3,1,6,85,258,0,2064,0,0,0,0,0,0,0
199228,3,bully,3475,1,29,2905803,258,2072,1548,12432,1,1,195753,3475,0,30,0,0,0,NORMAL,0,3,1,6,87,258,0,2072,0,0,0,0,0,0,0
199400,10,bully,3645,1,29,2910759,258,2065,1548,12390,1,1,195755,3645,0,30,0,0,0,NORMAL,0,3,1,6,116,258,0,2065,0,0,0,0,0,0,0
200816,8,bully,2760,1,29,2885069,261,2076,1566,12456,1,1,198056,2760,0,30,0,0,0,NORMAL,0,3,1,10,61,261,0,2076,0,0,0,0,0,0,0
200954,5,bully,2896,1,29,2889038,261,2079,1566,12474,1,1,198058,2896,0,30,0,0,0,NORMAL,0,3,1,10,60,261,0,2079,0,0,0,0,0,0,0
201372,7,bully,3317,1,29,2901210,261,2082,1566,12492,1,1,198055,3317,0,30,0,0,0,NORMAL,0,3,1,10,61,261,0,2082,0,0,0,0,0,0,0
201091,2,bully,3033,1,29,2893011,261,2085,1566,12510,1,1,198058,3033,0,30,0,0,0,NORMAL,0,3,1,10,59,261,0,2085,0,0,0,0,0,0,0
201396,6,bully,3339,1,29,2901872,261,2084,1566,12504,1,1,198057,3339,0,30,0,0,0,NORMAL,0,3,1,10,61,261,0,2084,0,0,0,0,0,0,0
201645,1,bully,3590,1,29,2909142,261,2090,1566,12540,1,1,198055,3590,0,30,0,0,0,LEADER,1,4,1,10,29,261,0,2090,0,0,0,0,0,0,0
201512,4,bully,3454,1,29,2905220,261,2091,1566,12546,1,1,198058,3454,0,30,0,0,0,NORMAL,0,3,1,10,59,261,0,2091,0,0,0,0,0,0,0
201257,9,bully,3202,1,29,2897877,261,2088,1566,12528,1,1,198055,3202,0,30,0,0,0,NORMAL,0,3,1,9,85,261,0,2088,0,0,0,0,0,0,0
201530,3,bully,3475,1,29,2905803,261,2096,1566,12576,1,1,198055,3475,0,30,0,0,0,NORMAL,0,3,1,9,87,261,0,2096,0,0,0,0,0,0,0
201703,10,bully,3645,1,29,2910759,261,2089,1566,12534,1,1,198058,3645,0,30,0,0,0,NORMAL,0,3,1,9,116,261,0,2089,0,0,0,0,0,0,0
203119,8,bully,2760,1,30,3088188,264,2100,1584,12600,1,1,200359,2760,0,31,0,0,0,NORMAL,0,3,2,4,63,264,0,2100,0,0,0,0,0,0,0
203257,5,bully,2896,1,30,3092295,264,2103,1584,12618,1,1,200361,2896,0,31,0,0,0,NORMAL,0,3,2,4,62,264,0,2103,0,0,0,0,0,0,0
203675,7,bully,3317,1,30,3104885,264,2106,1584,12636,1,1,200358,3317,0,31,0,0,0,NORMAL,0,3,2,4,63,264,0,2106,0,0,0,0,0,0,0
203394,2,bully,3033,1,30,3096405,264,2109,1584,12654,1,1,200361,3033,0,31,0,0,0,NORMAL,0,3,2,4,61,264,0,2109,0,0,0,0,0,0,0
203699,6,bully,3339,1,30,3105571,264,2108,1584,12648,1,1,200360,3339,0,31,0,0,0,NORMAL,0,3,2,4,63,264,0,2108,0,0,0,0,0,0,0
203947,1,bully,3590,1,30,3113089,264,2114,1584,12684,1,1,200357,3590,0,31,0,0,0,LEADER,1,4,1,4,30,264,0,2114,0,0,0,0,0,0,0
203815,4,bully,3454,1,30,3109035,264,2115,1584,12690,1,1,200361,3454,0,31,0,0,0,NORMAL,0,3,2,4,61,264,0,2115,0,0,0,0,0,0,0
203560,9,bully,3202,1,30,3101437,264,2112,1584,12672,1,1,200358,3202,0,31,0,0,0,NORMAL,0,3,2,3,88,264,0,2112,0,0,0,0,0,0,0
203833,3,bully,3475,1,30,3109636,264,2120,1584,12720,1,1,200358,3475,0,31,0,0,0,NORMAL,0,3,2,3,90,264,0,2120,0,0,0,0,0,0,0
204006,10,bully,3645,1,30,3114765,264,2113,1584,12678,1,1,200361,3645,0,31,0,0,0,NORMAL,0,3,2,3,120,264,0,2113,0,0,0,0,0,0,0
205422,8,bully,2760,1,30,3088188,267,2124,1602,12744,1,1,202662,2760,0,31,0,0,0,NORMAL,0,3,1,7,63,267,0,2124,0,0,0,0,0,0,0
205560,5,bully,2896,1,30,3092295,267,2127,1602,12762,1,1,202664,2896,0,31,0,0,0,NORMAL,0,3,1,7,62,267,0,2127,0,0,0,0,0,0,0
205978,7,bully,3317,1,30,3104885,267,2130,1602,12780,1,1,202661,3317,0,31,0,0,0,NORMAL,0,3,1,7,63,267,0,2130,0,0,0,0,0,0,0
205697,2,bully,3033,1,30,3096405,267,2133,1602,12798,1,1,202664,3033,0,31,0,0,0,NORMAL,0,3,1,7,61,267,0,2133,0,0,0,0,0,0,0
206002,6,bully,3339,1,30,3105571,267,2132,1602,12792,1,1,202663,3339,0,31,0,0,0,NORMAL,0,3,1,7,63,267,0,2132,0,0,0,0,0,0,0
206250,1,bully,3590,1,30,3113089,267,2138,1602,12828,1,1,202660,3590,0,31,0,0,0,LEADER,1,4,1,7,30,267,0,2138,0,0,0,0,0,0,0
206118,4,bully,3454,1,30,3109035,267,2139,1602,12834,1,1,202664,3454,0,31,0,0,0,NORMAL,0,3,1,7,61,267,0,2139,0,0,0,0,0,0,0
205863,9,bully,3202,1,30,3101437,267,2136,1602,12816,1,1,202661,3202,0,31,0,0,0,NORMAL,0,3,1,6,88,267,0,2136,0,0,0,0,0,0,0
206136,3,bully,3475,1,30,3109636,267,2144,1602,12864,1,1,202661,3475,0,31,0,0,0,NORMAL,0,3,1,6,90,267,0,2144,0,0,0,0,0,0,0
206309,10,bully,3645,1,30,3114765,267,2137,1602,12822,1,1,202664,3645,0,31,0,0,0,NORMAL,0,3,1,6,120,267,0,2137,0,0,0,0,0,0,0
207725,8,bully,2760,1,30,3088188,270,2148,1620,12888,1,1,204965,2760,0,31,0,0,0,NORMAL,0,3,1,10,63,270,0,2148,0,0,0,0,0,0,0
207863,5,bully,2896,1,30,3092295,270,2151,1620,12906,1,1,204967,2896,0,31,0,0,0,NORMAL,0,3,1,10,62,270,0,2151,0,0,0,0,0,0,0
208281,7,bully,3317,1,30,3104885,270,2154,1620,12924,1,1,204964,3317,0,31,0,0,0,NORMAL,0,3,1,10,63,270,0,2154,0,0,0,0,0,0,0
208000,2,bully,3033,1,30,3096405,270,2157,1620,12942,1,1,204967,3033,0,31,0,0,0,NORMAL,0,3,1,10,61,270,0,2157,0,0,0,0,0,0,0
208305,6,bully,3339,1,30,3105571,270,2157,1620,12942,1,1,204966,3339,0,31,0,0,0,NORMAL,0,3,1,10,63,270,0,2157,0,0,0,0,0,0,0
208553,1,bully,3590,1,30,3113089,270,2162,1620,12972,1,1,204963,3590,0,31,0,0,0,LEADER,1,4,1,10,30,270,0,2162,0,0,0,0,0,0,0
208421,4,bully,3454,1,30,3109035,270,2163,1620,12978,1,1,204967,3454,0,31,0,0,0,NORMAL,0,3,1,10,61,270,0,2163,0,0,0,0,0,0,0
208166,9,bully,3202,1,30,3101437,270,2160,1620,12960,1,1,204964,3202,0,31,0,0,0,NORMAL,0,3,1,9,88,270,0,2160,0,0,0,0,0,0,0
208439,3,bully,3475,1,30,3109636,270,2168,1620,13008,1,1,204964,3475,0,31,0,0,0,NORMAL,0,3,1,9,90,270,0,2168,0,0,0,0,0,0,0
208612,10,bully,3645,1,30,3114765,270,2161,1620,12966,1,1,204967,3645,0,31,0,0,0,NORMAL,0,3,1,9,120,270,0,2161,0,0,0,0,0,0,0
210028,8,bully,2760,1,31,3298216,273,2172,1638,13032,1,1,207268,2760,0,32,0,0,0,NORMAL,0,3,2,4,65,273,0,2172,0,0,0,0,0,0,0
210166,5,bully,2896,1,31,3302461,273,2175,1638,13050,1,1,207270,2896,0,32,0,0,0,NORMAL,0,3,2,4,64,273,0,2175,0,0,0,0,0,0,0
210584,7,bully,3317,1,31,3315469,273,2178,1638,13068,1,1,207267,3317,0,32,0,0,0,NORMAL,0,3,2,4,65,273,0,2178,0,0,0,0,0,0,0
210303,2,bully,3033,1,31,3306708,273,2181,1638,13086,1,1,207270,3033,0,32,0,0,0,NORMAL,0,3,2,4,63,273,0,2181,0,0,0,0,0,0,0
210608,6,bully,3339,1,31,3316179,273,2180,1638,13080,1,1,207269,3339,0,32,0,0,0,NORMAL,0,3,2,4,65,273,0,2180,0,0,0,0,0,0,0
210856,1,bully,3590,1,31,3323945,273,2186,1638,13116,1,1,207266,3590,0,32,0,0,0,LEADER,1,4,1,4,31,273,0,2186,0,0,0,0,0,0,0
210724,4,bully,3454,1,31,3319759,273,2187,1638,13122,1,1,207270,3454,0,32,0,0,0,NORMAL,0,3,2,4,63,273,0,2187,0,0,0,0,0,0,0
210469,9,bully,3202,1,31,3311906,273,2184,1638,13104,1,1,207267,3202,0,32,0,0,0,NORMAL,0,3,2,3,91,273,0,2184,0,0,0,0,0,0,0
210742,3,bully,3475,1,31,3320378,273,2192,1638,13152,1,1,207267,3475,0,32,0,0,0,NORMAL,0,3,2,3,93,273,0,2192,0,0,0,0,0,0,0
210915,10,bully,3645,1,31,3325680,273,2185,1638,13110,1,1,207270,3645,0,32,0,0,0,NORMAL,0,3,2,3,124,273,0,2185,0,0,0,0,0,0,0
212331,8,bully,2760,1,31,3298216,276,2196,1656,13176,1,1,209571,2760,0,32,0,0,0,NORMAL,0,3,1,7,65,276,0,2196,0,0,0,0,0,0,0
212469,5,bully,2896,1,31,3302461,276,2199,1656,13194,1,1,209573,2896,0,32,0,0,0,NORMAL,0,3,1,7,64,276,0,2199,0,0,0,0,0,0,0
212887,7,bully,3317,1,31,3315469,276,2202,1656,13212,1,1,209570,3317,0,32,0,0,0,NORMAL,0,3,1,7,65,276,0,2202,0,0,0,0,0,0,0
212606,2,bully,3033,1,31,3306708,276,2205,1656,13230,1,1,209573,3033,0,32,0,0,0,NORMAL,0,3,1,7,63,276,0,2205,0,0,0,0,0,0,0
212911,6,bully,3339,1,31,3316179,276,2204,1656,13224,1,1,209572,3339,0,32,0,0,0,NORMAL,0,3,1,7,65,276,0,2204,0,0,0,0,0,0,0
213159,1,bully,3590,1,31,3323945,276,2210,1656,13260,1,1,209569,3590,0,32,0,0,0,LEADER,1,4,1,7,31,276,0,2210,0,0,0,0,0,0,0
213027,4,bully,3454,1,31,3319759,276,2211,1656,13266,1,1,209573,3454,0,32,0,0,0,NORMAL,0,3,1,7,63,276,0,2211,0,0,0,0,0,0,0
212772,9,bully,3202,1,31,3311906,276,2208,1656,13248,1,1,209570,3202,0,32,0,0,0,NORMAL,0,3,1,6,91,276,0,2208,0,0,0,0,0,0,0
213045,3,bully,3475,1,31,3320378,276,2216,1656,13296,1,1,209570,3475,0,32,0,0,0,NORMAL,0,3,1,6,93,276,0,2216,0,0,0,0,0,0,0
213218,10,bully,3645,1,31,3325680,276,2209,1656,13254,1,1,209573,3645,0,32,0,0,0,NORMAL,0,3,1,6,124,276,0,2209,0,0,0,0,0,0,0
214634,8,bully,2760,1,31,3298216,279,2220,1674,13320,1,1,211874,2760,0,32,0,0,0,NORMAL,0,3,1,10,65,279,0,2220,0,0,0,0,0,0,0
214772,5,bully,2896,1,31,3302461,279,2223,1674,13338,1,1,211876,2896,0,32,0,0,0,NORMAL,0,3,1,10,64,279,0,2223,0,0,0,0,0,0,0
215190,7,bully,3317,1,31,3315469,279,2226,1674,13356,1,1,211873,3317,0,32,0,0,0,NORMAL,0,3,1,10,65,279,0,2226,0,0,0,0,0,0,0
214909,2,bully,3033,1,31,3306708,279,2229,1674,13374,1,1,211876,3033,0,32,0,0,0,NORMAL,0,3,1,10,63,279,0,2229,0,0,0,0,0,0,0
215214,6,bully,3339,1,31,3316179,279,2229,1674,13374,1,1,211875,3339,0,32,0,0,0,NORMAL,0,3,1,10,65,279,0,2229,0,0,0,0,0,0,0
215462,1,bully,3590,1,31,3323945,279,2234,1674,13404,1,1,211872,3590,0,32,0,0,0,LEADER,1,4,1,10,31,279,0,2234,0,0,0,0,0,0,0
215330,4,bully,3454,1,31,3319759,279,2235,1674,13410,1,1,211876,3454,0,32,0,0,0,NORMAL,0,3,1,10,63,279,0,2235,0,0,0,0,0,0,0
215075,9,bully,3202,1,31,3311906,279,2232,1674,13392,1,1,211873,3202,0,32,0,0,0,NORMAL,0,3,1,9,91,279,0,2232,0,0,0,0,0,0,0
215348,3,bully,3475,1,31,3320378,279,2240,1674,13440,1,1,211873,3475,0,32,0,0,0,NORMAL,0,3,1,9,93,279,0,2240,0,0,0,0,0,0,0
215521,10,bully,3645,1,31,3325680,279,2233,1674,13398,1,1,211876,3645,0,32,0,0,0,NORMAL,0,3,1,9,124,279,0,2233,0,0,0,0,0,0,0
216937,8,bully,2760,1,32,3515153,282,2244,1692,13464,1,1,214177,2760,0,33,0,0,0,NORMAL,0,3,2,4,67,282,0,2244,0,0,0,0,0,0,0
217075,5,bully,2896,1,32,3519536,282,2247,1692,13482,1,1,214179,2896,0,33,0,0,0,NORMAL,0,3,2,4,66,282,0,2247,0,0,0,0,0,0,0
217493,7,bully,3317,1,32,3532962,282,2250,1692,13500,1,1,214176,3317,0,33,0,0,0,NORMAL,0,3,2,4,67,282,0,2250,0,0,0,0,0,0,0
217212,2,bully,3033,1,32,3523920,282,2253,1692,13518,1,1,214179,3033,0,33,0,0,0,NORMAL,0,3,2,4,65,282,0,2253,0,0,0,0,0,0,0
217517,6,bully,3339,1,32,3533696,282,2252,1692,13512,1,1,214178,3339,0,33,0,0,0,NORMAL,0,3,2,4,67,282,0,2252,0,0,0,0,0,0,0
217765,1,bully,3590,1,32,3541710,282,2258,1692,13548,1,1,214175,3590,0,33,0,0,0,LEADER,1,4,1,4,32,282,0,2258,0,0,0,0,0,0,0
217633,4,bully,3454,1,32,3537392,282,2259,1692,13554,1,1,214179,3454,0,33,0,0,0,NORMAL,0,3,2,4,65,282,0,2259,0,0,0,0,0,0,0
217378,9,bully,3202,1,32,3529284,282,2256,1692,13536,1,1,214176,3202,0,33,0,0,0,NORMAL,0,3,2,3,94,282,0,2256,0,0,0,0,0,0,0
217651,3,bully,3475,1,32,3538029,282,2264,1692,13584,1,1,214176,3475,0,33,0,0,0,NORMAL,0,3,2,3,96,282,0,2264,0,0,0,0,0,0,0
217824,10,bully,3645,1,32,3543504,282,2256,1692,13536,1,1,214179,3645,0,33,0,0,0,NORMAL,0,3,2,3,128,282,0,2256,0,0,0,0,0,0,0
219240,8,bully,2760,1,32,3515153,285,2268,1710,13608,1,1,216480,2760,0,33,0,0,0,NORMAL,0,3,1,7,67,285,0,2268,0,0,0,0,0,0,0
219378,5,bully,2896,1,32,3519536,285,2271,1710,13626,1,1,216482,2896,0,33,0,0,0,NORMAL,0,3,1,7,66,285,0,2271,0,0,0,0,0,0,0
219795,7,bully,3317,1,32,3532962,285,2274,1710,13644,1,1,216478,3317,0,33,0,0,0,NORMAL,0,3,1,7,67,285,0,2274,0,0,0,0,0,0,0
219515,2,bully,3033,1,32,3523920,285,2277,1710,13662,1,1,216482,3033,0,33,0,0,0,NORMAL,0,3,1,7,65,285,0,2277,0,0,0,0,0,0,0
219820,6,bully,3339,1,32,3533696,285,2276,1710,13656,1,1,216481,3339,0,33,0,0,0,NORMAL,0,3,1,7,67,285,0,2276,0,0,0,0,0,0,0
220068,1,bully,3590,1,32,3541710,285,2282,1710,13692,1,1,216478,3590,0,33,0,0,0,LEADER,1,4,1,7,32,285,0,2282,0,0,0,0,0,0,0
219936,4,bully,3454,1,32,3537392,285,2283,1710,13698,1,1,216482,3454,0,33,0,0,0,NORMAL,0,3,1,7,65,285,0,2283,0,0,0,0,0,0,0
219681,9,bully,3202,1,32,3529284,285,2280,1710,13680,1,1,216479,3202,0,33,0,0,0,NORMAL,0,3,1,6,94,285,0,2280,0,0,0,0,0,0,0
219954,3,bully,3475,1,32,3538029,285,2288,1710,13728,1,1,216479,3475,0,33,0,0,0,NORMAL,0,3,1,6,96,285,0,2288,0,0,0,0,0,0,0
220127,10,bully,3645,1,32,3543504,285,2280,1710,13680,1,1,216482,3645,0,33,0,0,0,NORMAL,0,3,1,6,128,285,0,2280,0,0,0,0,0,0,0
221543,8,bully,2760,1,32,3515153,288,2292,1728,13752,1,1,218783,2760,0,33,0,0,0,NORMAL,0,3,1,10,67,288,0,2292,0,0,0,0,0,0,0
221681,5,bully,2896,1,32,3519536,288,2295,1728,13770,1,1,218785,2896,0,33,0,0,0,NORMAL,0,3,1,10,66,288,0,2295,0,0,0,0,0,0,0
222098,7,bully,3317,1,32,3532962,288,2298,1728,13788,1,1,218781,3317,0,33,0,0,0,NORMAL,0,3,1,10,67,288,0,2298,0,0,0,0,0,0,0
221818,2,bully,3033,1,32,3523920,288,2301,1728,13806,1,1,218785,3033,0,33,0,0,0,NORMAL,0,3,1,10,65,288,0,2301,0,0,0,0,0,0,0
222123,6,bully,3339,1,32,3533696,288,2301,1728,13806,1,1,218784,3339,0,33,0,0,0,NORMAL,0,3,1,10,67,288,0,2301,0,0,0,0,0,0,0
222371,1,bully,3590,1,32,3541710,288,2306,1728,13836,1,1,218781,3590,0,33,0,0,0,LEADER,1,4,1,10,32,288,0,2306,0,0,0,0,0,0,0
222239,4,bully,3454,1,32,3537392,288,2307,1728,13842,1,1,218785,3454,0,33,0,0,0,NORMAL,0,3,1,10,65,288,0,2307,0,0,0,0,0,0,0
221984,9,bully,3202,1,32,3529284,288,2304,1728,13824,1,1,218782,3202,0,33,0,0,0,NORMAL,0,3,1,9,94,288,0,2304,0,0,0,0,0,0,0
222257,3,bully,3475,1,32,3538029,288,2312,1728,13872,1,1,218782,3475,0,33,0,0,0,NORMAL,0,3,1,9,96,288,0,2312,0,0,0,0,0,0,0
222430,10,bully,3645,1,32,3543504,288,2304,1728,13824,1,1,218785,3645,0,33,0,0,0,NORMAL,0,3,1,9,128,288,0,2304,0,0,0,0,0,0,0
223846,8,bully,2760,1,33,3738999,291,2316,1746,13896,1,1,221086,2760,0,34,0,0,0,NORMAL,0,3,2,4,69,291,0,2316,0,0,0,0,0,0,0
223984,5,bully,2896,1,33,3743520,291,2319,1746,13914,1,1,221088,2896,0,34,0,0,0,NORMAL,0,3,2,4,68,291,0,2319,0,0,0,0,0,0,0
224401,7,bully,3317,1,33,3757363,291,2322,1746,13932,1,1,221084,3317,0,34,0,0,0,NORMAL,0,3,2,4,69,291,0,2322,0,0,0,0,0,0,0
224121,2,bully,3033,1,33,3748041,291,2325,1746,13950,1,1,221088,3033,0,34,0,0,0,NORMAL,0,3,2,4,67,291,0,2325,0,0,0,0,0,0,0
224426,6,bully,3339,1,33,3758122,291,2324,1746,13944,1,1,221087,3339,0,34,0,0,0,NORMAL,0,3,2,4,69,291,0,2324,0,0,0,0,0,0,0
224674,1,bully,3590,1,33,3766384,291,2330,1746,13980,1,1,221084,3590,0,34,0,0,0,LEADER,1,4,1,4,33,291,0,2330,0,0,0,0,0,0,0
224542,4,bully,3454,1,33,3761934,291,2331,1746,13986,1,1,221088,3454,0,34,0,0,0,NORMAL,0,3,2,4,67,291,0,2331,0,0,0,0,0,0,0
224287,9,bully,3202,1,33,3753571,291,2328,1746,13968,1,1,221085,3202,0,34,0,0,0,NORMAL,0,3,2,3,97,291,0,2328,0,0,0,0,0,0,0
224560,3,bully,3475,1,33,3762589,291,2336,1746,14016,1,1,221085,3475,0,34,0,0,0,NORMAL,0,3,2,3,99,291,0,2336,0,0,0,0,0,0,0
224733,10,bully,3645,1,33,3768237,291,2328,1746,13968,1,1,221088,3645,0,34,0,0,0,NORMAL,0,3,2,3,132,291,0,2328,0,0,0,0,0,0,0
226149,8,bully,2760,1,33,3738999,294,2340,1764,14040,1,1,223389,2760,0,34,0,0,0,NORMAL,0,3,1,7,69,294,0,2340,0,0,0,0,0,0,0
226287,5,bully,2896,1,33,3743520,294,2343,1764,14058,1,1,223391,2896,0,34,0,0,0,NORMAL,0,3,1,7,68,294,0,2343,0,0,0,0,0,0,0
226704,7,bully,3317,1,33,3757363,294,2346,1764,14076,1,1,223387,3317,0,34,0,0,0,NORMAL,0,3,1,7,69,294,0,2346,0,0,0,0,0,0,0
226424,2,bully,3033,1,33,3748041,294,2349,1764,14094,1,1,223391,3033,0,34,0,0,0,NORMAL,0,3,1,7,67,294,0,2349,0,0,0,0,0,0,0
226729,6,bully,3339,1,33,3758122,294,2348,1764,14088,1,1,223390,3339,0,34,0,0,0,NORMAL,0,3,1,7,69,294,0,2348,0,0,0,0,0,0,0
226977,1,bully,3590,1,33,3766384,294,2354,1764,14124,1,1,223387,3590,0,34,0,0,0,LEADER,1,4,1,7,33,294,0,2354,0,0,0,0,0,0,0
226845,4,bully,3454,1,33,3761934,294,2355,1764,14130,1,1,223391,3454,0,34,0,0,0,NORMAL,0,3,1,7,67,294,0,2355,0,0,0,0,0,0,0
226590,9,bully,3202,1,33,3753571,294,2352,1764,14112,1,1,223388,3202,0,34,0,0,0,NORMAL,0,3,1,6,97,294,0,2352,0,0,0,0,0,0,0
226863,3,bully,3475,1,33,3762589,294,2360,1764,14160,1,1,223388,3475,0,34,0,0,0,NORMAL,0,3,1,6,99,294,0,2360,0,0,0,0,0,0,0
227036,10,bully,3645,1,33,3768237,294,2352,1764,14112,1,1,223391,3645,0,34,0,0,0,NORMAL,0,3,1,6,132,294,0,2352,0,0,0,0,0,0,0
228452,8,bully,2760,1,33,3738999,297,2364,1782,14184,1,1,225692,2760,0,34,0,0,0,NORMAL,0,3,1,10,69,297,0,2364,0,0,0,0,0,0,0
228590,5,bully,2896,1,33,3743520,297,2367,1782,14202,1,1,225694,2896,0,34,0,0,0,NORMAL,0,3,1,10,68,297,0,2367,0,0,0,0,0,0,0
229007,7,bully,3317,1,33,3757363,297,2370,1782,14220,1,1,225690,3317,0,34,0,0,0,NORMAL,0,3,1,10,69,297,0,2370,0,0,0,0,0,0,0
228727,2,bully,3033,1,33,3748041,297,2373,1782,14238,1,1,225694,3033,0,34,0,0,0,NORMAL,0,3,1,10,67,297,0,2373,0,0,0,0,0,0,0
229032,6,bully,3339,1,33,3758122,297,2372,1782,14232,1,1,225693,3339,0,34,0,0,0,NORMAL,0,3,1,10,69,297,0,2372,0,0,0,0,0,0,0
229280,1,bully,3590,1,33,3766384,297,2378,1782,14268,1,1,225690,3590,0,34,0,0,0,LEADER,1,4,1,10,33,297,0,2378,0,0,0,0,0,0,0
229148,4,bully,3454,1,33,3761934,297,2379,1782,14274,1,1,225694,3454,0,34,0,0,0,NORMAL,0,3,1,10,67,297,0,2379,0,0,0,0,0,0,0
228893,9,bully,3202,1,33,3753571,297,2376,1782,14256,1,1,225691,3202,0,34,0,0,0,NORMAL,0,3,1,9,97,297,0,2376,0,0,0,0,0,0,0
229166,3,bully,3475,1,33,3762589,297,2384,1782,14304,1,1,225691,3475,0,34,0,0,0,NORMAL,0,3,1,9,99,297,0,2384,0,0,0,0,0,0,0
229339,10,bully,3645,1,33,3768237,297,2376,1782,14256,1,1,225694,3645,0,34,0,0,0,NORMAL,0,3,1,9,132,297,0,2376,0,0,0,0,0,0,0
230755,8,bully,2760,1,34,3969754,300,2388,1800,14328,1,1,227995,2760,0,35,0,0,0,NORMAL,0,3,2,4,71,300,0,2388,0,0,0,0,0,0,0
230893,5,bully,2896,1,34,3974413,300,2391,1800,14346,1,1,227997,2896,0,35,0,0,0,NORMAL,0,3,2,4,70,300,0,2391,0,0,0,0,0,0,0
231310,7,bully,3317,1,34,3988673,300,2394,1800,14364,1,1,227993,3317,0,35,0,0,0,NORMAL,0,3,2,3,72,300,0,2394,0,0,0,0,0,0,0
231030,2,bully,3033,1,34,3979071,300,2397,1800,14382,1,1,227997,3033,0,35,0,0,0,NORMAL,0,3,2,4,69,300,0,2397,0,0,0,0,0,0,0
231335,6,bully,3339,1,34,3989457,300,2396,1800,14376,1,1,227996,3339,0,35,0,0,0,NORMAL,0,3,2,4,71,300,0,2396,0,0,0,0,0,0,0
231583,1,bully,3590,1,34,3997967,300,2402,1800,14412,1,1,227993,3590,0,35,0,0,0,LEADER,1,4,1,4,34,300,0,2402,0,0,0,0,0,0,0
231451,4,bully,3454,1,34,3993385,300,2403,1800,14418,1,1,227997,3454,0,35,0,0,0,NORMAL,0,3,2,4,69,300,0,2403,0,0,0,0,0,0,0
231196,9,bully,3202,1,34,3984767,300,2400,1800,14400,1,1,227994,3202,0,35,0,0,0,NORMAL,0,3,2,3,100,300,0,2400,0,0,0,0,0,0,0
231469,3,bully,3475,1,34,3994058,300,2408,1800,14448,1,1,227994,3475,0,35,0,0,0,NORMAL,0,3,2,3,102,300,0,2408,0,0,0,0,0,0,0
231642,10,bully,3645,1,34,3999879,300,2400,1800,14400,1,1,227997,3645,0,35,0,0,0,NORMAL,0,3,2,3,136,300,0,2400,0,0,0,0,0,0,0
233058,8,bully,2760,1,34,3969754,303,2412,1818,14472,1,1,230298,2760,0,35,0,0,0,NORMAL,0,3,1,7,71,303,0,2412,0,0,0,0,0,0,0
233196,5,bully,2896,1,34,3974413,303,2415,1818,14490,1,1,230300,2896,0,35,0,0,0,NORMAL,0,3,1,7,70,303,0,2415,0,0,0,0,0,0,0
233613,7,bully,3317,1,34,3988673,303,2418,1818,14508,1,1,230296,3317,0,35,0,0,0,NORMAL,0,3,1,6,72,303,0,2418,0,0,0,0,0,0,0
233333,2,bully,3033,1,34,3979071,303,2421,1818,14526,1,1,230300,3033,0,35,0,0,0,NORMAL,0,3,1,7,69,303,0,2421,0,0,0,0,0,0,0
233638,6,bully,3339,1,34,3989457,303,2421,1818,14526,1,1,230299,3339,0,35,0,0,0,NORMAL,0,3,1,7,71,303,0,2421,0,0,0,0,0,0,0
233886,1,bully,3590,1,34,3997967,303,2426,1818,14556,1,1,230296,3590,0,35,0,0,0,LEADER,1,4,1,7,34,303,0,2426,0,0,0,0,0,0,0
233754,4,bully,3454,1,34,3993385,303,2427,1818,14562,1,1,230300,3454,0,35,0,0,0,NORMAL,0,3,1,7,69,303,0,2427,0,0,0,0,0,0,0
233499,9,bully,3202,1,34,3984767,303,2424,1818,14544,1,1,230297,3202,0,35,0,0,0,NORMAL,0,3,1,6,100,303,0,2424,0,0,0,0,0,0,0
233772,3,bully,3475,1,34,3994058,303,2432,1818,14592,1,1,230297,3475,0,35,0,0,0,NORMAL,0,3,1,6,102,303,0,2432,0,0,0,0,0,0,0
233945,10,bully,3645,1,34,3999879,303,2424,1818,14544,1,1,230300,3645,0,35,0,0,0,NORMAL,0,3,1,6,136,303,0,2424,0,0,0,0,0,0,0
235361,8,bully,2760,1,34,3969754,306,2436,1836,14616,1,1,232601,2760,0,35,0,0,0,NORMAL,0,3,1,10,71,306,0,2436,0,0,0,0,0,0,0
235499,5,bully,2896,1,34,3974413,306,2439,1836,14634,1,1,232603,2896,0,35,0,0,0,NORMAL,0,3,1,10,70,306,0,2439,0,0,0,0,0,0,0
235916,7,bully,3317,1,34,3988673,306,2442,1836,14652,1,1,232599,3317,0,35,0,0,0,NORMAL,0,3,1,9,72,306,0,2442,0,0,0,0,0,0,0
235636,2,bully,3033,1,34,3979071,306,2445,1836,14670,1,1,232603,3033,0,35,0,0,0,NORMAL,0,3,1,10,69,306,0,2445,0,0,0,0,0,0,0
235941,6,bully,3339,1,34,3989457,306,2445,1836,14670,1,1,232602,3339,0,35,0,0,0,NORMAL,0,3,1,10,71,306,0,2445,0,0,0,0,0,0,0
236189,1,bully,3590,1,34,3997967,306,2450,1836,14700,1,1,232599,3590,0,35,0,0,0,LEADER,1,4,1,10,34,306,0,2450,0,0,0,0,0,0,0
236057,4,bully,3454,1,34,3993385,306,2451,1836,14706,1,1,232603,3454,0,35,0,0,0,NORMAL,0,3,1,10,69,306,0,2451,0,0,0,0,0,0,0
235802,9,bully,3202,1,34,3984767,306,2448,1836,14688,1,1,232600,3202,0,35,0,0,0,NORMAL,0,3,1,9,100,306,0,2448,0,0,0,0,0,0,0
236075,3,bully,3475,1,34,3994058,306,2456,1836,14736,1,1,232600,3475,0,35,0,0,0,NORMAL,0,3,1,9,102,306,0,2456,0,0,0,0,0,0,0
236248,10,bully,3645,1,34,3999879,306,2448,1836,14688,1,1,232603,3645,0,35,0,0,0,NORMAL,0,3,1,9,136,306,0,2448,0,0,0,0,0,0,0
237666,8,bully,2760,1,35,4207420,309,2460,1854,14760,1,1,234906,2760,0,36,0,0,0,NORMAL,0,3,2,4,73,309,0,2460,0,0,0,0,0,0,0
237802,5,bully,2896,1,35,4212215,309,2463,1854,14778,1,1,234906,2896,0,36,0,0,0,NORMAL,0,3,2,4,72,309,0,2463,0,0,0,0,0,0,0
238219,7,bully,3317,1,35,4226892,309,2466,1854,14796,1,1,234902,3317,0,36,0,0,0,NORMAL,0,3,2,4,74,309,0,2466,0,0,0,0,0,0,0
237939,2,bully,3033,1,35,4217010,309,2469,1854,14814,1,1,234906,3033,0,36,0,0,0,NORMAL,0,3,2,4,71,309,0,2469,0,0,0,0,0,0,0
238244,6,bully,3339,1,35,4227701,309,2468,1854,14808,1,1,234905,3339,0,36,0,0,0,NORMAL,0,3,2,4,73,309,0,2468,0,0,0,0,0,0,0
238492,1,bully,3590,1,35,4236459,309,2474,1854,14844,1,1,234902,3590,0,36,0,0,0,LEADER,1,4,1,4,35,309,0,2474,0,0,0,0,0,0,0
238360,4,bully,3454,1,35,4231745,309,2475,1854,14850,1,1,234906,3454,0,36,0,0,0,NORMAL,0,3,2,4,71,309,0,2475,0,0,0,0,0,0,0
238105,9,bully,3202,1,35,4222872,309,2472,1854,14832,1,1,234903,3202,0,36,0,0,0,NORMAL,0,3,2,3,103,309,0,2472,0,0,0,0,0,0,0
238378,3,bully,3475,1,35,4232436,309,2480,1854,14880,1,1,234903,3475,0,36,0,0,0,NORMAL,0,3,2,3,105,309,0,2480,0,0,0,0,0,0,0
238551,10,bully,3645,1,35,4238430,309,2472,1854,14832,1,1,234906,3645,0,36,0,0,0,NORMAL,0,3,2,3,140,309,0,2472,0,0,0,0,0,0,0
239969,8,bully,2760,1,35,4207420,312,2484,1872,14904,1,1,237209,2760,0,36,0,0,0,NORMAL,0,3,1,7,73,312,0,2484,0,0,0,0,0,0,0
240105,5,bully,2896,1,35,4212215,312,2487,1872,14922,1,1,237209,2896,0,36,0,0,0,NORMAL,0,3,1,7,72,312,0,2487,0,0,0,0,0,0,0
240521,7,bully,3317,1,35,4226892,312,2490,1872,14940,1,1,237204,3317,0,36,0,0,0,NORMAL,0,3,1,7,74,312,0,2490,0,0,0,0,0,0,0
240242,2,bully,3033,1,35,4217010,312,2493,1872,14958,1,1,237209,3033,0,36,0,0,0,NORMAL,0,3,1,7,71,312,0,2493,0,0,0,0,0,0,0
240547,6,bully,3339,1,35,4227701,312,2492,1872,14952,1,1,237208,3339,0,36,0,0,0,NORMAL,0,3,1,7,73,312,0,2492,0,0,0,0,0,0,0
240795,1,bully,3590,1,35,4236459,312,2498,1872,14988,1,1,237205,3590,0,36,0,0,0,LEADER,1,4,1,7,35,312,0,2498,0,0,0,0,0,0,0
240663,4,bully,3454,1,35,4231745,312,2499,1872,14994,1,1,237209,3454,0,36,0,0,0,NORMAL,0,3,1,7,71,312,0,2499,0,0,0,0,0,0,0
240408,9,bully,3202,1,35,4222872,312,2496,1872,14976,1,1,237206,3202,0,36,0,0,0,NORMAL,0,3,1,6,103,312,0,2496,0,0,0,0,0,0,0
240681,3,bully,3475,1,35,4232436,312,2504,1872,15024,1,1,237206,3475,0,36,0,0,0,NORMAL,0,3,1,6,105,312,0,2504,0,0,0,0,0,0,0
240854,10,bully,3645,1,35,4238430,312,2496,1872,14976,1,1,237209,3645,0,36,0,0,0,NORMAL,0,3,1,6,140,312,0,2496,0,0,0,0,0,0,0
242272,8,bully,2760,1,35,4207420,315,2508,1890,15048,1,1,239512,2760,0,36,0,0,0,NORMAL,0,3,1,10,73,315,0,2508,0,0,0,0,0,0,0
242408,5,bully,2896,1,35,4212215,315,2511,1890,15066,1,1,239512,2896,0,36,0,0,0,NORMAL,0,3,1,10,72,315,0,2511,0,0,0,0,0,0,0
242824,7,bully,3317,1,35,4226892,315,2514,1890,15084,1,1,239507,3317,0,36,0,0,0,NORMAL,0,3,1,10,74,315,0,2514,0,0,0,0,0,0,0
242545,2,bully,3033,1,35,4217010,315,2517,1890,15102,1,1,239512,3033,0,36,0,0,0,NORMAL,0,3,1,10,71,315,0,2517,0,0,0,0,0,0,0
242850,6,bully,3339,1,35,4227701,315,2516,1890,15096,1,1,239511,3339,0,36,0,0,0,NORMAL,0,3,1,10,73,315,0,2516,0,0,0,0,0,0,0
243098,1,bully,3590,1,35,4236459,315,2522,1890,15132,1,1,239508,3590,0,36,0,0,0,LEADER,1,4,1,10,35,315,0,2522,0,0,0,0,0,0,0
242966,4,bully,3454,1,35,4231745,315,2523,1890,15138,1,1,239512,3454,0,36,0,0,0,NORMAL,0,3,1,10,71,315,0,2523,0,0,0,0,0,0,0
242711,9,bully,3202,1,35,4222872,315,2519,1890,15114,1,1,239509,3202,0,36,0,0,0,NORMAL,0,3,1,9,103,315,0,2519,0,0,0,0,0,0,0
242984,3,bully,3475,1,35,4232436,315,2527,1890,15162,1,1,239509,3475,0,36,0,0,0,NORMAL,0,3,1,9,105,315,0,2527,0,0,0,0,0,0,0
243157,10,bully,3645,1,35,4238430,315,2519,1890,15114,1,1,239512,3645,0,36,0,0,0,NORMAL,0,3,1,9,140,315,0,2519,0,0,0,0,0,0,0
244575,8,bully,2760,1,36,4451995,318,2531,1908,15186,1,1,241815,2760,0,37,0,0,0,NORMAL,0,3,2,4,75,318,0,2531,0,0,0,0,0,0,0
244711,5,bully,2896,1,36,4456926,318,2534,1908,15204,1,1,241815,2896,0,37,0,0,0,NORMAL,0,3,2,4,74,318,0,2534,0,0,0,0,0,0,0
245127,7,bully,3317,1,36,4472019,318,2537,1908,15222,1,1,241810,3317,0,37,0,0,0,NORMAL,0,3,2,4,76,318,0,2537,0,0,0,0,0,0,0
244848,2,bully,3033,1,36,4461858,318,2540,1908,15240,1,1,241815,3033,0,37,0,0,0,NORMAL,0,3,2,4,73,318,0,2540,0,0,0,0,0,0,0
245153,6,bully,3339,1,36,4472854,318,2539,1908,15234,1,1,241814,3339,0,37,0,0,0,NORMAL,0,3,2,4,75,318,0,2539,0,0,0,0,0,0,0
245401,1,bully,3590,1,36,4481860,318,2546,1908,15276,1,1,241811,3590,0,37,0,0,0,LEADER,1,4,1,4,36,318,0,2546,0,0,0,0,0,0,0
245269,4,bully,3454,1,36,4477014,318,2547,1908,15282,1,1,241815,3454,0,37,0,0,0,NORMAL,0,3,2,4,73,318,0,2547,0,0,0,0,0,0,0
245014,9,bully,3202,1,36,4467886,318,2543,1908,15258,1,1,241812,3202,0,37,0,0,0,NORMAL,0,3,2,3,106,318,0,2543,0,0,0,0,0,0,0
245287,3,bully,3475,1,36,4477723,318,2551,1908,15306,1,1,241812,3475,0,37,0,0,0,NORMAL,0,3,2,3,108,318,0,2551,0,0,0,0,0,0,0
245460,10,bully,3645,1,36,4483890,318,2543,1908,15258,1,1,241815,3645,0,37,0,0,0,NORMAL,0,3,2,3,144,318,0,2543,0,0,0,0,0,0,0
246878,8,bully,2760,1,36,4451995,321,2555,1926,15330,1,1,244118,2760,0,37,0,0,0,NORMAL,0,3,1,7,75,321,0,2555,0,0,0,0,0,0,0
247014,5,bully,2896,1,36,4456926,321,2558,1926,15348,1,1,244118,2896,0,37,0,0,0,NORMAL,0,3,1,7,74,321,0,2558,0,0,0,0,0,0,0
247430,7,bully,3317,1,36,4472019,321,2561,1926,15366,1,1,244113,3317,0,37,0,0,0,NORMAL,0,3,1,7,76,321,0,2561,0,0,0,0,0,0,0
247151,2,bully,3033,1,36,4461858,321,2564,1926,15384,1,1,244118,3033,0,37,0,0,0,NORMAL,0,3,1,7,73,321,0,2564,0,0,0,0,0,0,0
247456,6,bully,3339,1,36,4472854,321,2563,1926,15378,1,1,244117,3339,0,37,0,0,0,NORMAL,0,3,1,7,75,321,0,2563,0,0,0,0,0,0,0
247704,1,bully,3590,1,36,4481860,321,2570,1926,15420,1,1,244114,3590,0,37,0,0,0,LEADER,1,4,1,7,36,321,0,2570,0,0,0,0,0,0,0
247572,4,bully,3454,1,36,4477014,321,2571,1926,15426,1,1,244118,3454,0,37,0,0,0,NORMAL,0,3,1,7,73,321,0,2571,0,0,0,0,0,0,0
247317,9,bully,3202,1,36,4467886,321,2567,1926,15402,1,1,244115,3202,0,37,0,0,0,NORMAL,0,3,1,6,106,321,0,2567,0,0,0,0,0,0,0
247590,3,bully,3475,1,36,4477723,321,2575,1926,15450,1,1,244115,3475,0,37,0,0,0,NORMAL,0,3,1,6,108,321,0,2575,0,0,0,0,0,0,0
247763,10,bully,3645,1,36,4483890,321,2567,1926,15402,1,1,244118,3645,0,37,0,0,0,NORMAL,0,3,1,6,144,321,0,2567,0,0,0,0,0,0,0
249181,8,bully,2760,1,36,4451995,324,2579,1944,15474,1,1,246421,2760,0,37,0,0,0,NORMAL,0,3,1,10,75,324,0,2579,0,0,0,0,0,0,0
249317,5,bully,2896,1,36,4456926,324,2582,1944,15492,1,1,246421,2896,0,37,0,0,0,NORMAL,0,3,1,10,74,324,0,2582,0,0,0,0,0,0,0
249733,7,bully,3317,1,36,4472019,324,2585,1944,15510,1,1,246416,3317,0,37,0,0,0,NORMAL,0,3,1,10,76,324,0,2585,0,0,0,0,0,0,0
249454,2,bully,3033,1,36,4461858,324,2588,1944,15528,1,1,246421,3033,0,37,0,0,0,NORMAL,0,3,1,10,73,324,0,2588,0,0,0,0,0,0,0
249759,6,bully,3339,1,36,4472854,324,2587,1944,15522,1,1,246420,3339,0,37,0,0,0,NORMAL,0,3,1,10,75,324,0,2587,0,0,0,0,0,0,0
250007,1,bully,3590,1,36,4481860,324,2594,1944,15564,1,1,246417,3590,0,37,0,0,0,LEADER,1,4,1,10,36,324,0,2594,0,0,0,0,0,0,0
249875,4,bully,3454,1,36,4477014,324,2595,1944,15570,1,1,246421,3454,0,37,0,0,0,NORMAL,0,3,1,10,73,324,0,2595,0,0,0,0,0,0,0
249620,9,bully,3202,1,36,4467886,324,2591,1944,15546,1,1,246418,3202,0,37,0,0,0,NORMAL,0,3,1,9,106,324,0,2591,0,0,0,0,0,0,0
249893,3,bully,3475,1,36,4477723,324,2599,1944,15594,1,1,246418,3475,0,37,0,0,0,NORMAL,0,3,1,9,108,324,0,2599,0,0,0,0,0,0,0
250066,10,bully,3645,1,36,4483890,324,2591,1944,15546,1,1,246421,3645,0,37,0,0,0,NORMAL,0,3,1,9,144,324,0,2591,0,0,0,0,0,0,0
251484,8,bully,2760,1,37,4703479,327,2603,1962,15618,1,1,248724,2760,0,38,0,0,0,NORMAL,0,3,2,4,77,327,0,2603,0,0,0,0,0,0,0
251620,5,bully,2896,1,37,4708546,327,2606,1962,15636,1,1,248724,2896,0,38,0,0,0,NORMAL,0,3,2,4,76,327,0,2606,0,0,0,0,0,0,0
252036,7,bully,3317,1,37,4724055,327,2609,1962,15654,1,1,248719,3317,0,38,0,0,0,NORMAL,0,3,2,4,78,327,0,2609,0,0,0,0,0,0,0
251757,2,bully,3033,1,37,4713615,327,2612,1962,15672,1,1,248724,3033,0,38,0,0,0,NORMAL,0,3,2,4,75,327,0,2612,0,0,0,0,0,0,0
252062,6,bully,3339,1,37,4724916,327,2612,1962,15672,1,1,248723,3339,0,38,0,0,0,NORMAL,0,3,2,4,77,327,0,2612,0,0,0,0,0,0,0
252310,1,bully,3590,1,37,4734170,327,2618,1962,15708,1,1,248720,3590,0,38,0,0,0,LEADER,1,4,1,4,37,327,0,2618,0,0,0,0,0,0,0
252178,4,bully,3454,1,37,4729192,327,2619,1962,15714,1,1,248724,3454,0,38,0,0,0,NORMAL,0,3,2,4,75,327,0,2619,0,0,0,0,0,0,0
251923,9,bully,3202,1,37,4719809,327,2615,1962,15690,1,1,248721,3202,0,38,0,0,0,NORMAL,0,3,2,3,109,327,0,2615,0,0,0,0,0,0,0
252196,3,bully,3475,1,37,4729919,327,2623,1962,15738,1,1,248721,3475,0,38,0,0,0,NORMAL,0,3,2,3,111,327,0,2623,0,0,0,0,0,0,0
252369,10,bully,3645,1,37,4736259,327,2615,1962,15690,1,1,248724,3645,0,38,0,0,0,NORMAL,0,3,2,3,148,327,0,2615,0,0,0,0,0,0,0
253787,8,bully,2760,1,37,4703479,330,2627,1980,15762,1,1,251027,2760,0,38,0,0,0,NORMAL,0,3,1,7,77,330,0,2627,0,0,0,0,0,0,0
253923,5,bully,2896,1,37,4708546,330,2630,1980,15780,1,1,251027,2896,0,38,0,0,0,NORMAL,0,3,1,7,76,330,0,2630,0,0,0,0,0,0,0
254339,7,bully,3317,1,37,4724055,330,2633,1980,15798,1,1,251022,3317,0,38,0,0,0,NORMAL,0,3,1,7,78,330,0,2633,0,0,0,0,0,0,0
254060,2,bully,3033,1,37,4713615,330,2636,1980,15816,1,1,251027,3033,0,38,0,0,0,NORMAL,0,3,1,7,75,330,0,2636,0,0,0,0,0,0,0
254365,6,bully,3339,1,37,4724916,330,2635,1980,15810,1,1,251026,3339,0,38,0,0,0,NORMAL,0,3,1,7,77,330,0,2635,0,0,0,0,0,0,0
254613,1,bully,3590,1,37,4734170,330,2642,1980,15852,1,1,251023,3590,0,38,0,0,0,LEADER,1,4,1,7,37,330,0,2642,0,0,0,0,0,0,0
254481,4,bully,3454,1,37,4729192,330,2643,1980,15858,1,1,251027,3454,0,38,0,0,0,NORMAL,0,3,1,7,75,330,0,2643,0,0,0,0,0,0,0
254226,9,bully,3202,1,37,4719809,330,2639,1980,15834,1,1,251024,3202,0,38,0,0,0,NORMAL,0,3,1,6,109,330,0,2639,0,0,0,0,0,0,0
254499,3,bully,3475,1,37,4729919,330,2647,1980,15882,1,1,251024,3475,0,38,0,0,0,NORMAL,0,3,1,6,111,330,0,2647,0,0,0,0,0,0,0
254672,10,bully,3645,1,37,4736259,330,2639,1980,15834,1,1,251027,3645,0,38,0,0,0,NORMAL,0,3,1,6,148,330,0,2639,0,0,0,0,0,0,0
256090,8,bully,2760,1,37,4703479,333,2651,1998,15906,1,1,253330,2760,0,38,0,0,0,NORMAL,0,3,1,10,77,333,0,2651,0,0,0,0,0,0,0
256226,5,bully,2896,1,37,4708546,333,2654,1998,15924,1,1,253330,2896,0,38,0,0,0,NORMAL,0,3,1,10,76,333,0,2654,0,0,0,0,0,0,0
256642,7,bully,3317,1,37,4724055,333,2657,1998,15942,1,1,253325,3317,0,38,0,0,0,NORMAL,0,3,1,10,78,333,0,2657,0,0,0,0,0,0,0
256363,2,bully,3033,1,37,4713615,333,2660,1998,15960,1,1,253330,3033,0,38,0,0,0,NORMAL,0,3,1,10,75,333,0,2660,0,0,0,0,0,0,0
256668,6,bully,3339,1,37,4724916,333,2659,1998,15954,1,1,253329,3339,0,38,0,0,0,NORMAL,0,3,1,10,77,333,0,2659,0,0,0,0,0,0,0
256916,1,bully,3590,1,37,4734170,333,2666,1998,15996,1,1,253326,3590,0,38,0,0,0,LEADER,1,4,1,10,37,333,0,2666,0,0,0,0,0,0,0
256784,4,bully,3454,1,37,4729192,333,2667,1998,16002,1,1,253330,3454,0,38,0,0,0,NORMAL,0,3,1,10,75,333,0,2667,0,0,0,0,0,0,0
256529,9,bully,3202,1,37,4719809,333,2663,1998,15978,1,1,253327,3202,0,38,0,0,0,NORMAL,0,3,1,9,109,333,0,2663,0,0,0,0,0,0,0
256802,3,bully,3475,1,37,4729919,333,2671,1998,16026,1,1,253327,3475,0,38,0,0,0,NORMAL,0,3,1,9,111,333,0,2671,0,0,0,0,0,0,0
256975,10,bully,3645,1,37,4736259,333,2663,1998,15978,1,1,253330,3645,0,38,0,0,0,NORMAL,0,3,1,9,148,333,0,2663,0,0,0,0,0,0,0
258393,8,bully,2760,1,38,4961872,336,2675,2016,16050,1,1,255633,2760,0,39,0,0,0,NORMAL,0,3,2,4,79,336,0,2675,0,0,0,0,0,0,0
258529,5,bully,2896,1,38,4967075,336,2678,2016,16068,1,1,255633,2896,0,39,0,0,0,NORMAL,0,3,2,4,78,336,0,2678,0,0,0,0,0,0,0
258945,7,bully,3317,1,38,4983000,336,2681,2016,16086,1,1,255628,3317,0,39,0,0,0,NORMAL,0,3,2,4,80,336,0,2681,0,0,0,0,0,0,0
258666,2,bully,3033,1,38,4972281,336,2684,2016,16104,1,1,255633,3033,0,39,0,0,0,NORMAL,0,3,2,4,77,336,0,2684,0,0,0,0,0,0,0
258971,6,bully,3339,1,38,4983887,336,2683,2016,16098,1,1,255632,3339,0,39,0,0,0,NORMAL,0,3,2,4,79,336,0,2683,0,0,0,0,0,0,0
259219,1,bully,3590,1,38,4993389,336,2690,2016,16140,1,1,255629,3590,0,39,0,0,0,LEADER,1,4,1,4,38,336,0,2690,0,0,0,0,0,0,0
259087,4,bully,3454,1,38,4988279,336,2691,2016,16146,1,1,255633,3454,0,39,0,0,0,NORMAL,0,3,2,4,77,336,0,2691,0,0,0,0,0,0,0
258832,9,bully,3202,1,38,4978641,336,2687,2016,16122,1,1,255630,3202,0,39,0,0,0,NORMAL,0,3,2,4,111,336,0,2687,0,0,0,0,0,0,0
259105,3,bully,3475,1,38,4989024,336,2695,2016,16170,1,1,255630,3475,0,39,0,0,0,NORMAL,0,3,2,3,114,336,0,2695,0,0,0,0,0,0,0
259278,10,bully,3645,1,38,4995537,336,2687,2016,16122,1,1,255633,3645,0,39,0,0,0,NORMAL,0,3,2,3,152,336,0,2687,0,0,0,0,0,0,0
260696,8,bully,2760,1,38,4961872,339,2699,2034,16194,1,1,257936,2760,0,39,0,0,0,NORMAL,0,3,1,7,79,339,0,2699,0,0,0,0,0,0,0
260832,5,bully,2896,1,38,4967075,339,2702,2034,16212,1,1,257936,2896,0,39,0,0,0,NORMAL,0,3,1,7,78,339,0,2702,0,0,0,0,0,0,0
261248,7,bully,3317,1,38,4983000,339,2705,2034,16230,1,1,257931,3317,0,39,0,0,0,NORMAL,0,3,1,7,80,339,0,2705,0,0,0,0,0,0,0
260969,2,bully,3033,1,38,4972281,339,2708,2034,16248,1,1,257936,3033,0,39,0,0,0,NORMAL,0,3,1,7,77,339,0,2708,0,0,0,0,0,0,0
261274,6,bully,3339,1,38,4983887,339,2707,2034,16242,1,1,257935,3339,0,39,0,0,0,NORMAL,0,3,1,7,79,339,0,2707,0,0,0,0,0,0,0
261522,1,bully,3590,1,38,4993389,339,2714,2034,16284,1,1,257932,3590,0,39,0,0,0,LEADER,1,4,1,7,38,339,0,2714,0,0,0,0,0,0,0
261390,4,bully,3454,1,38,4988279,339,2715,2034,16290,1,1,257936,3454,0,39,0,0,0,NORMAL,0,3,1,7,77,339,0,2715,0,0,0,0,0,0,0
261135,9,bully,3202,1,38,4978641,339,2711,2034,16266,1,1,257933,3202,0,39,0,0,0,NORMAL,0,3,1,7,111,339,0,2711,0,0,0,0,0,0,0
261408,3,bully,3475,1,38,4989024,339,2719,2034,16314,1,1,257933,3475,0,39,0,0,0,NORMAL,0,3,1,6,114,339,0,2719,0,0,0,0,0,0,0
261581,10,bully,3645,1,38,4995537,339,2711,2034,16266,1,1,257936,3645,0,39,0,0,0,NORMAL,0,3,1,6,152,339,0,2711,0,0,0,0,0,0,0
262999,8,bully,2760,1,38,4961872,342,2723,2052,16338,1,1,260239,2760,0,39,0,0,0,NORMAL,0,3,1,10,79,342,0,2723,0,0,0,0,0,0,0
263135,5,bully,2896,1,38,4967075,342,2726,2052,16356,1,1,260239,2896,0,39,0,0,0,NORMAL,0,3,1,10,78,342,0,2726,0,0,0,0,0,0,0
263551,7,bully,3317,1,38,4983000,342,2729,2052,16374,1,1,260234,3317,0,39,0,0,0,NORMAL,0,3,1,10,80,342,0,2729,0,0,0,0,0,0,0
263272,2,bully,3033,1,38,4972281,342,2732,2052,16392,1,1,260239,3033,0,39,0,0,0,NORMAL,0,3,1,10,77,342,0,2732,0,0,0,0,0,0,0
263577,6,bully,3339,1,38,4983887,342,2731,2052,16386,1,1,260238,3339,0,39,0,0,0,NORMAL,0,3,1,10,79,342,0,2731,0,0,0,0,0,0,0
263825,1,bully,3590,1,38,4993389,342,2738,2052,16428,1,1,260235,3590,0,39,0,0,0,LEADER,1,4,1,10,38,342,0,2738,0,0,0,0,0,0,0
263693,4,bully,3454,1,38,4988279,342,2739,2052,16434,1,1,260239,3454,0,39,0,0,0,NORMAL,0,3,1,10,77,342,0,2739,0,0,0,0,0,0,0
263438,9,bully,3202,1,38,4978641,342,2735,2052,16410,1,1,260236,3202,0,39,0,0,0,NORMAL,0,3,1,10,111,342,0,2735,0,0,0,0,0,0,0
263711,3,bully,3475,1,38,4989024,342,2743,2052,16458,1,1,260236,3475,0,39,0,0,0,NORMAL,0,3,1,9,114,342,0,2743,0,0,0,0,0,0,0
263884,10,bully,3645,1,38,4995537,342,2735,2052,16410,1,1,260239,3645,0,39,0,0,0,NORMAL,0,3,1,9,152,342,0,2735,0,0,0,0,0,0,0
265302,8,bully,2760,1,39,5227174,345,2747,2070,16482,1,1,262542,2760,0,40,0,0,0,NORMAL,0,3,2,4,81,345,0,2747,0,0,0,0,0,0,0
265438,5,bully,2896,1,39,5232513,345,2750,2070,16500,1,1,262542,2896,0,40,0,0,0,NORMAL,0,3,2,4,80,345,0,2750,0,0,0,0,0,0,0
265854,7,bully,3317,1,39,5248854,345,2753,2070,16518,1,1,262537,3317,0,40,0,0,0,NORMAL,0,3,2,4,82,345,0,2753,0,0,0,0,0,0,0
265575,2,bully,3033,1,39,5237856,345,2756,2070,16536,1,1,262542,3033,0,40,0,0,0,NORMAL,0,3,2,4,79,345,0,2756,0,0,0,0,0,0,0
265880,6,bully,3339,1,39,5249767,345,2756,2070,16536,1,1,262541,3339,0,40,0,0,0,NORMAL,0,3,2,4,81,345,0,2756,0,0,0,0,0,0,0
266128,1,bully,3590,1,39,5259517,345,2762,2070,16572,1,1,262538,3590,0,40,0,0,0,LEADER,1,4,1,4,39,345,0,2762,0,0,0,0,0,0,0
265996,4,bully,3454,1,39,5254275,345,2763,2070,16578,1,1,262542,3454,0,40,0,0,0,NORMAL,0,3,2,4,79,345,0,2763,0,0,0,0,0,0,0
265740,9,bully,3202,1,39,5244381,345,2759,2070,16554,1,1,262538,3202,0,40,0,0,0,NORMAL,0,3,2,3,114,345,0,2759,0,0,0,0,0,0,0
266014,3,bully,3475,1,39,5255038,345,2767,2070,16602,1,1,262539,3475,0,40,0,0,0,NORMAL,0,3,2,3,117,345,0,2767,0,0,0,0,0,0,0
266187,10,bully,3645,1,39,5261724,345,2759,2070,16554,1,1,262542,3645,0,40,0,0,0,NORMAL,0,3,2,3,156,345,0,2759,0,0,0,0,0,0,0
267605,8,bully,2760,1,39,5227174,348,2771,2088,16626,1,1,264845,2760,0,40,0,0,0,NORMAL,0,3,1,7,81,348,0,2771,0,0,0,0,0,0,0
267741,5,bully,2896,1,39,5232513,348,2774,2088,16644,1,1,264845,2896,0,40,0,0,0,NORMAL,0,3,1,7,80,348,0,2774,0,0,0,0,0,0,0
268157,7,bully,3317,1,39,5248854,348,2777,2088,16662,1,1,264840,3317,0,40,0,0,0,NORMAL,0,3,1,7,82,348,0,2777,0,0,0,0,0,0,0
267878,2,bully,3033,1,39,5237856,348,2780,2088,16680,1,1,264845,3033,0,40,0,0,0,NORMAL,0,3,1,7,79,348,0,2780,0,0,0,0,0,0,0
268183,6,bully,3339,1,39,5249767,348,2779,2088,16674,1,1,264844,3339,0,40,0,0,0,NORMAL,0,3,1,7,81,348,0,2779,0,0,0,0,0,0,0
268431,1,bully,3590,1,39,5259517,348,2786,2088,16716,1,1,264841,3590,0,40,0,0,0,LEADER,1,4,1,7,39,348,0,2786,0,0,0,0,0,0,0
268299,4,bully,3454,1,39,5254275,348,2787,2088,16722,1,1,264845,3454,0,40,0,0,0,NORMAL,0,3,1,7,79,348,0,2787,0,0,0,0,0,0,0
268043,9,bully,3202,1,39,5244381,348,2783,2088,16698,1,1,264841,3202,0,40,0,0,0,NORMAL,0,3,1,6,114,348,0,2783,0,0,0,0,0,0,0
268317,3,bully,3475,1,39,5255038,348,2791,2088,16746,1,1,264842,3475,0,40,0,0,0,NORMAL,0,3,1,6,117,348,0,2791,0,0,0,0,0,0,0
268490,10,bully,3645,1,39,5261724,348,2783,2088,16698,1,1,264845,3645,0,40,0,0,0,NORMAL,0,3,1,6,156,348,0,2783,0,0,0,0,0,0,0
269908,8,bully,2760,1,39,5227174,351,2795,2106,16770,1,1,267148,2760,0,40,0,0,0,NORMAL,0,3,1,10,81,351,0,2795,0,0,0,0,0,0,0
270044,5,bully,2896,1,39,5232513,351,2798,2106,16788,1,1,267148,2896,0,40,0,0,0,NORMAL,0,3,1,10,80,351,0,2798,0,0,0,0,0,0,0
270460,7,bully,3317,1,39,5248854,351,2801,2106,16806,1,1,267143,3317,0,40,0,0,0,NORMAL,0,3,1,10,82,351,0,2801,0,0,0,0,0,0,0
270181,2,bully,3033,1,39,5237856,351,2804,2106,16824,1,1,267148,3033,0,40,0,0,0,NORMAL,0,3,1,10,79,351,0,2804,0,0,0,0,0,0,0
270486,6,bully,3339,1,39,5249767,351,2803,2106,16818,1,1,267147,3339,0,40,0,0,0,NORMAL,0,3,1,10,81,351,0,2803,0,0,0,0,0,0,0
270734,1,bully,3590,1,39,5259517,351,2810,2106,16860,1,1,267144,3590,0,40,0,0,0,LEADER,1,4,1,10,39,351,0,2810,0,0,0,0,0,0,0
270602,4,bully,3454,1,39,5254275,351,2811,2106,16866,1,1,267148,3454,0,40,0,0,0,NORMAL,0,3,1,10,79,351,0,2811,0,0,0,0,0,0,0
270346,9,bully,3202,1,39,5244381,351,2807,2106,16842,1,1,267144,3202,0,40,0,0,0,NORMAL,0,3,1,9,114,351,0,2807,0,0,0,0,0,0,0
270620,3,bully,3475,1,39,5255038,351,2815,2106,16890,1,1,267145,3475,0,40,0,0,0,NORMAL,0,3,1,9,117,351,0,2815,0,0,0,0,0,0,0
270793,10,bully,3645,1,39,5261724,351,2807,2106,16842,1,1,267148,3645,0,40,0,0,0,NORMAL,0,3,1,9,156,351,0,2807,0,0,0,0,0,0,0
272211,8,bully,2760,1,40,5499385,354,2819,2124,16914,1,1,269451,2760,0,41,0,0,0,NORMAL,0,3,2,4,83,354,0,2819,0,0,0,0,0,0,0
272347,5,bully,2896,1,40,5504860,354,2822,2124,16932,1,1,269451,2896,0,41,0,0,0,NORMAL,0,3,2,4,82,354,0,2822,0,0,0,0,0,0,0
272763,7,bully,3317,1,40,5521617,354,2825,2124,16950,1,1,269446,3317,0,41,0,0,0,NORMAL,0,3,2,4,84,354,0,2825,0,0,0,0,0,0,0
272484,2,bully,3033,1,40,5510340,354,2828,2124,16968,1,1,269451,3033,0,41,0,0,0,NORMAL,0,3,2,4,81,354,0,2828,0,0,0,0,0,0,0
272789,6,bully,3339,1,40,5522556,354,2828,2124,16968,1,1,269450,3339,0,41,0,0,0,NORMAL,0,3,2,4,83,354,0,2828,0,0,0,0,0,0,0
273037,1,bully,3590,1,40,5532554,354,2834,2124,17004,1,1,269447,3590,0,41,0,0,0,LEADER,1,4,1,4,40,354,0,2834,0,0,0,0,0,0,0
272905,4,bully,3454,1,40,5527180,354,2835,2124,17010,1,1,269451,3454,0,41,0,0,0,NORMAL,0,3,2,4,81,354,0,2835,0,0,0,0,0,0,0
272649,9,bully,3202,1,40,5517030,354,2831,2124,16986,1,1,269447,3202,0,41,0,0,0,NORMAL,0,3,2,3,117,354,0,2831,0,0,0,0,0,0,0
272923,3,bully,3475,1,40,5527961,354,2839,2124,17034,1,1,269448,3475,0,41,0,0,0,NORMAL,0,3,2,3,120,354,0,2839,0,0,0,0,0,0,0
273096,10,bully,3645,1,40,5534820,354,2831,2124,16986,1,1,269451,3645,0,41,0,0,0,NORMAL,0,3,2,3,160,354,0,2831,0,0,0,0,0,0,0
274514,8,bully,2760,1,40,5499385,357,2843,2142,17058,1,1,271754,2760,0,41,0,0,0,NORMAL,0,3,1,7,83,357,0,2843,0,0,0,0,0,0,0
274650,5,bully,2896,1,40,5504860,357,2846,2142,17076,1,1,271754,2896,0,41,0,0,0,NORMAL,0,3,1,7,82,357,0,2846,0,0,0,0,0,0,0
275066,7,bully,3317,1,40,5521617,357,2849,2142,17094,1,1,271749,3317,0,41,0,0,0,NORMAL,0,3,1,7,84,357,0,2849,0,0,0,0,0,0,0
274787,2,bully,3033,1,40,5510340,357,2852,2142,17112,1,1,271754,3033,0,41,0,0,0,NORMAL,0,3,1,7,81,357,0,2852,0,0,0,0,0,0,0
275092,6,bully,3339,1,40,5522556,357,2851,2142,17106,1,1,271753,3339,0,41,0,0,0,NORMAL,0,3,1,7,83,357,0,2851,0,0,0,0,0,0,0
275340,1,bully,3590,1,40,5532554,357,2858,2142,17148,1,1,271750,3590,0,41,0,0,0,LEADER,1,4,1,7,40,357,0,2858,0,0,0,0,0,0,0
275208,4,bully,3454,1,40,5527180,357,2859,2142,17154,1,1,271754,3454,0,41,0,0,0,NORMAL,0,3,1,7,81,357,0,2859,0,0,0,0,0,0,0
274952,9,bully,3202,1,40,5517030,357,2855,2142,17130,1,1,271750,3202,0,41,0,0,0,NORMAL,0,3,1,6,117,357,0,2855,0,0,0,0,0,0,0
275226,3,bully,3475,1,40,5527961,357,2863,2142,17178,1,1,271751,3475,0,41,0,0,0,NORMAL,0,3,1,6,120,357,0,2863,0,0,0,0,0,0,0
275399,10,bully,3645,1,40,5534820,357,2855,2142,17130,1,1,271754,3645,0,41,0,0,0,NORMAL,0,3,1,6,160,357,0,2855,0,0,0,0,0,0,0
276817,8,bully,2760,1,40,5499385,360,2867,2160,17202,1,1,274057,2760,0,41,0,0,0,NORMAL,0,3,1,10,83,360,0,2867,0,0,0,0,0,0,0
276953,5,bully,2896,1,40,5504860,360,2870,2160,17220,1,1,274057,2896,0,41,0,0,0,NORMAL,0,3,1,10,82,360,0,2870,0,0,0,0,0,0,0
277369,7,bully,3317,1,40,5521617,360,2873,2160,17238,1,1,274052,3317,0,41,0,0,0,NORMAL,0,3,1,10,84,360,0,2873,0,0,0,0,0,0,0
277090,2,bully,3033,1,40,5510340,360,2876,2160,17256,1,1,274057,3033,0,41,0,0,0,NORMAL,0,3,1,10,81,360,0,2876,0,0,0,0,0,0,0
277395,6,bully,3339,1,40,5522556,360,2876,2160,17256,1,1,274056,3339,0,41,0,0,0,NORMAL,0,3,1,10,83,360,0,2876,0,0,0,0,0,0,0
277643,1,bully,3590,1,40,5532554,360,2882,2160,17292,1,1,274053,3590,0,41,0,0,0,LEADER,1,4,1,10,40,360,0,2882,0,0,0,0,0,0,0
277511,4,bully,3454,1,40,5527180,360,2883,2160,17298,1,1,274057,3454,0,41,0,0,0,NORMAL,0,3,1,10,81,360,0,2883,0,0,0,0,0,0,0
277255,9,bully,3202,1,40,5517030,360,2879,2160,17274,1,1,274053,3202,0,41,0,0,0,NORMAL,0,3,1,9,117,360,0,2879,0,0,0,0,0,0,0
277528,3,bully,3475,1,40,5527961,360,2887,2160,17322,1,1,274053,3475,0,41,0,0,0,NORMAL,0,3,1,9,120,360,0,2887,0,0,0,0,0,0,0
277702,10,bully,3645,1,40,5534820,360,2879,2160,17274,1,1,274057,3645,0,41,0,0,0,NORMAL,0,3,1,9,160,360,0,2879,0,0,0,0,0,0,0
279120,8,bully,2760,1,41,5778505,363,2891,2178,17346,1,1,276360,2760,0,42,0,0,0,NORMAL,0,3,2,4,85,363,0,2891,0,0,0,0,0,0,0
279256,5,bully,2896,1,41,5784116,363,2894,2178,17364,1,1,276360,2896,0,42,0,0,0,NORMAL,0,3,2,4,84,363,0,2894,0,0,0,0,0,0,0
279672,7,bully,3317,1,41,5801289,363,2897,2178,17382,1,1,276355,3317,0,42,0,0,0,NORMAL,0,3,2,4,86,363,0,2897,0,0,0,0,0,0,0
279393,2,bully,3033,1,41,5789733,363,2900,2178,17400,1,1,276360,3033,0,42,0,0,0,NORMAL,0,3,2,4,83,363,0,2900,0,0,0,0,0,0,0
279698,6,bully,3339,1,41,5802254,363,2900,2178,17400,1,1,276359,3339,0,42,0,0,0,NORMAL,0,3,2,4,85,363,0,2900,0,0,0,0,0,0,0
279946,1,bully,3590,1,41,5812500,363,2906,2178,17436,1,1,276356,3590,0,42,0,0,0,LEADER,1,4,1,4,41,363,0,2906,0,0,0,0,0,0,0
279814,4,bully,3454,1,41,5806994,363,2907,2178,17442,1,1,276360,3454,0,42,0,0,0,NORMAL,0,3,2,4,83,363,0,2907,0,0,0,0,0,0,0
279558,9,bully,3202,1,41,5796588,363,2902,2178,17412,1,1,276356,3202,0,42,0,0,0,NORMAL,0,3,2,3,120,363,0,2902,0,0,0,0,0,0,0
279831,3,bully,3475,1,41,5807792,363,2911,2178,17466,1,1,276356,3475,0,42,0,0,0,NORMAL,0,3,2,3,123,363,0,2911,0,0,0,0,0,0,0
280005,10,bully,3645,1,41,5814825,363,2902,2178,17412,1,1,276360,3645,0,42,0,0,0,NORMAL,0,3,2,3,164,363,0,2902,0,0,0,0,0,0,0
281423,8,bully,2760,1,41,5778505,366,2914,2196,17484,1,1,278663,2760,0,42,0,0,0,NORMAL,0,3,1,7,85,366,0,2914,0,0,0,0,0,0,0
281559,5,bully,2896,1,41,5784116,366,2917,2196,17502,1,1,278663,2896,0,42,0,0,0,NORMAL,0,3,1,7,84,366,0,2917,0,0,0,0,0,0,0
281975,7,bully,3317,1,41,5801289,366,2920,2196,17520,1,1,278658,3317,0,42,0,0,0,NORMAL,0,3,1,7,86,366,0,2920,0,0,0,0,0,0,0
281696,2,bully,3033,1,41,5789733,366,2924,2196,17544,1,1,278663,3033,0,42,0,0,0,NORMAL,0,3,1,7,83,366,0,2924,0,0,0,0,0,0,0
282001,6,bully,3339,1,41,5802254,366,2922,2196,17532,1,1,278662,3339,0,42,0,0,0,NORMAL,0,3,1,7,85,366,0,2922,0,0,0,0,0,0,0
282249,1,bully,3590,1,41,5812500,366,2930,2196,17580,1,1,278659,3590,0,42,0,0,0,LEADER,1,4,1,7,41,366,0,2930,0,0,0,0,0,0,0
282117,4,bully,3454,1,41,5806994,366,2931,2196,17586,1,1,278663,3454,0,42,0,0,0,NORMAL,0,3,1,7,83,366,0,2931,0,0,0,0,0,0,0
281861,9,bully,3202,1,41,5796588,366,2926,2196,17556,1,1,278659,3202,0,42,0,0,0,NORMAL,0,3,1,6,120,366,0,2926,0,0,0,0,0,0,0
282134,3,bully,3475,1,41,5807792,366,2935,2196,17610,1,1,278659,3475,0,42,0,0,0,NORMAL,0,3,1,6,123,366,0,2935,0,0,0,0,0,0,0
282308,10,bully,3645,1,41,5814825,366,2926,2196,17556,1,1,278663,3645,0,42,0,0,0,NORMAL,0,3,1,6,164,366,0,2926,0,0,0,0,0,0,0
283726,8,bully,2760,1,41,5778505,369,2938,2214,17628,1,1,280966,2760,0,42,0,0,0,NORMAL,0,3,1,10,85,369,0,2938,0,0,0,0,0,0,0
283862,5,bully,2896,1,41,5784116,369,2941,2214,17646,1,1,280966,2896,0,42,0,0,0,NORMAL,0,3,1,10,84,369,0,2941,0,0,0,0,0,0,0
284278,7,bully,3317,1,41,5801289,369,2944,2214,17664,1,1,280961,3317,0,42,0,0,0,NORMAL,0,3,1,10,86,369,0,2944,0,0,0,0,0,0,0
283999,2,bully,3033,1,41,5789733,369,2948,2214,17688,1,1,280966,3033,0,42,0,0,0,NORMAL,0,3,1,10,83,369,0,2948,0,0,0,0,0,0,0
284304,6,bully,3339,1,41,5802254,369,2946,2214,17676,1,1,280965,3339,0,42,0,0,0,NORMAL,0,3,1,10,85,369,0,2946,0,0,0,0,0,0,0
284552,1,bully,3590,1,41,5812500,369,2954,2214,17724,1,1,280962,3590,0,42,0,0,0,LEADER,1,4,1,10,41,369,0,2954,0,0,0,0,0,0,0
284420,4,bully,3454,1,41,5806994,369,2955,2214,17730,1,1,280966,3454,0,42,0,0,0,NORMAL,0,3,1,10,83,369,0,2955,0,0,0,0,0,0,0
284164,9,bully,3202,1,41,5796588,369,2950,2214,17700,1,1,280962,3202,0,42,0,0,0,NORMAL,0,3,1,9,120,369,0,2950,0,0,0,0,0,0,0
284437,3,bully,3475,1,41,5807792,369,2959,2214,17754,1,1,280962,3475,0,42,0,0,0,NORMAL,0,3,1,9,123,369,0,2959,0,0,0,0,0,0,0
284611,10,bully,3645,1,41,5814825,369,2949,2214,17694,1,1,280966,3645,0,42,0,0,0,NORMAL,0,3,1,9,164,369,0,2949,0,0,0,0,0,0,0
286029,8,bully,2760,1,42,6064534,372,2962,2232,17772,1,1,283269,2760,0,43,0,0,0,NORMAL,0,3,2,4,87,372,0,2962,0,0,0,0,0,0,0
286165,5,bully,2896,1,42,6070281,372,2965,2232,17790,1,1,283269,2896,0,43,0,0,0,NORMAL,0,3,2,4,86,372,0,2965,0,0,0,0,0,0,0
286581,7,bully,3317,1,42,6087870,372,2968,2232,17808,1,1,283264,3317,0,43,0,0,0,NORMAL,0,3,2,4,88,372,0,2968,0,0,0,0,0,0,0
286302,2,bully,3033,1,42,6076035,372,2972,2232,17832,1,1,283269,3033,0,43,0,0,0,NORMAL,0,3,2,4,85,372,0,2972,0,0,0,0,0,0,0
286606,6,bully,3339,1,42,6088860,372,2970,2232,17820,1,1,283267,3339,0,43,0,0,0,NORMAL,0,3,2,4,87,372,0,2970,0,0,0,0,0,0,0
286855,1,bully,3590,1,42,6099355,372,2978,2232,17868,1,1,283265,3590,0,43,0,0,0,LEADER,1,4,1,4,42,372,0,2978,0,0,0,0,0,0,0
286723,4,bully,3454,1,42,6093717,372,2979,2232,17874,1,1,283269,3454,0,43,0,0,0,NORMAL,0,3,2,4,85,372,0,2979,0,0,0,0,0,0,0
286467,9,bully,3202,1,42,6083055,372,2974,2232,17844,1,1,283265,3202,0,43,0,0,0,NORMAL,0,3,2,3,123,372,0,2974,0,0,0,0,0,0,0
286740,3,bully,3475,1,42,6094532,372,2983,2232,17898,1,1,283265,3475,0,43,0,0,0,NORMAL,0,3,2,3,126,372,0,2983,0,0,0,0,0,0,0
286914,10,bully,3645,1,42,6101739,372,2973,2232,17838,1,1,283269,3645,0,43,0,0,0,NORMAL,0,3,2,3,168,372,0,2973,0,0,0,0,0,0,0
288332,8,bully,2760,1,42,6064534,375,2986,2250,17916,1,1,285572,2760,0,43,0,0,0,NORMAL,0,3,1,7,87,375,0,2986,0,0,0,0,0,0,0
288468,5,bully,2896,1,42,6070281,375,2989,2250,17934,1,1,285572,2896,0,43,0,0,0,NORMAL,0,3,1,7,86,375,0,2989,0,0,0,0,0,0,0
288884,7,bully,3317,1,42,6087870,375,2992,2250,17952,1,1,285567,3317,0,43,0,0,0,NORMAL,0,3,1,7,88,375,0,2992,0,0,0,0,0,0,0
288605,2,bully,3033,1,42,6076035,375,2996,2250,17976,1,1,285572,3033,0,43,0,0,0,NORMAL,0,3,1,7,85,375,0,2996,0,0,0,0,0,0,0
288909,6,bully,3339,1,42,6088860,375,2995,2250,17970,1,1,285570,3339,0,43,0,0,0,NORMAL,0,3,1,7,87,375,0,2995,0,0,0,0,0,0,0
289158,1,bully,3590,1,42,6099355,375,3002,2250,18012,1,1,285568,3590,0,43,0,0,0,LEADER,1,4,1,7,42,375,0,3002,0,0,0,0,0,0,0
289026,4,bully,3454,1,42,6093717,375,3003,2250,18018,1,1,285572,3454,0,43,0,0,0,NORMAL,0,3,1,7,85,375,0,3003,0,0,0,0,0,0,0
288770,9,bully,3202,1,42,6083055,375,2998,2250,17988,1,1,285568,3202,0,43,0,0,0,NORMAL,0,3,1,6,123,375,0,2998,0,0,0,0,0,0,0
289043,3,bully,3475,1,42,6094532,375,3007,2250,18042,1,1,285568,3475,0,43,0,0,0,NORMAL,0,3,1,6,126,375,0,3007,0,0,0,0,0,0,0
289217,10,bully,3645,1,42,6101739,375,2997,2250,17982,1,1,285572,3645,0,43,0,0,0,NORMAL,0,3,1,6,168,375,0,2997,0,0,0,0,0,0,0
290635,8,bully,2760,1,42,6064534,378,3010,2268,18060,1,1,287875,2760,0,43,0,0,0,NORMAL,0,3,1,10,87,378,0,3010,0,0,0,0,0,0,0
290771,5,bully,2896,1,42,6070281,378,3013,2268,18078,1,1,287875,2896,0,43,0,0,0,NORMAL,0,3,1,10,86,378,0,3013,0,0,0,0,0,0,0
291187,7,bully,3317,1,42,6087870,378,3015,2268,18090,1,1,287870,3317,0,43,0,0,0,NORMAL,0,3,1,10,88,378,0,3015,0,0,0,0,0,0,0
290908,2,bully,3033,1,42,6076035,378,3020,2268,18120,1,1,287875,3033,0,43,0,0,0,NORMAL,0,3,1,10,85,378,0,3020,0,0,0,0,0,0,0
291212,6,bully,3339,1,42,6088860,378,3019,2268,18114,1,1,287873,3339,0,43,0,0,0,NORMAL,0,3,1,10,87,378,0,3019,0,0,0,0,0,0,0
291461,1,bully,3590,1,42,6099355,378,3026,2268,18156,1,1,287871,3590,0,43,0,0,0,LEADER,1,4,1,10,42,378,0,3026,0,0,0,0,0,0,0
291329,4,bully,3454,1,42,6093717,378,3027,2268,18162,1,1,287875,3454,0,43,0,0,0,NORMAL,0,3,1,10,85,378,0,3027,0,0,0,0,0,0,0
291073,9,bully,3202,1,42,6083055,378,3022,2268,18132,1,1,287871,3202,0,43,0,0,0,NORMAL,0,3,1,9,123,378,0,3022,0,0,0,0,0,0,0
291346,3,bully,3475,1,42,6094532,378,3031,2268,18186,1,1,287871,3475,0,43,0,0,0,NORMAL,0,3,1,9,126,378,0,3031,0,0,0,0,0,0,0
291520,10,bully,3645,1,42,6101739,378,3021,2268,18126,1,1,287875,3645,0,43,0,0,0,NORMAL,0,3,1,9,168,378,0,3021,0,0,0,0,0,0,0
292938,8,bully,2760,1,43,6357472,381,3033,2286,18198,1,1,290178,2760,0,44,0,0,0,NORMAL,0,3,2,4,89,381,0,3033,0,0,0,0,0,0,0
293074,5,bully,2896,1,43,6363355,381,3037,2286,18222,1,1,290178,2896,0,44,0,0,0,NORMAL,0,3,2,4,88,381,0,3037,0,0,0,0,0,0,0
293490,7,bully,3317,1,43,6381360,381,3039,2286,18234,1,1,290173,3317,0,44,0,0,0,NORMAL,0,3,2,4,90,381,0,3039,0,0,0,0,0,0,0
293211,2,bully,3033,1,43,6369246,381,3044,2286,18264,1,1,290178,3033,0,44,0,0,0,NORMAL,0,3,2,4,87,381,0,3044,0,0,0,0,0,0,0
293515,6,bully,3339,1,43,6382375,381,3042,2286,18252,1,1,290176,3339,0,44,0,0,0,NORMAL,0,3,2,4,89,381,0,3042,0,0,0,0,0,0,0
293764,1,bully,3590,1,43,6393119,381,3050,2286,18300,1,1,290174,3590,0,44,0,0,0,LEADER,1,4,1,4,43,381,0,3050,0,0,0,0,0,0,0
293632,4,bully,3454,1,43,6387349,381,3051,2286,18306,1,1,290178,3454,0,44,0,0,0,NORMAL,0,3,2,4,87,381,0,3051,0,0,0,0,0,0,0
293376,9,bully,3202,1,43,6376431,381,3046,2286,18276,1,1,290174,3202,0,44,0,0,0,NORMAL,0,3,2,3,126,381,0,3046,0,0,0,0,0,0,0
293649,3,bully,3475,1,43,6388181,381,3055,2286,18330,1,1,290174,3475,0,44,0,0,0,NORMAL,0,3,2,3,129,381,0,3055,0,0,0,0,0,0,0
293823,10,bully,3645,1,43,6395562,381,3045,2286,18270,1,1,290178,3645,0,44,0,0,0,NORMAL,0,3,2,3,172,381,0,3045,0,0,0,0,0,0,0
295241,8,bully,2760,1,43,6357472,384,3057,2304,18342,1,1,292481,2760,0,44,0,0,0,NORMAL,0,3,1,7,89,384,0,3057,0,0,0,0,0,0,0
295377,5,bully,2896,1,43,6363355,384,3061,2304,18366,1,1,292481,2896,0,44,0,0,0,NORMAL,0,3,1,7,88,384,0,3061,0,0,0,0,0,0,0
295793,7,bully,3317,1,43,6381360,384,3063,2304,18378,1,1,292476,3317,0,44,0,0,0,NORMAL,0,3,1,7,90,384,0,3063,0,0,0,0,0,0,0
295514,2,bully,3033,1,43,6369246,384,3068,2304,18408,1,1,292481,3033,0,44,0,0,0,NORMAL,0,3,1,7,87,384,0,3068,0,0,0,0,0,0,0
295818,6,bully,3339,1,43,6382375,384,3066,2304,18396,1,1,292479,3339,0,44,0,0,0,NORMAL,0,3,1,7,89,384,0,3066,0,0,0,0,0,0,0
296067,1,bully,3590,1,43,6393119,384,3074,2304,18444,1,1,292477,3590,0,44,0,0,0,LEADER,1,4,1,7,43,384,0,3074,0,0,0,0,0,0,0
295935,4,bully,3454,1,43,6387349,384,3075,2304,18450,1,1,292481,3454,0,44,0,0,0,NORMAL,0,3,1,7,87,384,0,3075,0,0,0,0,0,0,0
295679,9,bully,3202,1,43,6376431,384,3070,2304,18420,1,1,292477,3202,0,44,0,0,0,NORMAL,0,3,1,6,126,384,0,3070,0,0,0,0,0,0,0
295952,3,bully,3475,1,43,6388181,384,3079,2304,18474,1,1,292477,3475,0,44,0,0,0,NORMAL,0,3,1,6,129,384,0,3079,0,0,0,0,0,0,0
296126,10,bully,3645,1,43,6395562,384,3069,2304,18414,1,1,292481,3645,0,44,0,0,0,NORMAL,0,3,1,6,172,384,0,3069,0,0,0,0,0,0,0
297544,8,bully,2760,1,43,6357472,387,3081,2322,18486,1,1,294784,2760,0,44,0,0,0,NORMAL,0,3,1,10,89,387,0,3081,0,0,0,0,0,0,0
297680,5,bully,2896,1,43,6363355,387,3085,2322,18510,1,1,294784,2896,0,44,0,0,0,NORMAL,0,3,1,10,88,387,0,3085,0,0,0,0,0,0,0
298096,7,bully,3317,1,43,6381360,387,3087,2322,18522,1,1,294779,3317,0,44,0,0,0,NORMAL,0,3,1,10,90,387,0,3087,0,0,0,0,0,0,0
297817,2,bully,3033,1,43,6369246,387,3092,2322,18552,1,1,294784,3033,0,44,0,0,0,NORMAL,0,3,1,10,87,387,0,3092,0,0,0,0,0,0,0
298121,6,bully,3339,1,43,6382375,387,3091,2322,18546,1,1,294782,3339,0,44,0,0,0,NORMAL,0,3,1,10,89,387,0,3091,0,0,0,0,0,0,0
298370,1,bully,3590,1,43,6393119,387,3098,2322,18588,1,1,294780,3590,0,44,0,0,0,LEADER,1,4,1,10,43,387,0,3098,0,0,0,0,0,0,0
298238,4,bully,3454,1,43,6387349,387,3099,2322,18594,1,1,294784,3454,0,44,0,0,0,NORMAL,0,3,1,10,87,387,0,3099,0,0,0,0,0,0,0
297982,9,bully,3202,1,43,6376431,387,3094,2322,18564,1,1,294780,3202,0,44,0,0,0,NORMAL,0,3,1,9,126,387,0,3094,0,0,0,0,0,0,0
298255,3,bully,3475,1,43,6388181,387,3103,2322,18618,1,1,294780,3475,0,44,0,0,0,NORMAL,0,3,1,9,129,387,0,3103,0,0,0,0,0,0,0
298429,10,bully,3645,1,43,6395562,387,3093,2322,18558,1,1,294784,3645,0,44,0,0,0,NORMAL,0,3,1,9,172,387,0,3093,0,0,0,0,0,0,0
299847,8,bully,2760,1,44,6657319,390,3105,2340,18630,1,1,297087,2760,0,45,0,0,0,NORMAL,0,3,2,4,91,390,0,3105,0,0,0,0,0,0,0
