timestamp,node_id,algorithm,first_convergence_time_ms,elections_started,elections_completed,total_election_time_ms,messages_sent,messages_received,bytes_sent,bytes_received,leader_changes,current_leader,time_in_normal_ms,time_in_election_ms,time_in_waiting_ms,state_transitions,timeouts_detected,heartbeats_sent,heartbeats_received,current_state,am_leader,elections_won,elections_lost,msg_election_sent,msg_answer_sent,msg_coordinator_sent,msg_alive_sent,msg_election_recv,msg_answer_recv,msg_coordinator_recv,msg_alive_recv,duplicates_filtered,invalid_coordinators,coordinator_reannouncements,alive_adoptions
2851,3,bully,2851,1,1,2851,3,3,18,18,1,1,0,2851,0,2,0,0,0,NORMAL,0,3,2,2,3,3,0,3,0,0,0,0,0,0,0
3136,8,bully,3136,1,1,3136,3,4,18,24,1,3,0,3136,0,2,0,0,0,NORMAL,0,3,2,5,3,3,0,4,0,0,0,0,0,0,0
3294,4,bully,3294,1,1,3294,3,6,18,36,1,1,0,3294,0,2,0,0,0,NORMAL,0,3,2,2,4,3,0,6,0,0,0,0,0,0,0
3272,5,bully,3272,1,1,3272,3,6,18,36,1,1,0,3272,0,2,0,0,0,NORMAL,0,3,2,2,4,3,0,6,0,0,0,0,0,0,0
3021,10,bully,3021,1,1,3021,3,2,18,12,1,1,0,3021,0,2,0,0,0,NORMAL,0,3,2,3,3,3,0,2,0,0,0,0,0,0,0
2715,6,bully,2715,1,1,2715,3,5,18,30,1,1,0,2715,0,2,0,0,0,NORMAL,0,3,2,2,4,3,0,5,0,0,0,0,0,0,0
2966,1,bully,2966,1,1,2966,3,2,18,12,1,1,0,2966,0,2,0,0,0,LEADER,1,4,1,4,1,3,0,2,0,0,0,0,0,0,0
3578,9,bully,3578,1,1,3578,3,4,18,24,1,3,0,3578,0,2,0,0,0,NORMAL,0,3,2,5,4,3,0,4,0,0,0,0,0,0,0
3157,7,bully,3157,1,1,3157,3,8,18,48,1,1,0,3157,0,2,0,0,0,NORMAL,0,3,2,2,4,3,0,8,0,0,0,0,0,0,0
3409,2,bully,3409,1,1,3409,3,9,18,54,1,1,0,3409,0,2,0,0,0,NORMAL,0,3,2,4,2,3,0,9,0,0,0,0,0,0,0
5154,3,bully,2851,1,1,2851,6,9,36,54,1,1,2303,2851,0,2,0,0,0,NORMAL,0,3,1,5,3,6,0,9,0,0,0,0,0,0,0
5439,8,bully,3136,1,1,3136,6,10,36,60,1,3,2303,3136,0,2,0,0,0,NORMAL,0,3,1,3,5,6,0,10,0,0,0,0,0,0,0
5597,4,bully,3294,1,1,3294,6,12,36,72,1,1,2303,3294,0,2,0,0,0,NORMAL,0,3,1,5,4,6,0,12,0,0,0,0,0,0,0
5575,5,bully,3272,1,1,3272,6,11,36,66,1,1,2303,3272,0,2,0,0,0,NORMAL,0,3,1,5,4,6,0,11,0,0,0,0,0,0,0
5324,10,bully,3021,1,1,3021,6,5,36,30,1,1,2303,3021,0,2,0,0,0,NORMAL,0,3,1,6,3,6,0,5,0,0,0,0,0,0,0
5018,6,bully,2715,1,1,2715,6,11,36,66,1,1,2303,2715,0,2,0,0,0,NORMAL,0,3,1,5,4,6,0,11,0,0,0,0,0,0,0
5269,1,bully,2966,1,1,2966,6,5,36,30,1,1,2303,2966,0,2,0,0,0,LEADER,1,4,1,7,1,6,0,5,0,0,0,0,0,0,0
5881,9,bully,3578,1,1,3578,6,7,36,42,1,3,2303,3578,0,2,0,0,0,NORMAL,0,3,1,3,6,6,0,7,0,0,0,0,0,0,0
5460,7,bully,3157,1,1,3157,6,14,36,84,1,1,2303,3157,0,2,0,0,0,NORMAL,0,3,1,5,4,6,0,14,0,0,0,0,0,0,0
5712,2,bully,3409,1,1,3409,6,15,36,90,1,1,2303,3409,0,2,0,0,0,NORMAL,0,3,1,7,2,6,0,15,0,0,0,0,0,0,0
7457,3,bully,2851,1,1,2851,9,15,54,90,1,1,4606,2851,0,2,0,0,0,NORMAL,0,3,1,8,3,9,0,15,0,0,0,0,0,0,0
7742,8,bully,3136,1,1,3136,9,16,54,96,1,3,4606,3136,0,2,0,0,0,NORMAL,0,3,1,6,5,9,0,16,0,0,0,0,0,0,0
7900,4,bully,3294,1,1,3294,9,18,54,108,1,1,4606,3294,0,2,0,0,0,NORMAL,0,3,1,8,4,9,0,18,0,0,0,0,0,0,0
7878,5,bully,3272,1,1,3272,9,18,54,108,1,1,4606,3272,0,2,0,0,0,NORMAL,0,3,1,8,4,9,0,18,0,0,0,0,0,0,0
7627,10,bully,3021,1,1,3021,9,8,54,48,1,1,4606,3021,0,2,0,0,0,NORMAL,0,3,1,9,3,9,0,8,0,0,0,0,0,0,0
7321,6,bully,2715,1,1,2715,9,17,54,102,1,1,4606,2715,0,2,0,0,0,NORMAL,0,3,1,8,4,9,0,17,0,0,0,0,0,0,0
7572,1,bully,2966,1,1,2966,9,8,54,48,1,1,4606,2966,0,2,0,0,0,LEADER,1,4,1,10,1,9,0,8,0,0,0,0,0,0,0
8184,9,bully,3578,1,1,3578,9,10,54,60,1,3,4606,3578,0,2,0,0,0,NORMAL,0,3,1,6,6,9,0,10,0,0,0,0,0,0,0
7763,7,bully,3157,1,1,3157,9,20,54,120,1,1,4606,3157,0,2,0,0,0,NORMAL,0,3,1,8,4,9,0,20,0,0,0,0,0,0,0
8015,2,bully,3409,1,1,3409,9,21,54,126,1,1,4606,3409,0,2,0,0,0,NORMAL,0,3,1,10,2,9,0,21,0,0,0,0,0,0,0
9760,3,bully,2851,1,2,12611,12,21,72,126,1,1,6909,2851,0,3,0,0,0,NORMAL,0,3,2,3,6,12,0,21,0,0,0,0,0,0,0
10045,8,bully,3136,1,2,13181,12,22,72,132,2,1,6909,3136,0,3,0,0,0,NORMAL,0,3,2,3,8,12,0,22,0,0,0,0,0,0,0
10203,4,bully,3294,1,2,13497,12,24,72,144,1,1,6909,3294,0,3,0,0,0,NORMAL,0,3,2,3,7,12,0,24,0,0,0,0,0,0,0
10181,5,bully,3272,1,2,13453,12,23,72,138,1,1,6909,3272,0,3,0,0,0,NORMAL,0,3,2,4,6,12,0,23,0,0,0,0,0,0,0
9930,10,bully,3021,1,2,12951,12,11,72,66,1,1,6909,3021,0,3,0,0,0,NORMAL,0,3,2,4,5,12,0,11,0,0,0,0,0,0,0
9624,6,bully,2715,1,2,12339,12,23,72,138,1,1,6909,2715,0,3,0,0,0,NORMAL,0,3,2,4,6,12,0,23,0,0,0,0,0,0,0
9875,1,bully,2966,1,2,12841,12,11,72,66,1,1,6909,2966,0,3,0,0,0,LEADER,1,4,1,4,2,12,0,11,0,0,0,0,0,0,0
10487,9,bully,3578,1,2,14065,12,13,72,78,2,1,6909,3578,0,3,0,0,0,NORMAL,0,3,2,3,9,12,0,13,0,0,0,0,0,0,0
10066,7,bully,3157,1,2,13223,12,26,72,156,1,1,6909,3157,0,3,0,0,0,NORMAL,0,3,2,3,7,12,0,26,0,0,0,0,0,0,0
10318,2,bully,3409,1,2,13727,12,27,72,162,1,1,6909,3409,0,3,0,0,0,NORMAL,0,3,2,3,5,12,0,27,0,0,0,0,0,0,0
12063,3,bully,2851,1,2,12611,15,27,90,162,1,1,9212,2851,0,3,0,0,0,NORMAL,0,3,1,6,6,15,0,27,0,0,0,0,0,0,0
12348,8,bully,3136,1,2,13181,15,28,90,168,2,1,9212,3136,0,3,0,0,0,NORMAL,0,3,1,6,8,15,0,28,0,0,0,0,0,0,0
12506,4,bully,3294,1,2,13497,15,30,90,180,1,1,9212,3294,0,3,0,0,0,NORMAL,0,3,1,6,7,15,0,30,0,0,0,0,0,0,0
12484,5,bully,3272,1,2,13453,15,29,90,174,1,1,9212,3272,0,3,0,0,0,NORMAL,0,3,1,7,6,15,0,29,0,0,0,0,0,0,0
12233,10,bully,3021,1,2,12951,15,14,90,84,1,1,9212,3021,0,3,0,0,0,NORMAL,0,3,1,7,5,15,0,14,0,0,0,0,0,0,0
11927,6,bully,2715,1,2,12339,15,29,90,174,1,1,9212,2715,0,3,0,0,0,NORMAL,0,3,1,7,6,15,0,29,0,0,0,0,0,0,0
12178,1,bully,2966,1,2,12841,15,14,90,84,1,1,9212,2966,0,3,0,0,0,LEADER,1,4,1,7,2,15,0,14,0,0,0,0,0,0,0
12790,9,bully,3578,1,2,14065,15,16,90,96,2,1,9212,3578,0,3,0,0,0,NORMAL,0,3,1,6,9,15,0,16,0,0,0,0,0,0,0
12369,7,bully,3157,1,2,13223,15,32,90,192,1,1,9212,3157,0,3,0,0,0,NORMAL,0,3,1,6,7,15,0,32,0,0,0,0,0,0,0
12621,2,bully,3409,1,2,13727,15,33,90,198,1,1,9212,3409,0,3,0,0,0,NORMAL,0,3,1,6,5,15,0,33,0,0,0,0,0,0,0
14366,3,bully,2851,1,2,12611,18,33,108,198,1,1,11515,2851,0,3,0,0,0,NORMAL,0,3,1,9,6,18,0,33,0,0,0,0,0,0,0
14651,8,bully,3136,1,2,13181,18,34,108,204,2,1,11515,3136,0,3,0,0,0,NORMAL,0,3,1,9,8,18,0,34,0,0,0,0,0,0,0
14809,4,bully,3294,1,2,13497,18,36,108,216,1,1,11515,3294,0,3,0,0,0,NORMAL,0,3,1,9,7,18,0,36,0,0,0,0,0,0,0
14787,5,bully,3272,1,2,13453,18,36,108,216,1,1,11515,3272,0,3,0,0,0,NORMAL,0,3,1,10,6,18,0,36,0,0,0,0,0,0,0
14536,10,bully,3021,1,2,12951,18,17,108,102,1,1,11515,3021,0,3,0,0,0,NORMAL,0,3,1,10,5,18,0,17,0,0,0,0,0,0,0
14230,6,bully,2715,1,2,12339,18,35,108,210,1,1,11515,2715,0,3,0,0,0,NORMAL,0,3,1,10,6,18,0,35,0,0,0,0,0,0,0
14481,1,bully,2966,1,2,12841,18,17,108,102,1,1,11515,2966,0,3,0,0,0,LEADER,1,4,1,10,2,18,0,17,0,0,0,0,0,0,0
15093,9,bully,3578,1,2,14065,18,19,108,114,2,1,11515,3578,0,3,0,0,0,NORMAL,0,3,1,9,9,18,0,19,0,0,0,0,0,0,0
14672,7,bully,3157,1,2,13223,18,38,108,228,1,1,11515,3157,0,3,0,0,0,NORMAL,0,3,1,9,7,18,0,38,0,0,0,0,0,0,0
14924,2,bully,3409,1,2,13727,18,39,108,234,1,1,11515,3409,0,3,0,0,0,NORMAL,0,3,1,9,5,18,0,39,0,0,0,0,0,0,0
16669,3,bully,2851,1,3,29280,21,39,126,234,1,1,13818,2851,0,4,0,0,0,NORMAL,0,3,2,3,9,21,0,39,0,0,0,0,0,0,0
16954,8,bully,3136,1,3,30135,21,40,126,240,2,1,13818,3136,0,4,0,0,0,NORMAL,0,3,2,3,11,21,0,40,0,0,0,0,0,0,0
17112,4,bully,3294,1,3,30609,21,42,126,252,1,1,13818,3294,0,4,0,0,0,NORMAL,0,3,2,3,10,21,0,42,0,0,0,0,0,0,0
17090,5,bully,3272,1,3,30543,21,42,126,252,1,1,13818,3272,0,4,0,0,0,NORMAL,0,3,2,4,8,21,0,42,0,0,0,0,0,0,0
16839,10,bully,3021,1,3,29790,21,20,126,120,1,1,13818,3021,0,4,0,0,0,NORMAL,0,3,2,4,7,21,0,20,0,0,0,0,0,0,0
16533,6,bully,2715,1,3,28872,21,41,126,246,1,1,13818,2715,0,4,0,0,0,NORMAL,0,3,2,4,8,21,0,41,0,0,0,0,0,0,0
16783,1,bully,2966,1,3,29624,21,20,126,120,1,1,13817,2966,0,4,0,0,0,LEADER,1,4,1,4,3,21,0,20,0,0,0,0,0,0,0
17396,9,bully,3578,1,3,31461,21,22,126,132,2,1,13818,3578,0,4,0,0,0,NORMAL,0,3,2,3,12,21,0,22,0,0,0,0,0,0,0
16975,7,bully,3157,1,3,30198,21,44,126,264,1,1,13818,3157,0,4,0,0,0,NORMAL,0,3,2,3,10,21,0,44,0,0,0,0,0,0,0
17227,2,bully,3409,1,3,30954,21,45,126,270,1,1,13818,3409,0,4,0,0,0,NORMAL,0,3,2,3,8,21,0,45,0,0,0,0,0,0,0
18972,3,bully,2851,1,3,29280,24,45,144,270,1,1,16121,2851,0,4,0,0,0,NORMAL,0,3,1,6,9,24,0,45,0,0,0,0,0,0,0
19257,8,bully,3136,1,3,30135,24,46,144,276,2,1,16121,3136,0,4,0,0,0,NORMAL,0,3,1,6,11,24,0,46,0,0,0,0,0,0,0
19415,4,bully,3294,1,3,30609,24,48,144,288,1,1,16121,3294,0,4,0,0,0,NORMAL,0,3,1,6,10,24,0,48,0,0,0,0,0,0,0
19393,5,bully,3272,1,3,30543,24,47,144,282,1,1,16121,3272,0,4,0,0,0,NORMAL,0,3,1,7,8,24,0,47,0,0,0,0,0,0,0
19142,10,bully,3021,1,3,29790,24,23,144,138,1,1,16121,3021,0,4,0,0,0,NORMAL,0,3,1,7,7,24,0,23,0,0,0,0,0,0,0
18836,6,bully,2715,1,3,28872,24,47,144,282,1,1,16121,2715,0,4,0,0,0,NORMAL,0,3,1,7,8,24,0,47,0,0,0,0,0,0,0
19085,1,bully,2966,1,3,29624,24,23,144,138,1,1,16119,2966,0,4,0,0,0,LEADER,1,4,1,7,3,24,0,23,0,0,0,0,0,0,0
19699,9,bully,3578,1,3,31461,24,25,144,150,2,1,16121,3578,0,4,0,0,0,NORMAL,0,3,1,6,12,24,0,25,0,0,0,0,0,0,0
19278,7,bully,3157,1,3,30198,24,50,144,300,1,1,16121,3157,0,4,0,0,0,NORMAL,0,3,1,6,10,24,0,50,0,0,0,0,0,0,0
19530,2,bully,3409,1,3,30954,24,51,144,306,1,1,16121,3409,0,4,0,0,0,NORMAL,0,3,1,6,8,24,0,51,0,0,0,0,0,0,0
21275,3,bully,2851,1,3,29280,27,51,162,306,1,1,18424,2851,0,4,0,0,0,NORMAL,0,3,1,9,9,27,0,51,0,0,0,0,0,0,0
21560,8,bully,3136,1,3,30135,27,52,162,312,2,1,18424,3136,0,4,0,0,0,NORMAL,0,3,1,9,11,27,0,52,0,0,0,0,0,0,0
21718,4,bully,3294,1,3,30609,27,54,162,324,1,1,18424,3294,0,4,0,0,0,NORMAL,0,3,1,9,10,27,0,54,0,0,0,0,0,0,0
21696,5,bully,3272,1,3,30543,27,53,162,318,1,1,18424,3272,0,4,0,0,0,NORMAL,0,3,1,10,8,27,0,53,0,0,0,0,0,0,0
21445,10,bully,3021,1,3,29790,27,26,162,156,1,1,18424,3021,0,4,0,0,0,NORMAL,0,3,1,10,7,27,0,26,0,0,0,0,0,0,0
21139,6,bully,2715,1,3,28872,27,53,162,318,1,1,18424,2715,0,4,0,0,0,NORMAL,0,3,1,10,8,27,0,53,0,0,0,0,0,0,0
21388,1,bully,2966,1,3,29624,27,26,162,156,1,1,18422,2966,0,4,0,0,0,LEADER,1,4,1,10,3,27,0,26,0,0,0,0,0,0,0
22002,9,bully,3578,1,3,31461,27,28,162,168,2,1,18424,3578,0,4,0,0,0,NORMAL,0,3,1,9,12,27,0,28,0,0,0,0,0,0,0
21581,7,bully,3157,1,3,30198,27,56,162,336,1,1,18424,3157,0,4,0,0,0,NORMAL,0,3,1,9,10,27,0,56,0,0,0,0,0,0,0
21833,2,bully,3409,1,3,30954,27,57,162,342,1,1,18424,3409,0,4,0,0,0,NORMAL,0,3,1,9,8,27,0,57,0,0,0,0,0,0,0
23578,3,bully,2851,1,4,52858,30,57,180,342,1,1,20727,2851,0,5,0,0,0,NORMAL,0,3,2,3,12,30,0,57,0,0,0,0,0,0,0
23863,8,bully,3136,1,4,53998,30,58,180,348,2,1,20727,3136,0,5,0,0,0,NORMAL,0,3,2,3,14,30,0,58,0,0,0,0,0,0,0
24021,4,bully,3294,1,4,54630,30,60,180,360,1,1,20727,3294,0,5,0,0,0,NORMAL,0,3,2,3,13,30,0,60,0,0,0,0,0,0,0
23999,5,bully,3272,1,4,54542,30,59,180,354,1,1,20727,3272,0,5,0,0,0,NORMAL,0,3,2,4,11,30,0,59,0,0,0,0,0,0,0
23748,10,bully,3021,1,4,53538,30,29,180,174,1,1,20727,3021,0,5,0,0,0,NORMAL,0,3,2,4,9,30,0,29,0,0,0,0,0,0,0
23442,6,bully,2715,1,4,52314,30,59,180,354,1,1,20727,2715,0,5,0,0,0,NORMAL,0,3,2,4,10,30,0,59,0,0,0,0,0,0,0
23691,1,bully,2966,1,4,53315,30,29,180,174,1,1,20725,2966,0,5,0,0,0,LEADER,1,4,1,4,4,30,0,29,0,0,0,0,0,0,0
24305,9,bully,3578,1,4,55766,30,31,180,186,2,1,20727,3578,0,5,0,0,0,NORMAL,0,3,2,3,15,30,0,31,0,0,0,0,0,0,0
23884,7,bully,3157,1,4,54082,30,62,180,372,1,1,20727,3157,0,5,0,0,0,NORMAL,0,3,2,3,13,30,0,62,0,0,0,0,0,0,0
24136,2,bully,3409,1,4,55090,30,63,180,378,1,1,20727,3409,0,5,0,0,0,NORMAL,0,3,2,3,11,30,0,63,0,0,0,0,0,0,0
25881,3,bully,2851,1,4,52858,33,63,198,378,1,1,23030,2851,0,5,0,0,0,NORMAL,0,3,1,6,12,33,0,63,0,0,0,0,0,0,0
26166,8,bully,3136,1,4,53998,33,64,198,384,2,1,23030,3136,0,5,0,0,0,NORMAL,0,3,1,6,14,33,0,64,0,0,0,0,0,0,0
26324,4,bully,3294,1,4,54630,33,66,198,396,1,1,23030,3294,0,5,0,0,0,NORMAL,0,3,1,6,13,33,0,66,0,0,0,0,0,0,0
26302,5,bully,3272,1,4,54542,33,65,198,390,1,1,23030,3272,0,5,0,0,0,NORMAL,0,3,1,7,11,33,0,65,0,0,0,0,0,0,0
26051,10,bully,3021,1,4,53538,33,32,198,192,1,1,23030,3021,0,5,0,0,0,NORMAL,0,3,1,7,9,33,0,32,0,0,0,0,0,0,0
25745,6,bully,2715,1,4,52314,33,65,198,390,1,1,23030,2715,0,5,0,0,0,NORMAL,0,3,1,7,10,33,0,65,0,0,0,0,0,0,0
25994,1,bully,2966,1,4,53315,33,32,198,192,1,1,23028,2966,0,5,0,0,0,LEADER,1,4,1,7,4,33,0,32,0,0,0,0,0,0,0
26608,9,bully,3578,1,4,55766,33,34,198,204,2,1,23030,3578,0,5,0,0,0,NORMAL,0,3,1,6,15,33,0,34,0,0,0,0,0,0,0
26187,7,bully,3157,1,4,54082,33,68,198,408,1,1,23030,3157,0,5,0,0,0,NORMAL,0,3,1,6,13,33,0,68,0,0,0,0,0,0,0
26439,2,bully,3409,1,4,55090,33,69,198,414,1,1,23030,3409,0,5,0,0,0,NORMAL,0,3,1,6,11,33,0,69,0,0,0,0,0,0,0
28184,3,bully,2851,1,4,52858,36,69,216,414,1,1,25333,2851,0,5,0,0,0,NORMAL,0,3,1,9,12,36,0,69,0,0,0,0,0,0,0
28469,8,bully,3136,1,4,53998,36,70,216,420,2,1,25333,3136,0,5,0,0,0,NORMAL,0,3,1,9,14,36,0,70,0,0,0,0,0,0,0
28627,4,bully,3294,1,4,54630,36,72,216,432,1,1,25333,3294,0,5,0,0,0,NORMAL,0,3,1,9,13,36,0,72,0,0,0,0,0,0,0
28605,5,bully,3272,1,4,54542,36,72,216,432,1,1,25333,3272,0,5,0,0,0,NORMAL,0,3,1,10,11,36,0,72,0,0,0,0,0,0,0
28354,10,bully,3021,1,4,53538,36,35,216,210,1,1,25333,3021,0,5,0,0,0,NORMAL,0,3,1,10,9,36,0,35,0,0,0,0,0,0,0
28048,6,bully,2715,1,4,52314,36,71,216,426,1,1,25333,2715,0,5,0,0,0,NORMAL,0,3,1,10,10,36,0,71,0,0,0,0,0,0,0
28297,1,bully,2966,1,4,53315,36,35,216,210,1,1,25331,2966,0,5,0,0,0,LEADER,1,4,1,10,4,36,0,35,0,0,0,0,0,0,0
28911,9,bully,3578,1,4,55766,36,37,216,222,2,1,25333,3578,0,5,0,0,0,NORMAL,0,3,1,9,15,36,0,37,0,0,0,0,0,0,0
28490,7,bully,3157,1,4,54082,36,74,216,444,1,1,25333,3157,0,5,0,0,0,NORMAL,0,3,1,9,13,36,0,74,0,0,0,0,0,0,0
28742,2,bully,3409,1,4,55090,36,75,216,450,1,1,25333,3409,0,5,0,0,0,NORMAL,0,3,1,9,11,36,0,75,0,0,0,0,0,0,0
30487,3,bully,2851,1,5,83345,39,75,234,450,1,1,27636,2851,0,6,0,0,0,NORMAL,0,3,2,3,15,39,0,75,0,0,0,0,0,0,0
30772,8,bully,3136,1,5,84770,39,76,234,456,2,1,27636,3136,0,6,0,0,0,NORMAL,0,3,2,3,17,39,0,76,0,0,0,0,0,0,0
30930,4,bully,3294,1,5,85560,39,78,234,468,1,1,27636,3294,0,6,0,0,0,NORMAL,0,3,2,3,16,39,0,78,0,0,0,0,0,0,0
30907,5,bully,3272,1,5,85449,39,78,234,468,1,1,27635,3272,0,6,0,0,0,NORMAL,0,3,2,3,14,39,0,78,0,0,0,0,0,0,0
30657,10,bully,3021,1,5,84195,39,38,234,228,1,1,27636,3021,0,6,0,0,0,NORMAL,0,3,2,4,11,39,0,38,0,0,0,0,0,0,0
30351,6,bully,2715,1,5,82665,39,77,234,462,1,1,27636,2715,0,6,0,0,0,NORMAL,0,3,2,3,14,39,0,77,0,0,0,0,0,0,0
30600,1,bully,2966,1,5,83915,39,38,234,228,1,1,27634,2966,0,6,0,0,0,LEADER,1,4,1,4,5,39,0,38,0,0,0,0,0,0,0
31214,9,bully,3578,1,5,86980,39,40,234,240,2,1,27636,3578,0,6,0,0,0,NORMAL,0,3,2,3,18,39,0,40,0,0,0,0,0,0,0
30793,7,bully,3157,1,5,84875,39,80,234,480,1,1,27636,3157,0,6,0,0,0,NORMAL,0,3,2,3,16,39,0,80,0,0,0,0,0,0,0
31045,2,bully,3409,1,5,86135,39,81,234,486,1,1,27636,3409,0,6,0,0,0,NORMAL,0,3,2,3,14,39,0,81,0,0,0,0,0,0,0
32790,3,bully,2851,1,5,83345,42,81,252,486,1,1,29939,2851,0,6,0,0,0,NORMAL,0,3,1,6,15,42,0,81,0,0,0,0,0,0,0
33075,8,bully,3136,1,5,84770,42,82,252,492,2,1,29939,3136,0,6,0,0,0,NORMAL,0,3,1,6,17,42,0,82,0,0,0,0,0,0,0
33233,4,bully,3294,1,5,85560,42,84,252,504,1,1,29939,3294,0,6,0,0,0,NORMAL,0,3,1,6,16,42,0,84,0,0,0,0,0,0,0
33210,5,bully,3272,1,5,85449,42,83,252,498,1,1,29938,3272,0,6,0,0,0,NORMAL,0,3,1,6,14,42,0,83,0,0,0,0,0,0,0
32960,10,bully,3021,1,5,84195,42,41,252,246,1,1,29939,3021,0,6,0,0,0,NORMAL,0,3,1,7,11,42,0,41,0,0,0,0,0,0,0
32654,6,bully,2715,1,5,82665,42,83,252,498,1,1,29939,2715,0,6,0,0,0,NORMAL,0,3,1,6,14,42,0,83,0,0,0,0,0,0,0
32903,1,bully,2966,1,5,83915,42,41,252,246,1,1,29937,2966,0,6,0,0,0,LEADER,1,4,1,7,5,42,0,41,0,0,0,0,0,0,0
33517,9,bully,3578,1,5,86980,42,43,252,258,2,1,29939,3578,0,6,0,0,0,NORMAL,0,3,1,6,18,42,0,43,0,0,0,0,0,0,0
33096,7,bully,3157,1,5,84875,42,86,252,516,1,1,29939,3157,0,6,0,0,0,NORMAL,0,3,1,6,16,42,0,86,0,0,0,0,0,0,0
33348,2,bully,3409,1,5,86135,42,87,252,522,1,1,29939,3409,0,6,0,0,0,NORMAL,0,3,1,6,14,42,0,87,0,0,0,0,0,0,0
35093,3,bully,2851,1,5,83345,45,87,270,522,1,1,32242,2851,0,6,0,0,0,NORMAL,0,3,1,9,15,45,0,87,0,0,0,0,0,0,0
35378,8,bully,3136,1,5,84770,45,88,270,528,2,1,32242,3136,0,6,0,0,0,NORMAL,0,3,1,9,17,45,0,88,0,0,0,0,0,0,0
35536,4,bully,3294,1,5,85560,45,90,270,540,1,1,32242,3294,0,6,0,0,0,NORMAL,0,3,1,9,16,45,0,90,0,0,0,0,0,0,0
35513,5,bully,3272,1,5,85449,45,89,270,534,1,1,32241,3272,0,6,0,0,0,NORMAL,0,3,1,9,14,45,0,89,0,0,0,0,0,0,0
35263,10,bully,3021,1,5,84195,45,44,270,264,1,1,32242,3021,0,6,0,0,0,NORMAL,0,3,1,10,11,45,0,44,0,0,0,0,0,0,0
34957,6,bully,2715,1,5,82665,45,89,270,534,1,1,32242,2715,0,6,0,0,0,NORMAL,0,3,1,9,14,45,0,89,0,0,0,0,0,0,0
35206,1,bully,2966,1,5,83915,45,44,270,264,1,1,32240,2966,0,6,0,0,0,LEADER,1,4,1,10,5,45,0,44,0,0,0,0,0,0,0
35820,9,bully,3578,1,5,86980,45,46,270,276,2,1,32242,3578,0,6,0,0,0,NORMAL,0,3,1,9,18,45,0,46,0,0,0,0,0,0,0
35399,7,bully,3157,1,5,84875,45,92,270,552,1,1,32242,3157,0,6,0,0,0,NORMAL,0,3,1,9,16,45,0,92,0,0,0,0,0,0,0
35651,2,bully,3409,1,5,86135,45,93,270,558,1,1,32242,3409,0,6,0,0,0,NORMAL,0,3,1,9,14,45,0,93,0,0,0,0,0,0,0
37396,3,bully,2851,1,6,120741,48,93,288,558,1,1,34545,2851,0,7,0,0,0,NORMAL,0,3,2,3,18,48,0,93,0,0,0,0,0,0,0
37681,8,bully,3136,1,6,122451,48,94,288,564,2,1,34545,3136,0,7,0,0,0,NORMAL,0,3,2,3,20,48,0,94,0,0,0,0,0,0,0
37839,4,bully,3294,1,6,123399,48,96,288,576,1,1,34545,3294,0,7,0,0,0,NORMAL,0,3,2,3,19,48,0,96,0,0,0,0,0,0,0
37816,5,bully,3272,1,6,123265,48,96,288,576,1,1,34544,3272,0,7,0,0,0,NORMAL,0,3,2,3,18,48,0,96,0,0,0,0,0,0,0
37566,10,bully,3021,1,6,121761,48,47,288,282,1,1,34545,3021,0,7,0,0,0,NORMAL,0,3,2,4,13,48,0,47,0,0,0,0,0,0,0
37260,6,bully,2715,1,6,119925,48,95,288,570,1,1,34545,2715,0,7,0,0,0,NORMAL,0,3,2,3,18,48,0,95,0,0,0,0,0,0,0
37509,1,bully,2966,1,6,121424,48,47,288,282,1,1,34543,2966,0,7,0,0,0,LEADER,1,4,1,4,6,48,0,47,0,0,0,0,0,0,0
38123,9,bully,3578,1,6,125103,48,49,288,294,2,1,34545,3578,0,7,0,0,0,NORMAL,0,3,2,3,21,48,0,49,0,0,0,0,0,0,0
37702,7,bully,3157,1,6,122577,48,98,288,588,1,1,34545,3157,0,7,0,0,0,NORMAL,0,3,2,3,19,48,0,98,0,0,0,0,0,0,0
37954,2,bully,3409,1,6,124089,48,99,288,594,1,1,34545,3409,0,7,0,0,0,NORMAL,0,3,2,3,17,48,0,99,0,0,0,0,0,0,0
39699,3,bully,2851,1,6,120741,51,99,306,594,1,1,36848,2851,0,7,0,0,0,NORMAL,0,3,1,6,18,51,0,99,0,0,0,0,0,0,0
39984,8,bully,3136,1,6,122451,51,100,306,600,2,1,36848,3136,0,7,0,0,0,NORMAL,0,3,1,6,20,51,0,100,0,0,0,0,0,0,0
40142,4,bully,3294,1,6,123399,51,102,306,612,1,1,36848,3294,0,7,0,0,0,NORMAL,0,3,1,6,19,51,0,102,0,0,0,0,0,0,0
40119,5,bully,3272,1,6,123265,51,102,306,612,1,1,36847,3272,0,7,0,0,0,NORMAL,0,3,1,6,18,51,0,102,0,0,0,0,0,0,0
39869,10,bully,3021,1,6,121761,51,50,306,300,1,1,36848,3021,0,7,0,0,0,NORMAL,0,3,1,7,13,51,0,50,0,0,0,0,0,0,0
39563,6,bully,2715,1,6,119925,51,101,306,606,1,1,36848,2715,0,7,0,0,0,NORMAL,0,3,1,6,18,51,0,101,0,0,0,0,0,0,0
39812,1,bully,2966,1,6,121424,51,50,306,300,1,1,36846,2966,0,7,0,0,0,LEADER,1,4,1,7,6,51,0,50,0,0,0,0,0,0,0
40426,9,bully,3578,1,6,125103,51,52,306,312,2,1,36848,3578,0,7,0,0,0,NORMAL,0,3,1,6,21,51,0,52,0,0,0,0,0,0,0
40005,7,bully,3157,1,6,122577,51,104,306,624,1,1,36848,3157,0,7,0,0,0,NORMAL,0,3,1,6,19,51,0,104,0,0,0,0,0,0,0
40257,2,bully,3409,1,6,124089,51,105,306,630,1,1,36848,3409,0,7,0,0,0,NORMAL,0,3,1,6,17,51,0,105,0,0,0,0,0,0,0
42002,3,bully,2851,1,6,120741,54,105,324,630,1,1,39151,2851,0,7,0,0,0,NORMAL,0,3,1,9,18,54,0,105,0,0,0,0,0,0,0
42287,8,bully,3136,1,6,122451,54,106,324,636,2,1,39151,3136,0,7,0,0,0,NORMAL,0,3,1,9,20,54,0,106,0,0,0,0,0,0,0
42445,4,bully,3294,1,6,123399,54,108,324,648,1,1,39151,3294,0,7,0,0,0,NORMAL,0,3,1,9,19,54,0,108,0,0,0,0,0,0,0
42422,5,bully,3272,1,6,123265,54,107,324,642,1,1,39150,3272,0,7,0,0,0,NORMAL,0,3,1,9,18,54,0,107,0,0,0,0,0,0,0
42172,10,bully,3021,1,6,121761,54,53,324,318,1,1,39151,3021,0,7,0,0,0,NORMAL,0,3,1,10,13,54,0,53,0,0,0,0,0,0,0
41866,6,bully,2715,1,6,119925,54,107,324,642,1,1,39151,2715,0,7,0,0,0,NORMAL,0,3,1,9,18,54,0,107,0,0,0,0,0,0,0
42115,1,bully,2966,1,6,121424,54,53,324,318,1,1,39149,2966,0,7,0,0,0,LEADER,1,4,1,10,6,54,0,53,0,0,0,0,0,0,0
42729,9,bully,3578,1,6,125103,54,55,324,330,2,1,39151,3578,0,7,0,0,0,NORMAL,0,3,1,9,21,54,0,55,0,0,0,0,0,0,0
42308,7,bully,3157,1,6,122577,54,110,324,660,1,1,39151,3157,0,7,0,0,0,NORMAL,0,3,1,9,19,54,0,110,0,0,0,0,0,0,0
42560,2,bully,3409,1,6,124089,54,111,324,666,1,1,39151,3409,0,7,0,0,0,NORMAL,0,3,1,9,17,54,0,111,0,0,0,0,0,0,0
44305,3,bully,2851,1,7,165046,57,111,342,666,1,1,41454,2851,0,8,0,0,0,NORMAL,0,3,2,3,21,57,0,111,0,0,0,0,0,0,0
44590,8,bully,3136,1,7,167041,57,112,342,672,2,1,41454,3136,0,8,0,0,0,NORMAL,0,3,2,3,23,57,0,112,0,0,0,0,0,0,0
44748,4,bully,3294,1,7,168147,57,114,342,684,1,1,41454,3294,0,8,0,0,0,NORMAL,0,3,2,3,22,57,0,114,0,0,0,0,0,0,0
44725,5,bully,3272,1,7,167990,57,113,342,678,1,1,41453,3272,0,8,0,0,0,NORMAL,0,3,2,4,21,57,0,113,0,0,0,0,0,0,0
44475,10,bully,3021,1,7,166236,57,56,342,336,1,1,41454,3021,0,8,0,0,0,NORMAL,0,3,2,4,15,57,0,56,0,0,0,0,0,0,0
44169,6,bully,2715,1,7,164094,57,113,342,678,1,1,41454,2715,0,8,0,0,0,NORMAL,0,3,2,4,20,57,0,113,0,0,0,0,0,0,0
44417,1,bully,2966,1,7,165841,57,56,342,336,1,1,41451,2966,0,8,0,0,0,LEADER,1,4,1,4,7,57,0,56,0,0,0,0,0,0,0
45032,9,bully,3578,1,7,170135,57,58,342,348,2,1,41454,3578,0,8,0,0,0,NORMAL,0,3,2,3,24,57,0,58,0,0,0,0,0,0,0
44611,7,bully,3157,1,7,167188,57,116,342,696,1,1,41454,3157,0,8,0,0,0,NORMAL,0,3,2,3,22,57,0,116,0,0,0,0,0,0,0
44863,2,bully,3409,1,7,168952,57,117,342,702,1,1,41454,3409,0,8,0,0,0,NORMAL,0,3,2,3,20,57,0,117,0,0,0,0,0,0,0
46608,3,bully,2851,1,7,165046,60,117,360,702,1,1,43757,2851,0,8,0,0,0,NORMAL,0,3,1,6,21,60,0,117,0,0,0,0,0,0,0
46893,8,bully,3136,1,7,167041,60,118,360,708,2,1,43757,3136,0,8,0,0,0,NORMAL,0,3,1,6,23,60,0,118,0,0,0,0,0,0,0
47051,4,bully,3294,1,7,168147,60,120,360,720,1,1,43757,3294,0,8,0,0,0,NORMAL,0,3,1,6,22,60,0,120,0,0,0,0,0,0,0
47028,5,bully,3272,1,7,167990,60,120,360,720,1,1,43756,3272,0,8,0,0,0,NORMAL,0,3,1,7,21,60,0,120,0,0,0,0,0,0,0
46778,10,bully,3021,1,7,166236,60,59,360,354,1,1,43757,3021,0,8,0,0,0,NORMAL,0,3,1,7,15,60,0,59,0,0,0,0,0,0,0
46472,6,bully,2715,1,7,164094,60,119,360,714,1,1,43757,2715,0,8,0,0,0,NORMAL,0,3,1,7,20,60,0,119,0,0,0,0,0,0,0
46720,1,bully,2966,1,7,165841,60,59,360,354,1,1,43754,2966,0,8,0,0,0,LEADER,1,4,1,7,7,60,0,59,0,0,0,0,0,0,0
47335,9,bully,3578,1,7,170135,60,61,360,366,2,1,43757,3578,0,8,0,0,0,NORMAL,0,3,1,6,24,60,0,61,0,0,0,0,0,0,0
46914,7,bully,3157,1,7,167188,60,122,360,732,1,1,43757,3157,0,8,0,0,0,NORMAL,0,3,1,6,22,60,0,122,0,0,0,0,0,0,0
47166,2,bully,3409,1,7,168952,60,123,360,738,1,1,43757,3409,0,8,0,0,0,NORMAL,0,3,1,6,20,60,0,123,0,0,0,0,0,0,0
48911,3,bully,2851,1,7,165046,63,123,378,738,1,1,46060,2851,0,8,0,0,0,NORMAL,0,3,1,9,21,63,0,123,0,0,0,0,0,0,0
49196,8,bully,3136,1,7,167041,63,124,378,744,2,1,46060,3136,0,8,0,0,0,NORMAL,0,3,1,9,23,63,0,124,0,0,0,0,0,0,0
49354,4,bully,3294,1,7,168147,63,126,378,756,1,1,46060,3294,0,8,0,0,0,NORMAL,0,3,1,9,22,63,0,126,0,0,0,0,0,0,0
49331,5,bully,3272,1,7,167990,63,126,378,756,1,1,46059,3272,0,8,0,0,0,NORMAL,0,3,1,10,21,63,0,126,0,0,0,0,0,0,0
49081,10,bully,3021,1,7,166236,63,62,378,372,1,1,46060,3021,0,8,0,0,0,NORMAL,0,3,1,10,15,63,0,62,0,0,0,0,0,0,0
48775,6,bully,2715,1,7,164094,63,125,378,750,1,1,46060,2715,0,8,0,0,0,NORMAL,0,3,1,10,20,63,0,125,0,0,0,0,0,0,0
49023,1,bully,2966,1,7,165841,63,62,378,372,1,1,46057,2966,0,8,0,0,0,LEADER,1,4,1,10,7,63,0,62,0,0,0,0,0,0,0
49638,9,bully,3578,1,7,170135,63,64,378,384,2,1,46060,3578,0,8,0,0,0,NORMAL,0,3,1,9,24,63,0,64,0,0,0,0,0,0,0
49217,7,bully,3157,1,7,167188,63,128,378,768,1,1,46060,3157,0,8,0,0,0,NORMAL,0,3,1,9,22,63,0,128,0,0,0,0,0,0,0
49469,2,bully,3409,1,7,168952,63,129,378,774,1,1,46060,3409,0,8,0,0,0,NORMAL,0,3,1,9,20,63,0,129,0,0,0,0,0,0,0
51214,3,bully,2851,1,8,216260,66,129,396,774,1,1,48363,2851,0,9,0,0,0,NORMAL,0,3,2,3,24,66,0,129,0,0,0,0,0,0,0
51499,8,bully,3136,1,8,218540,66,130,396,780,2,1,48363,3136,0,9,0,0,0,NORMAL,0,3,2,3,26,66,0,130,0,0,0,0,0,0,0
51657,4,bully,3294,1,8,219804,66,132,396,792,1,1,48363,3294,0,9,0,0,0,NORMAL,0,3,2,3,25,66,0,132,0,0,0,0,0,0,0
51634,5,bully,3272,1,8,219624,66,131,396,786,1,1,48362,3272,0,9,0,0,0,NORMAL,0,3,2,4,23,66,0,131,0,0,0,0,0,0,0
51384,10,bully,3021,1,8,217620,66,65,396,390,1,1,48363,3021,0,9,0,0,0,NORMAL,0,3,2,4,17,66,0,65,0,0,0,0,0,0,0
51078,6,bully,2715,1,8,215172,66,131,396,786,1,1,48363,2715,0,9,0,0,0,NORMAL,0,3,2,4,22,66,0,131,0,0,0,0,0,0,0
51326,1,bully,2966,1,8,217167,66,65,396,390,1,1,48360,2966,0,9,0,0,0,LEADER,1,4,1,4,8,66,0,65,0,0,0,0,0,0,0
51941,9,bully,3578,1,8,222076,66,67,396,402,2,1,48363,3578,0,9,0,0,0,NORMAL,0,3,2,3,27,66,0,67,0,0,0,0,0,0,0
51520,7,bully,3157,1,8,218708,66,134,396,804,1,1,48363,3157,0,9,0,0,0,NORMAL,0,3,2,3,25,66,0,134,0,0,0,0,0,0,0
51772,2,bully,3409,1,8,220724,66,135,396,810,1,1,48363,3409,0,9,0,0,0,NORMAL,0,3,2,3,23,66,0,135,0,0,0,0,0,0,0
53517,3,bully,2851,1,8,216260,69,135,414,810,1,1,50666,2851,0,9,0,0,0,NORMAL,0,3,1,6,24,69,0,135,0,0,0,0,0,0,0
53802,8,bully,3136,1,8,218540,69,136,414,816,2,1,50666,3136,0,9,0,0,0,NORMAL,0,3,1,6,26,69,0,136,0,0,0,0,0,0,0
53960,4,bully,3294,1,8,219804,69,138,414,828,1,1,50666,3294,0,9,0,0,0,NORMAL,0,3,1,6,25,69,0,138,0,0,0,0,0,0,0
53937,5,bully,3272,1,8,219624,69,138,414,828,1,1,50665,3272,0,9,0,0,0,NORMAL,0,3,1,7,23,69,0,138,0,0,0,0,0,0,0
53687,10,bully,3021,1,8,217620,69,68,414,408,1,1,50666,3021,0,9,0,0,0,NORMAL,0,3,1,7,17,69,0,68,0,0,0,0,0,0,0
53381,6,bully,2715,1,8,215172,69,137,414,822,1,1,50666,2715,0,9,0,0,0,NORMAL,0,3,1,7,22,69,0,137,0,0,0,0,0,0,0
53629,1,bully,2966,1,8,217167,69,68,414,408,1,1,50663,2966,0,9,0,0,0,LEADER,1,4,1,7,8,69,0,68,0,0,0,0,0,0,0
54244,9,bully,3578,1,8,222076,69,70,414,420,2,1,50666,3578,0,9,0,0,0,NORMAL,0,3,1,6,27,69,0,70,0,0,0,0,0,0,0
53823,7,bully,3157,1,8,218708,69,140,414,840,1,1,50666,3157,0,9,0,0,0,NORMAL,0,3,1,6,25,69,0,140,0,0,0,0,0,0,0
54075,2,bully,3409,1,8,220724,69,141,414,846,1,1,50666,3409,0,9,0,0,0,NORMAL,0,3,1,6,23,69,0,141,0,0,0,0,0,0,0
55820,3,bully,2851,1,8,216260,72,141,432,846,1,1,52969,2851,0,9,0,0,0,NORMAL,0,3,1,9,24,72,0,141,0,0,0,0,0,0,0
56105,8,bully,3136,1,8,218540,72,142,432,852,2,1,52969,3136,0,9,0,0,0,NORMAL,0,3,1,9,26,72,0,142,0,0,0,0,0,0,0
56263,4,bully,3294,1,8,219804,72,144,432,864,1,1,52969,3294,0,9,0,0,0,NORMAL,0,3,1,9,25,72,0,144,0,0,0,0,0,0,0
56240,5,bully,3272,1,8,219624,72,144,432,864,1,1,52968,3272,0,9,0,0,0,NORMAL,0,3,1,10,23,72,0,144,0,0,0,0,0,0,0
55990,10,bully,3021,1,8,217620,72,71,432,426,1,1,52969,3021,0,9,0,0,0,NORMAL,0,3,1,10,17,72,0,71,0,0,0,0,0,0,0
55684,6,bully,2715,1,8,215172,72,143,432,858,1,1,52969,2715,0,9,0,0,0,NORMAL,0,3,1,10,22,72,0,143,0,0,0,0,0,0,0
55932,1,bully,2966,1,8,217167,72,71,432,426,1,1,52966,2966,0,9,0,0,0,LEADER,1,4,1,10,8,72,0,71,0,0,0,0,0,0,0
56547,9,bully,3578,1,8,222076,72,73,432,438,2,1,52969,3578,0,9,0,0,0,NORMAL,0,3,1,9,27,72,0,73,0,0,0,0,0,0,0
56126,7,bully,3157,1,8,218708,72,146,432,876,1,1,52969,3157,0,9,0,0,0,NORMAL,0,3,1,9,25,72,0,146,0,0,0,0,0,0,0
56378,2,bully,3409,1,8,220724,72,147,432,882,1,1,52969,3409,0,9,0,0,0,NORMAL,0,3,1,9,23,72,0,147,0,0,0,0,0,0,0
58123,3,bully,2851,1,9,274383,75,147,450,882,1,1,55272,2851,0,10,0,0,0,NORMAL,0,3,2,3,27,75,0,147,0,0,0,0,0,0,0
58408,8,bully,3136,1,9,276948,75,148,450,888,2,1,55272,3136,0,10,0,0,0,NORMAL,0,3,2,3,29,75,0,148,0,0,0,0,0,0,0
58566,4,bully,3294,1,9,278370,75,150,450,900,1,1,55272,3294,0,10,0,0,0,NORMAL,0,3,2,3,28,75,0,150,0,0,0,0,0,0,0
58543,5,bully,3272,1,9,278167,75,149,450,894,1,1,55271,3272,0,10,0,0,0,NORMAL,0,3,2,4,25,75,0,149,0,0,0,0,0,0,0
58293,10,bully,3021,1,9,275913,75,74,450,444,1,1,55272,3021,0,10,0,0,0,NORMAL,0,3,2,4,19,75,0,74,0,0,0,0,0,0,0
57987,6,bully,2715,1,9,273159,75,149,450,894,1,1,55272,2715,0,10,0,0,0,NORMAL,0,3,2,4,24,75,0,149,0,0,0,0,0,0,0
58235,1,bully,2966,1,9,275402,75,74,450,444,1,1,55269,2966,0,10,0,0,0,LEADER,1,4,1,4,9,75,0,74,0,0,0,0,0,0,0
58849,9,bully,3578,1,9,280925,75,76,450,456,2,1,55271,3578,0,10,0,0,0,NORMAL,0,3,2,3,30,75,0,76,0,0,0,0,0,0,0
58429,7,bully,3157,1,9,277137,75,152,450,912,1,1,55272,3157,0,10,0,0,0,NORMAL,0,3,2,3,28,75,0,152,0,0,0,0,0,0,0
58681,2,bully,3409,1,9,279405,75,153,450,918,1,1,55272,3409,0,10,0,0,0,NORMAL,0,3,2,3,26,75,0,153,0,0,0,0,0,0,0
60426,3,bully,2851,1,9,274383,78,153,468,918,1,1,57575,2851,0,10,0,0,0,NORMAL,0,3,1,6,27,78,0,153,0,0,0,0,0,0,0
60711,8,bully,3136,1,9,276948,78,154,468,924,2,1,57575,3136,0,10,0,0,0,NORMAL,0,3,1,6,29,78,0,154,0,0,0,0,0,0,0
60869,4,bully,3294,1,9,278370,78,156,468,936,1,1,57575,3294,0,10,0,0,0,NORMAL,0,3,1,6,28,78,0,156,0,0,0,0,0,0,0
60846,5,bully,3272,1,9,278167,78,155,468,930,1,1,57574,3272,0,10,0,0,0,NORMAL,0,3,1,7,25,78,0,155,0,0,0,0,0,0,0
60596,10,bully,3021,1,9,275913,78,77,468,462,1,1,57575,3021,0,10,0,0,0,NORMAL,0,3,1,7,19,78,0,77,0,0,0,0,0,0,0
60290,6,bully,2715,1,9,273159,78,155,468,930,1,1,57575,2715,0,10,0,0,0,NORMAL,0,3,1,7,24,78,0,155,0,0,0,0,0,0,0
60538,1,bully,2966,1,9,275402,78,77,468,462,1,1,57572,2966,0,10,0,0,0,LEADER,1,4,1,7,9,78,0,77,0,0,0,0,0,0,0
61152,9,bully,3578,1,9,280925,78,79,468,474,2,1,57574,3578,0,10,0,0,0,NORMAL,0,3,1,6,30,78,0,79,0,0,0,0,0,0,0
60732,7,bully,3157,1,9,277137,78,158,468,948,1,1,57575,3157,0,10,0,0,0,NORMAL,0,3,1,6,28,78,0,158,0,0,0,0,0,0,0
60984,2,bully,3409,1,9,279405,78,159,468,954,1,1,57575,3409,0,10,0,0,0,NORMAL,0,3,1,6,26,78,0,159,0,0,0,0,0,0,0
62729,3,bully,2851,1,9,274383,81,159,486,954,1,1,59878,2851,0,10,0,0,0,NORMAL,0,3,1,9,27,81,0,159,0,0,0,0,0,0,0
63014,8,bully,3136,1,9,276948,81,160,486,960,2,1,59878,3136,0,10,0,0,0,NORMAL,0,3,1,9,29,81,0,160,0,0,0,0,0,0,0
63172,4,bully,3294,1,9,278370,81,162,486,972,1,1,59878,3294,0,10,0,0,0,NORMAL,0,3,1,9,28,81,0,162,0,0,0,0,0,0,0
63149,5,bully,3272,1,9,278167,81,162,486,972,1,1,59877,3272,0,10,0,0,0,NORMAL,0,3,1,10,25,81,0,162,0,0,0,0,0,0,0
62899,10,bully,3021,1,9,275913,81,80,486,480,1,1,59878,3021,0,10,0,0,0,NORMAL,0,3,1,10,19,81,0,80,0,0,0,0,0,0,0
62593,6,bully,2715,1,9,273159,81,161,486,966,1,1,59878,2715,0,10,0,0,0,NORMAL,0,3,1,10,24,81,0,161,0,0,0,0,0,0,0
62841,1,bully,2966,1,9,275402,81,80,486,480,1,1,59875,2966,0,10,0,0,0,LEADER,1,4,1,10,9,81,0,80,0,0,0,0,0,0,0
63455,9,bully,3578,1,9,280925,81,82,486,492,2,1,59877,3578,0,10,0,0,0,NORMAL,0,3,1,9,30,81,0,82,0,0,0,0,0,0,0
63035,7,bully,3157,1,9,277137,81,164,486,984,1,1,59878,3157,0,10,0,0,0,NORMAL,0,3,1,9,28,81,0,164,0,0,0,0,0,0,0
63287,2,bully,3409,1,9,279405,81,165,486,990,1,1,59878,3409,0,10,0,0,0,NORMAL,0,3,1,9,26,81,0,165,0,0,0,0,0,0,0
65032,3,bully,2851,1,10,339415,84,165,504,990,1,1,62181,2851,0,11,0,0,0,NORMAL,0,3,2,3,30,84,0,165,0,0,0,0,0,0,0
65317,8,bully,3136,1,10,342265,84,166,504,996,2,1,62181,3136,0,11,0,0,0,NORMAL,0,3,2,3,32,84,0,166,0,0,0,0,0,0,0
65475,4,bully,3294,1,10,343845,84,168,504,1008,1,1,62181,3294,0,11,0,0,0,NORMAL,0,3,2,3,31,84,0,168,0,0,0,0,0,0,0
65452,5,bully,3272,1,10,343619,84,167,504,1002,1,1,62180,3272,0,11,0,0,0,NORMAL,0,3,2,3,28,84,0,167,0,0,0,0,0,0,0
65202,10,bully,3021,1,10,341115,84,83,504,498,1,1,62181,3021,0,11,0,0,0,NORMAL,0,3,2,4,21,84,0,83,0,0,0,0,0,0,0
64896,6,bully,2715,1,10,338055,84,167,504,1002,1,1,62181,2715,0,11,0,0,0,NORMAL,0,3,2,3,28,84,0,167,0,0,0,0,0,0,0
65144,1,bully,2966,1,10,340546,84,83,504,498,1,1,62178,2966,0,11,0,0,0,LEADER,1,4,1,4,10,84,0,83,0,0,0,0,0,0,0
65758,9,bully,3578,1,10,346683,84,85,504,510,2,1,62180,3578,0,11,0,0,0,NORMAL,0,3,2,3,33,84,0,85,0,0,0,0,0,0,0
65338,7,bully,3157,1,10,342475,84,170,504,1020,1,1,62181,3157,0,11,0,0,0,NORMAL,0,3,2,3,31,84,0,170,0,0,0,0,0,0,0
65590,2,bully,3409,1,10,344995,84,171,504,1026,1,1,62181,3409,0,11,0,0,0,NORMAL,0,3,2,3,29,84,0,171,0,0,0,0,0,0,0
67335,3,bully,2851,1,10,339415,87,171,522,1026,1,1,64484,2851,0,11,0,0,0,NORMAL,0,3,1,6,30,87,0,171,0,0,0,0,0,0,0
67620,8,bully,3136,1,10,342265,87,172,522,1032,2,1,64484,3136,0,11,0,0,0,NORMAL,0,3,1,6,32,87,0,172,0,0,0,0,0,0,0
67778,4,bully,3294,1,10,343845,87,174,522,1044,1,1,64484,3294,0,11,0,0,0,NORMAL,0,3,1,6,31,87,0,174,0,0,0,0,0,0,0
67755,5,bully,3272,1,10,343619,87,174,522,1044,1,1,64483,3272,0,11,0,0,0,NORMAL,0,3,1,6,28,87,0,174,0,0,0,0,0,0,0
67505,10,bully,3021,1,10,341115,87,86,522,516,1,1,64484,3021,0,11,0,0,0,NORMAL,0,3,1,7,21,87,0,86,0,0,0,0,0,0,0
67199,6,bully,2715,1,10,338055,87,173,522,1038,1,1,64484,2715,0,11,0,0,0,NORMAL,0,3,1,6,28,87,0,173,0,0,0,0,0,0,0
67447,1,bully,2966,1,10,340546,87,86,522,516,1,1,64481,2966,0,11,0,0,0,LEADER,1,4,1,7,10,87,0,86,0,0,0,0,0,0,0
68061,9,bully,3578,1,10,346683,87,88,522,528,2,1,64483,3578,0,11,0,0,0,NORMAL,0,3,1,6,33,87,0,88,0,0,0,0,0,0,0
67641,7,bully,3157,1,10,342475,87,176,522,1056,1,1,64484,3157,0,11,0,0,0,NORMAL,0,3,1,6,31,87,0,176,0,0,0,0,0,0,0
67893,2,bully,3409,1,10,344995,87,177,522,1062,1,1,64484,3409,0,11,0,0,0,NORMAL,0,3,1,6,29,87,0,177,0,0,0,0,0,0,0
69638,3,bully,2851,1,10,339415,90,177,540,1062,1,1,66787,2851,0,11,0,0,0,NORMAL,0,3,1,9,30,90,0,177,0,0,0,0,0,0,0
69923,8,bully,3136,1,10,342265,90,178,540,1068,2,1,66787,3136,0,11,0,0,0,NORMAL,0,3,1,9,32,90,0,178,0,0,0,0,0,0,0
70081,4,bully,3294,1,10,343845,90,180,540,1080,1,1,66787,3294,0,11,0,0,0,NORMAL,0,3,1,9,31,90,0,180,0,0,0,0,0,0,0
70058,5,bully,3272,1,10,343619,90,180,540,1080,1,1,66786,3272,0,11,0,0,0,NORMAL,0,3,1,9,28,90,0,180,0,0,0,0,0,0,0
69808,10,bully,3021,1,10,341115,90,89,540,534,1,1,66787,3021,0,11,0,0,0,NORMAL,0,3,1,10,21,90,0,89,0,0,0,0,0,0,0
69502,6,bully,2715,1,10,338055,90,179,540,1074,1,1,66787,2715,0,11,0,0,0,NORMAL,0,3,1,9,28,90,0,179,0,0,0,0,0,0,0
69750,1,bully,2966,1,10,340546,90,89,540,534,1,1,66784,2966,0,11,0,0,0,LEADER,1,4,1,10,10,90,0,89,0,0,0,0,0,0,0
70364,9,bully,3578,1,10,346683,90,91,540,546,2,1,66786,3578,0,11,0,0,0,NORMAL,0,3,1,9,33,90,0,91,0,0,0,0,0,0,0
69944,7,bully,3157,1,10,342475,90,182,540,1092,1,1,66787,3157,0,11,0,0,0,NORMAL,0,3,1,9,31,90,0,182,0,0,0,0,0,0,0
70196,2,bully,3409,1,10,344995,90,183,540,1098,1,1,66787,3409,0,11,0,0,0,NORMAL,0,3,1,9,29,90,0,183,0,0,0,0,0,0,0
71941,3,bully,2851,1,11,411356,93,183,558,1098,1,1,69090,2851,0,12,0,0,0,NORMAL,0,3,2,3,33,93,0,183,0,0,0,0,0,0,0
72226,8,bully,3136,1,11,414491,93,184,558,1104,2,1,69090,3136,0,12,0,0,0,NORMAL,0,3,2,3,35,93,0,184,0,0,0,0,0,0,0
72384,4,bully,3294,1,11,416229,93,186,558,1116,1,1,69090,3294,0,12,0,0,0,NORMAL,0,3,2,3,34,93,0,186,0,0,0,0,0,0,0
72361,5,bully,3272,1,11,415980,93,186,558,1116,1,1,69089,3272,0,12,0,0,0,NORMAL,0,3,2,4,30,93,0,186,0,0,0,0,0,0,0
72111,10,bully,3021,1,11,413226,93,92,558,552,1,1,69090,3021,0,12,0,0,0,NORMAL,0,3,2,4,23,93,0,92,0,0,0,0,0,0,0
71805,6,bully,2715,1,11,409860,93,185,558,1110,1,1,69090,2715,0,12,0,0,0,NORMAL,0,3,2,4,30,93,0,185,0,0,0,0,0,0,0
72053,1,bully,2966,1,11,412599,93,92,558,552,1,1,69087,2966,0,12,0,0,0,LEADER,1,4,1,4,11,93,0,92,0,0,0,0,0,0,0
72667,9,bully,3578,1,11,419350,93,94,558,564,2,1,69089,3578,0,12,0,0,0,NORMAL,0,3,2,3,36,93,0,94,0,0,0,0,0,0,0
72247,7,bully,3157,1,11,414722,93,188,558,1128,1,1,69090,3157,0,12,0,0,0,NORMAL,0,3,2,3,34,93,0,188,0,0,0,0,0,0,0
72499,2,bully,3409,1,11,417494,93,189,558,1134,1,1,69090,3409,0,12,0,0,0,NORMAL,0,3,2,3,32,93,0,189,0,0,0,0,0,0,0
74244,3,bully,2851,1,11,411356,96,189,576,1134,1,1,71393,2851,0,12,0,0,0,NORMAL,0,3,1,6,33,96,0,189,0,0,0,0,0,0,0
74529,8,bully,3136,1,11,414491,96,190,576,1140,2,1,71393,3136,0,12,0,0,0,NORMAL,0,3,1,6,35,96,0,190,0,0,0,0,0,0,0
74687,4,bully,3294,1,11,416229,96,192,576,1152,1,1,71393,3294,0,12,0,0,0,NORMAL,0,3,1,6,34,96,0,192,0,0,0,0,0,0,0
74664,5,bully,3272,1,11,415980,96,191,576,1146,1,1,71392,3272,0,12,0,0,0,NORMAL,0,3,1,7,30,96,0,191,0,0,0,0,0,0,0
74414,10,bully,3021,1,11,413226,96,95,576,570,1,1,71393,3021,0,12,0,0,0,NORMAL,0,3,1,7,23,96,0,95,0,0,0,0,0,0,0
74108,6,bully,2715,1,11,409860,96,191,576,1146,1,1,71393,2715,0,12,0,0,0,NORMAL,0,3,1,7,30,96,0,191,0,0,0,0,0,0,0
74356,1,bully,2966,1,11,412599,96,95,576,570,1,1,71390,2966,0,12,0,0,0,LEADER,1,4,1,7,11,96,0,95,0,0,0,0,0,0,0
74970,9,bully,3578,1,11,419350,96,97,576,582,2,1,71392,3578,0,12,0,0,0,NORMAL,0,3,1,6,36,96,0,97,0,0,0,0,0,0,0
74550,7,bully,3157,1,11,414722,96,194,576,1164,1,1,71393,3157,0,12,0,0,0,NORMAL,0,3,1,6,34,96,0,194,0,0,0,0,0,0,0
74802,2,bully,3409,1,11,417494,96,195,576,1170,1,1,71393,3409,0,12,0,0,0,NORMAL,0,3,1,6,32,96,0,195,0,0,0,0,0,0,0
76547,3,bully,2851,1,11,411356,99,195,594,1170,1,1,73696,2851,0,12,0,0,0,NORMAL,0,3,1,9,33,99,0,195,0,0,0,0,0,0,0
76832,8,bully,3136,1,11,414491,99,196,594,1176,2,1,73696,3136,0,12,0,0,0,NORMAL,0,3,1,9,35,99,0,196,0,0,0,0,0,0,0
76990,4,bully,3294,1,11,416229,99,198,594,1188,1,1,73696,3294,0,12,0,0,0,NORMAL,0,3,1,9,34,99,0,198,0,0,0,0,0,0,0
76967,5,bully,3272,1,11,415980,99,197,594,1182,1,1,73695,3272,0,12,0,0,0,NORMAL,0,3,1,10,30,99,0,197,0,0,0,0,0,0,0
76717,10,bully,3021,1,11,413226,99,98,594,588,1,1,73696,3021,0,12,0,0,0,NORMAL,0,3,1,10,23,99,0,98,0,0,0,0,0,0,0
76411,6,bully,2715,1,11,409860,99,197,594,1182,1,1,73696,2715,0,12,0,0,0,NORMAL,0,3,1,10,30,99,0,197,0,0,0,0,0,0,0
76658,1,bully,2966,1,11,412599,99,98,594,588,1,1,73692,2966,0,12,0,0,0,LEADER,1,4,1,10,11,99,0,98,0,0,0,0,0,0,0
77273,9,bully,3578,1,11,419350,99,100,594,600,2,1,73695,3578,0,12,0,0,0,NORMAL,0,3,1,9,36,99,0,100,0,0,0,0,0,0,0
76853,7,bully,3157,1,11,414722,99,200,594,1200,1,1,73696,3157,0,12,0,0,0,NORMAL,0,3,1,9,34,99,0,200,0,0,0,0,0,0,0
77105,2,bully,3409,1,11,417494,99,201,594,1206,1,1,73696,3409,0,12,0,0,0,NORMAL,0,3,1,9,32,99,0,201,0,0,0,0,0,0,0
78850,3,bully,2851,1,12,490206,102,201,612,1206,1,1,75999,2851,0,13,0,0,0,NORMAL,0,3,2,3,36,102,0,201,0,0,0,0,0,0,0
79135,8,bully,3136,1,12,493626,102,202,612,1212,2,1,75999,3136,0,13,0,0,0,NORMAL,0,3,2,3,38,102,0,202,0,0,0,0,0,0,0
79293,4,bully,3294,1,12,495522,102,204,612,1224,1,1,75999,3294,0,13,0,0,0,NORMAL,0,3,2,3,37,102,0,204,0,0,0,0,0,0,0
79270,5,bully,3272,1,12,495250,102,203,612,1218,1,1,75998,3272,0,13,0,0,0,NORMAL,0,3,2,4,33,102,0,203,0,0,0,0,0,0,0
79020,10,bully,3021,1,12,492246,102,101,612,606,1,1,75999,3021,0,13,0,0,0,NORMAL,0,3,2,4,25,102,0,101,0,0,0,0,0,0,0
78714,6,bully,2715,1,12,488574,102,203,612,1218,1,1,75999,2715,0,13,0,0,0,NORMAL,0,3,2,4,32,102,0,203,0,0,0,0,0,0,0
78961,1,bully,2966,1,12,491560,102,101,612,606,1,1,75995,2966,0,13,0,0,0,LEADER,1,4,1,4,12,102,0,101,0,0,0,0,0,0,0
79576,9,bully,3578,1,12,498926,102,103,612,618,2,1,75998,3578,0,13,0,0,0,NORMAL,0,3,2,3,39,102,0,103,0,0,0,0,0,0,0
79156,7,bully,3157,1,12,493878,102,206,612,1236,1,1,75999,3157,0,13,0,0,0,NORMAL,0,3,2,3,37,102,0,206,0,0,0,0,0,0,0
79408,2,bully,3409,1,12,496902,102,207,612,1242,1,1,75999,3409,0,13,0,0,0,NORMAL,0,3,2,3,35,102,0,207,0,0,0,0,0,0,0
81153,3,bully,2851,1,12,490206,105,207,630,1242,1,1,78302,2851,0,13,0,0,0,NORMAL,0,3,1,6,36,105,0,207,0,0,0,0,0,0,0
81438,8,bully,3136,1,12,493626,105,208,630,1248,2,1,78302,3136,0,13,0,0,0,NORMAL,0,3,1,6,38,105,0,208,0,0,0,0,0,0,0
81596,4,bully,3294,1,12,495522,105,210,630,1260,1,1,78302,3294,0,13,0,0,0,NORMAL,0,3,1,6,37,105,0,210,0,0,0,0,0,0,0
81573,5,bully,3272,1,12,495250,105,209,630,1254,1,1,78301,3272,0,13,0,0,0,NORMAL,0,3,1,7,33,105,0,209,0,0,0,0,0,0,0
81323,10,bully,3021,1,12,492246,105,104,630,624,1,1,78302,3021,0,13,0,0,0,NORMAL,0,3,1,7,25,105,0,104,0,0,0,0,0,0,0
81017,6,bully,2715,1,12,488574,105,209,630,1254,1,1,78302,2715,0,13,0,0,0,NORMAL,0,3,1,7,32,105,0,209,0,0,0,0,0,0,0
81264,1,bully,2966,1,12,491560,105,104,630,624,1,1,78298,2966,0,13,0,0,0,LEADER,1,4,1,7,12,105,0,104,0,0,0,0,0,0,0
81879,9,bully,3578,1,12,498926,105,106,630,636,2,1,78301,3578,0,13,0,0,0,NORMAL,0,3,1,6,39,105,0,106,0,0,0,0,0,0,0
81459,7,bully,3157,1,12,493878,105,212,630,1272,1,1,78302,3157,0,13,0,0,0,NORMAL,0,3,1,6,37,105,0,212,0,0,0,0,0,0,0
81711,2,bully,3409,1,12,496902,105,213,630,1278,1,1,78302,3409,0,13,0,0,0,NORMAL,0,3,1,6,35,105,0,213,0,0,0,0,0,0,0
83456,3,bully,2851,1,12,490206,108,213,648,1278,1,1,80605,2851,0,13,0,0,0,NORMAL,0,3,1,9,36,108,0,213,0,0,0,0,0,0,0
83741,8,bully,3136,1,12,493626,108,214,648,1284,2,1,80605,3136,0,13,0,0,0,NORMAL,0,3,1,9,38,108,0,214,0,0,0,0,0,0,0
83899,4,bully,3294,1,12,495522,108,216,648,1296,1,1,80605,3294,0,13,0,0,0,NORMAL,0,3,1,9,37,108,0,216,0,0,0,0,0,0,0
83876,5,bully,3272,1,12,495250,108,216,648,1296,1,1,80604,3272,0,13,0,0,0,NORMAL,0,3,1,10,33,108,0,216,0,0,0,0,0,0,0
83626,10,bully,3021,1,12,492246,108,107,648,642,1,1,80605,3021,0,13,0,0,0,NORMAL,0,3,1,10,25,108,0,107,0,0,0,0,0,0,0
83320,6,bully,2715,1,12,488574,108,215,648,1290,1,1,80605,2715,0,13,0,0,0,NORMAL,0,3,1,10,32,108,0,215,0,0,0,0,0,0,0
83567,1,bully,2966,1,12,491560,108,107,648,642,1,1,80601,2966,0,13,0,0,0,LEADER,1,4,1,10,12,108,0,107,0,0,0,0,0,0,0
84182,9,bully,3578,1,12,498926,108,109,648,654,2,1,80604,3578,0,13,0,0,0,NORMAL,0,3,1,9,39,108,0,109,0,0,0,0,0,0,0
83762,7,bully,3157,1,12,493878,108,218,648,1308,1,1,80605,3157,0,13,0,0,0,NORMAL,0,3,1,9,37,108,0,218,0,0,0,0,0,0,0
84014,2,bully,3409,1,12,496902,108,219,648,1314,1,1,80605,3409,0,13,0,0,0,NORMAL,0,3,1,9,35,108,0,219,0,0,0,0,0,0,0
85759,3,bully,2851,1,13,575965,111,219,666,1314,1,1,82908,2851,0,14,0,0,0,NORMAL,0,3,2,3,39,111,0,219,0,0,0,0,0,0,0
86044,8,bully,3136,1,13,579670,111,220,666,1320,2,1,82908,3136,0,14,0,0,0,NORMAL,0,3,2,3,41,111,0,220,0,0,0,0,0,0,0
86202,4,bully,3294,1,13,581724,111,222,666,1332,1,1,82908,3294,0,14,0,0,0,NORMAL,0,3,2,3,40,111,0,222,0,0,0,0,0,0,0
86179,5,bully,3272,1,13,581429,111,222,666,1332,1,1,82907,3272,0,14,0,0,0,NORMAL,0,3,2,4,35,111,0,222,0,0,0,0,0,0,0
85929,10,bully,3021,1,13,578175,111,110,666,660,1,1,82908,3021,0,14,0,0,0,NORMAL,0,3,2,4,27,111,0,110,0,0,0,0,0,0,0
85623,6,bully,2715,1,13,574197,111,221,666,1326,1,1,82908,2715,0,14,0,0,0,NORMAL,0,3,2,4,34,111,0,221,0,0,0,0,0,0,0
85870,1,bully,2966,1,13,577430,111,110,666,660,1,1,82904,2966,0,14,0,0,0,LEADER,1,4,1,4,13,111,0,110,0,0,0,0,0,0,0
86485,9,bully,3578,1,13,585411,111,112,666,672,2,1,82907,3578,0,14,0,0,0,NORMAL,0,3,2,3,42,111,0,112,0,0,0,0,0,0,0
86065,7,bully,3157,1,13,579943,111,224,666,1344,1,1,82908,3157,0,14,0,0,0,NORMAL,0,3,2,3,40,111,0,224,0,0,0,0,0,0,0
86317,2,bully,3409,1,13,583219,111,225,666,1350,1,1,82908,3409,0,14,0,0,0,NORMAL,0,3,2,3,38,111,0,225,0,0,0,0,0,0,0
88062,3,bully,2851,1,13,575965,114,225,684,1350,1,1,85211,2851,0,14,0,0,0,NORMAL,0,3,1,6,39,114,0,225,0,0,0,0,0,0,0
88347,8,bully,3136,1,13,579670,114,226,684,1356,2,1,85211,3136,0,14,0,0,0,NORMAL,0,3,1,6,41,114,0,226,0,0,0,0,0,0,0
88505,4,bully,3294,1,13,581724,114,228,684,1368,1,1,85211,3294,0,14,0,0,0,NORMAL,0,3,1,6,40,114,0,228,0,0,0,0,0,0,0
88482,5,bully,3272,1,13,581429,114,227,684,1362,1,1,85210,3272,0,14,0,0,0,NORMAL,0,3,1,7,35,114,0,227,0,0,0,0,0,0,0
88232,10,bully,3021,1,13,578175,114,113,684,678,1,1,85211,3021,0,14,0,0,0,NORMAL,0,3,1,7,27,114,0,113,0,0,0,0,0,0,0
87926,6,bully,2715,1,13,574197,114,227,684,1362,1,1,85211,2715,0,14,0,0,0,NORMAL,0,3,1,7,34,114,0,227,0,0,0,0,0,0,0
88173,1,bully,2966,1,13,577430,114,113,684,678,1,1,85207,2966,0,14,0,0,0,LEADER,1,4,1,7,13,114,0,113,0,0,0,0,0,0,0
88788,9,bully,3578,1,13,585411,114,115,684,690,2,1,85210,3578,0,14,0,0,0,NORMAL,0,3,1,6,42,114,0,115,0,0,0,0,0,0,0
88368,7,bully,3157,1,13,579943,114,230,684,1380,1,1,85211,3157,0,14,0,0,0,NORMAL,0,3,1,6,40,114,0,230,0,0,0,0,0,0,0
88620,2,bully,3409,1,13,583219,114,231,684,1386,1,1,85211,3409,0,14,0,0,0,NORMAL,0,3,1,6,38,114,0,231,0,0,0,0,0,0,0
90365,3,bully,2851,1,13,575965,117,231,702,1386,1,1,87514,2851,0,14,0,0,0,NORMAL,0,3,1,9,39,117,0,231,0,0,0,0,0,0,0
90650,8,bully,3136,1,13,579670,117,232,702,1392,2,1,87514,3136,0,14,0,0,0,NORMAL,0,3,1,9,41,117,0,232,0,0,0,0,0,0,0
90808,4,bully,3294,1,13,581724,117,234,702,1404,1,1,87514,3294,0,14,0,0,0,NORMAL,0,3,1,9,40,117,0,234,0,0,0,0,0,0,0
90785,5,bully,3272,1,13,581429,117,233,702,1398,1,1,87513,3272,0,14,0,0,0,NORMAL,0,3,1,10,35,117,0,233,0,0,0,0,0,0,0
90535,10,bully,3021,1,13,578175,117,116,702,696,1,1,87514,3021,0,14,0,0,0,NORMAL,0,3,1,10,27,117,0,116,0,0,0,0,0,0,0
90229,6,bully,2715,1,13,574197,117,233,702,1398,1,1,87514,2715,0,14,0,0,0,NORMAL,0,3,1,10,34,117,0,233,0,0,0,0,0,0,0
90476,1,bully,2966,1,13,577430,117,116,702,696,1,1,87510,2966,0,14,0,0,0,LEADER,1,4,1,10,13,117,0,116,0,0,0,0,0,0,0
91091,9,bully,3578,1,13,585411,117,118,702,708,2,1,87513,3578,0,14,0,0,0,NORMAL,0,3,1,9,42,117,0,118,0,0,0,0,0,0,0
90671,7,bully,3157,1,13,579943,117,236,702,1416,1,1,87514,3157,0,14,0,0,0,NORMAL,0,3,1,9,40,117,0,236,0,0,0,0,0,0,0
90923,2,bully,3409,1,13,583219,117,237,702,1422,1,1,87514,3409,0,14,0,0,0,NORMAL,0,3,1,9,38,117,0,237,0,0,0,0,0,0,0
92668,3,bully,2851,1,14,668633,120,237,720,1422,1,1,89817,2851,0,15,0,0,0,NORMAL,0,3,2,3,42,120,0,237,0,0,0,0,0,0,0
92953,8,bully,3136,1,14,672623,120,238,720,1428,2,1,89817,3136,0,15,0,0,0,NORMAL,0,3,2,3,44,120,0,238,0,0,0,0,0,0,0
93111,4,bully,3294,1,14,674835,120,240,720,1440,1,1,89817,3294,0,15,0,0,0,NORMAL,0,3,2,3,43,120,0,240,0,0,0,0,0,0,0
93088,5,bully,3272,1,14,674517,120,240,720,1440,1,1,89816,3272,0,15,0,0,0,NORMAL,0,3,2,4,38,120,0,240,0,0,0,0,0,0,0
92838,10,bully,3021,1,14,671013,120,119,720,714,1,1,89817,3021,0,15,0,0,0,NORMAL,0,3,2,4,29,120,0,119,0,0,0,0,0,0,0
92532,6,bully,2715,1,14,666729,120,239,720,1434,1,1,89817,2715,0,15,0,0,0,NORMAL,0,3,2,4,36,120,0,239,0,0,0,0,0,0,0
92779,1,bully,2966,1,14,670209,120,119,720,714,1,1,89813,2966,0,15,0,0,0,LEADER,1,4,1,4,14,120,0,119,0,0,0,0,0,0,0
93394,9,bully,3578,1,14,678805,120,121,720,726,2,1,89816,3578,0,15,0,0,0,NORMAL,0,3,2,3,45,120,0,121,0,0,0,0,0,0,0
92974,7,bully,3157,1,14,672917,120,242,720,1452,1,1,89817,3157,0,15,0,0,0,NORMAL,0,3,2,3,43,120,0,242,0,0,0,0,0,0,0
93226,2,bully,3409,1,14,676445,120,243,720,1458,1,1,89817,3409,0,15,0,0,0,NORMAL,0,3,2,3,41,120,0,243,0,0,0,0,0,0,0
94971,3,bully,2851,1,14,668633,123,243,738,1458,1,1,92120,2851,0,15,0,0,0,NORMAL,0,3,1,6,42,123,0,243,0,0,0,0,0,0,0
95256,8,bully,3136,1,14,672623,123,244,738,1464,2,1,92120,3136,0,15,0,0,0,NORMAL,0,3,1,6,44,123,0,244,0,0,0,0,0,0,0
95414,4,bully,3294,1,14,674835,123,246,738,1476,1,1,92120,3294,0,15,0,0,0,NORMAL,0,3,1,6,43,123,0,246,0,0,0,0,0,0,0
95391,5,bully,3272,1,14,674517,123,245,738,1470,1,1,92119,3272,0,15,0,0,0,NORMAL,0,3,1,7,38,123,0,245,0,0,0,0,0,0,0
95141,10,bully,3021,1,14,671013,123,122,738,732,1,1,92120,3021,0,15,0,0,0,NORMAL,0,3,1,7,29,123,0,122,0,0,0,0,0,0,0
94835,6,bully,2715,1,14,666729,123,245,738,1470,1,1,92120,2715,0,15,0,0,0,NORMAL,0,3,1,7,36,123,0,245,0,0,0,0,0,0,0
95082,1,bully,2966,1,14,670209,123,122,738,732,1,1,92116,2966,0,15,0,0,0,LEADER,1,4,1,7,14,123,0,122,0,0,0,0,0,0,0
95697,9,bully,3578,1,14,678805,123,124,738,744,2,1,92119,3578,0,15,0,0,0,NORMAL,0,3,1,6,45,123,0,124,0,0,0,0,0,0,0
95277,7,bully,3157,1,14,672917,123,248,738,1488,1,1,92120,3157,0,15,0,0,0,NORMAL,0,3,1,6,43,123,0,248,0,0,0,0,0,0,0
95529,2,bully,3409,1,14,676445,123,249,738,1494,1,1,92120,3409,0,15,0,0,0,NORMAL,0,3,1,6,41,123,0,249,0,0,0,0,0,0,0
97274,3,bully,2851,1,14,668633,126,249,756,1494,1,1,94423,2851,0,15,0,0,0,NORMAL,0,3,1,9,42,126,0,249,0,0,0,0,0,0,0
97559,8,bully,3136,1,14,672623,126,250,756,1500,2,1,94423,3136,0,15,0,0,0,NORMAL,0,3,1,9,44,126,0,250,0,0,0,0,0,0,0
97717,4,bully,3294,1,14,674835,126,252,756,1512,1,1,94423,3294,0,15,0,0,0,NORMAL,0,3,1,9,43,126,0,252,0,0,0,0,0,0,0
97694,5,bully,3272,1,14,674517,126,251,756,1506,1,1,94422,3272,0,15,0,0,0,NORMAL,0,3,1,10,38,126,0,251,0,0,0,0,0,0,0
97444,10,bully,3021,1,14,671013,126,125,756,750,1,1,94423,3021,0,15,0,0,0,NORMAL,0,3,1,10,29,126,0,125,0,0,0,0,0,0,0
97138,6,bully,2715,1,14,666729,126,251,756,1506,1,1,94423,2715,0,15,0,0,0,NORMAL,0,3,1,10,36,126,0,251,0,0,0,0,0,0,0
97385,1,bully,2966,1,14,670209,126,125,756,750,1,1,94419,2966,0,15,0,0,0,LEADER,1,4,1,10,14,126,0,125,0,0,0,0,0,0,0
98000,9,bully,3578,1,14,678805,126,127,756,762,2,1,94422,3578,0,15,0,0,0,NORMAL,0,3,1,9,45,126,0,127,0,0,0,0,0,0,0
97580,7,bully,3157,1,14,672917,126,254,756,1524,1,1,94423,3157,0,15,0,0,0,NORMAL,0,3,1,9,43,126,0,254,0,0,0,0,0,0,0
97832,2,bully,3409,1,14,676445,126,255,756,1530,1,1,94423,3409,0,15,0,0,0,NORMAL,0,3,1,9,41,126,0,255,0,0,0,0,0,0,0
99577,3,bully,2851,1,15,768210,129,255,774,1530,1,1,96726,2851,0,16,0,0,0,NORMAL,0,3,2,3,45,129,0,255,0,0,0,0,0,0,0
99862,8,bully,3136,1,15,772485,129,256,774,1536,2,1,96726,3136,0,16,0,0,0,NORMAL,0,3,2,3,47,129,0,256,0,0,0,0,0,0,0
100020,4,bully,3294,1,15,774855,129,258,774,1548,1,1,96726,3294,0,16,0,0,0,NORMAL,0,3,2,3,46,129,0,258,0,0,0,0,0,0,0
99996,5,bully,3272,1,15,774513,129,257,774,1542,1,1,96724,3272,0,16,0,0,0,NORMAL,0,3,2,3,42,129,0,257,0,0,0,0,0,0,0
99747,10,bully,3021,1,15,770760,129,128,774,768,1,1,96726,3021,0,16,0,0,0,NORMAL,0,3,2,4,31,129,0,128,0,0,0,0,0,0,0
99441,6,bully,2715,1,15,766170,129,257,774,1542,1,1,96726,2715,0,16,0,0,0,NORMAL,0,3,2,3,40,129,0,257,0,0,0,0,0,0,0
99688,1,bully,2966,1,15,769897,129,128,774,768,1,1,96722,2966,0,16,0,0,0,LEADER,1,4,1,4,15,129,0,128,0,0,0,0,0,0,0
100303,9,bully,3578,1,15,779108,129,130,774,780,2,1,96725,3578,0,16,0,0,0,NORMAL,0,3,2,3,48,129,0,130,0,0,0,0,0,0,0
99883,7,bully,3157,1,15,772800,129,260,774,1560,1,1,96726,3157,0,16,0,0,0,NORMAL,0,3,2,3,46,129,0,260,0,0,0,0,0,0,0
100135,2,bully,3409,1,15,776580,129,261,774,1566,1,1,96726,3409,0,16,0,0,0,NORMAL,0,3,2,3,44,129,0,261,0,0,0,0,0,0,0
101880,3,bully,2851,1,15,768210,132,261,792,1566,1,1,99029,2851,0,16,0,0,0,NORMAL,0,3,1,6,45,132,0,261,0,0,0,0,0,0,0
102165,8,bully,3136,1,15,772485,132,262,792,1572,2,1,99029,3136,0,16,0,0,0,NORMAL,0,3,1,6,47,132,0,262,0,0,0,0,0,0,0
102323,4,bully,3294,1,15,774855,132,264,792,1584,1,1,99029,3294,0,16,0,0,0,NORMAL,0,3,1,6,46,132,0,264,0,0,0,0,0,0,0
102299,5,bully,3272,1,15,774513,132,263,792,1578,1,1,99027,3272,0,16,0,0,0,NORMAL,0,3,1,6,42,132,0,263,0,0,0,0,0,0,0
102050,10,bully,3021,1,15,770760,132,131,792,786,1,1,99029,3021,0,16,0,0,0,NORMAL,0,3,1,7,31,132,0,131,0,0,0,0,0,0,0
101744,6,bully,2715,1,15,766170,132,263,792,1578,1,1,99029,2715,0,16,0,0,0,NORMAL,0,3,1,6,40,132,0,263,0,0,0,0,0,0,0
101991,1,bully,2966,1,15,769897,132,131,792,786,1,1,99025,2966,0,16,0,0,0,LEADER,1,4,1,7,15,132,0,131,0,0,0,0,0,0,0
102606,9,bully,3578,1,15,779108,132,133,792,798,2,1,99028,3578,0,16,0,0,0,NORMAL,0,3,1,6,48,132,0,133,0,0,0,0,0,0,0
102186,7,bully,3157,1,15,772800,132,266,792,1596,1,1,99029,3157,0,16,0,0,0,NORMAL,0,3,1,6,46,132,0,266,0,0,0,0,0,0,0
102438,2,bully,3409,1,15,776580,132,267,792,1602,1,1,99029,3409,0,16,0,0,0,NORMAL,0,3,1,6,44,132,0,267,0,0,0,0,0,0,0
104183,3,bully,2851,1,15,768210,135,267,810,1602,1,1,101332,2851,0,16,0,0,0,NORMAL,0,3,1,9,45,135,0,267,0,0,0,0,0,0,0
104468,8,bully,3136,1,15,772485,135,268,810,1608,2,1,101332,3136,0,16,0,0,0,NORMAL,0,3,1,9,47,135,0,268,0,0,0,0,0,0,0
104626,4,bully,3294,1,15,774855,135,270,810,1620,1,1,101332,3294,0,16,0,0,0,NORMAL,0,3,1,9,46,135,0,270,0,0,0,0,0,0,0
104602,5,bully,3272,1,15,774513,135,269,810,1614,1,1,101330,3272,0,16,0,0,0,NORMAL,0,3,1,9,42,135,0,269,0,0,0,0,0,0,0
104353,10,bully,3021,1,15,770760,135,134,810,804,1,1,101332,3021,0,16,0,0,0,NORMAL,0,3,1,10,31,135,0,134,0,0,0,0,0,0,0
104047,6,bully,2715,1,15,766170,135,269,810,1614,1,1,101332,2715,0,16,0,0,0,NORMAL,0,3,1,9,40,135,0,269,0,0,0,0,0,0,0
104294,1,bully,2966,1,15,769897,135,134,810,804,1,1,101328,2966,0,16,0,0,0,LEADER,1,4,1,10,15,135,0,134,0,0,0,0,0,0,0
104909,9,bully,3578,1,15,779108,135,136,810,816,2,1,101331,3578,0,16,0,0,0,NORMAL,0,3,1,9,48,135,0,136,0,0,0,0,0,0,0
104489,7,bully,3157,1,15,772800,135,272,810,1632,1,1,101332,3157,0,16,0,0,0,NORMAL,0,3,1,9,46,135,0,272,0,0,0,0,0,0,0
104741,2,bully,3409,1,15,776580,135,273,810,1638,1,1,101332,3409,0,16,0,0,0,NORMAL,0,3,1,9,44,135,0,273,0,0,0,0,0,0,0
106486,3,bully,2851,1,16,874696,138,273,828,1638,1,1,103635,2851,0,17,0,0,0,NORMAL,0,3,2,3,48,138,0,273,0,0,0,0,0,0,0
106771,8,bully,3136,1,16,879256,138,274,828,1644,2,1,103635,3136,0,17,0,0,0,NORMAL,0,3,2,3,50,138,0,274,0,0,0,0,0,0,0
106929,4,bully,3294,1,16,881784,138,276,828,1656,1,1,103635,3294,0,17,0,0,0,NORMAL,0,3,2,3,49,138,0,276,0,0,0,0,0,0,0
106905,5,bully,3272,1,16,881418,138,276,828,1656,1,1,103633,3272,0,17,0,0,0,NORMAL,0,3,2,4,45,138,0,276,0,0,0,0,0,0,0
106656,10,bully,3021,1,16,877416,138,137,828,822,1,1,103635,3021,0,17,0,0,0,NORMAL,0,3,2,4,33,138,0,137,0,0,0,0,0,0,0
106350,6,bully,2715,1,16,872520,138,275,828,1650,1,1,103635,2715,0,17,0,0,0,NORMAL,0,3,2,4,42,138,0,275,0,0,0,0,0,0,0
106597,1,bully,2966,1,16,876494,138,137,828,822,1,1,103631,2966,0,17,0,0,0,LEADER,1,4,1,4,16,138,0,137,0,0,0,0,0,0,0
107212,9,bully,3578,1,16,886320,138,139,828,834,2,1,103634,3578,0,17,0,0,0,NORMAL,0,3,2,3,51,138,0,139,0,0,0,0,0,0,0
106792,7,bully,3157,1,16,879592,138,278,828,1668,1,1,103635,3157,0,17,0,0,0,NORMAL,0,3,2,3,49,138,0,278,0,0,0,0,0,0,0
107044,2,bully,3409,1,16,883624,138,279,828,1674,1,1,103635,3409,0,17,0,0,0,NORMAL,0,3,2,3,47,138,0,279,0,0,0,0,0,0,0
108789,3,bully,2851,1,16,874696,141,279,846,1674,1,1,105938,2851,0,17,0,0,0,NORMAL,0,3,1,6,48,141,0,279,0,0,0,0,0,0,0
109074,8,bully,3136,1,16,879256,141,280,846,1680,2,1,105938,3136,0,17,0,0,0,NORMAL,0,3,1,6,50,141,0,280,0,0,0,0,0,0,0
109232,4,bully,3294,1,16,881784,141,282,846,1692,1,1,105938,3294,0,17,0,0,0,NORMAL,0,3,1,6,49,141,0,282,0,0,0,0,0,0,0
109208,5,bully,3272,1,16,881418,141,281,846,1686,1,1,105936,3272,0,17,0,0,0,NORMAL,0,3,1,7,45,141,0,281,0,0,0,0,0,0,0
108959,10,bully,3021,1,16,877416,141,140,846,840,1,1,105938,3021,0,17,0,0,0,NORMAL,0,3,1,7,33,141,0,140,0,0,0,0,0,0,0
108653,6,bully,2715,1,16,872520,141,281,846,1686,1,1,105938,2715,0,17,0,0,0,NORMAL,0,3,1,7,42,141,0,281,0,0,0,0,0,0,0
108900,1,bully,2966,1,16,876494,141,140,846,840,1,1,105934,2966,0,17,0,0,0,LEADER,1,4,1,7,16,141,0,140,0,0,0,0,0,0,0
109515,9,bully,3578,1,16,886320,141,142,846,852,2,1,105937,3578,0,17,0,0,0,NORMAL,0,3,1,6,51,141,0,142,0,0,0,0,0,0,0
109095,7,bully,3157,1,16,879592,141,284,846,1704,1,1,105938,3157,0,17,0,0,0,NORMAL,0,3,1,6,49,141,0,284,0,0,0,0,0,0,0
109347,2,bully,3409,1,16,883624,141,285,846,1710,1,1,105938,3409,0,17,0,0,0,NORMAL,0,3,1,6,47,141,0,285,0,0,0,0,0,0,0
111092,3,bully,2851,1,16,874696,144,285,864,1710,1,1,108241,2851,0,17,0,0,0,NORMAL,0,3,1,9,48,144,0,285,0,0,0,0,0,0,0
111377,8,bully,3136,1,16,879256,144,286,864,1716,2,1,108241,3136,0,17,0,0,0,NORMAL,0,3,1,9,50,144,0,286,0,0,0,0,0,0,0
111535,4,bully,3294,1,16,881784,144,288,864,1728,1,1,108241,3294,0,17,0,0,0,NORMAL,0,3,1,9,49,144,0,288,0,0,0,0,0,0,0
111511,5,bully,3272,1,16,881418,144,287,864,1722,1,1,108239,3272,0,17,0,0,0,NORMAL,0,3,1,10,45,144,0,287,0,0,0,0,0,0,0
111262,10,bully,3021,1,16,877416,144,143,864,858,1,1,108241,3021,0,17,0,0,0,NORMAL,0,3,1,10,33,144,0,143,0,0,0,0,0,0,0
110956,6,bully,2715,1,16,872520,144,287,864,1722,1,1,108241,2715,0,17,0,0,0,NORMAL,0,3,1,10,42,144,0,287,0,0,0,0,0,0,0
111203,1,bully,2966,1,16,876494,144,143,864,858,1,1,108237,2966,0,17,0,0,0,LEADER,1,4,1,10,16,144,0,143,0,0,0,0,0,0,0
111818,9,bully,3578,1,16,886320,144,145,864,870,2,1,108240,3578,0,17,0,0,0,NORMAL,0,3,1,9,51,144,0,145,0,0,0,0,0,0,0
111398,7,bully,3157,1,16,879592,144,290,864,1740,1,1,108241,3157,0,17,0,0,0,NORMAL,0,3,1,9,49,144,0,290,0,0,0,0,0,0,0
111650,2,bully,3409,1,16,883624,144,291,864,1746,1,1,108241,3409,0,17,0,0,0,NORMAL,0,3,1,9,47,144,0,291,0,0,0,0,0,0,0
113395,3,bully,2851,1,17,988091,147,291,882,1746,1,1,110544,2851,0,18,0,0,0,NORMAL,0,3,2,3,51,147,0,291,0,0,0,0,0,0,0
113680,8,bully,3136,1,17,992936,147,292,882,1752,2,1,110544,3136,0,18,0,0,0,NORMAL,0,3,2,3,53,147,0,292,0,0,0,0,0,0,0
113838,4,bully,3294,1,17,995622,147,294,882,1764,1,1,110544,3294,0,18,0,0,0,NORMAL,0,3,2,3,52,147,0,294,0,0,0,0,0,0,0
113814,5,bully,3272,1,17,995232,147,293,882,1758,1,1,110542,3272,0,18,0,0,0,NORMAL,0,3,2,4,48,147,0,293,0,0,0,0,0,0,0
113565,10,bully,3021,1,17,990981,147,146,882,876,1,1,110544,3021,0,18,0,0,0,NORMAL,0,3,2,4,35,147,0,146,0,0,0,0,0,0,0
113259,6,bully,2715,1,17,985779,147,293,882,1758,1,1,110544,2715,0,18,0,0,0,NORMAL,0,3,2,4,44,147,0,293,0,0,0,0,0,0,0
113506,1,bully,2966,1,17,990000,147,146,882,876,1,1,110540,2966,0,18,0,0,0,LEADER,1,4,1,4,17,147,0,146,0,0,0,0,0,0,0
114121,9,bully,3578,1,17,1000441,147,148,882,888,2,1,110543,3578,0,18,0,0,0,NORMAL,0,3,2,3,54,147,0,148,0,0,0,0,0,0,0
113701,7,bully,3157,1,17,993293,147,296,882,1776,1,1,110544,3157,0,18,0,0,0,NORMAL,0,3,2,3,52,147,0,296,0,0,0,0,0,0,0
113953,2,bully,3409,1,17,997577,147,297,882,1782,1,1,110544,3409,0,18,0,0,0,NORMAL,0,3,2,3,50,147,0,297,0,0,0,0,0,0,0
115698,3,bully,2851,1,17,988091,150,297,900,1782,1,1,112847,2851,0,18,0,0,0,NORMAL,0,3,1,6,51,150,0,297,0,0,0,0,0,0,0
115983,8,bully,3136,1,17,992936,150,298,900,1788,2,1,112847,3136,0,18,0,0,0,NORMAL,0,3,1,6,53,150,0,298,0,0,0,0,0,0,0
116141,4,bully,3294,1,17,995622,150,300,900,1800,1,1,112847,3294,0,18,0,0,0,NORMAL,0,3,1,6,52,150,0,300,0,0,0,0,0,0,0
116117,5,bully,3272,1,17,995232,150,299,900,1794,1,1,112845,3272,0,18,0,0,0,NORMAL,0,3,1,7,48,150,0,299,0,0,0,0,0,0,0
115868,10,bully,3021,1,17,990981,150,149,900,894,1,1,112847,3021,0,18,0,0,0,NORMAL,0,3,1,7,35,150,0,149,0,0,0,0,0,0,0
115562,6,bully,2715,1,17,985779,150,299,900,1794,1,1,112847,2715,0,18,0,0,0,NORMAL,0,3,1,7,44,150,0,299,0,0,0,0,0,0,0
115809,1,bully,2966,1,17,990000,150,149,900,894,1,1,112843,2966,0,18,0,0,0,LEADER,1,4,1,7,17,150,0,149,0,0,0,0,0,0,0
116424,9,bully,3578,1,17,1000441,150,151,900,906,2,1,112846,3578,0,18,0,0,0,NORMAL,0,3,1,6,54,150,0,151,0,0,0,0,0,0,0
116004,7,bully,3157,1,17,993293,150,302,900,1812,1,1,112847,3157,0,18,0,0,0,NORMAL,0,3,1,6,52,150,0,302,0,0,0,0,0,0,0
116256,2,bully,3409,1,17,997577,150,303,900,1818,1,1,112847,3409,0,18,0,0,0,NORMAL,0,3,1,6,50,150,0,303,0,0,0,0,0,0,0
118001,3,bully,2851,1,17,988091,153,303,918,1818,1,1,115150,2851,0,18,0,0,0,NORMAL,0,3,1,9,51,153,0,303,0,0,0,0,0,0,0
118286,8,bully,3136,1,17,992936,153,304,918,1824,2,1,115150,3136,0,18,0,0,0,NORMAL,0,3,1,9,53,153,0,304,0,0,0,0,0,0,0
118444,4,bully,3294,1,17,995622,153,306,918,1836,1,1,115150,3294,0,18,0,0,0,NORMAL,0,3,1,9,52,153,0,306,0,0,0,0,0,0,0
118420,5,bully,3272,1,17,995232,153,306,918,1836,1,1,115148,3272,0,18,0,0,0,NORMAL,0,3,1,10,48,153,0,306,0,0,0,0,0,0,0
118171,10,bully,3021,1,17,990981,153,152,918,912,1,1,115150,3021,0,18,0,0,0,NORMAL,0,3,1,10,35,153,0,152,0,0,0,0,0,0,0
117865,6,bully,2715,1,17,985779,153,305,918,1830,1,1,115150,2715,0,18,0,0,0,NORMAL,0,3,1,10,44,153,0,305,0,0,0,0,0,0,0
118112,1,bully,2966,1,17,990000,153,152,918,912,1,1,115146,2966,0,18,0,0,0,LEADER,1,4,1,10,17,153,0,152,0,0,0,0,0,0,0
118727,9,bully,3578,1,17,1000441,153,154,918,924,2,1,115149,3578,0,18,0,0,0,NORMAL,0,3,1,9,54,153,0,154,0,0,0,0,0,0,0
118307,7,bully,3157,1,17,993293,153,308,918,1848,1,1,115150,3157,0,18,0,0,0,NORMAL,0,3,1,9,52,153,0,308,0,0,0,0,0,0,0
118559,2,bully,3409,1,17,997577,153,309,918,1854,1,1,115150,3409,0,18,0,0,0,NORMAL,0,3,1,9,50,153,0,309,0,0,0,0,0,0,0
120304,3,bully,2851,1,18,1108395,156,309,936,1854,1,1,117453,2851,0,19,0,0,0,NORMAL,0,3,2,3,54,156,0,309,0,0,0,0,0,0,0
120589,8,bully,3136,1,18,1113525,156,310,936,1860,2,1,117453,3136,0,19,0,0,0,NORMAL,0,3,2,3,56,156,0,310,0,0,0,0,0,0,0
120747,4,bully,3294,1,18,1116369,156,312,936,1872,1,1,117453,3294,0,19,0,0,0,NORMAL,0,3,2,3,55,156,0,312,0,0,0,0,0,0,0
120723,5,bully,3272,1,18,1115955,156,312,936,1872,1,1,117451,3272,0,19,0,0,0,NORMAL,0,3,2,4,50,156,0,312,0,0,0,0,0,0,0
120474,10,bully,3021,1,18,1111455,156,155,936,930,1,1,117453,3021,0,19,0,0,0,NORMAL,0,3,2,4,37,156,0,155,0,0,0,0,0,0,0
120168,6,bully,2715,1,18,1105947,156,311,936,1866,1,1,117453,2715,0,19,0,0,0,NORMAL,0,3,2,4,46,156,0,311,0,0,0,0,0,0,0
120415,1,bully,2966,1,18,1110415,156,155,936,930,1,1,117449,2966,0,19,0,0,0,LEADER,1,4,1,4,18,156,0,155,0,0,0,0,0,0,0
121030,9,bully,3578,1,18,1121471,156,157,936,942,2,1,117452,3578,0,19,0,0,0,NORMAL,0,3,2,3,57,156,0,157,0,0,0,0,0,0,0
120610,7,bully,3157,1,18,1113903,156,314,936,1884,1,1,117453,3157,0,19,0,0,0,NORMAL,0,3,2,3,55,156,0,314,0,0,0,0,0,0,0
120862,2,bully,3409,1,18,1118439,156,315,936,1890,1,1,117453,3409,0,19,0,0,0,NORMAL,0,3,2,3,53,156,0,315,0,0,0,0,0,0,0
122607,3,bully,2851,1,18,1108395,159,315,954,1890,1,1,119756,2851,0,19,0,0,0,NORMAL,0,3,1,6,54,159,0,315,0,0,0,0,0,0,0
122892,8,bully,3136,1,18,1113525,159,316,954,1896,2,1,119756,3136,0,19,0,0,0,NORMAL,0,3,1,6,56,159,0,316,0,0,0,0,0,0,0
123050,4,bully,3294,1,18,1116369,159,318,954,1908,1,1,119756,3294,0,19,0,0,0,NORMAL,0,3,1,6,55,159,0,318,0,0,0,0,0,0,0
123026,5,bully,3272,1,18,1115955,159,318,954,1908,1,1,119754,3272,0,19,0,0,0,NORMAL,0,3,1,7,50,159,0,318,0,0,0,0,0,0,0
122777,10,bully,3021,1,18,1111455,159,158,954,948,1,1,119756,3021,0,19,0,0,0,NORMAL,0,3,1,7,37,159,0,158,0,0,0,0,0,0,0
122471,6,bully,2715,1,18,1105947,159,317,954,1902,1,1,119756,2715,0,19,0,0,0,NORMAL,0,3,1,7,46,159,0,317,0,0,0,0,0,0,0
122718,1,bully,2966,1,18,1110415,159,158,954,948,1,1,119752,2966,0,19,0,0,0,LEADER,1,4,1,7,18,159,0,158,0,0,0,0,0,0,0
123333,9,bully,3578,1,18,1121471,159,160,954,960,2,1,119755,3578,0,19,0,0,0,NORMAL,0,3,1,6,57,159,0,160,0,0,0,0,0,0,0
122913,7,bully,3157,1,18,1113903,159,320,954,1920,1,1,119756,3157,0,19,0,0,0,NORMAL,0,3,1,6,55,159,0,320,0,0,0,0,0,0,0
123165,2,bully,3409,1,18,1118439,159,321,954,1926,1,1,119756,3409,0,19,0,0,0,NORMAL,0,3,1,6,53,159,0,321,0,0,0,0,0,0,0
124910,3,bully,2851,1,18,1108395,162,321,972,1926,1,1,122059,2851,0,19,0,0,0,NORMAL,0,3,1,9,54,162,0,321,0,0,0,0,0,0,0
125195,8,bully,3136,1,18,1113525,162,322,972,1932,2,1,122059,3136,0,19,0,0,0,NORMAL,0,3,1,9,56,162,0,322,0,0,0,0,0,0,0
125353,4,bully,3294,1,18,1116369,162,324,972,1944,1,1,122059,3294,0,19,0,0,0,NORMAL,0,3,1,9,55,162,0,324,0,0,0,0,0,0,0
125329,5,bully,3272,1,18,1115955,162,323,972,1938,1,1,122057,3272,0,19,0,0,0,NORMAL,0,3,1,10,50,162,0,323,0,0,0,0,0,0,0
125080,10,bully,3021,1,18,1111455,162,161,972,966,1,1,122059,3021,0,19,0,0,0,NORMAL,0,3,1,10,37,162,0,161,0,0,0,0,0,0,0
124774,6,bully,2715,1,18,1105947,162,323,972,1938,1,1,122059,2715,0,19,0,0,0,NORMAL,0,3,1,10,46,162,0,323,0,0,0,0,0,0,0
125021,1,bully,2966,1,18,1110415,162,161,972,966,1,1,122055,2966,0,19,0,0,0,LEADER,1,4,1,10,18,162,0,161,0,0,0,0,0,0,0
125636,9,bully,3578,1,18,1121471,162,163,972,978,2,1,122058,3578,0,19,0,0,0,NORMAL,0,3,1,9,57,162,0,163,0,0,0,0,0,0,0
125216,7,bully,3157,1,18,1113903,162,326,972,1956,1,1,122059,3157,0,19,0,0,0,NORMAL,0,3,1,9,55,162,0,326,0,0,0,0,0,0,0
125468,2,bully,3409,1,18,1118439,162,327,972,1962,1,1,122059,3409,0,19,0,0,0,NORMAL,0,3,1,9,53,162,0,327,0,0,0,0,0,0,0
127213,3,bully,2851,1,19,1235608,165,327,990,1962,1,1,124362,2851,0,20,0,0,0,NORMAL,0,3,2,3,57,165,0,327,0,0,0,0,0,0,0
127498,8,bully,3136,1,19,1241023,165,328,990,1968,2,1,124362,3136,0,20,0,0,0,NORMAL,0,3,2,3,59,165,0,328,0,0,0,0,0,0,0
127656,4,bully,3294,1,19,1244025,165,330,990,1980,1,1,124362,3294,0,20,0,0,0,NORMAL,0,3,2,3,58,165,0,330,0,0,0,0,0,0,0
127632,5,bully,3272,1,19,1243587,165,330,990,1980,1,1,124360,3272,0,20,0,0,0,NORMAL,0,3,2,4,53,165,0,330,0,0,0,0,0,0,0
127383,10,bully,3021,1,19,1238838,165,164,990,984,1,1,124362,3021,0,20,0,0,0,NORMAL,0,3,2,4,39,165,0,164,0,0,0,0,0,0,0
127077,6,bully,2715,1,19,1233024,165,329,990,1974,1,1,124362,2715,0,20,0,0,0,NORMAL,0,3,2,4,48,165,0,329,0,0,0,0,0,0,0
127324,1,bully,2966,1,19,1237739,165,164,990,984,1,1,124358,2966,0,20,0,0,0,LEADER,1,4,1,4,19,165,0,164,0,0,0,0,0,0,0
127939,9,bully,3578,1,19,1249410,165,166,990,996,2,1,124361,3578,0,20,0,0,0,NORMAL,0,3,2,3,60,165,0,166,0,0,0,0,0,0,0
127519,7,bully,3157,1,19,1241422,165,332,990,1992,1,1,124362,3157,0,20,0,0,0,NORMAL,0,3,2,3,58,165,0,332,0,0,0,0,0,0,0
127771,2,bully,3409,1,19,1246210,165,333,990,1998,1,1,124362,3409,0,20,0,0,0,NORMAL,0,3,2,3,56,165,0,333,0,0,0,0,0,0,0
129516,3,bully,2851,1,19,1235608,168,333,1008,1998,1,1,126665,2851,0,20,0,0,0,NORMAL,0,3,1,6,57,168,0,333,0,0,0,0,0,0,0
129801,8,bully,3136,1,19,1241023,168,334,1008,2004,2,1,126665,3136,0,20,0,0,0,NORMAL,0,3,1,6,59,168,0,334,0,0,0,0,0,0,0
129959,4,bully,3294,1,19,1244025,168,336,1008,2016,1,1,126665,3294,0,20,0,0,0,NORMAL,0,3,1,6,58,168,0,336,0,0,0,0,0,0,0
129935,5,bully,3272,1,19,1243587,168,336,1008,2016,1,1,126663,3272,0,20,0,0,0,NORMAL,0,3,1,7,53,168,0,336,0,0,0,0,0,0,0
129686,10,bully,3021,1,19,1238838,168,167,1008,1002,1,1,126665,3021,0,20,0,0,0,NORMAL,0,3,1,7,39,168,0,167,0,0,0,0,0,0,0
129380,6,bully,2715,1,19,1233024,168,335,1008,2010,1,1,126665,2715,0,20,0,0,0,NORMAL,0,3,1,7,48,168,0,335,0,0,0,0,0,0,0
129627,1,bully,2966,1,19,1237739,168,167,1008,1002,1,1,126661,2966,0,20,0,0,0,LEADER,1,4,1,7,19,168,0,167,0,0,0,0,0,0,0
130242,9,bully,3578,1,19,1249410,168,169,1008,1014,2,1,126664,3578,0,20,0,0,0,NORMAL,0,3,1,6,60,168,0,169,0,0,0,0,0,0,0
129822,7,bully,3157,1,19,1241422,168,338,1008,2028,1,1,126665,3157,0,20,0,0,0,NORMAL,0,3,1,6,58,168,0,338,0,0,0,0,0,0,0
130074,2,bully,3409,1,19,1246210,168,339,1008,2034,1,1,126665,3409,0,20,0,0,0,NORMAL,0,3,1,6,56,168,0,339,0,0,0,0,0,0,0
131819,3,bully,2851,1,19,1235608,171,339,1026,2034,1,1,128968,2851,0,20,0,0,0,NORMAL,0,3,1,9,57,171,0,339,0,0,0,0,0,0,0
132104,8,bully,3136,1,19,1241023,171,340,1026,2040,2,1,128968,3136,0,20,0,0,0,NORMAL,0,3,1,9,59,171,0,340,0,0,0,0,0,0,0
132262,4,bully,3294,1,19,1244025,171,342,1026,2052,1,1,128968,3294,0,20,0,0,0,NORMAL,0,3,1,9,58,171,0,342,0,0,0,0,0,0,0
132238,5,bully,3272,1,19,1243587,171,342,1026,2052,1,1,128966,3272,0,20,0,0,0,NORMAL,0,3,1,10,53,171,0,342,0,0,0,0,0,0,0
131989,10,bully,3021,1,19,1238838,171,170,1026,1020,1,1,128968,3021,0,20,0,0,0,NORMAL,0,3,1,10,39,171,0,170,0,0,0,0,0,0,0
131683,6,bully,2715,1,19,1233024,171,341,1026,2046,1,1,128968,2715,0,20,0,0,0,NORMAL,0,3,1,10,48,171,0,341,0,0,0,0,0,0,0
131930,1,bully,2966,1,19,1237739,171,170,1026,1020,1,1,128964,2966,0,20,0,0,0,LEADER,1,4,1,10,19,171,0,170,0,0,0,0,0,0,0
132545,9,bully,3578,1,19,1249410,171,172,1026,1032,2,1,128967,3578,0,20,0,0,0,NORMAL,0,3,1,9,60,171,0,172,0,0,0,0,0,0,0
132125,7,bully,3157,1,19,1241422,171,344,1026,2064,1,1,128968,3157,0,20,0,0,0,NORMAL,0,3,1,9,58,171,0,344,0,0,0,0,0,0,0
132377,2,bully,3409,1,19,1246210,171,345,1026,2070,1,1,128968,3409,0,20,0,0,0,NORMAL,0,3,1,9,56,171,0,345,0,0,0,0,0,0,0
134122,3,bully,2851,1,20,1369730,174,345,1044,2070,1,1,131271,2851,0,21,0,0,0,NORMAL,0,3,2,3,60,174,0,345,0,0,0,0,0,0,0
134407,8,bully,3136,1,20,1375430,174,346,1044,2076,2,1,131271,3136,0,21,0,0,0,NORMAL,0,3,2,3,62,174,0,346,0,0,0,0,0,0,0
134565,4,bully,3294,1,20,1378590,174,348,1044,2088,1,1,131271,3294,0,21,0,0,0,NORMAL,0,3,2,3,61,174,0,348,0,0,0,0,0,0,0
134541,5,bully,3272,1,20,1378128,174,348,1044,2088,1,1,131269,3272,0,21,0,0,0,NORMAL,0,3,2,4,55,174,0,348,0,0,0,0,0,0,0
134292,10,bully,3021,1,20,1373130,174,173,1044,1038,1,1,131271,3021,0,21,0,0,0,NORMAL,0,3,2,4,41,174,0,173,0,0,0,0,0,0,0
133986,6,bully,2715,1,20,1367010,174,347,1044,2082,1,1,131271,2715,0,21,0,0,0,NORMAL,0,3,2,4,50,174,0,347,0,0,0,0,0,0,0
134233,1,bully,2966,1,20,1371972,174,173,1044,1038,1,1,131267,2966,0,21,0,0,0,LEADER,1,4,1,4,20,174,0,173,0,0,0,0,0,0,0
134848,9,bully,3578,1,20,1384258,174,175,1044,1050,2,1,131270,3578,0,21,0,0,0,NORMAL,0,3,2,3,63,174,0,175,0,0,0,0,0,0,0
134428,7,bully,3157,1,20,1375850,174,350,1044,2100,1,1,131271,3157,0,21,0,0,0,NORMAL,0,3,2,3,61,174,0,350,0,0,0,0,0,0,0
134680,2,bully,3409,1,20,1380890,174,351,1044,2106,1,1,131271,3409,0,21,0,0,0,NORMAL,0,3,2,3,59,174,0,351,0,0,0,0,0,0,0
136425,3,bully,2851,1,20,1369730,177,351,1062,2106,1,1,133574,2851,0,21,0,0,0,NORMAL,0,3,1,6,60,177,0,351,0,0,0,0,0,0,0
136710,8,bully,3136,1,20,1375430,177,352,1062,2112,2,1,133574,3136,0,21,0,0,0,NORMAL,0,3,1,6,62,177,0,352,0,0,0,0,0,0,0
136868,4,bully,3294,1,20,1378590,177,354,1062,2124,1,1,133574,3294,0,21,0,0,0,NORMAL,0,3,1,6,61,177,0,354,0,0,0,0,0,0,0
136844,5,bully,3272,1,20,1378128,177,354,1062,2124,1,1,133572,3272,0,21,0,0,0,NORMAL,0,3,1,7,55,177,0,354,0,0,0,0,0,0,0
136595,10,bully,3021,1,20,1373130,177,176,1062,1056,1,1,133574,3021,0,21,0,0,0,NORMAL,0,3,1,7,41,177,0,176,0,0,0,0,0,0,0
136289,6,bully,2715,1,20,1367010,177,353,1062,2118,1,1,133574,2715,0,21,0,0,0,NORMAL,0,3,1,7,50,177,0,353,0,0,0,0,0,0,0
136536,1,bully,2966,1,20,1371972,177,176,1062,1056,1,1,133570,2966,0,21,0,0,0,LEADER,1,4,1,7,20,177,0,176,0,0,0,0,0,0,0
137151,9,bully,3578,1,20,1384258,177,178,1062,1068,2,1,133573,3578,0,21,0,0,0,NORMAL,0,3,1,6,63,177,0,178,0,0,0,0,0,0,0
136731,7,bully,3157,1,20,1375850,177,356,1062,2136,1,1,133574,3157,0,21,0,0,0,NORMAL,0,3,1,6,61,177,0,356,0,0,0,0,0,0,0
136983,2,bully,3409,1,20,1380890,177,357,1062,2142,1,1,133574,3409,0,21,0,0,0,NORMAL,0,3,1,6,59,177,0,357,0,0,0,0,0,0,0
138728,3,bully,2851,1,20,1369730,180,357,1080,2142,1,1,135877,2851,0,21,0,0,0,NORMAL,0,3,1,9,60,180,0,357,0,0,0,0,0,0,0
139013,8,bully,3136,1,20,1375430,180,358,1080,2148,2,1,135877,3136,0,21,0,0,0,NORMAL,0,3,1,9,62,180,0,358,0,0,0,0,0,0,0
139171,4,bully,3294,1,20,1378590,180,360,1080,2160,1,1,135877,3294,0,21,0,0,0,NORMAL,0,3,1,9,61,180,0,360,0,0,0,0,0,0,0
139147,5,bully,3272,1,20,1378128,180,360,1080,2160,1,1,135875,3272,0,21,0,0,0,NORMAL,0,3,1,10,55,180,0,360,0,0,0,0,0,0,0
138898,10,bully,3021,1,20,1373130,180,179,1080,1074,1,1,135877,3021,0,21,0,0,0,NORMAL,0,3,1,10,41,180,0,179,0,0,0,0,0,0,0
138592,6,bully,2715,1,20,1367010,180,359,1080,2154,1,1,135877,2715,0,21,0,0,0,NORMAL,0,3,1,10,50,180,0,359,0,0,0,0,0,0,0
138838,1,bully,2966,1,20,1371972,180,179,1080,1074,1,1,135872,2966,0,21,0,0,0,LEADER,1,4,1,10,20,180,0,179,0,0,0,0,0,0,0
139454,9,bully,3578,1,20,1384258,180,181,1080,1086,2,1,135876,3578,0,21,0,0,0,NORMAL,0,3,1,9,63,180,0,181,0,0,0,0,0,0,0
139034,7,bully,3157,1,20,1375850,180,362,1080,2172,1,1,135877,3157,0,21,0,0,0,NORMAL,0,3,1,9,61,180,0,362,0,0,0,0,0,0,0
139286,2,bully,3409,1,20,1380890,180,363,1080,2178,1,1,135877,3409,0,21,0,0,0,NORMAL,0,3,1,9,59,180,0,363,0,0,0,0,0,0,0
141031,3,bully,2851,1,21,1510761,183,363,1098,2178,1,1,138180,2851,0,22,0,0,0,NORMAL,0,3,2,3,63,183,0,363,0,0,0,0,0,0,0
141316,8,bully,3136,1,21,1516746,183,364,1098,2184,2,1,138180,3136,0,22,0,0,0,NORMAL,0,3,2,3,65,183,0,364,0,0,0,0,0,0,0
141474,4,bully,3294,1,21,1520064,183,366,1098,2196,1,1,138180,3294,0,22,0,0,0,NORMAL,0,3,2,3,64,183,0,366,0,0,0,0,0,0,0
141450,5,bully,3272,1,21,1519578,183,366,1098,2196,1,1,138178,3272,0,22,0,0,0,NORMAL,0,3,2,3,58,183,0,366,0,0,0,0,0,0,0
141201,10,bully,3021,1,21,1514331,183,182,1098,1092,1,1,138180,3021,0,22,0,0,0,NORMAL,0,3,2,4,43,183,0,182,0,0,0,0,0,0,0
140895,6,bully,2715,1,21,1507905,183,365,1098,2190,1,1,138180,2715,0,22,0,0,0,NORMAL,0,3,2,3,54,183,0,365,0,0,0,0,0,0,0
141141,1,bully,2966,1,21,1513113,183,182,1098,1092,1,1,138175,2966,0,22,0,0,0,LEADER,1,4,1,4,21,183,0,182,0,0,0,0,0,0,0
141757,9,bully,3578,1,21,1526015,183,184,1098,1104,2,1,138179,3578,0,22,0,0,0,NORMAL,0,3,2,3,66,183,0,184,0,0,0,0,0,0,0
141337,7,bully,3157,1,21,1517187,183,368,1098,2208,1,1,138180,3157,0,22,0,0,0,NORMAL,0,3,2,3,64,183,0,368,0,0,0,0,0,0,0
141589,2,bully,3409,1,21,1522479,183,369,1098,2214,1,1,138180,3409,0,22,0,0,0,NORMAL,0,3,2,3,62,183,0,369,0,0,0,0,0,0,0
143334,3,bully,2851,1,21,1510761,186,369,1116,2214,1,1,140483,2851,0,22,0,0,0,NORMAL,0,3,1,6,63,186,0,369,0,0,0,0,0,0,0
143619,8,bully,3136,1,21,1516746,186,370,1116,2220,2,1,140483,3136,0,22,0,0,0,NORMAL,0,3,1,6,65,186,0,370,0,0,0,0,0,0,0
143777,4,bully,3294,1,21,1520064,186,372,1116,2232,1,1,140483,3294,0,22,0,0,0,NORMAL,0,3,1,6,64,186,0,372,0,0,0,0,0,0,0
143753,5,bully,3272,1,21,1519578,186,372,1116,2232,1,1,140481,3272,0,22,0,0,0,NORMAL,0,3,1,6,58,186,0,372,0,0,0,0,0,0,0
143504,10,bully,3021,1,21,1514331,186,185,1116,1110,1,1,140483,3021,0,22,0,0,0,NORMAL,0,3,1,7,43,186,0,185,0,0,0,0,0,0,0
143198,6,bully,2715,1,21,1507905,186,371,1116,2226,1,1,140483,2715,0,22,0,0,0,NORMAL,0,3,1,6,54,186,0,371,0,0,0,0,0,0,0
143444,1,bully,2966,1,21,1513113,186,185,1116,1110,1,1,140478,2966,0,22,0,0,0,LEADER,1,4,1,7,21,186,0,185,0,0,0,0,0,0,0
144060,9,bully,3578,1,21,1526015,186,187,1116,1122,2,1,140482,3578,0,22,0,0,0,NORMAL,0,3,1,6,66,186,0,187,0,0,0,0,0,0,0
143640,7,bully,3157,1,21,1517187,186,374,1116,2244,1,1,140483,3157,0,22,0,0,0,NORMAL,0,3,1,6,64,186,0,374,0,0,0,0,0,0,0
143892,2,bully,3409,1,21,1522479,186,375,1116,2250,1,1,140483,3409,0,22,0,0,0,NORMAL,0,3,1,6,62,186,0,375,0,0,0,0,0,0,0
145637,3,bully,2851,1,21,1510761,189,375,1134,2250,1,1,142786,2851,0,22,0,0,0,NORMAL,0,3,1,9,63,189,0,375,0,0,0,0,0,0,0
145922,8,bully,3136,1,21,1516746,189,376,1134,2256,2,1,142786,3136,0,22,0,0,0,NORMAL,0,3,1,9,65,189,0,376,0,0,0,0,0,0,0
146080,4,bully,3294,1,21,1520064,189,378,1134,2268,1,1,142786,3294,0,22,0,0,0,NORMAL,0,3,1,9,64,189,0,378,0,0,0,0,0,0,0
146056,5,bully,3272,1,21,1519578,189,378,1134,2268,1,1,142784,3272,0,22,0,0,0,NORMAL,0,3,1,9,58,189,0,378,0,0,0,0,0,0,0
145807,10,bully,3021,1,21,1514331,189,188,1134,1128,1,1,142786,3021,0,22,0,0,0,NORMAL,0,3,1,10,43,189,0,188,0,0,0,0,0,0,0
145501,6,bully,2715,1,21,1507905,189,377,1134,2262,1,1,142786,2715,0,22,0,0,0,NORMAL,0,3,1,9,54,189,0,377,0,0,0,0,0,0,0
145747,1,bully,2966,1,21,1513113,189,188,1134,1128,1,1,142781,2966,0,22,0,0,0,LEADER,1,4,1,10,21,189,0,188,0,0,0,0,0,0,0
146363,9,bully,3578,1,21,1526015,189,190,1134,1140,2,1,142785,3578,0,22,0,0,0,NORMAL,0,3,1,9,66,189,0,190,0,0,0,0,0,0,0
145943,7,bully,3157,1,21,1517187,189,380,1134,2280,1,1,142786,3157,0,22,0,0,0,NORMAL,0,3,1,9,64,189,0,380,0,0,0,0,0,0,0
146195,2,bully,3409,1,21,1522479,189,381,1134,2286,1,1,142786,3409,0,22,0,0,0,NORMAL,0,3,1,9,62,189,0,381,0,0,0,0,0,0,0
147940,3,bully,2851,1,22,1658701,192,381,1152,2286,1,1,145089,2851,0,23,0,0,0,NORMAL,0,3,2,3,66,192,0,381,0,0,0,0,0,0,0
148225,8,bully,3136,1,22,1664971,192,382,1152,2292,2,1,145089,3136,0,23,0,0,0,NORMAL,0,3,2,3,68,192,0,382,0,0,0,0,0,0,0
148383,4,bully,3294,1,22,1668447,192,384,1152,2304,1,1,145089,3294,0,23,0,0,0,NORMAL,0,3,2,3,67,192,0,384,0,0,0,0,0,0,0
148359,5,bully,3272,1,22,1667937,192,383,1152,2298,1,1,145087,3272,0,23,0,0,0,NORMAL,0,3,2,4,60,192,0,383,0,0,0,0,0,0,0
148110,10,bully,3021,1,22,1662441,192,191,1152,1146,1,1,145089,3021,0,23,0,0,0,NORMAL,0,3,2,4,45,192,0,191,0,0,0,0,0,0,0
147804,6,bully,2715,1,22,1655709,192,383,1152,2298,1,1,145089,2715,0,23,0,0,0,NORMAL,0,3,2,4,56,192,0,383,0,0,0,0,0,0,0
148050,1,bully,2966,1,22,1661163,192,191,1152,1146,1,1,145084,2966,0,23,0,0,0,LEADER,1,4,1,4,22,192,0,191,0,0,0,0,0,0,0
148666,9,bully,3578,1,22,1674681,192,193,1152,1158,2,1,145088,3578,0,23,0,0,0,NORMAL,0,3,2,3,69,192,0,193,0,0,0,0,0,0,0
148246,7,bully,3157,1,22,1665433,192,386,1152,2316,1,1,145089,3157,0,23,0,0,0,NORMAL,0,3,2,3,67,192,0,386,0,0,0,0,0,0,0
148498,2,bully,3409,1,22,1670977,192,387,1152,2322,1,1,145089,3409,0,23,0,0,0,NORMAL,0,3,2,3,65,192,0,387,0,0,0,0,0,0,0
150243,3,bully,2851,1,22,1658701,195,387,1170,2322,1,1,147392,2851,0,23,0,0,0,NORMAL,0,3,1,6,66,195,0,387,0,0,0,0,0,0,0
150528,8,bully,3136,1,22,1664971,195,388,1170,2328,2,1,147392,3136,0,23,0,0,0,NORMAL,0,3,1,6,68,195,0,388,0,0,0,0,0,0,0
150686,4,bully,3294,1,22,1668447,195,390,1170,2340,1,1,147392,3294,0,23,0,0,0,NORMAL,0,3,1,6,67,195,0,390,0,0,0,0,0,0,0
150662,5,bully,3272,1,22,1667937,195,390,1170,2340,1,1,147390,3272,0,23,0,0,0,NORMAL,0,3,1,7,60,195,0,390,0,0,0,0,0,0,0
150413,10,bully,3021,1,22,1662441,195,194,1170,1164,1,1,147392,3021,0,23,0,0,0,NORMAL,0,3,1,7,45,195,0,194,0,0,0,0,0,0,0
150107,6,bully,2715,1,22,1655709,195,389,1170,2334,1,1,147392,2715,0,23,0,0,0,NORMAL,0,3,1,7,56,195,0,389,0,0,0,0,0,0,0
150353,1,bully,2966,1,22,1661163,195,194,1170,1164,1,1,147387,2966,0,23,0,0,0,LEADER,1,4,1,7,22,195,0,194,0,0,0,0,0,0,0
150969,9,bully,3578,1,22,1674681,195,196,1170,1176,2,1,147391,3578,0,23,0,0,0,NORMAL,0,3,1,6,69,195,0,196,0,0,0,0,0,0,0
150549,7,bully,3157,1,22,1665433,195,392,1170,2352,1,1,147392,3157,0,23,0,0,0,NORMAL,0,3,1,6,67,195,0,392,0,0,0,0,0,0,0
150801,2,bully,3409,1,22,1670977,195,393,1170,2358,1,1,147392,3409,0,23,0,0,0,NORMAL,0,3,1,6,65,195,0,393,0,0,0,0,0,0,0
152546,3,bully,2851,1,22,1658701,198,393,1188,2358,1,1,149695,2851,0,23,0,0,0,NORMAL,0,3,1,9,66,198,0,393,0,0,0,0,0,0,0
152831,8,bully,3136,1,22,1664971,198,394,1188,2364,2,1,149695,3136,0,23,0,0,0,NORMAL,0,3,1,9,68,198,0,394,0,0,0,0,0,0,0
152989,4,bully,3294,1,22,1668447,198,396,1188,2376,1,1,149695,3294,0,23,0,0,0,NORMAL,0,3,1,9,67,198,0,396,0,0,0,0,0,0,0
152965,5,bully,3272,1,22,1667937,198,395,1188,2370,1,1,149693,3272,0,23,0,0,0,NORMAL,0,3,1,10,60,198,0,395,0,0,0,0,0,0,0
152716,10,bully,3021,1,22,1662441,198,197,1188,1182,1,1,149695,3021,0,23,0,0,0,NORMAL,0,3,1,10,45,198,0,197,0,0,0,0,0,0,0
152410,6,bully,2715,1,22,1655709,198,395,1188,2370,1,1,149695,2715,0,23,0,0,0,NORMAL,0,3,1,10,56,198,0,395,0,0,0,0,0,0,0
152655,1,bully,2966,1,22,1661163,198,197,1188,1182,1,1,149689,2966,0,23,0,0,0,LEADER,1,4,1,10,22,198,0,197,0,0,0,0,0,0,0
153272,9,bully,3578,1,22,1674681,198,199,1188,1194,2,1,149694,3578,0,23,0,0,0,NORMAL,0,3,1,9,69,198,0,199,0,0,0,0,0,0,0
152852,7,bully,3157,1,22,1665433,198,398,1188,2388,1,1,149695,3157,0,23,0,0,0,NORMAL,0,3,1,9,67,198,0,398,0,0,0,0,0,0,0
153104,2,bully,3409,1,22,1670977,198,399,1188,2394,1,1,149695,3409,0,23,0,0,0,NORMAL,0,3,1,9,65,198,0,399,0,0,0,0,0,0,0
154849,3,bully,2851,1,23,1813550,201,399,1206,2394,1,1,151998,2851,0,24,0,0,0,NORMAL,0,3,2,3,69,201,0,399,0,0,0,0,0,0,0
155134,8,bully,3136,1,23,1820105,201,400,1206,2400,2,1,151998,3136,0,24,0,0,0,NORMAL,0,3,2,3,71,201,0,400,0,0,0,0,0,0,0
155292,4,bully,3294,1,23,1823739,201,402,1206,2412,1,1,151998,3294,0,24,0,0,0,NORMAL,0,3,2,3,70,201,0,402,0,0,0,0,0,0,0
155268,5,bully,3272,1,23,1823205,201,402,1206,2412,1,1,151996,3272,0,24,0,0,0,NORMAL,0,3,2,4,63,201,0,402,0,0,0,0,0,0,0
155019,10,bully,3021,1,23,1817460,201,200,1206,1200,1,1,151998,3021,0,24,0,0,0,NORMAL,0,3,2,4,47,201,0,200,0,0,0,0,0,0,0
154713,6,bully,2715,1,23,1810422,201,401,1206,2406,1,1,151998,2715,0,24,0,0,0,NORMAL,0,3,2,4,58,201,0,401,0,0,0,0,0,0,0
154958,1,bully,2966,1,23,1816121,201,200,1206,1200,1,1,151992,2966,0,24,0,0,0,LEADER,1,4,1,4,23,201,0,200,0,0,0,0,0,0,0
155575,9,bully,3578,1,23,1830256,201,202,1206,1212,2,1,151997,3578,0,24,0,0,0,NORMAL,0,3,2,3,72,201,0,202,0,0,0,0,0,0,0
155155,7,bully,3157,1,23,1820588,201,404,1206,2424,1,1,151998,3157,0,24,0,0,0,NORMAL,0,3,2,3,70,201,0,404,0,0,0,0,0,0,0
155407,2,bully,3409,1,23,1826384,201,405,1206,2430,1,1,151998,3409,0,24,0,0,0,NORMAL,0,3,2,3,68,201,0,405,0,0,0,0,0,0,0
157152,3,bully,2851,1,23,1813550,204,405,1224,2430,1,1,154301,2851,0,24,0,0,0,NORMAL,0,3,1,6,69,204,0,405,0,0,0,0,0,0,0
157437,8,bully,3136,1,23,1820105,204,406,1224,2436,2,1,154301,3136,0,24,0,0,0,NORMAL,0,3,1,6,71,204,0,406,0,0,0,0,0,0,0
157595,4,bully,3294,1,23,1823739,204,408,1224,2448,1,1,154301,3294,0,24,0,0,0,NORMAL,0,3,1,6,70,204,0,408,0,0,0,0,0,0,0
157571,5,bully,3272,1,23,1823205,204,408,1224,2448,1,1,154299,3272,0,24,0,0,0,NORMAL,0,3,1,7,63,204,0,408,0,0,0,0,0,0,0
157322,10,bully,3021,1,23,1817460,204,203,1224,1218,1,1,154301,3021,0,24,0,0,0,NORMAL,0,3,1,7,47,204,0,203,0,0,0,0,0,0,0
157016,6,bully,2715,1,23,1810422,204,407,1224,2442,1,1,154301,2715,0,24,0,0,0,NORMAL,0,3,1,7,58,204,0,407,0,0,0,0,0,0,0
157261,1,bully,2966,1,23,1816121,204,203,1224,1218,1,1,154295,2966,0,24,0,0,0,LEADER,1,4,1,7,23,204,0,203,0,0,0,0,0,0,0
157878,9,bully,3578,1,23,1830256,204,205,1224,1230,2,1,154300,3578,0,24,0,0,0,NORMAL,0,3,1,6,72,204,0,205,0,0,0,0,0,0,0
157458,7,bully,3157,1,23,1820588,204,410,1224,2460,1,1,154301,3157,0,24,0,0,0,NORMAL,0,3,1,6,70,204,0,410,0,0,0,0,0,0,0
157710,2,bully,3409,1,23,1826384,204,411,1224,2466,1,1,154301,3409,0,24,0,0,0,NORMAL,0,3,1,6,68,204,0,411,0,0,0,0,0,0,0
159455,3,bully,2851,1,23,1813550,207,411,1242,2466,1,1,156604,2851,0,24,0,0,0,NORMAL,0,3,1,9,69,207,0,411,0,0,0,0,0,0,0
159740,8,bully,3136,1,23,1820105,207,412,1242,2472,2,1,156604,3136,0,24,0,0,0,NORMAL,0,3,1,9,71,207,0,412,0,0,0,0,0,0,0
159898,4,bully,3294,1,23,1823739,207,414,1242,2484,1,1,156604,3294,0,24,0,0,0,NORMAL,0,3,1,9,70,207,0,414,0,0,0,0,0,0,0
159874,5,bully,3272,1,23,1823205,207,413,1242,2478,1,1,156602,3272,0,24,0,0,0,NORMAL,0,3,1,10,63,207,0,413,0,0,0,0,0,0,0
159625,10,bully,3021,1,23,1817460,207,206,1242,1236,1,1,156604,3021,0,24,0,0,0,NORMAL,0,3,1,10,47,207,0,206,0,0,0,0,0,0,0
159319,6,bully,2715,1,23,1810422,207,413,1242,2478,1,1,156604,2715,0,24,0,0,0,NORMAL,0,3,1,10,58,207,0,413,0,0,0,0,0,0,0
159564,1,bully,2966,1,23,1816121,207,206,1242,1236,1,1,156598,2966,0,24,0,0,0,LEADER,1,4,1,10,23,207,0,206,0,0,0,0,0,0,0
160181,9,bully,3578,1,23,1830256,207,208,1242,1248,2,1,156603,3578,0,24,0,0,0,NORMAL,0,3,1,9,72,207,0,208,0,0,0,0,0,0,0
159761,7,bully,3157,1,23,1820588,207,416,1242,2496,1,1,156604,3157,0,24,0,0,0,NORMAL,0,3,1,9,70,207,0,416,0,0,0,0,0,0,0
160013,2,bully,3409,1,23,1826384,207,417,1242,2502,1,1,156604,3409,0,24,0,0,0,NORMAL,0,3,1,9,68,207,0,417,0,0,0,0,0,0,0
161758,3,bully,2851,1,24,1975308,210,417,1260,2502,1,1,158907,2851,0,25,0,0,0,NORMAL,0,3,2,3,72,210,0,417,0,0,0,0,0,0,0
162043,8,bully,3136,1,24,1982148,210,418,1260,2508,2,1,158907,3136,0,25,0,0,0,NORMAL,0,3,2,3,74,210,0,418,0,0,0,0,0,0,0
162201,4,bully,3294,1,24,1985940,210,420,1260,2520,1,1,158907,3294,0,25,0,0,0,NORMAL,0,3,2,3,73,210,0,420,0,0,0,0,0,0,0
162177,5,bully,3272,1,24,1985382,210,419,1260,2514,1,1,158905,3272,0,25,0,0,0,NORMAL,0,3,2,4,66,210,0,419,0,0,0,0,0,0,0
161928,10,bully,3021,1,24,1979388,210,209,1260,1254,1,1,158907,3021,0,25,0,0,0,NORMAL,0,3,2,4,49,210,0,209,0,0,0,0,0,0,0
161622,6,bully,2715,1,24,1972044,210,419,1260,2514,1,1,158907,2715,0,25,0,0,0,NORMAL,0,3,2,4,60,210,0,419,0,0,0,0,0,0,0
161867,1,bully,2966,1,24,1977988,210,209,1260,1254,1,1,158901,2966,0,25,0,0,0,LEADER,1,4,1,4,24,210,0,209,0,0,0,0,0,0,0
162484,9,bully,3578,1,24,1992740,210,211,1260,1266,2,1,158906,3578,0,25,0,0,0,NORMAL,0,3,2,3,75,210,0,211,0,0,0,0,0,0,0
162064,7,bully,3157,1,24,1982652,210,422,1260,2532,1,1,158907,3157,0,25,0,0,0,NORMAL,0,3,2,3,73,210,0,422,0,0,0,0,0,0,0
162316,2,bully,3409,1,24,1988700,210,423,1260,2538,1,1,158907,3409,0,25,0,0,0,NORMAL,0,3,2,3,71,210,0,423,0,0,0,0,0,0,0
164061,3,bully,2851,1,24,1975308,213,423,1278,2538,1,1,161210,2851,0,25,0,0,0,NORMAL,0,3,1,6,72,213,0,423,0,0,0,0,0,0,0
164346,8,bully,3136,1,24,1982148,213,424,1278,2544,2,1,161210,3136,0,25,0,0,0,NORMAL,0,3,1,6,74,213,0,424,0,0,0,0,0,0,0
164504,4,bully,3294,1,24,1985940,213,426,1278,2556,1,1,161210,3294,0,25,0,0,0,NORMAL,0,3,1,6,73,213,0,426,0,0,0,0,0,0,0
164480,5,bully,3272,1,24,1985382,213,425,1278,2550,1,1,161208,3272,0,25,0,0,0,NORMAL,0,3,1,7,66,213,0,425,0,0,0,0,0,0,0
164231,10,bully,3021,1,24,1979388,213,212,1278,1272,1,1,161210,3021,0,25,0,0,0,NORMAL,0,3,1,7,49,213,0,212,0,0,0,0,0,0,0
163925,6,bully,2715,1,24,1972044,213,425,1278,2550,1,1,161210,2715,0,25,0,0,0,NORMAL,0,3,1,7,60,213,0,425,0,0,0,0,0,0,0
164170,1,bully,2966,1,24,1977988,213,212,1278,1272,1,1,161204,2966,0,25,0,0,0,LEADER,1,4,1,7,24,213,0,212,0,0,0,0,0,0,0
164787,9,bully,3578,1,24,1992740,213,214,1278,1284,2,1,161209,3578,0,25,0,0,0,NORMAL,0,3,1,6,75,213,0,214,0,0,0,0,0,0,0
164367,7,bully,3157,1,24,1982652,213,428,1278,2568,1,1,161210,3157,0,25,0,0,0,NORMAL,0,3,1,6,73,213,0,428,0,0,0,0,0,0,0
164619,2,bully,3409,1,24,1988700,213,429,1278,2574,1,1,161210,3409,0,25,0,0,0,NORMAL,0,3,1,6,71,213,0,429,0,0,0,0,0,0,0
166364,3,bully,2851,1,24,1975308,216,429,1296,2574,1,1,163513,2851,0,25,0,0,0,NORMAL,0,3,1,9,72,216,0,429,0,0,0,0,0,0,0
166649,8,bully,3136,1,24,1982148,216,430,1296,2580,2,1,163513,3136,0,25,0,0,0,NORMAL,0,3,1,9,74,216,0,430,0,0,0,0,0,0,0
166807,4,bully,3294,1,24,1985940,216,432,1296,2592,1,1,163513,3294,0,25,0,0,0,NORMAL,0,3,1,9,73,216,0,432,0,0,0,0,0,0,0
166783,5,bully,3272,1,24,1985382,216,432,1296,2592,1,1,163511,3272,0,25,0,0,0,NORMAL,0,3,1,10,66,216,0,432,0,0,0,0,0,0,0
166534,10,bully,3021,1,24,1979388,216,215,1296,1290,1,1,163513,3021,0,25,0,0,0,NORMAL,0,3,1,10,49,216,0,215,0,0,0,0,0,0,0
166228,6,bully,2715,1,24,1972044,216,431,1296,2586,1,1,163513,2715,0,25,0,0,0,NORMAL,0,3,1,10,60,216,0,431,0,0,0,0,0,0,0
166473,1,bully,2966,1,24,1977988,216,215,1296,1290,1,1,163507,2966,0,25,0,0,0,LEADER,1,4,1,10,24,216,0,215,0,0,0,0,0,0,0
167090,9,bully,3578,1,24,1992740,216,217,1296,1302,2,1,163512,3578,0,25,0,0,0,NORMAL,0,3,1,9,75,216,0,217,0,0,0,0,0,0,0
166670,7,bully,3157,1,24,1982652,216,434,1296,2604,1,1,163513,3157,0,25,0,0,0,NORMAL,0,3,1,9,73,216,0,434,0,0,0,0,0,0,0
166922,2,bully,3409,1,24,1988700,216,435,1296,2610,1,1,163513,3409,0,25,0,0,0,NORMAL,0,3,1,9,71,216,0,435,0,0,0,0,0,0,0
168667,3,bully,2851,1,25,2143975,219,435,1314,2610,1,1,165816,2851,0,26,0,0,0,NORMAL,0,3,2,3,75,219,0,435,0,0,0,0,0,0,0
168952,8,bully,3136,1,25,2151100,219,436,1314,2616,2,1,165816,3136,0,26,0,0,0,NORMAL,0,3,2,3,77,219,0,436,0,0,0,0,0,0,0
169110,4,bully,3294,1,25,2155050,219,438,1314,2628,1,1,165816,3294,0,26,0,0,0,NORMAL,0,3,2,3,76,219,0,438,0,0,0,0,0,0,0
169086,5,bully,3272,1,25,2154468,219,438,1314,2628,1,1,165814,3272,0,26,0,0,0,NORMAL,0,3,2,3,69,219,0,438,0,0,0,0,0,0,0
168837,10,bully,3021,1,25,2148225,219,218,1314,1308,1,1,165816,3021,0,26,0,0,0,NORMAL,0,3,2,4,51,219,0,218,0,0,0,0,0,0,0
168531,6,bully,2715,1,25,2140575,219,437,1314,2622,1,1,165816,2715,0,26,0,0,0,NORMAL,0,3,2,3,64,219,0,437,0,0,0,0,0,0,0
168776,1,bully,2966,1,25,2146764,219,218,1314,1308,1,1,165810,2966,0,26,0,0,0,LEADER,1,4,1,4,25,219,0,218,0,0,0,0,0,0,0
169393,9,bully,3578,1,25,2162133,219,220,1314,1320,2,1,165815,3578,0,26,0,0,0,NORMAL,0,3,2,3,78,219,0,220,0,0,0,0,0,0,0
168973,7,bully,3157,1,25,2151625,219,440,1314,2640,1,1,165816,3157,0,26,0,0,0,NORMAL,0,3,2,3,76,219,0,440,0,0,0,0,0,0,0
169225,2,bully,3409,1,25,2157925,219,441,1314,2646,1,1,165816,3409,0,26,0,0,0,NORMAL,0,3,2,3,74,219,0,441,0,0,0,0,0,0,0
170970,3,bully,2851,1,25,2143975,222,441,1332,2646,1,1,168119,2851,0,26,0,0,0,NORMAL,0,3,1,6,75,222,0,441,0,0,0,0,0,0,0
171255,8,bully,3136,1,25,2151100,222,442,1332,2652,2,1,168119,3136,0,26,0,0,0,NORMAL,0,3,1,6,77,222,0,442,0,0,0,0,0,0,0
171413,4,bully,3294,1,25,2155050,222,444,1332,2664,1,1,168119,3294,0,26,0,0,0,NORMAL,0,3,1,6,76,222,0,444,0,0,0,0,0,0,0
171389,5,bully,3272,1,25,2154468,222,443,1332,2658,1,1,168117,3272,0,26,0,0,0,NORMAL,0,3,1,6,69,222,0,443,0,0,0,0,0,0,0
171140,10,bully,3021,1,25,2148225,222,221,1332,1326,1,1,168119,3021,0,26,0,0,0,NORMAL,0,3,1,7,51,222,0,221,0,0,0,0,0,0,0
170834,6,bully,2715,1,25,2140575,222,443,1332,2658,1,1,168119,2715,0,26,0,0,0,NORMAL,0,3,1,6,64,222,0,443,0,0,0,0,0,0,0
171079,1,bully,2966,1,25,2146764,222,221,1332,1326,1,1,168113,2966,0,26,0,0,0,LEADER,1,4,1,7,25,222,0,221,0,0,0,0,0,0,0
171696,9,bully,3578,1,25,2162133,222,223,1332,1338,2,1,168118,3578,0,26,0,0,0,NORMAL,0,3,1,6,78,222,0,223,0,0,0,0,0,0,0
171276,7,bully,3157,1,25,2151625,222,446,1332,2676,1,1,168119,3157,0,26,0,0,0,NORMAL,0,3,1,6,76,222,0,446,0,0,0,0,0,0,0
171528,2,bully,3409,1,25,2157925,222,447,1332,2682,1,1,168119,3409,0,26,0,0,0,NORMAL,0,3,1,6,74,222,0,447,0,0,0,0,0,0,0
173273,3,bully,2851,1,25,2143975,225,447,1350,2682,1,1,170422,2851,0,26,0,0,0,NORMAL,0,3,1,9,75,225,0,447,0,0,0,0,0,0,0
173558,8,bully,3136,1,25,2151100,225,448,1350,2688,2,1,170422,3136,0,26,0,0,0,NORMAL,0,3,1,9,77,225,0,448,0,0,0,0,0,0,0
173716,4,bully,3294,1,25,2155050,225,450,1350,2700,1,1,170422,3294,0,26,0,0,0,NORMAL,0,3,1,9,76,225,0,450,0,0,0,0,0,0,0
173692,5,bully,3272,1,25,2154468,225,449,1350,2694,1,1,170420,3272,0,26,0,0,0,NORMAL,0,3,1,9,69,225,0,449,0,0,0,0,0,0,0
173443,10,bully,3021,1,25,2148225,225,224,1350,1344,1,1,170422,3021,0,26,0,0,0,NORMAL,0,3,1,10,51,225,0,224,0,0,0,0,0,0,0
173137,6,bully,2715,1,25,2140575,225,449,1350,2694,1,1,170422,2715,0,26,0,0,0,NORMAL,0,3,1,9,64,225,0,449,0,0,0,0,0,0,0
173382,1,bully,2966,1,25,2146764,225,224,1350,1344,1,1,170416,2966,0,26,0,0,0,LEADER,1,4,1,10,25,225,0,224,0,0,0,0,0,0,0
173999,9,bully,3578,1,25,2162133,225,226,1350,1356,2,1,170421,3578,0,26,0,0,0,NORMAL,0,3,1,9,78,225,0,226,0,0,0,0,0,0,0
173579,7,bully,3157,1,25,2151625,225,452,1350,2712,1,1,170422,3157,0,26,0,0,0,NORMAL,0,3,1,9,76,225,0,452,0,0,0,0,0,0,0
173831,2,bully,3409,1,25,2157925,225,453,1350,2718,1,1,170422,3409,0,26,0,0,0,NORMAL,0,3,1,9,74,225,0,453,0,0,0,0,0,0,0
175576,3,bully,2851,1,26,2319551,228,453,1368,2718,1,1,172725,2851,0,27,0,0,0,NORMAL,0,3,2,3,78,228,0,453,0,0,0,0,0,0,0
175861,8,bully,3136,1,26,2326961,228,454,1368,2724,2,1,172725,3136,0,27,0,0,0,NORMAL,0,3,2,3,80,228,0,454,0,0,0,0,0,0,0
176019,4,bully,3294,1,26,2331069,228,456,1368,2736,1,1,172725,3294,0,27,0,0,0,NORMAL,0,3,2,3,79,228,0,456,0,0,0,0,0,0,0
175995,5,bully,3272,1,26,2330463,228,455,1368,2730,1,1,172723,3272,0,27,0,0,0,NORMAL,0,3,2,4,72,228,0,455,0,0,0,0,0,0,0
175746,10,bully,3021,1,26,2323971,228,227,1368,1362,1,1,172725,3021,0,27,0,0,0,NORMAL,0,3,2,4,53,228,0,227,0,0,0,0,0,0,0
175440,6,bully,2715,1,26,2316015,228,455,1368,2730,1,1,172725,2715,0,27,0,0,0,NORMAL,0,3,2,4,66,228,0,455,0,0,0,0,0,0,0
175685,1,bully,2966,1,26,2322449,228,227,1368,1362,1,1,172719,2966,0,27,0,0,0,LEADER,1,4,1,4,26,228,0,227,0,0,0,0,0,0,0
176302,9,bully,3578,1,26,2338435,228,229,1368,1374,2,1,172724,3578,0,27,0,0,0,NORMAL,0,3,2,3,81,228,0,229,0,0,0,0,0,0,0
175882,7,bully,3157,1,26,2327507,228,458,1368,2748,1,1,172725,3157,0,27,0,0,0,NORMAL,0,3,2,3,79,228,0,458,0,0,0,0,0,0,0
176134,2,bully,3409,1,26,2334059,228,459,1368,2754,1,1,172725,3409,0,27,0,0,0,NORMAL,0,3,2,3,77,228,0,459,0,0,0,0,0,0,0
177879,3,bully,2851,1,26,2319551,231,459,1386,2754,1,1,175028,2851,0,27,0,0,0,NORMAL,0,3,1,6,78,231,0,459,0,0,0,0,0,0,0
178164,8,bully,3136,1,26,2326961,231,460,1386,2760,2,1,175028,3136,0,27,0,0,0,NORMAL,0,3,1,6,80,231,0,460,0,0,0,0,0,0,0
178322,4,bully,3294,1,26,2331069,231,462,1386,2772,1,1,175028,3294,0,27,0,0,0,NORMAL,0,3,1,6,79,231,0,462,0,0,0,0,0,0,0
178297,5,bully,3272,1,26,2330463,231,462,1386,2772,1,1,175025,3272,0,27,0,0,0,NORMAL,0,3,1,7,72,231,0,462,0,0,0,0,0,0,0
178049,10,bully,3021,1,26,2323971,231,230,1386,1380,1,1,175028,3021,0,27,0,0,0,NORMAL,0,3,1,7,53,231,0,230,0,0,0,0,0,0,0
177743,6,bully,2715,1,26,2316015,231,461,1386,2766,1,1,175028,2715,0,27,0,0,0,NORMAL,0,3,1,7,66,231,0,461,0,0,0,0,0,0,0
177988,1,bully,2966,1,26,2322449,231,230,1386,1380,1,1,175022,2966,0,27,0,0,0,LEADER,1,4,1,7,26,231,0,230,0,0,0,0,0,0,0
178605,9,bully,3578,1,26,2338435,231,232,1386,1392,2,1,175027,3578,0,27,0,0,0,NORMAL,0,3,1,6,81,231,0,232,0,0,0,0,0,0,0
178185,7,bully,3157,1,26,2327507,231,464,1386,2784,1,1,175028,3157,0,27,0,0,0,NORMAL,0,3,1,6,79,231,0,464,0,0,0,0,0,0,0
178437,2,bully,3409,1,26,2334059,231,465,1386,2790,1,1,175028,3409,0,27,0,0,0,NORMAL,0,3,1,6,77,231,0,465,0,0,0,0,0,0,0
180182,3,bully,2851,1,26,2319551,234,465,1404,2790,1,1,177331,2851,0,27,0,0,0,NORMAL,0,3,1,9,78,234,0,465,0,0,0,0,0,0,0
180467,8,bully,3136,1,26,2326961,234,466,1404,2796,2,1,177331,3136,0,27,0,0,0,NORMAL,0,3,1,9,80,234,0,466,0,0,0,0,0,0,0
180625,4,bully,3294,1,26,2331069,234,468,1404,2808,1,1,177331,3294,0,27,0,0,0,NORMAL,0,3,1,9,79,234,0,468,0,0,0,0,0,0,0
180600,5,bully,3272,1,26,2330463,234,467,1404,2802,1,1,177328,3272,0,27,0,0,0,NORMAL,0,3,1,10,72,234,0,467,0,0,0,0,0,0,0
180352,10,bully,3021,1,26,2323971,234,233,1404,1398,1,1,177331,3021,0,27,0,0,0,NORMAL,0,3,1,10,53,234,0,233,0,0,0,0,0,0,0
180046,6,bully,2715,1,26,2316015,234,467,1404,2802,1,1,177331,2715,0,27,0,0,0,NORMAL,0,3,1,10,66,234,0,467,0,0,0,0,0,0,0
180291,1,bully,2966,1,26,2322449,234,233,1404,1398,1,1,177325,2966,0,27,0,0,0,LEADER,1,4,1,10,26,234,0,233,0,0,0,0,0,0,0
180908,9,bully,3578,1,26,2338435,234,235,1404,1410,2,1,177330,3578,0,27,0,0,0,NORMAL,0,3,1,9,81,234,0,235,0,0,0,0,0,0,0
180488,7,bully,3157,1,26,2327507,234,470,1404,2820,1,1,177331,3157,0,27,0,0,0,NORMAL,0,3,1,9,79,234,0,470,0,0,0,0,0,0,0
180740,2,bully,3409,1,26,2334059,234,471,1404,2826,1,1,177331,3409,0,27,0,0,0,NORMAL,0,3,1,9,77,234,0,471,0,0,0,0,0,0,0
182485,3,bully,2851,1,27,2502036,237,471,1422,2826,1,1,179634,2851,0,28,0,0,0,NORMAL,0,3,2,3,81,237,0,471,0,0,0,0,0,0,0
182770,8,bully,3136,1,27,2509731,237,472,1422,2832,2,1,179634,3136,0,28,0,0,0,NORMAL,0,3,2,3,83,237,0,472,0,0,0,0,0,0,0
182928,4,bully,3294,1,27,2513997,237,474,1422,2844,1,1,179634,3294,0,28,0,0,0,NORMAL,0,3,2,3,82,237,0,474,0,0,0,0,0,0,0
182903,5,bully,3272,1,27,2513366,237,473,1422,2838,1,1,179631,3272,0,28,0,0,0,NORMAL,0,3,2,4,75,237,0,473,0,0,0,0,0,0,0
182655,10,bully,3021,1,27,2506626,237,236,1422,1416,1,1,179634,3021,0,28,0,0,0,NORMAL,0,3,2,4,55,237,0,236,0,0,0,0,0,0,0
182349,6,bully,2715,1,27,2498364,237,473,1422,2838,1,1,179634,2715,0,28,0,0,0,NORMAL,0,3,2,4,68,237,0,473,0,0,0,0,0,0,0
182594,1,bully,2966,1,27,2505043,237,236,1422,1416,1,1,179628,2966,0,28,0,0,0,LEADER,1,4,1,4,27,237,0,236,0,0,0,0,0,0,0
183211,9,bully,3578,1,27,2521646,237,238,1422,1428,2,1,179633,3578,0,28,0,0,0,NORMAL,0,3,2,3,84,237,0,238,0,0,0,0,0,0,0
182791,7,bully,3157,1,27,2510298,237,476,1422,2856,1,1,179634,3157,0,28,0,0,0,NORMAL,0,3,2,3,82,237,0,476,0,0,0,0,0,0,0
183043,2,bully,3409,1,27,2517102,237,477,1422,2862,1,1,179634,3409,0,28,0,0,0,NORMAL,0,3,2,3,80,237,0,477,0,0,0,0,0,0,0
184788,3,bully,2851,1,27,2502036,240,477,1440,2862,1,1,181937,2851,0,28,0,0,0,NORMAL,0,3,1,6,81,240,0,477,0,0,0,0,0,0,0
185073,8,bully,3136,1,27,2509731,240,478,1440,2868,2,1,181937,3136,0,28,0,0,0,NORMAL,0,3,1,6,83,240,0,478,0,0,0,0,0,0,0
185231,4,bully,3294,1,27,2513997,240,480,1440,2880,1,1,181937,3294,0,28,0,0,0,NORMAL,0,3,1,6,82,240,0,480,0,0,0,0,0,0,0
185206,5,bully,3272,1,27,2513366,240,480,1440,2880,1,1,181934,3272,0,28,0,0,0,NORMAL,0,3,1,7,75,240,0,480,0,0,0,0,0,0,0
184958,10,bully,3021,1,27,2506626,240,239,1440,1434,1,1,181937,3021,0,28,0,0,0,NORMAL,0,3,1,7,55,240,0,239,0,0,0,0,0,0,0
184652,6,bully,2715,1,27,2498364,240,479,1440,2874,1,1,181937,2715,0,28,0,0,0,NORMAL,0,3,1,7,68,240,0,479,0,0,0,0,0,0,0
184896,1,bully,2966,1,27,2505043,240,239,1440,1434,1,1,181930,2966,0,28,0,0,0,LEADER,1,4,1,7,27,240,0,239,0,0,0,0,0,0,0
185514,9,bully,3578,1,27,2521646,240,241,1440,1446,2,1,181936,3578,0,28,0,0,0,NORMAL,0,3,1,6,84,240,0,241,0,0,0,0,0,0,0
185094,7,bully,3157,1,27,2510298,240,482,1440,2892,1,1,181937,3157,0,28,0,0,0,NORMAL,0,3,1,6,82,240,0,482,0,0,0,0,0,0,0
185346,2,bully,3409,1,27,2517102,240,483,1440,2898,1,1,181937,3409,0,28,0,0,0,NORMAL,0,3,1,6,80,240,0,483,0,0,0,0,0,0,0
187091,3,bully,2851,1,27,2502036,243,483,1458,2898,1,1,184240,2851,0,28,0,0,0,NORMAL,0,3,1,9,81,243,0,483,0,0,0,0,0,0,0
187376,8,bully,3136,1,27,2509731,243,484,1458,2904,2,1,184240,3136,0,28,0,0,0,NORMAL,0,3,1,9,83,243,0,484,0,0,0,0,0,0,0
187534,4,bully,3294,1,27,2513997,243,486,1458,2916,1,1,184240,3294,0,28,0,0,0,NORMAL,0,3,1,9,82,243,0,486,0,0,0,0,0,0,0
187509,5,bully,3272,1,27,2513366,243,485,1458,2910,1,1,184237,3272,0,28,0,0,0,NORMAL,0,3,1,10,75,243,0,485,0,0,0,0,0,0,0
187261,10,bully,3021,1,27,2506626,243,242,1458,1452,1,1,184240,3021,0,28,0,0,0,NORMAL,0,3,1,10,55,243,0,242,0,0,0,0,0,0,0
186955,6,bully,2715,1,27,2498364,243,485,1458,2910,1,1,184240,2715,0,28,0,0,0,NORMAL,0,3,1,10,68,243,0,485,0,0,0,0,0,0,0
187199,1,bully,2966,1,27,2505043,243,242,1458,1452,1,1,184233,2966,0,28,0,0,0,LEADER,1,4,1,10,27,243,0,242,0,0,0,0,0,0,0
187817,9,bully,3578,1,27,2521646,243,244,1458,1464,2,1,184239,3578,0,28,0,0,0,NORMAL,0,3,1,9,84,243,0,244,0,0,0,0,0,0,0
187397,7,bully,3157,1,27,2510298,243,488,1458,2928,1,1,184240,3157,0,28,0,0,0,NORMAL,0,3,1,9,82,243,0,488,0,0,0,0,0,0,0
187649,2,bully,3409,1,27,2517102,243,489,1458,2934,1,1,184240,3409,0,28,0,0,0,NORMAL,0,3,1,9,80,243,0,489,0,0,0,0,0,0,0
189394,3,bully,2851,1,28,2691430,246,489,1476,2934,1,1,186543,2851,0,29,0,0,0,NORMAL,0,3,2,3,84,246,0,489,0,0,0,0,0,0,0
189679,8,bully,3136,1,28,2699410,246,490,1476,2940,2,1,186543,3136,0,29,0,0,0,NORMAL,0,3,2,3,86,246,0,490,0,0,0,0,0,0,0
189837,4,bully,3294,1,28,2703834,246,492,1476,2952,1,1,186543,3294,0,29,0,0,0,NORMAL,0,3,2,3,85,246,0,492,0,0,0,0,0,0,0
189812,5,bully,3272,1,28,2703178,246,492,1476,2952,1,1,186540,3272,0,29,0,0,0,NORMAL,0,3,2,4,78,246,0,492,0,0,0,0,0,0,0
189564,10,bully,3021,1,28,2696190,246,245,1476,1470,1,1,186543,3021,0,29,0,0,0,NORMAL,0,3,2,4,57,246,0,245,0,0,0,0,0,0,0
189258,6,bully,2715,1,28,2687622,246,491,1476,2946,1,1,186543,2715,0,29,0,0,0,NORMAL,0,3,2,4,70,246,0,491,0,0,0,0,0,0,0
189502,1,bully,2966,1,28,2694545,246,245,1476,1470,1,1,186536,2966,0,29,0,0,0,LEADER,1,4,1,4,28,246,0,245,0,0,0,0,0,0,0
190120,9,bully,3578,1,28,2711766,246,247,1476,1482,2,1,186542,3578,0,29,0,0,0,NORMAL,0,3,2,3,87,246,0,247,0,0,0,0,0,0,0
189700,7,bully,3157,1,28,2699998,246,494,1476,2964,1,1,186543,3157,0,29,0,0,0,NORMAL,0,3,2,3,85,246,0,494,0,0,0,0,0,0,0
189952,2,bully,3409,1,28,2707054,246,495,1476,2970,1,1,186543,3409,0,29,0,0,0,NORMAL,0,3,2,3,83,246,0,495,0,0,0,0,0,0,0
191697,3,bully,2851,1,28,2691430,249,495,1494,2970,1,1,188846,2851,0,29,0,0,0,NORMAL,0,3,1,6,84,249,0,495,0,0,0,0,0,0,0
191982,8,bully,3136,1,28,2699410,249,496,1494,2976,2,1,188846,3136,0,29,0,0,0,NORMAL,0,3,1,6,86,249,0,496,0,0,0,0,0,0,0
192140,4,bully,3294,1,28,2703834,249,498,1494,2988,1,1,188846,3294,0,29,0,0,0,NORMAL,0,3,1,6,85,249,0,498,0,0,0,0,0,0,0
192115,5,bully,3272,1,28,2703178,249,497,1494,2982,1,1,188843,3272,0,29,0,0,0,NORMAL,0,3,1,7,78,249,0,497,0,0,0,0,0,0,0
191867,10,bully,3021,1,28,2696190,249,248,1494,1488,1,1,188846,3021,0,29,0,0,0,NORMAL,0,3,1,7,57,249,0,248,0,0,0,0,0,0,0
191561,6,bully,2715,1,28,2687622,249,497,1494,2982,1,1,188846,2715,0,29,0,0,0,NORMAL,0,3,1,7,70,249,0,497,0,0,0,0,0,0,0
191805,1,bully,2966,1,28,2694545,249,248,1494,1488,1,1,188839,2966,0,29,0,0,0,LEADER,1,4,1,7,28,249,0,248,0,0,0,0,0,0,0
192423,9,bully,3578,1,28,2711766,249,250,1494,1500,2,1,188845,3578,0,29,0,0,0,NORMAL,0,3,1,6,87,249,0,250,0,0,0,0,0,0,0
192003,7,bully,3157,1,28,2699998,249,500,1494,3000,1,1,188846,3157,0,29,0,0,0,NORMAL,0,3,1,6,85,249,0,500,0,0,0,0,0,0,0
192255,2,bully,3409,1,28,2707054,249,501,1494,3006,1,1,188846,3409,0,29,0,0,0,NORMAL,0,3,1,6,83,249,0,501,0,0,0,0,0,0,0
194000,3,bully,2851,1,28,2691430,252,501,1512,3006,1,1,191149,2851,0,29,0,0,0,NORMAL,0,3,1,9,84,252,0,501,0,0,0,0,0,0,0
194285,8,bully,3136,1,28,2699410,252,502,1512,3012,2,1,191149,3136,0,29,0,0,0,NORMAL,0,3,1,9,86,252,0,502,0,0,0,0,0,0,0
194443,4,bully,3294,1,28,2703834,252,504,1512,3024,1,1,191149,3294,0,29,0,0,0,NORMAL,0,3,1,9,85,252,0,504,0,0,0,0,0,0,0
194418,5,bully,3272,1,28,2703178,252,504,1512,3024,1,1,191146,3272,0,29,0,0,0,NORMAL,0,3,1,10,78,252,0,504,0,0,0,0,0,0,0
194170,10,bully,3021,1,28,2696190,252,251,1512,1506,1,1,191149,3021,0,29,0,0,0,NORMAL,0,3,1,10,57,252,0,251,0,0,0,0,0,0,0
193864,6,bully,2715,1,28,2687622,252,503,1512,3018,1,1,191149,2715,0,29,0,0,0,NORMAL,0,3,1,10,70,252,0,503,0,0,0,0,0,0,0
194108,1,bully,2966,1,28,2694545,252,251,1512,1506,1,1,191142,2966,0,29,0,0,0,LEADER,1,4,1,10,28,252,0,251,0,0,0,0,0,0,0
194726,9,bully,3578,1,28,2711766,252,253,1512,1518,2,1,191148,3578,0,29,0,0,0,NORMAL,0,3,1,9,87,252,0,253,0,0,0,0,0,0,0
194306,7,bully,3157,1,28,2699998,252,506,1512,3036,1,1,191149,3157,0,29,0,0,0,NORMAL,0,3,1,9,85,252,0,506,0,0,0,0,0,0,0
194558,2,bully,3409,1,28,2707054,252,507,1512,3042,1,1,191149,3409,0,29,0,0,0,NORMAL,0,3,1,9,83,252,0,507,0,0,0,0,0,0,0
196303,3,bully,2851,1,29,2887733,255,507,1530,3042,1,1,193452,2851,0,30,0,0,0,NORMAL,0,3,2,3,87,255,0,507,0,0,0,0,0,0,0
196588,8,bully,3136,1,29,2895998,255,508,1530,3048,2,1,193452,3136,0,30,0,0,0,NORMAL,0,3,2,3,89,255,0,508,0,0,0,0,0,0,0
196746,4,bully,3294,1,29,2900580,255,510,1530,3060,1,1,193452,3294,0,30,0,0,0,NORMAL,0,3,2,3,88,255,0,510,0,0,0,0,0,0,0
196721,5,bully,3272,1,29,2899899,255,509,1530,3054,1,1,193449,3272,0,30,0,0,0,NORMAL,0,3,2,4,80,255,0,509,0,0,0,0,0,0,0
196473,10,bully,3021,1,29,2892663,255,254,1530,1524,1,1,193452,3021,0,30,0,0,0,NORMAL,0,3,2,4,59,255,0,254,0,0,0,0,0,0,0
196167,6,bully,2715,1,29,2883789,255,509,1530,3054,1,1,193452,2715,0,30,0,0,0,NORMAL,0,3,2,4,72,255,0,509,0,0,0,0,0,0,0
196411,1,bully,2966,1,29,2890956,255,254,1530,1524,1,1,193445,2966,0,30,0,0,0,LEADER,1,4,1,4,29,255,0,254,0,0,0,0,0,0,0
197029,9,bully,3578,1,29,2908795,255,256,1530,1536,2,1,193451,3578,0,30,0,0,0,NORMAL,0,3,2,3,90,255,0,256,0,0,0,0,0,0,0
196609,7,bully,3157,1,29,2896607,255,512,1530,3072,1,1,193452,3157,0,30,0,0,0,NORMAL,0,3,2,3,88,255,0,512,0,0,0,0,0,0,0
196861,2,bully,3409,1,29,2903915,255,513,1530,3078,1,1,193452,3409,0,30,0,0,0,NORMAL,0,3,2,3,86,255,0,513,0,0,0,0,0,0,0
198606,3,bully,2851,1,29,2887733,258,513,1548,3078,1,1,195755,2851,0,30,0,0,0,NORMAL,0,3,1,6,87,258,0,513,0,0,0,0,0,0,0
198891,8,bully,3136,1,29,2895998,258,514,1548,3084,2,1,195755,3136,0,30,0,0,0,NORMAL,0,3,1,6,89,258,0,514,0,0,0,0,0,0,0
199049,4,bully,3294,1,29,2900580,258,516,1548,3096,1,1,195755,3294,0,30,0,0,0,NORMAL,0,3,1,6,88,258,0,516,0,0,0,0,0,0,0
199024,5,bully,3272,1,29,2899899,258,516,1548,3096,1,1,195752,3272,0,30,0,0,0,NORMAL,0,3,1,7,80,258,0,516,0,0,0,0,0,0,0
198776,10,bully,3021,1,29,2892663,258,256,1548,1536,1,1,195755,3021,0,30,0,0,0,NORMAL,0,3,1,7,59,258,0,256,0,0,0,0,0,0,0
198470,6,bully,2715,1,29,2883789,258,515,1548,3090,1,1,195755,2715,0,30,0,0,0,NORMAL,0,3,1,7,72,258,0,515,0,0,0,0,0,0,0
198714,1,bully,2966,1,29,2890956,258,257,1548,1542,1,1,195748,2966,0,30,0,0,0,LEADER,1,4,1,7,29,258,0,257,0,0,0,0,0,0,0
199332,9,bully,3578,1,29,2908795,258,259,1548,1554,2,1,195754,3578,0,30,0,0,0,NORMAL,0,3,1,6,90,258,0,259,0,0,0,0,0,0,0
198912,7,bully,3157,1,29,2896607,258,518,1548,3108,1,1,195755,3157,0,30,0,0,0,NORMAL,0,3,1,6,88,258,0,518,0,0,0,0,0,0,0
199164,2,bully,3409,1,29,2903915,258,519,1548,3114,1,1,195755,3409,0,30,0,0,0,NORMAL,0,3,1,6,86,258,0,519,0,0,0,0,0,0,0
200909,3,bully,2851,1,29,2887733,261,519,1566,3114,1,1,198058,2851,0,30,0,0,0,NORMAL,0,3,1,9,87,261,0,519,0,0,0,0,0,0,0
201194,8,bully,3136,1,29,2895998,261,520,1566,3120,2,1,198058,3136,0,30,0,0,0,NORMAL,0,3,1,9,89,261,0,520,0,0,0,0,0,0,0
201352,4,bully,3294,1,29,2900580,261,522,1566,3132,1,1,198058,3294,0,30,0,0,0,NORMAL,0,3,1,9,88,261,0,522,0,0,0,0,0,0,0
201327,5,bully,3272,1,29,2899899,261,521,1566,3126,1,1,198055,3272,0,30,0,0,0,NORMAL,0,3,1,10,80,261,0,521,0,0,0,0,0,0,0
201079,10,bully,3021,1,29,2892663,261,259,1566,1554,1,1,198058,3021,0,30,0,0,0,NORMAL,0,3,1,10,59,261,0,259,0,0,0,0,0,0,0
200773,6,bully,2715,1,29,2883789,261,521,1566,3126,1,1,198058,2715,0,30,0,0,0,NORMAL,0,3,1,10,72,261,0,521,0,0,0,0,0,0,0
201017,1,bully,2966,1,29,2890956,261,260,1566,1560,1,1,198051,2966,0,30,0,0,0,LEADER,1,4,1,10,29,261,0,260,0,0,0,0,0,0,0
201635,9,bully,3578,1,29,2908795,261,262,1566,1572,2,1,198057,3578,0,30,0,0,0,NORMAL,0,3,1,9,90,261,0,262,0,0,0,0,0,0,0
201215,7,bully,3157,1,29,2896607,261,524,1566,3144,1,1,198058,3157,0,30,0,0,0,NORMAL,0,3,1,9,88,261,0,524,0,0,0,0,0,0,0
201467,2,bully,3409,1,29,2903915,261,525,1566,3150,1,1,198058,3409,0,30,0,0,0,NORMAL,0,3,1,9,86,261,0,525,0,0,0,0,0,0,0
203212,3,bully,2851,1,30,3090945,264,525,1584,3150,1,1,200361,2851,0,31,0,0,0,NORMAL,0,3,2,3,90,264,0,525,0,0,0,0,0,0,0
203497,8,bully,3136,1,30,3099495,264,526,1584,3156,2,1,200361,3136,0,31,0,0,0,NORMAL,0,3,2,3,92,264,0,526,0,0,0,0,0,0,0
203655,4,bully,3294,1,30,3104235,264,528,1584,3168,1,1,200361,3294,0,31,0,0,0,NORMAL,0,3,2,3,91,264,0,528,0,0,0,0,0,0,0
203629,5,bully,3272,1,30,3103528,264,527,1584,3162,1,1,200357,3272,0,31,0,0,0,NORMAL,0,3,2,4,83,264,0,527,0,0,0,0,0,0,0
203382,10,bully,3021,1,30,3096045,264,262,1584,1572,1,1,200361,3021,0,31,0,0,0,NORMAL,0,3,2,4,61,264,0,262,0,0,0,0,0,0,0
203076,6,bully,2715,1,30,3086865,264,527,1584,3162,1,1,200361,2715,0,31,0,0,0,NORMAL,0,3,2,4,74,264,0,527,0,0,0,0,0,0,0
203320,1,bully,2966,1,30,3094276,264,263,1584,1578,1,1,200354,2966,0,31,0,0,0,LEADER,1,4,1,4,30,264,0,263,0,0,0,0,0,0,0
203938,9,bully,3578,1,30,3112733,264,265,1584,1590,2,1,200360,3578,0,31,0,0,0,NORMAL,0,3,2,3,93,264,0,265,0,0,0,0,0,0,0
203518,7,bully,3157,1,30,3100125,264,530,1584,3180,1,1,200361,3157,0,31,0,0,0,NORMAL,0,3,2,3,91,264,0,530,0,0,0,0,0,0,0
203770,2,bully,3409,1,30,3107685,264,531,1584,3186,1,1,200361,3409,0,31,0,0,0,NORMAL,0,3,2,3,89,264,0,531,0,0,0,0,0,0,0
205515,3,bully,2851,1,30,3090945,267,531,1602,3186,1,1,202664,2851,0,31,0,0,0,NORMAL,0,3,1,6,90,267,0,531,0,0,0,0,0,0,0
205800,8,bully,3136,1,30,3099495,267,532,1602,3192,2,1,202664,3136,0,31,0,0,0,NORMAL,0,3,1,6,92,267,0,532,0,0,0,0,0,0,0
205958,4,bully,3294,1,30,3104235,267,534,1602,3204,1,1,202664,3294,0,31,0,0,0,NORMAL,0,3,1,6,91,267,0,534,0,0,0,0,0,0,0
205932,5,bully,3272,1,30,3103528,267,533,1602,3198,1,1,202660,3272,0,31,0,0,0,NORMAL,0,3,1,7,83,267,0,533,0,0,0,0,0,0,0
205685,10,bully,3021,1,30,3096045,267,265,1602,1590,1,1,202664,3021,0,31,0,0,0,NORMAL,0,3,1,7,61,267,0,265,0,0,0,0,0,0,0
205379,6,bully,2715,1,30,3086865,267,533,1602,3198,1,1,202664,2715,0,31,0,0,0,NORMAL,0,3,1,7,74,267,0,533,0,0,0,0,0,0,0
205623,1,bully,2966,1,30,3094276,267,266,1602,1596,1,1,202657,2966,0,31,0,0,0,LEADER,1,4,1,7,30,267,0,266,0,0,0,0,0,0,0
206241,9,bully,3578,1,30,3112733,267,268,1602,1608,2,1,202663,3578,0,31,0,0,0,NORMAL,0,3,1,6,93,267,0,268,0,0,0,0,0,0,0
205821,7,bully,3157,1,30,3100125,267,536,1602,3216,1,1,202664,3157,0,31,0,0,0,NORMAL,0,3,1,6,91,267,0,536,0,0,0,0,0,0,0
206073,2,bully,3409,1,30,3107685,267,537,1602,3222,1,1,202664,3409,0,31,0,0,0,NORMAL,0,3,1,6,89,267,0,537,0,0,0,0,0,0,0
207818,3,bully,2851,1,30,3090945,270,537,1620,3222,1,1,204967,2851,0,31,0,0,0,NORMAL,0,3,1,9,90,270,0,537,0,0,0,0,0,0,0
208103,8,bully,3136,1,30,3099495,270,538,1620,3228,2,1,204967,3136,0,31,0,0,0,NORMAL,0,3,1,9,92,270,0,538,0,0,0,0,0,0,0
208261,4,bully,3294,1,30,3104235,270,540,1620,3240,1,1,204967,3294,0,31,0,0,0,NORMAL,0,3,1,9,91,270,0,540,0,0,0,0,0,0,0
208235,5,bully,3272,1,30,3103528,270,539,1620,3234,1,1,204963,3272,0,31,0,0,0,NORMAL,0,3,1,10,83,270,0,539,0,0,0,0,0,0,0
207988,10,bully,3021,1,30,3096045,270,268,1620,1608,1,1,204967,3021,0,31,0,0,0,NORMAL,0,3,1,10,61,270,0,268,0,0,0,0,0,0,0
207682,6,bully,2715,1,30,3086865,270,539,1620,3234,1,1,204967,2715,0,31,0,0,0,NORMAL,0,3,1,10,74,270,0,539,0,0,0,0,0,0,0
207926,1,bully,2966,1,30,3094276,270,269,1620,1614,1,1,204960,2966,0,31,0,0,0,LEADER,1,4,1,10,30,270,0,269,0,0,0,0,0,0,0
208544,9,bully,3578,1,30,3112733,270,271,1620,1626,2,1,204966,3578,0,31,0,0,0,NORMAL,0,3,1,9,93,270,0,271,0,0,0,0,0,0,0
208124,7,bully,3157,1,30,3100125,270,542,1620,3252,1,1,204967,3157,0,31,0,0,0,NORMAL,0,3,1,9,91,270,0,542,0,0,0,0,0,0,0
208376,2,bully,3409,1,30,3107685,270,543,1620,3258,1,1,204967,3409,0,31,0,0,0,NORMAL,0,3,1,9,89,270,0,543,0,0,0,0,0,0,0
210121,3,bully,2851,1,31,3301066,273,543,1638,3258,1,1,207270,2851,0,32,0,0,0,NORMAL,0,3,2,3,93,273,0,543,0,0,0,0,0,0,0
210406,8,bully,3136,1,31,3309901,273,544,1638,3264,2,1,207270,3136,0,32,0,0,0,NORMAL,0,3,2,3,95,273,0,544,0,0,0,0,0,0,0
210564,4,bully,3294,1,31,3314799,273,546,1638,3276,1,1,207270,3294,0,32,0,0,0,NORMAL,0,3,2,3,94,273,0,546,0,0,0,0,0,0,0
210538,5,bully,3272,1,31,3314066,273,546,1638,3276,1,1,207266,3272,0,32,0,0,0,NORMAL,0,3,2,3,87,273,0,546,0,0,0,0,0,0,0
210291,10,bully,3021,1,31,3306336,273,271,1638,1626,1,1,207270,3021,0,32,0,0,0,NORMAL,0,3,2,4,63,273,0,271,0,0,0,0,0,0,0
209985,6,bully,2715,1,31,3296850,273,545,1638,3270,1,1,207270,2715,0,32,0,0,0,NORMAL,0,3,2,3,78,273,0,545,0,0,0,0,0,0,0
210229,1,bully,2966,1,31,3304505,273,272,1638,1632,1,1,207263,2966,0,32,0,0,0,LEADER,1,4,1,4,31,273,0,272,0,0,0,0,0,0,0
210847,9,bully,3578,1,31,3323580,273,274,1638,1644,2,1,207269,3578,0,32,0,0,0,NORMAL,0,3,2,3,96,273,0,274,0,0,0,0,0,0,0
210427,7,bully,3157,1,31,3310552,273,548,1638,3288,1,1,207270,3157,0,32,0,0,0,NORMAL,0,3,2,3,94,273,0,548,0,0,0,0,0,0,0
210679,2,bully,3409,1,31,3318364,273,549,1638,3294,1,1,207270,3409,0,32,0,0,0,NORMAL,0,3,2,3,92,273,0,549,0,0,0,0,0,0,0
212424,3,bully,2851,1,31,3301066,276,549,1656,3294,1,1,209573,2851,0,32,0,0,0,NORMAL,0,3,1,6,93,276,0,549,0,0,0,0,0,0,0
212709,8,bully,3136,1,31,3309901,276,550,1656,3300,2,1,209573,3136,0,32,0,0,0,NORMAL,0,3,1,6,95,276,0,550,0,0,0,0,0,0,0
212867,4,bully,3294,1,31,3314799,276,552,1656,3312,1,1,209573,3294,0,32,0,0,0,NORMAL,0,3,1,6,94,276,0,552,0,0,0,0,0,0,0
212841,5,bully,3272,1,31,3314066,276,552,1656,3312,1,1,209569,3272,0,32,0,0,0,NORMAL,0,3,1,6,87,276,0,552,0,0,0,0,0,0,0
212594,10,bully,3021,1,31,3306336,276,274,1656,1644,1,1,209573,3021,0,32,0,0,0,NORMAL,0,3,1,7,63,276,0,274,0,0,0,0,0,0,0
212288,6,bully,2715,1,31,3296850,276,551,1656,3306,1,1,209573,2715,0,32,0,0,0,NORMAL,0,3,1,6,78,276,0,551,0,0,0,0,0,0,0
212532,1,bully,2966,1,31,3304505,276,275,1656,1650,1,1,209566,2966,0,32,0,0,0,LEADER,1,4,1,7,31,276,0,275,0,0,0,0,0,0,0
213150,9,bully,3578,1,31,3323580,276,277,1656,1662,2,1,209572,3578,0,32,0,0,0,NORMAL,0,3,1,6,96,276,0,277,0,0,0,0,0,0,0
212730,7,bully,3157,1,31,3310552,276,554,1656,3324,1,1,209573,3157,0,32,0,0,0,NORMAL,0,3,1,6,94,276,0,554,0,0,0,0,0,0,0
212982,2,bully,3409,1,31,3318364,276,555,1656,3330,1,1,209573,3409,0,32,0,0,0,NORMAL,0,3,1,6,92,276,0,555,0,0,0,0,0,0,0
214727,3,bully,2851,1,31,3301066,279,555,1674,3330,1,1,211876,2851,0,32,0,0,0,NORMAL,0,3,1,9,93,279,0,555,0,0,0,0,0,0,0
215012,8,bully,3136,1,31,3309901,279,556,1674,3336,2,1,211876,3136,0,32,0,0,0,NORMAL,0,3,1,9,95,279,0,556,0,0,0,0,0,0,0
215170,4,bully,3294,1,31,3314799,279,558,1674,3348,1,1,211876,3294,0,32,0,0,0,NORMAL,0,3,1,9,94,279,0,558,0,0,0,0,0,0,0
215144,5,bully,3272,1,31,3314066,279,557,1674,3342,1,1,211872,3272,0,32,0,0,0,NORMAL,0,3,1,9,87,279,0,557,0,0,0,0,0,0,0
214897,10,bully,3021,1,31,3306336,279,277,1674,1662,1,1,211876,3021,0,32,0,0,0,NORMAL,0,3,1,10,63,279,0,277,0,0,0,0,0,0,0
214591,6,bully,2715,1,31,3296850,279,557,1674,3342,1,1,211876,2715,0,32,0,0,0,NORMAL,0,3,1,9,78,279,0,557,0,0,0,0,0,0,0
214835,1,bully,2966,1,31,3304505,279,278,1674,1668,1,1,211869,2966,0,32,0,0,0,LEADER,1,4,1,10,31,279,0,278,0,0,0,0,0,0,0
215453,9,bully,3578,1,31,3323580,279,280,1674,1680,2,1,211875,3578,0,32,0,0,0,NORMAL,0,3,1,9,96,279,0,280,0,0,0,0,0,0,0
215033,7,bully,3157,1,31,3310552,279,560,1674,3360,1,1,211876,3157,0,32,0,0,0,NORMAL,0,3,1,9,94,279,0,560,0,0,0,0,0,0,0
215285,2,bully,3409,1,31,3318364,279,561,1674,3366,1,1,211876,3409,0,32,0,0,0,NORMAL,0,3,1,9,92,279,0,561,0,0,0,0,0,0,0
217030,3,bully,2851,1,32,3518096,282,561,1692,3366,1,1,214179,2851,0,33,0,0,0,NORMAL,0,3,2,3,96,282,0,561,0,0,0,0,0,0,0
217315,8,bully,3136,1,32,3527216,282,562,1692,3372,2,1,214179,3136,0,33,0,0,0,NORMAL,0,3,2,3,98,282,0,562,0,0,0,0,0,0,0
217473,4,bully,3294,1,32,3532272,282,564,1692,3384,1,1,214179,3294,0,33,0,0,0,NORMAL,0,3,2,3,97,282,0,564,0,0,0,0,0,0,0
217447,5,bully,3272,1,32,3531513,282,564,1692,3384,1,1,214175,3272,0,33,0,0,0,NORMAL,0,3,2,4,90,282,0,564,0,0,0,0,0,0,0
217200,10,bully,3021,1,32,3523536,282,280,1692,1680,1,1,214179,3021,0,33,0,0,0,NORMAL,0,3,2,4,65,282,0,280,0,0,0,0,0,0,0
216894,6,bully,2715,1,32,3513744,282,563,1692,3378,1,1,214179,2715,0,33,0,0,0,NORMAL,0,3,2,4,80,282,0,563,0,0,0,0,0,0,0
217138,1,bully,2966,1,32,3521643,282,281,1692,1686,1,1,214172,2966,0,33,0,0,0,LEADER,1,4,1,4,32,282,0,281,0,0,0,0,0,0,0
217756,9,bully,3578,1,32,3541336,282,283,1692,1698,2,1,214178,3578,0,33,0,0,0,NORMAL,0,3,2,3,99,282,0,283,0,0,0,0,0,0,0
217336,7,bully,3157,1,32,3527888,282,566,1692,3396,1,1,214179,3157,0,33,0,0,0,NORMAL,0,3,2,3,97,282,0,566,0,0,0,0,0,0,0
217588,2,bully,3409,1,32,3535952,282,567,1692,3402,1,1,214179,3409,0,33,0,0,0,NORMAL,0,3,2,3,95,282,0,567,0,0,0,0,0,0,0
219333,3,bully,2851,1,32,3518096,285,567,1710,3402,1,1,216482,2851,0,33,0,0,0,NORMAL,0,3,1,6,96,285,0,567,0,0,0,0,0,0,0
219618,8,bully,3136,1,32,3527216,285,568,1710,3408,2,1,216482,3136,0,33,0,0,0,NORMAL,0,3,1,6,98,285,0,568,0,0,0,0,0,0,0
219776,4,bully,3294,1,32,3532272,285,570,1710,3420,1,1,216482,3294,0,33,0,0,0,NORMAL,0,3,1,6,97,285,0,570,0,0,0,0,0,0,0
219750,5,bully,3272,1,32,3531513,285,570,1710,3420,1,1,216478,3272,0,33,0,0,0,NORMAL,0,3,1,7,90,285,0,570,0,0,0,0,0,0,0
219503,10,bully,3021,1,32,3523536,285,282,1710,1692,1,1,216482,3021,0,33,0,0,0,NORMAL,0,3,1,7,65,285,0,282,0,0,0,0,0,0,0
219197,6,bully,2715,1,32,3513744,285,569,1710,3414,1,1,216482,2715,0,33,0,0,0,NORMAL,0,3,1,7,80,285,0,569,0,0,0,0,0,0,0
219441,1,bully,2966,1,32,3521643,285,284,1710,1704,1,1,216475,2966,0,33,0,0,0,LEADER,1,4,1,7,32,285,0,284,0,0,0,0,0,0,0
220059,9,bully,3578,1,32,3541336,285,286,1710,1716,2,1,216481,3578,0,33,0,0,0,NORMAL,0,3,1,6,99,285,0,286,0,0,0,0,0,0,0
219639,7,bully,3157,1,32,3527888,285,572,1710,3432,1,1,216482,3157,0,33,0,0,0,NORMAL,0,3,1,6,97,285,0,572,0,0,0,0,0,0,0
219891,2,bully,3409,1,32,3535952,285,573,1710,3438,1,1,216482,3409,0,33,0,0,0,NORMAL,0,3,1,6,95,285,0,573,0,0,0,0,0,0,0
221636,3,bully,2851,1,32,3518096,288,573,1728,3438,1,1,218785,2851,0,33,0,0,0,NORMAL,0,3,1,9,96,288,0,573,0,0,0,0,0,0,0
221921,8,bully,3136,1,32,3527216,288,574,1728,3444,2,1,218785,3136,0,33,0,0,0,NORMAL,0,3,1,9,98,288,0,574,0,0,0,0,0,0,0
222079,4,bully,3294,1,32,3532272,288,576,1728,3456,1,1,218785,3294,0,33,0,0,0,NORMAL,0,3,1,9,97,288,0,576,0,0,0,0,0,0,0
222053,5,bully,3272,1,32,3531513,288,576,1728,3456,1,1,218781,3272,0,33,0,0,0,NORMAL,0,3,1,10,90,288,0,576,0,0,0,0,0,0,0
221806,10,bully,3021,1,32,3523536,288,285,1728,1710,1,1,218785,3021,0,33,0,0,0,NORMAL,0,3,1,10,65,288,0,285,0,0,0,0,0,0,0
221500,6,bully,2715,1,32,3513744,288,575,1728,3450,1,1,218785,2715,0,33,0,0,0,NORMAL,0,3,1,10,80,288,0,575,0,0,0,0,0,0,0
221744,1,bully,2966,1,32,3521643,288,287,1728,1722,1,1,218778,2966,0,33,0,0,0,LEADER,1,4,1,10,32,288,0,287,0,0,0,0,0,0,0
222362,9,bully,3578,1,32,3541336,288,289,1728,1734,2,1,218784,3578,0,33,0,0,0,NORMAL,0,3,1,9,99,288,0,289,0,0,0,0,0,0,0
221942,7,bully,3157,1,32,3527888,288,578,1728,3468,1,1,218785,3157,0,33,0,0,0,NORMAL,0,3,1,9,97,288,0,578,0,0,0,0,0,0,0
222194,2,bully,3409,1,32,3535952,288,579,1728,3474,1,1,218785,3409,0,33,0,0,0,NORMAL,0,3,1,9,95,288,0,579,0,0,0,0,0,0,0
223939,3,bully,2851,1,33,3742035,291,579,1746,3474,1,1,221088,2851,0,34,0,0,0,NORMAL,0,3,2,3,99,291,0,579,0,0,0,0,0,0,0
224224,8,bully,3136,1,33,3751440,291,580,1746,3480,2,1,221088,3136,0,34,0,0,0,NORMAL,0,3,2,3,101,291,0,580,0,0,0,0,0,0,0
224382,4,bully,3294,1,33,3756654,291,582,1746,3492,1,1,221088,3294,0,34,0,0,0,NORMAL,0,3,2,3,100,291,0,582,0,0,0,0,0,0,0
224356,5,bully,3272,1,33,3755869,291,581,1746,3486,1,1,221084,3272,0,34,0,0,0,NORMAL,0,3,2,3,93,291,0,581,0,0,0,0,0,0,0
224109,10,bully,3021,1,33,3747645,291,288,1746,1728,1,1,221088,3021,0,34,0,0,0,NORMAL,0,3,2,4,67,291,0,288,0,0,0,0,0,0,0
223803,6,bully,2715,1,33,3737547,291,581,1746,3486,1,1,221088,2715,0,34,0,0,0,NORMAL,0,3,2,3,84,291,0,581,0,0,0,0,0,0,0
224047,1,bully,2966,1,33,3745690,291,290,1746,1740,1,1,221081,2966,0,34,0,0,0,LEADER,1,4,1,4,33,291,0,290,0,0,0,0,0,0,0
224665,9,bully,3578,1,33,3766001,291,292,1746,1752,2,1,221087,3578,0,34,0,0,0,NORMAL,0,3,2,3,102,291,0,292,0,0,0,0,0,0,0
224245,7,bully,3157,1,33,3752133,291,584,1746,3504,1,1,221088,3157,0,34,0,0,0,NORMAL,0,3,2,3,100,291,0,584,0,0,0,0,0,0,0
224497,2,bully,3409,1,33,3760449,291,585,1746,3510,1,1,221088,3409,0,34,0,0,0,NORMAL,0,3,2,3,98,291,0,585,0,0,0,0,0,0,0
226242,3,bully,2851,1,33,3742035,294,585,1764,3510,1,1,223391,2851,0,34,0,0,0,NORMAL,0,3,1,6,99,294,0,585,0,0,0,0,0,0,0
226527,8,bully,3136,1,33,3751440,294,586,1764,3516,2,1,223391,3136,0,34,0,0,0,NORMAL,0,3,1,6,101,294,0,586,0,0,0,0,0,0,0
226685,4,bully,3294,1,33,3756654,294,588,1764,3528,1,1,223391,3294,0,34,0,0,0,NORMAL,0,3,1,6,100,294,0,588,0,0,0,0,0,0,0
226659,5,bully,3272,1,33,3755869,294,587,1764,3522,1,1,223387,3272,0,34,0,0,0,NORMAL,0,3,1,6,93,294,0,587,0,0,0,0,0,0,0
226412,10,bully,3021,1,33,3747645,294,291,1764,1746,1,1,223391,3021,0,34,0,0,0,NORMAL,0,3,1,7,67,294,0,291,0,0,0,0,0,0,0
226106,6,bully,2715,1,33,3737547,294,587,1764,3522,1,1,223391,2715,0,34,0,0,0,NORMAL,0,3,1,6,84,294,0,587,0,0,0,0,0,0,0
226350,1,bully,2966,1,33,3745690,294,293,1764,1758,1,1,223384,2966,0,34,0,0,0,LEADER,1,4,1,7,33,294,0,293,0,0,0,0,0,0,0
226968,9,bully,3578,1,33,3766001,294,295,1764,1770,2,1,223390,3578,0,34,0,0,0,NORMAL,0,3,1,6,102,294,0,295,0,0,0,0,0,0,0
226548,7,bully,3157,1,33,3752133,294,590,1764,3540,1,1,223391,3157,0,34,0,0,0,NORMAL,0,3,1,6,100,294,0,590,0,0,0,0,0,0,0
226800,2,bully,3409,1,33,3760449,294,591,1764,3546,1,1,223391,3409,0,34,0,0,0,NORMAL,0,3,1,6,98,294,0,591,0,0,0,0,0,0,0
228545,3,bully,2851,1,33,3742035,297,591,1782,3546,1,1,225694,2851,0,34,0,0,0,NORMAL,0,3,1,9,99,297,0,591,0,0,0,0,0,0,0
228830,8,bully,3136,1,33,3751440,297,592,1782,3552,2,1,225694,3136,0,34,0,0,0,NORMAL,0,3,1,9,101,297,0,592,0,0,0,0,0,0,0
228988,4,bully,3294,1,33,3756654,297,594,1782,3564,1,1,225694,3294,0,34,0,0,0,NORMAL,0,3,1,9,100,297,0,594,0,0,0,0,0,0,0
228962,5,bully,3272,1,33,3755869,297,594,1782,3564,1,1,225690,3272,0,34,0,0,0,NORMAL,0,3,1,9,93,297,0,594,0,0,0,0,0,0,0
228715,10,bully,3021,1,33,3747645,297,294,1782,1764,1,1,225694,3021,0,34,0,0,0,NORMAL,0,3,1,10,67,297,0,294,0,0,0,0,0,0,0
228409,6,bully,2715,1,33,3737547,297,593,1782,3558,1,1,225694,2715,0,34,0,0,0,NORMAL,0,3,1,9,84,297,0,593,0,0,0,0,0,0,0
228653,1,bully,2966,1,33,3745690,297,296,1782,1776,1,1,225687,2966,0,34,0,0,0,LEADER,1,4,1,10,33,297,0,296,0,0,0,0,0,0,0
229271,9,bully,3578,1,33,3766001,297,298,1782,1788,2,1,225693,3578,0,34,0,0,0,NORMAL,0,3,1,9,102,297,0,298,0,0,0,0,0,0,0
228851,7,bully,3157,1,33,3752133,297,596,1782,3576,1,1,225694,3157,0,34,0,0,0,NORMAL,0,3,1,9,100,297,0,596,0,0,0,0,0,0,0
229103,2,bully,3409,1,33,3760449,297,597,1782,3582,1,1,225694,3409,0,34,0,0,0,NORMAL,0,3,1,9,98,297,0,597,0,0,0,0,0,0,0
230848,3,bully,2851,1,34,3972883,300,597,1800,3582,1,1,227997,2851,0,35,0,0,0,NORMAL,0,3,2,3,102,300,0,597,0,0,0,0,0,0,0
231133,8,bully,3136,1,34,3982573,300,598,1800,3588,2,1,227997,3136,0,35,0,0,0,NORMAL,0,3,2,3,104,300,0,598,0,0,0,0,0,0,0
231291,4,bully,3294,1,34,3987945,300,600,1800,3600,1,1,227997,3294,0,35,0,0,0,NORMAL,0,3,2,3,103,300,0,600,0,0,0,0,0,0,0
231265,5,bully,3272,1,34,3987134,300,599,1800,3594,1,1,227993,3272,0,35,0,0,0,NORMAL,0,3,2,4,95,300,0,599,0,0,0,0,0,0,0
231018,10,bully,3021,1,34,3978663,300,297,1800,1782,1,1,227997,3021,0,35,0,0,0,NORMAL,0,3,2,4,69,300,0,297,0,0,0,0,0,0,0
230712,6,bully,2715,1,34,3968259,300,599,1800,3594,1,1,227997,2715,0,35,0,0,0,NORMAL,0,3,2,4,86,300,0,599,0,0,0,0,0,0,0
230956,1,bully,2966,1,34,3976646,300,299,1800,1794,1,1,227990,2966,0,35,0,0,0,LEADER,1,4,1,4,34,300,0,299,0,0,0,0,0,0,0
231574,9,bully,3578,1,34,3997575,300,301,1800,1806,2,1,227996,3578,0,35,0,0,0,NORMAL,0,3,2,3,105,300,0,301,0,0,0,0,0,0,0
231154,7,bully,3157,1,34,3983287,300,602,1800,3612,1,1,227997,3157,0,35,0,0,0,NORMAL,0,3,2,3,103,300,0,602,0,0,0,0,0,0,0
231406,2,bully,3409,1,34,3991855,300,603,1800,3618,1,1,227997,3409,0,35,0,0,0,NORMAL,0,3,2,3,101,300,0,603,0,0,0,0,0,0,0
233151,3,bully,2851,1,34,3972883,303,603,1818,3618,1,1,230300,2851,0,35,0,0,0,NORMAL,0,3,1,6,102,303,0,603,0,0,0,0,0,0,0
233436,8,bully,3136,1,34,3982573,303,604,1818,3624,2,1,230300,3136,0,35,0,0,0,NORMAL,0,3,1,6,104,303,0,604,0,0,0,0,0,0,0
233594,4,bully,3294,1,34,3987945,303,606,1818,3636,1,1,230300,3294,0,35,0,0,0,NORMAL,0,3,1,6,103,303,0,606,0,0,0,0,0,0,0
233568,5,bully,3272,1,34,3987134,303,605,1818,3630,1,1,230296,3272,0,35,0,0,0,NORMAL,0,3,1,7,95,303,0,605,0,0,0,0,0,0,0
233321,10,bully,3021,1,34,3978663,303,300,1818,1800,1,1,230300,3021,0,35,0,0,0,NORMAL,0,3,1,7,69,303,0,300,0,0,0,0,0,0,0
233015,6,bully,2715,1,34,3968259,303,604,1818,3624,1,1,230300,2715,0,35,0,0,0,NORMAL,0,3,1,7,86,303,0,604,0,0,0,0,0,0,0
233259,1,bully,2966,1,34,3976646,303,302,1818,1812,1,1,230293,2966,0,35,0,0,0,LEADER,1,4,1,7,34,303,0,302,0,0,0,0,0,0,0
233877,9,bully,3578,1,34,3997575,303,304,1818,1824,2,1,230299,3578,0,35,0,0,0,NORMAL,0,3,1,6,105,303,0,304,0,0,0,0,0,0,0
233457,7,bully,3157,1,34,3983287,303,608,1818,3648,1,1,230300,3157,0,35,0,0,0,NORMAL,0,3,1,6,103,303,0,608,0,0,0,0,0,0,0
233709,2,bully,3409,1,34,3991855,303,609,1818,3654,1,1,230300,3409,0,35,0,0,0,NORMAL,0,3,1,6,101,303,0,609,0,0,0,0,0,0,0
235454,3,bully,2851,1,34,3972883,306,609,1836,3654,1,1,232603,2851,0,35,0,0,0,NORMAL,0,3,1,9,102,306,0,609,0,0,0,0,0,0,0
235739,8,bully,3136,1,34,3982573,306,610,1836,3660,2,1,232603,3136,0,35,0,0,0,NORMAL,0,3,1,9,104,306,0,610,0,0,0,0,0,0,0
235897,4,bully,3294,1,34,3987945,306,612,1836,3672,1,1,232603,3294,0,35,0,0,0,NORMAL,0,3,1,9,103,306,0,612,0,0,0,0,0,0,0
235871,5,bully,3272,1,34,3987134,306,611,1836,3666,1,1,232599,3272,0,35,0,0,0,NORMAL,0,3,1,10,95,306,0,611,0,0,0,0,0,0,0
235624,10,bully,3021,1,34,3978663,306,303,1836,1818,1,1,232603,3021,0,35,0,0,0,NORMAL,0,3,1,10,69,306,0,303,0,0,0,0,0,0,0
235318,6,bully,2715,1,34,3968259,306,611,1836,3666,1,1,232603,2715,0,35,0,0,0,NORMAL,0,3,1,10,86,306,0,611,0,0,0,0,0,0,0
235562,1,bully,2966,1,34,3976646,306,305,1836,1830,1,1,232596,2966,0,35,0,0,0,LEADER,1,4,1,10,34,306,0,305,0,0,0,0,0,0,0
236180,9,bully,3578,1,34,3997575,306,307,1836,1842,2,1,232602,3578,0,35,0,0,0,NORMAL,0,3,1,9,105,306,0,307,0,0,0,0,0,0,0
235760,7,bully,3157,1,34,3983287,306,614,1836,3684,1,1,232603,3157,0,35,0,0,0,NORMAL,0,3,1,9,103,306,0,614,0,0,0,0,0,0,0
236012,2,bully,3409,1,34,3991855,306,615,1836,3690,1,1,232603,3409,0,35,0,0,0,NORMAL,0,3,1,9,101,306,0,615,0,0,0,0,0,0,0
237757,3,bully,2851,1,35,4210640,309,615,1854,3690,1,1,234906,2851,0,36,0,0,0,NORMAL,0,3,2,3,105,309,0,615,0,0,0,0,0,0,0
238042,8,bully,3136,1,35,4220615,309,616,1854,3696,2,1,234906,3136,0,36,0,0,0,NORMAL,0,3,2,3,107,309,0,616,0,0,0,0,0,0,0
238200,4,bully,3294,1,35,4226145,309,618,1854,3708,1,1,234906,3294,0,36,0,0,0,NORMAL,0,3,2,3,106,309,0,618,0,0,0,0,0,0,0
238174,5,bully,3272,1,35,4225308,309,618,1854,3708,1,1,234902,3272,0,36,0,0,0,NORMAL,0,3,2,3,99,309,0,618,0,0,0,0,0,0,0
237927,10,bully,3021,1,35,4216590,309,306,1854,1836,1,1,234906,3021,0,36,0,0,0,NORMAL,0,3,2,4,71,309,0,306,0,0,0,0,0,0,0
237621,6,bully,2715,1,35,4205880,309,617,1854,3702,1,1,234906,2715,0,36,0,0,0,NORMAL,0,3,2,3,90,309,0,617,0,0,0,0,0,0,0
237865,1,bully,2966,1,35,4214511,309,308,1854,1848,1,1,234899,2966,0,36,0,0,0,LEADER,1,4,1,4,35,309,0,308,0,0,0,0,0,0,0
238483,9,bully,3578,1,35,4236058,309,310,1854,1860,2,1,234905,3578,0,36,0,0,0,NORMAL,0,3,2,3,108,309,0,310,0,0,0,0,0,0,0
238063,7,bully,3157,1,35,4221350,309,620,1854,3720,1,1,234906,3157,0,36,0,0,0,NORMAL,0,3,2,3,106,309,0,620,0,0,0,0,0,0,0
238315,2,bully,3409,1,35,4230170,309,621,1854,3726,1,1,234906,3409,0,36,0,0,0,NORMAL,0,3,2,3,104,309,0,621,0,0,0,0,0,0,0
240060,3,bully,2851,1,35,4210640,312,621,1872,3726,1,1,237209,2851,0,36,0,0,0,NORMAL,0,3,1,6,105,312,0,621,0,0,0,0,0,0,0
240345,8,bully,3136,1,35,4220615,312,622,1872,3732,2,1,237209,3136,0,36,0,0,0,NORMAL,0,3,1,6,107,312,0,622,0,0,0,0,0,0,0
240503,4,bully,3294,1,35,4226145,312,624,1872,3744,1,1,237209,3294,0,36,0,0,0,NORMAL,0,3,1,6,106,312,0,624,0,0,0,0,0,0,0
240477,5,bully,3272,1,35,4225308,312,623,1872,3738,1,1,237205,3272,0,36,0,0,0,NORMAL,0,3,1,6,99,312,0,623,0,0,0,0,0,0,0
240230,10,bully,3021,1,35,4216590,312,309,1872,1854,1,1,237209,3021,0,36,0,0,0,NORMAL,0,3,1,7,71,312,0,309,0,0,0,0,0,0,0
239924,6,bully,2715,1,35,4205880,312,623,1872,3738,1,1,237209,2715,0,36,0,0,0,NORMAL,0,3,1,6,90,312,0,623,0,0,0,0,0,0,0
240168,1,bully,2966,1,35,4214511,312,311,1872,1866,1,1,237202,2966,0,36,0,0,0,LEADER,1,4,1,7,35,312,0,311,0,0,0,0,0,0,0
240786,9,bully,3578,1,35,4236058,312,313,1872,1878,2,1,237208,3578,0,36,0,0,0,NORMAL,0,3,1,6,108,312,0,313,0,0,0,0,0,0,0
240366,7,bully,3157,1,35,4221350,312,626,1872,3756,1,1,237209,3157,0,36,0,0,0,NORMAL,0,3,1,6,106,312,0,626,0,0,0,0,0,0,0
240618,2,bully,3409,1,35,4230170,312,627,1872,3762,1,1,237209,3409,0,36,0,0,0,NORMAL,0,3,1,6,104,312,0,627,0,0,0,0,0,0,0
242363,3,bully,2851,1,35,4210640,315,627,1890,3762,1,1,239512,2851,0,36,0,0,0,NORMAL,0,3,1,9,105,315,0,627,0,0,0,0,0,0,0
242648,8,bully,3136,1,35,4220615,315,628,1890,3768,2,1,239512,3136,0,36,0,0,0,NORMAL,0,3,1,9,107,315,0,628,0,0,0,0,0,0,0
242806,4,bully,3294,1,35,4226145,315,630,1890,3780,1,1,239512,3294,0,36,0,0,0,NORMAL,0,3,1,9,106,315,0,630,0,0,0,0,0,0,0
242780,5,bully,3272,1,35,4225308,315,630,1890,3780,1,1,239508,3272,0,36,0,0,0,NORMAL,0,3,1,9,99,315,0,630,0,0,0,0,0,0,0
242533,10,bully,3021,1,35,4216590,315,312,1890,1872,1,1,239512,3021,0,36,0,0,0,NORMAL,0,3,1,10,71,315,0,312,0,0,0,0,0,0,0
242227,6,bully,2715,1,35,4205880,315,629,1890,3774,1,1,239512,2715,0,36,0,0,0,NORMAL,0,3,1,9,90,315,0,629,0,0,0,0,0,0,0
242471,1,bully,2966,1,35,4214511,315,314,1890,1884,1,1,239505,2966,0,36,0,0,0,LEADER,1,4,1,10,35,315,0,314,0,0,0,0,0,0,0
243089,9,bully,3578,1,35,4236058,315,316,1890,1896,2,1,239511,3578,0,36,0,0,0,NORMAL,0,3,1,9,108,315,0,316,0,0,0,0,0,0,0
242669,7,bully,3157,1,35,4221350,315,632,1890,3792,1,1,239512,3157,0,36,0,0,0,NORMAL,0,3,1,9,106,315,0,632,0,0,0,0,0,0,0
242921,2,bully,3409,1,35,4230170,315,633,1890,3798,1,1,239512,3409,0,36,0,0,0,NORMAL,0,3,1,9,104,315,0,633,0,0,0,0,0,0,0
244666,3,bully,2851,1,36,4455306,318,633,1908,3798,1,1,241815,2851,0,37,0,0,0,NORMAL,0,3,2,3,108,318,0,633,0,0,0,0,0,0,0
244951,8,bully,3136,1,36,4465566,318,634,1908,3804,2,1,241815,3136,0,37,0,0,0,NORMAL,0,3,2,3,110,318,0,634,0,0,0,0,0,0,0
245109,4,bully,3294,1,36,4471254,318,636,1908,3816,1,1,241815,3294,0,37,0,0,0,NORMAL,0,3,2,3,109,318,0,636,0,0,0,0,0,0,0
245083,5,bully,3272,1,36,4470391,318,636,1908,3816,1,1,241811,3272,0,37,0,0,0,NORMAL,0,3,2,3,102,318,0,636,0,0,0,0,0,0,0
244836,10,bully,3021,1,36,4461426,318,315,1908,1890,1,1,241815,3021,0,37,0,0,0,NORMAL,0,3,2,4,73,318,0,315,0,0,0,0,0,0,0
244530,6,bully,2715,1,36,4450410,318,635,1908,3810,1,1,241815,2715,0,37,0,0,0,NORMAL,0,3,2,3,94,318,0,635,0,0,0,0,0,0,0
244774,1,bully,2966,1,36,4459285,318,317,1908,1902,1,1,241808,2966,0,37,0,0,0,LEADER,1,4,1,4,36,318,0,317,0,0,0,0,0,0,0
245392,9,bully,3578,1,36,4481450,318,319,1908,1914,2,1,241814,3578,0,37,0,0,0,NORMAL,0,3,2,3,111,318,0,319,0,0,0,0,0,0,0
244972,7,bully,3157,1,36,4466322,318,638,1908,3828,1,1,241815,3157,0,37,0,0,0,NORMAL,0,3,2,3,109,318,0,638,0,0,0,0,0,0,0
245224,2,bully,3409,1,36,4475394,318,639,1908,3834,1,1,241815,3409,0,37,0,0,0,NORMAL,0,3,2,3,107,318,0,639,0,0,0,0,0,0,0
246969,3,bully,2851,1,36,4455306,321,639,1926,3834,1,1,244118,2851,0,37,0,0,0,NORMAL,0,3,1,6,108,321,0,639,0,0,0,0,0,0,0
247254,8,bully,3136,1,36,4465566,321,640,1926,3840,2,1,244118,3136,0,37,0,0,0,NORMAL,0,3,1,6,110,321,0,640,0,0,0,0,0,0,0
247412,4,bully,3294,1,36,4471254,321,642,1926,3852,1,1,244118,3294,0,37,0,0,0,NORMAL,0,3,1,6,109,321,0,642,0,0,0,0,0,0,0
247386,5,bully,3272,1,36,4470391,321,642,1926,3852,1,1,244114,3272,0,37,0,0,0,NORMAL,0,3,1,6,102,321,0,642,0,0,0,0,0,0,0
247139,10,bully,3021,1,36,4461426,321,318,1926,1908,1,1,244118,3021,0,37,0,0,0,NORMAL,0,3,1,7,73,321,0,318,0,0,0,0,0,0,0
246833,6,bully,2715,1,36,4450410,321,641,1926,3846,1,1,244118,2715,0,37,0,0,0,NORMAL,0,3,1,6,94,321,0,641,0,0,0,0,0,0,0
247077,1,bully,2966,1,36,4459285,321,320,1926,1920,1,1,244111,2966,0,37,0,0,0,LEADER,1,4,1,7,36,321,0,320,0,0,0,0,0,0,0
247695,9,bully,3578,1,36,4481450,321,322,1926,1932,2,1,244117,3578,0,37,0,0,0,NORMAL,0,3,1,6,111,321,0,322,0,0,0,0,0,0,0
247275,7,bully,3157,1,36,4466322,321,644,1926,3864,1,1,244118,3157,0,37,0,0,0,NORMAL,0,3,1,6,109,321,0,644,0,0,0,0,0,0,0
247527,2,bully,3409,1,36,4475394,321,645,1926,3870,1,1,244118,3409,0,37,0,0,0,NORMAL,0,3,1,6,107,321,0,645,0,0,0,0,0,0,0
249272,3,bully,2851,1,36,4455306,324,645,1944,3870,1,1,246421,2851,0,37,0,0,0,NORMAL,0,3,1,9,108,324,0,645,0,0,0,0,0,0,0
249557,8,bully,3136,1,36,4465566,324,646,1944,3876,2,1,246421,3136,0,37,0,0,0,NORMAL,0,3,1,9,110,324,0,646,0,0,0,0,0,0,0
249715,4,bully,3294,1,36,4471254,324,648,1944,3888,1,1,246421,3294,0,37,0,0,0,NORMAL,0,3,1,9,109,324,0,648,0,0,0,0,0,0,0
249689,5,bully,3272,1,36,4470391,324,647,1944,3882,1,1,246417,3272,0,37,0,0,0,NORMAL,0,3,1,9,102,324,0,647,0,0,0,0,0,0,0
249442,10,bully,3021,1,36,4461426,324,321,1944,1926,1,1,246421,3021,0,37,0,0,0,NORMAL,0,3,1,10,73,324,0,321,0,0,0,0,0,0,0
249136,6,bully,2715,1,36,4450410,324,647,1944,3882,1,1,246421,2715,0,37,0,0,0,NORMAL,0,3,1,9,94,324,0,647,0,0,0,0,0,0,0
249380,1,bully,2966,1,36,4459285,324,323,1944,1938,1,1,246414,2966,0,37,0,0,0,LEADER,1,4,1,10,36,324,0,323,0,0,0,0,0,0,0
249998,9,bully,3578,1,36,4481450,324,325,1944,1950,2,1,246420,3578,0,37,0,0,0,NORMAL,0,3,1,9,111,324,0,325,0,0,0,0,0,0,0
249578,7,bully,3157,1,36,4466322,324,650,1944,3900,1,1,246421,3157,0,37,0,0,0,NORMAL,0,3,1,9,109,324,0,650,0,0,0,0,0,0,0
249830,2,bully,3409,1,36,4475394,324,651,1944,3906,1,1,246421,3409,0,37,0,0,0,NORMAL,0,3,1,9,107,324,0,651,0,0,0,0,0,0,0
251575,3,bully,2851,1,37,4706881,327,651,1962,3906,1,1,248724,2851,0,38,0,0,0,NORMAL,0,3,2,3,111,327,0,651,0,0,0,0,0,0,0
251860,8,bully,3136,1,37,4717426,327,652,1962,3912,2,1,248724,3136,0,38,0,0,0,NORMAL,0,3,2,3,113,327,0,652,0,0,0,0,0,0,0
252018,4,bully,3294,1,37,4723272,327,654,1962,3924,1,1,248724,3294,0,38,0,0,0,NORMAL,0,3,2,3,112,327,0,654,0,0,0,0,0,0,0
251992,5,bully,3272,1,37,4722383,327,654,1962,3924,1,1,248720,3272,0,38,0,0,0,NORMAL,0,3,2,4,105,327,0,654,0,0,0,0,0,0,0
251745,10,bully,3021,1,37,4713171,327,324,1962,1944,1,1,248724,3021,0,38,0,0,0,NORMAL,0,3,2,4,75,327,0,324,0,0,0,0,0,0,0
251439,6,bully,2715,1,37,4701849,327,653,1962,3918,1,1,248724,2715,0,38,0,0,0,NORMAL,0,3,2,4,96,327,0,653,0,0,0,0,0,0,0
251683,1,bully,2966,1,37,4710968,327,326,1962,1956,1,1,248717,2966,0,38,0,0,0,LEADER,1,4,1,4,37,327,0,326,0,0,0,0,0,0,0
252301,9,bully,3578,1,37,4733751,327,328,1962,1968,2,1,248723,3578,0,38,0,0,0,NORMAL,0,3,2,3,114,327,0,328,0,0,0,0,0,0,0
251881,7,bully,3157,1,37,4718203,327,656,1962,3936,1,1,248724,3157,0,38,0,0,0,NORMAL,0,3,2,3,112,327,0,656,0,0,0,0,0,0,0
252133,2,bully,3409,1,37,4727527,327,657,1962,3942,1,1,248724,3409,0,38,0,0,0,NORMAL,0,3,2,3,110,327,0,657,0,0,0,0,0,0,0
253878,3,bully,2851,1,37,4706881,330,657,1980,3942,1,1,251027,2851,0,38,0,0,0,NORMAL,0,3,1,6,111,330,0,657,0,0,0,0,0,0,0
254163,8,bully,3136,1,37,4717426,330,658,1980,3948,2,1,251027,3136,0,38,0,0,0,NORMAL,0,3,1,6,113,330,0,658,0,0,0,0,0,0,0
254321,4,bully,3294,1,37,4723272,330,660,1980,3960,1,1,251027,3294,0,38,0,0,0,NORMAL,0,3,1,6,112,330,0,660,0,0,0,0,0,0,0
254295,5,bully,3272,1,37,4722383,330,660,1980,3960,1,1,251023,3272,0,38,0,0,0,NORMAL,0,3,1,7,105,330,0,660,0,0,0,0,0,0,0
254048,10,bully,3021,1,37,4713171,330,327,1980,1962,1,1,251027,3021,0,38,0,0,0,NORMAL,0,3,1,7,75,330,0,327,0,0,0,0,0,0,0
253742,6,bully,2715,1,37,4701849,330,659,1980,3954,1,1,251027,2715,0,38,0,0,0,NORMAL,0,3,1,7,96,330,0,659,0,0,0,0,0,0,0
253986,1,bully,2966,1,37,4710968,330,329,1980,1974,1,1,251020,2966,0,38,0,0,0,LEADER,1,4,1,7,37,330,0,329,0,0,0,0,0,0,0
254604,9,bully,3578,1,37,4733751,330,331,1980,1986,2,1,251026,3578,0,38,0,0,0,NORMAL,0,3,1,6,114,330,0,331,0,0,0,0,0,0,0
254184,7,bully,3157,1,37,4718203,330,662,1980,3972,1,1,251027,3157,0,38,0,0,0,NORMAL,0,3,1,6,112,330,0,662,0,0,0,0,0,0,0
254436,2,bully,3409,1,37,4727527,330,663,1980,3978,1,1,251027,3409,0,38,0,0,0,NORMAL,0,3,1,6,110,330,0,663,0,0,0,0,0,0,0
256181,3,bully,2851,1,37,4706881,333,663,1998,3978,1,1,253330,2851,0,38,0,0,0,NORMAL,0,3,1,9,111,333,0,663,0,0,0,0,0,0,0
256466,8,bully,3136,1,37,4717426,333,664,1998,3984,2,1,253330,3136,0,38,0,0,0,NORMAL,0,3,1,9,113,333,0,664,0,0,0,0,0,0,0
256624,4,bully,3294,1,37,4723272,333,666,1998,3996,1,1,253330,3294,0,38,0,0,0,NORMAL,0,3,1,9,112,333,0,666,0,0,0,0,0,0,0
256598,5,bully,3272,1,37,4722383,333,665,1998,3990,1,1,253326,3272,0,38,0,0,0,NORMAL,0,3,1,10,105,333,0,665,0,0,0,0,0,0,0
256351,10,bully,3021,1,37,4713171,333,330,1998,1980,1,1,253330,3021,0,38,0,0,0,NORMAL,0,3,1,10,75,333,0,330,0,0,0,0,0,0,0
256045,6,bully,2715,1,37,4701849,333,665,1998,3990,1,1,253330,2715,0,38,0,0,0,NORMAL,0,3,1,10,96,333,0,665,0,0,0,0,0,0,0
256289,1,bully,2966,1,37,4710968,333,332,1998,1992,1,1,253323,2966,0,38,0,0,0,LEADER,1,4,1,10,37,333,0,332,0,0,0,0,0,0,0
256906,9,bully,3578,1,37,4733751,333,334,1998,2004,2,1,253328,3578,0,38,0,0,0,NORMAL,0,3,1,9,114,333,0,334,0,0,0,0,0,0,0
256487,7,bully,3157,1,37,4718203,333,668,1998,4008,1,1,253330,3157,0,38,0,0,0,NORMAL,0,3,1,9,112,333,0,668,0,0,0,0,0,0,0
256739,2,bully,3409,1,37,4727527,333,669,1998,4014,1,1,253330,3409,0,38,0,0,0,NORMAL,0,3,1,9,110,333,0,669,0,0,0,0,0,0,0
258484,3,bully,2851,1,38,4965365,336,669,2016,4014,1,1,255633,2851,0,39,0,0,0,NORMAL,0,3,2,3,114,336,0,669,0,0,0,0,0,0,0
258769,8,bully,3136,1,38,4976195,336,670,2016,4020,2,1,255633,3136,0,39,0,0,0,NORMAL,0,3,2,3,116,336,0,670,0,0,0,0,0,0,0
258927,4,bully,3294,1,38,4982199,336,672,2016,4032,1,1,255633,3294,0,39,0,0,0,NORMAL,0,3,2,3,115,336,0,672,0,0,0,0,0,0,0
258901,5,bully,3272,1,38,4981284,336,672,2016,4032,1,1,255629,3272,0,39,0,0,0,NORMAL,0,3,2,4,108,336,0,672,0,0,0,0,0,0,0
258654,10,bully,3021,1,38,4971825,336,333,2016,1998,1,1,255633,3021,0,39,0,0,0,NORMAL,0,3,2,4,77,336,0,333,0,0,0,0,0,0,0
258348,6,bully,2715,1,38,4960197,336,671,2016,4026,1,1,255633,2715,0,39,0,0,0,NORMAL,0,3,2,4,98,336,0,671,0,0,0,0,0,0,0
258592,1,bully,2966,1,38,4969560,336,335,2016,2010,1,1,255626,2966,0,39,0,0,0,LEADER,1,4,1,4,38,336,0,335,0,0,0,0,0,0,0
259209,9,bully,3578,1,38,4992960,336,337,2016,2022,2,1,255631,3578,0,39,0,0,0,NORMAL,0,3,2,3,117,336,0,337,0,0,0,0,0,0,0
258790,7,bully,3157,1,38,4976993,336,674,2016,4044,1,1,255633,3157,0,39,0,0,0,NORMAL,0,3,2,3,115,336,0,674,0,0,0,0,0,0,0
259042,2,bully,3409,1,38,4986569,336,675,2016,4050,1,1,255633,3409,0,39,0,0,0,NORMAL,0,3,2,3,113,336,0,675,0,0,0,0,0,0,0
260787,3,bully,2851,1,38,4965365,339,675,2034,4050,1,1,257936,2851,0,39,0,0,0,NORMAL,0,3,1,6,114,339,0,675,0,0,0,0,0,0,0
261072,8,bully,3136,1,38,4976195,339,676,2034,4056,2,1,257936,3136,0,39,0,0,0,NORMAL,0,3,1,6,116,339,0,676,0,0,0,0,0,0,0
261230,4,bully,3294,1,38,4982199,339,678,2034,4068,1,1,257936,3294,0,39,0,0,0,NORMAL,0,3,1,6,115,339,0,678,0,0,0,0,0,0,0
261204,5,bully,3272,1,38,4981284,339,677,2034,4062,1,1,257932,3272,0,39,0,0,0,NORMAL,0,3,1,7,108,339,0,677,0,0,0,0,0,0,0
260957,10,bully,3021,1,38,4971825,339,336,2034,2016,1,1,257936,3021,0,39,0,0,0,NORMAL,0,3,1,7,77,339,0,336,0,0,0,0,0,0,0
260651,6,bully,2715,1,38,4960197,339,677,2034,4062,1,1,257936,2715,0,39,0,0,0,NORMAL,0,3,1,7,98,339,0,677,0,0,0,0,0,0,0
260895,1,bully,2966,1,38,4969560,339,338,2034,2028,1,1,257929,2966,0,39,0,0,0,LEADER,1,4,1,7,38,339,0,338,0,0,0,0,0,0,0
261512,9,bully,3578,1,38,4992960,339,340,2034,2040,2,1,257934,3578,0,39,0,0,0,NORMAL,0,3,1,6,117,339,0,340,0,0,0,0,0,0,0
261093,7,bully,3157,1,38,4976993,339,680,2034,4080,1,1,257936,3157,0,39,0,0,0,NORMAL,0,3,1,6,115,339,0,680,0,0,0,0,0,0,0
261345,2,bully,3409,1,38,4986569,339,681,2034,4086,1,1,257936,3409,0,39,0,0,0,NORMAL,0,3,1,6,113,339,0,681,0,0,0,0,0,0,0
263090,3,bully,2851,1,38,4965365,342,681,2052,4086,1,1,260239,2851,0,39,0,0,0,NORMAL,0,3,1,9,114,342,0,681,0,0,0,0,0,0,0
263375,8,bully,3136,1,38,4976195,342,682,2052,4092,2,1,260239,3136,0,39,0,0,0,NORMAL,0,3,1,9,116,342,0,682,0,0,0,0,0,0,0
263533,4,bully,3294,1,38,4982199,342,684,2052,4104,1,1,260239,3294,0,39,0,0,0,NORMAL,0,3,1,9,115,342,0,684,0,0,0,0,0,0,0
263507,5,bully,3272,1,38,4981284,342,684,2052,4104,1,1,260235,3272,0,39,0,0,0,NORMAL,0,3,1,10,108,342,0,684,0,0,0,0,0,0,0
263260,10,bully,3021,1,38,4971825,342,339,2052,2034,1,1,260239,3021,0,39,0,0,0,NORMAL,0,3,1,10,77,342,0,339,0,0,0,0,0,0,0
262954,6,bully,2715,1,38,4960197,342,683,2052,4098,1,1,260239,2715,0,39,0,0,0,NORMAL,0,3,1,10,98,342,0,683,0,0,0,0,0,0,0
263198,1,bully,2966,1,38,4969560,342,341,2052,2046,1,1,260232,2966,0,39,0,0,0,LEADER,1,4,1,10,38,342,0,341,0,0,0,0,0,0,0
263814,9,bully,3578,1,38,4992960,342,343,2052,2058,2,1,260236,3578,0,39,0,0,0,NORMAL,0,3,1,9,117,342,0,343,0,0,0,0,0,0,0
263396,7,bully,3157,1,38,4976993,342,686,2052,4116,1,1,260239,3157,0,39,0,0,0,NORMAL,0,3,1,9,115,342,0,686,0,0,0,0,0,0,0
263648,2,bully,3409,1,38,4986569,342,687,2052,4122,1,1,260239,3409,0,39,0,0,0,NORMAL,0,3,1,9,113,342,0,687,0,0,0,0,0,0,0
265393,3,bully,2851,1,39,5230758,345,687,2070,4122,1,1,262542,2851,0,40,0,0,0,NORMAL,0,3,2,3,117,345,0,687,0,0,0,0,0,0,0
265678,8,bully,3136,1,39,5241873,345,688,2070,4128,2,1,262542,3136,0,40,0,0,0,NORMAL,0,3,2,3,119,345,0,688,0,0,0,0,0,0,0
265836,4,bully,3294,1,39,5248035,345,690,2070,4140,1,1,262542,3294,0,40,0,0,0,NORMAL,0,3,2,3,118,345,0,690,0,0,0,0,0,0,0
265810,5,bully,3272,1,39,5247094,345,690,2070,4140,1,1,262538,3272,0,40,0,0,0,NORMAL,0,3,2,3,111,345,0,690,0,0,0,0,0,0,0
265563,10,bully,3021,1,39,5237388,345,342,2070,2052,1,1,262542,3021,0,40,0,0,0,NORMAL,0,3,2,4,79,345,0,342,0,0,0,0,0,0,0
265257,6,bully,2715,1,39,5225454,345,689,2070,4134,1,1,262542,2715,0,40,0,0,0,NORMAL,0,3,2,3,102,345,0,689,0,0,0,0,0,0,0
265501,1,bully,2966,1,39,5235061,345,344,2070,2064,1,1,262535,2966,0,40,0,0,0,LEADER,1,4,1,4,39,345,0,344,0,0,0,0,0,0,0
266117,9,bully,3578,1,39,5259077,345,346,2070,2076,2,1,262539,3578,0,40,0,0,0,NORMAL,0,3,2,3,120,345,0,346,0,0,0,0,0,0,0
265699,7,bully,3157,1,39,5242692,345,692,2070,4152,1,1,262542,3157,0,40,0,0,0,NORMAL,0,3,2,3,118,345,0,692,0,0,0,0,0,0,0
265951,2,bully,3409,1,39,5252520,345,693,2070,4158,1,1,262542,3409,0,40,0,0,0,NORMAL,0,3,2,3,116,345,0,693,0,0,0,0,0,0,0
267696,3,bully,2851,1,39,5230758,348,693,2088,4158,1,1,264845,2851,0,40,0,0,0,NORMAL,0,3,1,6,117,348,0,693,0,0,0,0,0,0,0
267981,8,bully,3136,1,39,5241873,348,694,2088,4164,2,1,264845,3136,0,40,0,0,0,NORMAL,0,3,1,6,119,348,0,694,0,0,0,0,0,0,0
268139,4,bully,3294,1,39,5248035,348,696,2088,4176,1,1,264845,3294,0,40,0,0,0,NORMAL,0,3,1,6,118,348,0,696,0,0,0,0,0,0,0
268113,5,bully,3272,1,39,5247094,348,695,2088,4170,1,1,264841,3272,0,40,0,0,0,NORMAL,0,3,1,6,111,348,0,695,0,0,0,0,0,0,0
267866,10,bully,3021,1,39,5237388,348,345,2088,2070,1,1,264845,3021,0,40,0,0,0,NORMAL,0,3,1,7,79,348,0,345,0,0,0,0,0,0,0
267560,6,bully,2715,1,39,5225454,348,695,2088,4170,1,1,264845,2715,0,40,0,0,0,NORMAL,0,3,1,6,102,348,0,695,0,0,0,0,0,0,0
267804,1,bully,2966,1,39,5235061,348,347,2088,2082,1,1,264838,2966,0,40,0,0,0,LEADER,1,4,1,7,39,348,0,347,0,0,0,0,0,0,0
268420,9,bully,3578,1,39,5259077,348,349,2088,2094,2,1,264842,3578,0,40,0,0,0,NORMAL,0,3,1,6,120,348,0,349,0,0,0,0,0,0,0
268002,7,bully,3157,1,39,5242692,348,698,2088,4188,1,1,264845,3157,0,40,0,0,0,NORMAL,0,3,1,6,118,348,0,698,0,0,0,0,0,0,0
268254,2,bully,3409,1,39,5252520,348,699,2088,4194,1,1,264845,3409,0,40,0,0,0,NORMAL,0,3,1,6,116,348,0,699,0,0,0,0,0,0,0
269999,3,bully,2851,1,39,5230758,351,699,2106,4194,1,1,267148,2851,0,40,0,0,0,NORMAL,0,3,1,9,117,351,0,699,0,0,0,0,0,0,0
270284,8,bully,3136,1,39,5241873,351,700,2106,4200,2,1,267148,3136,0,40,0,0,0,NORMAL,0,3,1,9,119,351,0,700,0,0,0,0,0,0,0
270442,4,bully,3294,1,39,5248035,351,702,2106,4212,1,1,267148,3294,0,40,0,0,0,NORMAL,0,3,1,9,118,351,0,702,0,0,0,0,0,0,0
270415,5,bully,3272,1,39,5247094,351,701,2106,4206,1,1,267143,3272,0,40,0,0,0,NORMAL,0,3,1,9,111,351,0,701,0,0,0,0,0,0,0
270169,10,bully,3021,1,39,5237388,351,348,2106,2088,1,1,267148,3021,0,40,0,0,0,NORMAL,0,3,1,10,79,351,0,348,0,0,0,0,0,0,0
269863,6,bully,2715,1,39,5225454,351,701,2106,4206,1,1,267148,2715,0,40,0,0,0,NORMAL,0,3,1,9,102,351,0,701,0,0,0,0,0,0,0
270107,1,bully,2966,1,39,5235061,351,350,2106,2100,1,1,267141,2966,0,40,0,0,0,LEADER,1,4,1,10,39,351,0,350,0,0,0,0,0,0,0
270723,9,bully,3578,1,39,5259077,351,352,2106,2112,2,1,267145,3578,0,40,0,0,0,NORMAL,0,3,1,9,120,351,0,352,0,0,0,0,0,0,0
270305,7,bully,3157,1,39,5242692,351,704,2106,4224,1,1,267148,3157,0,40,0,0,0,NORMAL,0,3,1,9,118,351,0,704,0,0,0,0,0,0,0
270557,2,bully,3409,1,39,5252520,351,705,2106,4230,1,1,267148,3409,0,40,0,0,0,NORMAL,0,3,1,9,116,351,0,705,0,0,0,0,0,0,0
272302,3,bully,2851,1,40,5503060,354,705,2124,4230,1,1,269451,2851,0,41,0,0,0,NORMAL,0,3,2,3,120,354,0,705,0,0,0,0,0,0,0
272587,8,bully,3136,1,40,5514460,354,706,2124,4236,2,1,269451,3136,0,41,0,0,0,NORMAL,0,3,2,3,122,354,0,706,0,0,0,0,0,0,0
272745,4,bully,3294,1,40,5520780,354,708,2124,4248,1,1,269451,3294,0,41,0,0,0,NORMAL,0,3,2,3,121,354,0,708,0,0,0,0,0,0,0
272718,5,bully,3272,1,40,5519812,354,708,2124,4248,1,1,269446,3272,0,41,0,0,0,NORMAL,0,3,2,4,114,354,0,708,0,0,0,0,0,0,0
272472,10,bully,3021,1,40,5509860,354,351,2124,2106,1,1,269451,3021,0,41,0,0,0,NORMAL,0,3,2,4,81,354,0,351,0,0,0,0,0,0,0
272166,6,bully,2715,1,40,5497620,354,707,2124,4242,1,1,269451,2715,0,41,0,0,0,NORMAL,0,3,2,4,104,354,0,707,0,0,0,0,0,0,0
272410,1,bully,2966,1,40,5507471,354,353,2124,2118,1,1,269444,2966,0,41,0,0,0,LEADER,1,4,1,4,40,354,0,353,0,0,0,0,0,0,0
273026,9,bully,3578,1,40,5532103,354,355,2124,2130,2,1,269448,3578,0,41,0,0,0,NORMAL,0,3,2,3,123,354,0,355,0,0,0,0,0,0,0
272608,7,bully,3157,1,40,5515300,354,710,2124,4260,1,1,269451,3157,0,41,0,0,0,NORMAL,0,3,2,3,121,354,0,710,0,0,0,0,0,0,0
272860,2,bully,3409,1,40,5525380,354,711,2124,4266,1,1,269451,3409,0,41,0,0,0,NORMAL,0,3,2,3,119,354,0,711,0,0,0,0,0,0,0
274605,3,bully,2851,1,40,5503060,357,711,2142,4266,1,1,271754,2851,0,41,0,0,0,NORMAL,0,3,1,6,120,357,0,711,0,0,0,0,0,0,0
274890,8,bully,3136,1,40,5514460,357,712,2142,4272,2,1,271754,3136,0,41,0,0,0,NORMAL,0,3,1,6,122,357,0,712,0,0,0,0,0,0,0
275048,4,bully,3294,1,40,5520780,357,714,2142,4284,1,1,271754,3294,0,41,0,0,0,NORMAL,0,3,1,6,121,357,0,714,0,0,0,0,0,0,0
275021,5,bully,3272,1,40,5519812,357,713,2142,4278,1,1,271749,3272,0,41,0,0,0,NORMAL,0,3,1,7,114,357,0,713,0,0,0,0,0,0,0
274775,10,bully,3021,1,40,5509860,357,354,2142,2124,1,1,271754,3021,0,41,0,0,0,NORMAL,0,3,1,7,81,357,0,354,0,0,0,0,0,0,0
274469,6,bully,2715,1,40,5497620,357,713,2142,4278,1,1,271754,2715,0,41,0,0,0,NORMAL,0,3,1,7,104,357,0,713,0,0,0,0,0,0,0
274713,1,bully,2966,1,40,5507471,357,356,2142,2136,1,1,271747,2966,0,41,0,0,0,LEADER,1,4,1,7,40,357,0,356,0,0,0,0,0,0,0
275329,9,bully,3578,1,40,5532103,357,358,2142,2148,2,1,271751,3578,0,41,0,0,0,NORMAL,0,3,1,6,123,357,0,358,0,0,0,0,0,0,0
274911,7,bully,3157,1,40,5515300,357,716,2142,4296,1,1,271754,3157,0,41,0,0,0,NORMAL,0,3,1,6,121,357,0,716,0,0,0,0,0,0,0
275163,2,bully,3409,1,40,5525380,357,717,2142,4302,1,1,271754,3409,0,41,0,0,0,NORMAL,0,3,1,6,119,357,0,717,0,0,0,0,0,0,0
276908,3,bully,2851,1,40,5503060,360,717,2160,4302,1,1,274057,2851,0,41,0,0,0,NORMAL,0,3,1,9,120,360,0,717,0,0,0,0,0,0,0
277193,8,bully,3136,1,40,5514460,360,718,2160,4308,2,1,274057,3136,0,41,0,0,0,NORMAL,0,3,1,9,122,360,0,718,0,0,0,0,0,0,0
277351,4,bully,3294,1,40,5520780,360,720,2160,4320,1,1,274057,3294,0,41,0,0,0,NORMAL,0,3,1,9,121,360,0,720,0,0,0,0,0,0,0
277324,5,bully,3272,1,40,5519812,360,719,2160,4314,1,1,274052,3272,0,41,0,0,0,NORMAL,0,3,1,10,114,360,0,719,0,0,0,0,0,0,0
277078,10,bully,3021,1,40,5509860,360,357,2160,2142,1,1,274057,3021,0,41,0,0,0,NORMAL,0,3,1,10,81,360,0,357,0,0,0,0,0,0,0
276772,6,bully,2715,1,40,5497620,360,719,2160,4314,1,1,274057,2715,0,41,0,0,0,NORMAL,0,3,1,10,104,360,0,719,0,0,0,0,0,0,0
277016,1,bully,2966,1,40,5507471,360,359,2160,2154,1,1,274050,2966,0,41,0,0,0,LEADER,1,4,1,10,40,360,0,359,0,0,0,0,0,0,0
277632,9,bully,3578,1,40,5532103,360,361,2160,2166,2,1,274054,3578,0,41,0,0,0,NORMAL,0,3,1,9,123,360,0,361,0,0,0,0,0,0,0
277214,7,bully,3157,1,40,5515300,360,722,2160,4332,1,1,274057,3157,0,41,0,0,0,NORMAL,0,3,1,9,121,360,0,722,0,0,0,0,0,0,0
277466,2,bully,3409,1,40,5525380,360,723,2160,4338,1,1,274057,3409,0,41,0,0,0,NORMAL,0,3,1,9,119,360,0,723,0,0,0,0,0,0,0
279211,3,bully,2851,1,41,5782271,363,723,2178,4338,1,1,276360,2851,0,42,0,0,0,NORMAL,0,3,2,3,123,363,0,723,0,0,0,0,0,0,0
279496,8,bully,3136,1,41,5793956,363,724,2178,4344,2,1,276360,3136,0,42,0,0,0,NORMAL,0,3,2,3,125,363,0,724,0,0,0,0,0,0,0
279654,4,bully,3294,1,41,5800434,363,726,2178,4356,1,1,276360,3294,0,42,0,0,0,NORMAL,0,3,2,3,124,363,0,726,0,0,0,0,0,0,0
279627,5,bully,3272,1,41,5799439,363,725,2178,4350,1,1,276355,3272,0,42,0,0,0,NORMAL,0,3,2,3,118,363,0,725,0,0,0,0,0,0,0
279381,10,bully,3021,1,41,5789241,363,360,2178,2160,1,1,276360,3021,0,42,0,0,0,NORMAL,0,3,2,4,83,363,0,360,0,0,0,0,0,0,0
279075,6,bully,2715,1,41,5776695,363,725,2178,4350,1,1,276360,2715,0,42,0,0,0,NORMAL,0,3,2,3,108,363,0,725,0,0,0,0,0,0,0
279318,1,bully,2966,1,41,5786789,363,362,2178,2172,1,1,276352,2966,0,42,0,0,0,LEADER,1,4,1,4,41,363,0,362,0,0,0,0,0,0,0
279935,9,bully,3578,1,41,5812038,363,364,2178,2184,2,1,276357,3578,0,42,0,0,0,NORMAL,0,3,2,3,126,363,0,364,0,0,0,0,0,0,0
279517,7,bully,3157,1,41,5794817,363,728,2178,4368,1,1,276360,3157,0,42,0,0,0,NORMAL,0,3,2,3,124,363,0,728,0,0,0,0,0,0,0
279769,2,bully,3409,1,41,5805149,363,729,2178,4374,1,1,276360,3409,0,42,0,0,0,NORMAL,0,3,2,3,122,363,0,729,0,0,0,0,0,0,0
281514,3,bully,2851,1,41,5782271,366,729,2196,4374,1,1,278663,2851,0,42,0,0,0,NORMAL,0,3,1,6,123,366,0,729,0,0,0,0,0,0,0
281799,8,bully,3136,1,41,5793956,366,730,2196,4380,2,1,278663,3136,0,42,0,0,0,NORMAL,0,3,1,6,125,366,0,730,0,0,0,0,0,0,0
281957,4,bully,3294,1,41,5800434,366,732,2196,4392,1,1,278663,3294,0,42,0,0,0,NORMAL,0,3,1,6,124,366,0,732,0,0,0,0,0,0,0
281930,5,bully,3272,1,41,5799439,366,731,2196,4386,1,1,278658,3272,0,42,0,0,0,NORMAL,0,3,1,6,118,366,0,731,0,0,0,0,0,0,0
281684,10,bully,3021,1,41,5789241,366,363,2196,2178,1,1,278663,3021,0,42,0,0,0,NORMAL,0,3,1,7,83,366,0,363,0,0,0,0,0,0,0
281378,6,bully,2715,1,41,5776695,366,731,2196,4386,1,1,278663,2715,0,42,0,0,0,NORMAL,0,3,1,6,108,366,0,731,0,0,0,0,0,0,0
281621,1,bully,2966,1,41,5786789,366,365,2196,2190,1,1,278655,2966,0,42,0,0,0,LEADER,1,4,1,7,41,366,0,365,0,0,0,0,0,0,0
282238,9,bully,3578,1,41,5812038,366,367,2196,2202,2,1,278660,3578,0,42,0,0,0,NORMAL,0,3,1,6,126,366,0,367,0,0,0,0,0,0,0
281820,7,bully,3157,1,41,5794817,366,734,2196,4404,1,1,278663,3157,0,42,0,0,0,NORMAL,0,3,1,6,124,366,0,734,0,0,0,0,0,0,0
282072,2,bully,3409,1,41,5805149,366,735,2196,4410,1,1,278663,3409,0,42,0,0,0,NORMAL,0,3,1,6,122,366,0,735,0,0,0,0,0,0,0
283817,3,bully,2851,1,41,5782271,369,735,2214,4410,1,1,280966,2851,0,42,0,0,0,NORMAL,0,3,1,9,123,369,0,735,0,0,0,0,0,0,0
284102,8,bully,3136,1,41,5793956,369,736,2214,4416,2,1,280966,3136,0,42,0,0,0,NORMAL,0,3,1,9,125,369,0,736,0,0,0,0,0,0,0
284260,4,bully,3294,1,41,5800434,369,738,2214,4428,1,1,280966,3294,0,42,0,0,0,NORMAL,0,3,1,9,124,369,0,738,0,0,0,0,0,0,0
284233,5,bully,3272,1,41,5799439,369,737,2214,4422,1,1,280961,3272,0,42,0,0,0,NORMAL,0,3,1,9,118,369,0,737,0,0,0,0,0,0,0
283987,10,bully,3021,1,41,5789241,369,366,2214,2196,1,1,280966,3021,0,42,0,0,0,NORMAL,0,3,1,10,83,369,0,366,0,0,0,0,0,0,0
283681,6,bully,2715,1,41,5776695,369,737,2214,4422,1,1,280966,2715,0,42,0,0,0,NORMAL,0,3,1,9,108,369,0,737,0,0,0,0,0,0,0
283924,1,bully,2966,1,41,5786789,369,368,2214,2208,1,1,280958,2966,0,42,0,0,0,LEADER,1,4,1,10,41,369,0,368,0,0,0,0,0,0,0
284541,9,bully,3578,1,41,5812038,369,370,2214,2220,2,1,280963,3578,0,42,0,0,0,NORMAL,0,3,1,9,126,369,0,370,0,0,0,0,0,0,0
284123,7,bully,3157,1,41,5794817,369,740,2214,4440,1,1,280966,3157,0,42,0,0,0,NORMAL,0,3,1,9,124,369,0,740,0,0,0,0,0,0,0
284375,2,bully,3409,1,41,5805149,369,741,2214,4446,1,1,280966,3409,0,42,0,0,0,NORMAL,0,3,1,9,122,369,0,741,0,0,0,0,0,0,0
286120,3,bully,2851,1,42,6068391,372,741,2232,4446,1,1,283269,2851,0,43,0,0,0,NORMAL,0,3,2,3,126,372,0,741,0,0,0,0,0,0,0
286405,8,bully,3136,1,42,6080361,372,742,2232,4452,2,1,283269,3136,0,43,0,0,0,NORMAL,0,3,2,3,128,372,0,742,0,0,0,0,0,0,0
286563,4,bully,3294,1,42,6086997,372,744,2232,4464,1,1,283269,3294,0,43,0,0,0,NORMAL,0,3,2,3,127,372,0,744,0,0,0,0,0,0,0
286536,5,bully,3272,1,42,6085975,372,744,2232,4464,1,1,283264,3272,0,43,0,0,0,NORMAL,0,3,2,4,121,372,0,744,0,0,0,0,0,0,0
286290,10,bully,3021,1,42,6075531,372,369,2232,2214,1,1,283269,3021,0,43,0,0,0,NORMAL,0,3,2,4,85,372,0,369,0,0,0,0,0,0,0
285984,6,bully,2715,1,42,6062679,372,743,2232,4458,1,1,283269,2715,0,43,0,0,0,NORMAL,0,3,2,4,110,372,0,743,0,0,0,0,0,0,0
286227,1,bully,2966,1,42,6073016,372,371,2232,2226,1,1,283261,2966,0,43,0,0,0,LEADER,1,4,1,4,42,372,0,371,0,0,0,0,0,0,0
286844,9,bully,3578,1,42,6098882,372,373,2232,2238,2,1,283266,3578,0,43,0,0,0,NORMAL,0,3,2,3,129,372,0,373,0,0,0,0,0,0,0
286426,7,bully,3157,1,42,6081243,372,746,2232,4476,1,1,283269,3157,0,43,0,0,0,NORMAL,0,3,2,3,127,372,0,746,0,0,0,0,0,0,0
286678,2,bully,3409,1,42,6091827,372,747,2232,4482,1,1,283269,3409,0,43,0,0,0,NORMAL,0,3,2,3,125,372,0,747,0,0,0,0,0,0,0
288423,3,bully,2851,1,42,6068391,375,747,2250,4482,1,1,285572,2851,0,43,0,0,0,NORMAL,0,3,1,6,126,375,0,747,0,0,0,0,0,0,0
288708,8,bully,3136,1,42,6080361,375,748,2250,4488,2,1,285572,3136,0,43,0,0,0,NORMAL,0,3,1,6,128,375,0,748,0,0,0,0,0,0,0
288866,4,bully,3294,1,42,6086997,375,750,2250,4500,1,1,285572,3294,0,43,0,0,0,NORMAL,0,3,1,6,127,375,0,750,0,0,0,0,0,0,0
288839,5,bully,3272,1,42,6085975,375,749,2250,4494,1,1,285567,3272,0,43,0,0,0,NORMAL,0,3,1,7,121,375,0,749,0,0,0,0,0,0,0
288593,10,bully,3021,1,42,6075531,375,372,2250,2232,1,1,285572,3021,0,43,0,0,0,NORMAL,0,3,1,7,85,375,0,372,0,0,0,0,0,0,0
288287,6,bully,2715,1,42,6062679,375,749,2250,4494,1,1,285572,2715,0,43,0,0,0,NORMAL,0,3,1,7,110,375,0,749,0,0,0,0,0,0,0
288530,1,bully,2966,1,42,6073016,375,374,2250,2244,1,1,285564,2966,0,43,0,0,0,LEADER,1,4,1,7,42,375,0,374,0,0,0,0,0,0,0
289147,9,bully,3578,1,42,6098882,375,376,2250,2256,2,1,285569,3578,0,43,0,0,0,NORMAL,0,3,1,6,129,375,0,376,0,0,0,0,0,0,0
288729,7,bully,3157,1,42,6081243,375,752,2250,4512,1,1,285572,3157,0,43,0,0,0,NORMAL,0,3,1,6,127,375,0,752,0,0,0,0,0,0,0
288981,2,bully,3409,1,42,6091827,375,753,2250,4518,1,1,285572,3409,0,43,0,0,0,NORMAL,0,3,1,6,125,375,0,753,0,0,0,0,0,0,0
290726,3,bully,2851,1,42,6068391,378,753,2268,4518,1,1,287875,2851,0,43,0,0,0,NORMAL,0,3,1,9,126,378,0,753,0,0,0,0,0,0,0
291011,8,bully,3136,1,42,6080361,378,754,2268,4524,2,1,287875,3136,0,43,0,0,0,NORMAL,0,3,1,9,128,378,0,754,0,0,0,0,0,0,0
291169,4,bully,3294,1,42,6086997,378,756,2268,4536,1,1,287875,3294,0,43,0,0,0,NORMAL,0,3,1,9,127,378,0,756,0,0,0,0,0,0,0
291142,5,bully,3272,1,42,6085975,378,755,2268,4530,1,1,287870,3272,0,43,0,0,0,NORMAL,0,3,1,10,121,378,0,755,0,0,0,0,0,0,0
290896,10,bully,3021,1,42,6075531,378,375,2268,2250,1,1,287875,3021,0,43,0,0,0,NORMAL,0,3,1,10,85,378,0,375,0,0,0,0,0,0,0
290590,6,bully,2715,1,42,6062679,378,755,2268,4530,1,1,287875,2715,0,43,0,0,0,NORMAL,0,3,1,10,110,378,0,755,0,0,0,0,0,0,0
290832,1,bully,2966,1,42,6073016,378,377,2268,2262,1,1,287866,2966,0,43,0,0,0,LEADER,1,4,1,10,42,378,0,377,0,0,0,0,0,0,0
291450,9,bully,3578,1,42,6098882,378,379,2268,2274,2,1,287872,3578,0,43,0,0,0,NORMAL,0,3,1,9,129,378,0,379,0,0,0,0,0,0,0
291032,7,bully,3157,1,42,6081243,378,758,2268,4548,1,1,287875,3157,0,43,0,0,0,NORMAL,0,3,1,9,127,378,0,758,0,0,0,0,0,0,0
291284,2,bully,3409,1,42,6091827,378,759,2268,4554,1,1,287875,3409,0,43,0,0,0,NORMAL,0,3,1,9,125,378,0,759,0,0,0,0,0,0,0
293029,3,bully,2851,1,43,6361420,381,759,2286,4554,1,1,290178,2851,0,44,0,0,0,NORMAL,0,3,2,3,129,381,0,759,0,0,0,0,0,0,0
293314,8,bully,3136,1,43,6373675,381,760,2286,4560,2,1,290178,3136,0,44,0,0,0,NORMAL,0,3,2,3,131,381,0,760,0,0,0,0,0,0,0
293472,4,bully,3294,1,43,6380469,381,762,2286,4572,1,1,290178,3294,0,44,0,0,0,NORMAL,0,3,2,3,130,381,0,762,0,0,0,0,0,0,0
293445,5,bully,3272,1,43,6379420,381,761,2286,4566,1,1,290173,3272,0,44,0,0,0,NORMAL,0,3,2,4,124,381,0,761,0,0,0,0,0,0,0
293199,10,bully,3021,1,43,6368730,381,378,2286,2268,1,1,290178,3021,0,44,0,0,0,NORMAL,0,3,2,4,87,381,0,378,0,0,0,0,0,0,0
292893,6,bully,2715,1,43,6355572,381,761,2286,4566,1,1,290178,2715,0,44,0,0,0,NORMAL,0,3,2,4,112,381,0,761,0,0,0,0,0,0,0
293135,1,bully,2966,1,43,6366151,381,380,2286,2280,1,1,290169,2966,0,44,0,0,0,LEADER,1,4,1,4,43,381,0,380,0,0,0,0,0,0,0
293753,9,bully,3578,1,43,6392635,381,382,2286,2292,2,1,290175,3578,0,44,0,0,0,NORMAL,0,3,2,3,132,381,0,382,0,0,0,0,0,0,0
293335,7,bully,3157,1,43,6374578,381,764,2286,4584,1,1,290178,3157,0,44,0,0,0,NORMAL,0,3,2,3,130,381,0,764,0,0,0,0,0,0,0
293587,2,bully,3409,1,43,6385414,381,765,2286,4590,1,1,290178,3409,0,44,0,0,0,NORMAL,0,3,2,3,128,381,0,765,0,0,0,0,0,0,0
295332,3,bully,2851,1,43,6361420,384,765,2304,4590,1,1,292481,2851,0,44,0,0,0,NORMAL,0,3,1,6,129,384,0,765,0,0,0,0,0,0,0
295617,8,bully,3136,1,43,6373675,384,766,2304,4596,2,1,292481,3136,0,44,0,0,0,NORMAL,0,3,1,6,131,384,0,766,0,0,0,0,0,0,0
295775,4,bully,3294,1,43,6380469,384,768,2304,4608,1,1,292481,3294,0,44,0,0,0,NORMAL,0,3,1,6,130,384,0,768,0,0,0,0,0,0,0
295748,5,bully,3272,1,43,6379420,384,767,2304,4602,1,1,292476,3272,0,44,0,0,0,NORMAL,0,3,1,7,124,384,0,767,0,0,0,0,0,0,0
295502,10,bully,3021,1,43,6368730,384,381,2304,2286,1,1,292481,3021,0,44,0,0,0,NORMAL,0,3,1,7,87,384,0,381,0,0,0,0,0,0,0
295196,6,bully,2715,1,43,6355572,384,767,2304,4602,1,1,292481,2715,0,44,0,0,0,NORMAL,0,3,1,7,112,384,0,767,0,0,0,0,0,0,0
295438,1,bully,2966,1,43,6366151,384,383,2304,2298,1,1,292472,2966,0,44,0,0,0,LEADER,1,4,1,7,43,384,0,383,0,0,0,0,0,0,0
296056,9,bully,3578,1,43,6392635,384,385,2304,2310,2,1,292478,3578,0,44,0,0,0,NORMAL,0,3,1,6,132,384,0,385,0,0,0,0,0,0,0
295638,7,bully,3157,1,43,6374578,384,770,2304,4620,1,1,292481,3157,0,44,0,0,0,NORMAL,0,3,1,6,130,384,0,770,0,0,0,0,0,0,0
295890,2,bully,3409,1,43,6385414,384,771,2304,4626,1,1,292481,3409,0,44,0,0,0,NORMAL,0,3,1,6,128,384,0,771,0,0,0,0,0,0,0
297635,3,bully,2851,1,43,6361420,387,771,2322,4626,1,1,294784,2851,0,44,0,0,0,NORMAL,0,3,1,9,129,387,0,771,0,0,0,0,0,0,0
297920,8,bully,3136,1,43,6373675,387,772,2322,4632,2,1,294784,3136,0,44,0,0,0,NORMAL,0,3,1,9,131,387,0,772,0,0,0,0,0,0,0
298078,4,bully,3294,1,43,6380469,387,774,2322,4644,1,1,294784,3294,0,44,0,0,0,NORMAL,0,3,1,9,130,387,0,774,0,0,0,0,0,0,0
298051,5,bully,3272,1,43,6379420,387,774,2322,4644,1,1,294779,3272,0,44,0,0,0,NORMAL,0,3,1,10,124,387,0,774,0,0,0,0,0,0,0
297805,10,bully,3021,1,43,6368730,387,384,2322,2304,1,1,294784,3021,0,44,0,0,0,NORMAL,0,3,1,10,87,387,0,384,0,0,0,0,0,0,0
297499,6,bully,2715,1,43,6355572,387,773,2322,4638,1,1,294784,2715,0,44,0,0,0,NORMAL,0,3,1,10,112,387,0,773,0,0,0,0,0,0,0
297739,1,bully,2966,1,43,6366151,387,386,2322,2316,1,1,294773,2966,0,44,0,0,0,LEADER,1,4,1,10,43,387,0,386,0,0,0,0,0,0,0
298359,9,bully,3578,1,43,6392635,387,388,2322,2328,2,1,294781,3578,0,44,0,0,0,NORMAL,0,3,1,9,132,387,0,388,0,0,0,0,0,0,0
297941,7,bully,3157,1,43,6374578,387,776,2322,4656,1,1,294784,3157,0,44,0,0,0,NORMAL,0,3,1,9,130,387,0,776,0,0,0,0,0,0,0
298193,2,bully,3409,1,43,6385414,387,777,2322,4662,1,1,294784,3409,0,44,0,0,0,NORMAL,0,3,1,9,128,387,0,777,0,0,0,0,0,0,0
299938,3,bully,2851,1,44,6661358,390,777,2340,4662,1,1,297087,2851,0,45,0,0,0,NORMAL,0,3,2,3,132,390,0,777,0,0,0,0,0,0,0
